timestamp_s,foot_ax,foot_ay,foot_az,foot_gx,foot_gy,foot_gz,foot_qi,foot_qj,foot_qk,foot_qr,shank_ax,shank_ay,shank_az,shank_gx,shank_gy,shank_gz,shank_qi,shank_qj,shank_qk,shank_qr,ankle_encoder_deg,toe_fsr_raw,heel_fsr_raw
0.002028001000326185,,,,,,,,,,,,,,,,,,,,,,,
0.010066949000247405,,,,,,,,,,,,,,,,,,,,,79.98046875,,
0.02006605499991565,,,,,,,,,,,7.66015625,0.89453125,0.72265625,0.0,0.0,0.0,-0.02740478515625,-0.74884033203125,0.03387451171875,0.66131591796875,79.716796875,3,0
0.030066441000599298,,,,,,,,,,,7.66015625,0.89453125,0.72265625,0.0,0.0,0.0,-0.02740478515625,-0.74884033203125,0.03387451171875,0.66131591796875,79.716796875,3,0
0.040061546999822895,2.70703125,-4.87109375,-1.5078125,-0.05859375,0.28125,1.24609375,-0.1611328125,-0.7271728515625,0.15106201171875,0.64996337890625,7.66015625,0.89453125,0.72265625,0.0,0.0,0.0,-0.02740478515625,-0.74884033203125,0.03387451171875,0.66131591796875,79.716796875,3,26081
0.050065356999766664,9.72265625,-5.2890625,-0.6640625,-0.05859375,0.28125,1.24609375,-0.1611328125,-0.7271728515625,0.15106201171875,0.64996337890625,7.66015625,0.89453125,0.72265625,0.0,0.0,0.0,-0.02740478515625,-0.74884033203125,0.03387451171875,0.66131591796875,79.8046875,3,26081
0.060065198999836866,9.72265625,-5.2890625,-0.6640625,-0.05859375,0.28125,1.24609375,-0.1611328125,-0.7271728515625,0.15106201171875,0.64996337890625,8.5,1.8515625,-1.61328125,-0.48828125,0.00390625,-1.376953125,-0.00982666015625,-0.74932861328125,0.00872802734375,0.662109375,79.892578125,3,25840
0.07007076900026732,12.2421875,-5.328125,-2.92578125,-0.05859375,0.28125,1.24609375,-0.1611328125,-0.7271728515625,0.15106201171875,0.64996337890625,8.5,1.8515625,-1.61328125,-0.48828125,0.00390625,-1.376953125,-0.00982666015625,-0.74932861328125,0.00872802734375,0.662109375,79.98046875,4,25840
0.08005966700056888,12.2421875,-5.328125,-2.92578125,-0.05859375,0.28125,1.24609375,-0.1611328125,-0.7271728515625,0.15106201171875,0.64996337890625,8.5,1.8515625,-1.61328125,-0.48828125,0.00390625,-1.376953125,-0.00982666015625,-0.74932861328125,0.00872802734375,0.662109375,80.068359375,4,25628
0.09007461400051398,12.2421875,-5.328125,-2.92578125,-0.298828125,-0.06640625,-0.2734375,-0.42242431640625,-0.63800048828125,0.48370361328125,0.42498779296875,8.42578125,6.640625,-3.453125,-0.76953125,-0.064453125,-0.513671875,-0.00543212890625,-0.74981689453125,-0.01220703125,0.6614990234375,80.244140625,4,25628
0.10006485499980045,8.98828125,-4.79296875,-2.38671875,-0.298828125,-0.06640625,-0.2734375,-0.42242431640625,-0.63800048828125,0.48370361328125,0.42498779296875,8.42578125,6.640625,-3.453125,-0.76953125,-0.064453125,-0.513671875,-0.00543212890625,-0.74981689453125,-0.01220703125,0.6614990234375,80.33203125,4,25966
0.11007541700018919,8.98828125,-4.79296875,-2.38671875,-0.298828125,-0.06640625,-0.2734375,-0.42242431640625,-0.63800048828125,0.48370361328125,0.42498779296875,9.375,-4.0859375,-2.6484375,-0.263671875,0.05859375,-0.580078125,-0.00543212890625,-0.74981689453125,-0.01220703125,0.6614990234375,80.419921875,1714,25966
0.12008226699981606,8.98828125,-4.79296875,-2.38671875,-0.298828125,-0.06640625,-0.2734375,-0.42242431640625,-0.63800048828125,0.48370361328125,0.42498779296875,9.375,-4.0859375,-2.6484375,-0.263671875,0.05859375,-0.580078125,-0.004150390625,-0.7491455078125,-0.02587890625,0.66192626953125,80.68359375,1714,25912
0.1300648269998419,9.48828125,-4.5625,-1.16015625,-0.1171875,0.005859375,-0.3203125,-0.42022705078125,-0.6419677734375,0.4788818359375,0.426513671875,9.375,-4.0859375,-2.6484375,-0.263671875,0.05859375,-0.580078125,-0.004150390625,-0.7491455078125,-0.02587890625,0.66192626953125,80.771484375,3641,25912
0.14007804500033672,9.48828125,-4.5625,-1.16015625,-0.1171875,0.005859375,-0.3203125,-0.42022705078125,-0.6419677734375,0.4788818359375,0.426513671875,9.375,-4.0859375,-2.6484375,-0.263671875,0.05859375,-0.580078125,-0.004150390625,-0.7491455078125,-0.02587890625,0.66192626953125,80.947265625,3641,26166
0.15006531000017276,9.48828125,-4.5625,-1.16015625,-0.1171875,0.005859375,-0.3203125,-0.42022705078125,-0.6419677734375,0.4788818359375,0.426513671875,9.41796875,0.20703125,-0.34765625,-0.169921875,-0.08984375,-0.46875,-0.004150390625,-0.7491455078125,-0.02587890625,0.66192626953125,81.03515625,4935,26166
0.1600745920004556,9.48828125,-4.5625,-1.16015625,-0.1171875,0.005859375,-0.3203125,-0.42022705078125,-0.6419677734375,0.4788818359375,0.426513671875,9.41796875,0.20703125,-0.34765625,-0.169921875,-0.08984375,-0.46875,0.02264404296875,-0.760009765625,-0.0662841796875,0.6461181640625,81.2109375,4935,25902
0.17006531300012284,9.48828125,-4.5625,-1.16015625,-0.1171875,0.005859375,-0.3203125,-0.42022705078125,-0.6419677734375,0.4788818359375,0.426513671875,9.41796875,0.20703125,-0.34765625,-0.169921875,-0.08984375,-0.46875,0.02264404296875,-0.760009765625,-0.0662841796875,0.6461181640625,81.298828125,6333,25902
0.18007232299987663,9.9453125,-3.796875,-1.546875,-0.10546875,-0.021484375,-0.21484375,-0.4178466796875,-0.645263671875,0.4757080078125,0.42742919921875,9.953125,1.203125,-2.9921875,-0.169921875,-0.08984375,-0.46875,0.02264404296875,-0.760009765625,-0.0662841796875,0.6461181640625,81.38671875,7342,6333
0.19006771600015782,9.9453125,-3.796875,-1.546875,-0.10546875,-0.021484375,-0.21484375,-0.4178466796875,-0.645263671875,0.4757080078125,0.42742919921875,9.953125,1.203125,-2.9921875,-0.169921875,-0.08984375,-0.46875,0.02264404296875,-0.760009765625,-0.0662841796875,0.6461181640625,81.38671875,7342,6333
0.20007165400056692,10.21484375,-3.3359375,-1.62109375,-0.103515625,0.033203125,-0.20703125,-0.4178466796875,-0.645263671875,0.4757080078125,0.42742919921875,9.953125,1.203125,-2.9921875,-0.169921875,-0.08984375,-0.46875,0.02264404296875,-0.760009765625,-0.0662841796875,0.6461181640625,81.474609375,7342,26118
0.21006320700053038,10.21484375,-3.3359375,-1.62109375,-0.103515625,0.033203125,-0.20703125,-0.41619873046875,-0.64776611328125,0.47247314453125,0.42889404296875,9.99609375,1.1640625,-2.37890625,-0.173828125,0.013671875,-0.33984375,0.0260009765625,-0.75970458984375,-0.07366943359375,0.64556884765625,81.5625,7874,26118
0.22006695300024148,10.25390625,-2.9921875,-1.62109375,-0.103515625,0.033203125,-0.20703125,-0.41619873046875,-0.64776611328125,0.47247314453125,0.42889404296875,9.99609375,1.1640625,-2.37890625,-0.173828125,0.013671875,-0.33984375,0.0260009765625,-0.75970458984375,-0.07366943359375,0.64556884765625,81.5625,8161,25786
0.23007703500024945,10.25390625,-2.9921875,-1.62109375,-0.103515625,0.033203125,-0.20703125,-0.41619873046875,-0.64776611328125,0.47247314453125,0.42889404296875,9.99609375,1.1640625,-2.37890625,-0.173828125,0.013671875,-0.33984375,0.0260009765625,-0.75970458984375,-0.07366943359375,0.64556884765625,81.650390625,8161,25786
0.2400610989998313,10.25390625,-2.9921875,-1.62109375,-0.103515625,0.033203125,-0.20703125,-0.41619873046875,-0.64776611328125,0.47247314453125,0.42889404296875,9.99609375,1.1640625,-2.37890625,-0.173828125,0.013671875,-0.33984375,0.0260009765625,-0.75970458984375,-0.07366943359375,0.64556884765625,81.650390625,8161,25850
0.25007166100022005,10.25390625,-2.9921875,-1.62109375,-0.103515625,0.033203125,-0.20703125,-0.41619873046875,-0.64776611328125,0.47247314453125,0.42889404296875,9.9140625,1.35546875,-1.91796875,-0.12890625,0.01953125,-0.267578125,0.02850341796875,-0.75909423828125,-0.0797119140625,0.64544677734375,81.650390625,9244,25850
0.26008100699982606,10.1015625,-3.22265625,-1.390625,-0.091796875,0.0390625,-0.19140625,-0.41485595703125,-0.6500244140625,0.46905517578125,0.43048095703125,9.9140625,1.35546875,-1.91796875,-0.12890625,0.01953125,-0.267578125,0.02850341796875,-0.75909423828125,-0.0797119140625,0.64544677734375,81.650390625,9244,25511
0.2700732000002972,10.1015625,-3.22265625,-1.390625,-0.091796875,0.0390625,-0.19140625,-0.41485595703125,-0.6500244140625,0.46905517578125,0.43048095703125,9.9921875,0.85546875,-1.91796875,-0.181640625,0.025390625,-0.216796875,0.02850341796875,-0.75909423828125,-0.0797119140625,0.64544677734375,81.73828125,9378,25511
0.28007368199996563,10.1015625,-3.22265625,-1.390625,-0.091796875,0.0390625,-0.19140625,-0.41485595703125,-0.6500244140625,0.46905517578125,0.43048095703125,9.9921875,0.85546875,-1.91796875,-0.181640625,0.025390625,-0.216796875,0.02978515625,-0.75836181640625,-0.08514404296875,0.64556884765625,81.73828125,9378,25194
0.2900707710005008,10.02734375,-3.2578125,-1.58203125,-0.11328125,0.046875,-0.189453125,-0.4136962890625,-0.6522216796875,0.4656982421875,0.43194580078125,9.9921875,0.85546875,-1.91796875,-0.181640625,0.025390625,-0.216796875,0.02978515625,-0.75836181640625,-0.08514404296875,0.64556884765625,81.826171875,10351,25194
0.3000629640000625,10.02734375,-3.2578125,-1.58203125,-0.11328125,0.046875,-0.189453125,-0.4136962890625,-0.6522216796875,0.4656982421875,0.43194580078125,9.99609375,0.6640625,-1.99609375,-0.181640625,0.025390625,-0.216796875,0.02978515625,-0.75836181640625,-0.08514404296875,0.64556884765625,81.826171875,11208,25303
0.31007022999983747,10.02734375,-3.2578125,-1.58203125,-0.11328125,0.046875,-0.189453125,-0.4136962890625,-0.6522216796875,0.4656982421875,0.43194580078125,9.99609375,0.6640625,-1.99609375,-0.181640625,0.025390625,-0.216796875,0.02978515625,-0.75836181640625,-0.08514404296875,0.64556884765625,81.9140625,11208,25303
0.3200631270001395,10.02734375,-3.2578125,-1.58203125,-0.11328125,0.046875,-0.189453125,-0.4136962890625,-0.6522216796875,0.4656982421875,0.43194580078125,9.99609375,0.6640625,-1.99609375,-0.181640625,0.025390625,-0.216796875,0.02978515625,-0.75836181640625,-0.08514404296875,0.64556884765625,81.9140625,11208,25252
0.330070777000401,10.02734375,-3.2578125,-1.58203125,-0.11328125,0.046875,-0.189453125,-0.4136962890625,-0.6522216796875,0.4656982421875,0.43194580078125,9.99609375,0.6640625,-1.99609375,-0.234375,0.033203125,-0.25390625,0.030517578125,-0.7574462890625,-0.09161376953125,0.64569091796875,82.001953125,11662,25252
0.34006191400021635,9.984375,-3.56640625,-1.46875,-0.115234375,0.056640625,-0.181640625,-0.412841796875,-0.6544189453125,0.4620361328125,0.433349609375,10.3359375,-0.25390625,-2.07421875,-0.234375,0.033203125,-0.25390625,0.030517578125,-0.7574462890625,-0.09161376953125,0.64569091796875,82.08984375,11662,25083
0.35007193199999165,9.984375,-3.56640625,-1.46875,-0.115234375,0.056640625,-0.181640625,-0.412841796875,-0.6544189453125,0.4620361328125,0.433349609375,10.3359375,-0.25390625,-2.07421875,-0.234375,0.033203125,-0.25390625,0.030517578125,-0.7574462890625,-0.09161376953125,0.64569091796875,82.08984375,11662,25083
0.3600650529997438,10.06640625,-3.6796875,-1.8125,-0.123046875,0.103515625,-0.26171875,-0.412841796875,-0.6544189453125,0.4620361328125,0.433349609375,10.3359375,-0.25390625,-2.07421875,-0.234375,0.033203125,-0.25390625,0.030517578125,-0.7574462890625,-0.09161376953125,0.64569091796875,82.177734375,13141,25083
0.370078239000577,10.06640625,-3.6796875,-1.8125,-0.123046875,0.103515625,-0.26171875,-0.4114990234375,-0.65667724609375,0.45770263671875,0.435791015625,10.49609375,0.08984375,-2.3046875,-0.173828125,0.05859375,-0.361328125,0.03326416015625,-0.7562255859375,-0.0986328125,0.64599609375,82.265625,13141,24755
0.3800634879999052,10.21484375,-3.48828125,-1.5078125,-0.123046875,0.103515625,-0.26171875,-0.4114990234375,-0.65667724609375,0.45770263671875,0.435791015625,10.49609375,0.08984375,-2.3046875,-0.173828125,0.05859375,-0.361328125,0.03326416015625,-0.7562255859375,-0.0986328125,0.64599609375,82.265625,13918,24704
0.39006214599976374,10.21484375,-3.48828125,-1.5078125,-0.123046875,0.103515625,-0.26171875,-0.4114990234375,-0.65667724609375,0.45770263671875,0.435791015625,10.49609375,0.08984375,-2.3046875,-0.173828125,0.05859375,-0.361328125,0.03326416015625,-0.7562255859375,-0.0986328125,0.64599609375,82.265625,13918,24704
0.4000706269998773,10.21484375,-3.48828125,-1.5078125,-0.115234375,0.103515625,-0.326171875,-0.4114990234375,-0.65667724609375,0.45770263671875,0.435791015625,10.56640625,0.28125,-1.95703125,-0.181640625,0.072265625,-0.390625,0.03326416015625,-0.7562255859375,-0.0986328125,0.64599609375,82.353515625,14286,24704
0.41006730099979904,10.21484375,-3.48828125,-1.5078125,-0.115234375,0.103515625,-0.326171875,-0.4114990234375,-0.65667724609375,0.45770263671875,0.435791015625,10.56640625,0.28125,-1.95703125,-0.181640625,0.072265625,-0.390625,0.03680419921875,-0.75469970703125,-0.1063232421875,0.6463623046875,82.353515625,14286,24343
0.4201091920003819,10.17578125,-3.60546875,-1.66015625,-0.115234375,0.103515625,-0.326171875,-0.40936279296875,-0.659423828125,0.45257568359375,0.4390869140625,10.56640625,0.28125,-1.95703125,-0.181640625,0.072265625,-0.390625,0.03680419921875,-0.75469970703125,-0.1063232421875,0.6463623046875,82.44140625,15277,24343
0.43006659999991825,10.17578125,-3.60546875,-1.66015625,-0.115234375,0.103515625,-0.326171875,-0.40936279296875,-0.659423828125,0.45257568359375,0.4390869140625,10.5625,0.3203125,-2.33984375,-0.16015625,0.11328125,-0.470703125,0.03680419921875,-0.75469970703125,-0.1063232421875,0.6463623046875,82.529296875,15277,24245
0.44007188100022177,10.17578125,-3.60546875,-1.66015625,-0.099609375,0.126953125,-0.33203125,-0.40936279296875,-0.659423828125,0.45257568359375,0.4390869140625,10.5625,0.3203125,-2.33984375,-0.16015625,0.11328125,-0.470703125,0.03680419921875,-0.75469970703125,-0.1063232421875,0.6463623046875,82.705078125,15775,24245
0.45006426600048144,10.17578125,-3.60546875,-1.66015625,-0.099609375,0.126953125,-0.33203125,-0.40936279296875,-0.659423828125,0.45257568359375,0.4390869140625,10.5625,0.3203125,-2.33984375,-0.16015625,0.11328125,-0.470703125,0.0416259765625,-0.752685546875,-0.1142578125,0.64703369140625,82.880859375,15775,23878
0.46007697300046857,10.140625,-3.18359375,-1.546875,-0.099609375,0.126953125,-0.33203125,-0.40673828125,-0.662109375,0.447021484375,0.44305419921875,10.3359375,-0.63671875,-1.765625,-0.16015625,0.11328125,-0.470703125,0.0416259765625,-0.752685546875,-0.1142578125,0.64703369140625,83.14453125,16834,23878
0.47006266900007176,10.140625,-3.18359375,-1.546875,-0.099609375,0.126953125,-0.33203125,-0.40673828125,-0.662109375,0.447021484375,0.44305419921875,10.3359375,-0.63671875,-1.765625,-0.041015625,0.140625,-0.765625,0.0416259765625,-0.752685546875,-0.1142578125,0.64703369140625,83.3203125,16834,23673
0.4800691350001216,10.140625,-3.18359375,-1.546875,-0.099609375,0.126953125,-0.33203125,-0.40673828125,-0.662109375,0.447021484375,0.44305419921875,10.3359375,-0.63671875,-1.765625,-0.041015625,0.140625,-0.765625,0.0416259765625,-0.752685546875,-0.1142578125,0.64703369140625,83.49609375,16946,23673
0.4900706730004458,10.17578125,-3.3359375,-1.4296875,-0.033203125,0.142578125,-0.412109375,-0.40673828125,-0.662109375,0.447021484375,0.44305419921875,10.3359375,-0.63671875,-1.765625,-0.041015625,0.140625,-0.765625,0.0416259765625,-0.752685546875,-0.1142578125,0.64703369140625,83.759765625,16946,23441
0.5000867710004968,10.17578125,-3.3359375,-1.4296875,-0.033203125,0.142578125,-0.412109375,-0.4031982421875,-0.6644287109375,0.44189453125,0.44793701171875,10.5234375,-0.0234375,-2.07421875,-0.041015625,0.140625,-0.765625,0.0518798828125,-0.7501220703125,-0.12408447265625,0.6474609375,84.0234375,17981,23441
0.5100655870000992,10.17578125,-3.3359375,-1.4296875,-0.033203125,0.142578125,-0.412109375,-0.4031982421875,-0.6644287109375,0.44189453125,0.44793701171875,10.5234375,-0.0234375,-2.07421875,-0.041015625,0.140625,-0.765625,0.0518798828125,-0.7501220703125,-0.12408447265625,0.6474609375,84.19921875,17981,23441
0.5201067429998147,10.17578125,-3.3359375,-1.4296875,-0.033203125,0.142578125,-0.412109375,-0.4031982421875,-0.6644287109375,0.44189453125,0.44793701171875,10.18359375,0.85546875,-1.7265625,0.005859375,0.171875,-0.8984375,0.0518798828125,-0.7501220703125,-0.12408447265625,0.6474609375,84.462890625,17981,22588
0.5300337810003839,10.0625,-3.06640625,-1.546875,-0.01953125,0.13671875,-0.529296875,-0.3978271484375,-0.6673583984375,0.4359130859375,0.4542236328125,10.18359375,0.85546875,-1.7265625,0.005859375,0.171875,-0.8984375,0.0653076171875,-0.7469482421875,-0.1351318359375,0.647705078125,84.7265625,18551,22588
0.5400827450002907,10.0625,-3.06640625,-1.546875,-0.01953125,0.13671875,-0.529296875,-0.3978271484375,-0.6673583984375,0.4359130859375,0.4542236328125,10.18359375,0.85546875,-1.7265625,0.005859375,0.171875,-0.8984375,0.0653076171875,-0.7469482421875,-0.1351318359375,0.647705078125,84.814453125,18551,21608
0.5500626490002105,10.0625,-3.06640625,-1.546875,-0.01953125,0.13671875,-0.529296875,-0.3978271484375,-0.6673583984375,0.4359130859375,0.4542236328125,10.18359375,0.85546875,-1.7265625,0.005859375,0.171875,-0.8984375,0.0653076171875,-0.7469482421875,-0.1351318359375,0.647705078125,84.990234375,18620,21608
0.5601022050004758,9.984375,-2.9140625,-1.31640625,-0.015625,0.189453125,-0.71484375,-0.3978271484375,-0.6673583984375,0.4359130859375,0.4542236328125,10.18359375,0.85546875,-1.7265625,0.005859375,0.171875,-0.8984375,0.0653076171875,-0.7469482421875,-0.1351318359375,0.647705078125,85.078125,18620,21057
0.5700653399999283,9.984375,-2.9140625,-1.31640625,-0.015625,0.189453125,-0.71484375,-0.3978271484375,-0.6673583984375,0.4359130859375,0.4542236328125,10.30078125,0.97265625,-2.1875,-0.037109375,0.212890625,-0.9921875,0.08013916015625,-0.742919921875,-0.147705078125,0.64801025390625,85.166015625,19292,21057
0.5800759980002113,10.14453125,-2.875,-1.8125,-0.015625,0.189453125,-0.71484375,-0.39056396484375,-0.67108154296875,0.4285888671875,0.46197509765625,10.30078125,0.97265625,-2.1875,-0.037109375,0.212890625,-0.9921875,0.08013916015625,-0.742919921875,-0.147705078125,0.64801025390625,85.25390625,19292,19492
0.5900691189999634,10.14453125,-2.875,-1.8125,-0.015625,0.189453125,-0.71484375,-0.39056396484375,-0.67108154296875,0.4285888671875,0.46197509765625,10.4140625,0.89453125,-2.6484375,-0.111328125,0.267578125,-1.11328125,0.08013916015625,-0.742919921875,-0.147705078125,0.64801025390625,85.25390625,19651,19492
0.6000714250003512,10.14453125,-2.875,-1.8125,-0.04296875,0.326171875,-1.05078125,-0.39056396484375,-0.67108154296875,0.4285888671875,0.46197509765625,10.4140625,0.89453125,-2.6484375,-0.111328125,0.267578125,-1.11328125,0.08013916015625,-0.742919921875,-0.147705078125,0.64801025390625,85.25390625,19651,18480
0.6100680019999345,10.14453125,-2.875,-1.8125,-0.04296875,0.326171875,-1.05078125,-0.39056396484375,-0.67108154296875,0.4285888671875,0.46197509765625,10.4140625,0.89453125,-2.6484375,-0.111328125,0.267578125,-1.11328125,0.08013916015625,-0.742919921875,-0.147705078125,0.64801025390625,85.25390625,20303,18480
0.6200734760004707,10.67578125,-2.37890625,-1.5078125,-0.04296875,0.326171875,-1.05078125,-0.3804931640625,-0.67596435546875,0.41693115234375,0.4737548828125,10.76171875,1.890625,-2.1484375,-0.111328125,0.267578125,-1.11328125,0.095703125,-0.73736572265625,-0.16265869140625,0.64862060546875,85.341796875,20303,17290
0.6300698929999271,10.67578125,-2.37890625,-1.5078125,-0.04296875,0.326171875,-1.05078125,-0.3804931640625,-0.67596435546875,0.41693115234375,0.4737548828125,10.76171875,1.890625,-2.1484375,-0.111328125,0.267578125,-1.11328125,0.095703125,-0.73736572265625,-0.16265869140625,0.64862060546875,85.25390625,20816,17290
0.6400622460005252,10.67578125,-2.37890625,-1.5078125,-0.04296875,0.326171875,-1.05078125,-0.3804931640625,-0.67596435546875,0.41693115234375,0.4737548828125,10.76171875,1.890625,-2.1484375,-0.111328125,0.267578125,-1.11328125,0.095703125,-0.73736572265625,-0.16265869140625,0.64862060546875,85.25390625,20816,17065
0.650064743999792,11.6328125,-2.72265625,-1.66015625,-0.078125,0.3671875,-1.25390625,-0.36785888671875,-0.68212890625,0.4013671875,0.4881591796875,10.76171875,1.890625,-2.1484375,-0.265625,0.32421875,-1.21484375,0.111328125,-0.73016357421875,-0.18084716796875,0.64947509765625,85.25390625,21540,17065
0.6600659940004334,11.6328125,-2.72265625,-1.66015625,-0.078125,0.3671875,-1.25390625,-0.36785888671875,-0.68212890625,0.4013671875,0.4881591796875,11.2578125,1.96875,-2.265625,-0.265625,0.32421875,-1.21484375,0.111328125,-0.73016357421875,-0.18084716796875,0.64947509765625,85.25390625,22272,16179
0.6701202700005524,11.4765625,-3.22265625,-1.58203125,-0.0546875,0.44921875,-1.462890625,-0.36785888671875,-0.68212890625,0.4013671875,0.4881591796875,11.2578125,1.96875,-2.265625,-0.265625,0.32421875,-1.21484375,0.111328125,-0.73016357421875,-0.18084716796875,0.64947509765625,85.166015625,22272,16179
0.6800619320001715,11.4765625,-3.22265625,-1.58203125,-0.0546875,0.44921875,-1.462890625,-0.36785888671875,-0.68212890625,0.4013671875,0.4881591796875,11.2578125,1.96875,-2.265625,-0.265625,0.32421875,-1.21484375,0.111328125,-0.73016357421875,-0.18084716796875,0.64947509765625,85.166015625,22272,15269
0.6900755030001164,11.4765625,-3.22265625,-1.58203125,-0.0546875,0.44921875,-1.462890625,-0.36785888671875,-0.68212890625,0.4013671875,0.4881591796875,11.30078125,1.046875,-2.03515625,-0.24609375,0.3515625,-1.369140625,0.12872314453125,-0.72161865234375,-0.20111083984375,0.64984130859375,85.078125,22996,15269
0.7000648160001219,11.55859375,-3.06640625,-1.73828125,-0.0546875,0.44921875,-1.462890625,-0.35272216796875,-0.68853759765625,0.38287353515625,0.50482177734375,11.30078125,1.046875,-2.03515625,-0.24609375,0.3515625,-1.369140625,0.12872314453125,-0.72161865234375,-0.20111083984375,0.64984130859375,84.990234375,22996,13735
0.7100796020004054,11.55859375,-3.06640625,-1.73828125,-0.0546875,0.44921875,-1.462890625,-0.35272216796875,-0.68853759765625,0.38287353515625,0.50482177734375,11.296875,0.703125,-1.91796875,-0.05859375,0.349609375,-1.60546875,0.12872314453125,-0.72161865234375,-0.20111083984375,0.64984130859375,84.90234375,23405,13735
0.720061873999839,11.55859375,-3.06640625,-1.73828125,-0.0546875,0.44921875,-1.462890625,-0.35272216796875,-0.68853759765625,0.38287353515625,0.50482177734375,11.296875,0.703125,-1.91796875,-0.05859375,0.349609375,-1.60546875,0.12872314453125,-0.72161865234375,-0.20111083984375,0.64984130859375,84.814453125,23405,11609
0.7300849809998908,11.55859375,-3.06640625,-1.73828125,0.044921875,0.447265625,-1.791015625,-0.3319091796875,-0.695556640625,0.3624267578125,0.52410888671875,11.296875,0.703125,-1.91796875,-0.05859375,0.349609375,-1.60546875,0.12872314453125,-0.72161865234375,-0.20111083984375,0.64984130859375,84.638671875,23845,11609
0.7400645970001278,12.0546875,-2.9140625,-1.66015625,0.044921875,0.447265625,-1.791015625,-0.3319091796875,-0.695556640625,0.3624267578125,0.52410888671875,11.140625,1.203125,-2.03515625,-0.05859375,0.349609375,-1.60546875,0.15118408203125,-0.71234130859375,-0.22149658203125,0.6485595703125,84.462890625,23845,9265
0.7500779440006227,12.0546875,-2.9140625,-1.66015625,0.044921875,0.447265625,-1.791015625,-0.3319091796875,-0.695556640625,0.3624267578125,0.52410888671875,11.140625,1.203125,-2.03515625,-0.05859375,0.349609375,-1.60546875,0.15118408203125,-0.71234130859375,-0.22149658203125,0.6485595703125,84.375,24167,6173
0.7600648560000991,12.0546875,-2.9140625,-1.66015625,0.044921875,0.447265625,-1.791015625,-0.3319091796875,-0.695556640625,0.3624267578125,0.52410888671875,11.140625,1.203125,-2.03515625,-0.05859375,0.349609375,-1.60546875,0.15118408203125,-0.71234130859375,-0.22149658203125,0.6485595703125,84.111328125,24167,6173
0.7700737539998954,11.78515625,-2.2265625,-1.5078125,-0.083984375,0.482421875,-2.15625,-0.30694580078125,-0.7039794921875,0.33660888671875,0.544921875,11.140625,1.203125,-2.03515625,-0.15625,0.3125,-1.861328125,0.1766357421875,-0.70159912109375,-0.24554443359375,0.6451416015625,83.84765625,24128,6173
0.7800652750001973,11.78515625,-2.2265625,-1.5078125,-0.083984375,0.482421875,-2.15625,-0.30694580078125,-0.7039794921875,0.33660888671875,0.544921875,10.26171875,1.125,-1.30859375,-0.15625,0.3125,-1.861328125,0.1766357421875,-0.70159912109375,-0.24554443359375,0.6451416015625,83.671875,24128,2803
0.7901036150005893,11.78515625,-2.2265625,-1.5078125,-0.083984375,0.482421875,-2.15625,-0.30694580078125,-0.7039794921875,0.33660888671875,0.544921875,10.26171875,1.125,-1.30859375,-0.15625,0.3125,-1.861328125,0.1766357421875,-0.70159912109375,-0.24554443359375,0.6451416015625,83.49609375,24373,1994
0.8000624940004855,11.78515625,-2.2265625,-1.5078125,-0.083984375,0.482421875,-2.15625,-0.30694580078125,-0.7039794921875,0.33660888671875,0.544921875,10.26171875,1.125,-1.30859375,-0.15625,0.3125,-1.861328125,0.1766357421875,-0.70159912109375,-0.24554443359375,0.6451416015625,83.232421875,24373,1994
0.8100797450006212,11.78515625,-2.2265625,-1.5078125,-0.083984375,0.482421875,-2.15625,-0.30694580078125,-0.7039794921875,0.33660888671875,0.544921875,9.76171875,0.05078125,-1.30859375,-0.337890625,0.1640625,-2.23828125,0.2034912109375,-0.689453125,-0.27606201171875,0.63800048828125,83.056640625,24475,1994
0.8200640330005626,11.90234375,-1.87890625,-1.58203125,-0.298828125,0.51953125,-2.689453125,-0.2762451171875,-0.7149658203125,0.301513671875,0.567138671875,9.76171875,0.05078125,-1.30859375,-0.337890625,0.1640625,-2.23828125,0.2034912109375,-0.689453125,-0.27606201171875,0.63800048828125,82.880859375,24653,762
0.8300599710000824,11.90234375,-1.87890625,-1.58203125,-0.298828125,0.51953125,-2.689453125,-0.2762451171875,-0.7149658203125,0.301513671875,0.567138671875,9.76171875,0.05078125,-1.30859375,-0.337890625,0.1640625,-2.23828125,0.2034912109375,-0.689453125,-0.27606201171875,0.63800048828125,82.705078125,24653,762
0.840075717000218,13.703125,-1.15234375,-1.69921875,-0.388671875,0.404296875,-3.17578125,-0.2762451171875,-0.7149658203125,0.301513671875,0.567138671875,9.76171875,0.05078125,-1.30859375,-0.337890625,0.1640625,-2.23828125,0.2034912109375,-0.689453125,-0.27606201171875,0.63800048828125,82.529296875,24653,620
0.8500782780001828,13.703125,-1.15234375,-1.69921875,-0.388671875,0.404296875,-3.17578125,-0.23870849609375,-0.7275390625,0.25885009765625,0.5888671875,10.33984375,1.23828125,-1.15234375,-0.412109375,0.033203125,-2.818359375,0.2353515625,-0.6744384765625,-0.31512451171875,0.62481689453125,82.353515625,23454,620
0.8600649030004206,16.38671875,-0.65234375,-2.15625,-0.388671875,0.404296875,-3.17578125,-0.23870849609375,-0.7275390625,0.25885009765625,0.5888671875,10.33984375,1.23828125,-1.15234375,-0.412109375,0.033203125,-2.818359375,0.2353515625,-0.6744384765625,-0.31512451171875,0.62481689453125,82.08984375,21698,902
0.8700673370003642,16.38671875,-0.65234375,-2.15625,-0.388671875,0.404296875,-3.17578125,-0.23870849609375,-0.7275390625,0.25885009765625,0.5888671875,10.33984375,1.23828125,-1.15234375,-0.412109375,0.033203125,-2.818359375,0.2353515625,-0.6744384765625,-0.31512451171875,0.62481689453125,81.826171875,21698,902
0.8800933560005433,16.38671875,-0.65234375,-2.15625,-0.388671875,0.404296875,-3.17578125,-0.23870849609375,-0.7275390625,0.25885009765625,0.5888671875,11.6015625,4.03515625,-1.91796875,-0.4765625,-0.0703125,-3.072265625,0.2353515625,-0.6744384765625,-0.31512451171875,0.62481689453125,81.474609375,21698,572
0.8900630200005253,16.38671875,-0.65234375,-2.15625,-0.388671875,0.404296875,-3.17578125,-0.23870849609375,-0.7275390625,0.25885009765625,0.5888671875,11.6015625,4.03515625,-1.91796875,-0.4765625,-0.0703125,-3.072265625,0.26922607421875,-0.65667724609375,-0.35870361328125,0.6063232421875,81.123046875,16920,572
0.9000728769997295,16.38671875,-0.65234375,-2.15625,-0.546875,0.337890625,-3.48046875,-0.19561767578125,-0.7410888671875,0.20867919921875,0.60748291015625,10.03515625,6.71875,-2.76171875,-0.4765625,-0.0703125,-3.072265625,0.26922607421875,-0.65667724609375,-0.35870361328125,0.6063232421875,80.771484375,16920,429
0.9100657429999046,14.81640625,-2.41796875,-0.7421875,-0.546875,0.337890625,-3.48046875,-0.19561767578125,-0.7410888671875,0.20867919921875,0.60748291015625,10.03515625,6.71875,-2.76171875,-0.8125,0.15625,-2.416015625,0.26922607421875,-0.65667724609375,-0.35870361328125,0.6063232421875,80.419921875,6898,429
0.920076336999955,14.81640625,-2.41796875,-0.7421875,-0.599609375,0.49609375,-3.01171875,-0.19561767578125,-0.7410888671875,0.20867919921875,0.60748291015625,10.03515625,6.71875,-2.76171875,-0.8125,0.15625,-2.416015625,0.26922607421875,-0.65667724609375,-0.35870361328125,0.6063232421875,79.98046875,6898,573
0.9300738740002998,14.81640625,-2.41796875,-0.7421875,-0.599609375,0.49609375,-3.01171875,-0.19561767578125,-0.7410888671875,0.20867919921875,0.60748291015625,10.03515625,6.71875,-2.76171875,-0.8125,0.15625,-2.416015625,0.26922607421875,-0.65667724609375,-0.35870361328125,0.6063232421875,79.27734375,1268,573
0.9401946489997499,8.95703125,-3.796875,-1.0078125,-0.599609375,0.49609375,-3.01171875,-0.15753173828125,-0.7486572265625,0.15887451171875,0.62408447265625,5.58984375,4.91796875,-2.2265625,-0.8125,0.15625,-2.416015625,0.2943115234375,-0.6346435546875,-0.39971923828125,0.59228515625,78.837890625,57,549
0.950102390000211,8.95703125,-3.796875,-1.0078125,-0.599609375,0.49609375,-3.01171875,-0.15753173828125,-0.7486572265625,0.15887451171875,0.62408447265625,5.58984375,4.91796875,-2.2265625,-0.8125,0.15625,-2.416015625,0.2943115234375,-0.6346435546875,-0.39971923828125,0.59228515625,78.662109375,57,549
0.9600709980004467,8.95703125,-3.796875,-1.0078125,-0.599609375,0.49609375,-3.01171875,-0.15753173828125,-0.7486572265625,0.15887451171875,0.62408447265625,1.48828125,5.7578125,-1.53515625,-0.888671875,0.255859375,-1.3984375,0.2943115234375,-0.6346435546875,-0.39971923828125,0.59228515625,78.22265625,57,382
0.9700641509998604,4.31640625,-6.40234375,-0.47265625,-0.79296875,0.72265625,-1.697265625,-0.15753173828125,-0.7486572265625,0.15887451171875,0.62408447265625,1.48828125,5.7578125,-1.53515625,-0.888671875,0.255859375,-1.3984375,0.2943115234375,-0.6346435546875,-0.39971923828125,0.59228515625,78.046875,4,382
0.9800914180004838,4.31640625,-6.40234375,-0.47265625,-0.79296875,0.72265625,-1.697265625,-0.13519287109375,-0.74835205078125,0.11962890625,0.63824462890625,1.48828125,5.7578125,-1.53515625,-0.888671875,0.255859375,-1.3984375,0.30584716796875,-0.61517333984375,-0.42755126953125,0.5875244140625,77.87109375,4,120
0.9900607939998736,4.31640625,-6.40234375,-0.47265625,-0.79296875,0.72265625,-1.697265625,-0.13519287109375,-0.74835205078125,0.11962890625,0.63824462890625,1.48828125,5.7578125,-1.53515625,-0.888671875,0.255859375,-1.3984375,0.30584716796875,-0.61517333984375,-0.42755126953125,0.5875244140625,77.6953125,2,120
1.0000707159997546,3.6640625,-9.69921875,0.1796875,0.052734375,0.396484375,0.685546875,-0.13519287109375,-0.74835205078125,0.11962890625,0.63824462890625,1.48828125,5.7578125,-1.53515625,-0.888671875,0.255859375,-1.3984375,0.30584716796875,-0.61517333984375,-0.42755126953125,0.5875244140625,77.607421875,2,225
1.0100660770003742,3.6640625,-9.69921875,0.1796875,0.052734375,0.396484375,0.685546875,-0.14227294921875,-0.74249267578125,0.117919921875,0.64385986328125,2.9453125,4.9140625,-0.9609375,-0.5625,0.580078125,0.84375,0.30584716796875,-0.61517333984375,-0.42755126953125,0.5875244140625,77.607421875,2,225
1.0201334740004313,3.6640625,-9.69921875,0.1796875,0.052734375,0.396484375,0.685546875,-0.14227294921875,-0.74249267578125,0.117919921875,0.64385986328125,2.9453125,4.9140625,-0.9609375,-0.5625,0.580078125,0.84375,0.30584716796875,-0.61517333984375,-0.42755126953125,0.5875244140625,77.6953125,2,810
1.0301251549999506,3.6640625,-9.69921875,0.1796875,0.052734375,0.396484375,0.685546875,-0.14227294921875,-0.74249267578125,0.117919921875,0.64385986328125,1.6796875,0.97265625,-0.5390625,-0.5625,0.580078125,0.84375,0.29583740234375,-0.6046142578125,-0.4296875,0.60186767578125,77.6953125,2,810
1.0400626900000134,3.05078125,-4.6015625,-1.4296875,0.630859375,0.1015625,1.884765625,-0.14227294921875,-0.74249267578125,0.117919921875,0.64385986328125,1.6796875,0.97265625,-0.5390625,-0.5625,0.580078125,0.84375,0.29583740234375,-0.6046142578125,-0.4296875,0.60186767578125,77.783203125,2,1068
1.0500719399997251,3.05078125,-4.6015625,-1.4296875,0.630859375,0.1015625,1.884765625,-0.14227294921875,-0.74249267578125,0.117919921875,0.64385986328125,1.6796875,0.97265625,-0.5390625,0.37890625,0.4921875,1.681640625,0.28497314453125,-0.608154296875,-0.40618896484375,0.61962890625,77.783203125,4,1068
1.0600638770001751,3.890625,-3.83203125,-2.1953125,0.630859375,0.1015625,1.884765625,-0.15972900390625,-0.73358154296875,0.14599609375,0.644287109375,2.0625,2.66015625,0.03515625,0.37890625,0.4921875,1.681640625,0.28497314453125,-0.608154296875,-0.40618896484375,0.61962890625,77.87109375,4,2785
1.070090055000037,3.890625,-3.83203125,-2.1953125,0.630859375,0.1015625,1.884765625,-0.15972900390625,-0.73358154296875,0.14599609375,0.644287109375,2.0625,2.66015625,0.03515625,0.833984375,0.197265625,2.501953125,0.28497314453125,-0.608154296875,-0.40618896484375,0.61962890625,77.87109375,4,2785
1.080065320000358,3.890625,-3.83203125,-2.1953125,0.880859375,-0.169921875,2.697265625,-0.15972900390625,-0.73358154296875,0.14599609375,0.644287109375,2.0625,2.66015625,0.03515625,0.833984375,0.197265625,2.501953125,0.28497314453125,-0.608154296875,-0.40618896484375,0.61962890625,77.958984375,4,3627
1.0900719139999637,3.890625,-3.83203125,-2.1953125,0.880859375,-0.169921875,2.697265625,-0.15972900390625,-0.73358154296875,0.14599609375,0.644287109375,2.0625,2.66015625,0.03515625,0.833984375,0.197265625,2.501953125,0.28497314453125,-0.608154296875,-0.40618896484375,0.61962890625,78.134765625,3,3627
1.1000639140002022,5.1171875,-3.48828125,-2.54296875,0.880859375,-0.169921875,2.697265625,-0.18536376953125,-0.72381591796875,0.190673828125,0.63671875,2.71484375,3.04296875,-0.42578125,0.833984375,0.197265625,2.501953125,0.267822265625,-0.623046875,-0.36700439453125,0.63671875,78.22265625,3,6748
1.1100826680003593,5.1171875,-3.48828125,-2.54296875,0.880859375,-0.169921875,2.697265625,-0.18536376953125,-0.72381591796875,0.190673828125,0.63671875,2.71484375,3.04296875,-0.42578125,0.833984375,0.197265625,2.501953125,0.267822265625,-0.623046875,-0.36700439453125,0.63671875,78.310546875,2,6748
1.1200645879998774,5.1171875,-3.48828125,-2.54296875,0.880859375,-0.169921875,2.697265625,-0.18536376953125,-0.72381591796875,0.190673828125,0.63671875,3.59375,3.9609375,0.1875,1.18359375,-0.09765625,3.41796875,0.267822265625,-0.623046875,-0.36700439453125,0.63671875,78.3984375,2,8262
1.1300980309997612,7.2265625,-3.296875,-3.1171875,1.16015625,-0.76171875,3.681640625,-0.218505859375,-0.7127685546875,0.252197265625,0.61688232421875,3.59375,3.9609375,0.1875,1.18359375,-0.09765625,3.41796875,0.2415771484375,-0.64691162109375,-0.31201171875,0.65252685546875,78.486328125,3,8262
1.1400613260002501,7.2265625,-3.296875,-3.1171875,1.16015625,-0.76171875,3.681640625,-0.218505859375,-0.7127685546875,0.252197265625,0.61688232421875,3.59375,3.9609375,0.1875,1.18359375,-0.09765625,3.41796875,0.2415771484375,-0.64691162109375,-0.31201171875,0.65252685546875,78.57421875,3,11408
1.1500689430004059,7.2265625,-3.296875,-3.1171875,1.16015625,-0.76171875,3.681640625,-0.218505859375,-0.7127685546875,0.252197265625,0.61688232421875,3.59375,3.9609375,0.1875,1.18359375,-0.09765625,3.41796875,0.2415771484375,-0.64691162109375,-0.31201171875,0.65252685546875,78.662109375,3,11408
1.1600823850003508,10.33203125,-2.03515625,-3.1171875,1.142578125,-0.9765625,4.033203125,-0.218505859375,-0.7127685546875,0.252197265625,0.61688232421875,3.59375,3.9609375,0.1875,1.18359375,-0.09765625,3.41796875,0.2415771484375,-0.64691162109375,-0.31201171875,0.65252685546875,78.662109375,3,11695
1.1700757290000183,10.33203125,-2.03515625,-3.1171875,1.142578125,-0.9765625,4.033203125,-0.2415771484375,-0.7025146484375,0.31036376953125,0.5931396484375,5.890625,2.7734375,-0.2734375,1.41796875,-0.4375,3.865234375,0.2415771484375,-0.64691162109375,-0.31201171875,0.65252685546875,78.75,3,11695
1.180061394000404,10.33203125,-2.03515625,-3.1171875,1.142578125,-0.9765625,4.033203125,-0.2415771484375,-0.7025146484375,0.31036376953125,0.5931396484375,5.890625,2.7734375,-0.2734375,1.41796875,-0.4375,3.865234375,0.2415771484375,-0.64691162109375,-0.31201171875,0.65252685546875,78.837890625,3,12252
1.1901003720004155,13.125,-2.64453125,-2.88671875,1.142578125,-0.9765625,4.033203125,-0.2415771484375,-0.7025146484375,0.31036376953125,0.5931396484375,8.265625,4.11328125,-1.53515625,1.41796875,-0.4375,3.865234375,0.20758056640625,-0.676513671875,-0.2451171875,0.66265869140625,78.92578125,3,12252
1.2000621309998678,13.125,-2.64453125,-2.88671875,1.142578125,-0.9765625,4.033203125,-0.2415771484375,-0.7025146484375,0.31036376953125,0.5931396484375,8.265625,4.11328125,-1.53515625,1.41796875,-0.4375,3.865234375,0.20758056640625,-0.676513671875,-0.2451171875,0.66265869140625,78.92578125,3,12845
1.2100912860005337,13.125,-2.64453125,-2.88671875,0.765625,-0.9453125,4.5234375,-0.27520751953125,-0.68841552734375,0.3695068359375,0.5601806640625,8.265625,4.11328125,-1.53515625,1.12109375,-0.560546875,4.330078125,0.16326904296875,-0.7047119140625,-0.1739501953125,0.66815185546875,79.1015625,3,12845
1.2200661659999241,15.6953125,-3.18359375,-2.46484375,0.765625,-0.9453125,4.5234375,-0.27520751953125,-0.68841552734375,0.3695068359375,0.5601806640625,10.03515625,4.91796875,-2.609375,1.12109375,-0.560546875,4.330078125,0.16326904296875,-0.7047119140625,-0.1739501953125,0.66815185546875,79.1015625,3,12790
1.2301147130001482,15.6953125,-3.18359375,-2.46484375,0.765625,-0.9453125,4.5234375,-0.27520751953125,-0.68841552734375,0.3695068359375,0.5601806640625,10.03515625,4.91796875,-2.609375,0.576171875,-0.50390625,4.654296875,0.16326904296875,-0.7047119140625,-0.1739501953125,0.66815185546875,79.189453125,3,12790
1.240063191000445,15.6953125,-3.18359375,-2.46484375,0.26171875,-0.69921875,4.8359375,-0.27520751953125,-0.68841552734375,0.3695068359375,0.5601806640625,10.03515625,4.91796875,-2.609375,0.576171875,-0.50390625,4.654296875,0.16326904296875,-0.7047119140625,-0.1739501953125,0.66815185546875,79.365234375,3,12195
1.250070168000093,15.6953125,-3.18359375,-2.46484375,0.26171875,-0.69921875,4.8359375,-0.27520751953125,-0.68841552734375,0.3695068359375,0.5601806640625,10.03515625,4.91796875,-2.609375,0.576171875,-0.50390625,4.654296875,0.16326904296875,-0.7047119140625,-0.1739501953125,0.66815185546875,79.453125,1,12195
1.2600606969999717,17.6875,-1.15234375,-2.38671875,0.26171875,-0.69921875,4.8359375,-0.31866455078125,-0.669921875,0.42218017578125,0.52099609375,11.18359375,4.87890625,-2.83984375,0.576171875,-0.50390625,4.654296875,0.10540771484375,-0.7261962890625,-0.103271484375,0.67144775390625,79.541015625,1,11859
1.2700610820002112,17.6875,-1.15234375,-2.38671875,0.26171875,-0.69921875,4.8359375,-0.31866455078125,-0.669921875,0.42218017578125,0.52099609375,11.18359375,4.87890625,-2.83984375,0.576171875,-0.50390625,4.654296875,0.10540771484375,-0.7261962890625,-0.103271484375,0.67144775390625,79.541015625,5,11859
1.2800735310001983,17.6875,-1.15234375,-2.38671875,0.26171875,-0.69921875,4.8359375,-0.31866455078125,-0.669921875,0.42218017578125,0.52099609375,11.18359375,4.87890625,-2.83984375,0.576171875,-0.50390625,4.654296875,0.10540771484375,-0.7261962890625,-0.103271484375,0.67144775390625,79.62890625,5,11251
1.2900635480000346,19.06640625,0.609375,-1.890625,-0.51953125,-0.412109375,4.515625,-0.31866455078125,-0.669921875,0.42218017578125,0.52099609375,12.55859375,4.7265625,-2.953125,-0.216796875,-0.583984375,4.423828125,0.038330078125,-0.74041748046875,-0.04364013671875,0.66961669921875,79.8046875,2,11251
1.3000708449999365,19.06640625,0.609375,-1.890625,-0.51953125,-0.412109375,4.515625,-0.36968994140625,-0.650634765625,0.46051025390625,0.47735595703125,12.55859375,4.7265625,-2.953125,-0.216796875,-0.583984375,4.423828125,0.038330078125,-0.74041748046875,-0.04364013671875,0.66961669921875,79.892578125,4,11113
1.310066173999985,19.06640625,0.609375,-1.890625,-0.51953125,-0.412109375,4.515625,-0.36968994140625,-0.650634765625,0.46051025390625,0.47735595703125,12.55859375,4.7265625,-2.953125,-0.216796875,-0.583984375,4.423828125,0.038330078125,-0.74041748046875,-0.04364013671875,0.66961669921875,79.892578125,4,11113
1.3201909810004508,19.06640625,0.609375,-1.890625,-0.51953125,-0.412109375,4.515625,-0.36968994140625,-0.650634765625,0.46051025390625,0.47735595703125,13.48046875,3.76953125,-1.84375,-0.630859375,-0.658203125,3.87890625,0.038330078125,-0.74041748046875,-0.04364013671875,0.66961669921875,79.98046875,4,11137
1.3300651520003157,18.76171875,0.53515625,-0.89453125,-0.818359375,-0.40625,3.896484375,-0.36968994140625,-0.650634765625,0.46051025390625,0.47735595703125,13.48046875,3.76953125,-1.84375,-0.630859375,-0.658203125,3.87890625,-0.02935791015625,-0.74920654296875,0.0015869140625,0.66168212890625,79.98046875,1,11137
1.340063968999857,18.76171875,0.53515625,-0.89453125,-0.818359375,-0.40625,3.896484375,-0.36968994140625,-0.650634765625,0.46051025390625,0.47735595703125,13.48046875,3.76953125,-1.84375,-0.630859375,-0.658203125,3.87890625,-0.02935791015625,-0.74920654296875,0.0015869140625,0.66168212890625,80.068359375,1,12112
1.3500004460001946,16.5703125,4.25,-0.77734375,-0.818359375,-0.40625,3.896484375,-0.41827392578125,-0.63427734375,0.48443603515625,0.43359375,12.90234375,1.73828125,-0.9609375,-0.486328125,-0.74609375,2.607421875,-0.02935791015625,-0.74920654296875,0.0015869140625,0.66168212890625,80.068359375,3,12112
1.3600607380003567,16.5703125,4.25,-0.77734375,-0.818359375,-0.40625,3.896484375,-0.41827392578125,-0.63427734375,0.48443603515625,0.43359375,12.90234375,1.73828125,-0.9609375,-0.486328125,-0.74609375,2.607421875,-0.02935791015625,-0.74920654296875,0.0015869140625,0.66168212890625,80.068359375,3,12294
1.370080708000387,16.5703125,4.25,-0.77734375,-0.708984375,-0.521484375,2.50390625,-0.4495849609375,-0.62530517578125,0.4974365234375,0.399169921875,12.90234375,1.73828125,-0.9609375,-0.486328125,-0.74609375,2.607421875,-0.02935791015625,-0.74920654296875,0.0015869140625,0.66168212890625,80.15625,3,12294
1.3800643880003918,14.890625,10.1875,0.484375,-0.708984375,-0.521484375,2.50390625,-0.4495849609375,-0.62530517578125,0.4974365234375,0.399169921875,11.22265625,2.0078125,-0.578125,-0.486328125,-0.74609375,2.607421875,-0.08062744140625,-0.7557373046875,0.0338134765625,0.6490478515625,80.068359375,3,12707
1.3900697970002511,14.890625,10.1875,0.484375,-0.708984375,-0.521484375,2.50390625,-0.4495849609375,-0.62530517578125,0.4974365234375,0.399169921875,11.22265625,2.0078125,-0.578125,-0.486328125,-0.74609375,2.607421875,-0.08062744140625,-0.7557373046875,0.0338134765625,0.6490478515625,79.98046875,-1,16465
1.4000597180001932,14.890625,10.1875,0.484375,-0.708984375,-0.521484375,2.50390625,-0.4495849609375,-0.62530517578125,0.4974365234375,0.399169921875,11.22265625,2.0078125,-0.578125,-0.486328125,-0.74609375,2.607421875,-0.08062744140625,-0.7557373046875,0.0338134765625,0.6490478515625,79.8046875,-1,16465
1.4100703109997994,14.890625,10.1875,0.484375,-0.708984375,-0.521484375,2.50390625,-0.4495849609375,-0.62530517578125,0.4974365234375,0.399169921875,16.77734375,-0.21484375,0.109375,0.04296875,-0.322265625,0.083984375,-0.094482421875,-0.76043701171875,0.04290771484375,0.64105224609375,79.716796875,1,16465
1.4200627600002917,21.17578125,17.12109375,5.88671875,0.041015625,-0.125,-0.451171875,-0.447998046875,-0.6307373046875,0.49560546875,0.39483642578125,16.77734375,-0.21484375,0.109375,0.04296875,-0.322265625,0.083984375,-0.094482421875,-0.76043701171875,0.04290771484375,0.64105224609375,79.62890625,4,23672
1.4300607450004463,21.17578125,17.12109375,5.88671875,0.041015625,-0.125,-0.451171875,-0.447998046875,-0.6307373046875,0.49560546875,0.39483642578125,12.2109375,2.54296875,0.1875,0.638671875,0.2109375,-1.943359375,-0.094482421875,-0.76043701171875,0.04290771484375,0.64105224609375,79.453125,4,23672
1.4400718819997564,21.17578125,17.12109375,5.88671875,0.041015625,-0.125,-0.451171875,-0.447998046875,-0.6307373046875,0.49560546875,0.39483642578125,12.2109375,2.54296875,0.1875,0.638671875,0.2109375,-1.943359375,-0.094482421875,-0.76043701171875,0.04290771484375,0.64105224609375,79.189453125,4,24838
1.4500642990005872,11.78515625,-3.640625,0.6015625,0.52734375,0.2265625,-2.052734375,-0.411865234375,-0.64501953125,0.4793701171875,0.4295654296875,12.2109375,2.54296875,0.1875,0.638671875,0.2109375,-1.943359375,-0.094482421875,-0.76043701171875,0.04290771484375,0.64105224609375,78.837890625,4,24838
1.4604584310000064,11.78515625,-3.640625,0.6015625,0.52734375,0.2265625,-2.052734375,-0.411865234375,-0.64501953125,0.4793701171875,0.4295654296875,12.2109375,2.54296875,0.1875,0.638671875,0.2109375,-1.943359375,-0.05731201171875,-0.760009765625,0.0306396484375,0.64666748046875,78.486328125,2,25809
1.470063501000368,11.78515625,-3.640625,0.6015625,0.52734375,0.2265625,-2.052734375,-0.411865234375,-0.64501953125,0.4793701171875,0.4295654296875,12.2109375,2.54296875,0.1875,0.638671875,0.2109375,-1.943359375,-0.05731201171875,-0.760009765625,0.0306396484375,0.64666748046875,78.134765625,2,25809
1.4800783179998689,11.78515625,-3.640625,0.6015625,0.52734375,0.2265625,-2.052734375,-0.411865234375,-0.64501953125,0.4793701171875,0.4295654296875,9.72265625,-2.359375,-1.84375,0.130859375,0.279296875,-1.830078125,-0.05731201171875,-0.760009765625,0.0306396484375,0.64666748046875,77.87109375,2,26078
1.490062446000593,8.1875,-6.20703125,-0.43359375,-0.01171875,0.533203125,-2.380859375,-0.411865234375,-0.64501953125,0.4793701171875,0.4295654296875,9.72265625,-2.359375,-1.84375,0.130859375,0.279296875,-1.830078125,-0.05731201171875,-0.760009765625,0.0306396484375,0.64666748046875,77.783203125,1,26078
1.5000918249997994,8.1875,-6.20703125,-0.43359375,-0.01171875,0.533203125,-2.380859375,-0.411865234375,-0.64501953125,0.4793701171875,0.4295654296875,7.578125,0.703125,-0.73046875,0.130859375,0.279296875,-1.830078125,-0.02777099609375,-0.7584228515625,0.00946044921875,0.651123046875,77.607421875,1,26251
1.5100239180001154,10.14453125,-5.2109375,-1.4296875,-0.01171875,0.533203125,-2.380859375,-0.38128662109375,-0.66107177734375,0.4500732421875,0.4637451171875,7.578125,0.703125,-0.73046875,0.130859375,0.279296875,-1.830078125,-0.02777099609375,-0.7584228515625,0.00946044921875,0.651123046875,77.431640625,4,26251
1.5200763700004245,10.14453125,-5.2109375,-1.4296875,-0.01171875,0.533203125,-2.380859375,-0.38128662109375,-0.66107177734375,0.4500732421875,0.4637451171875,7.578125,0.703125,-0.73046875,-0.28125,0.03125,-1.453125,-0.02777099609375,-0.7584228515625,0.00946044921875,0.651123046875,77.34375,4,26206
1.530064241999753,10.14453125,-5.2109375,-1.4296875,-0.23828125,0.17578125,-1.712890625,-0.35711669921875,-0.67572021484375,0.425537109375,0.48455810546875,7.578125,0.703125,-0.73046875,-0.28125,0.03125,-1.453125,-0.02777099609375,-0.7584228515625,0.00946044921875,0.651123046875,77.607421875,4,26206
1.5400784840003325,11.8984375,-5.40625,-1.35546875,-0.23828125,0.17578125,-1.712890625,-0.35711669921875,-0.67572021484375,0.425537109375,0.48455810546875,8.5,1.66015625,-0.578125,-0.28125,0.03125,-1.453125,-0.00634765625,-0.75750732421875,-0.013916015625,0.65264892578125,77.783203125,4,26263
1.550079253000149,11.8984375,-5.40625,-1.35546875,-0.23828125,0.17578125,-1.712890625,-0.35711669921875,-0.67572021484375,0.425537109375,0.48455810546875,8.5,1.66015625,-0.578125,-0.28125,0.03125,-1.453125,-0.00634765625,-0.75750732421875,-0.013916015625,0.65264892578125,77.87109375,3,26263
1.5600856219998605,11.8984375,-5.40625,-1.35546875,-0.23828125,0.17578125,-1.712890625,-0.35711669921875,-0.67572021484375,0.425537109375,0.48455810546875,8.5,1.66015625,-0.578125,-0.28125,0.03125,-1.453125,-0.00634765625,-0.75750732421875,-0.013916015625,0.65264892578125,77.958984375,3,26216
1.57006094999997,11.8984375,-5.40625,-1.35546875,-0.23828125,0.17578125,-1.712890625,-0.35711669921875,-0.67572021484375,0.425537109375,0.48455810546875,8.73046875,7.1015625,-2.9140625,-0.765625,-0.03125,-0.6015625,-0.00634765625,-0.75750732421875,-0.013916015625,0.65264892578125,78.134765625,1013,26216
1.5800827760003813,9.64453125,-4.5234375,-2.734375,-0.302734375,-0.072265625,-0.302734375,-0.3477783203125,-0.683837890625,0.4127197265625,0.490966796875,8.73046875,7.1015625,-2.9140625,-0.765625,-0.03125,-0.6015625,-0.00042724609375,-0.7572021484375,-0.03515625,0.6522216796875,78.310546875,1013,25897
1.5900670319997516,9.64453125,-4.5234375,-2.734375,-0.302734375,-0.072265625,-0.302734375,-0.3477783203125,-0.683837890625,0.4127197265625,0.490966796875,9.1875,-4.16015625,-2.83984375,-0.3515625,0.044921875,-0.62109375,-0.00042724609375,-0.7572021484375,-0.03515625,0.6522216796875,78.3984375,2840,25897
1.600093433999973,9.64453125,-4.5234375,-2.734375,-0.302734375,-0.072265625,-0.302734375,-0.3477783203125,-0.683837890625,0.4127197265625,0.490966796875,9.1875,-4.16015625,-2.83984375,-0.3515625,0.044921875,-0.62109375,-0.00042724609375,-0.7572021484375,-0.03515625,0.6522216796875,78.57421875,2840,25672
1.610082011000486,9.02734375,-5.13671875,-1.58203125,-0.162109375,-0.00390625,-0.33203125,-0.34283447265625,-0.68939208984375,0.404052734375,0.493896484375,9.1875,-4.16015625,-2.83984375,-0.3515625,0.044921875,-0.62109375,0.0001220703125,-0.75628662109375,-0.05023193359375,0.65228271484375,78.837890625,3204,25672
1.6200639310000042,9.02734375,-5.13671875,-1.58203125,-0.162109375,-0.00390625,-0.33203125,-0.34283447265625,-0.68939208984375,0.404052734375,0.493896484375,9.4140625,-0.1015625,-0.38671875,-0.3515625,0.044921875,-0.62109375,0.0001220703125,-0.75628662109375,-0.05023193359375,0.65228271484375,78.92578125,5090,25835
1.6300711960002445,9.02734375,-5.13671875,-1.58203125,-0.162109375,-0.00390625,-0.33203125,-0.34283447265625,-0.68939208984375,0.404052734375,0.493896484375,9.4140625,-0.1015625,-0.38671875,-0.3515625,0.044921875,-0.62109375,0.0001220703125,-0.75628662109375,-0.05023193359375,0.65228271484375,79.1015625,5090,25835
1.6400629079998907,9.828125,-3.83203125,-1.31640625,-0.140625,-0.041015625,-0.16015625,-0.34283447265625,-0.68939208984375,0.404052734375,0.493896484375,9.4140625,-0.1015625,-0.38671875,-0.3515625,0.044921875,-0.62109375,0.0001220703125,-0.75628662109375,-0.05023193359375,0.65228271484375,79.27734375,5090,26034
1.6500833580003018,9.828125,-3.83203125,-1.31640625,-0.140625,-0.041015625,-0.16015625,-0.34283447265625,-0.68939208984375,0.404052734375,0.493896484375,9.4140625,-0.1015625,-0.38671875,-0.234375,-0.087890625,-0.447265625,0.0048828125,-0.75714111328125,-0.05987548828125,0.6505126953125,79.365234375,5708,26034
1.6600624620004965,9.828125,-3.83203125,-1.31640625,-0.140625,-0.041015625,-0.16015625,-0.33856201171875,-0.6934814453125,0.3980712890625,0.4959716796875,10.1796875,0.78125,-2.83984375,-0.234375,-0.087890625,-0.447265625,0.0048828125,-0.75714111328125,-0.05987548828125,0.6505126953125,79.453125,5708,26104
1.6700711040002716,10.29296875,-3.48828125,-1.46875,-0.140625,-0.041015625,-0.16015625,-0.33856201171875,-0.6934814453125,0.3980712890625,0.4959716796875,10.1796875,0.78125,-2.83984375,-0.234375,-0.087890625,-0.447265625,0.0048828125,-0.75714111328125,-0.05987548828125,0.6505126953125,79.541015625,6758,26104
1.680061535999812,10.29296875,-3.48828125,-1.46875,-0.140625,-0.041015625,-0.16015625,-0.33856201171875,-0.6934814453125,0.3980712890625,0.4959716796875,10.1796875,0.78125,-2.83984375,-0.158203125,0.046875,-0.37890625,0.0048828125,-0.75714111328125,-0.05987548828125,0.6505126953125,79.62890625,6758,26017
1.6900710410000102,10.29296875,-3.48828125,-1.46875,-0.095703125,0.052734375,-0.208984375,-0.3349609375,-0.69635009765625,0.3924560546875,0.4989013671875,10.1796875,0.78125,-2.83984375,-0.158203125,0.046875,-0.37890625,0.0048828125,-0.75714111328125,-0.05987548828125,0.6505126953125,79.8046875,7288,26017
1.700064065999868,10.29296875,-3.48828125,-1.46875,-0.095703125,0.052734375,-0.208984375,-0.3349609375,-0.69635009765625,0.3924560546875,0.4989013671875,10.37890625,0.2421875,-2.5703125,-0.158203125,0.046875,-0.37890625,0.00836181640625,-0.7567138671875,-0.06768798828125,0.65020751953125,79.892578125,7288,26027
1.7100725469999816,10.25390625,-3.14453125,-1.66015625,-0.095703125,0.052734375,-0.208984375,-0.3349609375,-0.69635009765625,0.3924560546875,0.4989013671875,10.37890625,0.2421875,-2.5703125,-0.158203125,0.046875,-0.37890625,0.00836181640625,-0.7567138671875,-0.06768798828125,0.65020751953125,80.068359375,8836,26027
1.7200614120001774,10.25390625,-3.14453125,-1.66015625,-0.095703125,0.052734375,-0.208984375,-0.3349609375,-0.69635009765625,0.3924560546875,0.4989013671875,10.140625,0.3984375,-2.1875,-0.064453125,0.099609375,-0.431640625,0.00836181640625,-0.7567138671875,-0.06768798828125,0.65020751953125,80.244140625,8836,25795
1.7300717489997623,10.25390625,-3.14453125,-1.66015625,-0.095703125,0.052734375,-0.208984375,-0.3349609375,-0.69635009765625,0.3924560546875,0.4989013671875,10.140625,0.3984375,-2.1875,-0.064453125,0.099609375,-0.431640625,0.00836181640625,-0.7567138671875,-0.06768798828125,0.65020751953125,80.33203125,9744,25795
1.7400626620001276,10.171875,-3.03125,-1.46875,-0.044921875,0.09765625,-0.197265625,-0.33135986328125,-0.6982421875,0.38702392578125,0.50286865234375,10.140625,0.3984375,-2.1875,-0.064453125,0.099609375,-0.431640625,0.01348876953125,-0.75531005859375,-0.07470703125,0.65093994140625,80.5078125,9744,25751
1.7500773510000727,10.171875,-3.03125,-1.46875,-0.044921875,0.09765625,-0.197265625,-0.33135986328125,-0.6982421875,0.38702392578125,0.50286865234375,10.0703125,0.3984375,-1.91796875,-0.111328125,0.125,-0.494140625,0.01348876953125,-0.75531005859375,-0.07470703125,0.65093994140625,80.68359375,10760,25751
1.7600669200000993,10.171875,-3.03125,-1.46875,-0.044921875,0.09765625,-0.197265625,-0.33135986328125,-0.6982421875,0.38702392578125,0.50286865234375,10.0703125,0.3984375,-1.91796875,-0.111328125,0.125,-0.494140625,0.01348876953125,-0.75531005859375,-0.07470703125,0.65093994140625,80.947265625,10760,25492
1.7700856420005948,9.9453125,-3.296875,-1.4296875,-0.052734375,0.126953125,-0.1953125,-0.3282470703125,-0.69952392578125,0.38177490234375,0.507080078125,10.0703125,0.3984375,-1.91796875,-0.111328125,0.125,-0.494140625,0.01348876953125,-0.75531005859375,-0.07470703125,0.65093994140625,81.2109375,11037,25492
1.7800643609998588,9.9453125,-3.296875,-1.4296875,-0.052734375,0.126953125,-0.1953125,-0.3282470703125,-0.69952392578125,0.38177490234375,0.507080078125,9.9921875,0.16796875,-1.84375,-0.111328125,0.125,-0.494140625,0.01959228515625,-0.75341796875,-0.08233642578125,0.65203857421875,81.38671875,11037,25478
1.7900723950006068,9.9453125,-3.296875,-1.4296875,-0.052734375,0.126953125,-0.1953125,-0.3282470703125,-0.69952392578125,0.38177490234375,0.507080078125,9.9921875,0.16796875,-1.84375,-0.111328125,0.125,-0.494140625,0.01959228515625,-0.75341796875,-0.08233642578125,0.65203857421875,81.474609375,11764,25478
1.8000606510004218,9.87109375,-3.4140625,-1.46875,-0.080078125,0.1328125,-0.197265625,-0.3282470703125,-0.69952392578125,0.38177490234375,0.507080078125,9.9921875,0.16796875,-1.84375,-0.111328125,0.125,-0.494140625,0.01959228515625,-0.75341796875,-0.08233642578125,0.65203857421875,81.826171875,11764,25436
1.8100710210001125,9.87109375,-3.4140625,-1.46875,-0.080078125,0.1328125,-0.197265625,-0.3282470703125,-0.69952392578125,0.38177490234375,0.507080078125,9.9921875,0.16796875,-1.84375,-0.111328125,0.125,-0.494140625,0.01959228515625,-0.75341796875,-0.08233642578125,0.65203857421875,82.001953125,13058,25436
1.8200631489999068,9.828125,-3.71875,-1.390625,-0.080078125,0.1328125,-0.197265625,-0.322021484375,-0.70233154296875,0.3731689453125,0.51361083984375,10.14453125,0.08984375,-1.65234375,-0.181640625,0.119140625,-0.546875,0.02606201171875,-0.75128173828125,-0.09185791015625,0.653076171875,82.265625,13058,25294
1.8300717259999146,9.828125,-3.71875,-1.390625,-0.080078125,0.1328125,-0.197265625,-0.322021484375,-0.70233154296875,0.3731689453125,0.51361083984375,10.14453125,0.08984375,-1.65234375,-0.09375,0.1015625,-0.61328125,0.02606201171875,-0.75128173828125,-0.09185791015625,0.653076171875,82.44140625,14122,25174
1.8400626070006183,9.828125,-3.71875,-1.390625,-0.080078125,0.1328125,-0.197265625,-0.322021484375,-0.70233154296875,0.3731689453125,0.51361083984375,10.14453125,0.08984375,-1.65234375,-0.09375,0.1015625,-0.61328125,0.02606201171875,-0.75128173828125,-0.09185791015625,0.653076171875,82.705078125,14122,25174
1.850070768000478,9.828125,-3.71875,-1.390625,-0.080078125,0.1328125,-0.197265625,-0.322021484375,-0.70233154296875,0.3731689453125,0.51361083984375,10.14453125,0.16796875,-1.53515625,-0.09375,0.1015625,-0.61328125,0.03350830078125,-0.749267578125,-0.10150146484375,0.65362548828125,82.96875,14527,25174
1.860062929000378,9.87109375,-3.60546875,-1.4296875,-0.04296875,0.126953125,-0.208984375,-0.3153076171875,-0.7049560546875,0.36444091796875,0.5203857421875,10.14453125,0.16796875,-1.53515625,-0.09375,0.1015625,-0.61328125,0.03350830078125,-0.749267578125,-0.10150146484375,0.65362548828125,83.14453125,14527,24941
1.8700614899998982,9.87109375,-3.60546875,-1.4296875,-0.04296875,0.126953125,-0.208984375,-0.3153076171875,-0.7049560546875,0.36444091796875,0.5203857421875,10.14453125,0.16796875,-1.53515625,-0.09375,0.1015625,-0.61328125,0.03350830078125,-0.749267578125,-0.10150146484375,0.65362548828125,83.3203125,15622,24941
1.880068723000477,9.87109375,-3.60546875,-1.4296875,-0.0390625,0.0859375,-0.18359375,-0.3153076171875,-0.7049560546875,0.36444091796875,0.5203857421875,10.14453125,0.8203125,-1.53515625,-0.078125,0.072265625,-0.578125,0.03350830078125,-0.749267578125,-0.10150146484375,0.65362548828125,83.671875,15622,24667
1.8900663880003776,9.87109375,-3.60546875,-1.4296875,-0.0390625,0.0859375,-0.18359375,-0.3153076171875,-0.7049560546875,0.36444091796875,0.5203857421875,10.14453125,0.8203125,-1.53515625,-0.078125,0.072265625,-0.578125,0.0413818359375,-0.74761962890625,-0.11029052734375,0.65362548828125,83.935546875,16348,24667
1.9000711250000677,9.9453125,-3.56640625,-1.35546875,-0.0390625,0.0859375,-0.18359375,-0.309326171875,-0.707275390625,0.357177734375,0.52587890625,10.14453125,0.8203125,-1.53515625,-0.078125,0.072265625,-0.578125,0.0413818359375,-0.74761962890625,-0.11029052734375,0.65362548828125,84.111328125,16348,24604
1.9101150639999105,9.9453125,-3.56640625,-1.35546875,-0.0390625,0.0859375,-0.18359375,-0.309326171875,-0.707275390625,0.357177734375,0.52587890625,10.3359375,0.3203125,-1.99609375,-0.06640625,0.11328125,-0.658203125,0.0413818359375,-0.74761962890625,-0.11029052734375,0.65362548828125,84.287109375,16809,24604
1.9200685350006097,9.9453125,-3.56640625,-1.35546875,-0.0390625,0.0859375,-0.18359375,-0.309326171875,-0.707275390625,0.357177734375,0.52587890625,10.3359375,0.3203125,-1.99609375,-0.06640625,0.11328125,-0.658203125,0.0413818359375,-0.74761962890625,-0.11029052734375,0.65362548828125,84.638671875,16809,24034
1.9300620710000658,10.0234375,-3.44921875,-1.5078125,-0.037109375,0.130859375,-0.28125,-0.309326171875,-0.707275390625,0.357177734375,0.52587890625,10.3359375,0.3203125,-1.99609375,-0.06640625,0.11328125,-0.658203125,0.0413818359375,-0.74761962890625,-0.11029052734375,0.65362548828125,84.814453125,17273,24034
1.9400696570000946,10.0234375,-3.44921875,-1.5078125,-0.037109375,0.130859375,-0.28125,-0.30322265625,-0.70928955078125,0.34979248046875,0.5316162109375,10.375,0.47265625,-2.37890625,-0.06640625,0.11328125,-0.658203125,0.051513671875,-0.74627685546875,-0.120849609375,0.65252685546875,84.990234375,17273,23843
1.9500070940002843,10.0234375,-3.44921875,-1.5078125,-0.037109375,0.130859375,-0.28125,-0.30322265625,-0.70928955078125,0.34979248046875,0.5316162109375,10.375,0.47265625,-2.37890625,-0.06640625,0.11328125,-0.658203125,0.051513671875,-0.74627685546875,-0.120849609375,0.65252685546875,85.166015625,17822,23843
1.9600699459997486,10.0234375,-3.44921875,-1.5078125,-0.037109375,0.130859375,-0.28125,-0.30322265625,-0.70928955078125,0.34979248046875,0.5316162109375,10.375,0.47265625,-2.37890625,-0.119140625,0.171875,-0.765625,0.051513671875,-0.74627685546875,-0.120849609375,0.65252685546875,85.341796875,17822,23675
1.970060955000008,9.984375,-3.4140625,-1.4296875,-0.0546875,0.197265625,-0.44140625,-0.30322265625,-0.70928955078125,0.34979248046875,0.5316162109375,10.375,0.47265625,-2.37890625,-0.119140625,0.171875,-0.765625,0.051513671875,-0.74627685546875,-0.120849609375,0.65252685546875,85.60546875,18084,23675
1.9801084460004859,9.984375,-3.4140625,-1.4296875,-0.0546875,0.197265625,-0.44140625,-0.30322265625,-0.70928955078125,0.34979248046875,0.5316162109375,10.33984375,0.3984375,-1.84375,-0.119140625,0.171875,-0.765625,0.06268310546875,-0.74365234375,-0.133056640625,0.65216064453125,85.693359375,18084,23123
1.9900241550003557,9.98828125,-3.3359375,-1.125,-0.0546875,0.197265625,-0.44140625,-0.29608154296875,-0.71124267578125,0.340576171875,0.5389404296875,10.33984375,0.3984375,-1.84375,-0.119140625,0.171875,-0.765625,0.06268310546875,-0.74365234375,-0.133056640625,0.65216064453125,85.869140625,3,23123
2.0000721260003047,9.98828125,-3.3359375,-1.125,-0.0546875,0.197265625,-0.44140625,-0.29608154296875,-0.71124267578125,0.340576171875,0.5389404296875,10.33984375,0.3984375,-1.84375,-0.119140625,0.171875,-0.765625,0.06268310546875,-0.74365234375,-0.133056640625,0.65216064453125,85.95703125,3,22291
2.010065342999951,9.98828125,-3.3359375,-1.125,-0.0546875,0.197265625,-0.44140625,-0.29608154296875,-0.71124267578125,0.340576171875,0.5389404296875,10.41796875,0.3984375,-1.8828125,-0.111328125,0.232421875,-0.91015625,0.07568359375,-0.73980712890625,-0.14678955078125,0.65228271484375,86.1328125,18756,22291
2.0200342699999965,9.98828125,-3.3359375,-1.125,-0.0390625,0.2265625,-0.669921875,-0.28643798828125,-0.7137451171875,0.32940673828125,0.5477294921875,10.41796875,0.3984375,-1.8828125,-0.111328125,0.232421875,-0.91015625,0.07568359375,-0.73980712890625,-0.14678955078125,0.65228271484375,86.220703125,18756,21921
2.0300659849999647,9.9453125,-3.14453125,-1.23828125,-0.0390625,0.2265625,-0.669921875,-0.28643798828125,-0.7137451171875,0.32940673828125,0.5477294921875,10.41796875,0.3984375,-1.8828125,-0.111328125,0.232421875,-0.91015625,0.07568359375,-0.73980712890625,-0.14678955078125,0.65228271484375,86.30859375,19063,21921
2.040061505000267,9.9453125,-3.14453125,-1.23828125,-0.0390625,0.2265625,-0.669921875,-0.28643798828125,-0.7137451171875,0.32940673828125,0.5477294921875,10.2578125,0.703125,-2.3046875,-0.119140625,0.32421875,-1.046875,0.07568359375,-0.73980712890625,-0.14678955078125,0.65228271484375,86.30859375,19063,21264
2.0500601940002525,9.9453125,-3.14453125,-1.23828125,-0.001953125,0.31640625,-0.9375,-0.27349853515625,-0.71630859375,0.3155517578125,0.55908203125,10.2578125,0.703125,-2.3046875,-0.119140625,0.32421875,-1.046875,0.09088134765625,-0.734130859375,-0.16229248046875,0.65301513671875,86.30859375,19442,21264
2.0600705639999433,10.06640625,-2.953125,-1.546875,-0.001953125,0.31640625,-0.9375,-0.27349853515625,-0.71630859375,0.3155517578125,0.55908203125,10.2578125,0.703125,-2.3046875,-0.119140625,0.32421875,-1.046875,0.09088134765625,-0.734130859375,-0.16229248046875,0.65301513671875,86.30859375,19442,20391
2.0700644520002243,10.06640625,-2.953125,-1.546875,-0.001953125,0.31640625,-0.9375,-0.27349853515625,-0.71630859375,0.3155517578125,0.55908203125,10.18359375,1.4296875,-2.03515625,-0.119140625,0.32421875,-1.046875,0.09088134765625,-0.734130859375,-0.16229248046875,0.65301513671875,86.30859375,19992,20391
2.0800667250005063,10.06640625,-2.953125,-1.546875,-0.001953125,0.31640625,-0.9375,-0.27349853515625,-0.71630859375,0.3155517578125,0.55908203125,10.18359375,1.4296875,-2.03515625,-0.119140625,0.32421875,-1.046875,0.09088134765625,-0.734130859375,-0.16229248046875,0.65301513671875,86.30859375,19992,19203
2.0900629819998358,10.06640625,-2.953125,-1.546875,-0.001953125,0.31640625,-0.9375,-0.27349853515625,-0.71630859375,0.3155517578125,0.55908203125,10.18359375,1.4296875,-2.03515625,-0.09375,0.35546875,-1.154296875,0.10791015625,-0.72735595703125,-0.17816162109375,0.6539306640625,86.30859375,20177,19203
2.1000753670004997,10.87109375,-2.4921875,-1.0859375,0.0234375,0.40234375,-1.1640625,-0.25714111328125,-0.71844482421875,0.29901123046875,0.572998046875,11.22265625,2.54296875,-1.65234375,-0.09375,0.35546875,-1.154296875,0.10791015625,-0.72735595703125,-0.17816162109375,0.6539306640625,86.30859375,20177,17986
2.1100611270003355,10.87109375,-2.4921875,-1.0859375,0.0234375,0.40234375,-1.1640625,-0.25714111328125,-0.71844482421875,0.29901123046875,0.572998046875,11.22265625,2.54296875,-1.65234375,-0.09375,0.35546875,-1.154296875,0.10791015625,-0.72735595703125,-0.17816162109375,0.6539306640625,86.30859375,20884,17986
2.1200753040002382,11.7109375,-3.296875,-1.5078125,-0.0078125,0.46484375,-1.3046875,-0.25714111328125,-0.71844482421875,0.29901123046875,0.572998046875,11.22265625,2.54296875,-1.65234375,-0.09375,0.35546875,-1.154296875,0.10791015625,-0.72735595703125,-0.17816162109375,0.6539306640625,86.220703125,20884,16725
2.1300748880003084,11.7109375,-3.296875,-1.5078125,-0.0078125,0.46484375,-1.3046875,-0.239013671875,-0.72015380859375,0.28021240234375,0.5880126953125,11.60546875,1.23828125,-2.2265625,-0.177734375,0.392578125,-1.244140625,0.1256103515625,-0.718994140625,-0.1962890625,0.65478515625,86.220703125,21356,16725
2.14003594299993,11.5546875,-3.83203125,-1.58203125,-0.0078125,0.46484375,-1.3046875,-0.239013671875,-0.72015380859375,0.28021240234375,0.5880126953125,11.60546875,1.23828125,-2.2265625,-0.177734375,0.392578125,-1.244140625,0.1256103515625,-0.718994140625,-0.1962890625,0.65478515625,86.1328125,21356,15694
2.1500721050006177,11.5546875,-3.83203125,-1.58203125,-0.0078125,0.46484375,-1.3046875,-0.239013671875,-0.72015380859375,0.28021240234375,0.5880126953125,11.60546875,1.23828125,-2.2265625,-0.177734375,0.392578125,-1.244140625,0.1256103515625,-0.718994140625,-0.1962890625,0.65478515625,86.044921875,22264,14546
2.160063657000137,11.5546875,-3.83203125,-1.58203125,-0.0078125,0.46484375,-1.3046875,-0.239013671875,-0.72015380859375,0.28021240234375,0.5880126953125,11.60546875,1.23828125,-2.2265625,-0.177734375,0.392578125,-1.244140625,0.1256103515625,-0.718994140625,-0.1962890625,0.65478515625,85.95703125,22264,14546
2.1700712419997217,11.5546875,-3.83203125,-1.58203125,-0.0078125,0.46484375,-1.3046875,-0.239013671875,-0.72015380859375,0.28021240234375,0.5880126953125,11.91015625,-0.140625,-1.8828125,-0.03125,0.4140625,-1.482421875,0.1256103515625,-0.718994140625,-0.1962890625,0.65478515625,85.869140625,22697,14546
2.1800608740004463,11.5546875,-3.83203125,-1.58203125,0.107421875,0.46484375,-1.650390625,-0.21630859375,-0.7216796875,0.258544921875,0.60455322265625,11.91015625,-0.140625,-1.8828125,-0.03125,0.4140625,-1.482421875,0.14666748046875,-0.709716796875,-0.21551513671875,0.65447998046875,85.78125,22697,12141
2.1900709870005812,12.32421875,-3.7578125,-1.73828125,0.107421875,0.46484375,-1.650390625,-0.21630859375,-0.7216796875,0.258544921875,0.60455322265625,11.91015625,-0.140625,-1.8828125,-0.03125,0.4140625,-1.482421875,0.14666748046875,-0.709716796875,-0.21551513671875,0.65447998046875,85.60546875,23486,12141
2.2000651950002066,12.32421875,-3.7578125,-1.73828125,0.01953125,0.52734375,-2.12109375,-0.21630859375,-0.7216796875,0.258544921875,0.60455322265625,12.1328125,0.2421875,-2.03515625,-0.08203125,0.37109375,-1.8515625,0.14666748046875,-0.709716796875,-0.21551513671875,0.65447998046875,85.4296875,23486,9052
2.2100693230004254,12.32421875,-3.7578125,-1.73828125,0.01953125,0.52734375,-2.12109375,-0.21630859375,-0.7216796875,0.258544921875,0.60455322265625,12.1328125,0.2421875,-2.03515625,-0.08203125,0.37109375,-1.8515625,0.1732177734375,-0.698974609375,-0.2384033203125,0.651611328125,85.25390625,23786,9052
2.2200620270004947,12.70703125,-2.9921875,-1.546875,0.01953125,0.52734375,-2.12109375,-0.18731689453125,-0.72357177734375,0.23095703125,0.6229248046875,11.26171875,0.703125,-1.078125,-0.08203125,0.37109375,-1.8515625,0.1732177734375,-0.698974609375,-0.2384033203125,0.651611328125,84.990234375,23786,5085
2.230069676000312,12.70703125,-2.9921875,-1.546875,0.01953125,0.52734375,-2.12109375,-0.18731689453125,-0.72357177734375,0.23095703125,0.6229248046875,11.26171875,0.703125,-1.078125,-0.08203125,0.37109375,-1.8515625,0.1732177734375,-0.698974609375,-0.2384033203125,0.651611328125,84.814453125,24211,5085
2.240070700000615,12.70703125,-2.9921875,-1.546875,0.01953125,0.52734375,-2.12109375,-0.18731689453125,-0.72357177734375,0.23095703125,0.6229248046875,11.26171875,0.703125,-1.078125,-0.08203125,0.37109375,-1.8515625,0.1732177734375,-0.698974609375,-0.2384033203125,0.651611328125,84.55078125,24211,2693
2.250073068999882,12.70703125,-2.9921875,-1.546875,0.01953125,0.52734375,-2.12109375,-0.18731689453125,-0.72357177734375,0.23095703125,0.6229248046875,11.26171875,0.703125,-1.078125,-0.2734375,0.244140625,-2.216796875,0.20184326171875,-0.68634033203125,-0.26806640625,0.645263671875,84.287109375,24184,2693
2.2600781259998257,12.625,-2.53125,-0.93359375,-0.1796875,0.53125,-2.7109375,-0.1517333984375,-0.72625732421875,0.19293212890625,0.64208984375,10.3359375,0.359375,-0.84765625,-0.2734375,0.244140625,-2.216796875,0.20184326171875,-0.68634033203125,-0.26806640625,0.645263671875,84.111328125,24184,855
2.2700742859997263,12.78125,-1.53515625,-1.4296875,-0.1796875,0.53125,-2.7109375,-0.1517333984375,-0.72625732421875,0.19293212890625,0.64208984375,10.3359375,0.359375,-0.84765625,-0.2734375,0.244140625,-2.216796875,0.20184326171875,-0.68634033203125,-0.26806640625,0.645263671875,83.935546875,24310,855
2.2800740299999234,12.78125,-1.53515625,-1.4296875,-0.1796875,0.53125,-2.7109375,-0.1517333984375,-0.72625732421875,0.19293212890625,0.64208984375,10.3359375,0.359375,-0.84765625,-0.2734375,0.244140625,-2.216796875,0.20184326171875,-0.68634033203125,-0.26806640625,0.645263671875,83.671875,24310,1489
2.2900614540003517,12.78125,-1.53515625,-1.4296875,-0.1796875,0.53125,-2.7109375,-0.1517333984375,-0.72625732421875,0.19293212890625,0.64208984375,9.609375,1.546875,-0.6171875,-0.375,0.0546875,-2.787109375,0.20184326171875,-0.68634033203125,-0.26806640625,0.645263671875,83.408203125,23825,1489
2.3000669590001053,12.78125,-1.53515625,-1.4296875,-0.322265625,0.4609375,-3.1953125,-0.11090087890625,-0.72882080078125,0.14605712890625,0.65966796875,9.609375,1.546875,-0.6171875,-0.375,0.0546875,-2.787109375,0.23358154296875,-0.671630859375,-0.30560302734375,0.63323974609375,83.056640625,23825,584
2.3100605270001324,14.89453125,-0.921875,-0.93359375,-0.322265625,0.4609375,-3.1953125,-0.11090087890625,-0.72882080078125,0.14605712890625,0.65966796875,9.609375,1.546875,-0.6171875,-0.375,0.0546875,-2.787109375,0.23358154296875,-0.671630859375,-0.30560302734375,0.63323974609375,82.79296875,21186,584
2.3200656150002033,14.89453125,-0.921875,-0.93359375,-0.322265625,0.4609375,-3.1953125,-0.11090087890625,-0.72882080078125,0.14605712890625,0.65966796875,9.609375,1.546875,-0.6171875,-0.375,0.0546875,-2.787109375,0.23358154296875,-0.671630859375,-0.30560302734375,0.63323974609375,82.44140625,21186,475
2.3300612310004,14.89453125,-0.921875,-0.93359375,-0.435546875,0.33203125,-3.421875,-0.0655517578125,-0.73089599609375,0.09259033203125,0.6729736328125,10.60546875,5.26171875,-1.23046875,-0.466796875,0.017578125,-2.888671875,0.23358154296875,-0.671630859375,-0.30560302734375,0.63323974609375,82.001953125,17720,475
2.3400963690000935,14.89453125,-0.921875,-0.93359375,-0.435546875,0.33203125,-3.421875,-0.0655517578125,-0.73089599609375,0.09259033203125,0.6729736328125,10.60546875,5.26171875,-1.23046875,-0.466796875,0.017578125,-2.888671875,0.23358154296875,-0.671630859375,-0.30560302734375,0.63323974609375,81.650390625,17720,305
2.350065712000287,14.4296875,-2.26171875,0.0625,-0.435546875,0.33203125,-3.421875,-0.0655517578125,-0.73089599609375,0.09259033203125,0.6729736328125,8.80859375,6.02734375,-1.65234375,-0.466796875,0.017578125,-2.888671875,0.2666015625,-0.654052734375,-0.3475341796875,0.61669921875,81.2109375,5810,305
2.3600660649999554,14.4296875,-2.26171875,0.0625,-0.435546875,0.33203125,-3.421875,-0.0655517578125,-0.73089599609375,0.09259033203125,0.6729736328125,8.80859375,6.02734375,-1.65234375,-0.609375,0.19921875,-2.30078125,0.2666015625,-0.654052734375,-0.3475341796875,0.61669921875,80.771484375,5810,403
2.3700631530000464,14.4296875,-2.26171875,0.0625,-0.373046875,0.447265625,-2.974609375,-0.02392578125,-0.728271484375,0.0418701171875,0.68359375,8.80859375,6.02734375,-1.65234375,-0.609375,0.19921875,-2.30078125,0.29205322265625,-0.6337890625,-0.384765625,0.6041259765625,80.244140625,1212,403
2.3800114069999836,14.4296875,-2.26171875,0.0625,-0.373046875,0.447265625,-2.974609375,-0.02392578125,-0.728271484375,0.0418701171875,0.68359375,4.48046875,4.19140625,-1.26953125,-0.609375,0.19921875,-2.30078125,0.29205322265625,-0.6337890625,-0.384765625,0.6041259765625,79.892578125,1212,436
2.3900618739999118,8.640625,-3.7578125,-0.51171875,-0.373046875,0.447265625,-2.974609375,-0.02392578125,-0.728271484375,0.0418701171875,0.68359375,4.48046875,4.19140625,-1.26953125,-0.845703125,0.29296875,-1.19140625,0.29205322265625,-0.6337890625,-0.384765625,0.6041259765625,79.716796875,50,436
2.4000724030001948,8.640625,-3.7578125,-0.51171875,-0.373046875,0.447265625,-2.974609375,-0.02392578125,-0.728271484375,0.0418701171875,0.68359375,4.48046875,4.19140625,-1.26953125,-0.845703125,0.29296875,-1.19140625,0.29205322265625,-0.6337890625,-0.384765625,0.6041259765625,79.541015625,50,332
2.4100615540000945,4.0859375,-7.3203125,-0.1640625,-0.59765625,0.576171875,-1.255859375,-0.02392578125,-0.728271484375,0.0418701171875,0.68359375,4.48046875,4.19140625,-1.26953125,-0.845703125,0.29296875,-1.19140625,0.29205322265625,-0.6337890625,-0.384765625,0.6041259765625,79.27734375,4,332
2.420087092000358,4.0859375,-7.3203125,-0.1640625,-0.59765625,0.576171875,-1.255859375,-0.0006103515625,-0.720947265625,0.0072021484375,0.69293212890625,4.48046875,4.19140625,-1.26953125,-0.845703125,0.29296875,-1.19140625,0.29205322265625,-0.6337890625,-0.384765625,0.6041259765625,79.1015625,4,184
2.4300624190000235,4.0859375,-7.3203125,-0.1640625,-0.59765625,0.576171875,-1.255859375,-0.0006103515625,-0.720947265625,0.0072021484375,0.69293212890625,1.7578125,8.328125,-0.80859375,-0.845703125,0.29296875,-1.19140625,0.30426025390625,-0.6162109375,-0.4095458984375,0.5999755859375,79.1015625,2,184
2.4400859409997793,4.0859375,-7.3203125,-0.1640625,-0.59765625,0.576171875,-1.255859375,-0.0006103515625,-0.720947265625,0.0072021484375,0.69293212890625,1.7578125,8.328125,-0.80859375,-0.845703125,0.29296875,-1.19140625,0.30426025390625,-0.6162109375,-0.4095458984375,0.5999755859375,79.1015625,2,266
2.450063668000439,3.2421875,-7.89453125,-0.3203125,0.080078125,0.322265625,0.61328125,-0.0006103515625,-0.720947265625,0.0072021484375,0.69293212890625,2.67578125,0.85546875,-0.9609375,-0.357421875,0.47265625,0.658203125,0.30426025390625,-0.6162109375,-0.4095458984375,0.5999755859375,79.1015625,3,266
2.460062707999896,3.2421875,-7.89453125,-0.3203125,0.080078125,0.322265625,0.61328125,0.00238037109375,-0.714599609375,0.0008544921875,0.69952392578125,2.67578125,0.85546875,-0.9609375,-0.357421875,0.47265625,0.658203125,0.295654296875,-0.60797119140625,-0.410400390625,0.61199951171875,79.1015625,3,723
2.470073909000348,2.9765625,-4.71484375,-1.46875,0.080078125,0.322265625,0.61328125,0.00238037109375,-0.714599609375,0.0008544921875,0.69952392578125,2.67578125,0.85546875,-0.9609375,-0.357421875,0.47265625,0.658203125,0.295654296875,-0.60797119140625,-0.410400390625,0.61199951171875,79.189453125,4,723
2.480061781000586,2.9765625,-4.71484375,-1.46875,0.080078125,0.322265625,0.61328125,0.00238037109375,-0.714599609375,0.0008544921875,0.69952392578125,2.0625,1.69921875,-0.46484375,0.431640625,0.375,1.49609375,0.295654296875,-0.60797119140625,-0.410400390625,0.61199951171875,79.27734375,4,1203
2.4900710299998536,2.9765625,-4.71484375,-1.46875,0.080078125,0.322265625,0.61328125,0.00238037109375,-0.714599609375,0.0008544921875,0.69952392578125,2.0625,1.69921875,-0.46484375,0.431640625,0.375,1.49609375,0.287109375,-0.6121826171875,-0.38922119140625,0.62554931640625,79.27734375,3,1203
2.5000885990002644,2.9765625,-4.71484375,-1.46875,0.61328125,0.0234375,1.673828125,-0.00341796875,-0.71099853515625,0.0208740234375,0.70281982421875,2.0625,1.69921875,-0.46484375,0.431640625,0.375,1.49609375,0.287109375,-0.6121826171875,-0.38922119140625,0.62554931640625,79.365234375,3,2100
2.5101003440004206,3.78125,-4.6015625,-2.578125,0.61328125,0.0234375,1.673828125,-0.00341796875,-0.71099853515625,0.0208740234375,0.70281982421875,2.37109375,3.3046875,-0.15625,0.431640625,0.375,1.49609375,0.287109375,-0.6121826171875,-0.38922119140625,0.62554931640625,79.365234375,0,2100
2.520028980999996,3.78125,-4.6015625,-2.578125,0.61328125,0.0234375,1.673828125,-0.00341796875,-0.71099853515625,0.0208740234375,0.70281982421875,2.37109375,3.3046875,-0.15625,0.939453125,0.0546875,2.48828125,0.287109375,-0.6121826171875,-0.38922119140625,0.62554931640625,79.453125,0,2789
2.5300757360000716,3.78125,-4.6015625,-2.578125,0.61328125,0.0234375,1.673828125,-0.00341796875,-0.71099853515625,0.0208740234375,0.70281982421875,2.37109375,3.3046875,-0.15625,0.939453125,0.0546875,2.48828125,0.27008056640625,-0.6290283203125,-0.3497314453125,0.63958740234375,79.453125,4,2789
2.540057175000584,3.78125,-4.6015625,-2.578125,0.890625,-0.3984375,2.634765625,-0.0196533203125,-0.7130126953125,0.0611572265625,0.69818115234375,3.17578125,3.5,-1.1171875,0.939453125,0.0546875,2.48828125,0.27008056640625,-0.6290283203125,-0.3497314453125,0.63958740234375,79.541015625,4,3650
2.5500759920005294,5.3125,-3.71875,-3.1171875,0.890625,-0.3984375,2.634765625,-0.0196533203125,-0.7130126953125,0.0611572265625,0.69818115234375,3.17578125,3.5,-1.1171875,0.939453125,0.0546875,2.48828125,0.27008056640625,-0.6290283203125,-0.3497314453125,0.63958740234375,79.62890625,4,3650
2.5600604400005977,5.3125,-3.71875,-3.1171875,0.890625,-0.3984375,2.634765625,-0.0196533203125,-0.7130126953125,0.0611572265625,0.69818115234375,3.17578125,3.5,-1.1171875,0.962890625,-0.162109375,3.306640625,0.27008056640625,-0.6290283203125,-0.3497314453125,0.63958740234375,79.716796875,4,5706
2.570072985000479,5.3125,-3.71875,-3.1171875,0.890625,-0.3984375,2.634765625,-0.0196533203125,-0.7130126953125,0.0611572265625,0.69818115234375,3.17578125,3.5,-1.1171875,0.962890625,-0.162109375,3.306640625,0.27008056640625,-0.6290283203125,-0.3497314453125,0.63958740234375,79.716796875,5,5706
2.580078298000444,7.9140625,-2.9140625,-2.734375,0.82421875,-0.654296875,3.50390625,-0.0479736328125,-0.71710205078125,0.11431884765625,0.68585205078125,4.703125,4.49609375,-0.84765625,0.962890625,-0.162109375,3.306640625,0.2427978515625,-0.65289306640625,-0.2979736328125,0.6527099609375,79.8046875,4,7186
2.590071194000302,7.9140625,-2.9140625,-2.734375,0.82421875,-0.654296875,3.50390625,-0.0479736328125,-0.71710205078125,0.11431884765625,0.68585205078125,4.703125,4.49609375,-0.84765625,0.962890625,-0.162109375,3.306640625,0.2427978515625,-0.65289306640625,-0.2979736328125,0.6527099609375,79.892578125,4,7186
2.6000609220000115,10.59765625,-1.95703125,-2.578125,0.3984375,-0.775390625,4.064453125,-0.0479736328125,-0.71710205078125,0.11431884765625,0.68585205078125,4.703125,4.49609375,-0.84765625,0.962890625,-0.162109375,3.306640625,0.2427978515625,-0.65289306640625,-0.2979736328125,0.6527099609375,80.068359375,4,8058
2.6100709060001464,10.59765625,-1.95703125,-2.578125,0.3984375,-0.775390625,4.064453125,-0.0479736328125,-0.71710205078125,0.11431884765625,0.68585205078125,6.19921875,4.7265625,-0.80859375,0.66796875,-0.455078125,3.859375,0.20086669921875,-0.67926025390625,-0.23968505859375,0.66387939453125,80.15625,4,8058
2.620060186000046,10.59765625,-1.95703125,-2.578125,0.3984375,-0.775390625,4.064453125,-0.08990478515625,-0.72039794921875,0.171142578125,0.66607666015625,6.19921875,4.7265625,-0.80859375,0.66796875,-0.455078125,3.859375,0.20086669921875,-0.67926025390625,-0.23968505859375,0.66387939453125,80.244140625,4,9328
2.630080796000584,13.24609375,-2.875,-2.15625,0.3984375,-0.775390625,4.064453125,-0.08990478515625,-0.72039794921875,0.171142578125,0.66607666015625,6.19921875,4.7265625,-0.80859375,0.66796875,-0.455078125,3.859375,0.20086669921875,-0.67926025390625,-0.23968505859375,0.66387939453125,80.33203125,4,9328
2.640067067000018,13.24609375,-2.875,-2.15625,0.3984375,-0.775390625,4.064453125,-0.08990478515625,-0.72039794921875,0.171142578125,0.66607666015625,8.8046875,3.65234375,-1.3828125,0.52734375,-0.611328125,4.20703125,0.20086669921875,-0.67926025390625,-0.23968505859375,0.66387939453125,80.419921875,4,10175
2.6500143610001032,13.24609375,-2.875,-2.15625,0.25390625,-0.8359375,4.404296875,-0.13995361328125,-0.72052001953125,0.227783203125,0.63983154296875,8.8046875,3.65234375,-1.3828125,0.52734375,-0.611328125,4.20703125,0.14923095703125,-0.70391845703125,-0.1800537109375,0.670654296875,80.5078125,1,10175
2.6600670039997567,14.8515625,-2.9140625,-2.46484375,0.25390625,-0.8359375,4.404296875,-0.13995361328125,-0.72052001953125,0.227783203125,0.63983154296875,8.8046875,3.65234375,-1.3828125,0.52734375,-0.611328125,4.20703125,0.14923095703125,-0.70391845703125,-0.1800537109375,0.670654296875,80.5078125,1,10591
2.670069149000483,14.8515625,-2.9140625,-2.46484375,0.25390625,-0.8359375,4.404296875,-0.13995361328125,-0.72052001953125,0.227783203125,0.63983154296875,10.109375,2.6171875,-1.8828125,0.52734375,-0.611328125,4.20703125,0.14923095703125,-0.70391845703125,-0.1800537109375,0.670654296875,80.595703125,6,11213
2.6800719650000246,14.8515625,-2.9140625,-2.46484375,0.25390625,-0.8359375,4.404296875,-0.13995361328125,-0.72052001953125,0.227783203125,0.63983154296875,10.109375,2.6171875,-1.8828125,0.52734375,-0.611328125,4.20703125,0.14923095703125,-0.70391845703125,-0.1800537109375,0.670654296875,80.595703125,6,11213
2.6900608610003474,14.8515625,-2.9140625,-2.46484375,0.25390625,-0.8359375,4.404296875,-0.13995361328125,-0.72052001953125,0.227783203125,0.63983154296875,10.109375,2.6171875,-1.8828125,0.52734375,-0.611328125,4.20703125,0.14923095703125,-0.70391845703125,-0.1800537109375,0.670654296875,80.68359375,3,11213
2.7000707819997842,14.8515625,-2.9140625,-2.46484375,0.34375,-0.921875,4.30859375,-0.189208984375,-0.7166748046875,0.28558349609375,0.60748291015625,11.0625,3.84375,-1.91796875,0.671875,-0.671875,4.232421875,0.09429931640625,-0.7255859375,-0.11444091796875,0.67193603515625,80.68359375,3,11391
2.7100702380002986,16.26953125,-0.8828125,-2.3125,0.34375,-0.921875,4.30859375,-0.189208984375,-0.7166748046875,0.28558349609375,0.60748291015625,11.0625,3.84375,-1.91796875,-0.044921875,-0.7265625,4.021484375,0.09429931640625,-0.7255859375,-0.11444091796875,0.67193603515625,80.771484375,3,11391
2.7201901160005946,16.26953125,-0.8828125,-2.3125,0.34375,-0.921875,4.30859375,-0.189208984375,-0.7166748046875,0.28558349609375,0.60748291015625,11.0625,3.84375,-1.91796875,-0.044921875,-0.7265625,4.021484375,0.09429931640625,-0.7255859375,-0.11444091796875,0.67193603515625,80.947265625,3,11398
2.730061406999994,16.26953125,-0.8828125,-2.3125,0.34375,-0.921875,4.30859375,-0.189208984375,-0.7166748046875,0.28558349609375,0.60748291015625,11.0625,3.84375,-1.91796875,-0.044921875,-0.7265625,4.021484375,0.09429931640625,-0.7255859375,-0.11444091796875,0.67193603515625,81.123046875,1,11398
2.7400756160004676,17.609375,-0.38671875,-1.0859375,-0.419921875,-0.64453125,4.18359375,-0.24200439453125,-0.70989990234375,0.33154296875,0.57232666015625,12.2109375,5.53125,-2.5703125,-0.044921875,-0.7265625,4.021484375,0.03564453125,-0.7413330078125,-0.057861328125,0.66766357421875,81.298828125,3,11687
2.750061439000092,17.609375,-0.38671875,-1.0859375,-0.419921875,-0.64453125,4.18359375,-0.24200439453125,-0.70989990234375,0.33154296875,0.57232666015625,12.2109375,5.53125,-2.5703125,-0.044921875,-0.7265625,4.021484375,0.03564453125,-0.7413330078125,-0.057861328125,0.66766357421875,81.474609375,3,11687
2.760067904000607,17.609375,-0.38671875,-1.0859375,-0.419921875,-0.64453125,4.18359375,-0.24200439453125,-0.70989990234375,0.33154296875,0.57232666015625,12.2109375,5.53125,-2.5703125,-0.044921875,-0.7265625,4.021484375,0.03564453125,-0.7413330078125,-0.057861328125,0.66766357421875,81.650390625,3,11850
2.7700780169998325,17.49609375,-0.73046875,-0.3203125,-1.05859375,-0.341796875,3.88671875,-0.24200439453125,-0.70989990234375,0.33154296875,0.57232666015625,12.9765625,3.421875,-1.99609375,-0.8515625,-0.73046875,3.693359375,0.03564453125,-0.7413330078125,-0.057861328125,0.66766357421875,81.73828125,3,11850
2.780068897000092,17.49609375,-0.73046875,-0.3203125,-1.05859375,-0.341796875,3.88671875,-0.30291748046875,-0.70050048828125,0.36175537109375,0.53546142578125,12.9765625,3.421875,-1.99609375,-0.8515625,-0.73046875,3.693359375,-0.0308837890625,-0.7510986328125,-0.01800537109375,0.65924072265625,81.9140625,3,11782
2.790075810000417,16.08203125,1.30078125,-0.625,-1.05859375,-0.341796875,3.88671875,-0.30291748046875,-0.70050048828125,0.36175537109375,0.53546142578125,12.9765625,3.421875,-1.99609375,-0.8515625,-0.73046875,3.693359375,-0.0308837890625,-0.7510986328125,-0.01800537109375,0.65924072265625,82.08984375,7,11782
2.800065889000507,16.08203125,1.30078125,-0.625,-1.05859375,-0.341796875,3.88671875,-0.30291748046875,-0.70050048828125,0.36175537109375,0.53546142578125,12.5546875,1.31640625,-1.0390625,-1.0,-0.8671875,2.703125,-0.0308837890625,-0.7510986328125,-0.01800537109375,0.65924072265625,82.08984375,7,11739
2.810068769999816,16.08203125,1.30078125,-0.625,-1.27734375,-0.33203125,2.81640625,-0.3526611328125,-0.69415283203125,0.37493896484375,0.503173828125,12.5546875,1.31640625,-1.0390625,-1.0,-0.8671875,2.703125,-0.08831787109375,-0.75848388671875,0.00762939453125,0.6456298828125,82.265625,2,11739
2.8200668179997592,16.08203125,1.30078125,-0.625,-1.27734375,-0.33203125,2.81640625,-0.3526611328125,-0.69415283203125,0.37493896484375,0.503173828125,11.52734375,0.08984375,-0.80859375,-1.0,-0.8671875,2.703125,-0.08831787109375,-0.75848388671875,0.00762939453125,0.6456298828125,82.353515625,2,11753
2.830079330999979,14.05078125,4.82421875,0.5625,-1.27734375,-0.33203125,2.81640625,-0.3526611328125,-0.69415283203125,0.37493896484375,0.503173828125,11.52734375,0.08984375,-0.80859375,-1.0,-0.8671875,2.703125,-0.08831787109375,-0.75848388671875,0.00762939453125,0.6456298828125,82.44140625,4,11753
2.8400643229997513,14.05078125,4.82421875,0.5625,-1.27734375,-0.33203125,2.81640625,-0.3526611328125,-0.69415283203125,0.37493896484375,0.503173828125,11.52734375,0.08984375,-0.80859375,-0.724609375,-0.541015625,0.96484375,-0.08831787109375,-0.75848388671875,0.00762939453125,0.6456298828125,82.529296875,4,11852
2.850074435999886,14.05078125,4.82421875,0.5625,-1.27734375,-0.33203125,2.81640625,-0.3526611328125,-0.69415283203125,0.37493896484375,0.503173828125,11.52734375,0.08984375,-0.80859375,-0.724609375,-0.541015625,0.96484375,-0.08831787109375,-0.75848388671875,0.00762939453125,0.6456298828125,82.705078125,4,11852
2.8600634599997647,14.05078125,4.82421875,0.5625,-0.8828125,-0.130859375,0.98828125,-0.378173828125,-0.69439697265625,0.37420654296875,0.48455810546875,12.29296875,0.3203125,-0.6171875,-0.724609375,-0.541015625,0.96484375,-0.119873046875,-0.7640380859375,0.01531982421875,0.63372802734375,82.79296875,4,12198
2.8700726440001745,14.12890625,7.66015625,3.12890625,-0.8828125,-0.130859375,0.98828125,-0.378173828125,-0.69439697265625,0.37420654296875,0.48455810546875,12.29296875,0.3203125,-0.6171875,-0.724609375,-0.541015625,0.96484375,-0.119873046875,-0.7640380859375,0.01531982421875,0.63372802734375,82.880859375,3,12198
2.8800606439999683,14.12890625,7.66015625,3.12890625,-0.8828125,-0.130859375,0.98828125,-0.378173828125,-0.69439697265625,0.37420654296875,0.48455810546875,14.93359375,-2.015625,1.48828125,0.060546875,0.12890625,-0.951171875,-0.119873046875,-0.7640380859375,0.01531982421875,0.63372802734375,82.705078125,3,13759
2.890071044999786,14.12890625,7.66015625,3.12890625,-0.8828125,-0.130859375,0.98828125,-0.378173828125,-0.69439697265625,0.37420654296875,0.48455810546875,14.93359375,-2.015625,1.48828125,0.060546875,0.12890625,-0.951171875,-0.11395263671875,-0.765625,0.00628662109375,0.633056640625,82.6171875,3,13759
2.9000632050001514,15.765625,5.359375,3.78125,0.34765625,0.029296875,-1.05859375,-0.36761474609375,-0.69989013671875,0.36572265625,0.4912109375,14.93359375,-2.015625,1.48828125,0.060546875,0.12890625,-0.951171875,-0.11395263671875,-0.765625,0.00628662109375,0.633056640625,82.529296875,6,23340
2.9100817979997373,15.765625,5.359375,3.78125,0.34765625,0.029296875,-1.05859375,-0.36761474609375,-0.69989013671875,0.36572265625,0.4912109375,14.93359375,-2.015625,1.48828125,0.060546875,0.12890625,-0.951171875,-0.11395263671875,-0.765625,0.00628662109375,0.633056640625,82.44140625,6,23340
2.9200636860005034,15.765625,5.359375,3.78125,0.34765625,0.029296875,-1.05859375,-0.36761474609375,-0.69989013671875,0.36572265625,0.4912109375,14.93359375,-2.015625,1.48828125,0.060546875,0.12890625,-0.951171875,-0.11395263671875,-0.765625,0.00628662109375,0.633056640625,82.177734375,6,24889
2.930069607000405,9.06640625,-6.4375,-0.28125,1.00390625,0.16796875,-1.92578125,-0.36761474609375,-0.69989013671875,0.36572265625,0.4912109375,10.4921875,-3.3203125,-0.80859375,1.244140625,0.3046875,-1.7265625,-0.11395263671875,-0.765625,0.00628662109375,0.633056640625,81.826171875,2,24889
2.940066246999777,9.06640625,-6.4375,-0.28125,1.00390625,0.16796875,-1.92578125,-0.326171875,-0.70623779296875,0.3563232421875,0.517578125,10.4921875,-3.3203125,-0.80859375,1.244140625,0.3046875,-1.7265625,-0.11395263671875,-0.765625,0.00628662109375,0.633056640625,81.5625,2,25794
2.9500842320003358,9.9453125,-6.24609375,0.140625,1.00390625,0.16796875,-1.92578125,-0.326171875,-0.70623779296875,0.3563232421875,0.517578125,10.30078125,-1.328125,-2.5703125,1.244140625,0.3046875,-1.7265625,-0.0706787109375,-0.764892578125,0.00115966796875,0.6402587890625,81.298828125,0,25794
2.960046471000169,9.9453125,-6.24609375,0.140625,1.00390625,0.16796875,-1.92578125,-0.326171875,-0.70623779296875,0.3563232421875,0.517578125,10.30078125,-1.328125,-2.5703125,-0.025390625,0.375,-1.7578125,-0.0706787109375,-0.764892578125,0.00115966796875,0.6402587890625,81.123046875,0,25961
2.9700705040004323,9.9453125,-6.24609375,0.140625,1.00390625,0.16796875,-1.92578125,-0.326171875,-0.70623779296875,0.3563232421875,0.517578125,10.30078125,-1.328125,-2.5703125,-0.025390625,0.375,-1.7578125,-0.0706787109375,-0.764892578125,0.00115966796875,0.6402587890625,80.947265625,6,25961
2.980063367999719,9.9453125,-6.24609375,0.140625,0.0234375,0.693359375,-2.189453125,-0.29345703125,-0.712646484375,0.3297119140625,0.54522705078125,7.6953125,-0.40625,-0.88671875,-0.025390625,0.375,-1.7578125,-0.0394287109375,-0.76287841796875,-0.016357421875,0.6451416015625,80.947265625,6,26258
2.9900886499999615,9.10546875,-5.75,-1.27734375,0.0234375,0.693359375,-2.189453125,-0.29345703125,-0.712646484375,0.3297119140625,0.54522705078125,7.6953125,-0.40625,-0.88671875,-0.025390625,0.375,-1.7578125,-0.0394287109375,-0.76287841796875,-0.016357421875,0.6451416015625,80.859375,4,26258
3.0000600089997533,9.10546875,-5.75,-1.27734375,0.0234375,0.693359375,-2.189453125,-0.29345703125,-0.712646484375,0.3297119140625,0.54522705078125,7.6953125,-0.40625,-0.88671875,-0.037109375,0.13671875,-1.666015625,-0.0394287109375,-0.76287841796875,-0.016357421875,0.6451416015625,80.771484375,4,26013
3.010081674000503,9.10546875,-5.75,-1.27734375,-0.015625,0.22265625,-1.71484375,-0.266357421875,-0.7203369140625,0.3052978515625,0.56292724609375,7.6953125,-0.40625,-0.88671875,-0.037109375,0.13671875,-1.666015625,-0.0394287109375,-0.76287841796875,-0.016357421875,0.6451416015625,80.771484375,4,26013
3.02006311400055,9.10546875,-5.75,-1.27734375,-0.015625,0.22265625,-1.71484375,-0.266357421875,-0.7203369140625,0.3052978515625,0.56292724609375,7.6953125,-0.40625,-0.88671875,-0.037109375,0.13671875,-1.666015625,-0.0394287109375,-0.76287841796875,-0.016357421875,0.6451416015625,80.68359375,4,26173
3.0300939310000103,9.21875,-4.9453125,-0.625,-0.015625,0.22265625,-1.71484375,-0.266357421875,-0.7203369140625,0.3052978515625,0.56292724609375,7.5,-0.25390625,0.109375,-0.037109375,0.13671875,-1.666015625,-0.01434326171875,-0.7608642578125,-0.03887939453125,0.64764404296875,80.68359375,3,25846
3.040060553999865,9.21875,-4.9453125,-0.625,-0.015625,0.22265625,-1.71484375,-0.266357421875,-0.7203369140625,0.3052978515625,0.56292724609375,7.5,-0.25390625,0.109375,-0.037109375,0.13671875,-1.666015625,-0.01434326171875,-0.7608642578125,-0.03887939453125,0.64764404296875,80.771484375,3,25846
3.0501636320004764,10.44921875,-5.05859375,-2.08203125,-0.046875,0.228515625,-1.306640625,-0.266357421875,-0.7203369140625,0.3052978515625,0.56292724609375,7.84375,1.890625,-2.1875,-0.177734375,0.0859375,-1.38671875,-0.01434326171875,-0.7608642578125,-0.03887939453125,0.64764404296875,81.03515625,3,25846
3.060060298999815,10.44921875,-5.05859375,-2.08203125,-0.046875,0.228515625,-1.306640625,-0.266357421875,-0.7203369140625,0.3052978515625,0.56292724609375,7.84375,1.890625,-2.1875,-0.177734375,0.0859375,-1.38671875,0.00579833984375,-0.75946044921875,-0.061279296875,0.64764404296875,81.2109375,3,25823
3.070079084000099,10.44921875,-5.05859375,-2.08203125,-0.046875,0.228515625,-1.306640625,-0.24542236328125,-0.7264404296875,0.28326416015625,0.57598876953125,7.84375,1.890625,-2.1875,-0.177734375,0.0859375,-1.38671875,0.00579833984375,-0.75946044921875,-0.061279296875,0.64764404296875,81.38671875,4,25823
3.0800654840004427,10.44921875,-5.05859375,-2.08203125,-0.046875,0.228515625,-1.306640625,-0.24542236328125,-0.7264404296875,0.28326416015625,0.57598876953125,7.84375,1.890625,-2.1875,-0.177734375,0.0859375,-1.38671875,0.00579833984375,-0.75946044921875,-0.061279296875,0.64764404296875,81.474609375,4,26056
3.0902653660004944,10.40625,-4.63671875,-2.42578125,-0.25390625,-0.025390625,-0.19921875,-0.24542236328125,-0.7264404296875,0.28326416015625,0.57598876953125,8.265625,6.87109375,-2.6484375,-0.63671875,0.009765625,-0.44921875,0.00579833984375,-0.75946044921875,-0.061279296875,0.64764404296875,81.73828125,2447,26056
3.1000656440000967,10.40625,-4.63671875,-2.42578125,-0.25390625,-0.025390625,-0.19921875,-0.24542236328125,-0.7264404296875,0.28326416015625,0.57598876953125,8.265625,6.87109375,-2.6484375,-0.63671875,0.009765625,-0.44921875,0.00579833984375,-0.75946044921875,-0.061279296875,0.64764404296875,81.9140625,2447,25922
3.1100809409999783,10.40625,-4.63671875,-2.42578125,-0.25390625,-0.025390625,-0.19921875,-0.24542236328125,-0.7264404296875,0.28326416015625,0.57598876953125,9.15234375,-2.859375,-1.8828125,-0.63671875,0.009765625,-0.44921875,0.00823974609375,-0.7579345703125,-0.079345703125,0.64739990234375,82.08984375,4384,25922
3.1200661240000045,9.0234375,-5.01953125,-1.23828125,-0.25390625,-0.025390625,-0.19921875,-0.2359619140625,-0.7308349609375,0.26849365234375,0.58148193359375,9.15234375,-2.859375,-1.8828125,-0.63671875,0.009765625,-0.44921875,0.00823974609375,-0.7579345703125,-0.079345703125,0.64739990234375,82.265625,4384,25821
3.130074092000541,9.0234375,-5.01953125,-1.23828125,-0.25390625,-0.025390625,-0.19921875,-0.2359619140625,-0.7308349609375,0.26849365234375,0.58148193359375,9.15234375,-2.859375,-1.8828125,-0.1796875,-0.025390625,-0.6484375,0.01220703125,-0.75701904296875,-0.092041015625,0.646728515625,82.353515625,5962,25821
3.140062188000229,9.0234375,-5.01953125,-1.23828125,-0.11328125,-0.0390625,-0.302734375,-0.226806640625,-0.73468017578125,0.25579833984375,0.5859375,9.15234375,-2.859375,-1.8828125,-0.1796875,-0.025390625,-0.6484375,0.01220703125,-0.75701904296875,-0.092041015625,0.646728515625,82.529296875,5962,25882
3.1500700280003002,9.7578125,-4.140625,-1.35546875,-0.11328125,-0.0390625,-0.302734375,-0.226806640625,-0.73468017578125,0.25579833984375,0.5859375,9.49609375,-0.29296875,-1.1171875,-0.1796875,-0.025390625,-0.6484375,0.01220703125,-0.75701904296875,-0.092041015625,0.646728515625,82.705078125,5988,25882
3.160066411000116,9.7578125,-4.140625,-1.35546875,-0.11328125,-0.0390625,-0.302734375,-0.226806640625,-0.73468017578125,0.25579833984375,0.5859375,9.49609375,-0.29296875,-1.1171875,-0.1796875,-0.025390625,-0.6484375,0.01220703125,-0.75701904296875,-0.092041015625,0.646728515625,82.79296875,5988,25652
3.1700698989998273,9.7578125,-4.140625,-1.35546875,-0.11328125,-0.0390625,-0.302734375,-0.226806640625,-0.73468017578125,0.25579833984375,0.5859375,9.87890625,1.77734375,-3.56640625,-0.234375,0.095703125,-0.486328125,0.01220703125,-0.75701904296875,-0.092041015625,0.646728515625,82.880859375,7098,25652
3.1800640430001295,9.7578125,-4.140625,-1.35546875,-0.1015625,0.095703125,-0.259765625,-0.21844482421875,-0.7371826171875,0.24481201171875,0.59075927734375,9.87890625,1.77734375,-3.56640625,-0.234375,0.095703125,-0.486328125,0.01751708984375,-0.7559814453125,-0.10223388671875,0.6463623046875,82.96875,7098,25892
3.190071658999841,10.02734375,-3.52734375,-1.58203125,-0.1015625,0.095703125,-0.259765625,-0.21844482421875,-0.7371826171875,0.24481201171875,0.59075927734375,9.87890625,1.77734375,-3.56640625,-0.234375,0.095703125,-0.486328125,0.01751708984375,-0.7559814453125,-0.10223388671875,0.6463623046875,82.96875,8688,25892
3.2000672750000376,10.02734375,-3.52734375,-1.58203125,-0.1015625,0.095703125,-0.259765625,-0.21844482421875,-0.7371826171875,0.24481201171875,0.59075927734375,9.80078125,1.203125,-2.07421875,-0.201171875,0.1640625,-0.384765625,0.01751708984375,-0.7559814453125,-0.10223388671875,0.6463623046875,83.056640625,8688,25892
3.2100645540003825,10.02734375,-3.52734375,-1.58203125,-0.1015625,0.095703125,-0.259765625,-0.21844482421875,-0.7371826171875,0.24481201171875,0.59075927734375,9.80078125,1.203125,-2.07421875,-0.201171875,0.1640625,-0.384765625,0.01751708984375,-0.7559814453125,-0.10223388671875,0.6463623046875,83.056640625,8688,25665
3.22007197899984,10.0625,-3.10546875,-1.4296875,-0.076171875,0.19140625,-0.279296875,-0.21209716796875,-0.73748779296875,0.23516845703125,0.59649658203125,9.80078125,1.203125,-2.07421875,-0.201171875,0.1640625,-0.384765625,0.020751953125,-0.75531005859375,-0.1103515625,0.64569091796875,83.14453125,9375,25665
3.230062858000565,10.0625,-3.10546875,-1.4296875,-0.076171875,0.19140625,-0.279296875,-0.21209716796875,-0.73748779296875,0.23516845703125,0.59649658203125,9.72265625,1.77734375,-1.34375,-0.201171875,0.1640625,-0.384765625,0.020751953125,-0.75531005859375,-0.1103515625,0.64569091796875,83.14453125,9375,25665
3.2400715940002556,10.0625,-3.10546875,-1.4296875,-0.076171875,0.19140625,-0.279296875,-0.21209716796875,-0.73748779296875,0.23516845703125,0.59649658203125,9.72265625,1.77734375,-1.34375,-0.201171875,0.1640625,-0.384765625,0.020751953125,-0.75531005859375,-0.1103515625,0.64569091796875,83.14453125,9375,25589
3.250063305999902,9.9453125,-3.10546875,-1.046875,-0.076171875,0.150390625,-0.23828125,-0.21209716796875,-0.73748779296875,0.23516845703125,0.59649658203125,9.72265625,1.77734375,-1.34375,-0.181640625,0.140625,-0.2734375,0.0235595703125,-0.75433349609375,-0.11639404296875,0.64569091796875,83.232421875,10260,25589
3.2600643940004375,9.9453125,-3.10546875,-1.046875,-0.076171875,0.150390625,-0.23828125,-0.20684814453125,-0.73736572265625,0.22723388671875,0.6015625,9.72265625,1.77734375,-1.34375,-0.181640625,0.140625,-0.2734375,0.0235595703125,-0.75433349609375,-0.11639404296875,0.64569091796875,83.232421875,10260,25337
3.2700651290006135,9.828125,-3.22265625,-1.125,-0.076171875,0.150390625,-0.23828125,-0.20684814453125,-0.73736572265625,0.22723388671875,0.6015625,9.7578125,1.4296875,-1.1171875,-0.181640625,0.140625,-0.2734375,0.0235595703125,-0.75433349609375,-0.11639404296875,0.64569091796875,83.232421875,10708,25036
3.2801028590001806,9.828125,-3.22265625,-1.125,-0.076171875,0.150390625,-0.23828125,-0.20684814453125,-0.73736572265625,0.22723388671875,0.6015625,9.7578125,1.4296875,-1.1171875,-0.1953125,0.095703125,-0.251953125,0.0235595703125,-0.75433349609375,-0.11639404296875,0.64569091796875,83.3203125,10708,25036
3.290063113000542,9.828125,-3.22265625,-1.125,-0.076171875,0.150390625,-0.23828125,-0.20684814453125,-0.73736572265625,0.22723388671875,0.6015625,9.7578125,1.4296875,-1.1171875,-0.1953125,0.095703125,-0.251953125,0.0235595703125,-0.75433349609375,-0.11639404296875,0.64569091796875,83.408203125,10891,25036
3.300093802000447,9.828125,-3.22265625,-1.125,-0.099609375,0.115234375,-0.189453125,-0.2030029296875,-0.73748779296875,0.220458984375,0.605224609375,9.8359375,0.89453125,-1.421875,-0.1953125,0.095703125,-0.251953125,0.0250244140625,-0.7535400390625,-0.12200927734375,0.64544677734375,83.408203125,10891,25205
3.31006541700026,9.79296875,-3.375,-1.16015625,-0.099609375,0.115234375,-0.189453125,-0.2030029296875,-0.73748779296875,0.220458984375,0.605224609375,9.8359375,0.89453125,-1.421875,-0.1953125,0.095703125,-0.251953125,0.0250244140625,-0.7535400390625,-0.12200927734375,0.64544677734375,83.49609375,11759,24899
3.32008122499974,9.79296875,-3.375,-1.16015625,-0.099609375,0.115234375,-0.189453125,-0.2030029296875,-0.73748779296875,0.220458984375,0.605224609375,10.22265625,0.08984375,-1.57421875,-0.1640625,0.099609375,-0.337890625,0.0250244140625,-0.7535400390625,-0.12200927734375,0.64544677734375,83.583984375,11759,24899
3.3300655450002523,9.79296875,-3.375,-1.16015625,-0.099609375,0.115234375,-0.189453125,-0.2030029296875,-0.73748779296875,0.220458984375,0.605224609375,10.22265625,0.08984375,-1.57421875,-0.1640625,0.099609375,-0.337890625,0.0250244140625,-0.7535400390625,-0.12200927734375,0.64544677734375,83.671875,12101,24899
3.3400751770004717,9.83203125,-3.640625,-1.19921875,-0.080078125,0.13671875,-0.228515625,-0.1993408203125,-0.73748779296875,0.2139892578125,0.6087646484375,10.22265625,0.08984375,-1.57421875,-0.1640625,0.099609375,-0.337890625,0.02734375,-0.75262451171875,-0.1285400390625,0.64520263671875,83.759765625,12101,24981
3.35006634399997,9.83203125,-3.640625,-1.19921875,-0.080078125,0.13671875,-0.228515625,-0.1993408203125,-0.73748779296875,0.2139892578125,0.6087646484375,10.22265625,0.08984375,-1.57421875,-0.1640625,0.099609375,-0.337890625,0.02734375,-0.75262451171875,-0.1285400390625,0.64520263671875,83.84765625,13681,24981
3.360070984000231,9.83203125,-3.640625,-1.19921875,-0.080078125,0.13671875,-0.228515625,-0.1993408203125,-0.73748779296875,0.2139892578125,0.6087646484375,10.22265625,0.08984375,-1.57421875,-0.1640625,0.099609375,-0.337890625,0.02734375,-0.75262451171875,-0.1285400390625,0.64520263671875,83.935546875,13681,24981
3.3700668880001103,9.83203125,-3.640625,-1.19921875,-0.080078125,0.13671875,-0.228515625,-0.1993408203125,-0.73748779296875,0.2139892578125,0.6087646484375,10.0703125,0.78125,-1.5,-0.15625,0.095703125,-0.380859375,0.02734375,-0.75262451171875,-0.1285400390625,0.64520263671875,84.19921875,13681,24610
3.3800849369999924,9.87109375,-3.44921875,-1.19921875,-0.06640625,0.115234375,-0.181640625,-0.19598388671875,-0.7373046875,0.2081298828125,0.612060546875,10.0703125,0.78125,-1.5,-0.15625,0.095703125,-0.380859375,0.03094482421875,-0.75152587890625,-0.1353759765625,0.64495849609375,84.462890625,14368,24610
3.390064039000208,9.87109375,-3.44921875,-1.19921875,-0.06640625,0.115234375,-0.181640625,-0.19598388671875,-0.7373046875,0.2081298828125,0.612060546875,10.140625,0.359375,-1.7265625,-0.15625,0.095703125,-0.380859375,0.03094482421875,-0.75152587890625,-0.1353759765625,0.64495849609375,84.638671875,14368,24782
3.4000713040004484,9.87109375,-3.44921875,-1.19921875,-0.06640625,0.115234375,-0.181640625,-0.19598388671875,-0.7373046875,0.2081298828125,0.612060546875,10.140625,0.359375,-1.7265625,-0.15625,0.095703125,-0.380859375,0.03094482421875,-0.75152587890625,-0.1353759765625,0.64495849609375,84.90234375,14371,24782
3.4100705030004974,9.984375,-3.44921875,-1.23828125,-0.01171875,0.14453125,-0.16015625,-0.19598388671875,-0.7373046875,0.2081298828125,0.612060546875,10.140625,0.359375,-1.7265625,-0.15625,0.095703125,-0.380859375,0.03094482421875,-0.75152587890625,-0.1353759765625,0.64495849609375,85.25390625,14371,24585
3.4200673989998904,9.984375,-3.44921875,-1.23828125,-0.01171875,0.14453125,-0.16015625,-0.193115234375,-0.736572265625,0.203857421875,0.6153564453125,10.140625,0.359375,-1.7265625,-0.09375,0.142578125,-0.5625,0.03753662109375,-0.74981689453125,-0.14324951171875,0.6448974609375,85.517578125,14965,24585
3.430063015000087,10.0234375,-3.48828125,-1.19921875,-0.01171875,0.14453125,-0.16015625,-0.193115234375,-0.736572265625,0.203857421875,0.6153564453125,10.4921875,-0.17578125,-1.91796875,-0.09375,0.142578125,-0.5625,0.03753662109375,-0.74981689453125,-0.14324951171875,0.6448974609375,85.869140625,14965,24581
3.440071175000412,10.0234375,-3.48828125,-1.19921875,-0.01171875,0.14453125,-0.16015625,-0.193115234375,-0.736572265625,0.203857421875,0.6153564453125,10.4921875,-0.17578125,-1.91796875,-0.072265625,0.212890625,-0.794921875,0.03753662109375,-0.74981689453125,-0.14324951171875,0.6448974609375,86.1328125,14965,24581
3.450061158000608,10.0234375,-3.48828125,-1.19921875,-0.01171875,0.14453125,-0.16015625,-0.193115234375,-0.736572265625,0.203857421875,0.6153564453125,10.4921875,-0.17578125,-1.91796875,-0.072265625,0.212890625,-0.794921875,0.03753662109375,-0.74981689453125,-0.14324951171875,0.6448974609375,86.484375,15361,24581
3.4600717829998757,10.0234375,-3.48828125,-1.19921875,0.001953125,0.212890625,-0.263671875,-0.18896484375,-0.73516845703125,0.19873046875,0.61993408203125,10.5234375,0.05078125,-1.99609375,-0.072265625,0.212890625,-0.794921875,0.0482177734375,-0.74700927734375,-0.15338134765625,0.64508056640625,86.8359375,15361,24121
3.470063270000537,9.98828125,-3.52734375,-1.0859375,0.001953125,0.212890625,-0.263671875,-0.18896484375,-0.73516845703125,0.19873046875,0.61993408203125,10.5234375,0.05078125,-1.99609375,-0.072265625,0.212890625,-0.794921875,0.0482177734375,-0.74700927734375,-0.15338134765625,0.64508056640625,87.1875,15871,23847
3.480071814000439,9.98828125,-3.52734375,-1.0859375,0.001953125,0.212890625,-0.263671875,-0.18896484375,-0.73516845703125,0.19873046875,0.61993408203125,10.5234375,0.05078125,-1.99609375,-0.072265625,0.212890625,-0.794921875,0.0482177734375,-0.74700927734375,-0.15338134765625,0.64508056640625,87.5390625,15871,23847
3.4901141199998165,9.98828125,-3.52734375,-1.0859375,0.001953125,0.212890625,-0.263671875,-0.18896484375,-0.73516845703125,0.19873046875,0.61993408203125,10.375,-0.17578125,-2.1875,-0.16796875,0.306640625,-1.076171875,0.0482177734375,-0.74700927734375,-0.15338134765625,0.64508056640625,87.978515625,16282,23847
3.5002003320005315,9.91015625,-3.44921875,-1.19921875,-0.021484375,0.326171875,-0.466796875,-0.18304443359375,-0.733154296875,0.1910400390625,0.62646484375,10.375,-0.17578125,-2.1875,-0.16796875,0.306640625,-1.076171875,0.06219482421875,-0.74224853515625,-0.16766357421875,0.64581298828125,88.330078125,16282,23542
3.5100080669999443,9.91015625,-3.44921875,-1.19921875,-0.021484375,0.326171875,-0.466796875,-0.18304443359375,-0.733154296875,0.1910400390625,0.62646484375,10.5625,0.16796875,-2.2265625,-0.16796875,0.306640625,-1.076171875,0.06219482421875,-0.74224853515625,-0.16766357421875,0.64581298828125,88.505859375,17051,23542
3.520095111000046,9.91015625,-3.44921875,-1.19921875,-0.021484375,0.326171875,-0.466796875,-0.18304443359375,-0.733154296875,0.1910400390625,0.62646484375,10.5625,0.16796875,-2.2265625,-0.16796875,0.306640625,-1.076171875,0.06219482421875,-0.74224853515625,-0.16766357421875,0.64581298828125,88.857421875,17051,23542
3.5300615410005776,9.90625,-3.44921875,-1.0859375,0.060546875,0.451171875,-0.814453125,-0.18304443359375,-0.733154296875,0.1910400390625,0.62646484375,10.5625,0.16796875,-2.2265625,-0.115234375,0.4453125,-1.3046875,0.080322265625,-0.735107421875,-0.18505859375,0.647216796875,89.033203125,17051,22493
3.540128776000529,9.90625,-3.44921875,-1.0859375,0.060546875,0.451171875,-0.814453125,-0.17242431640625,-0.730224609375,0.17974853515625,0.63616943359375,10.5625,0.16796875,-2.2265625,-0.115234375,0.4453125,-1.3046875,0.080322265625,-0.735107421875,-0.18505859375,0.647216796875,89.296875,17641,22493
3.550048068000251,9.90625,-3.44921875,-1.0859375,0.060546875,0.451171875,-0.814453125,-0.17242431640625,-0.730224609375,0.17974853515625,0.63616943359375,10.30078125,1.0859375,-1.57421875,-0.115234375,0.4453125,-1.3046875,0.080322265625,-0.735107421875,-0.18505859375,0.647216796875,89.47265625,17919,22037
3.5601709540005686,9.90625,-3.44921875,-1.0859375,0.060546875,0.451171875,-0.814453125,-0.17242431640625,-0.730224609375,0.17974853515625,0.63616943359375,10.30078125,1.0859375,-1.57421875,-0.115234375,0.4453125,-1.3046875,0.080322265625,-0.735107421875,-0.18505859375,0.647216796875,89.47265625,17919,22037
3.570069348999823,10.25390625,-3.03125,-0.89453125,0.154296875,0.4921875,-1.171875,-0.17242431640625,-0.730224609375,0.17974853515625,0.63616943359375,10.30078125,1.0859375,-1.57421875,-0.01953125,0.521484375,-1.421875,0.10211181640625,-0.72625732421875,-0.20294189453125,0.6488037109375,89.560546875,17919,21289
3.580075429000317,10.25390625,-3.03125,-0.89453125,0.154296875,0.4921875,-1.171875,-0.15582275390625,-0.72711181640625,0.1651611328125,0.64788818359375,11.40625,2.3515625,-1.99609375,-0.01953125,0.521484375,-1.421875,0.10211181640625,-0.72625732421875,-0.20294189453125,0.6488037109375,89.6484375,17779,21289
3.590083973000219,12.546875,-4.1796875,-1.5078125,0.154296875,0.4921875,-1.171875,-0.15582275390625,-0.72711181640625,0.1651611328125,0.64788818359375,11.40625,2.3515625,-1.99609375,-0.01953125,0.521484375,-1.421875,0.10211181640625,-0.72625732421875,-0.20294189453125,0.6488037109375,89.560546875,18423,19962
3.600070020000203,12.546875,-4.1796875,-1.5078125,0.08203125,0.59375,-1.421875,-0.15582275390625,-0.72711181640625,0.1651611328125,0.64788818359375,11.40625,2.3515625,-1.99609375,-0.01953125,0.521484375,-1.421875,0.10211181640625,-0.72625732421875,-0.20294189453125,0.6488037109375,89.560546875,18423,19962
3.6100652200002514,12.546875,-4.1796875,-1.5078125,0.08203125,0.59375,-1.421875,-0.15582275390625,-0.72711181640625,0.1651611328125,0.64788818359375,11.40625,2.3515625,-1.99609375,-0.01953125,0.521484375,-1.421875,0.10211181640625,-0.72625732421875,-0.20294189453125,0.6488037109375,89.560546875,18423,18942
3.6200769960005346,11.8984375,-4.6015625,-1.125,0.08203125,0.59375,-1.421875,-0.135498046875,-0.72314453125,0.146240234375,0.66131591796875,12.2890625,2.08203125,-1.91796875,-0.18359375,0.52734375,-1.37109375,0.122802734375,-0.71624755859375,-0.22113037109375,0.650390625,89.47265625,19076,18942
3.630076100000224,11.8984375,-4.6015625,-1.125,0.08203125,0.59375,-1.421875,-0.135498046875,-0.72314453125,0.146240234375,0.66131591796875,12.2890625,2.08203125,-1.91796875,-0.18359375,0.52734375,-1.37109375,0.122802734375,-0.71624755859375,-0.22113037109375,0.650390625,89.384765625,20546,16869
3.6400703389999762,11.8984375,-4.6015625,-1.125,0.2734375,0.58203125,-1.810546875,-0.135498046875,-0.72314453125,0.146240234375,0.66131591796875,12.2890625,2.08203125,-1.91796875,-0.18359375,0.52734375,-1.37109375,0.122802734375,-0.71624755859375,-0.22113037109375,0.650390625,89.296875,20546,16869
3.6500768679998146,11.8984375,-4.6015625,-1.125,0.2734375,0.58203125,-1.810546875,-0.135498046875,-0.72314453125,0.146240234375,0.66131591796875,12.29296875,0.2421875,-1.23046875,0.11328125,0.53125,-1.64453125,0.14801025390625,-0.70550537109375,-0.2391357421875,0.6505126953125,89.12109375,21860,15638
3.660069635000582,12.546875,-4.140625,-0.89453125,0.2734375,0.58203125,-1.810546875,-0.1082763671875,-0.71881103515625,0.1243896484375,0.6754150390625,12.29296875,0.2421875,-1.23046875,0.11328125,0.53125,-1.64453125,0.14801025390625,-0.70550537109375,-0.2391357421875,0.6505126953125,89.033203125,21860,15638
3.6700778270005685,12.546875,-4.140625,-0.89453125,0.2734375,0.58203125,-1.810546875,-0.1082763671875,-0.71881103515625,0.1243896484375,0.6754150390625,11.56640625,1.203125,-0.80859375,0.11328125,0.53125,-1.64453125,0.14801025390625,-0.70550537109375,-0.2391357421875,0.6505126953125,88.857421875,23083,12943
3.680066755000553,12.546875,-4.140625,-0.89453125,0.2734375,0.58203125,-1.810546875,-0.1082763671875,-0.71881103515625,0.1243896484375,0.6754150390625,11.56640625,1.203125,-0.80859375,0.064453125,0.4375,-1.931640625,0.14801025390625,-0.70550537109375,-0.2391357421875,0.6505126953125,88.681640625,23083,9404
3.6900772830003916,12.546875,-4.140625,-0.89453125,0.2734375,0.58203125,-1.810546875,-0.1082763671875,-0.71881103515625,0.1243896484375,0.6754150390625,11.56640625,1.203125,-0.80859375,0.064453125,0.4375,-1.931640625,0.17730712890625,-0.69403076171875,-0.2603759765625,0.6473388671875,88.330078125,23083,9404
3.7000749790004193,12.2421875,-3.296875,-0.47265625,0.19140625,0.556640625,-2.283203125,-0.074462890625,-0.71466064453125,0.09613037109375,0.68878173828125,11.56640625,1.203125,-0.80859375,0.064453125,0.4375,-1.931640625,0.17730712890625,-0.69403076171875,-0.2603759765625,0.6473388671875,88.154296875,23439,9404
3.710076195000511,12.2421875,-3.296875,-0.47265625,0.19140625,0.556640625,-2.283203125,-0.074462890625,-0.71466064453125,0.09613037109375,0.68878173828125,10.2578125,1.27734375,-0.46484375,0.064453125,0.4375,-1.931640625,0.17730712890625,-0.69403076171875,-0.2603759765625,0.6473388671875,87.890625,23984,2961
3.7200671059999877,12.2421875,-3.296875,-0.47265625,0.19140625,0.556640625,-2.283203125,-0.074462890625,-0.71466064453125,0.09613037109375,0.68878173828125,10.2578125,1.27734375,-0.46484375,0.064453125,0.4375,-1.931640625,0.17730712890625,-0.69403076171875,-0.2603759765625,0.6473388671875,87.626953125,23984,2961
3.7300845150002715,11.8984375,-2.5703125,-0.3203125,0.06640625,0.59765625,-2.875,-0.074462890625,-0.71466064453125,0.09613037109375,0.68878173828125,10.2578125,1.27734375,-0.46484375,-0.06640625,0.369140625,-2.357421875,0.2098388671875,-0.6802978515625,-0.28839111328125,0.64031982421875,87.275390625,23984,2054
3.740066114000001,11.8984375,-2.5703125,-0.3203125,0.06640625,0.59765625,-2.875,-0.03302001953125,-0.709228515625,0.05682373046875,0.701904296875,9.45703125,-0.1015625,-1.078125,-0.06640625,0.369140625,-2.357421875,0.2098388671875,-0.6802978515625,-0.28839111328125,0.64031982421875,86.923828125,24094,2054
3.7500770260003264,12.359375,-2.26171875,-1.046875,0.06640625,0.59765625,-2.875,-0.03302001953125,-0.709228515625,0.05682373046875,0.701904296875,9.45703125,-0.1015625,-1.078125,-0.06640625,0.369140625,-2.357421875,0.2098388671875,-0.6802978515625,-0.28839111328125,0.64031982421875,86.572265625,24094,1836
3.7600665930003743,12.359375,-2.26171875,-1.046875,-0.16796875,0.765625,-3.47265625,-0.03302001953125,-0.709228515625,0.05682373046875,0.701904296875,9.45703125,-0.1015625,-1.078125,-0.06640625,0.369140625,-2.357421875,0.2098388671875,-0.6802978515625,-0.28839111328125,0.64031982421875,86.1328125,24121,1836
3.7700754260004032,12.359375,-2.26171875,-1.046875,-0.16796875,0.765625,-3.47265625,-0.03302001953125,-0.709228515625,0.05682373046875,0.701904296875,9.453125,2.50390625,-1.765625,-0.40234375,0.298828125,-2.83203125,0.24432373046875,-0.66253662109375,-0.32489013671875,0.629150390625,85.78125,23127,1654
3.780064577000303,15.078125,-2.0703125,-0.359375,-0.16796875,0.765625,-3.47265625,0.01458740234375,-0.69921875,0.00555419921875,0.7147216796875,9.453125,2.50390625,-1.765625,-0.40234375,0.298828125,-2.83203125,0.24432373046875,-0.66253662109375,-0.32489013671875,0.629150390625,85.25390625,23127,1654
3.790080257000227,15.078125,-2.0703125,-0.359375,-0.16796875,0.765625,-3.47265625,0.01458740234375,-0.69921875,0.00555419921875,0.7147216796875,9.453125,2.50390625,-1.765625,-0.40234375,0.298828125,-2.83203125,0.24432373046875,-0.66253662109375,-0.32489013671875,0.629150390625,84.7265625,20724,1215
3.80006595299983,15.078125,-2.0703125,-0.359375,-0.16796875,0.765625,-3.47265625,0.01458740234375,-0.69921875,0.00555419921875,0.7147216796875,10.9453125,3.8828125,-1.15234375,-0.412109375,0.400390625,-2.9140625,0.24432373046875,-0.66253662109375,-0.32489013671875,0.629150390625,84.111328125,20724,1215
3.810077633000219,15.078125,-2.0703125,-0.359375,-0.16796875,0.765625,-3.47265625,0.01458740234375,-0.69921875,0.00555419921875,0.7147216796875,10.9453125,3.8828125,-1.15234375,-0.412109375,0.400390625,-2.9140625,0.24432373046875,-0.66253662109375,-0.32489013671875,0.629150390625,83.3203125,20724,815
3.820076224999866,15.12109375,-2.1484375,-0.43359375,-0.115234375,0.671875,-3.88671875,0.06732177734375,-0.68511962890625,-0.0528564453125,0.723388671875,10.9453125,3.8828125,-1.15234375,-0.412109375,0.400390625,-2.9140625,0.2783203125,-0.63958740234375,-0.364990234375,0.61663818359375,82.6171875,13725,815
3.830064992000189,15.12109375,-2.1484375,-0.43359375,-0.115234375,0.671875,-3.88671875,0.06732177734375,-0.68511962890625,-0.0528564453125,0.723388671875,7.76953125,6.2578125,-1.23046875,-0.412109375,0.400390625,-2.9140625,0.2783203125,-0.63958740234375,-0.364990234375,0.61663818359375,82.08984375,2412,324
3.8400870089999444,15.12109375,-2.1484375,-0.43359375,-0.115234375,0.671875,-3.88671875,0.06732177734375,-0.68511962890625,-0.0528564453125,0.723388671875,7.76953125,6.2578125,-1.23046875,-0.541015625,0.45703125,-2.220703125,0.2783203125,-0.63958740234375,-0.364990234375,0.61663818359375,81.474609375,2412,390
3.850121473999934,15.12109375,-2.1484375,-0.43359375,-0.115234375,0.671875,-3.88671875,0.06732177734375,-0.68511962890625,-0.0528564453125,0.723388671875,7.76953125,6.2578125,-1.23046875,-0.541015625,0.45703125,-2.220703125,0.2783203125,-0.63958740234375,-0.364990234375,0.61663818359375,80.68359375,2412,390
3.8600818559998515,9.48828125,-3.22265625,-0.51171875,-0.166015625,0.587890625,-3.337890625,0.1158447265625,-0.66876220703125,-0.10699462890625,0.72650146484375,7.76953125,6.2578125,-1.23046875,-0.541015625,0.45703125,-2.220703125,0.2783203125,-0.63958740234375,-0.364990234375,0.61663818359375,79.8046875,271,390
3.870064190999983,9.48828125,-3.22265625,-0.51171875,-0.166015625,0.587890625,-3.337890625,0.1158447265625,-0.66876220703125,-0.10699462890625,0.72650146484375,3.671875,6.3359375,-0.76953125,-0.541015625,0.45703125,-2.220703125,0.30548095703125,-0.61663818359375,-0.39788818359375,0.60675048828125,79.453125,6,316
3.880067838999821,9.48828125,-3.22265625,-0.51171875,-0.166015625,0.587890625,-3.337890625,0.1158447265625,-0.66876220703125,-0.10699462890625,0.72650146484375,3.671875,6.3359375,-0.76953125,-0.541015625,0.45703125,-2.220703125,0.30548095703125,-0.61663818359375,-0.39788818359375,0.60675048828125,78.92578125,6,316
3.8900651510002717,4.62109375,-5.44140625,-0.51171875,0.037109375,0.494140625,-1.53125,0.1158447265625,-0.66876220703125,-0.10699462890625,0.72650146484375,3.671875,6.3359375,-0.76953125,-0.3984375,0.490234375,-0.9375,0.31854248046875,-0.59979248046875,-0.4150390625,0.60540771484375,78.486328125,6,185
3.900071167000533,4.62109375,-5.44140625,-0.51171875,0.037109375,0.494140625,-1.53125,0.14794921875,-0.65423583984375,-0.13983154296875,0.7283935546875,0.60546875,6.30078125,-0.46484375,-0.3984375,0.490234375,-0.9375,0.31854248046875,-0.59979248046875,-0.4150390625,0.60540771484375,78.046875,4,185
3.9100670070001797,3.3203125,-8.546875,-1.46875,0.037109375,0.494140625,-1.53125,0.14794921875,-0.65423583984375,-0.13983154296875,0.7283935546875,0.60546875,6.30078125,-0.46484375,-0.3984375,0.490234375,-0.9375,0.31854248046875,-0.59979248046875,-0.4150390625,0.60540771484375,77.6953125,3,289
3.9200686390004194,3.3203125,-8.546875,-1.46875,0.037109375,0.494140625,-1.53125,0.14794921875,-0.65423583984375,-0.13983154296875,0.7283935546875,0.60546875,6.30078125,-0.46484375,-0.3984375,0.490234375,-0.9375,0.31854248046875,-0.59979248046875,-0.4150390625,0.60540771484375,77.51953125,3,289
3.9300795830004063,3.3203125,-8.546875,-1.46875,0.037109375,0.494140625,-1.53125,0.14794921875,-0.65423583984375,-0.13983154296875,0.7283935546875,2.59765625,1.0859375,-0.9609375,0.546875,0.482421875,0.677734375,0.31854248046875,-0.59979248046875,-0.4150390625,0.60540771484375,77.34375,3,638
3.94007180600056,3.3203125,-8.546875,-1.46875,0.876953125,0.060546875,0.21875,0.1614990234375,-0.6536865234375,-0.13397216796875,0.72711181640625,2.59765625,1.0859375,-0.9609375,0.546875,0.482421875,0.677734375,0.31982421875,-0.59906005859375,-0.40313720703125,0.61346435546875,77.34375,3,638
3.9500605419998465,3.20703125,-4.484375,-2.42578125,0.876953125,0.060546875,0.21875,0.1614990234375,-0.6536865234375,-0.13397216796875,0.72711181640625,2.59765625,1.0859375,-0.9609375,0.546875,0.482421875,0.677734375,0.31982421875,-0.59906005859375,-0.40313720703125,0.61346435546875,77.431640625,3,1025
3.9600726380003834,3.20703125,-4.484375,-2.42578125,0.876953125,0.060546875,0.21875,0.1614990234375,-0.6536865234375,-0.13397216796875,0.72711181640625,2.59765625,1.0859375,-0.9609375,0.546875,0.482421875,0.677734375,0.31982421875,-0.59906005859375,-0.40313720703125,0.61346435546875,77.431640625,5,1025
3.9700639339998816,3.20703125,-4.484375,-2.42578125,0.876953125,0.060546875,0.21875,0.1614990234375,-0.6536865234375,-0.13397216796875,0.72711181640625,1.10546875,4.53515625,-1.078125,0.71875,0.19921875,1.646484375,0.31982421875,-0.59906005859375,-0.40313720703125,0.61346435546875,77.51953125,5,2302
3.98007903800044,3.20703125,-4.484375,-2.42578125,0.77734375,-0.21484375,1.80859375,0.15667724609375,-0.6612548828125,-0.10491943359375,0.72607421875,1.10546875,4.53515625,-1.078125,0.71875,0.19921875,1.646484375,0.31982421875,-0.59906005859375,-0.40313720703125,0.61346435546875,77.51953125,5,2302
3.990072190000319,3.28515625,-3.18359375,-3.23046875,0.77734375,-0.21484375,1.80859375,0.15667724609375,-0.6612548828125,-0.10491943359375,0.72607421875,1.3359375,4.49609375,-0.88671875,0.71875,0.19921875,1.646484375,0.31427001953125,-0.6104736328125,-0.37493896484375,0.62286376953125,77.607421875,5,3478
4.000062236999838,3.28515625,-3.18359375,-3.23046875,0.77734375,-0.21484375,1.80859375,0.15667724609375,-0.6612548828125,-0.10491943359375,0.72607421875,1.3359375,4.49609375,-0.88671875,0.71875,0.19921875,1.646484375,0.31427001953125,-0.6104736328125,-0.37493896484375,0.62286376953125,77.6953125,5,3478
4.010071100999994,5.04296875,-3.10546875,-2.54296875,0.404296875,-0.4453125,2.75,0.15667724609375,-0.6612548828125,-0.10491943359375,0.72607421875,1.3359375,4.49609375,-0.88671875,0.71875,0.19921875,1.646484375,0.31427001953125,-0.6104736328125,-0.37493896484375,0.62286376953125,77.783203125,4,3478
4.020061500999873,5.04296875,-3.10546875,-2.54296875,0.404296875,-0.4453125,2.75,0.15667724609375,-0.6612548828125,-0.10491943359375,0.72607421875,1.3359375,4.49609375,-0.88671875,0.517578125,-0.189453125,2.572265625,0.29071044921875,-0.63055419921875,-0.33795166015625,0.63531494140625,77.87109375,4,6715
4.030067708999923,5.04296875,-3.10546875,-2.54296875,0.404296875,-0.4453125,2.75,0.1309814453125,-0.67474365234375,-0.064453125,0.7235107421875,3.05859375,4.265625,-0.46484375,0.517578125,-0.189453125,2.572265625,0.29071044921875,-0.63055419921875,-0.33795166015625,0.63531494140625,77.958984375,3,6715
4.040066333000141,7.2265625,-3.44921875,-2.15625,0.34765625,-0.841796875,3.697265625,0.1309814453125,-0.67474365234375,-0.064453125,0.7235107421875,3.05859375,4.265625,-0.46484375,0.517578125,-0.189453125,2.572265625,0.29071044921875,-0.63055419921875,-0.33795166015625,0.63531494140625,78.046875,3,9492
4.050070940999831,7.2265625,-3.44921875,-2.15625,0.34765625,-0.841796875,3.697265625,0.1309814453125,-0.67474365234375,-0.064453125,0.7235107421875,3.05859375,4.265625,-0.46484375,0.517578125,-0.189453125,2.572265625,0.29071044921875,-0.63055419921875,-0.33795166015625,0.63531494140625,78.134765625,4,9492
4.060061308000513,7.2265625,-3.44921875,-2.15625,0.34765625,-0.841796875,3.697265625,0.0887451171875,-0.693359375,-0.01171875,0.71502685546875,4.2421875,3.8828125,0.1484375,0.51171875,-0.51171875,3.46484375,0.2525634765625,-0.656982421875,-0.29205322265625,0.64752197265625,78.310546875,3,10666
4.070071996000479,9.6796875,-2.76171875,-2.08203125,0.34765625,-0.841796875,3.697265625,0.0887451171875,-0.693359375,-0.01171875,0.71502685546875,4.2421875,3.8828125,0.1484375,0.51171875,-0.51171875,3.46484375,0.2525634765625,-0.656982421875,-0.29205322265625,0.64752197265625,78.3984375,3,10666
4.080060891999892,9.6796875,-2.76171875,-2.08203125,0.107421875,-1.0859375,4.2421875,0.0887451171875,-0.693359375,-0.01171875,0.71502685546875,4.2421875,3.8828125,0.1484375,0.51171875,-0.51171875,3.46484375,0.2525634765625,-0.656982421875,-0.29205322265625,0.64752197265625,78.3984375,3,12201
4.090076956000303,9.6796875,-2.76171875,-2.08203125,0.107421875,-1.0859375,4.2421875,0.0887451171875,-0.693359375,-0.01171875,0.71502685546875,4.2421875,3.8828125,0.1484375,0.51171875,-0.51171875,3.46484375,0.2525634765625,-0.656982421875,-0.29205322265625,0.64752197265625,78.486328125,4,12201
4.100085531999866,9.6796875,-2.76171875,-2.08203125,0.107421875,-1.0859375,4.2421875,0.0887451171875,-0.693359375,-0.01171875,0.71502685546875,5.85546875,3.38671875,-0.00390625,0.470703125,-0.890625,4.025390625,0.20123291015625,-0.688232421875,-0.23712158203125,0.6553955078125,78.57421875,4,12936
4.11006802600059,12.16796875,-3.296875,-1.62109375,0.107421875,-1.0859375,4.2421875,0.0357666015625,-0.7125244140625,0.04541015625,0.69927978515625,5.85546875,3.38671875,-0.00390625,0.470703125,-0.890625,4.025390625,0.20123291015625,-0.688232421875,-0.23712158203125,0.6553955078125,78.662109375,3,12936
4.120062682000025,12.16796875,-3.296875,-1.62109375,0.107421875,-1.0859375,4.2421875,0.0357666015625,-0.7125244140625,0.04541015625,0.69927978515625,5.85546875,3.38671875,-0.00390625,0.470703125,-0.890625,4.025390625,0.20123291015625,-0.688232421875,-0.23712158203125,0.6553955078125,78.75,3,13539
4.130067641000096,12.16796875,-3.296875,-1.62109375,0.107421875,-1.0859375,4.2421875,0.0357666015625,-0.7125244140625,0.04541015625,0.69927978515625,7.96484375,3.1171875,-0.38671875,0.552734375,-1.048828125,4.509765625,0.20123291015625,-0.688232421875,-0.23712158203125,0.6553955078125,78.75,3,13539
4.140070072000526,15.3125,-3.640625,-1.046875,0.126953125,-1.220703125,4.638671875,-0.0262451171875,-0.72930908203125,0.10882568359375,0.6749267578125,7.96484375,3.1171875,-0.38671875,0.552734375,-1.048828125,4.509765625,0.20123291015625,-0.688232421875,-0.23712158203125,0.6553955078125,78.837890625,3,13442
4.150061207000363,15.3125,-3.640625,-1.046875,0.126953125,-1.220703125,4.638671875,-0.0262451171875,-0.72930908203125,0.10882568359375,0.6749267578125,10.76171875,2.84765625,-1.95703125,0.552734375,-1.048828125,4.509765625,0.1416015625,-0.71905517578125,-0.175537109375,0.6573486328125,78.837890625,4,12807
4.1600650150003275,15.3125,-3.640625,-1.046875,0.126953125,-1.220703125,4.638671875,-0.0262451171875,-0.72930908203125,0.10882568359375,0.6749267578125,10.76171875,2.84765625,-1.95703125,0.552734375,-1.048828125,4.509765625,0.1416015625,-0.71905517578125,-0.175537109375,0.6573486328125,78.92578125,4,12807
4.1700643740005034,15.3125,-3.640625,-1.046875,0.126953125,-1.220703125,4.638671875,-0.0262451171875,-0.72930908203125,0.10882568359375,0.6749267578125,10.76171875,2.84765625,-1.95703125,0.552734375,-1.048828125,4.509765625,0.1416015625,-0.71905517578125,-0.175537109375,0.6573486328125,79.013671875,2,12807
4.180125271999714,17.953125,-1.45703125,-1.19921875,-0.091796875,-0.9453125,4.7265625,-0.091552734375,-0.73748779296875,0.17095947265625,0.64691162109375,12.1328125,4.765625,-2.83984375,0.365234375,-0.931640625,4.595703125,0.07623291015625,-0.74346923828125,-0.10968017578125,0.6552734375,79.1015625,2,12068
4.190063060999819,17.953125,-1.45703125,-1.19921875,-0.091796875,-0.9453125,4.7265625,-0.091552734375,-0.73748779296875,0.17095947265625,0.64691162109375,12.1328125,4.765625,-2.83984375,0.365234375,-0.931640625,4.595703125,0.07623291015625,-0.74346923828125,-0.10968017578125,0.6552734375,79.189453125,2,12068
4.200073044000419,19.140625,0.03515625,-0.6640625,-0.765625,-0.607421875,4.5234375,-0.091552734375,-0.73748779296875,0.17095947265625,0.64691162109375,12.1328125,4.765625,-2.83984375,0.365234375,-0.931640625,4.595703125,0.07623291015625,-0.74346923828125,-0.10968017578125,0.6552734375,79.27734375,2,11900
4.210064403000615,19.140625,0.03515625,-0.6640625,-0.765625,-0.607421875,4.5234375,-0.091552734375,-0.73748779296875,0.17095947265625,0.64691162109375,12.1328125,4.765625,-2.83984375,0.365234375,-0.931640625,4.595703125,0.07623291015625,-0.74346923828125,-0.10968017578125,0.6552734375,79.453125,4,11900
4.220072211000115,19.140625,0.03515625,-0.6640625,-0.765625,-0.607421875,4.5234375,-0.162353515625,-0.7373046875,0.22064208984375,0.6175537109375,13.13671875,4.80078125,-2.53125,-0.435546875,-0.828125,4.373046875,0.00421142578125,-0.7581787109375,-0.05474853515625,0.64971923828125,79.541015625,4,11839
4.230065937999825,18.72265625,0.49609375,-0.203125,-0.765625,-0.607421875,4.5234375,-0.162353515625,-0.7373046875,0.22064208984375,0.6175537109375,13.13671875,4.80078125,-2.53125,-0.435546875,-0.828125,4.373046875,0.00421142578125,-0.7581787109375,-0.05474853515625,0.64971923828125,79.62890625,4,11839
4.240114611000536,18.72265625,0.49609375,-0.203125,-0.765625,-0.607421875,4.5234375,-0.162353515625,-0.7373046875,0.22064208984375,0.6175537109375,13.44140625,2.12109375,-0.6953125,-0.501953125,-0.853515625,3.703125,0.00421142578125,-0.7581787109375,-0.05474853515625,0.64971923828125,79.62890625,4,11415
4.250081041000158,18.72265625,0.49609375,-0.203125,-0.748046875,-0.6171875,3.791015625,-0.162353515625,-0.7373046875,0.22064208984375,0.6175537109375,13.44140625,2.12109375,-0.6953125,-0.501953125,-0.853515625,3.703125,0.00421142578125,-0.7581787109375,-0.05474853515625,0.64971923828125,79.716796875,5,11415
4.260066992000247,18.72265625,0.49609375,-0.203125,-0.748046875,-0.6171875,3.791015625,-0.162353515625,-0.7373046875,0.22064208984375,0.6175537109375,13.44140625,2.12109375,-0.6953125,-0.501953125,-0.853515625,3.703125,-0.0628662109375,-0.76654052734375,-0.01226806640625,0.6390380859375,79.716796875,5,11530
4.270071375000043,17.0703125,3.40625,-0.05078125,-0.748046875,-0.6171875,3.791015625,-0.2266845703125,-0.7330322265625,0.2576904296875,0.5872802734375,13.44140625,2.12109375,-0.6953125,-0.501953125,-0.853515625,3.703125,-0.0628662109375,-0.76654052734375,-0.01226806640625,0.6390380859375,79.716796875,5,11530
4.280066125999838,17.0703125,3.40625,-0.05078125,-0.748046875,-0.6171875,3.791015625,-0.2266845703125,-0.7330322265625,0.2576904296875,0.5872802734375,13.44140625,2.12109375,-0.6953125,-0.501953125,-0.853515625,3.703125,-0.0628662109375,-0.76654052734375,-0.01226806640625,0.6390380859375,79.716796875,5,11336
4.290067437999824,17.0703125,3.40625,-0.05078125,-0.072265625,-0.865234375,2.107421875,-0.2266845703125,-0.7330322265625,0.2576904296875,0.5872802734375,12.90234375,0.28125,0.5703125,0.228515625,-0.837890625,2.21484375,-0.0628662109375,-0.76654052734375,-0.01226806640625,0.6390380859375,79.8046875,3,11336
4.300061292999999,17.0703125,3.40625,-0.05078125,-0.072265625,-0.865234375,2.107421875,-0.2266845703125,-0.7330322265625,0.2576904296875,0.5872802734375,12.90234375,0.28125,0.5703125,0.228515625,-0.837890625,2.21484375,-0.0628662109375,-0.76654052734375,-0.01226806640625,0.6390380859375,79.8046875,3,11384
4.310075276000134,15.0390625,9.57421875,1.09765625,-0.072265625,-0.865234375,2.107421875,-0.2618408203125,-0.7310791015625,0.28692626953125,0.56097412109375,11.68359375,1.69921875,-0.234375,0.228515625,-0.837890625,2.21484375,-0.103271484375,-0.7730712890625,0.02447509765625,0.62542724609375,79.8046875,2,11384
4.320084556000438,15.0390625,9.57421875,1.09765625,-0.072265625,-0.865234375,2.107421875,-0.2618408203125,-0.7310791015625,0.28692626953125,0.56097412109375,11.68359375,1.69921875,-0.234375,0.3203125,-0.279296875,-0.099609375,-0.103271484375,-0.7730712890625,0.02447509765625,0.62542724609375,79.8046875,2,11384
4.33006173800004,15.0390625,9.57421875,1.09765625,-0.072265625,-0.865234375,2.107421875,-0.2618408203125,-0.7310791015625,0.28692626953125,0.56097412109375,11.68359375,1.69921875,-0.234375,0.3203125,-0.279296875,-0.099609375,-0.103271484375,-0.7730712890625,0.02447509765625,0.62542724609375,79.62890625,2,11729
4.340078377999816,15.16015625,13.6328125,4.0859375,0.23828125,-0.37890625,-0.23828125,-0.2618408203125,-0.7310791015625,0.28692626953125,0.56097412109375,13.90234375,2.6171875,-0.00390625,0.3203125,-0.279296875,-0.099609375,-0.1068115234375,-0.7774658203125,0.03759765625,0.61865234375,79.453125,6,11729
4.350070409000182,15.16015625,13.6328125,4.0859375,0.23828125,-0.37890625,-0.23828125,-0.26116943359375,-0.734375,0.29571533203125,0.55224609375,13.90234375,2.6171875,-0.00390625,0.3203125,-0.279296875,-0.099609375,-0.1068115234375,-0.7774658203125,0.03759765625,0.61865234375,79.365234375,8,22408
4.360038311000608,15.16015625,13.6328125,4.0859375,0.23828125,-0.37890625,-0.23828125,-0.26116943359375,-0.734375,0.29571533203125,0.55224609375,13.90234375,2.6171875,-0.00390625,0.3203125,-0.279296875,-0.099609375,-0.1068115234375,-0.7774658203125,0.03759765625,0.61865234375,79.1015625,8,22408
4.370064552000258,15.16015625,13.6328125,4.0859375,0.23828125,-0.37890625,-0.23828125,-0.26116943359375,-0.734375,0.29571533203125,0.55224609375,12.75390625,-2.66796875,-0.76953125,0.955078125,0.271484375,-1.9609375,-0.1068115234375,-0.7774658203125,0.03759765625,0.61865234375,78.75,8,24024
4.380071207000583,16.23046875,1.64453125,3.93359375,0.734375,0.30859375,-2.1484375,-0.22125244140625,-0.73809814453125,0.2835693359375,0.57086181640625,12.75390625,-2.66796875,-0.76953125,0.955078125,0.271484375,-1.9609375,-0.0694580078125,-0.77716064453125,0.031005859375,0.62469482421875,78.310546875,3,24024
4.390062502000546,9.640625,-6.62890625,0.63671875,0.734375,0.30859375,-2.1484375,-0.22125244140625,-0.73809814453125,0.2835693359375,0.57086181640625,12.75390625,-2.66796875,-0.76953125,0.955078125,0.271484375,-1.9609375,-0.0694580078125,-0.77716064453125,0.031005859375,0.62469482421875,77.958984375,3,25692
4.400072741999793,9.640625,-6.62890625,0.63671875,0.734375,0.30859375,-2.1484375,-0.22125244140625,-0.73809814453125,0.2835693359375,0.57086181640625,12.75390625,-2.66796875,-0.76953125,0.955078125,0.271484375,-1.9609375,-0.0694580078125,-0.77716064453125,0.031005859375,0.62469482421875,77.783203125,4,25692
4.410061956999925,9.640625,-6.62890625,0.63671875,0.734375,0.30859375,-2.1484375,-0.22125244140625,-0.73809814453125,0.2835693359375,0.57086181640625,9.37890625,-2.7421875,-1.61328125,-0.12890625,0.36328125,-2.044921875,-0.0694580078125,-0.77716064453125,0.031005859375,0.62469482421875,77.51953125,4,25717
4.420068131999869,9.640625,-6.62890625,0.63671875,-0.2109375,0.7265625,-2.595703125,-0.1868896484375,-0.74005126953125,0.24932861328125,0.59600830078125,9.37890625,-2.7421875,-1.61328125,-0.12890625,0.36328125,-2.044921875,-0.03875732421875,-0.77545166015625,0.0076904296875,0.63018798828125,77.431640625,5,25717
4.430061826999918,9.5234375,-5.25,-2.34765625,-0.2109375,0.7265625,-2.595703125,-0.1868896484375,-0.74005126953125,0.24932861328125,0.59600830078125,7.58203125,-0.484375,-1.23046875,-0.12890625,0.36328125,-2.044921875,-0.03875732421875,-0.77545166015625,0.0076904296875,0.63018798828125,77.34375,5,26138
4.440073538999968,9.5234375,-5.25,-2.34765625,-0.2109375,0.7265625,-2.595703125,-0.1868896484375,-0.74005126953125,0.24932861328125,0.59600830078125,7.58203125,-0.484375,-1.23046875,-0.1953125,0.158203125,-1.841796875,-0.03875732421875,-0.77545166015625,0.0076904296875,0.63018798828125,77.431640625,2,25792
4.450061442000333,9.5234375,-5.25,-2.34765625,-0.2109375,0.7265625,-2.595703125,-0.1868896484375,-0.74005126953125,0.24932861328125,0.59600830078125,7.58203125,-0.484375,-1.23046875,-0.1953125,0.158203125,-1.841796875,-0.03875732421875,-0.77545166015625,0.0076904296875,0.63018798828125,77.6953125,2,25792
4.460068193000552,12.703125,-5.94140625,-1.23828125,-0.0546875,0.296875,-1.83984375,-0.15936279296875,-0.7430419921875,0.22125244140625,0.6112060546875,9.95703125,6.640625,-0.88671875,-0.1953125,0.158203125,-1.841796875,-0.0126953125,-0.7734375,-0.01959228515625,0.63348388671875,77.958984375,4,25792
4.470065473000432,12.703125,-5.94140625,-1.23828125,-0.0546875,0.296875,-1.83984375,-0.15936279296875,-0.7430419921875,0.22125244140625,0.6112060546875,9.95703125,6.640625,-0.88671875,-0.1953125,0.158203125,-1.841796875,-0.0126953125,-0.7734375,-0.01959228515625,0.63348388671875,78.046875,4,26167
4.480082304999996,12.703125,-5.94140625,-1.23828125,-0.0546875,0.296875,-1.83984375,-0.15936279296875,-0.7430419921875,0.22125244140625,0.6112060546875,9.95703125,6.640625,-0.88671875,-0.9140625,0.029296875,-0.591796875,-0.0126953125,-0.7734375,-0.01959228515625,0.63348388671875,78.22265625,4,25847
4.490062943000339,12.703125,-5.94140625,-1.23828125,-0.0546875,0.296875,-1.83984375,-0.15936279296875,-0.7430419921875,0.22125244140625,0.6112060546875,9.95703125,6.640625,-0.88671875,-0.9140625,0.029296875,-0.591796875,-0.0126953125,-0.7734375,-0.01959228515625,0.63348388671875,78.486328125,4,25847
4.500072382999861,9.94921875,-4.21875,-1.9296875,-0.404296875,-0.10546875,-0.345703125,-0.15374755859375,-0.74627685546875,0.20843505859375,0.6131591796875,8.7265625,2.88671875,-1.84375,-0.9140625,0.029296875,-0.591796875,-0.01007080078125,-0.77252197265625,-0.042236328125,0.63348388671875,78.662109375,1793,25847
4.510046684999907,9.94921875,-4.21875,-1.9296875,-0.404296875,-0.10546875,-0.345703125,-0.15374755859375,-0.74627685546875,0.20843505859375,0.6131591796875,8.7265625,2.88671875,-1.84375,-0.9140625,0.029296875,-0.591796875,-0.01007080078125,-0.77252197265625,-0.042236328125,0.63348388671875,78.837890625,4697,25839
4.520076765999875,9.94921875,-4.21875,-1.9296875,-0.404296875,-0.10546875,-0.345703125,-0.15374755859375,-0.74627685546875,0.20843505859375,0.6131591796875,8.7265625,2.88671875,-1.84375,-0.9140625,0.029296875,-0.591796875,-0.01007080078125,-0.77252197265625,-0.042236328125,0.63348388671875,79.1015625,4697,25839
4.530131006999909,9.0625,-5.09765625,-1.8515625,-0.1796875,0.005859375,-0.2734375,-0.15374755859375,-0.74627685546875,0.20843505859375,0.6131591796875,9.45703125,-2.359375,-0.9609375,-0.2578125,-0.0703125,-0.6953125,-0.01007080078125,-0.77252197265625,-0.042236328125,0.63348388671875,79.27734375,4697,25607
4.540081084000121,9.0625,-5.09765625,-1.8515625,-0.1796875,0.005859375,-0.2734375,-0.15374755859375,-0.74627685546875,0.20843505859375,0.6131591796875,9.45703125,-2.359375,-0.9609375,-0.2578125,-0.0703125,-0.6953125,-0.00616455078125,-0.7725830078125,-0.05633544921875,0.63238525390625,79.541015625,5430,25607
4.550025688999995,9.7578125,-4.25390625,-1.46875,-0.1796875,0.005859375,-0.2734375,-0.1502685546875,-0.74847412109375,0.19964599609375,0.6142578125,9.45703125,-2.359375,-0.9609375,-0.2578125,-0.0703125,-0.6953125,-0.00616455078125,-0.7725830078125,-0.05633544921875,0.63238525390625,79.62890625,5430,25832
4.560085595000601,9.7578125,-4.25390625,-1.46875,-0.1796875,0.005859375,-0.2734375,-0.1502685546875,-0.74847412109375,0.19964599609375,0.6142578125,10.07421875,1.046875,-1.84375,-0.173828125,-0.07421875,-0.44140625,-0.00616455078125,-0.7725830078125,-0.05633544921875,0.63238525390625,79.8046875,6495,25832
4.570077114000014,9.7578125,-4.25390625,-1.46875,-0.1796875,0.005859375,-0.2734375,-0.1502685546875,-0.74847412109375,0.19964599609375,0.6142578125,10.07421875,1.046875,-1.84375,-0.173828125,-0.07421875,-0.44140625,-0.00616455078125,-0.7725830078125,-0.05633544921875,0.63238525390625,79.98046875,6495,25895
4.580073881000317,9.7578125,-4.25390625,-1.46875,-0.103515625,-0.021484375,-0.1484375,-0.1483154296875,-0.7501220703125,0.1949462890625,0.6142578125,10.07421875,1.046875,-1.84375,-0.173828125,-0.07421875,-0.44140625,-0.00244140625,-0.77410888671875,-0.0638427734375,0.62982177734375,80.244140625,6931,25895
4.5900754479998795,10.21484375,-3.3359375,-1.62109375,-0.103515625,-0.021484375,-0.1484375,-0.1483154296875,-0.7501220703125,0.1949462890625,0.6142578125,10.3359375,0.3203125,-2.6875,-0.173828125,-0.07421875,-0.44140625,-0.00244140625,-0.77410888671875,-0.0638427734375,0.62982177734375,80.419921875,6931,26008
4.600081624000268,10.21484375,-3.3359375,-1.62109375,-0.103515625,-0.021484375,-0.1484375,-0.1483154296875,-0.7501220703125,0.1949462890625,0.6142578125,10.3359375,0.3203125,-2.6875,-0.009765625,-0.013671875,-0.431640625,-0.00244140625,-0.77410888671875,-0.0638427734375,0.62982177734375,80.68359375,8842,26008
4.610085334999894,10.21484375,-3.3359375,-1.62109375,-0.103515625,-0.021484375,-0.1484375,-0.1483154296875,-0.7501220703125,0.1949462890625,0.6142578125,10.3359375,0.3203125,-2.6875,-0.009765625,-0.013671875,-0.431640625,-0.00244140625,-0.77410888671875,-0.0638427734375,0.62982177734375,80.947265625,8842,25679
4.620082262999858,10.25,-3.10546875,-1.46875,-0.021484375,0.00390625,-0.044921875,-0.14697265625,-0.75054931640625,0.1925048828125,0.61480712890625,10.3359375,0.3203125,-2.6875,-0.009765625,-0.013671875,-0.431640625,-0.00244140625,-0.77410888671875,-0.0638427734375,0.62982177734375,81.2109375,9103,25679
4.630064373000096,10.25,-3.10546875,-1.46875,-0.021484375,0.00390625,-0.044921875,-0.14697265625,-0.75054931640625,0.1925048828125,0.61480712890625,10.2578125,0.78125,-2.1484375,-0.009765625,-0.013671875,-0.431640625,0.0029296875,-0.7745361328125,-0.069091796875,0.62872314453125,81.38671875,9338,25981
4.6401610490001985,10.25,-3.10546875,-1.46875,-0.021484375,0.00390625,-0.044921875,-0.14697265625,-0.75054931640625,0.1925048828125,0.61480712890625,10.2578125,0.78125,-2.1484375,-0.009765625,-0.013671875,-0.431640625,0.0029296875,-0.7745361328125,-0.069091796875,0.62872314453125,81.650390625,9338,25981
4.650062194999919,10.25,-3.10546875,-1.46875,-0.021484375,0.00390625,-0.044921875,-0.14697265625,-0.75054931640625,0.1925048828125,0.61480712890625,10.18359375,1.35546875,-1.95703125,0.078125,0.0625,-0.4296875,0.0029296875,-0.7745361328125,-0.069091796875,0.62872314453125,81.9140625,9338,25781
4.660070482999799,10.25,-3.10546875,-1.46875,-0.021484375,0.00390625,-0.044921875,-0.14697265625,-0.75054931640625,0.1925048828125,0.61480712890625,10.18359375,1.35546875,-1.95703125,0.078125,0.0625,-0.4296875,0.00982666015625,-0.774169921875,-0.07257080078125,0.62872314453125,82.177734375,9373,25781
4.67006193799989,10.2890625,-2.875,-1.35546875,0.02734375,0.037109375,0.01171875,-0.1458740234375,-0.7501220703125,0.1917724609375,0.6158447265625,10.18359375,1.35546875,-1.95703125,0.078125,0.0625,-0.4296875,0.00982666015625,-0.774169921875,-0.07257080078125,0.62872314453125,82.353515625,9895,25929
4.680072946000109,10.2890625,-2.875,-1.35546875,0.02734375,0.037109375,0.01171875,-0.1458740234375,-0.7501220703125,0.1917724609375,0.6158447265625,10.18359375,1.35546875,-1.95703125,0.078125,0.0625,-0.4296875,0.00982666015625,-0.774169921875,-0.07257080078125,0.62872314453125,82.6171875,9895,25929
4.690059889000622,10.02734375,-3.14453125,-1.27734375,0.005859375,0.046875,-0.03515625,-0.1458740234375,-0.7501220703125,0.1917724609375,0.6158447265625,10.18359375,1.35546875,-1.95703125,0.078125,0.0625,-0.4296875,0.00982666015625,-0.774169921875,-0.07257080078125,0.62872314453125,82.79296875,9895,25581
4.700069552000059,10.02734375,-3.14453125,-1.27734375,0.005859375,0.046875,-0.03515625,-0.144775390625,-0.7496337890625,0.190673828125,0.6170654296875,10.07421875,0.97265625,-1.65234375,0.013671875,0.05859375,-0.412109375,0.01605224609375,-0.77349853515625,-0.07647705078125,0.6290283203125,82.96875,9986,25581
4.710061263000171,9.8671875,-3.48828125,-1.35546875,0.005859375,0.046875,-0.03515625,-0.144775390625,-0.7496337890625,0.190673828125,0.6170654296875,10.07421875,0.97265625,-1.65234375,0.013671875,0.05859375,-0.412109375,0.01605224609375,-0.77349853515625,-0.07647705078125,0.6290283203125,83.14453125,9986,25581
4.720072335000623,9.8671875,-3.48828125,-1.35546875,0.005859375,0.046875,-0.03515625,-0.144775390625,-0.7496337890625,0.190673828125,0.6170654296875,10.1796875,0.58984375,-2.07421875,-0.140625,0.095703125,-0.435546875,0.01605224609375,-0.77349853515625,-0.07647705078125,0.6290283203125,83.3203125,9986,25603
4.7300465090002035,9.8671875,-3.48828125,-1.35546875,-0.056640625,0.1015625,-0.1484375,-0.144775390625,-0.7496337890625,0.190673828125,0.6170654296875,10.1796875,0.58984375,-2.07421875,-0.140625,0.095703125,-0.435546875,0.02105712890625,-0.77215576171875,-0.08258056640625,0.62969970703125,83.49609375,10739,25603
4.740079629999855,9.8671875,-3.48828125,-1.35546875,-0.056640625,0.1015625,-0.1484375,-0.1429443359375,-0.74908447265625,0.18756103515625,0.61907958984375,10.1796875,0.58984375,-2.07421875,-0.140625,0.095703125,-0.435546875,0.02105712890625,-0.77215576171875,-0.08258056640625,0.62969970703125,83.583984375,10739,25472
4.750062924000304,9.79296875,-3.52734375,-1.62109375,-0.056640625,0.1015625,-0.1484375,-0.1429443359375,-0.74908447265625,0.18756103515625,0.61907958984375,10.109375,0.3203125,-1.95703125,-0.140625,0.095703125,-0.435546875,0.02105712890625,-0.77215576171875,-0.08258056640625,0.62969970703125,83.84765625,11776,25658
4.760068172000501,9.79296875,-3.52734375,-1.62109375,-0.056640625,0.1015625,-0.1484375,-0.1429443359375,-0.74908447265625,0.18756103515625,0.61907958984375,10.109375,0.3203125,-1.95703125,-0.150390625,0.078125,-0.4921875,0.02105712890625,-0.77215576171875,-0.08258056640625,0.62969970703125,83.935546875,12499,25658
4.770076300000255,9.79296875,-3.52734375,-1.62109375,-0.056640625,0.1015625,-0.1484375,-0.1429443359375,-0.74908447265625,0.18756103515625,0.61907958984375,10.109375,0.3203125,-1.95703125,-0.150390625,0.078125,-0.4921875,0.02105712890625,-0.77215576171875,-0.08258056640625,0.62969970703125,84.111328125,12499,25658
4.780065482000282,9.79296875,-3.52734375,-1.62109375,-0.064453125,0.103515625,-0.205078125,-0.14044189453125,-0.7486572265625,0.182861328125,0.62158203125,10.109375,0.3203125,-1.95703125,-0.150390625,0.078125,-0.4921875,0.02105712890625,-0.77215576171875,-0.08258056640625,0.62969970703125,84.375,12499,25485
4.790073386000586,9.83203125,-3.71875,-1.27734375,-0.064453125,0.103515625,-0.205078125,-0.14044189453125,-0.7486572265625,0.182861328125,0.62158203125,10.07421875,0.51171875,-1.4609375,-0.150390625,0.078125,-0.4921875,0.02606201171875,-0.770751953125,-0.0904541015625,0.630126953125,84.55078125,13084,25485
4.800061640999957,9.83203125,-3.71875,-1.27734375,-0.064453125,0.103515625,-0.205078125,-0.14044189453125,-0.7486572265625,0.182861328125,0.62158203125,10.07421875,0.51171875,-1.4609375,-0.150390625,0.078125,-0.4921875,0.02606201171875,-0.770751953125,-0.0904541015625,0.630126953125,84.7265625,13084,25328
4.810082025000156,9.83203125,-3.71875,-1.27734375,-0.064453125,0.103515625,-0.205078125,-0.14044189453125,-0.7486572265625,0.182861328125,0.62158203125,10.11328125,0.8203125,-1.765625,-0.119140625,0.068359375,-0.48828125,0.02606201171875,-0.770751953125,-0.0904541015625,0.630126953125,84.90234375,13654,25328
4.820064679000097,9.83203125,-3.71875,-1.27734375,-0.064453125,0.103515625,-0.205078125,-0.14044189453125,-0.7486572265625,0.182861328125,0.62158203125,10.11328125,0.8203125,-1.765625,-0.119140625,0.068359375,-0.48828125,0.03167724609375,-0.76947021484375,-0.09796142578125,0.63037109375,85.078125,13654,25264
4.830073479000021,9.83203125,-3.7578125,-1.46875,-0.052734375,0.080078125,-0.1484375,-0.1380615234375,-0.748291015625,0.17877197265625,0.62371826171875,10.11328125,0.8203125,-1.765625,-0.119140625,0.068359375,-0.48828125,0.03167724609375,-0.76947021484375,-0.09796142578125,0.63037109375,85.25390625,14730,25126
4.840076071000112,9.83203125,-3.7578125,-1.46875,-0.052734375,0.080078125,-0.1484375,-0.1380615234375,-0.748291015625,0.17877197265625,0.62371826171875,10.11328125,0.8203125,-1.765625,-0.119140625,0.068359375,-0.48828125,0.03167724609375,-0.76947021484375,-0.09796142578125,0.63037109375,85.517578125,14730,25126
4.850074533999759,9.9453125,-3.6796875,-1.390625,-0.01953125,0.099609375,-0.150390625,-0.1380615234375,-0.748291015625,0.17877197265625,0.62371826171875,10.11328125,0.8203125,-1.765625,-0.119140625,0.068359375,-0.48828125,0.03167724609375,-0.76947021484375,-0.09796142578125,0.63037109375,85.78125,14810,25126
4.860060228000293,9.9453125,-3.6796875,-1.390625,-0.01953125,0.099609375,-0.150390625,-0.1356201171875,-0.74761962890625,0.1754150390625,0.62603759765625,10.26171875,0.6640625,-1.84375,-0.037109375,0.08203125,-0.505859375,0.03839111328125,-0.76806640625,-0.1044921875,0.630615234375,85.95703125,14810,24890
4.870095557000241,9.98828125,-3.48828125,-1.27734375,-0.01953125,0.099609375,-0.150390625,-0.1356201171875,-0.74761962890625,0.1754150390625,0.62603759765625,10.2578125,0.7421875,-1.8046875,-0.037109375,0.08203125,-0.505859375,0.03839111328125,-0.76806640625,-0.1044921875,0.630615234375,86.220703125,15515,24890
4.880073188000097,9.98828125,-3.48828125,-1.27734375,-0.01953125,0.099609375,-0.150390625,-0.1356201171875,-0.74761962890625,0.1754150390625,0.62603759765625,10.2578125,0.7421875,-1.8046875,-0.04296875,0.1171875,-0.611328125,0.03839111328125,-0.76806640625,-0.1044921875,0.630615234375,86.396484375,15630,24853
4.890075074999913,9.98828125,-3.48828125,-1.27734375,-0.01953125,0.099609375,-0.150390625,-0.1356201171875,-0.74761962890625,0.1754150390625,0.62603759765625,10.2578125,0.7421875,-1.8046875,-0.04296875,0.1171875,-0.611328125,0.03839111328125,-0.76806640625,-0.1044921875,0.630615234375,86.66015625,15630,24853
4.900066017999961,9.98828125,-3.48828125,-1.27734375,-0.017578125,0.130859375,-0.21484375,-0.13250732421875,-0.7467041015625,0.17169189453125,0.6287841796875,10.2578125,0.7421875,-1.8046875,-0.04296875,0.1171875,-0.611328125,0.03839111328125,-0.76806640625,-0.1044921875,0.630615234375,86.923828125,15630,24569
4.910094242000014,9.98828125,-3.4140625,-1.46875,-0.017578125,0.130859375,-0.21484375,-0.13250732421875,-0.7467041015625,0.17169189453125,0.6287841796875,10.2578125,0.3984375,-2.3046875,-0.04296875,0.1171875,-0.611328125,0.04669189453125,-0.7662353515625,-0.11181640625,0.63104248046875,87.1875,16293,24374
4.920062944000165,9.98828125,-3.4140625,-1.46875,-0.017578125,0.130859375,-0.21484375,-0.13250732421875,-0.7467041015625,0.17169189453125,0.6287841796875,10.2578125,0.3984375,-2.3046875,-0.04296875,0.1171875,-0.611328125,0.04669189453125,-0.7662353515625,-0.11181640625,0.63104248046875,87.36328125,16293,24374
4.93005427099979,9.98828125,-3.4140625,-1.46875,-0.017578125,0.130859375,-0.21484375,-0.13250732421875,-0.7467041015625,0.17169189453125,0.6287841796875,10.375,0.2421875,-2.265625,-0.125,0.19921875,-0.822265625,0.04669189453125,-0.7662353515625,-0.11181640625,0.63104248046875,87.626953125,16392,24374
4.940067295000517,9.98828125,-3.4140625,-1.46875,-0.017578125,0.130859375,-0.21484375,-0.13250732421875,-0.7467041015625,0.17169189453125,0.6287841796875,10.375,0.2421875,-2.265625,-0.125,0.19921875,-0.822265625,0.05718994140625,-0.76300048828125,-0.12237548828125,0.63214111328125,87.890625,16392,23941
4.950069182000334,9.984375,-3.4140625,-1.31640625,-0.04296875,0.224609375,-0.408203125,-0.1275634765625,-0.74517822265625,0.1654052734375,0.63330078125,10.375,0.2421875,-2.265625,-0.125,0.19921875,-0.822265625,0.05718994140625,-0.76300048828125,-0.12237548828125,0.63214111328125,88.06640625,17192,23752
4.960053309000614,9.984375,-3.4140625,-1.31640625,-0.04296875,0.224609375,-0.408203125,-0.1275634765625,-0.74517822265625,0.1654052734375,0.63330078125,10.375,0.2421875,-2.265625,-0.125,0.19921875,-0.822265625,0.05718994140625,-0.76300048828125,-0.12237548828125,0.63214111328125,88.2421875,17192,23752
4.970061469000029,9.984375,-3.4140625,-1.31640625,-0.04296875,0.224609375,-0.408203125,-0.1275634765625,-0.74517822265625,0.1654052734375,0.63330078125,10.41796875,-0.0625,-2.03515625,-0.134765625,0.291015625,-1.08984375,0.05718994140625,-0.76300048828125,-0.12237548828125,0.63214111328125,88.41796875,17313,23752
4.980127390999769,9.98828125,-3.44921875,-1.19921875,-0.0234375,0.294921875,-0.720703125,-0.11846923828125,-0.7432861328125,0.15509033203125,0.639892578125,10.41796875,-0.0625,-2.03515625,-0.134765625,0.291015625,-1.08984375,0.0711669921875,-0.75799560546875,-0.13665771484375,0.6337890625,88.681640625,17313,23025
4.990062650999789,9.98828125,-3.44921875,-1.19921875,-0.0234375,0.294921875,-0.720703125,-0.11846923828125,-0.7432861328125,0.15509033203125,0.639892578125,10.30078125,0.55078125,-1.69140625,-0.134765625,0.291015625,-1.08984375,0.0711669921875,-0.75799560546875,-0.13665771484375,0.6337890625,88.76953125,18029,22464
5.000071962999755,9.98828125,-3.44921875,-1.19921875,-0.0234375,0.294921875,-0.720703125,-0.11846923828125,-0.7432861328125,0.15509033203125,0.639892578125,10.30078125,0.55078125,-1.69140625,-0.134765625,0.291015625,-1.08984375,0.0711669921875,-0.75799560546875,-0.13665771484375,0.6337890625,88.857421875,18029,22464
5.010061402000247,9.984375,-3.4140625,-1.046875,0.060546875,0.318359375,-1.052734375,-0.11846923828125,-0.7432861328125,0.15509033203125,0.639892578125,10.30078125,0.55078125,-1.69140625,-0.134765625,0.291015625,-1.08984375,0.0711669921875,-0.75799560546875,-0.13665771484375,0.6337890625,88.9453125,17965,22464
5.020068537000043,9.984375,-3.4140625,-1.046875,0.060546875,0.318359375,-1.052734375,-0.103515625,-0.7412109375,0.14166259765625,0.64794921875,10.30078125,0.55078125,-1.69140625,-0.037109375,0.3515625,-1.263671875,0.08966064453125,-0.75164794921875,-0.15216064453125,0.635498046875,88.9453125,17965,21318
5.030066008000176,10.63671875,-2.953125,-1.16015625,0.060546875,0.318359375,-1.052734375,-0.103515625,-0.7412109375,0.14166259765625,0.64794921875,10.26171875,1.4296875,-1.69140625,-0.037109375,0.3515625,-1.263671875,0.08966064453125,-0.75164794921875,-0.15216064453125,0.635498046875,88.9453125,18769,21318
5.040104442000484,10.63671875,-2.953125,-1.16015625,0.060546875,0.318359375,-1.052734375,-0.103515625,-0.7412109375,0.14166259765625,0.64794921875,10.26171875,1.4296875,-1.69140625,-0.037109375,0.3515625,-1.263671875,0.08966064453125,-0.75164794921875,-0.15216064453125,0.635498046875,88.9453125,18769,20645
5.05006488700019,10.63671875,-2.953125,-1.16015625,0.060546875,0.318359375,-1.052734375,-0.103515625,-0.7412109375,0.14166259765625,0.64794921875,10.26171875,1.4296875,-1.69140625,-0.0703125,0.37890625,-1.365234375,0.08966064453125,-0.75164794921875,-0.15216064453125,0.635498046875,88.9453125,19040,20645
5.060076022999965,10.63671875,-2.953125,-1.16015625,0.087890625,0.3984375,-1.341796875,-0.08349609375,-0.73846435546875,0.12445068359375,0.65740966796875,10.26171875,1.4296875,-1.69140625,-0.0703125,0.37890625,-1.365234375,0.08966064453125,-0.75164794921875,-0.15216064453125,0.635498046875,88.9453125,19040,19573
5.070079541999803,12.16796875,-3.44921875,-1.5078125,0.087890625,0.3984375,-1.341796875,-0.08349609375,-0.73846435546875,0.12445068359375,0.65740966796875,11.68359375,3.078125,-2.2265625,-0.0703125,0.37890625,-1.365234375,0.11004638671875,-0.744140625,-0.1688232421875,0.63690185546875,88.857421875,20248,19573
5.080066293000527,12.16796875,-3.44921875,-1.5078125,0.087890625,0.3984375,-1.341796875,-0.08349609375,-0.73846435546875,0.12445068359375,0.65740966796875,11.68359375,3.078125,-2.2265625,-0.0703125,0.37890625,-1.365234375,0.11004638671875,-0.744140625,-0.1688232421875,0.63690185546875,88.857421875,20248,17663
5.090071956000429,12.16796875,-3.44921875,-1.5078125,0.087890625,0.3984375,-1.341796875,-0.08349609375,-0.73846435546875,0.12445068359375,0.65740966796875,11.2578125,1.69921875,-1.99609375,-0.10546875,0.400390625,-1.451171875,0.11004638671875,-0.744140625,-0.1688232421875,0.63690185546875,88.76953125,20704,17663
5.100064979000308,11.59375,-3.60546875,-1.46875,0.068359375,0.46875,-1.537109375,-0.0611572265625,-0.734375,0.10430908203125,0.66790771484375,11.2578125,1.69921875,-1.99609375,-0.10546875,0.400390625,-1.451171875,0.11004638671875,-0.744140625,-0.1688232421875,0.63690185546875,88.681640625,20704,15887
5.110071058000358,11.59375,-3.60546875,-1.46875,0.068359375,0.46875,-1.537109375,-0.0611572265625,-0.734375,0.10430908203125,0.66790771484375,11.2578125,1.69921875,-1.99609375,-0.10546875,0.400390625,-1.451171875,0.13043212890625,-0.7353515625,-0.187255859375,0.63812255859375,88.505859375,22071,14700
5.120223896000425,11.59375,-3.60546875,-1.46875,0.068359375,0.46875,-1.537109375,-0.0611572265625,-0.734375,0.10430908203125,0.66790771484375,11.2578125,1.69921875,-1.99609375,-0.10546875,0.400390625,-1.451171875,0.13043212890625,-0.7353515625,-0.187255859375,0.63812255859375,88.41796875,22071,14700
5.130018669000492,11.59375,-3.60546875,-1.46875,0.068359375,0.46875,-1.537109375,-0.0611572265625,-0.734375,0.10430908203125,0.66790771484375,11.4453125,1.39453125,-1.69140625,0.06640625,0.40234375,-1.626953125,0.13043212890625,-0.7353515625,-0.187255859375,0.63812255859375,88.2421875,22771,14700
5.140087055000549,11.59375,-3.60546875,-1.46875,0.068359375,0.46875,-1.537109375,-0.0611572265625,-0.734375,0.10430908203125,0.66790771484375,11.4453125,1.39453125,-1.69140625,0.06640625,0.40234375,-1.626953125,0.13043212890625,-0.7353515625,-0.187255859375,0.63812255859375,88.06640625,22771,12308
5.150070925000364,11.98046875,-3.640625,-1.35546875,0.181640625,0.45703125,-1.87109375,-0.033203125,-0.7294921875,0.08160400390625,0.67828369140625,10.45703125,1.890625,-1.765625,0.06640625,0.40234375,-1.626953125,0.15411376953125,-0.72607421875,-0.2044677734375,0.63818359375,87.802734375,23741,12308
5.160075020000477,11.98046875,-3.640625,-1.35546875,0.181640625,0.45703125,-1.87109375,-0.033203125,-0.7294921875,0.08160400390625,0.67828369140625,10.45703125,1.890625,-1.765625,0.06640625,0.40234375,-1.626953125,0.15411376953125,-0.72607421875,-0.2044677734375,0.63818359375,87.626953125,23741,7464
5.170071370000187,11.671875,-3.22265625,-1.31640625,-0.01171875,0.470703125,-2.173828125,-0.033203125,-0.7294921875,0.08160400390625,0.67828369140625,10.45703125,1.890625,-1.765625,0.06640625,0.40234375,-1.626953125,0.15411376953125,-0.72607421875,-0.2044677734375,0.63818359375,87.36328125,23660,7464
5.180072328999813,11.671875,-3.22265625,-1.31640625,-0.01171875,0.470703125,-2.173828125,-0.00262451171875,-0.723388671875,0.05303955078125,0.6883544921875,10.45703125,1.890625,-1.765625,0.06640625,0.40234375,-1.626953125,0.15411376953125,-0.72607421875,-0.2044677734375,0.63818359375,87.099609375,23660,3520
5.1900656400002845,11.671875,-3.22265625,-1.31640625,-0.01171875,0.470703125,-2.173828125,-0.00262451171875,-0.723388671875,0.05303955078125,0.6883544921875,10.45703125,1.890625,-1.765625,-0.13671875,0.357421875,-1.791015625,0.17877197265625,-0.7154541015625,-0.22552490234375,0.63665771484375,86.8359375,24373,3520
5.200072423000165,12.4375,-2.64453125,-1.69921875,-0.01171875,0.470703125,-2.173828125,-0.00262451171875,-0.723388671875,0.05303955078125,0.6883544921875,10.6796875,0.85546875,-1.69140625,-0.13671875,0.357421875,-1.791015625,0.17877197265625,-0.7154541015625,-0.22552490234375,0.63665771484375,86.572265625,24373,2484
5.210064292999959,12.4375,-2.64453125,-1.69921875,-0.01171875,0.470703125,-2.173828125,-0.00262451171875,-0.723388671875,0.05303955078125,0.6883544921875,10.6796875,0.85546875,-1.69140625,-0.13671875,0.357421875,-1.791015625,0.17877197265625,-0.7154541015625,-0.22552490234375,0.63665771484375,86.396484375,24355,2484
5.22007427600056,12.4375,-2.64453125,-1.69921875,-0.205078125,0.6171875,-2.771484375,0.033447265625,-0.7144775390625,0.013916015625,0.69873046875,10.6796875,0.85546875,-1.69140625,-0.30078125,0.20703125,-2.271484375,0.20611572265625,-0.703369140625,-0.25384521484375,0.63116455078125,86.1328125,24355,979
5.230092067999976,12.7421875,-2.37890625,-1.31640625,-0.205078125,0.6171875,-2.771484375,0.033447265625,-0.7144775390625,0.013916015625,0.69873046875,10.109375,0.12890625,-1.3828125,-0.30078125,0.20703125,-2.271484375,0.20611572265625,-0.703369140625,-0.25384521484375,0.63116455078125,85.78125,24512,979
5.24016061400016,12.7421875,-2.37890625,-1.31640625,-0.205078125,0.6171875,-2.771484375,0.033447265625,-0.7144775390625,0.013916015625,0.69873046875,10.109375,0.12890625,-1.3828125,-0.30078125,0.20703125,-2.271484375,0.20611572265625,-0.703369140625,-0.25384521484375,0.63116455078125,85.60546875,24512,1096
5.2500679680006215,12.7421875,-2.37890625,-1.31640625,-0.205078125,0.6171875,-2.771484375,0.033447265625,-0.7144775390625,0.013916015625,0.69873046875,10.5625,2.2734375,-1.34375,-0.5,0.13671875,-2.796875,0.20611572265625,-0.703369140625,-0.25384521484375,0.63116455078125,85.078125,23630,1096
5.2600664310002685,12.7421875,-2.37890625,-1.31640625,-0.3203125,0.591796875,-3.341796875,0.07562255859375,-0.7021484375,-0.03509521484375,0.7071533203125,10.5625,2.2734375,-1.34375,-0.5,0.13671875,-2.796875,0.20611572265625,-0.703369140625,-0.25384521484375,0.63116455078125,84.7265625,23630,881
5.270071357999768,15.42578125,-1.57421875,-0.85546875,-0.3203125,0.591796875,-3.341796875,0.07562255859375,-0.7021484375,-0.03509521484375,0.7071533203125,10.5625,2.2734375,-1.34375,-0.5,0.13671875,-2.796875,0.23809814453125,-0.68731689453125,-0.29229736328125,0.620849609375,84.19921875,21637,881
5.280061211999964,15.42578125,-1.57421875,-0.85546875,-0.3203125,0.591796875,-3.341796875,0.07562255859375,-0.7021484375,-0.03509521484375,0.7071533203125,11.14453125,5.4140625,-2.1484375,-0.578125,0.267578125,-2.775390625,0.23809814453125,-0.68731689453125,-0.29229736328125,0.620849609375,83.759765625,21637,638
5.290073019000374,15.42578125,-1.57421875,-0.85546875,-0.3203125,0.591796875,-3.341796875,0.07562255859375,-0.7021484375,-0.03509521484375,0.7071533203125,11.14453125,5.4140625,-2.1484375,-0.578125,0.267578125,-2.775390625,0.23809814453125,-0.68731689453125,-0.29229736328125,0.620849609375,83.232421875,16914,638
5.300062969999999,15.5,-1.99609375,-0.5859375,-0.328125,0.5859375,-3.5546875,0.12176513671875,-0.6864013671875,-0.08984375,0.7113037109375,11.14453125,5.4140625,-2.1484375,-0.578125,0.267578125,-2.775390625,0.26995849609375,-0.66705322265625,-0.33245849609375,0.609619140625,82.6171875,16914,631
5.310070745000303,15.5,-1.99609375,-0.5859375,-0.328125,0.5859375,-3.5546875,0.12176513671875,-0.6864013671875,-0.08984375,0.7113037109375,7.5390625,5.953125,-2.80078125,-0.578125,0.267578125,-2.775390625,0.26995849609375,-0.66705322265625,-0.33245849609375,0.609619140625,82.08984375,7009,631
5.320060983000076,15.5,-1.99609375,-0.5859375,-0.328125,0.5859375,-3.5546875,0.12176513671875,-0.6864013671875,-0.08984375,0.7113037109375,7.5390625,5.953125,-2.80078125,-0.578125,0.267578125,-2.775390625,0.26995849609375,-0.66705322265625,-0.33245849609375,0.609619140625,81.5625,7009,447
5.3300715420000415,9.40625,-3.796875,-0.703125,-0.212890625,0.765625,-2.982421875,0.12176513671875,-0.6864013671875,-0.08984375,0.7113037109375,7.5390625,5.953125,-2.80078125,-0.578125,0.267578125,-2.775390625,0.26995849609375,-0.66705322265625,-0.33245849609375,0.609619140625,80.771484375,2497,447
5.340061973000047,9.40625,-3.796875,-0.703125,-0.212890625,0.765625,-2.982421875,0.16278076171875,-0.66632080078125,-0.13629150390625,0.71478271484375,7.5390625,5.953125,-2.80078125,-0.64453125,0.556640625,-1.9921875,0.29339599609375,-0.64422607421875,-0.364501953125,0.60498046875,80.15625,2497,512
5.350073364000309,9.40625,-3.796875,-0.703125,-0.212890625,0.765625,-2.982421875,0.16278076171875,-0.66632080078125,-0.13629150390625,0.71478271484375,3.25,3.26953125,-1.91796875,-0.64453125,0.556640625,-1.9921875,0.29339599609375,-0.64422607421875,-0.364501953125,0.60498046875,79.8046875,720,512
5.360061010000209,9.40625,-3.796875,-0.703125,-0.212890625,0.765625,-2.982421875,0.16278076171875,-0.66632080078125,-0.13629150390625,0.71478271484375,3.25,3.26953125,-1.91796875,-0.64453125,0.556640625,-1.9921875,0.29339599609375,-0.64422607421875,-0.364501953125,0.60498046875,79.365234375,720,448
5.370069968999815,3.78125,-4.75390625,-1.35546875,-0.25,0.669921875,-1.181640625,0.16278076171875,-0.66632080078125,-0.13629150390625,0.71478271484375,3.25,3.26953125,-1.91796875,-0.64453125,0.556640625,-1.9921875,0.29339599609375,-0.64422607421875,-0.364501953125,0.60498046875,79.013671875,46,448
5.380066544000329,3.78125,-4.75390625,-1.35546875,-0.25,0.669921875,-1.181640625,0.1878662109375,-0.64801025390625,-0.16436767578125,0.71954345703125,-0.08203125,7.79296875,0.03515625,-0.619140625,0.513671875,-0.685546875,0.303466796875,-0.62725830078125,-0.38092041015625,0.60772705078125,78.75,46,134
5.390063726000335,2.59375,-10.38671875,-0.08984375,-0.25,0.669921875,-1.181640625,0.1878662109375,-0.64801025390625,-0.16436767578125,0.71954345703125,-0.08203125,7.79296875,0.03515625,-0.619140625,0.513671875,-0.685546875,0.303466796875,-0.62725830078125,-0.38092041015625,0.60772705078125,78.57421875,3,624
5.400079854000069,2.59375,-10.38671875,-0.08984375,-0.25,0.669921875,-1.181640625,0.1878662109375,-0.64801025390625,-0.16436767578125,0.71954345703125,-0.08203125,7.79296875,0.03515625,-0.619140625,0.513671875,-0.685546875,0.303466796875,-0.62725830078125,-0.38092041015625,0.60772705078125,78.486328125,3,624
5.4100750839998,2.59375,-10.38671875,-0.08984375,-0.25,0.669921875,-1.181640625,0.1878662109375,-0.64801025390625,-0.16436767578125,0.71954345703125,-0.08203125,7.79296875,0.03515625,-0.619140625,0.513671875,-0.685546875,0.303466796875,-0.62725830078125,-0.38092041015625,0.60772705078125,78.486328125,3,624
5.420062185999996,2.515625,-4.98828125,-1.19921875,0.7890625,0.16015625,1.00390625,0.189208984375,-0.64837646484375,-0.148681640625,0.7222900390625,1.640625,1.69921875,-0.2734375,0.365234375,0.6328125,1.177734375,0.303466796875,-0.62725830078125,-0.38092041015625,0.60772705078125,78.486328125,3,1234
5.430064969000341,2.515625,-4.98828125,-1.19921875,0.7890625,0.16015625,1.00390625,0.189208984375,-0.64837646484375,-0.148681640625,0.7222900390625,1.640625,1.69921875,-0.2734375,0.365234375,0.6328125,1.177734375,0.303466796875,-0.62725830078125,-0.38092041015625,0.60772705078125,78.486328125,5,1234
5.44007549700018,2.515625,-4.98828125,-1.19921875,0.7890625,0.16015625,1.00390625,0.189208984375,-0.64837646484375,-0.148681640625,0.7222900390625,1.71875,1.89453125,0.33984375,0.791015625,0.30078125,1.8359375,0.29693603515625,-0.62530517578125,-0.36578369140625,0.62213134765625,78.57421875,5,1796
5.45006407100027,2.515625,-4.98828125,-1.19921875,0.7890625,0.16015625,1.00390625,0.189208984375,-0.64837646484375,-0.148681640625,0.7222900390625,1.71875,1.89453125,0.33984375,0.791015625,0.30078125,1.8359375,0.29693603515625,-0.62530517578125,-0.36578369140625,0.62213134765625,78.57421875,3,1796
5.460061284999938,4.16796875,-2.9921875,-2.04296875,0.8671875,-0.12890625,1.962890625,0.179931640625,-0.6578369140625,-0.1123046875,0.72271728515625,1.71875,1.89453125,0.33984375,0.791015625,0.30078125,1.8359375,0.2882080078125,-0.63525390625,-0.332763671875,0.63458251953125,78.662109375,3,3061
5.470064547999755,4.16796875,-2.9921875,-2.04296875,0.8671875,-0.12890625,1.962890625,0.179931640625,-0.6578369140625,-0.1123046875,0.72271728515625,2.484375,4.53125,0.9140625,0.791015625,0.30078125,1.8359375,0.2882080078125,-0.63525390625,-0.332763671875,0.63458251953125,78.75,2,3061
5.4800696669999525,4.16796875,-2.9921875,-2.04296875,0.8671875,-0.12890625,1.962890625,0.179931640625,-0.6578369140625,-0.1123046875,0.72271728515625,2.484375,4.53125,0.9140625,0.791015625,0.30078125,1.8359375,0.2882080078125,-0.63525390625,-0.332763671875,0.63458251953125,78.837890625,2,6342
5.490062818000297,5.54296875,-2.37890625,-1.8515625,0.54296875,-0.51171875,2.87890625,0.179931640625,-0.6578369140625,-0.1123046875,0.72271728515625,2.484375,4.53125,0.9140625,0.791015625,0.30078125,1.8359375,0.2882080078125,-0.63525390625,-0.332763671875,0.63458251953125,78.92578125,5,6342
5.500068416999966,5.54296875,-2.37890625,-1.8515625,0.54296875,-0.51171875,2.87890625,0.15362548828125,-0.6734619140625,-0.0675048828125,0.719970703125,2.484375,4.53125,0.9140625,0.59375,-0.130859375,2.70703125,0.2642822265625,-0.65380859375,-0.2919921875,0.64605712890625,79.013671875,5,8152
5.51006188700012,8.19140625,-2.0703125,-1.31640625,0.54296875,-0.51171875,2.87890625,0.15362548828125,-0.6734619140625,-0.0675048828125,0.719970703125,3.78515625,4.73046875,0.53125,0.59375,-0.130859375,2.70703125,0.2642822265625,-0.65380859375,-0.2919921875,0.64605712890625,79.1015625,2,8152
5.5200779510005304,8.19140625,-2.0703125,-1.31640625,0.54296875,-0.51171875,2.87890625,0.15362548828125,-0.6734619140625,-0.0675048828125,0.719970703125,3.78515625,4.73046875,0.53125,0.58203125,-0.439453125,3.24609375,0.2642822265625,-0.65380859375,-0.2919921875,0.64605712890625,79.1015625,2,9763
5.530061788000239,8.19140625,-2.0703125,-1.31640625,0.54296875,-0.51171875,2.87890625,0.15362548828125,-0.6734619140625,-0.0675048828125,0.719970703125,3.78515625,4.73046875,0.53125,0.58203125,-0.439453125,3.24609375,0.2642822265625,-0.65380859375,-0.2919921875,0.64605712890625,79.27734375,3,9763
5.540072028000395,8.19140625,-2.0703125,-1.31640625,0.357421875,-0.69921875,3.42578125,0.11334228515625,-0.69207763671875,-0.01641845703125,0.71270751953125,6.0859375,3.921875,0.03515625,0.58203125,-0.439453125,3.24609375,0.227294921875,-0.677490234375,-0.24468994140625,0.65533447265625,79.365234375,3,10631
5.550062746000549,10.59765625,-1.99609375,-1.546875,0.357421875,-0.69921875,3.42578125,0.11334228515625,-0.69207763671875,-0.01641845703125,0.71270751953125,6.0859375,3.921875,0.03515625,0.58203125,-0.439453125,3.24609375,0.227294921875,-0.677490234375,-0.24468994140625,0.65533447265625,79.453125,3,10631
5.560068761000366,10.59765625,-1.99609375,-1.546875,0.357421875,-0.69921875,3.42578125,0.11334228515625,-0.69207763671875,-0.01641845703125,0.71270751953125,6.0859375,3.921875,0.03515625,0.58203125,-0.439453125,3.24609375,0.227294921875,-0.677490234375,-0.24468994140625,0.65533447265625,79.541015625,3,11815
5.570060343000478,10.59765625,-1.99609375,-1.546875,0.357421875,-0.69921875,3.42578125,0.11334228515625,-0.69207763671875,-0.01641845703125,0.71270751953125,7.765625,4.11328125,-0.50390625,0.62109375,-0.630859375,3.69921875,0.227294921875,-0.677490234375,-0.24468994140625,0.65533447265625,79.62890625,5,11815
5.580073750999873,12.97265625,-2.33984375,-1.8125,0.365234375,-0.9296875,3.884765625,0.06585693359375,-0.7110595703125,0.03985595703125,0.69891357421875,7.765625,4.11328125,-0.50390625,0.62109375,-0.630859375,3.69921875,0.18280029296875,-0.7025146484375,-0.1915283203125,0.66058349609375,79.62890625,5,13239
5.590066517000196,12.97265625,-2.33984375,-1.8125,0.365234375,-0.9296875,3.884765625,0.06585693359375,-0.7110595703125,0.03985595703125,0.69891357421875,9.26953125,3.69140625,-1.30859375,0.62109375,-0.630859375,3.69921875,0.18280029296875,-0.7025146484375,-0.1915283203125,0.66058349609375,79.716796875,2,13799
5.600073012000394,12.97265625,-2.33984375,-1.8125,0.365234375,-0.9296875,3.884765625,0.06585693359375,-0.7110595703125,0.03985595703125,0.69891357421875,9.26953125,3.69140625,-1.30859375,0.62109375,-0.630859375,3.69921875,0.18280029296875,-0.7025146484375,-0.1915283203125,0.66058349609375,79.8046875,5,13799
5.610062161999849,12.97265625,-2.33984375,-1.8125,0.365234375,-0.9296875,3.884765625,0.06585693359375,-0.7110595703125,0.03985595703125,0.69891357421875,9.26953125,3.69140625,-1.30859375,0.62109375,-0.630859375,3.69921875,0.18280029296875,-0.7025146484375,-0.1915283203125,0.66058349609375,79.8046875,5,13799
5.62007640200045,14.27734375,-1.84375,-1.890625,0.22265625,-0.91796875,4.02734375,0.013671875,-0.7266845703125,0.097900390625,0.6798095703125,9.26953125,3.69140625,-1.30859375,0.564453125,-0.73046875,3.919921875,0.131591796875,-0.7264404296875,-0.13275146484375,0.66131591796875,79.892578125,5,14089
5.630065680000371,14.27734375,-1.84375,-1.890625,0.22265625,-0.91796875,4.02734375,0.013671875,-0.7266845703125,0.097900390625,0.6798095703125,10.45703125,4.11328125,-1.8046875,0.564453125,-0.73046875,3.919921875,0.131591796875,-0.7264404296875,-0.13275146484375,0.66131591796875,79.98046875,4,14807
5.640067375000399,14.27734375,-1.84375,-1.890625,0.22265625,-0.91796875,4.02734375,0.013671875,-0.7266845703125,0.097900390625,0.6798095703125,10.45703125,4.11328125,-1.8046875,0.564453125,-0.73046875,3.919921875,0.131591796875,-0.7264404296875,-0.13275146484375,0.66131591796875,80.068359375,4,14807
5.650066125999729,15.5390625,-1.84375,-1.66015625,-0.013671875,-0.92578125,4.2421875,0.013671875,-0.7266845703125,0.097900390625,0.6798095703125,10.45703125,4.11328125,-1.8046875,0.28125,-0.79296875,4.08203125,0.131591796875,-0.7264404296875,-0.13275146484375,0.66131591796875,80.15625,3,14807
5.660077708999779,15.5390625,-1.84375,-1.66015625,-0.013671875,-0.92578125,4.2421875,-0.04498291015625,-0.7374267578125,0.1546630859375,0.65594482421875,10.45703125,4.11328125,-1.8046875,0.28125,-0.79296875,4.08203125,0.131591796875,-0.7264404296875,-0.13275146484375,0.66131591796875,80.244140625,3,15703
5.670065002999763,16.53515625,0.03515625,-0.77734375,-0.013671875,-0.92578125,4.2421875,-0.04498291015625,-0.7374267578125,0.1546630859375,0.65594482421875,10.87890625,4.7265625,-1.421875,0.28125,-0.79296875,4.08203125,0.0743408203125,-0.74591064453125,-0.0751953125,0.6575927734375,80.33203125,5,15703
5.680069001999982,16.53515625,0.03515625,-0.77734375,-0.013671875,-0.92578125,4.2421875,-0.04498291015625,-0.7374267578125,0.1546630859375,0.65594482421875,10.87890625,4.7265625,-1.421875,0.28125,-0.79296875,4.08203125,0.0743408203125,-0.74591064453125,-0.0751953125,0.6575927734375,80.419921875,5,15917
5.690067209000517,16.53515625,0.03515625,-0.77734375,-0.013671875,-0.92578125,4.2421875,-0.04498291015625,-0.7374267578125,0.1546630859375,0.65594482421875,12.515625,3.9609375,-1.5,-0.076171875,-0.7421875,3.845703125,0.0743408203125,-0.74591064453125,-0.0751953125,0.6575927734375,80.5078125,4,15917
5.700068582999847,16.53515625,0.03515625,-0.77734375,-0.30859375,-0.73828125,3.9765625,-0.10504150390625,-0.74261474609375,0.20391845703125,0.62921142578125,12.515625,3.9609375,-1.5,-0.076171875,-0.7421875,3.845703125,0.01434326171875,-0.759521484375,-0.024169921875,0.64990234375,80.68359375,4,16001
5.710066245999769,17.5703125,0.2265625,1.09765625,-0.30859375,-0.73828125,3.9765625,-0.10504150390625,-0.74261474609375,0.20391845703125,0.62921142578125,12.515625,3.9609375,-1.5,-0.076171875,-0.7421875,3.845703125,0.01434326171875,-0.759521484375,-0.024169921875,0.64990234375,80.859375,3,15771
5.720065092999903,17.5703125,0.2265625,1.09765625,-0.30859375,-0.73828125,3.9765625,-0.10504150390625,-0.74261474609375,0.20391845703125,0.62921142578125,12.515625,3.9609375,-1.5,-0.076171875,-0.7421875,3.845703125,0.01434326171875,-0.759521484375,-0.024169921875,0.64990234375,81.03515625,3,15771
5.730070852000608,17.5703125,0.2265625,1.09765625,-0.30859375,-0.73828125,3.9765625,-0.10504150390625,-0.74261474609375,0.20391845703125,0.62921142578125,13.78515625,1.96875,-1.0,0.095703125,-0.439453125,3.095703125,0.01434326171875,-0.759521484375,-0.024169921875,0.64990234375,81.2109375,1,15771
5.740061378000064,17.5703125,0.2265625,1.09765625,-0.30859375,-0.73828125,3.9765625,-0.10504150390625,-0.74261474609375,0.20391845703125,0.62921142578125,13.78515625,1.96875,-1.0,0.095703125,-0.439453125,3.095703125,-0.0362548828125,-0.765380859375,0.01922607421875,0.64227294921875,81.474609375,1,15061
5.750078881999798,16.265625,1.68359375,0.33203125,-0.09765625,-0.353515625,3.384765625,-0.1575927734375,-0.73956298828125,0.246337890625,0.60626220703125,12.41015625,2.3515625,-0.50390625,0.095703125,-0.439453125,3.095703125,-0.0362548828125,-0.765380859375,0.01922607421875,0.64227294921875,81.650390625,4,14493
5.76006188700012,16.265625,1.68359375,0.33203125,-0.09765625,-0.353515625,3.384765625,-0.1575927734375,-0.73956298828125,0.246337890625,0.60626220703125,12.41015625,2.3515625,-0.50390625,0.134765625,-0.513671875,2.1640625,-0.0362548828125,-0.765380859375,0.01922607421875,0.64227294921875,81.826171875,0,14493
5.7700826549998965,16.265625,1.68359375,0.33203125,-0.09765625,-0.353515625,3.384765625,-0.1575927734375,-0.73956298828125,0.246337890625,0.60626220703125,12.41015625,2.3515625,-0.50390625,0.134765625,-0.513671875,2.1640625,-0.0362548828125,-0.765380859375,0.01922607421875,0.64227294921875,82.001953125,0,14493
5.780066237000028,13.89453125,4.36328125,-1.69921875,-0.158203125,-0.443359375,2.4765625,-0.1968994140625,-0.73516845703125,0.278564453125,0.5858154296875,12.41015625,2.3515625,-0.50390625,0.134765625,-0.513671875,2.1640625,-0.07171630859375,-0.76873779296875,0.05401611328125,0.63323974609375,82.177734375,0,13958
5.790074716000163,13.89453125,4.36328125,-1.69921875,-0.158203125,-0.443359375,2.4765625,-0.1968994140625,-0.73516845703125,0.278564453125,0.5858154296875,10.4921875,3.5,-1.1171875,0.134765625,-0.513671875,2.1640625,-0.07171630859375,-0.76873779296875,0.05401611328125,0.63323974609375,82.353515625,3,13553
5.800072251000529,13.89453125,4.36328125,-1.69921875,-0.158203125,-0.443359375,2.4765625,-0.1968994140625,-0.73516845703125,0.278564453125,0.5858154296875,10.4921875,3.5,-1.1171875,0.134765625,-0.513671875,2.1640625,-0.07171630859375,-0.76873779296875,0.05401611328125,0.63323974609375,82.44140625,3,13553
5.8100731780004935,13.625,7.58203125,0.41015625,-0.419921875,-0.119140625,0.96484375,-0.1968994140625,-0.73516845703125,0.278564453125,0.5858154296875,10.4921875,3.5,-1.1171875,-0.236328125,-0.349609375,0.802734375,-0.07171630859375,-0.76873779296875,0.05401611328125,0.63323974609375,82.529296875,1,13553
5.82006578399978,13.625,7.58203125,0.41015625,-0.419921875,-0.119140625,0.96484375,-0.1968994140625,-0.73516845703125,0.278564453125,0.5858154296875,10.4921875,3.5,-1.1171875,-0.236328125,-0.349609375,0.802734375,-0.07171630859375,-0.76873779296875,0.05401611328125,0.63323974609375,82.6171875,1,12927
5.830070679000528,13.625,7.58203125,0.41015625,-0.419921875,-0.119140625,0.96484375,-0.2200927734375,-0.734375,0.2900390625,0.57281494140625,11.2578125,3.4609375,-1.7265625,-0.236328125,-0.349609375,0.802734375,-0.091552734375,-0.7723388671875,0.067626953125,0.62493896484375,82.44140625,0,12927
5.8400702939998155,15.16015625,10.453125,1.6328125,-0.419921875,-0.119140625,0.96484375,-0.2200927734375,-0.734375,0.2900390625,0.57281494140625,11.2578125,3.4609375,-1.7265625,-0.236328125,-0.349609375,0.802734375,-0.091552734375,-0.7723388671875,0.067626953125,0.62493896484375,82.353515625,0,18044
5.8500815249999505,15.16015625,10.453125,1.6328125,-0.419921875,-0.119140625,0.96484375,-0.2200927734375,-0.734375,0.2900390625,0.57281494140625,11.2578125,3.4609375,-1.7265625,-0.236328125,-0.349609375,0.802734375,-0.091552734375,-0.7723388671875,0.067626953125,0.62493896484375,82.265625,13,18044
5.860076691999893,15.16015625,10.453125,1.6328125,-0.419921875,-0.119140625,0.96484375,-0.2200927734375,-0.734375,0.2900390625,0.57281494140625,16.2734375,0.6640625,0.2265625,0.32421875,0.158203125,-1.38671875,-0.091552734375,-0.7723388671875,0.067626953125,0.62493896484375,82.08984375,13,23139
5.870074418000513,15.16015625,10.453125,1.6328125,0.390625,0.17578125,-1.740234375,-0.2086181640625,-0.7369384765625,0.2789306640625,0.57928466796875,16.2734375,0.6640625,0.2265625,0.32421875,0.158203125,-1.38671875,-0.0821533203125,-0.773681640625,0.059326171875,0.62542724609375,81.826171875,3,23139
5.880065168000328,12.05859375,-1.19140625,0.140625,0.390625,0.17578125,-1.740234375,-0.2086181640625,-0.7369384765625,0.2789306640625,0.57928466796875,16.2734375,0.6640625,0.2265625,0.32421875,0.158203125,-1.38671875,-0.0821533203125,-0.773681640625,0.059326171875,0.62542724609375,81.474609375,3,25090
5.890072912000505,12.05859375,-1.19140625,0.140625,0.390625,0.17578125,-1.740234375,-0.2086181640625,-0.7369384765625,0.2789306640625,0.57928466796875,10.8359375,-3.47265625,-1.15234375,0.318359375,0.0859375,-1.80859375,-0.0821533203125,-0.773681640625,0.059326171875,0.62542724609375,81.123046875,4,25090
5.900073614000576,12.05859375,-1.19140625,0.140625,0.2265625,0.458984375,-2.298828125,-0.174072265625,-0.73974609375,0.2578125,0.59661865234375,10.8359375,-3.47265625,-1.15234375,0.318359375,0.0859375,-1.80859375,-0.0821533203125,-0.773681640625,0.059326171875,0.62542724609375,80.771484375,4,25876
5.910089261999929,9.0625,-7.05078125,-0.6640625,0.2265625,0.458984375,-2.298828125,-0.174072265625,-0.73974609375,0.2578125,0.59661865234375,8.5,-3.81640625,-2.3046875,0.318359375,0.0859375,-1.80859375,-0.04913330078125,-0.773681640625,0.04473876953125,0.630126953125,80.5078125,7,25876
5.92006769100044,9.0625,-7.05078125,-0.6640625,0.2265625,0.458984375,-2.298828125,-0.174072265625,-0.73974609375,0.2578125,0.59661865234375,8.5,-3.81640625,-2.3046875,0.318359375,0.0859375,-1.80859375,-0.04913330078125,-0.773681640625,0.04473876953125,0.630126953125,80.33203125,7,26145
5.930077003000406,9.0625,-7.05078125,-0.6640625,0.2265625,0.458984375,-2.298828125,-0.174072265625,-0.73974609375,0.2578125,0.59661865234375,8.5,-3.81640625,-2.3046875,0.318359375,0.0859375,-1.80859375,-0.04913330078125,-0.773681640625,0.04473876953125,0.630126953125,80.244140625,4,26145
5.940065449000031,9.33984375,-4.484375,-1.16015625,-0.078125,0.412109375,-2.30078125,-0.174072265625,-0.73974609375,0.2578125,0.59661865234375,8.5,-3.81640625,-2.3046875,0.318359375,0.0859375,-1.80859375,-0.04913330078125,-0.773681640625,0.04473876953125,0.630126953125,80.15625,4,26065
5.950072136000017,9.33984375,-4.484375,-1.16015625,-0.078125,0.412109375,-2.30078125,-0.14031982421875,-0.74163818359375,0.22674560546875,0.61553955078125,7.34375,1.4296875,-0.76953125,-0.103515625,0.23828125,-1.912109375,-0.0179443359375,-0.7724609375,0.0216064453125,0.6343994140625,80.33203125,4,26065
5.96006397400015,9.33984375,-4.484375,-1.16015625,-0.078125,0.412109375,-2.30078125,-0.14031982421875,-0.74163818359375,0.22674560546875,0.61553955078125,7.34375,1.4296875,-0.76953125,-0.103515625,0.23828125,-1.912109375,-0.0179443359375,-0.7724609375,0.0216064453125,0.6343994140625,80.595703125,4,26155
5.970074308999756,12.74609375,-6.09375,-1.125,-0.185546875,0.1171875,-0.904296875,-0.14031982421875,-0.74163818359375,0.22674560546875,0.61553955078125,7.34375,1.4296875,-0.76953125,-0.103515625,0.23828125,-1.912109375,-0.0179443359375,-0.7724609375,0.0216064453125,0.6343994140625,80.771484375,1163,26155
5.980064164000396,12.74609375,-6.09375,-1.125,-0.185546875,0.1171875,-0.904296875,-0.14031982421875,-0.74163818359375,0.22674560546875,0.61553955078125,9.83984375,8.90234375,-1.61328125,-0.71484375,0.091796875,-1.439453125,0.0008544921875,-0.7716064453125,-0.00567626953125,0.63604736328125,81.03515625,1163,25944
5.990151558999969,9.72265625,-4.5234375,-2.00390625,-0.185546875,0.1171875,-0.904296875,-0.1214599609375,-0.74365234375,0.20526123046875,0.6246337890625,9.83984375,8.90234375,-1.61328125,-0.71484375,0.091796875,-1.439453125,0.0008544921875,-0.7716064453125,-0.00567626953125,0.63604736328125,81.123046875,4246,25944
6.000063745000261,9.72265625,-4.5234375,-2.00390625,-0.185546875,0.1171875,-0.904296875,-0.1214599609375,-0.74365234375,0.20526123046875,0.6246337890625,9.83984375,8.90234375,-1.61328125,-0.71484375,0.091796875,-1.439453125,0.0008544921875,-0.7716064453125,-0.00567626953125,0.63604736328125,81.38671875,4246,26090
6.0100748160002695,9.72265625,-4.5234375,-2.00390625,-0.185546875,0.1171875,-0.904296875,-0.1214599609375,-0.74365234375,0.20526123046875,0.6246337890625,9.23046875,-1.2109375,-3.0703125,-0.84765625,0.140625,-0.841796875,0.0008544921875,-0.7716064453125,-0.00567626953125,0.63604736328125,81.5625,5404,26090
6.020071423000445,9.72265625,-4.5234375,-2.00390625,-0.34765625,0.064453125,-0.5390625,-0.11871337890625,-0.7462158203125,0.19354248046875,0.62579345703125,9.23046875,-1.2109375,-3.0703125,-0.84765625,0.140625,-0.841796875,0.00128173828125,-0.7703857421875,-0.0286865234375,0.63690185546875,81.9140625,5404,26152
6.0300677740005995,8.95703125,-5.55859375,-1.62109375,-0.34765625,0.064453125,-0.5390625,-0.11871337890625,-0.7462158203125,0.19354248046875,0.62579345703125,9.23046875,-1.2109375,-3.0703125,-0.84765625,0.140625,-0.841796875,0.00128173828125,-0.7703857421875,-0.0286865234375,0.63690185546875,82.08984375,7329,26152
6.040064700000585,8.95703125,-5.55859375,-1.62109375,-0.34765625,0.064453125,-0.5390625,-0.11871337890625,-0.7462158203125,0.19354248046875,0.62579345703125,9.375,-1.44140625,-0.34765625,-0.306640625,-0.05078125,-0.693359375,0.00128173828125,-0.7703857421875,-0.0286865234375,0.63690185546875,82.265625,7329,26081
6.050045177999891,8.95703125,-5.55859375,-1.62109375,-0.177734375,-0.00390625,-0.31640625,-0.1143798828125,-0.74737548828125,0.18536376953125,0.62774658203125,9.375,-1.44140625,-0.34765625,-0.306640625,-0.05078125,-0.693359375,0.00128173828125,-0.7703857421875,-0.0286865234375,0.63690185546875,82.529296875,8375,26081
6.060062905999985,8.95703125,-5.55859375,-1.62109375,-0.177734375,-0.00390625,-0.31640625,-0.1143798828125,-0.74737548828125,0.18536376953125,0.62774658203125,9.375,-1.44140625,-0.34765625,-0.306640625,-0.05078125,-0.693359375,0.00128173828125,-0.7703857421875,-0.0286865234375,0.63690185546875,82.6171875,8375,26222
6.070072057000289,9.6015625,-4.33203125,-1.46875,-0.177734375,-0.00390625,-0.31640625,-0.1143798828125,-0.74737548828125,0.18536376953125,0.62774658203125,9.87890625,2.04296875,-2.45703125,-0.306640625,-0.05078125,-0.693359375,0.010498046875,-0.77044677734375,-0.043212890625,0.635986328125,82.880859375,9425,26222
6.080065590999766,9.6015625,-4.33203125,-1.46875,-0.177734375,-0.00390625,-0.31640625,-0.1143798828125,-0.74737548828125,0.18536376953125,0.62774658203125,9.87890625,2.04296875,-2.45703125,-0.306640625,-0.05078125,-0.693359375,0.010498046875,-0.77044677734375,-0.043212890625,0.635986328125,83.14453125,9425,26222
6.0900622300005125,9.6015625,-4.33203125,-1.46875,-0.177734375,-0.00390625,-0.31640625,-0.1143798828125,-0.74737548828125,0.18536376953125,0.62774658203125,9.87890625,2.04296875,-2.45703125,-0.306640625,-0.05078125,-0.693359375,0.010498046875,-0.77044677734375,-0.043212890625,0.635986328125,83.408203125,9911,26222
6.100075829000161,10.1015625,-3.375,-1.5078125,-0.095703125,0.041015625,-0.138671875,-0.1143798828125,-0.74737548828125,0.18536376953125,0.62774658203125,9.87890625,2.04296875,-2.45703125,-0.306640625,-0.05078125,-0.693359375,0.010498046875,-0.77044677734375,-0.043212890625,0.635986328125,83.759765625,9911,26093
6.110062835000463,10.1015625,-3.375,-1.5078125,-0.095703125,0.041015625,-0.138671875,-0.1129150390625,-0.74774169921875,0.18072509765625,0.62884521484375,10.11328125,0.78125,-1.99609375,-0.16015625,0.01953125,-0.57421875,0.01654052734375,-0.77001953125,-0.05364990234375,0.63555908203125,84.111328125,10700,26067
6.120070769000449,10.1015625,-3.375,-1.5078125,-0.095703125,0.041015625,-0.138671875,-0.1129150390625,-0.74774169921875,0.18072509765625,0.62884521484375,10.11328125,0.78125,-1.99609375,-0.16015625,0.01953125,-0.57421875,0.01654052734375,-0.77001953125,-0.05364990234375,0.63555908203125,84.375,10700,26067
6.13006231899999,10.1015625,-3.375,-1.5078125,-0.095703125,0.041015625,-0.138671875,-0.1129150390625,-0.74774169921875,0.18072509765625,0.62884521484375,10.11328125,0.78125,-1.99609375,-0.16015625,0.01953125,-0.57421875,0.01654052734375,-0.77001953125,-0.05364990234375,0.63555908203125,84.7265625,11594,26067
6.140077774000019,10.33203125,-2.953125,-1.0859375,0.03515625,0.068359375,-0.056640625,-0.1129150390625,-0.74774169921875,0.18072509765625,0.62884521484375,10.11328125,0.78125,-1.99609375,-0.16015625,0.01953125,-0.57421875,0.01654052734375,-0.77001953125,-0.05364990234375,0.63555908203125,85.078125,11594,25886
6.150061995000215,10.33203125,-2.953125,-1.0859375,0.03515625,0.068359375,-0.056640625,-0.1129150390625,-0.74774169921875,0.18072509765625,0.62884521484375,10.140625,1.46875,-1.99609375,0.060546875,0.099609375,-0.63671875,0.026123046875,-0.7689208984375,-0.061279296875,0.6358642578125,85.517578125,12166,25886
6.160069706000286,10.21484375,-2.76171875,-1.35546875,0.03515625,0.068359375,-0.056640625,-0.11163330078125,-0.74713134765625,0.17901611328125,0.63031005859375,10.140625,1.46875,-1.99609375,0.060546875,0.099609375,-0.63671875,0.026123046875,-0.7689208984375,-0.061279296875,0.6358642578125,85.78125,12166,25747
6.1700720400003775,10.21484375,-2.76171875,-1.35546875,0.03515625,0.068359375,-0.056640625,-0.11163330078125,-0.74713134765625,0.17901611328125,0.63031005859375,9.95703125,2.0078125,-1.91796875,0.0546875,0.134765625,-0.626953125,0.026123046875,-0.7689208984375,-0.061279296875,0.6358642578125,86.044921875,12376,25747
6.180069861999982,10.21484375,-2.76171875,-1.35546875,0.03515625,0.068359375,-0.056640625,-0.11163330078125,-0.74713134765625,0.17901611328125,0.63031005859375,9.95703125,2.0078125,-1.91796875,0.0546875,0.134765625,-0.626953125,0.03643798828125,-0.76702880859375,-0.0682373046875,0.636962890625,86.30859375,12376,25524
6.190060515999903,10.21484375,-2.76171875,-1.35546875,0.037109375,0.11328125,-0.064453125,-0.1103515625,-0.7457275390625,0.1781005859375,0.6324462890625,9.875,2.08203125,-1.69140625,0.0546875,0.134765625,-0.626953125,0.03643798828125,-0.76702880859375,-0.0682373046875,0.636962890625,86.572265625,13158,25524
6.2000850270005685,9.87109375,-3.18359375,-1.16015625,0.037109375,0.11328125,-0.064453125,-0.1103515625,-0.7457275390625,0.1781005859375,0.6324462890625,9.875,2.08203125,-1.69140625,0.0546875,0.134765625,-0.626953125,0.03643798828125,-0.76702880859375,-0.0682373046875,0.636962890625,86.748046875,13158,25366
6.210062176000065,9.87109375,-3.18359375,-1.16015625,0.037109375,0.11328125,-0.064453125,-0.1103515625,-0.7457275390625,0.1781005859375,0.6324462890625,9.875,2.08203125,-1.69140625,-0.005859375,0.146484375,-0.486328125,0.03643798828125,-0.76702880859375,-0.0682373046875,0.636962890625,87.01171875,13598,25366
6.220072863000496,9.87109375,-3.18359375,-1.16015625,0.0234375,0.138671875,-0.099609375,-0.1087646484375,-0.744140625,0.17669677734375,0.635009765625,9.875,2.08203125,-1.69140625,-0.005859375,0.146484375,-0.486328125,0.03643798828125,-0.76702880859375,-0.0682373046875,0.636962890625,87.1875,13598,25216
6.2300837100001445,9.72265625,-3.296875,-1.125,0.0234375,0.138671875,-0.099609375,-0.1087646484375,-0.744140625,0.17669677734375,0.635009765625,9.6484375,2.390625,-1.26953125,-0.005859375,0.146484375,-0.486328125,0.0447998046875,-0.7647705078125,-0.07452392578125,0.63836669921875,87.275390625,14298,25216
6.240071066999917,9.72265625,-3.296875,-1.125,0.0234375,0.138671875,-0.099609375,-0.1087646484375,-0.744140625,0.17669677734375,0.635009765625,9.6484375,2.390625,-1.26953125,-0.005859375,0.146484375,-0.486328125,0.0447998046875,-0.7647705078125,-0.07452392578125,0.63836669921875,87.36328125,14298,25112
6.250061720999838,9.72265625,-3.296875,-1.125,0.0234375,0.138671875,-0.099609375,-0.1087646484375,-0.744140625,0.17669677734375,0.635009765625,9.6484375,2.390625,-1.26953125,-0.126953125,0.0703125,-0.365234375,0.0447998046875,-0.7647705078125,-0.07452392578125,0.63836669921875,87.451171875,14798,25112
6.260083352000038,9.68359375,-3.4140625,-1.16015625,-0.0546875,0.099609375,-0.169921875,-0.1087646484375,-0.744140625,0.17669677734375,0.635009765625,9.6484375,2.390625,-1.26953125,-0.126953125,0.0703125,-0.365234375,0.0447998046875,-0.7647705078125,-0.07452392578125,0.63836669921875,87.5390625,14798,24960
6.27006306200019,9.68359375,-3.4140625,-1.16015625,-0.0546875,0.099609375,-0.169921875,-0.10711669921875,-0.7431640625,0.17364501953125,0.63726806640625,9.76171875,1.546875,-1.19140625,-0.126953125,0.0703125,-0.365234375,0.04937744140625,-0.7630615234375,-0.0809326171875,0.63934326171875,87.626953125,15459,24960
6.2800957970002855,9.68359375,-3.4140625,-1.16015625,-0.0546875,0.099609375,-0.169921875,-0.10711669921875,-0.7431640625,0.17364501953125,0.63726806640625,9.76171875,1.546875,-1.19140625,-0.126953125,0.0703125,-0.365234375,0.04937744140625,-0.7630615234375,-0.0809326171875,0.63934326171875,87.626953125,15459,24929
6.290060305999759,9.68359375,-3.4140625,-1.16015625,-0.0546875,0.099609375,-0.169921875,-0.10711669921875,-0.7431640625,0.17364501953125,0.63726806640625,9.91796875,1.5859375,-1.5,-0.140625,0.0546875,-0.314453125,0.04937744140625,-0.7630615234375,-0.0809326171875,0.63934326171875,87.71484375,15585,24929
6.300071761000254,9.6796875,-3.640625,-1.0859375,-0.068359375,0.099609375,-0.240234375,-0.10418701171875,-0.74249267578125,0.1689453125,0.6397705078125,9.91796875,1.5859375,-1.5,-0.140625,0.0546875,-0.314453125,0.04937744140625,-0.7630615234375,-0.0809326171875,0.63934326171875,87.71484375,15585,24751
6.3100636300005135,9.6796875,-3.640625,-1.0859375,-0.068359375,0.099609375,-0.240234375,-0.10418701171875,-0.74249267578125,0.1689453125,0.6397705078125,9.91796875,1.5859375,-1.5,-0.140625,0.0546875,-0.314453125,0.0528564453125,-0.76165771484375,-0.08697509765625,0.639892578125,87.71484375,15848,24499
6.320064653000372,9.6796875,-3.640625,-1.0859375,-0.068359375,0.099609375,-0.240234375,-0.10418701171875,-0.74249267578125,0.1689453125,0.6397705078125,9.91796875,1.5859375,-1.5,-0.140625,0.0546875,-0.314453125,0.0528564453125,-0.76165771484375,-0.08697509765625,0.639892578125,87.802734375,15848,24499
6.330120974000238,9.79296875,-3.56640625,-1.19921875,-0.064453125,0.103515625,-0.2734375,-0.10418701171875,-0.74249267578125,0.1689453125,0.6397705078125,9.91796875,1.5859375,-1.5,-0.140625,0.0546875,-0.314453125,0.0528564453125,-0.76165771484375,-0.08697509765625,0.639892578125,87.802734375,16249,24499
6.340061577000597,9.79296875,-3.56640625,-1.19921875,-0.064453125,0.103515625,-0.2734375,-0.10418701171875,-0.74249267578125,0.1689453125,0.6397705078125,9.91796875,1.27734375,-1.61328125,-0.123046875,0.064453125,-0.328125,0.0528564453125,-0.76165771484375,-0.08697509765625,0.639892578125,87.802734375,16249,24321
6.350109832999806,9.83203125,-3.6796875,-1.046875,-0.064453125,0.103515625,-0.2734375,-0.10076904296875,-0.741943359375,0.16363525390625,0.642333984375,9.91796875,1.27734375,-1.61328125,-0.123046875,0.064453125,-0.328125,0.0528564453125,-0.76165771484375,-0.08697509765625,0.639892578125,87.890625,16971,24321
6.360064516999955,9.83203125,-3.6796875,-1.046875,-0.064453125,0.103515625,-0.2734375,-0.10076904296875,-0.741943359375,0.16363525390625,0.642333984375,10.14453125,1.0859375,-1.69140625,-0.123046875,0.064453125,-0.328125,0.0562744140625,-0.76031494140625,-0.093017578125,0.64044189453125,87.890625,16971,24064
6.370072804000301,9.83203125,-3.6796875,-1.046875,-0.064453125,0.103515625,-0.2734375,-0.10076904296875,-0.741943359375,0.16363525390625,0.642333984375,10.14453125,1.0859375,-1.69140625,-0.109375,0.11328125,-0.39453125,0.0562744140625,-0.76031494140625,-0.093017578125,0.64044189453125,87.890625,16878,24064
6.380062625999926,9.83203125,-3.6796875,-1.046875,-0.060546875,0.16015625,-0.376953125,-0.09625244140625,-0.74102783203125,0.15728759765625,0.64569091796875,10.14453125,1.0859375,-1.69140625,-0.109375,0.11328125,-0.39453125,0.0562744140625,-0.76031494140625,-0.093017578125,0.64044189453125,87.890625,16878,23644
6.3900036129998625,9.83203125,-3.6796875,-1.046875,-0.060546875,0.16015625,-0.376953125,-0.09625244140625,-0.74102783203125,0.15728759765625,0.64569091796875,10.109375,1.203125,-2.07421875,-0.109375,0.11328125,-0.39453125,0.06072998046875,-0.75830078125,-0.0994873046875,0.64141845703125,87.890625,17585,23644
6.40006386999994,9.94921875,-3.375,-1.19921875,-0.060546875,0.16015625,-0.376953125,-0.09625244140625,-0.74102783203125,0.15728759765625,0.64569091796875,10.109375,1.203125,-2.07421875,-0.109375,0.11328125,-0.39453125,0.06072998046875,-0.75830078125,-0.0994873046875,0.64141845703125,87.890625,17585,23331
6.410077628999716,9.94921875,-3.375,-1.19921875,-0.060546875,0.16015625,-0.376953125,-0.09625244140625,-0.74102783203125,0.15728759765625,0.64569091796875,10.109375,1.203125,-2.07421875,-0.109375,0.11328125,-0.39453125,0.06072998046875,-0.75830078125,-0.0994873046875,0.64141845703125,87.890625,17561,23331
6.420063130000017,9.83203125,-3.296875,-1.19921875,-0.0625,0.21875,-0.55859375,-0.0897216796875,-0.73944091796875,0.14874267578125,0.65045166015625,10.14453125,0.3203125,-1.91796875,-0.15234375,0.18359375,-0.560546875,0.06072998046875,-0.75830078125,-0.0994873046875,0.64141845703125,87.890625,17561,22892
6.430066040999918,9.83203125,-3.296875,-1.19921875,-0.0625,0.21875,-0.55859375,-0.0897216796875,-0.73944091796875,0.14874267578125,0.65045166015625,10.14453125,0.3203125,-1.91796875,-0.15234375,0.18359375,-0.560546875,0.0667724609375,-0.75518798828125,-0.10797119140625,0.64306640625,87.890625,18238,22519
6.440096248000373,9.83203125,-3.296875,-1.19921875,-0.0625,0.21875,-0.55859375,-0.0897216796875,-0.73944091796875,0.14874267578125,0.65045166015625,10.14453125,0.3203125,-1.91796875,-0.15234375,0.18359375,-0.560546875,0.0667724609375,-0.75518798828125,-0.10797119140625,0.64306640625,87.890625,18238,22519
6.450247358000524,9.83203125,-3.296875,-1.19921875,-0.0625,0.21875,-0.55859375,-0.0897216796875,-0.73944091796875,0.14874267578125,0.65045166015625,10.14453125,0.3203125,-1.91796875,-0.15234375,0.18359375,-0.560546875,0.0667724609375,-0.75518798828125,-0.10797119140625,0.64306640625,87.890625,18408,22519
6.46008088400049,9.83203125,-3.296875,-1.19921875,-0.0625,0.21875,-0.55859375,-0.0897216796875,-0.73944091796875,0.14874267578125,0.65045166015625,10.30078125,0.16796875,-1.65234375,-0.1640625,0.255859375,-0.853515625,0.0667724609375,-0.75518798828125,-0.10797119140625,0.64306640625,87.890625,18408,22208
6.470002447000297,9.9453125,-3.22265625,-0.85546875,-0.025390625,0.255859375,-0.857421875,-0.07904052734375,-0.737548828125,0.136962890625,0.656494140625,10.30078125,0.16796875,-1.65234375,-0.1640625,0.255859375,-0.853515625,0.0667724609375,-0.75518798828125,-0.10797119140625,0.64306640625,87.890625,18509,22208
6.480076752000059,10.17578125,-2.9140625,-1.046875,-0.025390625,0.255859375,-0.857421875,-0.07904052734375,-0.737548828125,0.136962890625,0.656494140625,10.26171875,0.703125,-1.8828125,-0.1640625,0.255859375,-0.853515625,0.076904296875,-0.75054931640625,-0.12030029296875,0.64520263671875,87.890625,18509,21702
6.490061997999874,10.17578125,-2.9140625,-1.046875,-0.025390625,0.255859375,-0.857421875,-0.07904052734375,-0.737548828125,0.136962890625,0.656494140625,10.26171875,0.703125,-1.8828125,-0.1640625,0.255859375,-0.853515625,0.076904296875,-0.75054931640625,-0.12030029296875,0.64520263671875,87.890625,18506,21702
6.500076717000411,10.17578125,-2.9140625,-1.046875,-0.01171875,0.35546875,-1.138671875,-0.06378173828125,-0.73486328125,0.121826171875,0.6641845703125,10.26171875,0.703125,-1.8828125,-0.17578125,0.3359375,-1.138671875,0.09161376953125,-0.7440185546875,-0.13629150390625,0.647705078125,87.890625,18506,21582
6.510081675000038,11.48046875,-2.8359375,-1.0859375,-0.01171875,0.35546875,-1.138671875,-0.06378173828125,-0.73486328125,0.121826171875,0.6641845703125,10.26171875,0.703125,-1.8828125,-0.17578125,0.3359375,-1.138671875,0.09161376953125,-0.7440185546875,-0.13629150390625,0.647705078125,87.890625,19040,21582
6.520075080999959,11.48046875,-2.8359375,-1.0859375,-0.01171875,0.35546875,-1.138671875,-0.06378173828125,-0.73486328125,0.121826171875,0.6641845703125,11.1796875,1.8125,-1.95703125,-0.17578125,0.3359375,-1.138671875,0.09161376953125,-0.7440185546875,-0.13629150390625,0.647705078125,87.890625,19040,21463
6.53006711099988,11.48046875,-2.8359375,-1.0859375,-0.01171875,0.35546875,-1.138671875,-0.06378173828125,-0.73486328125,0.121826171875,0.6641845703125,11.1796875,1.8125,-1.95703125,-0.17578125,0.3359375,-1.138671875,0.09161376953125,-0.7440185546875,-0.13629150390625,0.647705078125,87.890625,19070,21463
6.540093669999806,11.48046875,-2.8359375,-1.0859375,0.021484375,0.4375,-1.400390625,-0.04486083984375,-0.73046875,0.1031494140625,0.673583984375,11.1796875,1.8125,-1.95703125,-0.17578125,0.3359375,-1.138671875,0.09161376953125,-0.7440185546875,-0.13629150390625,0.647705078125,87.890625,19070,20769
6.55006208299983,11.75390625,-2.875,-1.125,0.021484375,0.4375,-1.400390625,-0.04486083984375,-0.73046875,0.1031494140625,0.673583984375,11.3671875,1.62109375,-1.84375,-0.224609375,0.427734375,-1.375,0.1090087890625,-0.73553466796875,-0.15570068359375,0.6502685546875,87.802734375,19924,20769
6.5600717140005145,11.75390625,-2.875,-1.125,0.021484375,0.4375,-1.400390625,-0.04486083984375,-0.73046875,0.1031494140625,0.673583984375,11.3671875,1.62109375,-1.84375,-0.224609375,0.427734375,-1.375,0.1090087890625,-0.73553466796875,-0.15570068359375,0.6502685546875,87.802734375,19924,20400
6.570066271000542,11.75390625,-2.875,-1.125,0.021484375,0.4375,-1.400390625,-0.04486083984375,-0.73046875,0.1031494140625,0.673583984375,11.3671875,1.62109375,-1.84375,-0.224609375,0.427734375,-1.375,0.1090087890625,-0.73553466796875,-0.15570068359375,0.6502685546875,87.71484375,20785,20400
6.580071582000528,12.09765625,-3.91015625,-1.73828125,0.041015625,0.55859375,-1.673828125,-0.04486083984375,-0.73046875,0.1031494140625,0.673583984375,11.3671875,1.62109375,-1.84375,-0.224609375,0.427734375,-1.375,0.1090087890625,-0.73553466796875,-0.15570068359375,0.6502685546875,87.626953125,20785,18882
6.590073723999922,12.09765625,-3.91015625,-1.73828125,0.041015625,0.55859375,-1.673828125,-0.0213623046875,-0.7242431640625,0.081298828125,0.6844482421875,12.02734375,1.125,-2.265625,-0.140625,0.46875,-1.59765625,0.1314697265625,-0.72503662109375,-0.17706298828125,0.65240478515625,87.451171875,22047,18882
6.6000725700005205,12.09765625,-3.91015625,-1.73828125,0.041015625,0.55859375,-1.673828125,-0.0213623046875,-0.7242431640625,0.081298828125,0.6844482421875,12.02734375,1.125,-2.265625,-0.140625,0.46875,-1.59765625,0.1314697265625,-0.72503662109375,-0.17706298828125,0.65240478515625,87.36328125,22047,16425
6.610063896000611,12.9375,-4.1015625,-1.7734375,0.107421875,0.59765625,-2.134765625,-0.0213623046875,-0.7242431640625,0.081298828125,0.6844482421875,12.02734375,1.125,-2.265625,-0.140625,0.46875,-1.59765625,0.1314697265625,-0.72503662109375,-0.17706298828125,0.65240478515625,87.1875,22525,16425
6.620066485999814,12.9375,-4.1015625,-1.7734375,0.107421875,0.59765625,-2.134765625,0.0089111328125,-0.71612548828125,0.05438232421875,0.69580078125,12.7109375,0.3984375,-1.84375,-0.001953125,0.421875,-1.884765625,0.1314697265625,-0.72503662109375,-0.17706298828125,0.65240478515625,86.923828125,22525,13924
6.630087317999823,12.9375,-4.1015625,-1.7734375,0.107421875,0.59765625,-2.134765625,0.0089111328125,-0.71612548828125,0.05438232421875,0.69580078125,12.13671875,1.046875,-1.0,-0.001953125,0.421875,-1.884765625,0.15875244140625,-0.71380615234375,-0.19964599609375,0.6522216796875,86.748046875,23467,13924
6.640062387000398,12.9375,-4.1015625,-1.7734375,0.107421875,0.59765625,-2.134765625,0.0089111328125,-0.71612548828125,0.05438232421875,0.69580078125,12.13671875,1.046875,-1.0,-0.001953125,0.421875,-1.884765625,0.15875244140625,-0.71380615234375,-0.19964599609375,0.6522216796875,86.484375,23467,9769
6.650081266000598,13.28515625,-3.48828125,-1.19921875,-0.154296875,0.576171875,-2.6875,0.0089111328125,-0.71612548828125,0.05438232421875,0.69580078125,12.13671875,1.046875,-1.0,-0.001953125,0.421875,-1.884765625,0.15875244140625,-0.71380615234375,-0.19964599609375,0.6522216796875,86.1328125,23757,9769
6.6600725919997785,13.28515625,-3.48828125,-1.19921875,-0.154296875,0.576171875,-2.6875,0.0089111328125,-0.71612548828125,0.05438232421875,0.69580078125,12.13671875,1.046875,-1.0,-0.24609375,0.275390625,-2.21484375,0.18817138671875,-0.70159912109375,-0.22869873046875,0.64813232421875,85.869140625,23757,3574
6.670063532999848,13.2421875,-2.953125,-1.27734375,-0.154296875,0.576171875,-2.6875,0.04425048828125,-0.70635986328125,0.01702880859375,0.706298828125,11.3671875,0.16796875,-1.19140625,-0.24609375,0.275390625,-2.21484375,0.18817138671875,-0.70159912109375,-0.22869873046875,0.64813232421875,85.517578125,24113,3574
6.680069132000426,13.2421875,-2.953125,-1.27734375,-0.154296875,0.576171875,-2.6875,0.04425048828125,-0.70635986328125,0.01702880859375,0.706298828125,11.3671875,0.16796875,-1.19140625,-0.24609375,0.275390625,-2.21484375,0.18817138671875,-0.70159912109375,-0.22869873046875,0.64813232421875,85.341796875,24113,923
6.690074058000391,13.2421875,-2.953125,-1.27734375,-0.154296875,0.576171875,-2.6875,0.04425048828125,-0.70635986328125,0.01702880859375,0.706298828125,11.3671875,0.16796875,-1.19140625,-0.24609375,0.275390625,-2.21484375,0.18817138671875,-0.70159912109375,-0.22869873046875,0.64813232421875,85.078125,23882,923
6.700013061000391,13.2421875,-2.953125,-1.27734375,-0.154296875,0.576171875,-2.6875,0.04425048828125,-0.70635986328125,0.01702880859375,0.706298828125,11.3671875,0.16796875,-1.19140625,-0.388671875,0.1484375,-2.822265625,0.22088623046875,-0.68658447265625,-0.26751708984375,0.63897705078125,84.814453125,23882,735
6.7100616380002975,13.81640625,-1.0390625,-0.6640625,-0.30859375,0.677734375,-3.310546875,0.08526611328125,-0.6925048828125,-0.0318603515625,0.71563720703125,9.26953125,1.96875,-1.078125,-0.388671875,0.1484375,-2.822265625,0.22088623046875,-0.68658447265625,-0.26751708984375,0.63897705078125,84.638671875,21732,735
6.720073157000115,13.81640625,-1.0390625,-0.6640625,-0.30859375,0.677734375,-3.310546875,0.08526611328125,-0.6925048828125,-0.0318603515625,0.71563720703125,9.26953125,1.96875,-1.078125,-0.388671875,0.1484375,-2.822265625,0.22088623046875,-0.68658447265625,-0.26751708984375,0.63897705078125,84.375,21732,636
6.730084290999912,13.81640625,-1.0390625,-0.6640625,-0.30859375,0.677734375,-3.310546875,0.08526611328125,-0.6925048828125,-0.0318603515625,0.71563720703125,9.26953125,1.96875,-1.078125,-0.388671875,0.1484375,-2.822265625,0.22088623046875,-0.68658447265625,-0.26751708984375,0.63897705078125,84.0234375,19306,636
6.740062689000297,16.078125,-1.11328125,-0.55078125,-0.357421875,0.517578125,-3.34375,0.1270751953125,-0.676513671875,-0.08392333984375,0.72052001953125,10.4921875,6.44921875,-1.15234375,-0.52734375,0.19140625,-2.92578125,0.22088623046875,-0.68658447265625,-0.26751708984375,0.63897705078125,83.759765625,19306,671
6.750070654999945,16.078125,-1.11328125,-0.55078125,-0.357421875,0.517578125,-3.34375,0.1270751953125,-0.676513671875,-0.08392333984375,0.72052001953125,10.4921875,6.44921875,-1.15234375,-0.52734375,0.19140625,-2.92578125,0.25439453125,-0.66729736328125,-0.310546875,0.6273193359375,83.3203125,9655,671
6.760020603000157,16.078125,-1.11328125,-0.55078125,-0.357421875,0.517578125,-3.34375,0.1270751953125,-0.676513671875,-0.08392333984375,0.72052001953125,10.4921875,6.44921875,-1.15234375,-0.52734375,0.19140625,-2.92578125,0.25439453125,-0.66729736328125,-0.310546875,0.6273193359375,82.96875,9655,549
6.770073276000403,16.078125,-1.11328125,-0.55078125,-0.357421875,0.517578125,-3.34375,0.1270751953125,-0.676513671875,-0.08392333984375,0.72052001953125,7.578125,6.10546875,-1.53515625,-0.642578125,0.31640625,-2.21484375,0.25439453125,-0.66729736328125,-0.310546875,0.6273193359375,82.529296875,3794,549
6.780062200999964,10.7109375,-3.4140625,-0.47265625,-0.33984375,0.53515625,-2.8671875,0.1270751953125,-0.676513671875,-0.08392333984375,0.72052001953125,7.578125,6.10546875,-1.53515625,-0.642578125,0.31640625,-2.21484375,0.27984619140625,-0.64654541015625,-0.3475341796875,0.6187744140625,82.001953125,3794,363
6.79006978400048,10.7109375,-3.4140625,-0.47265625,-0.33984375,0.53515625,-2.8671875,0.16357421875,-0.65924072265625,-0.13043212890625,0.72222900390625,3.05859375,3.42578125,-0.80859375,-0.642578125,0.31640625,-2.21484375,0.27984619140625,-0.64654541015625,-0.3475341796875,0.6187744140625,81.474609375,203,363
6.800063925999893,4.890625,-4.37109375,-0.6640625,-0.33984375,0.53515625,-2.8671875,0.16357421875,-0.65924072265625,-0.13043212890625,0.72222900390625,3.05859375,3.42578125,-0.80859375,-0.642578125,0.31640625,-2.21484375,0.27984619140625,-0.64654541015625,-0.3475341796875,0.6187744140625,81.298828125,203,347
6.810071284000514,4.890625,-4.37109375,-0.6640625,-0.33984375,0.53515625,-2.8671875,0.16357421875,-0.65924072265625,-0.13043212890625,0.72222900390625,3.05859375,3.42578125,-0.80859375,-0.642578125,0.31640625,-2.21484375,0.27984619140625,-0.64654541015625,-0.3475341796875,0.6187744140625,80.947265625,4,347
6.820066993999717,4.890625,-4.37109375,-0.6640625,-0.41015625,0.55078125,-1.580078125,0.18853759765625,-0.64227294921875,-0.16400146484375,0.72454833984375,3.05859375,3.42578125,-0.80859375,-0.6015625,0.302734375,-1.158203125,0.292236328125,-0.6309814453125,-0.3697509765625,0.61627197265625,80.771484375,4,161
6.830070576999788,4.890625,-4.37109375,-0.6640625,-0.41015625,0.55078125,-1.580078125,0.18853759765625,-0.64227294921875,-0.16400146484375,0.72454833984375,0.875,7.5546875,0.26171875,-0.6015625,0.302734375,-1.158203125,0.292236328125,-0.6309814453125,-0.3697509765625,0.61627197265625,80.5078125,0,161
6.840066671000386,3.015625,-9.69921875,-0.01171875,-0.41015625,0.55078125,-1.580078125,0.18853759765625,-0.64227294921875,-0.16400146484375,0.72454833984375,0.875,7.5546875,0.26171875,-0.6015625,0.302734375,-1.158203125,0.292236328125,-0.6309814453125,-0.3697509765625,0.61627197265625,80.419921875,0,168
6.8500707969997165,3.015625,-9.69921875,-0.01171875,-0.41015625,0.55078125,-1.580078125,0.18853759765625,-0.64227294921875,-0.16400146484375,0.72454833984375,0.875,7.5546875,0.26171875,-0.6015625,0.302734375,-1.158203125,0.292236328125,-0.6309814453125,-0.3697509765625,0.61627197265625,80.33203125,4,168
6.860064203000547,3.015625,-9.69921875,-0.01171875,-0.41015625,0.55078125,-1.580078125,0.18853759765625,-0.64227294921875,-0.16400146484375,0.72454833984375,1.828125,1.27734375,-0.46484375,0.1015625,0.408203125,0.85546875,0.292236328125,-0.6309814453125,-0.3697509765625,0.61627197265625,80.33203125,4,571
6.870067529000153,2.515625,-6.24609375,-0.96875,0.470703125,0.015625,0.6484375,0.1893310546875,-0.6419677734375,-0.1580810546875,0.7259521484375,1.828125,1.27734375,-0.46484375,0.1015625,0.408203125,0.85546875,0.2857666015625,-0.627685546875,-0.364013671875,0.6259765625,80.419921875,3,571
6.880063175000032,2.515625,-6.24609375,-0.96875,0.470703125,0.015625,0.6484375,0.1893310546875,-0.6419677734375,-0.1580810546875,0.7259521484375,1.828125,1.27734375,-0.46484375,0.1015625,0.408203125,0.85546875,0.2857666015625,-0.627685546875,-0.364013671875,0.6259765625,80.419921875,3,1249
6.890061733000039,2.515625,-6.24609375,-0.96875,0.470703125,0.015625,0.6484375,0.1893310546875,-0.6419677734375,-0.1580810546875,0.7259521484375,1.828125,1.27734375,-0.46484375,0.1015625,0.408203125,0.85546875,0.2857666015625,-0.627685546875,-0.364013671875,0.6259765625,80.5078125,4,1249
6.9000649959998555,2.515625,-6.24609375,-0.96875,0.470703125,0.015625,0.6484375,0.1893310546875,-0.6419677734375,-0.1580810546875,0.7259521484375,1.83203125,2.62109375,0.0703125,0.763671875,0.20703125,1.681640625,0.2857666015625,-0.627685546875,-0.364013671875,0.6259765625,80.595703125,4,1658
6.910070306000307,3.58984375,-3.56640625,-2.15625,0.865234375,-0.32421875,1.80859375,0.18084716796875,-0.65325927734375,-0.12615966796875,0.724365234375,1.83203125,2.62109375,0.0703125,0.763671875,0.20703125,1.681640625,0.277099609375,-0.6370849609375,-0.33526611328125,0.6363525390625,80.595703125,2,1658
6.920066784000483,3.58984375,-3.56640625,-2.15625,0.865234375,-0.32421875,1.80859375,0.18084716796875,-0.65325927734375,-0.12615966796875,0.724365234375,1.83203125,2.62109375,0.0703125,0.763671875,0.20703125,1.681640625,0.277099609375,-0.6370849609375,-0.33526611328125,0.6363525390625,80.68359375,2,3408
6.93006467000032,4.77734375,-2.953125,-1.9296875,0.775390625,-0.572265625,2.615234375,0.18084716796875,-0.65325927734375,-0.12615966796875,0.724365234375,2.37109375,3.69140625,0.1875,0.90625,-0.134765625,2.48828125,0.277099609375,-0.6370849609375,-0.33526611328125,0.6363525390625,80.771484375,2,3408
6.940093342000182,4.77734375,-2.953125,-1.9296875,0.775390625,-0.572265625,2.615234375,0.1600341796875,-0.6702880859375,-0.08367919921875,0.71978759765625,2.37109375,3.69140625,0.1875,0.90625,-0.134765625,2.48828125,0.25732421875,-0.656005859375,-0.29412841796875,0.64569091796875,80.771484375,2,5959
6.950014040000497,4.77734375,-2.953125,-1.9296875,0.775390625,-0.572265625,2.615234375,0.1600341796875,-0.6702880859375,-0.08367919921875,0.71978759765625,3.9765625,4.0703125,-0.234375,0.90625,-0.134765625,2.48828125,0.25732421875,-0.656005859375,-0.29412841796875,0.64569091796875,80.947265625,4,7987
6.960080026000469,4.77734375,-2.953125,-1.9296875,0.775390625,-0.572265625,2.615234375,0.1600341796875,-0.6702880859375,-0.08367919921875,0.71978759765625,3.9765625,4.0703125,-0.234375,0.90625,-0.134765625,2.48828125,0.25732421875,-0.656005859375,-0.29412841796875,0.64569091796875,81.03515625,4,7987
6.9700547749998805,7.1484375,-3.03125,-1.046875,0.685546875,-0.740234375,3.52734375,0.1600341796875,-0.6702880859375,-0.08367919921875,0.71978759765625,3.9765625,4.0703125,-0.234375,0.90625,-0.134765625,2.48828125,0.25732421875,-0.656005859375,-0.29412841796875,0.64569091796875,81.123046875,2,7987
6.980075606000355,7.1484375,-3.03125,-1.046875,0.685546875,-0.740234375,3.52734375,0.1600341796875,-0.6702880859375,-0.08367919921875,0.71978759765625,5.390625,5.37890625,0.03515625,0.818359375,-0.271484375,3.298828125,0.22528076171875,-0.678955078125,-0.24310302734375,0.6551513671875,81.298828125,2,10143
6.990061331000106,9.64453125,-2.9140625,-0.703125,0.685546875,-0.740234375,3.52734375,0.12457275390625,-0.69049072265625,-0.02874755859375,0.71197509765625,5.390625,5.37890625,0.03515625,0.818359375,-0.271484375,3.298828125,0.22528076171875,-0.678955078125,-0.24310302734375,0.6551513671875,81.38671875,4,10143
7.0000677620000715,9.64453125,-2.9140625,-0.703125,0.685546875,-0.740234375,3.52734375,0.12457275390625,-0.69049072265625,-0.02874755859375,0.71197509765625,5.390625,5.37890625,0.03515625,0.818359375,-0.271484375,3.298828125,0.22528076171875,-0.678955078125,-0.24310302734375,0.6551513671875,81.474609375,6,12566
7.010062000000289,9.64453125,-2.9140625,-0.703125,0.685546875,-0.740234375,3.52734375,0.12457275390625,-0.69049072265625,-0.02874755859375,0.71197509765625,5.390625,5.37890625,0.03515625,0.818359375,-0.271484375,3.298828125,0.22528076171875,-0.678955078125,-0.24310302734375,0.6551513671875,81.650390625,6,12566
7.020070702000339,9.64453125,-2.9140625,-0.703125,0.361328125,-0.701171875,4.111328125,0.0755615234375,-0.70855712890625,0.03204345703125,0.70086669921875,5.390625,5.37890625,0.03515625,0.818359375,-0.271484375,3.298828125,0.22528076171875,-0.678955078125,-0.24310302734375,0.6551513671875,81.826171875,6,14504
7.030065484000261,11.8984375,-2.875,-1.27734375,0.361328125,-0.701171875,4.111328125,0.0755615234375,-0.70855712890625,0.03204345703125,0.70086669921875,7.0390625,4.19140625,-0.6953125,0.53515625,-0.384765625,3.873046875,0.17938232421875,-0.70172119140625,-0.1859130859375,0.66400146484375,81.9140625,4,14504
7.040075722999973,11.8984375,-2.875,-1.27734375,0.361328125,-0.701171875,4.111328125,0.0755615234375,-0.70855712890625,0.03204345703125,0.70086669921875,7.0390625,4.19140625,-0.6953125,0.53515625,-0.384765625,3.873046875,0.17938232421875,-0.70172119140625,-0.1859130859375,0.66400146484375,82.001953125,4,16420
7.050064201000168,11.8984375,-2.875,-1.27734375,0.361328125,-0.701171875,4.111328125,0.0755615234375,-0.70855712890625,0.03204345703125,0.70086669921875,9.0703125,3.73046875,-0.92578125,0.513671875,-0.478515625,4.26953125,0.17938232421875,-0.70172119140625,-0.1859130859375,0.66400146484375,82.08984375,2,16420
7.060066631000154,14.19921875,-3.22265625,-1.73828125,0.34765625,-0.73046875,4.46484375,0.017578125,-0.7225341796875,0.09765625,0.6842041015625,9.0703125,3.73046875,-0.92578125,0.513671875,-0.478515625,4.26953125,0.12530517578125,-0.7220458984375,-0.12445068359375,0.66888427734375,82.265625,2,16765
7.070067620999907,14.19921875,-3.22265625,-1.73828125,0.34765625,-0.73046875,4.46484375,0.017578125,-0.7225341796875,0.09765625,0.6842041015625,10.6796875,3.078125,-1.765625,0.513671875,-0.478515625,4.26953125,0.12530517578125,-0.7220458984375,-0.12445068359375,0.66888427734375,82.353515625,2,16783
7.080063522999808,14.19921875,-3.22265625,-1.73828125,0.34765625,-0.73046875,4.46484375,0.017578125,-0.7225341796875,0.09765625,0.6842041015625,10.6796875,3.078125,-1.765625,0.513671875,-0.478515625,4.26953125,0.12530517578125,-0.7220458984375,-0.12445068359375,0.66888427734375,82.44140625,2,16783
7.090015935000338,16.23046875,-1.421875,-2.54296875,0.1796875,-0.671875,4.38671875,0.017578125,-0.7225341796875,0.09765625,0.6842041015625,10.6796875,3.078125,-1.765625,0.513671875,-0.478515625,4.26953125,0.12530517578125,-0.7220458984375,-0.12445068359375,0.66888427734375,82.6171875,4,16783
7.100062399000308,16.23046875,-1.421875,-2.54296875,0.1796875,-0.671875,4.38671875,0.017578125,-0.7225341796875,0.09765625,0.6842041015625,10.6796875,3.078125,-1.765625,0.51953125,-0.580078125,4.158203125,0.069580078125,-0.73858642578125,-0.0611572265625,0.667724609375,82.705078125,4,15662
7.110070812999766,16.23046875,-1.421875,-2.54296875,0.1796875,-0.671875,4.38671875,-0.0421142578125,-0.72998046875,0.160888671875,0.6629638671875,12.06640625,4.57421875,-2.2265625,0.51953125,-0.580078125,4.158203125,0.069580078125,-0.73858642578125,-0.0611572265625,0.667724609375,82.880859375,2,15662
7.1200614030003635,17.953125,0.80078125,-2.46484375,0.1796875,-0.671875,4.38671875,-0.0421142578125,-0.72998046875,0.160888671875,0.6629638671875,12.06640625,4.57421875,-2.2265625,0.51953125,-0.580078125,4.158203125,0.069580078125,-0.73858642578125,-0.0611572265625,0.667724609375,83.056640625,4,13847
7.13007253700016,17.953125,0.80078125,-2.46484375,0.1796875,-0.671875,4.38671875,-0.0421142578125,-0.72998046875,0.160888671875,0.6629638671875,12.06640625,4.57421875,-2.2265625,0.51953125,-0.580078125,4.158203125,0.069580078125,-0.73858642578125,-0.0611572265625,0.667724609375,83.14453125,4,13847
7.140068054000039,17.953125,0.80078125,-2.46484375,-0.498046875,-0.478515625,3.931640625,-0.10296630859375,-0.73236083984375,0.2098388671875,0.6395263671875,12.06640625,4.57421875,-2.2265625,0.51953125,-0.580078125,4.158203125,0.069580078125,-0.73858642578125,-0.0611572265625,0.667724609375,83.232421875,4,13097
7.150069459999941,17.8359375,1.9140625,-1.23828125,-0.498046875,-0.478515625,3.931640625,-0.10296630859375,-0.73236083984375,0.2098388671875,0.6395263671875,12.06640625,4.57421875,-2.2265625,-0.12109375,-0.716796875,3.712890625,0.01214599609375,-0.75115966796875,-0.00860595703125,0.65997314453125,83.3203125,3,13097
7.160060529000475,17.8359375,1.9140625,-1.23828125,-0.498046875,-0.478515625,3.931640625,-0.10296630859375,-0.73236083984375,0.2098388671875,0.6395263671875,12.7109375,6.14453125,-2.6875,-0.12109375,-0.716796875,3.712890625,0.01214599609375,-0.75115966796875,-0.00860595703125,0.65997314453125,83.408203125,3,12178
7.170067983000081,17.8359375,1.9140625,-1.23828125,-0.498046875,-0.478515625,3.931640625,-0.10296630859375,-0.73236083984375,0.2098388671875,0.6395263671875,12.6328125,4.53515625,-2.265625,-0.947265625,-0.751953125,3.10546875,0.01214599609375,-0.75115966796875,-0.00860595703125,0.65997314453125,83.49609375,5,12178
7.180060780000531,17.8359375,1.9140625,-1.23828125,-0.498046875,-0.478515625,3.931640625,-0.10296630859375,-0.73236083984375,0.2098388671875,0.6395263671875,12.6328125,4.53515625,-2.265625,-0.947265625,-0.751953125,3.10546875,0.01214599609375,-0.75115966796875,-0.00860595703125,0.65997314453125,83.583984375,5,12268
7.190073771000243,16.1484375,1.4140625,-0.1640625,-1.22265625,-0.208984375,3.24609375,-0.16619873046875,-0.73150634765625,0.23809814453125,0.616943359375,12.6328125,4.53515625,-2.265625,-0.947265625,-0.751953125,3.10546875,-0.04736328125,-0.760009765625,0.0228271484375,0.64776611328125,83.671875,4,13115
7.200060871999995,16.1484375,1.4140625,-0.1640625,-1.22265625,-0.208984375,3.24609375,-0.16619873046875,-0.73150634765625,0.23809814453125,0.616943359375,12.6328125,4.53515625,-2.265625,-0.947265625,-0.751953125,3.10546875,-0.04736328125,-0.760009765625,0.0228271484375,0.64776611328125,83.759765625,4,13115
7.21007130199996,16.1484375,1.4140625,-0.1640625,-1.22265625,-0.208984375,3.24609375,-0.16619873046875,-0.73150634765625,0.23809814453125,0.616943359375,11.22265625,2.08203125,-0.80859375,-0.7890625,-0.7421875,2.240234375,-0.04736328125,-0.760009765625,0.0228271484375,0.64776611328125,83.84765625,2,13115
7.220070082999882,13.46875,2.41015625,-0.43359375,-1.009765625,-0.373046875,2.396484375,-0.21636962890625,-0.73052978515625,0.25506591796875,0.59539794921875,11.22265625,2.08203125,-0.80859375,-0.7890625,-0.7421875,2.240234375,-0.04736328125,-0.760009765625,0.0228271484375,0.64776611328125,83.935546875,2,14199
7.230073089000143,13.46875,2.41015625,-0.43359375,-1.009765625,-0.373046875,2.396484375,-0.21636962890625,-0.73052978515625,0.25506591796875,0.59539794921875,10.11328125,0.97265625,-0.00390625,-0.7890625,-0.7421875,2.240234375,-0.09619140625,-0.7664794921875,0.04278564453125,0.63360595703125,84.0234375,4,15428
7.240082686999813,13.46875,2.41015625,-0.43359375,-1.009765625,-0.373046875,2.396484375,-0.21636962890625,-0.73052978515625,0.25506591796875,0.59539794921875,10.11328125,0.97265625,-0.00390625,-0.7890625,-0.7421875,2.240234375,-0.09619140625,-0.7664794921875,0.04278564453125,0.63360595703125,84.111328125,4,15428
7.250068604000262,12.3984375,4.2890625,0.484375,-0.26953125,-0.58203125,1.06640625,-0.21636962890625,-0.73052978515625,0.25506591796875,0.59539794921875,10.11328125,0.97265625,-0.00390625,-0.7890625,-0.7421875,2.240234375,-0.09619140625,-0.7664794921875,0.04278564453125,0.63360595703125,84.111328125,3,15428
7.260067930000332,12.3984375,4.2890625,0.484375,-0.26953125,-0.58203125,1.06640625,-0.21636962890625,-0.73052978515625,0.25506591796875,0.59539794921875,10.11328125,0.97265625,-0.00390625,-0.02734375,-0.6171875,0.98046875,-0.11968994140625,-0.7723388671875,0.0574951171875,0.62115478515625,84.111328125,3,15535
7.270032053999785,12.3984375,4.2890625,0.484375,-0.26953125,-0.58203125,1.06640625,-0.24029541015625,-0.7330322265625,0.26751708984375,0.57733154296875,11.140625,0.51171875,-0.00390625,-0.02734375,-0.6171875,0.98046875,-0.11968994140625,-0.7723388671875,0.0574951171875,0.62115478515625,84.19921875,-1,15535
7.280065525000282,12.51953125,5.55078125,2.24609375,-0.26953125,-0.58203125,1.06640625,-0.24029541015625,-0.7330322265625,0.26751708984375,0.57733154296875,11.140625,0.51171875,-0.00390625,-0.02734375,-0.6171875,0.98046875,-0.11968994140625,-0.7723388671875,0.0574951171875,0.62115478515625,84.287109375,5,16116
7.290063571000246,12.51953125,5.55078125,2.24609375,-0.26953125,-0.58203125,1.06640625,-0.24029541015625,-0.7330322265625,0.26751708984375,0.57733154296875,11.140625,0.51171875,-0.00390625,-0.02734375,-0.6171875,0.98046875,-0.11968994140625,-0.7723388671875,0.0574951171875,0.62115478515625,84.287109375,5,16116
7.30007464099981,12.51953125,5.55078125,2.24609375,-0.26953125,-0.58203125,1.06640625,-0.24029541015625,-0.7330322265625,0.26751708984375,0.57733154296875,11.140625,0.51171875,-0.00390625,-0.02734375,-0.6171875,0.98046875,-0.11968994140625,-0.7723388671875,0.0574951171875,0.62115478515625,84.287109375,5,16764
7.310067309999795,12.51953125,5.55078125,2.24609375,0.380859375,-0.458984375,-0.357421875,-0.23455810546875,-0.73736572265625,0.27337646484375,0.5714111328125,10.30078125,2.234375,0.72265625,0.501953125,-0.22265625,-0.4296875,-0.11322021484375,-0.77587890625,0.06378173828125,0.6173095703125,84.19921875,4,16764
7.320078828000078,12.16796875,4.5546875,3.12890625,0.380859375,-0.458984375,-0.357421875,-0.23455810546875,-0.73736572265625,0.27337646484375,0.5714111328125,10.30078125,2.234375,0.72265625,0.501953125,-0.22265625,-0.4296875,-0.11322021484375,-0.77587890625,0.06378173828125,0.6173095703125,84.0234375,4,22584
7.330046728000525,12.16796875,4.5546875,3.12890625,0.380859375,-0.458984375,-0.357421875,-0.23455810546875,-0.73736572265625,0.27337646484375,0.5714111328125,16.01171875,-2.4375,1.14453125,1.26171875,-0.03125,-1.130859375,-0.11322021484375,-0.77587890625,0.06378173828125,0.6173095703125,83.759765625,0,22584
7.340075271000387,12.16796875,4.5546875,3.12890625,0.380859375,-0.458984375,-0.357421875,-0.23455810546875,-0.73736572265625,0.27337646484375,0.5714111328125,16.01171875,-2.4375,1.14453125,1.26171875,-0.03125,-1.130859375,-0.0853271484375,-0.77679443359375,0.06622314453125,0.62042236328125,83.408203125,0,24768
7.3500952700005655,10.94921875,-9.50390625,1.82421875,0.912109375,-0.193359375,-1.423828125,-0.20556640625,-0.7423095703125,0.27294921875,0.57635498046875,16.01171875,-2.4375,1.14453125,1.26171875,-0.03125,-1.130859375,-0.0853271484375,-0.77679443359375,0.06622314453125,0.62042236328125,83.056640625,1,25712
7.360064481999871,10.94921875,-9.50390625,1.82421875,0.912109375,-0.193359375,-1.423828125,-0.20556640625,-0.7423095703125,0.27294921875,0.57635498046875,16.01171875,-2.4375,1.14453125,1.26171875,-0.03125,-1.130859375,-0.0853271484375,-0.77679443359375,0.06622314453125,0.62042236328125,82.6171875,1,25712
7.370075200000429,10.94921875,-9.50390625,1.82421875,0.912109375,-0.193359375,-1.423828125,-0.20556640625,-0.7423095703125,0.27294921875,0.57635498046875,10.07421875,-1.9765625,-1.61328125,-0.5703125,0.08203125,-1.23828125,-0.0853271484375,-0.77679443359375,0.06622314453125,0.62042236328125,82.08984375,4,25712
7.38006207699982,10.1015625,-5.86328125,0.140625,-0.61328125,0.939453125,-2.1640625,-0.18255615234375,-0.7427978515625,0.24468994140625,0.59588623046875,10.07421875,-1.9765625,-1.61328125,-0.5703125,0.08203125,-1.23828125,-0.0853271484375,-0.77679443359375,0.06622314453125,0.62042236328125,81.5625,4,26172
7.390088348000063,10.1015625,-5.86328125,0.140625,-0.61328125,0.939453125,-2.1640625,-0.18255615234375,-0.7427978515625,0.24468994140625,0.59588623046875,8.69140625,-3.05078125,-1.421875,-0.5703125,0.08203125,-1.23828125,-0.06640625,-0.77752685546875,0.0501708984375,0.623291015625,81.38671875,4,26172
7.400062585000342,10.1015625,-5.86328125,0.140625,-0.61328125,0.939453125,-2.1640625,-0.18255615234375,-0.7427978515625,0.24468994140625,0.59588623046875,8.69140625,-3.05078125,-1.421875,-0.5703125,0.08203125,-1.23828125,-0.06640625,-0.77752685546875,0.0501708984375,0.623291015625,81.2109375,4,26204
7.410065558000497,8.796875,-7.28125,-3.4609375,-0.1015625,0.06640625,-1.732421875,-0.18255615234375,-0.7427978515625,0.24468994140625,0.59588623046875,8.69140625,-3.05078125,-1.421875,-0.5703125,0.08203125,-1.23828125,-0.06640625,-0.77752685546875,0.0501708984375,0.623291015625,81.03515625,2,26204
7.4200611400001435,8.796875,-7.28125,-3.4609375,-0.1015625,0.06640625,-1.732421875,-0.18255615234375,-0.7427978515625,0.24468994140625,0.59588623046875,8.69140625,-3.05078125,-1.421875,-0.041015625,-0.03515625,-1.44140625,-0.04888916015625,-0.77899169921875,0.02911376953125,0.62445068359375,80.947265625,2,26078
7.430063314000108,8.796875,-7.28125,-3.4609375,-0.1015625,0.06640625,-1.732421875,-0.1590576171875,-0.74737548828125,0.21630859375,0.60772705078125,8.3046875,-1.25,-1.30859375,-0.041015625,-0.03515625,-1.44140625,-0.04888916015625,-0.77899169921875,0.02911376953125,0.62445068359375,80.771484375,3,26078
7.440077520000159,9.56640625,-4.828125,-0.89453125,-0.1015625,0.06640625,-1.732421875,-0.1590576171875,-0.74737548828125,0.21630859375,0.60772705078125,8.3046875,-1.25,-1.30859375,-0.041015625,-0.03515625,-1.44140625,-0.04888916015625,-0.77899169921875,0.02911376953125,0.62445068359375,80.68359375,3,25906
7.450062509000418,9.56640625,-4.828125,-0.89453125,-0.1015625,0.06640625,-1.732421875,-0.1590576171875,-0.74737548828125,0.21630859375,0.60772705078125,8.3046875,-1.25,-1.30859375,-0.041015625,-0.03515625,-1.44140625,-0.04888916015625,-0.77899169921875,0.02911376953125,0.62445068359375,80.5078125,3,25906
7.460071307000362,9.56640625,-4.828125,-0.89453125,-0.1015625,0.06640625,-1.732421875,-0.1590576171875,-0.74737548828125,0.21630859375,0.60772705078125,8.3046875,-1.25,-1.30859375,-0.041015625,-0.03515625,-1.44140625,-0.04888916015625,-0.77899169921875,0.02911376953125,0.62445068359375,80.419921875,3,26017
7.4700617680000505,9.56640625,-4.828125,-0.89453125,-0.4140625,0.173828125,-1.34765625,-0.14337158203125,-0.75152587890625,0.1929931640625,0.6143798828125,7.92578125,1.8515625,-3.64453125,-0.58984375,0.095703125,-1.037109375,-0.03680419921875,-0.77947998046875,0.00677490234375,0.62530517578125,80.419921875,3,26017
7.48007091799991,9.68359375,-4.90625,-3.65234375,-0.4140625,0.173828125,-1.34765625,-0.14337158203125,-0.75152587890625,0.1929931640625,0.6143798828125,7.92578125,1.8515625,-3.64453125,-0.58984375,0.095703125,-1.037109375,-0.03680419921875,-0.77947998046875,0.00677490234375,0.62530517578125,80.5078125,3,26035
7.490063940000255,9.68359375,-4.90625,-3.65234375,-0.4140625,0.173828125,-1.34765625,-0.14337158203125,-0.75152587890625,0.1929931640625,0.6143798828125,8.92578125,3.0390625,-3.52734375,-0.42578125,0.109375,-0.6328125,-0.03680419921875,-0.77947998046875,0.00677490234375,0.62530517578125,80.595703125,1,26035
7.500072482000178,9.68359375,-4.90625,-3.65234375,-0.4140625,0.173828125,-1.34765625,-0.14337158203125,-0.75152587890625,0.1929931640625,0.6143798828125,8.92578125,3.0390625,-3.52734375,-0.42578125,0.109375,-0.6328125,-0.02935791015625,-0.77862548828125,-0.00836181640625,0.626708984375,80.68359375,1,26029
7.510064799000247,10.5234375,-4.4453125,-1.9296875,-0.068359375,0.19140625,-0.47265625,-0.13330078125,-0.75213623046875,0.1817626953125,0.6192626953125,8.92578125,3.0390625,-3.52734375,-0.42578125,0.109375,-0.6328125,-0.02935791015625,-0.77862548828125,-0.00836181640625,0.626708984375,80.771484375,3,26029
7.52006876500036,10.5234375,-4.4453125,-1.9296875,-0.068359375,0.19140625,-0.47265625,-0.13330078125,-0.75213623046875,0.1817626953125,0.6192626953125,8.80859375,1.27734375,-1.0,-0.42578125,0.109375,-0.6328125,-0.02935791015625,-0.77862548828125,-0.00836181640625,0.626708984375,80.859375,5,26265
7.530073083000389,10.5234375,-4.4453125,-1.9296875,-0.068359375,0.19140625,-0.47265625,-0.13330078125,-0.75213623046875,0.1817626953125,0.6192626953125,8.80859375,1.27734375,-1.0,-0.42578125,0.109375,-0.6328125,-0.02935791015625,-0.77862548828125,-0.00836181640625,0.626708984375,80.947265625,5,26265
7.540021142000114,9.22265625,-4.6015625,-1.31640625,-0.078125,0.04296875,-0.25390625,-0.13067626953125,-0.752685546875,0.1766357421875,0.62060546875,8.80859375,1.27734375,-1.0,-0.42578125,0.109375,-0.6328125,-0.02935791015625,-0.77862548828125,-0.00836181640625,0.626708984375,81.2109375,5,26066
7.550072086,9.22265625,-4.6015625,-1.31640625,-0.078125,0.04296875,-0.25390625,-0.13067626953125,-0.752685546875,0.1766357421875,0.62060546875,9.4140625,-1.59375,-1.0390625,-0.33203125,0.013671875,-0.427734375,-0.02789306640625,-0.7783203125,-0.0196533203125,0.62689208984375,81.298828125,5,26066
7.560068595000303,9.22265625,-4.6015625,-1.31640625,-0.078125,0.04296875,-0.25390625,-0.13067626953125,-0.752685546875,0.1766357421875,0.62060546875,9.4140625,-1.59375,-1.0390625,-0.33203125,0.013671875,-0.427734375,-0.02789306640625,-0.7783203125,-0.0196533203125,0.62689208984375,81.38671875,5,25929
7.570086802000333,9.76171875,-3.98828125,-1.390625,-0.1015625,-0.052734375,-0.2265625,-0.13067626953125,-0.752685546875,0.1766357421875,0.62060546875,9.4140625,-1.59375,-1.0390625,-0.33203125,0.013671875,-0.427734375,-0.02789306640625,-0.7783203125,-0.0196533203125,0.62689208984375,81.474609375,6,25929
7.580085454999789,9.76171875,-3.98828125,-1.390625,-0.1015625,-0.052734375,-0.2265625,-0.13067626953125,-0.752685546875,0.1766357421875,0.62060546875,9.4140625,-1.59375,-1.0390625,-0.21484375,-0.046875,-0.408203125,-0.02337646484375,-0.77886962890625,-0.0283203125,0.62615966796875,81.5625,6,6
7.5901042380000945,9.76171875,-3.98828125,-1.390625,-0.1015625,-0.052734375,-0.2265625,-0.12774658203125,-0.75396728515625,0.17236328125,0.62091064453125,9.87890625,0.78125,-2.33984375,-0.21484375,-0.046875,-0.408203125,-0.02337646484375,-0.77886962890625,-0.0283203125,0.62615966796875,81.650390625,192,6
7.600065450000329,10.02734375,-3.640625,-1.69921875,-0.1015625,-0.052734375,-0.2265625,-0.12774658203125,-0.75396728515625,0.17236328125,0.62091064453125,9.87890625,0.78125,-2.33984375,-0.21484375,-0.046875,-0.408203125,-0.02337646484375,-0.77886962890625,-0.0283203125,0.62615966796875,81.73828125,2244,25889
7.6100866000006135,10.02734375,-3.640625,-1.69921875,-0.1015625,-0.052734375,-0.2265625,-0.12774658203125,-0.75396728515625,0.17236328125,0.62091064453125,9.87890625,0.78125,-2.33984375,-0.21484375,-0.046875,-0.408203125,-0.02337646484375,-0.77886962890625,-0.0283203125,0.62615966796875,81.826171875,2244,25889
7.620059877000131,10.02734375,-3.640625,-1.69921875,-0.1015625,-0.052734375,-0.2265625,-0.12774658203125,-0.75396728515625,0.17236328125,0.62091064453125,9.87890625,0.78125,-2.33984375,-0.21484375,-0.046875,-0.408203125,-0.02337646484375,-0.77886962890625,-0.0283203125,0.62615966796875,81.9140625,2244,25995
7.630077091000203,10.02734375,-3.640625,-1.69921875,-0.107421875,0.064453125,-0.203125,-0.1256103515625,-0.75433349609375,0.16766357421875,0.6221923828125,10.11328125,1.01171875,-2.80078125,-0.24609375,0.068359375,-0.33203125,-0.02056884765625,-0.7783203125,-0.036376953125,0.62652587890625,81.9140625,4429,25995
7.640061728000546,10.0234375,-3.48828125,-1.7734375,-0.107421875,0.064453125,-0.203125,-0.1256103515625,-0.75433349609375,0.16766357421875,0.6221923828125,10.11328125,1.01171875,-2.80078125,-0.24609375,0.068359375,-0.33203125,-0.02056884765625,-0.7783203125,-0.036376953125,0.62652587890625,82.001953125,4429,25707
7.650077758999942,10.0234375,-3.48828125,-1.7734375,-0.107421875,0.064453125,-0.203125,-0.1256103515625,-0.75433349609375,0.16766357421875,0.6221923828125,10.21875,0.43359375,-2.07421875,-0.169921875,0.080078125,-0.310546875,-0.02056884765625,-0.7783203125,-0.036376953125,0.62652587890625,82.001953125,4657,25707
7.660061307000433,10.0234375,-3.48828125,-1.7734375,-0.0859375,0.09375,-0.24609375,-0.1231689453125,-0.754150390625,0.162841796875,0.62420654296875,10.21875,0.43359375,-2.07421875,-0.169921875,0.080078125,-0.310546875,-0.02056884765625,-0.7783203125,-0.036376953125,0.62652587890625,82.08984375,4657,25558
7.670067992999975,9.984375,-3.60546875,-1.46875,-0.0859375,0.09375,-0.24609375,-0.1231689453125,-0.754150390625,0.162841796875,0.62420654296875,10.21875,0.43359375,-2.07421875,-0.169921875,0.080078125,-0.310546875,-0.02056884765625,-0.7783203125,-0.036376953125,0.62652587890625,82.08984375,5542,25558
7.680066775000341,9.984375,-3.60546875,-1.46875,-0.0859375,0.09375,-0.24609375,-0.1231689453125,-0.754150390625,0.162841796875,0.62420654296875,10.22265625,0.625,-1.84375,-0.169921875,0.080078125,-0.310546875,-0.01788330078125,-0.77728271484375,-0.043212890625,0.62738037109375,82.08984375,6555,25386
7.6900670610002635,9.984375,-3.60546875,-1.46875,-0.0859375,0.09375,-0.24609375,-0.1231689453125,-0.754150390625,0.162841796875,0.62420654296875,10.22265625,0.625,-1.84375,-0.169921875,0.080078125,-0.310546875,-0.01788330078125,-0.77728271484375,-0.043212890625,0.62738037109375,82.265625,6555,25386
7.700060146000396,9.984375,-3.60546875,-1.46875,-0.0859375,0.09375,-0.24609375,-0.1231689453125,-0.754150390625,0.162841796875,0.62420654296875,10.22265625,0.625,-1.84375,-0.169921875,0.080078125,-0.310546875,-0.01788330078125,-0.77728271484375,-0.043212890625,0.62738037109375,82.353515625,6555,25291
7.710060752000572,9.87109375,-3.48828125,-1.46875,-0.1015625,0.087890625,-0.22265625,-0.120849609375,-0.75384521484375,0.15777587890625,0.62628173828125,10.22265625,0.625,-1.84375,-0.1796875,0.076171875,-0.3203125,-0.01519775390625,-0.776123046875,-0.05010986328125,0.62841796875,82.44140625,7090,25291
7.720100495000224,9.87109375,-3.48828125,-1.46875,-0.1015625,0.087890625,-0.22265625,-0.120849609375,-0.75384521484375,0.15777587890625,0.62628173828125,10.140625,0.015625,-1.61328125,-0.1796875,0.076171875,-0.3203125,-0.01519775390625,-0.776123046875,-0.05010986328125,0.62841796875,82.529296875,7090,24767
7.730013193000559,9.8671875,-3.52734375,-1.546875,-0.068359375,0.11328125,-0.2421875,-0.120849609375,-0.75384521484375,0.15777587890625,0.62628173828125,10.140625,0.015625,-1.61328125,-0.1796875,0.076171875,-0.3203125,-0.01519775390625,-0.776123046875,-0.05010986328125,0.62841796875,82.705078125,8110,24767
7.740072841000256,9.8671875,-3.52734375,-1.546875,-0.068359375,0.11328125,-0.2421875,-0.120849609375,-0.75384521484375,0.15777587890625,0.62628173828125,10.33984375,0.05078125,-2.11328125,-0.1171875,0.08203125,-0.4375,-0.01019287109375,-0.77508544921875,-0.057373046875,0.62921142578125,82.79296875,8110,24743
7.750061702000494,9.8671875,-3.52734375,-1.546875,-0.068359375,0.11328125,-0.2421875,-0.11834716796875,-0.7532958984375,0.15325927734375,0.62847900390625,10.33984375,0.05078125,-2.11328125,-0.1171875,0.08203125,-0.4375,-0.01019287109375,-0.77508544921875,-0.057373046875,0.62921142578125,82.96875,9023,24518
7.760077253000418,9.8671875,-3.52734375,-1.546875,-0.068359375,0.11328125,-0.2421875,-0.11834716796875,-0.7532958984375,0.15325927734375,0.62847900390625,10.33984375,0.05078125,-2.11328125,-0.1171875,0.08203125,-0.4375,-0.01019287109375,-0.77508544921875,-0.057373046875,0.62921142578125,83.056640625,9023,24518
7.770063938000021,9.87109375,-3.640625,-1.69921875,-0.0703125,0.1328125,-0.2578125,-0.11834716796875,-0.7532958984375,0.15325927734375,0.62847900390625,10.33984375,0.05078125,-2.11328125,-0.1171875,0.08203125,-0.4375,-0.01019287109375,-0.77508544921875,-0.057373046875,0.62921142578125,83.232421875,10061,24518
7.780076703999839,9.87109375,-3.640625,-1.69921875,-0.0703125,0.1328125,-0.2578125,-0.11834716796875,-0.7532958984375,0.15325927734375,0.62847900390625,10.3359375,0.3203125,-2.11328125,-0.12109375,0.107421875,-0.49609375,-0.01019287109375,-0.77508544921875,-0.057373046875,0.62921142578125,83.408203125,10061,24432
7.790091966000546,9.87109375,-3.640625,-1.69921875,-0.0703125,0.1328125,-0.2578125,-0.11834716796875,-0.7532958984375,0.15325927734375,0.62847900390625,10.3359375,0.3203125,-2.11328125,-0.12109375,0.107421875,-0.49609375,-0.0040283203125,-0.77362060546875,-0.06549072265625,0.6302490234375,83.583984375,11746,24432
7.8000745230001485,9.90625,-3.56640625,-1.58203125,-0.0703125,0.1328125,-0.2578125,-0.115478515625,-0.75244140625,0.1483154296875,0.63128662109375,10.3359375,0.3203125,-1.7265625,-0.12109375,0.107421875,-0.49609375,-0.0040283203125,-0.77362060546875,-0.06549072265625,0.6302490234375,83.759765625,11746,24260
7.810063128000365,9.90625,-3.56640625,-1.58203125,-0.0703125,0.1328125,-0.2578125,-0.115478515625,-0.75244140625,0.1483154296875,0.63128662109375,10.3359375,0.3203125,-1.7265625,-0.099609375,0.1015625,-0.576171875,-0.0040283203125,-0.77362060546875,-0.06549072265625,0.6302490234375,83.935546875,12870,24260
7.820060150000245,9.90625,-3.56640625,-1.58203125,-0.056640625,0.13671875,-0.283203125,-0.11224365234375,-0.75152587890625,0.14324951171875,0.6341552734375,10.3359375,0.3203125,-1.7265625,-0.099609375,0.1015625,-0.576171875,-0.0040283203125,-0.77362060546875,-0.06549072265625,0.6302490234375,84.111328125,12870,24063
7.830062547000125,9.91015625,-3.60546875,-1.390625,-0.056640625,0.13671875,-0.283203125,-0.11224365234375,-0.75152587890625,0.14324951171875,0.6341552734375,10.375,0.43359375,-1.765625,-0.099609375,0.1015625,-0.576171875,0.0035400390625,-0.7720947265625,-0.074462890625,0.63116455078125,84.287109375,13655,24063
7.840061105000132,9.91015625,-3.60546875,-1.390625,-0.056640625,0.13671875,-0.283203125,-0.11224365234375,-0.75152587890625,0.14324951171875,0.6341552734375,10.375,0.43359375,-1.765625,-0.099609375,0.1015625,-0.576171875,0.0035400390625,-0.7720947265625,-0.074462890625,0.63116455078125,84.462890625,14800,23834
7.850075791000563,9.91015625,-3.60546875,-1.390625,-0.056640625,0.13671875,-0.283203125,-0.11224365234375,-0.75152587890625,0.14324951171875,0.6341552734375,10.375,0.43359375,-1.765625,-0.099609375,0.1015625,-0.576171875,0.0035400390625,-0.7720947265625,-0.074462890625,0.63116455078125,84.638671875,14800,23834
7.860062636000293,9.91015625,-3.48828125,-1.5078125,-0.060546875,0.150390625,-0.33203125,-0.11224365234375,-0.75152587890625,0.14324951171875,0.6341552734375,10.375,0.43359375,-1.765625,-0.099609375,0.1015625,-0.576171875,0.0035400390625,-0.7720947265625,-0.074462890625,0.63116455078125,84.90234375,14800,23800
7.870080427000175,9.91015625,-3.48828125,-1.5078125,-0.060546875,0.150390625,-0.33203125,-0.1083984375,-0.75054931640625,0.13775634765625,0.63714599609375,10.30078125,0.58984375,-1.91796875,-0.103515625,0.11328125,-0.650390625,0.0123291015625,-0.77032470703125,-0.0841064453125,0.6319580078125,85.078125,15474,23800
7.880062312000518,9.91015625,-3.48828125,-1.5078125,-0.060546875,0.150390625,-0.33203125,-0.1083984375,-0.75054931640625,0.13775634765625,0.63714599609375,10.30078125,0.58984375,-1.91796875,-0.103515625,0.11328125,-0.650390625,0.0123291015625,-0.77032470703125,-0.0841064453125,0.6319580078125,85.25390625,16250,23317
7.8900721340005475,9.91015625,-3.48828125,-1.5078125,-0.060546875,0.150390625,-0.33203125,-0.1083984375,-0.75054931640625,0.13775634765625,0.63714599609375,10.30078125,0.58984375,-1.91796875,-0.103515625,0.11328125,-0.650390625,0.0123291015625,-0.77032470703125,-0.0841064453125,0.6319580078125,85.4296875,16250,23317
7.900060931000553,9.91015625,-3.3359375,-1.23828125,-0.04296875,0.150390625,-0.388671875,-0.1083984375,-0.75054931640625,0.13775634765625,0.63714599609375,10.30078125,0.58984375,-1.91796875,-0.103515625,0.11328125,-0.650390625,0.0123291015625,-0.77032470703125,-0.0841064453125,0.6319580078125,85.693359375,16250,23282
7.9100736649998,9.91015625,-3.3359375,-1.23828125,-0.04296875,0.150390625,-0.388671875,-0.1083984375,-0.75054931640625,0.13775634765625,0.63714599609375,10.26171875,0.89453125,-1.65234375,-0.083984375,0.140625,-0.728515625,0.0224609375,-0.76812744140625,-0.09466552734375,0.63287353515625,85.869140625,16696,23282
7.920065054000588,9.87109375,-3.18359375,-1.5078125,-0.04296875,0.150390625,-0.388671875,-0.1036376953125,-0.74951171875,0.1317138671875,0.640380859375,10.26171875,0.89453125,-1.65234375,-0.083984375,0.140625,-0.728515625,0.0224609375,-0.76812744140625,-0.09466552734375,0.63287353515625,86.044921875,16696,22816
7.930079581000427,9.87109375,-3.18359375,-1.5078125,-0.04296875,0.150390625,-0.388671875,-0.1036376953125,-0.74951171875,0.1317138671875,0.640380859375,10.2578125,0.97265625,-1.91796875,-0.064453125,0.166015625,-0.8203125,0.0224609375,-0.76812744140625,-0.09466552734375,0.63287353515625,86.220703125,17165,22816
7.9400639300001785,9.87109375,-3.18359375,-1.5078125,-0.04296875,0.150390625,-0.388671875,-0.1036376953125,-0.74951171875,0.1317138671875,0.640380859375,10.2578125,0.97265625,-1.91796875,-0.064453125,0.166015625,-0.8203125,0.03411865234375,-0.76556396484375,-0.10552978515625,0.63372802734375,86.396484375,17165,22422
7.9500738799997634,9.94921875,-3.03125,-1.31640625,-0.029296875,0.15234375,-0.505859375,-0.09710693359375,-0.74859619140625,0.12457275390625,0.6439208984375,10.2578125,0.97265625,-1.91796875,-0.064453125,0.166015625,-0.8203125,0.03411865234375,-0.76556396484375,-0.10552978515625,0.63372802734375,86.484375,17650,22422
7.960061685000255,9.94921875,-3.03125,-1.31640625,-0.029296875,0.15234375,-0.505859375,-0.09710693359375,-0.74859619140625,0.12457275390625,0.6439208984375,10.45703125,0.6640625,-2.2265625,-0.064453125,0.166015625,-0.8203125,0.03411865234375,-0.76556396484375,-0.10552978515625,0.63372802734375,86.66015625,18037,21897
7.970110420999845,9.94921875,-3.03125,-1.31640625,-0.029296875,0.15234375,-0.505859375,-0.09710693359375,-0.74859619140625,0.12457275390625,0.6439208984375,10.45703125,0.6640625,-2.2265625,-0.064453125,0.166015625,-0.8203125,0.03411865234375,-0.76556396484375,-0.10552978515625,0.63372802734375,86.748046875,18037,21897
7.980063087999952,9.94921875,-3.03125,-1.31640625,-0.029296875,0.15234375,-0.505859375,-0.09710693359375,-0.74859619140625,0.12457275390625,0.6439208984375,10.45703125,0.6640625,-2.2265625,-0.087890625,0.26171875,-0.98828125,0.0482177734375,-0.761474609375,-0.11895751953125,0.6353759765625,86.748046875,18037,21056
7.9900806229998125,9.94921875,-3.06640625,-1.58203125,-0.017578125,0.232421875,-0.798828125,-0.0869140625,-0.7471923828125,0.1143798828125,0.64886474609375,10.45703125,0.6640625,-2.2265625,-0.087890625,0.26171875,-0.98828125,0.0482177734375,-0.761474609375,-0.11895751953125,0.6353759765625,86.8359375,18437,21056
8.000077964000411,9.94921875,-3.06640625,-1.58203125,-0.017578125,0.232421875,-0.798828125,-0.0869140625,-0.7471923828125,0.1143798828125,0.64886474609375,10.45703125,0.7421875,-2.33984375,-0.087890625,0.26171875,-0.98828125,0.0482177734375,-0.761474609375,-0.11895751953125,0.6353759765625,86.8359375,18914,19510
8.010096779000378,9.94921875,-3.06640625,-1.58203125,-0.017578125,0.232421875,-0.798828125,-0.0869140625,-0.7471923828125,0.1143798828125,0.64886474609375,10.45703125,0.7421875,-2.33984375,-0.087890625,0.26171875,-0.98828125,0.0482177734375,-0.761474609375,-0.11895751953125,0.6353759765625,86.8359375,18914,19510
8.020066887000212,9.94921875,-3.06640625,-1.58203125,-0.017578125,0.232421875,-0.798828125,-0.0869140625,-0.7471923828125,0.1143798828125,0.64886474609375,10.45703125,0.7421875,-2.33984375,-0.109375,0.318359375,-1.150390625,0.0645751953125,-0.7559814453125,-0.13446044921875,0.63739013671875,86.8359375,18914,18438
8.03008147699984,10.3671875,-2.64453125,-1.35546875,0.005859375,0.353515625,-1.1484375,-0.0716552734375,-0.74456787109375,0.0997314453125,0.6561279296875,10.45703125,0.7421875,-2.33984375,-0.109375,0.318359375,-1.150390625,0.0645751953125,-0.7559814453125,-0.13446044921875,0.63739013671875,86.748046875,19161,18438
8.040131621,10.3671875,-2.64453125,-1.35546875,0.005859375,0.353515625,-1.1484375,-0.0716552734375,-0.74456787109375,0.0997314453125,0.6561279296875,10.72265625,1.39453125,-2.11328125,-0.109375,0.318359375,-1.150390625,0.0645751953125,-0.7559814453125,-0.13446044921875,0.63739013671875,86.748046875,19161,17434
8.050068160000592,10.3671875,-2.64453125,-1.35546875,0.005859375,0.353515625,-1.1484375,-0.0716552734375,-0.74456787109375,0.0997314453125,0.6561279296875,10.72265625,1.39453125,-2.11328125,-0.109375,0.318359375,-1.150390625,0.0645751953125,-0.7559814453125,-0.13446044921875,0.63739013671875,86.748046875,19905,17434
8.060061213000154,12.16796875,-3.03125,-1.69921875,-0.0546875,0.4609375,-1.3984375,-0.0716552734375,-0.74456787109375,0.0997314453125,0.6561279296875,10.72265625,1.39453125,-2.11328125,-0.109375,0.318359375,-1.150390625,0.0645751953125,-0.7559814453125,-0.13446044921875,0.63739013671875,86.748046875,19905,16958
8.070060603000456,12.16796875,-3.03125,-1.69921875,-0.0546875,0.4609375,-1.3984375,-0.05267333984375,-0.740478515625,0.0804443359375,0.6651611328125,12.02734375,1.69921875,-2.37890625,-0.240234375,0.3671875,-1.365234375,0.082763671875,-0.7486572265625,-0.1541748046875,0.63946533203125,86.66015625,20412,16958
8.080077305000486,11.78515625,-3.640625,-1.5078125,-0.0546875,0.4609375,-1.3984375,-0.05267333984375,-0.740478515625,0.0804443359375,0.6651611328125,12.02734375,1.69921875,-2.37890625,-0.240234375,0.3671875,-1.365234375,0.082763671875,-0.7486572265625,-0.1541748046875,0.63946533203125,86.572265625,20412,14578
8.090065238000534,11.78515625,-3.640625,-1.5078125,-0.0546875,0.4609375,-1.3984375,-0.05267333984375,-0.740478515625,0.0804443359375,0.6651611328125,12.02734375,1.69921875,-2.37890625,-0.240234375,0.3671875,-1.365234375,0.082763671875,-0.7486572265625,-0.1541748046875,0.63946533203125,86.484375,21493,14578
8.100071156000013,11.78515625,-3.640625,-1.5078125,0.064453125,0.4453125,-1.755859375,-0.02874755859375,-0.73565673828125,0.05804443359375,0.67425537109375,11.8671875,0.3984375,-1.5,-0.052734375,0.375,-1.63671875,0.082763671875,-0.7486572265625,-0.1541748046875,0.63946533203125,86.396484375,21493,13461
8.110063089000505,11.78515625,-3.640625,-1.5078125,0.064453125,0.4453125,-1.755859375,-0.02874755859375,-0.73565673828125,0.05804443359375,0.67425537109375,11.8671875,0.3984375,-1.5,-0.052734375,0.375,-1.63671875,0.082763671875,-0.7486572265625,-0.1541748046875,0.63946533203125,86.30859375,22009,13461
8.120072589999836,12.24609375,-3.71875,-1.31640625,0.064453125,0.4453125,-1.755859375,-0.02874755859375,-0.73565673828125,0.05804443359375,0.67425537109375,12.0625,0.28125,-1.57421875,-0.052734375,0.375,-1.63671875,0.10601806640625,-0.7403564453125,-0.17559814453125,0.64013671875,86.1328125,22009,11438
8.13006090700037,12.24609375,-3.71875,-1.31640625,0.080078125,0.4609375,-2.1953125,-0.02874755859375,-0.73565673828125,0.05804443359375,0.67425537109375,12.0625,0.28125,-1.57421875,-0.052734375,0.375,-1.63671875,0.10601806640625,-0.7403564453125,-0.17559814453125,0.64013671875,85.95703125,22642,11438
8.1400707290004,12.24609375,-3.71875,-1.31640625,0.080078125,0.4609375,-2.1953125,-0.02874755859375,-0.73565673828125,0.05804443359375,0.67425537109375,12.0625,0.28125,-1.57421875,0.005859375,0.330078125,-1.9375,0.13531494140625,-0.7314453125,-0.1983642578125,0.63824462890625,85.693359375,22642,9246
8.150059620999855,12.62890625,-3.10546875,-1.8125,0.080078125,0.4609375,-2.1953125,0.00347900390625,-0.72991943359375,0.0306396484375,0.682861328125,11.33203125,1.4296875,-2.03515625,0.005859375,0.330078125,-1.9375,0.13531494140625,-0.7314453125,-0.1983642578125,0.63824462890625,85.517578125,23212,9246
8.160067714999968,12.62890625,-3.10546875,-1.8125,0.080078125,0.4609375,-2.1953125,0.00347900390625,-0.72991943359375,0.0306396484375,0.682861328125,11.33203125,1.4296875,-2.03515625,0.005859375,0.330078125,-1.9375,0.13531494140625,-0.7314453125,-0.1983642578125,0.63824462890625,85.25390625,23212,3973
8.170078560000547,12.62890625,-3.10546875,-1.8125,0.080078125,0.4609375,-2.1953125,0.00347900390625,-0.72991943359375,0.0306396484375,0.682861328125,11.33203125,1.4296875,-2.03515625,0.005859375,0.330078125,-1.9375,0.13531494140625,-0.7314453125,-0.1983642578125,0.63824462890625,84.990234375,23879,3973
8.180068957000003,12.5859375,-2.72265625,-1.9296875,-0.248046875,0.533203125,-2.78515625,0.00347900390625,-0.72991943359375,0.0306396484375,0.682861328125,11.33203125,1.4296875,-2.03515625,0.005859375,0.330078125,-1.9375,0.13531494140625,-0.7314453125,-0.1983642578125,0.63824462890625,84.7265625,23879,3077
8.190029047999815,12.5859375,-2.72265625,-1.9296875,-0.248046875,0.533203125,-2.78515625,0.0390625,-0.72174072265625,-0.00714111328125,0.6910400390625,10.90625,-0.140625,-1.8046875,-0.291015625,0.1953125,-2.27734375,0.1651611328125,-0.7208251953125,-0.2286376953125,0.63311767578125,84.462890625,24066,1426
8.200101817000359,12.5859375,-2.72265625,-1.9296875,-0.248046875,0.533203125,-2.78515625,0.0390625,-0.72174072265625,-0.00714111328125,0.6910400390625,10.90625,-0.140625,-1.8046875,-0.291015625,0.1953125,-2.27734375,0.1651611328125,-0.7208251953125,-0.2286376953125,0.63311767578125,84.287109375,24066,1426
8.210077429000194,12.5859375,-2.72265625,-1.9296875,-0.248046875,0.533203125,-2.78515625,0.0390625,-0.72174072265625,-0.00714111328125,0.6910400390625,10.90625,-0.140625,-1.8046875,-0.291015625,0.1953125,-2.27734375,0.1651611328125,-0.7208251953125,-0.2286376953125,0.63311767578125,84.0234375,24575,1426
8.220082834000095,12.94140625,-2.609375,-1.66015625,-0.353515625,0.55078125,-3.306640625,0.0390625,-0.72174072265625,-0.00714111328125,0.6910400390625,10.90625,-0.140625,-1.8046875,-0.291015625,0.1953125,-2.27734375,0.1651611328125,-0.7208251953125,-0.2286376953125,0.63311767578125,83.759765625,24575,1185
8.230061678000311,12.94140625,-2.609375,-1.66015625,-0.353515625,0.55078125,-3.306640625,0.0390625,-0.72174072265625,-0.00714111328125,0.6910400390625,10.07421875,-0.484375,-1.15234375,-0.470703125,0.060546875,-2.91796875,0.19976806640625,-0.707275390625,-0.2694091796875,0.622314453125,83.3203125,23073,1185
8.240103469000132,16.8828125,-1.45703125,-1.5078125,-0.353515625,0.55078125,-3.306640625,0.08099365234375,-0.70953369140625,-0.05645751953125,0.69769287109375,10.07421875,-0.484375,-1.15234375,-0.470703125,0.060546875,-2.91796875,0.19976806640625,-0.707275390625,-0.2694091796875,0.622314453125,83.056640625,23073,931
8.250061800000367,16.8828125,-1.45703125,-1.5078125,-0.353515625,0.55078125,-3.306640625,0.08099365234375,-0.70953369140625,-0.05645751953125,0.69769287109375,12.51953125,3.38671875,-1.53515625,-0.419921875,0.048828125,-3.1953125,0.19976806640625,-0.707275390625,-0.2694091796875,0.622314453125,82.705078125,21071,931
8.260068133999994,16.8828125,-1.45703125,-1.5078125,-0.392578125,0.345703125,-3.814453125,0.128662109375,-0.69525146484375,-0.1136474609375,0.69793701171875,12.51953125,3.38671875,-1.53515625,-0.419921875,0.048828125,-3.1953125,0.19976806640625,-0.707275390625,-0.2694091796875,0.622314453125,82.353515625,21071,532
8.27006745900053,16.8828125,-1.45703125,-1.5078125,-0.392578125,0.345703125,-3.814453125,0.128662109375,-0.69525146484375,-0.1136474609375,0.69793701171875,10.875,7.484375,-2.83984375,-0.419921875,0.048828125,-3.1953125,0.23846435546875,-0.69012451171875,-0.31451416015625,0.6065673828125,82.001953125,15051,532
8.280064192000282,16.42578125,-2.53125,-0.51171875,-0.392578125,0.345703125,-3.814453125,0.128662109375,-0.69525146484375,-0.1136474609375,0.69793701171875,10.875,7.484375,-2.83984375,-0.419921875,0.048828125,-3.1953125,0.23846435546875,-0.69012451171875,-0.31451416015625,0.6065673828125,81.5625,5380,252
8.29006265299995,16.42578125,-2.53125,-0.51171875,-0.392578125,0.345703125,-3.814453125,0.128662109375,-0.69525146484375,-0.1136474609375,0.69793701171875,10.875,7.484375,-2.83984375,-0.419921875,0.048828125,-3.1953125,0.23846435546875,-0.69012451171875,-0.31451416015625,0.6065673828125,81.2109375,5380,252
8.30006873000002,16.42578125,-2.53125,-0.51171875,-0.392578125,0.345703125,-3.814453125,0.128662109375,-0.69525146484375,-0.1136474609375,0.69793701171875,10.875,7.484375,-2.83984375,-0.419921875,0.048828125,-3.1953125,0.23846435546875,-0.69012451171875,-0.31451416015625,0.6065673828125,80.595703125,5380,418
8.310077912000452,8.49609375,-5.09765625,-1.046875,-0.357421875,0.576171875,-3.193359375,0.17230224609375,-0.676025390625,-0.16558837890625,0.69708251953125,10.875,7.484375,-2.83984375,-0.69140625,0.349609375,-2.453125,0.26837158203125,-0.66900634765625,-0.3538818359375,0.595947265625,79.98046875,191,418
8.320073525000225,8.49609375,-5.09765625,-1.046875,-0.357421875,0.576171875,-3.193359375,0.17230224609375,-0.676025390625,-0.16558837890625,0.69708251953125,5.39453125,4.19140625,-2.83984375,-0.69140625,0.349609375,-2.453125,0.26837158203125,-0.66900634765625,-0.3538818359375,0.595947265625,79.716796875,4,562
8.330065328999808,8.49609375,-5.09765625,-1.046875,-0.357421875,0.576171875,-3.193359375,0.17230224609375,-0.676025390625,-0.16558837890625,0.69708251953125,5.39453125,4.19140625,-2.83984375,-0.69140625,0.349609375,-2.453125,0.26837158203125,-0.66900634765625,-0.3538818359375,0.595947265625,79.453125,4,562
8.340071022999837,8.49609375,-5.09765625,-1.046875,-0.357421875,0.576171875,-3.193359375,0.17230224609375,-0.676025390625,-0.16558837890625,0.69708251953125,5.39453125,4.19140625,-2.83984375,-0.69140625,0.349609375,-2.453125,0.26837158203125,-0.66900634765625,-0.3538818359375,0.595947265625,79.189453125,4,296
8.35007485999995,4.1640625,-7.625,-0.81640625,-0.390625,0.91015625,-1.794921875,0.2021484375,-0.654541015625,-0.19921875,0.70074462890625,1.56640625,5.53515625,-2.41796875,-0.681640625,0.5625,-1.33203125,0.28497314453125,-0.64971923828125,-0.37799072265625,0.59478759765625,78.92578125,3,296
8.360079593000592,4.1640625,-7.625,-0.81640625,-0.390625,0.91015625,-1.794921875,0.2021484375,-0.654541015625,-0.19921875,0.70074462890625,1.56640625,5.53515625,-2.41796875,-0.681640625,0.5625,-1.33203125,0.28497314453125,-0.64971923828125,-0.37799072265625,0.59478759765625,78.837890625,3,296
8.37006435800049,4.1640625,-7.625,-0.81640625,-0.390625,0.91015625,-1.794921875,0.2021484375,-0.654541015625,-0.19921875,0.70074462890625,1.10546875,5.1484375,-1.23046875,-0.177734375,0.759765625,0.91015625,0.28497314453125,-0.64971923828125,-0.37799072265625,0.59478759765625,78.837890625,3,236
8.380109701000038,2.1328125,-8.7734375,-0.93359375,0.291015625,0.5,0.72265625,0.2021484375,-0.654541015625,-0.19921875,0.70074462890625,1.10546875,5.1484375,-1.23046875,-0.177734375,0.759765625,0.91015625,0.28497314453125,-0.64971923828125,-0.37799072265625,0.59478759765625,78.837890625,2,236
8.390070464000019,2.1328125,-8.7734375,-0.93359375,0.291015625,0.5,0.72265625,0.20318603515625,-0.64752197265625,-0.19293212890625,0.70867919921875,1.10546875,5.1484375,-1.23046875,-0.177734375,0.759765625,0.91015625,0.2784423828125,-0.64044189453125,-0.37335205078125,0.61065673828125,78.837890625,2,881
8.400070781000068,2.40234375,-4.44921875,-1.4296875,0.291015625,0.5,0.72265625,0.20318603515625,-0.64752197265625,-0.19293212890625,0.70867919921875,0.9921875,1.73828125,-0.65625,-0.177734375,0.759765625,0.91015625,0.2784423828125,-0.64044189453125,-0.37335205078125,0.61065673828125,78.92578125,3,932
8.41006911400018,2.40234375,-4.44921875,-1.4296875,0.291015625,0.5,0.72265625,0.20318603515625,-0.64752197265625,-0.19293212890625,0.70867919921875,0.9921875,1.73828125,-0.65625,-0.177734375,0.759765625,0.91015625,0.2784423828125,-0.64044189453125,-0.37335205078125,0.61065673828125,78.92578125,3,932
8.420075640000505,2.40234375,-4.44921875,-1.4296875,0.291015625,0.5,0.72265625,0.20318603515625,-0.64752197265625,-0.19293212890625,0.70867919921875,0.9921875,1.73828125,-0.65625,-0.177734375,0.759765625,0.91015625,0.2784423828125,-0.64044189453125,-0.37335205078125,0.61065673828125,78.92578125,4,932
8.430070485000215,2.40234375,-4.44921875,-1.4296875,0.74609375,0.275390625,1.91015625,0.1923828125,-0.6513671875,-0.1590576171875,0.716552734375,0.9921875,1.73828125,-0.65625,0.505859375,0.650390625,1.826171875,0.26715087890625,-0.643310546875,-0.3443603515625,0.62945556640625,79.013671875,4,1726
8.440070514000581,3.89453125,-4.06640625,-2.1953125,0.74609375,0.275390625,1.91015625,0.1923828125,-0.6513671875,-0.1590576171875,0.716552734375,1.98828125,2.50390625,0.37890625,0.505859375,0.650390625,1.826171875,0.26715087890625,-0.643310546875,-0.3443603515625,0.62945556640625,79.1015625,4,3806
8.450067759000376,3.89453125,-4.06640625,-2.1953125,0.74609375,0.275390625,1.91015625,0.1923828125,-0.6513671875,-0.1590576171875,0.716552734375,1.98828125,2.50390625,0.37890625,0.505859375,0.650390625,1.826171875,0.26715087890625,-0.643310546875,-0.3443603515625,0.62945556640625,79.189453125,4,3806
8.460062988000573,3.89453125,-4.06640625,-2.1953125,0.74609375,0.275390625,1.91015625,0.1923828125,-0.6513671875,-0.1590576171875,0.716552734375,1.98828125,2.50390625,0.37890625,0.91015625,0.267578125,2.751953125,0.2470703125,-0.65673828125,-0.300048828125,0.646240234375,79.27734375,4,3806
8.470070760999988,5.65625,-3.375,-2.50390625,0.974609375,-0.205078125,2.87890625,0.17041015625,-0.6640625,-0.1097412109375,0.71966552734375,1.98828125,2.50390625,0.37890625,0.91015625,0.267578125,2.751953125,0.2470703125,-0.65673828125,-0.300048828125,0.646240234375,79.365234375,4,5387
8.480067301999952,5.65625,-3.375,-2.50390625,0.974609375,-0.205078125,2.87890625,0.17041015625,-0.6640625,-0.1097412109375,0.71966552734375,2.75390625,3.96484375,0.5703125,0.91015625,0.267578125,2.751953125,0.2470703125,-0.65673828125,-0.300048828125,0.646240234375,79.453125,3,5387
8.490069602999938,5.65625,-3.375,-2.50390625,0.974609375,-0.205078125,2.87890625,0.17041015625,-0.6640625,-0.1097412109375,0.71966552734375,2.75390625,3.96484375,0.5703125,0.91015625,0.267578125,2.751953125,0.2470703125,-0.65673828125,-0.300048828125,0.646240234375,79.541015625,3,7792
8.500068479999754,7.3828125,-1.61328125,-2.9609375,1.041015625,-0.6875,3.48828125,0.17041015625,-0.6640625,-0.1097412109375,0.71966552734375,2.75390625,3.96484375,0.5703125,0.91015625,0.267578125,2.751953125,0.2470703125,-0.65673828125,-0.300048828125,0.646240234375,79.62890625,3,7792
8.510069916999782,7.3828125,-1.61328125,-2.9609375,1.041015625,-0.6875,3.48828125,0.13885498046875,-0.68463134765625,-0.0487060546875,0.7138671875,3.51953125,2.96484375,0.4921875,1.16796875,-0.154296875,3.326171875,0.2178955078125,-0.678466796875,-0.24267578125,0.658203125,79.62890625,3,9111
8.520088666999982,7.3828125,-1.61328125,-2.9609375,1.041015625,-0.6875,3.48828125,0.13885498046875,-0.68463134765625,-0.0487060546875,0.7138671875,3.51953125,2.96484375,0.4921875,1.16796875,-0.154296875,3.326171875,0.2178955078125,-0.678466796875,-0.24267578125,0.658203125,79.716796875,3,9111
8.530077880000135,7.3828125,-1.61328125,-2.9609375,1.041015625,-0.6875,3.48828125,0.13885498046875,-0.68463134765625,-0.0487060546875,0.7138671875,3.51953125,2.96484375,0.4921875,1.16796875,-0.154296875,3.326171875,0.2178955078125,-0.678466796875,-0.24267578125,0.658203125,79.8046875,4,9111
8.54006011599995,10.5234375,-1.765625,-2.734375,0.91796875,-0.978515625,3.89453125,0.13885498046875,-0.68463134765625,-0.0487060546875,0.7138671875,6.125,4.03515625,-0.1953125,1.205078125,-0.486328125,3.76171875,0.2178955078125,-0.678466796875,-0.24267578125,0.658203125,79.8046875,4,9371
8.550068049999936,10.5234375,-1.765625,-2.734375,0.91796875,-0.978515625,3.89453125,0.13885498046875,-0.68463134765625,-0.0487060546875,0.7138671875,6.125,4.03515625,-0.1953125,1.205078125,-0.486328125,3.76171875,0.18133544921875,-0.7037353515625,-0.17926025390625,0.66314697265625,79.892578125,3,9371
8.56006254299973,13.0078125,-1.84375,-2.65625,0.91796875,-0.978515625,3.89453125,0.09942626953125,-0.70672607421875,0.0155029296875,0.70025634765625,8.30859375,3.8828125,-1.421875,1.205078125,-0.486328125,3.76171875,0.18133544921875,-0.7037353515625,-0.17926025390625,0.66314697265625,79.892578125,3,9304
8.570098093000524,13.0078125,-1.84375,-2.65625,0.7265625,-0.951171875,4.068359375,0.09942626953125,-0.70672607421875,0.0155029296875,0.70025634765625,8.30859375,3.8828125,-1.421875,1.205078125,-0.486328125,3.76171875,0.18133544921875,-0.7037353515625,-0.17926025390625,0.66314697265625,79.892578125,4,9304
8.580082698000297,13.0078125,-1.84375,-2.65625,0.7265625,-0.951171875,4.068359375,0.09942626953125,-0.70672607421875,0.0155029296875,0.70025634765625,8.30859375,3.8828125,-1.421875,1.205078125,-0.486328125,3.76171875,0.18133544921875,-0.7037353515625,-0.17926025390625,0.66314697265625,79.892578125,4,8935
8.590072838000196,15.34765625,-1.7265625,-2.234375,0.7265625,-0.951171875,4.068359375,0.0528564453125,-0.72564697265625,0.0814208984375,0.68115234375,8.30859375,3.8828125,-1.421875,1.115234375,-0.572265625,4.017578125,0.13763427734375,-0.727294921875,-0.11163330078125,0.66302490234375,79.892578125,5,8935
8.60006547500052,15.34765625,-1.7265625,-2.234375,0.7265625,-0.951171875,4.068359375,0.0528564453125,-0.72564697265625,0.0814208984375,0.68115234375,10.33984375,4.34375,-2.6484375,1.115234375,-0.572265625,4.017578125,0.13763427734375,-0.727294921875,-0.11163330078125,0.66302490234375,79.892578125,4,8780
8.610068255999977,15.34765625,-1.7265625,-2.234375,0.306640625,-0.7421875,4.232421875,0.0528564453125,-0.72564697265625,0.0814208984375,0.68115234375,10.33984375,4.34375,-2.6484375,1.115234375,-0.572265625,4.017578125,0.13763427734375,-0.727294921875,-0.11163330078125,0.66302490234375,79.98046875,4,8780
8.620061725000596,15.34765625,-1.7265625,-2.234375,0.306640625,-0.7421875,4.232421875,0.0528564453125,-0.72564697265625,0.0814208984375,0.68115234375,11.02734375,5.98828125,-2.53125,0.578125,-0.515625,4.197265625,0.13763427734375,-0.727294921875,-0.11163330078125,0.66302490234375,79.98046875,4,8769
8.630071098999906,16.8046875,-0.73046875,-2.12109375,0.306640625,-0.7421875,4.232421875,-0.00201416015625,-0.73748779296875,0.1441650390625,0.6597900390625,11.02734375,5.98828125,-2.53125,0.578125,-0.515625,4.197265625,0.13763427734375,-0.727294921875,-0.11163330078125,0.66302490234375,80.068359375,3,8769
8.640067832000568,16.8046875,-0.73046875,-2.12109375,0.306640625,-0.7421875,4.232421875,-0.00201416015625,-0.73748779296875,0.1441650390625,0.6597900390625,11.02734375,5.98828125,-2.53125,0.578125,-0.515625,4.197265625,0.085693359375,-0.74468994140625,-0.04742431640625,0.66015625,80.15625,3,9722
8.650058291999812,16.8046875,-0.73046875,-2.12109375,0.306640625,-0.7421875,4.232421875,-0.00201416015625,-0.73748779296875,0.1441650390625,0.6597900390625,11.02734375,5.98828125,-2.53125,0.578125,-0.515625,4.197265625,0.085693359375,-0.74468994140625,-0.04742431640625,0.66015625,80.15625,3,9722
8.660067314000116,17.296875,1.0703125,-0.96875,-0.47265625,-0.63671875,4.18359375,-0.00201416015625,-0.73748779296875,0.1441650390625,0.6597900390625,11.02734375,5.98828125,-2.53125,0.578125,-0.515625,4.197265625,0.085693359375,-0.74468994140625,-0.04742431640625,0.66015625,80.244140625,3,10088
8.670069487000546,17.296875,1.0703125,-0.96875,-0.47265625,-0.63671875,4.18359375,-0.06591796875,-0.744384765625,0.196044921875,0.63494873046875,11.10546875,6.14453125,-1.7265625,-0.3046875,-0.650390625,4.0859375,0.02197265625,-0.75738525390625,0.006103515625,0.652587890625,80.244140625,5,10088
8.680067883999982,17.296875,1.0703125,-0.96875,-0.47265625,-0.63671875,4.18359375,-0.06591796875,-0.744384765625,0.196044921875,0.63494873046875,11.10546875,6.14453125,-1.7265625,-0.3046875,-0.650390625,4.0859375,0.02197265625,-0.75738525390625,0.006103515625,0.652587890625,80.244140625,5,10355
8.690072105000581,17.296875,1.0703125,-0.96875,-0.47265625,-0.63671875,4.18359375,-0.06591796875,-0.744384765625,0.196044921875,0.63494873046875,12.83203125,3.61328125,-1.5,-0.82421875,-0.578125,3.546875,0.02197265625,-0.75738525390625,0.006103515625,0.652587890625,80.244140625,3,10355
8.700066981999953,17.296875,1.0703125,-0.96875,-0.47265625,-0.63671875,4.18359375,-0.06591796875,-0.744384765625,0.196044921875,0.63494873046875,12.83203125,3.61328125,-1.5,-0.82421875,-0.578125,3.546875,0.02197265625,-0.75738525390625,0.006103515625,0.652587890625,80.244140625,3,10321
8.710005087999889,17.265625,0.49609375,1.05859375,-0.994140625,-0.1953125,3.578125,-0.06591796875,-0.744384765625,0.196044921875,0.63494873046875,12.83203125,3.61328125,-1.5,-0.82421875,-0.578125,3.546875,0.02197265625,-0.75738525390625,0.006103515625,0.652587890625,80.244140625,4,10321
8.72006255999986,15.8828125,-0.34765625,1.3671875,-0.994140625,-0.1953125,3.578125,-0.13201904296875,-0.74481201171875,0.23004150390625,0.6123046875,13.171875,1.546875,-1.0390625,-0.82421875,-0.578125,3.546875,-0.04412841796875,-0.76495361328125,0.0433349609375,0.64111328125,80.33203125,4,10301
8.730096606999723,15.8828125,-0.34765625,1.3671875,-0.673828125,-0.013671875,2.912109375,-0.13201904296875,-0.74481201171875,0.23004150390625,0.6123046875,13.171875,1.546875,-1.0390625,-0.82421875,-0.578125,3.546875,-0.04412841796875,-0.76495361328125,0.0433349609375,0.64111328125,80.33203125,8,10301
8.740080411000235,15.8828125,-0.34765625,1.3671875,-0.673828125,-0.013671875,2.912109375,-0.18670654296875,-0.7396240234375,0.2557373046875,0.59393310546875,13.171875,1.546875,-1.0390625,-0.607421875,-0.3203125,2.869140625,-0.10009765625,-0.7664794921875,0.07318115234375,0.63018798828125,80.33203125,8,10315
8.750068408000516,15.8828125,-0.34765625,1.3671875,-0.673828125,-0.013671875,2.912109375,-0.18670654296875,-0.7396240234375,0.2557373046875,0.59393310546875,13.171875,1.546875,-1.0390625,-0.607421875,-0.3203125,2.869140625,-0.10009765625,-0.7664794921875,0.07318115234375,0.63018798828125,80.33203125,0,10315
8.760061781000331,13.9296875,3.828125,-1.16015625,-0.673828125,-0.013671875,2.912109375,-0.18670654296875,-0.7396240234375,0.2557373046875,0.59393310546875,11.94921875,1.01171875,-0.38671875,-0.607421875,-0.3203125,2.869140625,-0.10009765625,-0.7664794921875,0.07318115234375,0.63018798828125,80.33203125,5,10404
8.770094387000427,13.9296875,3.828125,-1.16015625,-0.744140625,-0.349609375,1.46875,-0.18670654296875,-0.7396240234375,0.2557373046875,0.59393310546875,11.94921875,1.01171875,-0.38671875,-0.607421875,-0.3203125,2.869140625,-0.10009765625,-0.7664794921875,0.07318115234375,0.63018798828125,80.33203125,5,10404
8.780074351000621,13.9296875,3.828125,-1.16015625,-0.744140625,-0.349609375,1.46875,-0.18670654296875,-0.7396240234375,0.2557373046875,0.59393310546875,11.94921875,1.01171875,-0.38671875,-0.607421875,-0.3203125,2.869140625,-0.10009765625,-0.7664794921875,0.07318115234375,0.63018798828125,80.244140625,5,10133
8.790069292000226,13.9296875,3.828125,-1.16015625,-0.744140625,-0.349609375,1.46875,-0.18670654296875,-0.7396240234375,0.2557373046875,0.59393310546875,9.4921875,1.890625,-0.80859375,-0.515625,-0.580078125,1.470703125,-0.13427734375,-0.7694091796875,0.0899658203125,0.61798095703125,80.244140625,2,10133
8.800060872999893,12.94140625,8.76953125,-0.1640625,-0.744140625,-0.349609375,1.46875,-0.2216796875,-0.73846435546875,0.26861572265625,0.57745361328125,9.4921875,1.890625,-0.80859375,-0.515625,-0.580078125,1.470703125,-0.13427734375,-0.7694091796875,0.0899658203125,0.61798095703125,80.244140625,1,10510
8.810068806000345,12.94140625,8.76953125,-0.1640625,-0.744140625,-0.349609375,1.46875,-0.2216796875,-0.73846435546875,0.26861572265625,0.57745361328125,9.4921875,1.890625,-0.80859375,-0.515625,-0.580078125,1.470703125,-0.13427734375,-0.7694091796875,0.0899658203125,0.61798095703125,80.15625,1,10510
8.820072387999971,15.96484375,9.57421875,2.9375,-0.244140625,0.17578125,-0.521484375,-0.2216796875,-0.73846435546875,0.26861572265625,0.57745361328125,9.4921875,1.890625,-0.80859375,-0.515625,-0.580078125,1.470703125,-0.13427734375,-0.7694091796875,0.0899658203125,0.61798095703125,79.98046875,1,12041
8.830070945000443,15.96484375,9.57421875,2.9375,-0.244140625,0.17578125,-0.521484375,-0.2257080078125,-0.74078369140625,0.26214599609375,0.5758056640625,12.75390625,1.046875,-1.4609375,-0.291015625,0.06640625,-0.51953125,-0.13818359375,-0.77166748046875,0.08453369140625,0.61505126953125,79.8046875,3,12041
8.84007007800028,15.96484375,9.57421875,2.9375,-0.244140625,0.17578125,-0.521484375,-0.2257080078125,-0.74078369140625,0.26214599609375,0.5758056640625,15.3515625,-2.55078125,-0.38671875,-0.291015625,0.06640625,-0.51953125,-0.13818359375,-0.77166748046875,0.08453369140625,0.61505126953125,79.62890625,2,23557
8.85006373899978,15.96484375,9.57421875,2.9375,-0.244140625,0.17578125,-0.521484375,-0.2257080078125,-0.74078369140625,0.26214599609375,0.5758056640625,15.3515625,-2.55078125,-0.38671875,-0.291015625,0.06640625,-0.51953125,-0.13818359375,-0.77166748046875,0.08453369140625,0.61505126953125,79.365234375,2,23557
8.860070071999871,11.59375,-2.72265625,-0.89453125,0.45703125,0.212890625,-1.9921875,-0.2257080078125,-0.74078369140625,0.26214599609375,0.5758056640625,15.3515625,-2.55078125,-0.38671875,-0.291015625,0.06640625,-0.51953125,-0.13818359375,-0.77166748046875,0.08453369140625,0.61505126953125,78.92578125,2,24551
8.870062965000216,11.59375,-2.72265625,-0.89453125,0.45703125,0.212890625,-1.9921875,-0.2257080078125,-0.74078369140625,0.26214599609375,0.5758056640625,15.3515625,-2.55078125,-0.38671875,0.49609375,0.19921875,-1.619140625,-0.10662841796875,-0.7724609375,0.07049560546875,0.6220703125,78.3984375,5,24551
8.880078547000267,8.76171875,-7.12890625,-1.66015625,0.45703125,0.212890625,-1.9921875,-0.1920166015625,-0.74395751953125,0.2431640625,0.592041015625,10.33984375,-4.69921875,-2.1484375,0.49609375,0.19921875,-1.619140625,-0.10662841796875,-0.7724609375,0.07049560546875,0.6220703125,78.134765625,3,25746
8.890061934999721,8.76171875,-7.12890625,-1.66015625,0.45703125,0.212890625,-1.9921875,-0.1920166015625,-0.74395751953125,0.2431640625,0.592041015625,10.33984375,-4.69921875,-2.1484375,0.49609375,0.19921875,-1.619140625,-0.10662841796875,-0.7724609375,0.07049560546875,0.6220703125,77.87109375,3,25746
8.900070988000152,8.76171875,-7.12890625,-1.66015625,0.45703125,0.212890625,-1.9921875,-0.1920166015625,-0.74395751953125,0.2431640625,0.592041015625,10.33984375,-4.69921875,-2.1484375,0.49609375,0.19921875,-1.619140625,-0.10662841796875,-0.7724609375,0.07049560546875,0.6220703125,77.607421875,3,25995
8.910060649000116,8.76171875,-7.12890625,-1.66015625,0.25390625,0.52734375,-2.57421875,-0.1533203125,-0.7451171875,0.21612548828125,0.61199951171875,10.33984375,-4.69921875,-2.1484375,0.392578125,0.2578125,-2.001953125,-0.07177734375,-0.77294921875,0.05316162109375,0.62811279296875,77.34375,4,25995
8.920067525999912,9.64453125,-4.63671875,-0.7421875,0.25390625,0.52734375,-2.57421875,-0.1533203125,-0.7451171875,0.21612548828125,0.61199951171875,7.42578125,-0.98046875,-2.9140625,0.392578125,0.2578125,-2.001953125,-0.07177734375,-0.77294921875,0.05316162109375,0.62811279296875,77.255859375,4,26075
8.930064451000362,9.64453125,-4.63671875,-0.7421875,-0.23828125,0.185546875,-1.87109375,-0.1533203125,-0.7451171875,0.21612548828125,0.61199951171875,7.42578125,-0.98046875,-2.9140625,0.392578125,0.2578125,-2.001953125,-0.07177734375,-0.77294921875,0.05316162109375,0.62811279296875,77.255859375,4,26075
8.940070657000433,9.64453125,-4.63671875,-0.7421875,-0.23828125,0.185546875,-1.87109375,-0.1533203125,-0.7451171875,0.21612548828125,0.61199951171875,7.42578125,-0.98046875,-2.9140625,0.392578125,0.2578125,-2.001953125,-0.07177734375,-0.77294921875,0.05316162109375,0.62811279296875,77.431640625,4,26029
8.950061598000502,11.9765625,-5.51953125,-0.7421875,-0.23828125,0.185546875,-1.87109375,-0.1258544921875,-0.7476806640625,0.189208984375,0.62396240234375,7.92578125,2.58203125,0.9921875,-0.365234375,0.05078125,-1.595703125,-0.04815673828125,-0.77325439453125,0.02874755859375,0.631591796875,77.607421875,1,26029
8.960075291000066,11.9765625,-5.51953125,-0.7421875,-0.23828125,0.185546875,-1.87109375,-0.1258544921875,-0.7476806640625,0.189208984375,0.62396240234375,7.92578125,2.58203125,0.9921875,-0.365234375,0.05078125,-1.595703125,-0.04815673828125,-0.77325439453125,0.02874755859375,0.631591796875,77.6953125,1,26013
8.970065624000199,11.9765625,-5.51953125,-0.7421875,-0.23828125,0.185546875,-1.87109375,-0.1258544921875,-0.7476806640625,0.189208984375,0.62396240234375,7.92578125,2.58203125,0.9921875,-0.365234375,0.05078125,-1.595703125,-0.04815673828125,-0.77325439453125,0.02874755859375,0.631591796875,77.87109375,4,26013
8.980062229000396,10.48828125,-4.0625,-2.84765625,-0.306640625,-0.091796875,-0.330078125,-0.1258544921875,-0.7476806640625,0.189208984375,0.62396240234375,9.33984375,8.36328125,-2.41796875,-0.751953125,-0.046875,-0.548828125,-0.04815673828125,-0.77325439453125,0.02874755859375,0.631591796875,78.046875,4,25866
8.990061170000445,10.48828125,-4.0625,-2.84765625,-0.306640625,-0.091796875,-0.330078125,-0.11956787109375,-0.7501220703125,0.1773681640625,0.625732421875,9.33984375,8.36328125,-2.41796875,-0.751953125,-0.046875,-0.548828125,-0.0439453125,-0.77423095703125,0.00628662109375,0.63134765625,78.22265625,2471,25866
9.000071279000622,10.48828125,-4.0625,-2.84765625,-0.306640625,-0.091796875,-0.330078125,-0.11956787109375,-0.7501220703125,0.1773681640625,0.625732421875,9.30859375,-3.703125,-3.796875,-0.751953125,-0.046875,-0.548828125,-0.0439453125,-0.77423095703125,0.00628662109375,0.63134765625,78.3984375,4782,25597
9.010063532000459,10.48828125,-4.0625,-2.84765625,-0.306640625,-0.091796875,-0.330078125,-0.11956787109375,-0.7501220703125,0.1773681640625,0.625732421875,9.30859375,-3.703125,-3.796875,-0.751953125,-0.046875,-0.548828125,-0.0439453125,-0.77423095703125,0.00628662109375,0.63134765625,78.662109375,4782,25597
9.020061416999852,8.80078125,-5.44140625,-1.96484375,-0.138671875,0.029296875,-0.3984375,-0.11956787109375,-0.7501220703125,0.1773681640625,0.625732421875,9.30859375,-3.703125,-3.796875,-0.751953125,-0.046875,-0.548828125,-0.0439453125,-0.77423095703125,0.00628662109375,0.63134765625,78.837890625,4782,25419
9.03007008700024,8.80078125,-5.44140625,-1.96484375,-0.138671875,0.029296875,-0.3984375,-0.11712646484375,-0.75164794921875,0.1690673828125,0.62664794921875,9.30859375,-3.703125,-3.796875,-0.1875,0.01953125,-0.748046875,-0.03997802734375,-0.7740478515625,-0.009521484375,0.6318359375,79.013671875,5451,25419
9.040065027999844,9.5234375,-4.5234375,-1.5078125,-0.138671875,0.029296875,-0.3984375,-0.11712646484375,-0.75164794921875,0.1690673828125,0.62664794921875,9.3359375,-0.7890625,-0.42578125,-0.1875,0.01953125,-0.748046875,-0.03997802734375,-0.7740478515625,-0.009521484375,0.6318359375,79.189453125,6278,25753
9.050076192999768,9.5234375,-4.5234375,-1.5078125,-0.1328125,0.005859375,-0.20703125,-0.11712646484375,-0.75164794921875,0.1690673828125,0.62664794921875,9.3359375,-0.7890625,-0.42578125,-0.1875,0.01953125,-0.748046875,-0.03997802734375,-0.7740478515625,-0.009521484375,0.6318359375,79.27734375,6278,25753
9.060063230000196,9.5234375,-4.5234375,-1.5078125,-0.1328125,0.005859375,-0.20703125,-0.11712646484375,-0.75164794921875,0.1690673828125,0.62664794921875,10.07421875,0.58984375,-2.49609375,-0.1953125,-0.0546875,-0.478515625,-0.03997802734375,-0.7740478515625,-0.009521484375,0.6318359375,79.453125,6278,25740
9.070075450999866,9.5234375,-4.5234375,-1.5078125,-0.1328125,0.005859375,-0.20703125,-0.115478515625,-0.7525634765625,0.164306640625,0.62713623046875,10.07421875,0.58984375,-2.49609375,-0.1953125,-0.0546875,-0.478515625,-0.03997802734375,-0.7740478515625,-0.009521484375,0.6318359375,79.541015625,7733,25740
9.080068248000316,9.98828125,-3.7578125,-1.62109375,-0.1328125,0.005859375,-0.20703125,-0.115478515625,-0.7525634765625,0.164306640625,0.62713623046875,10.07421875,0.58984375,-2.49609375,-0.1953125,-0.0546875,-0.478515625,-0.0343017578125,-0.7752685546875,-0.01904296875,0.63043212890625,79.62890625,9046,26180
9.090015890999894,9.98828125,-3.7578125,-1.62109375,-0.095703125,0.015625,-0.16015625,-0.115478515625,-0.7525634765625,0.164306640625,0.62713623046875,10.07421875,0.58984375,-2.49609375,-0.1953125,-0.0546875,-0.478515625,-0.0343017578125,-0.7752685546875,-0.01904296875,0.63043212890625,79.8046875,9046,26180
9.100060882000435,9.98828125,-3.7578125,-1.62109375,-0.095703125,0.015625,-0.16015625,-0.115478515625,-0.7525634765625,0.164306640625,0.62713623046875,10.07421875,0.58984375,-2.49609375,-0.1953125,-0.0546875,-0.478515625,-0.0343017578125,-0.7752685546875,-0.01904296875,0.63043212890625,79.892578125,9046,25649
9.110076623000168,9.98828125,-3.7578125,-1.62109375,-0.095703125,0.015625,-0.16015625,-0.115478515625,-0.7525634765625,0.164306640625,0.62713623046875,10.1796875,0.89453125,-2.1875,-0.12890625,-0.013671875,-0.337890625,-0.0303955078125,-0.775634765625,-0.02587890625,0.6298828125,80.068359375,9723,25649
9.12006154699975,10.25,-3.10546875,-1.62109375,-0.095703125,0.015625,-0.16015625,-0.1143798828125,-0.75311279296875,0.16070556640625,0.62762451171875,10.1796875,0.89453125,-2.1875,-0.12890625,-0.013671875,-0.337890625,-0.0303955078125,-0.775634765625,-0.02587890625,0.6298828125,80.244140625,9723,25932
9.13007584800016,10.25,-3.10546875,-1.62109375,-0.095703125,0.015625,-0.16015625,-0.1143798828125,-0.75311279296875,0.16070556640625,0.62762451171875,10.1796875,0.89453125,-2.1875,-0.12890625,-0.013671875,-0.337890625,-0.0303955078125,-0.775634765625,-0.02587890625,0.6298828125,80.33203125,10154,25932
9.140162024999881,10.25,-3.10546875,-1.62109375,-0.095703125,0.015625,-0.16015625,-0.1143798828125,-0.75311279296875,0.16070556640625,0.62762451171875,10.2578125,0.703125,-2.3046875,0.015625,0.08203125,-0.357421875,-0.0303955078125,-0.775634765625,-0.02587890625,0.6298828125,80.5078125,10154,25775
9.150071873000343,10.484375,-2.80078125,-1.31640625,-0.001953125,0.0703125,-0.087890625,-0.11328125,-0.7528076171875,0.15899658203125,0.628662109375,10.2578125,0.703125,-2.3046875,0.015625,0.08203125,-0.357421875,-0.0303955078125,-0.775634765625,-0.02587890625,0.6298828125,80.771484375,10907,25775
9.160065341000518,10.484375,-2.80078125,-1.31640625,-0.001953125,0.0703125,-0.087890625,-0.11328125,-0.7528076171875,0.15899658203125,0.628662109375,10.26171875,0.625,-2.1875,0.015625,0.08203125,-0.357421875,-0.025146484375,-0.77520751953125,-0.03057861328125,0.6304931640625,80.947265625,11894,25502
9.170070778000081,10.484375,-2.80078125,-1.31640625,-0.001953125,0.0703125,-0.087890625,-0.11328125,-0.7528076171875,0.15899658203125,0.628662109375,10.26171875,0.625,-2.1875,-0.064453125,0.130859375,-0.482421875,-0.025146484375,-0.77520751953125,-0.03057861328125,0.6304931640625,81.123046875,11894,25502
9.180064823000066,10.484375,-2.80078125,-1.31640625,-0.001953125,0.0703125,-0.087890625,-0.11328125,-0.7528076171875,0.15899658203125,0.628662109375,10.26171875,0.625,-2.1875,-0.064453125,0.130859375,-0.482421875,-0.025146484375,-0.77520751953125,-0.03057861328125,0.6304931640625,81.298828125,11894,25061
9.190070450999883,10.171875,-2.9921875,-1.5078125,-0.03125,0.1171875,-0.162109375,-0.11181640625,-0.75189208984375,0.15673828125,0.63055419921875,10.26171875,0.625,-2.1875,-0.064453125,0.130859375,-0.482421875,-0.025146484375,-0.77520751953125,-0.03057861328125,0.6304931640625,81.474609375,13131,25061
9.200063375999889,10.171875,-2.9921875,-1.5078125,-0.03125,0.1171875,-0.162109375,-0.11181640625,-0.75189208984375,0.15673828125,0.63055419921875,10.26171875,-0.17578125,-2.3046875,-0.064453125,0.130859375,-0.482421875,-0.0185546875,-0.77392578125,-0.0367431640625,0.6319580078125,81.650390625,13131,24962
9.21009611000045,9.91015625,-3.56640625,-1.4296875,-0.08984375,0.1796875,-0.30078125,-0.11181640625,-0.75189208984375,0.15673828125,0.63055419921875,10.26171875,-0.17578125,-2.3046875,-0.064453125,0.130859375,-0.482421875,-0.0185546875,-0.77392578125,-0.0367431640625,0.6319580078125,81.826171875,14227,24962
9.22006164100003,9.91015625,-3.56640625,-1.4296875,-0.08984375,0.1796875,-0.30078125,-0.11181640625,-0.75189208984375,0.15673828125,0.63055419921875,10.26171875,-0.17578125,-2.3046875,-0.064453125,0.130859375,-0.482421875,-0.0185546875,-0.77392578125,-0.0367431640625,0.6319580078125,82.001953125,14227,24681
9.230069797999931,9.91015625,-3.56640625,-1.4296875,-0.08984375,0.1796875,-0.30078125,-0.109130859375,-0.75054931640625,0.15185546875,0.6337890625,10.1796875,-0.1015625,-1.7265625,-0.185546875,0.15625,-0.580078125,-0.0185546875,-0.77392578125,-0.0367431640625,0.6319580078125,82.08984375,15103,24681
9.240059970000402,9.8671875,-3.48828125,-1.4296875,-0.08984375,0.1796875,-0.30078125,-0.109130859375,-0.75054931640625,0.15185546875,0.6337890625,10.1796875,-0.1015625,-1.7265625,-0.185546875,0.15625,-0.580078125,-0.01165771484375,-0.77197265625,-0.04656982421875,0.63385009765625,82.265625,15103,24276
9.25007603100039,9.8671875,-3.48828125,-1.4296875,-0.08984375,0.1796875,-0.30078125,-0.109130859375,-0.75054931640625,0.15185546875,0.6337890625,10.1796875,-0.1015625,-1.7265625,-0.185546875,0.15625,-0.580078125,-0.01165771484375,-0.77197265625,-0.04656982421875,0.63385009765625,82.353515625,15454,24276
9.260062010999718,9.8671875,-3.48828125,-1.4296875,-0.08984375,0.1796875,-0.30078125,-0.109130859375,-0.75054931640625,0.15185546875,0.6337890625,9.953125,0.58984375,-1.4609375,-0.19140625,0.107421875,-0.5703125,-0.01165771484375,-0.77197265625,-0.04656982421875,0.63385009765625,82.529296875,15454,15454
9.270077592000234,9.7578125,-3.56640625,-1.35546875,-0.107421875,0.154296875,-0.33984375,-0.10577392578125,-0.74951171875,0.1453857421875,0.63714599609375,9.953125,0.58984375,-1.4609375,-0.19140625,0.107421875,-0.5703125,-0.00482177734375,-0.77032470703125,-0.05712890625,0.63507080078125,82.705078125,15879,15454
9.280062644000282,9.7578125,-3.56640625,-1.35546875,-0.107421875,0.154296875,-0.33984375,-0.10577392578125,-0.74951171875,0.1453857421875,0.63714599609375,9.87890625,1.1640625,-1.30859375,-0.19140625,0.107421875,-0.5703125,-0.00482177734375,-0.77032470703125,-0.05712890625,0.63507080078125,82.79296875,16015,23707
9.290068817000247,9.7578125,-3.56640625,-1.35546875,-0.107421875,0.154296875,-0.33984375,-0.10577392578125,-0.74951171875,0.1453857421875,0.63714599609375,9.87890625,1.1640625,-1.30859375,-0.19140625,0.107421875,-0.5703125,-0.00482177734375,-0.77032470703125,-0.05712890625,0.63507080078125,82.96875,16015,23707
9.300104175000342,9.7578125,-3.56640625,-1.35546875,-0.107421875,0.154296875,-0.33984375,-0.10577392578125,-0.74951171875,0.1453857421875,0.63714599609375,9.87890625,1.1640625,-1.30859375,-0.19140625,0.107421875,-0.5703125,-0.00482177734375,-0.77032470703125,-0.05712890625,0.63507080078125,83.14453125,16015,23272
9.310066762000133,9.94921875,-3.3359375,-1.390625,-0.076171875,0.10546875,-0.27734375,-0.10284423828125,-0.74884033203125,0.14019775390625,0.6395263671875,9.87890625,1.1640625,-1.30859375,-0.1328125,0.078125,-0.515625,0.0015869140625,-0.76904296875,-0.06622314453125,0.6357421875,83.232421875,16624,23272
9.320063654000478,9.94921875,-3.3359375,-1.390625,-0.076171875,0.10546875,-0.27734375,-0.10284423828125,-0.74884033203125,0.14019775390625,0.6395263671875,10.1796875,0.703125,-1.95703125,-0.1328125,0.078125,-0.515625,0.0015869140625,-0.76904296875,-0.06622314453125,0.6357421875,83.408203125,16904,23316
9.330080356000508,9.98828125,-3.375,-1.46875,-0.064453125,0.11328125,-0.283203125,-0.10284423828125,-0.74884033203125,0.14019775390625,0.6395263671875,10.1796875,0.703125,-1.95703125,-0.1328125,0.078125,-0.515625,0.0015869140625,-0.76904296875,-0.06622314453125,0.6357421875,83.583984375,16904,23316
9.3400628469999,9.98828125,-3.375,-1.46875,-0.064453125,0.11328125,-0.283203125,-0.10284423828125,-0.74884033203125,0.14019775390625,0.6395263671875,10.1796875,0.703125,-1.95703125,-0.1328125,0.078125,-0.515625,0.0015869140625,-0.76904296875,-0.06622314453125,0.6357421875,83.759765625,16904,22815
9.350081597000099,9.98828125,-3.375,-1.46875,-0.064453125,0.11328125,-0.283203125,-0.09967041015625,-0.7481689453125,0.13525390625,0.64190673828125,10.14453125,0.625,-1.69140625,-0.099609375,0.087890625,-0.552734375,0.0089111328125,-0.76776123046875,-0.07501220703125,0.63629150390625,83.935546875,17749,23112
9.360062425000251,10.02734375,-3.2578125,-1.16015625,-0.064453125,0.11328125,-0.283203125,-0.09967041015625,-0.7481689453125,0.13525390625,0.64190673828125,10.14453125,0.625,-1.69140625,-0.099609375,0.087890625,-0.552734375,0.0089111328125,-0.76776123046875,-0.07501220703125,0.63629150390625,84.0234375,17742,23112
9.370076214000619,10.02734375,-3.2578125,-1.16015625,-0.064453125,0.11328125,-0.283203125,-0.09967041015625,-0.7481689453125,0.13525390625,0.64190673828125,10.14453125,0.625,-1.69140625,-0.099609375,0.087890625,-0.552734375,0.0089111328125,-0.76776123046875,-0.07501220703125,0.63629150390625,84.19921875,17742,23112
9.380060401999799,10.02734375,-3.2578125,-1.16015625,-0.064453125,0.11328125,-0.283203125,-0.09967041015625,-0.7481689453125,0.13525390625,0.64190673828125,10.14453125,0.625,-1.69140625,-0.099609375,0.087890625,-0.552734375,0.0089111328125,-0.76776123046875,-0.07501220703125,0.63629150390625,84.462890625,17742,22354
9.390132210000047,10.02734375,-3.2578125,-1.16015625,-0.064453125,0.11328125,-0.283203125,-0.09967041015625,-0.7481689453125,0.13525390625,0.64190673828125,10.4140625,0.359375,-2.07421875,-0.0859375,0.14453125,-0.669921875,0.0179443359375,-0.765869140625,-0.08447265625,0.63720703125,84.638671875,18485,22354
9.400066506999792,10.10546875,-3.14453125,-1.4296875,-0.046875,0.1328125,-0.357421875,-0.09552001953125,-0.74737548828125,0.12982177734375,0.64453125,10.4140625,0.359375,-2.07421875,-0.0859375,0.14453125,-0.669921875,0.0179443359375,-0.765869140625,-0.08447265625,0.63720703125,84.814453125,18485,22257
9.410064871000031,10.10546875,-3.14453125,-1.4296875,-0.046875,0.1328125,-0.357421875,-0.09552001953125,-0.74737548828125,0.12982177734375,0.64453125,10.4140625,0.359375,-2.07421875,-0.0859375,0.14453125,-0.669921875,0.0179443359375,-0.765869140625,-0.08447265625,0.63720703125,84.990234375,18724,22257
9.420068004000314,10.10546875,-3.14453125,-1.4296875,-0.046875,0.1328125,-0.357421875,-0.09552001953125,-0.74737548828125,0.12982177734375,0.64453125,10.41796875,0.015625,-2.1875,-0.087890625,0.2109375,-0.876953125,0.0179443359375,-0.765869140625,-0.08447265625,0.63720703125,85.078125,18724,22004
9.430077312999856,10.10546875,-3.14453125,-1.4296875,-0.0390625,0.20703125,-0.58984375,-0.08837890625,-0.74603271484375,0.12188720703125,0.648681640625,10.41796875,0.015625,-2.1875,-0.087890625,0.2109375,-0.876953125,0.0179443359375,-0.765869140625,-0.08447265625,0.63720703125,85.25390625,19201,22004
9.440052476999881,9.9453125,-3.22265625,-1.31640625,-0.0390625,0.20703125,-0.58984375,-0.08837890625,-0.74603271484375,0.12188720703125,0.648681640625,10.41796875,-0.0234375,-2.07421875,-0.087890625,0.2109375,-0.876953125,0.02996826171875,-0.7628173828125,-0.0963134765625,0.63873291015625,85.341796875,19576,21498
9.450078329999997,9.9453125,-3.22265625,-1.31640625,-0.0390625,0.20703125,-0.58984375,-0.08837890625,-0.74603271484375,0.12188720703125,0.648681640625,10.41796875,-0.0234375,-2.07421875,-0.087890625,0.2109375,-0.876953125,0.02996826171875,-0.7628173828125,-0.0963134765625,0.63873291015625,85.4296875,19576,21498
9.460062709999875,10.1015625,-2.953125,-1.27734375,0.052734375,0.26171875,-0.896484375,-0.08837890625,-0.74603271484375,0.12188720703125,0.648681640625,10.41796875,-0.0234375,-2.07421875,-0.087890625,0.2109375,-0.876953125,0.02996826171875,-0.7628173828125,-0.0963134765625,0.63873291015625,85.60546875,19576,20582
9.470080660000349,10.1015625,-2.953125,-1.27734375,0.052734375,0.26171875,-0.896484375,-0.0762939453125,-0.744140625,0.11083984375,0.65435791015625,10.41796875,-0.0234375,-2.07421875,-0.005859375,0.302734375,-1.115234375,0.04620361328125,-0.75823974609375,-0.1104736328125,0.640869140625,85.693359375,19961,20582
9.480063087000417,10.1015625,-2.953125,-1.27734375,0.052734375,0.26171875,-0.896484375,-0.0762939453125,-0.744140625,0.11083984375,0.65435791015625,10.22265625,0.97265625,-2.07421875,-0.005859375,0.302734375,-1.115234375,0.04620361328125,-0.75823974609375,-0.1104736328125,0.640869140625,85.693359375,20231,19919
9.49009633300011,10.1015625,-2.953125,-1.27734375,0.052734375,0.26171875,-0.896484375,-0.0762939453125,-0.744140625,0.11083984375,0.65435791015625,10.22265625,0.97265625,-2.07421875,-0.005859375,0.302734375,-1.115234375,0.04620361328125,-0.75823974609375,-0.1104736328125,0.640869140625,85.78125,20231,19919
9.500066024999796,10.328125,-2.64453125,-1.390625,0.05859375,0.33984375,-1.1171875,-0.0762939453125,-0.744140625,0.11083984375,0.65435791015625,10.22265625,0.97265625,-2.07421875,-0.005859375,0.302734375,-1.115234375,0.04620361328125,-0.75823974609375,-0.1104736328125,0.640869140625,85.78125,20231,18972
9.510072005000438,10.328125,-2.64453125,-1.390625,0.05859375,0.33984375,-1.1171875,-0.0762939453125,-0.744140625,0.11083984375,0.65435791015625,10.640625,2.12109375,-1.8828125,-0.0546875,0.349609375,-1.21484375,0.0645751953125,-0.7523193359375,-0.126220703125,0.64337158203125,85.78125,20389,18972
9.520065153999894,11.55859375,-2.2265625,-0.89453125,0.05859375,0.33984375,-1.1171875,-0.0601806640625,-0.74127197265625,0.0972900390625,0.661376953125,10.640625,2.12109375,-1.8828125,-0.0546875,0.349609375,-1.21484375,0.0645751953125,-0.7523193359375,-0.126220703125,0.64337158203125,85.78125,20389,19123
9.530068158000176,11.55859375,-2.2265625,-0.89453125,0.05859375,0.33984375,-1.1171875,-0.0601806640625,-0.74127197265625,0.0972900390625,0.661376953125,10.640625,2.12109375,-1.8828125,-0.0546875,0.349609375,-1.21484375,0.0645751953125,-0.7523193359375,-0.126220703125,0.64337158203125,85.78125,21118,19123
9.540079899000375,11.55859375,-2.2265625,-0.89453125,0.05859375,0.33984375,-1.1171875,-0.0601806640625,-0.74127197265625,0.0972900390625,0.661376953125,10.640625,2.12109375,-1.8828125,-0.0546875,0.349609375,-1.21484375,0.0645751953125,-0.7523193359375,-0.126220703125,0.64337158203125,85.78125,21118,18132
9.550065047000317,11.55859375,-2.2265625,-0.89453125,0.052734375,0.3984375,-1.345703125,-0.04095458984375,-0.7371826171875,0.0799560546875,0.669677734375,11.0625,2.390625,-1.8828125,-0.150390625,0.41796875,-1.3203125,0.08349609375,-0.74468994140625,-0.14495849609375,0.64605712890625,85.693359375,21869,18132
9.560094964999735,11.5546875,-2.875,-1.73828125,0.052734375,0.3984375,-1.345703125,-0.04095458984375,-0.7371826171875,0.0799560546875,0.669677734375,11.0625,2.390625,-1.8828125,-0.150390625,0.41796875,-1.3203125,0.08349609375,-0.74468994140625,-0.14495849609375,0.64605712890625,85.693359375,21869,17329
9.570061520000309,11.5546875,-2.875,-1.73828125,0.052734375,0.3984375,-1.345703125,-0.04095458984375,-0.7371826171875,0.0799560546875,0.669677734375,11.02734375,1.546875,-2.2265625,-0.150390625,0.427734375,-1.4609375,0.08349609375,-0.74468994140625,-0.14495849609375,0.64605712890625,85.60546875,22637,17329
9.580071885000507,11.5546875,-2.875,-1.73828125,0.052734375,0.3984375,-1.345703125,-0.04095458984375,-0.7371826171875,0.0799560546875,0.669677734375,11.02734375,1.546875,-2.2265625,-0.150390625,0.427734375,-1.4609375,0.08349609375,-0.74468994140625,-0.14495849609375,0.64605712890625,85.517578125,22637,16826
9.590062025000407,11.44140625,-3.3359375,-1.5078125,0.021484375,0.5,-1.548828125,-0.018798828125,-0.73138427734375,0.05926513671875,0.67913818359375,11.02734375,1.546875,-2.2265625,-0.150390625,0.427734375,-1.4609375,0.08349609375,-0.74468994140625,-0.14495849609375,0.64605712890625,85.4296875,22861,16826
9.600071718000436,11.44140625,-3.3359375,-1.5078125,0.021484375,0.5,-1.548828125,-0.018798828125,-0.73138427734375,0.05926513671875,0.67913818359375,11.328125,0.8203125,-1.69140625,-0.150390625,0.427734375,-1.4609375,0.10418701171875,-0.73602294921875,-0.1650390625,0.648193359375,85.341796875,22861,15147
9.610074498999893,11.44140625,-3.3359375,-1.5078125,0.021484375,0.5,-1.548828125,-0.018798828125,-0.73138427734375,0.05926513671875,0.67913818359375,11.328125,0.8203125,-1.69140625,-0.150390625,0.427734375,-1.4609375,0.10418701171875,-0.73602294921875,-0.1650390625,0.648193359375,85.25390625,23714,15147
9.620067167000343,11.44140625,-3.3359375,-1.5078125,0.021484375,0.5,-1.548828125,-0.018798828125,-0.73138427734375,0.05926513671875,0.67913818359375,11.328125,0.8203125,-1.69140625,-0.150390625,0.427734375,-1.4609375,0.10418701171875,-0.73602294921875,-0.1650390625,0.648193359375,85.078125,23714,13630
9.630047611000009,11.75390625,-3.06640625,-1.546875,0.107421875,0.48828125,-1.880859375,0.00860595703125,-0.72479248046875,0.0357666015625,0.68798828125,11.328125,0.8203125,-1.69140625,-0.005859375,0.400390625,-1.6796875,0.12921142578125,-0.7266845703125,-0.18572998046875,0.64862060546875,84.90234375,23787,13630
9.640066648000357,11.75390625,-3.06640625,-1.546875,0.107421875,0.48828125,-1.880859375,0.00860595703125,-0.72479248046875,0.0357666015625,0.68798828125,10.875,1.35546875,-1.7265625,-0.005859375,0.400390625,-1.6796875,0.12921142578125,-0.7266845703125,-0.18572998046875,0.64862060546875,84.7265625,23787,8860
9.650067444999877,11.75390625,-3.06640625,-1.546875,0.107421875,0.48828125,-1.880859375,0.00860595703125,-0.72479248046875,0.0357666015625,0.68798828125,10.875,1.35546875,-1.7265625,-0.005859375,0.400390625,-1.6796875,0.12921142578125,-0.7266845703125,-0.18572998046875,0.64862060546875,84.55078125,24230,8860
9.660066577999714,12.13671875,-2.68359375,-1.16015625,-0.009765625,0.552734375,-2.22265625,0.00860595703125,-0.72479248046875,0.0357666015625,0.68798828125,10.875,1.35546875,-1.7265625,-0.005859375,0.400390625,-1.6796875,0.12921142578125,-0.7266845703125,-0.18572998046875,0.64862060546875,84.19921875,24230,6070
9.670062029999826,12.13671875,-2.68359375,-1.16015625,-0.009765625,0.552734375,-2.22265625,0.0390625,-0.71649169921875,0.00677490234375,0.69647216796875,10.90625,1.39453125,-1.5,-0.115234375,0.365234375,-1.9140625,0.156494140625,-0.71588134765625,-0.2105712890625,0.64703369140625,84.0234375,24355,6070
9.680086444000153,12.703125,-2.109375,-1.73828125,-0.009765625,0.552734375,-2.22265625,0.0390625,-0.71649169921875,0.00677490234375,0.69647216796875,10.90625,1.39453125,-1.5,-0.115234375,0.365234375,-1.9140625,0.156494140625,-0.71588134765625,-0.2105712890625,0.64703369140625,83.759765625,24540,2470
9.690093289000288,12.703125,-2.109375,-1.73828125,-0.009765625,0.552734375,-2.22265625,0.0390625,-0.71649169921875,0.00677490234375,0.69647216796875,10.4921875,-0.21484375,-1.23046875,-0.28515625,0.1875,-2.443359375,0.156494140625,-0.71588134765625,-0.2105712890625,0.64703369140625,83.583984375,24540,2470
9.700119686000107,12.703125,-2.109375,-1.73828125,-0.224609375,0.607421875,-2.814453125,0.07550048828125,-0.7049560546875,-0.0335693359375,0.70440673828125,10.4921875,-0.21484375,-1.23046875,-0.28515625,0.1875,-2.443359375,0.156494140625,-0.71588134765625,-0.2105712890625,0.64703369140625,83.408203125,24540,1833
9.710087520999878,12.703125,-2.109375,-1.73828125,-0.224609375,0.607421875,-2.814453125,0.07550048828125,-0.7049560546875,-0.0335693359375,0.70440673828125,10.4921875,-0.21484375,-1.23046875,-0.28515625,0.1875,-2.443359375,0.1864013671875,-0.70379638671875,-0.24273681640625,0.64111328125,83.232421875,24528,1474
9.720095165999737,12.8203125,-1.45703125,-1.0078125,-0.224609375,0.607421875,-2.814453125,0.07550048828125,-0.7049560546875,-0.0335693359375,0.70440673828125,9.53515625,2.0078125,-0.6171875,-0.28515625,0.1875,-2.443359375,0.1864013671875,-0.70379638671875,-0.24273681640625,0.64111328125,82.96875,24528,1474
9.730123228000593,12.8203125,-1.45703125,-1.0078125,-0.224609375,0.607421875,-2.814453125,0.07550048828125,-0.7049560546875,-0.0335693359375,0.70440673828125,9.53515625,2.0078125,-0.6171875,-0.28515625,0.1875,-2.443359375,0.1864013671875,-0.70379638671875,-0.24273681640625,0.64111328125,82.705078125,24089,916
9.740063797999937,12.8203125,-1.45703125,-1.0078125,-0.224609375,0.607421875,-2.814453125,0.07550048828125,-0.7049560546875,-0.0335693359375,0.70440673828125,9.53515625,2.0078125,-0.6171875,-0.28515625,0.1875,-2.443359375,0.1864013671875,-0.70379638671875,-0.24273681640625,0.64111328125,82.177734375,24089,916
9.750109397000415,14.39453125,-0.73046875,-0.1640625,-0.234375,0.509765625,-3.248046875,0.11688232421875,-0.69085693359375,-0.0806884765625,0.70892333984375,9.53515625,2.0078125,-0.6171875,-0.341796875,0.142578125,-2.7734375,0.22119140625,-0.68890380859375,-0.2821044921875,0.6300048828125,81.826171875,23041,916
9.760018701000263,14.39453125,-0.73046875,-0.1640625,-0.234375,0.509765625,-3.248046875,0.11688232421875,-0.69085693359375,-0.0806884765625,0.70892333984375,10.26171875,5.109375,-1.15234375,-0.341796875,0.142578125,-2.7734375,0.22119140625,-0.68890380859375,-0.2821044921875,0.6300048828125,81.38671875,23041,720
9.770069707999937,14.39453125,-0.73046875,-0.1640625,-0.234375,0.509765625,-3.248046875,0.11688232421875,-0.69085693359375,-0.0806884765625,0.70892333984375,10.26171875,5.109375,-1.15234375,-0.341796875,0.142578125,-2.7734375,0.22119140625,-0.68890380859375,-0.2821044921875,0.6300048828125,80.947265625,19722,592
9.780064904000028,14.39453125,-0.73046875,-0.1640625,-0.234375,0.509765625,-3.248046875,0.11688232421875,-0.69085693359375,-0.0806884765625,0.70892333984375,10.26171875,5.109375,-1.15234375,-0.341796875,0.142578125,-2.7734375,0.22119140625,-0.68890380859375,-0.2821044921875,0.6300048828125,80.33203125,19722,592
9.790079141000206,14.234375,-0.84765625,-0.12890625,-0.185546875,0.498046875,-3.318359375,0.16131591796875,-0.67413330078125,-0.129638671875,0.70904541015625,10.26171875,5.109375,-1.15234375,-0.39453125,0.283203125,-2.521484375,0.25396728515625,-0.67132568359375,-0.3182373046875,0.61932373046875,79.8046875,15200,592
9.800107811000089,14.234375,-0.84765625,-0.12890625,-0.185546875,0.498046875,-3.318359375,0.16131591796875,-0.67413330078125,-0.129638671875,0.70904541015625,8.3828125,6.6015625,-1.8828125,-0.39453125,0.283203125,-2.521484375,0.25396728515625,-0.67132568359375,-0.3182373046875,0.61932373046875,79.189453125,15200,772
9.810090302999924,14.234375,-0.84765625,-0.12890625,-0.185546875,0.498046875,-3.318359375,0.16131591796875,-0.67413330078125,-0.129638671875,0.70904541015625,8.3828125,6.6015625,-1.8828125,-0.39453125,0.283203125,-2.521484375,0.25396728515625,-0.67132568359375,-0.3182373046875,0.61932373046875,78.57421875,5681,772
9.820071674999781,8.72265625,-2.41796875,-0.43359375,-0.01171875,0.57421875,-2.955078125,0.16131591796875,-0.67413330078125,-0.129638671875,0.70904541015625,8.3828125,6.6015625,-1.8828125,-0.39453125,0.283203125,-2.521484375,0.25396728515625,-0.67132568359375,-0.3182373046875,0.61932373046875,77.87109375,5681,826
9.830086328000107,8.72265625,-2.41796875,-0.43359375,-0.01171875,0.57421875,-2.955078125,0.16131591796875,-0.67413330078125,-0.129638671875,0.70904541015625,4.48046875,4.07421875,-1.1171875,-0.23046875,0.4375,-1.880859375,0.25396728515625,-0.67132568359375,-0.3182373046875,0.61932373046875,76.9921875,1092,826
9.84006421200047,8.72265625,-2.41796875,-0.43359375,-0.01171875,0.57421875,-2.955078125,0.16131591796875,-0.67413330078125,-0.129638671875,0.70904541015625,4.48046875,4.07421875,-1.1171875,-0.23046875,0.4375,-1.880859375,0.27978515625,-0.653564453125,-0.34490966796875,0.6129150390625,76.11328125,1092,739
9.8500939380001,5.3515625,-1.7265625,-0.2421875,-0.01171875,0.57421875,-2.955078125,0.202880859375,-0.65484619140625,-0.17205810546875,0.7073974609375,4.48046875,4.07421875,-1.1171875,-0.23046875,0.4375,-1.880859375,0.27978515625,-0.653564453125,-0.34490966796875,0.6129150390625,75.498046875,6,739
9.860061485000188,5.3515625,-1.7265625,-0.2421875,-0.01171875,0.57421875,-2.955078125,0.202880859375,-0.65484619140625,-0.17205810546875,0.7073974609375,1.2578125,4.91796875,-0.73046875,0.09765625,0.470703125,-0.794921875,0.27978515625,-0.653564453125,-0.34490966796875,0.6129150390625,74.8828125,6,446
9.87008154600062,5.3515625,-1.7265625,-0.2421875,0.2734375,0.57421875,-2.326171875,0.23846435546875,-0.637451171875,-0.201904296875,0.704345703125,1.2578125,4.91796875,-0.73046875,0.09765625,0.470703125,-0.794921875,0.27978515625,-0.653564453125,-0.34490966796875,0.6129150390625,74.1796875,5,446
9.880022180000196,2.40234375,-9.19921875,0.29296875,0.2734375,0.57421875,-2.326171875,0.23846435546875,-0.637451171875,-0.201904296875,0.704345703125,1.3359375,4.34765625,0.1875,0.09765625,0.470703125,-0.794921875,0.296630859375,-0.6412353515625,-0.3563232421875,0.6114501953125,73.4765625,5,196
9.890074818999892,2.40234375,-9.19921875,0.29296875,1.6015625,0.025390625,-0.4140625,0.23846435546875,-0.637451171875,-0.201904296875,0.704345703125,1.3359375,4.34765625,0.1875,0.09765625,0.470703125,-0.794921875,0.296630859375,-0.6412353515625,-0.3563232421875,0.6114501953125,72.94921875,3,196
9.900067743000363,2.40234375,-9.19921875,0.29296875,1.6015625,0.025390625,-0.4140625,0.23846435546875,-0.637451171875,-0.201904296875,0.704345703125,1.3359375,4.34765625,0.1875,0.09765625,0.470703125,-0.794921875,0.296630859375,-0.6412353515625,-0.3563232421875,0.6114501953125,72.24609375,3,176
9.910068027999841,2.40234375,-9.19921875,0.29296875,1.6015625,0.025390625,-0.4140625,0.23846435546875,-0.637451171875,-0.201904296875,0.704345703125,1.3359375,4.34765625,0.1875,1.2578125,0.669921875,0.73828125,0.30609130859375,-0.64288330078125,-0.3343505859375,0.617431640625,71.630859375,6,176
9.920061016000545,4.12890625,-3.52734375,-1.8125,1.6015625,0.025390625,-0.4140625,0.26483154296875,-0.63787841796875,-0.19384765625,0.69671630859375,2.87109375,-0.0625,-1.53515625,1.2578125,0.669921875,0.73828125,0.30609130859375,-0.64288330078125,-0.3343505859375,0.617431640625,71.19140625,6,376
9.93001096199987,4.12890625,-3.52734375,-1.8125,1.6015625,0.025390625,-0.4140625,0.26483154296875,-0.63787841796875,-0.19384765625,0.69671630859375,2.87109375,-0.0625,-1.53515625,1.2578125,0.669921875,0.73828125,0.30609130859375,-0.64288330078125,-0.3343505859375,0.617431640625,71.015625,3,376
9.940066416999798,6.42578125,-2.9921875,-1.5078125,1.119140625,0.1328125,0.84765625,0.26483154296875,-0.63787841796875,-0.19384765625,0.69671630859375,2.87109375,-0.0625,-1.53515625,1.2578125,0.669921875,0.73828125,0.30609130859375,-0.64288330078125,-0.3343505859375,0.617431640625,70.927734375,3,478
9.950061645999995,6.42578125,-2.9921875,-1.5078125,1.119140625,0.1328125,0.84765625,0.27880859375,-0.64300537109375,-0.1708984375,0.6925048828125,3.328125,9.78125,-1.5,0.931640625,0.470703125,1.484375,0.30804443359375,-0.65130615234375,-0.301513671875,0.62445068359375,70.927734375,2,478
9.960072554999897,6.42578125,-2.9921875,-1.5078125,1.119140625,0.1328125,0.84765625,0.27880859375,-0.64300537109375,-0.1708984375,0.6925048828125,3.328125,9.78125,-1.5,0.931640625,0.470703125,1.484375,0.30804443359375,-0.65130615234375,-0.301513671875,0.62445068359375,71.015625,2,1203
9.970055941999817,6.42578125,-2.9921875,-1.5078125,1.119140625,0.1328125,0.84765625,0.27880859375,-0.64300537109375,-0.1708984375,0.6925048828125,3.328125,9.78125,-1.5,0.931640625,0.470703125,1.484375,0.30804443359375,-0.65130615234375,-0.301513671875,0.62445068359375,71.015625,2,1203
9.98007065999991,7.57421875,-0.6171875,-1.73828125,-0.060546875,0.08984375,2.712890625,0.27880859375,-0.64300537109375,-0.1708984375,0.6925048828125,3.328125,9.78125,-1.5,0.931640625,0.470703125,1.484375,0.30804443359375,-0.65130615234375,-0.301513671875,0.62445068359375,71.103515625,2,1152
9.99006377600017,7.57421875,-0.6171875,-1.73828125,-0.060546875,0.08984375,2.712890625,0.2523193359375,-0.65509033203125,-0.1341552734375,0.69940185546875,3.671875,8.90234375,-1.95703125,-0.322265625,0.326171875,2.58984375,0.27880859375,-0.66064453125,-0.26885986328125,0.64306640625,71.19140625,2,1152
