timestamp_s,foot_ax,foot_ay,foot_az,foot_gx,foot_gy,foot_gz,foot_qi,foot_qj,foot_qk,foot_qr,shank_ax,shank_ay,shank_az,shank_gx,shank_gy,shank_gz,shank_qi,shank_qj,shank_qk,shank_qr,ankle_encoder_deg,toe_fsr_raw,heel_fsr_raw
0.004463609999220353,,,,,,,,,,,0.390625,-1.04296875,9.75,0.0,0.0,0.0,-0.053466796875,-0.01995849609375,0.0010986328125,0.99835205078125,,,
0.005093305000627879,,,,,,,,,,,0.390625,-1.04296875,9.75,0.0,0.0,0.0,-0.053466796875,-0.01995849609375,0.0010986328125,0.99835205078125,,,
0.010064324998893426,,,,,,,,,,,0.390625,-1.04296875,9.75,0.0,0.0,0.0,-0.053466796875,-0.01995849609375,0.0010986328125,0.99835205078125,150.29296875,,
0.015060468000228866,,,,,,,,,,,0.390625,-1.04296875,9.75,0.0,0.0,0.0,-0.053466796875,-0.01995849609375,0.0010986328125,0.99835205078125,150.29296875,1,0
0.020060675999047817,,,,,,,,,,,0.390625,-1.04296875,9.75,0.0,0.0,0.0,-0.053466796875,-0.01995849609375,0.0010986328125,0.99835205078125,150.29296875,1,0
0.025064307999855373,,,,,,,,,,,0.390625,-1.04296875,9.75,0.0,0.0,0.0,-0.053466796875,-0.01995849609375,0.0010986328125,0.99835205078125,150.29296875,1,0
0.030073636000452098,,,,,,,,,,,0.390625,-1.04296875,9.75,0.0,0.0,0.0,-0.053466796875,-0.01995849609375,0.0010986328125,0.99835205078125,150.29296875,1,0
0.03549763000046369,,,,,,,,,,,0.390625,-1.04296875,9.75,0.0,0.0,0.0,-0.053466796875,-0.01995849609375,0.0010986328125,0.99835205078125,150.29296875,1,0
0.04006054599994968,-0.4140625,-1.171875,9.89453125,0.001953125,-0.001953125,0.001953125,-0.05694580078125,0.0208740234375,-0.001220703125,0.9981689453125,0.390625,-1.04296875,9.75,0.0,0.0,0.0,-0.053466796875,-0.01995849609375,0.0010986328125,0.99835205078125,150.380859375,1,17
0.04506097800003772,-0.4140625,-1.171875,9.89453125,0.001953125,-0.001953125,0.001953125,-0.05694580078125,0.0208740234375,-0.001220703125,0.9981689453125,0.390625,-1.04296875,9.75,0.0,0.0,0.0,-0.053466796875,-0.01995849609375,0.0010986328125,0.99835205078125,150.29296875,1,17
0.0500641300004645,-0.4140625,-1.171875,9.89453125,0.001953125,-0.001953125,0.001953125,-0.05694580078125,0.0208740234375,-0.001220703125,0.9981689453125,0.390625,-1.04296875,9.75,0.001953125,0.001953125,-0.001953125,-0.053466796875,-0.01995849609375,0.0010986328125,0.99835205078125,150.29296875,4,17
0.055063632999008405,-0.4140625,-1.171875,9.89453125,0.001953125,-0.001953125,0.001953125,-0.05694580078125,0.0208740234375,-0.001220703125,0.9981689453125,0.390625,-1.04296875,9.75,0.001953125,0.001953125,-0.001953125,-0.053466796875,-0.01995849609375,0.0010986328125,0.99835205078125,150.29296875,4,17
0.06005961600021692,-0.4140625,-1.171875,9.89453125,0.001953125,-0.001953125,0.001953125,-0.05694580078125,0.0208740234375,-0.001220703125,0.9981689453125,0.390625,-1.04296875,9.75,0.001953125,0.001953125,-0.001953125,-0.053466796875,-0.01995849609375,0.0010986328125,0.99835205078125,150.29296875,4,17
0.06507144100032747,-0.4140625,-1.1328125,9.890625,0.001953125,-0.001953125,0.001953125,-0.0577392578125,0.0208740234375,-0.001220703125,0.99810791015625,0.390625,-1.04296875,9.75,0.001953125,0.001953125,-0.001953125,-0.05340576171875,-0.01995849609375,0.0010986328125,0.99835205078125,150.380859375,4,18
0.07008870599929651,-0.4140625,-1.1328125,9.890625,0.001953125,-0.001953125,0.001953125,-0.0577392578125,0.0208740234375,-0.001220703125,0.99810791015625,0.390625,-1.04296875,9.75,0.001953125,0.001953125,-0.001953125,-0.05340576171875,-0.01995849609375,0.0010986328125,0.99835205078125,150.29296875,1,18
0.07506071900024835,-0.4140625,-1.1328125,9.890625,0.001953125,-0.001953125,0.001953125,-0.0577392578125,0.0208740234375,-0.001220703125,0.99810791015625,0.390625,-1.04296875,9.75,0.001953125,0.001953125,-0.001953125,-0.05340576171875,-0.01995849609375,0.0010986328125,0.99835205078125,150.29296875,1,18
0.08006406300046365,-0.4140625,-1.1328125,9.890625,0.001953125,-0.001953125,0.001953125,-0.0577392578125,0.0208740234375,-0.001220703125,0.99810791015625,0.390625,-1.04296875,9.75,0.001953125,0.001953125,-0.001953125,-0.05340576171875,-0.01995849609375,0.0010986328125,0.99835205078125,150.29296875,1,16
0.08506827100063674,-0.4140625,-1.1328125,9.890625,0.001953125,-0.001953125,0.001953125,-0.0577392578125,0.0208740234375,-0.001220703125,0.99810791015625,0.390625,-1.04296875,9.75,0.001953125,0.001953125,-0.001953125,-0.05340576171875,-0.01995849609375,0.0010986328125,0.99835205078125,150.29296875,1,16
0.0900663659995189,-0.4140625,-1.1328125,9.890625,0.0,0.0,0.0,-0.0577392578125,0.0208740234375,-0.001220703125,0.99810791015625,0.390625,-1.04296875,9.7109375,0.0,0.001953125,-0.001953125,-0.05340576171875,-0.01995849609375,0.0010986328125,0.99835205078125,150.29296875,1,16
0.09505818899924634,-0.4140625,-1.1328125,9.890625,0.0,0.0,0.0,-0.0577392578125,0.0208740234375,-0.001220703125,0.99810791015625,0.390625,-1.04296875,9.7109375,0.0,0.001953125,-0.001953125,-0.05340576171875,-0.01995849609375,0.0010986328125,0.99835205078125,150.29296875,1,16
0.10006076500030758,-0.4140625,-1.1328125,9.890625,0.0,0.0,0.0,-0.0577392578125,0.0208740234375,-0.001220703125,0.99810791015625,0.390625,-1.04296875,9.7109375,0.0,0.001953125,-0.001953125,-0.05340576171875,-0.01995849609375,0.0010986328125,0.99835205078125,150.29296875,1,16
0.10506692499984638,-0.4140625,-1.1328125,9.890625,0.0,0.0,0.0,-0.0577392578125,0.0208740234375,-0.001220703125,0.99810791015625,0.390625,-1.04296875,9.7109375,0.0,0.001953125,-0.001953125,-0.05340576171875,-0.01995849609375,0.0010986328125,0.99835205078125,150.29296875,1,16
0.11006726000050548,-0.4140625,-1.1328125,9.890625,0.0,0.0,0.0,-0.0577392578125,0.0208740234375,-0.001220703125,0.99810791015625,0.390625,-1.04296875,9.7109375,0.0,0.001953125,-0.001953125,-0.05340576171875,-0.01995849609375,0.0010986328125,0.99835205078125,150.29296875,4,16
0.1150617709990911,-0.4140625,-1.1328125,9.890625,0.0,0.0,0.0,-0.0577392578125,0.0208740234375,-0.001220703125,0.99810791015625,0.390625,-1.04296875,9.7109375,0.0,0.001953125,-0.001953125,-0.05340576171875,-0.01995849609375,0.0010986328125,0.99835205078125,150.29296875,4,16
0.12006434700015234,-0.4140625,-1.1328125,9.890625,0.0,0.0,0.0,-0.0577392578125,0.0208740234375,-0.001220703125,0.99810791015625,0.390625,-1.04296875,9.7109375,0.0,0.001953125,-0.001953125,-0.05340576171875,-0.01995849609375,0.0010986328125,0.99835205078125,150.29296875,4,19
0.12508266899931186,-0.4140625,-1.1328125,9.890625,0.0,0.0,0.0,-0.0577392578125,0.0208740234375,-0.001220703125,0.99810791015625,0.390625,-1.04296875,9.75,0.001953125,-0.001953125,0.001953125,-0.05340576171875,-0.01995849609375,0.0010986328125,0.99835205078125,150.29296875,4,19
0.1300689229992713,-0.4140625,-1.1328125,9.890625,0.0,0.0,0.0,-0.0577392578125,0.0208740234375,-0.001220703125,0.99810791015625,0.390625,-1.04296875,9.75,0.001953125,-0.001953125,0.001953125,-0.05340576171875,-0.01995849609375,0.0010986328125,0.99835205078125,150.29296875,2,19
0.13508375600031286,-0.4140625,-1.1328125,9.890625,0.0,0.0,0.0,-0.0577392578125,0.0208740234375,-0.001220703125,0.99810791015625,0.390625,-1.04296875,9.75,0.001953125,-0.001953125,0.001953125,-0.05340576171875,-0.01995849609375,0.0010986328125,0.99835205078125,150.380859375,2,19
0.1400663620006526,-0.4140625,-1.1328125,9.890625,0.0,0.0,0.0,-0.0577392578125,0.0208740234375,-0.001220703125,0.99810791015625,0.390625,-1.04296875,9.75,0.001953125,-0.001953125,0.001953125,-0.05340576171875,-0.01995849609375,0.0010986328125,0.99835205078125,150.380859375,2,15
0.14507402600065689,-0.4140625,-1.171875,9.89453125,0.0,0.0,0.0,-0.0577392578125,0.0208740234375,-0.001220703125,0.99810791015625,0.390625,-1.04296875,9.75,0.001953125,-0.001953125,0.001953125,-0.05340576171875,-0.01995849609375,0.0010986328125,0.99835205078125,150.29296875,2,15
0.15003378199980943,-0.4140625,-1.171875,9.89453125,0.0,0.0,0.0,-0.0577392578125,0.0208740234375,-0.001220703125,0.99810791015625,0.390625,-1.04296875,9.75,0.001953125,-0.001953125,0.001953125,-0.05340576171875,-0.01995849609375,0.0010986328125,0.99835205078125,150.29296875,2,15
0.1550623759994778,-0.4140625,-1.171875,9.89453125,0.0,0.0,0.0,-0.0577392578125,0.0208740234375,-0.001220703125,0.99810791015625,0.390625,-1.04296875,9.75,0.001953125,0.0,0.0,-0.05340576171875,-0.01995849609375,0.0010986328125,0.99835205078125,150.29296875,2,17
0.16007084000011673,-0.4140625,-1.171875,9.89453125,0.0,0.0,0.0,-0.0577392578125,0.0208740234375,-0.001220703125,0.99810791015625,0.390625,-1.04296875,9.75,0.001953125,0.0,0.0,-0.05340576171875,-0.01995849609375,0.0010986328125,0.99835205078125,150.29296875,2,17
0.16507389599973976,-0.4140625,-1.171875,9.89453125,0.0,0.0,0.0,-0.0577392578125,0.0208740234375,-0.001220703125,0.99810791015625,0.390625,-1.04296875,9.75,0.001953125,0.0,0.0,-0.05340576171875,-0.01995849609375,0.0010986328125,0.99835205078125,150.380859375,2,17
0.17006120599944552,-0.4140625,-1.171875,9.89453125,0.0,0.0,0.0,-0.0577392578125,0.0208740234375,-0.001220703125,0.99810791015625,0.390625,-1.04296875,9.75,0.001953125,0.0,0.0,-0.05340576171875,-0.01995849609375,0.0010986328125,0.99835205078125,150.29296875,2,17
0.17506211799991434,-0.4140625,-1.1328125,9.890625,0.0,0.0,0.0,-0.0577392578125,0.0208740234375,-0.001220703125,0.99810791015625,0.390625,-1.04296875,9.75,0.001953125,0.0,0.0,-0.05340576171875,-0.01995849609375,0.0010986328125,0.99835205078125,150.29296875,2,17
0.18006565399991814,-0.4140625,-1.1328125,9.890625,0.0,0.0,0.0,-0.0577392578125,0.0208740234375,-0.001220703125,0.99810791015625,0.390625,-1.04296875,9.75,0.001953125,0.0,0.0,-0.0533447265625,-0.01995849609375,0.0010986328125,0.99835205078125,150.29296875,2,18
0.18517400000018824,-0.4140625,-1.1328125,9.890625,0.0,0.0,0.0,-0.0577392578125,0.0208740234375,-0.001220703125,0.99810791015625,0.390625,-1.04296875,9.75,0.001953125,0.0,0.0,-0.0533447265625,-0.01995849609375,0.0010986328125,0.99835205078125,150.29296875,2,18
0.19009192799967423,-0.4140625,-1.1328125,9.890625,0.0,0.0,0.0,-0.0577392578125,0.0208740234375,-0.001220703125,0.99810791015625,0.390625,-1.04296875,9.75,0.001953125,0.0,0.0,-0.0533447265625,-0.01995849609375,0.0010986328125,0.99835205078125,150.29296875,2,18
0.19510087199887494,-0.4140625,-1.1328125,9.890625,0.0,0.0,0.0,-0.0577392578125,0.0208740234375,-0.001220703125,0.99810791015625,0.390625,-1.04296875,9.75,0.001953125,0.0,0.0,-0.0533447265625,-0.01995849609375,0.0010986328125,0.99835205078125,150.29296875,2,18
0.20071282000026258,-0.4140625,-1.1328125,9.890625,0.0,0.0,0.0,-0.0577392578125,0.0208740234375,-0.001220703125,0.99810791015625,0.390625,-1.04296875,9.75,0.001953125,0.0,0.0,-0.0533447265625,-0.01995849609375,0.0010986328125,0.99835205078125,150.29296875,2,18
0.205094855000425,-0.4140625,-1.1328125,9.890625,0.0,0.0,0.0,-0.0577392578125,0.0208740234375,-0.001220703125,0.99810791015625,0.390625,-1.04296875,9.75,0.001953125,0.0,0.0,-0.0533447265625,-0.01995849609375,0.0010986328125,0.99835205078125,150.29296875,2,18
0.2102073610003572,-0.4140625,-1.171875,9.89453125,0.0,0.0,0.0,-0.0577392578125,0.0208740234375,-0.001220703125,0.99810791015625,0.390625,-1.04296875,9.75,0.001953125,0.0,0.0,-0.0533447265625,-0.01995849609375,0.0010986328125,0.99835205078125,150.29296875,2,17
0.21506950699949812,-0.4140625,-1.171875,9.89453125,0.0,0.0,0.0,-0.0577392578125,0.0208740234375,-0.001220703125,0.99810791015625,0.390625,-1.04296875,9.75,0.001953125,0.0,0.0,-0.0533447265625,-0.01995849609375,0.0010986328125,0.99835205078125,150.29296875,2,17
0.22006651399897237,-0.4140625,-1.171875,9.89453125,0.0,0.0,0.0,-0.0577392578125,0.0208740234375,-0.001220703125,0.99810791015625,0.390625,-1.04296875,9.75,0.001953125,0.0,0.0,-0.0533447265625,-0.01995849609375,0.0010986328125,0.99835205078125,150.29296875,2,17
0.22506944199994905,-0.4140625,-1.171875,9.89453125,0.0,0.0,0.0,-0.0577392578125,0.0208740234375,-0.001220703125,0.99810791015625,0.390625,-1.04296875,9.75,0.001953125,0.0,0.0,-0.0533447265625,-0.0198974609375,0.00103759765625,0.99835205078125,150.29296875,2,17
0.23006049700052245,-0.4140625,-1.171875,9.89453125,0.0,0.0,0.0,-0.0577392578125,0.0208740234375,-0.001220703125,0.99810791015625,0.390625,-1.04296875,9.75,0.001953125,0.0,0.0,-0.0533447265625,-0.0198974609375,0.00103759765625,0.99835205078125,150.29296875,2,17
0.23506403300052625,-0.4140625,-1.1328125,9.890625,0.0,0.0,0.0,-0.0577392578125,0.0208740234375,-0.001220703125,0.99810791015625,0.390625,-1.04296875,9.75,0.001953125,0.0,0.0,-0.0533447265625,-0.0198974609375,0.00103759765625,0.99835205078125,150.29296875,2,17
0.24007016100040346,-0.4140625,-1.1328125,9.890625,0.0,0.0,0.0,-0.0577392578125,0.0208740234375,-0.001220703125,0.99810791015625,0.390625,-1.04296875,9.75,0.001953125,0.0,0.0,-0.0533447265625,-0.0198974609375,0.00103759765625,0.99835205078125,150.29296875,2,17
0.24505958299960184,-0.4140625,-1.1328125,9.890625,0.0,0.0,0.0,-0.0577392578125,0.0208740234375,-0.001220703125,0.99810791015625,0.390625,-1.04296875,9.75,0.001953125,0.0,0.0,-0.0533447265625,-0.0198974609375,0.00103759765625,0.99835205078125,150.29296875,1,17
0.2500693919992045,-0.4140625,-1.1328125,9.890625,0.0,0.0,0.0,-0.0577392578125,0.0208740234375,-0.001220703125,0.99810791015625,0.390625,-1.04296875,9.75,-0.001953125,0.0,0.001953125,-0.0533447265625,-0.0198974609375,0.00103759765625,0.99835205078125,150.29296875,1,17
0.25506815900007496,-0.4140625,-1.1328125,9.890625,0.0,0.0,0.0,-0.0577392578125,0.0208740234375,-0.001220703125,0.99810791015625,0.390625,-1.04296875,9.75,-0.001953125,0.0,0.001953125,-0.0533447265625,-0.0198974609375,0.00103759765625,0.99835205078125,150.29296875,1,17
0.2600705109998671,-0.4140625,-1.1328125,9.890625,0.0,0.0,0.0,-0.0577392578125,0.0208740234375,-0.001220703125,0.99810791015625,0.390625,-1.04296875,9.75,-0.001953125,0.0,0.001953125,-0.0533447265625,-0.0198974609375,0.00103759765625,0.99835205078125,150.29296875,1,17
0.26510838600006537,-0.4140625,-1.1328125,9.890625,0.0,0.0,0.0,-0.0577392578125,0.0208740234375,-0.001220703125,0.99810791015625,0.390625,-1.04296875,9.75,-0.001953125,0.0,0.001953125,-0.0533447265625,-0.0198974609375,0.00103759765625,0.99835205078125,150.29296875,1,17
0.2700694539998949,-0.4140625,-1.1328125,9.890625,0.0,0.0,0.0,-0.0577392578125,0.0208740234375,-0.001220703125,0.99810791015625,0.390625,-1.04296875,9.75,-0.001953125,0.0,0.001953125,-0.0533447265625,-0.0198974609375,0.00103759765625,0.99835205078125,150.29296875,1,17
0.27507315000002563,-0.4140625,-1.1328125,9.890625,0.0,0.0,0.0,-0.0577392578125,0.0208740234375,-0.001220703125,0.99810791015625,0.390625,-1.04296875,9.75,-0.001953125,0.0,0.001953125,-0.0533447265625,-0.0198974609375,0.00103759765625,0.99835205078125,150.29296875,1,16
0.2800726539990137,-0.4140625,-1.1328125,9.890625,0.0,0.0,0.0,-0.0577392578125,0.0208740234375,-0.001220703125,0.99810791015625,0.390625,-1.04296875,9.75,-0.001953125,0.0,0.001953125,-0.0533447265625,-0.0198974609375,0.00103759765625,0.99835205078125,150.29296875,1,16
0.2850864299998648,-0.4140625,-1.1328125,9.890625,0.0,0.0,0.0,-0.0577392578125,0.0208740234375,-0.001220703125,0.99810791015625,0.390625,-1.04296875,9.75,0.001953125,0.0,-0.001953125,-0.05340576171875,-0.01995849609375,0.0010986328125,0.99835205078125,150.29296875,1,16
0.29006721199948515,-0.4140625,-1.1328125,9.890625,0.0,0.0,0.0,-0.0577392578125,0.0208740234375,-0.001220703125,0.99810791015625,0.390625,-1.04296875,9.75,0.001953125,0.0,-0.001953125,-0.05340576171875,-0.01995849609375,0.0010986328125,0.99835205078125,150.29296875,1,16
0.2950678679990233,-0.4140625,-1.1328125,9.890625,0.0,0.0,0.0,-0.0577392578125,0.0208740234375,-0.001220703125,0.99810791015625,0.390625,-1.04296875,9.75,0.001953125,0.0,-0.001953125,-0.05340576171875,-0.01995849609375,0.0010986328125,0.99835205078125,150.29296875,1,17
0.30006765899997845,-0.4140625,-1.1328125,9.890625,0.0,0.0,0.0,-0.0577392578125,0.0208740234375,-0.001220703125,0.99810791015625,0.390625,-1.04296875,9.75,0.001953125,0.0,-0.001953125,-0.05340576171875,-0.01995849609375,0.0010986328125,0.99835205078125,150.29296875,1,17
0.3050642180005525,-0.4140625,-1.171875,9.89453125,0.0,0.0,0.0,-0.0577392578125,0.0208740234375,-0.001220703125,0.99810791015625,0.390625,-1.04296875,9.75,0.001953125,0.0,-0.001953125,-0.05340576171875,-0.01995849609375,0.0010986328125,0.99835205078125,150.29296875,2,17
0.31007450700053596,-0.4140625,-1.171875,9.89453125,0.0,0.0,0.0,-0.0577392578125,0.0208740234375,-0.001220703125,0.99810791015625,0.390625,-1.04296875,9.75,0.001953125,0.0,-0.001953125,-0.05340576171875,-0.01995849609375,0.0010986328125,0.99835205078125,150.29296875,2,17
0.31506757799979823,-0.4140625,-1.171875,9.89453125,0.0,0.0,0.0,-0.0577392578125,0.0208740234375,-0.001220703125,0.99810791015625,0.390625,-1.04296875,9.75,0.001953125,0.0,-0.001953125,-0.05340576171875,-0.01995849609375,0.0010986328125,0.99835205078125,150.29296875,2,17
0.3200626329999068,-0.4140625,-1.171875,9.89453125,0.0,0.0,0.0,-0.0577392578125,0.0208740234375,-0.001220703125,0.99810791015625,0.390625,-1.04296875,9.75,0.001953125,0.0,-0.001953125,-0.05340576171875,-0.01995849609375,0.0010986328125,0.99835205078125,150.29296875,1,17
0.32506108000052336,-0.4140625,-1.171875,9.89453125,0.0,0.0,0.0,-0.0577392578125,0.0208740234375,-0.001220703125,0.99810791015625,0.390625,-1.04296875,9.75,0.001953125,0.0,0.0,-0.0533447265625,-0.01995849609375,0.0010986328125,0.99835205078125,150.29296875,1,17
0.33006794399989303,-0.4140625,-1.1328125,9.890625,0.0,0.0,0.0,-0.0577392578125,0.0208740234375,-0.001220703125,0.99810791015625,0.390625,-1.04296875,9.75,0.001953125,0.0,0.0,-0.0533447265625,-0.01995849609375,0.0010986328125,0.99835205078125,150.29296875,1,17
0.335068536000108,-0.4140625,-1.1328125,9.890625,0.0,0.0,0.0,-0.0577392578125,0.0208740234375,-0.001220703125,0.99810791015625,0.390625,-1.04296875,9.75,0.001953125,0.0,0.0,-0.0533447265625,-0.01995849609375,0.0010986328125,0.99835205078125,150.29296875,1,17
0.34007085600023856,-0.4140625,-1.1328125,9.890625,0.0,0.0,0.0,-0.0577392578125,0.0208740234375,-0.001220703125,0.99810791015625,0.390625,-1.04296875,9.75,0.001953125,0.0,0.0,-0.0533447265625,-0.01995849609375,0.0010986328125,0.99835205078125,150.29296875,2,17
0.34506805499950133,-0.4140625,-1.1328125,9.890625,0.0,0.0,0.0,-0.0577392578125,0.0208740234375,-0.00115966796875,0.99810791015625,0.390625,-1.04296875,9.75,0.001953125,0.0,0.0,-0.0533447265625,-0.01995849609375,0.0010986328125,0.99835205078125,150.29296875,2,17
0.3500669189998007,-0.4140625,-1.1328125,9.890625,0.0,0.0,0.0,-0.0577392578125,0.0208740234375,-0.00115966796875,0.99810791015625,0.390625,-1.04296875,9.75,0.001953125,0.0,0.0,-0.0533447265625,-0.01995849609375,0.0010986328125,0.99835205078125,150.29296875,2,17
0.35506930200062925,-0.4140625,-1.1328125,9.890625,0.0,0.0,0.0,-0.0577392578125,0.0208740234375,-0.00115966796875,0.99810791015625,0.390625,-1.04296875,9.75,0.001953125,0.0,0.0,-0.0533447265625,-0.01995849609375,0.0010986328125,0.99835205078125,150.29296875,2,17
0.36006080500010285,-0.4140625,-1.1328125,9.890625,0.0,0.0,0.0,-0.0577392578125,0.0208740234375,-0.00115966796875,0.99810791015625,0.390625,-1.04296875,9.75,0.001953125,0.0,0.0,-0.0533447265625,-0.01995849609375,0.0010986328125,0.99835205078125,150.29296875,2,17
0.3650405309999769,-0.4140625,-1.1328125,9.890625,0.0,0.0,0.0,-0.0577392578125,0.0208740234375,-0.00115966796875,0.99810791015625,0.390625,-1.04296875,9.75,0.001953125,0.0,0.001953125,-0.0533447265625,-0.01995849609375,0.0010986328125,0.99835205078125,150.29296875,2,19
0.37008253400017566,-0.4140625,-1.1328125,9.890625,0.0,0.0,0.0,-0.0577392578125,0.0208740234375,-0.00115966796875,0.99810791015625,0.390625,-1.04296875,9.75,0.001953125,0.0,0.001953125,-0.0533447265625,-0.01995849609375,0.0010986328125,0.99835205078125,150.29296875,2,19
0.3750693330002832,-0.4140625,-1.171875,9.89453125,0.0,0.0,0.0,-0.0577392578125,0.0208740234375,-0.00115966796875,0.99810791015625,0.390625,-1.04296875,9.75,0.001953125,0.0,0.001953125,-0.0533447265625,-0.01995849609375,0.0010986328125,0.99835205078125,150.29296875,2,19
0.3800633310002013,-0.4140625,-1.171875,9.89453125,0.0,0.0,0.0,-0.0577392578125,0.0208740234375,-0.00115966796875,0.99810791015625,0.390625,-1.04296875,9.75,0.001953125,0.0,0.001953125,-0.0533447265625,-0.01995849609375,0.0010986328125,0.99835205078125,150.29296875,2,19
0.3851015269992786,-0.4140625,-1.171875,9.89453125,0.0,0.0,0.0,-0.0577392578125,0.0208740234375,-0.00115966796875,0.99810791015625,0.390625,-1.04296875,9.75,0.001953125,0.0,0.001953125,-0.0533447265625,-0.01995849609375,0.0010986328125,0.99835205078125,150.29296875,2,18
0.3900869489989418,-0.4140625,-1.171875,9.89453125,0.0,0.0,0.0,-0.0577392578125,0.0208740234375,-0.00115966796875,0.99810791015625,0.390625,-1.04296875,9.75,0.001953125,0.0,0.001953125,-0.0533447265625,-0.01995849609375,0.0010986328125,0.99835205078125,150.29296875,2,18
0.3957945229994948,-0.4140625,-1.171875,9.89453125,0.0,0.0,0.0,-0.0577392578125,0.0208740234375,-0.00115966796875,0.99810791015625,0.390625,-1.04296875,9.75,0.001953125,0.0,0.001953125,-0.0533447265625,-0.01995849609375,0.0010986328125,0.99835205078125,150.29296875,2,18
0.40009290099987993,-0.4140625,-1.1328125,9.890625,0.0,0.0,0.0,-0.0577392578125,0.0208740234375,-0.00115966796875,0.99810791015625,0.390625,-1.04296875,9.75,0.001953125,0.0,0.001953125,-0.0533447265625,-0.01995849609375,0.0010986328125,0.99835205078125,150.29296875,2,18
0.40523324999958277,-0.4140625,-1.1328125,9.890625,0.0,0.0,0.0,-0.0577392578125,0.0208740234375,-0.00115966796875,0.99810791015625,0.390625,-1.04296875,9.75,0.001953125,0.0,0.001953125,-0.0533447265625,-0.01995849609375,0.0010986328125,0.99835205078125,150.380859375,2,13
0.41012445500018657,-0.4140625,-1.1328125,9.890625,0.0,0.0,0.0,-0.0577392578125,0.0208740234375,-0.00115966796875,0.99810791015625,0.390625,-1.04296875,9.75,0.001953125,0.0,0.001953125,-0.0533447265625,-0.01995849609375,0.0010986328125,0.99835205078125,150.380859375,2,13
0.4150681770006486,-0.4140625,-1.1328125,9.890625,0.0,0.0,0.0,-0.0577392578125,0.0208740234375,-0.00115966796875,0.99810791015625,0.3515625,-1.04296875,9.75390625,-0.001953125,-0.001953125,-0.001953125,-0.05340576171875,-0.01995849609375,0.0010986328125,0.99835205078125,150.29296875,2,13
0.42006252799910726,-0.4140625,-1.1328125,9.890625,0.0,0.0,0.0,-0.0577392578125,0.0208740234375,-0.00115966796875,0.99810791015625,0.3515625,-1.04296875,9.75390625,-0.001953125,-0.001953125,-0.001953125,-0.05340576171875,-0.01995849609375,0.0010986328125,0.99835205078125,150.29296875,2,13
0.42507105599906936,-0.4140625,-1.1328125,9.890625,0.0,0.0,0.0,-0.0577392578125,0.0208740234375,-0.00115966796875,0.99810791015625,0.3515625,-1.04296875,9.75390625,-0.001953125,-0.001953125,-0.001953125,-0.05340576171875,-0.01995849609375,0.0010986328125,0.99835205078125,150.29296875,2,13
0.43006063900065783,-0.4140625,-1.171875,9.89453125,0.0,0.0,0.0,-0.0577392578125,0.0208740234375,-0.00115966796875,0.99810791015625,0.3515625,-1.04296875,9.75390625,-0.001953125,-0.001953125,-0.001953125,-0.05340576171875,-0.01995849609375,0.0010986328125,0.99835205078125,150.29296875,2,15
0.43506913499913935,-0.4140625,-1.171875,9.89453125,0.0,0.0,0.0,-0.0577392578125,0.0208740234375,-0.00115966796875,0.99810791015625,0.3515625,-1.04296875,9.75390625,-0.001953125,-0.001953125,-0.001953125,-0.05340576171875,-0.01995849609375,0.0010986328125,0.99835205078125,150.29296875,2,15
0.44009529699906125,-0.4140625,-1.171875,9.89453125,0.0,0.0,0.0,-0.0577392578125,0.0208740234375,-0.00115966796875,0.99810791015625,0.390625,-1.04296875,9.75,-0.001953125,0.0,0.0,-0.05340576171875,-0.02001953125,0.0010986328125,0.99835205078125,150.29296875,1,15
0.44505860500066774,-0.4140625,-1.171875,9.89453125,0.0,0.0,0.0,-0.0577392578125,0.0208740234375,-0.00115966796875,0.99810791015625,0.390625,-1.04296875,9.75,-0.001953125,0.0,0.0,-0.05340576171875,-0.02001953125,0.0010986328125,0.99835205078125,150.29296875,1,15
0.45006495699999505,-0.4140625,-1.171875,9.89453125,0.0,0.0,0.0,-0.0577392578125,0.0208740234375,-0.00115966796875,0.99810791015625,0.390625,-1.04296875,9.75,-0.001953125,0.0,0.0,-0.05340576171875,-0.02001953125,0.0010986328125,0.99835205078125,150.29296875,1,17
0.45505985199997667,-0.4140625,-1.171875,9.89453125,0.0,0.0,0.0,-0.0577392578125,0.0208740234375,-0.00115966796875,0.99810791015625,0.390625,-1.04296875,9.75,-0.001953125,0.0,0.0,-0.05340576171875,-0.02001953125,0.0010986328125,0.99835205078125,150.29296875,3,17
0.46006082799976866,-0.4140625,-1.171875,9.89453125,0.0,0.0,0.0,-0.0577392578125,0.0208740234375,-0.00115966796875,0.99810791015625,0.390625,-1.04296875,9.75,-0.001953125,0.0,0.0,-0.05340576171875,-0.02001953125,0.0010986328125,0.99835205078125,150.29296875,3,17
0.4650996629989095,-0.4140625,-1.171875,9.89453125,0.0,0.0,0.0,-0.0577392578125,0.0208740234375,-0.00115966796875,0.99810791015625,0.390625,-1.04296875,9.75,-0.001953125,0.0,0.0,-0.05340576171875,-0.02001953125,0.0010986328125,0.99835205078125,150.29296875,3,17
0.47006796399909945,-0.4140625,-1.171875,9.89453125,0.0,0.0,0.0,-0.0577392578125,0.0208740234375,-0.00115966796875,0.99810791015625,0.390625,-1.04296875,9.75,-0.001953125,0.0,0.0,-0.05340576171875,-0.02001953125,0.0010986328125,0.99835205078125,150.29296875,3,17
0.475061322998954,-0.4140625,-1.171875,9.89453125,0.0,0.0,0.0,-0.0577392578125,0.0208740234375,-0.00115966796875,0.99810791015625,0.390625,-1.04296875,9.75,-0.001953125,0.0,0.0,-0.05340576171875,-0.02001953125,0.0010986328125,0.99835205078125,150.29296875,3,17
0.48006645900022704,-0.4140625,-1.171875,9.89453125,0.0,0.0,0.0,-0.0577392578125,0.0208740234375,-0.00115966796875,0.99810791015625,0.390625,-1.04296875,9.75,-0.001953125,0.0,0.0,-0.05340576171875,-0.02001953125,0.0010986328125,0.99835205078125,150.380859375,2,17
0.48508663599932333,-0.4140625,-1.171875,9.89453125,0.0,0.0,0.0,-0.0577392578125,0.0208740234375,-0.00115966796875,0.99810791015625,0.390625,-1.04296875,9.75,-0.001953125,0.0,0.0,-0.05340576171875,-0.02001953125,0.0010986328125,0.99835205078125,150.380859375,2,17
0.49006645800000115,-0.4140625,-1.171875,9.89453125,0.0,0.0,0.0,-0.0577392578125,0.0208740234375,-0.00115966796875,0.99810791015625,0.390625,-1.04296875,9.75,-0.001953125,0.0,0.0,-0.05340576171875,-0.02001953125,0.0010986328125,0.99835205078125,150.29296875,2,16
0.4950597850001941,-0.4140625,-1.171875,9.89453125,0.0,0.0,0.0,-0.0577392578125,0.0208740234375,-0.00115966796875,0.99810791015625,0.390625,-1.04296875,9.75,-0.001953125,0.0,0.0,-0.05340576171875,-0.02001953125,0.0010986328125,0.99835205078125,150.29296875,2,16
0.5000632569990557,-0.4140625,-1.171875,9.89453125,0.0,0.0,0.0,-0.0577392578125,0.0208740234375,-0.00115966796875,0.99810791015625,0.390625,-1.04296875,9.75,-0.001953125,0.0,0.0,-0.05340576171875,-0.02001953125,0.0010986328125,0.99835205078125,150.29296875,3,16
0.5050936110001203,-0.4140625,-1.171875,9.89453125,0.0,0.0,0.0,-0.0577392578125,0.0208740234375,-0.00115966796875,0.99810791015625,0.390625,-1.04296875,9.75,-0.001953125,0.0,0.0,-0.05340576171875,-0.02001953125,0.0010986328125,0.99835205078125,150.29296875,3,16
0.5100604710005427,-0.4140625,-1.171875,9.89453125,0.0,0.0,0.0,-0.0577392578125,0.0208740234375,-0.00115966796875,0.99810791015625,0.390625,-1.04296875,9.75,-0.001953125,0.0,0.0,-0.05340576171875,-0.02001953125,0.0010986328125,0.99835205078125,150.29296875,3,16
0.5150596229996154,-0.4140625,-1.171875,9.89453125,0.0,0.0,0.0,-0.0577392578125,0.0208740234375,-0.00115966796875,0.99810791015625,0.390625,-1.04296875,9.75,-0.001953125,0.0,0.0,-0.05340576171875,-0.02001953125,0.0010986328125,0.99835205078125,150.380859375,3,16
0.5200706470004661,-0.4140625,-1.171875,9.89453125,0.0,0.0,0.0,-0.0577392578125,0.0208740234375,-0.00115966796875,0.99810791015625,0.390625,-1.04296875,9.75,-0.001953125,0.0,0.0,-0.05340576171875,-0.02001953125,0.0010986328125,0.99835205078125,150.29296875,2,16
0.5250688710002578,-0.4140625,-1.171875,9.89453125,0.0,0.0,0.0,-0.0577392578125,0.0208740234375,-0.00115966796875,0.99810791015625,0.390625,-1.04296875,9.75,-0.001953125,0.0,0.0,-0.05340576171875,-0.02001953125,0.0010986328125,0.99835205078125,150.29296875,2,16
0.5300848560000304,-0.4140625,-1.1328125,9.890625,0.0,0.0,0.0,-0.0577392578125,0.0208740234375,-0.00115966796875,0.99810791015625,0.390625,-1.04296875,9.75,0.00390625,0.001953125,-0.001953125,-0.05340576171875,-0.02001953125,0.0010986328125,0.99835205078125,150.29296875,2,16
0.535063908999291,-0.4140625,-1.1328125,9.890625,0.0,0.0,0.0,-0.0577392578125,0.0208740234375,-0.00115966796875,0.99810791015625,0.390625,-1.04296875,9.75,0.00390625,0.001953125,-0.001953125,-0.05340576171875,-0.02001953125,0.0010986328125,0.99835205078125,150.29296875,3,16
0.5400655889989139,-0.4140625,-1.1328125,9.890625,0.0,0.0,0.0,-0.0577392578125,0.0208740234375,-0.00115966796875,0.99810791015625,0.390625,-1.04296875,9.75,0.00390625,0.001953125,-0.001953125,-0.05340576171875,-0.02001953125,0.0010986328125,0.99835205078125,150.29296875,3,16
0.5450718449992564,-0.4140625,-1.1328125,9.890625,0.0,0.0,0.0,-0.0577392578125,0.0208740234375,-0.00115966796875,0.99810791015625,0.390625,-1.04296875,9.75,0.00390625,0.001953125,-0.001953125,-0.05340576171875,-0.02001953125,0.0010986328125,0.99835205078125,150.29296875,3,17
0.5503610409996327,-0.4140625,-1.1328125,9.890625,0.0,0.0,0.0,-0.0577392578125,0.0208740234375,-0.00115966796875,0.99810791015625,0.390625,-1.04296875,9.75,0.00390625,0.001953125,-0.001953125,-0.05340576171875,-0.02001953125,0.0010986328125,0.99835205078125,150.29296875,3,17
0.5550876859997516,-0.4140625,-1.1328125,9.890625,0.0,0.0,0.0,-0.0577392578125,0.0208740234375,-0.00115966796875,0.99810791015625,0.390625,-1.04296875,9.75,0.00390625,0.001953125,-0.001953125,-0.05340576171875,-0.02001953125,0.0010986328125,0.99835205078125,150.29296875,3,17
0.5600729799989494,-0.4140625,-1.1328125,9.890625,0.0,0.0,0.0,-0.0577392578125,0.0208740234375,-0.00115966796875,0.99810791015625,0.390625,-1.04296875,9.75,0.00390625,0.001953125,-0.001953125,-0.05340576171875,-0.02001953125,0.0010986328125,0.99835205078125,150.29296875,2,17
0.5652109290003864,-0.4140625,-1.1328125,9.890625,0.0,0.0,0.0,-0.0577392578125,0.0208740234375,-0.00115966796875,0.99810791015625,0.390625,-1.04296875,9.75,0.00390625,0.001953125,-0.001953125,-0.05340576171875,-0.02001953125,0.0010986328125,0.99835205078125,150.29296875,2,17
0.5700597619998007,-0.4140625,-1.1328125,9.890625,0.0,0.0,0.0,-0.0577392578125,0.0208740234375,-0.00115966796875,0.99810791015625,0.390625,-1.04296875,9.75,-0.001953125,-0.001953125,-0.001953125,-0.05340576171875,-0.02001953125,0.0010986328125,0.99835205078125,150.29296875,2,18
0.5750620180006081,-0.4140625,-1.1328125,9.890625,0.0,0.0,0.0,-0.0577392578125,0.0208740234375,-0.00115966796875,0.99810791015625,0.390625,-1.04296875,9.75,-0.001953125,-0.001953125,-0.001953125,-0.05340576171875,-0.02001953125,0.0010986328125,0.99835205078125,150.29296875,2,18
0.5800800830002117,-0.4140625,-1.1328125,9.890625,0.0,0.0,0.0,-0.0577392578125,0.0208740234375,-0.00115966796875,0.99810791015625,0.390625,-1.04296875,9.75,-0.001953125,-0.001953125,-0.001953125,-0.05340576171875,-0.02001953125,0.0010986328125,0.99835205078125,150.29296875,2,18
0.5850733779989241,-0.4140625,-1.1328125,9.890625,0.0,0.0,0.0,-0.0577392578125,0.0208740234375,-0.00115966796875,0.99810791015625,0.390625,-1.04296875,9.75,-0.001953125,-0.001953125,-0.001953125,-0.05340576171875,-0.02001953125,0.0010986328125,0.99835205078125,150.29296875,2,18
0.5900595359998988,-0.4140625,-1.1328125,9.890625,0.0,0.0,0.0,-0.0577392578125,0.0208740234375,-0.00115966796875,0.99810791015625,0.390625,-1.04296875,9.75,-0.001953125,-0.001953125,-0.001953125,-0.05340576171875,-0.02001953125,0.0010986328125,0.99835205078125,150.380859375,2,15
0.5950908830000117,-0.4140625,-1.1328125,9.890625,0.0,0.0,0.0,-0.0577392578125,0.0208740234375,-0.00115966796875,0.99810791015625,0.390625,-1.04296875,9.75,-0.001953125,-0.001953125,-0.001953125,-0.05340576171875,-0.02001953125,0.0010986328125,0.99835205078125,150.29296875,2,15
0.6000800490000984,-0.4140625,-1.1328125,9.890625,0.0,0.0,0.0,-0.0577392578125,0.0208740234375,-0.00115966796875,0.99810791015625,0.3515625,-1.0078125,9.75390625,-0.00390625,-0.001953125,0.0,-0.05340576171875,-0.02001953125,0.0010986328125,0.99835205078125,150.29296875,2,15
0.605060190999211,-0.4140625,-1.1328125,9.890625,0.0,0.0,0.0,-0.0577392578125,0.0208740234375,-0.00115966796875,0.99810791015625,0.3515625,-1.0078125,9.75390625,-0.00390625,-0.001953125,0.0,-0.05340576171875,-0.02001953125,0.0010986328125,0.99835205078125,150.29296875,2,15
0.6100631499994051,-0.4140625,-1.1328125,9.890625,0.0,0.0,0.0,-0.0577392578125,0.0208740234375,-0.00115966796875,0.99810791015625,0.3515625,-1.0078125,9.75390625,-0.00390625,-0.001953125,0.0,-0.05340576171875,-0.02001953125,0.0010986328125,0.99835205078125,150.29296875,2,16
0.6150729910004884,-0.4140625,-1.1328125,9.890625,0.0,0.0,0.0,-0.0577392578125,0.0208740234375,-0.00115966796875,0.99810791015625,0.3515625,-1.0078125,9.75390625,-0.00390625,-0.001953125,0.0,-0.05340576171875,-0.02001953125,0.0010986328125,0.99835205078125,150.29296875,2,16
0.6200728149997303,-0.4140625,-1.1328125,9.890625,0.0,0.0,0.0,-0.0577392578125,0.0208740234375,-0.00115966796875,0.99810791015625,0.390625,-1.0078125,9.75,-0.00390625,-0.001953125,0.0,-0.05340576171875,-0.02001953125,0.0010986328125,0.99835205078125,150.29296875,1,16
0.6250608609989285,-0.4140625,-1.1328125,9.890625,0.0,0.0,0.0,-0.0577392578125,0.0208740234375,-0.00115966796875,0.99810791015625,0.390625,-1.0078125,9.75,-0.00390625,-0.001953125,0.0,-0.05340576171875,-0.02001953125,0.0010986328125,0.99835205078125,150.29296875,1,16
0.6300624769992282,-0.4140625,-1.1328125,9.890625,0.0,0.0,0.0,-0.0577392578125,0.0208740234375,-0.00115966796875,0.99810791015625,0.390625,-1.0078125,9.75,-0.00390625,-0.001953125,0.0,-0.05340576171875,-0.02001953125,0.0010986328125,0.99835205078125,150.29296875,1,14
0.6350776939998468,-0.4140625,-1.1328125,9.890625,0.0,0.0,0.0,-0.0577392578125,0.0208740234375,-0.00115966796875,0.99810791015625,0.390625,-1.0078125,9.75,-0.00390625,-0.001953125,0.0,-0.05340576171875,-0.02001953125,0.0010986328125,0.99835205078125,150.29296875,2,14
0.6400777090002521,-0.4140625,-1.1328125,9.890625,0.0,0.0,0.0,-0.0577392578125,0.0208740234375,-0.00115966796875,0.99810791015625,0.390625,-1.0078125,9.75,-0.00390625,-0.001953125,0.0,-0.05340576171875,-0.02001953125,0.0010986328125,0.99835205078125,150.380859375,2,14
0.6450636110002961,-0.4140625,-1.1328125,9.890625,0.0,0.0,0.0,-0.0577392578125,0.0208740234375,-0.00115966796875,0.99810791015625,0.390625,-1.0078125,9.75,-0.001953125,-0.001953125,-0.001953125,-0.05340576171875,-0.02001953125,0.0010986328125,0.99835205078125,150.29296875,2,16
0.6500607790003414,-0.4140625,-1.1328125,9.890625,0.0,0.0,0.0,-0.0577392578125,0.0208740234375,-0.00115966796875,0.99810791015625,0.390625,-1.0078125,9.75,-0.001953125,-0.001953125,-0.001953125,-0.05340576171875,-0.02001953125,0.0010986328125,0.99835205078125,150.29296875,2,16
0.6550676429997111,-0.4140625,-1.1328125,9.890625,0.0,0.0,0.0,-0.0577392578125,0.0208740234375,-0.00115966796875,0.99810791015625,0.390625,-1.0078125,9.75,-0.001953125,-0.001953125,-0.001953125,-0.05340576171875,-0.02001953125,0.0010986328125,0.99835205078125,150.29296875,2,16
0.6600630819993967,-0.4140625,-1.1328125,9.890625,0.0,0.0,0.0,-0.0577392578125,0.0208740234375,-0.00115966796875,0.99810791015625,0.390625,-1.04296875,9.75,-0.001953125,-0.001953125,-0.001953125,-0.05340576171875,-0.02001953125,0.0010986328125,0.99835205078125,150.29296875,2,16
0.6650670979997813,-0.4140625,-1.1328125,9.890625,0.0,0.0,0.0,-0.0577392578125,0.0208740234375,-0.00115966796875,0.99810791015625,0.390625,-1.04296875,9.75,-0.001953125,-0.001953125,-0.001953125,-0.05340576171875,-0.02001953125,0.0010986328125,0.99835205078125,150.29296875,2,15
0.6700615129993821,-0.4140625,-1.1328125,9.890625,0.0,0.0,0.0,-0.0577392578125,0.0208740234375,-0.001220703125,0.99810791015625,0.390625,-1.04296875,9.75,-0.001953125,-0.001953125,-0.001953125,-0.05340576171875,-0.02001953125,0.0010986328125,0.99835205078125,150.29296875,2,15
0.6750649209989206,-0.4140625,-1.1328125,9.890625,0.0,0.0,0.0,-0.0577392578125,0.0208740234375,-0.001220703125,0.99810791015625,0.390625,-1.04296875,9.75,-0.001953125,-0.001953125,-0.001953125,-0.05340576171875,-0.02001953125,0.0010986328125,0.99835205078125,150.29296875,2,15
0.6800711129999399,-0.4140625,-1.1328125,9.890625,0.0,0.0,0.0,-0.0577392578125,0.0208740234375,-0.001220703125,0.99810791015625,0.390625,-1.04296875,9.75,-0.001953125,-0.001953125,-0.001953125,-0.05340576171875,-0.02001953125,0.0010986328125,0.99835205078125,150.29296875,2,15
0.6850618160005979,-0.4140625,-1.1328125,9.890625,0.0,0.0,0.0,-0.0577392578125,0.0208740234375,-0.001220703125,0.99810791015625,0.390625,-1.04296875,9.75,-0.001953125,-0.001953125,-0.001953125,-0.05340576171875,-0.02001953125,0.0010986328125,0.99835205078125,150.29296875,2,17
0.690078536999863,-0.4140625,-1.1328125,9.890625,0.0,0.0,0.0,-0.0577392578125,0.0208740234375,-0.001220703125,0.99810791015625,0.390625,-1.04296875,9.75,0.001953125,0.0,-0.001953125,-0.05340576171875,-0.02001953125,0.0010986328125,0.99835205078125,150.29296875,2,17
0.6950717359995906,-0.4140625,-1.171875,9.8515625,0.0,0.0,0.0,-0.0577392578125,0.0208740234375,-0.001220703125,0.99810791015625,0.390625,-1.04296875,9.75,0.001953125,0.0,-0.001953125,-0.05340576171875,-0.02001953125,0.0010986328125,0.99835205078125,150.29296875,1,17
0.7001078829998733,-0.4140625,-1.171875,9.8515625,0.0,0.0,0.0,-0.0577392578125,0.0208740234375,-0.001220703125,0.99810791015625,0.390625,-1.04296875,9.75,0.001953125,0.0,-0.001953125,-0.05340576171875,-0.02001953125,0.0010986328125,0.99835205078125,150.29296875,1,17
0.7050924089999171,-0.4140625,-1.171875,9.8515625,0.0,0.0,0.0,-0.0577392578125,0.0208740234375,-0.001220703125,0.99810791015625,0.390625,-1.04296875,9.75,0.001953125,0.0,-0.001953125,-0.05340576171875,-0.02001953125,0.0010986328125,0.99835205078125,150.29296875,1,16
0.7100825349989464,-0.4140625,-1.171875,9.8515625,0.0,0.0,0.0,-0.0577392578125,0.0208740234375,-0.001220703125,0.99810791015625,0.390625,-1.04296875,9.75,0.001953125,0.0,-0.001953125,-0.05340576171875,-0.02001953125,0.0010986328125,0.99835205078125,150.29296875,1,16
0.7150934000001143,-0.4140625,-1.171875,9.8515625,0.0,0.0,0.0,-0.0577392578125,0.0208740234375,-0.001220703125,0.99810791015625,0.390625,-1.04296875,9.75,0.001953125,0.0,-0.001953125,-0.05340576171875,-0.02001953125,0.0010986328125,0.99835205078125,150.29296875,1,16
0.7201042329998018,-0.4140625,-1.171875,9.89453125,0.0,0.0,0.0,-0.0577392578125,0.0208740234375,-0.001220703125,0.99810791015625,0.390625,-1.04296875,9.75,0.001953125,0.0,-0.001953125,-0.05340576171875,-0.02001953125,0.0010986328125,0.99835205078125,150.380859375,2,16
0.7250735249999707,-0.4140625,-1.171875,9.89453125,0.0,0.0,0.0,-0.0577392578125,0.0208740234375,-0.001220703125,0.99810791015625,0.390625,-1.04296875,9.75,0.001953125,0.0,-0.001953125,-0.05340576171875,-0.02001953125,0.0010986328125,0.99835205078125,150.380859375,2,16
0.7300745970005664,-0.4140625,-1.171875,9.89453125,0.0,0.0,0.0,-0.0577392578125,0.0208740234375,-0.001220703125,0.99810791015625,0.390625,-1.04296875,9.75,-0.001953125,0.0,-0.001953125,-0.05340576171875,-0.02001953125,0.0010986328125,0.99835205078125,150.29296875,2,16
0.7350676040005055,-0.4140625,-1.171875,9.89453125,0.0,0.0,0.0,-0.0577392578125,0.0208740234375,-0.001220703125,0.99810791015625,0.390625,-1.04296875,9.75,-0.001953125,0.0,-0.001953125,-0.05340576171875,-0.02001953125,0.0010986328125,0.99835205078125,150.29296875,2,16
0.7400614420002967,-0.4140625,-1.171875,9.89453125,0.0,0.0,0.0,-0.0577392578125,0.0208740234375,-0.001220703125,0.99810791015625,0.390625,-1.04296875,9.75,-0.001953125,0.0,-0.001953125,-0.05340576171875,-0.02001953125,0.0010986328125,0.99835205078125,150.380859375,2,16
0.7450673789990105,-0.4140625,-1.171875,9.89453125,0.0,0.0,0.0,-0.0577392578125,0.0208740234375,-0.001220703125,0.99810791015625,0.390625,-1.04296875,9.75,-0.001953125,0.0,-0.001953125,-0.05340576171875,-0.02001953125,0.0010986328125,0.99835205078125,150.29296875,3,16
0.7500736990004953,-0.4140625,-1.171875,9.89453125,0.0,0.0,0.0,-0.0577392578125,0.0208740234375,-0.001220703125,0.99810791015625,0.390625,-1.04296875,9.75,-0.001953125,0.0,-0.001953125,-0.05340576171875,-0.02001953125,0.0010986328125,0.99835205078125,150.29296875,3,16
0.7550659059997997,-0.4140625,-1.171875,9.89453125,0.0,0.0,0.0,-0.0577392578125,0.0208740234375,-0.001220703125,0.99810791015625,0.390625,-1.04296875,9.75,-0.001953125,0.0,-0.001953125,-0.05340576171875,-0.02001953125,0.0010986328125,0.99835205078125,150.29296875,3,17
0.7600624650003738,-0.4140625,-1.171875,9.89453125,0.0,0.0,0.0,-0.0577392578125,0.0208740234375,-0.001220703125,0.99810791015625,0.390625,-1.04296875,9.75,0.001953125,0.0,0.0,-0.05340576171875,-0.02001953125,0.0010986328125,0.99835205078125,150.29296875,3,17
0.7650674409997009,-0.4140625,-1.171875,9.89453125,0.0,0.0,0.0,-0.0577392578125,0.0208740234375,-0.001220703125,0.99810791015625,0.390625,-1.04296875,9.75,0.001953125,0.0,0.0,-0.05340576171875,-0.02001953125,0.0010986328125,0.99835205078125,150.29296875,2,17
0.7700672640003177,-0.4140625,-1.171875,9.89453125,0.0,0.0,0.0,-0.0577392578125,0.0208740234375,-0.001220703125,0.99810791015625,0.390625,-1.04296875,9.75,0.001953125,0.0,0.0,-0.05340576171875,-0.02001953125,0.0010986328125,0.99835205078125,150.29296875,2,17
0.775066512000194,-0.4140625,-1.1328125,9.890625,0.0,0.0,0.0,-0.0577392578125,0.0208740234375,-0.001220703125,0.99810791015625,0.390625,-1.04296875,9.75,0.001953125,0.0,0.0,-0.05340576171875,-0.02001953125,0.0010986328125,0.99835205078125,150.29296875,2,15
0.7800595509997947,-0.4140625,-1.1328125,9.890625,0.0,0.0,0.0,-0.0577392578125,0.0208740234375,-0.001220703125,0.99810791015625,0.390625,-1.04296875,9.75,0.001953125,0.0,0.0,-0.05340576171875,-0.02001953125,0.0010986328125,0.99835205078125,150.29296875,2,15
0.7850674389992491,-0.4140625,-1.1328125,9.890625,0.0,0.0,0.0,-0.0577392578125,0.0208740234375,-0.001220703125,0.99810791015625,0.3515625,-1.0078125,9.75390625,0.001953125,0.0,0.0,-0.05340576171875,-0.01995849609375,0.0010986328125,0.99835205078125,150.29296875,2,15
0.7900698230005219,-0.4140625,-1.1328125,9.890625,0.0,0.0,0.0,-0.0577392578125,0.0208740234375,-0.001220703125,0.99810791015625,0.3515625,-1.0078125,9.75390625,0.001953125,0.0,0.0,-0.05340576171875,-0.01995849609375,0.0010986328125,0.99835205078125,150.29296875,1,15
0.7950611010001012,-0.4140625,-1.1328125,9.890625,0.0,0.0,0.0,-0.0577392578125,0.0208740234375,-0.001220703125,0.99810791015625,0.3515625,-1.0078125,9.75390625,0.001953125,0.0,0.0,-0.05340576171875,-0.01995849609375,0.0010986328125,0.99835205078125,150.29296875,1,16
0.8000626529992587,-0.4140625,-1.1328125,9.890625,0.0,0.0,0.0,-0.0577392578125,0.0208740234375,-0.001220703125,0.99810791015625,0.3515625,-1.0078125,9.75390625,0.001953125,0.0,0.0,-0.05340576171875,-0.01995849609375,0.0010986328125,0.99835205078125,150.29296875,1,16
0.8050667970001086,-0.4140625,-1.1328125,9.890625,0.0,0.0,0.0,-0.0577392578125,0.0208740234375,-0.001220703125,0.99810791015625,0.3515625,-1.0078125,9.75390625,0.001953125,0.001953125,0.0,-0.0533447265625,-0.01995849609375,0.0010986328125,0.99835205078125,150.29296875,1,16
0.8100702369993087,-0.4140625,-1.1328125,9.890625,0.0,0.0,0.0,-0.0577392578125,0.0208740234375,-0.001220703125,0.99810791015625,0.3515625,-1.0078125,9.75390625,0.001953125,0.001953125,0.0,-0.0533447265625,-0.01995849609375,0.0010986328125,0.99835205078125,150.29296875,2,16
0.815064075999544,-0.4140625,-1.1328125,9.890625,0.0,0.0,0.0,-0.0577392578125,0.0208740234375,-0.001220703125,0.99810791015625,0.3515625,-1.0078125,9.75390625,0.001953125,0.001953125,0.0,-0.0533447265625,-0.01995849609375,0.0010986328125,0.99835205078125,150.29296875,2,16
0.8200663320003514,-0.4140625,-1.1328125,9.890625,0.0,0.0,0.0,-0.0577392578125,0.0208740234375,-0.001220703125,0.99810791015625,0.3515625,-1.04296875,9.75390625,0.001953125,0.001953125,0.0,-0.0533447265625,-0.01995849609375,0.0010986328125,0.99835205078125,150.29296875,2,17
0.8251715419992252,-0.4140625,-1.1328125,9.890625,0.0,0.0,0.0,-0.0577392578125,0.0208740234375,-0.001220703125,0.99810791015625,0.3515625,-1.04296875,9.75390625,0.001953125,0.001953125,0.0,-0.0533447265625,-0.01995849609375,0.0010986328125,0.99835205078125,150.29296875,1,17
0.8300689229999989,-0.4140625,-1.1328125,9.890625,0.0,0.0,0.0,-0.0577392578125,0.0208740234375,-0.001220703125,0.99810791015625,0.3515625,-1.04296875,9.75390625,0.001953125,0.001953125,0.0,-0.0533447265625,-0.01995849609375,0.0010986328125,0.99835205078125,150.29296875,1,17
0.8350693230004254,-0.4140625,-1.1328125,9.890625,0.0,0.0,0.0,-0.0577392578125,0.0208740234375,-0.001220703125,0.99810791015625,0.3515625,-1.04296875,9.75390625,0.001953125,0.001953125,0.0,-0.0533447265625,-0.01995849609375,0.0010986328125,0.99835205078125,150.29296875,1,18
0.8400708099998155,-0.4140625,-1.1328125,9.890625,0.0,0.0,0.0,-0.0577392578125,0.0208740234375,-0.001220703125,0.99810791015625,0.3515625,-1.04296875,9.75390625,0.001953125,0.001953125,0.0,-0.0533447265625,-0.01995849609375,0.0010986328125,0.99835205078125,150.29296875,1,18
0.8450705380000727,-0.4140625,-1.1328125,9.890625,0.0,0.0,0.0,-0.0577392578125,0.0208740234375,-0.001220703125,0.99810791015625,0.3515625,-1.04296875,9.75390625,0.001953125,0.001953125,0.0,-0.0533447265625,-0.01995849609375,0.0010986328125,0.99835205078125,150.29296875,2,18
0.8500670649991662,-0.4140625,-1.1328125,9.890625,0.0,0.0,0.0,-0.0577392578125,0.0208740234375,-0.001220703125,0.99810791015625,0.3515625,-1.04296875,9.75390625,0.001953125,0.001953125,0.0,-0.05328369140625,-0.0198974609375,0.0010986328125,0.99835205078125,150.29296875,2,18
0.8550846500002081,-0.4140625,-1.1328125,9.890625,0.0,0.0,0.0,-0.0577392578125,0.0208740234375,-0.001220703125,0.99810791015625,0.3515625,-1.04296875,9.75390625,0.001953125,0.001953125,0.0,-0.05328369140625,-0.0198974609375,0.0010986328125,0.99835205078125,150.29296875,2,18
0.8601544970006216,-0.4140625,-1.1328125,9.890625,0.0,0.0,0.0,-0.0577392578125,0.0208740234375,-0.001220703125,0.99810791015625,0.3515625,-1.04296875,9.75390625,0.001953125,0.001953125,0.0,-0.05328369140625,-0.0198974609375,0.0010986328125,0.99835205078125,150.29296875,2,17
0.86511735699969,-0.4140625,-1.1328125,9.890625,0.0,0.0,0.0,-0.0577392578125,0.0208740234375,-0.001220703125,0.99810791015625,0.3515625,-1.04296875,9.75390625,0.001953125,0.001953125,0.0,-0.05328369140625,-0.0198974609375,0.0010986328125,0.99835205078125,150.29296875,2,17
0.870097689999966,-0.4140625,-1.1328125,9.890625,0.0,0.0,0.0,-0.0577392578125,0.0208740234375,-0.001220703125,0.99810791015625,0.3515625,-1.04296875,9.75390625,0.001953125,0.001953125,0.0,-0.05328369140625,-0.0198974609375,0.0010986328125,0.99835205078125,150.29296875,2,17
0.8750708869993105,-0.4140625,-1.1328125,9.890625,0.0,0.0,0.0,-0.0577392578125,0.0208740234375,-0.001220703125,0.99810791015625,0.3515625,-1.04296875,9.75390625,0.001953125,0.001953125,0.0,-0.05328369140625,-0.0198974609375,0.0010986328125,0.99835205078125,150.29296875,2,17
0.8800844719989982,-0.4140625,-1.171875,9.89453125,0.0,0.0,0.0,-0.0577392578125,0.0208740234375,-0.001220703125,0.99810791015625,0.3515625,-1.04296875,9.75390625,0.001953125,0.001953125,0.0,-0.05328369140625,-0.0198974609375,0.0010986328125,0.99835205078125,150.29296875,2,17
0.8851701599996886,-0.4140625,-1.171875,9.89453125,0.0,0.0,0.0,-0.0577392578125,0.0208740234375,-0.001220703125,0.99810791015625,0.3515625,-1.04296875,9.75390625,0.001953125,0.001953125,0.0,-0.05328369140625,-0.0198974609375,0.0010986328125,0.99835205078125,150.29296875,2,17
0.8900658130005468,-0.4140625,-1.171875,9.89453125,0.0,0.0,0.0,-0.0577392578125,0.0208740234375,-0.001220703125,0.99810791015625,0.390625,-1.04296875,9.75,-0.001953125,0.0,-0.001953125,-0.05328369140625,-0.0198974609375,0.0010986328125,0.99835205078125,150.29296875,2,17
0.8950608039995132,-0.4140625,-1.171875,9.89453125,0.0,0.0,0.0,-0.0577392578125,0.0208740234375,-0.001220703125,0.99810791015625,0.390625,-1.04296875,9.75,-0.001953125,0.0,-0.001953125,-0.05328369140625,-0.0198974609375,0.0010986328125,0.99835205078125,150.29296875,1,17
0.9000646599997708,-0.4140625,-1.171875,9.89453125,0.0,0.0,0.0,-0.0577392578125,0.0208740234375,-0.001220703125,0.99810791015625,0.390625,-1.04296875,9.75,-0.001953125,0.0,-0.001953125,-0.05328369140625,-0.0198974609375,0.0010986328125,0.99835205078125,150.29296875,1,17
0.9050768369997968,-0.4140625,-1.171875,9.89453125,0.0,0.0,0.0,-0.0577392578125,0.0208740234375,-0.001220703125,0.99810791015625,0.390625,-1.04296875,9.75,-0.001953125,0.0,-0.001953125,-0.05328369140625,-0.0198974609375,0.0010986328125,0.99835205078125,150.29296875,1,16
0.9100632829995448,-0.4140625,-1.171875,9.89453125,0.0,0.0,0.0,-0.0577392578125,0.0208740234375,-0.001220703125,0.99810791015625,0.390625,-1.04296875,9.75,-0.001953125,0.0,-0.001953125,-0.05328369140625,-0.0198974609375,0.0010986328125,0.99835205078125,150.29296875,1,16
0.9150591699999495,-0.4140625,-1.171875,9.89453125,0.0,0.0,0.0,-0.0577392578125,0.0208740234375,-0.001220703125,0.99810791015625,0.390625,-1.04296875,9.75,-0.001953125,0.0,-0.001953125,-0.05328369140625,-0.0198974609375,0.0010986328125,0.99835205078125,150.29296875,3,16
0.9200622579992341,-0.4140625,-1.171875,9.89453125,0.0,0.0,0.0,-0.0577392578125,0.0208740234375,-0.001220703125,0.99810791015625,0.390625,-1.04296875,9.75,-0.001953125,0.0,-0.001953125,-0.05328369140625,-0.0198974609375,0.0010986328125,0.99835205078125,150.29296875,3,16
0.9250681619996612,-0.4140625,-1.171875,9.89453125,0.0,0.0,0.0,-0.0577392578125,0.0208740234375,-0.001220703125,0.99810791015625,0.390625,-1.04296875,9.75,-0.001953125,0.0,-0.001953125,-0.05328369140625,-0.0198974609375,0.0010986328125,0.99835205078125,150.29296875,3,15
0.9300696499994956,-0.4140625,-1.171875,9.89453125,0.0,0.0,0.0,-0.0577392578125,0.0208740234375,-0.001220703125,0.99810791015625,0.390625,-1.04296875,9.75,0.00390625,0.0,0.001953125,-0.05328369140625,-0.0198974609375,0.0010986328125,0.99835205078125,150.29296875,3,15
0.9350588159995823,-0.4140625,-1.171875,9.89453125,0.0,0.0,0.0,-0.0577392578125,0.0208740234375,-0.001220703125,0.99810791015625,0.390625,-1.04296875,9.75,0.00390625,0.0,0.001953125,-0.05328369140625,-0.0198974609375,0.0010986328125,0.99835205078125,150.380859375,1,15
0.940081138000096,-0.4140625,-1.171875,9.89453125,0.0,0.0,0.0,-0.0577392578125,0.0208740234375,-0.001220703125,0.99810791015625,0.390625,-1.04296875,9.75,0.00390625,0.0,0.001953125,-0.05328369140625,-0.0198974609375,0.0010986328125,0.99835205078125,150.380859375,1,15
0.9450704649989348,-0.4140625,-1.171875,9.89453125,0.0,0.0,0.0,-0.0577392578125,0.0208740234375,-0.001220703125,0.99810791015625,0.390625,-1.04296875,9.75,0.00390625,0.0,0.001953125,-0.05328369140625,-0.0198974609375,0.0010986328125,0.99835205078125,150.29296875,1,15
0.9500722399989172,-0.4140625,-1.171875,9.89453125,0.0,0.0,0.0,-0.0577392578125,0.0208740234375,-0.001220703125,0.99810791015625,0.390625,-1.04296875,9.75,0.00390625,0.0,0.001953125,-0.05328369140625,-0.0198974609375,0.0010986328125,0.99835205078125,150.29296875,3,15
0.9550615659991308,-0.4140625,-1.171875,9.89453125,0.0,0.0,0.0,-0.0577392578125,0.0208740234375,-0.001220703125,0.99810791015625,0.390625,-1.04296875,9.75,0.00390625,0.0,0.001953125,-0.05328369140625,-0.0198974609375,0.0010986328125,0.99835205078125,150.29296875,3,15
0.960060428998986,-0.4140625,-1.171875,9.89453125,0.0,0.0,0.0,-0.0577392578125,0.0208740234375,-0.001220703125,0.99810791015625,0.390625,-1.04296875,9.75,0.00390625,0.0,0.001953125,-0.05328369140625,-0.0198974609375,0.0010986328125,0.99835205078125,150.29296875,3,17
0.9650678369998786,-0.4140625,-1.171875,9.89453125,0.0,0.0,0.0,-0.0577392578125,0.0208740234375,-0.001220703125,0.99810791015625,0.3515625,-1.04296875,9.75390625,0.0,0.0,0.0,-0.05322265625,-0.01983642578125,0.00103759765625,0.9984130859375,150.29296875,3,17
0.9700631159994373,-0.4140625,-1.171875,9.89453125,0.0,0.0,0.0,-0.0577392578125,0.0208740234375,-0.001220703125,0.99810791015625,0.3515625,-1.04296875,9.75390625,0.0,0.0,0.0,-0.05322265625,-0.01983642578125,0.00103759765625,0.9984130859375,150.29296875,1,17
0.9750605059998634,-0.4140625,-1.1328125,9.890625,0.0,0.0,0.0,-0.0577392578125,0.0208740234375,-0.001220703125,0.99810791015625,0.3515625,-1.04296875,9.75390625,0.0,0.0,0.0,-0.05322265625,-0.01983642578125,0.00103759765625,0.9984130859375,150.29296875,1,17
0.9800657380001212,-0.4140625,-1.1328125,9.890625,0.0,0.0,0.0,-0.0577392578125,0.0208740234375,-0.001220703125,0.99810791015625,0.3515625,-1.04296875,9.75390625,0.0,0.0,0.0,-0.05322265625,-0.01983642578125,0.00103759765625,0.9984130859375,150.29296875,1,19
0.9850747139989835,-0.4140625,-1.1328125,9.890625,0.0,0.0,0.0,-0.0577392578125,0.0208740234375,-0.001220703125,0.99810791015625,0.3515625,-1.04296875,9.75390625,0.0,0.0,0.0,-0.05322265625,-0.01983642578125,0.00103759765625,0.9984130859375,150.29296875,2,15
0.9900702800005092,-0.4140625,-1.1328125,9.890625,0.0,0.0,0.0,-0.0577392578125,0.0208740234375,-0.001220703125,0.99810791015625,0.3515625,-1.04296875,9.75390625,0.0,0.0,0.0,-0.05322265625,-0.01983642578125,0.00103759765625,0.9984130859375,150.29296875,2,15
0.9950623900003848,-0.4140625,-1.1328125,9.890625,0.0,0.0,0.0,-0.0577392578125,0.0208740234375,-0.001220703125,0.99810791015625,0.3515625,-1.04296875,9.75390625,0.0,0.0,0.0,-0.05322265625,-0.01983642578125,0.00103759765625,0.9984130859375,150.29296875,0,15
1.000068678000389,-0.4140625,-1.1328125,9.890625,0.0,0.0,0.0,-0.0577392578125,0.0208740234375,-0.001220703125,0.99810791015625,0.3515625,-1.04296875,9.75390625,0.0,0.0,0.0,-0.05322265625,-0.01983642578125,0.00103759765625,0.9984130859375,150.29296875,0,15
1.0050723410004139,-0.4140625,-1.1328125,9.890625,0.0,0.0,0.0,-0.0577392578125,0.0208740234375,-0.001220703125,0.99810791015625,0.3515625,-1.04296875,9.71484375,0.001953125,0.001953125,0.0,-0.05322265625,-0.01983642578125,0.00103759765625,0.9984130859375,150.29296875,0,16
1.0100645789989358,-0.4140625,-1.1328125,9.890625,0.0,0.0,0.0,-0.0577392578125,0.0208740234375,-0.001220703125,0.99810791015625,0.3515625,-1.04296875,9.71484375,0.001953125,0.001953125,0.0,-0.05322265625,-0.01983642578125,0.00103759765625,0.9984130859375,150.29296875,0,16
1.0150823879994277,-0.4140625,-1.1328125,9.85546875,0.0,0.0,0.0,-0.0577392578125,0.0208740234375,-0.001220703125,0.99810791015625,0.3515625,-1.04296875,9.71484375,0.001953125,0.001953125,0.0,-0.05322265625,-0.01983642578125,0.00103759765625,0.9984130859375,150.29296875,3,16
1.0202141919999121,-0.4140625,-1.1328125,9.85546875,0.0,0.0,0.0,-0.0577392578125,0.0208740234375,-0.001220703125,0.99810791015625,0.3515625,-1.04296875,9.71484375,0.001953125,0.001953125,0.0,-0.05322265625,-0.01983642578125,0.00103759765625,0.9984130859375,150.29296875,3,16
1.0250782900002378,-0.4140625,-1.1328125,9.85546875,0.0,0.0,0.0,-0.0577392578125,0.0208740234375,-0.001220703125,0.99810791015625,0.3515625,-1.04296875,9.71484375,0.001953125,0.001953125,0.0,-0.05322265625,-0.01983642578125,0.00103759765625,0.9984130859375,150.29296875,3,16
1.030088577999777,-0.4140625,-1.1328125,9.85546875,0.0,0.0,0.0,-0.0577392578125,0.0208740234375,-0.001220703125,0.99810791015625,0.3515625,-1.04296875,9.71484375,0.001953125,0.001953125,0.0,-0.05322265625,-0.01983642578125,0.00103759765625,0.9984130859375,150.29296875,3,16
1.035071151000011,-0.4140625,-1.1328125,9.890625,0.0,0.0,0.0,-0.0577392578125,0.0208740234375,-0.001220703125,0.99810791015625,0.3515625,-1.04296875,9.71484375,0.001953125,0.001953125,0.0,-0.05322265625,-0.01983642578125,0.00103759765625,0.9984130859375,150.380859375,2,16
1.040077053999994,-0.4140625,-1.1328125,9.890625,0.0,0.0,0.0,-0.0577392578125,0.0208740234375,-0.001220703125,0.99810791015625,0.3515625,-1.04296875,9.71484375,0.001953125,0.001953125,0.0,-0.05322265625,-0.01983642578125,0.00103759765625,0.9984130859375,150.380859375,2,16
1.0450684930001444,-0.4140625,-1.1328125,9.890625,0.0,0.0,0.0,-0.0577392578125,0.0208740234375,-0.001220703125,0.99810791015625,0.3515625,-1.04296875,9.75390625,0.0,-0.001953125,-0.001953125,-0.05322265625,-0.019775390625,0.0010986328125,0.9984130859375,150.29296875,2,17
1.0500614350003161,-0.4140625,-1.1328125,9.890625,0.0,0.0,0.0,-0.0577392578125,0.0208740234375,-0.001220703125,0.99810791015625,0.3515625,-1.04296875,9.75390625,0.0,-0.001953125,-0.001953125,-0.05322265625,-0.019775390625,0.0010986328125,0.9984130859375,150.29296875,2,17
1.0550646819992835,-0.4140625,-1.1328125,9.890625,0.0,0.0,0.0,-0.0577392578125,0.0208740234375,-0.001220703125,0.99810791015625,0.3515625,-1.04296875,9.75390625,0.0,-0.001953125,-0.001953125,-0.05322265625,-0.019775390625,0.0010986328125,0.9984130859375,150.29296875,2,17
1.060071641999457,-0.4140625,-1.1328125,9.890625,0.0,0.0,0.0,-0.0577392578125,0.0208740234375,-0.001220703125,0.99810791015625,0.390625,-1.04296875,9.75,0.0,-0.001953125,-0.001953125,-0.05322265625,-0.019775390625,0.0010986328125,0.9984130859375,150.29296875,2,17
1.065066248000221,-0.4140625,-1.1328125,9.890625,0.0,0.0,0.0,-0.0577392578125,0.0208740234375,-0.001220703125,0.99810791015625,0.390625,-1.04296875,9.75,0.0,-0.001953125,-0.001953125,-0.05322265625,-0.019775390625,0.0010986328125,0.9984130859375,150.29296875,2,16
1.0700597029990604,-0.4140625,-1.171875,9.89453125,0.0,0.0,0.0,-0.0577392578125,0.0208740234375,-0.001220703125,0.99810791015625,0.390625,-1.04296875,9.75,0.0,-0.001953125,-0.001953125,-0.05322265625,-0.019775390625,0.0010986328125,0.9984130859375,150.29296875,2,16
1.0750845839993417,-0.4140625,-1.171875,9.89453125,0.0,0.0,0.0,-0.0577392578125,0.0208740234375,-0.001220703125,0.99810791015625,0.390625,-1.04296875,9.75,0.0,-0.001953125,-0.001953125,-0.05322265625,-0.019775390625,0.0010986328125,0.9984130859375,150.29296875,1,16
1.0800686610000412,-0.4140625,-1.171875,9.89453125,0.0,0.0,0.0,-0.0577392578125,0.0208740234375,-0.001220703125,0.99810791015625,0.390625,-1.04296875,9.75,0.0,-0.001953125,-0.001953125,-0.05322265625,-0.019775390625,0.0010986328125,0.9984130859375,150.29296875,1,16
1.0852446939989022,-0.4140625,-1.171875,9.89453125,0.0,0.0,0.0,-0.0577392578125,0.0208740234375,-0.001220703125,0.99810791015625,0.390625,-1.04296875,9.75,0.0,-0.001953125,-0.001953125,-0.05322265625,-0.019775390625,0.0010986328125,0.9984130859375,150.380859375,1,19
1.0900607869989472,-0.4140625,-1.171875,9.89453125,0.0,0.0,0.0,-0.0577392578125,0.0208740234375,-0.001220703125,0.99810791015625,0.390625,-1.04296875,9.75,-0.001953125,0.001953125,-0.001953125,-0.05322265625,-0.019775390625,0.00103759765625,0.9984130859375,150.29296875,1,19
1.0950637459991412,-0.4140625,-1.171875,9.89453125,0.0,0.0,0.0,-0.0577392578125,0.0208740234375,-0.001220703125,0.99810791015625,0.390625,-1.04296875,9.75,-0.001953125,0.001953125,-0.001953125,-0.05322265625,-0.019775390625,0.00103759765625,0.9984130859375,150.29296875,2,19
1.100098643999445,-0.4140625,-1.171875,9.89453125,0.0,0.0,0.0,-0.0577392578125,0.0208740234375,-0.001220703125,0.99810791015625,0.390625,-1.04296875,9.75,-0.001953125,0.001953125,-0.001953125,-0.05322265625,-0.019775390625,0.00103759765625,0.9984130859375,150.29296875,2,19
1.1050618230001419,-0.4140625,-1.171875,9.89453125,0.0,0.0,0.0,-0.0577392578125,0.0208740234375,-0.001220703125,0.99810791015625,0.390625,-1.04296875,9.75,-0.001953125,0.001953125,-0.001953125,-0.05322265625,-0.019775390625,0.00103759765625,0.9984130859375,150.29296875,2,16
1.1100625109993416,-0.4140625,-1.171875,9.89453125,0.0,0.0,0.0,-0.0577392578125,0.0208740234375,-0.001220703125,0.99810791015625,0.390625,-1.04296875,9.75,-0.001953125,0.001953125,-0.001953125,-0.05322265625,-0.019775390625,0.00103759765625,0.9984130859375,150.29296875,2,16
1.1151257639994583,-0.4140625,-1.171875,9.89453125,0.0,0.0,0.0,-0.0577392578125,0.0208740234375,-0.001220703125,0.99810791015625,0.390625,-1.04296875,9.75,-0.001953125,0.001953125,-0.001953125,-0.05322265625,-0.019775390625,0.00103759765625,0.9984130859375,150.29296875,2,16
1.120066637000491,-0.4140625,-1.171875,9.89453125,0.0,0.0,0.0,-0.0577392578125,0.0208740234375,-0.001220703125,0.99810791015625,0.390625,-1.04296875,9.75,-0.001953125,0.001953125,-0.001953125,-0.05322265625,-0.019775390625,0.00103759765625,0.9984130859375,150.29296875,2,17
1.1250853420006024,-0.4140625,-1.171875,9.89453125,0.0,0.0,0.0,-0.0577392578125,0.0208740234375,-0.001220703125,0.99810791015625,0.390625,-1.04296875,9.75,-0.001953125,0.001953125,-0.001953125,-0.05322265625,-0.019775390625,0.00103759765625,0.9984130859375,150.29296875,2,17
1.1300602659994183,-0.4140625,-1.171875,9.89453125,0.0,0.0,0.0,-0.0577392578125,0.0208740234375,-0.001220703125,0.99810791015625,0.390625,-1.04296875,9.75,-0.00390625,0.0,0.0,-0.05322265625,-0.01971435546875,0.00103759765625,0.9984130859375,150.29296875,2,17
1.1350699459999305,-0.4140625,-1.1328125,9.85546875,0.0,0.0,0.0,-0.0577392578125,0.0208740234375,-0.001220703125,0.99810791015625,0.390625,-1.04296875,9.75,-0.00390625,0.0,0.0,-0.05322265625,-0.01971435546875,0.00103759765625,0.9984130859375,150.380859375,1,17
1.1400692570005049,-0.4140625,-1.1328125,9.85546875,0.0,0.0,0.0,-0.0577392578125,0.0208740234375,-0.001220703125,0.99810791015625,0.390625,-1.04296875,9.75,-0.00390625,0.0,0.0,-0.05322265625,-0.01971435546875,0.00103759765625,0.9984130859375,150.29296875,1,18
1.1450617190002959,-0.4140625,-1.1328125,9.85546875,0.0,0.0,0.0,-0.0577392578125,0.0208740234375,-0.00115966796875,0.99810791015625,0.390625,-1.04296875,9.75,-0.00390625,0.0,0.0,-0.05322265625,-0.01971435546875,0.00103759765625,0.9984130859375,150.380859375,3,18
1.1500590140003624,-0.4140625,-1.1328125,9.85546875,0.0,0.0,0.0,-0.0577392578125,0.0208740234375,-0.00115966796875,0.99810791015625,0.390625,-1.04296875,9.75,-0.00390625,0.0,0.0,-0.05322265625,-0.01971435546875,0.00103759765625,0.9984130859375,150.29296875,3,18
1.155066805999013,-0.4140625,-1.1328125,9.85546875,0.0,0.0,0.0,-0.0577392578125,0.0208740234375,-0.00115966796875,0.99810791015625,0.390625,-1.04296875,9.75,-0.00390625,0.0,0.0,-0.05322265625,-0.01971435546875,0.00103759765625,0.9984130859375,150.29296875,3,17
1.1600609319993964,-0.4140625,-1.1328125,9.85546875,0.0,0.0,0.0,-0.0577392578125,0.0208740234375,-0.00115966796875,0.99810791015625,0.390625,-1.04296875,9.75,-0.00390625,0.0,0.0,-0.05322265625,-0.01971435546875,0.00103759765625,0.9984130859375,150.29296875,3,17
1.1650774930003536,-0.4140625,-1.1328125,9.85546875,0.0,0.0,0.0,-0.0577392578125,0.0208740234375,-0.00115966796875,0.99810791015625,0.390625,-1.04296875,9.75,0.001953125,-0.001953125,-0.001953125,-0.05322265625,-0.01971435546875,0.00103759765625,0.9984130859375,150.29296875,3,17
1.170076259999405,-0.4140625,-1.1328125,9.85546875,0.0,0.0,0.0,-0.0577392578125,0.0208740234375,-0.00115966796875,0.99810791015625,0.390625,-1.04296875,9.75,0.001953125,-0.001953125,-0.001953125,-0.05322265625,-0.01971435546875,0.00103759765625,0.9984130859375,150.29296875,3,17
1.1750716980004654,-0.4140625,-1.1328125,9.890625,0.0,0.0,0.0,-0.0577392578125,0.0208740234375,-0.00115966796875,0.99810791015625,0.390625,-1.04296875,9.75,0.001953125,-0.001953125,-0.001953125,-0.05322265625,-0.01971435546875,0.00103759765625,0.9984130859375,150.380859375,3,17
1.1800617600001715,-0.4140625,-1.1328125,9.890625,0.0,0.0,0.0,-0.0577392578125,0.0208740234375,-0.00115966796875,0.99810791015625,0.390625,-1.04296875,9.75,0.001953125,-0.001953125,-0.001953125,-0.05322265625,-0.01971435546875,0.00103759765625,0.9984130859375,150.29296875,3,17
1.1850631189990963,-0.4140625,-1.1328125,9.890625,0.0,0.0,0.0,-0.0577392578125,0.0208740234375,-0.00115966796875,0.99810791015625,0.390625,-1.04296875,9.75,0.001953125,-0.001953125,-0.001953125,-0.05322265625,-0.01971435546875,0.00103759765625,0.9984130859375,150.29296875,2,17
1.1900702389993967,-0.4140625,-1.1328125,9.890625,0.0,0.0,0.0,-0.0577392578125,0.0208740234375,-0.00115966796875,0.99810791015625,0.390625,-1.04296875,9.75,0.001953125,-0.001953125,-0.001953125,-0.05322265625,-0.01971435546875,0.00103759765625,0.9984130859375,150.29296875,2,17
1.1950687179996748,-0.4140625,-1.1328125,9.85546875,0.0,0.0,0.0,-0.0577392578125,0.0208740234375,-0.00115966796875,0.99810791015625,0.390625,-1.04296875,9.75,0.001953125,-0.001953125,-0.001953125,-0.05322265625,-0.01971435546875,0.00103759765625,0.9984130859375,150.29296875,2,17
1.2000580120002269,-0.4140625,-1.1328125,9.85546875,0.0,0.0,0.0,-0.0577392578125,0.0208740234375,-0.00115966796875,0.99810791015625,0.390625,-1.04296875,9.75,0.001953125,-0.001953125,-0.001953125,-0.05322265625,-0.01971435546875,0.00103759765625,0.9984130859375,150.29296875,2,18
1.2050697399990895,-0.4140625,-1.1328125,9.85546875,0.0,0.0,0.0,-0.0577392578125,0.0208740234375,-0.00115966796875,0.99810791015625,0.390625,-1.04296875,9.75,0.001953125,-0.001953125,-0.001953125,-0.05322265625,-0.01971435546875,0.00103759765625,0.9984130859375,150.29296875,2,18
1.2100814679997711,-0.4140625,-1.1328125,9.85546875,0.0,0.0,0.0,-0.0577392578125,0.0208740234375,-0.00115966796875,0.99810791015625,0.390625,-1.04296875,9.75,0.0,0.0,0.0,-0.05322265625,-0.01971435546875,0.00103759765625,0.9984130859375,150.29296875,2,18
1.2150651930005552,-0.4140625,-1.1328125,9.85546875,0.0,0.0,0.0,-0.0577392578125,0.0208740234375,-0.00115966796875,0.99810791015625,0.390625,-1.04296875,9.75,0.0,0.0,0.0,-0.05322265625,-0.01971435546875,0.00103759765625,0.9984130859375,150.29296875,2,18
1.2200656879995222,-0.4140625,-1.1328125,9.85546875,0.0,0.0,0.0,-0.0577392578125,0.0208740234375,-0.00115966796875,0.99810791015625,0.3515625,-1.04296875,9.75390625,0.0,0.0,0.0,-0.05322265625,-0.01971435546875,0.00103759765625,0.9984130859375,150.380859375,2,18
1.2250655749994621,-0.4140625,-1.1328125,9.85546875,0.0,0.0,0.0,-0.0577392578125,0.0208740234375,-0.00115966796875,0.99810791015625,0.3515625,-1.04296875,9.75390625,0.0,0.0,0.0,-0.05322265625,-0.01971435546875,0.00103759765625,0.9984130859375,150.29296875,2,18
1.230069014000037,-0.4140625,-1.1328125,9.85546875,0.0,0.0,0.0,-0.0577392578125,0.0208740234375,-0.00115966796875,0.99810791015625,0.3515625,-1.04296875,9.75390625,0.0,0.0,0.0,-0.05322265625,-0.01971435546875,0.00103759765625,0.9984130859375,150.380859375,2,18
1.2350605489991722,-0.4140625,-1.1328125,9.85546875,0.0,0.0,0.0,-0.0577392578125,0.0208740234375,-0.00115966796875,0.99810791015625,0.3515625,-1.04296875,9.75390625,0.0,0.0,0.0,-0.05322265625,-0.01971435546875,0.00103759765625,0.9984130859375,150.29296875,2,18
1.2400596669995139,-0.4140625,-1.1328125,9.85546875,0.0,0.0,0.0,-0.0577392578125,0.0208740234375,-0.00115966796875,0.99810791015625,0.3515625,-1.04296875,9.75390625,0.0,0.0,0.0,-0.05322265625,-0.01971435546875,0.00103759765625,0.9984130859375,150.29296875,1,18
1.2450675229993067,-0.4140625,-1.1328125,9.85546875,0.0,0.0,0.0,-0.0577392578125,0.0208740234375,-0.00115966796875,0.99810791015625,0.3515625,-1.04296875,9.75390625,0.0,0.0,0.0,-0.05322265625,-0.01971435546875,0.00103759765625,0.9984130859375,150.29296875,1,18
1.250068850000389,-0.4140625,-1.1328125,9.85546875,0.0,0.0,0.0,-0.0577392578125,0.0208740234375,-0.00115966796875,0.99810791015625,0.3515625,-1.04296875,9.75390625,0.0,0.0,0.0,-0.05322265625,-0.0196533203125,0.00103759765625,0.9984130859375,150.380859375,1,18
1.2550886110002466,-0.4140625,-1.1328125,9.85546875,0.0,0.0,0.0,-0.0577392578125,0.0208740234375,-0.00115966796875,0.99810791015625,0.3515625,-1.04296875,9.75390625,0.0,0.0,0.0,-0.05322265625,-0.0196533203125,0.00103759765625,0.9984130859375,150.29296875,1,19
1.260065360000226,-0.4140625,-1.1328125,9.85546875,0.0,0.0,0.0,-0.0577392578125,0.0208740234375,-0.00115966796875,0.99810791015625,0.390625,-1.04296875,9.75,0.0,0.0,0.0,-0.05322265625,-0.0196533203125,0.00103759765625,0.9984130859375,150.29296875,1,19
1.2650709110002936,-0.4140625,-1.1328125,9.85546875,0.0,0.0,0.0,-0.0577392578125,0.0208740234375,-0.00115966796875,0.99810791015625,0.390625,-1.04296875,9.75,0.0,0.0,0.0,-0.05322265625,-0.0196533203125,0.00103759765625,0.9984130859375,150.29296875,2,19
1.2700623170003382,-0.4140625,-1.171875,9.89453125,0.0,0.0,0.0,-0.0577392578125,0.0208740234375,-0.00115966796875,0.99810791015625,0.390625,-1.04296875,9.75,0.0,0.0,0.0,-0.05322265625,-0.0196533203125,0.00103759765625,0.9984130859375,150.380859375,2,17
1.2750596120004047,-0.4140625,-1.171875,9.89453125,0.0,0.0,0.0,-0.0577392578125,0.0208740234375,-0.00115966796875,0.99810791015625,0.390625,-1.04296875,9.75,0.0,0.0,0.0,-0.05322265625,-0.0196533203125,0.00103759765625,0.9984130859375,150.29296875,2,17
1.2800635319999856,-0.4140625,-1.171875,9.89453125,0.0,0.0,0.0,-0.0577392578125,0.0208740234375,-0.00115966796875,0.99810791015625,0.390625,-1.04296875,9.75,0.0,0.0,0.0,-0.05322265625,-0.0196533203125,0.00103759765625,0.9984130859375,150.29296875,0,17
1.2850685710000107,-0.4140625,-1.171875,9.89453125,0.0,0.0,0.0,-0.0577392578125,0.0208740234375,-0.00115966796875,0.99810791015625,0.390625,-1.04296875,9.75,0.0,0.0,0.0,-0.05322265625,-0.0196533203125,0.00103759765625,0.9984130859375,150.380859375,0,17
1.2900660260002041,-0.4140625,-1.171875,9.89453125,0.0,0.0,0.0,-0.0577392578125,0.0208740234375,-0.00115966796875,0.99810791015625,0.390625,-1.04296875,9.75,0.0,0.0,0.0,-0.05322265625,-0.0196533203125,0.00103759765625,0.9984130859375,150.29296875,0,16
1.2951063649998105,-0.4140625,-1.171875,9.89453125,0.0,0.0,0.0,-0.0577392578125,0.0208740234375,-0.00115966796875,0.99810791015625,0.390625,-1.04296875,9.75,0.0,0.0,0.0,-0.05322265625,-0.0196533203125,0.00103759765625,0.9984130859375,150.29296875,0,16
1.300068263999492,-0.4140625,-1.1328125,9.890625,0.0,0.0,0.0,-0.0577392578125,0.0208740234375,-0.00115966796875,0.99810791015625,0.390625,-1.04296875,9.75,0.0,0.0,0.0,-0.05322265625,-0.0196533203125,0.00103759765625,0.9984130859375,150.29296875,3,16
1.3050646939991566,-0.4140625,-1.1328125,9.890625,0.0,0.0,0.0,-0.0577392578125,0.0208740234375,-0.00115966796875,0.99810791015625,0.390625,-1.04296875,9.75,0.0,0.0,0.0,-0.05322265625,-0.0196533203125,0.00103759765625,0.9984130859375,150.29296875,3,16
1.310067717999118,-0.4140625,-1.1328125,9.890625,0.0,0.0,0.0,-0.0577392578125,0.0208740234375,-0.00115966796875,0.99810791015625,0.390625,-1.04296875,9.75,0.0,0.0,0.0,-0.05322265625,-0.0196533203125,0.00103759765625,0.9984130859375,150.29296875,3,17
1.3150786780006456,-0.4140625,-1.1328125,9.890625,0.0,0.0,0.0,-0.0577392578125,0.0208740234375,-0.00115966796875,0.99810791015625,0.390625,-1.04296875,9.7109375,0.0,0.0,0.0,-0.05322265625,-0.0196533203125,0.00103759765625,0.9984130859375,150.29296875,3,17
1.320078597000247,-0.4140625,-1.1328125,9.890625,0.0,0.0,0.0,-0.0577392578125,0.0208740234375,-0.00115966796875,0.99810791015625,0.390625,-1.04296875,9.7109375,0.0,0.0,0.0,-0.05322265625,-0.0196533203125,0.00103759765625,0.9984130859375,150.29296875,1,17
1.3250956369993219,-0.4140625,-1.1328125,9.890625,0.0,0.0,0.0,-0.0577392578125,0.0208740234375,-0.00115966796875,0.99810791015625,0.390625,-1.04296875,9.7109375,0.0,0.0,0.0,-0.05322265625,-0.0196533203125,0.00103759765625,0.9984130859375,150.29296875,1,17
1.3300702420001471,-0.4140625,-1.1328125,9.890625,0.0,0.0,0.0,-0.0577392578125,0.0208740234375,-0.00115966796875,0.99810791015625,0.390625,-1.04296875,9.7109375,0.0,0.0,0.0,-0.05322265625,-0.0196533203125,0.00103759765625,0.9984130859375,150.29296875,1,17
1.3351320229994599,-0.4140625,-1.1328125,9.890625,0.0,0.0,0.0,-0.0577392578125,0.0208740234375,-0.00115966796875,0.99810791015625,0.390625,-1.04296875,9.7109375,0.0,0.0,0.0,-0.05322265625,-0.0196533203125,0.00103759765625,0.9984130859375,150.29296875,1,18
1.340089409999564,-0.4140625,-1.1328125,9.890625,0.0,0.0,0.0,-0.0577392578125,0.0208740234375,-0.00115966796875,0.99810791015625,0.390625,-1.04296875,9.7109375,0.0,0.0,0.0,-0.05322265625,-0.0196533203125,0.00103759765625,0.9984130859375,150.29296875,1,18
1.345082096000624,-0.4140625,-1.1328125,9.890625,0.0,0.0,0.0,-0.0577392578125,0.0208740234375,-0.00115966796875,0.99810791015625,0.390625,-1.04296875,9.75,0.0,0.0,0.0,-0.05328369140625,-0.01959228515625,0.00103759765625,0.9984130859375,150.29296875,1,18
1.3500777579993155,-0.4140625,-1.1328125,9.890625,0.0,0.0,0.0,-0.0577392578125,0.0208740234375,-0.00115966796875,0.99810791015625,0.390625,-1.04296875,9.75,0.0,0.0,0.0,-0.05328369140625,-0.01959228515625,0.00103759765625,0.9984130859375,150.29296875,1,18
1.3550654840000789,-0.4140625,-1.1328125,9.890625,0.0,0.0,0.0,-0.0577392578125,0.0208740234375,-0.00115966796875,0.99810791015625,0.390625,-1.04296875,9.75,0.0,0.0,0.0,-0.05328369140625,-0.01959228515625,0.00103759765625,0.9984130859375,150.29296875,1,17
1.3600765400005912,-0.4140625,-1.1328125,9.85546875,0.0,0.0,0.0,-0.0577392578125,0.0208740234375,-0.00115966796875,0.99810791015625,0.390625,-1.04296875,9.75,0.0,0.0,0.0,-0.05328369140625,-0.01959228515625,0.00103759765625,0.9984130859375,150.29296875,1,17
1.3650606499995774,-0.4140625,-1.1328125,9.85546875,0.0,0.0,0.0,-0.0577392578125,0.0208740234375,-0.00115966796875,0.99810791015625,0.390625,-1.04296875,9.75,0.0,0.0,0.0,-0.05328369140625,-0.01959228515625,0.00103759765625,0.9984130859375,150.29296875,1,17
1.3700685370004066,-0.4140625,-1.1328125,9.85546875,0.0,0.0,0.0,-0.0577392578125,0.0208740234375,-0.00115966796875,0.99810791015625,0.390625,-1.04296875,9.75,0.0,0.0,0.0,-0.05328369140625,-0.01959228515625,0.00103759765625,0.9984130859375,150.29296875,1,17
1.3750961709993135,-0.4140625,-1.1328125,9.85546875,0.0,0.0,0.0,-0.0577392578125,0.0208740234375,-0.00115966796875,0.99810791015625,0.390625,-1.04296875,9.75,0.0,0.0,0.0,-0.05328369140625,-0.01959228515625,0.00103759765625,0.9984130859375,150.380859375,1,20
1.3800704879995465,-0.4140625,-1.1328125,9.85546875,0.0,0.0,0.0,-0.0577392578125,0.0208740234375,-0.00115966796875,0.99810791015625,0.390625,-1.04296875,9.75,0.0,0.0,0.0,-0.05328369140625,-0.01959228515625,0.00103759765625,0.9984130859375,150.380859375,1,20
1.38506483799938,-0.4140625,-1.1328125,9.85546875,0.0,0.0,0.0,-0.0577392578125,0.0208740234375,-0.00115966796875,0.99810791015625,0.3515625,-1.04296875,9.75390625,0.0,0.0,0.0,-0.05328369140625,-0.01959228515625,0.00103759765625,0.9984130859375,150.29296875,1,20
1.3900688529993204,-0.4140625,-1.1328125,9.85546875,0.0,0.0,0.0,-0.0577392578125,0.0208740234375,-0.00115966796875,0.99810791015625,0.3515625,-1.04296875,9.75390625,0.0,0.0,0.0,-0.05328369140625,-0.01959228515625,0.00103759765625,0.9984130859375,150.29296875,1,20
1.3950731889999588,-0.4140625,-1.1328125,9.85546875,0.0,0.0,0.0,-0.0577392578125,0.0208740234375,-0.00115966796875,0.99810791015625,0.3515625,-1.04296875,9.75390625,0.0,0.0,0.0,-0.05328369140625,-0.01959228515625,0.00103759765625,0.9984130859375,150.29296875,1,17
1.4000670909990731,-0.4140625,-1.1328125,9.85546875,0.0,0.0,0.0,-0.0577392578125,0.0208740234375,-0.00115966796875,0.99810791015625,0.3515625,-1.04296875,9.75390625,0.0,0.0,0.0,-0.05328369140625,-0.01959228515625,0.00103759765625,0.9984130859375,150.29296875,1,17
1.4050648020001972,-0.4140625,-1.1328125,9.890625,0.0,0.0,0.0,-0.0577392578125,0.0208740234375,-0.00115966796875,0.99810791015625,0.3515625,-1.04296875,9.75390625,0.0,0.0,0.0,-0.05328369140625,-0.01959228515625,0.00103759765625,0.9984130859375,150.380859375,0,17
1.4100688170001376,-0.4140625,-1.1328125,9.890625,0.0,0.0,0.0,-0.0577392578125,0.0208740234375,-0.00115966796875,0.99810791015625,0.3515625,-1.04296875,9.75390625,0.0,0.0,0.0,-0.05328369140625,-0.01959228515625,0.00103759765625,0.9984130859375,150.29296875,0,17
1.4150711999991472,-0.4140625,-1.1328125,9.890625,0.0,0.0,0.0,-0.0577392578125,0.0208740234375,-0.00115966796875,0.99810791015625,0.3515625,-1.04296875,9.75390625,0.0,0.0,0.0,-0.05328369140625,-0.01959228515625,0.00103759765625,0.9984130859375,150.29296875,0,19
1.4200636309997208,-0.4140625,-1.1328125,9.890625,0.0,0.0,0.0,-0.0577392578125,0.0208740234375,-0.00115966796875,0.99810791015625,0.3515625,-1.04296875,9.75390625,0.0,0.0,0.0,-0.05328369140625,-0.01959228515625,0.00103759765625,0.9984130859375,150.29296875,0,19
1.42506441399928,-0.4140625,-1.1328125,9.890625,0.0,0.0,0.0,-0.0577392578125,0.0208740234375,-0.00115966796875,0.99810791015625,0.3515625,-1.04296875,9.75390625,0.0,0.0,0.0,-0.05328369140625,-0.01959228515625,0.00103759765625,0.9984130859375,150.29296875,2,19
1.4300702849996014,-0.4140625,-1.1328125,9.890625,0.0,0.0,0.0,-0.0577392578125,0.0208740234375,-0.00115966796875,0.99810791015625,0.3515625,-1.04296875,9.75390625,0.0,0.0,0.0,-0.05328369140625,-0.01959228515625,0.00103759765625,0.9984130859375,150.29296875,2,17
1.435071355999753,-0.4140625,-1.1328125,9.890625,0.0,0.0,0.0,-0.0577392578125,0.0208740234375,-0.00115966796875,0.99810791015625,0.3515625,-1.04296875,9.75390625,0.0,0.0,0.0,-0.05328369140625,-0.01959228515625,0.00103759765625,0.9984130859375,150.29296875,2,17
1.4400674030002847,-0.4140625,-1.1328125,9.890625,0.0,0.0,0.0,-0.0577392578125,0.0208740234375,-0.00115966796875,0.99810791015625,0.3515625,-1.04296875,9.75390625,0.0,0.0,0.0,-0.05328369140625,-0.01959228515625,0.00103759765625,0.9984130859375,150.29296875,0,17
1.4450626489997376,-0.4140625,-1.1328125,9.890625,0.0,0.0,0.0,-0.0577392578125,0.0208740234375,-0.00115966796875,0.99810791015625,0.3515625,-1.04296875,9.75390625,0.0,0.0,0.0,-0.05328369140625,-0.01959228515625,0.00103759765625,0.9984130859375,150.29296875,0,17
1.4500735769997846,-0.4140625,-1.1328125,9.890625,0.0,0.0,0.0,-0.0577392578125,0.0208740234375,-0.00115966796875,0.99810791015625,0.390625,-1.04296875,9.75,0.0,0.0,0.0,-0.05328369140625,-0.01959228515625,0.00103759765625,0.9984130859375,150.29296875,0,19
1.4550755449999997,-0.4140625,-1.1328125,9.890625,0.0,0.0,0.0,-0.0577392578125,0.0208740234375,-0.00115966796875,0.99810791015625,0.390625,-1.04296875,9.75,0.0,0.0,0.0,-0.05328369140625,-0.01959228515625,0.00103759765625,0.9984130859375,150.29296875,2,19
1.4600643579997268,-0.4140625,-1.1328125,9.890625,0.0,0.0,0.0,-0.0577392578125,0.0208740234375,-0.00115966796875,0.99810791015625,0.390625,-1.04296875,9.75,0.0,0.0,0.0,-0.05328369140625,-0.01959228515625,0.00103759765625,0.9984130859375,150.29296875,2,19
1.4650677659992652,-0.4140625,-1.1328125,9.890625,0.0,0.0,0.0,-0.05767822265625,0.0208740234375,-0.00115966796875,0.99810791015625,0.390625,-1.04296875,9.75,0.0,0.0,0.0,-0.05328369140625,-0.01959228515625,0.00103759765625,0.9984130859375,150.29296875,2,19
1.4700921349995042,-0.4140625,-1.1328125,9.890625,0.0,0.0,0.0,-0.05767822265625,0.0208740234375,-0.00115966796875,0.99810791015625,0.390625,-1.04296875,9.75,0.0,0.0,0.0,-0.05328369140625,-0.01959228515625,0.00103759765625,0.9984130859375,150.29296875,2,19
1.4750980070002697,-0.4140625,-1.1328125,9.890625,0.0,0.0,0.0,-0.05767822265625,0.0208740234375,-0.00115966796875,0.99810791015625,0.390625,-1.04296875,9.75,0.0,0.0,0.0,-0.05328369140625,-0.01959228515625,0.00103759765625,0.9984130859375,150.29296875,3,19
1.480079236000165,-0.4140625,-1.1328125,9.890625,0.0,0.0,0.0,-0.05767822265625,0.0208740234375,-0.00115966796875,0.99810791015625,0.390625,-1.04296875,9.75,0.0,0.0,0.0,-0.05328369140625,-0.01959228515625,0.00103759765625,0.9984130859375,150.29296875,3,19
1.485069778000252,-0.4140625,-1.1328125,9.890625,0.0,0.0,0.0,-0.05767822265625,0.0208740234375,-0.00115966796875,0.99810791015625,0.3515625,-1.04296875,9.75390625,0.0,0.0,0.0,-0.05328369140625,-0.01959228515625,0.00103759765625,0.9984130859375,150.29296875,3,19
1.4900844179992419,-0.4140625,-1.1328125,9.890625,0.0,0.0,0.0,-0.05767822265625,0.0208740234375,-0.00115966796875,0.99810791015625,0.3515625,-1.04296875,9.75390625,0.0,0.0,0.0,-0.05328369140625,-0.01959228515625,0.00103759765625,0.9984130859375,150.29296875,3,18
1.4951653049993183,-0.4140625,-1.1328125,9.890625,0.0,0.0,0.0,-0.05767822265625,0.0208740234375,-0.00115966796875,0.99810791015625,0.3515625,-1.04296875,9.75390625,0.0,0.0,0.0,-0.05328369140625,-0.01959228515625,0.00103759765625,0.9984130859375,150.29296875,3,18
1.5000660459991195,-0.4140625,-1.1328125,9.890625,0.0,0.0,0.0,-0.05767822265625,0.0208740234375,-0.00115966796875,0.99810791015625,0.390625,-1.04296875,9.75,0.0,0.0,0.0,-0.05328369140625,-0.01959228515625,0.00103759765625,0.9984130859375,150.29296875,3,18
1.505122291000589,-0.4140625,-1.1328125,9.890625,0.0,0.0,0.0,-0.05767822265625,0.0208740234375,-0.00115966796875,0.99810791015625,0.390625,-1.04296875,9.75,0.0,0.0,0.0,-0.05328369140625,-0.01959228515625,0.00103759765625,0.9984130859375,150.29296875,2,18
1.5100698850001208,-0.4140625,-1.1328125,9.890625,0.0,0.0,0.0,-0.05767822265625,0.0208740234375,-0.00115966796875,0.99810791015625,0.390625,-1.04296875,9.75,0.0,0.0,0.0,-0.05328369140625,-0.01959228515625,0.00103759765625,0.9984130859375,150.29296875,2,18
1.5151001430003816,-0.4140625,-1.1328125,9.890625,0.0,0.0,0.0,-0.05767822265625,0.0208740234375,-0.00115966796875,0.99810791015625,0.390625,-1.04296875,9.75,0.0,0.0,0.0,-0.05328369140625,-0.01959228515625,0.00103759765625,0.9984130859375,150.29296875,2,18
1.5200694670002122,-0.4140625,-1.1328125,9.890625,0.0,0.0,0.0,-0.05767822265625,0.0208740234375,-0.00115966796875,0.99810791015625,0.390625,-1.04296875,9.75,0.0,0.0,0.0,-0.05328369140625,-0.01959228515625,0.00103759765625,0.9984130859375,150.29296875,2,18
1.5250695129998348,-0.4140625,-1.171875,9.89453125,0.0,0.0,0.0,-0.05767822265625,0.0208740234375,-0.00115966796875,0.99810791015625,0.390625,-1.04296875,9.75,0.0,0.0,0.0,-0.05328369140625,-0.01959228515625,0.00103759765625,0.9984130859375,150.29296875,2,18
1.5300712890002615,-0.4140625,-1.171875,9.89453125,0.0,0.0,0.0,-0.05767822265625,0.0208740234375,-0.00115966796875,0.99810791015625,0.390625,-1.04296875,9.75,0.0,0.0,0.0,-0.05328369140625,-0.01953125,0.00103759765625,0.9984130859375,150.29296875,2,18
1.535095146000458,-0.4140625,-1.171875,9.89453125,0.0,0.0,0.0,-0.05767822265625,0.0208740234375,-0.00115966796875,0.99810791015625,0.390625,-1.04296875,9.75,0.0,0.0,0.0,-0.05328369140625,-0.01953125,0.00103759765625,0.9984130859375,150.29296875,2,18
1.540064597998935,-0.4140625,-1.171875,9.89453125,0.0,0.0,0.0,-0.05767822265625,0.0208740234375,-0.00115966796875,0.99810791015625,0.390625,-1.04296875,9.75,0.0,0.0,0.0,-0.05328369140625,-0.01953125,0.00103759765625,0.9984130859375,150.29296875,1,18
1.5450631410003552,-0.4140625,-1.171875,9.89453125,0.0,0.0,0.0,-0.05767822265625,0.0208740234375,-0.00115966796875,0.99810791015625,0.390625,-1.04296875,9.75,0.0,0.0,0.0,-0.05328369140625,-0.01953125,0.00103759765625,0.9984130859375,150.29296875,1,18
1.5500739729995985,-0.4140625,-1.171875,9.89453125,0.0,0.0,0.0,-0.05767822265625,0.0208740234375,-0.00115966796875,0.99810791015625,0.390625,-1.04296875,9.75,0.0,0.0,0.0,-0.05328369140625,-0.01953125,0.00103759765625,0.9984130859375,150.29296875,1,18
1.5550695389993052,-0.4140625,-1.171875,9.89453125,0.0,0.0,0.0,-0.05767822265625,0.0208740234375,-0.00115966796875,0.99810791015625,0.390625,-1.04296875,9.75,0.0,0.0,0.0,-0.05328369140625,-0.01953125,0.00103759765625,0.9984130859375,150.29296875,1,18
1.560067121999964,-0.4140625,-1.171875,9.89453125,0.0,0.0,0.0,-0.05767822265625,0.0208740234375,-0.00115966796875,0.99810791015625,0.390625,-1.04296875,9.75,0.0,0.0,0.0,-0.05328369140625,-0.01953125,0.00103759765625,0.9984130859375,150.29296875,1,18
1.5650652490003267,-0.4140625,-1.171875,9.89453125,0.0,0.0,0.0,-0.05767822265625,0.0208740234375,-0.00115966796875,0.99810791015625,0.390625,-1.04296875,9.75,0.0,0.0,0.0,-0.05328369140625,-0.01953125,0.00103759765625,0.9984130859375,150.29296875,1,18
1.5700745769991045,-0.4140625,-1.171875,9.89453125,0.0,0.0,0.0,-0.05767822265625,0.0208740234375,-0.00115966796875,0.99810791015625,0.390625,-1.04296875,9.75,0.0,0.0,0.0,-0.05328369140625,-0.01953125,0.00103759765625,0.9984130859375,150.29296875,1,18
1.575071231000038,-0.4140625,-1.1328125,9.890625,0.0,0.0,0.0,-0.05767822265625,0.0208740234375,-0.00115966796875,0.99810791015625,0.390625,-1.04296875,9.75,0.0,0.0,0.0,-0.05328369140625,-0.01953125,0.00103759765625,0.9984130859375,150.29296875,1,20
1.5800615490006749,-0.4140625,-1.1328125,9.890625,0.0,0.0,0.0,-0.05767822265625,0.0208740234375,-0.00115966796875,0.99810791015625,0.390625,-1.04296875,9.75,0.0,0.0,0.0,-0.05328369140625,-0.01953125,0.00103759765625,0.9984130859375,150.29296875,2,20
1.5850685730001715,-0.4140625,-1.1328125,9.890625,0.0,0.0,0.0,-0.05767822265625,0.0208740234375,-0.00115966796875,0.99810791015625,0.390625,-1.04296875,9.75,0.0,0.0,0.0,-0.05328369140625,-0.01953125,0.00103759765625,0.9984130859375,150.29296875,2,16
1.5900705080002808,-0.4140625,-1.1328125,9.890625,0.0,0.0,0.0,-0.05767822265625,0.0208740234375,-0.00115966796875,0.99810791015625,0.390625,-1.04296875,9.75,0.0,0.0,0.0,-0.05328369140625,-0.01953125,0.00103759765625,0.9984130859375,150.29296875,2,16
1.5950654989992472,-0.4140625,-1.1328125,9.890625,0.0,0.0,0.0,-0.05767822265625,0.0208740234375,-0.00115966796875,0.99810791015625,0.390625,-1.04296875,9.75,0.0,0.0,0.0,-0.05328369140625,-0.01953125,0.00103759765625,0.9984130859375,150.29296875,1,16
1.6000602650001383,-0.4140625,-1.1328125,9.890625,0.0,0.0,0.0,-0.05767822265625,0.0208740234375,-0.00115966796875,0.99810791015625,0.390625,-1.04296875,9.75,0.0,0.0,0.0,-0.05328369140625,-0.01953125,0.00103759765625,0.9984130859375,150.29296875,1,16
1.605076793999615,-0.4140625,-1.1328125,9.890625,0.0,0.0,0.0,-0.05767822265625,0.0208740234375,-0.00115966796875,0.99810791015625,0.3515625,-1.04296875,9.75390625,0.0,0.0,0.0,-0.05328369140625,-0.01953125,0.00103759765625,0.9984130859375,150.29296875,1,16
1.6100761689995124,-0.4140625,-1.1328125,9.890625,0.0,0.0,0.0,-0.05767822265625,0.0208740234375,-0.00115966796875,0.99810791015625,0.3515625,-1.04296875,9.75390625,0.0,0.0,0.0,-0.05328369140625,-0.01953125,0.00103759765625,0.9984130859375,150.29296875,1,20
1.6150640539999586,-0.4140625,-1.1328125,9.890625,0.0,0.0,0.0,-0.0576171875,0.0208740234375,-0.00115966796875,0.99810791015625,0.3515625,-1.04296875,9.75390625,0.0,0.0,0.0,-0.05328369140625,-0.01953125,0.00103759765625,0.9984130859375,150.29296875,1,20
1.6200627889993484,-0.4140625,-1.1328125,9.890625,0.0,0.0,0.0,-0.0576171875,0.0208740234375,-0.00115966796875,0.99810791015625,0.3515625,-1.04296875,9.75390625,0.0,0.0,0.0,-0.05328369140625,-0.01953125,0.00103759765625,0.9984130859375,150.29296875,3,20
1.625087894999524,-0.4140625,-1.1328125,9.890625,0.0,0.0,0.0,-0.0576171875,0.0208740234375,-0.00115966796875,0.99810791015625,0.3515625,-1.04296875,9.75390625,0.0,0.0,0.0,-0.05328369140625,-0.01953125,0.00103759765625,0.9984130859375,150.29296875,3,18
1.6300718120000965,-0.4140625,-1.1328125,9.890625,0.0,0.0,0.0,-0.0576171875,0.0208740234375,-0.00115966796875,0.99810791015625,0.3515625,-1.04296875,9.75390625,0.0,0.0,0.0,-0.05328369140625,-0.01953125,0.00103759765625,0.9984130859375,150.29296875,3,18
1.6351252080003178,-0.4140625,-1.1328125,9.890625,0.0,0.0,0.0,-0.0576171875,0.0208740234375,-0.00115966796875,0.99810791015625,0.3515625,-1.04296875,9.75390625,0.0,0.0,0.0,-0.05328369140625,-0.01953125,0.00103759765625,0.9984130859375,150.29296875,3,18
1.6400897319999785,-0.4140625,-1.1328125,9.890625,0.0,0.0,0.0,-0.0576171875,0.0208740234375,-0.00115966796875,0.99810791015625,0.3515625,-1.04296875,9.75390625,0.0,0.0,0.0,-0.05328369140625,-0.01953125,0.00103759765625,0.9984130859375,150.29296875,3,18
1.6450777779991768,-0.4140625,-1.1328125,9.890625,0.0,0.0,0.0,-0.0576171875,0.0208740234375,-0.00115966796875,0.99810791015625,0.3515625,-1.04296875,9.75390625,0.0,0.0,0.0,-0.05328369140625,-0.01953125,0.00103759765625,0.9984130859375,150.380859375,3,18
1.6500926099997741,-0.4140625,-1.1328125,9.890625,0.0,0.0,0.0,-0.0576171875,0.0208740234375,-0.00115966796875,0.99810791015625,0.3515625,-1.04296875,9.75390625,0.0,0.0,0.0,-0.05328369140625,-0.01947021484375,0.00103759765625,0.9984130859375,150.29296875,3,19
1.6550604299991392,-0.4140625,-1.1328125,9.890625,0.0,0.0,0.0,-0.0576171875,0.0208740234375,-0.00115966796875,0.99810791015625,0.3515625,-1.04296875,9.75390625,0.0,0.0,0.0,-0.05328369140625,-0.01947021484375,0.00103759765625,0.9984130859375,150.29296875,3,19
1.6600602210000943,-0.4140625,-1.1328125,9.890625,0.0,0.0,0.0,-0.0576171875,0.0208740234375,-0.00115966796875,0.99810791015625,0.3515625,-1.04296875,9.75390625,0.0,0.0,0.0,-0.05328369140625,-0.01947021484375,0.00103759765625,0.9984130859375,150.29296875,2,19
1.6650659639999503,-0.4140625,-1.1328125,9.890625,0.0,0.0,0.0,-0.0576171875,0.0208740234375,-0.00115966796875,0.99810791015625,0.3515625,-1.04296875,9.75390625,0.0,0.0,0.0,-0.05328369140625,-0.01947021484375,0.00103759765625,0.9984130859375,150.29296875,2,19
1.67006309899989,-0.4140625,-1.1328125,9.890625,0.0,0.0,0.0,-0.0576171875,0.0208740234375,-0.00115966796875,0.99810791015625,0.3515625,-1.04296875,9.75390625,0.0,0.0,0.0,-0.05328369140625,-0.01947021484375,0.00103759765625,0.9984130859375,150.29296875,2,21
1.6750601059993642,-0.4140625,-1.1328125,9.890625,0.0,0.0,0.0,-0.0576171875,0.0208740234375,-0.00115966796875,0.99810791015625,0.3515625,-1.04296875,9.75390625,0.0,0.0,0.0,-0.05328369140625,-0.01947021484375,0.00103759765625,0.9984130859375,150.29296875,2,21
1.6800636409989238,-0.4140625,-1.1328125,9.890625,0.0,0.0,0.0,-0.0576171875,0.0208740234375,-0.00115966796875,0.99810791015625,0.3515625,-1.04296875,9.75390625,0.0,0.0,0.0,-0.05328369140625,-0.01947021484375,0.00103759765625,0.9984130859375,150.29296875,0,21
1.6851148929999908,-0.4140625,-1.1328125,9.890625,0.0,0.0,0.0,-0.0576171875,0.0208740234375,-0.00115966796875,0.99810791015625,0.3515625,-1.04296875,9.75390625,0.0,0.0,0.0,-0.05328369140625,-0.01947021484375,0.00103759765625,0.9984130859375,150.29296875,0,21
1.6900669989991002,-0.4140625,-1.1328125,9.890625,0.0,0.0,0.0,-0.0576171875,0.0208740234375,-0.00115966796875,0.99810791015625,0.3515625,-1.04296875,9.75390625,0.0,0.0,0.0,-0.0533447265625,-0.01947021484375,0.00103759765625,0.9984130859375,150.29296875,0,19
1.6950732229997811,-0.4140625,-1.1328125,9.890625,0.0,0.0,0.0,-0.0576171875,0.0208740234375,-0.00115966796875,0.99810791015625,0.3515625,-1.04296875,9.75390625,0.0,0.0,0.0,-0.0533447265625,-0.01947021484375,0.00103759765625,0.9984130859375,150.29296875,0,19
1.7001270990003832,-0.4140625,-1.1328125,9.890625,0.0,0.0,0.0,-0.0576171875,0.0208740234375,-0.00115966796875,0.99810791015625,0.3515625,-1.04296875,9.75390625,0.0,0.0,0.0,-0.0533447265625,-0.01947021484375,0.00103759765625,0.9984130859375,150.29296875,1,19
1.7050711079991743,-0.4140625,-1.1328125,9.890625,0.0,0.0,0.0,-0.0576171875,0.0208740234375,-0.00115966796875,0.99810791015625,0.390625,-1.04296875,9.75,0.0,0.0,0.0,-0.0533447265625,-0.01947021484375,0.00103759765625,0.9984130859375,150.29296875,1,19
1.7100747080003202,-0.4140625,-1.1328125,9.890625,0.0,0.0,0.0,-0.0576171875,0.0208740234375,-0.00115966796875,0.99810791015625,0.390625,-1.04296875,9.75,0.0,0.0,0.0,-0.0533447265625,-0.01947021484375,0.00103759765625,0.9984130859375,150.29296875,1,20
1.7150618889991165,-0.4140625,-1.1328125,9.890625,0.0,0.0,0.0,-0.0576171875,0.0208740234375,-0.00115966796875,0.99810791015625,0.390625,-1.04296875,9.75,0.0,0.0,0.0,-0.0533447265625,-0.01947021484375,0.00103759765625,0.9984130859375,150.29296875,1,20
1.7200530400004936,-0.4140625,-1.1328125,9.890625,0.0,0.0,0.0,-0.0576171875,0.0208740234375,-0.00115966796875,0.99810791015625,0.390625,-1.04296875,9.75,0.0,0.0,0.0,-0.0533447265625,-0.01947021484375,0.00103759765625,0.9984130859375,150.29296875,2,20
1.7250737609992939,-0.4140625,-1.1328125,9.890625,0.0,0.0,0.0,-0.0576171875,0.0208740234375,-0.00115966796875,0.99810791015625,0.390625,-1.04296875,9.75,0.0,0.0,0.0,-0.0533447265625,-0.01947021484375,0.00103759765625,0.9984130859375,150.29296875,2,20
1.7300692310000159,-0.4140625,-1.171875,9.89453125,0.0,0.0,0.0,-0.0576171875,0.0208740234375,-0.00115966796875,0.99810791015625,0.390625,-1.04296875,9.75,0.0,0.0,0.0,-0.0533447265625,-0.01947021484375,0.00103759765625,0.9984130859375,150.29296875,2,20
1.7350635820002935,-0.4140625,-1.171875,9.89453125,0.0,0.0,0.0,-0.0576171875,0.0208740234375,-0.00115966796875,0.99810791015625,0.3515625,-1.04296875,9.75390625,0.0,0.0,0.0,-0.0533447265625,-0.01947021484375,0.00103759765625,0.9984130859375,150.29296875,2,20
1.7400604279991967,-0.4140625,-1.171875,9.89453125,0.0,0.0,0.0,-0.0576171875,0.0208740234375,-0.00115966796875,0.99810791015625,0.3515625,-1.04296875,9.75390625,0.0,0.0,0.0,-0.0533447265625,-0.01947021484375,0.00103759765625,0.9984130859375,150.29296875,2,20
1.7450658839989046,-0.4140625,-1.171875,9.89453125,0.0,0.0,0.0,-0.0576171875,0.0208740234375,-0.00115966796875,0.99810791015625,0.3515625,-1.04296875,9.75390625,0.0,0.0,0.0,-0.0533447265625,-0.01947021484375,0.00103759765625,0.9984130859375,150.380859375,2,20
1.750070826999945,-0.4140625,-1.171875,9.8515625,0.0,0.0,0.0,-0.0576171875,0.0208740234375,-0.00115966796875,0.99810791015625,0.3515625,-1.04296875,9.75390625,0.0,0.0,0.0,-0.0533447265625,-0.01947021484375,0.00103759765625,0.9984130859375,150.29296875,2,21
1.7550597690005816,-0.4140625,-1.171875,9.8515625,0.0,0.0,0.0,-0.0576171875,0.0208740234375,-0.00115966796875,0.99810791015625,0.3515625,-1.04296875,9.75390625,0.0,0.0,0.0,-0.0533447265625,-0.01947021484375,0.00103759765625,0.9984130859375,150.29296875,2,21
1.760071272999994,-0.4140625,-1.171875,9.8515625,0.0,0.0,0.0,-0.0576171875,0.0208740234375,-0.00115966796875,0.99810791015625,0.390625,-1.04296875,9.75,0.0,0.0,0.0,-0.0533447265625,-0.01947021484375,0.00103759765625,0.9984130859375,150.29296875,1,21
1.7650691119997646,-0.4140625,-1.171875,9.8515625,0.0,0.0,0.0,-0.0576171875,0.0208740234375,-0.00115966796875,0.99810791015625,0.390625,-1.04296875,9.75,0.0,0.0,0.0,-0.0533447265625,-0.01947021484375,0.00103759765625,0.9984130859375,150.29296875,1,21
1.7700642939998943,-0.4140625,-1.171875,9.8515625,0.0,0.0,0.0,-0.0576171875,0.0208740234375,-0.00115966796875,0.99810791015625,0.390625,-1.04296875,9.75,0.0,0.0,0.0,-0.0533447265625,-0.01947021484375,0.00103759765625,0.9984130859375,150.29296875,1,24
1.7750608209989878,-0.4140625,-1.171875,9.8515625,0.0,0.0,0.0,-0.0576171875,0.0208740234375,-0.00115966796875,0.99810791015625,0.390625,-1.04296875,9.75,0.0,0.0,0.0,-0.0533447265625,-0.01947021484375,0.00103759765625,0.9984130859375,150.29296875,4,24
1.7800626280004508,-0.4140625,-1.1328125,9.890625,0.0,0.0,0.0,-0.0576171875,0.0208740234375,-0.00115966796875,0.99810791015625,0.390625,-1.04296875,9.75,0.0,0.0,0.0,-0.0533447265625,-0.01947021484375,0.00103759765625,0.9984130859375,150.29296875,4,24
1.785071923999567,-0.4140625,-1.1328125,9.890625,0.0,0.0,0.0,-0.0576171875,0.0208740234375,-0.00115966796875,0.99810791015625,0.390625,-1.04296875,9.75,0.0,0.0,0.0,-0.0533447265625,-0.01947021484375,0.00103759765625,0.9984130859375,150.29296875,4,23
1.7900945330002287,-0.4140625,-1.1328125,9.890625,0.0,0.0,0.0,-0.0576171875,0.0208740234375,-0.00115966796875,0.99810791015625,0.390625,-1.04296875,9.75,0.0,0.0,0.0,-0.0533447265625,-0.01947021484375,0.00103759765625,0.9984130859375,150.29296875,1,23
1.7950685300002078,-0.4140625,-1.1328125,9.890625,0.0,0.0,0.0,-0.0576171875,0.0208740234375,-0.00115966796875,0.99810791015625,0.390625,-1.04296875,9.75,0.0,0.0,0.0,-0.0533447265625,-0.01947021484375,0.00103759765625,0.9984130859375,150.29296875,1,22
1.8000770250000642,-0.4140625,-1.1328125,9.890625,0.0,0.0,0.0,-0.0576171875,0.0208740234375,-0.00115966796875,0.99810791015625,0.390625,-1.04296875,9.75,0.0,0.0,0.0,-0.0533447265625,-0.01947021484375,0.00103759765625,0.9984130859375,150.29296875,1,22
1.8050947379997524,-0.4140625,-1.1328125,9.890625,0.0,0.0,0.0,-0.0576171875,0.0208740234375,-0.00115966796875,0.99810791015625,0.390625,-1.04296875,9.75,0.0,0.0,0.0,-0.0533447265625,-0.01947021484375,0.00103759765625,0.9984130859375,150.29296875,2,22
1.8101157149994833,-0.4140625,-1.1328125,9.890625,0.0,0.0,0.0,-0.0576171875,0.0208740234375,-0.00115966796875,0.99810791015625,0.390625,-1.04296875,9.75,0.0,0.0,0.0,-0.0533447265625,-0.01947021484375,0.00103759765625,0.9984130859375,150.29296875,2,22
1.8150600129993109,-0.4140625,-1.1328125,9.890625,0.0,0.0,0.0,-0.0576171875,0.0208740234375,-0.00115966796875,0.99810791015625,0.390625,-1.04296875,9.75,0.0,0.0,0.0,-0.0533447265625,-0.01947021484375,0.00103759765625,0.9984130859375,150.29296875,2,22
1.8200935989989375,-0.4140625,-1.171875,9.89453125,0.0,0.0,0.0,-0.05755615234375,0.0208740234375,-0.00115966796875,0.99810791015625,0.390625,-1.04296875,9.75,0.0,0.0,0.0,-0.0533447265625,-0.01947021484375,0.00103759765625,0.9984130859375,150.29296875,2,25
1.8250686829996994,-0.4140625,-1.171875,9.89453125,0.0,0.0,0.0,-0.05755615234375,0.0208740234375,-0.00115966796875,0.99810791015625,0.390625,-1.04296875,9.75,0.0,0.0,0.0,-0.0533447265625,-0.01947021484375,0.00103759765625,0.9984130859375,150.29296875,1,25
1.8300860439994722,-0.4140625,-1.171875,9.89453125,0.0,0.0,0.0,-0.05755615234375,0.0208740234375,-0.00115966796875,0.99810791015625,0.390625,-1.04296875,9.75,0.0,0.0,0.0,-0.0533447265625,-0.01947021484375,0.00103759765625,0.9984130859375,150.29296875,1,25
1.8350591119997262,-0.4140625,-1.171875,9.89453125,0.0,0.0,0.0,-0.05755615234375,0.0208740234375,-0.00115966796875,0.99810791015625,0.390625,-1.04296875,9.75,0.0,0.0,0.0,-0.0533447265625,-0.01947021484375,0.00103759765625,0.9984130859375,150.29296875,1,23
1.840065271999265,-0.4140625,-1.171875,9.89453125,0.0,0.0,0.0,-0.05755615234375,0.0208740234375,-0.00115966796875,0.99810791015625,0.390625,-1.04296875,9.75,0.0,0.0,0.0,-0.0533447265625,-0.01947021484375,0.00103759765625,0.9984130859375,150.29296875,1,23
1.8450679109992052,-0.4140625,-1.1328125,9.890625,0.0,0.0,0.0,-0.05755615234375,0.0208740234375,-0.00115966796875,0.99810791015625,0.390625,-1.04296875,9.75,0.0,0.0,0.0,-0.0533447265625,-0.01947021484375,0.00103759765625,0.9984130859375,150.29296875,3,23
1.850076151000394,-0.4140625,-1.1328125,9.890625,0.0,0.0,0.0,-0.05755615234375,0.0208740234375,-0.00115966796875,0.99810791015625,0.390625,-1.04296875,9.75,0.0,0.0,0.0,-0.0533447265625,-0.01947021484375,0.00103759765625,0.9984130859375,150.29296875,3,23
1.8550788539996574,-0.4140625,-1.1328125,9.890625,0.0,0.0,0.0,-0.05755615234375,0.0208740234375,-0.00115966796875,0.99810791015625,0.3515625,-1.04296875,9.75390625,0.0,0.0,0.0,-0.0533447265625,-0.0194091796875,0.00103759765625,0.9984130859375,150.29296875,3,20
1.860068563999448,-0.4140625,-1.1328125,9.890625,0.0,0.0,0.0,-0.05755615234375,0.0208740234375,-0.00115966796875,0.99810791015625,0.3515625,-1.04296875,9.75390625,0.0,0.0,0.0,-0.0533447265625,-0.0194091796875,0.00103759765625,0.9984130859375,150.29296875,3,20
1.865068994999092,-0.4140625,-1.1328125,9.890625,0.0,0.0,0.0,-0.05755615234375,0.0208740234375,-0.00115966796875,0.99810791015625,0.3515625,-1.04296875,9.75390625,0.0,0.0,0.0,-0.0533447265625,-0.0194091796875,0.00103759765625,0.9984130859375,150.29296875,1,20
1.8700612649990944,-0.4140625,-1.1328125,9.890625,0.0,0.0,0.0,-0.05755615234375,0.0208740234375,-0.00115966796875,0.99810791015625,0.3515625,-1.04296875,9.75390625,0.0,0.0,0.0,-0.0533447265625,-0.0194091796875,0.00103759765625,0.9984130859375,150.29296875,1,22
1.875065824999183,-0.4140625,-1.1328125,9.890625,0.0,0.0,0.0,-0.05755615234375,0.0208740234375,-0.00115966796875,0.99810791015625,0.3515625,-1.04296875,9.75390625,0.0,0.0,0.0,-0.0533447265625,-0.0194091796875,0.00103759765625,0.9984130859375,150.29296875,1,22
1.8801973730005557,-0.4140625,-1.1328125,9.890625,0.0,0.0,0.0,-0.05755615234375,0.0208740234375,-0.00115966796875,0.99810791015625,0.3515625,-1.04296875,9.75390625,0.0,0.0,0.0,-0.0533447265625,-0.0194091796875,0.00103759765625,0.9984130859375,150.380859375,2,22
1.8850720310001634,-0.4140625,-1.1328125,9.890625,0.0,0.0,0.0,-0.05755615234375,0.0208740234375,-0.00115966796875,0.99810791015625,0.3515625,-1.04296875,9.75390625,0.0,0.0,0.0,-0.0533447265625,-0.0194091796875,0.00103759765625,0.9984130859375,150.380859375,2,22
1.8900618690004194,-0.4140625,-1.1328125,9.890625,0.0,0.0,0.0,-0.05755615234375,0.0208740234375,-0.00115966796875,0.99810791015625,0.3515625,-1.04296875,9.75390625,0.0,0.0,0.0,-0.0533447265625,-0.0194091796875,0.00103759765625,0.9984130859375,150.29296875,2,23
1.8950646689991117,-0.4140625,-1.1328125,9.890625,0.0,0.0,0.0,-0.05755615234375,0.0208740234375,-0.00115966796875,0.99810791015625,0.3515625,-1.04296875,9.75390625,0.0,0.0,0.0,-0.0533447265625,-0.0194091796875,0.00103759765625,0.9984130859375,150.29296875,2,23
1.9000710199998139,-0.4140625,-1.1328125,9.890625,0.0,0.0,0.0,-0.05755615234375,0.0208740234375,-0.00115966796875,0.99810791015625,0.3515625,-1.04296875,9.75390625,0.0,0.0,0.0,-0.0533447265625,-0.0194091796875,0.00103759765625,0.9984130859375,150.29296875,1,23
1.9050647309995838,-0.4140625,-1.1328125,9.890625,0.0,0.0,0.0,-0.05755615234375,0.0208740234375,-0.00115966796875,0.99810791015625,0.3515625,-1.04296875,9.75390625,0.0,0.0,0.0,-0.0533447265625,-0.0194091796875,0.00103759765625,0.9984130859375,150.29296875,1,25
1.9100590170000942,-0.4140625,-1.1328125,9.890625,0.0,0.0,0.0,-0.05755615234375,0.0208740234375,-0.00115966796875,0.99810791015625,0.3515625,-1.04296875,9.75390625,0.0,0.0,0.0,-0.0533447265625,-0.0194091796875,0.00103759765625,0.9984130859375,150.29296875,1,25
1.915058904000034,-0.4140625,-1.1328125,9.890625,0.0,0.0,0.0,-0.05755615234375,0.0208740234375,-0.00115966796875,0.99810791015625,0.3515625,-1.04296875,9.75390625,0.0,0.0,0.0,-0.0533447265625,-0.0194091796875,0.00103759765625,0.9984130859375,150.29296875,0,25
1.9200706319988967,-0.4140625,-1.1328125,9.890625,0.0,0.0,0.0,-0.05755615234375,0.0208740234375,-0.00115966796875,0.99810791015625,0.390625,-1.04296875,9.75,0.0,0.0,0.0,-0.0533447265625,-0.0194091796875,0.00103759765625,0.9984130859375,150.29296875,0,25
1.9250650140002108,-0.4140625,-1.1328125,9.890625,0.0,0.0,0.0,-0.05755615234375,0.0208740234375,-0.00115966796875,0.99810791015625,0.390625,-1.04296875,9.75,0.0,0.0,0.0,-0.0533447265625,-0.0194091796875,0.00103759765625,0.9984130859375,150.380859375,0,24
1.9300765829993907,-0.4140625,-1.1328125,9.890625,0.0,0.0,0.0,-0.05755615234375,0.0208740234375,-0.00115966796875,0.99810791015625,0.390625,-1.04296875,9.75,0.0,0.0,0.0,-0.0533447265625,-0.0194091796875,0.00103759765625,0.9984130859375,150.29296875,0,24
1.935060211999371,-0.4140625,-1.1328125,9.890625,0.0,0.0,0.0,-0.05755615234375,0.0208740234375,-0.00115966796875,0.99810791015625,0.390625,-1.04296875,9.75,0.0,0.0,0.0,-0.0533447265625,-0.0194091796875,0.00103759765625,0.9984130859375,150.380859375,2,24
1.940063490999819,-0.4140625,-1.1328125,9.890625,0.0,0.0,0.0,-0.05755615234375,0.0208740234375,-0.00115966796875,0.99810791015625,0.390625,-1.04296875,9.75,0.0,0.0,0.0,-0.0533447265625,-0.0194091796875,0.00103759765625,0.9984130859375,150.29296875,2,24
1.9450676350006688,-0.4140625,-1.1328125,9.890625,0.0,0.0,0.0,-0.05755615234375,0.0208740234375,-0.00115966796875,0.99810791015625,0.390625,-1.04296875,9.75,0.0,0.0,0.0,-0.0533447265625,-0.0194091796875,0.00103759765625,0.9984130859375,150.29296875,2,27
1.9500608969992754,-0.4140625,-1.1328125,9.890625,0.0,0.0,0.0,-0.05755615234375,0.0208740234375,-0.00115966796875,0.99810791015625,0.390625,-1.04296875,9.75,0.0,0.0,0.0,-0.0533447265625,-0.0194091796875,0.00103759765625,0.9984130859375,150.29296875,2,27
1.955074481000338,-0.4140625,-1.1328125,9.890625,0.0,0.0,0.0,-0.05755615234375,0.0208740234375,-0.00115966796875,0.99810791015625,0.390625,-1.04296875,9.75,0.0,0.0,0.0,-0.0533447265625,-0.0194091796875,0.00103759765625,0.9984130859375,150.29296875,2,27
1.9601163869992888,-0.4140625,-1.1328125,9.890625,0.0,0.0,0.0,-0.05755615234375,0.0208740234375,-0.00115966796875,0.99810791015625,0.390625,-1.04296875,9.75,0.0,0.0,0.0,-0.0533447265625,-0.0194091796875,0.00103759765625,0.9984130859375,150.29296875,2,27
1.9651029920005385,-0.4140625,-1.1328125,9.890625,0.0,0.0,0.0,-0.05755615234375,0.0208740234375,-0.00115966796875,0.99810791015625,0.390625,-1.04296875,9.75,0.0,0.0,0.0,-0.0533447265625,-0.0194091796875,0.00103759765625,0.9984130859375,150.29296875,2,26
1.9700668749992474,-0.4140625,-1.1328125,9.890625,0.0,0.0,0.0,-0.05755615234375,0.0208740234375,-0.00115966796875,0.99810791015625,0.390625,-1.04296875,9.75,0.0,0.0,0.0,-0.0533447265625,-0.0194091796875,0.00103759765625,0.9984130859375,150.380859375,2,26
1.9750754020005843,-0.4140625,-1.1328125,9.890625,0.0,0.0,0.0,-0.05755615234375,0.0208740234375,-0.00115966796875,0.99810791015625,0.390625,-1.04296875,9.75,0.0,0.0,0.0,-0.0533447265625,-0.0194091796875,0.00103759765625,0.9984130859375,150.29296875,2,26
1.980126750000636,-0.4140625,-1.1328125,9.890625,0.0,0.0,0.0,-0.05755615234375,0.0208740234375,-0.00115966796875,0.99810791015625,0.390625,-1.04296875,9.75,0.0,0.0,0.0,-0.0533447265625,-0.0194091796875,0.00103759765625,0.9984130859375,150.29296875,2,26
1.9850665020003362,-0.4140625,-1.1328125,9.890625,0.0,0.0,0.0,-0.05755615234375,0.0208740234375,-0.00115966796875,0.99810791015625,0.3515625,-1.04296875,9.75390625,0.0,0.0,0.0,-0.0533447265625,-0.0194091796875,0.00103759765625,0.9984130859375,150.380859375,2,26
1.9900610120002966,-0.4140625,-1.1328125,9.890625,0.0,0.0,0.0,-0.05755615234375,0.0208740234375,-0.00115966796875,0.99810791015625,0.3515625,-1.04296875,9.75390625,0.0,0.0,0.0,-0.0533447265625,-0.0194091796875,0.00103759765625,0.9984130859375,150.380859375,2,27
1.995064258999264,-0.4140625,-1.1328125,9.890625,0.0,0.0,0.0,-0.05755615234375,0.0208740234375,-0.00115966796875,0.99810791015625,0.3515625,-1.04296875,9.75390625,0.0,0.0,0.0,-0.0533447265625,-0.0194091796875,0.00103759765625,0.9984130859375,150.29296875,1,27
2.0000721140004316,-0.4140625,-1.1328125,9.890625,0.0,0.0,0.0,-0.05755615234375,0.0208740234375,-0.00115966796875,0.99810791015625,0.3515625,-1.04296875,9.75390625,0.0,0.0,0.0,-0.0533447265625,-0.0194091796875,0.00103759765625,0.9984130859375,150.29296875,1,27
2.005065855999419,-0.4140625,-1.1328125,9.890625,0.0,0.0,0.0,-0.05755615234375,0.0208740234375,-0.00115966796875,0.99810791015625,0.3515625,-1.04296875,9.75390625,0.0,0.0,0.0,-0.0533447265625,-0.0194091796875,0.00103759765625,0.9984130859375,150.29296875,1,24
2.0100641419994645,-0.4140625,-1.1328125,9.890625,0.0,0.0,0.0,-0.05755615234375,0.0208740234375,-0.00115966796875,0.99810791015625,0.3515625,-1.04296875,9.75390625,0.0,0.0,0.0,-0.0533447265625,-0.0194091796875,0.00103759765625,0.9984130859375,150.29296875,1,24
2.0150679649996164,-0.4140625,-1.1328125,9.890625,0.0,0.0,0.0,-0.05755615234375,0.0208740234375,-0.00115966796875,0.99810791015625,0.3515625,-1.04296875,9.75390625,0.0,0.0,0.0,-0.0533447265625,-0.0194091796875,0.00103759765625,0.9984130859375,150.29296875,2,24
2.02007204399888,-0.4140625,-1.1328125,9.890625,0.0,0.0,0.0,-0.05755615234375,0.0208740234375,-0.00115966796875,0.99810791015625,0.3515625,-1.04296875,9.75390625,0.0,0.0,0.0,-0.0533447265625,-0.0194091796875,0.00103759765625,0.9984130859375,150.29296875,2,24
2.0250720900003216,-0.4140625,-1.1328125,9.890625,0.0,0.0,0.0,-0.05755615234375,0.0208740234375,-0.00115966796875,0.99810791015625,0.3515625,-1.04296875,9.75390625,0.0,0.0,0.0,-0.0533447265625,-0.0194091796875,0.00103759765625,0.9984130859375,150.29296875,2,27
2.0300603590003448,-0.4140625,-1.1328125,9.890625,0.0,0.0,0.0,-0.05755615234375,0.0208740234375,-0.00115966796875,0.99810791015625,0.3515625,-1.04296875,9.75390625,0.0,0.0,0.0,-0.0533447265625,-0.0194091796875,0.00103759765625,0.9984130859375,150.29296875,2,27
2.035065141999439,-0.4140625,-1.171875,9.89453125,0.0,0.0,0.0,-0.05755615234375,0.0208740234375,-0.00115966796875,0.99810791015625,0.3515625,-1.04296875,9.75390625,0.0,0.0,0.0,-0.0533447265625,-0.0194091796875,0.00103759765625,0.9984130859375,150.29296875,1,27
2.0400694769996335,-0.4140625,-1.171875,9.89453125,0.0,0.0,0.0,-0.05755615234375,0.0208740234375,-0.00115966796875,0.99810791015625,0.3515625,-1.04296875,9.75390625,0.0,0.0,0.0,-0.0533447265625,-0.0194091796875,0.00103759765625,0.9984130859375,150.29296875,1,27
2.045072244000039,-0.4140625,-1.171875,9.89453125,0.0,0.0,0.0,-0.05755615234375,0.0208740234375,-0.00115966796875,0.99810791015625,0.3515625,-1.04296875,9.75390625,0.0,0.0,0.0,-0.0533447265625,-0.0194091796875,0.00103759765625,0.9984130859375,150.29296875,1,29
2.050071425999704,-0.4140625,-1.171875,9.89453125,0.0,0.0,0.0,-0.05755615234375,0.0208740234375,-0.00115966796875,0.99810791015625,0.3515625,-1.04296875,9.75390625,0.0,0.0,0.0,-0.0533447265625,-0.01934814453125,0.00103759765625,0.9984130859375,150.29296875,1,29
2.0550644640006794,-0.4140625,-1.171875,9.89453125,0.0,0.0,0.0,-0.05755615234375,0.0208740234375,-0.00115966796875,0.99810791015625,0.3515625,-1.04296875,9.75390625,0.0,0.0,0.0,-0.0533447265625,-0.01934814453125,0.00103759765625,0.9984130859375,150.29296875,1,29
2.0600692459993297,-0.4140625,-1.171875,9.89453125,0.0,0.0,0.0,-0.05755615234375,0.0208740234375,-0.00115966796875,0.99810791015625,0.3515625,-1.04296875,9.75390625,0.0,0.0,0.0,-0.0533447265625,-0.01934814453125,0.00103759765625,0.9984130859375,150.380859375,1,29
2.0650655159988673,-0.4140625,-1.171875,9.89453125,0.0,0.0,0.0,-0.05755615234375,0.0208740234375,-0.00115966796875,0.99810791015625,0.390625,-1.04296875,9.75,0.0,0.0,0.0,-0.0533447265625,-0.01934814453125,0.00103759765625,0.9984130859375,150.29296875,1,27
2.0700657870002033,-0.4140625,-1.1328125,9.85546875,0.0,0.0,0.0,-0.05755615234375,0.0208740234375,-0.00115966796875,0.99810791015625,0.390625,-1.04296875,9.75,0.0,0.0,0.0,-0.0533447265625,-0.01934814453125,0.00103759765625,0.9984130859375,150.29296875,1,27
2.0750746020003135,-0.4140625,-1.1328125,9.85546875,0.0,0.0,0.0,-0.05755615234375,0.0208740234375,-0.00115966796875,0.99810791015625,0.390625,-1.04296875,9.75,0.0,0.0,0.0,-0.0533447265625,-0.01934814453125,0.00103759765625,0.9984130859375,150.29296875,3,27
2.0800686639995547,-0.4140625,-1.1328125,9.85546875,0.0,0.0,0.0,-0.05755615234375,0.0208740234375,-0.00115966796875,0.99810791015625,0.390625,-1.04296875,9.75,0.0,0.0,0.0,-0.0533447265625,-0.01934814453125,0.00103759765625,0.9984130859375,150.29296875,3,27
2.0850670780000655,-0.4140625,-1.1328125,9.85546875,0.0,0.0,0.0,-0.05755615234375,0.0208740234375,-0.00115966796875,0.99810791015625,0.390625,-1.04296875,9.75,0.0,0.0,0.0,-0.0533447265625,-0.01934814453125,0.00103759765625,0.9984130859375,150.29296875,3,27
2.090059187999941,-0.4140625,-1.1328125,9.85546875,0.0,0.0,0.0,-0.05755615234375,0.0208740234375,-0.00115966796875,0.99810791015625,0.390625,-1.04296875,9.75,0.0,0.0,0.0,-0.0533447265625,-0.01934814453125,0.00103759765625,0.9984130859375,150.29296875,3,27
2.095073827998931,-0.4140625,-1.1328125,9.85546875,0.0,0.0,0.0,-0.05755615234375,0.0208740234375,-0.00115966796875,0.99810791015625,0.390625,-1.04296875,9.75,0.0,0.0,0.0,-0.0533447265625,-0.01934814453125,0.00103759765625,0.9984130859375,150.29296875,3,27
2.100089395999021,-0.4140625,-1.1328125,9.85546875,0.0,0.0,0.0,-0.05755615234375,0.0208740234375,-0.00115966796875,0.99810791015625,0.390625,-1.04296875,9.75,0.0,0.0,0.0,-0.0533447265625,-0.01934814453125,0.00103759765625,0.9984130859375,150.29296875,3,27
2.105067840000629,-0.4140625,-1.1328125,9.85546875,0.0,0.0,0.0,-0.05755615234375,0.0208740234375,-0.00115966796875,0.99810791015625,0.390625,-1.04296875,9.75,0.0,0.0,0.0,-0.0533447265625,-0.01934814453125,0.00103759765625,0.9984130859375,150.29296875,3,29
2.110071503000654,-0.4140625,-1.1328125,9.85546875,0.0,0.0,0.0,-0.05755615234375,0.0208740234375,-0.00115966796875,0.99810791015625,0.390625,-1.04296875,9.75,0.0,0.0,0.0,-0.0533447265625,-0.01934814453125,0.00103759765625,0.9984130859375,150.29296875,1,29
2.1150654359989858,-0.4140625,-1.1328125,9.85546875,0.0,0.0,0.0,-0.05755615234375,0.0208740234375,-0.00115966796875,0.99810791015625,0.390625,-1.04296875,9.75,0.0,0.0,0.0,-0.0533447265625,-0.01934814453125,0.00103759765625,0.9984130859375,150.29296875,1,29
2.12008020400026,-0.4140625,-1.1328125,9.85546875,0.0,0.0,0.0,-0.05755615234375,0.0208740234375,-0.00115966796875,0.99810791015625,0.390625,-1.04296875,9.75,0.0,0.0,0.0,-0.0533447265625,-0.01934814453125,0.00103759765625,0.9984130859375,150.29296875,1,29
2.125110302000394,-0.4140625,-1.1328125,9.85546875,0.0,0.0,0.0,-0.05755615234375,0.0208740234375,-0.00115966796875,0.99810791015625,0.390625,-1.04296875,9.75,0.0,0.0,0.0,-0.0533447265625,-0.01934814453125,0.00103759765625,0.9984130859375,150.29296875,1,28
2.130087433999506,-0.4140625,-1.1328125,9.85546875,0.0,0.0,0.0,-0.05755615234375,0.0208740234375,-0.00115966796875,0.99810791015625,0.390625,-1.04296875,9.75,0.0,0.0,0.0,-0.0533447265625,-0.01934814453125,0.00103759765625,0.9984130859375,150.29296875,1,28
2.1352998210004444,-0.4140625,-1.1328125,9.890625,0.0,0.0,0.0,-0.05755615234375,0.0208740234375,-0.00115966796875,0.99810791015625,0.390625,-1.04296875,9.75,0.0,0.0,0.0,-0.0533447265625,-0.01934814453125,0.00103759765625,0.9984130859375,150.29296875,2,28
2.1400781819993426,-0.4140625,-1.1328125,9.890625,0.0,0.0,0.0,-0.05755615234375,0.0208740234375,-0.00115966796875,0.99810791015625,0.390625,-1.04296875,9.75,0.0,0.0,0.0,-0.0533447265625,-0.01934814453125,0.00103759765625,0.9984130859375,150.380859375,2,28
2.1450690109995776,-0.4140625,-1.1328125,9.890625,0.0,0.0,0.0,-0.05755615234375,0.0208740234375,-0.00115966796875,0.99810791015625,0.3515625,-1.04296875,9.75390625,0.0,0.0,0.0,-0.0533447265625,-0.01934814453125,0.00103759765625,0.9984130859375,150.29296875,2,26
2.15006128099958,-0.4140625,-1.1328125,9.890625,0.0,0.0,0.0,-0.05755615234375,0.0208740234375,-0.00115966796875,0.99810791015625,0.3515625,-1.04296875,9.75390625,0.0,0.0,0.0,-0.0533447265625,-0.01934814453125,0.00103759765625,0.9984130859375,150.29296875,2,26
2.1550755360003677,-0.4140625,-1.1328125,9.890625,0.0,0.0,0.0,-0.05755615234375,0.0208740234375,-0.00115966796875,0.99810791015625,0.3515625,-1.04296875,9.75390625,0.0,0.0,0.0,-0.0533447265625,-0.01934814453125,0.00103759765625,0.9984130859375,150.29296875,2,26
2.160160518998964,-0.4140625,-1.1328125,9.890625,0.0,0.0,0.0,-0.05755615234375,0.0208740234375,-0.00115966796875,0.99810791015625,0.3515625,-1.04296875,9.75390625,0.0,0.0,0.0,-0.0533447265625,-0.01934814453125,0.00103759765625,0.9984130859375,150.29296875,2,26
2.1650629559990193,-0.4140625,-1.171875,9.89453125,0.0,0.0,0.0,-0.05755615234375,0.0208740234375,-0.00115966796875,0.99810791015625,0.3515625,-1.04296875,9.75390625,0.0,0.0,0.0,-0.0533447265625,-0.01934814453125,0.00103759765625,0.9984130859375,150.29296875,2,27
2.1700627459995303,-0.4140625,-1.171875,9.89453125,0.0,0.0,0.0,-0.05755615234375,0.0208740234375,-0.00115966796875,0.99810791015625,0.3515625,-1.04296875,9.75390625,0.0,0.0,0.0,-0.0533447265625,-0.01934814453125,0.00103759765625,0.9984130859375,150.29296875,2,27
2.1751369439989503,-0.4140625,-1.171875,9.89453125,0.0,0.0,0.0,-0.05755615234375,0.0208740234375,-0.00115966796875,0.99810791015625,0.3515625,-1.04296875,9.75390625,0.0,0.0,0.0,-0.0533447265625,-0.019287109375,0.00103759765625,0.9984130859375,150.29296875,2,27
2.180067224000595,-0.4140625,-1.171875,9.89453125,0.0,0.0,0.0,-0.05755615234375,0.0208740234375,-0.00115966796875,0.99810791015625,0.3515625,-1.04296875,9.75390625,0.0,0.0,0.0,-0.0533447265625,-0.019287109375,0.00103759765625,0.9984130859375,150.29296875,1,27
2.1850698620000912,-0.4140625,-1.171875,9.89453125,0.0,0.0,0.0,-0.0574951171875,0.0208740234375,-0.00115966796875,0.99810791015625,0.3515625,-1.04296875,9.75390625,0.0,0.0,0.0,-0.0533447265625,-0.019287109375,0.00103759765625,0.9984130859375,150.29296875,1,27
2.1900600839999242,-0.4140625,-1.171875,9.89453125,0.0,0.0,0.0,-0.0574951171875,0.0208740234375,-0.00115966796875,0.99810791015625,0.3515625,-1.04296875,9.75390625,0.0,0.0,0.0,-0.0533447265625,-0.019287109375,0.00103759765625,0.9984130859375,150.29296875,1,27
2.1950636500005203,-0.4140625,-1.171875,9.89453125,0.0,0.0,0.0,-0.0574951171875,0.0208740234375,-0.00115966796875,0.99810791015625,0.3515625,-1.04296875,9.75390625,0.0,0.0,0.0,-0.0533447265625,-0.019287109375,0.00103759765625,0.9984130859375,150.29296875,0,27
2.2000771700004407,-0.4140625,-1.171875,9.89453125,0.0,0.0,0.0,-0.0574951171875,0.0208740234375,-0.00115966796875,0.99810791015625,0.3515625,-1.04296875,9.75390625,0.0,0.0,0.0,-0.0533447265625,-0.019287109375,0.00103759765625,0.9984130859375,150.29296875,0,27
2.2051022430005105,-0.4140625,-1.171875,9.89453125,0.0,0.0,0.0,-0.0574951171875,0.0208740234375,-0.00115966796875,0.99810791015625,0.390625,-1.04296875,9.75,0.0,0.0,0.0,-0.0533447265625,-0.019287109375,0.00103759765625,0.9984130859375,150.29296875,0,27
2.2100669579995156,-0.4140625,-1.1328125,9.890625,0.0,0.0,0.0,-0.0574951171875,0.0208740234375,-0.00115966796875,0.99810791015625,0.390625,-1.04296875,9.75,0.0,0.0,0.0,-0.0533447265625,-0.019287109375,0.00103759765625,0.9984130859375,150.29296875,0,27
2.2150877740004944,-0.4140625,-1.1328125,9.890625,0.0,0.0,0.0,-0.0574951171875,0.0208740234375,-0.00115966796875,0.99810791015625,0.390625,-1.04296875,9.75,0.0,0.0,0.0,-0.0533447265625,-0.019287109375,0.00103759765625,0.9984130859375,150.380859375,2,27
2.2200748920004116,-0.4140625,-1.1328125,9.890625,0.0,0.0,0.0,-0.0574951171875,0.0208740234375,-0.00115966796875,0.99810791015625,0.390625,-1.04296875,9.75,0.0,0.0,0.0,-0.0533447265625,-0.019287109375,0.00103759765625,0.9984130859375,150.29296875,2,27
2.225070616999801,-0.4140625,-1.1328125,9.890625,0.0,0.0,0.0,-0.0574951171875,0.0208740234375,-0.00115966796875,0.99810791015625,0.390625,-1.04296875,9.75,0.0,0.0,0.0,-0.0533447265625,-0.019287109375,0.00103759765625,0.9984130859375,150.29296875,2,27
2.2300707600006717,-0.4140625,-1.1328125,9.890625,0.0,0.0,0.0,-0.0574951171875,0.0208740234375,-0.00115966796875,0.99810791015625,0.3515625,-1.04296875,9.75390625,0.0,0.0,0.0,-0.0533447265625,-0.019287109375,0.00103759765625,0.9984130859375,150.29296875,2,27
2.2350684699995327,-0.4140625,-1.1328125,9.890625,0.0,0.0,0.0,-0.0574951171875,0.0208740234375,-0.00115966796875,0.99810791015625,0.3515625,-1.04296875,9.75390625,0.0,0.0,0.0,-0.0533447265625,-0.019287109375,0.00103759765625,0.9984130859375,150.29296875,2,27
2.240067843998986,-0.4140625,-1.1328125,9.890625,0.0,0.0,0.0,-0.0574951171875,0.0208740234375,-0.00115966796875,0.99810791015625,0.3515625,-1.04296875,9.75390625,0.0,0.0,0.0,-0.0533447265625,-0.019287109375,0.00103759765625,0.9984130859375,150.29296875,2,28
2.245072435000111,-0.4140625,-1.1328125,9.890625,0.0,0.0,0.0,-0.0574951171875,0.0208740234375,-0.00115966796875,0.99810791015625,0.3515625,-1.04296875,9.75390625,0.0,0.0,0.0,-0.0533447265625,-0.019287109375,0.00103759765625,0.9984130859375,150.29296875,2,28
2.2500671689995215,-0.4140625,-1.1328125,9.890625,0.0,0.0,0.0,-0.0574951171875,0.0208740234375,-0.00115966796875,0.99810791015625,0.3515625,-1.04296875,9.75390625,0.0,0.0,0.0,-0.0533447265625,-0.01922607421875,0.00103759765625,0.9984130859375,150.29296875,1,28
2.255067695999969,-0.4140625,-1.1328125,9.890625,0.0,0.0,0.0,-0.0574951171875,0.0208740234375,-0.00115966796875,0.99810791015625,0.3515625,-1.04296875,9.75390625,0.0,0.0,0.0,-0.0533447265625,-0.01922607421875,0.00103759765625,0.9984130859375,150.29296875,1,28
2.2600692140003957,-0.4140625,-1.1328125,9.890625,0.0,0.0,0.0,-0.0574951171875,0.0208740234375,-0.00115966796875,0.99810791015625,0.3515625,-1.04296875,9.75390625,0.0,0.0,0.0,-0.0533447265625,-0.01922607421875,0.00103759765625,0.9984130859375,150.29296875,1,27
2.2650672439995105,-0.4140625,-1.1328125,9.890625,0.0,0.0,0.0,-0.0574951171875,0.0208740234375,-0.00115966796875,0.99810791015625,0.390625,-1.04296875,9.75,0.0,0.0,0.0,-0.0533447265625,-0.01922607421875,0.00103759765625,0.9984130859375,150.380859375,1,27
2.2700683789989853,-0.4140625,-1.1328125,9.890625,0.0,0.0,0.0,-0.0574951171875,0.0208740234375,-0.00115966796875,0.99810791015625,0.390625,-1.04296875,9.75,0.0,0.0,0.0,-0.0533447265625,-0.01922607421875,0.00103759765625,0.9984130859375,150.380859375,1,27
2.2750711770004273,-0.4140625,-1.1328125,9.890625,0.0,0.0,0.0,-0.0574951171875,0.0208740234375,-0.00115966796875,0.99810791015625,0.390625,-1.04296875,9.75,0.0,0.0,0.0,-0.0533447265625,-0.01922607421875,0.00103759765625,0.9984130859375,150.29296875,1,26
2.280102362999969,-0.4140625,-1.1328125,9.890625,0.0,0.0,0.0,-0.0574951171875,0.0208740234375,-0.00115966796875,0.99810791015625,0.390625,-1.04296875,9.75,0.0,0.0,0.0,-0.0533447265625,-0.01922607421875,0.00103759765625,0.9984130859375,150.29296875,1,26
2.2850967769991257,-0.4140625,-1.1328125,9.890625,0.0,0.0,0.0,-0.0574951171875,0.0208740234375,-0.00115966796875,0.99810791015625,0.390625,-1.04296875,9.75,0.0,0.0,0.0,-0.0533447265625,-0.01922607421875,0.00103759765625,0.9984130859375,150.380859375,0,26
2.2900952549989597,-0.4140625,-1.1328125,9.890625,0.0,0.0,0.0,-0.0574951171875,0.0208740234375,-0.00115966796875,0.99810791015625,0.390625,-1.04296875,9.75,0.0,0.0,0.0,-0.0533447265625,-0.01922607421875,0.00103759765625,0.9984130859375,150.380859375,0,26
2.2950807079996594,-0.4140625,-1.1328125,9.890625,0.0,0.0,0.0,-0.0574951171875,0.0208740234375,-0.00115966796875,0.99810791015625,0.390625,-1.04296875,9.75,0.0,0.0,0.0,-0.0533447265625,-0.01922607421875,0.00103759765625,0.9984130859375,150.29296875,0,26
2.3000718250004866,-0.4140625,-1.1328125,9.890625,0.0,0.0,0.0,-0.0574951171875,0.0208740234375,-0.00115966796875,0.99810791015625,0.390625,-1.04296875,9.75,0.0,0.0,0.0,-0.0533447265625,-0.01922607421875,0.00103759765625,0.9984130859375,150.29296875,0,29
2.3051102440003888,-0.4140625,-1.1328125,9.890625,0.0,0.0,0.0,-0.0574951171875,0.0208740234375,-0.00115966796875,0.99810791015625,0.390625,-1.04296875,9.75,0.0,0.0,0.0,-0.0533447265625,-0.01922607421875,0.00103759765625,0.9984130859375,150.29296875,2,29
2.31006993399933,-0.4140625,-1.1328125,9.890625,0.0,0.0,0.0,-0.0574951171875,0.0208740234375,-0.00115966796875,0.99810791015625,0.390625,-1.04296875,9.75,0.0,0.0,0.0,-0.0533447265625,-0.01922607421875,0.00103759765625,0.9984130859375,150.29296875,2,29
2.315065307999248,-0.4140625,-1.1328125,9.890625,0.0,0.0,0.0,-0.0574951171875,0.0208740234375,-0.00115966796875,0.99810791015625,0.390625,-1.04296875,9.75,0.0,0.0,0.0,-0.0533447265625,-0.01922607421875,0.00103759765625,0.9984130859375,150.29296875,2,27
2.320069290999527,-0.4140625,-1.1328125,9.890625,0.0,0.0,0.0,-0.0574951171875,0.0208740234375,-0.00115966796875,0.99810791015625,0.390625,-1.04296875,9.75,0.0,0.0,0.0,-0.0533447265625,-0.01922607421875,0.00103759765625,0.9984130859375,150.29296875,2,27
2.32505986400065,-0.4140625,-1.1328125,9.890625,0.0,0.0,0.0,-0.0574951171875,0.0208740234375,-0.00115966796875,0.99810791015625,0.390625,-1.04296875,9.75,0.0,0.0,0.0,-0.0533447265625,-0.01922607421875,0.00103759765625,0.9984130859375,150.29296875,3,27
2.3300587270005053,-0.4140625,-1.1328125,9.890625,0.0,0.0,0.0,-0.0574951171875,0.0208740234375,-0.00115966796875,0.99810791015625,0.390625,-1.04296875,9.75,0.0,0.0,0.0,-0.0533447265625,-0.01922607421875,0.00103759765625,0.9984130859375,150.29296875,3,27
2.335070581999389,-0.4140625,-1.1328125,9.890625,0.0,0.0,0.0,-0.0574951171875,0.0208740234375,-0.00115966796875,0.99810791015625,0.3515625,-1.04296875,9.75390625,0.0,0.0,0.0,-0.0533447265625,-0.01922607421875,0.00103759765625,0.9984130859375,150.29296875,3,25
2.3400745969993295,-0.4140625,-1.1328125,9.890625,0.0,0.0,0.0,-0.0574951171875,0.0208740234375,-0.00115966796875,0.99810791015625,0.3515625,-1.04296875,9.75390625,0.0,0.0,0.0,-0.0533447265625,-0.01922607421875,0.00103759765625,0.9984130859375,150.29296875,3,25
2.3450584179990983,-0.4140625,-1.1328125,9.890625,0.0,0.0,0.0,-0.0574951171875,0.0208740234375,-0.00115966796875,0.99810791015625,0.3515625,-1.04296875,9.75390625,0.0,0.0,0.0,-0.0533447265625,-0.01922607421875,0.00103759765625,0.9984130859375,150.29296875,2,25
2.3500587199996517,-0.4140625,-1.1328125,9.890625,0.0,0.0,0.0,-0.0574951171875,0.0208740234375,-0.00115966796875,0.99810791015625,0.3515625,-1.04296875,9.75390625,0.0,0.0,0.0,-0.0533447265625,-0.01922607421875,0.00103759765625,0.9984130859375,150.29296875,2,25
2.3550651030000154,-0.4140625,-1.1328125,9.890625,0.0,0.0,0.0,-0.0574951171875,0.0208740234375,-0.00115966796875,0.99810791015625,0.3515625,-1.04296875,9.75390625,0.0,0.0,0.0,-0.0533447265625,-0.01922607421875,0.00103759765625,0.9984130859375,150.29296875,2,28
2.360092192000593,-0.4140625,-1.1328125,9.890625,0.0,0.0,0.0,-0.0574951171875,0.0208740234375,-0.00115966796875,0.99810791015625,0.3515625,-1.04296875,9.75390625,0.0,0.0,0.0,-0.0533447265625,-0.01922607421875,0.00103759765625,0.9984130859375,150.29296875,2,28
2.365060554999218,-0.4140625,-1.1328125,9.890625,0.0,0.0,0.0,-0.0574951171875,0.0208740234375,-0.00115966796875,0.99810791015625,0.3515625,-1.04296875,9.75390625,0.0,0.0,0.0,-0.0533447265625,-0.01922607421875,0.00103759765625,0.9984130859375,150.29296875,2,28
2.3700573699989036,-0.4140625,-1.171875,9.89453125,0.0,0.0,0.0,-0.0574951171875,0.0208740234375,-0.00115966796875,0.99810791015625,0.3515625,-1.04296875,9.75390625,0.0,0.0,0.0,-0.0533447265625,-0.01922607421875,0.00103759765625,0.9984130859375,150.380859375,2,28
2.3750650649999443,-0.4140625,-1.171875,9.89453125,0.0,0.0,0.0,-0.0574951171875,0.0208740234375,-0.00115966796875,0.99810791015625,0.3515625,-1.04296875,9.75390625,0.0,0.0,0.0,-0.0533447265625,-0.01922607421875,0.00103759765625,0.9984130859375,150.29296875,2,24
2.38006335099999,-0.4140625,-1.171875,9.89453125,0.0,0.0,0.0,-0.0574951171875,0.0208740234375,-0.00115966796875,0.99810791015625,0.3515625,-1.04296875,9.75390625,0.0,0.0,0.0,-0.0533447265625,-0.01922607421875,0.00103759765625,0.9984130859375,150.29296875,2,24
2.385058948999358,-0.4140625,-1.171875,9.89453125,0.0,0.0,0.0,-0.0574951171875,0.0208740234375,-0.00115966796875,0.99810791015625,0.3515625,-1.04296875,9.75390625,0.0,0.0,0.0,-0.0533447265625,-0.01922607421875,0.00103759765625,0.9984130859375,150.380859375,2,24
2.390064627999891,-0.4140625,-1.1328125,9.890625,0.0,0.0,0.0,-0.0574951171875,0.0208740234375,-0.00115966796875,0.99810791015625,0.3515625,-1.04296875,9.75390625,0.0,0.0,0.0,-0.0533447265625,-0.01922607421875,0.00103759765625,0.9984130859375,150.29296875,2,26
2.3950649939997675,-0.4140625,-1.1328125,9.890625,0.0,0.0,0.0,-0.0574951171875,0.0208740234375,-0.00115966796875,0.99810791015625,0.3515625,-1.04296875,9.75390625,0.0,0.0,0.0,-0.0533447265625,-0.01922607421875,0.00103759765625,0.9984130859375,150.29296875,2,26
2.4000680489989463,-0.4140625,-1.1328125,9.890625,0.0,0.0,0.0,-0.0574951171875,0.0208740234375,-0.00115966796875,0.99810791015625,0.3515625,-1.04296875,9.75390625,0.0,0.0,0.0,-0.0533447265625,-0.01922607421875,0.00103759765625,0.9984130859375,150.29296875,3,26
2.4050586859993928,-0.4140625,-1.1328125,9.890625,0.0,0.0,0.0,-0.0574951171875,0.0208740234375,-0.00115966796875,0.99810791015625,0.3515625,-1.04296875,9.75390625,0.0,0.0,0.0,-0.0533447265625,-0.01922607421875,0.00103759765625,0.9984130859375,150.29296875,3,26
2.4100629889999254,-0.4140625,-1.1328125,9.890625,0.0,0.0,0.0,-0.0574951171875,0.0208740234375,-0.00115966796875,0.99810791015625,0.3515625,-1.04296875,9.75390625,0.0,0.0,0.0,-0.0533447265625,-0.0191650390625,0.00103759765625,0.9984130859375,150.29296875,3,26
2.4150703639988933,-0.4140625,-1.1328125,9.890625,0.0,0.0,0.0,-0.0574951171875,0.0208740234375,-0.00115966796875,0.99810791015625,0.3515625,-1.04296875,9.75390625,0.0,0.0,0.0,-0.0533447265625,-0.0191650390625,0.00103759765625,0.9984130859375,150.29296875,3,26
2.420059754000249,-0.4140625,-1.1328125,9.890625,0.0,0.0,0.0,-0.0574951171875,0.0208740234375,-0.00115966796875,0.99810791015625,0.3515625,-1.04296875,9.75390625,0.0,0.0,0.0,-0.0533447265625,-0.0191650390625,0.00103759765625,0.9984130859375,150.380859375,2,26
2.4250611120005487,-0.4140625,-1.1328125,9.890625,0.0,0.0,0.0,-0.0574951171875,0.0208740234375,-0.00115966796875,0.99810791015625,0.3515625,-1.04296875,9.75390625,0.0,0.0,0.0,-0.0533447265625,-0.0191650390625,0.00103759765625,0.9984130859375,150.29296875,2,26
2.4300665669998125,-0.4140625,-1.1328125,9.890625,0.0,0.0,0.0,-0.0574951171875,0.0208740234375,-0.00115966796875,0.99810791015625,0.3515625,-1.04296875,9.75390625,0.0,0.0,0.0,-0.0533447265625,-0.0191650390625,0.00103759765625,0.9984130859375,150.29296875,2,25
2.4350725339991186,-0.4140625,-1.1328125,9.890625,0.0,0.0,0.0,-0.0574951171875,0.0208740234375,-0.00115966796875,0.99810791015625,0.3515625,-1.04296875,9.75390625,0.0,0.0,0.0,-0.0533447265625,-0.0191650390625,0.00103759765625,0.9984130859375,150.29296875,1,25
2.4400699559992063,-0.4140625,-1.1328125,9.890625,0.0,0.0,0.0,-0.0574951171875,0.0208740234375,-0.00115966796875,0.99810791015625,0.3515625,-1.04296875,9.75390625,0.0,0.0,0.0,-0.0533447265625,-0.0191650390625,0.00103759765625,0.9984130859375,150.29296875,1,27
2.4458152600000176,-0.4140625,-1.1328125,9.890625,0.0,0.0,0.0,-0.0574951171875,0.0208740234375,-0.00115966796875,0.99810791015625,0.3515625,-1.04296875,9.75390625,0.0,0.0,0.0,-0.0533447265625,-0.0191650390625,0.00103759765625,0.9984130859375,150.29296875,1,27
2.4501217659999384,-0.4140625,-1.1328125,9.890625,0.0,0.0,0.0,-0.0574951171875,0.0208740234375,-0.00115966796875,0.99810791015625,0.390625,-1.04296875,9.75,0.0,0.0,0.0,-0.0533447265625,-0.0191650390625,0.00103759765625,0.9984130859375,150.29296875,1,27
2.4550749600002746,-0.4140625,-1.1328125,9.890625,0.0,0.0,0.0,-0.0574951171875,0.0208740234375,-0.00115966796875,0.99810791015625,0.390625,-1.04296875,9.75,0.0,0.0,0.0,-0.0533447265625,-0.0191650390625,0.00103759765625,0.9984130859375,150.29296875,1,27
2.460080734999792,-0.4140625,-1.1328125,9.890625,0.0,0.0,0.0,-0.0574951171875,0.0208740234375,-0.00115966796875,0.99810791015625,0.390625,-1.04296875,9.75,0.0,0.0,0.0,-0.0533447265625,-0.0191650390625,0.00103759765625,0.9984130859375,150.29296875,1,27
2.465083020999373,-0.4140625,-1.1328125,9.890625,0.0,0.0,0.0,-0.0574951171875,0.0208740234375,-0.00115966796875,0.99810791015625,0.390625,-1.04296875,9.75,0.0,0.0,0.0,-0.0533447265625,-0.0191650390625,0.00103759765625,0.9984130859375,150.29296875,1,26
2.470065817999057,-0.4140625,-1.1328125,9.890625,0.0,0.0,0.0,-0.0574951171875,0.0208740234375,-0.00115966796875,0.99810791015625,0.390625,-1.04296875,9.75,0.0,0.0,0.0,-0.0533447265625,-0.0191650390625,0.00103759765625,0.9984130859375,150.29296875,1,26
2.4750588560000324,-0.4140625,-1.1328125,9.890625,0.0,0.0,0.0,-0.0574951171875,0.0208740234375,-0.00115966796875,0.99810791015625,0.390625,-1.04296875,9.75,0.0,0.0,0.0,-0.0533447265625,-0.0191650390625,0.00103759765625,0.9984130859375,150.29296875,4,26
2.480058838000332,-0.4140625,-1.1328125,9.890625,0.0,0.0,0.0,-0.0574951171875,0.0208740234375,-0.00115966796875,0.99810791015625,0.390625,-1.04296875,9.75,0.0,0.0,0.0,-0.0533447265625,-0.0191650390625,0.00103759765625,0.9984130859375,150.29296875,4,26
2.485063428999638,-0.4140625,-1.1328125,9.890625,0.0,0.0,0.0,-0.0574951171875,0.0208740234375,-0.00115966796875,0.99810791015625,0.390625,-1.04296875,9.75,0.0,0.0,0.0,-0.0533447265625,-0.0191650390625,0.00103759765625,0.9984130859375,150.29296875,4,28
2.490065523999874,-0.4140625,-1.1328125,9.890625,0.0,0.0,0.0,-0.0574951171875,0.0208740234375,-0.00115966796875,0.99810791015625,0.390625,-1.04296875,9.75,0.0,0.0,0.0,-0.0533447265625,-0.0191650390625,0.00103759765625,0.9984130859375,150.29296875,4,28
2.4951467299997603,-0.4140625,-1.1328125,9.890625,0.0,0.0,0.0,-0.0574951171875,0.0208740234375,-0.00115966796875,0.99810791015625,0.390625,-1.04296875,9.75,0.0,0.0,0.0,-0.0533447265625,-0.0191650390625,0.00103759765625,0.9984130859375,150.29296875,3,28
2.5000642399991193,-0.4140625,-1.1328125,9.890625,0.0,0.0,0.0,-0.05743408203125,0.0208740234375,-0.00115966796875,0.99810791015625,0.390625,-1.04296875,9.75,0.0,0.0,0.0,-0.0533447265625,-0.0191650390625,0.00103759765625,0.9984130859375,150.29296875,3,28
2.505080447999717,-0.4140625,-1.1328125,9.890625,0.0,0.0,0.0,-0.05743408203125,0.0208740234375,-0.00115966796875,0.99810791015625,0.390625,-1.04296875,9.75,0.0,0.0,0.0,-0.0533447265625,-0.0191650390625,0.00103759765625,0.9984130859375,150.29296875,3,27
2.510094831999595,-0.4140625,-1.1328125,9.890625,0.0,0.0,0.0,-0.05743408203125,0.0208740234375,-0.00115966796875,0.99810791015625,0.390625,-1.04296875,9.75,0.0,0.0,0.0,-0.0533447265625,-0.0191650390625,0.00103759765625,0.9984130859375,150.29296875,3,27
2.515129154000533,-0.4140625,-1.1328125,9.890625,0.0,0.0,0.0,-0.05743408203125,0.0208740234375,-0.00115966796875,0.99810791015625,0.390625,-1.04296875,9.75,0.0,0.0,0.0,-0.0533447265625,-0.0191650390625,0.00103759765625,0.9984130859375,150.29296875,2,27
2.520062985999175,-0.4140625,-1.1328125,9.890625,0.0,0.0,0.0,-0.05743408203125,0.0208740234375,-0.00115966796875,0.99810791015625,0.390625,-1.04296875,9.75,0.0,0.0,0.0,-0.0533447265625,-0.0191650390625,0.00103759765625,0.9984130859375,150.29296875,2,27
2.5250828099997307,-0.4140625,-1.1328125,9.890625,0.0,0.0,0.0,-0.05743408203125,0.0208740234375,-0.00115966796875,0.99810791015625,0.390625,-1.04296875,9.75,0.0,0.0,0.0,-0.0533447265625,-0.0191650390625,0.00103759765625,0.9984130859375,150.29296875,2,25
2.530082825000136,-0.4140625,-1.1328125,9.890625,0.0,0.0,0.0,-0.05743408203125,0.0208740234375,-0.00115966796875,0.99810791015625,0.390625,-1.04296875,9.75,0.0,0.0,0.0,-0.05340576171875,-0.01910400390625,0.00103759765625,0.9984130859375,150.29296875,2,25
2.535062228998868,-0.4140625,-1.1328125,9.890625,0.0,0.0,0.0,-0.05743408203125,0.0208740234375,-0.00115966796875,0.99810791015625,0.390625,-1.04296875,9.75,0.0,0.0,0.0,-0.05340576171875,-0.01910400390625,0.00103759765625,0.9984130859375,150.29296875,1,25
2.5400699879992317,-0.4140625,-1.1328125,9.890625,0.0,0.0,0.0,-0.05743408203125,0.0208740234375,-0.00115966796875,0.99810791015625,0.390625,-1.04296875,9.75,0.0,0.0,0.0,-0.05340576171875,-0.01910400390625,0.00103759765625,0.9984130859375,150.29296875,1,25
2.5450660019996576,-0.4140625,-1.1328125,9.890625,0.0,0.0,0.0,-0.05743408203125,0.0208740234375,-0.00115966796875,0.99810791015625,0.3515625,-1.04296875,9.75390625,0.0,0.0,0.0,-0.05340576171875,-0.01910400390625,0.00103759765625,0.9984130859375,150.29296875,1,26
2.550070560999302,-0.4140625,-1.1328125,9.890625,0.0,0.0,0.0,-0.05743408203125,0.0208740234375,-0.00115966796875,0.99810791015625,0.3515625,-1.04296875,9.75390625,0.0,0.0,0.0,-0.05340576171875,-0.01910400390625,0.00103759765625,0.9984130859375,150.29296875,1,26
2.555059693999283,-0.4140625,-1.1328125,9.890625,0.0,0.0,0.0,-0.05743408203125,0.0208740234375,-0.00115966796875,0.99810791015625,0.3515625,-1.04296875,9.75390625,0.0,0.0,0.0,-0.05340576171875,-0.01910400390625,0.00103759765625,0.9984130859375,150.29296875,2,26
2.5600654690006195,-0.4140625,-1.1328125,9.890625,0.0,0.0,0.0,-0.05743408203125,0.0208740234375,-0.00115966796875,0.99810791015625,0.3515625,-1.04296875,9.75390625,0.0,0.0,0.0,-0.05340576171875,-0.01910400390625,0.00103759765625,0.9984130859375,150.29296875,2,27
2.5650648119990365,-0.4140625,-1.1328125,9.890625,0.0,0.0,0.0,-0.05743408203125,0.0208740234375,-0.00115966796875,0.99810791015625,0.3515625,-1.04296875,9.75390625,0.0,0.0,0.0,-0.05340576171875,-0.01910400390625,0.00103759765625,0.9984130859375,150.29296875,2,27
2.5700678339999286,-0.4140625,-1.1328125,9.890625,0.0,0.0,0.0,-0.05743408203125,0.0208740234375,-0.00115966796875,0.99810791015625,0.3515625,-1.04296875,9.75390625,0.0,0.0,0.0,-0.05340576171875,-0.01910400390625,0.00103759765625,0.9984130859375,150.29296875,1,27
2.5750646159995085,-0.4140625,-1.1328125,9.890625,0.0,0.0,0.0,-0.05743408203125,0.0208740234375,-0.00115966796875,0.99810791015625,0.3515625,-1.04296875,9.75390625,0.0,0.0,0.0,-0.05340576171875,-0.01910400390625,0.00103759765625,0.9984130859375,150.29296875,1,27
2.5800610780006537,-0.4140625,-1.1328125,9.890625,0.0,0.0,0.0,-0.05743408203125,0.0208740234375,-0.00115966796875,0.99810791015625,0.3515625,-1.04296875,9.75390625,0.0,0.0,0.0,-0.05340576171875,-0.01910400390625,0.00103759765625,0.9984130859375,150.29296875,1,25
2.5850660529995366,-0.4140625,-1.1328125,9.890625,0.0,0.0,0.0,-0.05743408203125,0.0208740234375,-0.00115966796875,0.99810791015625,0.3515625,-1.04296875,9.75390625,0.0,0.0,0.0,-0.05340576171875,-0.01910400390625,0.00103759765625,0.9984130859375,150.29296875,1,25
2.5900799890005146,-0.4140625,-1.1328125,9.890625,0.0,0.0,0.0,-0.05743408203125,0.0208740234375,-0.00115966796875,0.99810791015625,0.3515625,-1.04296875,9.75390625,0.0,0.0,0.0,-0.05340576171875,-0.01910400390625,0.00103759765625,0.9984130859375,150.29296875,0,25
2.5950610889995005,-0.4140625,-1.1328125,9.890625,0.0,0.0,0.0,-0.05743408203125,0.0208740234375,-0.00115966796875,0.99810791015625,0.3515625,-1.04296875,9.75390625,0.0,0.0,0.0,-0.05340576171875,-0.01910400390625,0.00103759765625,0.9984130859375,150.29296875,0,25
2.600075377000394,-0.4140625,-1.1328125,9.890625,0.0,0.0,0.0,-0.05743408203125,0.0208740234375,-0.00115966796875,0.99810791015625,0.3515625,-1.04296875,9.75390625,0.0,0.0,0.0,-0.05340576171875,-0.01910400390625,0.00103759765625,0.9984130859375,150.29296875,0,28
2.606156714999088,-0.4140625,-1.1328125,9.890625,0.0,0.0,0.0,-0.05743408203125,0.0208740234375,-0.00115966796875,0.99810791015625,0.3515625,-1.04296875,9.75390625,0.0,0.0,0.0,-0.05340576171875,-0.01910400390625,0.00103759765625,0.9984130859375,150.29296875,0,28
2.6100873750001483,-0.4140625,-1.1328125,9.890625,0.0,0.0,0.0,-0.05743408203125,0.0208740234375,-0.00115966796875,0.99810791015625,0.3515625,-1.04296875,9.75390625,0.0,0.0,0.0,-0.05340576171875,-0.01910400390625,0.00103759765625,0.9984130859375,150.380859375,3,28
2.6150653069998953,-0.4140625,-1.1328125,9.890625,0.0,0.0,0.0,-0.05743408203125,0.0208740234375,-0.00115966796875,0.99810791015625,0.390625,-1.0078125,9.75,0.0,0.0,0.0,-0.05340576171875,-0.01910400390625,0.00103759765625,0.9984130859375,150.29296875,3,28
2.6200882680004725,-0.4140625,-1.1328125,9.890625,0.0,0.0,0.0,-0.05743408203125,0.0208740234375,-0.00115966796875,0.99810791015625,0.390625,-1.0078125,9.75,0.0,0.0,0.0,-0.05340576171875,-0.01910400390625,0.00103759765625,0.9984130859375,150.29296875,3,26
2.625071800999649,-0.4140625,-1.1328125,9.890625,0.0,0.0,0.0,-0.05743408203125,0.0208740234375,-0.00115966796875,0.99810791015625,0.390625,-1.0078125,9.75,0.0,0.0,0.0,-0.05340576171875,-0.01910400390625,0.00103759765625,0.9984130859375,150.29296875,3,26
2.6300594940003066,-0.4140625,-1.1328125,9.890625,0.0,0.0,0.0,-0.05743408203125,0.0208740234375,-0.00115966796875,0.99810791015625,0.390625,-1.0078125,9.75,0.0,0.0,0.0,-0.05340576171875,-0.01910400390625,0.00103759765625,0.9984130859375,150.29296875,3,26
2.635059795999041,-0.4140625,-1.1328125,9.890625,0.0,0.0,0.0,-0.05743408203125,0.0208740234375,-0.00115966796875,0.99810791015625,0.390625,-1.0078125,9.75,0.0,0.0,0.0,-0.05340576171875,-0.01910400390625,0.00103759765625,0.9984130859375,150.380859375,3,26
2.6400705960004416,-0.4140625,-1.1328125,9.890625,0.0,0.0,0.0,-0.05743408203125,0.0208740234375,-0.00115966796875,0.99810791015625,0.390625,-1.0078125,9.75,0.0,0.0,0.0,-0.05340576171875,-0.01910400390625,0.00103759765625,0.9984130859375,150.29296875,3,25
2.6450687540000217,-0.4140625,-1.1328125,9.890625,0.0,0.0,0.0,-0.05743408203125,0.0208740234375,-0.00115966796875,0.99810791015625,0.390625,-1.0078125,9.75,0.0,0.0,0.0,-0.05340576171875,-0.01910400390625,0.00103759765625,0.9984130859375,150.29296875,3,25
2.650063135999517,-0.4140625,-1.1328125,9.890625,0.0,0.0,0.0,-0.05743408203125,0.0208740234375,-0.00115966796875,0.99810791015625,0.390625,-1.04296875,9.75,0.0,0.0,0.0,-0.05340576171875,-0.01910400390625,0.0010986328125,0.9984130859375,150.29296875,2,25
2.6550619339996047,-0.4140625,-1.1328125,9.890625,0.0,0.0,0.0,-0.05743408203125,0.0208740234375,-0.00115966796875,0.99810791015625,0.390625,-1.04296875,9.75,0.0,0.0,0.0,-0.05340576171875,-0.01910400390625,0.0010986328125,0.9984130859375,150.29296875,2,25
2.6600670049992914,-0.4140625,-1.1328125,9.890625,0.0,0.0,0.0,-0.05743408203125,0.0208740234375,-0.00115966796875,0.99810791015625,0.390625,-1.04296875,9.75,0.0,0.0,0.0,-0.05340576171875,-0.01910400390625,0.0010986328125,0.9984130859375,150.29296875,2,27
2.6650670519993582,-0.4140625,-1.1328125,9.890625,0.0,0.0,0.0,-0.05743408203125,0.0208740234375,-0.00115966796875,0.99810791015625,0.390625,-1.04296875,9.75,0.0,0.0,0.0,-0.05340576171875,-0.01910400390625,0.0010986328125,0.9984130859375,150.29296875,2,27
2.670062842000334,-0.4140625,-1.1328125,9.890625,0.0,0.0,0.0,-0.05743408203125,0.0208740234375,-0.00115966796875,0.99810791015625,0.390625,-1.04296875,9.75,0.0,0.0,0.0,-0.05340576171875,-0.01910400390625,0.0010986328125,0.9984130859375,150.29296875,1,27
2.675057991000358,-0.4140625,-1.1328125,9.890625,0.0,0.0,0.0,-0.05743408203125,0.0208740234375,-0.00115966796875,0.99810791015625,0.390625,-1.04296875,9.75,0.0,0.0,0.0,-0.05340576171875,-0.01910400390625,0.0010986328125,0.9984130859375,150.29296875,1,27
2.6800885689990537,-0.4140625,-1.1328125,9.890625,0.0,0.0,0.0,-0.05743408203125,0.0208740234375,-0.00115966796875,0.99810791015625,0.390625,-1.04296875,9.75,0.0,0.0,0.0,-0.05340576171875,-0.01910400390625,0.0010986328125,0.9984130859375,150.29296875,1,26
2.68509159200039,-0.4140625,-1.1328125,9.890625,0.0,0.0,0.0,-0.05743408203125,0.0208740234375,-0.00115966796875,0.99810791015625,0.390625,-1.04296875,9.75,0.0,0.0,0.0,-0.05340576171875,-0.01910400390625,0.0010986328125,0.9984130859375,150.29296875,1,26
2.6900652989988885,-0.4140625,-1.1328125,9.890625,0.0,0.0,0.0,-0.05743408203125,0.0208740234375,-0.00115966796875,0.99810791015625,0.390625,-1.04296875,9.75,0.0,0.0,0.0,-0.05340576171875,-0.01910400390625,0.0010986328125,0.9984130859375,150.380859375,2,26
2.6950581450000755,-0.4140625,-1.1328125,9.890625,0.0,0.0,0.0,-0.05743408203125,0.0208740234375,-0.00115966796875,0.99810791015625,0.390625,-1.04296875,9.75,0.0,0.0,0.0,-0.05340576171875,-0.01910400390625,0.0010986328125,0.9984130859375,150.29296875,2,26
2.7000979389995337,-0.4140625,-1.1328125,9.890625,0.0,0.0,0.0,-0.05743408203125,0.0208740234375,-0.00115966796875,0.99810791015625,0.390625,-1.04296875,9.75,0.0,0.0,0.0,-0.05340576171875,-0.01910400390625,0.0010986328125,0.9984130859375,150.29296875,2,27
2.705173128999377,-0.4140625,-1.1328125,9.890625,0.0,0.0,0.0,-0.05743408203125,0.0208740234375,-0.00115966796875,0.99810791015625,0.3515625,-1.04296875,9.75390625,0.0,0.0,0.0,-0.05340576171875,-0.01910400390625,0.0010986328125,0.9984130859375,150.29296875,2,27
2.710059564000403,-0.4140625,-1.171875,9.89453125,0.0,0.0,0.0,-0.05743408203125,0.0208740234375,-0.00115966796875,0.99810791015625,0.3515625,-1.04296875,9.75390625,0.0,0.0,0.0,-0.05340576171875,-0.01910400390625,0.0010986328125,0.9984130859375,150.29296875,0,27
2.715064091000386,-0.4140625,-1.171875,9.89453125,0.0,0.0,0.0,-0.05743408203125,0.0208740234375,-0.00115966796875,0.99810791015625,0.3515625,-1.04296875,9.75390625,0.0,0.0,0.0,-0.05340576171875,-0.01910400390625,0.0010986328125,0.9984130859375,150.29296875,0,27
2.720077099000264,-0.4140625,-1.171875,9.89453125,0.0,0.0,0.0,-0.05743408203125,0.0208740234375,-0.00115966796875,0.99810791015625,0.3515625,-1.04296875,9.75390625,0.0,0.0,0.0,-0.05340576171875,-0.01910400390625,0.0010986328125,0.9984130859375,150.29296875,0,24
2.7250597040001594,-0.4140625,-1.171875,9.89453125,0.0,0.0,0.0,-0.05743408203125,0.0208740234375,-0.00115966796875,0.99810791015625,0.3515625,-1.04296875,9.75390625,0.0,0.0,0.0,-0.05340576171875,-0.01910400390625,0.0010986328125,0.9984130859375,150.29296875,0,24
2.730060742000205,-0.4140625,-1.171875,9.89453125,0.0,0.0,0.0,-0.05743408203125,0.0208740234375,-0.00115966796875,0.99810791015625,0.3515625,-1.04296875,9.75390625,0.0,0.0,0.0,-0.05340576171875,-0.01910400390625,0.0010986328125,0.9984130859375,150.29296875,1,24
2.735067125000569,-0.4140625,-1.171875,9.89453125,0.0,0.0,0.0,-0.05743408203125,0.0208740234375,-0.00115966796875,0.99810791015625,0.3515625,-1.04296875,9.75390625,0.0,0.0,0.0,-0.05340576171875,-0.01910400390625,0.0010986328125,0.9984130859375,150.29296875,1,24
2.74007882099977,-0.4140625,-1.1328125,9.890625,0.0,0.0,0.0,-0.05743408203125,0.0208740234375,-0.00115966796875,0.99810791015625,0.3515625,-1.04296875,9.75390625,0.0,0.0,0.0,-0.05340576171875,-0.01910400390625,0.0010986328125,0.9984130859375,150.29296875,1,28
2.7450663540003006,-0.4140625,-1.1328125,9.890625,0.0,0.0,0.0,-0.05743408203125,0.0208740234375,-0.00115966796875,0.99810791015625,0.3515625,-1.04296875,9.75390625,0.0,0.0,0.0,-0.05340576171875,-0.01910400390625,0.0010986328125,0.9984130859375,150.29296875,1,28
2.7500760330003686,-0.4140625,-1.1328125,9.890625,0.0,0.0,0.0,-0.057373046875,0.0208740234375,-0.00115966796875,0.99810791015625,0.3515625,-1.04296875,9.75390625,0.0,0.0,0.0,-0.05340576171875,-0.01910400390625,0.0010986328125,0.9984130859375,150.29296875,1,28
2.7550653260004765,-0.4140625,-1.1328125,9.890625,0.0,0.0,0.0,-0.057373046875,0.0208740234375,-0.00115966796875,0.99810791015625,0.3515625,-1.04296875,9.75390625,0.0,0.0,0.0,-0.05340576171875,-0.01910400390625,0.0010986328125,0.9984130859375,150.29296875,1,27
2.760095679999722,-0.4140625,-1.1328125,9.890625,0.0,0.0,0.0,-0.057373046875,0.0208740234375,-0.00115966796875,0.99810791015625,0.3515625,-1.04296875,9.75390625,0.0,0.0,0.0,-0.05340576171875,-0.01910400390625,0.0010986328125,0.9984130859375,150.29296875,3,27
2.765074987999469,-0.4140625,-1.1328125,9.890625,0.0,0.0,0.0,-0.057373046875,0.0208740234375,-0.00115966796875,0.99810791015625,0.3515625,-1.04296875,9.75390625,0.0,0.0,0.0,-0.05340576171875,-0.01910400390625,0.0010986328125,0.9984130859375,150.29296875,3,27
2.7701623709999694,-0.4140625,-1.1328125,9.890625,0.0,0.0,0.0,-0.057373046875,0.0208740234375,-0.00115966796875,0.99810791015625,0.3515625,-1.04296875,9.75390625,0.0,0.0,0.0,-0.05340576171875,-0.01910400390625,0.0010986328125,0.9984130859375,150.29296875,3,27
2.7750625039989245,-0.4140625,-1.1328125,9.890625,0.0,0.0,0.0,-0.057373046875,0.0208740234375,-0.00115966796875,0.99810791015625,0.3515625,-1.04296875,9.75390625,0.0,0.0,0.0,-0.05340576171875,-0.01910400390625,0.00103759765625,0.9984130859375,150.29296875,3,28
2.780068534999373,-0.4140625,-1.1328125,9.890625,0.0,0.0,0.0,-0.057373046875,0.0208740234375,-0.00115966796875,0.99810791015625,0.3515625,-1.04296875,9.75390625,0.0,0.0,0.0,-0.05340576171875,-0.01910400390625,0.00103759765625,0.9984130859375,150.29296875,3,28
2.7850665009991644,-0.4140625,-1.1328125,9.890625,0.0,0.0,0.0,-0.057373046875,0.0208740234375,-0.00115966796875,0.99810791015625,0.3515625,-1.04296875,9.75390625,0.0,0.0,0.0,-0.05340576171875,-0.01910400390625,0.00103759765625,0.9984130859375,150.29296875,3,28
2.7900630589992943,-0.4140625,-1.1328125,9.890625,0.0,0.0,0.0,-0.057373046875,0.0208740234375,-0.00115966796875,0.99810791015625,0.3515625,-1.04296875,9.75390625,0.0,0.0,0.0,-0.05340576171875,-0.01910400390625,0.00103759765625,0.9984130859375,150.29296875,3,30
2.79506134499934,-0.4140625,-1.1328125,9.890625,0.0,0.0,0.0,-0.057373046875,0.0208740234375,-0.00115966796875,0.99810791015625,0.3515625,-1.04296875,9.75390625,0.0,0.0,0.0,-0.05340576171875,-0.01910400390625,0.00103759765625,0.9984130859375,150.29296875,3,30
2.800071088999175,-0.4140625,-1.1328125,9.890625,0.0,0.0,0.0,-0.057373046875,0.0208740234375,-0.00115966796875,0.99810791015625,0.3515625,-1.04296875,9.75390625,0.0,0.0,0.0,-0.05340576171875,-0.01910400390625,0.00103759765625,0.9984130859375,150.29296875,1,30
2.805099874000007,-0.4140625,-1.1328125,9.890625,0.0,0.0,0.0,-0.057373046875,0.0208740234375,-0.00115966796875,0.99810791015625,0.3515625,-1.04296875,9.75390625,0.0,0.0,0.0,-0.05340576171875,-0.01910400390625,0.00103759765625,0.9984130859375,150.29296875,1,30
2.810058795999794,-0.4140625,-1.1328125,9.890625,0.0,0.0,0.0,-0.057373046875,0.0208740234375,-0.00115966796875,0.99810791015625,0.3515625,-1.04296875,9.75390625,0.0,0.0,0.0,-0.05340576171875,-0.01910400390625,0.00103759765625,0.9984130859375,150.29296875,1,30
2.8150583940005163,-0.4140625,-1.1328125,9.890625,0.0,0.0,0.0,-0.057373046875,0.0208740234375,-0.00115966796875,0.99810791015625,0.3515625,-1.04296875,9.75390625,0.0,0.0,0.0,-0.05340576171875,-0.01910400390625,0.00103759765625,0.9984130859375,150.29296875,1,29
2.8200761709995277,-0.4140625,-1.1328125,9.890625,0.0,0.0,0.0,-0.057373046875,0.0208740234375,-0.00115966796875,0.99810791015625,0.3515625,-1.04296875,9.75390625,0.0,0.0,0.0,-0.05340576171875,-0.01910400390625,0.00103759765625,0.9984130859375,150.29296875,1,29
2.825070360000609,-0.4140625,-1.1328125,9.890625,0.0,0.0,0.0,-0.057373046875,0.0208740234375,-0.00115966796875,0.99810791015625,0.390625,-1.04296875,9.75,0.0,0.0,0.0,-0.05340576171875,-0.01910400390625,0.00103759765625,0.9984130859375,150.29296875,1,29
2.830063526000231,-0.4140625,-1.1328125,9.890625,0.0,0.0,0.0,-0.057373046875,0.0208740234375,-0.00115966796875,0.99810791015625,0.390625,-1.04296875,9.75,0.0,0.0,0.0,-0.05340576171875,-0.01910400390625,0.00103759765625,0.9984130859375,150.29296875,1,27
2.8350644370002556,-0.4140625,-1.1328125,9.890625,0.0,0.0,0.0,-0.057373046875,0.0208740234375,-0.00115966796875,0.99810791015625,0.390625,-1.04296875,9.75,0.0,0.0,0.0,-0.05340576171875,-0.01910400390625,0.00103759765625,0.9984130859375,150.29296875,1,27
2.8400708200006193,-0.4140625,-1.1328125,9.890625,0.0,0.0,0.0,-0.057373046875,0.0208740234375,-0.00115966796875,0.99810791015625,0.390625,-1.04296875,9.75,0.0,0.0,0.0,-0.05340576171875,-0.01910400390625,0.00103759765625,0.9984130859375,150.29296875,2,27
2.845078578999164,-0.4140625,-1.1328125,9.890625,0.0,0.0,0.0,-0.057373046875,0.0208740234375,-0.00115966796875,0.99810791015625,0.390625,-1.04296875,9.75,0.0,0.0,0.0,-0.05340576171875,-0.01910400390625,0.00103759765625,0.9984130859375,150.29296875,2,27
2.8500594870001805,-0.4140625,-1.1328125,9.890625,0.0,0.0,0.0,-0.057373046875,0.0208740234375,-0.00115966796875,0.99810791015625,0.390625,-1.04296875,9.75,0.0,0.0,0.0,-0.05340576171875,-0.01910400390625,0.00103759765625,0.9984130859375,150.29296875,2,27
2.8550672460005444,-0.4140625,-1.1328125,9.890625,0.0,0.0,0.0,-0.057373046875,0.0208740234375,-0.00115966796875,0.99810791015625,0.390625,-1.04296875,9.75,0.0,0.0,0.0,-0.05340576171875,-0.01904296875,0.0010986328125,0.9984130859375,150.380859375,2,27
2.860063516000082,-0.4140625,-1.1328125,9.890625,0.0,0.0,0.0,-0.057373046875,0.0208740234375,-0.00115966796875,0.99810791015625,0.390625,-1.04296875,9.75,0.0,0.0,0.0,-0.05340576171875,-0.01904296875,0.0010986328125,0.9984130859375,150.380859375,2,27
2.8650668909995147,-0.4140625,-1.1328125,9.890625,0.0,0.0,0.0,-0.057373046875,0.0208740234375,-0.00115966796875,0.99810791015625,0.390625,-1.04296875,9.75,0.0,0.0,0.0,-0.05340576171875,-0.01904296875,0.0010986328125,0.9984130859375,150.29296875,2,27
2.870084506999774,-0.4140625,-1.1328125,9.890625,0.0,0.0,0.0,-0.057373046875,0.0208740234375,-0.00115966796875,0.99810791015625,0.390625,-1.04296875,9.75,0.0,0.0,0.0,-0.05340576171875,-0.01904296875,0.0010986328125,0.9984130859375,150.29296875,2,27
2.875060422999013,-0.4140625,-1.1328125,9.890625,0.0,0.0,0.0,-0.057373046875,0.0208740234375,-0.00115966796875,0.99810791015625,0.390625,-1.04296875,9.75,0.0,0.0,0.0,-0.05340576171875,-0.01904296875,0.0010986328125,0.9984130859375,150.29296875,1,27
2.8800665180006035,-0.4140625,-1.1328125,9.890625,0.0,0.0,0.0,-0.057373046875,0.0208740234375,-0.00115966796875,0.99810791015625,0.390625,-1.04296875,9.75,0.0,0.0,0.0,-0.05340576171875,-0.01904296875,0.0010986328125,0.9984130859375,150.29296875,1,27
2.885090919000504,-0.4140625,-1.1328125,9.890625,0.0,0.0,0.0,-0.057373046875,0.0208740234375,-0.00115966796875,0.99810791015625,0.390625,-1.04296875,9.75,0.0,0.0,0.0,-0.05340576171875,-0.01904296875,0.0010986328125,0.9984130859375,150.29296875,1,26
2.8900644029999967,-0.4140625,-1.1328125,9.890625,0.0,0.0,0.0,-0.057373046875,0.0208740234375,-0.00115966796875,0.99810791015625,0.390625,-1.04296875,9.75,0.0,0.0,0.0,-0.05340576171875,-0.01904296875,0.0010986328125,0.9984130859375,150.29296875,1,26
2.8950611210002535,-0.4140625,-1.1328125,9.890625,0.0,0.0,0.0,-0.057373046875,0.0208740234375,-0.00115966796875,0.99810791015625,0.390625,-1.04296875,9.75,0.0,0.0,0.0,-0.05340576171875,-0.01904296875,0.0010986328125,0.9984130859375,150.29296875,1,26
2.900127765999059,-0.4140625,-1.1328125,9.890625,0.0,0.0,0.0,-0.057373046875,0.0208740234375,-0.00115966796875,0.99810791015625,0.390625,-1.04296875,9.75,0.0,0.0,0.0,-0.05340576171875,-0.01904296875,0.0010986328125,0.9984130859375,150.29296875,1,26
2.90507750299912,-0.4140625,-1.1328125,9.890625,0.0,0.0,0.0,-0.057373046875,0.0208740234375,-0.00115966796875,0.99810791015625,0.390625,-1.04296875,9.75,0.0,0.0,0.0,-0.05340576171875,-0.01904296875,0.0010986328125,0.9984130859375,150.29296875,1,23
2.910062251999989,-0.4140625,-1.1328125,9.890625,0.0,0.0,0.0,-0.057373046875,0.0208740234375,-0.00115966796875,0.99810791015625,0.390625,-1.04296875,9.75,0.0,0.0,0.0,-0.05340576171875,-0.01904296875,0.0010986328125,0.9984130859375,150.29296875,2,23
2.915062587000648,-0.4140625,-1.1328125,9.890625,0.0,0.0,0.0,-0.057373046875,0.0208740234375,-0.00115966796875,0.99810791015625,0.390625,-1.04296875,9.75,0.0,0.0,0.0,-0.05340576171875,-0.01904296875,0.0010986328125,0.9984130859375,150.380859375,2,23
2.9200727779989393,-0.4140625,-1.1328125,9.890625,0.0,0.0,0.0,-0.057373046875,0.0208740234375,-0.00115966796875,0.99810791015625,0.390625,-1.04296875,9.75,0.0,0.0,0.0,-0.05340576171875,-0.01904296875,0.0010986328125,0.9984130859375,150.29296875,1,23
2.925109691999751,-0.4140625,-1.1328125,9.890625,0.0,0.0,0.0,-0.057373046875,0.0208740234375,-0.00115966796875,0.99810791015625,0.390625,-1.04296875,9.75,0.0,0.0,0.0,-0.05340576171875,-0.01904296875,0.0010986328125,0.9984130859375,150.29296875,1,23
2.93008173599992,-0.4140625,-1.1328125,9.890625,0.0,0.0,0.0,-0.057373046875,0.0208740234375,-0.00115966796875,0.99810791015625,0.3515625,-1.04296875,9.75390625,0.0,0.0,0.0,-0.05340576171875,-0.01904296875,0.0010986328125,0.9984130859375,150.29296875,1,21
2.935062291999202,-0.4140625,-1.1328125,9.890625,0.0,0.0,0.0,-0.057373046875,0.0208740234375,-0.00115966796875,0.99810791015625,0.3515625,-1.04296875,9.75390625,0.0,0.0,0.0,-0.05340576171875,-0.01904296875,0.0010986328125,0.9984130859375,150.380859375,1,21
2.9400797159996728,-0.4140625,-1.1328125,9.890625,0.0,0.0,0.0,-0.057373046875,0.0208740234375,-0.00115966796875,0.99810791015625,0.3515625,-1.04296875,9.75390625,0.0,0.0,0.0,-0.05340576171875,-0.01904296875,0.0010986328125,0.9984130859375,150.29296875,2,21
2.9451302319994284,-0.4140625,-1.1328125,9.890625,0.0,0.0,0.0,-0.057373046875,0.0208740234375,-0.00115966796875,0.99810791015625,0.3515625,-1.04296875,9.75390625,0.0,0.0,0.0,-0.05340576171875,-0.01904296875,0.0010986328125,0.9984130859375,150.29296875,2,21
2.9500671999994665,-0.4140625,-1.1328125,9.890625,0.0,0.0,0.0,-0.057373046875,0.0208740234375,-0.00115966796875,0.99810791015625,0.3515625,-1.04296875,9.75390625,0.0,0.0,0.0,-0.05340576171875,-0.01904296875,0.0010986328125,0.9984130859375,150.29296875,2,22
2.9550595649998286,-0.4140625,-1.1328125,9.890625,0.0,0.0,0.0,-0.057373046875,0.0208740234375,-0.00115966796875,0.99810791015625,0.3515625,-1.04296875,9.75390625,0.0,0.0,0.0,-0.05340576171875,-0.01904296875,0.0010986328125,0.9984130859375,150.29296875,2,22
2.9600829409992,-0.4140625,-1.1328125,9.890625,0.0,0.0,0.0,-0.057373046875,0.0208740234375,-0.00115966796875,0.99810791015625,0.3515625,-1.04296875,9.75390625,0.0,0.0,0.0,-0.05340576171875,-0.01904296875,0.0010986328125,0.9984130859375,150.29296875,3,22
2.965071306000027,-0.4140625,-1.1328125,9.890625,0.0,0.0,0.0,-0.057373046875,0.0208740234375,-0.00115966796875,0.99810791015625,0.3515625,-1.04296875,9.75390625,0.0,0.0,0.0,-0.05340576171875,-0.01904296875,0.0010986328125,0.9984130859375,150.29296875,3,22
2.9700625829991623,-0.4140625,-1.1328125,9.890625,0.0,0.0,0.0,-0.057373046875,0.0208740234375,-0.00115966796875,0.99810791015625,0.3515625,-1.04296875,9.75390625,0.0,0.0,0.0,-0.05340576171875,-0.01904296875,0.0010986328125,0.9984130859375,150.29296875,3,25
2.9750646769989544,-0.4140625,-1.1328125,9.890625,0.0,0.0,0.0,-0.057373046875,0.0208740234375,-0.00115966796875,0.99810791015625,0.3515625,-1.04296875,9.75390625,0.0,0.0,0.0,-0.05340576171875,-0.01904296875,0.0010986328125,0.9984130859375,150.29296875,3,25
2.9800649150001846,-0.4140625,-1.1328125,9.890625,0.0,0.0,0.0,-0.05731201171875,0.0208740234375,-0.00115966796875,0.99810791015625,0.3515625,-1.04296875,9.75390625,0.0,0.0,0.0,-0.05340576171875,-0.01904296875,0.0010986328125,0.9984130859375,150.29296875,1,25
2.9850701769992156,-0.4140625,-1.1328125,9.890625,0.0,0.0,0.0,-0.05731201171875,0.0208740234375,-0.00115966796875,0.99810791015625,0.3515625,-1.04296875,9.75390625,0.0,0.0,0.0,-0.05340576171875,-0.01904296875,0.0010986328125,0.9984130859375,150.29296875,1,25
2.990064301999155,-0.4140625,-1.1328125,9.890625,0.0,0.0,0.0,-0.05731201171875,0.0208740234375,-0.00115966796875,0.99810791015625,0.3515625,-1.04296875,9.75390625,0.0,0.0,0.0,-0.05340576171875,-0.01904296875,0.0010986328125,0.9984130859375,150.29296875,1,26
2.9950624279990734,-0.4140625,-1.1328125,9.890625,0.0,0.0,0.0,-0.05731201171875,0.0208740234375,-0.00115966796875,0.99810791015625,0.3515625,-1.04296875,9.75390625,0.0,0.0,0.0,-0.05340576171875,-0.01904296875,0.0010986328125,0.9984130859375,150.29296875,3,26
3.0002231300004496,-0.4140625,-1.1328125,9.890625,0.0,0.0,0.0,-0.05731201171875,0.0208740234375,-0.00115966796875,0.99810791015625,0.3515625,-1.04296875,9.75390625,0.0,0.0,0.0,-0.05340576171875,-0.01904296875,0.0010986328125,0.9984130859375,150.29296875,3,26
3.005066039999292,-0.4140625,-1.1328125,9.890625,0.0,0.0,0.0,-0.05731201171875,0.0208740234375,-0.00115966796875,0.99810791015625,0.3515625,-1.04296875,9.75390625,0.0,0.0,0.0,-0.05340576171875,-0.01904296875,0.0010986328125,0.9984130859375,150.29296875,3,25
3.0100708219997614,-0.4140625,-1.1328125,9.890625,0.0,0.0,0.0,-0.05731201171875,0.0208740234375,-0.00115966796875,0.99810791015625,0.3515625,-1.04296875,9.75390625,0.0,0.0,0.0,-0.05340576171875,-0.01904296875,0.0010986328125,0.9984130859375,150.380859375,3,25
3.015062451000631,-0.4140625,-1.1328125,9.890625,0.0,0.0,0.0,-0.05731201171875,0.0208740234375,-0.00115966796875,0.99810791015625,0.3515625,-1.04296875,9.75390625,0.0,0.0,0.0,-0.05340576171875,-0.01904296875,0.0010986328125,0.9984130859375,150.29296875,3,25
3.0200704019989644,-0.4140625,-1.1328125,9.890625,0.0,0.0,0.0,-0.05731201171875,0.0208740234375,-0.00115966796875,0.99810791015625,0.3515625,-1.04296875,9.75390625,0.0,0.0,0.0,-0.05340576171875,-0.01904296875,0.0010986328125,0.9984130859375,150.29296875,3,25
3.025113715999396,-0.4140625,-1.1328125,9.890625,0.0,0.0,0.0,-0.05731201171875,0.0208740234375,-0.00115966796875,0.99810791015625,0.390625,-1.04296875,9.75,0.0,0.0,0.0,-0.05340576171875,-0.01904296875,0.0010986328125,0.9984130859375,150.29296875,3,26
3.0300671969998803,-0.4140625,-1.1328125,9.890625,0.0,0.0,0.0,-0.05731201171875,0.0208740234375,-0.00115966796875,0.99810791015625,0.390625,-1.04296875,9.75,0.0,0.0,0.0,-0.05340576171875,-0.01904296875,0.0010986328125,0.9984130859375,150.29296875,3,26
3.0350751480000326,-0.4140625,-1.171875,9.89453125,0.0,0.0,0.0,-0.05731201171875,0.0208740234375,-0.00115966796875,0.99810791015625,0.390625,-1.04296875,9.75,0.0,0.0,0.0,-0.05340576171875,-0.01904296875,0.0010986328125,0.9984130859375,150.29296875,3,26
3.040073592999761,-0.4140625,-1.171875,9.89453125,0.0,0.0,0.0,-0.05731201171875,0.0208740234375,-0.00115966796875,0.99810791015625,0.390625,-1.04296875,9.75,0.0,0.0,0.0,-0.05340576171875,-0.01904296875,0.0010986328125,0.9984130859375,150.29296875,3,26
3.0450688709988754,-0.4140625,-1.171875,9.89453125,0.0,0.0,0.0,-0.05731201171875,0.0208740234375,-0.00115966796875,0.99810791015625,0.390625,-1.04296875,9.75,0.0,0.0,0.0,-0.05340576171875,-0.01904296875,0.0010986328125,0.9984130859375,150.29296875,3,26
3.050066292000338,-0.4140625,-1.171875,9.89453125,0.0,0.0,0.0,-0.05731201171875,0.0208740234375,-0.00115966796875,0.99810791015625,0.390625,-1.04296875,9.75,0.0,0.0,0.0,-0.05340576171875,-0.01904296875,0.0010986328125,0.9984130859375,150.29296875,2,26
3.0550710429997707,-0.4140625,-1.171875,9.89453125,0.0,0.0,0.0,-0.05731201171875,0.0208740234375,-0.00115966796875,0.99810791015625,0.390625,-1.04296875,9.75,0.0,0.0,0.0,-0.05340576171875,-0.01898193359375,0.0010986328125,0.9984130859375,150.29296875,2,26
3.0600684639994142,-0.4140625,-1.1328125,9.890625,0.0,0.0,0.0,-0.05731201171875,0.0208740234375,-0.00115966796875,0.99810791015625,0.390625,-1.04296875,9.75,0.0,0.0,0.0,-0.05340576171875,-0.01898193359375,0.0010986328125,0.9984130859375,150.29296875,2,21
3.0650646699996287,-0.4140625,-1.1328125,9.890625,0.0,0.0,0.0,-0.05731201171875,0.0208740234375,-0.00115966796875,0.99810791015625,0.390625,-1.04296875,9.75,0.0,0.0,0.0,-0.05340576171875,-0.01898193359375,0.0010986328125,0.9984130859375,150.29296875,1,21
3.0700650029993994,-0.4140625,-1.1328125,9.890625,0.0,0.0,0.0,-0.05731201171875,0.0208740234375,-0.00115966796875,0.99810791015625,0.390625,-1.04296875,9.75,0.0,0.0,0.0,-0.05340576171875,-0.01898193359375,0.0010986328125,0.9984130859375,150.29296875,1,21
3.075073497999256,-0.4140625,-1.1328125,9.890625,0.0,0.0,0.0,-0.05731201171875,0.0208740234375,-0.00115966796875,0.99810791015625,0.390625,-1.04296875,9.75,0.0,0.0,0.0,-0.05340576171875,-0.01898193359375,0.0010986328125,0.9984130859375,150.29296875,1,22
3.0801042669991148,-0.4140625,-1.1328125,9.890625,0.0,0.0,0.0,-0.05731201171875,0.0208740234375,-0.00115966796875,0.99810791015625,0.390625,-1.04296875,9.75,0.0,0.0,0.0,-0.05340576171875,-0.01898193359375,0.0010986328125,0.9984130859375,150.29296875,3,22
3.0850710609993257,-0.4140625,-1.1328125,9.890625,0.0,0.0,0.0,-0.05731201171875,0.0208740234375,-0.00115966796875,0.99810791015625,0.390625,-1.04296875,9.75,0.0,0.0,0.0,-0.05340576171875,-0.01898193359375,0.0010986328125,0.9984130859375,150.29296875,3,22
3.090064419000555,-0.4140625,-1.1328125,9.890625,0.0,0.0,0.0,-0.05731201171875,0.0208740234375,-0.00115966796875,0.99810791015625,0.390625,-1.04296875,9.75,0.0,0.0,0.0,-0.05340576171875,-0.01898193359375,0.0010986328125,0.9984130859375,150.29296875,3,22
3.0950586079998175,-0.4140625,-1.1328125,9.890625,0.0,0.0,0.0,-0.05731201171875,0.0208740234375,-0.00115966796875,0.99810791015625,0.390625,-1.04296875,9.75,0.0,0.0,0.0,-0.05340576171875,-0.01898193359375,0.0010986328125,0.9984130859375,150.29296875,3,25
3.100065373999314,-0.4140625,-1.1328125,9.890625,0.0,0.0,0.0,-0.05731201171875,0.0208740234375,-0.00115966796875,0.99810791015625,0.390625,-1.04296875,9.75,0.0,0.0,0.0,-0.05340576171875,-0.01898193359375,0.0010986328125,0.9984130859375,150.29296875,2,25
3.1050586349992955,-0.4140625,-1.1328125,9.890625,0.0,0.0,0.0,-0.05731201171875,0.0208740234375,-0.00115966796875,0.99810791015625,0.390625,-1.04296875,9.75,0.0,0.0,0.0,-0.05340576171875,-0.01898193359375,0.0010986328125,0.9984130859375,150.29296875,2,25
3.1100627460000396,-0.4140625,-1.1328125,9.890625,0.0,0.0,0.0,-0.05731201171875,0.0208740234375,-0.00115966796875,0.99810791015625,0.3515625,-1.04296875,9.75390625,0.0,0.0,0.0,-0.05340576171875,-0.01898193359375,0.0010986328125,0.9984130859375,150.29296875,2,23
3.115064968000297,-0.4140625,-1.1328125,9.890625,0.0,0.0,0.0,-0.05731201171875,0.0208740234375,-0.00115966796875,0.99810791015625,0.3515625,-1.04296875,9.75390625,0.0,0.0,0.0,-0.05340576171875,-0.01898193359375,0.0010986328125,0.9984130859375,150.380859375,2,23
3.1200706460003858,-0.4140625,-1.1328125,9.890625,0.0,0.0,0.0,-0.05731201171875,0.0208740234375,-0.00115966796875,0.99810791015625,0.3515625,-1.04296875,9.75390625,0.0,0.0,0.0,-0.05340576171875,-0.01898193359375,0.0010986328125,0.9984130859375,150.29296875,1,23
3.1250618909998593,-0.4140625,-1.1328125,9.890625,0.0,0.0,0.0,-0.05731201171875,0.0208740234375,-0.00115966796875,0.99810791015625,0.3515625,-1.04296875,9.75390625,0.0,0.0,0.0,-0.05340576171875,-0.01898193359375,0.0010986328125,0.9984130859375,150.29296875,1,23
3.130058544998974,-0.4140625,-1.1328125,9.890625,0.0,0.0,0.0,-0.05731201171875,0.0208740234375,-0.00115966796875,0.99810791015625,0.3515625,-1.04296875,9.75390625,0.0,0.0,0.0,-0.05340576171875,-0.01898193359375,0.0010986328125,0.9984130859375,150.29296875,1,23
3.135075615999085,-0.4140625,-1.1328125,9.890625,0.0,0.0,0.0,-0.05731201171875,0.0208740234375,-0.00115966796875,0.99810791015625,0.3515625,-1.04296875,9.75390625,0.0,0.0,0.0,-0.05340576171875,-0.01898193359375,0.0010986328125,0.9984130859375,150.29296875,1,23
3.140073869999469,-0.4140625,-1.1328125,9.890625,0.0,0.0,0.0,-0.05731201171875,0.0208740234375,-0.00115966796875,0.99810791015625,0.3515625,-1.04296875,9.75390625,0.0,0.0,0.0,-0.05340576171875,-0.01898193359375,0.0010986328125,0.9984130859375,150.29296875,3,23
3.1450885089998337,-0.4140625,-1.1328125,9.890625,0.0,0.0,0.0,-0.05731201171875,0.0208740234375,-0.00115966796875,0.99810791015625,0.3515625,-1.04296875,9.75390625,0.0,0.0,0.0,-0.05340576171875,-0.01898193359375,0.0010986328125,0.9984130859375,150.29296875,3,23
3.1500790499994764,-0.4140625,-1.1328125,9.890625,0.0,0.0,0.0,-0.05731201171875,0.0208740234375,-0.00115966796875,0.99810791015625,0.3515625,-1.04296875,9.75390625,0.0,0.0,0.0,-0.05340576171875,-0.01898193359375,0.0010986328125,0.9984130859375,150.29296875,3,25
3.1550779119988874,-0.4140625,-1.1328125,9.890625,0.0,0.0,0.0,-0.05731201171875,0.0208740234375,-0.00115966796875,0.99810791015625,0.3515625,-1.04296875,9.75390625,0.0,0.0,0.0,-0.05340576171875,-0.01898193359375,0.0010986328125,0.9984130859375,150.29296875,3,25
3.1600694129992917,-0.4140625,-1.1328125,9.890625,0.0,0.0,0.0,-0.05731201171875,0.0208740234375,-0.00115966796875,0.99810791015625,0.3515625,-1.04296875,9.75390625,0.0,0.0,0.0,-0.05340576171875,-0.01898193359375,0.0010986328125,0.9984130859375,150.29296875,1,25
3.1650961489995098,-0.4140625,-1.1328125,9.890625,0.0,0.0,0.0,-0.05731201171875,0.0208740234375,-0.00115966796875,0.99810791015625,0.3515625,-1.04296875,9.75390625,0.0,0.0,0.0,-0.05340576171875,-0.01898193359375,0.0010986328125,0.9984130859375,150.29296875,1,25
3.170066495998981,-0.4140625,-1.1328125,9.890625,0.0,0.0,0.0,-0.05731201171875,0.0208740234375,-0.00115966796875,0.99810791015625,0.3515625,-1.04296875,9.75390625,0.0,0.0,0.0,-0.05340576171875,-0.01898193359375,0.0010986328125,0.9984130859375,150.29296875,1,22
3.1750708620002115,-0.4140625,-1.1328125,9.890625,0.0,0.0,0.0,-0.05731201171875,0.0208740234375,-0.00115966796875,0.99810791015625,0.3515625,-1.04296875,9.75390625,0.0,0.0,0.0,-0.05340576171875,-0.01898193359375,0.0010986328125,0.9984130859375,150.29296875,1,22
3.1800608270004886,-0.4140625,-1.1328125,9.890625,0.0,0.0,0.0,-0.05731201171875,0.0208740234375,-0.00115966796875,0.99810791015625,0.390625,-1.04296875,9.75,0.0,0.0,0.0,-0.05340576171875,-0.01898193359375,0.0010986328125,0.9984130859375,150.29296875,3,22
3.185070953999457,-0.4140625,-1.1328125,9.890625,0.0,0.0,0.0,-0.05731201171875,0.0208740234375,-0.00115966796875,0.99810791015625,0.390625,-1.04296875,9.75,0.0,0.0,0.0,-0.05340576171875,-0.01898193359375,0.0010986328125,0.9984130859375,150.29296875,3,22
3.1900655270001153,-0.4140625,-1.1328125,9.890625,0.0,0.0,0.0,-0.05731201171875,0.0208740234375,-0.00115966796875,0.99810791015625,0.390625,-1.04296875,9.75,0.0,0.0,0.0,-0.05340576171875,-0.01898193359375,0.0010986328125,0.9984130859375,150.29296875,3,21
3.1950601320004353,-0.4140625,-1.1328125,9.890625,0.0,0.0,0.0,-0.05731201171875,0.0208740234375,-0.00115966796875,0.99810791015625,0.390625,-1.04296875,9.75,0.0,0.0,0.0,-0.05340576171875,-0.01898193359375,0.0010986328125,0.9984130859375,150.29296875,2,21
3.2000624499996775,-0.4140625,-1.1328125,9.890625,0.0,0.0,0.0,-0.05731201171875,0.0208740234375,-0.00115966796875,0.99810791015625,0.390625,-1.04296875,9.75,0.0,0.0,0.0,-0.05340576171875,-0.01898193359375,0.0010986328125,0.9984130859375,150.29296875,2,21
3.205064288000358,-0.4140625,-1.1328125,9.890625,0.0,0.0,0.0,-0.05731201171875,0.0208740234375,-0.00115966796875,0.99810791015625,0.390625,-1.04296875,9.75,0.0,0.0,0.0,-0.05340576171875,-0.01898193359375,0.0010986328125,0.9984130859375,150.29296875,2,23
3.210063309999896,-0.4140625,-1.1328125,9.890625,0.0,0.0,0.0,-0.05731201171875,0.0208740234375,-0.00115966796875,0.99810791015625,0.390625,-1.04296875,9.75,0.0,0.0,0.0,-0.05340576171875,-0.01898193359375,0.0010986328125,0.9984130859375,150.29296875,2,23
3.2150600280001527,-0.4140625,-1.1328125,9.890625,0.0,0.0,0.0,-0.05731201171875,0.0208740234375,-0.00115966796875,0.99810791015625,0.3515625,-1.04296875,9.75390625,0.0,0.0,0.0,-0.05340576171875,-0.01898193359375,0.0010986328125,0.9984130859375,150.29296875,1,23
3.220060232999458,-0.4140625,-1.1328125,9.890625,0.0,0.0,0.0,-0.05731201171875,0.0208740234375,-0.00115966796875,0.99810791015625,0.3515625,-1.04296875,9.75390625,0.0,0.0,0.0,-0.05340576171875,-0.01898193359375,0.0010986328125,0.9984130859375,150.29296875,1,23
3.2250689520005835,-0.4140625,-1.1328125,9.890625,0.0,0.0,0.0,-0.05731201171875,0.0208740234375,-0.00115966796875,0.99810791015625,0.3515625,-1.04296875,9.75390625,0.0,0.0,0.0,-0.05340576171875,-0.01898193359375,0.0010986328125,0.9984130859375,150.29296875,1,25
3.2300722939999105,-0.4140625,-1.1328125,9.890625,0.0,0.0,0.0,-0.05731201171875,0.0208740234375,-0.00115966796875,0.99810791015625,0.3515625,-1.04296875,9.75390625,0.0,0.0,0.0,-0.05340576171875,-0.01898193359375,0.0010986328125,0.9984130859375,150.29296875,1,25
3.2350626749994262,-0.4140625,-1.1328125,9.890625,0.0,0.0,0.0,-0.05731201171875,0.0208740234375,-0.00115966796875,0.99810791015625,0.3515625,-1.04296875,9.75390625,0.0,0.0,0.0,-0.05340576171875,-0.01898193359375,0.0010986328125,0.9984130859375,150.29296875,2,25
3.2400594249993446,-0.4140625,-1.1328125,9.890625,0.0,0.0,0.0,-0.05731201171875,0.0208740234375,-0.00115966796875,0.99810791015625,0.3515625,-1.04296875,9.75390625,0.0,0.0,0.0,-0.05340576171875,-0.01898193359375,0.0010986328125,0.9984130859375,150.29296875,2,21
3.245064655000533,-0.4140625,-1.1328125,9.890625,0.0,0.0,0.0,-0.05731201171875,0.0208740234375,-0.00115966796875,0.99810791015625,0.390625,-1.04296875,9.75,0.0,0.0,0.0,-0.05340576171875,-0.01898193359375,0.0010986328125,0.9984130859375,150.29296875,2,21
3.2500654049999866,-0.4140625,-1.1328125,9.890625,0.0,0.0,0.0,-0.05731201171875,0.0208740234375,-0.00115966796875,0.99810791015625,0.390625,-1.04296875,9.75,0.0,0.0,0.0,-0.05340576171875,-0.01898193359375,0.0010986328125,0.9984130859375,150.29296875,4,21
3.255071723000583,-0.4140625,-1.1328125,9.890625,0.0,0.0,0.0,-0.05731201171875,0.0208740234375,-0.00115966796875,0.99810791015625,0.390625,-1.04296875,9.75,0.0,0.0,0.0,-0.05340576171875,-0.01898193359375,0.0010986328125,0.9984130859375,150.29296875,4,21
3.2602306970002246,-0.4140625,-1.1328125,9.890625,0.0,0.0,0.0,-0.05731201171875,0.0208740234375,-0.00115966796875,0.99810791015625,0.390625,-1.04296875,9.75,0.0,0.0,0.0,-0.05340576171875,-0.01898193359375,0.0010986328125,0.9984130859375,150.29296875,4,23
3.26507779900021,-0.4140625,-1.1328125,9.890625,0.0,0.0,0.0,-0.05731201171875,0.0208740234375,-0.00115966796875,0.99810791015625,0.390625,-1.04296875,9.75,0.0,0.0,0.0,-0.05340576171875,-0.01898193359375,0.0010986328125,0.9984130859375,150.29296875,4,23
3.2700620039995556,-0.4140625,-1.1328125,9.890625,0.0,0.0,0.0,-0.05731201171875,0.0208740234375,-0.00115966796875,0.99810791015625,0.390625,-1.04296875,9.75,0.0,0.0,0.0,-0.05340576171875,-0.01898193359375,0.0010986328125,0.9984130859375,150.29296875,3,23
3.275062529999559,-0.4140625,-1.1328125,9.890625,0.0,0.0,0.0,-0.05731201171875,0.0208740234375,-0.00115966796875,0.99810791015625,0.390625,-1.04296875,9.75,0.0,0.0,0.0,-0.05340576171875,-0.01898193359375,0.0010986328125,0.9984130859375,150.29296875,3,23
3.280069647998971,-0.4140625,-1.171875,9.89453125,0.0,0.0,0.0,-0.0572509765625,0.0208740234375,-0.00115966796875,0.9981689453125,0.390625,-1.04296875,9.75,0.0,0.0,0.0,-0.05340576171875,-0.01898193359375,0.0010986328125,0.9984130859375,150.29296875,3,24
3.285075069999948,-0.4140625,-1.171875,9.89453125,0.0,0.0,0.0,-0.0572509765625,0.0208740234375,-0.00115966796875,0.9981689453125,0.390625,-1.04296875,9.75,0.0,0.0,0.0,-0.05340576171875,-0.01898193359375,0.0010986328125,0.9984130859375,150.29296875,3,24
3.29006125900014,-0.4140625,-1.171875,9.89453125,0.0,0.0,0.0,-0.0572509765625,0.0208740234375,-0.00115966796875,0.9981689453125,0.390625,-1.04296875,9.75,0.0,0.0,0.0,-0.05340576171875,-0.01898193359375,0.0010986328125,0.9984130859375,150.380859375,2,24
3.295066073000271,-0.4140625,-1.171875,9.89453125,0.0,0.0,0.0,-0.0572509765625,0.0208740234375,-0.00115966796875,0.9981689453125,0.390625,-1.04296875,9.75,0.0,0.0,0.0,-0.05340576171875,-0.01898193359375,0.0010986328125,0.9984130859375,150.29296875,2,24
3.3000943139995798,-0.4140625,-1.171875,9.89453125,0.0,0.0,0.0,-0.0572509765625,0.0208740234375,-0.00115966796875,0.9981689453125,0.390625,-1.04296875,9.75,0.0,0.0,0.0,-0.05340576171875,-0.01898193359375,0.0010986328125,0.9984130859375,150.29296875,2,21
3.305068564999601,-0.4140625,-1.171875,9.89453125,0.0,0.0,0.0,-0.0572509765625,0.0208740234375,-0.00115966796875,0.9981689453125,0.390625,-1.04296875,9.75,0.0,0.0,0.0,-0.05340576171875,-0.01898193359375,0.0010986328125,0.9984130859375,150.29296875,2,21
3.3100602260001324,-0.4140625,-1.171875,9.89453125,0.0,0.0,0.0,-0.0572509765625,0.0208740234375,-0.00115966796875,0.9981689453125,0.390625,-1.04296875,9.75,0.0,0.0,0.0,-0.05340576171875,-0.01898193359375,0.0010986328125,0.9984130859375,150.29296875,3,21
3.315125013999932,-0.4140625,-1.171875,9.89453125,0.0,0.0,0.0,-0.0572509765625,0.0208740234375,-0.00115966796875,0.9981689453125,0.390625,-1.04296875,9.75,0.0,0.0,0.0,-0.05340576171875,-0.01898193359375,0.0010986328125,0.9984130859375,150.380859375,3,23
3.3200693750004575,-0.4140625,-1.171875,9.89453125,0.0,0.0,0.0,-0.0572509765625,0.0208740234375,-0.00115966796875,0.9981689453125,0.390625,-1.04296875,9.75,0.0,0.0,0.0,-0.05340576171875,-0.01898193359375,0.0010986328125,0.9984130859375,150.380859375,3,23
3.3250681400004396,-0.4140625,-1.171875,9.89453125,0.0,0.0,0.0,-0.0572509765625,0.0208740234375,-0.00115966796875,0.9981689453125,0.390625,-1.04296875,9.75,0.0,0.0,0.0,-0.05340576171875,-0.01898193359375,0.0010986328125,0.9984130859375,150.29296875,2,23
3.3300621380003577,-0.4140625,-1.171875,9.89453125,0.0,0.0,0.0,-0.0572509765625,0.0208740234375,-0.00115966796875,0.9981689453125,0.390625,-1.04296875,9.75,0.0,0.0,0.0,-0.05340576171875,-0.01898193359375,0.0010986328125,0.9984130859375,150.29296875,2,23
3.335061575000509,-0.4140625,-1.171875,9.89453125,0.0,0.0,0.0,-0.0572509765625,0.0208740234375,-0.00115966796875,0.9981689453125,0.3515625,-1.04296875,9.75390625,0.0,0.0,0.0,-0.05340576171875,-0.01898193359375,0.0010986328125,0.9984130859375,150.29296875,2,20
3.3400781029995414,-0.4140625,-1.171875,9.89453125,0.0,0.0,0.0,-0.0572509765625,0.0208740234375,-0.00115966796875,0.9981689453125,0.3515625,-1.04296875,9.75390625,0.0,0.0,0.0,-0.05340576171875,-0.01898193359375,0.0010986328125,0.9984130859375,150.29296875,2,20
3.345064707000347,-0.4140625,-1.171875,9.89453125,0.0,0.0,0.0,-0.0572509765625,0.0208740234375,-0.00115966796875,0.9981689453125,0.3515625,-1.04296875,9.75390625,0.0,0.0,0.0,-0.05340576171875,-0.01898193359375,0.0010986328125,0.9984130859375,150.29296875,1,20
3.350058383999567,-0.4140625,-1.1328125,9.890625,0.0,0.0,0.0,-0.0572509765625,0.0208740234375,-0.00115966796875,0.9981689453125,0.3515625,-1.04296875,9.75390625,0.0,0.0,0.0,-0.05340576171875,-0.01898193359375,0.0010986328125,0.9984130859375,150.29296875,1,23
3.355061663000015,-0.4140625,-1.1328125,9.890625,0.0,0.0,0.0,-0.0572509765625,0.0208740234375,-0.00115966796875,0.9981689453125,0.3515625,-1.04296875,9.75390625,0.0,0.0,0.0,-0.05340576171875,-0.01898193359375,0.0010986328125,0.9984130859375,150.380859375,1,23
3.360073358000591,-0.4140625,-1.1328125,9.890625,0.0,0.0,0.0,-0.0572509765625,0.0208740234375,-0.00115966796875,0.9981689453125,0.3515625,-1.04296875,9.75390625,0.0,0.0,0.0,-0.05340576171875,-0.01898193359375,0.0010986328125,0.9984130859375,150.380859375,2,23
3.3650681549988803,-0.4140625,-1.1328125,9.890625,0.0,0.0,0.0,-0.0572509765625,0.0208740234375,-0.00115966796875,0.9981689453125,0.3515625,-1.04296875,9.75390625,0.0,0.0,0.0,-0.05340576171875,-0.01898193359375,0.0010986328125,0.9984130859375,150.380859375,2,23
3.3700624399989465,-0.4140625,-1.1328125,9.890625,0.0,0.0,0.0,-0.0572509765625,0.0208740234375,-0.00115966796875,0.9981689453125,0.3515625,-1.0078125,9.75390625,0.0,0.0,0.0,-0.05340576171875,-0.01898193359375,0.0010986328125,0.9984130859375,150.29296875,2,18
3.3750623260002612,-0.4140625,-1.1328125,9.890625,0.0,0.0,0.0,-0.0572509765625,0.0208740234375,-0.00115966796875,0.9981689453125,0.3515625,-1.0078125,9.75390625,0.0,0.0,0.0,-0.05340576171875,-0.01898193359375,0.0010986328125,0.9984130859375,150.29296875,2,18
3.380070724999314,-0.4140625,-1.1328125,9.890625,0.0,0.0,0.0,-0.0572509765625,0.0208740234375,-0.00115966796875,0.9981689453125,0.3515625,-1.0078125,9.75390625,0.0,0.0,0.0,-0.05340576171875,-0.01898193359375,0.0010986328125,0.9984130859375,150.29296875,2,18
3.3850681459989573,-0.4140625,-1.1328125,9.890625,0.0,0.0,0.0,-0.0572509765625,0.0208740234375,-0.00115966796875,0.9981689453125,0.3515625,-1.0078125,9.75390625,0.0,0.0,0.0,-0.05340576171875,-0.01898193359375,0.0010986328125,0.9984130859375,150.29296875,2,20
3.390059934999954,-0.4140625,-1.1328125,9.890625,0.0,0.0,0.0,-0.0572509765625,0.0208740234375,-0.00115966796875,0.9981689453125,0.3515625,-1.0078125,9.75390625,0.0,0.0,0.0,-0.05340576171875,-0.01898193359375,0.0010986328125,0.9984130859375,150.29296875,2,20
3.395064717000423,-0.4140625,-1.1328125,9.890625,0.0,0.0,0.0,-0.0572509765625,0.0208740234375,-0.00115966796875,0.9981689453125,0.3515625,-1.0078125,9.75390625,0.0,0.0,0.0,-0.05340576171875,-0.01898193359375,0.0010986328125,0.9984130859375,150.29296875,2,20
3.400084828999752,-0.4140625,-1.1328125,9.890625,0.0,0.0,0.0,-0.0572509765625,0.0208740234375,-0.00115966796875,0.9981689453125,0.3515625,-1.04296875,9.75390625,0.0,0.0,0.0,-0.05340576171875,-0.01898193359375,0.0010986328125,0.9984130859375,150.29296875,2,20
3.405180563999238,-0.4140625,-1.1328125,9.890625,0.0,0.0,0.0,-0.0572509765625,0.0208740234375,-0.00115966796875,0.9981689453125,0.3515625,-1.04296875,9.75390625,0.0,0.0,0.0,-0.05340576171875,-0.01898193359375,0.0010986328125,0.9984130859375,150.29296875,2,21
3.4100595740001154,-0.4140625,-1.1328125,9.890625,0.0,0.0,0.0,-0.0572509765625,0.0208740234375,-0.00115966796875,0.9981689453125,0.3515625,-1.04296875,9.75390625,0.0,0.0,0.0,-0.05340576171875,-0.01898193359375,0.0010986328125,0.9984130859375,150.29296875,2,21
3.4150688690006064,-0.4140625,-1.1328125,9.890625,0.0,0.0,0.0,-0.0572509765625,0.0208740234375,-0.00115966796875,0.9981689453125,0.3515625,-1.04296875,9.75390625,0.0,0.0,0.0,-0.05340576171875,-0.01898193359375,0.0010986328125,0.9984130859375,150.29296875,1,21
3.4200880209991738,-0.4140625,-1.1328125,9.890625,0.0,0.0,0.0,-0.0572509765625,0.0208740234375,-0.00115966796875,0.9981689453125,0.3515625,-1.04296875,9.75390625,0.0,0.0,0.0,-0.05340576171875,-0.01898193359375,0.0010986328125,0.9984130859375,150.380859375,1,21
3.425067936999767,-0.4140625,-1.1328125,9.890625,0.0,0.0,0.0,-0.0572509765625,0.0208740234375,-0.00115966796875,0.9981689453125,0.3515625,-1.04296875,9.75390625,0.0,0.0,0.0,-0.05340576171875,-0.01898193359375,0.0010986328125,0.9984130859375,150.29296875,1,21
3.4300675020003837,-0.4140625,-1.1328125,9.890625,0.0,0.0,0.0,-0.0572509765625,0.0208740234375,-0.00115966796875,0.9981689453125,0.3515625,-1.04296875,9.75390625,0.0,0.0,0.0,-0.05340576171875,-0.01898193359375,0.0010986328125,0.9984130859375,150.29296875,1,21
3.435061563999625,-0.4140625,-1.1328125,9.890625,0.0,0.0,0.0,-0.0572509765625,0.0208740234375,-0.00115966796875,0.9981689453125,0.3515625,-1.04296875,9.75390625,0.0,0.0,0.0,-0.05340576171875,-0.01898193359375,0.0010986328125,0.9984130859375,150.29296875,1,21
3.4400586649990146,-0.4140625,-1.1328125,9.890625,0.0,0.0,0.0,-0.0572509765625,0.0208740234375,-0.00115966796875,0.9981689453125,0.3515625,-1.04296875,9.75390625,0.0,0.0,0.0,-0.05340576171875,-0.01898193359375,0.0010986328125,0.9984130859375,150.29296875,1,20
3.445072087999506,-0.4140625,-1.1328125,9.890625,0.0,0.0,0.0,-0.0572509765625,0.0208740234375,-0.00115966796875,0.9981689453125,0.3515625,-1.04296875,9.75390625,0.0,0.0,0.0,-0.05340576171875,-0.01898193359375,0.0010986328125,0.9984130859375,150.29296875,1,20
3.450063620999572,-0.4140625,-1.1328125,9.890625,0.0,0.0,0.0,-0.0572509765625,0.0208740234375,-0.00115966796875,0.9981689453125,0.3515625,-1.04296875,9.75390625,0.0,0.0,0.0,-0.05340576171875,-0.01898193359375,0.0010986328125,0.9984130859375,150.29296875,0,20
3.455064722998941,-0.4140625,-1.1328125,9.890625,0.0,0.0,0.0,-0.0572509765625,0.0208740234375,-0.00115966796875,0.9981689453125,0.3515625,-1.04296875,9.75390625,0.0,0.0,0.0,-0.05340576171875,-0.01898193359375,0.0010986328125,0.9984130859375,150.29296875,0,20
3.460062816999198,-0.4140625,-1.1328125,9.890625,0.0,0.0,0.0,-0.0572509765625,0.0208740234375,-0.00115966796875,0.9981689453125,0.3515625,-1.04296875,9.75390625,0.0,0.0,0.0,-0.05340576171875,-0.01898193359375,0.0010986328125,0.9984130859375,150.29296875,0,21
3.4650677909994556,-0.4140625,-1.1328125,9.890625,0.0,0.0,0.0,-0.0572509765625,0.0208740234375,-0.00115966796875,0.9981689453125,0.3515625,-1.04296875,9.75390625,0.0,0.0,0.0,-0.05340576171875,-0.01898193359375,0.0010986328125,0.9984130859375,150.29296875,0,21
3.47006044400041,-0.4140625,-1.1328125,9.890625,0.0,0.0,0.0,-0.0572509765625,0.0208740234375,-0.00115966796875,0.9981689453125,0.3515625,-1.04296875,9.75390625,0.0,0.0,0.0,-0.05340576171875,-0.01898193359375,0.0010986328125,0.9984130859375,150.29296875,2,21
3.4750620579998213,-0.4140625,-1.1328125,9.890625,0.0,0.0,0.0,-0.0572509765625,0.0208740234375,-0.00115966796875,0.9981689453125,0.3515625,-1.04296875,9.75390625,0.0,0.0,0.0,-0.05340576171875,-0.01898193359375,0.0010986328125,0.9984130859375,150.29296875,2,21
3.4800646000003326,-0.4140625,-1.1328125,9.890625,0.0,0.0,0.0,-0.0572509765625,0.0208740234375,-0.00115966796875,0.9981689453125,0.3515625,-1.04296875,9.75390625,0.0,0.0,0.0,-0.05340576171875,-0.01898193359375,0.0010986328125,0.9984130859375,150.380859375,2,20
3.4850914329999796,-0.4140625,-1.1328125,9.890625,0.0,0.0,0.0,-0.0572509765625,0.0208740234375,-0.00115966796875,0.9981689453125,0.3515625,-1.04296875,9.75390625,0.0,0.0,0.0,-0.05340576171875,-0.01898193359375,0.0010986328125,0.9984130859375,150.380859375,2,20
3.4900742930003616,-0.4140625,-1.1328125,9.890625,0.0,0.0,0.0,-0.0572509765625,0.0208740234375,-0.00115966796875,0.9981689453125,0.390625,-1.04296875,9.75,0.0,0.0,0.0,-0.05340576171875,-0.01898193359375,0.0010986328125,0.9984130859375,150.29296875,2,20
3.4950597129991365,-0.4140625,-1.1328125,9.890625,0.0,0.0,0.0,-0.0572509765625,0.0208740234375,-0.00115966796875,0.9981689453125,0.390625,-1.04296875,9.75,0.0,0.0,0.0,-0.05340576171875,-0.01898193359375,0.0010986328125,0.9984130859375,150.29296875,2,20
3.5000596629997744,-0.4140625,-1.1328125,9.890625,0.0,0.0,0.0,-0.0572509765625,0.0208740234375,-0.00115966796875,0.9981689453125,0.390625,-1.04296875,9.75,0.0,0.0,0.0,-0.05340576171875,-0.01898193359375,0.0010986328125,0.9984130859375,150.29296875,2,21
3.5051083540001855,-0.4140625,-1.1328125,9.890625,0.0,0.0,0.0,-0.0572509765625,0.0208740234375,-0.00115966796875,0.9981689453125,0.390625,-1.04296875,9.75,0.0,0.0,0.0,-0.05340576171875,-0.01898193359375,0.0010986328125,0.9984130859375,150.29296875,2,21
3.5100674989989784,-0.4140625,-1.1328125,9.890625,0.0,0.0,0.0,-0.0572509765625,0.0208740234375,-0.00115966796875,0.9981689453125,0.390625,-1.04296875,9.75,0.0,0.0,0.0,-0.05340576171875,-0.01898193359375,0.0010986328125,0.9984130859375,150.29296875,2,21
3.5150659129994892,-0.4140625,-1.1328125,9.890625,0.0,0.0,0.0,-0.0572509765625,0.0208740234375,-0.00115966796875,0.9981689453125,0.390625,-1.04296875,9.75,0.0,0.0,0.0,-0.05340576171875,-0.01898193359375,0.0010986328125,0.9984130859375,150.29296875,2,19
3.5200706310006353,-0.4140625,-1.1328125,9.890625,0.0,0.0,0.0,-0.0572509765625,0.0208740234375,-0.00115966796875,0.9981689453125,0.390625,-1.04296875,9.75,0.0,0.0,0.0,-0.05340576171875,-0.01898193359375,0.0010986328125,0.9984130859375,150.29296875,0,19
3.5250746780002373,-0.4140625,-1.1328125,9.890625,0.0,0.0,0.0,-0.0572509765625,0.0208740234375,-0.00115966796875,0.9981689453125,0.390625,-1.04296875,9.75,0.0,0.0,0.0,-0.05340576171875,-0.01898193359375,0.0010986328125,0.9984130859375,150.29296875,0,19
3.5300611540005775,-0.4140625,-1.1328125,9.890625,0.0,0.0,0.0,-0.0572509765625,0.0208740234375,-0.00115966796875,0.9981689453125,0.390625,-1.04296875,9.75,0.0,0.0,0.0,-0.05340576171875,-0.01898193359375,0.0010986328125,0.9984130859375,150.29296875,0,19
3.535058991999904,-0.4140625,-1.1328125,9.890625,0.0,0.0,0.0,-0.0572509765625,0.0208740234375,-0.00115966796875,0.9981689453125,0.390625,-1.04296875,9.75,0.0,0.0,0.0,-0.05340576171875,-0.01898193359375,0.0010986328125,0.9984130859375,150.29296875,0,20
3.540073918999042,-0.4140625,-1.1328125,9.890625,0.0,0.0,0.0,-0.0572509765625,0.0208740234375,-0.00115966796875,0.9981689453125,0.390625,-1.04296875,9.75,0.0,0.0,0.0,-0.05340576171875,-0.01898193359375,0.0010986328125,0.9984130859375,150.29296875,2,20
3.5450898059989413,-0.4140625,-1.1328125,9.890625,0.0,0.0,0.0,-0.0572509765625,0.0208740234375,-0.00115966796875,0.9981689453125,0.390625,-1.04296875,9.75,0.0,0.0,0.0,-0.05340576171875,-0.01898193359375,0.0010986328125,0.9984130859375,150.29296875,2,20
3.550064986000507,-0.4140625,-1.1328125,9.890625,0.0,0.0,0.0,-0.0572509765625,0.0208740234375,-0.00115966796875,0.9981689453125,0.3515625,-1.04296875,9.75390625,0.0,0.0,0.0,-0.05340576171875,-0.01898193359375,0.0010986328125,0.9984130859375,150.29296875,2,19
3.5550628549990506,-0.4140625,-1.1328125,9.890625,0.0,0.0,0.0,-0.0572509765625,0.0208740234375,-0.00115966796875,0.9981689453125,0.3515625,-1.04296875,9.75390625,0.0,0.0,0.0,-0.05340576171875,-0.01898193359375,0.0010986328125,0.9984130859375,150.29296875,1,19
3.5600743899994995,-0.4140625,-1.1328125,9.890625,0.0,0.0,0.0,-0.0572509765625,0.0208740234375,-0.00115966796875,0.9981689453125,0.3515625,-1.04296875,9.75390625,0.0,0.0,0.0,-0.05340576171875,-0.01898193359375,0.0010986328125,0.9984130859375,150.29296875,1,19
3.565101127000162,-0.4140625,-1.1328125,9.890625,0.0,0.0,0.0,-0.0572509765625,0.0208740234375,-0.00115966796875,0.9981689453125,0.3515625,-1.04296875,9.75390625,0.0,0.0,0.0,-0.05340576171875,-0.01898193359375,0.0010986328125,0.9984130859375,150.29296875,1,20
3.5700829309989786,-0.4140625,-1.1328125,9.890625,0.0,0.0,0.0,-0.0572509765625,0.0208740234375,-0.00115966796875,0.9981689453125,0.3515625,-1.04296875,9.75390625,0.0,0.0,0.0,-0.05340576171875,-0.01898193359375,0.0010986328125,0.9984130859375,150.29296875,1,20
3.5750903049993212,-0.4140625,-1.1328125,9.890625,0.0,0.0,0.0,-0.0572509765625,0.0208740234375,-0.00115966796875,0.9981689453125,0.3515625,-1.04296875,9.75390625,0.0,0.0,0.0,-0.05340576171875,-0.01898193359375,0.0010986328125,0.9984130859375,150.29296875,1,20
3.580086575000678,-0.4140625,-1.171875,9.89453125,0.0,0.0,0.0,-0.0572509765625,0.0208740234375,-0.00115966796875,0.9981689453125,0.3515625,-1.04296875,9.75390625,0.0,0.0,0.0,-0.05340576171875,-0.01898193359375,0.0010986328125,0.9984130859375,150.29296875,1,20
3.5850669070005097,-0.4140625,-1.171875,9.89453125,0.0,0.0,0.0,-0.0572509765625,0.0208740234375,-0.00115966796875,0.9981689453125,0.3515625,-1.04296875,9.75390625,0.0,0.0,0.0,-0.05340576171875,-0.01898193359375,0.0010986328125,0.9984130859375,150.29296875,1,17
3.590076456999668,-0.4140625,-1.171875,9.89453125,0.0,0.0,0.0,-0.0572509765625,0.0208740234375,-0.00115966796875,0.9981689453125,0.3515625,-1.04296875,9.75390625,0.0,0.0,0.0,-0.05340576171875,-0.01898193359375,0.0010986328125,0.9984130859375,150.29296875,1,17
3.595075318999079,-0.4140625,-1.171875,9.89453125,0.0,0.0,0.0,-0.0572509765625,0.0208740234375,-0.00115966796875,0.9981689453125,0.3515625,-1.04296875,9.75390625,0.0,0.0,0.0,-0.05340576171875,-0.01898193359375,0.0010986328125,0.9984130859375,150.29296875,1,17
3.600074596999548,-0.4140625,-1.1328125,9.890625,0.0,0.0,0.0,-0.0572509765625,0.0208740234375,-0.00115966796875,0.9981689453125,0.3515625,-1.04296875,9.75390625,0.0,0.0,0.0,-0.05340576171875,-0.01898193359375,0.0010986328125,0.9984130859375,150.380859375,1,17
3.6050590889990417,-0.4140625,-1.1328125,9.890625,0.0,0.0,0.0,-0.0572509765625,0.0208740234375,-0.00115966796875,0.9981689453125,0.3515625,-1.04296875,9.75390625,0.0,0.0,0.0,-0.05340576171875,-0.01898193359375,0.0010986328125,0.9984130859375,150.29296875,1,19
3.610091233998901,-0.4140625,-1.1328125,9.890625,0.0,0.0,0.0,-0.0572509765625,0.0208740234375,-0.00115966796875,0.9981689453125,0.3515625,-1.04296875,9.75390625,0.0,0.0,0.0,-0.05340576171875,-0.01898193359375,0.0010986328125,0.9984130859375,150.29296875,1,19
3.6150728140000865,-0.4140625,-1.1328125,9.890625,0.0,0.0,0.0,-0.0572509765625,0.0208740234375,-0.00115966796875,0.9981689453125,0.3515625,-1.04296875,9.75390625,0.0,0.0,0.0,-0.05340576171875,-0.01898193359375,0.0010986328125,0.9984130859375,150.29296875,2,19
3.6203192840002885,-0.4140625,-1.1328125,9.890625,0.0,0.0,0.0,-0.0572509765625,0.0208740234375,-0.00115966796875,0.9981689453125,0.390625,-1.04296875,9.75,0.0,0.0,0.0,-0.05340576171875,-0.01898193359375,0.0010986328125,0.9984130859375,150.29296875,2,19
3.625115310000183,-0.4140625,-1.1328125,9.890625,0.0,0.0,0.0,-0.0572509765625,0.0208740234375,-0.00115966796875,0.9981689453125,0.390625,-1.04296875,9.75,0.0,0.0,0.0,-0.05340576171875,-0.01898193359375,0.0010986328125,0.9984130859375,150.29296875,2,20
3.6300728559999698,-0.4140625,-1.1328125,9.890625,0.0,0.0,0.0,-0.0572509765625,0.0208740234375,-0.00115966796875,0.9981689453125,0.390625,-1.04296875,9.75,0.0,0.0,0.0,-0.05340576171875,-0.01898193359375,0.0010986328125,0.9984130859375,150.29296875,2,20
3.6350921029988967,-0.4140625,-1.1328125,9.890625,0.0,0.0,0.0,-0.0572509765625,0.0208740234375,-0.00115966796875,0.9981689453125,0.390625,-1.04296875,9.75,0.0,0.0,0.0,-0.05340576171875,-0.01898193359375,0.0010986328125,0.9984130859375,150.29296875,1,20
3.640060113999425,-0.4140625,-1.1328125,9.890625,0.0,0.0,0.0,-0.0572509765625,0.0208740234375,-0.00115966796875,0.9981689453125,0.390625,-1.04296875,9.75,0.0,0.0,0.0,-0.05340576171875,-0.01898193359375,0.0010986328125,0.9984130859375,150.29296875,1,20
3.6450595520000206,-0.4140625,-1.1328125,9.890625,0.0,0.0,0.0,-0.0572509765625,0.0208740234375,-0.00115966796875,0.9981689453125,0.390625,-1.04296875,9.75,0.0,0.0,0.0,-0.05340576171875,-0.01898193359375,0.0010986328125,0.9984130859375,150.29296875,1,20
3.650066094000067,-0.4140625,-1.1328125,9.890625,0.0,0.0,0.0,-0.0572509765625,0.0208740234375,-0.00115966796875,0.9981689453125,0.390625,-1.04296875,9.75,0.0,0.0,0.0,-0.05340576171875,-0.01898193359375,0.0010986328125,0.9984130859375,150.29296875,1,20
3.6550679960000707,-0.4140625,-1.1328125,9.890625,0.0,0.0,0.0,-0.0572509765625,0.0208740234375,-0.00115966796875,0.9981689453125,0.3515625,-1.04296875,9.75390625,0.0,0.0,0.0,-0.05340576171875,-0.01898193359375,0.0010986328125,0.9984130859375,150.29296875,1,20
3.660069002000455,-0.4140625,-1.1328125,9.890625,0.0,0.0,0.0,-0.0572509765625,0.0208740234375,-0.00115966796875,0.9981689453125,0.3515625,-1.04296875,9.75390625,0.0,0.0,0.0,-0.05340576171875,-0.01898193359375,0.0010986328125,0.9984130859375,150.380859375,1,20
3.6650790330004384,-0.4140625,-1.1328125,9.890625,0.0,0.0,0.0,-0.0572509765625,0.0208740234375,-0.00115966796875,0.9981689453125,0.3515625,-1.04296875,9.75390625,0.0,0.0,0.0,-0.05340576171875,-0.01898193359375,0.0010986328125,0.9984130859375,150.29296875,1,20
3.6700684539991926,-0.4140625,-1.1328125,9.890625,0.0,0.0,0.0,-0.0572509765625,0.0208740234375,-0.00115966796875,0.9981689453125,0.3515625,-1.04296875,9.75390625,0.0,0.0,0.0,-0.05340576171875,-0.01898193359375,0.0010986328125,0.9984130859375,150.29296875,1,20
3.675065587000063,-0.4140625,-1.1328125,9.890625,0.0,0.0,0.0,-0.0572509765625,0.0208740234375,-0.00115966796875,0.9981689453125,0.3515625,-1.04296875,9.75390625,0.0,0.0,0.0,-0.05340576171875,-0.01898193359375,0.0010986328125,0.9984130859375,150.29296875,1,20
3.680063584999516,-0.4140625,-1.1328125,9.890625,0.0,0.0,0.0,-0.0572509765625,0.0208740234375,-0.00115966796875,0.9981689453125,0.3515625,-1.04296875,9.75390625,0.0,0.0,0.0,-0.05340576171875,-0.01898193359375,0.0010986328125,0.9984130859375,150.29296875,1,16
3.685064142999181,-0.4140625,-1.1328125,9.890625,0.0,0.0,0.0,-0.0572509765625,0.0208740234375,-0.00115966796875,0.9981689453125,0.3515625,-1.04296875,9.75390625,0.0,0.0,0.0,-0.05340576171875,-0.01898193359375,0.0010986328125,0.9984130859375,150.29296875,1,16
3.6900727649990586,-0.4140625,-1.1328125,9.890625,0.0,0.0,0.0,-0.0572509765625,0.0208740234375,-0.00115966796875,0.9981689453125,0.390625,-1.0078125,9.75,0.0,0.0,0.0,-0.05340576171875,-0.0189208984375,0.0010986328125,0.9984130859375,150.29296875,2,16
3.69507415499902,-0.4140625,-1.1328125,9.890625,0.0,0.0,0.0,-0.0572509765625,0.0208740234375,-0.00115966796875,0.9981689453125,0.390625,-1.0078125,9.75,0.0,0.0,0.0,-0.05340576171875,-0.0189208984375,0.0010986328125,0.9984130859375,150.29296875,2,16
3.7000606639994658,-0.4140625,-1.1328125,9.890625,0.0,0.0,0.0,-0.0572509765625,0.0208740234375,-0.00115966796875,0.9981689453125,0.390625,-1.0078125,9.75,0.0,0.0,0.0,-0.05340576171875,-0.0189208984375,0.0010986328125,0.9984130859375,150.29296875,2,20
3.7050603900006536,-0.4140625,-1.1328125,9.890625,0.0,0.0,0.0,-0.0572509765625,0.0208740234375,-0.00115966796875,0.9981689453125,0.390625,-1.0078125,9.75,0.0,0.0,0.0,-0.05340576171875,-0.0189208984375,0.0010986328125,0.9984130859375,150.29296875,2,20
3.7100694599994313,-0.4140625,-1.1328125,9.890625,0.0,0.0,0.0,-0.0572509765625,0.0208740234375,-0.00115966796875,0.9981689453125,0.390625,-1.04296875,9.75,0.0,0.0,0.0,-0.05340576171875,-0.0189208984375,0.0010986328125,0.9984130859375,150.29296875,0,20
3.715032030000657,-0.4140625,-1.1328125,9.890625,0.0,0.0,0.0,-0.0572509765625,0.0208740234375,-0.00115966796875,0.9981689453125,0.390625,-1.04296875,9.75,0.0,0.0,0.0,-0.05340576171875,-0.0189208984375,0.0010986328125,0.9984130859375,150.29296875,0,20
3.7200599829993735,-0.4140625,-1.1328125,9.890625,0.0,0.0,0.0,-0.0572509765625,0.0208740234375,-0.00115966796875,0.9981689453125,0.390625,-1.04296875,9.75,0.0,0.0,0.0,-0.05340576171875,-0.0189208984375,0.0010986328125,0.9984130859375,150.29296875,0,18
3.7251408049996826,-0.4140625,-1.1328125,9.890625,0.0,0.0,0.0,-0.0572509765625,0.0208740234375,-0.00115966796875,0.9981689453125,0.390625,-1.04296875,9.75,0.0,0.0,0.0,-0.05340576171875,-0.0189208984375,0.0010986328125,0.9984130859375,150.29296875,1,18
3.730183446999945,-0.4140625,-1.1328125,9.890625,0.0,0.0,0.0,-0.0572509765625,0.0208740234375,-0.00115966796875,0.9981689453125,0.390625,-1.04296875,9.75,0.0,0.0,0.0,-0.05340576171875,-0.0189208984375,0.0010986328125,0.9984130859375,150.29296875,1,18
3.735114909999538,-0.4140625,-1.1328125,9.890625,0.0,0.0,0.0,-0.0572509765625,0.0208740234375,-0.00115966796875,0.9981689453125,0.390625,-1.04296875,9.75,0.0,0.0,0.0,-0.05340576171875,-0.0189208984375,0.0010986328125,0.9984130859375,150.29296875,1,19
3.740072839998902,-0.4140625,-1.171875,9.89453125,0.0,0.0,0.0,-0.0572509765625,0.0208740234375,-0.00115966796875,0.9981689453125,0.390625,-1.04296875,9.75,0.0,0.0,0.0,-0.05340576171875,-0.0189208984375,0.0010986328125,0.9984130859375,150.29296875,1,19
3.7450699410001107,-0.4140625,-1.171875,9.89453125,0.0,0.0,0.0,-0.0572509765625,0.0208740234375,-0.00115966796875,0.9981689453125,0.390625,-1.04296875,9.75,0.0,0.0,0.0,-0.05340576171875,-0.0189208984375,0.0010986328125,0.9984130859375,150.29296875,1,19
3.750067298999056,-0.4140625,-1.171875,9.89453125,0.0,0.0,0.0,-0.0572509765625,0.0208740234375,-0.00115966796875,0.9981689453125,0.390625,-1.04296875,9.75,0.0,0.0,0.0,-0.05340576171875,-0.0189208984375,0.0010986328125,0.9984130859375,150.29296875,3,19
3.7550595680004335,-0.4140625,-1.171875,9.89453125,0.0,0.0,0.0,-0.0572509765625,0.0208740234375,-0.00115966796875,0.9981689453125,0.390625,-1.04296875,9.75,0.0,0.0,0.0,-0.05340576171875,-0.0189208984375,0.0010986328125,0.9984130859375,150.29296875,3,17
3.760060798000268,-0.4140625,-1.171875,9.89453125,0.0,0.0,0.0,-0.0572509765625,0.0208740234375,-0.00115966796875,0.9981689453125,0.390625,-1.04296875,9.75,0.0,0.0,0.0,-0.05340576171875,-0.0189208984375,0.0010986328125,0.9984130859375,150.29296875,3,17
3.765076173000125,-0.4140625,-1.1328125,9.890625,0.0,0.0,0.0,-0.0572509765625,0.0208740234375,-0.00115966796875,0.9981689453125,0.390625,-1.04296875,9.75,0.0,0.0,0.0,-0.05340576171875,-0.0189208984375,0.0010986328125,0.9984130859375,150.29296875,2,17
3.7700726660004875,-0.4140625,-1.1328125,9.890625,0.0,0.0,0.0,-0.0572509765625,0.0208740234375,-0.00115966796875,0.9981689453125,0.390625,-1.04296875,9.75,0.0,0.0,0.0,-0.05340576171875,-0.0189208984375,0.0010986328125,0.9984130859375,150.29296875,2,17
3.7750625669996225,-0.4140625,-1.1328125,9.890625,0.0,0.0,0.0,-0.0572509765625,0.0208740234375,-0.00115966796875,0.9981689453125,0.3515625,-1.04296875,9.75390625,0.0,0.0,0.0,-0.05340576171875,-0.0189208984375,0.0010986328125,0.9984130859375,150.29296875,2,17
3.780076213999564,-0.4140625,-1.1328125,9.890625,0.0,0.0,0.0,-0.0572509765625,0.0208740234375,-0.00115966796875,0.9981689453125,0.3515625,-1.04296875,9.75390625,0.0,0.0,0.0,-0.05340576171875,-0.0189208984375,0.0010986328125,0.9984130859375,150.29296875,2,19
3.785072291999313,-0.4140625,-1.1328125,9.890625,0.0,0.0,0.0,-0.0572509765625,0.0208740234375,-0.00115966796875,0.9981689453125,0.3515625,-1.04296875,9.75390625,0.0,0.0,0.0,-0.05340576171875,-0.0189208984375,0.0010986328125,0.9984130859375,150.29296875,2,19
3.790194174000135,-0.4140625,-1.1328125,9.890625,0.0,0.0,0.0,-0.0572509765625,0.0208740234375,-0.00115966796875,0.9981689453125,0.3515625,-1.04296875,9.75390625,0.0,0.0,0.0,-0.05340576171875,-0.0189208984375,0.0010986328125,0.9984130859375,150.29296875,2,21
3.7950665270000172,-0.44921875,-1.09765625,9.890625,0.0,0.0,0.0,-0.0572509765625,0.0208740234375,-0.00115966796875,0.9981689453125,0.3515625,-1.04296875,9.75390625,0.0,0.0,0.0,-0.05340576171875,-0.0189208984375,0.0010986328125,0.9984130859375,150.29296875,2,21
3.8000761740004236,-0.44921875,-1.09765625,9.890625,0.0,0.0,0.0,-0.0572509765625,0.0208740234375,-0.00115966796875,0.9981689453125,0.3515625,-1.04296875,9.75390625,0.0,0.0,0.0,-0.05340576171875,-0.0189208984375,0.0010986328125,0.9984130859375,150.29296875,3,21
3.8051361609996093,-0.44921875,-1.09765625,9.890625,0.0,0.0,0.0,-0.0572509765625,0.0208740234375,-0.00115966796875,0.9981689453125,0.3515625,-1.04296875,9.75390625,0.0,0.0,0.0,-0.05340576171875,-0.0189208984375,0.0010986328125,0.9984130859375,150.29296875,3,21
3.8100797539991618,-0.44921875,-1.09765625,9.890625,0.0,0.0,0.0,-0.0572509765625,0.0208740234375,-0.00115966796875,0.9981689453125,0.3515625,-1.04296875,9.75390625,0.0,0.0,0.0,-0.05340576171875,-0.0189208984375,0.0010986328125,0.9984130859375,150.29296875,3,18
3.8150609499989514,-0.44921875,-1.09765625,9.890625,0.0,0.0,0.0,-0.0572509765625,0.0208740234375,-0.00115966796875,0.9981689453125,0.3515625,-1.0078125,9.75390625,0.0,0.0,0.0,-0.0533447265625,-0.0189208984375,0.0010986328125,0.9984130859375,150.29296875,3,18
3.820064003999505,-0.44921875,-1.09765625,9.890625,0.0,0.0,0.0,-0.0572509765625,0.0208740234375,-0.00115966796875,0.9981689453125,0.3515625,-1.0078125,9.75390625,0.0,0.0,0.0,-0.0533447265625,-0.0189208984375,0.0010986328125,0.9984130859375,150.29296875,2,18
3.8250685299990437,-0.44921875,-1.09765625,9.890625,0.0,0.0,0.0,-0.0572509765625,0.0208740234375,-0.00115966796875,0.9981689453125,0.3515625,-1.0078125,9.75390625,0.0,0.0,0.0,-0.0533447265625,-0.0189208984375,0.0010986328125,0.9984130859375,150.29296875,2,18
3.8300718720001896,-0.4140625,-1.1328125,9.890625,0.0,0.0,0.0,-0.0572509765625,0.0208740234375,-0.00115966796875,0.9981689453125,0.3515625,-1.0078125,9.75390625,0.0,0.0,0.0,-0.0533447265625,-0.0189208984375,0.0010986328125,0.9984130859375,150.29296875,2,21
3.835065228999156,-0.4140625,-1.1328125,9.890625,0.0,0.0,0.0,-0.0572509765625,0.0208740234375,-0.00115966796875,0.9981689453125,0.3515625,-1.0078125,9.75390625,0.0,0.0,0.0,-0.0533447265625,-0.0189208984375,0.0010986328125,0.9984130859375,150.29296875,2,21
3.840063611000005,-0.4140625,-1.1328125,9.890625,0.0,0.0,0.0,-0.0572509765625,0.0208740234375,-0.00115966796875,0.9981689453125,0.3515625,-1.0078125,9.75390625,0.0,0.0,0.0,-0.0533447265625,-0.0189208984375,0.0010986328125,0.9984130859375,150.29296875,1,21
3.845064488999924,-0.4140625,-1.1328125,9.890625,0.0,0.0,0.0,-0.0572509765625,0.0208740234375,-0.00115966796875,0.9981689453125,0.3515625,-1.0078125,9.75390625,0.0,0.0,0.0,-0.0533447265625,-0.0189208984375,0.0010986328125,0.9984130859375,150.29296875,1,21
3.8500650789992505,-0.4140625,-1.1328125,9.890625,0.0,0.0,0.0,-0.0572509765625,0.0208740234375,-0.00115966796875,0.9981689453125,0.3515625,-1.0078125,9.75390625,0.0,0.0,0.0,-0.0533447265625,-0.0189208984375,0.0010986328125,0.9984130859375,150.29296875,1,22
3.8551208739991125,-0.4140625,-1.1328125,9.890625,0.0,0.0,0.0,-0.0572509765625,0.0208740234375,-0.00115966796875,0.9981689453125,0.3515625,-1.0078125,9.75390625,0.0,0.0,0.0,-0.0533447265625,-0.0189208984375,0.0010986328125,0.9984130859375,150.29296875,1,22
3.8600597299991932,-0.4140625,-1.1328125,9.890625,0.0,0.0,0.0,-0.0572509765625,0.0208740234375,-0.00115966796875,0.9981689453125,0.3515625,-1.0078125,9.75390625,0.0,0.0,0.0,-0.0533447265625,-0.0189208984375,0.0010986328125,0.9984130859375,150.29296875,1,22
3.865067168000678,-0.4140625,-1.1328125,9.890625,0.0,0.0,0.0,-0.0572509765625,0.0208740234375,-0.00115966796875,0.9981689453125,0.3515625,-1.0078125,9.75390625,0.0,0.0,0.0,-0.0533447265625,-0.0189208984375,0.0010986328125,0.9984130859375,150.29296875,3,22
3.870094321000579,-0.4140625,-1.1328125,9.890625,0.0,0.0,0.0,-0.0572509765625,0.0208740234375,-0.00115966796875,0.9981689453125,0.3515625,-1.0078125,9.75390625,0.0,0.0,0.0,-0.0533447265625,-0.0189208984375,0.0010986328125,0.9984130859375,150.29296875,3,22
3.8750596110003244,-0.4140625,-1.1328125,9.890625,0.0,0.0,0.0,-0.05731201171875,0.0208740234375,-0.00115966796875,0.9981689453125,0.390625,-1.04296875,9.75,0.0,0.0,0.0,-0.0533447265625,-0.01898193359375,0.0010986328125,0.9984130859375,150.29296875,3,16
3.8800598489997356,-0.4140625,-1.1328125,9.890625,0.0,0.0,0.0,-0.05731201171875,0.0208740234375,-0.00115966796875,0.9981689453125,0.390625,-1.04296875,9.75,0.0,0.0,0.0,-0.0533447265625,-0.01898193359375,0.0010986328125,0.9984130859375,150.29296875,2,16
3.8850900739998906,-0.4140625,-1.1328125,9.890625,0.0,0.0,0.0,-0.05731201171875,0.0208740234375,-0.00115966796875,0.9981689453125,0.390625,-1.04296875,9.75,0.0,0.0,0.0,-0.0533447265625,-0.01898193359375,0.0010986328125,0.9984130859375,150.29296875,2,16
3.8901065690006362,-0.4140625,-1.1328125,9.890625,0.0,0.0,0.0,-0.05731201171875,0.0208740234375,-0.00115966796875,0.9981689453125,0.390625,-1.04296875,9.75,0.0,0.0,0.0,-0.0533447265625,-0.01898193359375,0.0010986328125,0.9984130859375,150.29296875,2,20
3.8950768199993036,-0.4140625,-1.1328125,9.890625,0.0,0.0,0.0,-0.05731201171875,0.0208740234375,-0.00115966796875,0.9981689453125,0.390625,-1.04296875,9.75,0.0,0.0,0.0,-0.0533447265625,-0.0189208984375,0.0010986328125,0.9984130859375,150.29296875,2,20
3.9000636170003418,-0.4140625,-1.1328125,9.890625,0.0,0.0,0.0,-0.05731201171875,0.0208740234375,-0.00115966796875,0.9981689453125,0.390625,-1.04296875,9.75,0.0,0.0,0.0,-0.0533447265625,-0.0189208984375,0.0010986328125,0.9984130859375,150.29296875,2,20
3.9050677270006418,-0.4140625,-1.171875,9.89453125,0.0,0.0,0.0,-0.05731201171875,0.0208740234375,-0.00115966796875,0.9981689453125,0.390625,-1.04296875,9.75,0.0,0.0,0.0,-0.0533447265625,-0.0189208984375,0.0010986328125,0.9984130859375,150.29296875,2,20
3.910077758000625,-0.4140625,-1.171875,9.89453125,0.0,0.0,0.0,-0.05731201171875,0.0208740234375,-0.00115966796875,0.9981689453125,0.390625,-1.04296875,9.75,0.0,0.0,0.0,-0.0533447265625,-0.0189208984375,0.0010986328125,0.9984130859375,150.29296875,2,20
3.915060490000542,-0.4140625,-1.171875,9.89453125,0.0,0.0,0.0,-0.05731201171875,0.0208740234375,-0.00115966796875,0.9981689453125,0.390625,-1.04296875,9.75,0.0,0.0,0.0,-0.0533447265625,-0.0189208984375,0.0010986328125,0.9984130859375,150.29296875,2,19
3.9200651760002074,-0.4140625,-1.171875,9.89453125,0.0,0.0,0.0,-0.05731201171875,0.0208740234375,-0.00115966796875,0.9981689453125,0.390625,-1.04296875,9.75,0.0,0.0,0.0,-0.0533447265625,-0.0189208984375,0.0010986328125,0.9984130859375,150.29296875,0,19
3.925068229998942,-0.4140625,-1.171875,9.89453125,0.0,0.0,0.0,-0.05731201171875,0.0208740234375,-0.00115966796875,0.9981689453125,0.390625,-1.04296875,9.75,0.0,0.0,0.0,-0.0533447265625,-0.0189208984375,0.0010986328125,0.9984130859375,150.29296875,0,19
3.930071892000342,-0.4140625,-1.171875,9.89453125,0.0,0.0,0.0,-0.05731201171875,0.0208740234375,-0.00115966796875,0.9981689453125,0.390625,-1.04296875,9.75,0.0,0.0,0.0,-0.0533447265625,-0.0189208984375,0.0010986328125,0.9984130859375,150.29296875,0,18
3.93506256100045,-0.4140625,-1.171875,9.89453125,0.0,0.0,0.0,-0.05731201171875,0.0208740234375,-0.00115966796875,0.9981689453125,0.390625,-1.04296875,9.75,0.0,0.0,0.0,-0.0533447265625,-0.0189208984375,0.0010986328125,0.9984130859375,150.29296875,0,18
3.940072911998868,-0.4140625,-1.171875,9.89453125,0.0,0.0,0.0,-0.05731201171875,0.0208740234375,-0.00115966796875,0.9981689453125,0.390625,-1.04296875,9.75,0.0,0.0,0.0,-0.0533447265625,-0.0189208984375,0.0010986328125,0.9984130859375,150.29296875,0,18
3.9450687659991672,-0.4140625,-1.171875,9.89453125,0.0,0.0,0.0,-0.05731201171875,0.0208740234375,-0.00115966796875,0.9981689453125,0.390625,-1.04296875,9.75,0.0,0.0,0.0,-0.0533447265625,-0.0189208984375,0.0010986328125,0.9984130859375,150.29296875,3,18
3.950102958999196,-0.4140625,-1.1328125,9.890625,0.0,0.0,0.0,-0.05731201171875,0.0208740234375,-0.00115966796875,0.9981689453125,0.390625,-1.04296875,9.75,0.0,0.0,0.0,-0.0533447265625,-0.0189208984375,0.0010986328125,0.9984130859375,150.29296875,3,19
3.9550636719995964,-0.4140625,-1.1328125,9.890625,0.0,0.0,0.0,-0.05731201171875,0.0208740234375,-0.00115966796875,0.9981689453125,0.390625,-1.04296875,9.75,0.0,0.0,0.0,-0.0533447265625,-0.0189208984375,0.0010986328125,0.9984130859375,150.29296875,3,19
3.96007507899958,-0.4140625,-1.1328125,9.890625,0.0,0.0,0.0,-0.05731201171875,0.0208740234375,-0.00115966796875,0.9981689453125,0.390625,-1.04296875,9.75,0.0,0.0,0.0,-0.0533447265625,-0.0189208984375,0.0010986328125,0.9984130859375,150.380859375,1,19
3.965089908999289,-0.4140625,-1.1328125,9.890625,0.0,0.0,0.0,-0.05731201171875,0.0208740234375,-0.00115966796875,0.9981689453125,0.390625,-1.04296875,9.75,0.0,0.0,0.0,-0.0533447265625,-0.0189208984375,0.0010986328125,0.9984130859375,150.380859375,1,19
3.970060575999014,-0.4140625,-1.1328125,9.890625,0.0,0.0,0.0,-0.05731201171875,0.0208740234375,-0.00115966796875,0.9981689453125,0.3515625,-1.04296875,9.75390625,0.0,0.0,0.0,-0.05328369140625,-0.0189208984375,0.0010986328125,0.9984130859375,150.29296875,1,17
3.97505966099925,-0.4140625,-1.1328125,9.890625,0.0,0.0,0.0,-0.05731201171875,0.0208740234375,-0.00115966796875,0.9981689453125,0.3515625,-1.04296875,9.75390625,0.0,0.0,0.0,-0.05328369140625,-0.0189208984375,0.0010986328125,0.9984130859375,150.29296875,1,17
3.980072635000397,-0.4140625,-1.1328125,9.890625,0.0,0.0,0.0,-0.05731201171875,0.0208740234375,-0.00115966796875,0.9981689453125,0.3515625,-1.04296875,9.75390625,0.0,0.0,0.0,-0.05328369140625,-0.0189208984375,0.0010986328125,0.9984130859375,150.29296875,2,17
3.9850739289995545,-0.4140625,-1.1328125,9.890625,0.0,0.0,0.0,-0.05731201171875,0.0208740234375,-0.00115966796875,0.9981689453125,0.3515625,-1.04296875,9.75390625,0.0,0.0,0.0,-0.05328369140625,-0.0189208984375,0.0010986328125,0.9984130859375,150.29296875,2,20
3.9900971120005124,-0.4140625,-1.1328125,9.890625,0.0,0.0,0.0,-0.05731201171875,0.0208740234375,-0.00115966796875,0.9981689453125,0.3515625,-1.04296875,9.75390625,0.0,0.0,0.0,-0.05328369140625,-0.0189208984375,0.0010986328125,0.9984130859375,150.29296875,2,20
3.9950609619991155,-0.44921875,-1.1328125,9.89453125,0.0,0.0,0.0,-0.05731201171875,0.0208740234375,-0.00115966796875,0.9981689453125,0.3515625,-1.04296875,9.75390625,0.0,0.0,0.0,-0.05328369140625,-0.0189208984375,0.0010986328125,0.9984130859375,150.29296875,2,20
4.000112051999167,-0.44921875,-1.1328125,9.89453125,0.0,0.0,0.0,-0.05731201171875,0.0208740234375,-0.00115966796875,0.9981689453125,0.3515625,-1.04296875,9.75390625,0.0,0.0,0.0,-0.05328369140625,-0.0189208984375,0.0010986328125,0.9984130859375,150.29296875,2,20
4.005070044999229,-0.44921875,-1.1328125,9.89453125,0.0,0.0,0.0,-0.05731201171875,0.0208740234375,-0.00115966796875,0.9981689453125,0.3515625,-1.0078125,9.75390625,0.0,0.0,0.0,-0.05328369140625,-0.0189208984375,0.0010986328125,0.9984130859375,150.29296875,2,20
4.010062057999676,-0.44921875,-1.1328125,9.89453125,0.0,0.0,0.0,-0.05731201171875,0.0208740234375,-0.00115966796875,0.9981689453125,0.3515625,-1.0078125,9.75390625,0.0,0.0,0.0,-0.05328369140625,-0.0189208984375,0.0010986328125,0.9984130859375,150.29296875,2,20
4.0150637030001235,-0.44921875,-1.1328125,9.89453125,0.0,0.0,0.0,-0.05731201171875,0.0208740234375,-0.00115966796875,0.9981689453125,0.3515625,-1.0078125,9.75390625,0.0,0.0,0.0,-0.05328369140625,-0.0189208984375,0.0010986328125,0.9984130859375,150.29296875,3,20
4.020068804999028,-0.4140625,-1.1328125,9.890625,0.0,0.0,0.0,-0.05731201171875,0.0208740234375,-0.00115966796875,0.9981689453125,0.3515625,-1.0078125,9.75390625,0.0,0.0,0.0,-0.05328369140625,-0.0189208984375,0.0010986328125,0.9984130859375,150.29296875,3,20
4.025068658000237,-0.4140625,-1.1328125,9.890625,0.0,0.0,0.0,-0.05731201171875,0.0208740234375,-0.00115966796875,0.9981689453125,0.3515625,-1.04296875,9.75390625,0.0,0.0,0.0,-0.05328369140625,-0.01898193359375,0.0010986328125,0.9984130859375,150.29296875,3,19
4.03006079899933,-0.4140625,-1.1328125,9.890625,0.0,0.0,0.0,-0.05731201171875,0.0208740234375,-0.00115966796875,0.9981689453125,0.3515625,-1.04296875,9.75390625,0.0,0.0,0.0,-0.05328369140625,-0.01898193359375,0.0010986328125,0.9984130859375,150.29296875,3,19
4.035060363999946,-0.4140625,-1.1328125,9.890625,0.0,0.0,0.0,-0.05731201171875,0.0208740234375,-0.00115966796875,0.99810791015625,0.3515625,-1.04296875,9.75390625,0.0,0.0,0.0,-0.05328369140625,-0.01898193359375,0.0010986328125,0.9984130859375,150.29296875,1,19
4.040077306999592,-0.4140625,-1.1328125,9.890625,0.0,0.0,0.0,-0.05731201171875,0.0208740234375,-0.00115966796875,0.99810791015625,0.3515625,-1.04296875,9.75390625,0.0,0.0,0.0,-0.05328369140625,-0.01898193359375,0.0010986328125,0.9984130859375,150.29296875,1,20
4.045149423000112,-0.4140625,-1.1328125,9.890625,0.0,0.0,0.0,-0.05731201171875,0.0208740234375,-0.00115966796875,0.99810791015625,0.3515625,-1.04296875,9.75390625,0.0,0.0,0.0,-0.05328369140625,-0.01898193359375,0.0010986328125,0.9984130859375,150.29296875,1,20
4.0500743569991755,-0.4140625,-1.1328125,9.890625,0.0,0.0,0.0,-0.05731201171875,0.0208740234375,-0.00115966796875,0.99810791015625,0.3515625,-1.04296875,9.75390625,0.0,0.0,0.0,-0.05328369140625,-0.01898193359375,0.0010986328125,0.9984130859375,150.380859375,1,20
4.055088675999286,-0.4140625,-1.1328125,9.890625,0.0,0.0,0.0,-0.05731201171875,0.0208740234375,-0.00115966796875,0.99810791015625,0.3515625,-1.04296875,9.75390625,0.0,0.0,0.0,-0.05328369140625,-0.01898193359375,0.00103759765625,0.9984130859375,150.29296875,1,20
4.060081359999458,-0.4140625,-1.1328125,9.890625,0.0,0.0,0.0,-0.05731201171875,0.0208740234375,-0.00115966796875,0.99810791015625,0.3515625,-1.04296875,9.75390625,0.0,0.0,0.0,-0.05328369140625,-0.01898193359375,0.00103759765625,0.9984130859375,150.29296875,1,20
4.065075836999313,-0.4140625,-1.1328125,9.890625,0.0,0.0,0.0,-0.05731201171875,0.0208740234375,-0.00115966796875,0.99810791015625,0.3515625,-1.04296875,9.75390625,0.0,0.0,0.0,-0.05328369140625,-0.01898193359375,0.00103759765625,0.9984130859375,150.29296875,1,20
4.070061929000076,-0.4140625,-1.1328125,9.890625,0.0,0.0,0.0,-0.05731201171875,0.0208740234375,-0.00115966796875,0.99810791015625,0.390625,-1.04296875,9.75,0.0,0.0,0.0,-0.05328369140625,-0.01898193359375,0.00103759765625,0.9984130859375,150.29296875,1,20
4.075059029999466,-0.4140625,-1.1328125,9.890625,0.0,0.0,0.0,-0.05731201171875,0.0208740234375,-0.00115966796875,0.99810791015625,0.390625,-1.04296875,9.75,0.0,0.0,0.0,-0.05328369140625,-0.01898193359375,0.00103759765625,0.9984130859375,150.29296875,1,20
4.080068355999174,-0.4140625,-1.171875,9.89453125,0.0,0.0,0.0,-0.05731201171875,0.02093505859375,-0.00115966796875,0.99810791015625,0.390625,-1.04296875,9.75,0.0,0.0,0.0,-0.05328369140625,-0.01898193359375,0.00103759765625,0.9984130859375,150.29296875,1,20
4.085072914000193,-0.4140625,-1.171875,9.89453125,0.0,0.0,0.0,-0.05731201171875,0.02093505859375,-0.00115966796875,0.99810791015625,0.390625,-1.04296875,9.75,0.0,0.0,0.0,-0.05328369140625,-0.01898193359375,0.00103759765625,0.9984130859375,150.29296875,1,17
4.090063133999138,-0.4140625,-1.171875,9.89453125,0.0,0.0,0.0,-0.05731201171875,0.02093505859375,-0.00115966796875,0.99810791015625,0.390625,-1.04296875,9.75,0.0,0.0,0.0,-0.05328369140625,-0.01898193359375,0.00103759765625,0.9984130859375,150.29296875,1,17
4.095061834999797,-0.4140625,-1.171875,9.89453125,0.0,0.0,0.0,-0.05731201171875,0.02093505859375,-0.00115966796875,0.99810791015625,0.390625,-1.04296875,9.75,0.0,0.0,0.0,-0.05328369140625,-0.0189208984375,0.00103759765625,0.9984130859375,150.29296875,3,17
4.1000606960005825,-0.4140625,-1.171875,9.89453125,0.0,0.0,0.0,-0.05731201171875,0.02093505859375,-0.00115966796875,0.99810791015625,0.390625,-1.04296875,9.75,0.0,0.0,0.0,-0.05328369140625,-0.0189208984375,0.00103759765625,0.9984130859375,150.29296875,3,17
4.105081478999637,-0.4140625,-1.171875,9.89453125,0.0,0.0,0.0,-0.05731201171875,0.02093505859375,-0.00115966796875,0.99810791015625,0.390625,-1.04296875,9.75,0.0,0.0,0.0,-0.05328369140625,-0.0189208984375,0.00103759765625,0.9984130859375,150.380859375,3,19
4.110066290999384,-0.4140625,-1.171875,9.89453125,0.0,0.0,0.0,-0.05731201171875,0.02093505859375,-0.00115966796875,0.99810791015625,0.390625,-1.04296875,9.75,0.0,0.0,0.0,-0.05328369140625,-0.0189208984375,0.00103759765625,0.9984130859375,150.380859375,1,19
4.115532718000395,-0.4140625,-1.171875,9.89453125,0.0,0.0,0.0,-0.05731201171875,0.02093505859375,-0.00115966796875,0.99810791015625,0.390625,-1.04296875,9.75,0.0,0.0,0.0,-0.05328369140625,-0.0189208984375,0.00103759765625,0.9984130859375,150.380859375,1,19
4.120086224000261,-0.4140625,-1.171875,9.89453125,0.0,0.0,0.0,-0.05731201171875,0.02093505859375,-0.00115966796875,0.99810791015625,0.390625,-1.04296875,9.75,0.0,0.0,0.0,-0.05328369140625,-0.0189208984375,0.00103759765625,0.9984130859375,150.29296875,1,19
4.125074907999078,-0.4140625,-1.171875,9.89453125,0.0,0.0,0.0,-0.05731201171875,0.02093505859375,-0.00115966796875,0.99810791015625,0.390625,-1.04296875,9.75,0.0,0.0,0.0,-0.05328369140625,-0.0189208984375,0.00103759765625,0.9984130859375,150.29296875,1,19
4.130069255999842,-0.4140625,-1.171875,9.89453125,0.0,0.0,0.0,-0.05731201171875,0.02093505859375,-0.00115966796875,0.99810791015625,0.390625,-1.04296875,9.75,0.0,0.0,0.0,-0.05322265625,-0.0189208984375,0.0010986328125,0.9984130859375,150.29296875,2,19
4.13506357299957,-0.4140625,-1.171875,9.89453125,0.0,0.0,0.0,-0.05731201171875,0.02093505859375,-0.00115966796875,0.99810791015625,0.390625,-1.04296875,9.75,0.0,0.0,0.0,-0.05322265625,-0.0189208984375,0.0010986328125,0.9984130859375,150.29296875,2,19
4.14015012299933,-0.4140625,-1.171875,9.89453125,0.0,0.0,0.0,-0.05731201171875,0.02093505859375,-0.00115966796875,0.99810791015625,0.390625,-1.04296875,9.75,0.0,0.0,0.0,-0.05322265625,-0.0189208984375,0.0010986328125,0.9984130859375,150.380859375,2,19
4.145071311999345,-0.4140625,-1.171875,9.89453125,0.0,0.0,0.0,-0.05731201171875,0.02093505859375,-0.00115966796875,0.99810791015625,0.390625,-1.04296875,9.75,0.0,0.0,0.0,-0.05322265625,-0.0189208984375,0.0010986328125,0.9984130859375,150.29296875,2,19
4.150077661999603,-0.4140625,-1.171875,9.89453125,0.0,0.0,0.0,-0.05731201171875,0.02093505859375,-0.00115966796875,0.99810791015625,0.390625,-1.04296875,9.75,0.0,0.0,0.0,-0.05322265625,-0.0189208984375,0.0010986328125,0.9984130859375,150.29296875,3,19
4.155054376999033,-0.4140625,-1.171875,9.89453125,0.0,0.0,0.0,-0.05731201171875,0.02093505859375,-0.00115966796875,0.99810791015625,0.390625,-1.04296875,9.75,0.0,0.0,0.0,-0.05322265625,-0.0189208984375,0.0010986328125,0.9984130859375,150.380859375,3,20
4.160067799999524,-0.4140625,-1.171875,9.89453125,0.0,0.0,0.0,-0.05731201171875,0.02093505859375,-0.00115966796875,0.99810791015625,0.390625,-1.04296875,9.75,0.0,0.0,0.0,-0.05322265625,-0.0189208984375,0.0010986328125,0.9984130859375,150.29296875,3,20
4.165065477000098,-0.4140625,-1.171875,9.89453125,0.0,0.0,0.0,-0.05731201171875,0.02093505859375,-0.00115966796875,0.99810791015625,0.390625,-1.04296875,9.75,0.0,0.0,0.0,-0.05322265625,-0.0189208984375,0.0010986328125,0.9984130859375,150.380859375,2,20
4.170059120999213,-0.4140625,-1.171875,9.89453125,0.0,0.0,0.0,-0.05731201171875,0.02093505859375,-0.00115966796875,0.99810791015625,0.390625,-1.04296875,9.75,0.0,0.0,0.0,-0.05322265625,-0.0189208984375,0.0010986328125,0.9984130859375,150.29296875,2,20
4.175060223000401,-0.4140625,-1.171875,9.89453125,0.0,0.0,0.0,-0.05731201171875,0.02093505859375,-0.00115966796875,0.99810791015625,0.390625,-1.04296875,9.75,0.0,0.0,0.0,-0.05322265625,-0.01898193359375,0.00103759765625,0.9984130859375,150.29296875,2,19
4.1800740609996865,-0.4140625,-1.1328125,9.890625,0.0,0.0,0.0,-0.05731201171875,0.02093505859375,-0.00115966796875,0.99810791015625,0.390625,-1.04296875,9.75,0.0,0.0,0.0,-0.05322265625,-0.01898193359375,0.00103759765625,0.9984130859375,150.29296875,2,19
4.185070202000134,-0.4140625,-1.1328125,9.890625,0.0,0.0,0.0,-0.05731201171875,0.02093505859375,-0.00115966796875,0.99810791015625,0.3515625,-1.04296875,9.75390625,0.0,0.0,0.0,-0.05322265625,-0.01898193359375,0.00103759765625,0.9984130859375,150.29296875,3,19
4.1900658630002,-0.4140625,-1.1328125,9.890625,0.0,0.0,0.0,-0.05731201171875,0.02093505859375,-0.00115966796875,0.99810791015625,0.3515625,-1.04296875,9.75390625,0.0,0.0,0.0,-0.05322265625,-0.01898193359375,0.00103759765625,0.9984130859375,150.29296875,3,19
4.195062323999082,-0.4140625,-1.1328125,9.890625,0.0,0.0,0.0,-0.05731201171875,0.02093505859375,-0.00115966796875,0.99810791015625,0.3515625,-1.04296875,9.75390625,0.0,0.0,0.0,-0.05322265625,-0.01898193359375,0.00103759765625,0.9984130859375,150.29296875,3,19
4.200069537999298,-0.4140625,-1.1328125,9.890625,0.0,0.0,0.0,-0.05731201171875,0.02093505859375,-0.00115966796875,0.99810791015625,0.3515625,-1.04296875,9.75390625,0.0,0.0,0.0,-0.05322265625,-0.01898193359375,0.00103759765625,0.9984130859375,150.29296875,3,19
4.205071663000126,-0.4140625,-1.1328125,9.890625,0.0,0.0,0.0,-0.05731201171875,0.02093505859375,-0.00115966796875,0.99810791015625,0.3515625,-1.04296875,9.75390625,0.0,0.0,0.0,-0.05322265625,-0.01898193359375,0.00103759765625,0.9984130859375,150.29296875,3,19
4.210061306999705,-0.4140625,-1.1328125,9.890625,0.0,0.0,0.0,-0.05731201171875,0.02093505859375,-0.00115966796875,0.99810791015625,0.3515625,-1.04296875,9.75390625,0.0,0.0,0.0,-0.05322265625,-0.01898193359375,0.00103759765625,0.9984130859375,150.29296875,3,19
4.215082890999838,-0.4140625,-1.1328125,9.890625,0.0,0.0,0.0,-0.05731201171875,0.02093505859375,-0.00115966796875,0.99810791015625,0.3515625,-1.04296875,9.75390625,0.0,0.0,0.0,-0.05322265625,-0.01898193359375,0.00103759765625,0.9984130859375,150.29296875,2,19
4.220156735000273,-0.4140625,-1.1328125,9.890625,0.0,0.0,0.0,-0.05731201171875,0.02093505859375,-0.00115966796875,0.99810791015625,0.3515625,-1.04296875,9.75390625,0.0,0.0,0.0,-0.05322265625,-0.01898193359375,0.00103759765625,0.9984130859375,150.29296875,2,19
4.225082629000099,-0.4140625,-1.1328125,9.890625,0.0,0.0,0.0,-0.05731201171875,0.02093505859375,-0.00115966796875,0.99810791015625,0.3515625,-1.04296875,9.75390625,0.0,0.0,0.0,-0.05322265625,-0.01898193359375,0.00103759765625,0.9984130859375,150.380859375,2,18
4.230065392999677,-0.4140625,-1.1328125,9.890625,0.0,0.0,0.0,-0.05731201171875,0.02093505859375,-0.00115966796875,0.99810791015625,0.3515625,-1.04296875,9.75390625,0.0,0.0,0.0,-0.05322265625,-0.01898193359375,0.00103759765625,0.9984130859375,150.29296875,2,18
4.23506233399894,-0.4140625,-1.1328125,9.890625,0.0,0.0,0.0,-0.05731201171875,0.02093505859375,-0.00115966796875,0.99810791015625,0.3515625,-1.04296875,9.75390625,0.0,0.0,0.0,-0.05322265625,-0.01898193359375,0.00103759765625,0.9984130859375,150.29296875,1,18
4.240074220000679,-0.4140625,-1.1328125,9.890625,0.0,0.0,0.0,-0.05731201171875,0.02093505859375,-0.00115966796875,0.99810791015625,0.3515625,-1.04296875,9.75390625,0.0,0.0,0.0,-0.05322265625,-0.01898193359375,0.00103759765625,0.9984130859375,150.29296875,1,18
4.24506837700028,-0.4140625,-1.1328125,9.890625,0.0,0.0,0.0,-0.05731201171875,0.02099609375,-0.00115966796875,0.99810791015625,0.3515625,-1.04296875,9.75390625,0.0,0.0,0.0,-0.05322265625,-0.01898193359375,0.00103759765625,0.9984130859375,150.29296875,1,19
4.2500651579994155,-0.4140625,-1.1328125,9.890625,0.0,0.0,0.0,-0.05731201171875,0.02099609375,-0.00115966796875,0.99810791015625,0.3515625,-1.04296875,9.75390625,0.0,0.0,0.0,-0.05322265625,-0.01898193359375,0.00103759765625,0.9984130859375,150.29296875,1,19
4.255065074999948,-0.4140625,-1.1328125,9.890625,0.0,0.0,0.0,-0.05731201171875,0.02099609375,-0.00115966796875,0.99810791015625,0.390625,-1.04296875,9.75,0.0,0.0,0.0,-0.05322265625,-0.01898193359375,0.00103759765625,0.9984130859375,150.380859375,2,19
4.260070753000036,-0.4140625,-1.1328125,9.890625,0.0,0.0,0.0,-0.05731201171875,0.02099609375,-0.00115966796875,0.99810791015625,0.390625,-1.04296875,9.75,0.0,0.0,0.0,-0.05322265625,-0.01898193359375,0.00103759765625,0.9984130859375,150.29296875,2,19
4.265182105000349,-0.4140625,-1.1328125,9.890625,0.0,0.0,0.0,-0.05731201171875,0.02099609375,-0.00115966796875,0.99810791015625,0.390625,-1.04296875,9.75,0.0,0.0,0.0,-0.05322265625,-0.01898193359375,0.00103759765625,0.9984130859375,150.29296875,2,19
4.270062682000571,-0.4140625,-1.1328125,9.890625,0.0,0.0,0.0,-0.05731201171875,0.02099609375,-0.00115966796875,0.99810791015625,0.390625,-1.04296875,9.75,0.0,0.0,0.0,-0.05322265625,-0.01898193359375,0.00103759765625,0.9984130859375,150.29296875,2,18
4.275098603000515,-0.4140625,-1.1328125,9.890625,0.0,0.0,0.0,-0.05731201171875,0.02099609375,-0.00115966796875,0.99810791015625,0.390625,-1.04296875,9.75,0.0,0.0,0.0,-0.05322265625,-0.01898193359375,0.00103759765625,0.9984130859375,150.29296875,2,18
4.280074197999056,-0.4140625,-1.171875,9.89453125,0.0,0.0,0.0,-0.05731201171875,0.02099609375,-0.00115966796875,0.99810791015625,0.390625,-1.04296875,9.75,0.0,0.0,0.0,-0.05322265625,-0.01898193359375,0.00103759765625,0.9984130859375,150.29296875,1,18
4.285070146999715,-0.4140625,-1.171875,9.89453125,0.0,0.0,0.0,-0.05731201171875,0.02099609375,-0.00115966796875,0.99810791015625,0.390625,-1.04296875,9.75,0.0,0.0,0.0,-0.05322265625,-0.01898193359375,0.00103759765625,0.9984130859375,150.29296875,1,18
4.290066031999231,-0.4140625,-1.171875,9.89453125,0.0,0.0,0.0,-0.05731201171875,0.02099609375,-0.00115966796875,0.99810791015625,0.390625,-1.04296875,9.75,0.0,0.0,0.0,-0.05322265625,-0.01898193359375,0.00103759765625,0.9984130859375,150.29296875,1,18
4.295060635999107,-0.4140625,-1.171875,9.89453125,0.0,0.0,0.0,-0.05731201171875,0.02099609375,-0.00115966796875,0.99810791015625,0.390625,-1.04296875,9.75,0.0,0.0,0.0,-0.05322265625,-0.01898193359375,0.00103759765625,0.9984130859375,150.380859375,1,18
4.300078410999049,-0.4140625,-1.171875,9.89453125,0.0,0.0,0.0,-0.05731201171875,0.02099609375,-0.00115966796875,0.99810791015625,0.390625,-1.04296875,9.75,0.0,0.0,0.0,-0.05322265625,-0.01898193359375,0.00103759765625,0.9984130859375,150.29296875,1,18
4.305078105000575,-0.4140625,-1.171875,9.89453125,0.0,0.0,0.0,-0.057373046875,0.02099609375,-0.00115966796875,0.99810791015625,0.390625,-1.04296875,9.75,0.0,0.0,0.0,-0.05322265625,-0.01898193359375,0.00103759765625,0.9984130859375,150.29296875,1,18
4.310061316000429,-0.4140625,-1.171875,9.89453125,0.0,0.0,0.0,-0.057373046875,0.02099609375,-0.00115966796875,0.99810791015625,0.390625,-1.04296875,9.75,0.0,0.0,0.0,-0.05322265625,-0.01898193359375,0.00103759765625,0.9984130859375,150.29296875,1,19
4.315067633999206,-0.4140625,-1.171875,9.89453125,0.0,0.0,0.0,-0.057373046875,0.02099609375,-0.00115966796875,0.99810791015625,0.390625,-1.04296875,9.75,0.0,0.0,0.0,-0.05322265625,-0.01898193359375,0.00103759765625,0.9984130859375,150.29296875,1,19
4.320084512999529,-0.4140625,-1.1328125,9.890625,0.0,0.0,0.0,-0.057373046875,0.02099609375,-0.00115966796875,0.99810791015625,0.390625,-1.04296875,9.75,0.0,0.0,0.0,-0.05322265625,-0.01898193359375,0.00103759765625,0.9984130859375,150.29296875,1,19
4.325060076000227,-0.4140625,-1.1328125,9.890625,0.0,0.0,0.0,-0.057373046875,0.02099609375,-0.00115966796875,0.99810791015625,0.390625,-1.04296875,9.75,0.0,0.0,0.0,-0.05322265625,-0.01898193359375,0.00103759765625,0.9984130859375,150.29296875,1,19
4.330062680999617,-0.4140625,-1.1328125,9.890625,0.0,0.0,0.0,-0.057373046875,0.02099609375,-0.00115966796875,0.99810791015625,0.390625,-1.04296875,9.75,0.0,0.0,0.0,-0.05322265625,-0.01898193359375,0.00103759765625,0.9984130859375,150.29296875,1,20
4.335064294999029,-0.4140625,-1.1328125,9.890625,0.0,0.0,0.0,-0.057373046875,0.02099609375,-0.00115966796875,0.99810791015625,0.390625,-1.04296875,9.75,0.0,0.0,0.0,-0.05322265625,-0.01898193359375,0.00103759765625,0.9984130859375,150.29296875,1,20
4.340069173000302,-0.4140625,-1.1328125,9.890625,0.0,0.0,0.0,-0.057373046875,0.02099609375,-0.00115966796875,0.99810791015625,0.390625,-1.04296875,9.75,0.0,0.0,0.0,-0.05322265625,-0.01898193359375,0.00103759765625,0.9984130859375,150.29296875,1,20
4.345060096999077,-0.4140625,-1.1328125,9.890625,0.0,0.0,0.0,-0.057373046875,0.02099609375,-0.00115966796875,0.99810791015625,0.390625,-1.04296875,9.75,0.0,0.0,0.0,-0.05322265625,-0.01898193359375,0.00103759765625,0.9984130859375,150.29296875,3,20
4.350059149999652,-0.4140625,-1.1328125,9.890625,0.0,0.0,0.0,-0.057373046875,0.02099609375,-0.00115966796875,0.99810791015625,0.390625,-1.04296875,9.75,0.0,0.0,0.0,-0.05322265625,-0.01898193359375,0.00103759765625,0.9984130859375,150.29296875,3,20
4.355070235998937,-0.4140625,-1.1328125,9.890625,0.0,0.0,0.0,-0.057373046875,0.02093505859375,-0.00115966796875,0.99810791015625,0.390625,-1.04296875,9.75,0.0,0.0,0.0,-0.05322265625,-0.01898193359375,0.00103759765625,0.9984130859375,150.29296875,3,22
4.360067145000357,-0.4140625,-1.1328125,9.890625,0.0,0.0,0.0,-0.057373046875,0.02093505859375,-0.00115966796875,0.99810791015625,0.390625,-1.04296875,9.75,0.0,0.0,0.0,-0.05322265625,-0.01898193359375,0.00103759765625,0.9984130859375,150.380859375,1,22
4.3650597340001696,-0.4140625,-1.1328125,9.890625,0.0,0.0,0.0,-0.057373046875,0.02093505859375,-0.00115966796875,0.99810791015625,0.390625,-1.04296875,9.75,0.0,0.0,0.0,-0.05322265625,-0.01898193359375,0.00103759765625,0.9984130859375,150.29296875,1,22
4.370059106999179,-0.4140625,-1.1328125,9.890625,0.0,0.0,0.0,-0.057373046875,0.02093505859375,-0.00115966796875,0.99810791015625,0.390625,-1.04296875,9.75,0.0,0.0,0.0,-0.05322265625,-0.01898193359375,0.00103759765625,0.9984130859375,150.29296875,1,18
4.3751476729994465,-0.4140625,-1.1328125,9.890625,0.0,0.0,0.0,-0.057373046875,0.02093505859375,-0.00115966796875,0.99810791015625,0.390625,-1.04296875,9.75,0.0,0.0,0.0,-0.05322265625,-0.01898193359375,0.00103759765625,0.9984130859375,150.29296875,1,18
4.380127492000611,-0.4140625,-1.1328125,9.890625,0.0,0.0,0.0,-0.057373046875,0.02093505859375,-0.00115966796875,0.99810791015625,0.3515625,-1.04296875,9.75390625,0.0,0.0,0.0,-0.05322265625,-0.01898193359375,0.00103759765625,0.9984130859375,150.29296875,1,18
4.3850701880001,-0.4140625,-1.1328125,9.890625,0.0,0.0,0.0,-0.057373046875,0.02093505859375,-0.00115966796875,0.99810791015625,0.3515625,-1.04296875,9.75390625,0.0,0.0,0.0,-0.05322265625,-0.01898193359375,0.00103759765625,0.9984130859375,150.29296875,1,18
4.390056856000228,-0.4140625,-1.1328125,9.890625,0.0,0.0,0.0,-0.057373046875,0.02093505859375,-0.00115966796875,0.99810791015625,0.3515625,-1.04296875,9.75390625,0.0,0.0,0.0,-0.05322265625,-0.01898193359375,0.00103759765625,0.9984130859375,150.29296875,1,21
4.395077574999959,-0.4140625,-1.1328125,9.890625,0.0,0.0,0.0,-0.057373046875,0.02093505859375,-0.00115966796875,0.99810791015625,0.3515625,-1.04296875,9.75390625,0.0,0.0,0.0,-0.05322265625,-0.01898193359375,0.00103759765625,0.9984130859375,150.29296875,1,21
4.400071187999856,-0.4140625,-1.1328125,9.890625,0.0,0.0,0.0,-0.057373046875,0.02093505859375,-0.00115966796875,0.99810791015625,0.3515625,-1.04296875,9.75390625,0.0,0.0,0.0,-0.05322265625,-0.01898193359375,0.00103759765625,0.9984130859375,150.380859375,1,21
4.40505932799897,-0.4140625,-1.1328125,9.890625,0.0,0.0,0.0,-0.057373046875,0.02093505859375,-0.00115966796875,0.99810791015625,0.3515625,-1.04296875,9.75390625,0.0,0.0,0.0,-0.05322265625,-0.01898193359375,0.00103759765625,0.9984130859375,150.29296875,1,21
4.410103600999719,-0.4140625,-1.1328125,9.890625,0.0,0.0,0.0,-0.057373046875,0.02093505859375,-0.00115966796875,0.99810791015625,0.3515625,-1.04296875,9.75390625,0.0,0.0,0.0,-0.05322265625,-0.01898193359375,0.00103759765625,0.9984130859375,150.29296875,1,21
4.415068987000268,-0.4140625,-1.1328125,9.890625,0.0,0.0,0.0,-0.057373046875,0.02093505859375,-0.00115966796875,0.99810791015625,0.3515625,-1.04296875,9.75390625,0.0,0.0,0.0,-0.05322265625,-0.01904296875,0.00103759765625,0.9984130859375,150.29296875,1,19
4.420059943000524,-0.4140625,-1.1328125,9.890625,0.0,0.0,0.0,-0.057373046875,0.02093505859375,-0.00115966796875,0.99810791015625,0.3515625,-1.04296875,9.75390625,0.0,0.0,0.0,-0.05322265625,-0.01904296875,0.00103759765625,0.9984130859375,150.29296875,3,19
4.425062964999597,-0.4140625,-1.1328125,9.890625,0.0,0.0,0.0,-0.057373046875,0.02093505859375,-0.00115966796875,0.99810791015625,0.3515625,-1.04296875,9.75390625,0.0,0.0,0.0,-0.05322265625,-0.01904296875,0.00103759765625,0.9984130859375,150.29296875,3,19
4.430164683999465,-0.4140625,-1.1328125,9.890625,0.0,0.0,0.0,-0.057373046875,0.02093505859375,-0.00115966796875,0.99810791015625,0.390625,-1.04296875,9.75,0.0,0.0,0.0,-0.05322265625,-0.01904296875,0.00103759765625,0.9984130859375,150.29296875,3,18
4.435070800000176,-0.4140625,-1.1328125,9.890625,0.0,0.0,0.0,-0.057373046875,0.02093505859375,-0.00115966796875,0.99810791015625,0.390625,-1.04296875,9.75,0.0,0.0,0.0,-0.05322265625,-0.01904296875,0.00103759765625,0.9984130859375,150.29296875,3,18
4.440088094999737,-0.4140625,-1.1328125,9.890625,0.0,0.0,0.0,-0.057373046875,0.02093505859375,-0.00115966796875,0.99810791015625,0.390625,-1.04296875,9.75,0.0,0.0,0.0,-0.05322265625,-0.01904296875,0.00103759765625,0.9984130859375,150.29296875,1,18
4.445075435000035,-0.4140625,-1.1328125,9.890625,0.0,0.0,0.0,-0.057373046875,0.02093505859375,-0.00115966796875,0.99810791015625,0.390625,-1.04296875,9.75,0.0,0.0,0.0,-0.05322265625,-0.01904296875,0.00103759765625,0.9984130859375,150.29296875,1,18
4.450068439999086,-0.4140625,-1.1328125,9.890625,0.0,0.0,0.0,-0.057373046875,0.02093505859375,-0.00115966796875,0.99810791015625,0.390625,-1.04296875,9.75,0.0,0.0,0.0,-0.05322265625,-0.01904296875,0.00103759765625,0.9984130859375,150.29296875,1,18
4.455071428999872,-0.4140625,-1.1328125,9.890625,0.0,0.0,0.0,-0.057373046875,0.02093505859375,-0.00115966796875,0.99810791015625,0.390625,-1.04296875,9.75,0.0,0.0,0.0,-0.05322265625,-0.01904296875,0.00103759765625,0.9984130859375,150.29296875,1,17
4.46006187400053,-0.4140625,-1.1328125,9.890625,0.0,0.0,0.0,-0.057373046875,0.02093505859375,-0.00115966796875,0.99810791015625,0.390625,-1.04296875,9.75,0.0,0.0,0.0,-0.05322265625,-0.01904296875,0.00103759765625,0.9984130859375,150.29296875,1,17
4.465061343000343,-0.4140625,-1.1328125,9.890625,0.0,0.0,0.0,-0.057373046875,0.02093505859375,-0.00115966796875,0.99810791015625,0.390625,-1.04296875,9.75,0.0,0.0,0.0,-0.05322265625,-0.01904296875,0.00103759765625,0.9984130859375,150.29296875,1,17
4.470075020999502,-0.4140625,-1.1328125,9.890625,0.0,0.0,0.0,-0.057373046875,0.02093505859375,-0.00115966796875,0.99810791015625,0.390625,-1.04296875,9.75,0.0,0.0,0.0,-0.05322265625,-0.01904296875,0.00103759765625,0.9984130859375,150.29296875,1,17
4.475077082999633,-0.44921875,-1.1328125,9.89453125,0.0,0.0,0.0,-0.057373046875,0.02093505859375,-0.00115966796875,0.99810791015625,0.390625,-1.04296875,9.75,0.0,0.0,0.0,-0.05322265625,-0.01904296875,0.00103759765625,0.9984130859375,150.29296875,1,20
4.480063750999761,-0.44921875,-1.1328125,9.89453125,0.0,0.0,0.0,-0.057373046875,0.02093505859375,-0.00115966796875,0.99810791015625,0.390625,-1.04296875,9.75,0.0,0.0,0.0,-0.05322265625,-0.01904296875,0.00103759765625,0.9984130859375,150.29296875,2,20
4.485063219999574,-0.44921875,-1.1328125,9.89453125,0.0,0.0,0.0,-0.057373046875,0.02093505859375,-0.00115966796875,0.99810791015625,0.390625,-1.04296875,9.75,0.0,0.0,0.0,-0.05322265625,-0.01904296875,0.00103759765625,0.9984130859375,150.29296875,2,20
4.490067169999747,-0.44921875,-1.1328125,9.89453125,0.0,0.0,0.0,-0.057373046875,0.02093505859375,-0.00115966796875,0.99810791015625,0.390625,-1.04296875,9.75,0.0,0.0,0.0,-0.05322265625,-0.01904296875,0.00103759765625,0.9984130859375,150.29296875,2,23
4.495071407000069,-0.44921875,-1.1328125,9.89453125,0.0,0.0,0.0,-0.057373046875,0.02093505859375,-0.00115966796875,0.99810791015625,0.390625,-1.04296875,9.75,0.0,0.0,0.0,-0.05322265625,-0.01904296875,0.00103759765625,0.9984130859375,150.29296875,2,23
4.500059866999436,-0.44921875,-1.1328125,9.89453125,0.0,0.0,0.0,-0.057373046875,0.02093505859375,-0.00115966796875,0.99810791015625,0.390625,-1.04296875,9.75,0.0,0.0,0.0,-0.05322265625,-0.01904296875,0.00103759765625,0.9984130859375,150.29296875,1,23
4.50506567299999,-0.4140625,-1.1328125,9.890625,0.0,0.0,0.0,-0.057373046875,0.02093505859375,-0.00115966796875,0.99810791015625,0.390625,-1.04296875,9.75,0.0,0.0,0.0,-0.05322265625,-0.01904296875,0.00103759765625,0.9984130859375,150.29296875,1,23
4.510068247000163,-0.4140625,-1.1328125,9.890625,0.0,0.0,0.0,-0.057373046875,0.02093505859375,-0.00115966796875,0.99810791015625,0.390625,-1.04296875,9.75,0.0,0.0,0.0,-0.05322265625,-0.01904296875,0.00103759765625,0.9984130859375,150.29296875,1,21
4.515073348000442,-0.4140625,-1.1328125,9.890625,0.0,0.0,0.0,-0.057373046875,0.02093505859375,-0.00115966796875,0.99810791015625,0.390625,-1.04296875,9.75,0.0,0.0,0.0,-0.05322265625,-0.01904296875,0.00103759765625,0.9984130859375,150.29296875,4,21
4.520060752000063,-0.4140625,-1.1328125,9.890625,0.0,0.0,0.0,-0.057373046875,0.02093505859375,-0.00115966796875,0.99810791015625,0.390625,-1.04296875,9.75,0.0,0.0,0.0,-0.05322265625,-0.01904296875,0.00103759765625,0.9984130859375,150.29296875,4,21
4.5250627499990514,-0.4140625,-1.1328125,9.890625,0.0,0.0,0.0,-0.057373046875,0.02093505859375,-0.00115966796875,0.99810791015625,0.390625,-1.04296875,9.75,0.0,0.0,0.0,-0.05322265625,-0.01904296875,0.00103759765625,0.9984130859375,150.29296875,4,19
4.5300852290001785,-0.4140625,-1.1328125,9.890625,0.0,0.0,0.0,-0.057373046875,0.02093505859375,-0.00115966796875,0.99810791015625,0.390625,-1.04296875,9.75,0.0,0.0,0.0,-0.05322265625,-0.01904296875,0.00103759765625,0.9984130859375,150.29296875,4,19
4.535067032998995,-0.4140625,-1.1328125,9.890625,0.0,0.0,0.0,-0.057373046875,0.02093505859375,-0.00115966796875,0.99810791015625,0.390625,-1.04296875,9.75,0.0,0.0,0.0,-0.05322265625,-0.01904296875,0.00103759765625,0.9984130859375,150.29296875,4,19
4.5402053960006015,-0.4140625,-1.1328125,9.890625,0.0,0.0,0.0,-0.057373046875,0.02093505859375,-0.00115966796875,0.99810791015625,0.390625,-1.04296875,9.75,0.0,0.0,0.0,-0.05322265625,-0.01904296875,0.00103759765625,0.9984130859375,150.29296875,3,19
4.5450940699993225,-0.4140625,-1.1328125,9.890625,0.0,0.0,0.0,-0.057373046875,0.02093505859375,-0.00115966796875,0.99810791015625,0.390625,-1.04296875,9.75,0.0,0.0,0.0,-0.05322265625,-0.01904296875,0.00103759765625,0.9984130859375,150.29296875,3,19
4.550084930000594,-0.4140625,-1.1328125,9.890625,0.0,0.0,0.0,-0.057373046875,0.02093505859375,-0.00115966796875,0.99810791015625,0.390625,-1.04296875,9.75,0.0,0.0,0.0,-0.05322265625,-0.01904296875,0.00103759765625,0.9984130859375,150.29296875,3,21
4.555061453000235,-0.4140625,-1.1328125,9.890625,0.0,0.0,0.0,-0.057373046875,0.02093505859375,-0.00115966796875,0.99810791015625,0.390625,-1.04296875,9.75,0.0,0.0,0.0,-0.05322265625,-0.01904296875,0.00103759765625,0.9984130859375,150.29296875,3,21
4.560059514000386,-0.4140625,-1.1328125,9.890625,0.0,0.0,0.0,-0.057373046875,0.02093505859375,-0.00115966796875,0.99810791015625,0.390625,-1.04296875,9.75,0.0,0.0,0.0,-0.05322265625,-0.01904296875,0.00103759765625,0.9984130859375,150.29296875,2,21
4.565129581998917,-0.4140625,-1.1328125,9.890625,0.0,0.0,0.0,-0.057373046875,0.02093505859375,-0.00115966796875,0.99810791015625,0.390625,-1.04296875,9.75,0.0,0.0,0.0,-0.05322265625,-0.01904296875,0.00103759765625,0.9984130859375,150.29296875,2,21
4.570079511000586,-0.4140625,-1.1328125,9.890625,0.0,0.0,0.0,-0.057373046875,0.02093505859375,-0.00115966796875,0.99810791015625,0.390625,-1.04296875,9.75,0.0,0.0,0.0,-0.05322265625,-0.01904296875,0.00103759765625,0.9984130859375,150.29296875,2,21
4.575066850999065,-0.4140625,-1.1328125,9.890625,0.0,0.0,0.0,-0.057373046875,0.02093505859375,-0.00115966796875,0.99810791015625,0.3515625,-1.04296875,9.75390625,0.0,0.0,0.0,-0.05322265625,-0.01904296875,0.00103759765625,0.9984130859375,150.29296875,2,21
4.580063567998877,-0.4140625,-1.1328125,9.890625,0.0,0.0,0.0,-0.057373046875,0.02093505859375,-0.00115966796875,0.99810791015625,0.3515625,-1.04296875,9.75390625,0.0,0.0,0.0,-0.05322265625,-0.01904296875,0.00103759765625,0.9984130859375,150.29296875,1,21
4.585065724999367,-0.4140625,-1.1328125,9.890625,0.0,0.0,0.0,-0.057373046875,0.02093505859375,-0.00115966796875,0.99810791015625,0.3515625,-1.04296875,9.75390625,0.0,0.0,0.0,-0.05322265625,-0.01904296875,0.00103759765625,0.9984130859375,150.29296875,1,21
4.590077867000218,-0.4140625,-1.1328125,9.890625,0.0,0.0,0.0,-0.057373046875,0.02093505859375,-0.00115966796875,0.99810791015625,0.3515625,-1.04296875,9.75390625,0.0,0.0,0.0,-0.05322265625,-0.01904296875,0.00103759765625,0.9984130859375,150.29296875,1,20
4.595060854999247,-0.4140625,-1.1328125,9.890625,0.0,0.0,0.0,-0.057373046875,0.02093505859375,-0.00115966796875,0.99810791015625,0.3515625,-1.04296875,9.75390625,0.0,0.0,0.0,-0.05322265625,-0.01904296875,0.00103759765625,0.9984130859375,150.29296875,1,20
4.600074277999738,-0.4140625,-1.1328125,9.890625,0.0,0.0,0.0,-0.057373046875,0.02093505859375,-0.00115966796875,0.99810791015625,0.3515625,-1.04296875,9.75390625,0.0,0.0,0.0,-0.05322265625,-0.01904296875,0.00103759765625,0.9984130859375,150.29296875,2,20
4.605066129999614,-0.4140625,-1.1328125,9.890625,0.0,0.0,0.0,-0.057373046875,0.02093505859375,-0.00115966796875,0.99810791015625,0.3515625,-1.04296875,9.75390625,0.0,0.0,0.0,-0.05322265625,-0.01904296875,0.00103759765625,0.9984130859375,150.29296875,2,20
4.610061150999172,-0.4140625,-1.1328125,9.890625,0.0,0.0,0.0,-0.057373046875,0.02093505859375,-0.00115966796875,0.99810791015625,0.3515625,-1.04296875,9.75390625,0.0,0.0,0.0,-0.05322265625,-0.01904296875,0.00103759765625,0.9984130859375,150.380859375,2,18
4.615066508999007,-0.4140625,-1.1328125,9.890625,0.0,0.0,0.0,-0.057373046875,0.02093505859375,-0.00115966796875,0.99810791015625,0.3515625,-1.04296875,9.75390625,0.0,0.0,0.0,-0.05322265625,-0.01904296875,0.00103759765625,0.9984130859375,150.29296875,2,18
4.6200693379996665,-0.4140625,-1.1328125,9.890625,0.0,0.0,0.0,-0.057373046875,0.02093505859375,-0.00115966796875,0.99810791015625,0.3515625,-1.04296875,9.75390625,0.0,0.0,0.0,-0.05328369140625,-0.01904296875,0.00103759765625,0.9984130859375,150.29296875,2,18
4.625071751999712,-0.4140625,-1.1328125,9.890625,0.0,0.0,0.0,-0.057373046875,0.02093505859375,-0.00115966796875,0.99810791015625,0.3515625,-1.04296875,9.75390625,0.0,0.0,0.0,-0.05328369140625,-0.01904296875,0.00103759765625,0.9984130859375,150.29296875,2,18
4.630059123999672,-0.4140625,-1.1328125,9.890625,0.0,0.0,0.0,-0.057373046875,0.02093505859375,-0.00115966796875,0.99810791015625,0.3515625,-1.04296875,9.75390625,0.0,0.0,0.0,-0.05328369140625,-0.01904296875,0.00103759765625,0.9984130859375,150.29296875,2,18
4.635061601000416,-0.4140625,-1.1328125,9.890625,0.0,0.0,0.0,-0.057373046875,0.02093505859375,-0.00115966796875,0.99810791015625,0.3515625,-1.04296875,9.75390625,0.0,0.0,0.0,-0.05328369140625,-0.01904296875,0.00103759765625,0.9984130859375,150.29296875,0,18
4.64006923099987,-0.4140625,-1.1328125,9.890625,0.0,0.0,0.0,-0.057373046875,0.02093505859375,-0.00115966796875,0.99810791015625,0.3515625,-1.04296875,9.75390625,0.0,0.0,0.0,-0.05328369140625,-0.01904296875,0.00103759765625,0.9984130859375,150.29296875,0,18
4.645065692000571,-0.4140625,-1.1328125,9.890625,0.0,0.0,0.0,-0.057373046875,0.02093505859375,-0.00115966796875,0.99810791015625,0.3515625,-1.04296875,9.75390625,0.0,0.0,0.0,-0.05328369140625,-0.01904296875,0.00103759765625,0.9984130859375,150.29296875,0,20
4.650060136998945,-0.4140625,-1.1328125,9.890625,0.0,0.0,0.0,-0.057373046875,0.02093505859375,-0.00115966796875,0.99810791015625,0.3515625,-1.04296875,9.75390625,0.0,0.0,0.0,-0.05328369140625,-0.01904296875,0.00103759765625,0.9984130859375,150.29296875,0,20
4.655059861999689,-0.4140625,-1.1328125,9.890625,0.0,0.0,0.0,-0.057373046875,0.02093505859375,-0.00115966796875,0.99810791015625,0.390625,-1.04296875,9.75,0.0,0.0,0.0,-0.05328369140625,-0.01904296875,0.00103759765625,0.9984130859375,150.29296875,2,20
4.660075013000096,-0.4140625,-1.1328125,9.890625,0.0,0.0,0.0,-0.057373046875,0.02093505859375,-0.00115966796875,0.99810791015625,0.390625,-1.04296875,9.75,0.0,0.0,0.0,-0.05328369140625,-0.01904296875,0.00103759765625,0.9984130859375,150.29296875,2,20
4.665069296999718,-0.4140625,-1.1328125,9.890625,0.0,0.0,0.0,-0.057373046875,0.02093505859375,-0.00115966796875,0.99810791015625,0.390625,-1.04296875,9.75,0.0,0.0,0.0,-0.05328369140625,-0.01904296875,0.00103759765625,0.9984130859375,150.29296875,2,20
4.6700591659991915,-0.4140625,-1.1328125,9.890625,0.0,0.0,0.0,-0.057373046875,0.02093505859375,-0.00115966796875,0.99810791015625,0.390625,-1.04296875,9.75,0.0,0.0,0.0,-0.05328369140625,-0.01904296875,0.00103759765625,0.9984130859375,150.29296875,3,20
4.675061162999555,-0.4140625,-1.1328125,9.890625,0.0,0.0,0.0,-0.057373046875,0.02093505859375,-0.00115966796875,0.99810791015625,0.390625,-1.04296875,9.75,0.0,0.0,0.0,-0.05328369140625,-0.01904296875,0.00103759765625,0.9984130859375,150.29296875,3,20
4.68007064899939,-0.4140625,-1.1328125,9.890625,0.0,0.0,0.0,-0.057373046875,0.02093505859375,-0.00115966796875,0.99810791015625,0.390625,-1.04296875,9.75,0.0,0.0,0.0,-0.05328369140625,-0.01904296875,0.00103759765625,0.9984130859375,150.29296875,3,20
4.685069541999837,-0.4140625,-1.1328125,9.890625,0.0,0.0,0.0,-0.057373046875,0.02093505859375,-0.00115966796875,0.99810791015625,0.390625,-1.04296875,9.75,0.0,0.0,0.0,-0.05328369140625,-0.01904296875,0.00103759765625,0.9984130859375,150.29296875,3,20
4.690058738000516,-0.4140625,-1.1328125,9.890625,0.0,0.0,0.0,-0.057373046875,0.02093505859375,-0.00115966796875,0.99810791015625,0.390625,-1.04296875,9.75,0.0,0.0,0.0,-0.05328369140625,-0.01904296875,0.00103759765625,0.9984130859375,150.29296875,3,20
4.695067648999611,-0.4140625,-1.1328125,9.890625,0.0,0.0,0.0,-0.057373046875,0.02093505859375,-0.00115966796875,0.99810791015625,0.3515625,-1.04296875,9.75390625,0.0,0.0,0.0,-0.05328369140625,-0.01904296875,0.00103759765625,0.9984130859375,150.380859375,3,20
4.700112626000191,-0.4140625,-1.1328125,9.890625,0.0,0.0,0.0,-0.057373046875,0.02093505859375,-0.00115966796875,0.99810791015625,0.3515625,-1.04296875,9.75390625,0.0,0.0,0.0,-0.05328369140625,-0.01904296875,0.00103759765625,0.9984130859375,150.380859375,3,19
4.705073564000486,-0.4140625,-1.1328125,9.85546875,0.0,0.0,0.0,-0.057373046875,0.02093505859375,-0.00115966796875,0.99810791015625,0.3515625,-1.04296875,9.75390625,0.0,0.0,0.0,-0.05328369140625,-0.01904296875,0.00103759765625,0.9984130859375,150.29296875,2,19
4.710097515000598,-0.4140625,-1.1328125,9.85546875,0.0,0.0,0.0,-0.057373046875,0.02093505859375,-0.00115966796875,0.99810791015625,0.3515625,-1.04296875,9.75390625,0.0,0.0,0.0,-0.05328369140625,-0.01904296875,0.00103759765625,0.9984130859375,150.29296875,2,19
4.715082966999034,-0.4140625,-1.1328125,9.85546875,0.0,0.0,0.0,-0.057373046875,0.02093505859375,-0.00115966796875,0.99810791015625,0.3515625,-1.04296875,9.75390625,0.0,0.0,0.0,-0.05328369140625,-0.01904296875,0.00103759765625,0.9984130859375,150.29296875,2,19
4.720078340000327,-0.4140625,-1.1328125,9.85546875,0.0,0.0,0.0,-0.057373046875,0.02093505859375,-0.00115966796875,0.99810791015625,0.3515625,-1.04296875,9.75390625,0.0,0.0,0.0,-0.05328369140625,-0.01904296875,0.00103759765625,0.9984130859375,150.29296875,2,19
4.7250612629995885,-0.4140625,-1.1328125,9.890625,0.0,0.0,0.0,-0.057373046875,0.02093505859375,-0.00115966796875,0.99810791015625,0.3515625,-1.04296875,9.75390625,0.0,0.0,0.0,-0.05328369140625,-0.01904296875,0.00103759765625,0.9984130859375,150.29296875,2,19
4.730060796999169,-0.4140625,-1.1328125,9.890625,0.0,0.0,0.0,-0.057373046875,0.02093505859375,-0.00115966796875,0.99810791015625,0.3515625,-1.0078125,9.75390625,0.0,0.0,0.0,-0.05328369140625,-0.01910400390625,0.00103759765625,0.9984130859375,150.29296875,2,19
4.735068522999427,-0.4140625,-1.1328125,9.890625,0.0,0.0,0.0,-0.057373046875,0.02093505859375,-0.00115966796875,0.99810791015625,0.3515625,-1.0078125,9.75390625,0.0,0.0,0.0,-0.05328369140625,-0.01910400390625,0.00103759765625,0.9984130859375,150.29296875,2,16
4.740067415999874,-0.4140625,-1.1328125,9.890625,0.0,0.0,0.0,-0.057373046875,0.02093505859375,-0.00115966796875,0.99810791015625,0.3515625,-1.0078125,9.75390625,0.0,0.0,0.0,-0.05328369140625,-0.01910400390625,0.00103759765625,0.9984130859375,150.29296875,2,16
4.74507174899918,-0.4140625,-1.1328125,9.890625,0.0,0.0,0.0,-0.057373046875,0.02093505859375,-0.00115966796875,0.99810791015625,0.3515625,-1.0078125,9.75390625,0.0,0.0,0.0,-0.05328369140625,-0.01910400390625,0.00103759765625,0.9984130859375,150.29296875,2,16
4.750061873999584,-0.4140625,-1.1328125,9.890625,0.0,0.0,0.0,-0.05731201171875,0.02093505859375,-0.00115966796875,0.99810791015625,0.3515625,-1.04296875,9.75390625,0.0,0.0,0.0,-0.05328369140625,-0.01910400390625,0.00103759765625,0.9984130859375,150.29296875,2,16
4.755059519000497,-0.4140625,-1.1328125,9.890625,0.0,0.0,0.0,-0.05731201171875,0.02093505859375,-0.00115966796875,0.99810791015625,0.3515625,-1.04296875,9.75390625,0.0,0.0,0.0,-0.05328369140625,-0.01910400390625,0.00103759765625,0.9984130859375,150.380859375,2,19
4.760071116999825,-0.4140625,-1.1328125,9.890625,0.0,0.0,0.0,-0.05731201171875,0.02093505859375,-0.00115966796875,0.99810791015625,0.3515625,-1.04296875,9.75390625,0.0,0.0,0.0,-0.05328369140625,-0.01910400390625,0.00103759765625,0.9984130859375,150.29296875,1,19
4.7650588729993615,-0.4140625,-1.1328125,9.890625,0.0,0.0,0.0,-0.05731201171875,0.02093505859375,-0.00115966796875,0.99810791015625,0.3515625,-1.04296875,9.75390625,0.0,0.0,0.0,-0.05328369140625,-0.01910400390625,0.00103759765625,0.9984130859375,150.29296875,1,19
4.770059942000444,-0.4140625,-1.1328125,9.890625,0.0,0.0,0.0,-0.05731201171875,0.02093505859375,-0.00115966796875,0.99810791015625,0.3515625,-1.04296875,9.75390625,0.0,0.0,0.0,-0.05328369140625,-0.01910400390625,0.00103759765625,0.9984130859375,150.29296875,1,18
4.775065620000532,-0.4140625,-1.1328125,9.890625,0.0,0.0,0.0,-0.05731201171875,0.02093505859375,-0.00115966796875,0.99810791015625,0.3515625,-1.04296875,9.75390625,0.0,0.0,0.0,-0.05328369140625,-0.01910400390625,0.00103759765625,0.9984130859375,150.29296875,1,18
4.780073665999225,-0.4140625,-1.1328125,9.890625,0.0,0.0,0.0,-0.05731201171875,0.02093505859375,-0.00115966796875,0.99810791015625,0.3515625,-1.04296875,9.75390625,0.0,0.0,0.0,-0.05328369140625,-0.01910400390625,0.00103759765625,0.9984130859375,150.29296875,1,18
4.785067086999334,-0.4140625,-1.1328125,9.890625,0.0,0.0,0.0,-0.05731201171875,0.02093505859375,-0.00115966796875,0.99810791015625,0.3515625,-1.04296875,9.75390625,0.0,0.0,0.0,-0.05328369140625,-0.01910400390625,0.00103759765625,0.9984130859375,150.29296875,3,18
4.790058746999421,-0.4140625,-1.1328125,9.890625,0.0,0.0,0.0,-0.05731201171875,0.02093505859375,-0.00115966796875,0.99810791015625,0.3515625,-1.04296875,9.75390625,0.0,0.0,0.0,-0.05328369140625,-0.01910400390625,0.00103759765625,0.9984130859375,150.29296875,3,18
4.795076809999955,-0.4140625,-1.1328125,9.890625,0.0,0.0,0.0,-0.05731201171875,0.02093505859375,-0.00115966796875,0.99810791015625,0.3515625,-1.04296875,9.75390625,0.0,0.0,0.0,-0.05328369140625,-0.01910400390625,0.00103759765625,0.9984130859375,150.29296875,3,19
4.8001358050005365,-0.4140625,-1.1328125,9.890625,0.0,0.0,0.0,-0.05731201171875,0.02093505859375,-0.00115966796875,0.99810791015625,0.3515625,-1.04296875,9.75390625,0.0,0.0,0.0,-0.05328369140625,-0.01910400390625,0.00103759765625,0.9984130859375,150.380859375,2,19
4.8050684520003415,-0.4140625,-1.1328125,9.890625,0.0,0.0,0.0,-0.05731201171875,0.02093505859375,-0.00115966796875,0.99810791015625,0.3515625,-1.04296875,9.75390625,0.0,0.0,0.0,-0.05328369140625,-0.01910400390625,0.00103759765625,0.9984130859375,150.29296875,2,19
4.81007275400043,-0.4140625,-1.1328125,9.890625,0.0,0.0,0.0,-0.05731201171875,0.02093505859375,-0.00115966796875,0.99810791015625,0.3515625,-1.04296875,9.75390625,0.0,0.0,0.0,-0.05328369140625,-0.01910400390625,0.00103759765625,0.9984130859375,150.380859375,2,19
4.815066654000475,-0.4140625,-1.1328125,9.890625,0.0,0.0,0.0,-0.05731201171875,0.02093505859375,-0.00115966796875,0.99810791015625,0.3515625,-1.04296875,9.75390625,0.0,0.0,0.0,-0.05328369140625,-0.01910400390625,0.00103759765625,0.9984130859375,150.29296875,2,19
4.820060746998934,-0.4140625,-1.1328125,9.890625,0.0,0.0,0.0,-0.05731201171875,0.02093505859375,-0.00115966796875,0.99810791015625,0.3515625,-1.04296875,9.75390625,0.0,0.0,0.0,-0.05328369140625,-0.01904296875,0.00103759765625,0.9984130859375,150.29296875,2,19
4.825065977000122,-0.4140625,-1.1328125,9.890625,0.0,0.0,0.0,-0.05731201171875,0.02093505859375,-0.00115966796875,0.99810791015625,0.3515625,-1.04296875,9.75390625,0.0,0.0,0.0,-0.05328369140625,-0.01904296875,0.00103759765625,0.9984130859375,150.29296875,1,19
4.8300705019992165,-0.4140625,-1.1328125,9.890625,0.0,0.0,0.0,-0.05731201171875,0.02093505859375,-0.00115966796875,0.99810791015625,0.3515625,-1.04296875,9.75390625,0.0,0.0,0.0,-0.05328369140625,-0.01904296875,0.00103759765625,0.9984130859375,150.29296875,1,19
4.835068946998945,-0.4140625,-1.1328125,9.890625,0.0,0.0,0.0,-0.05731201171875,0.02093505859375,-0.00115966796875,0.99810791015625,0.3515625,-1.04296875,9.75390625,0.0,0.0,0.0,-0.05328369140625,-0.01904296875,0.00103759765625,0.9984130859375,150.29296875,1,19
4.8400666559991805,-0.4140625,-1.1328125,9.890625,0.0,0.0,0.0,-0.05731201171875,0.02093505859375,-0.00115966796875,0.99810791015625,0.3515625,-1.04296875,9.75390625,0.0,0.0,0.0,-0.05328369140625,-0.01904296875,0.00103759765625,0.9984130859375,150.29296875,0,19
4.845058220998908,-0.4140625,-1.1328125,9.890625,0.0,0.0,0.0,-0.05731201171875,0.02093505859375,-0.00115966796875,0.99810791015625,0.3515625,-1.04296875,9.75390625,0.0,0.0,0.0,-0.05328369140625,-0.01904296875,0.00103759765625,0.9984130859375,150.29296875,0,19
4.850071867000224,-0.4140625,-1.1328125,9.890625,0.0,0.0,0.0,-0.05731201171875,0.02093505859375,-0.00115966796875,0.99810791015625,0.3515625,-1.04296875,9.75390625,0.0,0.0,0.0,-0.05328369140625,-0.01904296875,0.00103759765625,0.9984130859375,150.380859375,0,20
4.855089673999828,-0.4140625,-1.1328125,9.890625,0.0,0.0,0.0,-0.05731201171875,0.02093505859375,-0.00115966796875,0.99810791015625,0.3515625,-1.04296875,9.75390625,0.0,0.0,0.0,-0.05328369140625,-0.01904296875,0.00103759765625,0.9984130859375,150.29296875,0,20
4.8600704860000405,-0.4140625,-1.171875,9.89453125,0.0,0.0,0.0,-0.05731201171875,0.02093505859375,-0.00115966796875,0.99810791015625,0.3515625,-1.04296875,9.75390625,0.0,0.0,0.0,-0.05328369140625,-0.01904296875,0.00103759765625,0.9984130859375,150.29296875,2,20
4.86508637299994,-0.4140625,-1.171875,9.89453125,0.0,0.0,0.0,-0.05731201171875,0.02093505859375,-0.00115966796875,0.99810791015625,0.3515625,-1.04296875,9.75390625,0.0,0.0,0.0,-0.05328369140625,-0.01904296875,0.00103759765625,0.9984130859375,150.29296875,2,20
4.870073329000661,-0.4140625,-1.171875,9.89453125,0.0,0.0,0.0,-0.0572509765625,0.02093505859375,-0.00115966796875,0.99810791015625,0.3515625,-1.04296875,9.75390625,0.0,0.0,0.0,-0.05328369140625,-0.01904296875,0.00103759765625,0.9984130859375,150.29296875,2,20
4.875074109999332,-0.4140625,-1.171875,9.89453125,0.0,0.0,0.0,-0.0572509765625,0.02093505859375,-0.00115966796875,0.99810791015625,0.390625,-1.04296875,9.75,0.0,0.0,0.0,-0.05328369140625,-0.01904296875,0.00103759765625,0.9984130859375,150.29296875,2,20
4.880063626000265,-0.4140625,-1.171875,9.89453125,0.0,0.0,0.0,-0.0572509765625,0.02093505859375,-0.00115966796875,0.99810791015625,0.390625,-1.04296875,9.75,0.0,0.0,0.0,-0.05328369140625,-0.01904296875,0.00103759765625,0.9984130859375,150.29296875,2,20
4.885076280999783,-0.4140625,-1.171875,9.89453125,0.0,0.0,0.0,-0.0572509765625,0.02093505859375,-0.00115966796875,0.99810791015625,0.390625,-1.04296875,9.75,0.0,0.0,0.0,-0.05328369140625,-0.01904296875,0.00103759765625,0.9984130859375,150.29296875,2,20
4.890081190000274,-0.4140625,-1.171875,9.89453125,0.0,0.0,0.0,-0.0572509765625,0.02093505859375,-0.00115966796875,0.99810791015625,0.390625,-1.04296875,9.75,0.0,0.0,0.0,-0.05328369140625,-0.01904296875,0.00103759765625,0.9984130859375,150.380859375,2,18
4.895066642000529,-0.4140625,-1.1328125,9.890625,0.0,0.0,0.0,-0.0572509765625,0.02093505859375,-0.00115966796875,0.99810791015625,0.390625,-1.04296875,9.75,0.0,0.0,0.0,-0.05328369140625,-0.01904296875,0.00103759765625,0.9984130859375,150.29296875,2,18
4.900064094999834,-0.4140625,-1.1328125,9.890625,0.0,0.0,0.0,-0.0572509765625,0.02093505859375,-0.00115966796875,0.99810791015625,0.390625,-1.04296875,9.75,0.0,0.0,-0.001953125,-0.05328369140625,-0.01898193359375,0.00103759765625,0.9984130859375,150.29296875,2,18
4.905065740998907,-0.4140625,-1.1328125,9.890625,0.0,0.0,0.0,-0.0572509765625,0.02093505859375,-0.00115966796875,0.99810791015625,0.390625,-1.04296875,9.75,0.0,0.0,-0.001953125,-0.05328369140625,-0.01898193359375,0.00103759765625,0.9984130859375,150.29296875,2,18
4.91006933800054,-0.4140625,-1.1328125,9.890625,0.0,0.0,0.0,-0.0572509765625,0.02093505859375,-0.00115966796875,0.99810791015625,0.3515625,-1.04296875,9.75390625,0.0,0.0,-0.001953125,-0.05328369140625,-0.01898193359375,0.00103759765625,0.9984130859375,150.29296875,2,19
4.915062759000648,-0.4140625,-1.171875,9.89453125,0.0,0.0,0.0,-0.0572509765625,0.02093505859375,-0.00115966796875,0.9981689453125,0.3515625,-1.04296875,9.75390625,0.0,0.0,-0.001953125,-0.05328369140625,-0.01898193359375,0.00103759765625,0.9984130859375,150.29296875,2,19
4.920063252000546,-0.4140625,-1.171875,9.89453125,0.0,0.0,0.0,-0.0572509765625,0.02093505859375,-0.00115966796875,0.9981689453125,0.3515625,-1.04296875,9.75390625,0.0,0.0,-0.001953125,-0.05328369140625,-0.01898193359375,0.00103759765625,0.9984130859375,150.29296875,1,19
4.92506275300002,-0.4140625,-1.171875,9.89453125,0.0,0.0,0.0,-0.0572509765625,0.02093505859375,-0.00115966796875,0.9981689453125,0.3515625,-1.04296875,9.75390625,0.0,0.0,-0.001953125,-0.05328369140625,-0.01898193359375,0.00103759765625,0.9984130859375,150.29296875,1,18
4.930064686999685,-0.4140625,-1.171875,9.89453125,0.0,0.0,0.0,-0.0572509765625,0.02093505859375,-0.00115966796875,0.9981689453125,0.3515625,-1.04296875,9.75390625,0.0,0.0,-0.001953125,-0.05328369140625,-0.01898193359375,0.00103759765625,0.9984130859375,150.29296875,1,18
4.935057691000111,-0.4140625,-1.171875,9.89453125,0.0,0.0,0.0,-0.0572509765625,0.02093505859375,-0.00115966796875,0.9981689453125,0.3515625,-1.04296875,9.75390625,-0.001953125,0.0,0.0,-0.05328369140625,-0.01898193359375,0.0010986328125,0.9984130859375,150.380859375,1,18
4.940061384999353,-0.4140625,-1.171875,9.89453125,0.0,0.0,0.0,-0.0572509765625,0.02093505859375,-0.00115966796875,0.9981689453125,0.3515625,-1.04296875,9.75390625,-0.001953125,0.0,0.0,-0.05328369140625,-0.01898193359375,0.0010986328125,0.9984130859375,150.29296875,1,18
4.945067062999442,-0.4140625,-1.171875,9.89453125,0.0,0.0,0.0,-0.0572509765625,0.02093505859375,-0.00115966796875,0.9981689453125,0.3515625,-1.04296875,9.75390625,-0.001953125,0.0,0.0,-0.05328369140625,-0.01898193359375,0.0010986328125,0.9984130859375,150.29296875,1,18
4.95006755599934,-0.4140625,-1.171875,9.89453125,0.0,0.0,0.0,-0.0572509765625,0.02093505859375,-0.00115966796875,0.9981689453125,0.3515625,-1.04296875,9.75390625,-0.001953125,0.0,0.0,-0.05328369140625,-0.01898193359375,0.0010986328125,0.9984130859375,150.29296875,1,18
4.9550599840004,-0.4140625,-1.1328125,9.890625,0.0,0.0,0.0,-0.0572509765625,0.02093505859375,-0.00115966796875,0.9981689453125,0.3515625,-1.04296875,9.75390625,-0.001953125,0.0,0.0,-0.05328369140625,-0.01898193359375,0.0010986328125,0.9984130859375,150.29296875,2,18
4.960062173000551,-0.4140625,-1.1328125,9.890625,0.0,0.0,0.0,-0.0572509765625,0.02093505859375,-0.00115966796875,0.9981689453125,0.3515625,-1.04296875,9.75390625,-0.001953125,0.0,0.0,-0.05328369140625,-0.01898193359375,0.0010986328125,0.9984130859375,150.29296875,2,18
4.965096365000136,-0.4140625,-1.1328125,9.890625,0.0,0.0,0.0,-0.0572509765625,0.02093505859375,-0.00115966796875,0.9981689453125,0.3515625,-1.04296875,9.75390625,-0.001953125,0.0,0.0,-0.05328369140625,-0.01898193359375,0.0010986328125,0.9984130859375,150.29296875,1,18
4.970065334999163,-0.4140625,-1.1328125,9.890625,0.0,0.0,0.0,-0.0572509765625,0.02093505859375,-0.00115966796875,0.9981689453125,0.3515625,-1.04296875,9.75390625,-0.001953125,0.0,0.0,-0.05328369140625,-0.01898193359375,0.0010986328125,0.9984130859375,150.29296875,1,18
4.975059170999884,-0.4140625,-1.1328125,9.890625,0.0,0.0,0.0,-0.0572509765625,0.02093505859375,-0.00115966796875,0.9981689453125,0.3515625,-1.04296875,9.75390625,-0.001953125,0.0,0.0,-0.05328369140625,-0.01898193359375,0.0010986328125,0.9984130859375,150.29296875,1,18
4.980067087999487,-0.4140625,-1.1328125,9.890625,0.0,0.0,0.0,-0.0572509765625,0.02093505859375,-0.00115966796875,0.9981689453125,0.3515625,-1.0078125,9.75390625,-0.001953125,0.0,0.0,-0.05328369140625,-0.01898193359375,0.0010986328125,0.9984130859375,150.380859375,1,18
4.985065212998961,-0.4140625,-1.1328125,9.890625,0.0,0.0,0.0,-0.0572509765625,0.02093505859375,-0.00115966796875,0.9981689453125,0.3515625,-1.0078125,9.75390625,-0.001953125,0.0,0.0,-0.05328369140625,-0.01898193359375,0.0010986328125,0.9984130859375,150.29296875,1,18
4.9900721379999595,-0.4140625,-1.1328125,9.890625,0.0,0.0,0.0,-0.0572509765625,0.02093505859375,-0.00115966796875,0.9981689453125,0.3515625,-1.0078125,9.75390625,-0.001953125,0.0,0.0,-0.05328369140625,-0.01898193359375,0.0010986328125,0.9984130859375,150.29296875,2,17
4.9951145550003275,-0.4140625,-1.1328125,9.890625,0.0,0.0,0.0,-0.0572509765625,0.02093505859375,-0.00115966796875,0.9981689453125,0.3515625,-1.0078125,9.75390625,-0.001953125,0.0,0.0,-0.05328369140625,-0.01898193359375,0.0010986328125,0.9984130859375,150.29296875,2,17
5.000067363000198,-0.4140625,-1.1328125,9.890625,0.0,0.0,0.0,-0.0572509765625,0.02093505859375,-0.00115966796875,0.9981689453125,0.3515625,-1.0078125,9.75390625,-0.001953125,0.0,0.0,-0.05328369140625,-0.01898193359375,0.0010986328125,0.9984130859375,150.29296875,2,17
5.005074032000266,-0.4140625,-1.1328125,9.890625,0.0,0.0,0.0,-0.0572509765625,0.02093505859375,-0.00115966796875,0.9981689453125,0.3515625,-1.0078125,9.75390625,-0.001953125,0.0,0.0,-0.05328369140625,-0.01898193359375,0.0010986328125,0.9984130859375,150.29296875,2,19
5.010062523999295,-0.4140625,-1.1328125,9.890625,0.0,0.0,0.0,-0.0572509765625,0.02093505859375,-0.00115966796875,0.9981689453125,0.3515625,-1.04296875,9.75390625,0.001953125,0.0,0.0,-0.05328369140625,-0.0189208984375,0.0010986328125,0.9984130859375,150.380859375,2,19
5.0150592400004825,-0.4140625,-1.1328125,9.890625,0.0,0.0,0.0,-0.0572509765625,0.02093505859375,-0.00115966796875,0.9981689453125,0.3515625,-1.04296875,9.75390625,0.001953125,0.0,0.0,-0.05328369140625,-0.0189208984375,0.0010986328125,0.9984130859375,150.380859375,1,19
5.020089272000405,-0.4140625,-1.1328125,9.890625,0.0,0.0,0.0,-0.0572509765625,0.02093505859375,-0.00115966796875,0.9981689453125,0.3515625,-1.04296875,9.75390625,0.001953125,0.0,0.0,-0.05328369140625,-0.0189208984375,0.0010986328125,0.9984130859375,150.29296875,1,15
5.025025917999301,-0.4140625,-1.1328125,9.890625,0.0,0.0,0.0,-0.0572509765625,0.02093505859375,-0.00115966796875,0.9981689453125,0.3515625,-1.04296875,9.75390625,0.001953125,0.0,0.0,-0.05328369140625,-0.0189208984375,0.0010986328125,0.9984130859375,150.29296875,1,15
5.030066414999965,-0.4140625,-1.1328125,9.890625,0.0,0.0,0.0,-0.0572509765625,0.02093505859375,-0.00115966796875,0.9981689453125,0.3515625,-1.04296875,9.75390625,0.001953125,0.0,0.0,-0.05328369140625,-0.0189208984375,0.0010986328125,0.9984130859375,150.29296875,3,15
5.035062715000095,-0.4140625,-1.1328125,9.890625,0.0,0.0,0.0,-0.0572509765625,0.02093505859375,-0.00115966796875,0.9981689453125,0.3515625,-1.0078125,9.75390625,0.001953125,0.0,0.0,-0.05328369140625,-0.0189208984375,0.0010986328125,0.9984130859375,150.29296875,3,15
5.04007860099955,-0.4140625,-1.1328125,9.890625,0.0,0.0,0.0,-0.0572509765625,0.02093505859375,-0.00115966796875,0.9981689453125,0.3515625,-1.0078125,9.75390625,0.001953125,0.0,0.0,-0.05328369140625,-0.0189208984375,0.0010986328125,0.9984130859375,150.29296875,3,20
5.04507938200004,-0.4140625,-1.1328125,9.890625,0.0,0.0,0.0,-0.0572509765625,0.02093505859375,-0.00115966796875,0.9981689453125,0.3515625,-1.0078125,9.75390625,0.001953125,0.0,0.0,-0.05328369140625,-0.0189208984375,0.0010986328125,0.9984130859375,150.29296875,3,20
5.050064832999851,-0.4140625,-1.1328125,9.890625,0.0,0.0,0.0,-0.0572509765625,0.02093505859375,-0.00115966796875,0.9981689453125,0.3515625,-1.0078125,9.75390625,0.001953125,0.0,0.0,-0.05328369140625,-0.0189208984375,0.0010986328125,0.9984130859375,62.841796875,1,20
5.055087920000005,-0.4140625,-1.1328125,9.890625,0.0,0.0,0.0,-0.0572509765625,0.02093505859375,-0.00115966796875,0.9981689453125,0.3515625,-1.0078125,9.75390625,0.001953125,0.0,0.0,-0.05328369140625,-0.0189208984375,0.0010986328125,0.9984130859375,62.841796875,1,20
5.06007343499914,-0.4140625,-1.1328125,9.890625,0.0,0.0,0.0,-0.0572509765625,0.02093505859375,-0.00115966796875,0.9981689453125,0.3515625,-1.0078125,9.75390625,0.001953125,0.001953125,-0.001953125,-0.05322265625,-0.0189208984375,0.0010986328125,0.9984130859375,62.841796875,1,1
5.065196948000448,-0.4140625,-1.1328125,9.890625,0.0,0.0,0.0,-0.0572509765625,0.02093505859375,-0.00115966796875,0.9981689453125,0.3515625,-1.0078125,9.75390625,0.001953125,0.001953125,-0.001953125,-0.05322265625,-0.0189208984375,0.0010986328125,0.9984130859375,62.841796875,1,1
5.070064499999717,-0.4140625,-1.1328125,9.890625,0.0,0.0,0.0,-0.0572509765625,0.02093505859375,-0.00115966796875,0.9981689453125,0.3515625,-1.0078125,9.75390625,0.001953125,0.001953125,-0.001953125,-0.05322265625,-0.0189208984375,0.0010986328125,0.9984130859375,62.841796875,2,1
5.075068193000334,-0.4140625,-1.1328125,9.890625,0.0,0.0,0.0,-0.0572509765625,0.02093505859375,-0.00115966796875,0.9981689453125,0.3515625,-1.0078125,9.75390625,0.001953125,0.001953125,-0.001953125,-0.05322265625,-0.0189208984375,0.0010986328125,0.9984130859375,62.841796875,2,1
5.080086222998943,-0.4140625,-1.1328125,9.890625,0.0,0.0,0.0,-0.0572509765625,0.02093505859375,-0.00115966796875,0.9981689453125,0.3515625,-1.0078125,9.75390625,0.001953125,0.001953125,-0.001953125,-0.05322265625,-0.0189208984375,0.0010986328125,0.9984130859375,62.841796875,2,20
5.08507148299941,-0.4140625,-1.1328125,9.890625,0.0,0.0,0.0,-0.0572509765625,0.02093505859375,-0.00115966796875,0.9981689453125,0.3515625,-1.0078125,9.75390625,0.001953125,0.001953125,-0.001953125,-0.05322265625,-0.0189208984375,0.0010986328125,0.9984130859375,62.841796875,1,20
5.090070758998991,-0.4140625,-1.1328125,9.890625,0.0,0.0,0.0,-0.0572509765625,0.02093505859375,-0.00115966796875,0.9981689453125,0.3515625,-1.0078125,9.75390625,0.001953125,0.001953125,-0.001953125,-0.05322265625,-0.0189208984375,0.0010986328125,0.9984130859375,62.841796875,1,20
5.095070291999946,-0.4140625,-1.1328125,9.890625,0.0,0.0,0.0,-0.0572509765625,0.02093505859375,-0.00115966796875,0.9981689453125,0.3515625,-1.0078125,9.75390625,0.001953125,0.001953125,-0.001953125,-0.05322265625,-0.0189208984375,0.0010986328125,0.9984130859375,62.841796875,1,20
5.1000699199994415,-0.4140625,-1.1328125,9.890625,0.0,0.0,0.0,-0.0572509765625,0.02093505859375,-0.00115966796875,0.9981689453125,0.390625,-1.04296875,9.75,-0.001953125,0.001953125,-0.001953125,-0.05322265625,-0.01885986328125,0.0010986328125,0.9984130859375,62.841796875,1,21
5.105074765999234,-0.4140625,-1.1328125,9.890625,0.0,0.0,0.0,-0.0572509765625,0.02093505859375,-0.00115966796875,0.9981689453125,0.390625,-1.04296875,9.75,-0.001953125,0.001953125,-0.001953125,-0.05322265625,-0.01885986328125,0.0010986328125,0.9984130859375,62.841796875,1,21
5.110060920998876,-0.4140625,-1.1328125,9.890625,0.0,0.0,0.0,-0.0572509765625,0.02093505859375,-0.00115966796875,0.9981689453125,0.390625,-1.04296875,9.75,-0.001953125,0.001953125,-0.001953125,-0.05322265625,-0.01885986328125,0.0010986328125,0.9984130859375,62.9296875,1,21
5.115069829998902,-0.4140625,-1.1328125,9.890625,0.0,0.0,0.0,-0.0572509765625,0.02093505859375,-0.00115966796875,0.9981689453125,0.390625,-1.04296875,9.75,-0.001953125,0.001953125,-0.001953125,-0.05322265625,-0.01885986328125,0.0010986328125,0.9984130859375,62.841796875,1,20
5.120066866998968,-0.4140625,-1.1328125,9.890625,0.0,0.0,0.0,-0.0572509765625,0.02093505859375,-0.00115966796875,0.9981689453125,0.390625,-1.04296875,9.75,-0.001953125,0.001953125,-0.001953125,-0.05322265625,-0.01885986328125,0.0010986328125,0.9984130859375,62.841796875,1,20
5.1250603509997745,-0.4140625,-1.1328125,9.890625,0.0,0.0,0.0,-0.0572509765625,0.02093505859375,-0.00115966796875,0.9981689453125,0.390625,-1.04296875,9.75,-0.001953125,0.001953125,-0.001953125,-0.05322265625,-0.01885986328125,0.0010986328125,0.9984130859375,62.841796875,2,20
5.130059274999439,-0.4140625,-1.1328125,9.890625,0.0,0.0,0.0,-0.0572509765625,0.02093505859375,-0.00115966796875,0.9981689453125,0.390625,-1.04296875,9.75,-0.001953125,0.001953125,-0.001953125,-0.05322265625,-0.01885986328125,0.0010986328125,0.9984130859375,62.841796875,2,20
5.135066265000205,-0.4140625,-1.1328125,9.890625,0.0,0.0,0.0,-0.0572509765625,0.02093505859375,-0.00115966796875,0.9981689453125,0.3515625,-1.04296875,9.75390625,0.0,0.0,-0.001953125,-0.05322265625,-0.018798828125,0.0010986328125,0.9984130859375,62.9296875,2,16
5.140067045000251,-0.4140625,-1.1328125,9.890625,0.0,0.0,0.0,-0.0572509765625,0.02093505859375,-0.00115966796875,0.9981689453125,0.3515625,-1.04296875,9.75390625,0.0,0.0,-0.001953125,-0.05322265625,-0.018798828125,0.0010986328125,0.9984130859375,62.841796875,2,16
5.14507982699979,-0.4140625,-1.1328125,9.890625,0.0,0.0,0.0,-0.0572509765625,0.02093505859375,-0.00115966796875,0.9981689453125,0.3515625,-1.04296875,9.75390625,0.0,0.0,-0.001953125,-0.05322265625,-0.018798828125,0.0010986328125,0.9984130859375,62.841796875,1,16
5.150069278999581,-0.4140625,-1.1328125,9.890625,0.0,0.0,0.0,-0.0572509765625,0.02093505859375,-0.00115966796875,0.9981689453125,0.3515625,-1.04296875,9.75390625,0.0,0.0,-0.001953125,-0.05322265625,-0.018798828125,0.0010986328125,0.9984130859375,62.841796875,1,19
5.155071275999944,-0.4140625,-1.1328125,9.890625,0.0,0.0,0.0,-0.0572509765625,0.02093505859375,-0.00115966796875,0.9981689453125,0.3515625,-1.04296875,9.75390625,0.0,0.0,-0.001953125,-0.05322265625,-0.018798828125,0.0010986328125,0.9984130859375,62.841796875,1,19
5.160108988000502,-0.4140625,-1.1328125,9.890625,0.0,0.0,0.0,-0.0572509765625,0.02093505859375,-0.00115966796875,0.9981689453125,0.3515625,-1.04296875,9.75390625,0.0,0.0,-0.001953125,-0.05322265625,-0.018798828125,0.0010986328125,0.9984130859375,62.841796875,2,19
5.165058020000288,-0.4140625,-1.1328125,9.890625,0.0,0.0,0.0,-0.0572509765625,0.02093505859375,-0.00115966796875,0.9981689453125,0.3515625,-1.04296875,9.75390625,0.0,0.0,-0.001953125,-0.05322265625,-0.018798828125,0.0010986328125,0.9984130859375,62.841796875,2,19
5.170058448999043,-0.4140625,-1.1328125,9.890625,0.0,0.0,0.0,-0.0572509765625,0.02093505859375,-0.00115966796875,0.9981689453125,0.3515625,-1.04296875,9.75390625,0.0,0.0,-0.001953125,-0.05322265625,-0.018798828125,0.0010986328125,0.9984130859375,62.841796875,2,14
5.175070974999471,-0.4140625,-1.1328125,9.890625,0.0,0.0,0.0,-0.0572509765625,0.02093505859375,-0.00115966796875,0.9981689453125,0.3515625,-1.04296875,9.75390625,0.0,0.00390625,-0.001953125,-0.05328369140625,-0.018798828125,0.00103759765625,0.9984130859375,62.841796875,2,14
5.180084876999899,-0.4140625,-1.1328125,9.890625,0.0,0.0,0.0,-0.0572509765625,0.02093505859375,-0.00115966796875,0.9981689453125,0.3515625,-1.04296875,9.75390625,0.0,0.00390625,-0.001953125,-0.05328369140625,-0.018798828125,0.00103759765625,0.9984130859375,62.841796875,2,14
5.185058134999053,-0.4140625,-1.1328125,9.890625,0.0,0.0,0.0,-0.0572509765625,0.02093505859375,-0.00115966796875,0.9981689453125,0.3515625,-1.04296875,9.75390625,0.0,0.00390625,-0.001953125,-0.05328369140625,-0.018798828125,0.00103759765625,0.9984130859375,62.841796875,2,14
5.1900613799989515,-0.4140625,-1.1328125,9.890625,0.0,0.0,0.0,-0.0572509765625,0.02093505859375,-0.00115966796875,0.9981689453125,0.3515625,-1.04296875,9.75390625,0.0,0.00390625,-0.001953125,-0.05328369140625,-0.018798828125,0.00103759765625,0.9984130859375,62.841796875,2,17
5.195063793000372,-0.4140625,-1.1328125,9.890625,0.0,0.0,0.0,-0.0572509765625,0.02093505859375,-0.00115966796875,0.9981689453125,0.3515625,-1.04296875,9.75390625,0.0,0.00390625,-0.001953125,-0.05328369140625,-0.018798828125,0.00103759765625,0.9984130859375,62.841796875,2,17
5.200080254999193,-0.4140625,-1.1328125,9.890625,0.0,0.0,0.0,-0.0572509765625,0.02093505859375,-0.00115966796875,0.9981689453125,0.3515625,-1.04296875,9.75390625,0.0,0.00390625,-0.001953125,-0.05328369140625,-0.018798828125,0.00103759765625,0.9984130859375,62.841796875,4,17
5.2050612259990885,-0.4140625,-1.1328125,9.890625,0.0,0.0,0.0,-0.0572509765625,0.02093505859375,-0.00115966796875,0.9981689453125,0.3515625,-1.04296875,9.75390625,0.0,0.00390625,-0.001953125,-0.05328369140625,-0.018798828125,0.00103759765625,0.9984130859375,62.841796875,4,17
5.210065302999283,-0.4140625,-1.1328125,9.890625,0.0,0.0,0.0,-0.0572509765625,0.02093505859375,-0.00115966796875,0.9981689453125,0.3515625,-1.04296875,9.75390625,0.0,0.00390625,-0.001953125,-0.05328369140625,-0.018798828125,0.00103759765625,0.9984130859375,62.841796875,4,14
5.21507379600007,-0.4140625,-1.1328125,9.890625,0.0,0.0,0.0,-0.0572509765625,0.02093505859375,-0.00115966796875,0.9981689453125,0.3515625,-1.04296875,9.75390625,0.0,0.00390625,-0.001953125,-0.05328369140625,-0.018798828125,0.00103759765625,0.9984130859375,62.841796875,4,14
5.220070064000538,-0.4140625,-1.1328125,9.890625,0.0,0.0,0.0,-0.0572509765625,0.02093505859375,-0.00115966796875,0.9981689453125,0.3515625,-1.04296875,9.75390625,0.001953125,-0.001953125,0.0,-0.05322265625,-0.01873779296875,0.00103759765625,0.9984130859375,62.841796875,2,14
5.225060860000667,-0.4140625,-1.1328125,9.890625,0.0,0.0,0.0,-0.0572509765625,0.02093505859375,-0.00115966796875,0.9981689453125,0.3515625,-1.04296875,9.75390625,0.001953125,-0.001953125,0.0,-0.05322265625,-0.01873779296875,0.00103759765625,0.9984130859375,62.841796875,2,14
5.230087308000293,-0.4140625,-1.1328125,9.890625,0.0,0.0,0.0,-0.0572509765625,0.02093505859375,-0.00115966796875,0.9981689453125,0.390625,-1.04296875,9.75,0.001953125,-0.001953125,0.0,-0.05322265625,-0.01873779296875,0.00103759765625,0.9984130859375,62.841796875,2,19
5.235069365999152,-0.4140625,-1.1328125,9.890625,0.0,0.0,0.0,-0.0572509765625,0.02093505859375,-0.00115966796875,0.9981689453125,0.390625,-1.04296875,9.75,0.001953125,-0.001953125,0.0,-0.05322265625,-0.01873779296875,0.00103759765625,0.9984130859375,62.841796875,2,19
5.240070275000107,-0.4140625,-1.171875,9.89453125,0.0,0.0,0.0,-0.0572509765625,0.02093505859375,-0.00115966796875,0.9981689453125,0.390625,-1.04296875,9.75,0.001953125,-0.001953125,0.0,-0.05322265625,-0.01873779296875,0.00103759765625,0.9984130859375,62.841796875,1,19
5.245060974999433,-0.4140625,-1.171875,9.89453125,0.0,0.0,0.0,-0.0572509765625,0.02093505859375,-0.00115966796875,0.9981689453125,0.390625,-1.04296875,9.75,0.001953125,-0.001953125,0.0,-0.05322265625,-0.01873779296875,0.00103759765625,0.9984130859375,62.841796875,1,19
5.250068699999247,-0.4140625,-1.171875,9.89453125,0.0,0.0,0.0,-0.0572509765625,0.02093505859375,-0.00115966796875,0.9981689453125,0.390625,-1.04296875,9.75,0.001953125,-0.001953125,0.0,-0.05322265625,-0.01873779296875,0.00103759765625,0.9984130859375,62.841796875,1,16
5.2550669529991865,-0.4140625,-1.171875,9.89453125,0.0,0.0,0.0,-0.0572509765625,0.02093505859375,-0.00115966796875,0.9981689453125,0.390625,-1.04296875,9.75,0.001953125,-0.001953125,0.0,-0.05322265625,-0.01873779296875,0.00103759765625,0.9984130859375,62.841796875,1,16
5.260066644999824,-0.4140625,-1.171875,9.89453125,0.0,0.0,0.0,-0.0572509765625,0.02093505859375,-0.00115966796875,0.9981689453125,0.390625,-1.04296875,9.75,-0.001953125,-0.001953125,0.001953125,-0.05328369140625,-0.01873779296875,0.0010986328125,0.9984130859375,62.841796875,1,16
5.265063138000187,-0.4140625,-1.171875,9.89453125,0.0,0.0,0.0,-0.0572509765625,0.02093505859375,-0.00115966796875,0.9981689453125,0.390625,-1.04296875,9.75,-0.001953125,-0.001953125,0.001953125,-0.05328369140625,-0.01873779296875,0.0010986328125,0.9984130859375,62.841796875,1,16
5.2700658069989,-0.4140625,-1.171875,9.89453125,0.0,0.0,0.0,-0.0572509765625,0.02093505859375,-0.00115966796875,0.9981689453125,0.390625,-1.04296875,9.75,-0.001953125,-0.001953125,0.001953125,-0.05328369140625,-0.01873779296875,0.0010986328125,0.9984130859375,62.9296875,1,16
5.27507365999918,-0.4140625,-1.1328125,9.890625,0.0,0.0,0.0,-0.0572509765625,0.02093505859375,-0.00115966796875,0.9981689453125,0.390625,-1.04296875,9.75,-0.001953125,-0.001953125,0.001953125,-0.05328369140625,-0.01873779296875,0.0010986328125,0.9984130859375,62.841796875,1,16
5.2800669520001975,-0.4140625,-1.1328125,9.890625,0.0,0.0,0.0,-0.0572509765625,0.02093505859375,-0.00115966796875,0.9981689453125,0.390625,-1.04296875,9.75,-0.001953125,-0.001953125,0.001953125,-0.05328369140625,-0.01873779296875,0.0010986328125,0.9984130859375,62.841796875,1,16
5.285063348999756,-0.4140625,-1.1328125,9.890625,0.0,0.0,0.0,-0.0572509765625,0.02093505859375,-0.00115966796875,0.9981689453125,0.390625,-1.04296875,9.75,-0.001953125,-0.001953125,0.001953125,-0.05328369140625,-0.01873779296875,0.0010986328125,0.9984130859375,62.841796875,1,14
5.2900683539992315,-0.4140625,-1.1328125,9.890625,0.0,0.0,0.0,-0.0572509765625,0.02093505859375,-0.00115966796875,0.9981689453125,0.390625,-1.04296875,9.75,-0.001953125,-0.001953125,0.001953125,-0.05328369140625,-0.01873779296875,0.0010986328125,0.9984130859375,62.841796875,1,14
5.295073774999764,-0.4140625,-1.1328125,9.890625,0.0,0.0,0.0,-0.0572509765625,0.02093505859375,-0.00115966796875,0.9981689453125,0.390625,-1.04296875,9.75,-0.001953125,0.0,-0.001953125,-0.05322265625,-0.01873779296875,0.0010986328125,0.9984130859375,62.841796875,1,14
5.300067259000571,-0.4140625,-1.1328125,9.890625,0.0,0.0,0.0,-0.0572509765625,0.02093505859375,-0.00115966796875,0.9981689453125,0.390625,-1.04296875,9.75,-0.001953125,0.0,-0.001953125,-0.05322265625,-0.01873779296875,0.0010986328125,0.9984130859375,62.841796875,1,14
5.30506077499922,-0.4140625,-1.1328125,9.890625,0.0,0.0,0.0,-0.05731201171875,0.02093505859375,-0.00115966796875,0.99810791015625,0.390625,-1.04296875,9.75,-0.001953125,0.0,-0.001953125,-0.05322265625,-0.01873779296875,0.0010986328125,0.9984130859375,62.841796875,1,16
5.310062995999033,-0.4140625,-1.1328125,9.890625,0.0,0.0,0.0,-0.05731201171875,0.02093505859375,-0.00115966796875,0.99810791015625,0.390625,-1.04296875,9.75,-0.001953125,0.0,-0.001953125,-0.05322265625,-0.01873779296875,0.0010986328125,0.9984130859375,62.841796875,3,16
5.31507459400018,-0.4140625,-1.1328125,9.890625,0.0,0.0,0.0,-0.05731201171875,0.02093505859375,-0.00115966796875,0.99810791015625,0.3515625,-1.04296875,9.75390625,-0.001953125,0.0,-0.001953125,-0.05322265625,-0.01873779296875,0.0010986328125,0.9984130859375,62.841796875,3,16
5.32007697500012,-0.4140625,-1.1328125,9.890625,0.0,0.0,0.0,-0.05731201171875,0.02093505859375,-0.00115966796875,0.99810791015625,0.3515625,-1.04296875,9.75390625,-0.001953125,0.0,-0.001953125,-0.05322265625,-0.01873779296875,0.0010986328125,0.9984130859375,62.841796875,3,16
5.325059545999466,-0.4140625,-1.1328125,9.890625,0.0,0.0,0.0,-0.05731201171875,0.02093505859375,-0.00115966796875,0.99810791015625,0.3515625,-1.04296875,9.75390625,-0.001953125,0.0,-0.001953125,-0.05322265625,-0.01873779296875,0.0010986328125,0.9984130859375,62.841796875,3,16
5.33005939800023,-0.4140625,-1.1328125,9.890625,0.0,0.0,0.0,-0.05731201171875,0.02093505859375,-0.00115966796875,0.99810791015625,0.3515625,-1.04296875,9.75390625,-0.001953125,0.0,-0.001953125,-0.05322265625,-0.01873779296875,0.0010986328125,0.9984130859375,62.841796875,-1,16
5.335092405999603,-0.4140625,-1.1328125,9.890625,0.0,0.0,0.0,-0.05731201171875,0.02093505859375,-0.00115966796875,0.99810791015625,0.3515625,-1.04296875,9.75390625,-0.001953125,0.0,-0.001953125,-0.05322265625,-0.01873779296875,0.0010986328125,0.9984130859375,62.841796875,-1,16
5.340094563000093,-0.4140625,-1.1328125,9.890625,0.0,0.0,0.0,-0.05731201171875,0.02093505859375,-0.00115966796875,0.99810791015625,0.3515625,-1.04296875,9.75390625,-0.001953125,-0.001953125,-0.001953125,-0.05322265625,-0.01873779296875,0.0010986328125,0.9984130859375,62.841796875,-1,17
5.345059339999352,-0.4140625,-1.1328125,9.890625,0.0,0.0,0.0,-0.05731201171875,0.02093505859375,-0.00115966796875,0.99810791015625,0.3515625,-1.04296875,9.75390625,-0.001953125,-0.001953125,-0.001953125,-0.05322265625,-0.01873779296875,0.0010986328125,0.9984130859375,62.841796875,-1,17
5.350080635000268,-0.4140625,-1.1328125,9.890625,0.0,0.0,0.0,-0.05731201171875,0.02093505859375,-0.00115966796875,0.99810791015625,0.390625,-1.04296875,9.75,-0.001953125,-0.001953125,-0.001953125,-0.05322265625,-0.01873779296875,0.0010986328125,0.9984130859375,62.841796875,-1,17
5.355071431000397,-0.4140625,-1.1328125,9.890625,0.0,0.0,0.0,-0.05731201171875,0.02093505859375,-0.00115966796875,0.99810791015625,0.390625,-1.04296875,9.75,-0.001953125,-0.001953125,-0.001953125,-0.05322265625,-0.01873779296875,0.0010986328125,0.9984130859375,62.841796875,3,17
5.36006779499985,-0.4140625,-1.1328125,9.890625,0.0,0.0,0.0,-0.05731201171875,0.02093505859375,-0.00115966796875,0.99810791015625,0.390625,-1.04296875,9.75,-0.001953125,-0.001953125,-0.001953125,-0.05322265625,-0.01873779296875,0.0010986328125,0.9984130859375,62.841796875,3,15
5.3650645750003605,-0.44921875,-1.1328125,9.89453125,0.0,0.0,0.0,-0.05731201171875,0.02093505859375,-0.00115966796875,0.99810791015625,0.390625,-1.04296875,9.75,-0.001953125,-0.001953125,-0.001953125,-0.05322265625,-0.01873779296875,0.0010986328125,0.9984130859375,62.841796875,3,15
5.3700604919995385,-0.44921875,-1.1328125,9.89453125,0.0,0.0,0.0,-0.05731201171875,0.02093505859375,-0.00115966796875,0.99810791015625,0.390625,-1.04296875,9.75,-0.001953125,-0.001953125,-0.001953125,-0.05322265625,-0.01873779296875,0.0010986328125,0.9984130859375,62.841796875,2,15
5.375069464998887,-0.44921875,-1.1328125,9.89453125,0.0,0.0,0.0,-0.05731201171875,0.02093505859375,-0.00115966796875,0.99810791015625,0.390625,-1.04296875,9.75,-0.001953125,-0.001953125,-0.001953125,-0.05322265625,-0.01873779296875,0.0010986328125,0.9984130859375,62.841796875,2,15
5.380066918000011,-0.44921875,-1.1328125,9.89453125,0.0,0.0,0.0,-0.05731201171875,0.02093505859375,-0.00115966796875,0.99810791015625,0.390625,-1.04296875,9.75,0.00390625,0.001953125,0.0,-0.05322265625,-0.01873779296875,0.0010986328125,0.9984130859375,62.841796875,2,17
5.385065778000353,-0.44921875,-1.1328125,9.89453125,0.0,0.0,0.0,-0.05731201171875,0.02093505859375,-0.00115966796875,0.99810791015625,0.390625,-1.04296875,9.75,0.00390625,0.001953125,0.0,-0.05322265625,-0.01873779296875,0.0010986328125,0.9984130859375,62.841796875,2,17
5.390066558999024,-0.44921875,-1.1328125,9.89453125,0.0,0.0,0.0,-0.05731201171875,0.02093505859375,-0.00115966796875,0.99810791015625,0.390625,-1.04296875,9.75,0.00390625,0.001953125,0.0,-0.05322265625,-0.01873779296875,0.0010986328125,0.9984130859375,62.841796875,1,17
5.395071884000572,-0.44921875,-1.1328125,9.89453125,0.0,0.0,0.0,-0.05731201171875,0.02093505859375,-0.00115966796875,0.99810791015625,0.390625,-1.04296875,9.75,0.00390625,0.001953125,0.0,-0.05322265625,-0.01873779296875,0.0010986328125,0.9984130859375,62.9296875,1,17
5.400067192000279,-0.4140625,-1.1328125,9.890625,0.0,0.0,0.0,-0.05731201171875,0.02093505859375,-0.00115966796875,0.99810791015625,0.390625,-1.04296875,9.75,0.00390625,0.001953125,0.0,-0.05322265625,-0.01873779296875,0.0010986328125,0.9984130859375,62.9296875,1,16
5.405063780999626,-0.4140625,-1.1328125,9.890625,0.0,0.0,0.0,-0.05731201171875,0.02093505859375,-0.00115966796875,0.99810791015625,0.390625,-1.04296875,9.75,0.00390625,0.001953125,0.0,-0.05322265625,-0.01873779296875,0.0010986328125,0.9984130859375,62.9296875,1,16
5.410068273999059,-0.4140625,-1.1328125,9.890625,0.0,0.0,0.0,-0.05731201171875,0.02093505859375,-0.00115966796875,0.99810791015625,0.390625,-1.04296875,9.75,0.00390625,0.001953125,0.0,-0.05322265625,-0.01873779296875,0.0010986328125,0.9984130859375,62.841796875,3,16
5.4150715510004375,-0.4140625,-1.1328125,9.890625,0.0,0.0,0.0,-0.05731201171875,0.02093505859375,-0.00115966796875,0.99810791015625,0.390625,-1.04296875,9.75,0.00390625,0.001953125,0.0,-0.05322265625,-0.01873779296875,0.0010986328125,0.9984130859375,62.841796875,3,16
5.420075211999574,-0.4140625,-1.1328125,9.890625,0.0,0.0,0.0,-0.05731201171875,0.02093505859375,-0.00115966796875,0.99810791015625,0.390625,-1.04296875,9.75,0.001953125,0.0,0.0,-0.05316162109375,-0.018798828125,0.0010986328125,0.9984130859375,62.841796875,3,14
5.425075351999112,-0.4140625,-1.1328125,9.890625,0.0,0.0,0.0,-0.05731201171875,0.0208740234375,-0.00115966796875,0.99810791015625,0.390625,-1.04296875,9.75,0.001953125,0.0,0.0,-0.05316162109375,-0.018798828125,0.0010986328125,0.9984130859375,62.841796875,3,14
5.430123977999756,-0.4140625,-1.1328125,9.890625,0.0,0.0,0.0,-0.05731201171875,0.0208740234375,-0.00115966796875,0.99810791015625,0.390625,-1.04296875,9.75,0.001953125,0.0,0.0,-0.05316162109375,-0.018798828125,0.0010986328125,0.9984130859375,62.841796875,2,14
5.435071760999563,-0.4140625,-1.171875,9.89453125,0.0,0.0,0.0,-0.05731201171875,0.0208740234375,-0.00115966796875,0.99810791015625,0.390625,-1.04296875,9.75,0.001953125,0.0,0.0,-0.05316162109375,-0.018798828125,0.0010986328125,0.9984130859375,62.841796875,2,15
5.440061724999396,-0.4140625,-1.171875,9.89453125,0.0,0.0,0.0,-0.05731201171875,0.0208740234375,-0.00115966796875,0.99810791015625,0.390625,-1.04296875,9.75,0.001953125,0.0,0.0,-0.05316162109375,-0.018798828125,0.0010986328125,0.9984130859375,62.841796875,2,15
5.445060234000266,-0.4140625,-1.171875,9.89453125,0.0,0.0,0.0,-0.05731201171875,0.0208740234375,-0.00115966796875,0.99810791015625,0.390625,-1.04296875,9.75,0.001953125,0.0,0.0,-0.05316162109375,-0.018798828125,0.0010986328125,0.9984130859375,62.841796875,2,15
5.450070167000376,-0.4140625,-1.171875,9.89453125,0.0,0.0,0.0,-0.05731201171875,0.0208740234375,-0.00115966796875,0.99810791015625,0.390625,-1.04296875,9.75,0.001953125,0.0,0.0,-0.05316162109375,-0.018798828125,0.0010986328125,0.9984130859375,62.841796875,2,15
5.455081381000127,-0.4140625,-1.171875,9.89453125,0.0,0.0,0.0,-0.05731201171875,0.0208740234375,-0.00115966796875,0.99810791015625,0.390625,-1.04296875,9.75,0.00390625,0.001953125,0.0,-0.0531005859375,-0.018798828125,0.0010986328125,0.9984130859375,62.9296875,2,19
5.460128822000115,-0.4140625,-1.1328125,9.890625,0.0,0.0,0.0,-0.05731201171875,0.0208740234375,-0.00115966796875,0.99810791015625,0.390625,-1.04296875,9.75,0.00390625,0.001953125,0.0,-0.0531005859375,-0.018798828125,0.0010986328125,0.9984130859375,62.841796875,2,19
5.465102047999608,-0.4140625,-1.1328125,9.890625,0.0,0.0,0.0,-0.05731201171875,0.0208740234375,-0.00115966796875,0.99810791015625,0.390625,-1.04296875,9.75,0.00390625,0.001953125,0.0,-0.0531005859375,-0.018798828125,0.0010986328125,0.9984130859375,62.841796875,1,19
5.470064105000347,-0.4140625,-1.1328125,9.890625,0.0,0.0,0.0,-0.05731201171875,0.0208740234375,-0.00115966796875,0.99810791015625,0.390625,-1.04296875,9.75,0.00390625,0.001953125,0.0,-0.0531005859375,-0.018798828125,0.0010986328125,0.9984130859375,62.841796875,1,19
5.47507720700014,-0.4140625,-1.1328125,9.890625,0.0,0.0,0.0,-0.05731201171875,0.0208740234375,-0.00115966796875,0.99810791015625,0.3515625,-1.04296875,9.75390625,0.00390625,0.001953125,0.0,-0.0531005859375,-0.018798828125,0.0010986328125,0.9984130859375,62.841796875,1,16
5.480076771998938,-0.4140625,-1.1328125,9.890625,0.0,0.0,0.0,-0.05731201171875,0.0208740234375,-0.00115966796875,0.99810791015625,0.3515625,-1.04296875,9.75390625,0.00390625,0.001953125,0.0,-0.0531005859375,-0.018798828125,0.0010986328125,0.9984130859375,62.841796875,1,16
5.485098802999346,-0.4140625,-1.1328125,9.890625,0.0,0.0,0.0,-0.05731201171875,0.0208740234375,-0.00115966796875,0.99810791015625,0.3515625,-1.04296875,9.75390625,0.00390625,0.001953125,0.0,-0.0531005859375,-0.018798828125,0.0010986328125,0.9984130859375,62.841796875,2,16
5.490088798000215,-0.4140625,-1.1328125,9.890625,0.0,0.0,0.0,-0.05731201171875,0.0208740234375,-0.00115966796875,0.99810791015625,0.3515625,-1.04296875,9.75390625,0.00390625,0.001953125,0.0,-0.0531005859375,-0.018798828125,0.0010986328125,0.9984130859375,62.841796875,2,16
5.495075466000344,-0.4140625,-1.1328125,9.890625,0.0,0.0,0.0,-0.05731201171875,0.0208740234375,-0.00115966796875,0.99810791015625,0.3515625,-1.04296875,9.75390625,0.001953125,0.001953125,0.0,-0.05316162109375,-0.018798828125,0.0010986328125,0.9984130859375,62.841796875,2,17
5.500075349998951,-0.4140625,-1.1328125,9.890625,0.0,0.0,0.0,-0.05731201171875,0.0208740234375,-0.00115966796875,0.99810791015625,0.3515625,-1.04296875,9.75390625,0.001953125,0.001953125,0.0,-0.05316162109375,-0.018798828125,0.0010986328125,0.9984130859375,62.841796875,2,17
5.50506992299961,-0.4140625,-1.1328125,9.890625,0.0,0.0,0.0,-0.05731201171875,0.0208740234375,-0.00115966796875,0.99810791015625,0.3515625,-1.04296875,9.75390625,0.001953125,0.001953125,0.0,-0.05316162109375,-0.018798828125,0.0010986328125,0.9984130859375,62.841796875,2,17
5.51006532700012,-0.4140625,-1.1328125,9.890625,0.0,0.0,0.0,-0.05731201171875,0.0208740234375,-0.00115966796875,0.99810791015625,0.3515625,-1.04296875,9.75390625,0.001953125,0.001953125,0.0,-0.05316162109375,-0.018798828125,0.0010986328125,0.9984130859375,62.841796875,2,17
5.515069916000357,-0.4140625,-1.1328125,9.890625,0.0,0.0,0.0,-0.05731201171875,0.0208740234375,-0.00115966796875,0.99810791015625,0.3515625,-1.04296875,9.75390625,0.001953125,0.001953125,0.0,-0.05316162109375,-0.018798828125,0.0010986328125,0.9984130859375,62.841796875,2,18
5.520065991999218,-0.4140625,-1.1328125,9.890625,0.0,0.0,0.0,-0.05731201171875,0.0208740234375,-0.00115966796875,0.99810791015625,0.3515625,-1.04296875,9.75390625,0.001953125,0.001953125,0.0,-0.05316162109375,-0.018798828125,0.0010986328125,0.9984130859375,62.841796875,3,18
5.525064629000553,-0.4140625,-1.1328125,9.890625,0.0,0.0,0.0,-0.05731201171875,0.0208740234375,-0.00115966796875,0.99810791015625,0.3515625,-1.04296875,9.75390625,0.001953125,0.001953125,0.0,-0.05316162109375,-0.018798828125,0.0010986328125,0.9984130859375,62.841796875,3,18
5.530067969999436,-0.4140625,-1.1328125,9.890625,0.0,0.0,0.0,-0.05731201171875,0.0208740234375,-0.00115966796875,0.99810791015625,0.3515625,-1.04296875,9.75390625,0.001953125,0.001953125,0.0,-0.05316162109375,-0.018798828125,0.0010986328125,0.9984130859375,62.841796875,3,18
5.535066766000455,-0.4140625,-1.1328125,9.890625,0.0,0.0,0.0,-0.05731201171875,0.0208740234375,-0.00115966796875,0.99810791015625,0.3515625,-1.04296875,9.75390625,0.001953125,0.001953125,0.0,-0.05316162109375,-0.018798828125,0.0010986328125,0.9984130859375,62.841796875,3,18
5.540065754999887,-0.4140625,-1.1328125,9.890625,0.0,0.0,0.0,-0.05731201171875,0.0208740234375,-0.00115966796875,0.99810791015625,0.3515625,-1.04296875,9.75390625,0.001953125,0.001953125,0.0,-0.05316162109375,-0.018798828125,0.0010986328125,0.9984130859375,62.841796875,2,18
5.545078568999088,-0.4140625,-1.1328125,9.890625,0.0,0.0,0.0,-0.05731201171875,0.0208740234375,-0.00115966796875,0.99810791015625,0.3515625,-1.0078125,9.75390625,0.0,0.0,0.0,-0.05316162109375,-0.01885986328125,0.0010986328125,0.9984130859375,62.841796875,2,18
5.5500791579997895,-0.4140625,-1.1328125,9.890625,0.0,0.0,0.0,-0.05731201171875,0.0208740234375,-0.00115966796875,0.99810791015625,0.3515625,-1.0078125,9.75390625,0.0,0.0,0.0,-0.05316162109375,-0.01885986328125,0.0010986328125,0.9984130859375,62.841796875,2,16
5.555063200999939,-0.4140625,-1.1328125,9.890625,0.0,0.0,0.0,-0.05731201171875,0.0208740234375,-0.00115966796875,0.99810791015625,0.3515625,-1.0078125,9.75390625,0.0,0.0,0.0,-0.05316162109375,-0.01885986328125,0.0010986328125,0.9984130859375,62.841796875,2,16
5.5600614529994346,-0.4140625,-1.1328125,9.890625,0.0,0.0,0.0,-0.05731201171875,0.0208740234375,-0.00115966796875,0.99810791015625,0.3515625,-1.0078125,9.75390625,0.0,0.0,0.0,-0.05316162109375,-0.01885986328125,0.0010986328125,0.9984130859375,62.9296875,0,16
5.5650711950002005,-0.4140625,-1.1328125,9.890625,0.0,0.0,0.0,-0.05731201171875,0.0208740234375,-0.00115966796875,0.99810791015625,0.3515625,-1.0078125,9.75390625,0.0,0.0,0.0,-0.05316162109375,-0.01885986328125,0.0010986328125,0.9984130859375,62.841796875,0,16
5.570066758999019,-0.4140625,-1.1328125,9.890625,0.0,0.0,0.0,-0.05731201171875,0.0208740234375,-0.00115966796875,0.99810791015625,0.3515625,-1.0078125,9.75390625,0.0,0.0,0.0,-0.05316162109375,-0.01885986328125,0.0010986328125,0.9984130859375,62.841796875,0,14
5.575060179000502,-0.4140625,-1.1328125,9.890625,0.0,0.0,0.0,-0.05731201171875,0.0208740234375,-0.00115966796875,0.99810791015625,0.3515625,-1.0078125,9.75390625,0.0,0.0,0.0,-0.05316162109375,-0.01885986328125,0.0010986328125,0.9984130859375,62.841796875,0,14
5.580068159999428,-0.4140625,-1.1328125,9.890625,0.0,0.0,0.0,-0.05731201171875,0.0208740234375,-0.00115966796875,0.99810791015625,0.3515625,-1.0078125,9.75390625,0.0,0.0,0.0,-0.05316162109375,-0.01885986328125,0.0010986328125,0.9984130859375,62.841796875,2,14
5.585067788999368,-0.4140625,-1.1328125,9.890625,0.0,0.0,0.0,-0.05731201171875,0.0208740234375,-0.00115966796875,0.99810791015625,0.390625,-1.04296875,9.75,0.001953125,0.0,0.0,-0.0531005859375,-0.01885986328125,0.0010986328125,0.9984130859375,62.841796875,2,14
5.590061304999836,-0.4140625,-1.1328125,9.890625,0.0,0.0,0.0,-0.05731201171875,0.0208740234375,-0.00115966796875,0.99810791015625,0.390625,-1.04296875,9.75,0.001953125,0.0,0.0,-0.0531005859375,-0.01885986328125,0.0010986328125,0.9984130859375,62.841796875,2,17
5.595059878000029,-0.4140625,-1.1328125,9.890625,0.0,0.0,0.0,-0.05731201171875,0.0208740234375,-0.00115966796875,0.99810791015625,0.390625,-1.04296875,9.75,0.001953125,0.0,0.0,-0.0531005859375,-0.01885986328125,0.0010986328125,0.9984130859375,62.841796875,2,17
5.6000615550001385,-0.4140625,-1.1328125,9.890625,0.0,0.0,0.0,-0.05731201171875,0.0208740234375,-0.00115966796875,0.99810791015625,0.390625,-1.04296875,9.75,0.001953125,0.0,0.0,-0.0531005859375,-0.01885986328125,0.0010986328125,0.9984130859375,62.841796875,2,17
5.605075105000651,-0.4140625,-1.1328125,9.890625,0.0,0.0,0.0,-0.05731201171875,0.0208740234375,-0.00115966796875,0.99810791015625,0.390625,-1.04296875,9.75,0.001953125,0.0,0.0,-0.0531005859375,-0.01885986328125,0.0010986328125,0.9984130859375,62.9296875,2,17
5.610062731999278,-0.4140625,-1.1328125,9.890625,0.0,0.0,0.0,-0.05731201171875,0.0208740234375,-0.00115966796875,0.99810791015625,0.390625,-1.0078125,9.75,0.001953125,0.001953125,-0.001953125,-0.0531005859375,-0.01885986328125,0.0010986328125,0.9984130859375,62.841796875,2,17
5.615061047999916,-0.4140625,-1.1328125,9.890625,0.0,0.0,0.0,-0.05731201171875,0.0208740234375,-0.00115966796875,0.99810791015625,0.390625,-1.0078125,9.75,0.001953125,0.001953125,-0.001953125,-0.0531005859375,-0.01885986328125,0.0010986328125,0.9984130859375,62.841796875,2,17
5.620068262000132,-0.4140625,-1.1328125,9.890625,0.0,0.0,0.0,-0.05731201171875,0.0208740234375,-0.00115966796875,0.99810791015625,0.390625,-1.0078125,9.75,0.001953125,0.001953125,-0.001953125,-0.0531005859375,-0.01885986328125,0.0010986328125,0.9984130859375,62.841796875,2,17
5.625073586999861,-0.4140625,-1.1328125,9.890625,0.0,0.0,0.0,-0.05731201171875,0.0208740234375,-0.00115966796875,0.99810791015625,0.390625,-1.0078125,9.75,0.001953125,0.001953125,-0.001953125,-0.0531005859375,-0.01885986328125,0.0010986328125,0.9984130859375,62.841796875,2,17
5.630063295000582,-0.4140625,-1.1328125,9.890625,0.0,0.0,0.0,-0.05731201171875,0.0208740234375,-0.00115966796875,0.99810791015625,0.390625,-1.0078125,9.75,0.001953125,0.001953125,-0.001953125,-0.0531005859375,-0.01885986328125,0.0010986328125,0.9984130859375,62.841796875,2,19
5.635059914999147,-0.4140625,-1.1328125,9.890625,0.0,0.0,0.0,-0.05731201171875,0.0208740234375,-0.00115966796875,0.99810791015625,0.3515625,-1.04296875,9.75390625,0.001953125,0.001953125,-0.001953125,-0.0531005859375,-0.01885986328125,0.0010986328125,0.9984130859375,62.841796875,2,19
5.640148320000662,-0.4140625,-1.1328125,9.890625,0.0,0.0,0.0,-0.05731201171875,0.0208740234375,-0.00115966796875,0.99810791015625,0.3515625,-1.04296875,9.75390625,0.001953125,0.001953125,-0.001953125,-0.0531005859375,-0.01885986328125,0.0010986328125,0.9984130859375,62.841796875,1,19
5.646576089999144,-0.4140625,-1.1328125,9.890625,0.0,0.0,0.0,-0.05731201171875,0.0208740234375,-0.00115966796875,0.99810791015625,0.3515625,-1.04296875,9.75390625,0.001953125,0.001953125,-0.001953125,-0.0531005859375,-0.01885986328125,0.0010986328125,0.9984130859375,62.841796875,1,19
5.650068626000575,-0.4140625,-1.1328125,9.890625,0.0,0.0,0.0,-0.05731201171875,0.0208740234375,-0.00115966796875,0.99810791015625,0.3515625,-1.04296875,9.75390625,0.001953125,0.001953125,-0.001953125,-0.0531005859375,-0.01885986328125,0.0010986328125,0.9984130859375,62.9296875,1,20
5.65506297399952,-0.4140625,-1.1328125,9.890625,0.0,0.0,0.0,-0.05731201171875,0.0208740234375,-0.00115966796875,0.99810791015625,0.3515625,-1.04296875,9.75390625,0.001953125,0.001953125,-0.001953125,-0.0531005859375,-0.01885986328125,0.0010986328125,0.9984130859375,62.841796875,1,20
5.660076652000498,-0.4140625,-1.1328125,9.890625,0.0,0.0,0.0,-0.05731201171875,0.0208740234375,-0.00115966796875,0.99810791015625,0.3515625,-1.04296875,9.75390625,-0.001953125,0.0,-0.001953125,-0.0531005859375,-0.0189208984375,0.0010986328125,0.9984130859375,62.9296875,1,20
5.665080152999508,-0.4140625,-1.1328125,9.890625,0.0,0.0,0.0,-0.05731201171875,0.0208740234375,-0.00115966796875,0.99810791015625,0.3515625,-1.04296875,9.75390625,-0.001953125,0.0,-0.001953125,-0.0531005859375,-0.0189208984375,0.0010986328125,0.9984130859375,62.841796875,2,20
5.67006128399953,-0.4140625,-1.1328125,9.890625,0.0,0.0,0.0,-0.05731201171875,0.0208740234375,-0.00115966796875,0.99810791015625,0.3515625,-1.04296875,9.75390625,-0.001953125,0.0,-0.001953125,-0.0531005859375,-0.0189208984375,0.0010986328125,0.9984130859375,62.841796875,2,20
5.675058224000168,-0.4140625,-1.1328125,9.890625,0.0,0.0,0.0,-0.05731201171875,0.0208740234375,-0.00115966796875,0.99810791015625,0.3515625,-1.0078125,9.75390625,-0.001953125,0.0,-0.001953125,-0.0531005859375,-0.0189208984375,0.0010986328125,0.9984130859375,62.841796875,2,16
5.680061212999135,-0.4140625,-1.1328125,9.890625,0.0,0.0,0.0,-0.05731201171875,0.0208740234375,-0.00115966796875,0.99810791015625,0.3515625,-1.0078125,9.75390625,-0.001953125,0.0,-0.001953125,-0.0531005859375,-0.0189208984375,0.0010986328125,0.9984130859375,62.841796875,2,16
5.685075690998929,-0.4140625,-1.1328125,9.890625,0.0,0.0,0.0,-0.05731201171875,0.0208740234375,-0.00115966796875,0.99810791015625,0.3515625,-1.0078125,9.75390625,-0.001953125,0.0,-0.001953125,-0.0531005859375,-0.0189208984375,0.0010986328125,0.9984130859375,62.841796875,2,16
5.6900967940000555,-0.4140625,-1.1328125,9.890625,0.0,0.0,0.0,-0.05731201171875,0.0208740234375,-0.00115966796875,0.99810791015625,0.3515625,-1.0078125,9.75390625,-0.001953125,0.0,-0.001953125,-0.0531005859375,-0.0189208984375,0.0010986328125,0.9984130859375,62.841796875,2,17
5.695078372998978,-0.4140625,-1.1328125,9.890625,0.0,0.0,0.0,-0.05731201171875,0.0208740234375,-0.00115966796875,0.99810791015625,0.3515625,-1.0078125,9.75390625,-0.001953125,0.0,-0.001953125,-0.0531005859375,-0.0189208984375,0.0010986328125,0.9984130859375,62.841796875,2,17
5.700099284000316,-0.4140625,-1.1328125,9.890625,0.0,0.0,0.0,-0.05731201171875,0.0208740234375,-0.00115966796875,0.99810791015625,0.3515625,-1.0078125,9.75390625,-0.001953125,0.0,-0.001953125,-0.0531005859375,-0.0189208984375,0.0010986328125,0.9984130859375,62.841796875,1,17
5.7050904629995784,-0.4140625,-1.1328125,9.890625,0.0,0.0,0.0,-0.05731201171875,0.0208740234375,-0.00115966796875,0.99810791015625,0.3515625,-1.04296875,9.75390625,0.001953125,0.0,0.0,-0.0531005859375,-0.0189208984375,0.0010986328125,0.9984130859375,62.841796875,1,17
5.710062056999959,-0.4140625,-1.1328125,9.890625,0.0,0.0,0.0,-0.05731201171875,0.0208740234375,-0.00115966796875,0.99810791015625,0.3515625,-1.04296875,9.75390625,0.001953125,0.0,0.0,-0.0531005859375,-0.0189208984375,0.0010986328125,0.9984130859375,62.841796875,1,17
5.715063413999815,-0.4140625,-1.1328125,9.890625,0.0,0.0,0.0,-0.05731201171875,0.0208740234375,-0.00115966796875,0.99810791015625,0.3515625,-1.04296875,9.75390625,0.001953125,0.0,0.0,-0.0531005859375,-0.0189208984375,0.0010986328125,0.9984130859375,62.9296875,1,17
5.720088260999546,-0.4140625,-1.1328125,9.890625,0.0,0.0,0.0,-0.05731201171875,0.0208740234375,-0.00115966796875,0.99810791015625,0.3515625,-1.04296875,9.75390625,0.001953125,0.0,0.0,-0.0531005859375,-0.0189208984375,0.0010986328125,0.9984130859375,62.841796875,1,17
5.725070160000541,-0.4140625,-1.1328125,9.890625,0.0,0.0,0.0,-0.05731201171875,0.0208740234375,-0.00115966796875,0.99810791015625,0.3515625,-1.04296875,9.75390625,0.001953125,0.0,0.0,-0.0531005859375,-0.0189208984375,0.0010986328125,0.9984130859375,62.841796875,1,17
5.730059483999867,-0.4140625,-1.1328125,9.890625,0.0,0.0,0.0,-0.05731201171875,0.0208740234375,-0.00115966796875,0.99810791015625,0.3515625,-1.04296875,9.75390625,0.001953125,0.0,0.0,-0.0531005859375,-0.0189208984375,0.0010986328125,0.9984130859375,62.841796875,1,14
5.735066408999046,-0.4140625,-1.1328125,9.890625,0.0,0.0,0.0,-0.05731201171875,0.0208740234375,-0.00115966796875,0.99810791015625,0.390625,-1.04296875,9.75,-0.001953125,0.0,0.0,-0.05303955078125,-0.0189208984375,0.0010986328125,0.9984130859375,62.841796875,1,14
5.740069045999917,-0.4140625,-1.1328125,9.890625,0.0,0.0,0.0,-0.05731201171875,0.0208740234375,-0.00115966796875,0.99810791015625,0.390625,-1.04296875,9.75,-0.001953125,0.0,0.0,-0.05303955078125,-0.0189208984375,0.0010986328125,0.9984130859375,62.841796875,1,14
5.745077315999879,-0.4140625,-1.1328125,9.890625,0.0,0.0,0.0,-0.0572509765625,0.0208740234375,-0.00115966796875,0.9981689453125,0.390625,-1.04296875,9.75,-0.001953125,0.0,0.0,-0.05303955078125,-0.0189208984375,0.0010986328125,0.9984130859375,62.841796875,1,16
5.750059726000472,-0.4140625,-1.1328125,9.890625,0.0,0.0,0.0,-0.0572509765625,0.0208740234375,-0.00115966796875,0.9981689453125,0.390625,-1.04296875,9.75,-0.001953125,0.0,0.0,-0.05303955078125,-0.0189208984375,0.0010986328125,0.9984130859375,62.841796875,1,16
5.755060379000497,-0.4140625,-1.1328125,9.890625,0.0,0.0,0.0,-0.0572509765625,0.0208740234375,-0.00115966796875,0.9981689453125,0.390625,-1.04296875,9.75,-0.001953125,0.0,0.0,-0.05303955078125,-0.0189208984375,0.0010986328125,0.9984130859375,62.841796875,3,16
5.760067400999105,-0.4140625,-1.1328125,9.890625,0.0,0.0,0.0,-0.0572509765625,0.0208740234375,-0.00115966796875,0.9981689453125,0.390625,-1.04296875,9.75,-0.001953125,0.0,0.0,-0.05303955078125,-0.0189208984375,0.0010986328125,0.9984130859375,62.841796875,3,15
5.7650681489994895,-0.4140625,-1.1328125,9.890625,0.0,0.0,0.0,-0.0572509765625,0.0208740234375,-0.00115966796875,0.9981689453125,0.390625,-1.04296875,9.75,-0.001953125,0.0,0.0,-0.05303955078125,-0.0189208984375,0.0010986328125,0.9984130859375,62.841796875,3,15
5.770060449000084,-0.4140625,-1.1328125,9.890625,0.0,0.0,0.0,-0.0572509765625,0.0208740234375,-0.00115966796875,0.9981689453125,0.390625,-1.04296875,9.75,-0.001953125,0.0,0.0,-0.05303955078125,-0.0189208984375,0.0010986328125,0.9984130859375,62.841796875,2,15
5.775059726000109,-0.4140625,-1.1328125,9.890625,0.0,0.0,0.0,-0.0572509765625,0.0208740234375,-0.00115966796875,0.9981689453125,0.390625,-1.04296875,9.75,0.001953125,0.0,-0.001953125,-0.05303955078125,-0.0189208984375,0.0010986328125,0.9984130859375,62.9296875,2,15
5.780067034998865,-0.4140625,-1.1328125,9.890625,0.0,0.0,0.0,-0.0572509765625,0.0208740234375,-0.00115966796875,0.9981689453125,0.390625,-1.04296875,9.75,0.001953125,0.0,-0.001953125,-0.05303955078125,-0.0189208984375,0.0010986328125,0.9984130859375,62.841796875,2,16
5.785061542999756,-0.4140625,-1.1328125,9.890625,0.0,0.0,0.0,-0.0572509765625,0.0208740234375,-0.00115966796875,0.9981689453125,0.390625,-1.04296875,9.75,0.001953125,0.0,-0.001953125,-0.05303955078125,-0.0189208984375,0.0010986328125,0.9984130859375,62.841796875,2,16
5.790059764000034,-0.4140625,-1.1328125,9.890625,0.0,0.0,0.0,-0.0572509765625,0.0208740234375,-0.00115966796875,0.9981689453125,0.390625,-1.04296875,9.75,0.001953125,0.0,-0.001953125,-0.05303955078125,-0.0189208984375,0.0010986328125,0.9984130859375,62.841796875,3,16
5.795113958000002,-0.4140625,-1.1328125,9.890625,0.0,0.0,0.0,-0.0572509765625,0.0208740234375,-0.00115966796875,0.9981689453125,0.390625,-1.04296875,9.75,0.001953125,0.0,-0.001953125,-0.05303955078125,-0.0189208984375,0.0010986328125,0.9984130859375,62.841796875,3,16
5.800088751999283,-0.4140625,-1.1328125,9.890625,0.0,0.0,0.0,-0.0572509765625,0.0208740234375,-0.00115966796875,0.9981689453125,0.390625,-1.04296875,9.75,0.001953125,0.0,-0.001953125,-0.05303955078125,-0.0189208984375,0.0010986328125,0.9984130859375,62.841796875,3,16
5.805066650000299,-0.4140625,-1.1328125,9.890625,0.0,0.0,0.0,-0.0572509765625,0.0208740234375,-0.00115966796875,0.9981689453125,0.390625,-1.04296875,9.75,0.001953125,0.0,-0.001953125,-0.05303955078125,-0.0189208984375,0.0010986328125,0.9984130859375,62.841796875,3,16
5.810061318999942,-0.4140625,-1.1328125,9.890625,0.0,0.0,0.0,-0.0572509765625,0.0208740234375,-0.00115966796875,0.9981689453125,0.390625,-1.04296875,9.75,0.001953125,0.0,-0.001953125,-0.05303955078125,-0.0189208984375,0.0010986328125,0.9984130859375,62.841796875,2,16
5.815065971999502,-0.4140625,-1.1328125,9.890625,0.0,0.0,0.0,-0.0572509765625,0.0208740234375,-0.00115966796875,0.9981689453125,0.390625,-1.04296875,9.75,0.001953125,0.0,-0.001953125,-0.05303955078125,-0.0189208984375,0.0010986328125,0.9984130859375,62.841796875,2,17
5.8200765769997815,-0.4140625,-1.1328125,9.890625,0.0,0.0,0.0,-0.0572509765625,0.0208740234375,-0.00115966796875,0.9981689453125,0.390625,-1.04296875,9.75,0.00390625,0.0,0.0,-0.05303955078125,-0.0189208984375,0.0010986328125,0.9984130859375,62.841796875,2,17
5.8250713420002285,-0.4140625,-1.1328125,9.890625,0.0,0.0,0.0,-0.0572509765625,0.0208740234375,-0.00115966796875,0.9981689453125,0.390625,-1.04296875,9.75,0.00390625,0.0,0.0,-0.05303955078125,-0.0189208984375,0.0010986328125,0.9984130859375,62.841796875,2,17
5.830060312999194,-0.44921875,-1.1328125,9.89453125,0.0,0.0,0.0,-0.0572509765625,0.0208740234375,-0.00115966796875,0.9981689453125,0.390625,-1.04296875,9.75,0.00390625,0.0,0.0,-0.05303955078125,-0.0189208984375,0.0010986328125,0.9984130859375,62.841796875,1,17
5.835065190000023,-0.44921875,-1.1328125,9.89453125,0.0,0.0,0.0,-0.0572509765625,0.0208740234375,-0.00115966796875,0.9981689453125,0.3515625,-1.04296875,9.75390625,0.00390625,0.0,0.0,-0.05303955078125,-0.0189208984375,0.0010986328125,0.9984130859375,62.841796875,1,17
5.840067187000386,-0.44921875,-1.1328125,9.89453125,0.0,0.0,0.0,-0.0572509765625,0.0208740234375,-0.00115966796875,0.9981689453125,0.3515625,-1.04296875,9.75390625,0.00390625,0.0,0.0,-0.05303955078125,-0.0189208984375,0.0010986328125,0.9984130859375,62.9296875,1,19
5.845074176999333,-0.44921875,-1.1328125,9.89453125,0.0,0.0,0.0,-0.0572509765625,0.0208740234375,-0.00115966796875,0.9981689453125,0.3515625,-1.04296875,9.75390625,0.00390625,0.0,0.0,-0.05303955078125,-0.0189208984375,0.0010986328125,0.9984130859375,62.841796875,1,19
5.85006525999961,-0.44921875,-1.1328125,9.89453125,0.0,0.0,0.0,-0.0572509765625,0.0208740234375,-0.00115966796875,0.9981689453125,0.3515625,-1.04296875,9.75390625,0.00390625,0.0,0.0,-0.05303955078125,-0.0189208984375,0.0010986328125,0.9984130859375,62.841796875,1,19
5.855066232999889,-0.4140625,-1.1328125,9.890625,0.0,0.0,0.0,-0.0572509765625,0.0208740234375,-0.00115966796875,0.9981689453125,0.3515625,-1.04296875,9.75390625,0.00390625,0.0,0.0,-0.05303955078125,-0.0189208984375,0.0010986328125,0.9984130859375,62.841796875,1,17
5.860069157999533,-0.4140625,-1.1328125,9.890625,0.0,0.0,0.0,-0.0572509765625,0.0208740234375,-0.00115966796875,0.9981689453125,0.3515625,-1.04296875,9.75390625,0.00390625,0.0,0.0,-0.05303955078125,-0.0189208984375,0.0010986328125,0.9984130859375,62.9296875,1,17
5.865058929999577,-0.4140625,-1.1328125,9.890625,0.0,0.0,0.0,-0.0572509765625,0.0208740234375,-0.00115966796875,0.9981689453125,0.390625,-1.04296875,9.75,0.0,0.0,0.0,-0.05303955078125,-0.01898193359375,0.0010986328125,0.9984130859375,62.9296875,1,17
5.8700582700003,-0.4140625,-1.1328125,9.890625,0.0,0.0,0.0,-0.0572509765625,0.0208740234375,-0.00115966796875,0.9981689453125,0.390625,-1.04296875,9.75,0.0,0.0,0.0,-0.05303955078125,-0.01898193359375,0.0010986328125,0.9984130859375,62.841796875,1,17
5.875069035999331,-0.4140625,-1.1328125,9.85546875,0.0,0.0,0.0,-0.05718994140625,0.0208740234375,-0.00115966796875,0.9981689453125,0.390625,-1.04296875,9.75,0.0,0.0,0.0,-0.05303955078125,-0.01898193359375,0.0010986328125,0.9984130859375,62.841796875,1,16
5.880071256999145,-0.4140625,-1.1328125,9.85546875,0.0,0.0,0.0,-0.05718994140625,0.0208740234375,-0.00115966796875,0.9981689453125,0.390625,-1.04296875,9.75,0.0,0.0,0.0,-0.05303955078125,-0.01898193359375,0.0010986328125,0.9984130859375,62.841796875,1,16
5.885058371999548,-0.4140625,-1.1328125,9.85546875,0.0,0.0,0.0,-0.05718994140625,0.0208740234375,-0.00115966796875,0.9981689453125,0.390625,-1.04296875,9.75,0.0,0.0,0.0,-0.05303955078125,-0.01898193359375,0.0010986328125,0.9984130859375,62.9296875,2,16
5.890066706000653,-0.4140625,-1.1328125,9.85546875,0.0,0.0,0.0,-0.05718994140625,0.0208740234375,-0.00115966796875,0.9981689453125,0.3515625,-1.04296875,9.75390625,0.0,0.0,0.0,-0.052978515625,-0.01898193359375,0.0010986328125,0.9984130859375,62.841796875,2,16
5.895072958999663,-0.4140625,-1.1328125,9.85546875,0.0,0.0,0.0,-0.05718994140625,0.0208740234375,-0.00115966796875,0.9981689453125,0.3515625,-1.04296875,9.75390625,0.0,0.0,0.0,-0.052978515625,-0.01898193359375,0.0010986328125,0.9984130859375,62.841796875,2,17
5.900069450999581,-0.4140625,-1.1328125,9.85546875,0.0,0.0,0.0,-0.05718994140625,0.0208740234375,-0.00115966796875,0.9981689453125,0.3515625,-1.04296875,9.75390625,0.0,0.0,0.0,-0.052978515625,-0.01898193359375,0.0010986328125,0.9984130859375,62.841796875,1,17
5.905061974999626,-0.4140625,-1.171875,9.89453125,0.0,0.0,0.0,-0.05718994140625,0.02093505859375,-0.00115966796875,0.9981689453125,0.3515625,-1.04296875,9.75390625,0.0,0.0,0.0,-0.052978515625,-0.01898193359375,0.0010986328125,0.9984130859375,62.841796875,1,17
5.910065763999228,-0.4140625,-1.171875,9.89453125,0.0,0.0,0.0,-0.05718994140625,0.02093505859375,-0.00115966796875,0.9981689453125,0.3515625,-1.04296875,9.75390625,0.0,0.0,0.0,-0.052978515625,-0.01898193359375,0.0010986328125,0.9984130859375,62.841796875,1,17
5.915065744999083,-0.4140625,-1.171875,9.89453125,0.0,0.0,0.0,-0.05718994140625,0.02093505859375,-0.00115966796875,0.9981689453125,0.390625,-1.04296875,9.75,0.0,0.0,0.0,-0.052978515625,-0.01898193359375,0.0010986328125,0.9984130859375,62.841796875,1,17
5.920074974999807,-0.4140625,-1.171875,9.89453125,0.0,0.0,0.0,-0.05718994140625,0.02093505859375,-0.00115966796875,0.9981689453125,0.390625,-1.04296875,9.75,0.0,0.0,0.0,-0.052978515625,-0.01898193359375,0.0010986328125,0.9984130859375,62.841796875,1,17
5.925059433999195,-0.4140625,-1.171875,9.89453125,0.0,0.0,0.0,-0.05718994140625,0.02093505859375,-0.00115966796875,0.9981689453125,0.390625,-1.04296875,9.75,0.0,0.0,0.0,-0.052978515625,-0.01898193359375,0.0010986328125,0.9984130859375,62.841796875,1,14
5.93005941499905,-0.4140625,-1.171875,9.89453125,0.0,0.0,0.0,-0.05718994140625,0.02093505859375,-0.00115966796875,0.9981689453125,0.390625,-1.04296875,9.75,0.0,0.0,0.0,-0.052978515625,-0.01898193359375,0.0010986328125,0.9984130859375,62.841796875,1,14
5.9350693479991605,-0.4140625,-1.171875,9.89453125,0.0,0.0,0.0,-0.05718994140625,0.02093505859375,-0.00115966796875,0.9981689453125,0.390625,-1.04296875,9.75,0.0,0.0,0.0,-0.052978515625,-0.01898193359375,0.0010986328125,0.9984130859375,62.841796875,1,14
5.940080274000138,-0.4140625,-1.171875,9.89453125,0.0,0.0,0.0,-0.05718994140625,0.02093505859375,-0.00115966796875,0.9981689453125,0.390625,-1.04296875,9.75,0.0,0.0,0.0,-0.052978515625,-0.01898193359375,0.0010986328125,0.9984130859375,62.841796875,1,14
5.945064540999738,-0.4140625,-1.1328125,9.890625,0.0,0.0,0.0,-0.05718994140625,0.02093505859375,-0.00115966796875,0.9981689453125,0.390625,-1.04296875,9.75,0.0,0.0,0.0,-0.052978515625,-0.01898193359375,0.0010986328125,0.9984130859375,62.841796875,1,16
5.950079594998897,-0.4140625,-1.1328125,9.890625,0.0,0.0,0.0,-0.05718994140625,0.02093505859375,-0.00115966796875,0.9981689453125,0.3515625,-1.04296875,9.75390625,0.0,0.0,0.0,-0.052978515625,-0.01898193359375,0.0010986328125,0.9984130859375,62.841796875,1,16
5.955134588999499,-0.4140625,-1.1328125,9.890625,0.0,0.0,0.0,-0.05718994140625,0.02093505859375,-0.00115966796875,0.9981689453125,0.3515625,-1.04296875,9.75390625,0.0,0.0,0.0,-0.052978515625,-0.01898193359375,0.0010986328125,0.9984130859375,62.841796875,1,16
5.960061121999388,-0.4140625,-1.1328125,9.890625,0.0,0.0,0.0,-0.05718994140625,0.02093505859375,-0.00115966796875,0.9981689453125,0.3515625,-1.04296875,9.75390625,0.0,0.0,0.0,-0.052978515625,-0.01898193359375,0.0010986328125,0.9984130859375,62.841796875,1,13
5.965073646999372,-0.4140625,-1.1328125,9.890625,0.0,0.0,0.0,-0.05718994140625,0.02093505859375,-0.00115966796875,0.9981689453125,0.3515625,-1.04296875,9.75390625,0.0,0.0,0.0,-0.052978515625,-0.01898193359375,0.0010986328125,0.9984130859375,62.841796875,1,13
5.970073979000517,-0.4140625,-1.1328125,9.890625,0.0,0.0,0.0,-0.05718994140625,0.02093505859375,-0.00115966796875,0.9981689453125,0.3515625,-1.04296875,9.75390625,0.0,0.0,0.0,-0.052978515625,-0.01898193359375,0.0010986328125,0.9984130859375,62.841796875,2,13
5.97506563800016,-0.4140625,-1.1328125,9.890625,0.0,0.0,0.0,-0.05718994140625,0.02093505859375,-0.00115966796875,0.9981689453125,0.3515625,-1.04296875,9.75390625,0.0,0.0,0.0,-0.052978515625,-0.01898193359375,0.0010986328125,0.9984130859375,62.841796875,2,13
5.980062994000036,-0.4140625,-1.1328125,9.890625,0.0,0.0,0.0,-0.05718994140625,0.02093505859375,-0.00115966796875,0.9981689453125,0.3515625,-1.04296875,9.75390625,0.0,0.0,0.0,-0.052978515625,-0.01898193359375,0.0010986328125,0.9984130859375,62.841796875,2,13
5.985066110999469,-0.4140625,-1.1328125,9.890625,0.0,0.0,0.0,-0.05718994140625,0.02093505859375,-0.00115966796875,0.9981689453125,0.390625,-1.04296875,9.75,0.0,0.0,0.0,-0.052978515625,-0.01898193359375,0.0010986328125,0.9984130859375,62.841796875,2,16
5.990067978998923,-0.4140625,-1.1328125,9.890625,0.0,0.0,0.0,-0.05718994140625,0.02093505859375,-0.00115966796875,0.9981689453125,0.390625,-1.04296875,9.75,0.0,0.0,0.0,-0.052978515625,-0.01898193359375,0.0010986328125,0.9984130859375,62.841796875,2,16
5.995082072000514,-0.4140625,-1.1328125,9.890625,0.0,0.0,0.0,-0.05718994140625,0.02093505859375,-0.00115966796875,0.9981689453125,0.390625,-1.04296875,9.75,0.0,0.0,0.0,-0.052978515625,-0.01898193359375,0.0010986328125,0.9984130859375,62.841796875,3,16
6.000063522998971,-0.4140625,-1.1328125,9.890625,0.0,0.0,0.0,-0.05718994140625,0.02093505859375,-0.00115966796875,0.9981689453125,0.390625,-1.04296875,9.75,0.0,0.0,0.0,-0.052978515625,-0.01898193359375,0.0010986328125,0.9984130859375,62.9296875,3,15
6.005095057998915,-0.4140625,-1.1328125,9.890625,0.0,0.0,0.0,-0.05718994140625,0.02093505859375,-0.00115966796875,0.9981689453125,0.390625,-1.04296875,9.75,0.0,0.0,0.0,-0.052978515625,-0.01898193359375,0.0010986328125,0.9984130859375,62.841796875,3,15
6.010079645000587,-0.4140625,-1.1328125,9.890625,0.0,0.0,0.0,-0.05718994140625,0.02093505859375,-0.00115966796875,0.9981689453125,0.390625,-1.04296875,9.75,0.0,0.0,0.0,-0.052978515625,-0.01898193359375,0.0010986328125,0.9984130859375,62.841796875,1,15
6.015063687000293,-0.4140625,-1.1328125,9.890625,0.0,0.0,0.0,-0.05718994140625,0.02093505859375,-0.00115966796875,0.9981689453125,0.390625,-1.04296875,9.75,0.0,0.0,0.0,-0.052978515625,-0.01898193359375,0.0010986328125,0.9984130859375,62.841796875,1,15
6.020063186999323,-0.4140625,-1.1328125,9.890625,0.0,0.0,0.0,-0.05718994140625,0.02093505859375,-0.00115966796875,0.9981689453125,0.390625,-1.04296875,9.75,0.0,0.0,0.0,-0.052978515625,-0.01898193359375,0.0010986328125,0.9984130859375,62.841796875,1,14
6.025071808000575,-0.4140625,-1.1328125,9.890625,0.0,0.0,0.0,-0.05718994140625,0.02093505859375,-0.00115966796875,0.9981689453125,0.3515625,-1.04296875,9.75390625,0.0,0.0,0.0,-0.052978515625,-0.01898193359375,0.0010986328125,0.9984130859375,62.841796875,1,14
6.030070987999352,-0.4140625,-1.1328125,9.890625,0.0,0.0,0.0,-0.05718994140625,0.02093505859375,-0.00115966796875,0.9981689453125,0.3515625,-1.04296875,9.75390625,0.0,0.0,0.0,-0.052978515625,-0.01898193359375,0.0010986328125,0.9984130859375,62.841796875,2,14
6.035057942999629,-0.4140625,-1.1328125,9.890625,0.0,0.0,0.0,-0.05718994140625,0.02093505859375,-0.00115966796875,0.9981689453125,0.3515625,-1.04296875,9.75390625,0.0,0.0,0.0,-0.052978515625,-0.01898193359375,0.0010986328125,0.9984130859375,62.841796875,2,14
6.0400846140000795,-0.4140625,-1.1328125,9.890625,0.0,0.0,0.0,-0.05718994140625,0.02093505859375,-0.00115966796875,0.9981689453125,0.3515625,-1.04296875,9.75390625,0.0,0.0,0.0,-0.052978515625,-0.01898193359375,0.0010986328125,0.9984130859375,62.9296875,2,14
6.0451166610000655,-0.4140625,-1.1328125,9.890625,0.0,0.0,0.0,-0.05718994140625,0.02093505859375,-0.00115966796875,0.9981689453125,0.3515625,-1.04296875,9.75390625,0.0,0.0,0.0,-0.052978515625,-0.01898193359375,0.0010986328125,0.9984130859375,62.841796875,2,14
6.050075580998964,-0.4140625,-1.1328125,9.890625,0.0,0.0,0.0,-0.05718994140625,0.02093505859375,-0.00115966796875,0.9981689453125,0.3515625,-1.04296875,9.75390625,0.0,0.0,0.0,-0.052978515625,-0.01898193359375,0.0010986328125,0.9984130859375,62.841796875,2,14
6.055060135000531,-0.4140625,-1.1328125,9.890625,0.0,0.0,0.0,-0.05718994140625,0.02093505859375,-0.00115966796875,0.9981689453125,0.3515625,-1.0078125,9.75390625,0.0,0.0,0.0,-0.052978515625,-0.01898193359375,0.0010986328125,0.9984130859375,62.841796875,1,14
6.0600662599990756,-0.4140625,-1.1328125,9.890625,0.0,0.0,0.0,-0.05718994140625,0.02093505859375,-0.00115966796875,0.9981689453125,0.3515625,-1.0078125,9.75390625,0.0,0.0,0.0,-0.052978515625,-0.01898193359375,0.0010986328125,0.9984130859375,62.841796875,1,14
6.065073825000582,-0.4140625,-1.1328125,9.890625,0.0,0.0,0.0,-0.05712890625,0.02099609375,-0.00115966796875,0.9981689453125,0.3515625,-1.0078125,9.75390625,0.0,0.0,0.0,-0.052978515625,-0.01898193359375,0.0010986328125,0.9984130859375,62.841796875,1,14
6.07007418899957,-0.4140625,-1.1328125,9.890625,0.0,0.0,0.0,-0.05712890625,0.02099609375,-0.00115966796875,0.9981689453125,0.3515625,-1.0078125,9.75390625,0.0,0.0,0.0,-0.052978515625,-0.01898193359375,0.0010986328125,0.9984130859375,62.841796875,1,14
6.075063415999466,-0.4140625,-1.1328125,9.890625,0.0,0.0,0.0,-0.05712890625,0.02099609375,-0.00115966796875,0.9981689453125,0.3515625,-1.04296875,9.75390625,0.0,0.0,0.0,-0.052978515625,-0.01898193359375,0.0010986328125,0.9984130859375,62.841796875,2,14
6.080079174000275,-0.4140625,-1.1328125,9.890625,0.0,0.0,0.0,-0.05712890625,0.02099609375,-0.00115966796875,0.9981689453125,0.3515625,-1.04296875,9.75390625,0.0,0.0,0.0,-0.052978515625,-0.01898193359375,0.0010986328125,0.9984130859375,62.841796875,2,14
6.085069200998987,-0.4140625,-1.1328125,9.890625,0.0,0.0,0.0,-0.05712890625,0.02099609375,-0.00115966796875,0.9981689453125,0.3515625,-1.04296875,9.75390625,0.0,0.0,0.0,-0.052978515625,-0.01898193359375,0.0010986328125,0.9984130859375,62.841796875,2,13
6.090066237000428,-0.4140625,-1.1328125,9.890625,0.0,0.0,0.0,-0.05712890625,0.02099609375,-0.00115966796875,0.9981689453125,0.3515625,-1.04296875,9.75390625,0.0,0.0,0.0,-0.052978515625,-0.01898193359375,0.0010986328125,0.9984130859375,62.841796875,2,13
6.095062279999183,-0.4140625,-1.1328125,9.890625,0.0,0.0,0.0,-0.05712890625,0.02099609375,-0.00115966796875,0.9981689453125,0.3515625,-1.04296875,9.75390625,0.0,0.0,0.0,-0.052978515625,-0.01898193359375,0.0010986328125,0.9984130859375,62.841796875,3,13
6.100070581000182,-0.4140625,-1.1328125,9.890625,0.0,0.0,0.0,-0.05712890625,0.02099609375,-0.00115966796875,0.9981689453125,0.3515625,-1.04296875,9.75390625,0.0,0.0,0.0,-0.052978515625,-0.01904296875,0.0010986328125,0.9984130859375,62.841796875,3,13
6.105078657999911,-0.44921875,-1.1328125,9.89453125,0.0,0.0,0.0,-0.05712890625,0.02099609375,-0.00115966796875,0.9981689453125,0.3515625,-1.04296875,9.75390625,0.0,0.0,0.0,-0.052978515625,-0.01904296875,0.0010986328125,0.9984130859375,62.841796875,3,14
6.110070893999364,-0.44921875,-1.1328125,9.89453125,0.0,0.0,0.0,-0.05712890625,0.02099609375,-0.00115966796875,0.9981689453125,0.390625,-1.04296875,9.75,0.0,0.0,0.0,-0.052978515625,-0.01904296875,0.0010986328125,0.9984130859375,62.841796875,3,14
6.115063928999007,-0.44921875,-1.1328125,9.89453125,0.0,0.0,0.0,-0.05712890625,0.02099609375,-0.00115966796875,0.9981689453125,0.390625,-1.04296875,9.75,0.0,0.0,0.0,-0.052978515625,-0.01904296875,0.0010986328125,0.9984130859375,62.841796875,1,14
6.1200930639988655,-0.44921875,-1.1328125,9.89453125,0.0,0.0,0.0,-0.05712890625,0.02099609375,-0.00115966796875,0.9981689453125,0.390625,-1.04296875,9.75,0.0,0.0,0.0,-0.052978515625,-0.01904296875,0.0010986328125,0.9984130859375,62.841796875,2,14
6.125096083998869,-0.44921875,-1.1328125,9.89453125,0.0,0.0,0.0,-0.05712890625,0.02099609375,-0.00115966796875,0.9981689453125,0.390625,-1.04296875,9.75,0.0,0.0,0.0,-0.052978515625,-0.01904296875,0.0010986328125,0.9984130859375,62.841796875,2,14
6.130062588999863,-0.44921875,-1.1328125,9.89453125,0.0,0.0,0.0,-0.05712890625,0.02099609375,-0.00115966796875,0.9981689453125,0.390625,-1.04296875,9.75,0.0,0.0,0.0,-0.052978515625,-0.01904296875,0.0010986328125,0.9984130859375,62.841796875,2,14
6.1350651619995915,-0.44921875,-1.1328125,9.89453125,0.0,0.0,0.0,-0.05712890625,0.02099609375,-0.00115966796875,0.9981689453125,0.390625,-1.04296875,9.75,0.0,0.0,0.0,-0.052978515625,-0.01904296875,0.0010986328125,0.9984130859375,62.841796875,2,14
6.140067189999172,-0.44921875,-1.1328125,9.89453125,0.0,0.0,0.0,-0.05712890625,0.02099609375,-0.00115966796875,0.9981689453125,0.390625,-1.04296875,9.75,0.0,0.0,0.0,-0.052978515625,-0.01904296875,0.0010986328125,0.9984130859375,62.841796875,2,14
6.14507296299962,-0.4140625,-1.171875,9.89453125,0.0,0.0,0.0,-0.05712890625,0.02099609375,-0.00115966796875,0.9981689453125,0.390625,-1.04296875,9.75,0.0,0.0,0.0,-0.052978515625,-0.01898193359375,0.0010986328125,0.9984130859375,62.841796875,2,14
6.150059469000553,-0.4140625,-1.171875,9.89453125,0.0,0.0,0.0,-0.05712890625,0.02099609375,-0.00115966796875,0.9981689453125,0.390625,-1.04296875,9.75,0.0,0.0,0.0,-0.052978515625,-0.01898193359375,0.0010986328125,0.9984130859375,62.841796875,2,14
6.15506130599897,-0.4140625,-1.171875,9.89453125,0.0,0.0,0.0,-0.05712890625,0.02099609375,-0.00115966796875,0.9981689453125,0.390625,-1.04296875,9.75,0.0,0.0,0.0,-0.052978515625,-0.01898193359375,0.0010986328125,0.9984130859375,62.841796875,2,15
6.160122635999869,-0.4140625,-1.171875,9.89453125,0.0,0.0,0.0,-0.05712890625,0.02099609375,-0.00115966796875,0.9981689453125,0.390625,-1.04296875,9.75,0.0,0.0,0.0,-0.052978515625,-0.01898193359375,0.0010986328125,0.9984130859375,62.841796875,2,15
6.165007596000578,-0.4140625,-1.1328125,9.890625,0.0,0.0,0.0,-0.05712890625,0.02099609375,-0.00115966796875,0.9981689453125,0.390625,-1.04296875,9.75,0.0,0.0,0.0,-0.052978515625,-0.01898193359375,0.0010986328125,0.9984130859375,62.841796875,2,15
6.170060893999107,-0.4140625,-1.1328125,9.890625,0.0,0.0,0.0,-0.05712890625,0.02099609375,-0.00115966796875,0.9981689453125,0.390625,-1.04296875,9.75,0.0,0.0,0.0,-0.052978515625,-0.01898193359375,0.0010986328125,0.9984130859375,62.841796875,2,15
6.175067178999598,-0.4140625,-1.1328125,9.890625,0.0,0.0,0.0,-0.05712890625,0.02099609375,-0.00115966796875,0.9981689453125,0.390625,-1.04296875,9.75,0.0,0.0,0.0,-0.052978515625,-0.01898193359375,0.0010986328125,0.9984130859375,62.841796875,2,15
6.180102201999034,-0.4140625,-1.1328125,9.890625,0.0,0.0,0.0,-0.05712890625,0.02099609375,-0.00115966796875,0.9981689453125,0.3515625,-1.04296875,9.75390625,0.0,0.0,0.0,-0.052978515625,-0.01898193359375,0.0010986328125,0.9984130859375,62.841796875,2,15
6.185063713999625,-0.4140625,-1.1328125,9.890625,0.0,0.0,0.0,-0.05712890625,0.02099609375,-0.00115966796875,0.9981689453125,0.3515625,-1.04296875,9.75390625,0.0,0.0,0.0,-0.052978515625,-0.01898193359375,0.0010986328125,0.9984130859375,62.841796875,2,15
6.190066926999862,-0.4140625,-1.1328125,9.890625,0.0,0.0,0.0,-0.05712890625,0.02099609375,-0.00115966796875,0.9981689453125,0.3515625,-1.04296875,9.75390625,0.0,0.0,0.0,-0.052978515625,-0.01898193359375,0.0010986328125,0.9984130859375,62.841796875,2,11
6.195070682999358,-0.4140625,-1.1328125,9.890625,0.0,0.0,0.0,-0.05712890625,0.02099609375,-0.00115966796875,0.9981689453125,0.3515625,-1.0078125,9.75390625,0.0,0.0,0.0,-0.052978515625,-0.01898193359375,0.0010986328125,0.9984130859375,62.841796875,2,11
6.200067814999784,-0.44921875,-1.1328125,9.89453125,0.0,0.0,0.0,-0.05712890625,0.02099609375,-0.00115966796875,0.9981689453125,0.3515625,-1.0078125,9.75390625,0.0,0.0,0.0,-0.052978515625,-0.01898193359375,0.0010986328125,0.9984130859375,62.841796875,1,11
6.2050615869993635,-0.44921875,-1.1328125,9.89453125,0.0,0.0,0.0,-0.05712890625,0.02099609375,-0.00115966796875,0.9981689453125,0.3515625,-1.0078125,9.75390625,0.0,0.0,0.0,-0.052978515625,-0.01898193359375,0.0010986328125,0.9984130859375,62.9296875,1,11
6.2100697589994525,-0.44921875,-1.1328125,9.89453125,0.0,0.0,0.0,-0.05712890625,0.02099609375,-0.00115966796875,0.9981689453125,0.3515625,-1.0078125,9.75390625,0.0,0.0,0.0,-0.052978515625,-0.01898193359375,0.0010986328125,0.9984130859375,62.841796875,1,14
6.215067371000259,-0.44921875,-1.1328125,9.89453125,0.0,0.0,0.0,-0.05712890625,0.02099609375,-0.00115966796875,0.9981689453125,0.3515625,-1.0078125,9.75390625,0.0,0.0,0.0,-0.052978515625,-0.01898193359375,0.0010986328125,0.9984130859375,62.841796875,1,14
6.2200766320002,-0.44921875,-1.1328125,9.89453125,0.0,0.0,0.0,-0.05712890625,0.02099609375,-0.00115966796875,0.9981689453125,0.3515625,-1.0078125,9.75390625,0.0,0.0,0.0,-0.052978515625,-0.01898193359375,0.0010986328125,0.9984130859375,62.841796875,3,14
6.225065890999758,-0.44921875,-1.1328125,9.89453125,0.0,0.0,0.0,-0.05712890625,0.02099609375,-0.00115966796875,0.9981689453125,0.3515625,-1.0078125,9.75390625,0.0,0.0,0.0,-0.052978515625,-0.01898193359375,0.0010986328125,0.9984130859375,62.841796875,3,14
6.230063950999465,-0.44921875,-1.1328125,9.89453125,0.0,0.0,0.0,-0.05712890625,0.02099609375,-0.00115966796875,0.9981689453125,0.3515625,-1.0078125,9.75390625,0.0,0.0,0.0,-0.052978515625,-0.01898193359375,0.0010986328125,0.9984130859375,62.841796875,3,15
6.235076445000232,-0.44921875,-1.1328125,9.89453125,0.0,0.0,0.0,-0.05712890625,0.02099609375,-0.00115966796875,0.9981689453125,0.3515625,-1.0078125,9.75390625,0.0,0.0,0.0,-0.052978515625,-0.01898193359375,0.0010986328125,0.9984130859375,62.841796875,3,15
6.2400679439997475,-0.44921875,-1.1328125,9.89453125,0.0,0.0,0.0,-0.05712890625,0.02099609375,-0.00115966796875,0.9981689453125,0.3515625,-1.0078125,9.75390625,0.0,0.0,0.0,-0.052978515625,-0.01898193359375,0.0010986328125,0.9984130859375,62.9296875,1,15
6.2450520179991145,-0.44921875,-1.1328125,9.89453125,0.0,0.0,0.0,-0.05712890625,0.02099609375,-0.00115966796875,0.9981689453125,0.3515625,-1.0078125,9.75390625,0.0,0.0,0.0,-0.052978515625,-0.01898193359375,0.0010986328125,0.9984130859375,62.9296875,1,15
6.250061950999225,-0.44921875,-1.1328125,9.89453125,0.0,0.0,0.0,-0.05712890625,0.02099609375,-0.00115966796875,0.9981689453125,0.3515625,-1.0078125,9.75390625,0.0,0.0,0.0,-0.052978515625,-0.01898193359375,0.0010986328125,0.9984130859375,62.841796875,1,15
6.255067500000223,-0.44921875,-1.1328125,9.89453125,0.0,0.0,0.0,-0.05712890625,0.02099609375,-0.00115966796875,0.9981689453125,0.3515625,-1.0078125,9.75390625,0.0,0.0,0.0,-0.052978515625,-0.01898193359375,0.0010986328125,0.9984130859375,62.841796875,1,14
6.260060471999168,-0.44921875,-1.1328125,9.89453125,0.0,0.0,0.0,-0.05712890625,0.02099609375,-0.00115966796875,0.9981689453125,0.3515625,-1.0078125,9.75390625,0.0,0.0,0.0,-0.052978515625,-0.01898193359375,0.0010986328125,0.9984130859375,62.841796875,1,14
6.2650910150005075,-0.4140625,-1.1328125,9.890625,0.0,0.0,0.0,-0.05712890625,0.02099609375,-0.00115966796875,0.9981689453125,0.3515625,-1.0078125,9.75390625,0.0,0.0,0.0,-0.052978515625,-0.01898193359375,0.0010986328125,0.9984130859375,62.841796875,1,14
6.270087569999305,-0.4140625,-1.1328125,9.890625,0.0,0.0,0.0,-0.05712890625,0.02099609375,-0.00115966796875,0.9981689453125,0.3515625,-1.0078125,9.75390625,0.0,0.0,0.0,-0.052978515625,-0.01898193359375,0.0010986328125,0.9984130859375,62.841796875,1,14
6.27507897400028,-0.4140625,-1.1328125,9.890625,0.0,0.0,0.0,-0.05712890625,0.02099609375,-0.00115966796875,0.9981689453125,0.3515625,-1.0078125,9.75390625,0.0,0.0,0.0,-0.052978515625,-0.01898193359375,0.0010986328125,0.9984130859375,62.9296875,1,14
6.280072841000219,-0.4140625,-1.1328125,9.890625,0.0,0.0,0.0,-0.05712890625,0.02099609375,-0.00115966796875,0.9981689453125,0.390625,-1.04296875,9.75,0.0,0.0,0.0,-0.052978515625,-0.01898193359375,0.0010986328125,0.9984130859375,62.841796875,1,14
6.285078261998933,-0.4140625,-1.1328125,9.890625,0.0,0.0,0.0,-0.05712890625,0.02099609375,-0.00115966796875,0.9981689453125,0.390625,-1.04296875,9.75,0.0,0.0,0.0,-0.052978515625,-0.01898193359375,0.0010986328125,0.9984130859375,62.841796875,2,14
6.2901186300005065,-0.4140625,-1.1328125,9.890625,0.0,0.0,0.0,-0.05712890625,0.02099609375,-0.00115966796875,0.9981689453125,0.390625,-1.04296875,9.75,0.0,0.0,0.0,-0.052978515625,-0.01898193359375,0.0010986328125,0.9984130859375,62.841796875,2,14
6.295078381999701,-0.4140625,-1.1328125,9.890625,0.0,0.0,0.0,-0.05712890625,0.02099609375,-0.00115966796875,0.9981689453125,0.390625,-1.04296875,9.75,0.0,0.0,0.0,-0.052978515625,-0.01898193359375,0.0010986328125,0.9984130859375,62.841796875,2,16
6.3001438089995645,-0.4140625,-1.1328125,9.890625,0.0,0.0,0.0,-0.05712890625,0.02099609375,-0.00115966796875,0.9981689453125,0.390625,-1.04296875,9.75,0.0,0.0,0.0,-0.052978515625,-0.01898193359375,0.0010986328125,0.9984130859375,62.841796875,2,16
6.305059971999071,-0.4140625,-1.1328125,9.890625,0.0,0.0,0.0,-0.05712890625,0.02099609375,-0.00115966796875,0.9981689453125,0.390625,-1.04296875,9.75,0.0,0.0,0.0,-0.052978515625,-0.01898193359375,0.0010986328125,0.9984130859375,62.841796875,1,16
6.310070224999436,-0.4140625,-1.1328125,9.890625,0.0,0.0,0.0,-0.05718994140625,0.02105712890625,-0.00115966796875,0.9981689453125,0.390625,-1.04296875,9.75,0.0,0.0,0.0,-0.052978515625,-0.01898193359375,0.0010986328125,0.9984130859375,62.841796875,1,16
6.315070942000602,-0.4140625,-1.1328125,9.890625,0.0,0.0,0.0,-0.05718994140625,0.02105712890625,-0.00115966796875,0.9981689453125,0.390625,-1.04296875,9.75,0.0,0.0,0.0,-0.052978515625,-0.01898193359375,0.0010986328125,0.9984130859375,62.9296875,1,16
6.320078345999718,-0.4140625,-1.1328125,9.890625,0.0,0.0,0.0,-0.05718994140625,0.02105712890625,-0.00115966796875,0.9981689453125,0.390625,-1.04296875,9.75,0.0,0.0,0.0,-0.052978515625,-0.01898193359375,0.0010986328125,0.9984130859375,62.841796875,1,16
6.32506427699991,-0.4140625,-1.1328125,9.890625,0.0,0.0,0.0,-0.05718994140625,0.02105712890625,-0.00115966796875,0.9981689453125,0.390625,-1.04296875,9.75,0.0,0.0,0.0,-0.052978515625,-0.01898193359375,0.0010986328125,0.9984130859375,62.841796875,2,16
6.330071553999005,-0.4140625,-1.1328125,9.890625,0.0,0.0,0.0,-0.05718994140625,0.02105712890625,-0.00115966796875,0.9981689453125,0.390625,-1.04296875,9.75,0.0,0.0,0.0,-0.052978515625,-0.01898193359375,0.0010986328125,0.9984130859375,62.841796875,2,16
6.335070893999728,-0.4140625,-1.1328125,9.890625,0.0,0.0,0.0,-0.05718994140625,0.02105712890625,-0.00115966796875,0.9981689453125,0.390625,-1.04296875,9.75,0.0,0.0,0.0,-0.052978515625,-0.01898193359375,0.0010986328125,0.9984130859375,62.841796875,2,13
6.340060440999878,-0.4140625,-1.1328125,9.890625,0.0,0.0,0.0,-0.05718994140625,0.02105712890625,-0.00115966796875,0.9981689453125,0.390625,-1.04296875,9.75,0.0,0.0,0.0,-0.052978515625,-0.01898193359375,0.0010986328125,0.9984130859375,62.841796875,2,13
6.345067013999142,-0.4140625,-1.1328125,9.890625,0.0,0.0,0.0,-0.05718994140625,0.02105712890625,-0.00115966796875,0.9981689453125,0.390625,-1.04296875,9.75,0.0,0.0,0.0,-0.052978515625,-0.01898193359375,0.0010986328125,0.9984130859375,62.9296875,2,13
6.350072081999315,-0.4140625,-1.1328125,9.890625,0.0,0.0,0.0,-0.05718994140625,0.02105712890625,-0.00115966796875,0.9981689453125,0.390625,-1.04296875,9.75,0.0,0.0,0.0,-0.052978515625,-0.01898193359375,0.0010986328125,0.9984130859375,62.841796875,3,13
6.355065597999783,-0.4140625,-1.1328125,9.890625,0.0,0.0,0.0,-0.05718994140625,0.02105712890625,-0.00115966796875,0.9981689453125,0.390625,-1.04296875,9.75,0.0,0.0,0.0,-0.052978515625,-0.01898193359375,0.0010986328125,0.9984130859375,62.841796875,3,13
6.360064201999194,-0.4140625,-1.1328125,9.890625,0.0,0.0,0.0,-0.05718994140625,0.02105712890625,-0.00115966796875,0.9981689453125,0.3515625,-1.04296875,9.75390625,0.0,0.0,0.0,-0.052978515625,-0.01898193359375,0.0010986328125,0.9984130859375,62.841796875,3,15
6.365070902998923,-0.4140625,-1.1328125,9.890625,0.0,0.0,0.0,-0.05718994140625,0.02105712890625,-0.00115966796875,0.9981689453125,0.3515625,-1.04296875,9.75390625,0.0,0.0,0.0,-0.052978515625,-0.01898193359375,0.0010986328125,0.9984130859375,62.841796875,3,15
6.370066113999201,-0.4140625,-1.1328125,9.890625,0.0,0.0,0.0,-0.05718994140625,0.02105712890625,-0.00115966796875,0.9981689453125,0.3515625,-1.04296875,9.75390625,0.0,0.0,0.0,-0.052978515625,-0.01898193359375,0.0010986328125,0.9984130859375,62.841796875,3,15
6.375062541999796,-0.4140625,-1.1328125,9.890625,0.0,0.0,0.0,-0.05718994140625,0.02105712890625,-0.00115966796875,0.9981689453125,0.3515625,-1.04296875,9.75390625,0.0,0.0,0.0,-0.052978515625,-0.01898193359375,0.0010986328125,0.9984130859375,62.841796875,3,15
6.380058810000264,-0.4140625,-1.1328125,9.890625,0.0,0.0,0.0,-0.05718994140625,0.02105712890625,-0.00115966796875,0.9981689453125,0.3515625,-1.04296875,9.75390625,0.0,0.0,0.0,-0.052978515625,-0.01898193359375,0.0010986328125,0.9984130859375,62.841796875,3,13
6.385066950999317,-0.4140625,-1.1328125,9.890625,0.0,0.0,0.0,-0.05718994140625,0.02105712890625,-0.00115966796875,0.9981689453125,0.3515625,-1.04296875,9.75390625,0.0,0.0,0.0,-0.052978515625,-0.01898193359375,0.0010986328125,0.9984130859375,62.841796875,3,13
6.390065138999489,-0.4140625,-1.1328125,9.890625,0.0,0.0,0.0,-0.05718994140625,0.02105712890625,-0.00115966796875,0.9981689453125,0.3515625,-1.04296875,9.75390625,0.0,0.0,0.0,-0.052978515625,-0.01898193359375,0.0010986328125,0.9984130859375,62.841796875,1,13
6.39505881399964,-0.4140625,-1.1328125,9.890625,0.0,0.0,0.0,-0.05718994140625,0.02105712890625,-0.00115966796875,0.9981689453125,0.3515625,-1.04296875,9.75390625,0.0,0.0,0.0,-0.052978515625,-0.01898193359375,0.0010986328125,0.9984130859375,62.841796875,1,13
6.400071083000512,-0.4140625,-1.1328125,9.890625,0.0,0.0,0.0,-0.05718994140625,0.02105712890625,-0.00115966796875,0.9981689453125,0.3515625,-1.04296875,9.75390625,0.0,0.0,0.0,-0.052978515625,-0.01898193359375,0.0010986328125,0.9984130859375,62.9296875,1,13
6.405069430998992,-0.4140625,-1.1328125,9.890625,0.0,0.0,0.0,-0.05718994140625,0.02105712890625,-0.00115966796875,0.9981689453125,0.3515625,-1.04296875,9.75390625,0.0,0.0,0.0,-0.052978515625,-0.01898193359375,0.0010986328125,0.9984130859375,62.841796875,1,13
6.410060098000031,-0.4140625,-1.1328125,9.890625,0.0,0.0,0.0,-0.05718994140625,0.02105712890625,-0.00115966796875,0.9981689453125,0.3515625,-1.04296875,9.75390625,0.0,0.0,0.0,-0.052978515625,-0.01898193359375,0.0010986328125,0.9984130859375,62.841796875,0,13
6.415058638000119,-0.4140625,-1.1328125,9.890625,0.0,0.0,0.0,-0.05718994140625,0.02105712890625,-0.00115966796875,0.9981689453125,0.3515625,-1.04296875,9.75390625,0.0,0.0,0.0,-0.052978515625,-0.01898193359375,0.0010986328125,0.9984130859375,62.841796875,0,13
6.420067867000398,-0.4140625,-1.1328125,9.890625,0.0,0.0,0.0,-0.05718994140625,0.02105712890625,-0.00115966796875,0.9981689453125,0.3515625,-1.04296875,9.75390625,0.0,0.0,0.0,-0.052978515625,-0.01898193359375,0.0010986328125,0.9984130859375,62.841796875,0,12
6.425078280999514,-0.4140625,-1.1328125,9.890625,0.0,0.0,0.0,-0.05718994140625,0.02105712890625,-0.00115966796875,0.9981689453125,0.3515625,-1.04296875,9.75390625,0.0,0.0,0.0,-0.052978515625,-0.0189208984375,0.0010986328125,0.9984130859375,62.841796875,0,12
6.430397075999281,-0.4140625,-1.1328125,9.890625,0.0,0.0,0.0,-0.05718994140625,0.02105712890625,-0.00115966796875,0.9981689453125,0.3515625,-1.04296875,9.75390625,0.0,0.0,0.0,-0.052978515625,-0.0189208984375,0.0010986328125,0.9984130859375,62.841796875,0,12
6.435125796999273,-0.4140625,-1.1328125,9.890625,0.0,0.0,0.0,-0.05718994140625,0.02105712890625,-0.00115966796875,0.9981689453125,0.3515625,-1.04296875,9.75390625,0.0,0.0,0.0,-0.052978515625,-0.0189208984375,0.0010986328125,0.9984130859375,62.9296875,0,12
6.440091181999378,-0.4140625,-1.1328125,9.890625,0.0,0.0,0.0,-0.05718994140625,0.02105712890625,-0.00115966796875,0.9981689453125,0.3515625,-1.04296875,9.75390625,0.0,0.0,0.0,-0.052978515625,-0.0189208984375,0.0010986328125,0.9984130859375,62.841796875,0,12
6.445064120000097,-0.4140625,-1.1328125,9.890625,0.0,0.0,0.0,-0.05718994140625,0.02105712890625,-0.00115966796875,0.9981689453125,0.3515625,-1.04296875,9.75390625,0.0,0.0,0.0,-0.052978515625,-0.0189208984375,0.0010986328125,0.9984130859375,62.841796875,0,13
6.450066499999593,-0.4140625,-1.1328125,9.890625,0.0,0.0,0.0,-0.05718994140625,0.02105712890625,-0.00115966796875,0.9981689453125,0.3515625,-1.04296875,9.75390625,0.0,0.0,0.0,-0.052978515625,-0.0189208984375,0.0010986328125,0.9984130859375,62.841796875,0,13
6.455062416000146,-0.4140625,-1.1328125,9.890625,0.0,0.0,0.0,-0.05718994140625,0.02105712890625,-0.00115966796875,0.9981689453125,0.3515625,-1.04296875,9.75390625,0.0,0.0,0.0,-0.052978515625,-0.0189208984375,0.0010986328125,0.9984130859375,62.841796875,0,13
6.460063803999219,-0.4140625,-1.1328125,9.890625,0.0,0.0,0.0,-0.05718994140625,0.02105712890625,-0.00115966796875,0.9981689453125,0.390625,-1.04296875,9.75,0.0,0.0,0.0,-0.052978515625,-0.0189208984375,0.0010986328125,0.9984130859375,62.9296875,2,13
6.465073768998991,-0.4140625,-1.1328125,9.890625,0.0,0.0,0.0,-0.05718994140625,0.02105712890625,-0.00115966796875,0.9981689453125,0.390625,-1.04296875,9.75,0.0,0.0,0.0,-0.052978515625,-0.0189208984375,0.0010986328125,0.9984130859375,62.841796875,2,12
6.47007074099929,-0.4140625,-1.1328125,9.890625,0.0,0.0,0.0,-0.05718994140625,0.02105712890625,-0.00115966796875,0.9981689453125,0.390625,-1.04296875,9.75,0.0,0.0,0.0,-0.052978515625,-0.0189208984375,0.0010986328125,0.9984130859375,62.841796875,2,12
6.4750639039993985,-0.4140625,-1.1328125,9.890625,0.0,0.0,0.0,-0.05718994140625,0.02105712890625,-0.00115966796875,0.9981689453125,0.390625,-1.04296875,9.75,0.0,0.0,0.0,-0.052978515625,-0.0189208984375,0.0010986328125,0.9984130859375,62.841796875,2,12
6.480065163999825,-0.4140625,-1.1328125,9.890625,0.0,0.0,0.0,-0.05718994140625,0.02105712890625,-0.00115966796875,0.9981689453125,0.390625,-1.04296875,9.75,0.0,0.0,0.0,-0.052978515625,-0.0189208984375,0.0010986328125,0.9984130859375,62.841796875,2,16
6.48510188399996,-0.4140625,-1.1328125,9.890625,0.0,0.0,0.0,-0.05718994140625,0.02105712890625,-0.00115966796875,0.9981689453125,0.390625,-1.04296875,9.75,0.0,0.0,0.0,-0.052978515625,-0.0189208984375,0.0010986328125,0.9984130859375,62.841796875,2,16
6.490066596999895,-0.4140625,-1.1328125,9.890625,0.0,0.0,0.0,-0.05718994140625,0.02105712890625,-0.00115966796875,0.9981689453125,0.390625,-1.04296875,9.75,0.0,0.0,0.0,-0.052978515625,-0.0189208984375,0.0010986328125,0.9984130859375,62.841796875,4,16
6.495059247999961,-0.4140625,-1.1328125,9.890625,0.0,0.0,0.0,-0.05718994140625,0.02105712890625,-0.00115966796875,0.9981689453125,0.390625,-1.04296875,9.75,0.0,0.0,0.0,-0.052978515625,-0.0189208984375,0.0010986328125,0.9984130859375,62.841796875,4,16
6.500062107999838,-0.4140625,-1.1328125,9.890625,0.0,0.0,0.0,-0.05718994140625,0.02105712890625,-0.00115966796875,0.9981689453125,0.390625,-1.04296875,9.75,0.0,0.0,0.0,-0.052978515625,-0.0189208984375,0.0010986328125,0.9984130859375,62.841796875,4,13
6.505088490999697,-0.4140625,-1.1328125,9.890625,0.0,0.0,0.0,-0.05718994140625,0.02105712890625,-0.00115966796875,0.9981689453125,0.390625,-1.04296875,9.75,0.0,0.0,0.0,-0.052978515625,-0.0189208984375,0.0010986328125,0.9984130859375,62.9296875,4,13
6.510066676999486,-0.4140625,-1.1328125,9.890625,0.0,0.0,0.0,-0.05718994140625,0.02105712890625,-0.00115966796875,0.9981689453125,0.390625,-1.04296875,9.75,0.0,0.0,0.0,-0.052978515625,-0.0189208984375,0.0010986328125,0.9984130859375,62.841796875,3,13
6.515060256999277,-0.4140625,-1.1328125,9.890625,0.0,0.0,0.0,-0.05718994140625,0.02105712890625,-0.00115966796875,0.9981689453125,0.390625,-1.04296875,9.75,0.0,0.0,0.0,-0.052978515625,-0.0189208984375,0.0010986328125,0.9984130859375,62.841796875,3,13
6.520059885000592,-0.4140625,-1.1328125,9.890625,0.0,0.0,0.0,-0.05712890625,0.02105712890625,-0.00115966796875,0.9981689453125,0.390625,-1.04296875,9.75,0.0,0.0,0.0,-0.052978515625,-0.0189208984375,0.0010986328125,0.9984130859375,62.841796875,3,13
6.525065752999581,-0.4140625,-1.1328125,9.890625,0.0,0.0,0.0,-0.05712890625,0.02105712890625,-0.00115966796875,0.9981689453125,0.390625,-1.04296875,9.75,0.0,0.0,0.0,-0.052978515625,-0.0189208984375,0.0010986328125,0.9984130859375,62.841796875,3,13
6.530069221998929,-0.4140625,-1.1328125,9.890625,0.0,0.0,0.0,-0.05712890625,0.02105712890625,-0.00115966796875,0.9981689453125,0.390625,-1.04296875,9.75,0.0,0.0,0.0,-0.052978515625,-0.0189208984375,0.0010986328125,0.9984130859375,62.841796875,2,13
6.535065009000391,-0.4140625,-1.1328125,9.890625,0.0,0.0,0.0,-0.05712890625,0.02105712890625,-0.00115966796875,0.9981689453125,0.390625,-1.04296875,9.75,0.0,0.0,0.0,-0.052978515625,-0.0189208984375,0.0010986328125,0.9984130859375,62.841796875,2,13
6.540061149000394,-0.4140625,-1.1328125,9.890625,0.0,0.0,0.0,-0.05712890625,0.02105712890625,-0.00115966796875,0.9981689453125,0.390625,-1.04296875,9.75,0.0,0.0,0.0,-0.052978515625,-0.0189208984375,0.0010986328125,0.9984130859375,62.9296875,2,14
6.545096300998921,-0.4140625,-1.1328125,9.890625,0.0,0.0,0.0,-0.05712890625,0.0211181640625,-0.00115966796875,0.9981689453125,0.390625,-1.04296875,9.75,0.0,0.0,0.0,-0.052978515625,-0.0189208984375,0.0010986328125,0.9984130859375,62.841796875,2,14
6.550071989999196,-0.4140625,-1.1328125,9.890625,0.0,0.0,0.0,-0.05712890625,0.0211181640625,-0.00115966796875,0.9981689453125,0.390625,-1.04296875,9.75,0.0,0.0,0.0,-0.052978515625,-0.0189208984375,0.0010986328125,0.9984130859375,62.841796875,2,14
6.555061344999558,-0.4140625,-1.1328125,9.890625,0.0,0.0,0.0,-0.05712890625,0.0211181640625,-0.00115966796875,0.9981689453125,0.3515625,-1.04296875,9.75390625,0.0,0.0,0.0,-0.052978515625,-0.0189208984375,0.0010986328125,0.9984130859375,62.841796875,2,14
6.560065358000429,-0.4140625,-1.1328125,9.890625,0.0,0.0,0.0,-0.05712890625,0.0211181640625,-0.00115966796875,0.9981689453125,0.3515625,-1.04296875,9.75390625,0.0,0.0,0.0,-0.052978515625,-0.0189208984375,0.0010986328125,0.9984130859375,62.841796875,2,15
6.565065721999417,-0.4140625,-1.1328125,9.890625,0.0,0.0,0.0,-0.05712890625,0.0211181640625,-0.00115966796875,0.9981689453125,0.3515625,-1.04296875,9.75390625,0.0,0.0,0.0,-0.052978515625,-0.0189208984375,0.0010986328125,0.9984130859375,62.841796875,2,15
6.570068005999929,-0.4140625,-1.1328125,9.890625,0.0,0.0,0.0,-0.05712890625,0.0211181640625,-0.00115966796875,0.9981689453125,0.3515625,-1.04296875,9.75390625,0.0,0.0,0.0,-0.052978515625,-0.0189208984375,0.0010986328125,0.9984130859375,62.841796875,1,15
6.575059921999127,-0.4140625,-1.1328125,9.890625,0.0,0.0,0.0,-0.05712890625,0.0211181640625,-0.00115966796875,0.9981689453125,0.3515625,-1.04296875,9.75390625,0.0,0.0,0.0,-0.052978515625,-0.0189208984375,0.0010986328125,0.9984130859375,62.841796875,1,15
6.580088544998944,-0.4140625,-1.1328125,9.890625,0.0,0.0,0.0,-0.05712890625,0.0211181640625,-0.00115966796875,0.9981689453125,0.3515625,-1.04296875,9.75390625,0.0,0.0,0.0,-0.052978515625,-0.0189208984375,0.0010986328125,0.9984130859375,62.841796875,1,14
6.585090988999582,-0.44921875,-1.1328125,9.89453125,0.0,0.0,0.0,-0.05712890625,0.0211181640625,-0.00115966796875,0.9981689453125,0.3515625,-1.04296875,9.75390625,0.0,0.0,0.0,-0.052978515625,-0.0189208984375,0.0010986328125,0.9984130859375,62.841796875,1,14
6.590089560999331,-0.44921875,-1.1328125,9.89453125,0.0,0.0,0.0,-0.05712890625,0.0211181640625,-0.00115966796875,0.9981689453125,0.3515625,-1.04296875,9.75390625,0.0,0.0,0.0,-0.052978515625,-0.0189208984375,0.0010986328125,0.9984130859375,62.841796875,2,14
6.595085797000138,-0.44921875,-1.1328125,9.89453125,0.0,0.0,0.0,-0.05712890625,0.0211181640625,-0.00115966796875,0.9981689453125,0.3515625,-1.04296875,9.75390625,0.0,0.0,0.0,-0.052978515625,-0.0189208984375,0.0010986328125,0.9984130859375,62.841796875,2,14
6.600094929999614,-0.44921875,-1.1328125,9.89453125,0.0,0.0,0.0,-0.05712890625,0.0211181640625,-0.00115966796875,0.9981689453125,0.3515625,-1.04296875,9.75390625,0.0,0.0,0.0,-0.052978515625,-0.0189208984375,0.0010986328125,0.9984130859375,62.841796875,2,14
6.605066906999127,-0.44921875,-1.1328125,9.89453125,0.0,0.0,0.0,-0.05712890625,0.0211181640625,-0.00115966796875,0.9981689453125,0.3515625,-1.04296875,9.75390625,0.0,0.0,0.0,-0.052978515625,-0.0189208984375,0.0010986328125,0.9984130859375,62.841796875,2,14
6.610082664999936,-0.44921875,-1.1328125,9.89453125,0.0,0.0,0.0,-0.05712890625,0.0211181640625,-0.00115966796875,0.9981689453125,0.3515625,-1.04296875,9.75390625,0.0,0.0,0.0,-0.052978515625,-0.0189208984375,0.0010986328125,0.9984130859375,62.9296875,3,14
6.615087509000659,-0.44921875,-1.1328125,9.89453125,0.0,0.0,0.0,-0.05712890625,0.0211181640625,-0.00115966796875,0.9981689453125,0.3515625,-1.04296875,9.75390625,0.0,0.0,0.0,-0.052978515625,-0.0189208984375,0.0010986328125,0.9984130859375,62.841796875,3,14
6.620069438999053,-0.44921875,-1.1328125,9.89453125,0.0,0.0,0.0,-0.05712890625,0.0211181640625,-0.00115966796875,0.9981689453125,0.3515625,-1.04296875,9.75390625,0.0,0.0,0.0,-0.052978515625,-0.0189208984375,0.0010986328125,0.9984130859375,62.841796875,3,14
6.625064714999098,-0.44921875,-1.1328125,9.89453125,0.0,0.0,0.0,-0.05712890625,0.0211181640625,-0.00115966796875,0.9981689453125,0.3515625,-1.0078125,9.75390625,0.0,0.0,0.0,-0.052978515625,-0.0189208984375,0.0010986328125,0.9984130859375,62.841796875,3,15
6.630065239000032,-0.4140625,-1.1328125,9.890625,0.0,0.0,0.0,-0.05712890625,0.0211181640625,-0.00115966796875,0.9981689453125,0.3515625,-1.0078125,9.75390625,0.0,0.0,0.0,-0.052978515625,-0.0189208984375,0.0010986328125,0.9984130859375,62.841796875,3,15
6.635078852999868,-0.4140625,-1.1328125,9.890625,0.0,0.0,0.0,-0.05712890625,0.0211181640625,-0.00115966796875,0.9981689453125,0.3515625,-1.0078125,9.75390625,0.0,0.0,0.0,-0.052978515625,-0.0189208984375,0.0010986328125,0.9984130859375,62.841796875,2,15
6.6400744799993845,-0.4140625,-1.1328125,9.890625,0.0,0.0,0.0,-0.05712890625,0.0211181640625,-0.00115966796875,0.9981689453125,0.3515625,-1.04296875,9.75390625,0.0,0.0,0.0,-0.052978515625,-0.0189208984375,0.0010986328125,0.9984130859375,62.841796875,2,16
6.6450695319999795,-0.4140625,-1.1328125,9.890625,0.0,0.0,0.0,-0.05712890625,0.0211181640625,-0.00115966796875,0.9981689453125,0.3515625,-1.04296875,9.75390625,0.0,0.0,0.0,-0.052978515625,-0.0189208984375,0.0010986328125,0.9984130859375,62.841796875,2,16
6.650066919999517,-0.4140625,-1.1328125,9.890625,0.0,0.0,0.0,-0.05712890625,0.0211181640625,-0.00115966796875,0.9981689453125,0.3515625,-1.04296875,9.75390625,0.0,0.0,0.0,-0.052978515625,-0.0189208984375,0.0010986328125,0.9984130859375,62.9296875,2,16
6.655060531000345,-0.4140625,-1.1328125,9.890625,0.0,0.0,0.0,-0.05712890625,0.0211181640625,-0.00115966796875,0.9981689453125,0.3515625,-1.04296875,9.75390625,0.0,0.0,0.0,-0.052978515625,-0.0189208984375,0.0010986328125,0.9984130859375,62.841796875,2,16
6.660089537999738,-0.4140625,-1.1328125,9.890625,0.0,0.0,0.0,-0.05712890625,0.0211181640625,-0.00115966796875,0.9981689453125,0.3515625,-1.04296875,9.75390625,0.0,0.0,0.0,-0.052978515625,-0.0189208984375,0.0010986328125,0.9984130859375,62.841796875,2,16
6.665073804999338,-0.4140625,-1.1328125,9.890625,0.0,0.0,0.0,-0.05712890625,0.0211181640625,-0.00115966796875,0.9981689453125,0.3515625,-1.04296875,9.75390625,0.0,0.0,0.0,-0.052978515625,-0.0189208984375,0.0010986328125,0.9984130859375,62.841796875,2,17
6.670059607000439,-0.4140625,-1.1328125,9.890625,0.0,0.0,0.0,-0.05712890625,0.0211181640625,-0.00115966796875,0.9981689453125,0.3515625,-1.04296875,9.75390625,0.0,0.0,0.0,-0.052978515625,-0.0189208984375,0.0010986328125,0.9984130859375,62.841796875,2,17
6.675068739999915,-0.4140625,-1.1328125,9.890625,0.0,0.0,0.0,-0.05712890625,0.0211181640625,-0.00115966796875,0.9981689453125,0.3515625,-1.04296875,9.75390625,0.0,0.0,0.0,-0.052978515625,-0.0189208984375,0.0010986328125,0.9984130859375,62.841796875,0,17
6.680077008999433,-0.4140625,-1.171875,9.89453125,0.0,0.0,0.0,-0.05712890625,0.0211181640625,-0.00115966796875,0.9981689453125,0.3515625,-1.04296875,9.75390625,0.0,0.0,0.0,-0.052978515625,-0.0189208984375,0.0010986328125,0.9984130859375,62.841796875,0,21
6.685067132999393,-0.4140625,-1.171875,9.89453125,0.0,0.0,0.0,-0.05712890625,0.0211181640625,-0.00115966796875,0.9981689453125,0.3515625,-1.04296875,9.75390625,0.0,0.0,0.0,-0.052978515625,-0.0189208984375,0.0010986328125,0.9984130859375,62.841796875,0,21
6.690064039999925,-0.4140625,-1.171875,9.89453125,0.0,0.0,0.0,-0.05712890625,0.0211181640625,-0.00115966796875,0.9981689453125,0.3515625,-1.04296875,9.75390625,0.0,0.0,0.0,-0.052978515625,-0.0189208984375,0.0010986328125,0.9984130859375,62.841796875,3,21
6.695156413999939,-0.4140625,-1.171875,9.89453125,0.0,0.0,0.0,-0.05712890625,0.0211181640625,-0.00115966796875,0.9981689453125,0.3515625,-1.04296875,9.75390625,0.0,0.0,0.0,-0.052978515625,-0.0189208984375,0.0010986328125,0.9984130859375,62.841796875,3,21
6.700069632999657,-0.4140625,-1.171875,9.89453125,0.0,0.0,0.0,-0.05712890625,0.0211181640625,-0.00115966796875,0.9981689453125,0.3515625,-1.04296875,9.75390625,0.0,0.0,0.0,-0.052978515625,-0.0189208984375,0.0010986328125,0.9984130859375,62.841796875,3,21
6.705062635999639,-0.4140625,-1.171875,9.89453125,0.0,0.0,0.0,-0.05712890625,0.0211181640625,-0.00115966796875,0.9981689453125,0.3515625,-1.04296875,9.75390625,0.0,0.0,0.0,-0.052978515625,-0.0189208984375,0.0010986328125,0.9984130859375,62.841796875,3,19
6.710062169000594,-0.4140625,-1.171875,9.89453125,0.0,0.0,0.0,-0.05712890625,0.0211181640625,-0.00115966796875,0.9981689453125,0.3515625,-1.04296875,9.75390625,0.0,0.0,0.0,-0.052978515625,-0.0189208984375,0.0010986328125,0.9984130859375,62.841796875,1,19
6.715073510000366,-0.4140625,-1.171875,9.89453125,0.0,0.0,0.0,-0.05712890625,0.0211181640625,-0.00115966796875,0.9981689453125,0.3515625,-1.04296875,9.75390625,0.0,0.0,0.0,-0.052978515625,-0.0189208984375,0.0010986328125,0.9984130859375,62.841796875,1,19
6.720082579000518,-0.4140625,-1.1328125,9.890625,0.0,0.0,0.0,-0.05712890625,0.0211181640625,-0.00115966796875,0.9981689453125,0.390625,-1.04296875,9.75,0.0,0.0,0.0,-0.052978515625,-0.0189208984375,0.0010986328125,0.9984130859375,62.9296875,1,19
6.725065308999547,-0.4140625,-1.1328125,9.890625,0.0,0.0,0.0,-0.05712890625,0.0211181640625,-0.00115966796875,0.9981689453125,0.390625,-1.04296875,9.75,0.0,0.0,0.0,-0.052978515625,-0.0189208984375,0.0010986328125,0.9984130859375,62.841796875,1,19
6.730063688999508,-0.4140625,-1.1328125,9.890625,0.0,0.0,0.0,-0.05712890625,0.0211181640625,-0.00115966796875,0.9981689453125,0.390625,-1.04296875,9.75,0.0,0.0,0.0,-0.052978515625,-0.0189208984375,0.0010986328125,0.9984130859375,62.841796875,3,19
6.73506462899968,-0.4140625,-1.1328125,9.890625,0.0,0.0,0.0,-0.05712890625,0.0211181640625,-0.00115966796875,0.9981689453125,0.390625,-1.04296875,9.75,0.0,0.0,0.0,-0.052978515625,-0.0189208984375,0.0010986328125,0.9984130859375,62.841796875,3,19
6.74007021000034,-0.4140625,-1.1328125,9.890625,0.0,0.0,0.0,-0.05712890625,0.0211181640625,-0.00115966796875,0.9981689453125,0.390625,-1.04296875,9.75,0.0,0.0,0.0,-0.052978515625,-0.0189208984375,0.0010986328125,0.9984130859375,62.841796875,3,21
6.745059789000152,-0.4140625,-1.1328125,9.890625,0.0,0.0,0.0,-0.05712890625,0.0211181640625,-0.00115966796875,0.9981689453125,0.390625,-1.04296875,9.75,0.0,0.0,0.0,-0.052978515625,-0.0189208984375,0.0010986328125,0.9984130859375,62.841796875,3,21
6.750064441999712,-0.4140625,-1.1328125,9.890625,0.0,0.0,0.0,-0.05706787109375,0.0211181640625,-0.00115966796875,0.9981689453125,0.390625,-1.04296875,9.75,0.0,0.0,0.0,-0.052978515625,-0.0189208984375,0.0010986328125,0.9984130859375,62.841796875,1,21
6.7550747909990605,-0.4140625,-1.1328125,9.890625,0.0,0.0,0.0,-0.05706787109375,0.0211181640625,-0.00115966796875,0.9981689453125,0.390625,-1.04296875,9.75,0.0,0.0,0.0,-0.052978515625,-0.0189208984375,0.0010986328125,0.9984130859375,62.841796875,1,24
6.760080370999276,-0.4140625,-1.1328125,9.890625,0.0,0.0,0.0,-0.05706787109375,0.0211181640625,-0.00115966796875,0.9981689453125,0.390625,-1.04296875,9.75,0.0,0.0,0.0,-0.052978515625,-0.0189208984375,0.0010986328125,0.9984130859375,62.841796875,1,24
6.765070718000061,-0.4140625,-1.1328125,9.890625,0.0,0.0,0.0,-0.05706787109375,0.0211181640625,-0.00115966796875,0.9981689453125,0.390625,-1.04296875,9.75,0.0,0.0,0.0,-0.052978515625,-0.0189208984375,0.0010986328125,0.9984130859375,62.841796875,1,24
6.7700622499996825,-0.4140625,-1.1328125,9.890625,0.0,0.0,0.0,-0.05706787109375,0.0211181640625,-0.00115966796875,0.9981689453125,0.390625,-1.04296875,9.75,0.0,0.0,0.0,-0.052978515625,-0.0189208984375,0.0010986328125,0.9984130859375,62.841796875,1,24
6.77506811800049,-0.4140625,-1.1328125,9.890625,0.0,0.0,0.0,-0.05706787109375,0.0211181640625,-0.00115966796875,0.9981689453125,0.390625,-1.04296875,9.75,0.0,0.0,0.0,-0.052978515625,-0.0189208984375,0.0010986328125,0.9984130859375,62.841796875,1,24
6.780067202000282,-0.4140625,-1.1328125,9.890625,0.0,0.0,0.0,-0.05706787109375,0.0211181640625,-0.00115966796875,0.9981689453125,0.3515625,-1.0078125,9.75390625,0.0,0.0,0.0,-0.052978515625,-0.0189208984375,0.0010986328125,0.9984130859375,62.841796875,1,24
6.785059821999312,-0.4140625,-1.1328125,9.890625,0.0,0.0,0.0,-0.05706787109375,0.0211181640625,-0.00115966796875,0.9981689453125,0.3515625,-1.0078125,9.75390625,0.0,0.0,0.0,-0.052978515625,-0.0189208984375,0.0010986328125,0.9984130859375,62.841796875,1,24
6.790060858000288,-0.44921875,-1.1328125,9.89453125,0.0,0.0,0.0,-0.05706787109375,0.0211181640625,-0.00115966796875,0.9981689453125,0.3515625,-1.0078125,9.75390625,0.0,0.0,0.0,-0.052978515625,-0.0189208984375,0.0010986328125,0.9984130859375,62.841796875,1,23
6.795067687000483,-0.44921875,-1.1328125,9.89453125,0.0,0.0,0.0,-0.05706787109375,0.0211181640625,-0.00115966796875,0.9981689453125,0.3515625,-1.0078125,9.75390625,0.0,0.0,0.0,-0.052978515625,-0.0189208984375,0.0010986328125,0.9984130859375,62.841796875,1,23
6.800063921999026,-0.44921875,-1.1328125,9.89453125,0.0,0.0,0.0,-0.05706787109375,0.0211181640625,-0.00115966796875,0.9981689453125,0.3515625,-1.0078125,9.75390625,0.0,0.0,0.0,-0.052978515625,-0.0189208984375,0.0010986328125,0.9984130859375,62.841796875,3,23
6.80505804600034,-0.44921875,-1.1328125,9.89453125,0.0,0.0,0.0,-0.05706787109375,0.0211181640625,-0.00115966796875,0.9981689453125,0.3515625,-1.0078125,9.75390625,0.0,0.0,0.0,-0.052978515625,-0.0189208984375,0.0010986328125,0.9984130859375,62.841796875,3,23
6.810064011000577,-0.44921875,-1.1328125,9.89453125,0.0,0.0,0.0,-0.05706787109375,0.0211181640625,-0.00115966796875,0.9981689453125,0.3515625,-1.0078125,9.75390625,0.0,0.0,0.0,-0.052978515625,-0.0189208984375,0.0010986328125,0.9984130859375,62.841796875,3,23
6.815064694999819,-0.44921875,-1.1328125,9.89453125,0.0,0.0,0.0,-0.05706787109375,0.0211181640625,-0.00115966796875,0.9981689453125,0.3515625,-1.0078125,9.75390625,0.0,0.0,0.0,-0.052978515625,-0.0189208984375,0.0010986328125,0.9984130859375,62.841796875,3,23
6.820062626999061,-0.44921875,-1.1328125,9.89453125,0.0,0.0,0.0,-0.05706787109375,0.0211181640625,-0.00115966796875,0.9981689453125,0.3515625,-1.0078125,9.75390625,0.0,0.0,0.0,-0.052978515625,-0.0189208984375,0.0010986328125,0.9984130859375,62.841796875,3,23
6.825061039000502,-0.44921875,-1.1328125,9.89453125,0.0,0.0,0.0,-0.05706787109375,0.0211181640625,-0.00115966796875,0.9981689453125,0.3515625,-1.0078125,9.75390625,0.0,0.0,0.0,-0.052978515625,-0.01885986328125,0.0010986328125,0.9984130859375,62.841796875,3,23
6.830104831000426,-0.44921875,-1.1328125,9.89453125,0.0,0.0,0.0,-0.05706787109375,0.0211181640625,-0.00115966796875,0.9981689453125,0.3515625,-1.0078125,9.75390625,0.0,0.0,0.0,-0.052978515625,-0.01885986328125,0.0010986328125,0.9984130859375,62.841796875,3,24
6.835080808999919,-0.44921875,-1.1328125,9.89453125,0.0,0.0,0.0,-0.05706787109375,0.0211181640625,-0.00115966796875,0.9981689453125,0.3515625,-1.0078125,9.75390625,0.0,0.0,0.0,-0.052978515625,-0.01885986328125,0.0010986328125,0.9984130859375,62.841796875,3,24
6.840088597999056,-0.4140625,-1.1328125,9.890625,0.0,0.0,0.0,-0.05706787109375,0.0211181640625,-0.00115966796875,0.9981689453125,0.390625,-1.0078125,9.75,0.0,0.0,0.0,-0.052978515625,-0.01885986328125,0.0010986328125,0.9984130859375,62.9296875,1,24
6.845075072000327,-0.4140625,-1.1328125,9.890625,0.0,0.0,0.0,-0.05706787109375,0.0211181640625,-0.00115966796875,0.9981689453125,0.390625,-1.0078125,9.75,0.0,0.0,0.0,-0.052978515625,-0.01885986328125,0.0010986328125,0.9984130859375,62.841796875,1,24
6.850074316000246,-0.4140625,-1.1328125,9.890625,0.0,0.0,0.0,-0.05706787109375,0.0211181640625,-0.00115966796875,0.9981689453125,0.390625,-1.0078125,9.75,0.0,0.0,0.0,-0.052978515625,-0.01885986328125,0.0010986328125,0.9984130859375,62.841796875,1,24
6.855067799999233,-0.4140625,-1.1328125,9.890625,0.0,0.0,0.0,-0.05706787109375,0.0211181640625,-0.00115966796875,0.9981689453125,0.390625,-1.0078125,9.75,0.0,0.0,0.0,-0.052978515625,-0.01885986328125,0.0010986328125,0.9984130859375,62.841796875,3,24
6.860078532999978,-0.4140625,-1.1328125,9.890625,0.0,0.0,0.0,-0.05706787109375,0.0211181640625,-0.00115966796875,0.9981689453125,0.390625,-1.0078125,9.75,0.0,0.0,0.0,-0.052978515625,-0.01885986328125,0.0010986328125,0.9984130859375,62.841796875,3,24
6.865082385998903,-0.4140625,-1.1328125,9.890625,0.0,0.0,0.0,-0.05706787109375,0.02117919921875,-0.00115966796875,0.9981689453125,0.390625,-1.0078125,9.75,0.0,0.0,0.0,-0.052978515625,-0.01885986328125,0.0010986328125,0.9984130859375,62.841796875,3,23
6.870083805999457,-0.4140625,-1.1328125,9.890625,0.0,0.0,0.0,-0.05706787109375,0.02117919921875,-0.00115966796875,0.9981689453125,0.390625,-1.0078125,9.75,0.0,0.0,0.0,-0.052978515625,-0.01885986328125,0.0010986328125,0.9984130859375,62.841796875,3,23
6.875068776000262,-0.4140625,-1.1328125,9.890625,0.0,0.0,0.0,-0.05706787109375,0.02117919921875,-0.00115966796875,0.9981689453125,0.3515625,-1.0078125,9.75390625,0.0,0.0,0.0,-0.052978515625,-0.01885986328125,0.0010986328125,0.9984130859375,62.841796875,3,23
6.880076212999484,-0.4140625,-1.1328125,9.890625,0.0,0.0,0.0,-0.05706787109375,0.02117919921875,-0.00115966796875,0.9981689453125,0.3515625,-1.0078125,9.75390625,0.0,0.0,0.0,-0.052978515625,-0.01885986328125,0.0010986328125,0.9984130859375,62.841796875,3,21
6.885068064999359,-0.4140625,-1.1328125,9.890625,0.0,0.0,0.0,-0.05706787109375,0.02117919921875,-0.00115966796875,0.9981689453125,0.3515625,-1.0078125,9.75390625,0.0,0.0,0.0,-0.052978515625,-0.01885986328125,0.0010986328125,0.9984130859375,62.841796875,3,21
6.890069516999574,-0.4140625,-1.1328125,9.890625,0.0,0.0,0.0,-0.05706787109375,0.02117919921875,-0.00115966796875,0.9981689453125,0.3515625,-1.0078125,9.75390625,0.0,0.0,0.0,-0.052978515625,-0.01885986328125,0.0010986328125,0.9984130859375,62.841796875,3,21
6.895073880999917,-0.4140625,-1.1328125,9.890625,0.0,0.0,0.0,-0.05706787109375,0.02117919921875,-0.00115966796875,0.9981689453125,0.3515625,-1.0078125,9.75390625,0.0,0.0,0.0,-0.052978515625,-0.01885986328125,0.0010986328125,0.9984130859375,62.841796875,1,21
6.900072452999666,-0.4140625,-1.1328125,9.890625,0.0,0.0,0.0,-0.05706787109375,0.02117919921875,-0.00115966796875,0.9981689453125,0.390625,-1.04296875,9.75,0.0,0.0,0.0,-0.052978515625,-0.01885986328125,0.0010986328125,0.9984130859375,62.841796875,1,21
6.905099476000032,-0.4140625,-1.1328125,9.890625,0.0,0.0,0.0,-0.05706787109375,0.02117919921875,-0.00115966796875,0.9981689453125,0.390625,-1.04296875,9.75,0.0,0.0,0.0,-0.052978515625,-0.01885986328125,0.0010986328125,0.9984130859375,62.841796875,1,21
6.91007327799889,-0.4140625,-1.1328125,9.890625,0.0,0.0,0.0,-0.05706787109375,0.02117919921875,-0.00115966796875,0.9981689453125,0.390625,-1.04296875,9.75,0.0,0.0,0.0,-0.052978515625,-0.01885986328125,0.0010986328125,0.9984130859375,62.841796875,1,22
6.91571175199897,-0.4140625,-1.1328125,9.890625,0.0,0.0,0.0,-0.05706787109375,0.02117919921875,-0.00115966796875,0.9981689453125,0.390625,-1.04296875,9.75,0.0,0.0,0.0,-0.052978515625,-0.01885986328125,0.0010986328125,0.9984130859375,62.841796875,2,22
6.920091832000253,-0.4140625,-1.1328125,9.890625,0.0,0.0,0.0,-0.05706787109375,0.02117919921875,-0.00115966796875,0.9981689453125,0.390625,-1.04296875,9.75,0.0,0.0,0.0,-0.052978515625,-0.01885986328125,0.0010986328125,0.9984130859375,62.841796875,2,22
6.925090147999072,-0.4140625,-1.1328125,9.890625,0.0,0.0,0.0,-0.05706787109375,0.02117919921875,-0.00115966796875,0.9981689453125,0.390625,-1.04296875,9.75,0.0,0.0,0.0,-0.052978515625,-0.01885986328125,0.0010986328125,0.9984130859375,62.841796875,2,23
6.930142805000287,-0.4140625,-1.1328125,9.890625,0.0,0.0,0.0,-0.05706787109375,0.02117919921875,-0.00115966796875,0.9981689453125,0.3515625,-1.04296875,9.75390625,0.0,0.0,0.0,-0.052978515625,-0.01885986328125,0.0010986328125,0.9984130859375,62.841796875,1,23
6.93506965800043,-0.4140625,-1.1328125,9.890625,0.0,0.0,0.0,-0.05706787109375,0.02117919921875,-0.00115966796875,0.9981689453125,0.3515625,-1.04296875,9.75390625,0.0,0.0,0.0,-0.052978515625,-0.01885986328125,0.0010986328125,0.9984130859375,62.841796875,1,23
6.940064420999988,-0.4140625,-1.1328125,9.890625,0.0,0.0,0.0,-0.05706787109375,0.02117919921875,-0.00115966796875,0.9981689453125,0.3515625,-1.04296875,9.75390625,0.0,0.0,0.0,-0.052978515625,-0.01885986328125,0.0010986328125,0.9984130859375,62.841796875,1,25
6.945060272999399,-0.4140625,-1.1328125,9.890625,0.0,0.0,0.0,-0.05706787109375,0.02117919921875,-0.00115966796875,0.9981689453125,0.3515625,-1.04296875,9.75390625,0.0,0.0,0.0,-0.052978515625,-0.01885986328125,0.0010986328125,0.9984130859375,62.841796875,1,25
6.950070270000651,-0.4140625,-1.1328125,9.890625,0.0,0.0,0.0,-0.05706787109375,0.02117919921875,-0.00115966796875,0.9981689453125,0.3515625,-1.04296875,9.75390625,0.0,0.0,0.0,-0.052978515625,-0.01885986328125,0.0010986328125,0.9984130859375,62.841796875,3,25
6.955064936999406,-0.4140625,-1.1328125,9.890625,0.0,0.0,0.0,-0.05706787109375,0.02117919921875,-0.00115966796875,0.9981689453125,0.3515625,-1.04296875,9.75390625,0.0,0.0,0.0,-0.052978515625,-0.01885986328125,0.0010986328125,0.9984130859375,62.841796875,3,25
6.960066452998944,-0.4140625,-1.1328125,9.890625,0.0,0.0,0.0,-0.05706787109375,0.02117919921875,-0.00115966796875,0.9981689453125,0.3515625,-1.04296875,9.75390625,0.0,0.0,0.0,-0.052978515625,-0.01885986328125,0.0010986328125,0.9984130859375,62.841796875,3,25
6.965070976999414,-0.4140625,-1.1328125,9.890625,0.0,0.0,0.0,-0.05706787109375,0.02117919921875,-0.00115966796875,0.9981689453125,0.3515625,-1.04296875,9.75390625,0.0,0.0,0.0,-0.052978515625,-0.01885986328125,0.0010986328125,0.9984130859375,62.841796875,3,25
6.9700669560006645,-0.4140625,-1.1328125,9.890625,0.0,0.0,0.0,-0.05706787109375,0.02117919921875,-0.00115966796875,0.9981689453125,0.3515625,-1.04296875,9.75390625,0.0,0.0,0.0,-0.052978515625,-0.01885986328125,0.0010986328125,0.9984130859375,62.841796875,3,25
6.975073751998934,-0.4140625,-1.1328125,9.890625,0.0,0.0,0.0,-0.05706787109375,0.02117919921875,-0.00115966796875,0.9981689453125,0.3515625,-1.04296875,9.75390625,0.0,0.0,0.0,-0.052978515625,-0.01885986328125,0.0010986328125,0.9984130859375,62.841796875,3,25
6.980082564999975,-0.4140625,-1.1328125,9.890625,0.0,0.0,0.0,-0.05706787109375,0.02117919921875,-0.00115966796875,0.9981689453125,0.3515625,-1.04296875,9.75390625,0.0,0.0,0.0,-0.052978515625,-0.01885986328125,0.0010986328125,0.9984130859375,62.9296875,3,26
