timestamp_s,foot_ax,foot_ay,foot_az,foot_gx,foot_gy,foot_gz,foot_qi,foot_qj,foot_qk,foot_qr,shank_ax,shank_ay,shank_az,shank_gx,shank_gy,shank_gz,shank_qi,shank_qj,shank_qk,shank_qr,ankle_encoder_deg,toe_fsr_raw,heel_fsr_raw
0.0024577249999993,,,,,,,,,,,,,,,,,,,,,,,
0.005069753000000787,,,,,,,,,,,,,,,,,,,,,254.619140625,,
0.010064627999994968,,,,,,,,,,,,,,,,,,,,,254.619140625,,
0.015067439000006289,,,,,,,,,,,,,,,,,,,,,254.619140625,2,0
0.02007652100000712,,,,,,,,,,,9.0859375,-1.734375,2.890625,0.0,0.0,0.0,-0.07098388671875,-0.58795166015625,0.0518798828125,0.8040771484375,254.619140625,2,0
0.02505715600000258,,,,,,,,,,,9.0859375,-1.734375,2.890625,0.0,0.0,0.0,-0.07098388671875,-0.58795166015625,0.0518798828125,0.8040771484375,254.619140625,2,0
0.03005721499999936,,,,,,,,,,,9.0859375,-1.734375,2.890625,0.0,0.0,0.0,-0.07098388671875,-0.58795166015625,0.0518798828125,0.8040771484375,254.619140625,2,0
0.03505839299999991,,,,,,,,,,,9.0859375,-1.734375,2.890625,0.0,0.0,0.0,-0.07098388671875,-0.58795166015625,0.0518798828125,0.8040771484375,254.619140625,2,0
0.040072404000000006,,,,,,,,,,,9.0859375,-1.734375,2.890625,0.0,0.0,0.0,-0.07098388671875,-0.58795166015625,0.0518798828125,0.8040771484375,254.619140625,2,713
0.04506820599999628,8.1640625,-4.046875,2.95703125,0.001953125,0.001953125,0.001953125,-0.17486572265625,-0.55999755859375,0.12969970703125,0.79937744140625,9.0859375,-1.734375,2.890625,0.0,0.0,0.0,-0.07098388671875,-0.58795166015625,0.0518798828125,0.8040771484375,254.619140625,2,713
0.05006676099999652,8.1640625,-4.046875,2.95703125,0.001953125,0.001953125,0.001953125,-0.17486572265625,-0.55999755859375,0.12969970703125,0.79937744140625,9.0859375,-1.734375,2.890625,0.0,0.0,0.0,-0.07098388671875,-0.58795166015625,0.0518798828125,0.8040771484375,254.619140625,3,713
0.05506838799999514,8.1640625,-4.046875,2.95703125,0.001953125,0.001953125,0.001953125,-0.17486572265625,-0.55999755859375,0.12969970703125,0.79937744140625,9.0859375,-1.734375,2.890625,0.0,0.0,0.0,-0.07098388671875,-0.58795166015625,0.0518798828125,0.8040771484375,254.619140625,3,713
0.060063773999999626,8.1640625,-4.046875,2.95703125,0.001953125,0.001953125,0.001953125,-0.17486572265625,-0.55999755859375,0.12969970703125,0.79937744140625,9.0859375,-1.734375,2.890625,0.0,0.0,0.0,-0.07098388671875,-0.58795166015625,0.0518798828125,0.8040771484375,254.619140625,3,713
0.06506450499999517,8.1640625,-4.046875,2.95703125,0.001953125,0.001953125,0.001953125,-0.17486572265625,-0.55999755859375,0.12969970703125,0.79937744140625,9.0859375,-1.734375,2.890625,0.001953125,0.001953125,0.001953125,-0.07098388671875,-0.58795166015625,0.0518798828125,0.8040771484375,254.619140625,3,713
0.07006171599999789,8.12890625,-4.0078125,2.95703125,0.001953125,0.001953125,0.001953125,-0.17486572265625,-0.55999755859375,0.12969970703125,0.79937744140625,9.0859375,-1.734375,2.890625,0.001953125,0.001953125,0.001953125,-0.07098388671875,-0.58795166015625,0.0518798828125,0.8040771484375,254.619140625,3,713
0.075134220999999,8.12890625,-4.0078125,2.95703125,0.001953125,0.001953125,0.001953125,-0.17486572265625,-0.55999755859375,0.12969970703125,0.79937744140625,9.0859375,-1.734375,2.890625,0.001953125,0.001953125,0.001953125,-0.07098388671875,-0.58795166015625,0.0518798828125,0.8040771484375,254.619140625,2,713
0.08009306399999616,8.12890625,-4.0078125,2.95703125,0.001953125,0.001953125,0.001953125,-0.17486572265625,-0.55999755859375,0.12969970703125,0.79937744140625,9.0859375,-1.734375,2.890625,0.001953125,0.001953125,0.001953125,-0.07098388671875,-0.58795166015625,0.0518798828125,0.8040771484375,254.619140625,2,713
0.08506173199999978,8.12890625,-4.0078125,2.95703125,0.001953125,0.001953125,0.001953125,-0.17486572265625,-0.55999755859375,0.12969970703125,0.79937744140625,9.0859375,-1.734375,2.890625,0.001953125,0.001953125,0.001953125,-0.07098388671875,-0.58795166015625,0.0518798828125,0.8040771484375,254.619140625,2,709
0.09017938899999933,8.12890625,-4.0078125,2.95703125,0.001953125,0.001953125,0.001953125,-0.17486572265625,-0.55999755859375,0.12969970703125,0.79937744140625,9.0859375,-1.734375,2.9296875,0.001953125,0.001953125,0.0,-0.0709228515625,-0.58795166015625,0.0518798828125,0.8040771484375,254.619140625,2,709
0.09515637500000196,8.12890625,-4.0078125,2.95703125,0.0,-0.001953125,-0.001953125,-0.17333984375,-0.5615234375,0.12823486328125,0.79888916015625,9.0859375,-1.734375,2.9296875,0.001953125,0.001953125,0.0,-0.0709228515625,-0.58795166015625,0.0518798828125,0.8040771484375,254.619140625,2,709
0.10006504300000074,8.12890625,-4.0078125,2.95703125,0.0,-0.001953125,-0.001953125,-0.17333984375,-0.5615234375,0.12823486328125,0.79888916015625,9.0859375,-1.734375,2.9296875,0.001953125,0.001953125,0.0,-0.0709228515625,-0.58795166015625,0.0518798828125,0.8040771484375,254.619140625,2,709
0.1050686540000072,8.12890625,-4.0078125,2.95703125,0.0,-0.001953125,-0.001953125,-0.17333984375,-0.5615234375,0.12823486328125,0.79888916015625,9.0859375,-1.734375,2.9296875,0.001953125,0.001953125,0.0,-0.0709228515625,-0.58795166015625,0.0518798828125,0.8040771484375,254.619140625,2,715
0.11008103199999653,8.12890625,-4.0078125,2.95703125,0.0,-0.001953125,-0.001953125,-0.17333984375,-0.5615234375,0.12823486328125,0.79888916015625,9.0859375,-1.734375,2.9296875,0.001953125,0.001953125,0.0,-0.0709228515625,-0.58795166015625,0.0518798828125,0.8040771484375,254.619140625,2,715
0.11506739499999696,8.16796875,-4.0078125,2.95703125,-0.00390625,0.0,0.001953125,-0.17333984375,-0.5615234375,0.12823486328125,0.79888916015625,9.0859375,-1.734375,2.9296875,0.001953125,0.001953125,0.0,-0.0709228515625,-0.58795166015625,0.0518798828125,0.8040771484375,254.619140625,3,715
0.12006633400000055,8.16796875,-4.0078125,2.95703125,-0.00390625,0.0,0.001953125,-0.17333984375,-0.5615234375,0.12823486328125,0.79888916015625,9.0859375,-1.734375,2.9296875,0.001953125,0.001953125,0.0,-0.0709228515625,-0.58795166015625,0.0518798828125,0.8040771484375,254.619140625,3,715
0.125064057000003,8.16796875,-4.0078125,2.95703125,-0.00390625,0.0,0.001953125,-0.17333984375,-0.5615234375,0.12823486328125,0.79888916015625,9.08984375,-1.6953125,2.890625,0.0,0.0,0.0,-0.0709228515625,-0.58795166015625,0.0518798828125,0.8040771484375,254.619140625,3,713
0.13006641900000204,8.16796875,-4.0078125,2.95703125,-0.00390625,0.0,0.001953125,-0.17333984375,-0.5615234375,0.12823486328125,0.79888916015625,9.08984375,-1.6953125,2.890625,0.0,0.0,0.0,-0.0709228515625,-0.58795166015625,0.0518798828125,0.8040771484375,254.619140625,3,713
0.1350677260000026,8.16796875,-4.0078125,2.95703125,-0.00390625,0.0,0.001953125,-0.17333984375,-0.5615234375,0.12823486328125,0.79888916015625,9.08984375,-1.6953125,2.890625,0.0,0.0,0.0,-0.0709228515625,-0.58795166015625,0.0518798828125,0.8040771484375,254.619140625,3,713
0.14006707999999435,8.1640625,-4.046875,2.95703125,-0.00390625,0.0,0.001953125,-0.17333984375,-0.5615234375,0.12823486328125,0.798828125,9.08984375,-1.6953125,2.890625,0.0,0.0,0.0,-0.0709228515625,-0.58795166015625,0.0518798828125,0.8040771484375,254.619140625,3,713
0.14506832300000383,8.1640625,-4.046875,2.95703125,-0.00390625,0.0,0.001953125,-0.17333984375,-0.5615234375,0.12823486328125,0.798828125,9.08984375,-1.6953125,2.890625,0.0,0.0,0.0,-0.0709228515625,-0.58795166015625,0.0518798828125,0.8040771484375,254.619140625,3,718
0.15006345400000498,8.1640625,-4.046875,2.95703125,-0.00390625,0.0,0.001953125,-0.17333984375,-0.5615234375,0.12823486328125,0.798828125,9.0859375,-1.734375,2.890625,0.0,0.0,0.0,-0.0709228515625,-0.58795166015625,0.0518798828125,0.8040771484375,254.619140625,3,718
0.15507698400000436,8.1640625,-4.046875,2.95703125,-0.00390625,0.0,0.001953125,-0.17333984375,-0.5615234375,0.12823486328125,0.798828125,9.0859375,-1.734375,2.890625,0.0,0.0,0.0,-0.0709228515625,-0.58795166015625,0.0518798828125,0.8040771484375,254.619140625,2,718
0.1600622910000027,8.1640625,-4.046875,2.95703125,-0.00390625,0.0,0.001953125,-0.17333984375,-0.5615234375,0.12823486328125,0.798828125,9.0859375,-1.734375,2.890625,0.0,0.0,0.0,-0.0709228515625,-0.58795166015625,0.0518798828125,0.8040771484375,254.619140625,2,718
0.16505966200000444,8.1640625,-4.046875,2.95703125,-0.00390625,0.0,0.001953125,-0.17333984375,-0.5615234375,0.12823486328125,0.798828125,9.0859375,-1.734375,2.890625,0.0,0.0,0.0,-0.0709228515625,-0.58795166015625,0.0518798828125,0.8040771484375,254.619140625,2,718
0.17004775300000574,8.16796875,-4.0078125,2.95703125,0.001953125,0.001953125,0.0,-0.17333984375,-0.5615234375,0.12823486328125,0.798828125,9.0859375,-1.734375,2.890625,0.0,0.0,0.0,-0.0709228515625,-0.58795166015625,0.0518798828125,0.8040771484375,254.619140625,2,715
0.17507417900000632,8.16796875,-4.0078125,2.95703125,0.001953125,0.001953125,0.0,-0.17333984375,-0.5615234375,0.12823486328125,0.798828125,9.0859375,-1.734375,2.890625,0.0,0.001953125,0.00390625,-0.0709228515625,-0.58795166015625,0.05194091796875,0.8040771484375,254.619140625,2,715
0.18006370999999888,8.16796875,-4.0078125,2.95703125,0.001953125,0.001953125,0.0,-0.17333984375,-0.5615234375,0.12823486328125,0.798828125,9.0859375,-1.734375,2.890625,0.0,0.001953125,0.00390625,-0.0709228515625,-0.58795166015625,0.05194091796875,0.8040771484375,254.619140625,0,715
0.18509112799999627,8.16796875,-4.0078125,2.95703125,0.001953125,0.001953125,0.0,-0.17333984375,-0.5615234375,0.12823486328125,0.798828125,9.0859375,-1.734375,2.890625,0.0,0.001953125,0.00390625,-0.0709228515625,-0.58795166015625,0.05194091796875,0.8040771484375,254.619140625,0,715
0.19011640200000102,8.16796875,-4.0078125,2.95703125,0.001953125,0.001953125,0.0,-0.17333984375,-0.5615234375,0.12823486328125,0.798828125,9.0859375,-1.734375,2.890625,0.0,0.001953125,0.00390625,-0.0709228515625,-0.58795166015625,0.05194091796875,0.8040771484375,254.619140625,0,715
0.19508964499999593,8.16796875,-4.0078125,2.95703125,0.001953125,0.001953125,0.0,-0.17333984375,-0.5615234375,0.12823486328125,0.79888916015625,9.0859375,-1.734375,2.890625,0.0,0.001953125,0.00390625,-0.0709228515625,-0.58795166015625,0.05194091796875,0.8040771484375,254.619140625,0,709
0.2002885490000068,8.16796875,-4.0078125,2.95703125,0.001953125,0.001953125,0.0,-0.17333984375,-0.5615234375,0.12823486328125,0.79888916015625,9.0859375,-1.734375,2.890625,0.0,0.001953125,0.00390625,-0.0709228515625,-0.58795166015625,0.05194091796875,0.8040771484375,254.619140625,0,709
0.20510483399999657,8.16796875,-4.0078125,2.95703125,0.001953125,0.001953125,0.0,-0.17333984375,-0.5615234375,0.12823486328125,0.79888916015625,9.0859375,-1.734375,2.890625,0.001953125,0.001953125,0.001953125,-0.0709228515625,-0.58795166015625,0.05194091796875,0.8040771484375,254.619140625,1,709
0.2101211169999999,8.16796875,-4.0078125,2.95703125,0.001953125,0.001953125,0.0,-0.17333984375,-0.5615234375,0.12823486328125,0.79888916015625,9.0859375,-1.734375,2.890625,0.001953125,0.001953125,0.001953125,-0.0709228515625,-0.58795166015625,0.05194091796875,0.8040771484375,254.619140625,1,709
0.215071640000005,8.16796875,-4.0078125,2.95703125,0.001953125,0.001953125,0.0,-0.17333984375,-0.5615234375,0.12823486328125,0.79888916015625,9.0859375,-1.734375,2.890625,0.001953125,0.001953125,0.001953125,-0.0709228515625,-0.58795166015625,0.05194091796875,0.8040771484375,254.619140625,1,709
0.22007249899999692,8.16796875,-4.0078125,2.95703125,0.001953125,0.001953125,0.0,-0.17333984375,-0.5615234375,0.12823486328125,0.79888916015625,9.0859375,-1.734375,2.890625,0.001953125,0.001953125,0.001953125,-0.0709228515625,-0.587890625,0.05194091796875,0.80413818359375,254.619140625,1,711
0.22507188500000552,8.16796875,-4.0078125,2.95703125,0.0,0.001953125,0.00390625,-0.17340087890625,-0.56146240234375,0.12823486328125,0.79888916015625,9.0859375,-1.734375,2.890625,0.001953125,0.001953125,0.001953125,-0.0709228515625,-0.587890625,0.05194091796875,0.80413818359375,254.619140625,1,711
0.23009059999999693,8.16796875,-4.0078125,2.95703125,0.0,0.001953125,0.00390625,-0.17340087890625,-0.56146240234375,0.12823486328125,0.79888916015625,9.0859375,-1.734375,2.890625,0.001953125,0.001953125,0.001953125,-0.0709228515625,-0.587890625,0.05194091796875,0.80413818359375,254.619140625,2,711
0.23516720099999588,8.16796875,-4.0078125,2.95703125,0.0,0.001953125,0.00390625,-0.17340087890625,-0.56146240234375,0.12823486328125,0.79888916015625,9.0859375,-1.734375,2.890625,0.001953125,0.001953125,0.001953125,-0.0709228515625,-0.587890625,0.05194091796875,0.80413818359375,254.619140625,2,711
0.2400941730000028,8.16796875,-4.0078125,2.95703125,0.0,0.001953125,0.00390625,-0.17340087890625,-0.56146240234375,0.12823486328125,0.79888916015625,9.0859375,-1.734375,2.890625,0.001953125,0.001953125,0.001953125,-0.0709228515625,-0.587890625,0.05194091796875,0.80413818359375,254.619140625,2,708
0.24506997599999636,8.16796875,-4.0078125,2.95703125,0.0,0.001953125,0.00390625,-0.17340087890625,-0.56146240234375,0.12823486328125,0.79888916015625,9.0859375,-1.734375,2.9296875,0.00390625,0.001953125,0.0,-0.0709228515625,-0.587890625,0.05194091796875,0.80413818359375,254.619140625,2,708
0.2501257140000064,8.16796875,-4.0078125,2.95703125,0.0,0.0,0.0,-0.17333984375,-0.5615234375,0.12823486328125,0.79888916015625,9.0859375,-1.734375,2.9296875,0.00390625,0.001953125,0.0,-0.0709228515625,-0.587890625,0.05194091796875,0.80413818359375,254.619140625,2,708
0.25506753300000184,8.16796875,-4.0078125,2.95703125,0.0,0.0,0.0,-0.17333984375,-0.5615234375,0.12823486328125,0.79888916015625,9.0859375,-1.734375,2.9296875,0.00390625,0.001953125,0.0,-0.0709228515625,-0.587890625,0.05194091796875,0.80413818359375,254.619140625,2,708
0.26007223199999885,8.16796875,-4.0078125,2.95703125,0.0,0.0,0.0,-0.17333984375,-0.5615234375,0.12823486328125,0.79888916015625,9.0859375,-1.734375,2.9296875,0.00390625,0.001953125,0.0,-0.0709228515625,-0.587890625,0.05194091796875,0.80413818359375,254.619140625,2,708
0.2651405769999968,8.12890625,-4.0078125,2.95703125,0.0,0.0,0.0,-0.17333984375,-0.5615234375,0.12823486328125,0.79888916015625,9.0859375,-1.734375,2.9296875,0.00390625,0.001953125,0.0,-0.0709228515625,-0.587890625,0.05194091796875,0.80413818359375,254.619140625,2,710
0.2700697570000017,8.12890625,-4.0078125,2.95703125,0.0,0.0,0.0,-0.17333984375,-0.5615234375,0.12823486328125,0.79888916015625,9.0859375,-1.734375,2.890625,0.00390625,0.001953125,0.0,-0.0709228515625,-0.587890625,0.052001953125,0.80413818359375,254.619140625,2,710
0.2750731120000012,8.12890625,-4.0078125,2.95703125,0.0,0.0,0.0,-0.17333984375,-0.5615234375,0.12823486328125,0.79888916015625,9.0859375,-1.734375,2.890625,0.00390625,0.001953125,0.0,-0.0709228515625,-0.587890625,0.052001953125,0.80413818359375,254.619140625,2,710
0.28007233799999653,8.12890625,-4.0078125,2.95703125,0.0,0.0,0.0,-0.17333984375,-0.5615234375,0.12823486328125,0.79888916015625,9.0859375,-1.734375,2.890625,0.00390625,0.001953125,0.0,-0.0709228515625,-0.587890625,0.052001953125,0.80413818359375,254.619140625,2,705
0.28507674899999813,8.12890625,-4.0078125,2.95703125,0.0,0.0,0.0,-0.17333984375,-0.5615234375,0.12823486328125,0.79888916015625,9.0859375,-1.734375,2.890625,0.00390625,0.001953125,0.0,-0.0709228515625,-0.587890625,0.052001953125,0.80413818359375,254.619140625,2,705
0.2900772229999973,8.12890625,-4.0078125,2.95703125,-0.001953125,-0.00390625,-0.001953125,-0.17333984375,-0.56158447265625,0.128173828125,0.798828125,9.0859375,-1.734375,2.890625,0.00390625,0.001953125,0.0,-0.0709228515625,-0.587890625,0.052001953125,0.80413818359375,254.619140625,2,705
0.2951138899999961,8.12890625,-4.0078125,2.95703125,-0.001953125,-0.00390625,-0.001953125,-0.17333984375,-0.56158447265625,0.128173828125,0.798828125,9.0859375,-1.734375,2.890625,0.001953125,-0.001953125,0.0,-0.0709228515625,-0.58795166015625,0.05194091796875,0.80413818359375,254.619140625,4,705
0.3000909729999961,8.16796875,-4.0078125,2.95703125,-0.001953125,-0.00390625,-0.001953125,-0.17333984375,-0.56158447265625,0.128173828125,0.798828125,9.0859375,-1.734375,2.890625,0.001953125,-0.001953125,0.0,-0.0709228515625,-0.58795166015625,0.05194091796875,0.80413818359375,254.619140625,4,705
0.3050732070000066,8.16796875,-4.0078125,2.95703125,-0.001953125,-0.00390625,-0.001953125,-0.17333984375,-0.56158447265625,0.128173828125,0.798828125,9.0859375,-1.734375,2.890625,0.001953125,-0.001953125,0.0,-0.0709228515625,-0.58795166015625,0.05194091796875,0.80413818359375,254.619140625,4,709
0.3100722100000013,8.16796875,-4.0078125,2.95703125,-0.001953125,-0.00390625,-0.001953125,-0.17333984375,-0.56158447265625,0.128173828125,0.798828125,9.0859375,-1.734375,2.890625,0.001953125,-0.001953125,0.0,-0.0709228515625,-0.58795166015625,0.05194091796875,0.80413818359375,254.619140625,3,709
0.31519421900000566,8.16796875,-4.0078125,2.95703125,-0.001953125,-0.00390625,-0.001953125,-0.17333984375,-0.56158447265625,0.128173828125,0.798828125,9.08984375,-1.6953125,2.890625,0.0,-0.001953125,0.0,-0.0709228515625,-0.58795166015625,0.05194091796875,0.80413818359375,254.619140625,3,709
0.32006842299999505,8.16796875,-4.0078125,2.95703125,-0.001953125,-0.00390625,-0.001953125,-0.17333984375,-0.56158447265625,0.128173828125,0.798828125,9.08984375,-1.6953125,2.890625,0.0,-0.001953125,0.0,-0.0709228515625,-0.58795166015625,0.05194091796875,0.80413818359375,254.619140625,3,709
0.32506995399999994,8.16796875,-4.0078125,2.95703125,-0.001953125,-0.00390625,-0.001953125,-0.17333984375,-0.56158447265625,0.128173828125,0.798828125,9.08984375,-1.6953125,2.890625,0.0,-0.001953125,0.0,-0.0709228515625,-0.58795166015625,0.05194091796875,0.80413818359375,254.619140625,3,709
0.3300696290000076,8.16796875,-4.0078125,2.95703125,-0.001953125,-0.00390625,-0.001953125,-0.17333984375,-0.56158447265625,0.128173828125,0.798828125,9.08984375,-1.6953125,2.890625,0.0,-0.001953125,0.0,-0.0709228515625,-0.58795166015625,0.05194091796875,0.80413818359375,254.619140625,3,709
0.33508181499999523,8.16796875,-4.0078125,2.95703125,0.00390625,-0.001953125,0.0,-0.17327880859375,-0.56158447265625,0.128173828125,0.798828125,9.08984375,-1.6953125,2.890625,0.0,-0.001953125,0.0,-0.0709228515625,-0.58795166015625,0.05194091796875,0.80413818359375,254.619140625,2,709
0.3400745779999994,8.16796875,-4.0078125,2.95703125,0.00390625,-0.001953125,0.0,-0.17327880859375,-0.56158447265625,0.128173828125,0.798828125,9.08984375,-1.6953125,2.890625,0.0,-0.001953125,0.0,-0.07086181640625,-0.58795166015625,0.05194091796875,0.8040771484375,254.619140625,2,707
0.3450732290000076,8.16796875,-4.0078125,2.95703125,0.00390625,-0.001953125,0.0,-0.17327880859375,-0.56158447265625,0.128173828125,0.798828125,9.08984375,-1.6953125,2.890625,0.0,-0.001953125,0.0,-0.07086181640625,-0.58795166015625,0.05194091796875,0.8040771484375,254.619140625,2,707
0.3500990470000005,8.16796875,-4.0078125,2.95703125,0.00390625,-0.001953125,0.0,-0.17327880859375,-0.56158447265625,0.128173828125,0.798828125,9.08984375,-1.6953125,2.890625,0.0,-0.001953125,0.0,-0.07086181640625,-0.58795166015625,0.05194091796875,0.8040771484375,254.619140625,1,707
0.35506809800000383,8.16796875,-4.0078125,2.95703125,0.00390625,-0.001953125,0.0,-0.17327880859375,-0.56158447265625,0.128173828125,0.798828125,9.08984375,-1.6953125,2.890625,0.0,-0.001953125,0.0,-0.07086181640625,-0.58795166015625,0.05194091796875,0.8040771484375,254.619140625,1,707
0.3600749720000067,8.1640625,-4.046875,2.95703125,0.001953125,0.001953125,0.00390625,-0.17327880859375,-0.56158447265625,0.128173828125,0.798828125,9.08984375,-1.6953125,2.890625,0.0,-0.001953125,0.0,-0.07086181640625,-0.58795166015625,0.05194091796875,0.8040771484375,254.619140625,1,713
0.3650699110000062,8.1640625,-4.046875,2.95703125,0.001953125,0.001953125,0.00390625,-0.17327880859375,-0.56158447265625,0.128173828125,0.798828125,9.08984375,-1.6953125,2.890625,0.0,-0.001953125,0.0,-0.07086181640625,-0.58795166015625,0.05194091796875,0.8040771484375,254.619140625,1,713
0.3700718900000055,8.1640625,-4.046875,2.95703125,0.001953125,0.001953125,0.00390625,-0.17327880859375,-0.56158447265625,0.128173828125,0.798828125,9.08984375,-1.6953125,2.890625,0.001953125,0.00390625,0.001953125,-0.0709228515625,-0.58795166015625,0.052001953125,0.8040771484375,254.619140625,3,713
0.3750732280000051,8.1640625,-4.046875,2.95703125,0.001953125,0.001953125,0.00390625,-0.17327880859375,-0.56158447265625,0.128173828125,0.798828125,9.08984375,-1.6953125,2.890625,0.001953125,0.00390625,0.001953125,-0.0709228515625,-0.58795166015625,0.052001953125,0.8040771484375,254.619140625,3,713
0.38007235899999614,8.1640625,-4.046875,2.95703125,0.001953125,0.001953125,0.00390625,-0.17327880859375,-0.56158447265625,0.128173828125,0.798828125,9.08984375,-1.6953125,2.890625,0.001953125,0.00390625,0.001953125,-0.0709228515625,-0.58795166015625,0.052001953125,0.8040771484375,254.619140625,3,713
0.3850752019999959,8.1640625,-4.046875,2.95703125,0.001953125,0.001953125,0.00390625,-0.17327880859375,-0.5615234375,0.128173828125,0.79888916015625,9.08984375,-1.6953125,2.890625,0.001953125,0.00390625,0.001953125,-0.0709228515625,-0.58795166015625,0.052001953125,0.8040771484375,254.619140625,3,713
0.3900780120000036,8.1640625,-4.046875,2.95703125,0.001953125,0.001953125,0.00390625,-0.17327880859375,-0.5615234375,0.128173828125,0.79888916015625,9.08984375,-1.6953125,2.890625,0.001953125,0.00390625,0.001953125,-0.0709228515625,-0.58795166015625,0.052001953125,0.8040771484375,254.619140625,1,713
0.3950729190000004,8.1640625,-4.046875,2.95703125,0.001953125,0.001953125,0.00390625,-0.17327880859375,-0.5615234375,0.128173828125,0.79888916015625,9.08984375,-1.6953125,2.890625,0.001953125,0.00390625,0.001953125,-0.0709228515625,-0.58795166015625,0.052001953125,0.8040771484375,254.619140625,1,713
0.4000717939999987,8.1640625,-4.046875,2.95703125,0.001953125,0.001953125,0.00390625,-0.17327880859375,-0.5615234375,0.128173828125,0.79888916015625,9.08984375,-1.6953125,2.890625,0.001953125,0.00390625,0.001953125,-0.0709228515625,-0.58795166015625,0.052001953125,0.8040771484375,254.619140625,1,700
0.40507562800000585,8.1640625,-4.046875,2.95703125,0.001953125,0.001953125,0.00390625,-0.17327880859375,-0.5615234375,0.128173828125,0.79888916015625,9.0859375,-1.734375,2.890625,0.001953125,0.0,0.00390625,-0.0709228515625,-0.58795166015625,0.052001953125,0.8040771484375,254.619140625,1,700
0.41007107900000506,8.1640625,-4.046875,2.95703125,-0.001953125,0.001953125,0.00390625,-0.17333984375,-0.56146240234375,0.12823486328125,0.79888916015625,9.0859375,-1.734375,2.890625,0.001953125,0.0,0.00390625,-0.0709228515625,-0.58795166015625,0.052001953125,0.8040771484375,254.619140625,2,700
0.41502425800000253,8.1640625,-4.046875,2.95703125,-0.001953125,0.001953125,0.00390625,-0.17333984375,-0.56146240234375,0.12823486328125,0.79888916015625,9.0859375,-1.734375,2.890625,0.001953125,0.0,0.00390625,-0.0709228515625,-0.58795166015625,0.052001953125,0.8040771484375,254.619140625,2,700
0.42014764300000706,8.1640625,-4.046875,2.95703125,-0.001953125,0.001953125,0.00390625,-0.17333984375,-0.56146240234375,0.12823486328125,0.79888916015625,9.0859375,-1.734375,2.890625,0.001953125,0.0,0.00390625,-0.0709228515625,-0.58795166015625,0.052001953125,0.8040771484375,254.619140625,2,700
0.42509023099999865,8.125,-4.046875,2.95703125,-0.001953125,0.001953125,0.00390625,-0.17333984375,-0.56146240234375,0.12823486328125,0.79888916015625,9.0859375,-1.734375,2.890625,0.001953125,0.0,0.00390625,-0.0709228515625,-0.58795166015625,0.052001953125,0.8040771484375,254.619140625,2,706
0.4300703849999934,8.125,-4.046875,2.95703125,-0.001953125,0.001953125,0.00390625,-0.17333984375,-0.56146240234375,0.12823486328125,0.79888916015625,9.0859375,-1.7734375,2.9296875,0.001953125,0.0,0.00390625,-0.071044921875,-0.587890625,0.05206298828125,0.80413818359375,254.619140625,2,706
0.43506782000000044,8.125,-4.046875,2.95703125,-0.001953125,0.001953125,0.00390625,-0.17333984375,-0.56146240234375,0.12823486328125,0.79888916015625,9.0859375,-1.7734375,2.9296875,0.001953125,0.0,0.00390625,-0.071044921875,-0.587890625,0.05206298828125,0.80413818359375,254.619140625,1,706
0.44009427800000367,8.125,-4.046875,2.95703125,-0.001953125,0.001953125,0.00390625,-0.17333984375,-0.56146240234375,0.12823486328125,0.79888916015625,9.0859375,-1.7734375,2.9296875,0.001953125,0.0,0.00390625,-0.071044921875,-0.587890625,0.05206298828125,0.80413818359375,254.619140625,1,706
0.44510905699999626,8.125,-4.046875,2.95703125,-0.001953125,0.001953125,0.00390625,-0.17333984375,-0.56146240234375,0.12823486328125,0.79888916015625,9.0859375,-1.7734375,2.9296875,0.001953125,0.0,0.00390625,-0.071044921875,-0.587890625,0.05206298828125,0.80413818359375,254.619140625,1,706
0.45007458800000677,8.125,-4.046875,2.95703125,0.001953125,0.0,0.001953125,-0.17333984375,-0.56146240234375,0.1282958984375,0.79888916015625,9.0859375,-1.7734375,2.9296875,0.001953125,0.0,0.00390625,-0.071044921875,-0.587890625,0.05206298828125,0.80413818359375,254.619140625,1,706
0.45507317499999544,8.125,-4.046875,2.95703125,0.001953125,0.0,0.001953125,-0.17333984375,-0.56146240234375,0.1282958984375,0.79888916015625,9.0859375,-1.7734375,2.9296875,0.00390625,0.0,0.0,-0.07110595703125,-0.587890625,0.0521240234375,0.80413818359375,254.619140625,1,706
0.4600794090000022,8.125,-4.046875,2.95703125,0.001953125,0.0,0.001953125,-0.17333984375,-0.56146240234375,0.1282958984375,0.79888916015625,9.0859375,-1.7734375,2.9296875,0.00390625,0.0,0.0,-0.07110595703125,-0.587890625,0.0521240234375,0.80413818359375,254.619140625,1,706
0.46516145100000017,8.12890625,-4.0078125,2.95703125,0.001953125,0.0,0.001953125,-0.17333984375,-0.56146240234375,0.1282958984375,0.79888916015625,9.0859375,-1.7734375,2.9296875,0.00390625,0.0,0.0,-0.07110595703125,-0.587890625,0.0521240234375,0.80413818359375,254.619140625,1,709
0.47008717399999966,8.12890625,-4.0078125,2.95703125,0.001953125,0.0,0.001953125,-0.17333984375,-0.56146240234375,0.1282958984375,0.79888916015625,9.0859375,-1.7734375,2.9296875,0.00390625,0.0,0.0,-0.07110595703125,-0.587890625,0.0521240234375,0.80413818359375,254.619140625,1,709
0.47508848100000023,8.12890625,-4.0078125,2.95703125,0.001953125,0.0,0.001953125,-0.17333984375,-0.56146240234375,0.1282958984375,0.79888916015625,9.0859375,-1.7734375,2.9296875,0.00390625,0.0,0.0,-0.07110595703125,-0.587890625,0.0521240234375,0.80413818359375,254.619140625,3,709
0.4800729880000034,8.12890625,-4.0078125,2.95703125,0.001953125,0.0,0.001953125,-0.17333984375,-0.56146240234375,0.1282958984375,0.79888916015625,9.0859375,-1.7734375,2.9296875,0.0,-0.00390625,-0.005859375,-0.07110595703125,-0.587890625,0.0521240234375,0.80413818359375,254.619140625,3,709
0.4850929819999976,8.12890625,-4.0078125,2.95703125,0.001953125,0.0,0.001953125,-0.17333984375,-0.56146240234375,0.1282958984375,0.79888916015625,9.0859375,-1.7734375,2.9296875,0.0,-0.00390625,-0.005859375,-0.07110595703125,-0.587890625,0.0521240234375,0.80413818359375,254.619140625,3,708
0.49006545700000004,8.16796875,-4.0078125,2.95703125,0.0,-0.001953125,-0.005859375,-0.17333984375,-0.56146240234375,0.1282958984375,0.79888916015625,9.0859375,-1.7734375,2.9296875,0.0,-0.00390625,-0.005859375,-0.07110595703125,-0.587890625,0.0521240234375,0.80413818359375,254.619140625,3,708
0.4950688119999995,8.16796875,-4.0078125,2.95703125,0.0,-0.001953125,-0.005859375,-0.17333984375,-0.56146240234375,0.1282958984375,0.79888916015625,9.0859375,-1.734375,2.890625,0.0,-0.00390625,-0.005859375,-0.07110595703125,-0.587890625,0.05218505859375,0.80413818359375,254.619140625,3,708
0.5001512049999945,8.16796875,-4.0078125,2.95703125,0.0,-0.001953125,-0.005859375,-0.17327880859375,-0.5615234375,0.12823486328125,0.79888916015625,9.0859375,-1.734375,2.890625,0.0,-0.00390625,-0.005859375,-0.07110595703125,-0.587890625,0.05218505859375,0.80413818359375,254.619140625,3,708
0.5050759690000035,8.16796875,-4.0078125,2.95703125,0.0,-0.001953125,-0.005859375,-0.17327880859375,-0.5615234375,0.12823486328125,0.79888916015625,9.0859375,-1.734375,2.890625,0.0,-0.00390625,-0.005859375,-0.07110595703125,-0.587890625,0.05218505859375,0.80413818359375,254.619140625,3,711
0.5100694679999975,8.16796875,-4.0078125,2.95703125,0.0,-0.001953125,-0.005859375,-0.17327880859375,-0.5615234375,0.12823486328125,0.79888916015625,9.0859375,-1.734375,2.890625,0.0,-0.00390625,-0.005859375,-0.07110595703125,-0.587890625,0.05218505859375,0.80413818359375,254.619140625,3,711
0.5150676699999934,8.16796875,-4.0078125,2.95703125,0.0,-0.001953125,-0.005859375,-0.17327880859375,-0.5615234375,0.12823486328125,0.79888916015625,9.0859375,-1.734375,2.890625,0.0,-0.00390625,-0.005859375,-0.07110595703125,-0.587890625,0.05218505859375,0.80413818359375,254.619140625,0,711
0.5200789290000074,8.16796875,-4.0078125,2.95703125,0.0,-0.001953125,-0.005859375,-0.17327880859375,-0.5615234375,0.12823486328125,0.79888916015625,9.0859375,-1.734375,2.890625,0.0,-0.00390625,-0.005859375,-0.07110595703125,-0.587890625,0.05218505859375,0.80413818359375,254.619140625,0,711
0.5250672439999988,8.16796875,-4.0078125,2.95703125,-0.001953125,-0.00390625,-0.005859375,-0.17327880859375,-0.5615234375,0.12823486328125,0.79888916015625,9.0859375,-1.734375,2.890625,0.0,-0.00390625,-0.005859375,-0.07110595703125,-0.587890625,0.05218505859375,0.80413818359375,254.619140625,0,711
0.5300699900000012,8.16796875,-4.0078125,2.95703125,-0.001953125,-0.00390625,-0.005859375,-0.17327880859375,-0.5615234375,0.12823486328125,0.79888916015625,9.12890625,-1.6953125,2.890625,0.001953125,-0.001953125,-0.00390625,-0.07110595703125,-0.58795166015625,0.0521240234375,0.8040771484375,254.619140625,0,709
0.535072993,8.16796875,-4.0078125,2.95703125,-0.001953125,-0.00390625,-0.005859375,-0.17327880859375,-0.5615234375,0.12823486328125,0.79888916015625,9.12890625,-1.6953125,2.890625,0.001953125,-0.001953125,-0.00390625,-0.07110595703125,-0.58795166015625,0.0521240234375,0.8040771484375,254.619140625,0,709
0.540069115999998,8.16796875,-4.0078125,2.95703125,-0.001953125,-0.00390625,-0.005859375,-0.17327880859375,-0.5615234375,0.12823486328125,0.79888916015625,9.12890625,-1.6953125,2.890625,0.001953125,-0.001953125,-0.00390625,-0.07110595703125,-0.58795166015625,0.0521240234375,0.8040771484375,254.619140625,0,709
0.545104662,8.1640625,-4.046875,2.95703125,-0.001953125,-0.00390625,-0.005859375,-0.17327880859375,-0.56158447265625,0.128173828125,0.798828125,9.12890625,-1.6953125,2.890625,0.001953125,-0.001953125,-0.00390625,-0.07110595703125,-0.58795166015625,0.0521240234375,0.8040771484375,254.619140625,0,712
0.5500962079999994,8.1640625,-4.046875,2.95703125,-0.001953125,-0.00390625,-0.005859375,-0.17327880859375,-0.56158447265625,0.128173828125,0.798828125,9.12890625,-1.6953125,2.890625,0.001953125,-0.001953125,-0.00390625,-0.07110595703125,-0.58795166015625,0.0521240234375,0.8040771484375,254.619140625,0,712
0.5550951150000003,8.1640625,-4.046875,2.95703125,-0.001953125,-0.00390625,-0.005859375,-0.17327880859375,-0.56158447265625,0.128173828125,0.798828125,9.12890625,-1.6953125,2.890625,0.001953125,-0.001953125,-0.00390625,-0.07110595703125,-0.58795166015625,0.0521240234375,0.8040771484375,254.619140625,0,712
0.5600891579999967,8.1640625,-4.046875,2.95703125,-0.001953125,-0.00390625,-0.005859375,-0.17327880859375,-0.56158447265625,0.128173828125,0.798828125,9.12890625,-1.6953125,2.890625,0.001953125,-0.001953125,-0.00390625,-0.07110595703125,-0.58795166015625,0.0521240234375,0.8040771484375,254.619140625,2,712
0.5651121599999982,8.1640625,-4.046875,2.95703125,-0.001953125,-0.00390625,-0.005859375,-0.17327880859375,-0.56158447265625,0.128173828125,0.798828125,9.12890625,-1.6953125,2.890625,0.001953125,-0.001953125,-0.00390625,-0.07110595703125,-0.58795166015625,0.0521240234375,0.8040771484375,254.619140625,2,712
0.5700782669999995,8.1640625,-4.046875,2.95703125,-0.001953125,-0.00390625,-0.005859375,-0.17327880859375,-0.56158447265625,0.128173828125,0.798828125,9.12890625,-1.6953125,2.890625,0.001953125,-0.001953125,-0.00390625,-0.07110595703125,-0.58795166015625,0.0521240234375,0.8040771484375,254.619140625,2,712
0.575067317999995,8.1640625,-4.046875,2.95703125,0.0,0.001953125,0.0,-0.17327880859375,-0.56158447265625,0.128173828125,0.798828125,9.12890625,-1.65625,2.8515625,-0.001953125,0.0,0.001953125,-0.0711669921875,-0.587890625,0.0521240234375,0.8040771484375,254.619140625,2,717
0.5800943840000059,8.1640625,-4.046875,2.95703125,0.0,0.001953125,0.0,-0.17327880859375,-0.56158447265625,0.128173828125,0.798828125,9.12890625,-1.65625,2.8515625,-0.001953125,0.0,0.001953125,-0.0711669921875,-0.587890625,0.0521240234375,0.8040771484375,254.619140625,2,717
0.5850728430000061,8.1640625,-4.046875,2.95703125,0.0,0.001953125,0.0,-0.17327880859375,-0.56158447265625,0.128173828125,0.798828125,9.12890625,-1.65625,2.8515625,-0.001953125,0.0,0.001953125,-0.0711669921875,-0.587890625,0.0521240234375,0.8040771484375,254.619140625,0,717
0.5900701500000025,8.1640625,-4.046875,2.95703125,0.0,0.001953125,0.0,-0.17327880859375,-0.56158447265625,0.128173828125,0.798828125,9.12890625,-1.65625,2.8515625,-0.001953125,0.0,0.001953125,-0.0711669921875,-0.587890625,0.0521240234375,0.8040771484375,254.619140625,0,717
0.5950752319999992,8.1640625,-4.046875,2.95703125,0.0,0.001953125,0.0,-0.17327880859375,-0.56158447265625,0.128173828125,0.798828125,9.12890625,-1.65625,2.8515625,-0.001953125,0.0,0.001953125,-0.0711669921875,-0.587890625,0.0521240234375,0.8040771484375,254.619140625,0,708
0.6000827470000019,8.1640625,-4.046875,2.95703125,0.0,0.005859375,0.005859375,-0.17327880859375,-0.56158447265625,0.128173828125,0.798828125,9.08984375,-1.6953125,2.890625,0.001953125,0.005859375,0.009765625,-0.0711669921875,-0.587890625,0.0521240234375,0.8040771484375,254.619140625,0,708
0.6050884060000072,8.1640625,-4.046875,2.95703125,0.0,0.005859375,0.005859375,-0.17327880859375,-0.56158447265625,0.128173828125,0.798828125,9.08984375,-1.6953125,2.890625,0.001953125,0.005859375,0.009765625,-0.0711669921875,-0.587890625,0.0521240234375,0.8040771484375,254.619140625,1,708
0.6101133279999971,8.1640625,-4.046875,2.95703125,0.0,0.005859375,0.005859375,-0.17327880859375,-0.56158447265625,0.128173828125,0.798828125,9.08984375,-1.6953125,2.890625,0.001953125,0.005859375,0.009765625,-0.0711669921875,-0.587890625,0.0521240234375,0.8040771484375,254.619140625,1,708
0.6151139950000015,8.1640625,-4.046875,2.95703125,0.0,0.005859375,0.005859375,-0.17327880859375,-0.56158447265625,0.128173828125,0.798828125,9.08984375,-1.6953125,2.890625,0.001953125,0.005859375,0.009765625,-0.0711669921875,-0.587890625,0.0521240234375,0.8040771484375,254.619140625,1,708
0.6200696700000066,8.1640625,-4.046875,2.95703125,0.0,0.005859375,0.005859375,-0.17327880859375,-0.56158447265625,0.128173828125,0.798828125,9.08984375,-1.6953125,2.890625,0.001953125,0.005859375,0.009765625,-0.0711669921875,-0.587890625,0.0521240234375,0.8040771484375,254.619140625,1,708
0.6250784000000067,8.125,-4.046875,2.95703125,0.0,0.005859375,0.005859375,-0.17333984375,-0.56146240234375,0.1282958984375,0.79888916015625,9.0859375,-1.7734375,2.9296875,0.001953125,0.005859375,0.009765625,-0.0712890625,-0.58782958984375,0.05230712890625,0.80413818359375,254.619140625,1,708
0.6300800589999938,8.125,-4.046875,2.95703125,0.0,0.005859375,0.005859375,-0.17333984375,-0.56146240234375,0.1282958984375,0.79888916015625,9.0859375,-1.7734375,2.9296875,0.001953125,0.005859375,0.009765625,-0.0712890625,-0.58782958984375,0.05230712890625,0.80413818359375,254.619140625,1,708
0.6350742620000034,8.125,-4.046875,2.95703125,0.0,0.005859375,0.005859375,-0.17333984375,-0.56146240234375,0.1282958984375,0.79888916015625,9.0859375,-1.7734375,2.9296875,0.001953125,0.005859375,0.009765625,-0.0712890625,-0.58782958984375,0.05230712890625,0.80413818359375,254.619140625,1,705
0.6400705119999941,8.125,-4.046875,2.95703125,0.0,0.005859375,0.005859375,-0.17333984375,-0.56146240234375,0.1282958984375,0.79888916015625,9.0859375,-1.7734375,2.9296875,0.001953125,0.005859375,0.009765625,-0.0712890625,-0.58782958984375,0.05230712890625,0.80413818359375,254.619140625,1,705
0.6450888429999964,8.125,-4.046875,2.95703125,0.0,0.005859375,0.005859375,-0.17333984375,-0.56146240234375,0.1282958984375,0.79888916015625,9.0859375,-1.7734375,2.9296875,-0.001953125,0.0,0.001953125,-0.07135009765625,-0.5877685546875,0.05242919921875,0.80413818359375,254.619140625,2,705
0.6500760689999936,8.12890625,-4.0078125,2.95703125,0.0,0.0,0.001953125,-0.17333984375,-0.56146240234375,0.1282958984375,0.79888916015625,9.0859375,-1.7734375,2.9296875,-0.001953125,0.0,0.001953125,-0.07135009765625,-0.5877685546875,0.05242919921875,0.80413818359375,254.619140625,2,705
0.6550732799999963,8.12890625,-4.0078125,2.95703125,0.0,0.0,0.001953125,-0.17333984375,-0.56146240234375,0.1282958984375,0.79888916015625,9.0859375,-1.7734375,2.9296875,-0.001953125,0.0,0.001953125,-0.07135009765625,-0.5877685546875,0.05242919921875,0.80413818359375,254.619140625,2,706
0.660070747000006,8.12890625,-4.0078125,2.95703125,0.0,0.0,0.001953125,-0.17340087890625,-0.56146240234375,0.1282958984375,0.79888916015625,9.05078125,-1.7734375,2.9296875,-0.001953125,0.0,0.001953125,-0.07135009765625,-0.5877685546875,0.05242919921875,0.80413818359375,254.619140625,2,706
0.6650746770000069,8.12890625,-4.0078125,2.95703125,0.0,0.0,0.001953125,-0.17340087890625,-0.56146240234375,0.1282958984375,0.79888916015625,9.05078125,-1.7734375,2.9296875,-0.001953125,0.0,0.001953125,-0.07135009765625,-0.5877685546875,0.05242919921875,0.80413818359375,254.619140625,3,706
0.6700733600000035,8.12890625,-4.0078125,2.95703125,0.0,0.0,0.001953125,-0.17340087890625,-0.56146240234375,0.1282958984375,0.79888916015625,9.05078125,-1.7734375,2.9296875,-0.001953125,0.0,0.001953125,-0.07135009765625,-0.5877685546875,0.05242919921875,0.80413818359375,254.619140625,3,706
0.6750717550000047,8.12890625,-4.0078125,2.95703125,0.0,0.0,0.001953125,-0.17340087890625,-0.56146240234375,0.1282958984375,0.79888916015625,9.05078125,-1.7734375,2.9296875,-0.001953125,0.0,0.001953125,-0.07135009765625,-0.5877685546875,0.05242919921875,0.80413818359375,254.619140625,3,706
0.6800709489999974,8.16796875,-4.0078125,2.95703125,-0.001953125,-0.005859375,-0.005859375,-0.17340087890625,-0.56146240234375,0.1282958984375,0.79888916015625,9.05078125,-1.7734375,2.9296875,-0.001953125,0.0,0.001953125,-0.07135009765625,-0.5877685546875,0.05242919921875,0.80413818359375,254.619140625,3,703
0.6850962559999942,8.16796875,-4.0078125,2.95703125,-0.001953125,-0.005859375,-0.005859375,-0.17340087890625,-0.56146240234375,0.1282958984375,0.79888916015625,9.05078125,-1.7734375,2.9296875,-0.001953125,0.0,0.001953125,-0.07135009765625,-0.5877685546875,0.05242919921875,0.80413818359375,254.619140625,3,703
0.6900815310000041,8.16796875,-4.0078125,2.95703125,-0.001953125,-0.005859375,-0.005859375,-0.17340087890625,-0.56146240234375,0.1282958984375,0.79888916015625,9.0859375,-1.734375,2.9296875,0.001953125,-0.005859375,-0.0078125,-0.0712890625,-0.58782958984375,0.05230712890625,0.80413818359375,254.619140625,2,703
0.6959019300000051,8.16796875,-4.0078125,2.95703125,-0.001953125,-0.005859375,-0.005859375,-0.17340087890625,-0.56146240234375,0.1282958984375,0.79888916015625,9.0859375,-1.734375,2.9296875,0.001953125,-0.005859375,-0.0078125,-0.0712890625,-0.58782958984375,0.05230712890625,0.80413818359375,254.619140625,2,703
0.7003245559999982,8.16796875,-4.0078125,2.95703125,-0.001953125,-0.005859375,-0.005859375,-0.17340087890625,-0.56146240234375,0.1282958984375,0.79888916015625,9.0859375,-1.734375,2.9296875,0.001953125,-0.005859375,-0.0078125,-0.0712890625,-0.58782958984375,0.05230712890625,0.80413818359375,254.619140625,2,703
0.7051093860000037,8.16796875,-4.0078125,2.95703125,-0.001953125,-0.005859375,-0.005859375,-0.17340087890625,-0.56146240234375,0.1282958984375,0.79888916015625,9.0859375,-1.734375,2.9296875,0.001953125,-0.005859375,-0.0078125,-0.0712890625,-0.58782958984375,0.05230712890625,0.80413818359375,254.619140625,2,715
0.710202210999995,8.16796875,-4.0078125,2.95703125,-0.001953125,-0.005859375,-0.005859375,-0.17333984375,-0.5615234375,0.12823486328125,0.79888916015625,9.0859375,-1.734375,2.9296875,0.001953125,-0.005859375,-0.0078125,-0.0712890625,-0.58782958984375,0.05230712890625,0.80413818359375,254.619140625,2,715
0.7150654400000036,8.16796875,-4.0078125,2.95703125,-0.001953125,-0.005859375,-0.005859375,-0.17333984375,-0.5615234375,0.12823486328125,0.79888916015625,9.0859375,-1.734375,2.9296875,0.001953125,-0.005859375,-0.0078125,-0.0712890625,-0.58782958984375,0.05230712890625,0.80413818359375,254.619140625,2,715
0.7201027140000065,8.16796875,-4.0078125,2.95703125,-0.001953125,-0.005859375,-0.005859375,-0.17333984375,-0.5615234375,0.12823486328125,0.79888916015625,9.0859375,-1.734375,2.9296875,0.001953125,-0.005859375,-0.0078125,-0.0712890625,-0.58782958984375,0.05230712890625,0.80413818359375,254.619140625,2,715
0.7250750289999957,8.16796875,-4.0078125,2.95703125,-0.001953125,-0.005859375,-0.005859375,-0.17333984375,-0.5615234375,0.12823486328125,0.79888916015625,9.08984375,-1.6953125,2.890625,0.001953125,-0.00390625,-0.005859375,-0.0712890625,-0.58782958984375,0.05230712890625,0.80413818359375,254.619140625,2,705
0.730069904000004,8.16796875,-4.0078125,2.95703125,-0.001953125,-0.005859375,-0.005859375,-0.17333984375,-0.5615234375,0.12823486328125,0.79888916015625,9.08984375,-1.6953125,2.890625,0.001953125,-0.00390625,-0.005859375,-0.0712890625,-0.58782958984375,0.05230712890625,0.80413818359375,254.619140625,2,705
0.7350441070000073,8.16796875,-4.0078125,2.95703125,-0.00390625,-0.00390625,-0.005859375,-0.17333984375,-0.5616455078125,0.12811279296875,0.798828125,9.08984375,-1.6953125,2.890625,0.001953125,-0.00390625,-0.005859375,-0.0712890625,-0.58782958984375,0.05230712890625,0.80413818359375,254.619140625,3,705
0.7401060530000052,8.16796875,-4.0078125,2.95703125,-0.00390625,-0.00390625,-0.005859375,-0.17333984375,-0.5616455078125,0.12811279296875,0.798828125,9.08984375,-1.6953125,2.890625,0.001953125,-0.00390625,-0.005859375,-0.0712890625,-0.58782958984375,0.05230712890625,0.80413818359375,254.619140625,3,705
0.7450765119999971,8.16796875,-4.0078125,2.95703125,-0.00390625,-0.00390625,-0.005859375,-0.17333984375,-0.5616455078125,0.12811279296875,0.798828125,9.12890625,-1.65625,2.8515625,0.001953125,-0.00390625,-0.005859375,-0.07122802734375,-0.58795166015625,0.05224609375,0.8040771484375,254.619140625,3,705
0.7500824899999969,8.16796875,-4.0078125,2.95703125,-0.00390625,-0.00390625,-0.005859375,-0.17333984375,-0.5616455078125,0.12811279296875,0.798828125,9.12890625,-1.65625,2.8515625,0.001953125,-0.00390625,-0.005859375,-0.07122802734375,-0.58795166015625,0.05224609375,0.8040771484375,254.619140625,3,707
0.7550699410000021,8.16796875,-4.0078125,2.95703125,-0.00390625,-0.00390625,-0.005859375,-0.17333984375,-0.5616455078125,0.12811279296875,0.798828125,9.12890625,-1.65625,2.8515625,0.001953125,-0.00390625,-0.005859375,-0.07122802734375,-0.58795166015625,0.05224609375,0.8040771484375,254.619140625,3,707
0.7600725279999949,8.1640625,-4.046875,2.95703125,0.0,0.00390625,0.001953125,-0.17333984375,-0.5616455078125,0.12811279296875,0.798828125,9.12890625,-1.65625,2.8515625,0.001953125,-0.00390625,-0.005859375,-0.07122802734375,-0.58795166015625,0.05224609375,0.8040771484375,254.619140625,2,707
0.7650714020000038,8.1640625,-4.046875,2.95703125,0.0,0.00390625,0.001953125,-0.17333984375,-0.5616455078125,0.12811279296875,0.798828125,9.12890625,-1.65625,2.8515625,0.001953125,-0.00390625,-0.005859375,-0.07122802734375,-0.58795166015625,0.05224609375,0.8040771484375,254.619140625,2,707
0.7700793009999956,8.1640625,-4.046875,2.95703125,0.0,0.00390625,0.001953125,-0.17333984375,-0.5616455078125,0.12811279296875,0.798828125,9.12890625,-1.65625,2.8515625,0.001953125,0.001953125,0.00390625,-0.0712890625,-0.587890625,0.05230712890625,0.8040771484375,254.619140625,2,709
0.7750764150000009,8.1640625,-4.046875,2.95703125,0.0,0.00390625,0.001953125,-0.17333984375,-0.5616455078125,0.12811279296875,0.798828125,9.12890625,-1.65625,2.8515625,0.001953125,0.001953125,0.00390625,-0.0712890625,-0.587890625,0.05230712890625,0.8040771484375,254.619140625,1,709
0.7800778499999979,8.1640625,-4.046875,2.95703125,0.0,0.00390625,0.001953125,-0.17333984375,-0.5616455078125,0.12811279296875,0.798828125,9.12890625,-1.65625,2.8515625,0.001953125,0.001953125,0.00390625,-0.0712890625,-0.587890625,0.05230712890625,0.8040771484375,254.619140625,1,709
0.7851108039999986,8.1640625,-4.046875,2.95703125,0.0,0.00390625,0.001953125,-0.17333984375,-0.5616455078125,0.1280517578125,0.798828125,9.12890625,-1.65625,2.8515625,0.001953125,0.001953125,0.00390625,-0.0712890625,-0.587890625,0.05230712890625,0.8040771484375,254.619140625,1,706
0.7900803990000043,8.1640625,-4.046875,2.95703125,0.0,0.00390625,0.001953125,-0.17333984375,-0.5616455078125,0.1280517578125,0.798828125,9.125,-1.6953125,2.8515625,-0.001953125,0.00390625,0.009765625,-0.0712890625,-0.587890625,0.05230712890625,0.8040771484375,254.619140625,1,706
0.7950684900000056,8.1640625,-4.046875,2.95703125,0.0,0.00390625,0.001953125,-0.17333984375,-0.5616455078125,0.1280517578125,0.798828125,9.125,-1.6953125,2.8515625,-0.001953125,0.00390625,0.009765625,-0.0712890625,-0.587890625,0.05230712890625,0.8040771484375,254.619140625,2,706
0.8000745650000027,8.1640625,-4.046875,2.95703125,0.0,0.00390625,0.001953125,-0.17333984375,-0.5616455078125,0.1280517578125,0.798828125,9.125,-1.6953125,2.8515625,-0.001953125,0.00390625,0.009765625,-0.0712890625,-0.587890625,0.05230712890625,0.8040771484375,254.619140625,2,706
0.8050703029999937,8.1640625,-4.046875,2.95703125,0.0,0.00390625,0.001953125,-0.17333984375,-0.5616455078125,0.1280517578125,0.798828125,9.125,-1.6953125,2.8515625,-0.001953125,0.00390625,0.009765625,-0.0712890625,-0.587890625,0.05230712890625,0.8040771484375,254.619140625,2,704
0.8100715780000058,8.125,-4.046875,2.95703125,0.001953125,0.005859375,0.0078125,-0.1734619140625,-0.5615234375,0.128173828125,0.79888916015625,9.125,-1.6953125,2.8515625,-0.001953125,0.00390625,0.009765625,-0.0712890625,-0.587890625,0.05230712890625,0.8040771484375,254.619140625,2,704
0.8150728850000064,8.125,-4.046875,2.95703125,0.001953125,0.005859375,0.0078125,-0.1734619140625,-0.5615234375,0.128173828125,0.79888916015625,9.0859375,-1.734375,2.9296875,-0.001953125,0.00390625,0.009765625,-0.0714111328125,-0.58782958984375,0.05242919921875,0.80413818359375,254.619140625,3,704
0.820118511000004,8.125,-4.046875,2.95703125,0.001953125,0.005859375,0.0078125,-0.1734619140625,-0.5615234375,0.128173828125,0.79888916015625,9.0859375,-1.734375,2.9296875,-0.001953125,0.00390625,0.009765625,-0.0714111328125,-0.58782958984375,0.05242919921875,0.80413818359375,254.619140625,3,703
0.8250709860000001,8.125,-4.046875,2.95703125,0.001953125,0.005859375,0.0078125,-0.1734619140625,-0.5615234375,0.128173828125,0.79888916015625,9.0859375,-1.734375,2.9296875,-0.001953125,0.00390625,0.009765625,-0.0714111328125,-0.58782958984375,0.05242919921875,0.80413818359375,254.619140625,1,703
0.8301510109999981,8.125,-4.046875,2.95703125,0.001953125,0.005859375,0.0078125,-0.1734619140625,-0.5615234375,0.128173828125,0.79888916015625,9.0859375,-1.734375,2.9296875,-0.001953125,0.00390625,0.009765625,-0.0714111328125,-0.58782958984375,0.05242919921875,0.80413818359375,254.619140625,1,703
0.8350702390000038,8.125,-4.046875,2.95703125,0.001953125,0.005859375,0.0078125,-0.1734619140625,-0.5615234375,0.128173828125,0.79888916015625,9.0859375,-1.734375,2.9296875,-0.001953125,0.00390625,0.009765625,-0.0714111328125,-0.58782958984375,0.05242919921875,0.80413818359375,254.619140625,1,703
0.8400823300000013,8.125,-4.046875,2.95703125,0.001953125,0.005859375,0.0078125,-0.1734619140625,-0.5615234375,0.128173828125,0.79888916015625,9.0859375,-1.734375,2.9296875,-0.001953125,0.00390625,0.009765625,-0.0714111328125,-0.58782958984375,0.05242919921875,0.80413818359375,254.619140625,1,691
0.8451146759999943,8.125,-4.046875,2.95703125,0.001953125,0.005859375,0.0078125,-0.1734619140625,-0.5615234375,0.128173828125,0.79888916015625,9.0859375,-1.734375,2.9296875,-0.001953125,0.00390625,0.009765625,-0.0714111328125,-0.58782958984375,0.05242919921875,0.80413818359375,254.619140625,1,691
0.8500691349999983,8.12890625,-4.0078125,2.95703125,0.00390625,0.0,0.001953125,-0.1734619140625,-0.5615234375,0.128173828125,0.79888916015625,9.0859375,-1.734375,2.9296875,-0.001953125,0.00390625,0.009765625,-0.0714111328125,-0.58782958984375,0.05242919921875,0.80413818359375,254.619140625,1,691
0.855118920999999,8.12890625,-4.0078125,2.95703125,0.00390625,0.0,0.001953125,-0.1734619140625,-0.5615234375,0.128173828125,0.79888916015625,9.05078125,-1.7734375,2.9296875,0.001953125,0.0,0.005859375,-0.07147216796875,-0.5877685546875,0.05255126953125,0.80413818359375,254.619140625,2,691
0.8601448670000025,8.12890625,-4.0078125,2.95703125,0.00390625,0.0,0.001953125,-0.1734619140625,-0.5615234375,0.128173828125,0.79888916015625,9.05078125,-1.7734375,2.9296875,0.001953125,0.0,0.005859375,-0.07147216796875,-0.5877685546875,0.05255126953125,0.80413818359375,254.619140625,2,691
0.8650701109999943,8.12890625,-4.0078125,2.95703125,0.00390625,0.0,0.001953125,-0.1734619140625,-0.5615234375,0.128173828125,0.79888916015625,9.05078125,-1.7734375,2.9296875,0.001953125,0.0,0.005859375,-0.07147216796875,-0.5877685546875,0.05255126953125,0.80413818359375,254.619140625,2,704
0.8700712899999985,8.12890625,-4.0078125,2.95703125,0.00390625,0.0,0.001953125,-0.1734619140625,-0.5615234375,0.128173828125,0.79888916015625,9.05078125,-1.7734375,2.9296875,0.001953125,0.0,0.005859375,-0.07147216796875,-0.5877685546875,0.05255126953125,0.80413818359375,254.619140625,2,704
0.8750778120000007,8.12890625,-4.0078125,2.95703125,0.00390625,0.0,0.001953125,-0.1734619140625,-0.56146240234375,0.12823486328125,0.79888916015625,9.05078125,-1.7734375,2.9296875,0.001953125,0.0,0.005859375,-0.07147216796875,-0.5877685546875,0.05255126953125,0.80413818359375,254.619140625,4,704
0.8800742869999993,8.12890625,-4.0078125,2.95703125,0.00390625,0.0,0.001953125,-0.1734619140625,-0.56146240234375,0.12823486328125,0.79888916015625,9.08984375,-1.7734375,2.96875,0.001953125,-0.005859375,-0.0078125,-0.07147216796875,-0.5877685546875,0.05255126953125,0.80413818359375,254.619140625,4,704
0.885067497999998,8.12890625,-4.0078125,2.95703125,0.00390625,0.0,0.001953125,-0.1734619140625,-0.56146240234375,0.12823486328125,0.79888916015625,9.08984375,-1.7734375,2.96875,0.001953125,-0.005859375,-0.0078125,-0.07147216796875,-0.5877685546875,0.05255126953125,0.80413818359375,254.619140625,4,705
0.8900681020000007,8.12890625,-4.0078125,2.95703125,0.00390625,0.0,0.001953125,-0.1734619140625,-0.56146240234375,0.12823486328125,0.79888916015625,9.08984375,-1.7734375,2.96875,0.001953125,-0.005859375,-0.0078125,-0.07147216796875,-0.5877685546875,0.05255126953125,0.80413818359375,254.619140625,4,705
0.8950725490000053,8.12890625,-4.0078125,2.95703125,0.00390625,0.0,0.001953125,-0.1734619140625,-0.56146240234375,0.12823486328125,0.79888916015625,9.08984375,-1.7734375,2.96875,0.001953125,-0.005859375,-0.0078125,-0.07147216796875,-0.5877685546875,0.05255126953125,0.80413818359375,254.619140625,4,705
0.9000794600000006,8.12890625,-4.0078125,2.95703125,0.0,-0.0078125,-0.0078125,-0.17340087890625,-0.56158447265625,0.128173828125,0.798828125,9.08984375,-1.7734375,2.96875,0.001953125,-0.005859375,-0.0078125,-0.07147216796875,-0.5877685546875,0.05255126953125,0.80413818359375,254.619140625,5,705
0.9050721629999998,8.12890625,-4.0078125,2.95703125,0.0,-0.0078125,-0.0078125,-0.17340087890625,-0.56158447265625,0.128173828125,0.798828125,9.08984375,-1.6953125,2.9296875,0.001953125,-0.005859375,-0.0078125,-0.0714111328125,-0.58782958984375,0.052490234375,0.80413818359375,254.619140625,5,705
0.9100942099999969,8.12890625,-4.0078125,2.95703125,0.0,-0.0078125,-0.0078125,-0.17340087890625,-0.56158447265625,0.128173828125,0.798828125,9.08984375,-1.6953125,2.9296875,0.001953125,-0.005859375,-0.0078125,-0.0714111328125,-0.58782958984375,0.052490234375,0.80413818359375,254.619140625,5,707
0.9150742730000019,8.12890625,-4.0078125,2.95703125,0.0,-0.0078125,-0.0078125,-0.17340087890625,-0.56158447265625,0.128173828125,0.798828125,9.08984375,-1.6953125,2.9296875,0.001953125,-0.005859375,-0.0078125,-0.0714111328125,-0.58782958984375,0.052490234375,0.80413818359375,254.619140625,5,707
0.9200704640000055,8.12890625,-4.0078125,2.95703125,0.0,-0.0078125,-0.0078125,-0.17340087890625,-0.56158447265625,0.128173828125,0.798828125,9.08984375,-1.6953125,2.9296875,0.001953125,-0.005859375,-0.0078125,-0.0714111328125,-0.58782958984375,0.052490234375,0.80413818359375,254.619140625,2,707
0.9250708470000006,8.12890625,-4.0078125,2.95703125,-0.001953125,-0.00390625,-0.005859375,-0.17340087890625,-0.56158447265625,0.128173828125,0.798828125,9.08984375,-1.6953125,2.9296875,0.001953125,-0.005859375,-0.0078125,-0.0714111328125,-0.58782958984375,0.052490234375,0.80413818359375,254.619140625,2,707
0.9300733099999974,8.12890625,-4.0078125,2.95703125,-0.001953125,-0.00390625,-0.005859375,-0.17340087890625,-0.56158447265625,0.128173828125,0.798828125,9.08984375,-1.6953125,2.9296875,0.00390625,-0.00390625,-0.005859375,-0.0712890625,-0.587890625,0.05242919921875,0.8040771484375,254.619140625,2,708
0.9350741410000012,8.12890625,-4.0078125,2.95703125,-0.001953125,-0.00390625,-0.005859375,-0.17340087890625,-0.56158447265625,0.128173828125,0.798828125,9.08984375,-1.6953125,2.9296875,0.00390625,-0.00390625,-0.005859375,-0.0712890625,-0.587890625,0.05242919921875,0.8040771484375,254.619140625,2,708
0.9400764760000015,8.16796875,-4.0078125,2.95703125,-0.001953125,-0.00390625,-0.005859375,-0.17333984375,-0.56170654296875,0.1280517578125,0.79876708984375,9.08984375,-1.6953125,2.9296875,0.00390625,-0.00390625,-0.005859375,-0.0712890625,-0.587890625,0.05242919921875,0.8040771484375,254.619140625,2,708
0.9450708429999963,8.16796875,-4.0078125,2.95703125,-0.001953125,-0.00390625,-0.005859375,-0.17333984375,-0.56170654296875,0.1280517578125,0.79876708984375,9.08984375,-1.6953125,2.9296875,0.00390625,-0.00390625,-0.005859375,-0.0712890625,-0.587890625,0.05242919921875,0.8040771484375,254.619140625,2,708
0.9500993860000051,8.16796875,-4.0078125,2.95703125,-0.001953125,-0.00390625,-0.005859375,-0.17333984375,-0.56170654296875,0.1280517578125,0.79876708984375,9.08984375,-1.6953125,2.9296875,0.00390625,-0.00390625,-0.005859375,-0.0712890625,-0.587890625,0.05242919921875,0.8040771484375,254.619140625,2,715
0.9550777529999976,8.16796875,-4.0078125,2.95703125,-0.001953125,-0.00390625,-0.005859375,-0.17333984375,-0.56170654296875,0.1280517578125,0.79876708984375,9.125,-1.65625,2.890625,0.0,0.0,0.00390625,-0.0712890625,-0.587890625,0.05242919921875,0.8040771484375,254.619140625,2,715
0.9600698160000007,8.16796875,-4.0078125,2.95703125,-0.001953125,-0.00390625,-0.005859375,-0.17333984375,-0.56170654296875,0.1280517578125,0.79876708984375,9.125,-1.65625,2.890625,0.0,0.0,0.00390625,-0.0712890625,-0.587890625,0.05242919921875,0.8040771484375,254.619140625,2,715
0.965091287000007,8.16796875,-4.0078125,2.95703125,-0.001953125,-0.00390625,-0.005859375,-0.17333984375,-0.56170654296875,0.1280517578125,0.79876708984375,9.125,-1.65625,2.890625,0.0,0.0,0.00390625,-0.0712890625,-0.587890625,0.05242919921875,0.8040771484375,254.619140625,2,710
0.9709957860000031,8.1640625,-4.046875,2.95703125,-0.00390625,0.001953125,0.00390625,-0.17333984375,-0.5616455078125,0.1280517578125,0.79876708984375,9.125,-1.65625,2.890625,0.0,0.0,0.00390625,-0.0712890625,-0.587890625,0.05242919921875,0.8040771484375,254.619140625,2,710
0.9761380550000069,8.1640625,-4.046875,2.95703125,-0.00390625,0.001953125,0.00390625,-0.17333984375,-0.5616455078125,0.1280517578125,0.79876708984375,9.125,-1.65625,2.890625,0.0,0.0,0.00390625,-0.0712890625,-0.587890625,0.05242919921875,0.8040771484375,254.619140625,2,710
0.9801973299999958,8.1640625,-4.046875,2.95703125,-0.00390625,0.001953125,0.00390625,-0.17333984375,-0.5616455078125,0.1280517578125,0.79876708984375,9.125,-1.65625,2.890625,0.0,0.0,0.00390625,-0.07135009765625,-0.587890625,0.05242919921875,0.8040771484375,254.619140625,2,710
0.9850810429999939,8.1640625,-4.046875,2.95703125,-0.00390625,0.001953125,0.00390625,-0.17333984375,-0.5616455078125,0.1280517578125,0.79876708984375,9.125,-1.65625,2.890625,0.0,0.0,0.00390625,-0.07135009765625,-0.587890625,0.05242919921875,0.8040771484375,254.619140625,2,710
0.9901305449999995,8.1640625,-4.046875,2.95703125,-0.00390625,0.001953125,0.00390625,-0.17333984375,-0.5616455078125,0.1280517578125,0.79876708984375,9.125,-1.65625,2.890625,0.0,0.0,0.00390625,-0.07135009765625,-0.587890625,0.05242919921875,0.8040771484375,254.619140625,2,710
0.9950971370000019,8.1640625,-4.046875,2.95703125,-0.00390625,0.001953125,0.00390625,-0.17333984375,-0.5616455078125,0.1280517578125,0.79876708984375,9.125,-1.65625,2.890625,0.0,0.0,0.00390625,-0.07135009765625,-0.587890625,0.05242919921875,0.8040771484375,254.619140625,2,709
1.000090831999998,8.1640625,-4.046875,2.95703125,-0.00390625,0.001953125,0.00390625,-0.17333984375,-0.5616455078125,0.1280517578125,0.79876708984375,9.125,-1.65625,2.890625,0.0,0.0,0.00390625,-0.07135009765625,-0.587890625,0.05242919921875,0.8040771484375,254.619140625,2,709
1.0050747030000053,8.1640625,-4.046875,2.95703125,0.00390625,0.0078125,0.009765625,-0.17333984375,-0.5616455078125,0.1280517578125,0.79876708984375,9.125,-1.65625,2.890625,0.0,0.0,0.00390625,-0.07135009765625,-0.587890625,0.05242919921875,0.8040771484375,254.619140625,0,709
1.0100781259999962,8.1640625,-4.046875,2.95703125,0.00390625,0.0078125,0.009765625,-0.17333984375,-0.5616455078125,0.1280517578125,0.79876708984375,9.08984375,-1.6953125,2.890625,0.0,0.005859375,0.0078125,-0.07135009765625,-0.587890625,0.05242919921875,0.8040771484375,254.619140625,0,709
1.0150875650000017,8.1640625,-4.046875,2.95703125,0.00390625,0.0078125,0.009765625,-0.17333984375,-0.5616455078125,0.1280517578125,0.79876708984375,9.08984375,-1.6953125,2.890625,0.0,0.005859375,0.0078125,-0.07135009765625,-0.587890625,0.05242919921875,0.8040771484375,254.619140625,0,702
1.0204097990000065,8.1640625,-4.046875,2.95703125,0.00390625,0.0078125,0.009765625,-0.17333984375,-0.5616455078125,0.1280517578125,0.79876708984375,9.08984375,-1.6953125,2.890625,0.0,0.005859375,0.0078125,-0.07135009765625,-0.587890625,0.05242919921875,0.8040771484375,254.619140625,0,702
1.0250677869999976,8.1640625,-4.046875,2.95703125,0.00390625,0.0078125,0.009765625,-0.17333984375,-0.5616455078125,0.1280517578125,0.79876708984375,9.08984375,-1.6953125,2.890625,0.0,0.005859375,0.0078125,-0.07135009765625,-0.587890625,0.05242919921875,0.8040771484375,254.619140625,2,702
1.0300793060000046,8.125,-4.046875,2.95703125,0.00390625,0.0078125,0.009765625,-0.17340087890625,-0.5615234375,0.128173828125,0.798828125,9.0859375,-1.7734375,2.9296875,0.0,0.005859375,0.0078125,-0.07147216796875,-0.5877685546875,0.05255126953125,0.80413818359375,254.619140625,2,702
1.0350691929999982,8.125,-4.046875,2.95703125,0.00390625,0.0078125,0.009765625,-0.17340087890625,-0.5615234375,0.128173828125,0.798828125,9.0859375,-1.7734375,2.9296875,0.0,0.005859375,0.0078125,-0.07147216796875,-0.5877685546875,0.05255126953125,0.80413818359375,254.619140625,2,694
1.0400680080000058,8.125,-4.046875,2.95703125,0.00390625,0.0078125,0.009765625,-0.17340087890625,-0.5615234375,0.128173828125,0.798828125,9.0859375,-1.7734375,2.9296875,0.0,0.005859375,0.0078125,-0.07147216796875,-0.5877685546875,0.05255126953125,0.80413818359375,254.619140625,2,694
1.0450727749999942,8.125,-4.046875,2.95703125,0.00390625,0.0078125,0.009765625,-0.17340087890625,-0.5615234375,0.128173828125,0.798828125,9.0859375,-1.7734375,2.9296875,0.0,0.005859375,0.0078125,-0.07147216796875,-0.5877685546875,0.05255126953125,0.80413818359375,254.619140625,2,694
1.050071557999999,8.125,-4.046875,2.95703125,0.00390625,0.0078125,0.009765625,-0.17340087890625,-0.5615234375,0.128173828125,0.798828125,9.0859375,-1.7734375,2.9296875,0.0,0.005859375,0.0078125,-0.07147216796875,-0.5877685546875,0.05255126953125,0.80413818359375,254.619140625,2,694
1.0550874599999958,8.125,-4.046875,2.95703125,0.0,0.001953125,0.001953125,-0.1734619140625,-0.56146240234375,0.1282958984375,0.79888916015625,9.0859375,-1.7734375,2.9296875,0.0,0.0,0.00390625,-0.071533203125,-0.58770751953125,0.0526123046875,0.80419921875,254.619140625,2,702
1.0600789789999965,8.125,-4.046875,2.95703125,0.0,0.001953125,0.001953125,-0.1734619140625,-0.56146240234375,0.1282958984375,0.79888916015625,9.0859375,-1.7734375,2.9296875,0.0,0.0,0.00390625,-0.071533203125,-0.58770751953125,0.0526123046875,0.80419921875,254.619140625,2,702
1.0650736340000009,8.125,-4.046875,2.95703125,0.0,0.001953125,0.001953125,-0.1734619140625,-0.56146240234375,0.1282958984375,0.79888916015625,9.0859375,-1.7734375,2.9296875,0.0,0.0,0.00390625,-0.071533203125,-0.58770751953125,0.0526123046875,0.80419921875,254.619140625,0,702
1.0700703379999936,8.125,-4.046875,2.95703125,0.0,0.001953125,0.001953125,-0.1734619140625,-0.56146240234375,0.1282958984375,0.79888916015625,9.0859375,-1.7734375,2.9296875,0.0,0.0,0.00390625,-0.071533203125,-0.58770751953125,0.0526123046875,0.80419921875,254.619140625,0,702
1.075078112,8.125,-4.046875,2.95703125,0.0,0.001953125,0.001953125,-0.1734619140625,-0.56146240234375,0.1282958984375,0.79888916015625,9.0859375,-1.7734375,2.9296875,0.0,0.0,0.00390625,-0.071533203125,-0.58770751953125,0.0526123046875,0.80419921875,254.619140625,0,702
1.0801063990000017,8.12890625,-4.0078125,2.95703125,0.0,-0.00390625,-0.009765625,-0.1734619140625,-0.56146240234375,0.1282958984375,0.79888916015625,9.046875,-1.7734375,2.96875,0.001953125,-0.00390625,-0.0078125,-0.071533203125,-0.58770751953125,0.0526123046875,0.80419921875,254.619140625,0,702
1.0850677420000068,8.12890625,-4.0078125,2.95703125,0.0,-0.00390625,-0.009765625,-0.1734619140625,-0.56146240234375,0.1282958984375,0.79888916015625,9.046875,-1.7734375,2.96875,0.001953125,-0.00390625,-0.0078125,-0.071533203125,-0.58770751953125,0.0526123046875,0.80419921875,254.619140625,0,702
1.0900648930000045,8.12890625,-4.0078125,2.95703125,0.0,-0.00390625,-0.009765625,-0.1734619140625,-0.56146240234375,0.1282958984375,0.79888916015625,9.046875,-1.7734375,2.96875,0.001953125,-0.00390625,-0.0078125,-0.071533203125,-0.58770751953125,0.0526123046875,0.80419921875,254.619140625,0,702
1.0950774359999969,8.12890625,-4.0078125,2.95703125,0.0,-0.00390625,-0.009765625,-0.1734619140625,-0.56146240234375,0.1282958984375,0.79888916015625,9.0859375,-1.734375,2.9296875,0.001953125,-0.00390625,-0.0078125,-0.0714111328125,-0.5877685546875,0.052490234375,0.80413818359375,254.619140625,0,711
1.1000703630000004,8.12890625,-4.0078125,2.95703125,0.0,-0.00390625,-0.009765625,-0.17340087890625,-0.5615234375,0.128173828125,0.79888916015625,9.0859375,-1.734375,2.9296875,0.001953125,-0.00390625,-0.0078125,-0.0714111328125,-0.5877685546875,0.052490234375,0.80413818359375,254.619140625,0,711
1.1050772420000072,8.12890625,-4.0078125,2.95703125,0.0,-0.00390625,-0.009765625,-0.17340087890625,-0.5615234375,0.128173828125,0.79888916015625,9.0859375,-1.734375,2.9296875,0.001953125,-0.00390625,-0.0078125,-0.0714111328125,-0.5877685546875,0.052490234375,0.80413818359375,254.619140625,1,711
1.112093759000004,8.12890625,-4.0078125,2.95703125,0.0,-0.00390625,-0.009765625,-0.17340087890625,-0.5615234375,0.128173828125,0.79888916015625,9.0859375,-1.734375,2.9296875,0.001953125,-0.00390625,-0.0078125,-0.0714111328125,-0.5877685546875,0.052490234375,0.80413818359375,254.619140625,1,711
1.1150855279999945,8.12890625,-4.0078125,2.95703125,0.0,-0.00390625,-0.009765625,-0.17340087890625,-0.5615234375,0.128173828125,0.79888916015625,9.0859375,-1.734375,2.9296875,0.001953125,-0.00390625,-0.0078125,-0.0714111328125,-0.5877685546875,0.052490234375,0.80413818359375,254.619140625,1,711
1.120075767000003,8.12890625,-4.0078125,2.95703125,0.0,-0.00390625,-0.009765625,-0.17340087890625,-0.5615234375,0.128173828125,0.79888916015625,9.0859375,-1.734375,2.9296875,0.001953125,-0.00390625,-0.0078125,-0.0714111328125,-0.5877685546875,0.052490234375,0.80413818359375,254.619140625,1,711
1.1251002460000024,8.12890625,-4.0078125,2.95703125,0.0,-0.00390625,-0.009765625,-0.17340087890625,-0.5615234375,0.128173828125,0.79888916015625,9.0859375,-1.734375,2.9296875,0.001953125,-0.00390625,-0.0078125,-0.0714111328125,-0.5877685546875,0.052490234375,0.80413818359375,254.619140625,1,706
1.130124980000005,8.12890625,-4.0078125,2.95703125,0.0,-0.00390625,-0.009765625,-0.17340087890625,-0.5615234375,0.128173828125,0.79888916015625,9.0859375,-1.734375,2.9296875,0.001953125,-0.00390625,-0.0078125,-0.0714111328125,-0.5877685546875,0.052490234375,0.80413818359375,254.619140625,1,706
1.135134547000007,8.12890625,-4.0078125,2.95703125,0.0,-0.00390625,-0.009765625,-0.17340087890625,-0.5615234375,0.128173828125,0.79888916015625,9.08984375,-1.6953125,2.890625,0.001953125,-0.005859375,-0.009765625,-0.0714111328125,-0.5877685546875,0.052490234375,0.80413818359375,254.619140625,1,706
1.1400606589999995,8.16796875,-4.0078125,2.95703125,0.0,-0.005859375,-0.00390625,-0.17333984375,-0.56170654296875,0.12811279296875,0.79876708984375,9.08984375,-1.6953125,2.890625,0.001953125,-0.005859375,-0.009765625,-0.0714111328125,-0.5877685546875,0.052490234375,0.80413818359375,254.619140625,3,706
1.145085874000003,8.16796875,-4.0078125,2.95703125,0.0,-0.005859375,-0.00390625,-0.17333984375,-0.56170654296875,0.12811279296875,0.79876708984375,9.08984375,-1.6953125,2.890625,0.001953125,-0.005859375,-0.009765625,-0.0714111328125,-0.5877685546875,0.052490234375,0.80413818359375,254.619140625,3,709
1.1501039529999986,8.16796875,-4.0078125,2.95703125,0.0,-0.005859375,-0.00390625,-0.17333984375,-0.56170654296875,0.12811279296875,0.79876708984375,9.08984375,-1.6953125,2.890625,0.001953125,-0.005859375,-0.009765625,-0.0714111328125,-0.5877685546875,0.052490234375,0.80413818359375,254.619140625,3,709
1.1550681760000003,8.16796875,-4.0078125,2.95703125,0.0,-0.005859375,-0.00390625,-0.17333984375,-0.56170654296875,0.12811279296875,0.79876708984375,9.08984375,-1.6953125,2.890625,0.001953125,-0.005859375,-0.009765625,-0.0714111328125,-0.5877685546875,0.052490234375,0.80413818359375,254.619140625,3,709
1.1600691350000005,8.16796875,-4.0078125,2.95703125,0.0,-0.005859375,-0.00390625,-0.17333984375,-0.56170654296875,0.12811279296875,0.79876708984375,9.12890625,-1.65625,2.8515625,0.0,0.0,0.001953125,-0.07135009765625,-0.587890625,0.0523681640625,0.8040771484375,254.619140625,1,709
1.1651115009999984,8.16796875,-4.0078125,2.95703125,0.0,-0.005859375,-0.00390625,-0.17333984375,-0.56170654296875,0.12811279296875,0.79876708984375,9.12890625,-1.65625,2.8515625,0.0,0.0,0.001953125,-0.07135009765625,-0.587890625,0.0523681640625,0.8040771484375,254.619140625,1,709
1.1700693570000027,8.1640625,-4.046875,2.95703125,0.001953125,0.0,0.001953125,-0.17333984375,-0.56170654296875,0.12811279296875,0.79876708984375,9.12890625,-1.65625,2.8515625,0.0,0.0,0.001953125,-0.07135009765625,-0.587890625,0.0523681640625,0.8040771484375,254.619140625,1,713
1.175084780000006,8.1640625,-4.046875,2.95703125,0.001953125,0.0,0.001953125,-0.17333984375,-0.56170654296875,0.12811279296875,0.79876708984375,9.12890625,-1.65625,2.8515625,0.0,0.0,0.001953125,-0.07135009765625,-0.587890625,0.0523681640625,0.8040771484375,254.619140625,1,713
1.1800823469999955,8.1640625,-4.046875,2.95703125,0.001953125,0.0,0.001953125,-0.17333984375,-0.56170654296875,0.12811279296875,0.79876708984375,9.12890625,-1.65625,2.8515625,0.0,0.0,0.001953125,-0.07135009765625,-0.587890625,0.0523681640625,0.8040771484375,254.619140625,1,713
1.1850866660000037,8.1640625,-4.046875,2.95703125,0.001953125,0.0,0.001953125,-0.17333984375,-0.56170654296875,0.12811279296875,0.79876708984375,9.08984375,-1.65625,2.8515625,0.0,0.0,0.001953125,-0.0712890625,-0.58782958984375,0.0523681640625,0.80413818359375,254.619140625,1,713
1.1900923930000005,8.1640625,-4.046875,2.95703125,0.001953125,0.0,0.001953125,-0.17333984375,-0.56170654296875,0.12811279296875,0.79876708984375,9.08984375,-1.65625,2.8515625,0.0,0.0,0.001953125,-0.0712890625,-0.58782958984375,0.0523681640625,0.80413818359375,254.619140625,1,710
1.1951031429999972,8.1640625,-4.046875,2.95703125,0.001953125,0.0,0.001953125,-0.17327880859375,-0.56170654296875,0.12811279296875,0.79876708984375,9.08984375,-1.65625,2.8515625,0.0,0.0,0.001953125,-0.0712890625,-0.58782958984375,0.0523681640625,0.80413818359375,254.619140625,1,710
1.2000614789999986,8.1640625,-4.046875,2.95703125,0.001953125,0.0,0.001953125,-0.17327880859375,-0.56170654296875,0.12811279296875,0.79876708984375,9.08984375,-1.65625,2.8515625,0.0,0.0,0.001953125,-0.0712890625,-0.58782958984375,0.0523681640625,0.80413818359375,254.619140625,0,710
1.205059238000004,8.1640625,-4.046875,2.95703125,0.001953125,0.0,0.001953125,-0.17327880859375,-0.56170654296875,0.12811279296875,0.79876708984375,9.08984375,-1.65625,2.8515625,0.0,0.0,0.001953125,-0.0712890625,-0.58782958984375,0.0523681640625,0.80413818359375,254.619140625,0,710
1.210137635999999,8.1640625,-4.046875,2.95703125,0.001953125,0.0,0.001953125,-0.17327880859375,-0.56170654296875,0.12811279296875,0.79876708984375,9.08984375,-1.65625,2.8515625,0.0,0.005859375,0.0078125,-0.0714111328125,-0.58770751953125,0.052490234375,0.80419921875,254.619140625,0,714
1.215101923000006,8.1640625,-4.046875,2.95703125,0.001953125,0.0,0.001953125,-0.17327880859375,-0.56170654296875,0.12811279296875,0.79876708984375,9.08984375,-1.65625,2.8515625,0.0,0.005859375,0.0078125,-0.0714111328125,-0.58770751953125,0.052490234375,0.80419921875,254.619140625,0,714
1.2200643230000026,8.1640625,-4.046875,2.95703125,0.0,0.005859375,0.0078125,-0.17340087890625,-0.56158447265625,0.128173828125,0.798828125,9.08984375,-1.65625,2.8515625,0.0,0.005859375,0.0078125,-0.0714111328125,-0.58770751953125,0.052490234375,0.80419921875,254.619140625,2,714
1.2250602900000018,8.1640625,-4.046875,2.95703125,0.0,0.005859375,0.0078125,-0.17340087890625,-0.56158447265625,0.128173828125,0.798828125,9.0859375,-1.734375,2.9296875,0.0,0.005859375,0.0078125,-0.0714111328125,-0.58770751953125,0.052490234375,0.80419921875,254.619140625,2,714
1.2300674890000067,8.1640625,-4.046875,2.95703125,0.0,0.005859375,0.0078125,-0.17340087890625,-0.56158447265625,0.128173828125,0.798828125,9.0859375,-1.734375,2.9296875,0.0,0.005859375,0.0078125,-0.0714111328125,-0.58770751953125,0.052490234375,0.80419921875,254.619140625,2,702
1.2350622720000075,8.1640625,-4.046875,2.95703125,0.0,0.005859375,0.0078125,-0.17340087890625,-0.56158447265625,0.128173828125,0.798828125,9.0859375,-1.734375,2.9296875,0.0,0.005859375,0.0078125,-0.0714111328125,-0.58770751953125,0.052490234375,0.80419921875,254.619140625,2,702
1.2400593910000026,8.125,-4.046875,2.95703125,0.0,0.001953125,0.00390625,-0.17340087890625,-0.56158447265625,0.128173828125,0.798828125,9.0859375,-1.734375,2.9296875,0.0,0.005859375,0.0078125,-0.0714111328125,-0.58770751953125,0.052490234375,0.80419921875,254.619140625,1,702
1.2450603820000055,8.125,-4.046875,2.95703125,0.0,0.001953125,0.00390625,-0.17340087890625,-0.56158447265625,0.128173828125,0.798828125,9.0859375,-1.734375,2.9296875,0.001953125,0.00390625,0.0078125,-0.071533203125,-0.587646484375,0.0526123046875,0.80426025390625,254.619140625,1,702
1.250105308000002,8.125,-4.046875,2.95703125,0.0,0.001953125,0.00390625,-0.17340087890625,-0.56158447265625,0.128173828125,0.798828125,9.0859375,-1.734375,2.9296875,0.001953125,0.00390625,0.0078125,-0.071533203125,-0.587646484375,0.0526123046875,0.80426025390625,254.619140625,1,707
1.2550649880000009,8.125,-4.046875,2.95703125,0.0,0.001953125,0.00390625,-0.17340087890625,-0.56158447265625,0.128173828125,0.798828125,9.0859375,-1.734375,2.9296875,0.001953125,0.00390625,0.0078125,-0.071533203125,-0.587646484375,0.0526123046875,0.80426025390625,254.619140625,1,707
1.260140665999998,8.125,-4.046875,2.95703125,0.0,0.001953125,0.00390625,-0.17340087890625,-0.56158447265625,0.128173828125,0.798828125,9.08984375,-1.7734375,2.96875,0.001953125,0.00390625,0.0078125,-0.071533203125,-0.587646484375,0.0526123046875,0.80426025390625,254.619140625,3,707
1.265109785000007,8.12890625,-4.0078125,2.95703125,0.0,0.001953125,0.00390625,-0.1734619140625,-0.56146240234375,0.1282958984375,0.79888916015625,9.08984375,-1.7734375,2.96875,0.001953125,0.00390625,0.0078125,-0.071533203125,-0.587646484375,0.0526123046875,0.80426025390625,254.619140625,3,707
1.2700959280000035,8.12890625,-4.0078125,2.95703125,0.0,0.001953125,0.00390625,-0.1734619140625,-0.56146240234375,0.1282958984375,0.79888916015625,9.08984375,-1.7734375,2.96875,0.001953125,0.00390625,0.0078125,-0.071533203125,-0.587646484375,0.0526123046875,0.80426025390625,254.619140625,3,704
1.275090487,8.12890625,-4.0078125,2.95703125,0.0,0.001953125,0.00390625,-0.1734619140625,-0.56146240234375,0.1282958984375,0.79888916015625,9.08984375,-1.7734375,2.96875,0.001953125,0.00390625,0.0078125,-0.071533203125,-0.587646484375,0.0526123046875,0.80426025390625,254.619140625,3,704
1.2801365020000048,8.12890625,-4.0078125,2.95703125,0.0,0.001953125,0.00390625,-0.1734619140625,-0.56146240234375,0.1282958984375,0.79888916015625,9.08984375,-1.7734375,2.96875,0.001953125,0.00390625,0.0078125,-0.071533203125,-0.587646484375,0.0526123046875,0.80426025390625,254.619140625,2,704
1.2850593499999974,8.12890625,-4.0078125,2.95703125,0.0,0.001953125,0.00390625,-0.1734619140625,-0.56146240234375,0.1282958984375,0.79888916015625,9.08984375,-1.7734375,2.96875,0.001953125,0.00390625,0.0078125,-0.071533203125,-0.587646484375,0.0526123046875,0.80426025390625,254.619140625,2,704
1.2900919559999977,8.12890625,-4.0078125,2.95703125,0.0,0.001953125,0.00390625,-0.1734619140625,-0.56146240234375,0.1282958984375,0.79888916015625,9.08984375,-1.7734375,2.96875,0.001953125,0.00390625,0.0078125,-0.071533203125,-0.587646484375,0.0526123046875,0.80426025390625,254.619140625,2,704
1.2950767549999966,8.12890625,-4.0078125,2.95703125,0.0,-0.00390625,-0.00390625,-0.1734619140625,-0.56146240234375,0.1282958984375,0.79888916015625,9.08984375,-1.7734375,2.96875,0.001953125,-0.005859375,-0.005859375,-0.07147216796875,-0.587646484375,0.0526123046875,0.80419921875,254.619140625,2,712
1.300061778,8.12890625,-4.0078125,2.95703125,0.0,-0.00390625,-0.00390625,-0.1734619140625,-0.56146240234375,0.1282958984375,0.79888916015625,9.08984375,-1.7734375,2.96875,0.001953125,-0.005859375,-0.005859375,-0.07147216796875,-0.587646484375,0.0526123046875,0.80419921875,254.619140625,3,712
1.3051015850000027,8.12890625,-4.0078125,2.95703125,0.0,-0.00390625,-0.00390625,-0.1734619140625,-0.56146240234375,0.1282958984375,0.79888916015625,9.08984375,-1.7734375,2.96875,0.001953125,-0.005859375,-0.005859375,-0.07147216796875,-0.587646484375,0.0526123046875,0.80419921875,254.619140625,3,712
1.3100681439999988,8.12890625,-4.0078125,2.95703125,0.0,-0.00390625,-0.00390625,-0.1734619140625,-0.56146240234375,0.1282958984375,0.79888916015625,9.08984375,-1.7734375,2.96875,0.001953125,-0.005859375,-0.005859375,-0.07147216796875,-0.587646484375,0.0526123046875,0.80419921875,254.619140625,3,712
1.3150620309999965,8.12890625,-4.0078125,2.95703125,0.0,-0.00390625,-0.00390625,-0.1734619140625,-0.56146240234375,0.1282958984375,0.79888916015625,9.08984375,-1.7734375,2.96875,0.001953125,-0.005859375,-0.005859375,-0.07147216796875,-0.587646484375,0.0526123046875,0.80419921875,254.619140625,3,712
1.3200933899999967,8.12890625,-4.0078125,2.95703125,0.0,-0.00390625,-0.00390625,-0.1734619140625,-0.56146240234375,0.1282958984375,0.79888916015625,9.0859375,-1.734375,2.9296875,0.0,-0.005859375,-0.01171875,-0.07147216796875,-0.587646484375,0.0526123046875,0.80419921875,254.619140625,2,712
1.3251800759999952,8.12890625,-4.0078125,2.95703125,-0.0078125,-0.0078125,-0.009765625,-0.1734619140625,-0.56146240234375,0.1282958984375,0.79888916015625,9.0859375,-1.734375,2.9296875,0.0,-0.005859375,-0.01171875,-0.07147216796875,-0.587646484375,0.0526123046875,0.80419921875,254.619140625,2,712
1.330074572000001,8.12890625,-4.0078125,2.95703125,-0.0078125,-0.0078125,-0.009765625,-0.1734619140625,-0.56146240234375,0.1282958984375,0.79888916015625,9.0859375,-1.734375,2.9296875,0.0,-0.005859375,-0.01171875,-0.07147216796875,-0.587646484375,0.0526123046875,0.80419921875,254.619140625,2,710
1.3350863470000007,8.12890625,-4.0078125,2.95703125,-0.0078125,-0.0078125,-0.009765625,-0.1734619140625,-0.56146240234375,0.1282958984375,0.79888916015625,9.0859375,-1.734375,2.9296875,0.0,-0.005859375,-0.01171875,-0.07147216796875,-0.587646484375,0.0526123046875,0.80419921875,254.619140625,2,710
1.3400698979999959,8.12890625,-4.0078125,2.95703125,-0.0078125,-0.0078125,-0.009765625,-0.1734619140625,-0.56146240234375,0.1282958984375,0.79888916015625,9.12890625,-1.65625,2.8515625,0.0,-0.005859375,-0.01171875,-0.07135009765625,-0.5877685546875,0.05242919921875,0.80413818359375,254.619140625,2,710
1.3450746010000074,8.12890625,-4.0078125,2.95703125,-0.0078125,-0.0078125,-0.009765625,-0.1734619140625,-0.56146240234375,0.1282958984375,0.79888916015625,9.12890625,-1.65625,2.8515625,0.0,-0.005859375,-0.01171875,-0.07135009765625,-0.5877685546875,0.05242919921875,0.80413818359375,254.619140625,2,705
1.3500737039999962,8.1640625,-4.046875,2.95703125,-0.0078125,-0.0078125,-0.009765625,-0.17340087890625,-0.5616455078125,0.128173828125,0.798828125,9.12890625,-1.65625,2.8515625,0.0,-0.005859375,-0.01171875,-0.07135009765625,-0.5877685546875,0.05242919921875,0.80413818359375,254.619140625,2,705
1.355069639000007,8.1640625,-4.046875,2.95703125,-0.0078125,-0.0078125,-0.009765625,-0.17340087890625,-0.5616455078125,0.128173828125,0.798828125,9.12890625,-1.65625,2.8515625,0.0,-0.005859375,-0.01171875,-0.07135009765625,-0.5877685546875,0.05242919921875,0.80413818359375,254.619140625,0,705
1.360069382000006,8.1640625,-4.046875,2.95703125,-0.0078125,-0.0078125,-0.009765625,-0.17340087890625,-0.5616455078125,0.128173828125,0.798828125,9.12890625,-1.65625,2.8515625,0.0,-0.005859375,-0.01171875,-0.07135009765625,-0.5877685546875,0.05242919921875,0.80413818359375,254.619140625,0,705
1.3650731569999977,8.1640625,-4.046875,2.95703125,-0.0078125,-0.0078125,-0.009765625,-0.17340087890625,-0.5616455078125,0.128173828125,0.798828125,9.12890625,-1.65625,2.8515625,-0.00390625,0.0,-0.001953125,-0.07135009765625,-0.58782958984375,0.0523681640625,0.80413818359375,254.619140625,0,710
1.370076228000002,8.1640625,-4.046875,2.95703125,0.0,-0.001953125,-0.00390625,-0.17333984375,-0.56170654296875,0.1280517578125,0.79876708984375,9.12890625,-1.65625,2.8515625,-0.00390625,0.0,-0.001953125,-0.07135009765625,-0.58782958984375,0.0523681640625,0.80413818359375,254.619140625,0,710
1.375178242000004,8.1640625,-4.046875,2.95703125,0.0,-0.001953125,-0.00390625,-0.17333984375,-0.56170654296875,0.1280517578125,0.79876708984375,9.12890625,-1.65625,2.8515625,-0.00390625,0.0,-0.001953125,-0.07135009765625,-0.58782958984375,0.0523681640625,0.80413818359375,254.619140625,1,710
1.3800706260000055,8.1640625,-4.046875,2.95703125,0.0,-0.001953125,-0.00390625,-0.17333984375,-0.56170654296875,0.1280517578125,0.79876708984375,9.125,-1.62109375,2.8515625,-0.00390625,0.0,-0.001953125,-0.07135009765625,-0.58782958984375,0.0523681640625,0.80413818359375,254.619140625,1,710
1.3850724170000035,8.20703125,-4.0078125,2.95703125,0.0,-0.001953125,-0.00390625,-0.17333984375,-0.56170654296875,0.1280517578125,0.79876708984375,9.125,-1.62109375,2.8515625,-0.00390625,0.0,-0.001953125,-0.07135009765625,-0.58782958984375,0.0523681640625,0.80413818359375,254.619140625,1,706
1.3900728960000066,8.20703125,-4.0078125,2.95703125,0.0,-0.001953125,-0.00390625,-0.17333984375,-0.56170654296875,0.1280517578125,0.79876708984375,9.125,-1.62109375,2.8515625,-0.00390625,0.0,-0.001953125,-0.07135009765625,-0.58782958984375,0.0523681640625,0.80413818359375,254.619140625,1,706
1.3951240300000052,8.20703125,-4.0078125,2.95703125,0.0,-0.001953125,-0.00390625,-0.17333984375,-0.56170654296875,0.1280517578125,0.79876708984375,9.125,-1.62109375,2.8515625,-0.00390625,0.0,-0.001953125,-0.07135009765625,-0.58782958984375,0.0523681640625,0.80413818359375,254.619140625,1,706
1.400595831000004,8.20703125,-4.0078125,2.95703125,0.0,-0.001953125,-0.00390625,-0.17333984375,-0.56170654296875,0.1280517578125,0.79876708984375,9.125,-1.62109375,2.8515625,-0.00390625,0.0,-0.001953125,-0.07135009765625,-0.58782958984375,0.0523681640625,0.80413818359375,254.619140625,1,706
1.4051301399999971,8.20703125,-4.0078125,2.95703125,0.0,-0.001953125,-0.00390625,-0.17333984375,-0.56170654296875,0.1280517578125,0.79876708984375,9.125,-1.62109375,2.8515625,-0.00390625,0.0,-0.001953125,-0.07135009765625,-0.58782958984375,0.0523681640625,0.80413818359375,254.619140625,1,706
1.4100680279999978,8.20703125,-4.0078125,2.95703125,0.0,-0.001953125,-0.00390625,-0.17333984375,-0.56170654296875,0.1280517578125,0.79876708984375,9.08984375,-1.65625,2.8515625,0.001953125,0.005859375,0.009765625,-0.07135009765625,-0.58782958984375,0.0523681640625,0.80413818359375,254.619140625,1,706
1.415064314999995,8.20703125,-4.0078125,2.95703125,0.0,-0.001953125,-0.00390625,-0.17333984375,-0.56170654296875,0.1280517578125,0.79876708984375,9.08984375,-1.65625,2.8515625,0.001953125,0.005859375,0.009765625,-0.07135009765625,-0.58782958984375,0.0523681640625,0.80413818359375,254.619140625,1,706
1.4200988089999953,8.125,-4.046875,2.99609375,0.0,0.0078125,0.0078125,-0.17340087890625,-0.56158447265625,0.128173828125,0.798828125,9.08984375,-1.65625,2.8515625,0.001953125,0.005859375,0.009765625,-0.07135009765625,-0.58782958984375,0.0523681640625,0.80413818359375,254.619140625,1,714
1.4251039600000013,8.125,-4.046875,2.99609375,0.0,0.0078125,0.0078125,-0.17340087890625,-0.56158447265625,0.128173828125,0.798828125,9.08984375,-1.65625,2.8515625,0.001953125,0.005859375,0.009765625,-0.07135009765625,-0.58782958984375,0.0523681640625,0.80413818359375,254.619140625,1,714
1.4300754799999993,8.125,-4.046875,2.99609375,0.0,0.0078125,0.0078125,-0.17340087890625,-0.56158447265625,0.128173828125,0.798828125,9.08984375,-1.65625,2.8515625,0.001953125,0.005859375,0.009765625,-0.07135009765625,-0.58782958984375,0.0523681640625,0.80413818359375,254.619140625,2,714
1.4350883420000002,8.125,-4.046875,2.99609375,0.0,0.0078125,0.0078125,-0.17340087890625,-0.56158447265625,0.128173828125,0.798828125,9.08984375,-1.65625,2.8515625,0.001953125,0.005859375,0.009765625,-0.07135009765625,-0.58782958984375,0.0523681640625,0.80413818359375,254.619140625,2,714
1.4400704220000051,8.125,-4.046875,2.99609375,0.0,0.0078125,0.0078125,-0.17340087890625,-0.56158447265625,0.128173828125,0.798828125,9.08984375,-1.65625,2.8515625,0.0,0.005859375,0.0078125,-0.0714111328125,-0.58770751953125,0.05242919921875,0.80419921875,254.619140625,2,695
1.4450763079999973,8.125,-4.046875,2.99609375,0.0,0.0078125,0.0078125,-0.17340087890625,-0.56158447265625,0.128173828125,0.798828125,9.08984375,-1.65625,2.8515625,0.0,0.005859375,0.0078125,-0.0714111328125,-0.58770751953125,0.05242919921875,0.80419921875,254.619140625,2,695
1.4500686279999968,8.125,-4.046875,2.99609375,0.0,0.0078125,0.0078125,-0.17340087890625,-0.56158447265625,0.128173828125,0.798828125,9.08984375,-1.65625,2.8515625,0.0,0.005859375,0.0078125,-0.0714111328125,-0.58770751953125,0.05242919921875,0.80419921875,254.619140625,2,695
1.4551025779999947,8.125,-4.046875,2.95703125,0.00390625,0.005859375,0.0078125,-0.17352294921875,-0.56146240234375,0.12835693359375,0.79888916015625,9.08984375,-1.65625,2.8515625,0.0,0.005859375,0.0078125,-0.0714111328125,-0.58770751953125,0.05242919921875,0.80419921875,254.619140625,1,695
1.4600930090000048,8.125,-4.046875,2.95703125,0.00390625,0.005859375,0.0078125,-0.17352294921875,-0.56146240234375,0.12835693359375,0.79888916015625,9.08984375,-1.65625,2.8515625,0.0,0.005859375,0.0078125,-0.0714111328125,-0.58770751953125,0.05242919921875,0.80419921875,254.619140625,1,702
1.465074672,8.125,-4.046875,2.95703125,0.00390625,0.005859375,0.0078125,-0.17352294921875,-0.56146240234375,0.12835693359375,0.79888916015625,9.0859375,-1.7734375,2.9296875,0.0,0.005859375,0.0078125,-0.071533203125,-0.58758544921875,0.05255126953125,0.80426025390625,254.619140625,1,702
1.4700958869999994,8.125,-4.046875,2.95703125,0.00390625,0.005859375,0.0078125,-0.17352294921875,-0.56146240234375,0.12835693359375,0.79888916015625,9.0859375,-1.7734375,2.9296875,0.0,0.005859375,0.0078125,-0.071533203125,-0.58758544921875,0.05255126953125,0.80426025390625,254.619140625,1,702
1.4750721099999993,8.125,-4.046875,2.95703125,0.00390625,0.005859375,0.0078125,-0.17352294921875,-0.56146240234375,0.12835693359375,0.79888916015625,9.0859375,-1.7734375,2.9296875,0.0,0.005859375,0.0078125,-0.071533203125,-0.58758544921875,0.05255126953125,0.80426025390625,254.619140625,1,702
1.4800768449999993,8.125,-4.046875,2.95703125,0.00390625,0.005859375,0.0078125,-0.17352294921875,-0.56146240234375,0.12835693359375,0.79888916015625,9.0859375,-1.7734375,2.9296875,0.0,0.005859375,0.0078125,-0.071533203125,-0.58758544921875,0.05255126953125,0.80426025390625,254.619140625,1,701
1.4851084600000064,8.125,-4.046875,2.95703125,0.00390625,0.005859375,0.0078125,-0.17352294921875,-0.56146240234375,0.12835693359375,0.79888916015625,9.0859375,-1.7734375,2.9296875,0.0,0.005859375,0.0078125,-0.071533203125,-0.58758544921875,0.05255126953125,0.80426025390625,254.619140625,1,701
1.4900939949999952,8.12890625,-4.0078125,2.95703125,-0.001953125,-0.001953125,0.0,-0.17352294921875,-0.56146240234375,0.12835693359375,0.79888916015625,9.05078125,-1.8125,2.96875,0.00390625,-0.001953125,-0.00390625,-0.071533203125,-0.58758544921875,0.05255126953125,0.80426025390625,254.619140625,1,701
1.495081994000003,8.12890625,-4.0078125,2.95703125,-0.001953125,-0.001953125,0.0,-0.17352294921875,-0.56146240234375,0.12835693359375,0.79888916015625,9.05078125,-1.8125,2.96875,0.00390625,-0.001953125,-0.00390625,-0.071533203125,-0.58758544921875,0.05255126953125,0.80426025390625,254.619140625,3,701
1.5000933209999943,8.12890625,-4.0078125,2.95703125,-0.001953125,-0.001953125,0.0,-0.17352294921875,-0.56146240234375,0.12835693359375,0.79888916015625,9.05078125,-1.8125,2.96875,0.00390625,-0.001953125,-0.00390625,-0.071533203125,-0.58758544921875,0.05255126953125,0.80426025390625,254.619140625,3,701
1.5050924559999999,8.12890625,-4.0078125,2.95703125,-0.001953125,-0.001953125,0.0,-0.17352294921875,-0.56146240234375,0.12835693359375,0.79888916015625,9.05078125,-1.8125,2.96875,0.00390625,-0.001953125,-0.00390625,-0.071533203125,-0.58758544921875,0.05255126953125,0.80426025390625,254.619140625,3,706
1.5100651909999954,8.12890625,-4.0078125,2.95703125,-0.001953125,-0.001953125,0.0,-0.17352294921875,-0.56146240234375,0.12835693359375,0.79888916015625,9.05078125,-1.8125,2.96875,0.00390625,-0.001953125,-0.00390625,-0.071533203125,-0.58758544921875,0.05255126953125,0.80426025390625,254.619140625,3,706
1.5150653179999978,8.12890625,-4.0078125,2.95703125,-0.001953125,-0.001953125,0.0,-0.1734619140625,-0.5614013671875,0.12835693359375,0.79888916015625,9.046875,-1.7734375,2.96875,0.00390625,-0.001953125,-0.00390625,-0.07147216796875,-0.58758544921875,0.05255126953125,0.8043212890625,254.619140625,1,706
1.5200888690000056,8.12890625,-4.0078125,2.95703125,-0.001953125,-0.001953125,0.0,-0.1734619140625,-0.5614013671875,0.12835693359375,0.79888916015625,9.046875,-1.7734375,2.96875,0.00390625,-0.001953125,-0.00390625,-0.07147216796875,-0.58758544921875,0.05255126953125,0.8043212890625,254.619140625,1,706
1.5250855400000063,8.12890625,-4.0078125,2.95703125,-0.001953125,-0.001953125,0.0,-0.1734619140625,-0.5614013671875,0.12835693359375,0.79888916015625,9.046875,-1.7734375,2.96875,0.00390625,-0.001953125,-0.00390625,-0.07147216796875,-0.58758544921875,0.05255126953125,0.8043212890625,254.619140625,1,707
1.530060867000003,8.12890625,-4.0078125,2.95703125,-0.001953125,-0.001953125,0.0,-0.1734619140625,-0.5614013671875,0.12835693359375,0.79888916015625,9.046875,-1.7734375,2.96875,0.00390625,-0.001953125,-0.00390625,-0.07147216796875,-0.58758544921875,0.05255126953125,0.8043212890625,254.619140625,1,707
1.5350580820000062,8.12890625,-4.0078125,2.95703125,-0.001953125,-0.001953125,0.0,-0.1734619140625,-0.5614013671875,0.12835693359375,0.79888916015625,9.046875,-1.7734375,2.96875,0.00390625,-0.001953125,-0.00390625,-0.07147216796875,-0.58758544921875,0.05255126953125,0.8043212890625,254.619140625,2,707
1.540216350999998,8.12890625,-4.0078125,2.95703125,-0.005859375,-0.0078125,-0.013671875,-0.17340087890625,-0.5615234375,0.12823486328125,0.798828125,9.08984375,-1.6953125,2.9296875,0.00390625,-0.005859375,-0.01171875,-0.07135009765625,-0.587646484375,0.05242919921875,0.80426025390625,254.619140625,2,707
1.5450684160000066,8.12890625,-4.0078125,2.95703125,-0.005859375,-0.0078125,-0.013671875,-0.17340087890625,-0.5615234375,0.12823486328125,0.798828125,9.08984375,-1.6953125,2.9296875,0.00390625,-0.005859375,-0.01171875,-0.07135009765625,-0.587646484375,0.05242919921875,0.80426025390625,254.619140625,2,707
1.5500842550000016,8.12890625,-4.0078125,2.95703125,-0.005859375,-0.0078125,-0.013671875,-0.17340087890625,-0.5615234375,0.12823486328125,0.798828125,9.08984375,-1.6953125,2.9296875,0.00390625,-0.005859375,-0.01171875,-0.07135009765625,-0.587646484375,0.05242919921875,0.80426025390625,254.619140625,2,709
1.5550749100000019,8.12890625,-4.0078125,2.95703125,-0.005859375,-0.0078125,-0.013671875,-0.17340087890625,-0.5615234375,0.12823486328125,0.798828125,9.08984375,-1.6953125,2.9296875,0.00390625,-0.005859375,-0.01171875,-0.07135009765625,-0.587646484375,0.05242919921875,0.80426025390625,254.619140625,2,709
1.5600655329999995,8.12890625,-4.0078125,2.95703125,-0.005859375,-0.0078125,-0.013671875,-0.17340087890625,-0.5615234375,0.12823486328125,0.798828125,9.08984375,-1.6953125,2.9296875,0.00390625,-0.005859375,-0.01171875,-0.07135009765625,-0.587646484375,0.05242919921875,0.80426025390625,254.619140625,0,709
1.565116506999999,8.12890625,-4.0078125,2.95703125,-0.005859375,-0.0078125,-0.013671875,-0.17340087890625,-0.5615234375,0.12823486328125,0.798828125,9.08984375,-1.6953125,2.9296875,0.00390625,-0.005859375,-0.01171875,-0.07135009765625,-0.587646484375,0.05242919921875,0.80426025390625,254.619140625,0,709
1.570060570999999,8.16796875,-4.0078125,2.95703125,0.0,-0.00390625,-0.005859375,-0.17340087890625,-0.5615234375,0.12823486328125,0.798828125,9.08984375,-1.6953125,2.9296875,0.00390625,-0.005859375,-0.01171875,-0.07135009765625,-0.587646484375,0.05242919921875,0.80426025390625,254.619140625,0,709
1.5751277049999999,8.16796875,-4.0078125,2.95703125,0.0,-0.00390625,-0.005859375,-0.17340087890625,-0.5615234375,0.12823486328125,0.798828125,9.12890625,-1.65625,2.8515625,-0.001953125,-0.00390625,-0.005859375,-0.0712890625,-0.5877685546875,0.0523681640625,0.80419921875,254.619140625,0,712
1.5800675769999941,8.16796875,-4.0078125,2.95703125,0.0,-0.00390625,-0.005859375,-0.17340087890625,-0.5615234375,0.12823486328125,0.798828125,9.12890625,-1.65625,2.8515625,-0.001953125,-0.00390625,-0.005859375,-0.0712890625,-0.5877685546875,0.0523681640625,0.80419921875,254.619140625,0,712
1.5851056550000067,8.1640625,-4.046875,2.95703125,0.0,-0.00390625,-0.005859375,-0.17327880859375,-0.5616455078125,0.12811279296875,0.798828125,9.12890625,-1.65625,2.8515625,-0.001953125,-0.00390625,-0.005859375,-0.0712890625,-0.5877685546875,0.0523681640625,0.80419921875,254.619140625,2,712
1.5900915750000024,8.1640625,-4.046875,2.95703125,0.0,-0.00390625,-0.005859375,-0.17327880859375,-0.5616455078125,0.12811279296875,0.798828125,9.12890625,-1.65625,2.8515625,-0.001953125,-0.00390625,-0.005859375,-0.0712890625,-0.5877685546875,0.0523681640625,0.80419921875,254.619140625,2,712
1.5950739099999964,8.1640625,-4.046875,2.95703125,0.0,-0.00390625,-0.005859375,-0.17327880859375,-0.5616455078125,0.12811279296875,0.798828125,9.12890625,-1.65625,2.8515625,-0.001953125,-0.00390625,-0.005859375,-0.0712890625,-0.5877685546875,0.0523681640625,0.80419921875,254.619140625,2,712
1.6000795409999995,8.1640625,-4.046875,2.95703125,0.0,-0.00390625,-0.005859375,-0.17327880859375,-0.5616455078125,0.12811279296875,0.798828125,9.12890625,-1.65625,2.8515625,-0.001953125,-0.00390625,-0.005859375,-0.0712890625,-0.5877685546875,0.0523681640625,0.80419921875,254.619140625,2,712
1.6050764040000018,8.1640625,-4.046875,2.95703125,0.0,-0.00390625,-0.005859375,-0.17327880859375,-0.5616455078125,0.12811279296875,0.798828125,9.12890625,-1.65625,2.8515625,-0.00390625,0.0,0.005859375,-0.0712890625,-0.5877685546875,0.0523681640625,0.80419921875,254.619140625,0,712
1.6100596990000042,8.1640625,-4.046875,2.95703125,0.001953125,0.005859375,0.005859375,-0.17327880859375,-0.5616455078125,0.12811279296875,0.798828125,9.12890625,-1.65625,2.8515625,-0.00390625,0.0,0.005859375,-0.0712890625,-0.5877685546875,0.0523681640625,0.80419921875,254.619140625,0,712
1.6150616179999986,8.1640625,-4.046875,2.95703125,0.001953125,0.005859375,0.005859375,-0.17327880859375,-0.5616455078125,0.12811279296875,0.798828125,9.12890625,-1.65625,2.8515625,-0.00390625,0.0,0.005859375,-0.0712890625,-0.5877685546875,0.0523681640625,0.80419921875,254.619140625,0,714
1.6203572290000068,8.1640625,-4.046875,2.95703125,0.001953125,0.005859375,0.005859375,-0.17327880859375,-0.5616455078125,0.12811279296875,0.798828125,9.12890625,-1.65625,2.8515625,-0.00390625,0.0,0.005859375,-0.0712890625,-0.5877685546875,0.0523681640625,0.80419921875,254.619140625,0,714
1.6252433089999982,8.1640625,-4.046875,2.95703125,0.001953125,0.005859375,0.005859375,-0.17333984375,-0.5615234375,0.128173828125,0.79888916015625,9.12890625,-1.65625,2.8515625,-0.00390625,0.0,0.005859375,-0.0712890625,-0.5877685546875,0.0523681640625,0.80419921875,254.619140625,1,714
1.6300661589999947,8.1640625,-4.046875,2.95703125,0.001953125,0.005859375,0.005859375,-0.17333984375,-0.5615234375,0.128173828125,0.79888916015625,9.08984375,-1.6953125,2.890625,-0.00390625,0.0,0.005859375,-0.07135009765625,-0.58770751953125,0.05242919921875,0.80419921875,254.619140625,1,714
1.635153900000006,8.1640625,-4.046875,2.95703125,0.001953125,0.005859375,0.005859375,-0.17333984375,-0.5615234375,0.128173828125,0.79888916015625,9.08984375,-1.6953125,2.890625,-0.00390625,0.0,0.005859375,-0.07135009765625,-0.58770751953125,0.05242919921875,0.80419921875,254.619140625,1,710
1.6400856439999956,8.1640625,-4.046875,2.95703125,0.001953125,0.005859375,0.005859375,-0.17333984375,-0.5615234375,0.128173828125,0.79888916015625,9.08984375,-1.6953125,2.890625,-0.00390625,0.0,0.005859375,-0.07135009765625,-0.58770751953125,0.05242919921875,0.80419921875,254.619140625,1,710
1.6450721070000043,8.1640625,-4.046875,2.95703125,0.001953125,0.005859375,0.005859375,-0.17333984375,-0.5615234375,0.128173828125,0.79888916015625,9.08984375,-1.6953125,2.890625,-0.00390625,0.0,0.005859375,-0.07135009765625,-0.58770751953125,0.05242919921875,0.80419921875,254.619140625,3,710
1.6500661550000046,8.1640625,-4.046875,2.95703125,0.001953125,0.005859375,0.0078125,-0.17333984375,-0.5615234375,0.128173828125,0.79888916015625,9.08984375,-1.6953125,2.890625,-0.00390625,0.0,0.005859375,-0.07135009765625,-0.58770751953125,0.05242919921875,0.80419921875,254.619140625,3,710
1.655068104999998,8.1640625,-4.046875,2.95703125,0.001953125,0.005859375,0.0078125,-0.17333984375,-0.5615234375,0.128173828125,0.79888916015625,9.08984375,-1.6953125,2.890625,0.001953125,0.005859375,0.0078125,-0.07147216796875,-0.58758544921875,0.05255126953125,0.8043212890625,254.619140625,3,698
1.6600752720000003,8.1640625,-4.046875,2.95703125,0.001953125,0.005859375,0.0078125,-0.17333984375,-0.5615234375,0.128173828125,0.79888916015625,9.08984375,-1.6953125,2.890625,0.001953125,0.005859375,0.0078125,-0.07147216796875,-0.58758544921875,0.05255126953125,0.8043212890625,254.619140625,3,698
1.665168902000005,8.1640625,-4.046875,2.95703125,0.001953125,0.005859375,0.0078125,-0.17333984375,-0.5615234375,0.128173828125,0.79888916015625,9.08984375,-1.6953125,2.890625,0.001953125,0.005859375,0.0078125,-0.07147216796875,-0.58758544921875,0.05255126953125,0.8043212890625,254.619140625,2,698
1.6700639419999987,8.1640625,-4.046875,2.95703125,0.001953125,0.005859375,0.0078125,-0.17333984375,-0.5615234375,0.128173828125,0.79888916015625,9.08984375,-1.6953125,2.890625,0.001953125,0.005859375,0.0078125,-0.07147216796875,-0.58758544921875,0.05255126953125,0.8043212890625,254.619140625,2,698
1.6751396519999986,8.12890625,-4.0078125,2.95703125,0.001953125,0.005859375,0.0078125,-0.17340087890625,-0.5614013671875,0.12835693359375,0.7989501953125,9.08984375,-1.6953125,2.890625,0.001953125,0.005859375,0.0078125,-0.07147216796875,-0.58758544921875,0.05255126953125,0.8043212890625,254.619140625,2,698
1.6801244840000038,8.12890625,-4.0078125,2.95703125,0.001953125,0.005859375,0.0078125,-0.17340087890625,-0.5614013671875,0.12835693359375,0.7989501953125,9.0859375,-1.734375,2.9296875,0.0,-0.001953125,-0.001953125,-0.07147216796875,-0.58758544921875,0.05255126953125,0.8043212890625,254.619140625,2,695
1.6854699820000008,8.12890625,-4.0078125,2.95703125,0.001953125,0.005859375,0.0078125,-0.17340087890625,-0.5614013671875,0.12835693359375,0.7989501953125,9.0859375,-1.734375,2.9296875,0.0,-0.001953125,-0.001953125,-0.07147216796875,-0.58758544921875,0.05255126953125,0.8043212890625,254.619140625,2,695
1.690055970000003,8.12890625,-4.0078125,2.95703125,0.001953125,0.005859375,0.0078125,-0.17340087890625,-0.5614013671875,0.12835693359375,0.7989501953125,9.0859375,-1.734375,2.9296875,0.0,-0.001953125,-0.001953125,-0.07147216796875,-0.58758544921875,0.05255126953125,0.8043212890625,254.619140625,1,695
1.695118721,8.12890625,-4.0078125,2.95703125,0.001953125,0.005859375,0.0078125,-0.17340087890625,-0.5614013671875,0.12835693359375,0.7989501953125,9.0859375,-1.734375,2.9296875,0.0,-0.001953125,-0.001953125,-0.07147216796875,-0.58758544921875,0.05255126953125,0.8043212890625,254.619140625,1,695
1.7001891830000062,8.12890625,-4.0078125,2.95703125,0.001953125,0.005859375,0.0078125,-0.17340087890625,-0.5614013671875,0.12835693359375,0.7989501953125,9.0859375,-1.734375,2.9296875,0.0,-0.001953125,-0.001953125,-0.07147216796875,-0.58758544921875,0.05255126953125,0.8043212890625,254.619140625,1,695
1.7050674869999938,8.12890625,-4.0078125,2.95703125,0.001953125,0.0,0.001953125,-0.17340087890625,-0.56134033203125,0.12841796875,0.7989501953125,9.0859375,-1.734375,2.9296875,0.0,-0.001953125,-0.001953125,-0.07147216796875,-0.58758544921875,0.05255126953125,0.8043212890625,254.619140625,1,714
1.710068702000001,8.12890625,-4.0078125,2.95703125,0.001953125,0.0,0.001953125,-0.17340087890625,-0.56134033203125,0.12841796875,0.7989501953125,9.046875,-1.7734375,2.96875,0.0,-0.001953125,-0.001953125,-0.07147216796875,-0.5875244140625,0.0526123046875,0.8043212890625,254.619140625,1,714
1.7150945570000005,8.12890625,-4.0078125,2.95703125,0.001953125,0.0,0.001953125,-0.17340087890625,-0.56134033203125,0.12841796875,0.7989501953125,9.046875,-1.7734375,2.96875,0.0,-0.001953125,-0.001953125,-0.07147216796875,-0.5875244140625,0.0526123046875,0.8043212890625,254.619140625,2,714
1.7200750359999972,8.12890625,-4.0078125,2.95703125,0.001953125,0.0,0.001953125,-0.17340087890625,-0.56134033203125,0.12841796875,0.7989501953125,9.046875,-1.7734375,2.96875,0.0,-0.001953125,-0.001953125,-0.07147216796875,-0.5875244140625,0.0526123046875,0.8043212890625,254.619140625,2,714
1.7250731150000007,8.12890625,-4.0078125,2.95703125,0.001953125,0.0,0.001953125,-0.17340087890625,-0.56134033203125,0.12841796875,0.7989501953125,9.046875,-1.7734375,2.96875,0.0,-0.001953125,-0.001953125,-0.07147216796875,-0.5875244140625,0.0526123046875,0.8043212890625,254.619140625,2,708
1.730096218,8.12890625,-4.0078125,2.95703125,0.0,-0.005859375,-0.005859375,-0.17340087890625,-0.56134033203125,0.12841796875,0.7989501953125,9.046875,-1.7734375,2.96875,0.0,-0.001953125,-0.001953125,-0.07147216796875,-0.5875244140625,0.0526123046875,0.8043212890625,254.619140625,2,708
1.7350856249999964,8.12890625,-4.0078125,2.95703125,0.0,-0.005859375,-0.005859375,-0.17340087890625,-0.56134033203125,0.12841796875,0.7989501953125,9.0859375,-1.734375,2.9296875,0.001953125,-0.00390625,-0.005859375,-0.0714111328125,-0.58758544921875,0.05255126953125,0.8043212890625,254.619140625,2,708
1.7400749039999965,8.12890625,-4.0078125,2.95703125,0.0,-0.005859375,-0.005859375,-0.17340087890625,-0.56134033203125,0.12841796875,0.7989501953125,9.0859375,-1.734375,2.9296875,0.001953125,-0.00390625,-0.005859375,-0.0714111328125,-0.58758544921875,0.05255126953125,0.8043212890625,254.619140625,2,708
1.7450781029999973,8.16796875,-4.0078125,2.95703125,0.0,-0.005859375,-0.005859375,-0.17333984375,-0.5614013671875,0.12835693359375,0.7989501953125,9.0859375,-1.734375,2.9296875,0.001953125,-0.00390625,-0.005859375,-0.0714111328125,-0.58758544921875,0.05255126953125,0.8043212890625,254.619140625,2,706
1.750068822000003,8.16796875,-4.0078125,2.95703125,0.0,-0.005859375,-0.005859375,-0.17333984375,-0.5614013671875,0.12835693359375,0.7989501953125,9.0859375,-1.734375,2.9296875,0.001953125,-0.00390625,-0.005859375,-0.0714111328125,-0.58758544921875,0.05255126953125,0.8043212890625,254.619140625,2,706
1.7550711250000006,8.16796875,-4.0078125,2.95703125,0.0,-0.005859375,-0.005859375,-0.17333984375,-0.5614013671875,0.12835693359375,0.7989501953125,9.0859375,-1.734375,2.9296875,0.001953125,-0.00390625,-0.005859375,-0.0714111328125,-0.58758544921875,0.05255126953125,0.8043212890625,254.619140625,1,706
1.7600879560000067,8.16796875,-4.0078125,2.95703125,0.0,-0.005859375,-0.005859375,-0.17333984375,-0.5614013671875,0.12835693359375,0.7989501953125,9.0859375,-1.734375,2.9296875,0.001953125,-0.00390625,-0.005859375,-0.0714111328125,-0.58758544921875,0.05255126953125,0.8043212890625,254.619140625,1,706
1.7650692990000039,8.16796875,-4.0078125,2.95703125,0.0,-0.005859375,-0.005859375,-0.17333984375,-0.5614013671875,0.12835693359375,0.7989501953125,9.08984375,-1.6953125,2.890625,-0.001953125,-0.005859375,-0.005859375,-0.0714111328125,-0.58758544921875,0.05255126953125,0.8043212890625,254.619140625,1,708
1.7700747699999937,8.16796875,-4.0078125,2.95703125,-0.001953125,-0.00390625,-0.00390625,-0.17333984375,-0.5614013671875,0.12835693359375,0.7989501953125,9.08984375,-1.6953125,2.890625,-0.001953125,-0.005859375,-0.005859375,-0.0714111328125,-0.58758544921875,0.05255126953125,0.8043212890625,254.619140625,1,708
1.7750738729999966,8.16796875,-4.0078125,2.95703125,-0.001953125,-0.00390625,-0.00390625,-0.17333984375,-0.5614013671875,0.12835693359375,0.7989501953125,9.08984375,-1.6953125,2.890625,-0.001953125,-0.005859375,-0.005859375,-0.0714111328125,-0.58758544921875,0.05255126953125,0.8043212890625,254.619140625,3,708
1.7800960790000033,8.16796875,-4.0078125,2.95703125,-0.001953125,-0.00390625,-0.00390625,-0.17333984375,-0.5614013671875,0.12835693359375,0.7989501953125,9.08984375,-1.6953125,2.890625,-0.001953125,-0.005859375,-0.005859375,-0.0714111328125,-0.58758544921875,0.05255126953125,0.8043212890625,254.619140625,3,708
1.7850755350000043,8.16796875,-4.0078125,2.95703125,-0.001953125,-0.00390625,-0.00390625,-0.17333984375,-0.5614013671875,0.12835693359375,0.7989501953125,9.08984375,-1.6953125,2.890625,-0.001953125,-0.005859375,-0.005859375,-0.0714111328125,-0.58758544921875,0.05255126953125,0.8043212890625,254.619140625,3,708
1.7900668620000033,8.16796875,-4.0078125,2.95703125,-0.001953125,-0.00390625,-0.00390625,-0.17333984375,-0.5614013671875,0.12835693359375,0.7989501953125,9.125,-1.65625,2.890625,-0.001953125,-0.005859375,-0.005859375,-0.07135009765625,-0.587646484375,0.05242919921875,0.80426025390625,254.619140625,3,709
1.7950711489999946,8.1640625,-4.046875,2.95703125,-0.001953125,-0.00390625,-0.00390625,-0.17327880859375,-0.5615234375,0.12823486328125,0.79888916015625,9.125,-1.65625,2.890625,-0.001953125,-0.005859375,-0.005859375,-0.07135009765625,-0.587646484375,0.05242919921875,0.80426025390625,254.619140625,3,709
1.800071052000007,8.1640625,-4.046875,2.95703125,-0.001953125,-0.00390625,-0.00390625,-0.17327880859375,-0.5615234375,0.12823486328125,0.79888916015625,9.125,-1.65625,2.890625,-0.001953125,-0.005859375,-0.005859375,-0.07135009765625,-0.587646484375,0.05242919921875,0.80426025390625,254.619140625,2,709
1.8050618989999947,8.1640625,-4.046875,2.95703125,-0.001953125,-0.00390625,-0.00390625,-0.17327880859375,-0.5615234375,0.12823486328125,0.79888916015625,9.125,-1.65625,2.890625,-0.001953125,-0.005859375,-0.005859375,-0.07135009765625,-0.587646484375,0.05242919921875,0.80426025390625,254.619140625,2,709
1.810075690000005,8.1640625,-4.046875,2.95703125,-0.001953125,-0.00390625,-0.00390625,-0.17327880859375,-0.5615234375,0.12823486328125,0.79888916015625,9.125,-1.65625,2.890625,0.001953125,0.001953125,-0.001953125,-0.0712890625,-0.587646484375,0.05242919921875,0.80426025390625,254.619140625,2,712
1.8150702490000015,8.1640625,-4.046875,2.95703125,-0.001953125,-0.00390625,-0.00390625,-0.17327880859375,-0.5615234375,0.12823486328125,0.79888916015625,9.125,-1.65625,2.890625,0.001953125,0.001953125,-0.001953125,-0.0712890625,-0.587646484375,0.05242919921875,0.80426025390625,254.619140625,2,712
1.8200736080000013,8.1640625,-4.046875,2.95703125,0.00390625,0.001953125,0.001953125,-0.17327880859375,-0.5615234375,0.12823486328125,0.79888916015625,9.125,-1.65625,2.890625,0.001953125,0.001953125,-0.001953125,-0.0712890625,-0.587646484375,0.05242919921875,0.80426025390625,254.619140625,3,712
1.8251980210000056,8.1640625,-4.046875,2.95703125,0.00390625,0.001953125,0.001953125,-0.17327880859375,-0.5615234375,0.12823486328125,0.79888916015625,9.125,-1.65625,2.890625,0.001953125,0.001953125,-0.001953125,-0.0712890625,-0.587646484375,0.05242919921875,0.80426025390625,254.619140625,3,712
1.8300647420000047,8.1640625,-4.046875,2.95703125,0.00390625,0.001953125,0.001953125,-0.17327880859375,-0.5615234375,0.12823486328125,0.79888916015625,9.125,-1.65625,2.890625,0.001953125,0.001953125,-0.001953125,-0.0712890625,-0.587646484375,0.05242919921875,0.80426025390625,254.619140625,3,712
1.8350896360000064,8.1640625,-4.046875,2.95703125,0.00390625,0.001953125,0.001953125,-0.17327880859375,-0.5615234375,0.12823486328125,0.79888916015625,9.125,-1.65625,2.890625,0.001953125,0.001953125,-0.001953125,-0.0712890625,-0.587646484375,0.05242919921875,0.80426025390625,254.619140625,3,710
1.8401614100000074,8.1640625,-4.046875,2.95703125,0.00390625,0.001953125,0.001953125,-0.17327880859375,-0.5615234375,0.12823486328125,0.79888916015625,9.0859375,-1.65625,2.890625,-0.001953125,0.001953125,0.005859375,-0.0712890625,-0.587646484375,0.05242919921875,0.80426025390625,254.619140625,3,710
1.845067682000007,8.1640625,-4.046875,2.95703125,0.00390625,0.001953125,0.001953125,-0.17327880859375,-0.5615234375,0.12823486328125,0.79888916015625,9.0859375,-1.65625,2.890625,-0.001953125,0.001953125,0.005859375,-0.0712890625,-0.587646484375,0.05242919921875,0.80426025390625,254.619140625,2,710
1.8500705609999955,8.16796875,-4.0078125,2.99609375,0.001953125,0.005859375,0.005859375,-0.17327880859375,-0.5615234375,0.12823486328125,0.79888916015625,9.0859375,-1.65625,2.890625,-0.001953125,0.001953125,0.005859375,-0.0712890625,-0.587646484375,0.05242919921875,0.80426025390625,254.619140625,2,710
1.855063328,8.16796875,-4.0078125,2.99609375,0.001953125,0.005859375,0.005859375,-0.17327880859375,-0.5615234375,0.12823486328125,0.79888916015625,9.0859375,-1.65625,2.890625,-0.001953125,0.001953125,0.005859375,-0.0712890625,-0.587646484375,0.05242919921875,0.80426025390625,254.619140625,2,710
1.8600663990000044,8.16796875,-4.0078125,2.99609375,0.001953125,0.005859375,0.005859375,-0.17327880859375,-0.5615234375,0.12823486328125,0.79888916015625,9.08984375,-1.6953125,2.9296875,-0.001953125,0.001953125,0.005859375,-0.0714111328125,-0.58758544921875,0.05255126953125,0.8043212890625,254.619140625,2,709
1.8650758060000072,8.16796875,-4.0078125,2.99609375,0.001953125,0.005859375,0.005859375,-0.17327880859375,-0.5615234375,0.12823486328125,0.79888916015625,9.08984375,-1.6953125,2.9296875,-0.001953125,0.001953125,0.005859375,-0.0714111328125,-0.58758544921875,0.05255126953125,0.8043212890625,254.619140625,2,709
1.8700848609999952,8.16796875,-4.0078125,2.99609375,0.001953125,0.005859375,0.005859375,-0.17327880859375,-0.5615234375,0.12823486328125,0.79888916015625,9.08984375,-1.6953125,2.9296875,-0.001953125,0.001953125,0.005859375,-0.0714111328125,-0.58758544921875,0.05255126953125,0.8043212890625,254.619140625,2,709
1.8750693079999934,8.16796875,-4.0078125,2.95703125,0.001953125,0.005859375,0.005859375,-0.17333984375,-0.5614013671875,0.1282958984375,0.7989501953125,9.08984375,-1.6953125,2.9296875,-0.001953125,0.001953125,0.005859375,-0.0714111328125,-0.58758544921875,0.05255126953125,0.8043212890625,254.619140625,2,709
1.880061083000001,8.16796875,-4.0078125,2.95703125,0.001953125,0.005859375,0.005859375,-0.17333984375,-0.5614013671875,0.1282958984375,0.7989501953125,9.08984375,-1.6953125,2.9296875,-0.001953125,0.001953125,0.005859375,-0.0714111328125,-0.58758544921875,0.05255126953125,0.8043212890625,254.619140625,2,695
1.8850632259999998,8.16796875,-4.0078125,2.95703125,0.001953125,0.005859375,0.005859375,-0.17333984375,-0.5614013671875,0.1282958984375,0.7989501953125,9.08984375,-1.6953125,2.9296875,-0.001953125,0.001953125,0.005859375,-0.0714111328125,-0.58758544921875,0.05255126953125,0.8043212890625,254.619140625,2,695
1.8900810509999957,8.16796875,-4.0078125,2.95703125,0.001953125,0.005859375,0.005859375,-0.17333984375,-0.5614013671875,0.1282958984375,0.7989501953125,9.0859375,-1.734375,2.9296875,0.00390625,0.001953125,0.00390625,-0.07147216796875,-0.5875244140625,0.0526123046875,0.8043212890625,254.619140625,0,695
1.8950680300000045,8.16796875,-4.0078125,2.95703125,0.001953125,0.005859375,0.005859375,-0.17333984375,-0.5614013671875,0.1282958984375,0.7989501953125,9.0859375,-1.734375,2.9296875,0.00390625,0.001953125,0.00390625,-0.07147216796875,-0.5875244140625,0.0526123046875,0.8043212890625,254.619140625,0,695
1.900060866000004,8.12890625,-4.0078125,2.95703125,-0.001953125,0.0,0.00390625,-0.17340087890625,-0.56134033203125,0.12835693359375,0.79901123046875,9.0859375,-1.734375,2.9296875,0.00390625,0.001953125,0.00390625,-0.07147216796875,-0.5875244140625,0.0526123046875,0.8043212890625,254.619140625,0,708
1.9050690279999998,8.12890625,-4.0078125,2.95703125,-0.001953125,0.0,0.00390625,-0.17340087890625,-0.56134033203125,0.12835693359375,0.79901123046875,9.0859375,-1.734375,2.9296875,0.00390625,0.001953125,0.00390625,-0.07147216796875,-0.5875244140625,0.0526123046875,0.8043212890625,254.619140625,0,708
1.910068038999995,8.12890625,-4.0078125,2.95703125,-0.001953125,0.0,0.00390625,-0.17340087890625,-0.56134033203125,0.12835693359375,0.79901123046875,9.0859375,-1.734375,2.9296875,0.00390625,0.001953125,0.00390625,-0.07147216796875,-0.5875244140625,0.0526123046875,0.8043212890625,254.619140625,3,708
1.9150641389999947,8.12890625,-4.0078125,2.95703125,-0.001953125,0.0,0.00390625,-0.17340087890625,-0.56134033203125,0.12835693359375,0.79901123046875,9.046875,-1.7734375,2.96875,-0.005859375,-0.001953125,-0.001953125,-0.07147216796875,-0.5875244140625,0.0526123046875,0.8043212890625,254.619140625,3,706
1.920063245999998,8.12890625,-4.0078125,2.95703125,-0.001953125,0.0,0.00390625,-0.17340087890625,-0.56134033203125,0.12835693359375,0.79901123046875,9.046875,-1.7734375,2.96875,-0.005859375,-0.001953125,-0.001953125,-0.07147216796875,-0.5875244140625,0.0526123046875,0.8043212890625,254.619140625,3,706
1.9250781279999956,8.12890625,-4.0078125,2.95703125,-0.001953125,0.0,0.00390625,-0.17340087890625,-0.56134033203125,0.12835693359375,0.79901123046875,9.046875,-1.7734375,2.96875,-0.005859375,-0.001953125,-0.001953125,-0.07147216796875,-0.5875244140625,0.0526123046875,0.8043212890625,254.619140625,3,706
1.9300717640000045,8.12890625,-4.0078125,2.95703125,-0.001953125,0.0,0.00390625,-0.17340087890625,-0.56134033203125,0.12835693359375,0.79901123046875,9.046875,-1.7734375,2.96875,-0.005859375,-0.001953125,-0.001953125,-0.07147216796875,-0.5875244140625,0.0526123046875,0.8043212890625,254.619140625,1,706
1.9350613350000003,8.12890625,-4.0078125,2.95703125,0.0,-0.00390625,-0.00390625,-0.17333984375,-0.56134033203125,0.1282958984375,0.79901123046875,9.046875,-1.7734375,2.96875,-0.005859375,-0.001953125,-0.001953125,-0.07147216796875,-0.5875244140625,0.0526123046875,0.8043212890625,254.619140625,1,706
1.9400705540000018,8.12890625,-4.0078125,2.95703125,0.0,-0.00390625,-0.00390625,-0.17333984375,-0.56134033203125,0.1282958984375,0.79901123046875,9.0859375,-1.734375,2.9296875,-0.005859375,-0.001953125,-0.001953125,-0.07147216796875,-0.5875244140625,0.05255126953125,0.8043212890625,254.619140625,1,709
1.9450683169999934,8.12890625,-4.0078125,2.95703125,0.0,-0.00390625,-0.00390625,-0.17333984375,-0.56134033203125,0.1282958984375,0.79901123046875,9.0859375,-1.734375,2.9296875,-0.005859375,-0.001953125,-0.001953125,-0.07147216796875,-0.5875244140625,0.05255126953125,0.8043212890625,254.619140625,1,709
1.950061759999997,8.12890625,-4.0078125,2.95703125,0.0,-0.00390625,-0.00390625,-0.17333984375,-0.56134033203125,0.1282958984375,0.79901123046875,9.0859375,-1.734375,2.9296875,-0.005859375,-0.001953125,-0.001953125,-0.07147216796875,-0.5875244140625,0.05255126953125,0.8043212890625,254.619140625,1,709
1.9550611869999983,8.12890625,-4.0078125,2.95703125,0.0,-0.00390625,-0.00390625,-0.17333984375,-0.56134033203125,0.1282958984375,0.79901123046875,9.0859375,-1.734375,2.9296875,-0.005859375,-0.001953125,-0.001953125,-0.07147216796875,-0.5875244140625,0.05255126953125,0.8043212890625,254.619140625,1,707
1.9601009010000041,8.12890625,-4.0078125,2.95703125,0.0,-0.00390625,-0.00390625,-0.17333984375,-0.56134033203125,0.1282958984375,0.79901123046875,9.0859375,-1.734375,2.9296875,-0.005859375,-0.001953125,-0.001953125,-0.07147216796875,-0.5875244140625,0.05255126953125,0.8043212890625,254.619140625,1,707
1.9651150159999986,8.12890625,-4.0078125,2.95703125,0.0,-0.00390625,-0.00390625,-0.17333984375,-0.56134033203125,0.1282958984375,0.79901123046875,9.0859375,-1.734375,2.9296875,-0.005859375,-0.001953125,-0.001953125,-0.07147216796875,-0.5875244140625,0.05255126953125,0.8043212890625,254.619140625,2,707
1.9701086190000012,8.1640625,-4.046875,2.95703125,0.0,-0.00390625,-0.00390625,-0.17333984375,-0.56134033203125,0.1282958984375,0.79901123046875,9.0859375,-1.734375,2.9296875,-0.005859375,-0.001953125,-0.001953125,-0.07147216796875,-0.5875244140625,0.05255126953125,0.8043212890625,254.619140625,2,707
1.9750684950000021,8.1640625,-4.046875,2.95703125,0.0,-0.00390625,-0.00390625,-0.17333984375,-0.56134033203125,0.1282958984375,0.79901123046875,9.0859375,-1.734375,2.9296875,0.0,-0.00390625,-0.005859375,-0.0714111328125,-0.5875244140625,0.052490234375,0.8043212890625,254.619140625,2,716
1.980333071000004,8.1640625,-4.046875,2.95703125,0.0,-0.00390625,-0.00390625,-0.17333984375,-0.56134033203125,0.1282958984375,0.79901123046875,9.0859375,-1.734375,2.9296875,0.0,-0.00390625,-0.005859375,-0.0714111328125,-0.5875244140625,0.052490234375,0.8043212890625,254.619140625,2,716
1.9851054290000008,8.1640625,-4.046875,2.95703125,0.0,-0.00390625,-0.00390625,-0.17333984375,-0.56134033203125,0.1282958984375,0.79901123046875,9.0859375,-1.734375,2.9296875,0.0,-0.00390625,-0.005859375,-0.0714111328125,-0.5875244140625,0.052490234375,0.8043212890625,254.619140625,2,716
1.9900636400000025,8.1640625,-4.046875,2.95703125,0.0,-0.00390625,-0.00390625,-0.17333984375,-0.56134033203125,0.1282958984375,0.79901123046875,9.0859375,-1.734375,2.9296875,0.0,-0.00390625,-0.005859375,-0.0714111328125,-0.5875244140625,0.052490234375,0.8043212890625,254.619140625,2,716
1.9950640590000006,8.16796875,-4.0078125,2.95703125,0.0,-0.00390625,-0.00390625,-0.17333984375,-0.5614013671875,0.12823486328125,0.7989501953125,9.08984375,-1.6953125,2.9296875,0.001953125,-0.001953125,-0.001953125,-0.0714111328125,-0.5875244140625,0.052490234375,0.8043212890625,254.619140625,2,707
2.0000787820000028,8.16796875,-4.0078125,2.95703125,0.0,-0.00390625,-0.00390625,-0.17333984375,-0.5614013671875,0.12823486328125,0.7989501953125,9.08984375,-1.6953125,2.9296875,0.001953125,-0.001953125,-0.001953125,-0.0714111328125,-0.5875244140625,0.052490234375,0.8043212890625,254.619140625,2,707
2.005444284999996,8.16796875,-4.0078125,2.95703125,0.0,-0.00390625,-0.00390625,-0.17333984375,-0.5614013671875,0.12823486328125,0.7989501953125,9.08984375,-1.6953125,2.9296875,0.001953125,-0.001953125,-0.001953125,-0.0714111328125,-0.5875244140625,0.052490234375,0.8043212890625,254.619140625,1,707
2.0100656999999984,8.16796875,-4.0078125,2.95703125,0.0,-0.00390625,-0.00390625,-0.17333984375,-0.5614013671875,0.12823486328125,0.7989501953125,9.08984375,-1.6953125,2.9296875,0.001953125,-0.001953125,-0.001953125,-0.0714111328125,-0.5875244140625,0.052490234375,0.8043212890625,254.619140625,1,707
2.0150609669999966,8.16796875,-4.0078125,2.95703125,0.0,-0.00390625,-0.00390625,-0.17333984375,-0.5614013671875,0.12823486328125,0.7989501953125,9.08984375,-1.6953125,2.9296875,0.001953125,-0.001953125,-0.001953125,-0.0714111328125,-0.5875244140625,0.052490234375,0.8043212890625,254.619140625,1,713
2.020086698,8.16796875,-4.0078125,2.95703125,0.0,-0.001953125,0.0,-0.17327880859375,-0.5614013671875,0.128173828125,0.7989501953125,9.08984375,-1.6953125,2.890625,0.001953125,-0.001953125,-0.001953125,-0.07135009765625,-0.58758544921875,0.05242919921875,0.8043212890625,254.619140625,1,713
2.0250718850000027,8.16796875,-4.0078125,2.95703125,0.0,-0.001953125,0.0,-0.17327880859375,-0.5614013671875,0.128173828125,0.7989501953125,9.08984375,-1.6953125,2.890625,0.001953125,-0.001953125,-0.001953125,-0.07135009765625,-0.58758544921875,0.05242919921875,0.8043212890625,254.619140625,2,713
2.0300667679999975,8.16796875,-4.0078125,2.95703125,0.0,-0.001953125,0.0,-0.17327880859375,-0.5614013671875,0.128173828125,0.7989501953125,9.08984375,-1.6953125,2.890625,0.001953125,-0.001953125,-0.001953125,-0.07135009765625,-0.58758544921875,0.05242919921875,0.8043212890625,254.619140625,2,713
2.0350788669999957,8.16796875,-4.0078125,2.95703125,0.0,-0.001953125,0.0,-0.17327880859375,-0.5614013671875,0.128173828125,0.7989501953125,9.08984375,-1.6953125,2.890625,0.001953125,-0.001953125,-0.001953125,-0.07135009765625,-0.58758544921875,0.05242919921875,0.8043212890625,254.619140625,2,714
2.0400736859999995,8.16796875,-4.0078125,2.95703125,0.00390625,0.0,0.001953125,-0.17327880859375,-0.5614013671875,0.128173828125,0.7989501953125,9.08984375,-1.6953125,2.890625,0.001953125,-0.001953125,-0.001953125,-0.07135009765625,-0.58758544921875,0.05242919921875,0.8043212890625,254.619140625,2,714
2.0450633859999954,8.16796875,-4.0078125,2.95703125,0.00390625,0.0,0.001953125,-0.17327880859375,-0.5614013671875,0.128173828125,0.7989501953125,9.08984375,-1.6953125,2.890625,0.001953125,-0.001953125,-0.001953125,-0.07135009765625,-0.58758544921875,0.05242919921875,0.8043212890625,254.619140625,1,714
2.0500620130000016,8.16796875,-4.0078125,2.95703125,0.00390625,0.0,0.001953125,-0.17327880859375,-0.5614013671875,0.128173828125,0.7989501953125,9.08984375,-1.6953125,2.890625,0.001953125,0.001953125,0.001953125,-0.07135009765625,-0.58758544921875,0.05242919921875,0.8043212890625,254.619140625,1,714
2.0550671999999963,8.16796875,-4.0078125,2.95703125,0.00390625,0.0,0.001953125,-0.17327880859375,-0.5614013671875,0.128173828125,0.7989501953125,9.08984375,-1.6953125,2.890625,0.001953125,0.001953125,0.001953125,-0.07135009765625,-0.58758544921875,0.05242919921875,0.8043212890625,254.619140625,1,713
2.060088866000001,8.16796875,-4.0078125,2.95703125,0.00390625,0.0,0.001953125,-0.17327880859375,-0.5614013671875,0.128173828125,0.7989501953125,9.08984375,-1.6953125,2.890625,0.001953125,0.001953125,0.001953125,-0.07135009765625,-0.58758544921875,0.05242919921875,0.8043212890625,254.619140625,1,713
2.0650606140000036,8.16796875,-4.0078125,2.95703125,0.00390625,0.0,0.001953125,-0.1732177734375,-0.5614013671875,0.128173828125,0.79901123046875,9.08984375,-1.6953125,2.890625,0.001953125,0.001953125,0.001953125,-0.07135009765625,-0.58758544921875,0.05242919921875,0.8043212890625,254.619140625,0,713
2.0700600090000023,8.16796875,-4.0078125,2.95703125,0.00390625,0.0,0.001953125,-0.1732177734375,-0.5614013671875,0.128173828125,0.79901123046875,9.08984375,-1.6953125,2.890625,0.001953125,0.001953125,0.001953125,-0.07135009765625,-0.5875244140625,0.052490234375,0.8043212890625,254.619140625,0,710
2.0751680749999935,8.16796875,-4.0078125,2.95703125,0.00390625,0.0,0.001953125,-0.1732177734375,-0.5614013671875,0.128173828125,0.79901123046875,9.08984375,-1.6953125,2.890625,0.001953125,0.001953125,0.001953125,-0.07135009765625,-0.5875244140625,0.052490234375,0.8043212890625,254.619140625,0,710
2.0800702549999954,8.16796875,-4.0078125,2.95703125,0.00390625,0.0,0.001953125,-0.1732177734375,-0.5614013671875,0.128173828125,0.79901123046875,9.08984375,-1.6953125,2.890625,0.001953125,0.001953125,0.001953125,-0.07135009765625,-0.5875244140625,0.052490234375,0.8043212890625,254.619140625,3,710
2.0850612979999994,8.16796875,-4.0078125,2.95703125,0.00390625,0.0,0.001953125,-0.1732177734375,-0.5614013671875,0.128173828125,0.79901123046875,9.08984375,-1.6953125,2.890625,0.001953125,0.001953125,0.001953125,-0.07135009765625,-0.5875244140625,0.052490234375,0.8043212890625,254.619140625,3,710
2.0900772690000053,8.16796875,-4.0078125,2.95703125,0.0,0.001953125,0.001953125,-0.1732177734375,-0.5614013671875,0.128173828125,0.79901123046875,9.08984375,-1.6953125,2.890625,0.001953125,0.001953125,0.001953125,-0.07135009765625,-0.5875244140625,0.052490234375,0.8043212890625,254.619140625,3,710
2.095077975999999,8.16796875,-4.0078125,2.95703125,0.0,0.001953125,0.001953125,-0.1732177734375,-0.5614013671875,0.128173828125,0.79901123046875,9.08984375,-1.6953125,2.890625,-0.001953125,0.00390625,0.001953125,-0.0714111328125,-0.58746337890625,0.052490234375,0.80438232421875,254.619140625,3,711
2.1000711629999955,8.16796875,-4.0078125,2.95703125,0.0,0.001953125,0.001953125,-0.1732177734375,-0.5614013671875,0.128173828125,0.79901123046875,9.08984375,-1.6953125,2.890625,-0.001953125,0.00390625,0.001953125,-0.0714111328125,-0.58746337890625,0.052490234375,0.80438232421875,254.619140625,3,711
2.105063646000005,8.16796875,-4.0078125,2.95703125,0.0,0.001953125,0.001953125,-0.17327880859375,-0.56134033203125,0.12823486328125,0.79901123046875,9.0859375,-1.734375,2.9296875,-0.001953125,0.00390625,0.001953125,-0.0714111328125,-0.58746337890625,0.052490234375,0.80438232421875,254.619140625,1,711
2.1100915530000037,8.16796875,-4.0078125,2.95703125,0.0,0.001953125,0.001953125,-0.17327880859375,-0.56134033203125,0.12823486328125,0.79901123046875,9.0859375,-1.734375,2.9296875,-0.001953125,0.00390625,0.001953125,-0.0714111328125,-0.58746337890625,0.052490234375,0.80438232421875,254.619140625,1,711
2.115060516,8.16796875,-4.0078125,2.95703125,0.0,0.001953125,0.001953125,-0.17327880859375,-0.56134033203125,0.12823486328125,0.79901123046875,9.0859375,-1.734375,2.9296875,-0.001953125,0.00390625,0.001953125,-0.0714111328125,-0.58746337890625,0.052490234375,0.80438232421875,254.619140625,1,711
2.120135910000002,8.16796875,-4.0078125,2.95703125,0.0,0.001953125,0.001953125,-0.17327880859375,-0.56134033203125,0.12823486328125,0.79901123046875,9.0859375,-1.734375,2.9296875,-0.001953125,0.00390625,0.001953125,-0.0714111328125,-0.58746337890625,0.052490234375,0.80438232421875,254.619140625,1,712
2.1250893539999964,8.16796875,-4.0078125,2.95703125,0.0,0.001953125,0.001953125,-0.17327880859375,-0.56134033203125,0.12823486328125,0.79901123046875,9.0859375,-1.734375,2.9296875,-0.001953125,0.00390625,0.001953125,-0.0714111328125,-0.58746337890625,0.052490234375,0.80438232421875,254.619140625,1,712
2.130088205000007,8.12890625,-4.0078125,2.95703125,0.001953125,0.0,0.0,-0.17327880859375,-0.56134033203125,0.12823486328125,0.79901123046875,9.0859375,-1.734375,2.9296875,0.001953125,0.0,0.001953125,-0.0714111328125,-0.58746337890625,0.052490234375,0.80438232421875,254.619140625,2,712
2.1350787679999996,8.12890625,-4.0078125,2.95703125,0.001953125,0.0,0.0,-0.17327880859375,-0.56134033203125,0.12823486328125,0.79901123046875,9.0859375,-1.734375,2.9296875,0.001953125,0.0,0.001953125,-0.0714111328125,-0.58746337890625,0.052490234375,0.80438232421875,254.619140625,2,712
2.140061106999994,8.12890625,-4.0078125,2.95703125,0.001953125,0.0,0.0,-0.17327880859375,-0.56134033203125,0.12823486328125,0.79901123046875,9.0859375,-1.734375,2.9296875,0.001953125,0.0,0.001953125,-0.0714111328125,-0.58746337890625,0.052490234375,0.80438232421875,254.619140625,2,710
2.145073494000002,8.12890625,-4.0078125,2.95703125,0.001953125,0.0,0.0,-0.17327880859375,-0.56134033203125,0.12823486328125,0.79901123046875,9.0859375,-1.734375,2.9296875,0.001953125,0.0,0.001953125,-0.0714111328125,-0.58746337890625,0.052490234375,0.80438232421875,254.619140625,2,710
2.1500721529999964,8.12890625,-4.0078125,2.95703125,0.001953125,0.0,0.0,-0.17327880859375,-0.56134033203125,0.12823486328125,0.79901123046875,9.0859375,-1.734375,2.9296875,0.001953125,0.0,0.001953125,-0.0714111328125,-0.58746337890625,0.052490234375,0.80438232421875,254.619140625,2,710
2.1550657239999964,8.12890625,-4.0078125,2.95703125,0.001953125,0.0,0.0,-0.1732177734375,-0.56134033203125,0.12823486328125,0.799072265625,9.0859375,-1.734375,2.9296875,0.001953125,0.0,0.001953125,-0.0714111328125,-0.58746337890625,0.052490234375,0.80438232421875,254.619140625,2,710
2.1600621750000073,8.12890625,-4.0078125,2.95703125,0.001953125,0.0,0.0,-0.1732177734375,-0.56134033203125,0.12823486328125,0.799072265625,9.0859375,-1.734375,2.9296875,0.001953125,0.0,0.001953125,-0.0714111328125,-0.58746337890625,0.052490234375,0.80438232421875,254.619140625,2,695
2.1650692820000046,8.12890625,-4.0078125,2.95703125,0.001953125,0.0,0.0,-0.1732177734375,-0.56134033203125,0.12823486328125,0.799072265625,9.0859375,-1.734375,2.9296875,0.001953125,-0.001953125,-0.001953125,-0.0714111328125,-0.58746337890625,0.052490234375,0.80438232421875,254.619140625,2,695
2.170094757000001,8.12890625,-4.0078125,2.95703125,0.001953125,0.0,0.0,-0.1732177734375,-0.56134033203125,0.12823486328125,0.799072265625,9.0859375,-1.734375,2.9296875,0.001953125,-0.001953125,-0.001953125,-0.0714111328125,-0.58746337890625,0.052490234375,0.80438232421875,254.619140625,3,695
2.1750597209999967,8.12890625,-4.0078125,2.95703125,0.0,0.0,0.0,-0.1732177734375,-0.56134033203125,0.128173828125,0.799072265625,9.0859375,-1.734375,2.9296875,0.001953125,-0.001953125,-0.001953125,-0.0714111328125,-0.58746337890625,0.052490234375,0.80438232421875,254.619140625,3,695
2.1800651000000073,8.12890625,-4.0078125,2.95703125,0.0,0.0,0.0,-0.1732177734375,-0.56134033203125,0.128173828125,0.799072265625,9.0859375,-1.734375,2.9296875,0.001953125,-0.001953125,-0.001953125,-0.0714111328125,-0.58746337890625,0.052490234375,0.80438232421875,254.619140625,3,706
2.185102510000007,8.12890625,-4.0078125,2.95703125,0.0,0.0,0.0,-0.1732177734375,-0.56134033203125,0.128173828125,0.799072265625,9.0859375,-1.734375,2.9296875,0.001953125,-0.001953125,-0.001953125,-0.0714111328125,-0.58746337890625,0.052490234375,0.80438232421875,254.619140625,3,706
2.1900656819999966,8.125,-4.046875,2.99609375,0.0,0.0,0.0,-0.1732177734375,-0.56134033203125,0.128173828125,0.799072265625,9.0859375,-1.734375,2.9296875,0.001953125,-0.001953125,-0.001953125,-0.0714111328125,-0.58746337890625,0.052490234375,0.80438232421875,254.619140625,3,706
2.1950603089999987,8.125,-4.046875,2.99609375,0.0,0.0,0.0,-0.1732177734375,-0.56134033203125,0.128173828125,0.799072265625,9.0859375,-1.734375,2.9296875,0.001953125,-0.001953125,-0.001953125,-0.0714111328125,-0.58746337890625,0.052490234375,0.80438232421875,254.619140625,3,696
2.2003209810000044,8.125,-4.046875,2.99609375,0.0,0.0,0.0,-0.1732177734375,-0.56134033203125,0.128173828125,0.799072265625,9.0859375,-1.734375,2.9296875,0.001953125,-0.001953125,-0.001953125,-0.0714111328125,-0.58746337890625,0.052490234375,0.80438232421875,254.619140625,3,696
2.205072506999997,8.125,-4.046875,2.99609375,0.0,0.0,0.0,-0.1732177734375,-0.56134033203125,0.128173828125,0.799072265625,9.08984375,-1.6953125,2.9296875,-0.001953125,-0.001953125,-0.001953125,-0.0714111328125,-0.58746337890625,0.052490234375,0.80438232421875,254.619140625,1,696
2.2100606380000016,8.125,-4.046875,2.99609375,0.0,0.0,0.0,-0.1732177734375,-0.56134033203125,0.128173828125,0.799072265625,9.08984375,-1.6953125,2.9296875,-0.001953125,-0.001953125,-0.001953125,-0.0714111328125,-0.58746337890625,0.052490234375,0.80438232421875,254.619140625,1,696
2.215066848999996,8.125,-4.046875,2.99609375,0.001953125,-0.001953125,0.0,-0.17315673828125,-0.5614013671875,0.128173828125,0.79901123046875,9.08984375,-1.6953125,2.9296875,-0.001953125,-0.001953125,-0.001953125,-0.0714111328125,-0.58746337890625,0.052490234375,0.80438232421875,254.619140625,1,696
2.220071587999996,8.125,-4.046875,2.99609375,0.001953125,-0.001953125,0.0,-0.17315673828125,-0.5614013671875,0.128173828125,0.79901123046875,9.08984375,-1.6953125,2.9296875,-0.001953125,-0.001953125,-0.001953125,-0.0714111328125,-0.58746337890625,0.052490234375,0.80438232421875,254.619140625,1,704
2.2250690630000065,8.1640625,-4.046875,2.95703125,0.001953125,-0.001953125,0.0,-0.17315673828125,-0.5614013671875,0.128173828125,0.79901123046875,9.08984375,-1.6953125,2.890625,-0.001953125,-0.001953125,-0.001953125,-0.07135009765625,-0.58746337890625,0.05242919921875,0.80438232421875,254.619140625,1,704
2.230062250000003,8.1640625,-4.046875,2.95703125,0.001953125,-0.001953125,0.0,-0.17315673828125,-0.5614013671875,0.128173828125,0.79901123046875,9.08984375,-1.6953125,2.890625,-0.001953125,-0.001953125,-0.001953125,-0.07135009765625,-0.58746337890625,0.05242919921875,0.80438232421875,254.619140625,3,704
2.2350743169999987,8.1640625,-4.046875,2.95703125,0.001953125,-0.001953125,0.0,-0.17315673828125,-0.5614013671875,0.128173828125,0.79901123046875,9.08984375,-1.6953125,2.890625,-0.001953125,0.001953125,-0.001953125,-0.07135009765625,-0.58746337890625,0.05242919921875,0.80438232421875,254.619140625,3,693
2.2400707040000043,8.1640625,-4.046875,2.95703125,0.001953125,-0.001953125,0.0,-0.17315673828125,-0.5614013671875,0.128173828125,0.79901123046875,9.08984375,-1.6953125,2.890625,-0.001953125,0.001953125,-0.001953125,-0.07135009765625,-0.58746337890625,0.05242919921875,0.80438232421875,254.619140625,3,693
2.245091346999999,8.1640625,-4.046875,2.95703125,0.001953125,-0.001953125,0.0,-0.17315673828125,-0.5614013671875,0.128173828125,0.79901123046875,9.08984375,-1.6953125,2.890625,-0.001953125,0.001953125,-0.001953125,-0.07135009765625,-0.58746337890625,0.05242919921875,0.80438232421875,254.619140625,3,693
2.250089974000005,8.1640625,-4.046875,2.95703125,0.001953125,-0.001953125,0.0,-0.17315673828125,-0.5614013671875,0.128173828125,0.79901123046875,9.08984375,-1.6953125,2.890625,-0.001953125,0.001953125,-0.001953125,-0.07135009765625,-0.58746337890625,0.05242919921875,0.80438232421875,254.619140625,3,693
2.255145528,8.16796875,-4.0078125,2.95703125,0.0,0.001953125,0.0,-0.17315673828125,-0.56134033203125,0.12811279296875,0.799072265625,9.08984375,-1.6953125,2.890625,-0.001953125,0.001953125,-0.001953125,-0.07135009765625,-0.58746337890625,0.05242919921875,0.80438232421875,254.619140625,3,693
2.2600719,8.16796875,-4.0078125,2.95703125,0.0,0.001953125,0.0,-0.17315673828125,-0.56134033203125,0.12811279296875,0.799072265625,9.08984375,-1.6953125,2.890625,-0.001953125,0.001953125,-0.001953125,-0.07135009765625,-0.58746337890625,0.05242919921875,0.80438232421875,254.619140625,3,700
2.265108287000004,8.16796875,-4.0078125,2.95703125,0.0,0.001953125,0.0,-0.17315673828125,-0.56134033203125,0.12811279296875,0.799072265625,9.08984375,-1.6953125,2.9296875,-0.001953125,0.001953125,-0.001953125,-0.07135009765625,-0.58740234375,0.05242919921875,0.804443359375,254.619140625,1,700
2.270411101999997,8.16796875,-4.0078125,2.95703125,0.0,0.001953125,0.0,-0.17315673828125,-0.56134033203125,0.12811279296875,0.799072265625,9.08984375,-1.6953125,2.9296875,-0.001953125,0.001953125,-0.001953125,-0.07135009765625,-0.58740234375,0.05242919921875,0.804443359375,254.619140625,1,700
2.2750877170000052,8.16796875,-4.0078125,2.95703125,0.0,0.001953125,0.0,-0.17315673828125,-0.56134033203125,0.12811279296875,0.799072265625,9.08984375,-1.6953125,2.9296875,-0.001953125,0.001953125,-0.001953125,-0.07135009765625,-0.58740234375,0.05242919921875,0.804443359375,254.619140625,1,695
2.280115144000007,8.16796875,-4.0078125,2.95703125,0.0,0.001953125,0.0,-0.17315673828125,-0.56134033203125,0.12811279296875,0.799072265625,9.08984375,-1.6953125,2.9296875,-0.001953125,0.001953125,-0.001953125,-0.07135009765625,-0.58740234375,0.05242919921875,0.804443359375,254.619140625,1,695
2.2850701870000023,8.16796875,-4.0078125,2.95703125,0.0,0.001953125,0.0,-0.17315673828125,-0.56134033203125,0.12811279296875,0.799072265625,9.08984375,-1.6953125,2.9296875,-0.001953125,0.001953125,-0.001953125,-0.07135009765625,-0.58740234375,0.05242919921875,0.804443359375,254.619140625,2,695
2.2900611339999983,8.16796875,-4.0078125,2.95703125,0.0,0.0,0.001953125,-0.17315673828125,-0.56134033203125,0.12811279296875,0.799072265625,9.08984375,-1.6953125,2.9296875,-0.001953125,0.001953125,-0.001953125,-0.07135009765625,-0.58740234375,0.05242919921875,0.804443359375,254.619140625,2,695
2.2950708649999996,8.16796875,-4.0078125,2.95703125,0.0,0.0,0.001953125,-0.17315673828125,-0.56134033203125,0.12811279296875,0.799072265625,9.08984375,-1.6953125,2.890625,0.001953125,0.0,-0.00390625,-0.07135009765625,-0.58740234375,0.05242919921875,0.804443359375,254.619140625,2,696
2.300069780000001,8.16796875,-4.0078125,2.95703125,0.0,0.0,0.001953125,-0.17315673828125,-0.56134033203125,0.12811279296875,0.799072265625,9.08984375,-1.6953125,2.890625,0.001953125,0.0,-0.00390625,-0.07135009765625,-0.58740234375,0.05242919921875,0.804443359375,254.619140625,2,696
2.305065208000002,8.16796875,-4.0078125,2.95703125,0.0,0.0,0.001953125,-0.17315673828125,-0.56134033203125,0.12811279296875,0.799072265625,9.08984375,-1.6953125,2.890625,0.001953125,0.0,-0.00390625,-0.07135009765625,-0.58740234375,0.05242919921875,0.804443359375,254.619140625,1,696
2.3100637069999976,8.16796875,-4.0078125,2.95703125,0.0,0.0,0.001953125,-0.17315673828125,-0.56134033203125,0.128173828125,0.799072265625,9.08984375,-1.6953125,2.890625,0.001953125,0.0,-0.00390625,-0.07135009765625,-0.58740234375,0.05242919921875,0.804443359375,254.619140625,1,696
2.3151152610000025,8.16796875,-4.0078125,2.95703125,0.0,0.0,0.001953125,-0.17315673828125,-0.56134033203125,0.128173828125,0.799072265625,9.08984375,-1.6953125,2.890625,0.001953125,0.0,-0.00390625,-0.07135009765625,-0.58740234375,0.05242919921875,0.804443359375,254.619140625,1,693
2.320156191999999,8.16796875,-4.0078125,2.95703125,0.0,0.0,0.001953125,-0.17315673828125,-0.56134033203125,0.128173828125,0.799072265625,9.08984375,-1.6953125,2.890625,0.001953125,0.0,-0.00390625,-0.07135009765625,-0.58740234375,0.05242919921875,0.804443359375,254.619140625,1,693
2.3250624679999987,8.16796875,-4.0078125,2.95703125,0.0,0.0,0.001953125,-0.17315673828125,-0.56134033203125,0.128173828125,0.799072265625,9.08984375,-1.6953125,2.890625,0.001953125,0.0,-0.00390625,-0.07135009765625,-0.58740234375,0.05242919921875,0.804443359375,254.619140625,3,693
2.3300602949999956,8.16796875,-4.0078125,2.95703125,0.0,0.0,0.001953125,-0.17315673828125,-0.56134033203125,0.128173828125,0.799072265625,9.08984375,-1.6953125,2.890625,0.001953125,0.0,-0.00390625,-0.07135009765625,-0.58740234375,0.05242919921875,0.804443359375,254.619140625,3,693
2.335067402000007,8.16796875,-4.0078125,2.95703125,0.0,0.0,0.0,-0.1732177734375,-0.56134033203125,0.128173828125,0.799072265625,9.0859375,-1.734375,2.9296875,-0.00390625,0.0,0.001953125,-0.0714111328125,-0.58734130859375,0.05242919921875,0.804443359375,254.619140625,3,701
2.340080333000003,8.16796875,-4.0078125,2.95703125,0.0,0.0,0.0,-0.1732177734375,-0.56134033203125,0.128173828125,0.799072265625,9.0859375,-1.734375,2.9296875,-0.00390625,0.0,0.001953125,-0.0714111328125,-0.58734130859375,0.05242919921875,0.804443359375,254.619140625,2,701
2.345062384000002,8.16796875,-4.0078125,2.95703125,0.0,0.0,0.0,-0.1732177734375,-0.56134033203125,0.128173828125,0.799072265625,9.0859375,-1.734375,2.9296875,-0.00390625,0.0,0.001953125,-0.0714111328125,-0.58734130859375,0.05242919921875,0.804443359375,254.619140625,2,701
2.350067378999995,8.16796875,-4.0078125,2.95703125,0.0,0.0,0.0,-0.1732177734375,-0.56134033203125,0.128173828125,0.799072265625,9.0859375,-1.734375,2.9296875,-0.00390625,0.0,0.001953125,-0.0714111328125,-0.58734130859375,0.05242919921875,0.804443359375,254.619140625,2,702
2.355074037999998,8.16796875,-4.0078125,2.95703125,0.0,0.0,0.0,-0.1732177734375,-0.56134033203125,0.128173828125,0.799072265625,9.0859375,-1.734375,2.9296875,-0.00390625,0.0,0.001953125,-0.0714111328125,-0.58734130859375,0.05242919921875,0.804443359375,254.619140625,2,702
2.3600750009999985,8.16796875,-4.0078125,2.95703125,0.0,0.0,0.0,-0.1732177734375,-0.56134033203125,0.128173828125,0.799072265625,9.08984375,-1.6953125,2.9296875,0.001953125,0.001953125,0.001953125,-0.0714111328125,-0.58734130859375,0.05242919921875,0.804443359375,254.619140625,2,702
2.3650631000000004,8.16796875,-4.0078125,2.95703125,0.0,0.0,0.0,-0.1732177734375,-0.56134033203125,0.128173828125,0.799072265625,9.08984375,-1.6953125,2.9296875,0.001953125,0.001953125,0.001953125,-0.0714111328125,-0.58734130859375,0.05242919921875,0.804443359375,254.619140625,2,702
2.370063551000001,8.16796875,-4.0078125,2.95703125,0.001953125,0.0,-0.001953125,-0.1732177734375,-0.561279296875,0.12811279296875,0.799072265625,9.08984375,-1.6953125,2.9296875,0.001953125,0.001953125,0.001953125,-0.0714111328125,-0.58734130859375,0.05242919921875,0.804443359375,254.619140625,2,705
2.375069314000001,8.16796875,-4.0078125,2.95703125,0.001953125,0.0,-0.001953125,-0.1732177734375,-0.561279296875,0.12811279296875,0.799072265625,9.08984375,-1.6953125,2.9296875,0.001953125,0.001953125,0.001953125,-0.0714111328125,-0.58734130859375,0.05242919921875,0.804443359375,254.619140625,2,705
2.380105861000004,8.16796875,-4.0078125,2.95703125,0.001953125,0.0,-0.001953125,-0.1732177734375,-0.561279296875,0.12811279296875,0.799072265625,9.08984375,-1.6953125,2.9296875,0.001953125,0.001953125,0.001953125,-0.0714111328125,-0.58734130859375,0.05242919921875,0.804443359375,254.619140625,1,705
2.3859036780000054,8.16796875,-4.0078125,2.95703125,0.001953125,0.0,-0.001953125,-0.1732177734375,-0.561279296875,0.12811279296875,0.799072265625,9.08984375,-1.6953125,2.9296875,0.001953125,0.001953125,0.001953125,-0.0714111328125,-0.58734130859375,0.05242919921875,0.80450439453125,254.619140625,1,705
2.3900776109999953,8.16796875,-4.0078125,2.95703125,0.001953125,0.0,-0.001953125,-0.1732177734375,-0.561279296875,0.12811279296875,0.799072265625,9.08984375,-1.6953125,2.9296875,0.001953125,0.001953125,0.001953125,-0.0714111328125,-0.58734130859375,0.05242919921875,0.80450439453125,254.619140625,1,702
2.395084269999998,8.16796875,-4.0078125,2.95703125,0.001953125,0.0,-0.001953125,-0.1732177734375,-0.561279296875,0.12811279296875,0.799072265625,9.08984375,-1.6953125,2.9296875,0.0,0.0,-0.001953125,-0.0714111328125,-0.58734130859375,0.05242919921875,0.80450439453125,254.619140625,1,702
2.400070481,8.16796875,-4.0078125,2.95703125,0.001953125,0.0,-0.001953125,-0.1732177734375,-0.561279296875,0.12811279296875,0.799072265625,9.08984375,-1.6953125,2.9296875,0.0,0.0,-0.001953125,-0.0714111328125,-0.58734130859375,0.05242919921875,0.80450439453125,254.619140625,3,702
2.4051680830000066,8.16796875,-4.0078125,2.95703125,0.001953125,0.0,-0.001953125,-0.1732177734375,-0.561279296875,0.12811279296875,0.799072265625,9.08984375,-1.6953125,2.9296875,0.0,0.0,-0.001953125,-0.0714111328125,-0.58734130859375,0.05242919921875,0.80450439453125,254.619140625,3,702
2.4100953509999954,8.16796875,-4.0078125,2.95703125,0.001953125,0.0,-0.001953125,-0.1732177734375,-0.561279296875,0.12811279296875,0.799072265625,9.08984375,-1.6953125,2.9296875,0.0,0.0,-0.001953125,-0.0714111328125,-0.58734130859375,0.05242919921875,0.80450439453125,254.619140625,3,702
2.415072601999995,8.1640625,-4.046875,2.95703125,-0.001953125,0.0,0.0,-0.1732177734375,-0.56134033203125,0.12811279296875,0.799072265625,9.08984375,-1.6953125,2.9296875,0.0,0.0,-0.001953125,-0.0714111328125,-0.58734130859375,0.05242919921875,0.80450439453125,254.619140625,3,703
2.420064636999996,8.1640625,-4.046875,2.95703125,-0.001953125,0.0,0.0,-0.1732177734375,-0.56134033203125,0.12811279296875,0.799072265625,9.08984375,-1.6953125,2.9296875,0.0,0.0,-0.001953125,-0.0714111328125,-0.58734130859375,0.05242919921875,0.80450439453125,254.619140625,1,703
2.4250637119999965,8.1640625,-4.046875,2.95703125,-0.001953125,0.0,0.0,-0.1732177734375,-0.56134033203125,0.12811279296875,0.799072265625,9.08984375,-1.6953125,2.9296875,0.0,0.0,-0.001953125,-0.0714111328125,-0.58734130859375,0.05242919921875,0.80450439453125,254.619140625,1,704
2.430064771000005,8.1640625,-4.046875,2.95703125,-0.001953125,0.0,0.0,-0.1732177734375,-0.56134033203125,0.12811279296875,0.799072265625,9.08984375,-1.6953125,2.9296875,0.0,0.0,-0.001953125,-0.0714111328125,-0.58734130859375,0.05242919921875,0.80450439453125,254.619140625,0,704
2.4351566130000037,8.1640625,-4.046875,2.95703125,-0.001953125,0.0,0.0,-0.1732177734375,-0.56134033203125,0.12811279296875,0.799072265625,9.08984375,-1.6953125,2.9296875,0.0,0.0,-0.001953125,-0.0714111328125,-0.58734130859375,0.05242919921875,0.80450439453125,254.619140625,0,704
2.440061098000001,8.1640625,-4.046875,2.95703125,-0.001953125,0.0,0.0,-0.1732177734375,-0.56134033203125,0.12811279296875,0.799072265625,9.08984375,-1.6953125,2.9296875,0.0,0.0,-0.001953125,-0.0714111328125,-0.58734130859375,0.05242919921875,0.80450439453125,254.619140625,0,704
2.445064973000001,8.1640625,-4.046875,2.95703125,-0.001953125,0.0,0.0,-0.1732177734375,-0.56134033203125,0.12811279296875,0.799072265625,9.08984375,-1.6953125,2.9296875,0.0,0.0,-0.001953125,-0.0714111328125,-0.58734130859375,0.05242919921875,0.80450439453125,254.619140625,0,690
2.4500707360000007,8.16796875,-4.0078125,2.95703125,0.0,-0.001953125,0.0,-0.1732177734375,-0.56134033203125,0.12811279296875,0.799072265625,9.08984375,-1.6953125,2.9296875,0.0,0.0,-0.001953125,-0.0714111328125,-0.58734130859375,0.05242919921875,0.80450439453125,254.619140625,0,690
2.455086066000007,8.16796875,-4.0078125,2.95703125,0.0,-0.001953125,0.0,-0.1732177734375,-0.56134033203125,0.12811279296875,0.799072265625,9.0859375,-1.734375,2.9296875,0.001953125,-0.001953125,0.001953125,-0.07135009765625,-0.5872802734375,0.052490234375,0.80450439453125,254.619140625,0,690
2.460063317999996,8.16796875,-4.0078125,2.95703125,0.0,-0.001953125,0.0,-0.1732177734375,-0.56134033203125,0.12811279296875,0.799072265625,9.0859375,-1.734375,2.9296875,0.001953125,-0.001953125,0.001953125,-0.07135009765625,-0.5872802734375,0.052490234375,0.80450439453125,254.619140625,0,690
2.465059992999997,8.16796875,-4.0078125,2.95703125,0.0,-0.001953125,0.0,-0.1732177734375,-0.56134033203125,0.12811279296875,0.799072265625,9.0859375,-1.734375,2.9296875,0.001953125,-0.001953125,0.001953125,-0.07135009765625,-0.5872802734375,0.052490234375,0.80450439453125,254.619140625,0,698
2.4700678039999957,8.16796875,-4.0078125,2.95703125,0.0,-0.001953125,0.0,-0.1732177734375,-0.56134033203125,0.12811279296875,0.799072265625,9.0859375,-1.734375,2.9296875,0.001953125,-0.001953125,0.001953125,-0.07135009765625,-0.5872802734375,0.052490234375,0.80450439453125,254.619140625,1,698
2.475073535000007,8.16796875,-4.0078125,2.95703125,0.0,-0.001953125,0.0,-0.1732177734375,-0.56134033203125,0.12811279296875,0.799072265625,9.0859375,-1.734375,2.9296875,0.001953125,-0.001953125,0.001953125,-0.07135009765625,-0.5872802734375,0.052490234375,0.80450439453125,254.619140625,1,698
2.480061793999994,8.16796875,-4.0078125,2.95703125,0.0,-0.001953125,0.0,-0.1732177734375,-0.56134033203125,0.12811279296875,0.799072265625,9.0859375,-1.734375,2.9296875,0.001953125,-0.001953125,0.001953125,-0.07135009765625,-0.5872802734375,0.052490234375,0.80450439453125,254.619140625,1,691
2.4850670769999965,8.16796875,-4.0078125,2.95703125,0.0,-0.001953125,0.0,-0.1732177734375,-0.56134033203125,0.12811279296875,0.799072265625,9.08984375,-1.6953125,2.9296875,0.0,0.0,-0.001953125,-0.07135009765625,-0.5872802734375,0.052490234375,0.80450439453125,254.619140625,1,691
2.4900734800000066,8.16796875,-4.0078125,2.95703125,0.0,-0.001953125,0.0,-0.1732177734375,-0.56134033203125,0.12811279296875,0.799072265625,9.08984375,-1.6953125,2.9296875,0.0,0.0,-0.001953125,-0.07135009765625,-0.5872802734375,0.052490234375,0.80450439453125,254.619140625,0,691
2.495068555000003,8.16796875,-4.0078125,2.95703125,-0.00390625,-0.001953125,0.0,-0.1732177734375,-0.5614013671875,0.1280517578125,0.79901123046875,9.08984375,-1.6953125,2.9296875,0.0,0.0,-0.001953125,-0.07135009765625,-0.5872802734375,0.052490234375,0.80450439453125,254.619140625,0,691
2.5000605580000013,8.16796875,-4.0078125,2.95703125,-0.00390625,-0.001953125,0.0,-0.1732177734375,-0.5614013671875,0.1280517578125,0.79901123046875,9.08984375,-1.6953125,2.9296875,0.0,0.0,-0.001953125,-0.07135009765625,-0.5872802734375,0.052490234375,0.80450439453125,254.619140625,0,698
2.5050605609999934,8.16796875,-4.0078125,2.95703125,-0.00390625,-0.001953125,0.0,-0.1732177734375,-0.5614013671875,0.1280517578125,0.79901123046875,9.08984375,-1.6953125,2.9296875,0.0,0.0,-0.001953125,-0.07135009765625,-0.5872802734375,0.052490234375,0.80450439453125,254.619140625,0,698
2.5100709639999934,8.16796875,-4.0078125,2.95703125,-0.00390625,-0.001953125,0.0,-0.1732177734375,-0.5614013671875,0.1280517578125,0.79901123046875,9.08984375,-1.6953125,2.9296875,0.0,0.0,-0.001953125,-0.07135009765625,-0.5872802734375,0.052490234375,0.80450439453125,254.619140625,3,698
2.5150705190000053,8.16796875,-4.0078125,2.95703125,-0.00390625,-0.001953125,0.0,-0.1732177734375,-0.5614013671875,0.1280517578125,0.79901123046875,9.08984375,-1.6953125,2.9296875,0.0,0.0,-0.001953125,-0.07135009765625,-0.5872802734375,0.052490234375,0.80450439453125,254.619140625,3,698
2.5200690500000036,8.16796875,-4.0078125,2.95703125,0.001953125,-0.001953125,0.001953125,-0.1732177734375,-0.5614013671875,0.1280517578125,0.79901123046875,9.08984375,-1.6953125,2.9296875,0.0,0.0,-0.001953125,-0.07135009765625,-0.5872802734375,0.052490234375,0.80450439453125,254.619140625,3,694
2.525083261000006,8.16796875,-4.0078125,2.95703125,0.001953125,-0.001953125,0.001953125,-0.1732177734375,-0.5614013671875,0.1280517578125,0.79901123046875,9.08984375,-1.6953125,2.9296875,0.0,0.0,-0.001953125,-0.07135009765625,-0.5872802734375,0.052490234375,0.80450439453125,254.619140625,3,694
2.530123071999995,8.16796875,-4.0078125,2.95703125,0.001953125,-0.001953125,0.001953125,-0.1732177734375,-0.5614013671875,0.1280517578125,0.79901123046875,9.08984375,-1.6953125,2.9296875,0.0,0.0,-0.001953125,-0.07135009765625,-0.5872802734375,0.052490234375,0.80450439453125,254.619140625,2,694
2.5350718109999946,8.16796875,-4.0078125,2.95703125,0.001953125,-0.001953125,0.001953125,-0.1732177734375,-0.5614013671875,0.1280517578125,0.79901123046875,9.08984375,-1.6953125,2.9296875,0.001953125,0.0,0.001953125,-0.07135009765625,-0.5872802734375,0.052490234375,0.80450439453125,254.619140625,2,694
2.540067461999996,8.12890625,-4.0078125,2.95703125,0.001953125,-0.001953125,0.001953125,-0.1732177734375,-0.5614013671875,0.1280517578125,0.79901123046875,9.08984375,-1.6953125,2.9296875,0.001953125,0.0,0.001953125,-0.07135009765625,-0.5872802734375,0.052490234375,0.80450439453125,254.619140625,2,700
2.5450904089999966,8.12890625,-4.0078125,2.95703125,0.001953125,-0.001953125,0.001953125,-0.1732177734375,-0.5614013671875,0.1280517578125,0.79901123046875,9.08984375,-1.6953125,2.9296875,0.001953125,0.0,0.001953125,-0.07135009765625,-0.5872802734375,0.052490234375,0.80450439453125,254.619140625,2,700
2.5500829239999945,8.12890625,-4.0078125,2.95703125,0.001953125,-0.001953125,0.001953125,-0.1732177734375,-0.5614013671875,0.1280517578125,0.79901123046875,9.08984375,-1.6953125,2.9296875,0.001953125,0.0,0.001953125,-0.07135009765625,-0.5872802734375,0.052490234375,0.80450439453125,254.619140625,3,700
2.5550678550000043,8.12890625,-4.0078125,2.95703125,0.001953125,-0.001953125,0.001953125,-0.1732177734375,-0.5614013671875,0.1280517578125,0.79901123046875,9.08984375,-1.6953125,2.9296875,-0.00390625,0.001953125,0.0,-0.07135009765625,-0.5872802734375,0.052490234375,0.80450439453125,254.619140625,3,692
2.5601121459999945,8.12890625,-4.0078125,2.95703125,0.001953125,-0.001953125,0.001953125,-0.1732177734375,-0.5614013671875,0.1280517578125,0.79901123046875,9.08984375,-1.6953125,2.9296875,-0.00390625,0.001953125,0.0,-0.07135009765625,-0.5872802734375,0.052490234375,0.80450439453125,254.619140625,3,692
2.565077013000007,8.12890625,-4.0078125,2.95703125,0.001953125,-0.001953125,0.001953125,-0.1732177734375,-0.5614013671875,0.1280517578125,0.79901123046875,9.08984375,-1.6953125,2.9296875,-0.00390625,0.001953125,0.0,-0.07135009765625,-0.5872802734375,0.052490234375,0.80450439453125,254.619140625,3,692
2.570072632000006,8.12890625,-4.0078125,2.95703125,0.001953125,-0.001953125,0.001953125,-0.1732177734375,-0.5614013671875,0.1280517578125,0.79901123046875,9.08984375,-1.6953125,2.9296875,-0.00390625,0.001953125,0.0,-0.07135009765625,-0.5872802734375,0.052490234375,0.80450439453125,254.619140625,3,692
2.575063516,8.16796875,-4.0078125,2.95703125,0.001953125,0.0,0.0,-0.1732177734375,-0.5614013671875,0.1280517578125,0.79901123046875,9.08984375,-1.6953125,2.9296875,-0.00390625,0.001953125,0.0,-0.07135009765625,-0.5872802734375,0.052490234375,0.80450439453125,254.619140625,3,692
2.580063295000002,8.16796875,-4.0078125,2.95703125,0.001953125,0.0,0.0,-0.1732177734375,-0.5614013671875,0.1280517578125,0.79901123046875,9.08984375,-1.6953125,2.890625,-0.00390625,0.001953125,0.0,-0.07135009765625,-0.58721923828125,0.052490234375,0.8045654296875,254.619140625,3,693
2.5850697300000007,8.16796875,-4.0078125,2.95703125,0.001953125,0.0,0.0,-0.1732177734375,-0.5614013671875,0.1280517578125,0.79901123046875,9.08984375,-1.6953125,2.890625,-0.00390625,0.001953125,0.0,-0.07135009765625,-0.58721923828125,0.052490234375,0.8045654296875,254.619140625,2,693
2.5900710770000046,8.16796875,-4.0078125,2.95703125,0.001953125,0.0,0.0,-0.1732177734375,-0.5614013671875,0.1280517578125,0.79901123046875,9.08984375,-1.6953125,2.890625,-0.00390625,0.001953125,0.0,-0.07135009765625,-0.58721923828125,0.052490234375,0.8045654296875,254.619140625,2,699
2.5950617040000026,8.16796875,-4.0078125,2.95703125,0.001953125,0.0,0.0,-0.1732177734375,-0.5614013671875,0.1280517578125,0.79901123046875,9.08984375,-1.6953125,2.890625,-0.00390625,0.001953125,0.0,-0.07135009765625,-0.58721923828125,0.052490234375,0.8045654296875,254.619140625,2,699
2.6000699629999957,8.16796875,-4.0078125,2.95703125,0.001953125,0.0,0.0,-0.1732177734375,-0.5614013671875,0.1280517578125,0.79901123046875,9.08984375,-1.6953125,2.890625,-0.00390625,0.001953125,0.0,-0.07135009765625,-0.58721923828125,0.052490234375,0.8045654296875,254.619140625,2,699
2.605192524000003,8.16796875,-4.0078125,2.95703125,0.001953125,0.0,0.0,-0.1732177734375,-0.5614013671875,0.1280517578125,0.79901123046875,9.08984375,-1.6953125,2.890625,-0.00390625,0.001953125,0.0,-0.07135009765625,-0.58721923828125,0.052490234375,0.8045654296875,254.619140625,1,699
2.610070897,8.16796875,-4.0078125,2.95703125,0.001953125,0.0,0.0,-0.1732177734375,-0.5614013671875,0.1280517578125,0.79901123046875,9.08984375,-1.6953125,2.890625,-0.00390625,0.001953125,0.0,-0.07135009765625,-0.58721923828125,0.052490234375,0.8045654296875,254.619140625,1,699
2.6150622920000046,8.16796875,-4.0078125,2.95703125,0.0,0.0,0.0,-0.1732177734375,-0.5614013671875,0.1280517578125,0.79901123046875,9.08984375,-1.6953125,2.890625,0.0,0.0,-0.001953125,-0.07135009765625,-0.58721923828125,0.052490234375,0.8045654296875,254.619140625,1,706
2.620063927000004,8.16796875,-4.0078125,2.95703125,0.0,0.0,0.0,-0.1732177734375,-0.5614013671875,0.1280517578125,0.79901123046875,9.08984375,-1.6953125,2.890625,0.0,0.0,-0.001953125,-0.07135009765625,-0.58721923828125,0.052490234375,0.8045654296875,254.619140625,1,706
2.625073978000003,8.16796875,-4.0078125,2.95703125,0.0,0.0,0.0,-0.1732177734375,-0.5614013671875,0.1280517578125,0.79901123046875,9.08984375,-1.6953125,2.890625,0.0,0.0,-0.001953125,-0.07135009765625,-0.58721923828125,0.052490234375,0.8045654296875,254.619140625,3,706
2.6300726690000005,8.16796875,-4.0078125,2.95703125,0.0,0.0,0.0,-0.1732177734375,-0.5614013671875,0.1280517578125,0.79901123046875,9.08984375,-1.6953125,2.890625,0.0,0.0,-0.001953125,-0.07135009765625,-0.58721923828125,0.052490234375,0.8045654296875,254.619140625,3,706
2.6350628800000067,8.16796875,-4.0078125,2.95703125,0.0,0.0,0.0,-0.1732177734375,-0.5614013671875,0.1280517578125,0.79901123046875,9.08984375,-1.6953125,2.890625,0.0,0.0,-0.001953125,-0.07135009765625,-0.58721923828125,0.052490234375,0.8045654296875,254.619140625,3,707
2.640126945999995,8.16796875,-4.0078125,2.95703125,0.0,0.00390625,0.001953125,-0.1732177734375,-0.5614013671875,0.1280517578125,0.79901123046875,9.08984375,-1.6953125,2.890625,0.0,0.0,-0.001953125,-0.07135009765625,-0.58721923828125,0.052490234375,0.8045654296875,254.619140625,3,707
2.645072870000007,8.16796875,-4.0078125,2.95703125,0.0,0.00390625,0.001953125,-0.1732177734375,-0.5614013671875,0.1280517578125,0.79901123046875,9.08984375,-1.6953125,2.890625,0.0,0.0,-0.001953125,-0.07135009765625,-0.58721923828125,0.052490234375,0.8045654296875,254.619140625,1,707
2.6500624090000002,8.16796875,-4.0078125,2.95703125,0.0,0.00390625,0.001953125,-0.1732177734375,-0.5614013671875,0.1280517578125,0.79901123046875,9.08984375,-1.6953125,2.890625,0.0,0.0,-0.001953125,-0.07135009765625,-0.58721923828125,0.052490234375,0.8045654296875,254.619140625,1,707
2.6550658999999968,8.16796875,-4.0078125,2.95703125,0.0,0.00390625,0.001953125,-0.1732177734375,-0.5614013671875,0.1280517578125,0.79901123046875,9.08984375,-1.6953125,2.890625,0.0,0.0,-0.001953125,-0.07135009765625,-0.58721923828125,0.052490234375,0.8045654296875,254.619140625,1,706
2.660065486999997,8.16796875,-4.0078125,2.95703125,0.0,0.00390625,0.001953125,-0.1732177734375,-0.5614013671875,0.1280517578125,0.79901123046875,9.08984375,-1.6953125,2.890625,0.001953125,0.0,0.001953125,-0.07135009765625,-0.587158203125,0.052490234375,0.80462646484375,254.619140625,1,706
2.6650833780000056,8.1640625,-4.046875,2.95703125,0.0,0.00390625,0.001953125,-0.1732177734375,-0.5614013671875,0.12799072265625,0.79901123046875,9.08984375,-1.6953125,2.890625,0.001953125,0.0,0.001953125,-0.07135009765625,-0.587158203125,0.052490234375,0.80462646484375,254.619140625,1,706
2.670164627999995,8.1640625,-4.046875,2.95703125,0.0,0.00390625,0.001953125,-0.1732177734375,-0.5614013671875,0.12799072265625,0.79901123046875,9.08984375,-1.6953125,2.890625,0.001953125,0.0,0.001953125,-0.07135009765625,-0.587158203125,0.052490234375,0.80462646484375,254.619140625,1,706
2.675062135999994,8.1640625,-4.046875,2.95703125,0.0,0.00390625,0.001953125,-0.1732177734375,-0.5614013671875,0.12799072265625,0.79901123046875,9.08984375,-1.6953125,2.890625,0.001953125,0.0,0.001953125,-0.07135009765625,-0.587158203125,0.052490234375,0.80462646484375,254.619140625,1,707
2.6800648269999954,8.1640625,-4.046875,2.95703125,0.0,0.00390625,0.001953125,-0.1732177734375,-0.5614013671875,0.12799072265625,0.79901123046875,9.0859375,-1.734375,2.9296875,0.0,0.0,-0.001953125,-0.07135009765625,-0.587158203125,0.052490234375,0.80462646484375,254.619140625,1,707
2.685063901999996,8.1640625,-4.046875,2.95703125,0.0,0.00390625,0.001953125,-0.1732177734375,-0.5614013671875,0.12799072265625,0.79901123046875,9.0859375,-1.734375,2.9296875,0.0,0.0,-0.001953125,-0.07135009765625,-0.587158203125,0.052490234375,0.80462646484375,254.619140625,4,707
2.6901186249999967,8.1640625,-4.046875,2.95703125,0.0,0.00390625,0.001953125,-0.1732177734375,-0.5614013671875,0.12799072265625,0.79901123046875,9.0859375,-1.734375,2.9296875,0.0,0.0,-0.001953125,-0.07135009765625,-0.587158203125,0.052490234375,0.80462646484375,254.619140625,4,707
2.6950654759999964,8.1640625,-4.046875,2.95703125,0.0,0.00390625,0.001953125,-0.1732177734375,-0.5614013671875,0.12799072265625,0.79901123046875,9.0859375,-1.734375,2.9296875,0.0,0.0,-0.001953125,-0.07135009765625,-0.587158203125,0.052490234375,0.80462646484375,254.619140625,4,707
2.7000924550000036,8.16796875,-4.0078125,2.95703125,0.0,0.001953125,0.001953125,-0.1732177734375,-0.56134033203125,0.1280517578125,0.799072265625,9.0859375,-1.734375,2.9296875,0.0,0.0,-0.001953125,-0.07135009765625,-0.587158203125,0.052490234375,0.80462646484375,254.619140625,4,705
2.705083466000005,8.16796875,-4.0078125,2.95703125,0.0,0.001953125,0.001953125,-0.1732177734375,-0.56134033203125,0.1280517578125,0.799072265625,9.0859375,-1.734375,2.9296875,0.0,0.0,-0.001953125,-0.07135009765625,-0.587158203125,0.05242919921875,0.80462646484375,254.619140625,4,705
2.7100702540000015,8.16796875,-4.0078125,2.95703125,0.0,0.001953125,0.001953125,-0.1732177734375,-0.56134033203125,0.1280517578125,0.799072265625,9.0859375,-1.734375,2.9296875,0.0,0.0,-0.001953125,-0.07135009765625,-0.587158203125,0.05242919921875,0.80462646484375,254.619140625,2,705
2.715109072000004,8.16796875,-4.0078125,2.95703125,0.0,0.001953125,0.001953125,-0.1732177734375,-0.56134033203125,0.1280517578125,0.799072265625,9.0859375,-1.734375,2.9296875,0.0,-0.001953125,0.001953125,-0.07135009765625,-0.587158203125,0.05242919921875,0.80462646484375,254.619140625,2,696
2.720135154999994,8.16796875,-4.0078125,2.95703125,0.0,0.001953125,0.001953125,-0.1732177734375,-0.56134033203125,0.1280517578125,0.799072265625,9.0859375,-1.734375,2.9296875,0.0,-0.001953125,0.001953125,-0.07135009765625,-0.587158203125,0.05242919921875,0.80462646484375,254.619140625,2,696
2.725085046000004,8.16796875,-4.0078125,2.95703125,0.0,0.001953125,0.001953125,-0.1732177734375,-0.56134033203125,0.1280517578125,0.799072265625,9.0859375,-1.734375,2.9296875,0.0,-0.001953125,0.001953125,-0.07135009765625,-0.587158203125,0.05242919921875,0.80462646484375,254.619140625,0,696
2.7300625860000025,8.16796875,-4.0078125,2.95703125,0.0,0.001953125,0.001953125,-0.1732177734375,-0.56134033203125,0.1280517578125,0.799072265625,9.0859375,-1.734375,2.9296875,0.0,-0.001953125,0.001953125,-0.07135009765625,-0.587158203125,0.05242919921875,0.80462646484375,254.619140625,0,696
2.7350677409999946,8.16796875,-4.0078125,2.95703125,0.0,-0.001953125,-0.001953125,-0.17315673828125,-0.56134033203125,0.12799072265625,0.799072265625,9.0859375,-1.734375,2.9296875,0.0,-0.001953125,0.001953125,-0.07135009765625,-0.587158203125,0.05242919921875,0.80462646484375,254.619140625,0,701
2.7400813440000036,8.16796875,-4.0078125,2.95703125,0.0,-0.001953125,-0.001953125,-0.17315673828125,-0.56134033203125,0.12799072265625,0.799072265625,9.0859375,-1.734375,2.890625,0.0,-0.001953125,0.001953125,-0.07135009765625,-0.587158203125,0.05242919921875,0.80462646484375,254.619140625,0,701
2.745068899000003,8.16796875,-4.0078125,2.95703125,0.0,-0.001953125,-0.001953125,-0.17315673828125,-0.56134033203125,0.12799072265625,0.799072265625,9.0859375,-1.734375,2.890625,0.0,-0.001953125,0.001953125,-0.07135009765625,-0.587158203125,0.05242919921875,0.80462646484375,254.619140625,1,701
2.750059141999998,8.16796875,-4.0078125,2.95703125,0.0,-0.001953125,-0.001953125,-0.17315673828125,-0.56134033203125,0.12799072265625,0.799072265625,9.0859375,-1.734375,2.890625,0.0,-0.001953125,0.001953125,-0.07135009765625,-0.587158203125,0.05242919921875,0.80462646484375,254.619140625,1,702
2.7550582169999984,8.16796875,-4.0078125,2.95703125,0.0,-0.001953125,-0.001953125,-0.17315673828125,-0.56134033203125,0.12799072265625,0.799072265625,9.0859375,-1.734375,2.890625,0.0,-0.001953125,0.001953125,-0.07135009765625,-0.587158203125,0.05242919921875,0.80462646484375,254.619140625,1,702
2.7600653559999984,8.16796875,-4.0078125,2.95703125,0.0,-0.001953125,-0.001953125,-0.17315673828125,-0.56134033203125,0.12799072265625,0.799072265625,9.0859375,-1.734375,2.890625,0.0,-0.001953125,0.001953125,-0.07135009765625,-0.587158203125,0.05242919921875,0.80462646484375,254.619140625,1,701
2.7650755030000056,8.16796875,-4.0078125,2.95703125,0.0,-0.001953125,-0.001953125,-0.17315673828125,-0.56134033203125,0.12799072265625,0.799072265625,9.0859375,-1.734375,2.890625,0.0,-0.001953125,0.001953125,-0.07135009765625,-0.587158203125,0.05242919921875,0.80462646484375,254.619140625,1,701
2.7700671220000004,8.16796875,-4.0078125,2.95703125,0.001953125,0.0,-0.001953125,-0.17315673828125,-0.56134033203125,0.12799072265625,0.799072265625,9.0859375,-1.734375,2.890625,0.0,-0.001953125,0.001953125,-0.07135009765625,-0.587158203125,0.05242919921875,0.80462646484375,254.619140625,1,701
2.775062613000003,8.16796875,-4.0078125,2.95703125,0.001953125,0.0,-0.001953125,-0.17315673828125,-0.56134033203125,0.12799072265625,0.799072265625,9.08984375,-1.6953125,2.890625,-0.001953125,-0.005859375,-0.00390625,-0.0712890625,-0.587158203125,0.0523681640625,0.80462646484375,254.619140625,2,701
2.780070488000007,8.16796875,-4.0078125,2.95703125,0.001953125,0.0,-0.001953125,-0.17315673828125,-0.5614013671875,0.12799072265625,0.799072265625,9.08984375,-1.6953125,2.890625,-0.001953125,-0.005859375,-0.00390625,-0.0712890625,-0.587158203125,0.0523681640625,0.80462646484375,254.619140625,2,705
2.7850716749999975,8.16796875,-4.0078125,2.95703125,0.001953125,0.0,-0.001953125,-0.17315673828125,-0.5614013671875,0.12799072265625,0.799072265625,9.08984375,-1.6953125,2.890625,-0.001953125,-0.005859375,-0.00390625,-0.0712890625,-0.587158203125,0.0523681640625,0.80462646484375,254.619140625,2,705
2.790063902,8.16796875,-4.0078125,2.95703125,0.001953125,0.0,-0.001953125,-0.17315673828125,-0.5614013671875,0.12799072265625,0.799072265625,9.08984375,-1.6953125,2.890625,-0.001953125,-0.005859375,-0.00390625,-0.0712890625,-0.587158203125,0.0523681640625,0.80462646484375,254.619140625,2,705
2.7950585610000047,8.16796875,-4.0078125,2.95703125,0.001953125,0.0,-0.001953125,-0.17315673828125,-0.5614013671875,0.12799072265625,0.799072265625,9.08984375,-1.6953125,2.890625,-0.001953125,-0.005859375,-0.00390625,-0.0712890625,-0.587158203125,0.0523681640625,0.80462646484375,254.619140625,4,705
2.800164738999996,8.16796875,-4.0078125,2.95703125,0.001953125,0.0,-0.001953125,-0.17315673828125,-0.5614013671875,0.12799072265625,0.799072265625,9.08984375,-1.6953125,2.890625,0.0,0.00390625,0.00390625,-0.0712890625,-0.587158203125,0.0523681640625,0.80462646484375,254.619140625,4,705
2.8050759430000056,8.16796875,-4.0078125,2.95703125,-0.001953125,0.0,0.0,-0.17315673828125,-0.5614013671875,0.12799072265625,0.799072265625,9.08984375,-1.6953125,2.890625,0.0,0.00390625,0.00390625,-0.0712890625,-0.587158203125,0.0523681640625,0.80462646484375,254.619140625,4,701
2.8121336170000006,8.16796875,-4.0078125,2.95703125,-0.001953125,0.0,0.0,-0.17315673828125,-0.5614013671875,0.12799072265625,0.799072265625,9.08984375,-1.6953125,2.890625,0.0,0.00390625,0.00390625,-0.0712890625,-0.587158203125,0.0523681640625,0.80462646484375,254.619140625,4,701
2.815152236000003,8.16796875,-4.0078125,2.95703125,-0.001953125,0.0,0.0,-0.17315673828125,-0.5614013671875,0.12799072265625,0.799072265625,9.08984375,-1.6953125,2.890625,0.0,0.00390625,0.00390625,-0.0712890625,-0.587158203125,0.0523681640625,0.80462646484375,254.619140625,1,701
2.820067984000005,8.16796875,-4.0078125,2.95703125,-0.001953125,0.0,0.0,-0.17315673828125,-0.5614013671875,0.12799072265625,0.799072265625,9.08984375,-1.6953125,2.890625,0.0,0.00390625,0.00390625,-0.0712890625,-0.587158203125,0.0523681640625,0.80462646484375,254.619140625,1,701
2.8250684350000057,8.16796875,-4.0078125,2.95703125,-0.001953125,0.0,0.0,-0.17315673828125,-0.5614013671875,0.12799072265625,0.799072265625,9.08984375,-1.6953125,2.890625,0.0,0.00390625,0.00390625,-0.0712890625,-0.587158203125,0.0523681640625,0.80462646484375,254.619140625,1,701
2.8300835099999944,8.16796875,-4.0078125,2.95703125,-0.001953125,0.0,0.0,-0.17315673828125,-0.5614013671875,0.1279296875,0.799072265625,9.08984375,-1.6953125,2.9296875,0.0,0.00390625,0.00390625,-0.0712890625,-0.587158203125,0.0523681640625,0.80462646484375,254.619140625,1,702
2.8351186489999947,8.16796875,-4.0078125,2.95703125,-0.001953125,0.0,0.0,-0.17315673828125,-0.5614013671875,0.1279296875,0.799072265625,9.08984375,-1.6953125,2.9296875,0.0,0.00390625,0.00390625,-0.0712890625,-0.587158203125,0.0523681640625,0.80462646484375,254.619140625,1,702
2.8400740120000023,8.16796875,-4.0078125,2.95703125,-0.001953125,0.0,0.0,-0.17315673828125,-0.5614013671875,0.1279296875,0.799072265625,9.08984375,-1.6953125,2.9296875,0.0,0.00390625,0.00390625,-0.0712890625,-0.587158203125,0.0523681640625,0.80462646484375,254.619140625,2,702
2.845073696,8.16796875,-4.0078125,2.95703125,-0.001953125,0.0,0.0,-0.17315673828125,-0.5614013671875,0.1279296875,0.799072265625,9.08984375,-1.6953125,2.9296875,0.0,0.00390625,0.00390625,-0.0712890625,-0.587158203125,0.0523681640625,0.80462646484375,254.619140625,2,702
2.850076994999995,8.16796875,-4.0078125,2.95703125,0.0,0.00390625,0.001953125,-0.17315673828125,-0.5614013671875,0.1279296875,0.799072265625,9.08984375,-1.6953125,2.9296875,0.0,0.00390625,0.00390625,-0.0712890625,-0.587158203125,0.0523681640625,0.80462646484375,254.619140625,2,698
2.855074982000005,8.16796875,-4.0078125,2.95703125,0.0,0.00390625,0.001953125,-0.17315673828125,-0.5614013671875,0.1279296875,0.799072265625,9.08984375,-1.6953125,2.9296875,-0.00390625,0.0,0.001953125,-0.07135009765625,-0.587158203125,0.05242919921875,0.80462646484375,254.619140625,2,698
2.860128488000001,8.16796875,-4.0078125,2.95703125,0.0,0.00390625,0.001953125,-0.17315673828125,-0.5614013671875,0.1279296875,0.799072265625,9.08984375,-1.6953125,2.9296875,-0.00390625,0.0,0.001953125,-0.07135009765625,-0.587158203125,0.05242919921875,0.80462646484375,254.619140625,2,698
2.8650597559999937,8.1640625,-4.046875,2.95703125,0.0,0.00390625,0.001953125,-0.17315673828125,-0.5614013671875,0.1279296875,0.799072265625,9.08984375,-1.6953125,2.9296875,-0.00390625,0.0,0.001953125,-0.07135009765625,-0.587158203125,0.05242919921875,0.80462646484375,254.619140625,2,698
2.870156141999999,8.1640625,-4.046875,2.95703125,0.0,0.00390625,0.001953125,-0.17315673828125,-0.5614013671875,0.1279296875,0.799072265625,9.08984375,-1.6953125,2.9296875,-0.00390625,0.0,0.001953125,-0.07135009765625,-0.587158203125,0.05242919921875,0.80462646484375,254.619140625,2,705
2.875098417000004,8.1640625,-4.046875,2.95703125,0.0,0.00390625,0.001953125,-0.17315673828125,-0.5614013671875,0.1279296875,0.799072265625,9.08984375,-1.6953125,2.9296875,-0.00390625,0.0,0.001953125,-0.07135009765625,-0.587158203125,0.05242919921875,0.80462646484375,254.619140625,2,705
2.880069973000005,8.1640625,-4.046875,2.95703125,0.0,0.00390625,0.001953125,-0.17315673828125,-0.5614013671875,0.1279296875,0.799072265625,9.08984375,-1.6953125,2.9296875,-0.00390625,0.0,0.001953125,-0.07135009765625,-0.587158203125,0.05242919921875,0.80462646484375,254.619140625,2,705
2.885148534999999,8.1640625,-4.046875,2.95703125,0.0,0.00390625,0.001953125,-0.17315673828125,-0.5614013671875,0.1279296875,0.799072265625,9.08984375,-1.6953125,2.9296875,-0.00390625,0.0,0.001953125,-0.07135009765625,-0.587158203125,0.05242919921875,0.80462646484375,254.619140625,2,705
2.890063165000001,8.12890625,-4.0078125,2.95703125,0.0,0.001953125,0.00390625,-0.17315673828125,-0.5614013671875,0.1279296875,0.799072265625,9.08984375,-1.6953125,2.9296875,-0.00390625,0.0,0.001953125,-0.07135009765625,-0.587158203125,0.05242919921875,0.80462646484375,254.619140625,2,705
2.895090947,8.12890625,-4.0078125,2.95703125,0.0,0.001953125,0.00390625,-0.17315673828125,-0.5614013671875,0.1279296875,0.799072265625,9.0859375,-1.734375,2.9296875,0.0,0.001953125,0.001953125,-0.07135009765625,-0.58709716796875,0.05242919921875,0.80462646484375,254.619140625,2,700
2.9000598829999973,8.12890625,-4.0078125,2.95703125,0.0,0.001953125,0.00390625,-0.17315673828125,-0.5614013671875,0.1279296875,0.799072265625,9.0859375,-1.734375,2.9296875,0.0,0.001953125,0.001953125,-0.07135009765625,-0.58709716796875,0.05242919921875,0.80462646484375,254.619140625,2,700
2.905065233000002,8.12890625,-4.0078125,2.95703125,0.0,0.001953125,0.00390625,-0.17315673828125,-0.56134033203125,0.12799072265625,0.799072265625,9.0859375,-1.734375,2.9296875,0.0,0.001953125,0.001953125,-0.07135009765625,-0.58709716796875,0.05242919921875,0.80462646484375,254.619140625,2,704
2.9100696560000046,8.12890625,-4.0078125,2.95703125,0.0,0.001953125,0.00390625,-0.17315673828125,-0.56134033203125,0.12799072265625,0.799072265625,9.0859375,-1.734375,2.9296875,0.0,0.001953125,0.001953125,-0.07135009765625,-0.58709716796875,0.05242919921875,0.80462646484375,254.619140625,2,704
2.9150678390000024,8.12890625,-4.0078125,2.95703125,0.0,0.001953125,0.00390625,-0.17315673828125,-0.56134033203125,0.12799072265625,0.799072265625,9.0859375,-1.734375,2.9296875,0.0,0.001953125,0.001953125,-0.07135009765625,-0.58709716796875,0.05242919921875,0.80462646484375,254.619140625,2,704
2.920064805999999,8.12890625,-4.0078125,2.95703125,0.0,0.001953125,0.00390625,-0.17315673828125,-0.56134033203125,0.12799072265625,0.799072265625,9.0859375,-1.734375,2.9296875,0.0,0.001953125,0.001953125,-0.07135009765625,-0.58709716796875,0.05242919921875,0.80462646484375,254.619140625,2,704
2.9250628930000033,8.12890625,-4.0078125,2.95703125,0.0,-0.001953125,0.0,-0.17315673828125,-0.56134033203125,0.12799072265625,0.799072265625,9.0859375,-1.734375,2.9296875,0.0,0.001953125,0.001953125,-0.07135009765625,-0.58709716796875,0.05242919921875,0.80462646484375,254.619140625,2,704
2.9300669959999937,8.12890625,-4.0078125,2.95703125,0.0,-0.001953125,0.0,-0.17315673828125,-0.56134033203125,0.12799072265625,0.799072265625,9.0859375,-1.734375,2.9296875,0.0,0.001953125,0.001953125,-0.07135009765625,-0.58709716796875,0.05242919921875,0.80462646484375,254.619140625,2,701
2.9350682190000015,8.12890625,-4.0078125,2.95703125,0.0,-0.001953125,0.0,-0.17315673828125,-0.56134033203125,0.12799072265625,0.799072265625,9.0859375,-1.734375,2.9296875,-0.001953125,-0.001953125,-0.00390625,-0.07135009765625,-0.58709716796875,0.05242919921875,0.8046875,254.619140625,2,701
2.9400653769999963,8.12890625,-4.0078125,2.95703125,0.0,-0.001953125,0.0,-0.17315673828125,-0.56134033203125,0.12799072265625,0.799072265625,9.0859375,-1.734375,2.9296875,-0.001953125,-0.001953125,-0.00390625,-0.07135009765625,-0.58709716796875,0.05242919921875,0.8046875,254.619140625,2,701
2.9450606160000063,8.12890625,-4.0078125,2.95703125,0.0,-0.001953125,0.0,-0.17315673828125,-0.56134033203125,0.12799072265625,0.799072265625,9.0859375,-1.734375,2.9296875,-0.001953125,-0.001953125,-0.00390625,-0.07135009765625,-0.58709716796875,0.05242919921875,0.8046875,254.619140625,2,701
2.9501562060000026,8.12890625,-4.0078125,2.95703125,0.0,-0.001953125,0.0,-0.17315673828125,-0.56134033203125,0.12799072265625,0.799072265625,9.0859375,-1.734375,2.9296875,-0.001953125,-0.001953125,-0.00390625,-0.07135009765625,-0.58709716796875,0.05242919921875,0.8046875,254.619140625,2,698
2.9551088529999987,8.12890625,-4.0078125,2.95703125,0.0,-0.001953125,0.0,-0.17315673828125,-0.56134033203125,0.12799072265625,0.799072265625,9.0859375,-1.734375,2.9296875,-0.001953125,-0.001953125,-0.00390625,-0.07135009765625,-0.58709716796875,0.05242919921875,0.8046875,254.619140625,2,698
2.960077149,8.12890625,-4.0078125,2.95703125,0.0,-0.001953125,0.0,-0.17315673828125,-0.56134033203125,0.12799072265625,0.799072265625,9.08984375,-1.6953125,2.9296875,-0.00390625,-0.001953125,-0.00390625,-0.07135009765625,-0.58709716796875,0.05242919921875,0.8046875,254.619140625,2,698
2.9650709800000072,8.16796875,-4.0078125,2.95703125,-0.00390625,-0.001953125,-0.00390625,-0.17315673828125,-0.56134033203125,0.12799072265625,0.799072265625,9.08984375,-1.6953125,2.9296875,-0.00390625,-0.001953125,-0.00390625,-0.07135009765625,-0.58709716796875,0.05242919921875,0.8046875,254.619140625,2,698
2.9700969379999975,8.16796875,-4.0078125,2.95703125,-0.00390625,-0.001953125,-0.00390625,-0.17315673828125,-0.56134033203125,0.12799072265625,0.799072265625,9.08984375,-1.6953125,2.9296875,-0.00390625,-0.001953125,-0.00390625,-0.07135009765625,-0.58709716796875,0.05242919921875,0.8046875,254.619140625,2,703
2.975134608999994,8.16796875,-4.0078125,2.95703125,-0.00390625,-0.001953125,-0.00390625,-0.17315673828125,-0.56134033203125,0.12799072265625,0.799072265625,9.08984375,-1.6953125,2.9296875,-0.00390625,-0.001953125,-0.00390625,-0.07135009765625,-0.58709716796875,0.05242919921875,0.8046875,254.619140625,2,703
2.980070552000001,8.16796875,-4.0078125,2.95703125,-0.00390625,-0.001953125,-0.00390625,-0.17315673828125,-0.56134033203125,0.12799072265625,0.799072265625,9.08984375,-1.6953125,2.9296875,-0.00390625,-0.001953125,-0.00390625,-0.07135009765625,-0.58709716796875,0.05242919921875,0.8046875,254.619140625,4,703
2.985069791000001,8.16796875,-4.0078125,2.95703125,-0.00390625,-0.001953125,-0.00390625,-0.173095703125,-0.5614013671875,0.1279296875,0.799072265625,9.08984375,-1.6953125,2.890625,-0.00390625,-0.001953125,-0.00390625,-0.0712890625,-0.58709716796875,0.0523681640625,0.80462646484375,254.619140625,4,703
2.990069446000007,8.16796875,-4.0078125,2.95703125,-0.00390625,-0.001953125,-0.00390625,-0.173095703125,-0.5614013671875,0.1279296875,0.799072265625,9.08984375,-1.6953125,2.890625,-0.00390625,-0.001953125,-0.00390625,-0.0712890625,-0.58709716796875,0.0523681640625,0.80462646484375,254.619140625,4,704
2.9950690370000075,8.16796875,-4.0078125,2.95703125,-0.00390625,-0.001953125,-0.00390625,-0.173095703125,-0.5614013671875,0.1279296875,0.799072265625,9.08984375,-1.6953125,2.890625,0.001953125,0.0,0.0,-0.0712890625,-0.58709716796875,0.0523681640625,0.80462646484375,254.619140625,2,704
3.000091795000003,8.16796875,-4.0078125,2.95703125,-0.00390625,-0.001953125,-0.00390625,-0.173095703125,-0.5614013671875,0.1279296875,0.799072265625,9.08984375,-1.6953125,2.890625,0.001953125,0.0,0.0,-0.0712890625,-0.58709716796875,0.0523681640625,0.80462646484375,254.619140625,2,704
3.005060794000002,8.16796875,-4.0078125,2.95703125,-0.00390625,-0.001953125,-0.00390625,-0.173095703125,-0.5614013671875,0.1279296875,0.799072265625,9.08984375,-1.6953125,2.890625,0.001953125,0.0,0.0,-0.0712890625,-0.58709716796875,0.0523681640625,0.80462646484375,254.619140625,2,702
3.0100720009999975,8.16796875,-4.0078125,2.95703125,-0.00390625,-0.001953125,-0.00390625,-0.173095703125,-0.5614013671875,0.1279296875,0.799072265625,9.08984375,-1.6953125,2.890625,0.001953125,0.0,0.0,-0.0712890625,-0.58709716796875,0.0523681640625,0.80462646484375,254.619140625,2,702
3.0158847990000055,8.16796875,-4.0078125,2.95703125,0.0,0.0,0.0,-0.173095703125,-0.56146240234375,0.12786865234375,0.79901123046875,9.08984375,-1.6953125,2.890625,0.001953125,0.0,0.0,-0.0712890625,-0.58709716796875,0.0523681640625,0.80462646484375,254.619140625,2,702
3.020069454999998,8.16796875,-4.0078125,2.95703125,0.0,0.0,0.0,-0.173095703125,-0.56146240234375,0.12786865234375,0.79901123046875,9.08984375,-1.6953125,2.890625,0.001953125,0.0,0.0,-0.0712890625,-0.58709716796875,0.0523681640625,0.80462646484375,254.619140625,2,702
3.025064630000003,8.16796875,-4.0078125,2.95703125,0.0,0.0,0.0,-0.173095703125,-0.56146240234375,0.12786865234375,0.79901123046875,9.08984375,-1.6953125,2.890625,0.001953125,0.0,0.0,-0.0712890625,-0.58709716796875,0.0523681640625,0.80462646484375,254.619140625,2,700
3.030071036999999,8.16796875,-4.0078125,2.95703125,0.0,0.0,0.0,-0.173095703125,-0.56146240234375,0.12786865234375,0.79901123046875,9.08984375,-1.6953125,2.890625,0.001953125,0.0,0.0,-0.0712890625,-0.58709716796875,0.0523681640625,0.80462646484375,254.619140625,3,700
3.0350675239999987,8.16796875,-4.0078125,2.95703125,0.0,0.0,0.0,-0.173095703125,-0.56146240234375,0.12786865234375,0.79901123046875,9.08984375,-1.6953125,2.890625,0.001953125,0.0,0.0,-0.0712890625,-0.58709716796875,0.0523681640625,0.80462646484375,254.619140625,3,700
3.0400606820000036,8.16796875,-4.0078125,2.95703125,0.0,0.0,0.0,-0.173095703125,-0.56146240234375,0.12786865234375,0.79901123046875,9.08984375,-1.6953125,2.890625,0.001953125,0.0,0.0,-0.0712890625,-0.58709716796875,0.0523681640625,0.80462646484375,254.619140625,3,702
3.045060848999995,8.16796875,-4.0078125,2.95703125,0.0,0.0,0.0,-0.173095703125,-0.56146240234375,0.12786865234375,0.79901123046875,9.08984375,-1.6953125,2.890625,0.001953125,0.0,0.0,-0.0712890625,-0.58709716796875,0.0523681640625,0.80462646484375,254.619140625,3,702
3.0500677360000026,8.16796875,-4.0078125,2.95703125,0.0,0.0,0.0,-0.173095703125,-0.56146240234375,0.12786865234375,0.79901123046875,9.08984375,-1.6953125,2.890625,0.00390625,0.001953125,0.00390625,-0.0712890625,-0.58709716796875,0.0523681640625,0.80462646484375,254.619140625,2,702
3.055073950999997,8.16796875,-4.0078125,2.95703125,0.001953125,0.00390625,0.00390625,-0.173095703125,-0.5614013671875,0.1279296875,0.799072265625,9.08984375,-1.6953125,2.890625,0.00390625,0.001953125,0.00390625,-0.0712890625,-0.58709716796875,0.0523681640625,0.80462646484375,254.619140625,2,702
3.0600643899999938,8.16796875,-4.0078125,2.95703125,0.001953125,0.00390625,0.00390625,-0.173095703125,-0.5614013671875,0.1279296875,0.799072265625,9.08984375,-1.6953125,2.890625,0.00390625,0.001953125,0.00390625,-0.0712890625,-0.58709716796875,0.05242919921875,0.80462646484375,254.619140625,2,705
3.0650628289999986,8.16796875,-4.0078125,2.95703125,0.001953125,0.00390625,0.00390625,-0.173095703125,-0.5614013671875,0.1279296875,0.799072265625,9.08984375,-1.6953125,2.890625,0.00390625,0.001953125,0.00390625,-0.0712890625,-0.58709716796875,0.05242919921875,0.80462646484375,254.619140625,1,705
3.0700696189999945,8.16796875,-4.0078125,2.95703125,0.001953125,0.00390625,0.00390625,-0.173095703125,-0.5614013671875,0.1279296875,0.799072265625,9.08984375,-1.6953125,2.890625,0.00390625,0.001953125,0.00390625,-0.0712890625,-0.58709716796875,0.05242919921875,0.80462646484375,254.619140625,1,705
3.075066554000003,8.16796875,-4.0078125,2.95703125,0.001953125,0.00390625,0.00390625,-0.173095703125,-0.5614013671875,0.1279296875,0.799072265625,9.08984375,-1.6953125,2.890625,0.00390625,0.001953125,0.00390625,-0.0712890625,-0.58709716796875,0.05242919921875,0.80462646484375,254.619140625,1,702
3.0800605769999976,8.16796875,-4.0078125,2.95703125,0.001953125,0.00390625,0.00390625,-0.173095703125,-0.5614013671875,0.1279296875,0.799072265625,9.08984375,-1.6953125,2.890625,0.00390625,0.001953125,0.00390625,-0.0712890625,-0.58709716796875,0.05242919921875,0.80462646484375,254.619140625,1,702
3.085067144000007,8.16796875,-4.0078125,2.95703125,0.001953125,0.00390625,0.00390625,-0.173095703125,-0.5614013671875,0.1279296875,0.799072265625,9.0859375,-1.734375,2.890625,0.001953125,0.001953125,0.00390625,-0.0712890625,-0.58709716796875,0.05242919921875,0.80462646484375,254.619140625,2,702
3.0900963990000037,8.16796875,-4.0078125,2.95703125,0.001953125,0.00390625,0.00390625,-0.173095703125,-0.5614013671875,0.1279296875,0.799072265625,9.0859375,-1.734375,2.890625,0.001953125,0.001953125,0.00390625,-0.0712890625,-0.58709716796875,0.05242919921875,0.80462646484375,254.619140625,2,702
3.095078134000005,8.16796875,-4.0078125,2.95703125,0.001953125,0.00390625,0.00390625,-0.173095703125,-0.5614013671875,0.1279296875,0.799072265625,9.0859375,-1.734375,2.890625,0.001953125,0.001953125,0.00390625,-0.0712890625,-0.58709716796875,0.05242919921875,0.80462646484375,254.619140625,2,702
3.1000779799999947,8.1640625,-4.046875,2.95703125,0.00390625,0.001953125,0.00390625,-0.173095703125,-0.56134033203125,0.12799072265625,0.799072265625,9.0859375,-1.734375,2.890625,0.001953125,0.001953125,0.00390625,-0.0712890625,-0.58709716796875,0.05242919921875,0.80462646484375,254.619140625,2,710
3.105066339000004,8.1640625,-4.046875,2.95703125,0.00390625,0.001953125,0.00390625,-0.173095703125,-0.56134033203125,0.12799072265625,0.799072265625,9.0859375,-1.734375,2.890625,0.001953125,0.001953125,0.00390625,-0.0712890625,-0.58709716796875,0.05242919921875,0.80462646484375,254.619140625,2,710
3.1100711459999957,8.1640625,-4.046875,2.95703125,0.00390625,0.001953125,0.00390625,-0.173095703125,-0.56134033203125,0.12799072265625,0.799072265625,9.0859375,-1.734375,2.9296875,0.001953125,0.001953125,0.00390625,-0.0712890625,-0.58709716796875,0.052490234375,0.8046875,254.619140625,3,710
3.1151877599999978,8.1640625,-4.046875,2.95703125,0.00390625,0.001953125,0.00390625,-0.173095703125,-0.56134033203125,0.12799072265625,0.799072265625,9.0859375,-1.734375,2.9296875,0.001953125,0.001953125,0.00390625,-0.0712890625,-0.58709716796875,0.052490234375,0.8046875,254.619140625,3,710
3.120135990999998,8.1640625,-4.046875,2.95703125,0.00390625,0.001953125,0.00390625,-0.173095703125,-0.56134033203125,0.12799072265625,0.799072265625,9.0859375,-1.734375,2.9296875,0.001953125,0.001953125,0.00390625,-0.0712890625,-0.58709716796875,0.052490234375,0.8046875,254.619140625,3,706
3.1250602230000055,8.1640625,-4.046875,2.95703125,0.00390625,0.001953125,0.00390625,-0.173095703125,-0.56134033203125,0.12799072265625,0.799072265625,9.0859375,-1.734375,2.9296875,0.001953125,0.001953125,0.00390625,-0.0712890625,-0.58709716796875,0.052490234375,0.8046875,254.619140625,3,706
3.1300635580000034,8.12890625,-4.0078125,2.95703125,0.00390625,-0.001953125,0.001953125,-0.173095703125,-0.56134033203125,0.12799072265625,0.799072265625,9.0859375,-1.734375,2.9296875,0.001953125,0.0,-0.001953125,-0.07122802734375,-0.5870361328125,0.05255126953125,0.8046875,254.619140625,1,706
3.1350921399999976,8.12890625,-4.0078125,2.95703125,0.00390625,-0.001953125,0.001953125,-0.173095703125,-0.56134033203125,0.12799072265625,0.799072265625,9.0859375,-1.734375,2.9296875,0.001953125,0.0,-0.001953125,-0.07122802734375,-0.5870361328125,0.05255126953125,0.8046875,254.619140625,1,706
3.140068307000007,8.12890625,-4.0078125,2.95703125,0.00390625,-0.001953125,0.001953125,-0.173095703125,-0.56134033203125,0.12799072265625,0.799072265625,9.0859375,-1.734375,2.9296875,0.001953125,0.0,-0.001953125,-0.07122802734375,-0.5870361328125,0.05255126953125,0.8046875,254.619140625,1,712
3.1450739459999966,8.12890625,-4.0078125,2.95703125,0.00390625,-0.001953125,0.001953125,-0.173095703125,-0.56134033203125,0.12799072265625,0.799072265625,9.0859375,-1.734375,2.9296875,0.001953125,0.0,-0.001953125,-0.07122802734375,-0.5870361328125,0.05255126953125,0.8046875,254.619140625,1,712
3.150134304000005,8.16796875,-4.0078125,2.95703125,0.00390625,-0.001953125,0.001953125,-0.173095703125,-0.56134033203125,0.12799072265625,0.799072265625,9.0859375,-1.734375,2.9296875,0.001953125,0.0,-0.001953125,-0.07122802734375,-0.5870361328125,0.05255126953125,0.8046875,254.619140625,3,712
3.155148839000006,8.16796875,-4.0078125,2.95703125,0.00390625,-0.001953125,0.001953125,-0.173095703125,-0.56134033203125,0.12799072265625,0.799072265625,9.0859375,-1.734375,2.9296875,0.001953125,0.0,-0.001953125,-0.07122802734375,-0.5870361328125,0.05255126953125,0.8046875,254.619140625,3,712
3.160070895000004,8.16796875,-4.0078125,2.95703125,0.00390625,-0.001953125,0.001953125,-0.173095703125,-0.56134033203125,0.12799072265625,0.799072265625,9.0859375,-1.734375,2.9296875,0.0,-0.00390625,-0.00390625,-0.07122802734375,-0.5870361328125,0.05255126953125,0.8046875,254.619140625,3,708
3.165071030000007,8.16796875,-4.0078125,2.95703125,0.00390625,-0.001953125,0.001953125,-0.173095703125,-0.56134033203125,0.12799072265625,0.799072265625,9.0859375,-1.734375,2.9296875,0.0,-0.00390625,-0.00390625,-0.07122802734375,-0.5870361328125,0.05255126953125,0.8046875,254.619140625,3,708
3.170072923999996,8.16796875,-4.0078125,2.95703125,0.00390625,-0.001953125,0.001953125,-0.173095703125,-0.56134033203125,0.12799072265625,0.799072265625,9.0859375,-1.734375,2.9296875,0.0,-0.00390625,-0.00390625,-0.07122802734375,-0.5870361328125,0.05255126953125,0.8046875,254.619140625,0,708
3.1750723549999975,8.16796875,-4.0078125,2.95703125,0.0,-0.00390625,-0.001953125,-0.17303466796875,-0.5614013671875,0.1279296875,0.799072265625,9.0859375,-1.734375,2.9296875,0.0,-0.00390625,-0.00390625,-0.07122802734375,-0.5870361328125,0.05255126953125,0.8046875,254.619140625,0,708
3.180066409999995,8.16796875,-4.0078125,2.95703125,0.0,-0.00390625,-0.001953125,-0.17303466796875,-0.5614013671875,0.1279296875,0.799072265625,9.0859375,-1.734375,2.9296875,0.0,-0.00390625,-0.00390625,-0.07122802734375,-0.5870361328125,0.05255126953125,0.8046875,254.619140625,0,710
3.185063857000003,8.16796875,-4.0078125,2.95703125,0.0,-0.00390625,-0.001953125,-0.17303466796875,-0.5614013671875,0.1279296875,0.799072265625,9.08984375,-1.6953125,2.9296875,0.0,-0.00390625,-0.00390625,-0.07122802734375,-0.58709716796875,0.052490234375,0.8046875,254.619140625,0,710
3.190067768000006,8.12890625,-4.0078125,2.95703125,0.0,-0.00390625,-0.001953125,-0.17303466796875,-0.5614013671875,0.1279296875,0.799072265625,9.08984375,-1.6953125,2.9296875,0.0,-0.00390625,-0.00390625,-0.07122802734375,-0.58709716796875,0.052490234375,0.8046875,254.619140625,1,710
3.1950681590000016,8.12890625,-4.0078125,2.95703125,0.0,-0.00390625,-0.001953125,-0.17303466796875,-0.5614013671875,0.1279296875,0.799072265625,9.08984375,-1.6953125,2.9296875,0.0,-0.00390625,-0.00390625,-0.07122802734375,-0.58709716796875,0.052490234375,0.8046875,254.619140625,1,710
3.2000631420000047,8.12890625,-4.0078125,2.95703125,0.0,-0.00390625,-0.001953125,-0.17303466796875,-0.5614013671875,0.1279296875,0.799072265625,9.08984375,-1.6953125,2.9296875,0.0,-0.00390625,-0.00390625,-0.07122802734375,-0.58709716796875,0.052490234375,0.8046875,254.619140625,1,705
3.2050605560000065,8.12890625,-4.0078125,2.95703125,0.0,-0.00390625,-0.001953125,-0.17303466796875,-0.5614013671875,0.1279296875,0.799072265625,9.08984375,-1.6953125,2.9296875,0.0,-0.00390625,-0.00390625,-0.07122802734375,-0.58709716796875,0.052490234375,0.8046875,254.619140625,1,705
3.2100687230000062,8.16796875,-4.0078125,2.95703125,-0.00390625,-0.001953125,-0.00390625,-0.17303466796875,-0.5614013671875,0.1279296875,0.799072265625,9.08984375,-1.6953125,2.890625,-0.00390625,-0.001953125,-0.005859375,-0.07122802734375,-0.58709716796875,0.052490234375,0.8046875,254.619140625,3,705
3.2150676100000055,8.16796875,-4.0078125,2.95703125,-0.00390625,-0.001953125,-0.00390625,-0.17303466796875,-0.5614013671875,0.1279296875,0.799072265625,9.08984375,-1.6953125,2.890625,-0.00390625,-0.001953125,-0.005859375,-0.07122802734375,-0.58709716796875,0.052490234375,0.8046875,254.619140625,3,705
3.2200612169999943,8.16796875,-4.0078125,2.95703125,-0.00390625,-0.001953125,-0.00390625,-0.17303466796875,-0.5614013671875,0.1279296875,0.799072265625,9.08984375,-1.6953125,2.890625,-0.00390625,-0.001953125,-0.005859375,-0.07122802734375,-0.58709716796875,0.052490234375,0.8046875,254.619140625,3,711
3.2250651599999998,8.16796875,-4.0078125,2.95703125,-0.00390625,-0.001953125,-0.00390625,-0.17303466796875,-0.5615234375,0.12786865234375,0.79901123046875,9.08984375,-1.6953125,2.890625,-0.00390625,-0.001953125,-0.005859375,-0.07122802734375,-0.58709716796875,0.052490234375,0.8046875,254.619140625,3,711
3.2300710549999962,8.16796875,-4.0078125,2.95703125,-0.00390625,-0.001953125,-0.00390625,-0.17303466796875,-0.5615234375,0.12786865234375,0.79901123046875,9.08984375,-1.6953125,2.890625,-0.00390625,-0.001953125,-0.005859375,-0.0711669921875,-0.587158203125,0.05242919921875,0.80462646484375,254.619140625,1,711
3.235075316999996,8.16796875,-4.0078125,2.95703125,-0.00390625,-0.001953125,-0.00390625,-0.17303466796875,-0.5615234375,0.12786865234375,0.79901123046875,9.08984375,-1.6953125,2.890625,-0.00390625,-0.001953125,-0.005859375,-0.0711669921875,-0.587158203125,0.05242919921875,0.80462646484375,254.619140625,1,706
3.2402288260000063,8.16796875,-4.0078125,2.95703125,-0.00390625,-0.001953125,-0.00390625,-0.17303466796875,-0.5615234375,0.12786865234375,0.79901123046875,9.08984375,-1.6953125,2.890625,-0.00390625,-0.001953125,-0.005859375,-0.0711669921875,-0.587158203125,0.05242919921875,0.80462646484375,254.619140625,1,706
3.245110851000007,8.16796875,-4.0078125,2.95703125,-0.00390625,-0.001953125,-0.00390625,-0.17303466796875,-0.5615234375,0.12786865234375,0.79901123046875,9.08984375,-1.6953125,2.890625,-0.00390625,-0.001953125,-0.005859375,-0.0711669921875,-0.587158203125,0.05242919921875,0.80462646484375,254.619140625,1,706
3.250088169999998,8.16796875,-4.0078125,2.95703125,-0.00390625,-0.001953125,-0.00390625,-0.17303466796875,-0.5615234375,0.12786865234375,0.79901123046875,9.08984375,-1.6953125,2.890625,-0.00390625,-0.001953125,-0.005859375,-0.0711669921875,-0.587158203125,0.05242919921875,0.80462646484375,254.619140625,1,706
3.2550640810000004,8.1640625,-4.046875,2.95703125,0.001953125,0.00390625,0.001953125,-0.17303466796875,-0.5615234375,0.12786865234375,0.79901123046875,9.08984375,-1.6953125,2.890625,0.00390625,0.001953125,0.00390625,-0.07122802734375,-0.58709716796875,0.052490234375,0.8046875,254.619140625,1,706
3.260069752000007,8.1640625,-4.046875,2.95703125,0.001953125,0.00390625,0.001953125,-0.17303466796875,-0.5615234375,0.12786865234375,0.79901123046875,9.08984375,-1.6953125,2.890625,0.00390625,0.001953125,0.00390625,-0.07122802734375,-0.58709716796875,0.052490234375,0.8046875,254.619140625,1,711
3.2650683180000044,8.1640625,-4.046875,2.95703125,0.001953125,0.00390625,0.001953125,-0.17303466796875,-0.5615234375,0.12786865234375,0.79901123046875,9.08984375,-1.6953125,2.890625,0.00390625,0.001953125,0.00390625,-0.07122802734375,-0.58709716796875,0.052490234375,0.8046875,254.619140625,1,711
3.2700732530000067,8.1640625,-4.046875,2.95703125,0.001953125,0.00390625,0.001953125,-0.17303466796875,-0.5615234375,0.12786865234375,0.79901123046875,9.08984375,-1.6953125,2.890625,0.00390625,0.001953125,0.00390625,-0.07122802734375,-0.58709716796875,0.052490234375,0.8046875,254.619140625,2,711
3.2750682359999956,8.1640625,-4.046875,2.95703125,0.001953125,0.00390625,0.001953125,-0.17303466796875,-0.5615234375,0.12786865234375,0.79901123046875,9.08984375,-1.6953125,2.890625,0.00390625,0.001953125,0.00390625,-0.07122802734375,-0.58709716796875,0.052490234375,0.8046875,254.619140625,2,711
3.280069331000007,8.16796875,-4.0078125,2.95703125,0.001953125,0.00390625,0.001953125,-0.17303466796875,-0.5615234375,0.12786865234375,0.79901123046875,9.08984375,-1.6953125,2.9296875,0.0,0.001953125,0.005859375,-0.07122802734375,-0.58709716796875,0.052490234375,0.8046875,254.619140625,2,706
3.285212119999997,8.16796875,-4.0078125,2.95703125,0.001953125,0.00390625,0.001953125,-0.17303466796875,-0.5615234375,0.12786865234375,0.79901123046875,9.08984375,-1.6953125,2.9296875,0.0,0.001953125,0.005859375,-0.07122802734375,-0.58709716796875,0.052490234375,0.8046875,254.619140625,2,706
3.2900635849999986,8.16796875,-4.0078125,2.95703125,0.001953125,0.00390625,0.001953125,-0.17303466796875,-0.5615234375,0.12786865234375,0.79901123046875,9.08984375,-1.6953125,2.9296875,0.0,0.001953125,0.005859375,-0.07122802734375,-0.58709716796875,0.052490234375,0.8046875,254.619140625,-1,706
3.295064264000004,8.16796875,-4.0078125,2.95703125,0.001953125,0.00390625,0.001953125,-0.17303466796875,-0.5615234375,0.12786865234375,0.79901123046875,9.08984375,-1.6953125,2.9296875,0.0,0.001953125,0.005859375,-0.07122802734375,-0.58709716796875,0.052490234375,0.8046875,254.619140625,-1,706
3.3001237900000007,8.16796875,-4.0078125,2.95703125,0.001953125,0.00390625,0.001953125,-0.17303466796875,-0.5615234375,0.12786865234375,0.79901123046875,9.08984375,-1.6953125,2.9296875,0.0,0.001953125,0.005859375,-0.07122802734375,-0.58709716796875,0.052490234375,0.8046875,254.619140625,-1,716
3.3050702289999947,8.16796875,-4.0078125,2.95703125,0.00390625,0.0,0.00390625,-0.17303466796875,-0.56146240234375,0.1279296875,0.79901123046875,9.0859375,-1.734375,2.9296875,0.0,0.001953125,0.005859375,-0.07122802734375,-0.5870361328125,0.05255126953125,0.8046875,254.619140625,-1,716
3.310068540000003,8.16796875,-4.0078125,2.95703125,0.00390625,0.0,0.00390625,-0.17303466796875,-0.56146240234375,0.1279296875,0.79901123046875,9.0859375,-1.734375,2.9296875,0.0,0.001953125,0.005859375,-0.07122802734375,-0.5870361328125,0.05255126953125,0.8046875,254.619140625,3,716
3.3150627870000022,8.16796875,-4.0078125,2.95703125,0.00390625,0.0,0.00390625,-0.17303466796875,-0.56146240234375,0.1279296875,0.79901123046875,9.0859375,-1.734375,2.9296875,0.0,0.001953125,0.005859375,-0.07122802734375,-0.5870361328125,0.05255126953125,0.8046875,254.619140625,3,707
3.32007505,8.16796875,-4.0078125,2.95703125,0.00390625,0.0,0.00390625,-0.17303466796875,-0.56146240234375,0.1279296875,0.79901123046875,9.0859375,-1.734375,2.9296875,0.0,0.001953125,0.005859375,-0.07122802734375,-0.5870361328125,0.05255126953125,0.8046875,254.619140625,3,707
3.325086576000004,8.125,-4.046875,2.95703125,0.0,0.001953125,-0.001953125,-0.17303466796875,-0.56146240234375,0.1279296875,0.79901123046875,9.0859375,-1.734375,2.9296875,0.0,0.001953125,0.005859375,-0.07122802734375,-0.5870361328125,0.05255126953125,0.8046875,254.619140625,2,707
3.330059383999995,8.125,-4.046875,2.95703125,0.0,0.001953125,-0.001953125,-0.17303466796875,-0.56146240234375,0.1279296875,0.79901123046875,9.0859375,-1.734375,2.9296875,0.00390625,0.001953125,0.0,-0.07122802734375,-0.5870361328125,0.05255126953125,0.8046875,254.619140625,2,707
3.3350589420000034,8.125,-4.046875,2.95703125,0.0,0.001953125,-0.001953125,-0.17303466796875,-0.56146240234375,0.1279296875,0.79901123046875,9.0859375,-1.734375,2.9296875,0.00390625,0.001953125,0.0,-0.07122802734375,-0.5870361328125,0.05255126953125,0.8046875,254.619140625,2,707
3.340106917,8.125,-4.046875,2.95703125,0.0,0.001953125,-0.001953125,-0.17303466796875,-0.56146240234375,0.1279296875,0.79901123046875,9.0859375,-1.734375,2.9296875,0.00390625,0.001953125,0.0,-0.07122802734375,-0.5870361328125,0.05255126953125,0.8046875,254.619140625,2,721
3.3450622520000053,8.125,-4.046875,2.95703125,0.0,0.001953125,-0.001953125,-0.17303466796875,-0.56146240234375,0.1279296875,0.79901123046875,9.0859375,-1.734375,2.9296875,0.00390625,0.001953125,0.0,-0.07122802734375,-0.5870361328125,0.0526123046875,0.8046875,254.619140625,2,721
3.350059698999999,8.16796875,-4.0078125,2.95703125,0.0,0.001953125,-0.001953125,-0.17303466796875,-0.56146240234375,0.1279296875,0.79901123046875,9.0859375,-1.734375,2.9296875,0.00390625,0.001953125,0.0,-0.07122802734375,-0.5870361328125,0.0526123046875,0.8046875,254.619140625,1,721
3.3550714819999996,8.16796875,-4.0078125,2.95703125,0.0,0.001953125,-0.001953125,-0.17303466796875,-0.56146240234375,0.1279296875,0.79901123046875,9.0859375,-1.734375,2.9296875,0.00390625,0.001953125,0.0,-0.07122802734375,-0.5870361328125,0.0526123046875,0.8046875,254.619140625,1,715
3.360072641000002,8.16796875,-4.0078125,2.95703125,0.0,0.001953125,-0.001953125,-0.17303466796875,-0.56146240234375,0.1279296875,0.79901123046875,9.0859375,-1.734375,2.9296875,0.00390625,0.001953125,0.0,-0.07122802734375,-0.5870361328125,0.0526123046875,0.8046875,254.619140625,1,715
3.365062408,8.16796875,-4.0078125,2.95703125,0.0,0.001953125,-0.001953125,-0.17303466796875,-0.56146240234375,0.1279296875,0.79901123046875,9.0859375,-1.734375,2.9296875,0.001953125,-0.00390625,-0.001953125,-0.07122802734375,-0.5870361328125,0.0526123046875,0.8046875,254.619140625,3,715
3.3700615820000053,8.16796875,-4.0078125,2.95703125,0.0,0.001953125,-0.001953125,-0.17303466796875,-0.56146240234375,0.1279296875,0.79901123046875,9.0859375,-1.734375,2.9296875,0.001953125,-0.00390625,-0.001953125,-0.07122802734375,-0.5870361328125,0.0526123046875,0.8046875,254.619140625,3,715
3.375070229000002,8.12890625,-4.0078125,2.95703125,0.0,-0.001953125,-0.001953125,-0.1729736328125,-0.5615234375,0.1279296875,0.79901123046875,9.0859375,-1.734375,2.9296875,0.001953125,-0.00390625,-0.001953125,-0.07122802734375,-0.5870361328125,0.0526123046875,0.8046875,254.619140625,3,717
3.3800792279999996,8.12890625,-4.0078125,2.95703125,0.0,-0.001953125,-0.001953125,-0.1729736328125,-0.5615234375,0.1279296875,0.79901123046875,9.0859375,-1.734375,2.9296875,0.001953125,-0.00390625,-0.001953125,-0.07122802734375,-0.5870361328125,0.0526123046875,0.8046875,254.619140625,3,717
3.385074179,8.12890625,-4.0078125,2.95703125,0.0,-0.001953125,-0.001953125,-0.1729736328125,-0.5615234375,0.1279296875,0.79901123046875,9.0859375,-1.734375,2.9296875,0.001953125,-0.00390625,-0.001953125,-0.07122802734375,-0.5870361328125,0.0526123046875,0.8046875,254.619140625,2,717
3.3900792740000014,8.12890625,-4.0078125,2.95703125,0.0,-0.001953125,-0.001953125,-0.1729736328125,-0.5615234375,0.1279296875,0.79901123046875,9.0859375,-1.734375,2.9296875,0.001953125,-0.00390625,-0.001953125,-0.07122802734375,-0.5870361328125,0.0526123046875,0.8046875,254.619140625,2,717
3.3951164000000063,8.12890625,-4.0078125,2.95703125,0.0,-0.001953125,-0.001953125,-0.1729736328125,-0.5615234375,0.1279296875,0.79901123046875,9.0859375,-1.734375,2.9296875,0.001953125,-0.00390625,-0.001953125,-0.07122802734375,-0.5870361328125,0.0526123046875,0.8046875,254.619140625,2,725
3.4001226470000034,8.12890625,-4.0078125,2.95703125,0.0,-0.001953125,-0.001953125,-0.1729736328125,-0.5615234375,0.1279296875,0.79901123046875,9.08984375,-1.6953125,2.9296875,0.0,-0.001953125,-0.00390625,-0.07122802734375,-0.5870361328125,0.0526123046875,0.8046875,254.619140625,2,725
3.4050607340000028,8.12890625,-4.0078125,2.95703125,0.0,-0.001953125,-0.001953125,-0.1729736328125,-0.5615234375,0.1279296875,0.79901123046875,9.08984375,-1.6953125,2.9296875,0.0,-0.001953125,-0.00390625,-0.07122802734375,-0.5870361328125,0.0526123046875,0.8046875,254.619140625,3,725
3.4100620210000017,8.16796875,-4.0078125,2.95703125,0.001953125,-0.001953125,-0.00390625,-0.1729736328125,-0.5615234375,0.1279296875,0.79901123046875,9.08984375,-1.6953125,2.9296875,0.0,-0.001953125,-0.00390625,-0.07122802734375,-0.5870361328125,0.0526123046875,0.8046875,254.619140625,3,725
3.415109227000002,8.16796875,-4.0078125,2.95703125,0.001953125,-0.001953125,-0.00390625,-0.1729736328125,-0.5615234375,0.1279296875,0.79901123046875,9.08984375,-1.6953125,2.9296875,0.0,-0.001953125,-0.00390625,-0.07122802734375,-0.5870361328125,0.0526123046875,0.8046875,254.619140625,3,723
3.420080882999997,8.16796875,-4.0078125,2.95703125,0.001953125,-0.001953125,-0.00390625,-0.1729736328125,-0.5615234375,0.1279296875,0.79901123046875,9.08984375,-1.6953125,2.9296875,0.0,-0.001953125,-0.00390625,-0.07122802734375,-0.5870361328125,0.0526123046875,0.8046875,254.619140625,3,723
3.4250627779999974,8.16796875,-4.0078125,2.95703125,0.001953125,-0.001953125,-0.00390625,-0.1729736328125,-0.5615234375,0.1279296875,0.79901123046875,9.08984375,-1.6953125,2.890625,0.0,-0.001953125,-0.00390625,-0.0711669921875,-0.58709716796875,0.05255126953125,0.8046875,254.619140625,1,723
3.4300748800000065,8.16796875,-4.0078125,2.95703125,0.001953125,-0.001953125,-0.00390625,-0.1729736328125,-0.5615234375,0.1279296875,0.79901123046875,9.08984375,-1.6953125,2.890625,0.0,-0.001953125,-0.00390625,-0.0711669921875,-0.58709716796875,0.05255126953125,0.8046875,254.619140625,1,723
3.4350927429999984,8.16796875,-4.0078125,2.95703125,0.001953125,-0.001953125,-0.00390625,-0.1729736328125,-0.56158447265625,0.12786865234375,0.7989501953125,9.08984375,-1.6953125,2.890625,0.0,-0.001953125,-0.00390625,-0.0711669921875,-0.58709716796875,0.05255126953125,0.8046875,254.619140625,1,718
3.4400856780000026,8.16796875,-4.0078125,2.95703125,0.001953125,-0.001953125,-0.00390625,-0.1729736328125,-0.56158447265625,0.12786865234375,0.7989501953125,9.08984375,-1.6953125,2.890625,0.0,-0.001953125,-0.00390625,-0.0711669921875,-0.58709716796875,0.05255126953125,0.8046875,254.619140625,1,718
3.445076213000007,8.16796875,-4.0078125,2.95703125,0.001953125,-0.001953125,-0.00390625,-0.1729736328125,-0.56158447265625,0.12786865234375,0.7989501953125,9.08984375,-1.6953125,2.890625,0.0,-0.001953125,-0.00390625,-0.0711669921875,-0.58709716796875,0.05255126953125,0.8046875,254.619140625,2,718
3.450063548000003,8.16796875,-4.0078125,2.95703125,0.001953125,-0.001953125,-0.00390625,-0.1729736328125,-0.56158447265625,0.12786865234375,0.7989501953125,9.08984375,-1.6953125,2.890625,0.0,-0.001953125,-0.00390625,-0.0711669921875,-0.58709716796875,0.05255126953125,0.8046875,254.619140625,2,718
3.455078787000005,8.16796875,-4.0078125,2.95703125,0.001953125,0.001953125,0.0,-0.17291259765625,-0.56158447265625,0.12786865234375,0.7989501953125,9.08984375,-1.6953125,2.890625,0.0,0.0,0.001953125,-0.0711669921875,-0.58709716796875,0.052490234375,0.8046875,254.619140625,2,721
3.460062730000004,8.16796875,-4.0078125,2.95703125,0.001953125,0.001953125,0.0,-0.17291259765625,-0.56158447265625,0.12786865234375,0.7989501953125,9.08984375,-1.6953125,2.890625,0.0,0.0,0.001953125,-0.0711669921875,-0.58709716796875,0.052490234375,0.8046875,254.619140625,1,721
3.465063311999998,8.16796875,-4.0078125,2.95703125,0.001953125,0.001953125,0.0,-0.17291259765625,-0.56158447265625,0.12786865234375,0.7989501953125,9.08984375,-1.6953125,2.890625,0.0,0.0,0.001953125,-0.0711669921875,-0.58709716796875,0.052490234375,0.8046875,254.619140625,1,721
3.470067127000007,8.16796875,-4.0078125,2.95703125,0.001953125,0.001953125,0.0,-0.17291259765625,-0.56158447265625,0.12786865234375,0.7989501953125,9.08984375,-1.6953125,2.9296875,0.0,0.0,0.001953125,-0.0711669921875,-0.58709716796875,0.052490234375,0.8046875,254.619140625,1,717
3.475070717999998,8.16796875,-4.0078125,2.95703125,0.001953125,0.001953125,0.0,-0.17291259765625,-0.56158447265625,0.12786865234375,0.7989501953125,9.08984375,-1.6953125,2.9296875,0.0,0.0,0.001953125,-0.0711669921875,-0.58709716796875,0.052490234375,0.8046875,254.619140625,1,717
3.480066340999997,8.16796875,-4.0078125,2.95703125,0.001953125,0.001953125,0.0,-0.17291259765625,-0.56158447265625,0.12786865234375,0.7989501953125,9.08984375,-1.6953125,2.9296875,0.0,0.0,0.001953125,-0.0711669921875,-0.58709716796875,0.052490234375,0.8046875,254.619140625,2,717
3.4850630840000036,8.16796875,-4.0078125,2.95703125,0.001953125,0.001953125,0.0,-0.17291259765625,-0.56158447265625,0.12786865234375,0.7989501953125,9.08984375,-1.6953125,2.9296875,0.0,0.0,0.001953125,-0.0711669921875,-0.58709716796875,0.052490234375,0.8046875,254.619140625,2,717
3.4900617469999986,8.16796875,-4.0078125,2.95703125,0.001953125,0.001953125,0.0,-0.17291259765625,-0.56158447265625,0.12786865234375,0.7989501953125,9.08984375,-1.6953125,2.9296875,-0.001953125,0.001953125,0.001953125,-0.0711669921875,-0.58709716796875,0.052490234375,0.8046875,254.619140625,2,717
3.4950718970000025,8.16796875,-4.0078125,2.95703125,0.001953125,0.00390625,0.00390625,-0.1729736328125,-0.56158447265625,0.1279296875,0.7989501953125,9.08984375,-1.6953125,2.9296875,-0.001953125,0.001953125,0.001953125,-0.0711669921875,-0.58709716796875,0.052490234375,0.8046875,254.619140625,2,716
3.5000619200000074,8.16796875,-4.0078125,2.95703125,0.001953125,0.00390625,0.00390625,-0.1729736328125,-0.56158447265625,0.1279296875,0.7989501953125,9.08984375,-1.6953125,2.9296875,-0.001953125,0.001953125,0.001953125,-0.0711669921875,-0.58709716796875,0.052490234375,0.8046875,254.619140625,2,716
3.505062566999996,8.125,-4.046875,2.95703125,0.001953125,0.00390625,0.00390625,-0.1729736328125,-0.56158447265625,0.1279296875,0.7989501953125,9.08984375,-1.6953125,2.9296875,-0.001953125,0.001953125,0.001953125,-0.07122802734375,-0.5870361328125,0.05255126953125,0.80474853515625,254.619140625,2,716
3.510067022000001,8.125,-4.046875,2.95703125,0.001953125,0.00390625,0.00390625,-0.1729736328125,-0.56158447265625,0.1279296875,0.7989501953125,9.08984375,-1.6953125,2.9296875,-0.001953125,0.001953125,0.001953125,-0.07122802734375,-0.5870361328125,0.05255126953125,0.80474853515625,254.619140625,2,714
3.515073973,8.125,-4.046875,2.95703125,0.001953125,0.00390625,0.00390625,-0.1729736328125,-0.56158447265625,0.1279296875,0.7989501953125,9.08984375,-1.6953125,2.9296875,-0.001953125,0.001953125,0.001953125,-0.07122802734375,-0.5870361328125,0.05255126953125,0.80474853515625,254.619140625,2,714
3.5200675159999975,8.125,-4.046875,2.95703125,0.001953125,0.00390625,0.00390625,-0.1729736328125,-0.56158447265625,0.1279296875,0.7989501953125,9.08984375,-1.6953125,2.9296875,-0.001953125,0.001953125,0.001953125,-0.07122802734375,-0.5870361328125,0.05255126953125,0.80474853515625,254.619140625,-1,714
3.5256284759999943,8.125,-4.046875,2.95703125,0.001953125,0.00390625,0.00390625,-0.1729736328125,-0.56158447265625,0.1279296875,0.7989501953125,9.0859375,-1.734375,2.9296875,-0.00390625,0.0,0.00390625,-0.07122802734375,-0.5870361328125,0.05255126953125,0.80474853515625,254.619140625,-1,714
3.530180360000003,8.125,-4.046875,2.95703125,0.001953125,0.00390625,0.00390625,-0.1729736328125,-0.56158447265625,0.1279296875,0.7989501953125,9.0859375,-1.734375,2.9296875,-0.00390625,0.0,0.00390625,-0.07122802734375,-0.5870361328125,0.05255126953125,0.80474853515625,167.16796875,-1,702
3.5351027680000016,8.16796875,-4.0078125,2.95703125,0.001953125,0.001953125,0.001953125,-0.17303466796875,-0.56158447265625,0.1279296875,0.7989501953125,9.0859375,-1.734375,2.9296875,-0.00390625,0.0,0.00390625,-0.07122802734375,-0.5870361328125,0.05255126953125,0.80474853515625,167.16796875,-1,702
3.540136982000007,8.16796875,-4.0078125,2.95703125,0.001953125,0.001953125,0.001953125,-0.17303466796875,-0.56158447265625,0.1279296875,0.7989501953125,9.0859375,-1.734375,2.9296875,-0.00390625,0.0,0.00390625,-0.07122802734375,-0.5870361328125,0.05255126953125,0.80474853515625,167.16796875,702,702
3.5450903659999966,8.16796875,-4.0078125,2.95703125,0.001953125,0.001953125,0.001953125,-0.17303466796875,-0.56158447265625,0.1279296875,0.7989501953125,9.0859375,-1.734375,2.9296875,-0.00390625,0.0,0.00390625,-0.07122802734375,-0.5870361328125,0.05255126953125,0.80474853515625,167.16796875,702,710
3.5500717809999998,8.16796875,-4.0078125,2.95703125,0.001953125,0.001953125,0.001953125,-0.17303466796875,-0.56158447265625,0.1279296875,0.7989501953125,9.0859375,-1.734375,2.9296875,-0.00390625,0.0,0.00390625,-0.0712890625,-0.58697509765625,0.05255126953125,0.80474853515625,167.16796875,702,710
3.5550595320000014,8.16796875,-4.0078125,2.95703125,0.001953125,0.001953125,0.001953125,-0.17303466796875,-0.56158447265625,0.1279296875,0.7989501953125,9.0859375,-1.734375,2.9296875,-0.00390625,0.0,0.00390625,-0.0712890625,-0.58697509765625,0.05255126953125,0.80474853515625,167.16796875,3,710
3.5600607230000065,8.16796875,-4.0078125,2.95703125,0.001953125,0.001953125,0.001953125,-0.17303466796875,-0.56158447265625,0.1279296875,0.7989501953125,9.0859375,-1.734375,2.9296875,-0.00390625,0.0,0.00390625,-0.0712890625,-0.58697509765625,0.05255126953125,0.80474853515625,167.16796875,3,710
3.5650711290000032,8.16796875,-4.0078125,2.95703125,0.001953125,0.001953125,0.001953125,-0.17303466796875,-0.56158447265625,0.1279296875,0.7989501953125,9.0859375,-1.734375,2.9296875,-0.00390625,0.0,0.00390625,-0.0712890625,-0.58697509765625,0.05255126953125,0.80474853515625,167.16796875,3,711
3.5700694399999975,8.16796875,-4.0078125,2.95703125,0.001953125,0.001953125,0.001953125,-0.17303466796875,-0.56158447265625,0.1279296875,0.7989501953125,9.0859375,-1.734375,2.9296875,-0.00390625,0.0,0.00390625,-0.0712890625,-0.58697509765625,0.05255126953125,0.80474853515625,167.16796875,3,711
3.575062822999996,8.12890625,-4.0078125,2.95703125,0.001953125,-0.001953125,-0.001953125,-0.17303466796875,-0.56158447265625,0.1279296875,0.7989501953125,9.0859375,-1.734375,2.9296875,0.00390625,-0.001953125,0.001953125,-0.07122802734375,-0.58697509765625,0.05255126953125,0.80474853515625,167.16796875,2,711
3.580070797999994,8.12890625,-4.0078125,2.95703125,0.001953125,-0.001953125,-0.001953125,-0.17303466796875,-0.56158447265625,0.1279296875,0.7989501953125,9.0859375,-1.734375,2.9296875,0.00390625,-0.001953125,0.001953125,-0.07122802734375,-0.58697509765625,0.05255126953125,0.80474853515625,167.16796875,2,711
3.5852391549999965,8.12890625,-4.0078125,2.95703125,0.001953125,-0.001953125,-0.001953125,-0.17303466796875,-0.56158447265625,0.1279296875,0.7989501953125,9.0859375,-1.734375,2.9296875,0.00390625,-0.001953125,0.001953125,-0.07122802734375,-0.58697509765625,0.05255126953125,0.80474853515625,167.16796875,2,712
3.5900687000000033,8.12890625,-4.0078125,2.95703125,0.001953125,-0.001953125,-0.001953125,-0.17303466796875,-0.56158447265625,0.1279296875,0.7989501953125,9.0859375,-1.734375,2.9296875,0.00390625,-0.001953125,0.001953125,-0.07122802734375,-0.58697509765625,0.05255126953125,0.80474853515625,167.16796875,2,712
3.5950634269999995,8.16796875,-4.0078125,2.95703125,0.001953125,-0.001953125,-0.001953125,-0.1729736328125,-0.56158447265625,0.1279296875,0.7989501953125,9.0859375,-1.734375,2.9296875,0.00390625,-0.001953125,0.001953125,-0.07122802734375,-0.58697509765625,0.05255126953125,0.80474853515625,167.16796875,3,712
3.6000818969999955,8.16796875,-4.0078125,2.95703125,0.001953125,-0.001953125,-0.001953125,-0.1729736328125,-0.56158447265625,0.1279296875,0.7989501953125,9.0859375,-1.734375,2.9296875,0.00390625,-0.001953125,0.001953125,-0.07122802734375,-0.58697509765625,0.05255126953125,0.80474853515625,167.16796875,3,712
3.605066063999999,8.16796875,-4.0078125,2.95703125,0.001953125,-0.001953125,-0.001953125,-0.1729736328125,-0.56158447265625,0.1279296875,0.7989501953125,9.0859375,-1.734375,2.9296875,0.00390625,-0.001953125,0.001953125,-0.07122802734375,-0.58697509765625,0.05255126953125,0.80474853515625,167.16796875,3,708
3.61015759,8.16796875,-4.0078125,2.95703125,0.001953125,-0.001953125,-0.001953125,-0.1729736328125,-0.56158447265625,0.1279296875,0.7989501953125,9.0859375,-1.734375,2.9296875,0.001953125,0.0,-0.005859375,-0.0711669921875,-0.58697509765625,0.052490234375,0.80474853515625,167.16796875,3,708
3.615068862000001,8.16796875,-4.0078125,2.95703125,0.001953125,-0.001953125,-0.001953125,-0.1729736328125,-0.56158447265625,0.1279296875,0.7989501953125,9.0859375,-1.734375,2.9296875,0.001953125,0.0,-0.005859375,-0.0711669921875,-0.58697509765625,0.052490234375,0.80474853515625,167.16796875,2,708
3.620075045000007,8.16796875,-4.0078125,2.95703125,0.0,-0.001953125,-0.005859375,-0.1729736328125,-0.5616455078125,0.12786865234375,0.7989501953125,9.0859375,-1.734375,2.9296875,0.001953125,0.0,-0.005859375,-0.0711669921875,-0.58697509765625,0.052490234375,0.80474853515625,167.16796875,2,708
3.625102283000004,8.16796875,-4.0078125,2.95703125,0.0,-0.001953125,-0.005859375,-0.1729736328125,-0.5616455078125,0.12786865234375,0.7989501953125,9.08984375,-1.6953125,2.9296875,0.001953125,0.0,-0.005859375,-0.0711669921875,-0.58697509765625,0.052490234375,0.80474853515625,167.16796875,2,708
3.630076914,8.16796875,-4.0078125,2.95703125,0.0,-0.001953125,-0.005859375,-0.1729736328125,-0.5616455078125,0.12786865234375,0.7989501953125,9.08984375,-1.6953125,2.9296875,0.001953125,0.0,-0.005859375,-0.0711669921875,-0.58697509765625,0.052490234375,0.80474853515625,167.16796875,2,708
3.6350640250000055,8.16796875,-4.0078125,2.95703125,0.0,-0.001953125,-0.005859375,-0.1729736328125,-0.5616455078125,0.12786865234375,0.7989501953125,9.08984375,-1.6953125,2.9296875,0.001953125,0.0,-0.005859375,-0.0711669921875,-0.58697509765625,0.052490234375,0.80474853515625,167.16796875,2,708
3.6400669439999973,8.16796875,-4.0078125,2.95703125,0.0,-0.001953125,-0.005859375,-0.1729736328125,-0.5616455078125,0.12786865234375,0.7989501953125,9.08984375,-1.6953125,2.9296875,0.001953125,0.0,-0.005859375,-0.0711669921875,-0.58697509765625,0.052490234375,0.80474853515625,167.16796875,2,708
3.645078694999995,8.16796875,-4.0078125,2.95703125,0.0,-0.001953125,0.001953125,-0.1729736328125,-0.5616455078125,0.12786865234375,0.7989501953125,9.08984375,-1.6953125,2.9296875,0.001953125,0.0,-0.005859375,-0.0711669921875,-0.58697509765625,0.052490234375,0.80474853515625,167.16796875,2,705
3.6500697419999995,8.16796875,-4.0078125,2.95703125,0.0,-0.001953125,0.001953125,-0.1729736328125,-0.5616455078125,0.12786865234375,0.7989501953125,9.08984375,-1.6953125,2.890625,-0.00390625,-0.001953125,-0.00390625,-0.0711669921875,-0.58697509765625,0.052490234375,0.80474853515625,167.16796875,2,705
3.655061588999999,8.16796875,-4.0078125,2.95703125,0.0,-0.001953125,0.001953125,-0.1729736328125,-0.5616455078125,0.12786865234375,0.7989501953125,9.08984375,-1.6953125,2.890625,-0.00390625,-0.001953125,-0.00390625,-0.0711669921875,-0.58697509765625,0.052490234375,0.80474853515625,167.16796875,0,705
3.660060635999997,8.16796875,-4.0078125,2.95703125,0.0,-0.001953125,0.001953125,-0.1729736328125,-0.5616455078125,0.12786865234375,0.7989501953125,9.08984375,-1.6953125,2.890625,-0.00390625,-0.001953125,-0.00390625,-0.0711669921875,-0.58697509765625,0.052490234375,0.80474853515625,167.16796875,0,705
3.665158113000004,8.16796875,-4.0078125,2.95703125,0.0,-0.001953125,0.001953125,-0.1729736328125,-0.5616455078125,0.12786865234375,0.7989501953125,9.08984375,-1.6953125,2.890625,-0.00390625,-0.001953125,-0.00390625,-0.0711669921875,-0.58697509765625,0.052490234375,0.80474853515625,167.16796875,0,704
3.6702150800000055,8.1640625,-4.046875,2.95703125,0.0,-0.001953125,0.001953125,-0.1729736328125,-0.56170654296875,0.12786865234375,0.79888916015625,9.08984375,-1.6953125,2.890625,-0.00390625,-0.001953125,-0.00390625,-0.0711669921875,-0.58697509765625,0.052490234375,0.80474853515625,167.16796875,0,704
3.6750993760000057,8.1640625,-4.046875,2.95703125,0.0,-0.001953125,0.001953125,-0.1729736328125,-0.56170654296875,0.12786865234375,0.79888916015625,9.12890625,-1.6953125,2.890625,-0.00390625,-0.001953125,-0.00390625,-0.07110595703125,-0.5870361328125,0.05242919921875,0.80474853515625,167.16796875,2,704
3.6800949349999996,8.1640625,-4.046875,2.95703125,0.0,-0.001953125,0.001953125,-0.1729736328125,-0.56170654296875,0.12786865234375,0.79888916015625,9.12890625,-1.6953125,2.890625,-0.00390625,-0.001953125,-0.00390625,-0.07110595703125,-0.5870361328125,0.05242919921875,0.80474853515625,167.16796875,2,2
3.685086941999998,8.1640625,-4.046875,2.95703125,0.0,-0.001953125,0.001953125,-0.1729736328125,-0.56170654296875,0.12786865234375,0.79888916015625,9.12890625,-1.6953125,2.890625,-0.00390625,-0.001953125,-0.00390625,-0.07110595703125,-0.5870361328125,0.05242919921875,0.80474853515625,167.16796875,2,2
3.690073925000007,8.1640625,-4.046875,2.95703125,0.0,-0.001953125,0.001953125,-0.1729736328125,-0.56170654296875,0.12786865234375,0.79888916015625,9.12890625,-1.6953125,2.890625,-0.00390625,-0.001953125,-0.00390625,-0.07110595703125,-0.5870361328125,0.05242919921875,0.80474853515625,167.16796875,3,2
3.695059212000004,8.1640625,-4.046875,2.95703125,0.0,-0.001953125,0.001953125,-0.1729736328125,-0.56170654296875,0.12786865234375,0.79888916015625,9.12890625,-1.6953125,2.890625,-0.00390625,-0.001953125,-0.00390625,-0.07110595703125,-0.5870361328125,0.05242919921875,0.80474853515625,167.16796875,3,2
3.7000786739999967,8.16796875,-4.0078125,2.95703125,0.001953125,0.001953125,0.001953125,-0.1729736328125,-0.5616455078125,0.12786865234375,0.7989501953125,9.12890625,-1.6953125,2.890625,0.001953125,0.00390625,0.00390625,-0.0711669921875,-0.58697509765625,0.052490234375,0.80474853515625,167.16796875,3,708
3.7050697850000063,8.16796875,-4.0078125,2.95703125,0.001953125,0.001953125,0.001953125,-0.1729736328125,-0.5616455078125,0.12786865234375,0.7989501953125,9.12890625,-1.6953125,2.890625,0.001953125,0.00390625,0.00390625,-0.0711669921875,-0.58697509765625,0.052490234375,0.80474853515625,167.16796875,3,708
3.710135902999994,8.16796875,-4.0078125,2.95703125,0.001953125,0.001953125,0.001953125,-0.1729736328125,-0.5616455078125,0.12786865234375,0.7989501953125,9.12890625,-1.6953125,2.890625,0.001953125,0.00390625,0.00390625,-0.0711669921875,-0.58697509765625,0.052490234375,0.80474853515625,167.16796875,3,708
3.7150330310000044,8.16796875,-4.0078125,2.95703125,0.001953125,0.001953125,0.001953125,-0.1729736328125,-0.5616455078125,0.12786865234375,0.7989501953125,9.12890625,-1.6953125,2.890625,0.001953125,0.00390625,0.00390625,-0.0711669921875,-0.58697509765625,0.052490234375,0.80474853515625,167.16796875,3,708
3.7200861249999946,8.16796875,-4.0078125,2.95703125,0.001953125,0.001953125,0.001953125,-0.1729736328125,-0.5616455078125,0.12786865234375,0.7989501953125,9.08984375,-1.6953125,2.9296875,0.0,0.001953125,0.00390625,-0.0711669921875,-0.58697509765625,0.052490234375,0.80474853515625,167.16796875,3,700
3.725072019999999,8.16796875,-4.0078125,2.95703125,0.001953125,0.001953125,0.001953125,-0.1729736328125,-0.5616455078125,0.12786865234375,0.7989501953125,9.08984375,-1.6953125,2.9296875,0.0,0.001953125,0.00390625,-0.0711669921875,-0.58697509765625,0.052490234375,0.80474853515625,167.16796875,3,700
3.730073723000004,8.16796875,-4.0078125,2.95703125,0.001953125,0.001953125,0.001953125,-0.1729736328125,-0.5616455078125,0.12786865234375,0.7989501953125,9.08984375,-1.6953125,2.9296875,0.0,0.001953125,0.00390625,-0.0711669921875,-0.58697509765625,0.052490234375,0.80474853515625,167.16796875,3,700
3.735094497999995,8.1640625,-4.046875,2.95703125,0.0,0.0,0.0,-0.1729736328125,-0.5616455078125,0.12786865234375,0.7989501953125,9.08984375,-1.6953125,2.9296875,0.0,0.001953125,0.00390625,-0.0711669921875,-0.58697509765625,0.052490234375,0.80474853515625,167.16796875,3,700
3.740061737000005,8.1640625,-4.046875,2.95703125,0.0,0.0,0.0,-0.1729736328125,-0.5616455078125,0.12786865234375,0.7989501953125,9.08984375,-1.6953125,2.9296875,0.0,0.001953125,0.00390625,-0.0711669921875,-0.58697509765625,0.052490234375,0.80474853515625,167.16796875,3,710
3.7450723040000042,8.1640625,-4.046875,2.95703125,0.0,0.0,0.0,-0.1729736328125,-0.5616455078125,0.12786865234375,0.7989501953125,9.0859375,-1.734375,2.9296875,0.0,0.001953125,0.00390625,-0.07122802734375,-0.5869140625,0.05255126953125,0.8048095703125,167.16796875,3,710
3.7500634149999996,8.1640625,-4.046875,2.95703125,0.0,0.0,0.0,-0.1729736328125,-0.5616455078125,0.12786865234375,0.7989501953125,9.0859375,-1.734375,2.9296875,0.0,0.001953125,0.00390625,-0.07122802734375,-0.5869140625,0.05255126953125,0.8048095703125,167.16796875,5,710
3.755064349999998,8.12890625,-4.0078125,2.95703125,0.0,0.0,0.0,-0.1729736328125,-0.5616455078125,0.12786865234375,0.7989501953125,9.0859375,-1.734375,2.9296875,0.0,0.001953125,0.00390625,-0.07122802734375,-0.5869140625,0.05255126953125,0.8048095703125,167.16796875,5,704
3.760068739999994,8.12890625,-4.0078125,2.95703125,0.0,0.0,0.0,-0.1729736328125,-0.5616455078125,0.12786865234375,0.7989501953125,9.0859375,-1.734375,2.9296875,0.0,0.001953125,0.00390625,-0.07122802734375,-0.5869140625,0.05255126953125,0.8048095703125,167.16796875,5,704
3.765069386999997,8.12890625,-4.0078125,2.95703125,0.0,0.0,0.0,-0.1729736328125,-0.5616455078125,0.12786865234375,0.7989501953125,9.0859375,-1.734375,2.9296875,0.0,0.001953125,0.00390625,-0.07122802734375,-0.5869140625,0.05255126953125,0.8048095703125,167.16796875,3,704
3.770065586000001,8.12890625,-4.0078125,2.95703125,0.0,0.0,0.0,-0.1729736328125,-0.5616455078125,0.12786865234375,0.7989501953125,9.0859375,-1.734375,2.9296875,0.001953125,-0.001953125,-0.001953125,-0.07122802734375,-0.5869140625,0.05255126953125,0.8048095703125,167.16796875,3,704
3.775065656999999,8.12890625,-4.0078125,2.95703125,0.0,0.0,0.0,-0.1729736328125,-0.5616455078125,0.12786865234375,0.7989501953125,9.0859375,-1.734375,2.9296875,0.001953125,-0.001953125,-0.001953125,-0.07122802734375,-0.5869140625,0.05255126953125,0.8048095703125,167.16796875,3,704
3.780060160000005,8.12890625,-4.0078125,2.95703125,0.0,0.0,0.0,-0.1729736328125,-0.5616455078125,0.12786865234375,0.7989501953125,9.0859375,-1.734375,2.9296875,0.001953125,-0.001953125,-0.001953125,-0.07122802734375,-0.5869140625,0.05255126953125,0.8048095703125,167.16796875,3,717
3.785065863,8.12890625,-4.0078125,2.95703125,0.0,0.0,0.0,-0.1729736328125,-0.5616455078125,0.12786865234375,0.7989501953125,9.0859375,-1.734375,2.9296875,0.001953125,-0.001953125,-0.001953125,-0.0711669921875,-0.58685302734375,0.0526123046875,0.8048095703125,167.16796875,3,717
3.7900666700000016,8.12890625,-4.0078125,2.95703125,0.0,0.0,0.0,-0.1729736328125,-0.5616455078125,0.12786865234375,0.7989501953125,9.0859375,-1.734375,2.9296875,0.001953125,-0.001953125,-0.001953125,-0.0711669921875,-0.58685302734375,0.0526123046875,0.8048095703125,167.16796875,1,717
3.795060915999997,8.12890625,-4.0078125,2.95703125,0.0,0.0,0.0,-0.1729736328125,-0.5616455078125,0.12786865234375,0.7989501953125,9.0859375,-1.734375,2.9296875,0.001953125,-0.001953125,-0.001953125,-0.0711669921875,-0.58685302734375,0.0526123046875,0.8048095703125,167.16796875,1,717
3.800083130999994,8.12890625,-4.0078125,2.95703125,0.0,0.0,0.0,-0.1729736328125,-0.5616455078125,0.12786865234375,0.7989501953125,9.0859375,-1.734375,2.9296875,0.001953125,-0.001953125,-0.001953125,-0.0711669921875,-0.58685302734375,0.0526123046875,0.8048095703125,167.16796875,1,698
3.805204736999997,8.12890625,-4.0078125,2.95703125,0.0,0.0,0.0,-0.1729736328125,-0.5616455078125,0.12786865234375,0.7989501953125,9.0859375,-1.734375,2.9296875,0.001953125,-0.001953125,-0.001953125,-0.0711669921875,-0.58685302734375,0.0526123046875,0.8048095703125,167.16796875,1,698
3.810018729999996,8.12890625,-4.0078125,2.95703125,0.0,0.0,0.0,-0.1729736328125,-0.5616455078125,0.12786865234375,0.7989501953125,9.0859375,-1.734375,2.9296875,0.0,0.0,0.0,-0.0711669921875,-0.58685302734375,0.0526123046875,0.8048095703125,167.16796875,3,698
3.8150115680000027,8.12890625,-4.0078125,2.95703125,0.0,0.0,0.0,-0.1729736328125,-0.5616455078125,0.12786865234375,0.7989501953125,9.0859375,-1.734375,2.9296875,0.0,0.0,0.0,-0.0711669921875,-0.58685302734375,0.0526123046875,0.8048095703125,167.16796875,3,698
3.8201020380000017,8.12890625,-4.0078125,2.95703125,0.0,0.0,0.0,-0.1729736328125,-0.5616455078125,0.12786865234375,0.7989501953125,9.0859375,-1.734375,2.9296875,0.0,0.0,0.0,-0.0711669921875,-0.58685302734375,0.0526123046875,0.8048095703125,167.16796875,3,698
3.8251209569999958,8.12890625,-4.0078125,2.95703125,0.0,0.0,0.0,-0.1729736328125,-0.5616455078125,0.12786865234375,0.7989501953125,9.0859375,-1.734375,2.9296875,0.0,0.0,0.0,-0.0711669921875,-0.58685302734375,0.0526123046875,0.8048095703125,167.16796875,3,706
3.8300635239999963,8.12890625,-4.0078125,2.95703125,0.0,0.0,0.0,-0.1729736328125,-0.5616455078125,0.12786865234375,0.7989501953125,9.0859375,-1.734375,2.9296875,0.0,0.0,0.0,-0.0711669921875,-0.58685302734375,0.0526123046875,0.8048095703125,167.16796875,3,706
3.835059850999997,8.12890625,-4.0078125,2.95703125,0.0,0.0,0.0,-0.1729736328125,-0.5616455078125,0.12786865234375,0.7989501953125,9.0859375,-1.734375,2.9296875,0.0,0.0,0.0,-0.0711669921875,-0.58685302734375,0.0526123046875,0.8048095703125,167.16796875,3,706
3.8401801769999935,8.12890625,-4.0078125,2.95703125,0.0,0.0,0.0,-0.1729736328125,-0.5616455078125,0.12786865234375,0.7989501953125,9.08984375,-1.6953125,2.890625,0.0,0.0,0.0,-0.0711669921875,-0.58685302734375,0.0526123046875,0.8048095703125,167.16796875,3,706
3.8450678330000017,8.12890625,-4.0078125,2.95703125,0.0,0.0,0.0,-0.1729736328125,-0.5616455078125,0.12786865234375,0.7989501953125,9.08984375,-1.6953125,2.890625,0.0,0.0,0.0,-0.0711669921875,-0.58685302734375,0.0526123046875,0.8048095703125,167.16796875,3,711
3.8500646399999994,8.12890625,-4.0078125,2.95703125,0.0,0.0,0.0,-0.1729736328125,-0.5616455078125,0.12786865234375,0.7989501953125,9.08984375,-1.6953125,2.890625,0.0,0.0,0.0,-0.0711669921875,-0.58685302734375,0.0526123046875,0.8048095703125,167.16796875,3,711
3.8550636230000066,8.16796875,-4.0078125,2.95703125,0.0,0.0,0.0,-0.1729736328125,-0.5616455078125,0.12786865234375,0.7989501953125,9.08984375,-1.6953125,2.890625,0.0,0.0,0.0,-0.0711669921875,-0.58685302734375,0.0526123046875,0.8048095703125,167.16796875,1,711
3.8600704130000025,8.16796875,-4.0078125,2.95703125,0.0,0.0,0.0,-0.1729736328125,-0.5616455078125,0.12786865234375,0.7989501953125,9.08984375,-1.6953125,2.890625,0.0,0.0,0.0,-0.07122802734375,-0.58685302734375,0.0526123046875,0.8048095703125,167.16796875,1,711
3.8651162120000038,8.16796875,-4.0078125,2.95703125,0.0,0.0,0.0,-0.1729736328125,-0.5616455078125,0.12786865234375,0.7989501953125,9.08984375,-1.6953125,2.890625,0.0,0.0,0.0,-0.07122802734375,-0.58685302734375,0.0526123046875,0.8048095703125,167.16796875,1,710
3.870058811000007,8.16796875,-4.0078125,2.95703125,0.0,0.0,0.0,-0.1729736328125,-0.5616455078125,0.12786865234375,0.7989501953125,9.08984375,-1.6953125,2.890625,0.0,0.0,0.0,-0.07122802734375,-0.58685302734375,0.0526123046875,0.8048095703125,167.16796875,1,710
3.8750656659999976,8.16796875,-4.0078125,2.95703125,0.0,0.0,0.0,-0.1729736328125,-0.5616455078125,0.12786865234375,0.7989501953125,9.08984375,-1.6953125,2.890625,0.0,0.0,0.0,-0.07122802734375,-0.58685302734375,0.0526123046875,0.8048095703125,167.16796875,4,710
3.8800768730000073,8.16796875,-4.0078125,2.95703125,0.0,0.0,0.0,-0.1729736328125,-0.5616455078125,0.12786865234375,0.7989501953125,9.08984375,-1.6953125,2.890625,0.0,0.0,0.0,-0.07122802734375,-0.58685302734375,0.0526123046875,0.8048095703125,167.16796875,4,710
3.8850742240000073,8.16796875,-4.0078125,2.95703125,0.0,0.0,0.0,-0.1729736328125,-0.5616455078125,0.12786865234375,0.7989501953125,9.08984375,-1.6953125,2.890625,0.0,0.0,0.0,-0.07122802734375,-0.58685302734375,0.0526123046875,0.8048095703125,167.16796875,4,710
3.890060120000001,8.16796875,-4.0078125,2.95703125,0.0,0.0,0.0,-0.1729736328125,-0.5616455078125,0.12786865234375,0.7989501953125,9.08984375,-1.6953125,2.890625,0.0,0.0,0.0,-0.07122802734375,-0.58685302734375,0.0526123046875,0.8048095703125,167.16796875,4,710
3.895059235000005,8.16796875,-4.0078125,2.95703125,0.0,0.0,0.0,-0.1729736328125,-0.5616455078125,0.12786865234375,0.7989501953125,9.08984375,-1.6953125,2.890625,0.0,0.0,0.0,-0.07122802734375,-0.58685302734375,0.0526123046875,0.8048095703125,167.16796875,4,710
3.900065741000006,8.16796875,-4.0078125,2.95703125,0.0,0.0,0.0,-0.1729736328125,-0.5616455078125,0.12786865234375,0.7989501953125,9.08984375,-1.6953125,2.890625,0.0,0.0,0.0,-0.07122802734375,-0.58685302734375,0.0526123046875,0.8048095703125,167.16796875,2,710
3.9050626479999977,8.16796875,-4.0078125,2.95703125,0.0,0.0,0.0,-0.1729736328125,-0.5616455078125,0.12786865234375,0.7989501953125,9.08984375,-1.6953125,2.890625,0.0,0.0,0.0,-0.07122802734375,-0.58685302734375,0.0526123046875,0.80487060546875,167.16796875,2,717
3.910088737999999,8.16796875,-4.0078125,2.95703125,0.0,0.0,0.0,-0.1729736328125,-0.5616455078125,0.12786865234375,0.7989501953125,9.08984375,-1.6953125,2.890625,0.0,0.0,0.0,-0.07122802734375,-0.58685302734375,0.0526123046875,0.80487060546875,167.16796875,3,717
3.915094572000001,8.16796875,-4.0078125,2.95703125,0.0,0.0,0.0,-0.1729736328125,-0.5616455078125,0.12786865234375,0.7989501953125,9.08984375,-1.6953125,2.890625,0.0,0.0,0.0,-0.07122802734375,-0.58685302734375,0.0526123046875,0.80487060546875,167.16796875,3,717
3.9200883430000033,8.16796875,-4.0078125,2.95703125,0.0,0.0,0.0,-0.1729736328125,-0.5616455078125,0.12786865234375,0.7989501953125,9.08984375,-1.6953125,2.890625,0.0,0.0,0.0,-0.07122802734375,-0.58685302734375,0.0526123046875,0.80487060546875,167.16796875,3,717
3.925067169000002,8.1640625,-4.046875,2.95703125,0.0,0.0,0.0,-0.1729736328125,-0.5616455078125,0.12786865234375,0.7989501953125,9.08984375,-1.6953125,2.890625,0.0,0.0,0.0,-0.07122802734375,-0.58685302734375,0.0526123046875,0.80487060546875,167.16796875,3,712
3.930078124000005,8.1640625,-4.046875,2.95703125,0.0,0.0,0.0,-0.1729736328125,-0.5616455078125,0.12786865234375,0.7989501953125,9.08984375,-1.6953125,2.890625,0.0,0.0,0.0,-0.07122802734375,-0.58685302734375,0.0526123046875,0.80487060546875,167.16796875,3,712
3.9350637019999937,8.1640625,-4.046875,2.95703125,0.0,0.0,0.0,-0.1729736328125,-0.5616455078125,0.12786865234375,0.7989501953125,9.08984375,-1.6953125,2.890625,0.0,0.0,0.0,-0.07122802734375,-0.58685302734375,0.0526123046875,0.80487060546875,167.16796875,1,712
3.9400704969999936,8.1640625,-4.046875,2.95703125,0.0,0.0,0.0,-0.1729736328125,-0.5616455078125,0.12786865234375,0.7989501953125,9.08984375,-1.6953125,2.9296875,0.0,0.0,0.0,-0.07122802734375,-0.58685302734375,0.0526123046875,0.8048095703125,167.16796875,1,707
3.9584733709999966,8.1640625,-4.046875,2.95703125,0.0,0.0,0.0,-0.1729736328125,-0.56158447265625,0.12786865234375,0.7989501953125,9.08984375,-1.6953125,2.9296875,0.0,0.0,0.0,-0.07122802734375,-0.58685302734375,0.0526123046875,0.8048095703125,167.16796875,1,707
3.963993599999995,8.1640625,-4.046875,2.95703125,0.0,0.0,0.0,-0.1729736328125,-0.56158447265625,0.12786865234375,0.7989501953125,9.08984375,-1.6953125,2.9296875,0.0,0.0,0.0,-0.07122802734375,-0.58685302734375,0.0526123046875,0.8048095703125,0.0,2,707
3.9685398230000004,8.1640625,-4.046875,2.95703125,0.0,0.0,0.0,-0.1729736328125,-0.56158447265625,0.12786865234375,0.7989501953125,9.08984375,-1.6953125,2.9296875,0.0,0.0,0.0,-0.07122802734375,-0.58685302734375,0.0526123046875,0.8048095703125,167.16796875,2,707
3.973548346000001,8.1640625,-4.046875,2.95703125,0.0,0.0,0.0,-0.1729736328125,-0.56158447265625,0.12786865234375,0.7989501953125,9.08984375,-1.6953125,2.9296875,0.0,0.0,0.0,-0.07122802734375,-0.58685302734375,0.0526123046875,0.8048095703125,167.16796875,2,707
3.978539171999998,8.1640625,-4.046875,2.95703125,0.0,0.0,0.0,-0.1729736328125,-0.56158447265625,0.12786865234375,0.7989501953125,9.08984375,-1.6953125,2.9296875,0.0,0.0,0.0,-0.07122802734375,-0.58685302734375,0.0526123046875,0.8048095703125,167.16796875,2,711
3.983591726,8.1640625,-4.046875,2.95703125,0.0,0.0,0.0,-0.1729736328125,-0.56158447265625,0.12786865234375,0.7989501953125,9.08984375,-1.6953125,2.9296875,0.0,0.0,0.0,-0.07122802734375,-0.58685302734375,0.0526123046875,0.8048095703125,167.16796875,2,711
3.990977694999998,8.12890625,-4.0078125,2.99609375,0.001953125,0.001953125,0.0,-0.1729736328125,-0.56158447265625,0.1279296875,0.7989501953125,9.08984375,-1.6953125,2.9296875,0.0,0.0,0.0,-0.07122802734375,-0.58685302734375,0.0526123046875,0.8048095703125,167.16796875,-1,711
4.003343130999994,8.12890625,-4.0078125,2.99609375,0.001953125,0.001953125,0.0,-0.1729736328125,-0.56158447265625,0.1279296875,0.7989501953125,9.0859375,-1.734375,2.9296875,0.0,0.0,0.0,-0.07122802734375,-0.58685302734375,0.0526123046875,0.8048095703125,167.16796875,-1,710
4.008412419999999,8.12890625,-4.0078125,2.99609375,0.001953125,0.001953125,0.0,-0.1729736328125,-0.56158447265625,0.1279296875,0.7989501953125,9.0859375,-1.734375,2.9296875,0.0,0.0,0.0,-0.07122802734375,-0.58685302734375,0.0526123046875,0.8048095703125,167.16796875,-1,710
4.0134069270000055,8.12890625,-4.0078125,2.99609375,0.001953125,0.001953125,0.0,-0.1729736328125,-0.56158447265625,0.1279296875,0.7989501953125,9.0859375,-1.734375,2.9296875,0.0,0.0,0.0,-0.07122802734375,-0.58685302734375,0.0526123046875,0.8048095703125,167.16796875,3,710
4.018409048999999,8.12890625,-4.0078125,2.95703125,0.001953125,0.0,-0.001953125,-0.1729736328125,-0.56158447265625,0.12786865234375,0.79901123046875,9.0859375,-1.734375,2.9296875,0.0,0.0,0.0,-0.07122802734375,-0.58685302734375,0.0526123046875,0.8048095703125,167.16796875,3,710
4.023408579000005,8.12890625,-4.0078125,2.95703125,0.001953125,0.0,-0.001953125,-0.1729736328125,-0.56158447265625,0.12786865234375,0.79901123046875,9.0859375,-1.734375,2.9296875,0.0,0.0,0.0,-0.07122802734375,-0.58685302734375,0.0526123046875,0.8048095703125,167.16796875,3,723
4.028410989999998,8.12890625,-4.0078125,2.95703125,0.001953125,0.0,-0.001953125,-0.1729736328125,-0.56158447265625,0.12786865234375,0.79901123046875,9.0859375,-1.734375,2.9296875,0.0,0.0,0.0,-0.07122802734375,-0.58685302734375,0.0526123046875,0.8048095703125,167.16796875,3,723
4.033406967999994,8.12890625,-4.0078125,2.95703125,0.001953125,0.0,-0.001953125,-0.1729736328125,-0.56158447265625,0.12786865234375,0.79901123046875,9.0859375,-1.734375,2.9296875,0.0,0.0,0.0,-0.07122802734375,-0.58685302734375,0.0526123046875,0.8048095703125,167.16796875,1,723
4.038405410999999,8.12890625,-4.0078125,2.95703125,0.001953125,0.0,-0.001953125,-0.1729736328125,-0.56158447265625,0.12786865234375,0.79901123046875,9.0859375,-1.734375,2.9296875,0.0,0.0,0.0,-0.07122802734375,-0.58685302734375,0.0526123046875,0.8048095703125,167.16796875,1,723
4.043407341000005,8.12890625,-4.0078125,2.95703125,0.001953125,0.0,-0.001953125,-0.1729736328125,-0.56158447265625,0.12786865234375,0.79901123046875,9.0859375,-1.734375,2.9296875,0.0,0.0,0.0,-0.07122802734375,-0.58685302734375,0.0526123046875,0.8048095703125,167.16796875,1,723
4.048419671000005,8.12890625,-4.0078125,2.95703125,0.001953125,0.0,-0.001953125,-0.1729736328125,-0.56158447265625,0.12786865234375,0.79901123046875,9.0859375,-1.734375,2.9296875,0.0,0.0,0.0,-0.07122802734375,-0.58685302734375,0.0526123046875,0.8048095703125,167.16796875,1,723
4.053408258000005,8.12890625,-4.0078125,2.95703125,0.001953125,0.0,-0.001953125,-0.1729736328125,-0.56158447265625,0.12786865234375,0.79901123046875,9.0859375,-1.734375,2.9296875,0.0,0.0,0.0,-0.07122802734375,-0.58685302734375,0.0526123046875,0.8048095703125,167.16796875,1,717
4.058423116,8.12890625,-4.0078125,2.95703125,0.001953125,0.0,-0.001953125,-0.1729736328125,-0.56158447265625,0.12786865234375,0.79901123046875,9.0859375,-1.734375,2.9296875,0.0,0.0,0.0,-0.07122802734375,-0.58685302734375,0.0526123046875,0.8048095703125,167.16796875,1,717
4.063409622999998,8.12890625,-4.0078125,2.95703125,0.0,-0.00390625,-0.00390625,-0.17291259765625,-0.5616455078125,0.12786865234375,0.7989501953125,9.0859375,-1.734375,2.9296875,0.0,0.0,0.0,-0.07122802734375,-0.58685302734375,0.0526123046875,0.8048095703125,167.16796875,2,717
4.068416705000004,8.12890625,-4.0078125,2.95703125,0.0,-0.00390625,-0.00390625,-0.17291259765625,-0.5616455078125,0.12786865234375,0.7989501953125,9.08984375,-1.6953125,2.890625,0.0,0.0,0.0,-0.07122802734375,-0.58685302734375,0.0526123046875,0.8048095703125,167.16796875,2,717
4.073407243999995,8.12890625,-4.0078125,2.95703125,0.0,-0.00390625,-0.00390625,-0.17291259765625,-0.5616455078125,0.12786865234375,0.7989501953125,9.08984375,-1.6953125,2.890625,0.0,0.0,0.0,-0.07122802734375,-0.58685302734375,0.0526123046875,0.8048095703125,167.16796875,2,717
4.078408981999999,8.12890625,-4.0078125,2.95703125,0.0,-0.00390625,-0.00390625,-0.17291259765625,-0.5616455078125,0.12786865234375,0.7989501953125,9.08984375,-1.6953125,2.890625,0.0,0.0,0.0,-0.07122802734375,-0.58685302734375,0.0526123046875,0.8048095703125,167.16796875,2,717
4.083412480000007,8.12890625,-4.0078125,2.95703125,0.0,-0.00390625,-0.00390625,-0.17291259765625,-0.5616455078125,0.12786865234375,0.7989501953125,9.08984375,-1.6953125,2.890625,0.0,0.0,0.0,-0.07122802734375,-0.58685302734375,0.0526123046875,0.8048095703125,167.16796875,1,717
4.088412138999999,8.16796875,-4.0078125,2.95703125,-0.001953125,0.0,0.001953125,-0.17291259765625,-0.5616455078125,0.12786865234375,0.7989501953125,9.08984375,-1.6953125,2.890625,0.0,0.0,0.0,-0.07122802734375,-0.58685302734375,0.0526123046875,0.8048095703125,167.16796875,1,717
4.093416597000001,8.16796875,-4.0078125,2.95703125,-0.001953125,0.0,0.001953125,-0.17291259765625,-0.5616455078125,0.12786865234375,0.7989501953125,9.08984375,-1.6953125,2.890625,0.0,0.0,0.0,-0.07122802734375,-0.58685302734375,0.0526123046875,0.8048095703125,167.16796875,1,712
4.104324512000005,8.16796875,-4.0078125,2.95703125,-0.001953125,0.0,0.001953125,-0.17291259765625,-0.5616455078125,0.12786865234375,0.7989501953125,9.0859375,-1.65625,2.890625,0.0,0.0,0.0,-0.07122802734375,-0.5869140625,0.0526123046875,0.8048095703125,167.16796875,1,712
4.109532584999997,8.16796875,-4.0078125,2.95703125,-0.001953125,0.0,0.001953125,-0.17291259765625,-0.5616455078125,0.12786865234375,0.7989501953125,9.0859375,-1.65625,2.890625,0.0,0.0,0.0,-0.07122802734375,-0.5869140625,0.0526123046875,0.8048095703125,167.16796875,1,712
4.115050828999998,8.16796875,-4.0078125,2.95703125,-0.001953125,0.0,0.001953125,-0.17291259765625,-0.5616455078125,0.12786865234375,0.7989501953125,9.0859375,-1.65625,2.890625,0.0,0.0,0.0,-0.07122802734375,-0.5869140625,0.0526123046875,0.8048095703125,167.16796875,1,712
4.119393342999999,8.16796875,-4.0078125,2.95703125,-0.001953125,0.0,0.001953125,-0.17291259765625,-0.5616455078125,0.12786865234375,0.7989501953125,9.0859375,-1.65625,2.890625,0.0,0.0,0.0,-0.07122802734375,-0.5869140625,0.0526123046875,0.8048095703125,167.16796875,1,712
4.124409897000007,8.16796875,-4.0078125,2.95703125,-0.001953125,0.0,0.001953125,-0.17291259765625,-0.5616455078125,0.12786865234375,0.7989501953125,9.0859375,-1.65625,2.890625,0.0,0.0,0.0,-0.07122802734375,-0.5869140625,0.0526123046875,0.8048095703125,167.16796875,1,712
4.129397651999994,8.16796875,-4.0078125,2.95703125,-0.001953125,0.0,0.001953125,-0.17291259765625,-0.5616455078125,0.12786865234375,0.7989501953125,9.0859375,-1.65625,2.890625,0.0,0.0,0.0,-0.07122802734375,-0.5869140625,0.0526123046875,0.8048095703125,167.16796875,1,712
4.134397406000005,8.16796875,-4.0078125,2.95703125,-0.001953125,0.0,0.001953125,-0.17291259765625,-0.5616455078125,0.1278076171875,0.7989501953125,9.0859375,-1.65625,2.890625,0.0,0.0,0.0,-0.07122802734375,-0.5869140625,0.0526123046875,0.8048095703125,167.16796875,1,712
4.139384680999996,8.16796875,-4.0078125,2.95703125,-0.001953125,0.0,0.001953125,-0.17291259765625,-0.5616455078125,0.1278076171875,0.7989501953125,9.0859375,-1.65625,2.890625,0.0,0.0,0.0,-0.07122802734375,-0.5869140625,0.0526123046875,0.8048095703125,167.16796875,1,711
4.144391987000006,8.16796875,-4.0078125,2.95703125,-0.001953125,0.0,0.001953125,-0.17291259765625,-0.5616455078125,0.1278076171875,0.7989501953125,9.08984375,-1.6953125,2.890625,0.0,0.0,0.0,-0.07122802734375,-0.5869140625,0.0526123046875,0.8048095703125,167.16796875,1,711
4.149406525000003,8.16796875,-4.0078125,2.95703125,-0.001953125,0.0,0.001953125,-0.17291259765625,-0.5616455078125,0.1278076171875,0.7989501953125,9.08984375,-1.6953125,2.890625,0.0,0.0,0.0,-0.07122802734375,-0.5869140625,0.0526123046875,0.8048095703125,167.16796875,1,711
4.154388744000002,8.16796875,-4.0078125,2.95703125,-0.001953125,0.0,0.001953125,-0.17291259765625,-0.5616455078125,0.1278076171875,0.7989501953125,9.08984375,-1.6953125,2.890625,0.0,0.0,0.0,-0.07122802734375,-0.5869140625,0.0526123046875,0.8048095703125,167.16796875,0,711
4.159386642000001,8.16796875,-4.0078125,2.95703125,-0.001953125,0.0,0.001953125,-0.17291259765625,-0.5616455078125,0.1278076171875,0.7989501953125,9.08984375,-1.6953125,2.890625,0.0,0.0,0.0,-0.07122802734375,-0.5869140625,0.0526123046875,0.8048095703125,167.16796875,0,711
4.164387965000003,8.1640625,-4.046875,2.95703125,0.0,0.0,0.005859375,-0.17291259765625,-0.56158447265625,0.12786865234375,0.7989501953125,9.08984375,-1.6953125,2.890625,0.0,0.0,0.0,-0.07122802734375,-0.5869140625,0.0526123046875,0.8048095703125,167.16796875,0,716
4.169676420000002,8.1640625,-4.046875,2.95703125,0.0,0.0,0.005859375,-0.17291259765625,-0.56158447265625,0.12786865234375,0.7989501953125,9.08984375,-1.6953125,2.890625,0.0,0.0,0.0,-0.07122802734375,-0.5869140625,0.0526123046875,0.8048095703125,167.16796875,0,716
4.174387409999994,8.1640625,-4.046875,2.95703125,0.0,0.0,0.005859375,-0.17291259765625,-0.56158447265625,0.12786865234375,0.7989501953125,9.08984375,-1.6953125,2.9296875,0.0,0.0,0.0,-0.07122802734375,-0.5869140625,0.0526123046875,0.8048095703125,167.16796875,1,716
4.179396572000002,8.1640625,-4.046875,2.95703125,0.0,0.0,0.005859375,-0.17291259765625,-0.56158447265625,0.12786865234375,0.7989501953125,9.08984375,-1.6953125,2.9296875,0.0,0.0,0.0,-0.07122802734375,-0.5869140625,0.0526123046875,0.8048095703125,167.16796875,1,716
4.184396774000007,8.12890625,-4.0078125,2.95703125,0.0,0.0,0.005859375,-0.1729736328125,-0.5615234375,0.1279296875,0.79901123046875,9.08984375,-1.6953125,2.9296875,0.0,0.0,0.0,-0.07122802734375,-0.5869140625,0.0526123046875,0.8048095703125,167.16796875,1,716
4.189386960999997,8.12890625,-4.0078125,2.95703125,0.0,0.0,0.005859375,-0.1729736328125,-0.5615234375,0.1279296875,0.79901123046875,9.08984375,-1.6953125,2.9296875,0.0,0.0,0.0,-0.07122802734375,-0.5869140625,0.0526123046875,0.8048095703125,167.16796875,1,707
4.194385275000002,8.12890625,-4.0078125,2.95703125,0.0,0.0,0.005859375,-0.1729736328125,-0.5615234375,0.1279296875,0.79901123046875,9.08984375,-1.6953125,2.9296875,0.0,0.0,0.0,-0.07122802734375,-0.5869140625,0.0526123046875,0.8048095703125,167.16796875,1,707
4.199389830000001,8.12890625,-4.0078125,2.95703125,0.0,0.0,0.005859375,-0.1729736328125,-0.5615234375,0.1279296875,0.79901123046875,9.0859375,-1.734375,2.9296875,0.0,0.0,0.0,-0.07122802734375,-0.5869140625,0.0526123046875,0.8048095703125,167.16796875,1,707
4.204383759999999,8.12890625,-4.0078125,2.95703125,0.0,0.0,0.005859375,-0.1729736328125,-0.5615234375,0.1279296875,0.79901123046875,9.0859375,-1.734375,2.9296875,0.0,0.0,0.0,-0.07122802734375,-0.5869140625,0.0526123046875,0.8048095703125,167.16796875,1,707
4.209390267000003,8.12890625,-4.0078125,2.95703125,0.0,-0.001953125,0.001953125,-0.1729736328125,-0.5615234375,0.1279296875,0.79901123046875,9.0859375,-1.734375,2.9296875,0.0,0.0,0.0,-0.07122802734375,-0.5869140625,0.0526123046875,0.8048095703125,167.16796875,1,706
4.214387396999996,8.12890625,-4.0078125,2.95703125,0.0,-0.001953125,0.001953125,-0.1729736328125,-0.5615234375,0.1279296875,0.79901123046875,9.0859375,-1.734375,2.9296875,0.0,0.0,0.0,-0.07122802734375,-0.5869140625,0.0526123046875,0.8048095703125,167.16796875,1,706
4.219396047000004,8.12890625,-4.0078125,2.95703125,0.0,-0.001953125,0.001953125,-0.1729736328125,-0.5615234375,0.1279296875,0.79901123046875,9.0859375,-1.734375,2.9296875,0.0,0.0,0.0,-0.07122802734375,-0.5869140625,0.0526123046875,0.8048095703125,167.16796875,2,706
4.224394298000007,8.12890625,-4.0078125,2.95703125,0.0,-0.001953125,0.001953125,-0.1729736328125,-0.5615234375,0.1279296875,0.79901123046875,9.0859375,-1.734375,2.9296875,0.0,0.0,0.0,-0.07122802734375,-0.5869140625,0.0526123046875,0.8048095703125,167.16796875,2,706
4.229385444000002,8.12890625,-4.0078125,2.95703125,0.0,-0.001953125,0.001953125,-0.1729736328125,-0.5615234375,0.1279296875,0.79901123046875,9.0859375,-1.734375,2.9296875,0.0,0.0,0.0,-0.07122802734375,-0.5869140625,0.0526123046875,0.8048095703125,167.16796875,2,706
4.234392239000002,8.12890625,-4.0078125,2.95703125,0.0,-0.001953125,0.001953125,-0.1729736328125,-0.5615234375,0.1279296875,0.79901123046875,9.0859375,-1.734375,2.9296875,0.0,0.0,0.0,-0.07122802734375,-0.5869140625,0.0526123046875,0.8048095703125,167.16796875,2,706
4.239387352999998,8.12890625,-4.0078125,2.95703125,0.0,-0.001953125,0.001953125,-0.1729736328125,-0.5615234375,0.1279296875,0.79901123046875,9.0859375,-1.734375,2.9296875,0.0,0.0,0.0,-0.07122802734375,-0.5869140625,0.0526123046875,0.8048095703125,167.16796875,3,706
4.2443947870000045,8.12890625,-4.0078125,2.95703125,0.0,-0.001953125,0.001953125,-0.1729736328125,-0.5615234375,0.1279296875,0.79901123046875,9.0859375,-1.734375,2.9296875,0.0,0.0,0.0,-0.07122802734375,-0.5869140625,0.0526123046875,0.8048095703125,167.16796875,3,706
4.249387213999995,8.12890625,-4.0078125,2.95703125,0.0,-0.001953125,0.001953125,-0.1729736328125,-0.5615234375,0.1279296875,0.79901123046875,9.0859375,-1.734375,2.9296875,0.0,0.0,0.0,-0.07122802734375,-0.5869140625,0.0526123046875,0.8048095703125,167.16796875,3,711
4.2543932720000015,8.12890625,-4.0078125,2.95703125,0.0,-0.001953125,0.001953125,-0.1729736328125,-0.5615234375,0.1279296875,0.79901123046875,9.0859375,-1.734375,2.9296875,0.0,0.0,0.0,-0.07122802734375,-0.5869140625,0.0526123046875,0.8048095703125,167.16796875,3,711
4.2593838749999975,8.12890625,-4.0078125,2.95703125,-0.00390625,-0.005859375,-0.005859375,-0.17291259765625,-0.56158447265625,0.12786865234375,0.7989501953125,9.0859375,-1.734375,2.9296875,0.0,0.0,0.0,-0.07122802734375,-0.5869140625,0.0526123046875,0.8048095703125,167.16796875,2,711
4.264390220999999,8.12890625,-4.0078125,2.95703125,-0.00390625,-0.005859375,-0.005859375,-0.17291259765625,-0.56158447265625,0.12786865234375,0.7989501953125,9.0859375,-1.734375,2.9296875,0.0,0.0,0.0,-0.07122802734375,-0.5869140625,0.0526123046875,0.8048095703125,167.16796875,2,711
4.269387863999995,8.16796875,-4.0078125,2.95703125,-0.00390625,-0.005859375,-0.005859375,-0.17291259765625,-0.56158447265625,0.12786865234375,0.7989501953125,9.0859375,-1.734375,2.9296875,0.0,0.0,0.0,-0.07122802734375,-0.5869140625,0.0526123046875,0.8048095703125,167.16796875,2,713
4.274727614,8.16796875,-4.0078125,2.95703125,-0.00390625,-0.005859375,-0.005859375,-0.17291259765625,-0.56158447265625,0.12786865234375,0.7989501953125,9.0859375,-1.734375,2.9296875,0.0,0.0,0.0,-0.07122802734375,-0.5869140625,0.0526123046875,0.8048095703125,167.16796875,2,713
4.280571296000005,8.16796875,-4.0078125,2.95703125,-0.00390625,-0.005859375,-0.005859375,-0.17291259765625,-0.56158447265625,0.12786865234375,0.7989501953125,9.08984375,-1.6953125,2.890625,0.0,0.0,0.0,-0.07122802734375,-0.5869140625,0.0526123046875,0.8048095703125,167.16796875,2,713
4.284406646999997,8.16796875,-4.0078125,2.95703125,-0.00390625,-0.005859375,-0.005859375,-0.17291259765625,-0.56158447265625,0.12786865234375,0.7989501953125,9.08984375,-1.6953125,2.890625,0.0,0.0,0.0,-0.07122802734375,-0.5869140625,0.0526123046875,0.8048095703125,167.16796875,2,713
4.289399200999995,8.16796875,-4.0078125,2.95703125,-0.00390625,-0.005859375,-0.005859375,-0.17291259765625,-0.56158447265625,0.12786865234375,0.7989501953125,9.08984375,-1.6953125,2.890625,0.0,0.0,0.0,-0.07122802734375,-0.5869140625,0.0526123046875,0.8048095703125,167.16796875,2,713
4.294405740000002,8.16796875,-4.0078125,2.95703125,-0.00390625,-0.005859375,-0.005859375,-0.17291259765625,-0.56158447265625,0.12786865234375,0.7989501953125,9.08984375,-1.6953125,2.890625,0.0,0.0,0.0,-0.07122802734375,-0.5869140625,0.0526123046875,0.8048095703125,167.16796875,2,713
4.2993843099999935,8.16796875,-4.0078125,2.95703125,-0.00390625,-0.005859375,-0.005859375,-0.17291259765625,-0.56158447265625,0.12786865234375,0.7989501953125,9.08984375,-1.6953125,2.890625,0.0,0.0,0.0,-0.07122802734375,-0.5869140625,0.0526123046875,0.8048095703125,167.16796875,2,716
4.304384321000001,8.16796875,-4.0078125,2.95703125,-0.00390625,-0.005859375,-0.005859375,-0.17291259765625,-0.56158447265625,0.12786865234375,0.7989501953125,9.08984375,-1.6953125,2.890625,0.0,0.0,0.0,-0.07122802734375,-0.5869140625,0.0526123046875,0.8048095703125,167.16796875,2,716
4.309396907000007,8.16796875,-4.0078125,2.95703125,-0.001953125,-0.001953125,-0.00390625,-0.17291259765625,-0.5616455078125,0.1278076171875,0.7989501953125,9.08984375,-1.6953125,2.890625,0.0,0.0,0.0,-0.07122802734375,-0.5869140625,0.0526123046875,0.8048095703125,167.16796875,2,716
4.314391764999996,8.16796875,-4.0078125,2.95703125,-0.001953125,-0.001953125,-0.00390625,-0.17291259765625,-0.5616455078125,0.1278076171875,0.7989501953125,9.08984375,-1.6953125,2.890625,0.0,0.0,0.0,-0.07122802734375,-0.5869140625,0.0526123046875,0.8048095703125,167.16796875,3,716
4.3193848960000025,8.16796875,-4.0078125,2.95703125,-0.001953125,-0.001953125,-0.00390625,-0.17291259765625,-0.5616455078125,0.1278076171875,0.7989501953125,9.08984375,-1.6953125,2.890625,0.0,0.0,0.0,-0.07122802734375,-0.5869140625,0.0526123046875,0.8048095703125,167.16796875,3,703
4.324392521999997,8.16796875,-4.0078125,2.95703125,-0.001953125,-0.001953125,-0.00390625,-0.17291259765625,-0.5616455078125,0.1278076171875,0.7989501953125,9.08984375,-1.6953125,2.890625,0.0,0.0,0.0,-0.07122802734375,-0.5869140625,0.0526123046875,0.8048095703125,167.16796875,3,703
4.329416116000004,8.16796875,-4.0078125,2.95703125,-0.001953125,-0.001953125,-0.00390625,-0.17291259765625,-0.5616455078125,0.1278076171875,0.7989501953125,9.08984375,-1.6953125,2.890625,0.0,0.0,0.0,-0.07122802734375,-0.5869140625,0.0526123046875,0.8048095703125,167.16796875,3,703
4.334388638999997,8.16796875,-4.0078125,2.95703125,-0.001953125,-0.001953125,-0.00390625,-0.17291259765625,-0.5616455078125,0.1278076171875,0.7989501953125,9.08984375,-1.6953125,2.890625,0.0,0.0,0.0,-0.07122802734375,-0.5869140625,0.0526123046875,0.8048095703125,167.16796875,1,703
4.339404232999996,8.16796875,-4.0078125,2.99609375,0.0,0.0,0.0,-0.17291259765625,-0.5616455078125,0.1278076171875,0.7989501953125,9.08984375,-1.6953125,2.890625,0.0,0.0,0.0,-0.07122802734375,-0.5869140625,0.0526123046875,0.8048095703125,167.16796875,1,703
4.344390292,8.16796875,-4.0078125,2.99609375,0.0,0.0,0.0,-0.17291259765625,-0.5616455078125,0.1278076171875,0.7989501953125,9.08984375,-1.6953125,2.890625,0.0,0.0,0.0,-0.07122802734375,-0.5869140625,0.0526123046875,0.8048095703125,167.16796875,1,709
4.3494022059999935,8.16796875,-4.0078125,2.99609375,0.0,0.0,0.0,-0.17291259765625,-0.5616455078125,0.1278076171875,0.7989501953125,9.08984375,-1.6953125,2.890625,0.0,0.0,0.0,-0.07122802734375,-0.5869140625,0.0526123046875,0.8048095703125,167.16796875,1,709
4.354390824999996,8.16796875,-4.0078125,2.99609375,0.0,0.0,0.0,-0.17291259765625,-0.5616455078125,0.1278076171875,0.7989501953125,9.08984375,-1.6953125,2.890625,0.0,0.0,0.0,-0.07122802734375,-0.5869140625,0.0526123046875,0.8048095703125,167.16796875,2,709
4.359392979000006,8.16796875,-4.0078125,2.99609375,0.0,0.0,0.0,-0.17291259765625,-0.5616455078125,0.1278076171875,0.7989501953125,9.08984375,-1.6953125,2.890625,0.0,0.0,0.0,-0.07122802734375,-0.5869140625,0.0526123046875,0.8048095703125,167.16796875,2,709
4.364424189000005,8.16796875,-4.0078125,2.99609375,0.0,0.00390625,0.0078125,-0.17291259765625,-0.5616455078125,0.1278076171875,0.7989501953125,9.08984375,-1.6953125,2.890625,0.0,0.0,0.0,-0.07122802734375,-0.5869140625,0.0526123046875,0.8048095703125,167.16796875,2,707
4.3694002640000065,8.16796875,-4.0078125,2.99609375,0.0,0.00390625,0.0078125,-0.17291259765625,-0.5616455078125,0.1278076171875,0.7989501953125,9.08984375,-1.6953125,2.890625,0.0,0.0,0.0,-0.07122802734375,-0.5869140625,0.0526123046875,0.8048095703125,167.16796875,2,707
4.374389714000003,8.16796875,-4.0078125,2.99609375,0.0,0.00390625,0.0078125,-0.17291259765625,-0.5616455078125,0.1278076171875,0.7989501953125,9.08984375,-1.6953125,2.890625,0.0,0.0,0.0,-0.07122802734375,-0.5869140625,0.0526123046875,0.8048095703125,167.16796875,2,707
4.3793965410000055,8.16796875,-4.0078125,2.99609375,0.0,0.00390625,0.0078125,-0.17291259765625,-0.5616455078125,0.1278076171875,0.7989501953125,9.08984375,-1.6953125,2.9296875,0.0,0.0,0.0,-0.07122802734375,-0.5869140625,0.0526123046875,0.80474853515625,167.16796875,3,707
4.384392039000005,8.1640625,-4.046875,2.95703125,0.0,0.00390625,0.0078125,-0.1729736328125,-0.56158447265625,0.12786865234375,0.7989501953125,9.08984375,-1.6953125,2.9296875,0.0,0.0,0.0,-0.07122802734375,-0.5869140625,0.0526123046875,0.80474853515625,167.16796875,3,710
4.389392466000004,8.1640625,-4.046875,2.95703125,0.0,0.00390625,0.0078125,-0.1729736328125,-0.56158447265625,0.12786865234375,0.7989501953125,9.08984375,-1.6953125,2.9296875,0.0,0.0,0.0,-0.07122802734375,-0.5869140625,0.0526123046875,0.80474853515625,167.16796875,2,710
4.394391740000003,8.1640625,-4.046875,2.95703125,0.0,0.00390625,0.0078125,-0.1729736328125,-0.56158447265625,0.12786865234375,0.7989501953125,9.08984375,-1.6953125,2.9296875,0.0,0.0,0.0,-0.07122802734375,-0.5869140625,0.0526123046875,0.80474853515625,167.16796875,2,710
4.399402534000004,8.1640625,-4.046875,2.95703125,0.0,0.00390625,0.0078125,-0.1729736328125,-0.56158447265625,0.12786865234375,0.7989501953125,9.08984375,-1.6953125,2.9296875,0.0,0.0,0.0,-0.07122802734375,-0.5869140625,0.0526123046875,0.80474853515625,167.16796875,2,697
4.404391056999998,8.16796875,-4.0078125,2.95703125,0.001953125,0.0,0.001953125,-0.1729736328125,-0.56158447265625,0.12786865234375,0.7989501953125,9.08984375,-1.6953125,2.9296875,0.0,0.0,0.0,-0.07122802734375,-0.5869140625,0.0526123046875,0.80474853515625,167.16796875,2,697
4.409403034999997,8.16796875,-4.0078125,2.95703125,0.001953125,0.0,0.001953125,-0.1729736328125,-0.56158447265625,0.12786865234375,0.7989501953125,9.0859375,-1.734375,2.9296875,0.0,0.0,0.0,-0.07122802734375,-0.5869140625,0.0526123046875,0.80474853515625,167.16796875,2,697
4.414395526000007,8.16796875,-4.0078125,2.95703125,0.001953125,0.0,0.001953125,-0.1729736328125,-0.56158447265625,0.12786865234375,0.7989501953125,9.0859375,-1.734375,2.9296875,0.0,0.0,0.0,-0.07122802734375,-0.5869140625,0.0526123046875,0.80474853515625,167.16796875,2,697
4.419392111999997,8.16796875,-4.0078125,2.95703125,0.001953125,0.0,0.001953125,-0.1729736328125,-0.56158447265625,0.12786865234375,0.7989501953125,9.0859375,-1.734375,2.9296875,0.0,0.0,0.0,-0.07122802734375,-0.5869140625,0.0526123046875,0.80474853515625,167.16796875,2,705
4.424399738000005,8.16796875,-4.0078125,2.95703125,0.001953125,0.0,0.001953125,-0.1729736328125,-0.56158447265625,0.12786865234375,0.7989501953125,9.0859375,-1.734375,2.9296875,0.0,0.0,0.0,-0.07122802734375,-0.5869140625,0.0526123046875,0.80474853515625,167.16796875,2,705
4.429397124999994,8.12890625,-4.0078125,2.95703125,0.001953125,0.0,0.001953125,-0.1729736328125,-0.5615234375,0.1279296875,0.79901123046875,9.0859375,-1.734375,2.9296875,0.0,0.0,0.0,-0.07122802734375,-0.5869140625,0.0526123046875,0.80474853515625,167.16796875,4,705
4.4344081750000015,8.12890625,-4.0078125,2.95703125,0.001953125,0.0,0.001953125,-0.1729736328125,-0.5615234375,0.1279296875,0.79901123046875,9.05078125,-1.734375,2.9296875,0.0,0.0,0.0,-0.07122802734375,-0.5869140625,0.0526123046875,0.80474853515625,167.16796875,4,705
4.439390234000001,8.12890625,-4.0078125,2.95703125,0.001953125,0.0,0.001953125,-0.1729736328125,-0.5615234375,0.1279296875,0.79901123046875,9.05078125,-1.734375,2.9296875,0.0,0.0,0.0,-0.07122802734375,-0.5869140625,0.0526123046875,0.80474853515625,167.16796875,4,705
4.4444091879999945,8.12890625,-4.0078125,2.95703125,0.001953125,0.0,0.001953125,-0.1729736328125,-0.5615234375,0.1279296875,0.79901123046875,9.05078125,-1.734375,2.9296875,0.0,0.0,0.0,-0.07122802734375,-0.5869140625,0.0526123046875,0.80474853515625,167.16796875,4,699
4.449437197999998,8.12890625,-4.0078125,2.95703125,0.001953125,0.0,0.001953125,-0.1729736328125,-0.5615234375,0.1279296875,0.79901123046875,9.05078125,-1.734375,2.9296875,0.0,0.0,0.0,-0.07122802734375,-0.5869140625,0.0526123046875,0.80474853515625,167.16796875,4,699
4.454398169000001,8.12890625,-4.0078125,2.95703125,0.001953125,0.0,0.001953125,-0.1729736328125,-0.5615234375,0.1279296875,0.79901123046875,9.05078125,-1.734375,2.9296875,0.0,0.0,0.0,-0.07122802734375,-0.5869140625,0.0526123046875,0.80474853515625,167.16796875,2,699
4.4594131230000045,8.12890625,-4.0078125,2.95703125,-0.001953125,-0.00390625,-0.00390625,-0.1729736328125,-0.5615234375,0.12786865234375,0.79901123046875,9.05078125,-1.734375,2.9296875,0.0,0.0,0.0,-0.07122802734375,-0.5869140625,0.0526123046875,0.80474853515625,167.16796875,2,699
4.4643907340000055,8.12890625,-4.0078125,2.95703125,-0.001953125,-0.00390625,-0.00390625,-0.1729736328125,-0.5615234375,0.12786865234375,0.79901123046875,9.05078125,-1.734375,2.9296875,0.0,0.0,0.0,-0.07122802734375,-0.5869140625,0.0526123046875,0.80474853515625,167.16796875,2,711
4.469396791999998,8.16796875,-4.0078125,2.95703125,-0.001953125,-0.00390625,-0.00390625,-0.1729736328125,-0.5615234375,0.12786865234375,0.79901123046875,9.05078125,-1.734375,2.9296875,0.0,0.0,0.0,-0.07122802734375,-0.5869140625,0.0526123046875,0.80474853515625,167.16796875,2,711
4.474401251000003,8.16796875,-4.0078125,2.95703125,-0.001953125,-0.00390625,-0.00390625,-0.1729736328125,-0.5615234375,0.12786865234375,0.79901123046875,9.05078125,-1.734375,2.9296875,0.0,0.0,0.0,-0.07122802734375,-0.5869140625,0.0526123046875,0.80474853515625,167.16796875,1,711
4.4794298690000005,8.16796875,-4.0078125,2.95703125,-0.001953125,-0.00390625,-0.00390625,-0.1729736328125,-0.5615234375,0.12786865234375,0.79901123046875,9.05078125,-1.734375,2.9296875,0.0,0.0,0.0,-0.07122802734375,-0.5869140625,0.0526123046875,0.80474853515625,167.16796875,1,711
4.484408023,8.16796875,-4.0078125,2.95703125,-0.001953125,-0.00390625,-0.00390625,-0.1729736328125,-0.5615234375,0.12786865234375,0.79901123046875,9.05078125,-1.734375,2.9296875,0.0,0.0,0.0,-0.07122802734375,-0.5869140625,0.0526123046875,0.80474853515625,167.16796875,1,709
4.489398754000007,8.16796875,-4.0078125,2.95703125,-0.001953125,-0.00390625,-0.00390625,-0.1729736328125,-0.5615234375,0.12786865234375,0.79901123046875,9.08984375,-1.6953125,2.9296875,0.0,0.0,0.0,-0.07122802734375,-0.5869140625,0.0526123046875,0.80474853515625,167.16796875,1,709
4.494394924000005,8.16796875,-4.0078125,2.95703125,0.0,-0.00390625,-0.00390625,-0.1729736328125,-0.5615234375,0.12786865234375,0.79901123046875,9.08984375,-1.6953125,2.9296875,0.0,0.0,0.0,-0.07122802734375,-0.5869140625,0.0526123046875,0.80474853515625,167.16796875,3,709
4.4993935910000005,8.16796875,-4.0078125,2.95703125,0.0,-0.00390625,-0.00390625,-0.1729736328125,-0.5615234375,0.12786865234375,0.79901123046875,9.08984375,-1.6953125,2.9296875,0.0,0.0,0.0,-0.07122802734375,-0.5869140625,0.0526123046875,0.80474853515625,167.16796875,3,709
4.504487359999999,8.16796875,-4.0078125,2.95703125,0.0,-0.00390625,-0.00390625,-0.1729736328125,-0.5615234375,0.12786865234375,0.79901123046875,9.08984375,-1.6953125,2.890625,0.0,0.0,0.0,-0.07122802734375,-0.58697509765625,0.0526123046875,0.80474853515625,167.16796875,3,709
4.509393196000005,8.16796875,-4.0078125,2.95703125,0.0,-0.00390625,-0.00390625,-0.17291259765625,-0.56158447265625,0.1278076171875,0.79901123046875,9.08984375,-1.6953125,2.890625,0.0,0.0,0.0,-0.07122802734375,-0.58697509765625,0.0526123046875,0.80474853515625,167.16796875,3,707
4.514395542000003,8.16796875,-4.0078125,2.95703125,0.0,-0.00390625,-0.00390625,-0.17291259765625,-0.56158447265625,0.1278076171875,0.79901123046875,9.08984375,-1.6953125,2.890625,0.0,0.0,0.0,-0.07122802734375,-0.58697509765625,0.0526123046875,0.80474853515625,167.16796875,2,707
4.519400128000001,8.16796875,-4.0078125,2.95703125,0.0,-0.00390625,-0.00390625,-0.17291259765625,-0.56158447265625,0.1278076171875,0.79901123046875,9.08984375,-1.6953125,2.890625,0.0,0.0,0.0,-0.07122802734375,-0.58697509765625,0.0526123046875,0.80474853515625,167.16796875,2,704
4.524390251,8.16796875,-4.0078125,2.95703125,0.0,-0.00390625,-0.00390625,-0.17291259765625,-0.56158447265625,0.1278076171875,0.79901123046875,9.08984375,-1.6953125,2.890625,0.0,0.0,0.0,-0.07122802734375,-0.58697509765625,0.0526123046875,0.80474853515625,167.16796875,2,704
4.529402165000008,8.16796875,-4.0078125,2.95703125,0.0,-0.00390625,-0.00390625,-0.17291259765625,-0.56158447265625,0.1278076171875,0.79901123046875,9.0859375,-1.65625,2.890625,0.0,0.0,0.0,-0.07122802734375,-0.58697509765625,0.0526123046875,0.80474853515625,167.16796875,2,704
4.534404576,8.16796875,-4.0078125,2.95703125,0.0,-0.00390625,-0.00390625,-0.17291259765625,-0.56158447265625,0.1278076171875,0.79901123046875,9.0859375,-1.65625,2.890625,0.0,0.0,0.0,-0.07122802734375,-0.58697509765625,0.0526123046875,0.80474853515625,167.16796875,2,704
4.539393161999996,8.16796875,-4.0078125,2.95703125,0.0,0.0,0.001953125,-0.17291259765625,-0.56158447265625,0.1278076171875,0.79901123046875,9.0859375,-1.65625,2.890625,0.0,0.0,0.0,-0.07122802734375,-0.58697509765625,0.0526123046875,0.80474853515625,167.16796875,2,707
4.544393653,8.16796875,-4.0078125,2.95703125,0.0,0.0,0.001953125,-0.17291259765625,-0.56158447265625,0.1278076171875,0.79901123046875,9.0859375,-1.65625,2.890625,0.0,0.0,0.0,-0.07122802734375,-0.58697509765625,0.0526123046875,0.80474853515625,167.16796875,2,707
4.549433246999996,8.16796875,-4.0078125,2.95703125,0.0,0.0,0.001953125,-0.17291259765625,-0.56158447265625,0.1278076171875,0.79901123046875,9.0859375,-1.65625,2.890625,0.0,0.0,0.0,-0.07122802734375,-0.58697509765625,0.0526123046875,0.80474853515625,167.16796875,2,707
4.554396264999994,8.16796875,-4.0078125,2.95703125,0.0,0.0,0.001953125,-0.17291259765625,-0.56158447265625,0.1278076171875,0.79901123046875,9.0859375,-1.65625,2.890625,0.0,0.0,0.0,-0.07122802734375,-0.58697509765625,0.0526123046875,0.80474853515625,167.16796875,2,707
4.559392083999995,8.16796875,-4.0078125,2.95703125,0.0,0.0,0.001953125,-0.17291259765625,-0.56158447265625,0.1278076171875,0.79901123046875,9.0859375,-1.65625,2.890625,0.0,0.0,0.0,-0.07122802734375,-0.58697509765625,0.0526123046875,0.80474853515625,167.16796875,2,706
4.564405246000007,8.16796875,-4.0078125,2.95703125,0.001953125,0.00390625,0.005859375,-0.17291259765625,-0.56158447265625,0.1278076171875,0.79901123046875,9.0859375,-1.65625,2.890625,0.0,0.0,0.0,-0.07122802734375,-0.58697509765625,0.0526123046875,0.80474853515625,167.16796875,2,706
4.569398664999994,8.16796875,-4.0078125,2.95703125,0.001953125,0.00390625,0.005859375,-0.17291259765625,-0.56158447265625,0.1278076171875,0.79901123046875,9.08984375,-1.6953125,2.890625,0.0,0.0,0.0,-0.07122802734375,-0.58697509765625,0.0526123046875,0.80474853515625,167.16796875,1,706
4.574401938999998,8.16796875,-4.0078125,2.95703125,0.001953125,0.00390625,0.005859375,-0.17291259765625,-0.56158447265625,0.1278076171875,0.79901123046875,9.08984375,-1.6953125,2.890625,0.0,0.0,0.0,-0.07122802734375,-0.58697509765625,0.0526123046875,0.80474853515625,167.16796875,1,706
4.579448509000002,8.16796875,-4.0078125,2.95703125,0.001953125,0.00390625,0.005859375,-0.17291259765625,-0.56158447265625,0.1278076171875,0.79901123046875,9.08984375,-1.6953125,2.890625,0.0,0.0,0.0,-0.07122802734375,-0.58697509765625,0.0526123046875,0.80474853515625,167.16796875,1,706
4.5844128720000015,8.16796875,-4.0078125,2.95703125,0.001953125,0.00390625,0.005859375,-0.17291259765625,-0.56158447265625,0.1278076171875,0.79901123046875,9.08984375,-1.6953125,2.890625,0.0,0.0,0.0,-0.07122802734375,-0.58697509765625,0.0526123046875,0.80474853515625,167.16796875,1,706
4.589495569000007,8.1640625,-4.046875,2.95703125,0.001953125,0.00390625,0.005859375,-0.1729736328125,-0.5615234375,0.12786865234375,0.79901123046875,9.08984375,-1.6953125,2.9296875,0.0,0.0,0.0,-0.07122802734375,-0.58697509765625,0.0526123046875,0.80474853515625,167.16796875,2,706
4.594512571999999,8.1640625,-4.046875,2.95703125,0.001953125,0.00390625,0.005859375,-0.1729736328125,-0.5615234375,0.12786865234375,0.79901123046875,9.08984375,-1.6953125,2.9296875,0.0,0.0,0.0,-0.07122802734375,-0.58697509765625,0.0526123046875,0.80474853515625,167.16796875,2,706
