timestamp_s,foot_ax,foot_ay,foot_az,foot_gx,foot_gy,foot_gz,foot_qi,foot_qj,foot_qk,foot_qr,shank_ax,shank_ay,shank_az,shank_gx,shank_gy,shank_gz,shank_qi,shank_qj,shank_qk,shank_qr,ankle_encoder_deg,toe_fsr_raw,heel_fsr_raw
0.00338465200002247,,,,,,,,,,,,,,,,,,,,,,,
0.010090595000292524,,,,,,,,,,,8.65234375,5.72265625,-2.6484375,0.0,0.0,0.0,0.00030517578125,-0.6070556640625,-0.01580810546875,0.79449462890625,78.92578125,3,0
0.020061058000464982,,,,,,,,,,,8.65234375,5.72265625,-2.6484375,0.0,0.0,0.0,0.00030517578125,-0.6070556640625,-0.01580810546875,0.79449462890625,78.92578125,3,0
0.03006281800026045,,,,,,,,,,,8.65234375,5.72265625,-2.6484375,0.0,0.0,0.0,0.00030517578125,-0.6070556640625,-0.01580810546875,0.79449462890625,78.92578125,3,0
0.040128260000528826,4.97265625,-2.609375,-1.8515625,1.05078125,-0.03515625,-0.646484375,-0.013427734375,-0.796142578125,0.08367919921875,0.59918212890625,8.65234375,5.72265625,-2.6484375,0.0,0.0,0.0,0.00030517578125,-0.6070556640625,-0.01580810546875,0.79449462890625,79.62890625,3,25684
0.05007782600023347,4.97265625,-2.609375,-1.8515625,1.05078125,-0.03515625,-0.646484375,-0.013427734375,-0.796142578125,0.08367919921875,0.59918212890625,8.65234375,5.72265625,-2.6484375,0.0,0.0,0.0,0.00030517578125,-0.6070556640625,-0.01580810546875,0.79449462890625,79.716796875,4540,25684
0.06006188999981532,9.2578125,-4.984375,-1.35546875,-0.16796875,0.064453125,-0.341796875,-0.013427734375,-0.796142578125,0.08367919921875,0.59918212890625,9.53515625,-4.23828125,-1.91796875,-0.265625,0.080078125,-0.701171875,-0.000732421875,-0.60760498046875,-0.03558349609375,0.79345703125,79.892578125,4540,25910
0.07006905800062668,9.2578125,-4.984375,-1.35546875,-0.16796875,0.064453125,-0.341796875,-0.013427734375,-0.796142578125,0.08367919921875,0.59918212890625,9.53515625,-4.23828125,-1.91796875,-0.265625,0.080078125,-0.701171875,-0.000732421875,-0.60760498046875,-0.03558349609375,0.79345703125,80.068359375,5965,25910
0.08006585800012544,9.2578125,-4.984375,-1.35546875,-0.150390625,-0.0625,-0.1796875,-0.2081298828125,-0.7586669921875,0.2879638671875,0.5460205078125,9.71875,0.78125,-0.84765625,-0.251953125,-0.095703125,-0.44921875,0.0074462890625,-0.61181640625,-0.05181884765625,0.78924560546875,80.244140625,5965,25892
0.09006275299998379,9.87109375,-3.94921875,-1.390625,-0.150390625,-0.0625,-0.1796875,-0.2081298828125,-0.7586669921875,0.2879638671875,0.5460205078125,9.71875,0.78125,-0.84765625,-0.251953125,-0.095703125,-0.44921875,0.0074462890625,-0.61181640625,-0.05181884765625,0.78924560546875,80.419921875,7266,25892
0.10007673800009798,9.87109375,-3.94921875,-1.390625,-0.150390625,-0.0625,-0.1796875,-0.2081298828125,-0.7586669921875,0.2879638671875,0.5460205078125,9.71875,0.78125,-0.84765625,-0.251953125,-0.095703125,-0.44921875,0.0074462890625,-0.61181640625,-0.05181884765625,0.78924560546875,80.595703125,7266,25867
0.11006038499999704,9.87109375,-3.94921875,-1.390625,-0.150390625,-0.0625,-0.1796875,-0.2081298828125,-0.7586669921875,0.2879638671875,0.5460205078125,10.140625,0.359375,-2.5703125,-0.251953125,-0.095703125,-0.44921875,0.0120849609375,-0.618408203125,-0.0640869140625,0.78314208984375,80.859375,7249,25867
0.12006720099998347,9.87109375,-3.94921875,-1.390625,-0.150390625,-0.0625,-0.1796875,-0.2081298828125,-0.7586669921875,0.2879638671875,0.5460205078125,10.140625,0.359375,-2.5703125,-0.251953125,-0.095703125,-0.44921875,0.0120849609375,-0.618408203125,-0.0640869140625,0.78314208984375,81.2109375,7249,25769
0.13010669100003724,10.17578125,-3.44921875,-1.66015625,-0.111328125,-0.02734375,-0.095703125,-0.20758056640625,-0.76025390625,0.2847900390625,0.54571533203125,10.64453125,-0.33203125,-2.9921875,-0.177734375,-0.025390625,-0.439453125,0.0120849609375,-0.618408203125,-0.0640869140625,0.78314208984375,81.38671875,7733,25646
0.14006323300054646,10.17578125,-3.44921875,-1.66015625,-0.111328125,-0.02734375,-0.095703125,-0.20758056640625,-0.76025390625,0.2847900390625,0.54571533203125,10.64453125,-0.33203125,-2.9921875,-0.177734375,-0.025390625,-0.439453125,0.0120849609375,-0.618408203125,-0.0640869140625,0.78314208984375,81.5625,7733,25646
0.15007254500051204,10.17578125,-3.44921875,-1.66015625,-0.111328125,-0.02734375,-0.095703125,-0.20758056640625,-0.76025390625,0.2847900390625,0.54571533203125,10.64453125,-0.33203125,-2.9921875,-0.177734375,-0.025390625,-0.439453125,0.0120849609375,-0.618408203125,-0.0640869140625,0.78314208984375,82.001953125,7977,25646
0.16006291299981967,10.17578125,-3.44921875,-1.66015625,-0.111328125,-0.02734375,-0.095703125,-0.20758056640625,-0.76025390625,0.2847900390625,0.54571533203125,10.64453125,-0.33203125,-2.9921875,-0.078125,0.14453125,-0.587890625,0.01800537109375,-0.6239013671875,-0.0740966796875,0.77777099609375,82.265625,7977,25711
0.17006790499999624,10.33203125,-3.14453125,-1.73828125,-0.01953125,0.095703125,-0.1015625,-0.2069091796875,-0.76007080078125,0.2828369140625,0.5472412109375,10.4921875,0.12890625,-2.72265625,-0.078125,0.14453125,-0.587890625,0.01800537109375,-0.6239013671875,-0.0740966796875,0.77777099609375,82.6171875,8656,25711
0.18006304099981207,10.33203125,-3.14453125,-1.73828125,-0.01953125,0.095703125,-0.1015625,-0.2069091796875,-0.76007080078125,0.2828369140625,0.5472412109375,10.4921875,0.12890625,-2.72265625,-0.078125,0.14453125,-0.587890625,0.01800537109375,-0.6239013671875,-0.0740966796875,0.77777099609375,82.96875,8656,25440
0.19006886500028486,10.140625,-3.375,-1.546875,0.021484375,0.16015625,-0.142578125,-0.2069091796875,-0.76007080078125,0.2828369140625,0.5472412109375,10.4921875,0.12890625,-2.72265625,-0.044921875,0.193359375,-0.779296875,0.0263671875,-0.62774658203125,-0.0848388671875,0.7733154296875,83.408203125,8904,25440
0.20006025700058672,10.140625,-3.375,-1.546875,0.021484375,0.16015625,-0.142578125,-0.2056884765625,-0.75897216796875,0.28082275390625,0.55029296875,10.4921875,0.12890625,-2.72265625,-0.044921875,0.193359375,-0.779296875,0.0263671875,-0.62774658203125,-0.0848388671875,0.7733154296875,83.84765625,8904,25396
0.21016102800058434,10.0234375,-3.60546875,-1.27734375,0.021484375,0.16015625,-0.142578125,-0.2056884765625,-0.75897216796875,0.28082275390625,0.55029296875,10.41796875,-0.25390625,-1.91796875,-0.044921875,0.193359375,-0.779296875,0.0263671875,-0.62774658203125,-0.0848388671875,0.7733154296875,84.287109375,9142,25396
0.22010563399999228,10.0234375,-3.60546875,-1.27734375,0.021484375,0.16015625,-0.142578125,-0.2056884765625,-0.75897216796875,0.28082275390625,0.55029296875,10.41796875,-0.25390625,-1.91796875,-0.044921875,0.193359375,-0.779296875,0.0263671875,-0.62774658203125,-0.0848388671875,0.7733154296875,84.638671875,9142,25138
0.23006982500010054,10.0234375,-3.60546875,-1.27734375,0.021484375,0.16015625,-0.142578125,-0.2056884765625,-0.75897216796875,0.28082275390625,0.55029296875,10.18359375,0.359375,-1.8046875,-0.044921875,0.193359375,-0.779296875,0.03631591796875,-0.63092041015625,-0.09716796875,0.76885986328125,85.166015625,9478,25138
0.2400862730000881,10.0234375,-3.60546875,-1.27734375,0.0078125,0.203125,-0.162109375,-0.2042236328125,-0.75738525390625,0.27838134765625,0.55419921875,10.18359375,0.359375,-1.8046875,-0.08203125,0.20703125,-0.8828125,0.03631591796875,-0.63092041015625,-0.09716796875,0.76885986328125,85.60546875,9478,25393
0.25010339399977966,9.7578125,-3.56640625,-1.546875,0.0078125,0.203125,-0.162109375,-0.2042236328125,-0.75738525390625,0.27838134765625,0.55419921875,10.18359375,0.359375,-1.8046875,-0.08203125,0.20703125,-0.8828125,0.03631591796875,-0.63092041015625,-0.09716796875,0.76885986328125,85.95703125,9807,25393
0.2600628810005219,9.7578125,-3.56640625,-1.546875,0.0078125,0.203125,-0.162109375,-0.2042236328125,-0.75738525390625,0.27838134765625,0.55419921875,10.18359375,0.359375,-1.8046875,-0.08203125,0.20703125,-0.8828125,0.03631591796875,-0.63092041015625,-0.09716796875,0.76885986328125,86.396484375,9807,25546
0.2701504670003487,9.7578125,-3.56640625,-1.546875,0.0078125,0.203125,-0.162109375,-0.2042236328125,-0.75738525390625,0.27838134765625,0.55419921875,9.953125,0.8203125,-1.26953125,-0.08203125,0.20703125,-0.8828125,0.04669189453125,-0.634033203125,-0.10986328125,0.7640380859375,86.923828125,10246,25546
0.2800608640000064,9.828125,-3.7578125,-1.19921875,0.029296875,0.150390625,-0.111328125,-0.20306396484375,-0.75604248046875,0.2767333984375,0.55731201171875,9.953125,0.8203125,-1.26953125,-0.021484375,0.154296875,-0.896484375,0.04669189453125,-0.634033203125,-0.10986328125,0.7640380859375,87.36328125,10246,25338
0.29009932999997545,9.828125,-3.7578125,-1.19921875,0.029296875,0.150390625,-0.111328125,-0.20306396484375,-0.75604248046875,0.2767333984375,0.55731201171875,10.140625,1.39453125,-1.53515625,-0.021484375,0.154296875,-0.896484375,0.04669189453125,-0.634033203125,-0.10986328125,0.7640380859375,87.802734375,10937,25338
0.3000784330006354,9.828125,-3.7578125,-1.19921875,0.029296875,0.150390625,-0.111328125,-0.20306396484375,-0.75604248046875,0.2767333984375,0.55731201171875,10.140625,1.39453125,-1.53515625,-0.021484375,0.154296875,-0.896484375,0.05706787109375,-0.63726806640625,-0.12139892578125,0.7589111328125,88.154296875,10937,25357
0.31006710400015436,9.828125,-3.7578125,-1.19921875,0.029296875,0.150390625,-0.111328125,-0.20306396484375,-0.75604248046875,0.2767333984375,0.55731201171875,10.140625,1.39453125,-1.53515625,-0.021484375,0.154296875,-0.896484375,0.05706787109375,-0.63726806640625,-0.12139892578125,0.7589111328125,88.59375,10285,25357
0.3200695040004575,9.83203125,-3.6796875,-1.31640625,0.0234375,0.123046875,-0.083984375,-0.2021484375,-0.75482177734375,0.2755126953125,0.559814453125,10.140625,1.39453125,-1.53515625,-0.021484375,0.154296875,-0.896484375,0.05706787109375,-0.63726806640625,-0.12139892578125,0.7589111328125,89.033203125,10285,25322
0.330064128000231,9.83203125,-3.6796875,-1.31640625,0.0234375,0.123046875,-0.083984375,-0.2021484375,-0.75482177734375,0.2755126953125,0.559814453125,10.11328125,1.35546875,-1.421875,-0.03125,0.1328125,-0.83203125,0.05706787109375,-0.63726806640625,-0.12139892578125,0.7589111328125,89.384765625,10959,25322
0.3400608319998355,9.83203125,-3.6796875,-1.31640625,0.0234375,0.123046875,-0.083984375,-0.2021484375,-0.75482177734375,0.2755126953125,0.559814453125,10.11328125,1.35546875,-1.421875,-0.03125,0.1328125,-0.83203125,0.05706787109375,-0.63726806640625,-0.12139892578125,0.7589111328125,89.736328125,10959,25334
0.350062784000329,9.828125,-3.796875,-1.27734375,-0.001953125,0.12890625,-0.142578125,-0.2021484375,-0.75482177734375,0.2755126953125,0.559814453125,10.11328125,1.35546875,-1.421875,-0.03125,0.1328125,-0.83203125,0.05706787109375,-0.63726806640625,-0.12139892578125,0.7589111328125,90.17578125,11463,25334
0.3600709120000829,9.828125,-3.796875,-1.27734375,-0.001953125,0.12890625,-0.142578125,-0.20086669921875,-0.75390625,0.2738037109375,0.56243896484375,10.3359375,1.62109375,-1.8046875,-0.08203125,0.13671875,-0.798828125,0.06689453125,-0.6402587890625,-0.1319580078125,0.7537841796875,90.52734375,11463,24975
0.37006035200010956,9.8671875,-3.7578125,-1.19921875,-0.001953125,0.12890625,-0.142578125,-0.20086669921875,-0.75390625,0.2738037109375,0.56243896484375,10.3359375,1.62109375,-1.8046875,-0.08203125,0.13671875,-0.798828125,0.06689453125,-0.6402587890625,-0.1319580078125,0.7537841796875,90.791015625,11463,24975
0.3800770560001183,9.8671875,-3.7578125,-1.19921875,-0.001953125,0.12890625,-0.142578125,-0.20086669921875,-0.75390625,0.2738037109375,0.56243896484375,10.3359375,1.62109375,-1.8046875,-0.08203125,0.13671875,-0.798828125,0.06689453125,-0.6402587890625,-0.1319580078125,0.7537841796875,90.966796875,11992,24975
0.3900669120002931,9.8671875,-3.7578125,-1.19921875,-0.001953125,0.12890625,-0.142578125,-0.20086669921875,-0.75390625,0.2738037109375,0.56243896484375,10.375,1.39453125,-1.8046875,-0.08203125,0.13671875,-0.798828125,0.07562255859375,-0.6422119140625,-0.142578125,0.74932861328125,91.318359375,11992,24663
0.40011168100045325,9.8671875,-3.7578125,-1.19921875,-0.033203125,0.1953125,-0.294921875,-0.19818115234375,-0.75299072265625,0.2698974609375,0.56646728515625,10.375,1.39453125,-1.8046875,-0.119140625,0.16015625,-0.8046875,0.07562255859375,-0.6422119140625,-0.142578125,0.74932861328125,91.669921875,13115,24663
0.41008179199980077,9.8671875,-3.7578125,-1.19921875,-0.033203125,0.1953125,-0.294921875,-0.19818115234375,-0.75299072265625,0.2698974609375,0.56646728515625,10.375,1.39453125,-1.8046875,-0.119140625,0.16015625,-0.8046875,0.07562255859375,-0.6422119140625,-0.142578125,0.74932861328125,91.845703125,13115,24458
0.4200700480005253,9.7890625,-3.796875,-1.0859375,-0.033203125,0.1953125,-0.294921875,-0.19818115234375,-0.75299072265625,0.2698974609375,0.56646728515625,10.26171875,1.66015625,-1.61328125,-0.119140625,0.16015625,-0.8046875,0.08392333984375,-0.64324951171875,-0.1536865234375,0.745361328125,92.021484375,13510,24458
0.43006249600057345,9.7890625,-3.796875,-1.0859375,-0.033203125,0.1953125,-0.294921875,-0.19818115234375,-0.75299072265625,0.2698974609375,0.56646728515625,10.26171875,1.66015625,-1.61328125,-0.119140625,0.16015625,-0.8046875,0.08392333984375,-0.64324951171875,-0.1536865234375,0.745361328125,92.197265625,13510,23930
0.4400705919997563,9.7890625,-3.796875,-1.0859375,-0.044921875,0.208984375,-0.453125,-0.19354248046875,-0.75238037109375,0.26373291015625,0.57177734375,10.26171875,1.66015625,-1.61328125,-0.1328125,0.189453125,-0.888671875,0.08392333984375,-0.64324951171875,-0.1536865234375,0.745361328125,92.4609375,14222,23930
0.45006588800060854,9.87109375,-3.48828125,-1.23828125,-0.044921875,0.208984375,-0.453125,-0.19354248046875,-0.75238037109375,0.26373291015625,0.57177734375,10.37890625,1.0859375,-1.8828125,-0.1328125,0.189453125,-0.888671875,0.08392333984375,-0.64324951171875,-0.1536865234375,0.745361328125,92.63671875,14222,23728
0.4600778240001091,9.87109375,-3.48828125,-1.23828125,-0.044921875,0.208984375,-0.453125,-0.19354248046875,-0.75238037109375,0.26373291015625,0.57177734375,10.37890625,1.0859375,-1.8828125,-0.1328125,0.189453125,-0.888671875,0.093994140625,-0.6429443359375,-0.166015625,0.74176025390625,92.724609375,14769,23728
0.47006435100047383,9.87109375,-3.48828125,-1.23828125,-0.044921875,0.208984375,-0.453125,-0.19354248046875,-0.75238037109375,0.26373291015625,0.57177734375,10.37890625,1.0859375,-1.8828125,-0.1328125,0.189453125,-0.888671875,0.093994140625,-0.6429443359375,-0.166015625,0.74176025390625,92.900390625,14769,23349
0.48007161500026996,9.828125,-3.60546875,-1.0859375,0.029296875,0.259765625,-0.74609375,-0.19354248046875,-0.75238037109375,0.26373291015625,0.57177734375,10.296875,1.125,-1.95703125,-0.064453125,0.296875,-1.05859375,0.093994140625,-0.6429443359375,-0.166015625,0.74176025390625,93.076171875,15310,23349
0.4900632310000219,9.828125,-3.60546875,-1.0859375,0.029296875,0.259765625,-0.74609375,-0.18475341796875,-0.75213623046875,0.25518798828125,0.578857421875,10.296875,1.125,-1.95703125,-0.064453125,0.296875,-1.05859375,0.093994140625,-0.6429443359375,-0.166015625,0.74176025390625,93.1640625,15482,22989
0.5000619829997959,9.828125,-3.60546875,-1.0859375,0.029296875,0.259765625,-0.74609375,-0.18475341796875,-0.75213623046875,0.25518798828125,0.578857421875,10.296875,1.125,-1.95703125,-0.064453125,0.296875,-1.05859375,0.093994140625,-0.6429443359375,-0.166015625,0.74176025390625,93.1640625,15482,22989
0.5100603820001197,9.828125,-3.60546875,-1.0859375,0.029296875,0.259765625,-0.74609375,-0.18475341796875,-0.75213623046875,0.25518798828125,0.578857421875,10.30078125,1.8125,-2.07421875,-0.064453125,0.296875,-1.05859375,0.107666015625,-0.64031982421875,-0.1800537109375,0.7388916015625,93.1640625,15482,22528
0.520065245999831,9.91015625,-3.4140625,-1.0859375,0.07421875,0.330078125,-1.0546875,-0.18475341796875,-0.75213623046875,0.25518798828125,0.578857421875,10.30078125,1.8125,-2.07421875,-0.076171875,0.37890625,-1.193359375,0.107666015625,-0.64031982421875,-0.1800537109375,0.7388916015625,93.1640625,16023,22528
0.5300749100006215,9.91015625,-3.4140625,-1.0859375,0.07421875,0.330078125,-1.0546875,-0.18475341796875,-0.75213623046875,0.25518798828125,0.578857421875,10.30078125,1.8125,-2.07421875,-0.076171875,0.37890625,-1.193359375,0.107666015625,-0.64031982421875,-0.1800537109375,0.7388916015625,93.1640625,16023,21079
0.5400816940000368,10.9765625,-3.296875,-1.16015625,0.07421875,0.330078125,-1.0546875,-0.1707763671875,-0.7515869140625,0.24346923828125,0.58880615234375,10.30078125,1.8125,-2.07421875,-0.076171875,0.37890625,-1.193359375,0.107666015625,-0.64031982421875,-0.1800537109375,0.7388916015625,93.1640625,16439,21079
0.5500753579999582,10.9765625,-3.296875,-1.16015625,0.07421875,0.330078125,-1.0546875,-0.1707763671875,-0.7515869140625,0.24346923828125,0.58880615234375,11.64453125,2.46484375,-2.07421875,-0.076171875,0.37890625,-1.193359375,0.122802734375,-0.6357421875,-0.19586181640625,0.7364501953125,93.076171875,16439,20312
0.5600623649997942,10.9765625,-3.296875,-1.16015625,0.07421875,0.330078125,-1.0546875,-0.1707763671875,-0.7515869140625,0.24346923828125,0.58880615234375,11.64453125,2.46484375,-2.07421875,-0.1640625,0.455078125,-1.349609375,0.122802734375,-0.6357421875,-0.19586181640625,0.7364501953125,92.98828125,17679,20312
0.5700762209999084,10.9765625,-3.296875,-1.16015625,0.103515625,0.470703125,-1.37109375,-0.15228271484375,-0.75006103515625,0.2275390625,0.60205078125,11.64453125,2.46484375,-2.07421875,-0.1640625,0.455078125,-1.349609375,0.122802734375,-0.6357421875,-0.19586181640625,0.7364501953125,92.900390625,17679,18103
0.5800615320003999,12.48046875,-4.5625,-1.8125,0.103515625,0.470703125,-1.37109375,-0.15228271484375,-0.75006103515625,0.2275390625,0.60205078125,12.59765625,1.69921875,-2.72265625,-0.1640625,0.455078125,-1.349609375,0.13922119140625,-0.62908935546875,-0.21441650390625,0.73406982421875,92.8125,18582,18103
0.5900717399999849,12.48046875,-4.5625,-1.8125,0.103515625,0.470703125,-1.37109375,-0.15228271484375,-0.75006103515625,0.2275390625,0.60205078125,12.59765625,1.69921875,-2.72265625,-0.1640625,0.455078125,-1.349609375,0.13922119140625,-0.62908935546875,-0.21441650390625,0.73406982421875,92.63671875,18582,14802
0.6000619480000751,12.48046875,-4.5625,-1.8125,0.11328125,0.5703125,-1.771484375,-0.12847900390625,-0.74749755859375,0.20733642578125,0.61785888671875,12.59765625,1.69921875,-2.72265625,-0.1640625,0.455078125,-1.349609375,0.13922119140625,-0.62908935546875,-0.21441650390625,0.73406982421875,92.4609375,20405,14802
0.610071388000506,12.48046875,-4.63671875,-1.8515625,0.11328125,0.5703125,-1.771484375,-0.12847900390625,-0.74749755859375,0.20733642578125,0.61785888671875,12.671875,0.78125,-2.07421875,-0.07421875,0.490234375,-1.634765625,0.13922119140625,-0.62908935546875,-0.21441650390625,0.73406982421875,92.28515625,21623,11921
0.6200616590003847,12.48046875,-4.63671875,-1.8515625,0.11328125,0.5703125,-1.771484375,-0.12847900390625,-0.74749755859375,0.20733642578125,0.61785888671875,12.671875,0.78125,-2.07421875,-0.07421875,0.490234375,-1.634765625,0.160888671875,-0.62109375,-0.23590087890625,0.7298583984375,92.109375,21623,11921
0.6300770510006259,12.48046875,-4.63671875,-1.8515625,0.11328125,0.5703125,-1.771484375,-0.12847900390625,-0.74749755859375,0.20733642578125,0.61785888671875,12.671875,0.78125,-2.07421875,-0.07421875,0.490234375,-1.634765625,0.160888671875,-0.62109375,-0.23590087890625,0.7298583984375,91.7578125,21623,9384
0.6400644109999121,12.55078125,-4.4453125,-1.0078125,0.126953125,0.5625,-2.28125,-0.12847900390625,-0.74749755859375,0.20733642578125,0.61785888671875,12.671875,0.78125,-2.07421875,-0.07421875,0.490234375,-1.634765625,0.160888671875,-0.62109375,-0.23590087890625,0.7298583984375,91.40625,22449,9384
0.6500696260000041,12.55078125,-4.4453125,-1.0078125,0.126953125,0.5625,-2.28125,-0.09710693359375,-0.74468994140625,0.18109130859375,0.635009765625,11.98828125,1.046875,-0.76953125,-0.037109375,0.42578125,-1.9375,0.160888671875,-0.62109375,-0.23590087890625,0.7298583984375,91.0546875,22449,3784
0.660077753999758,12.55078125,-4.4453125,-1.0078125,0.126953125,0.5625,-2.28125,-0.09710693359375,-0.74468994140625,0.18109130859375,0.635009765625,11.98828125,1.046875,-0.76953125,-0.037109375,0.42578125,-1.9375,0.160888671875,-0.62109375,-0.23590087890625,0.7298583984375,90.703125,22785,3784
0.6700726660001237,12.58984375,-4.0234375,-1.0859375,0.04296875,0.54296875,-2.837890625,-0.09710693359375,-0.74468994140625,0.18109130859375,0.635009765625,11.98828125,1.046875,-0.76953125,-0.037109375,0.42578125,-1.9375,0.160888671875,-0.62109375,-0.23590087890625,0.7298583984375,90.263671875,22785,2554
0.6800638650001929,12.58984375,-4.0234375,-1.0859375,0.04296875,0.54296875,-2.837890625,-0.057861328125,-0.74169921875,0.14654541015625,0.6519775390625,11.02734375,1.01171875,-0.80859375,-0.01171875,0.2578125,-2.26953125,0.18609619140625,-0.61297607421875,-0.2607421875,0.72222900390625,89.82421875,23297,2554
0.6901029059999928,12.58984375,-4.0234375,-1.0859375,0.04296875,0.54296875,-2.837890625,-0.057861328125,-0.74169921875,0.14654541015625,0.6519775390625,11.02734375,1.01171875,-0.80859375,-0.01171875,0.2578125,-2.26953125,0.18609619140625,-0.61297607421875,-0.2607421875,0.72222900390625,89.384765625,23297,2554
0.7000840890004838,12.58984375,-4.0234375,-1.0859375,0.04296875,0.54296875,-2.837890625,-0.057861328125,-0.74169921875,0.14654541015625,0.6519775390625,9.03515625,2.54296875,-0.42578125,-0.01171875,0.2578125,-2.26953125,0.21148681640625,-0.60540771484375,-0.2890625,0.71075439453125,88.41796875,23297,2143
0.710074104999876,11.4765625,-3.4140625,-0.81640625,-0.18359375,0.51953125,-3.3203125,-0.057861328125,-0.74169921875,0.14654541015625,0.6519775390625,9.03515625,2.54296875,-0.42578125,-0.01171875,0.2578125,-2.26953125,0.21148681640625,-0.60540771484375,-0.2890625,0.71075439453125,87.890625,23426,2143
0.7200679280003897,11.4765625,-3.4140625,-0.81640625,-0.18359375,0.51953125,-3.3203125,-0.057861328125,-0.74169921875,0.14654541015625,0.6519775390625,9.03515625,2.54296875,-0.42578125,-0.32421875,0.107421875,-2.2890625,0.21148681640625,-0.60540771484375,-0.2890625,0.71075439453125,86.923828125,23426,745
0.7300660079999943,12.78515625,-2.72265625,-0.203125,-0.18359375,0.51953125,-3.3203125,-0.0128173828125,-0.73712158203125,0.10174560546875,0.66790771484375,10.375,1.9296875,-1.15234375,-0.32421875,0.107421875,-2.2890625,0.21148681640625,-0.60540771484375,-0.2890625,0.71075439453125,86.044921875,23239,745
0.7401022330004707,12.78515625,-2.72265625,-0.203125,-0.18359375,0.51953125,-3.3203125,-0.0128173828125,-0.73712158203125,0.10174560546875,0.66790771484375,10.375,1.9296875,-1.15234375,-0.32421875,0.107421875,-2.2890625,0.21148681640625,-0.60540771484375,-0.2890625,0.71075439453125,85.25390625,23239,977
0.7500637029997961,12.78515625,-2.72265625,-0.203125,-0.18359375,0.51953125,-3.3203125,-0.0128173828125,-0.73712158203125,0.10174560546875,0.66790771484375,10.375,1.9296875,-1.15234375,-0.150390625,0.306640625,-2.263671875,0.23419189453125,-0.5963134765625,-0.31951904296875,0.6982421875,83.671875,22280,977
0.7600729510004385,12.78515625,-2.72265625,-0.203125,-0.05078125,0.599609375,-4.056640625,0.04193115234375,-0.728515625,0.04779052734375,0.68206787109375,10.375,1.9296875,-1.15234375,-0.150390625,0.306640625,-2.263671875,0.23419189453125,-0.5963134765625,-0.31951904296875,0.6982421875,82.705078125,22280,617
0.7700649190001059,13.16796875,-1.3828125,0.4453125,-0.05078125,0.599609375,-4.056640625,0.04193115234375,-0.728515625,0.04779052734375,0.68206787109375,8.53515625,5.109375,-1.5,-0.150390625,0.306640625,-2.263671875,0.23419189453125,-0.5963134765625,-0.31951904296875,0.6982421875,81.474609375,19445,617
0.7800665189997744,13.16796875,-1.3828125,0.4453125,-0.05078125,0.599609375,-4.056640625,0.04193115234375,-0.728515625,0.04779052734375,0.68206787109375,8.53515625,5.109375,-1.5,-0.150390625,0.306640625,-2.263671875,0.257568359375,-0.58404541015625,-0.34466552734375,0.68829345703125,80.595703125,19445,345
0.7900594459997592,13.16796875,-1.3828125,0.4453125,-0.05078125,0.599609375,-4.056640625,0.04193115234375,-0.728515625,0.04779052734375,0.68206787109375,8.53515625,5.109375,-1.5,-0.150390625,0.306640625,-2.263671875,0.257568359375,-0.58404541015625,-0.34466552734375,0.68829345703125,79.189453125,14693,345
0.8000679579999996,11.63671875,-0.69140625,0.33203125,0.1015625,0.552734375,-3.912109375,0.09979248046875,-0.71533203125,-0.00421142578125,0.691650390625,8.53515625,5.109375,-1.5,-0.150390625,0.306640625,-2.263671875,0.257568359375,-0.58404541015625,-0.34466552734375,0.68829345703125,77.6953125,14693,23
0.8100614300001325,11.63671875,-0.69140625,0.33203125,0.1015625,0.552734375,-3.912109375,0.09979248046875,-0.71533203125,-0.00421142578125,0.691650390625,6.2734375,6.2578125,-1.69140625,-0.23828125,0.56640625,-1.712890625,0.257568359375,-0.58404541015625,-0.34466552734375,0.68829345703125,76.46484375,4340,23
0.8200807260000147,11.63671875,-0.69140625,0.33203125,0.1015625,0.552734375,-3.912109375,0.09979248046875,-0.71533203125,-0.00421142578125,0.691650390625,6.2734375,6.2578125,-1.69140625,-0.23828125,0.56640625,-1.712890625,0.257568359375,-0.58404541015625,-0.34466552734375,0.68829345703125,75.05859375,4340,319
0.8300599889998921,8.2578125,-1.265625,-0.55078125,0.283203125,0.611328125,-3.529296875,0.09979248046875,-0.71533203125,-0.00421142578125,0.691650390625,6.2734375,6.2578125,-1.69140625,-0.23828125,0.56640625,-1.712890625,0.257568359375,-0.58404541015625,-0.34466552734375,0.68829345703125,73.4765625,718,319
0.8400717650001752,8.2578125,-1.265625,-0.55078125,0.283203125,0.611328125,-3.529296875,0.155029296875,-0.69781494140625,-0.050048828125,0.69744873046875,3.94140625,5.15234375,-1.765625,-0.13671875,0.681640625,-0.921875,0.2752685546875,-0.5714111328125,-0.359619140625,0.6844482421875,71.71875,718,310
0.8500664849998429,5.15625,-1.23046875,-0.39453125,0.283203125,0.611328125,-3.529296875,0.155029296875,-0.69781494140625,-0.050048828125,0.69744873046875,3.94140625,5.15234375,-1.765625,-0.13671875,0.681640625,-0.921875,0.2752685546875,-0.5714111328125,-0.359619140625,0.6844482421875,70.3125,42,310
0.8600779730004433,5.15625,-1.23046875,-0.39453125,0.283203125,0.611328125,-3.529296875,0.155029296875,-0.69781494140625,-0.050048828125,0.69744873046875,1.296875,6.18359375,-0.6953125,-0.13671875,0.681640625,-0.921875,0.2830810546875,-0.56243896484375,-0.36114501953125,0.68780517578125,69.2578125,42,304
0.8700645959997928,5.15625,-1.23046875,-0.39453125,0.283203125,0.611328125,-3.529296875,0.155029296875,-0.69781494140625,-0.050048828125,0.69744873046875,1.296875,6.18359375,-0.6953125,-0.13671875,0.681640625,-0.921875,0.2830810546875,-0.56243896484375,-0.36114501953125,0.68780517578125,67.939453125,12,304
0.8800752200004354,5.15625,-1.23046875,-0.39453125,0.51171875,0.466796875,-2.318359375,0.1988525390625,-0.68157958984375,-0.0811767578125,0.69952392578125,1.296875,6.18359375,-0.6953125,-0.13671875,0.681640625,-0.921875,0.2830810546875,-0.56243896484375,-0.36114501953125,0.68780517578125,66.796875,12,189
0.8900665790006315,3.359375,-8.1640625,-0.6640625,0.51171875,0.466796875,-2.318359375,0.1988525390625,-0.68157958984375,-0.0811767578125,0.69952392578125,1.10546875,4.80078125,0.6484375,0.22265625,0.64453125,0.1796875,0.2830810546875,-0.56243896484375,-0.36114501953125,0.68780517578125,65.7421875,2,189
0.9000754750004489,3.359375,-8.1640625,-0.6640625,0.51171875,0.466796875,-2.318359375,0.1988525390625,-0.68157958984375,-0.0811767578125,0.69952392578125,1.10546875,4.80078125,0.6484375,0.22265625,0.64453125,0.1796875,0.2828369140625,-0.56591796875,-0.33831787109375,0.69659423828125,65.21484375,2,3865
0.9100770750001175,3.359375,-8.1640625,-0.6640625,0.51171875,0.466796875,-2.318359375,0.1988525390625,-0.68157958984375,-0.0811767578125,0.69952392578125,1.10546875,4.80078125,0.6484375,0.22265625,0.64453125,0.1796875,0.2828369140625,-0.56591796875,-0.33831787109375,0.69659423828125,64.51171875,4,3865
0.9200712190004197,3.359375,-8.1640625,-0.6640625,0.89453125,0.0234375,0.013671875,0.2188720703125,-0.67950439453125,-0.0750732421875,0.69622802734375,1.10546875,4.80078125,0.6484375,0.22265625,0.64453125,0.1796875,0.2828369140625,-0.56591796875,-0.33831787109375,0.69659423828125,64.16015625,4,8069
0.9300742579998769,4.9296875,-3.296875,-2.734375,0.89453125,0.0234375,0.013671875,0.2188720703125,-0.67950439453125,-0.0750732421875,0.69622802734375,2.7890625,3.73046875,-1.57421875,0.37890625,0.421875,1.5546875,0.2828369140625,-0.56591796875,-0.33831787109375,0.69659423828125,64.072265625,4,8069
0.9400939710003513,4.9296875,-3.296875,-2.734375,0.89453125,0.0234375,0.013671875,0.2188720703125,-0.67950439453125,-0.0750732421875,0.69622802734375,2.7890625,3.73046875,-1.57421875,0.37890625,0.421875,1.5546875,0.2828369140625,-0.56591796875,-0.33831787109375,0.69659423828125,64.16015625,4,14625
0.9500845299999128,4.9296875,-3.296875,-2.734375,0.89453125,0.0234375,0.013671875,0.2188720703125,-0.67950439453125,-0.0750732421875,0.69622802734375,2.75390625,6.98828125,-0.92578125,0.37890625,0.421875,1.5546875,0.2674560546875,-0.576171875,-0.3079833984375,0.708251953125,64.16015625,4,14625
0.9600617450005302,4.9296875,-3.296875,-2.734375,0.89453125,0.0234375,0.013671875,0.2188720703125,-0.67950439453125,-0.0750732421875,0.69622802734375,2.75390625,6.98828125,-0.92578125,-0.6796875,0.00390625,1.9609375,0.2674560546875,-0.576171875,-0.3079833984375,0.708251953125,64.423828125,4,17337
0.9700808500001585,5.16015625,-0.1171875,-2.12109375,-0.357421875,-0.0234375,1.873046875,0.20086669921875,-0.684814453125,-0.05645751953125,0.6982421875,2.75390625,6.98828125,-0.92578125,-0.6796875,0.00390625,1.9609375,0.2674560546875,-0.576171875,-0.3079833984375,0.708251953125,64.599609375,3,18824
0.9800825769998482,5.16015625,-0.1171875,-2.12109375,-0.357421875,-0.0234375,1.873046875,0.20086669921875,-0.684814453125,-0.05645751953125,0.6982421875,2.75390625,6.98828125,-0.92578125,-0.6796875,0.00390625,1.9609375,0.2674560546875,-0.576171875,-0.3079833984375,0.708251953125,65.126953125,3,18824
0.990070353000192,6.34375,-2.9921875,-0.93359375,-0.6484375,-0.478515625,3.265625,0.20086669921875,-0.684814453125,-0.05645751953125,0.6982421875,2.75390625,6.98828125,-0.92578125,-0.6796875,0.00390625,1.9609375,0.2674560546875,-0.576171875,-0.3079833984375,0.708251953125,65.478515625,4,18824
1.000063152000621,6.34375,-2.9921875,-0.93359375,-0.6484375,-0.478515625,3.265625,0.15081787109375,-0.699462890625,-0.02703857421875,0.69805908203125,4.1328125,3.84375,1.22265625,-0.6484375,-0.45703125,2.6484375,0.22967529296875,-0.58819580078125,-0.28302001953125,0.721923828125,66.09375,4,20054
1.0100681120002264,8.1875,-3.3359375,-1.31640625,-0.6484375,-0.478515625,3.265625,0.15081787109375,-0.699462890625,-0.02703857421875,0.69805908203125,4.1328125,3.84375,1.22265625,-0.6484375,-0.45703125,2.6484375,0.22967529296875,-0.58819580078125,-0.28302001953125,0.721923828125,66.4453125,4,20054
1.0200994410006388,8.1875,-3.3359375,-1.31640625,-0.6484375,-0.478515625,3.265625,0.15081787109375,-0.699462890625,-0.02703857421875,0.69805908203125,5.70703125,1.203125,0.875,-0.6484375,-0.45703125,2.6484375,0.18536376953125,-0.60955810546875,-0.2464599609375,0.73028564453125,67.060546875,3,21138
1.0300605590000487,8.1875,-3.3359375,-1.31640625,-0.6484375,-0.478515625,3.265625,0.15081787109375,-0.699462890625,-0.02703857421875,0.69805908203125,5.70703125,1.203125,0.875,-0.6484375,-0.45703125,2.6484375,0.18536376953125,-0.60955810546875,-0.2464599609375,0.73028564453125,67.67578125,3,21138
1.0400689110001622,8.1875,-3.3359375,-1.31640625,-0.041015625,-0.84765625,4.109375,0.09320068359375,-0.718994140625,0.02239990234375,0.6883544921875,5.70703125,1.203125,0.875,-0.6484375,-0.45703125,2.6484375,0.18536376953125,-0.60955810546875,-0.2464599609375,0.73028564453125,68.291015625,3,21570
1.0500657749998936,10.2890625,-2.03515625,-1.27734375,-0.041015625,-0.84765625,4.109375,0.09320068359375,-0.718994140625,0.02239990234375,0.6883544921875,6.9609375,2.04296875,0.9921875,0.125,-0.837890625,3.205078125,0.18536376953125,-0.60955810546875,-0.2464599609375,0.73028564453125,68.994140625,4,21570
1.060070127000472,10.2890625,-2.03515625,-1.27734375,-0.041015625,-0.84765625,4.109375,0.09320068359375,-0.718994140625,0.02239990234375,0.6883544921875,6.9609375,2.04296875,0.9921875,0.125,-0.837890625,3.205078125,0.1441650390625,-0.63861083984375,-0.19427490234375,0.73046875,69.43359375,4,22101
1.0700606219998008,10.2890625,-2.03515625,-1.27734375,-0.041015625,-0.84765625,4.109375,0.09320068359375,-0.718994140625,0.02239990234375,0.6883544921875,6.9609375,2.04296875,0.9921875,0.125,-0.837890625,3.205078125,0.1441650390625,-0.63861083984375,-0.19427490234375,0.73046875,70.3125,3,22101
1.0800713420003376,10.2890625,-2.03515625,-1.27734375,0.60546875,-1.150390625,4.6953125,0.03363037109375,-0.739013671875,0.09014892578125,0.666748046875,6.9609375,2.04296875,0.9921875,0.125,-0.837890625,3.205078125,0.1441650390625,-0.63861083984375,-0.19427490234375,0.73046875,71.103515625,3,22204
1.090063181000005,12.16796875,-1.15234375,-1.16015625,0.60546875,-1.150390625,4.6953125,0.03363037109375,-0.739013671875,0.09014892578125,0.666748046875,8.1875,2.50390625,0.1875,0.814453125,-1.0234375,3.599609375,0.1441650390625,-0.63861083984375,-0.19427490234375,0.73046875,71.89453125,4,22204
1.1000790220005001,12.16796875,-1.15234375,-1.16015625,0.60546875,-1.150390625,4.6953125,0.03363037109375,-0.739013671875,0.09014892578125,0.666748046875,8.1875,2.50390625,0.1875,0.814453125,-1.0234375,3.599609375,0.1441650390625,-0.63861083984375,-0.19427490234375,0.73046875,72.421875,4,22345
1.1100641729999552,12.16796875,-1.15234375,-1.16015625,0.60546875,-1.150390625,4.6953125,0.03363037109375,-0.739013671875,0.09014892578125,0.666748046875,9.796875,3.34765625,-1.30859375,0.814453125,-1.0234375,3.599609375,0.10400390625,-0.66845703125,-0.1295166015625,0.72491455078125,73.388671875,3,22345
1.1201802400000815,14.35546875,-1.7265625,-0.93359375,0.65234375,-1.091796875,5.314453125,-0.03271484375,-0.75225830078125,0.16827392578125,0.63616943359375,9.796875,3.34765625,-1.30859375,0.837890625,-0.9140625,3.998046875,0.10400390625,-0.66845703125,-0.1295166015625,0.72491455078125,74.53125,3,22136
1.1300653560001592,14.35546875,-1.7265625,-0.93359375,0.65234375,-1.091796875,5.314453125,-0.03271484375,-0.75225830078125,0.16827392578125,0.63616943359375,9.796875,3.34765625,-1.30859375,0.837890625,-0.9140625,3.998046875,0.10400390625,-0.66845703125,-0.1295166015625,0.72491455078125,74.970703125,4,21736
1.1400723960005053,14.35546875,-1.7265625,-0.93359375,0.65234375,-1.091796875,5.314453125,-0.03271484375,-0.75225830078125,0.16827392578125,0.63616943359375,9.796875,3.34765625,-1.30859375,0.837890625,-0.9140625,3.998046875,0.10400390625,-0.66845703125,-0.1295166015625,0.72491455078125,75.9375,4,21736
1.150060940000003,16.50390625,-0.42578125,-1.046875,0.140625,-0.75,5.529296875,-0.03271484375,-0.75225830078125,0.16827392578125,0.63616943359375,9.796875,3.34765625,-1.30859375,0.837890625,-0.9140625,3.998046875,0.10400390625,-0.66845703125,-0.1295166015625,0.72491455078125,76.81640625,4,21736
1.160113709000143,16.50390625,-0.42578125,-1.046875,0.140625,-0.75,5.529296875,-0.10870361328125,-0.75372314453125,0.24169921875,0.60137939453125,11.30078125,3.578125,-1.91796875,0.400390625,-0.783203125,4.046875,0.0576171875,-0.69195556640625,-0.06097412109375,0.717041015625,77.783203125,4,20626
1.1700613550001435,16.50390625,-0.42578125,-1.046875,0.140625,-0.75,5.529296875,-0.10870361328125,-0.75372314453125,0.24169921875,0.60137939453125,12.41015625,4.265625,-2.6484375,0.400390625,-0.783203125,4.046875,0.0576171875,-0.69195556640625,-0.06097412109375,0.717041015625,78.3984375,4,20626
1.180073067000194,17.80078125,0.33984375,-1.31640625,0.140625,-0.75,5.529296875,-0.10870361328125,-0.75372314453125,0.24169921875,0.60137939453125,12.41015625,4.265625,-2.6484375,0.400390625,-0.783203125,4.046875,0.004150390625,-0.70782470703125,-0.0003662109375,0.7064208984375,79.1015625,4,19519
1.190065419000348,17.80078125,0.33984375,-1.31640625,0.140625,-0.75,5.529296875,-0.10870361328125,-0.75372314453125,0.24169921875,0.60137939453125,12.41015625,4.265625,-2.6484375,0.400390625,-0.783203125,4.046875,0.004150390625,-0.70782470703125,-0.0003662109375,0.7064208984375,79.892578125,3,19519
1.2001723660005155,17.80078125,0.33984375,-1.31640625,-0.4296875,-0.453125,5.240234375,-0.18927001953125,-0.7457275390625,0.3006591796875,0.56365966796875,12.41015625,4.265625,-2.6484375,0.400390625,-0.783203125,4.046875,0.004150390625,-0.70782470703125,-0.0003662109375,0.7064208984375,80.5078125,3,18169
1.2100600419998955,17.71875,1.375,-1.0859375,-0.4296875,-0.453125,5.240234375,-0.18927001953125,-0.7457275390625,0.3006591796875,0.56365966796875,12.8984375,3.84375,-2.76171875,-0.23046875,-0.681640625,3.80078125,0.004150390625,-0.70782470703125,-0.0003662109375,0.7064208984375,81.2109375,9,18169
1.2200920430004771,17.71875,1.375,-1.0859375,-0.4296875,-0.453125,5.240234375,-0.18927001953125,-0.7457275390625,0.3006591796875,0.56365966796875,12.8984375,3.84375,-2.76171875,-0.23046875,-0.681640625,3.80078125,-0.05169677734375,-0.7177734375,0.04791259765625,0.6927490234375,81.5625,9,16710
1.2300606810003956,17.71875,1.375,-1.0859375,-0.4296875,-0.453125,5.240234375,-0.18927001953125,-0.7457275390625,0.3006591796875,0.56365966796875,12.8984375,3.84375,-2.76171875,-0.23046875,-0.681640625,3.80078125,-0.05169677734375,-0.7177734375,0.04791259765625,0.6927490234375,82.08984375,-3,16710
1.2400744420001502,17.71875,1.375,-1.0859375,-0.48828125,-0.357421875,4.171875,-0.2587890625,-0.73309326171875,0.34320068359375,0.52703857421875,12.8984375,3.84375,-2.76171875,-0.23046875,-0.681640625,3.80078125,-0.05169677734375,-0.7177734375,0.04791259765625,0.6927490234375,82.353515625,-3,16759
1.2500642969998808,17.1875,4.78515625,-0.96875,-0.48828125,-0.357421875,4.171875,-0.2587890625,-0.73309326171875,0.34320068359375,0.52703857421875,13.09765625,2.3125,-1.19140625,-0.181640625,-0.619140625,3.0,-0.05169677734375,-0.7177734375,0.04791259765625,0.6927490234375,82.44140625,2,16759
1.2601005220003572,17.1875,4.78515625,-0.96875,-0.48828125,-0.357421875,4.171875,-0.2587890625,-0.73309326171875,0.34320068359375,0.52703857421875,13.09765625,2.3125,-1.19140625,-0.181640625,-0.619140625,3.0,-0.05169677734375,-0.7177734375,0.04791259765625,0.6927490234375,82.44140625,2,20468
1.2700637200005076,17.1875,4.78515625,-0.96875,-0.48828125,-0.357421875,4.171875,-0.2587890625,-0.73309326171875,0.34320068359375,0.52703857421875,13.98046875,2.234375,0.37890625,-0.181640625,-0.619140625,3.0,-0.08831787109375,-0.72576904296875,0.081298828125,0.6773681640625,82.353515625,0,20468
1.2800716880001346,17.1875,4.78515625,-0.96875,-0.48828125,-0.357421875,4.171875,-0.2587890625,-0.73309326171875,0.34320068359375,0.52703857421875,13.98046875,2.234375,0.37890625,-0.181640625,-0.619140625,3.0,-0.08831787109375,-0.72576904296875,0.081298828125,0.6773681640625,82.265625,0,22140
1.2900689360003526,19.6015625,15.2421875,1.05859375,-0.08984375,-0.56640625,1.16796875,-0.2889404296875,-0.72808837890625,0.3643798828125,0.50360107421875,13.98046875,2.234375,0.37890625,0.37109375,-0.517578125,0.529296875,-0.08831787109375,-0.72576904296875,0.081298828125,0.6773681640625,82.177734375,18,22140
1.3000885520004886,19.6015625,15.2421875,1.05859375,-0.08984375,-0.56640625,1.16796875,-0.2889404296875,-0.72808837890625,0.3643798828125,0.50360107421875,16.3515625,4.765625,1.2578125,0.37109375,-0.517578125,0.529296875,-0.0697021484375,-0.73046875,0.08154296875,0.6744384765625,82.001953125,18,24398
1.3100673349999852,19.6015625,15.2421875,1.05859375,-0.08984375,-0.56640625,1.16796875,-0.2889404296875,-0.72808837890625,0.3643798828125,0.50360107421875,16.3515625,4.765625,1.2578125,0.37109375,-0.517578125,0.529296875,-0.0697021484375,-0.73046875,0.08154296875,0.6744384765625,81.826171875,1,24398
1.3200897679998889,22.51171875,20.56640625,6.8828125,0.39453125,0.267578125,-2.55859375,-0.2889404296875,-0.72808837890625,0.3643798828125,0.50360107421875,16.3515625,4.765625,1.2578125,0.04296875,0.150390625,-2.0234375,-0.0697021484375,-0.73046875,0.08154296875,0.6744384765625,81.5625,1,25621
1.3300658309999562,22.51171875,20.56640625,6.8828125,0.39453125,0.267578125,-2.55859375,-0.2889404296875,-0.72808837890625,0.3643798828125,0.50360107421875,10.72265625,1.23828125,-2.72265625,0.04296875,0.150390625,-2.0234375,-0.0697021484375,-0.73046875,0.08154296875,0.6744384765625,81.298828125,2,25621
1.3400816069997745,8.41796875,-7.625,0.5234375,0.39453125,0.267578125,-2.55859375,-0.25830078125,-0.7333984375,0.353759765625,0.5198974609375,10.72265625,1.23828125,-2.72265625,0.04296875,0.150390625,-2.0234375,-0.0697021484375,-0.73046875,0.08154296875,0.6744384765625,81.2109375,2,25599
1.3500640060001388,8.41796875,-7.625,0.5234375,-0.017578125,0.412109375,-2.33984375,-0.25830078125,-0.7333984375,0.353759765625,0.5198974609375,10.72265625,1.23828125,-2.72265625,0.04296875,0.150390625,-2.0234375,-0.0697021484375,-0.73046875,0.08154296875,0.6744384765625,81.298828125,5,25599
1.3600790139998935,8.41796875,-7.625,0.5234375,-0.017578125,0.412109375,-2.33984375,-0.25830078125,-0.7333984375,0.353759765625,0.5198974609375,10.72265625,1.23828125,-2.72265625,0.03125,0.154296875,-2.11328125,-0.0379638671875,-0.73065185546875,0.050537109375,0.67987060546875,81.298828125,5,25785
1.3700418610005727,10.59375,-5.90234375,-2.08203125,-0.017578125,0.412109375,-2.33984375,-0.22821044921875,-0.7396240234375,0.32464599609375,0.54351806640625,7.46484375,-0.25390625,0.76171875,0.03125,0.154296875,-2.11328125,-0.0379638671875,-0.73065185546875,0.050537109375,0.67987060546875,81.298828125,5,25785
1.380072069000562,10.59375,-5.90234375,-2.08203125,-0.017578125,0.412109375,-2.33984375,-0.22821044921875,-0.7396240234375,0.32464599609375,0.54351806640625,7.46484375,-0.25390625,0.76171875,0.03125,0.154296875,-2.11328125,-0.0379638671875,-0.73065185546875,0.050537109375,0.67987060546875,81.474609375,5,25592
1.390061285000229,10.59375,-5.90234375,-2.08203125,-0.26171875,0.14453125,-1.12890625,-0.22821044921875,-0.7396240234375,0.32464599609375,0.54351806640625,7.46484375,-0.25390625,0.76171875,0.03125,0.154296875,-2.11328125,-0.0379638671875,-0.73065185546875,0.050537109375,0.67987060546875,81.650390625,-3,25592
1.4000681970001096,10.59375,-5.90234375,-2.08203125,-0.26171875,0.14453125,-1.12890625,-0.22821044921875,-0.7396240234375,0.32464599609375,0.54351806640625,9.53515625,6.52734375,-1.0390625,-0.52734375,0.03125,-1.1171875,-0.012451171875,-0.7313232421875,0.019287109375,0.681640625,81.826171875,-3,25735
1.4100720050000746,11.90234375,-5.25,-0.93359375,-0.26171875,0.14453125,-1.12890625,-0.21099853515625,-0.7454833984375,0.30609130859375,0.55322265625,9.53515625,6.52734375,-1.0390625,-0.52734375,0.03125,-1.1171875,-0.012451171875,-0.7313232421875,0.019287109375,0.681640625,82.001953125,2,25672
1.42006106000008,11.90234375,-5.25,-0.93359375,-0.26171875,0.14453125,-1.12890625,-0.21099853515625,-0.7454833984375,0.30609130859375,0.55322265625,9.53515625,6.52734375,-1.0390625,-0.52734375,0.03125,-1.1171875,-0.012451171875,-0.7313232421875,0.019287109375,0.681640625,82.08984375,2,25672
1.43006864400013,11.90234375,-5.25,-0.93359375,-0.26171875,0.14453125,-1.12890625,-0.21099853515625,-0.7454833984375,0.30609130859375,0.55322265625,9.53515625,6.52734375,-1.0390625,-0.52734375,0.03125,-1.1171875,-0.012451171875,-0.7313232421875,0.019287109375,0.681640625,82.265625,3,25672
1.4400620830001571,9.40625,-4.5234375,-2.08203125,-0.236328125,-0.107421875,-0.2578125,-0.21099853515625,-0.7454833984375,0.30609130859375,0.55322265625,8.9921875,3.9609375,-1.4609375,-0.4609375,-0.04296875,-0.55078125,-0.00445556640625,-0.7325439453125,-0.0035400390625,0.68072509765625,82.44140625,3,25909
1.4500655390002066,9.40625,-4.5234375,-2.08203125,-0.236328125,-0.107421875,-0.2578125,-0.20751953125,-0.7491455078125,0.29913330078125,0.55340576171875,8.9921875,3.9609375,-1.4609375,-0.4609375,-0.04296875,-0.55078125,-0.00445556640625,-0.7325439453125,-0.0035400390625,0.68072509765625,82.6171875,3,25940
1.460047202000169,9.40625,-4.5234375,-2.08203125,-0.236328125,-0.107421875,-0.2578125,-0.20751953125,-0.7491455078125,0.29913330078125,0.55340576171875,8.9921875,3.9609375,-1.4609375,-0.4609375,-0.04296875,-0.55078125,-0.00445556640625,-0.7325439453125,-0.0035400390625,0.68072509765625,82.705078125,3,25940
1.4701296049997836,9.40625,-4.5234375,-2.08203125,-0.236328125,-0.107421875,-0.2578125,-0.20751953125,-0.7491455078125,0.29913330078125,0.55340576171875,9.53515625,-1.171875,-1.15234375,-0.4609375,-0.04296875,-0.55078125,0.001953125,-0.73419189453125,-0.01898193359375,0.67864990234375,82.79296875,804,25940
1.4800655380004173,9.22265625,-4.484375,-1.23828125,-0.142578125,-0.18359375,-0.212890625,-0.20465087890625,-0.75238037109375,0.2947998046875,0.5523681640625,9.53515625,-1.171875,-1.15234375,-0.125,-0.208984375,-0.40625,0.001953125,-0.73419189453125,-0.01898193359375,0.67864990234375,82.96875,804,25945
1.4901918140003545,9.22265625,-4.484375,-1.23828125,-0.142578125,-0.18359375,-0.212890625,-0.20465087890625,-0.75238037109375,0.2947998046875,0.5523681640625,9.91796875,0.7421875,-1.0390625,-0.125,-0.208984375,-0.40625,0.001953125,-0.73419189453125,-0.01898193359375,0.67864990234375,83.056640625,4153,25945
1.5000640650005153,9.22265625,-4.484375,-1.23828125,-0.142578125,-0.18359375,-0.212890625,-0.20465087890625,-0.75238037109375,0.2947998046875,0.5523681640625,9.91796875,0.7421875,-1.0390625,-0.125,-0.208984375,-0.40625,0.001953125,-0.73419189453125,-0.01898193359375,0.67864990234375,83.232421875,4153,26065
1.5100927049998063,9.79296875,-3.87109375,-1.125,-0.119140625,-0.109375,-0.17578125,-0.20465087890625,-0.75238037109375,0.2947998046875,0.5523681640625,9.91796875,0.7421875,-1.0390625,-0.125,-0.208984375,-0.40625,0.001953125,-0.73419189453125,-0.01898193359375,0.67864990234375,83.3203125,5341,26065
1.52006160000019,9.79296875,-3.87109375,-1.125,-0.119140625,-0.109375,-0.17578125,-0.20465087890625,-0.75238037109375,0.2947998046875,0.5523681640625,9.91796875,0.7421875,-1.0390625,-0.154296875,-0.12109375,-0.376953125,0.0318603515625,-0.737060546875,-0.0555419921875,0.67279052734375,83.49609375,5341,26074
1.5300573109998368,9.98828125,-3.44921875,-1.7734375,-0.119140625,-0.109375,-0.17578125,-0.20233154296875,-0.75543212890625,0.2916259765625,0.55072021484375,10.140625,0.89453125,-2.72265625,-0.154296875,-0.12109375,-0.376953125,0.0318603515625,-0.737060546875,-0.0555419921875,0.67279052734375,83.671875,6817,26074
1.5400615030002882,9.98828125,-3.44921875,-1.7734375,-0.119140625,-0.109375,-0.17578125,-0.20233154296875,-0.75543212890625,0.2916259765625,0.55072021484375,10.140625,0.89453125,-2.72265625,-0.154296875,-0.12109375,-0.376953125,0.0318603515625,-0.737060546875,-0.0555419921875,0.67279052734375,83.759765625,6817,25955
1.550083263000488,9.98828125,-3.44921875,-1.7734375,-0.119140625,-0.109375,-0.17578125,-0.20233154296875,-0.75543212890625,0.2916259765625,0.55072021484375,10.375,0.51171875,-2.6875,-0.154296875,-0.12109375,-0.376953125,0.03564453125,-0.73779296875,-0.0628662109375,0.671142578125,83.935546875,7394,25955
1.5600786860004519,10.10546875,-3.4140625,-1.4296875,-0.0625,0.015625,-0.146484375,-0.200927734375,-0.7568359375,0.28875732421875,0.5509033203125,10.375,0.51171875,-2.6875,-0.08984375,0.005859375,-0.439453125,0.03564453125,-0.73779296875,-0.0628662109375,0.671142578125,84.19921875,7394,25928
1.5700697580004999,10.10546875,-3.4140625,-1.4296875,-0.0625,0.015625,-0.146484375,-0.200927734375,-0.7568359375,0.28875732421875,0.5509033203125,10.375,0.51171875,-2.6875,-0.08984375,0.005859375,-0.439453125,0.03564453125,-0.73779296875,-0.0628662109375,0.671142578125,84.287109375,8811,25875
1.5800719650005703,10.10546875,-3.4140625,-1.4296875,-0.0625,0.015625,-0.146484375,-0.200927734375,-0.7568359375,0.28875732421875,0.5509033203125,10.375,0.51171875,-2.6875,-0.08984375,0.005859375,-0.439453125,0.03564453125,-0.73779296875,-0.0628662109375,0.671142578125,84.55078125,8811,25875
1.5900647959997514,10.10546875,-3.4140625,-1.4296875,-0.0625,0.015625,-0.146484375,-0.200927734375,-0.7568359375,0.28875732421875,0.5509033203125,10.1796875,0.78125,-1.91796875,-0.08984375,0.005859375,-0.439453125,0.041259765625,-0.73724365234375,-0.0699462890625,0.6707763671875,84.7265625,8997,25875
1.6000885729999936,10.10546875,-3.4140625,-1.4296875,-0.0625,0.015625,-0.146484375,-0.200927734375,-0.7568359375,0.28875732421875,0.5509033203125,10.1796875,0.78125,-1.91796875,-0.05078125,0.037109375,-0.494140625,0.041259765625,-0.73724365234375,-0.0699462890625,0.6707763671875,84.990234375,8997,25699
1.6100671310005055,9.98828125,-3.52734375,-1.46875,-0.0390625,0.041015625,-0.1328125,-0.19952392578125,-0.7572021484375,0.28643798828125,0.5521240234375,10.3359375,0.20703125,-1.99609375,-0.05078125,0.037109375,-0.494140625,0.041259765625,-0.73724365234375,-0.0699462890625,0.6707763671875,85.25390625,10061,25614
1.6200709069998993,9.98828125,-3.52734375,-1.46875,-0.0390625,0.041015625,-0.1328125,-0.19952392578125,-0.7572021484375,0.28643798828125,0.5521240234375,10.3359375,0.20703125,-1.99609375,-0.05078125,0.037109375,-0.494140625,0.041259765625,-0.73724365234375,-0.0699462890625,0.6707763671875,85.4296875,10061,25614
1.6300646979998419,9.98828125,-3.52734375,-1.46875,-0.0390625,0.041015625,-0.1328125,-0.19952392578125,-0.7572021484375,0.28643798828125,0.5521240234375,10.3359375,0.20703125,-1.99609375,-0.05078125,0.037109375,-0.494140625,0.041259765625,-0.73724365234375,-0.0699462890625,0.6707763671875,85.693359375,10099,25614
1.640071034000357,9.91015625,-3.60546875,-1.390625,-0.029296875,0.072265625,-0.17578125,-0.19952392578125,-0.7572021484375,0.28643798828125,0.5521240234375,10.3359375,0.20703125,-1.99609375,-0.060546875,0.052734375,-0.552734375,0.048583984375,-0.736083984375,-0.07763671875,0.670654296875,85.869140625,10099,25337
1.6500616570001512,9.91015625,-3.60546875,-1.390625,-0.029296875,0.072265625,-0.17578125,-0.19952392578125,-0.7572021484375,0.28643798828125,0.5521240234375,9.9921875,1.203125,-1.57421875,-0.060546875,0.052734375,-0.552734375,0.048583984375,-0.736083984375,-0.07763671875,0.670654296875,86.1328125,10913,25337
1.6600707770003282,9.76171875,-3.52734375,-1.35546875,-0.029296875,0.072265625,-0.17578125,-0.1976318359375,-0.75732421875,0.2838134765625,0.553955078125,9.9921875,1.203125,-1.57421875,-0.060546875,0.052734375,-0.552734375,0.05584716796875,-0.73480224609375,-0.08624267578125,0.67047119140625,86.30859375,10913,25178
1.670061048000207,9.76171875,-3.52734375,-1.35546875,-0.029296875,0.072265625,-0.17578125,-0.1976318359375,-0.75732421875,0.2838134765625,0.553955078125,9.9921875,1.203125,-1.57421875,-0.060546875,0.052734375,-0.552734375,0.05584716796875,-0.73480224609375,-0.08624267578125,0.67047119140625,86.572265625,11299,25178
1.6800694960002147,9.76171875,-3.52734375,-1.35546875,-0.05859375,0.056640625,-0.169921875,-0.19598388671875,-0.7576904296875,0.281005859375,0.55548095703125,9.9921875,1.203125,-1.57421875,-0.060546875,0.052734375,-0.552734375,0.05584716796875,-0.73480224609375,-0.08624267578125,0.67047119140625,86.8359375,11299,24893
1.6900629669999034,9.79296875,-3.83203125,-1.46875,-0.05859375,0.056640625,-0.169921875,-0.19598388671875,-0.7576904296875,0.281005859375,0.55548095703125,10.14453125,0.8203125,-1.84375,-0.11328125,0.04296875,-0.576171875,0.05584716796875,-0.73480224609375,-0.08624267578125,0.67047119140625,87.01171875,11982,24893
1.7000698789997841,9.79296875,-3.83203125,-1.46875,-0.05859375,0.056640625,-0.169921875,-0.19598388671875,-0.7576904296875,0.281005859375,0.55548095703125,10.14453125,0.8203125,-1.84375,-0.11328125,0.04296875,-0.576171875,0.05584716796875,-0.73480224609375,-0.08624267578125,0.67047119140625,87.1875,11982,24969
1.7100636060004035,9.79296875,-3.83203125,-1.46875,-0.05859375,0.056640625,-0.169921875,-0.19598388671875,-0.7576904296875,0.281005859375,0.55548095703125,10.26171875,1.23828125,-1.8828125,-0.11328125,0.04296875,-0.576171875,0.062744140625,-0.73321533203125,-0.09552001953125,0.67034912109375,87.451171875,12474,24969
1.720095030000266,9.79296875,-3.83203125,-1.46875,-0.05859375,0.056640625,-0.169921875,-0.19598388671875,-0.7576904296875,0.281005859375,0.55548095703125,10.26171875,1.23828125,-1.8828125,-0.11328125,0.04296875,-0.576171875,0.062744140625,-0.73321533203125,-0.09552001953125,0.67034912109375,87.626953125,12474,24790
1.730030132000138,9.76171875,-3.7578125,-1.390625,-0.0546875,0.087890625,-0.185546875,-0.19427490234375,-0.7578125,0.2777099609375,0.55755615234375,10.26171875,1.23828125,-1.8828125,-0.109375,0.060546875,-0.52734375,0.062744140625,-0.73321533203125,-0.09552001953125,0.67034912109375,87.802734375,13006,24790
1.7400725970001076,9.76171875,-3.7578125,-1.390625,-0.0546875,0.087890625,-0.185546875,-0.19427490234375,-0.7578125,0.2777099609375,0.55755615234375,10.1796875,1.46875,-1.61328125,-0.109375,0.060546875,-0.52734375,0.062744140625,-0.73321533203125,-0.09552001953125,0.67034912109375,87.978515625,13006,24536
1.7500653000006423,9.76171875,-3.7578125,-1.390625,-0.0546875,0.087890625,-0.185546875,-0.19427490234375,-0.7578125,0.2777099609375,0.55755615234375,10.1796875,1.46875,-1.61328125,-0.109375,0.060546875,-0.52734375,0.069091796875,-0.7315673828125,-0.10369873046875,0.6702880859375,88.154296875,13524,24536
1.7600800520003759,9.87109375,-3.6796875,-1.35546875,-0.056640625,0.08203125,-0.19140625,-0.1925048828125,-0.7579345703125,0.2745361328125,0.5595703125,10.1796875,1.46875,-1.61328125,-0.109375,0.060546875,-0.52734375,0.069091796875,-0.7315673828125,-0.10369873046875,0.6702880859375,88.330078125,13524,24288
1.7700635709998096,9.87109375,-3.6796875,-1.35546875,-0.056640625,0.08203125,-0.19140625,-0.1925048828125,-0.7579345703125,0.2745361328125,0.5595703125,10.453125,1.4296875,-1.8828125,-0.08203125,0.064453125,-0.494140625,0.069091796875,-0.7315673828125,-0.10369873046875,0.6702880859375,88.41796875,14164,24093
1.780078802999924,9.87109375,-3.6796875,-1.35546875,-0.056640625,0.08203125,-0.19140625,-0.1925048828125,-0.7579345703125,0.2745361328125,0.5595703125,10.453125,1.4296875,-1.8828125,-0.08203125,0.064453125,-0.494140625,0.069091796875,-0.7315673828125,-0.10369873046875,0.6702880859375,88.505859375,14164,24093
1.7900659060005637,9.984375,-3.52734375,-1.35546875,-0.072265625,0.119140625,-0.302734375,-0.1925048828125,-0.7579345703125,0.2745361328125,0.5595703125,10.453125,1.4296875,-1.8828125,-0.08203125,0.064453125,-0.494140625,0.069091796875,-0.7315673828125,-0.10369873046875,0.6702880859375,88.59375,14179,24093
1.8000684970002112,9.984375,-3.52734375,-1.35546875,-0.072265625,0.119140625,-0.302734375,-0.189697265625,-0.7581787109375,0.27001953125,0.56243896484375,10.453125,1.4296875,-1.8828125,-0.123046875,0.087890625,-0.48046875,0.07525634765625,-0.729736328125,-0.11163330078125,0.67034912109375,88.681640625,14179,23690
1.8100663209997947,9.984375,-3.52734375,-1.35546875,-0.072265625,0.119140625,-0.302734375,-0.189697265625,-0.7581787109375,0.27001953125,0.56243896484375,10.41796875,1.5859375,-1.84375,-0.123046875,0.087890625,-0.48046875,0.07525634765625,-0.729736328125,-0.11163330078125,0.67034912109375,88.681640625,15398,23690
1.8200829930001419,9.8671875,-3.52734375,-1.35546875,-0.072265625,0.119140625,-0.302734375,-0.189697265625,-0.7581787109375,0.27001953125,0.56243896484375,10.41796875,1.5859375,-1.84375,-0.123046875,0.087890625,-0.48046875,0.07525634765625,-0.729736328125,-0.11163330078125,0.67034912109375,88.76953125,15398,23565
1.8300614879999557,9.8671875,-3.52734375,-1.35546875,-0.072265625,0.119140625,-0.302734375,-0.189697265625,-0.7581787109375,0.27001953125,0.56243896484375,10.45703125,0.93359375,-1.95703125,-0.123046875,0.087890625,-0.48046875,0.08087158203125,-0.7274169921875,-0.1201171875,0.67071533203125,88.76953125,15429,23565
1.8400649109998994,9.8671875,-3.52734375,-1.35546875,-0.072265625,0.119140625,-0.302734375,-0.189697265625,-0.7581787109375,0.27001953125,0.56243896484375,10.45703125,0.93359375,-1.95703125,-0.123046875,0.087890625,-0.48046875,0.08087158203125,-0.7274169921875,-0.1201171875,0.67071533203125,88.76953125,15429,23191
1.8500701590000972,9.8671875,-3.52734375,-1.35546875,-0.103515625,0.154296875,-0.46875,-0.1851806640625,-0.75860595703125,0.26324462890625,0.56646728515625,10.45703125,0.93359375,-1.95703125,-0.15234375,0.115234375,-0.55859375,0.08087158203125,-0.7274169921875,-0.1201171875,0.67071533203125,88.76953125,16282,23191
1.8600622539997858,9.90625,-3.4140625,-1.31640625,-0.103515625,0.154296875,-0.46875,-0.1851806640625,-0.75860595703125,0.26324462890625,0.56646728515625,10.45703125,0.93359375,-1.95703125,-0.15234375,0.115234375,-0.55859375,0.08087158203125,-0.7274169921875,-0.1201171875,0.67071533203125,88.76953125,16282,22794
1.8700633099997503,9.90625,-3.4140625,-1.31640625,-0.103515625,0.154296875,-0.46875,-0.1851806640625,-0.75860595703125,0.26324462890625,0.56646728515625,10.41796875,1.203125,-1.95703125,-0.15234375,0.115234375,-0.55859375,0.08770751953125,-0.72430419921875,-0.1298828125,0.67144775390625,88.76953125,16333,22794
1.8800748929998008,9.90625,-3.4140625,-1.31640625,-0.103515625,0.154296875,-0.46875,-0.1851806640625,-0.75860595703125,0.26324462890625,0.56646728515625,10.41796875,1.203125,-1.95703125,-0.15234375,0.115234375,-0.55859375,0.08770751953125,-0.72430419921875,-0.1298828125,0.67144775390625,88.76953125,16333,22076
1.8900617079998483,9.87109375,-3.18359375,-1.27734375,-0.103515625,0.2109375,-0.658203125,-0.17791748046875,-0.7591552734375,0.25396728515625,0.57232666015625,10.41796875,1.203125,-1.95703125,-0.15234375,0.115234375,-0.55859375,0.08770751953125,-0.72430419921875,-0.1298828125,0.67144775390625,88.76953125,16872,22076
1.9000741879999623,9.87109375,-3.18359375,-1.27734375,-0.103515625,0.2109375,-0.658203125,-0.17791748046875,-0.7591552734375,0.25396728515625,0.57232666015625,10.30078125,1.01171875,-1.8828125,-0.134765625,0.17578125,-0.677734375,0.09686279296875,-0.719970703125,-0.14129638671875,0.67254638671875,88.76953125,16872,20772
1.9100639790003697,9.87109375,-3.18359375,-1.27734375,-0.103515625,0.2109375,-0.658203125,-0.17791748046875,-0.7591552734375,0.25396728515625,0.57232666015625,10.30078125,1.01171875,-1.8828125,-0.134765625,0.17578125,-0.677734375,0.09686279296875,-0.719970703125,-0.14129638671875,0.67254638671875,88.76953125,17110,20772
1.9201254210001935,9.9453125,-3.18359375,-1.27734375,-0.0625,0.248046875,-0.87109375,-0.17791748046875,-0.7591552734375,0.25396728515625,0.57232666015625,10.30078125,1.01171875,-1.8828125,-0.134765625,0.17578125,-0.677734375,0.09686279296875,-0.719970703125,-0.14129638671875,0.67254638671875,88.681640625,17110,20054
1.9300649060005526,9.9453125,-3.18359375,-1.27734375,-0.0625,0.248046875,-0.87109375,-0.16766357421875,-0.75958251953125,0.24285888671875,0.57958984375,10.56640625,0.43359375,-2.03515625,-0.126953125,0.25390625,-0.908203125,0.09686279296875,-0.719970703125,-0.14129638671875,0.67254638671875,88.681640625,17780,20054
1.940076425999905,9.9453125,-3.18359375,-1.27734375,-0.0625,0.248046875,-0.87109375,-0.16766357421875,-0.75958251953125,0.24285888671875,0.57958984375,10.56640625,0.43359375,-2.03515625,-0.126953125,0.25390625,-0.908203125,0.09686279296875,-0.719970703125,-0.14129638671875,0.67254638671875,88.681640625,17780,19233
1.9500655130004816,10.3671875,-2.9921875,-1.390625,-0.0078125,0.337890625,-1.16015625,-0.16766357421875,-0.75958251953125,0.24285888671875,0.57958984375,10.56640625,0.43359375,-2.03515625,-0.126953125,0.25390625,-0.908203125,0.09686279296875,-0.719970703125,-0.14129638671875,0.67254638671875,88.681640625,17821,19233
1.9600713050003833,10.3671875,-2.9921875,-1.390625,-0.0078125,0.337890625,-1.16015625,-0.1527099609375,-0.75958251953125,0.22869873046875,0.58941650390625,10.56640625,0.43359375,-2.03515625,-0.125,0.318359375,-1.169921875,0.1102294921875,-0.7138671875,-0.15594482421875,0.6737060546875,88.681640625,17821,18689
1.9700639760003469,10.3671875,-2.9921875,-1.390625,-0.0078125,0.337890625,-1.16015625,-0.1527099609375,-0.75958251953125,0.22869873046875,0.58941650390625,11.26171875,1.4296875,-2.1484375,-0.125,0.318359375,-1.169921875,0.1102294921875,-0.7138671875,-0.15594482421875,0.6737060546875,88.681640625,18742,18689
1.9800677840003118,11.78515625,-2.953125,-1.390625,-0.0078125,0.337890625,-1.16015625,-0.1527099609375,-0.75958251953125,0.22869873046875,0.58941650390625,11.26171875,1.4296875,-2.1484375,-0.125,0.318359375,-1.169921875,0.1102294921875,-0.7138671875,-0.15594482421875,0.6737060546875,88.681640625,18742,18007
1.9900605510001697,11.78515625,-2.953125,-1.390625,-0.0078125,0.337890625,-1.16015625,-0.1527099609375,-0.75958251953125,0.22869873046875,0.58941650390625,11.26171875,1.4296875,-2.1484375,-0.125,0.318359375,-1.169921875,0.1102294921875,-0.7138671875,-0.15594482421875,0.6737060546875,88.59375,19195,18007
2.0000687430001562,11.78515625,-2.953125,-1.390625,0.021484375,0.44921875,-1.470703125,-0.13348388671875,-0.7584228515625,0.2113037109375,0.6019287109375,11.75390625,1.546875,-2.6875,-0.125,0.318359375,-1.169921875,0.126953125,-0.7056884765625,-0.17425537109375,0.6749267578125,88.505859375,19195,16363
2.0100660859998243,11.78515625,-2.953125,-1.390625,0.021484375,0.44921875,-1.470703125,-0.13348388671875,-0.7584228515625,0.2113037109375,0.6019287109375,11.75390625,1.546875,-2.6875,-0.197265625,0.435546875,-1.490234375,0.126953125,-0.7056884765625,-0.17425537109375,0.6749267578125,88.505859375,20935,16363
2.0200630460003595,12.1328125,-3.44921875,-1.8515625,0.021484375,0.44921875,-1.470703125,-0.13348388671875,-0.7584228515625,0.2113037109375,0.6019287109375,11.75390625,1.546875,-2.6875,-0.197265625,0.435546875,-1.490234375,0.126953125,-0.7056884765625,-0.17425537109375,0.6749267578125,88.330078125,20935,15052
2.030147559999932,12.1328125,-3.44921875,-1.8515625,0.021484375,0.44921875,-1.470703125,-0.13348388671875,-0.7584228515625,0.2113037109375,0.6019287109375,12.5546875,0.20703125,-2.83984375,-0.197265625,0.435546875,-1.490234375,0.14794921875,-0.69439697265625,-0.19708251953125,0.67608642578125,88.2421875,21779,15052
2.0401707920000263,12.1328125,-3.44921875,-1.8515625,0.021484375,0.44921875,-1.470703125,-0.13348388671875,-0.7584228515625,0.2113037109375,0.6019287109375,12.5546875,0.20703125,-2.83984375,-0.2109375,0.45703125,-1.859375,0.14794921875,-0.69439697265625,-0.19708251953125,0.67608642578125,88.06640625,21779,13629
2.0500705640006345,12.55078125,-4.37109375,-2.04296875,0.0,0.599609375,-1.966796875,-0.1080322265625,-0.755859375,0.187744140625,0.61785888671875,12.9765625,-0.4453125,-1.4609375,-0.2109375,0.45703125,-1.859375,0.14794921875,-0.69439697265625,-0.19708251953125,0.67608642578125,87.890625,22681,13629
2.0600646760003656,12.55078125,-4.37109375,-2.04296875,0.0,0.599609375,-1.966796875,-0.1080322265625,-0.755859375,0.187744140625,0.61785888671875,12.9765625,-0.4453125,-1.4609375,-0.2109375,0.45703125,-1.859375,0.14794921875,-0.69439697265625,-0.19708251953125,0.67608642578125,87.802734375,22681,10548
2.070077891999972,12.55078125,-4.37109375,-2.04296875,0.0,0.599609375,-1.966796875,-0.1080322265625,-0.755859375,0.187744140625,0.61785888671875,12.9765625,-0.4453125,-1.4609375,-0.2109375,0.45703125,-1.859375,0.1748046875,-0.68121337890625,-0.2249755859375,0.67437744140625,87.5390625,22904,10548
2.0800652830002946,13.0859375,-4.33203125,-1.46875,-0.0546875,0.578125,-2.55078125,-0.07403564453125,-0.7529296875,0.15631103515625,0.63494873046875,12.9765625,-0.4453125,-1.4609375,-0.2109375,0.45703125,-1.859375,0.1748046875,-0.68121337890625,-0.2249755859375,0.67437744140625,87.099609375,22904,7424
2.0900706259999424,13.0859375,-4.33203125,-1.46875,-0.0546875,0.578125,-2.55078125,-0.07403564453125,-0.7529296875,0.15631103515625,0.63494873046875,12.328125,0.05078125,-0.65625,-0.18359375,0.318359375,-2.279296875,0.1748046875,-0.68121337890625,-0.2249755859375,0.67437744140625,86.923828125,23552,2555
2.1000637779998215,13.0859375,-4.33203125,-1.46875,-0.0546875,0.578125,-2.55078125,-0.07403564453125,-0.7529296875,0.15631103515625,0.63494873046875,12.328125,0.05078125,-0.65625,-0.18359375,0.318359375,-2.279296875,0.1748046875,-0.68121337890625,-0.2249755859375,0.67437744140625,86.572265625,23552,2555
2.1100722890005272,13.7734375,-4.1796875,-1.5078125,-0.267578125,0.568359375,-3.259765625,-0.07403564453125,-0.7529296875,0.15631103515625,0.63494873046875,12.328125,0.05078125,-0.65625,-0.18359375,0.318359375,-2.279296875,0.1748046875,-0.68121337890625,-0.2249755859375,0.67437744140625,86.220703125,23767,2555
2.1200193909999143,13.7734375,-4.1796875,-1.5078125,-0.267578125,0.568359375,-3.259765625,-0.03131103515625,-0.7493896484375,0.11279296875,0.65167236328125,12.51953125,-1.171875,-1.3828125,-0.2578125,0.140625,-2.796875,0.20526123046875,-0.6673583984375,-0.2589111328125,0.66741943359375,85.78125,23767,1321
2.130075967999801,14.46875,-3.7578125,-1.8515625,-0.267578125,0.568359375,-3.259765625,-0.03131103515625,-0.7493896484375,0.11279296875,0.65167236328125,12.51953125,-1.171875,-1.3828125,-0.2578125,0.140625,-2.796875,0.20526123046875,-0.6673583984375,-0.2589111328125,0.66741943359375,85.4296875,24175,1321
2.1400639350003985,14.46875,-3.7578125,-1.8515625,-0.267578125,0.568359375,-3.259765625,-0.03131103515625,-0.7493896484375,0.11279296875,0.65167236328125,12.51953125,-1.171875,-1.3828125,-0.2578125,0.140625,-2.796875,0.20526123046875,-0.6673583984375,-0.2589111328125,0.66741943359375,84.990234375,24175,1132
2.1500735030003852,14.46875,-3.7578125,-1.8515625,-0.267578125,0.568359375,-3.259765625,-0.03131103515625,-0.7493896484375,0.11279296875,0.65167236328125,12.51953125,-1.171875,-1.3828125,-0.2578125,0.140625,-2.796875,0.20526123046875,-0.6673583984375,-0.2589111328125,0.66741943359375,84.287109375,23848,1132
2.160134145000484,14.46875,-3.7578125,-1.8515625,-0.267578125,0.568359375,-3.259765625,-0.03131103515625,-0.7493896484375,0.11279296875,0.65167236328125,12.33203125,0.97265625,-1.8828125,-0.236328125,0.12890625,-3.10546875,0.24127197265625,-0.6513671875,-0.3001708984375,0.65374755859375,83.583984375,23848,863
2.1700705900002504,16.26953125,-2.1484375,-0.51171875,-0.240234375,0.623046875,-4.029296875,0.021484375,-0.74212646484375,0.05853271484375,0.6673583984375,12.33203125,0.97265625,-1.8828125,-0.236328125,0.12890625,-3.10546875,0.24127197265625,-0.6513671875,-0.3001708984375,0.65374755859375,83.056640625,21539,863
2.1800777580001522,16.26953125,-2.1484375,-0.51171875,-0.240234375,0.623046875,-4.029296875,0.021484375,-0.74212646484375,0.05853271484375,0.6673583984375,12.33203125,0.97265625,-1.8828125,-0.236328125,0.12890625,-3.10546875,0.24127197265625,-0.6513671875,-0.3001708984375,0.65374755859375,82.265625,21539,478
2.190061629000411,16.26953125,-2.1484375,-0.51171875,-0.240234375,0.623046875,-4.029296875,0.021484375,-0.74212646484375,0.05853271484375,0.6673583984375,10.140625,6.83203125,-2.37890625,-0.236328125,0.12890625,-3.10546875,0.27783203125,-0.63140869140625,-0.3411865234375,0.6385498046875,81.5625,17852,478
2.200060124000629,16.26953125,-2.1484375,-0.51171875,-0.130859375,0.640625,-3.890625,0.07745361328125,-0.72991943359375,0.00311279296875,0.6790771484375,10.140625,6.83203125,-2.37890625,-0.236328125,0.12890625,-3.10546875,0.27783203125,-0.63140869140625,-0.3411865234375,0.6385498046875,80.771484375,17852,17
2.2104661530001977,12.74609375,-1.91796875,-0.2421875,-0.130859375,0.640625,-3.890625,0.07745361328125,-0.72991943359375,0.00311279296875,0.6790771484375,5.55078125,7.9453125,-2.2265625,-0.470703125,0.443359375,-2.44921875,0.27783203125,-0.63140869140625,-0.3411865234375,0.6385498046875,79.98046875,8482,17
2.2200788119998833,12.74609375,-1.91796875,-0.2421875,-0.130859375,0.640625,-3.890625,0.07745361328125,-0.72991943359375,0.00311279296875,0.6790771484375,5.55078125,7.9453125,-2.2265625,-0.470703125,0.443359375,-2.44921875,0.27783203125,-0.63140869140625,-0.3411865234375,0.6385498046875,79.27734375,1195,7
2.2300862990005044,12.74609375,-1.91796875,-0.2421875,-0.130859375,0.640625,-3.890625,0.07745361328125,-0.72991943359375,0.00311279296875,0.6790771484375,5.55078125,7.9453125,-2.2265625,-0.470703125,0.443359375,-2.44921875,0.27783203125,-0.63140869140625,-0.3411865234375,0.6385498046875,78.134765625,1195,7
2.240078042999812,12.74609375,-1.91796875,-0.2421875,-0.130859375,0.640625,-3.890625,0.07745361328125,-0.72991943359375,0.00311279296875,0.6790771484375,5.55078125,7.9453125,-2.2265625,-0.4375,0.4453125,-1.392578125,0.302734375,-0.6092529296875,-0.37261962890625,0.63116455078125,77.080078125,1195,4
2.2500618180001766,6.1171875,-3.10546875,-1.69921875,-0.134765625,0.59765625,-3.01953125,0.12274169921875,-0.7149658203125,-0.04205322265625,0.68701171875,1.41015625,4.69140625,-1.3828125,-0.4375,0.4453125,-1.392578125,0.302734375,-0.6092529296875,-0.37261962890625,0.63116455078125,76.2890625,150,4
2.260077433999868,6.1171875,-3.10546875,-1.69921875,-0.134765625,0.59765625,-3.01953125,0.12274169921875,-0.7149658203125,-0.04205322265625,0.68701171875,1.41015625,4.69140625,-1.3828125,-0.4375,0.4453125,-1.392578125,0.302734375,-0.6092529296875,-0.37261962890625,0.63116455078125,75.76171875,150,2
2.270063480999852,1.75,-5.25,-1.19921875,-0.12109375,0.427734375,-1.2734375,0.12274169921875,-0.7149658203125,-0.04205322265625,0.68701171875,1.41015625,4.69140625,-1.3828125,-0.4375,0.4453125,-1.392578125,0.302734375,-0.6092529296875,-0.37261962890625,0.63116455078125,74.8828125,120,2
2.280074584000431,1.75,-5.25,-1.19921875,-0.12109375,0.427734375,-1.2734375,0.14923095703125,-0.70263671875,-0.0699462890625,0.69219970703125,1.41015625,4.69140625,-1.3828125,-0.4375,0.4453125,-1.392578125,0.302734375,-0.6092529296875,-0.37261962890625,0.63116455078125,74.1796875,120,2
2.290063223999823,2.9765625,-8.7734375,-0.55078125,-0.12109375,0.427734375,-1.2734375,0.14923095703125,-0.70263671875,-0.0699462890625,0.69219970703125,-1.26953125,7.14453125,0.1484375,-0.388671875,0.384765625,0.486328125,0.31268310546875,-0.59417724609375,-0.3885498046875,0.63104248046875,73.65234375,143,2
2.3000963439999396,2.9765625,-8.7734375,-0.55078125,-0.12109375,0.427734375,-1.2734375,0.14923095703125,-0.70263671875,-0.0699462890625,0.69219970703125,-1.26953125,7.14453125,0.1484375,-0.388671875,0.384765625,0.486328125,0.31268310546875,-0.59417724609375,-0.3885498046875,0.63104248046875,73.212890625,143,648
2.3100622299998577,2.9765625,-8.7734375,-0.55078125,-0.12109375,0.427734375,-1.2734375,0.14923095703125,-0.70263671875,-0.0699462890625,0.69219970703125,2.0625,3.23046875,-0.76953125,-0.388671875,0.384765625,0.486328125,0.30364990234375,-0.5933837890625,-0.37652587890625,0.64337158203125,72.685546875,106,648
2.320069461999992,2.9765625,-8.7734375,-0.55078125,0.59375,0.015625,0.71875,0.151123046875,-0.70404052734375,-0.0584716796875,0.69140625,2.0625,3.23046875,-0.76953125,-0.388671875,0.384765625,0.486328125,0.30364990234375,-0.5933837890625,-0.37652587890625,0.64337158203125,72.421875,106,648
2.330062132999956,2.9765625,-8.7734375,-0.55078125,0.59375,0.015625,0.71875,0.151123046875,-0.70404052734375,-0.0584716796875,0.69140625,2.0625,3.23046875,-0.76953125,0.20703125,0.333984375,1.70703125,0.30364990234375,-0.5933837890625,-0.37652587890625,0.64337158203125,72.421875,27,4590
2.340135415000077,4.390625,-1.53515625,-2.234375,0.59375,0.015625,0.71875,0.151123046875,-0.70404052734375,-0.0584716796875,0.69140625,2.0625,3.23046875,-0.76953125,0.20703125,0.333984375,1.70703125,0.30364990234375,-0.5933837890625,-0.37652587890625,0.64337158203125,72.421875,27,6945
2.3500635079999483,4.390625,-1.53515625,-2.234375,0.59375,0.015625,0.71875,0.151123046875,-0.70404052734375,-0.0584716796875,0.69140625,1.14453125,4.3828125,-1.19140625,0.20703125,0.333984375,1.70703125,0.28387451171875,-0.60107421875,-0.35150146484375,0.6591796875,72.421875,4,6945
2.360072915999808,4.390625,-1.53515625,-2.234375,-0.390625,-0.015625,2.041015625,0.12603759765625,-0.7083740234375,-0.03668212890625,0.6934814453125,1.14453125,4.3828125,-1.19140625,-0.54296875,-0.09765625,2.1640625,0.28387451171875,-0.60107421875,-0.35150146484375,0.6591796875,72.509765625,4,10901
2.370116052999947,3.93359375,-0.80859375,-1.73828125,-0.390625,-0.015625,2.041015625,0.12603759765625,-0.7083740234375,-0.03668212890625,0.6934814453125,1.48828125,5.71875,0.45703125,-0.54296875,-0.09765625,2.1640625,0.28387451171875,-0.60107421875,-0.35150146484375,0.6591796875,72.685546875,4,10901
2.380086004000077,3.93359375,-0.80859375,-1.73828125,-0.390625,-0.015625,2.041015625,0.12603759765625,-0.7083740234375,-0.03668212890625,0.6934814453125,1.48828125,5.71875,0.45703125,-0.54296875,-0.09765625,2.1640625,0.28387451171875,-0.60107421875,-0.35150146484375,0.6591796875,72.861328125,4,15265
2.3900618739999118,3.93359375,-0.80859375,-1.73828125,-0.390625,-0.015625,2.041015625,0.12603759765625,-0.7083740234375,-0.03668212890625,0.6934814453125,1.48828125,5.71875,0.45703125,-0.54296875,-0.09765625,2.1640625,0.28387451171875,-0.60107421875,-0.35150146484375,0.6591796875,73.037109375,3,15265
2.400076689999878,5.921875,-2.2265625,-1.0859375,-0.30078125,-0.48046875,3.087890625,0.12603759765625,-0.7083740234375,-0.03668212890625,0.6934814453125,1.48828125,5.71875,0.45703125,-0.54296875,-0.09765625,2.1640625,0.28387451171875,-0.60107421875,-0.35150146484375,0.6591796875,73.212890625,3,16558
2.410063473000264,5.921875,-2.2265625,-1.0859375,-0.30078125,-0.48046875,3.087890625,0.12603759765625,-0.7083740234375,-0.03668212890625,0.6934814453125,3.40234375,2.2734375,0.72265625,-0.20703125,-0.439453125,2.865234375,0.24658203125,-0.6129150390625,-0.32659912109375,0.67596435546875,73.4765625,3,16558
2.420080816999871,5.921875,-2.2265625,-1.0859375,-0.30078125,-0.48046875,3.087890625,0.07958984375,-0.71868896484375,-0.00396728515625,0.69073486328125,3.40234375,2.2734375,0.72265625,-0.20703125,-0.439453125,2.865234375,0.24658203125,-0.6129150390625,-0.32659912109375,0.67596435546875,73.65234375,4,18290
2.430062672000531,8.11328125,-2.03515625,-1.58203125,0.212890625,-0.87109375,3.583984375,0.07958984375,-0.71868896484375,-0.00396728515625,0.69073486328125,3.40234375,2.2734375,0.72265625,-0.20703125,-0.439453125,2.865234375,0.24658203125,-0.6129150390625,-0.32659912109375,0.67596435546875,73.916015625,3,18290
2.440072400000645,8.11328125,-2.03515625,-1.58203125,0.212890625,-0.87109375,3.583984375,0.07958984375,-0.71868896484375,-0.00396728515625,0.69073486328125,5.6640625,2.19921875,0.53125,0.4765625,-0.740234375,3.306640625,0.20587158203125,-0.63330078125,-0.2886962890625,0.68792724609375,74.00390625,3,19569
2.4500662549999106,8.11328125,-2.03515625,-1.58203125,0.212890625,-0.87109375,3.583984375,0.03192138671875,-0.7320556640625,0.0423583984375,0.67919921875,5.6640625,2.19921875,0.53125,0.4765625,-0.740234375,3.306640625,0.20587158203125,-0.63330078125,-0.2886962890625,0.68792724609375,74.1796875,2,19859
2.460113392000494,8.11328125,-2.03515625,-1.58203125,0.212890625,-0.87109375,3.583984375,0.03192138671875,-0.7320556640625,0.0423583984375,0.67919921875,5.6640625,2.19921875,0.53125,0.4765625,-0.740234375,3.306640625,0.20587158203125,-0.63330078125,-0.2886962890625,0.68792724609375,74.443359375,2,19859
2.47006139000041,10.41015625,-1.3046875,-2.12109375,0.5078125,-1.13671875,3.890625,0.03192138671875,-0.7320556640625,0.0423583984375,0.67919921875,5.6640625,2.19921875,0.53125,0.4765625,-0.740234375,3.306640625,0.20587158203125,-0.63330078125,-0.2886962890625,0.68792724609375,74.70703125,3,19859
2.4800764620003974,10.41015625,-1.3046875,-2.12109375,0.5078125,-1.13671875,3.890625,0.03192138671875,-0.7320556640625,0.0423583984375,0.67919921875,7.08203125,2.58203125,-0.234375,0.8203125,-0.962890625,3.55078125,0.16644287109375,-0.66015625,-0.2371826171875,0.6929931640625,74.970703125,3,20191
2.490062541000043,12.015625,-0.8828125,-2.15625,0.5078125,-1.13671875,3.890625,-0.0152587890625,-0.745849609375,0.09906005859375,0.6585693359375,7.08203125,2.58203125,-0.234375,0.8203125,-0.962890625,3.55078125,0.16644287109375,-0.66015625,-0.2371826171875,0.6929931640625,75.146484375,5,20191
2.5000854850004544,12.015625,-0.8828125,-2.15625,0.5078125,-1.13671875,3.890625,-0.0152587890625,-0.745849609375,0.09906005859375,0.6585693359375,7.08203125,2.58203125,-0.234375,0.8203125,-0.962890625,3.55078125,0.16644287109375,-0.66015625,-0.2371826171875,0.6929931640625,75.41015625,5,20460
2.510079596000651,12.015625,-0.8828125,-2.15625,0.5078125,-1.13671875,3.890625,-0.0152587890625,-0.745849609375,0.09906005859375,0.6585693359375,8.3046875,3.9609375,-1.3828125,0.8203125,-0.962890625,3.55078125,0.1239013671875,-0.6876220703125,-0.1787109375,0.6927490234375,75.673828125,7,20460
2.5200653219999367,12.015625,-0.8828125,-2.15625,0.5078125,-1.13671875,3.890625,-0.0152587890625,-0.745849609375,0.09906005859375,0.6585693359375,8.3046875,3.9609375,-1.3828125,0.8203125,-0.962890625,3.55078125,0.1239013671875,-0.6876220703125,-0.1787109375,0.6927490234375,76.025390625,7,20312
2.530068265999944,12.015625,-0.8828125,-2.15625,0.373046875,-1.169921875,4.234375,-0.06829833984375,-0.755859375,0.15875244140625,0.6314697265625,10.30078125,3.578125,-2.33984375,0.693359375,-0.994140625,3.775390625,0.1239013671875,-0.6876220703125,-0.1787109375,0.6927490234375,76.2890625,6,20312
2.540067753000585,14.39453125,-0.73046875,-2.3125,0.373046875,-1.169921875,4.234375,-0.06829833984375,-0.755859375,0.15875244140625,0.6314697265625,10.30078125,3.578125,-2.33984375,0.693359375,-0.994140625,3.775390625,0.1239013671875,-0.6876220703125,-0.1787109375,0.6927490234375,76.46484375,6,19599
2.5500764879998314,14.39453125,-0.73046875,-2.3125,0.373046875,-1.169921875,4.234375,-0.06829833984375,-0.755859375,0.15875244140625,0.6314697265625,10.30078125,3.578125,-2.33984375,0.337890625,-0.982421875,3.763671875,0.07635498046875,-0.7109375,-0.11962890625,0.68878173828125,76.728515625,3,19599
2.560073480000028,14.39453125,-0.73046875,-2.3125,0.373046875,-1.169921875,4.234375,-0.06829833984375,-0.755859375,0.15875244140625,0.6314697265625,10.30078125,3.578125,-2.33984375,0.337890625,-0.982421875,3.763671875,0.07635498046875,-0.7109375,-0.11962890625,0.68878173828125,76.9921875,3,18845
2.570072102999802,15.3828125,-0.234375,-1.8515625,0.009765625,-1.017578125,4.240234375,-0.126220703125,-0.75982666015625,0.21380615234375,0.600830078125,11.10546875,3.69140625,-2.33984375,0.337890625,-0.982421875,3.763671875,0.07635498046875,-0.7109375,-0.11962890625,0.68878173828125,77.16796875,3,18845
2.5800656700002946,15.3828125,-0.234375,-1.8515625,0.009765625,-1.017578125,4.240234375,-0.126220703125,-0.75982666015625,0.21380615234375,0.600830078125,11.10546875,3.69140625,-2.33984375,0.337890625,-0.982421875,3.763671875,0.07635498046875,-0.7109375,-0.11962890625,0.68878173828125,77.34375,3,17462
2.590075557000091,16.109375,0.1875,-0.51171875,-0.294921875,-0.771484375,3.8984375,-0.126220703125,-0.75982666015625,0.21380615234375,0.600830078125,11.10546875,3.69140625,-2.33984375,0.337890625,-0.982421875,3.763671875,0.07635498046875,-0.7109375,-0.11962890625,0.68878173828125,77.607421875,2,17462
2.600062340000477,16.109375,0.1875,-0.51171875,-0.294921875,-0.771484375,3.8984375,-0.126220703125,-0.75982666015625,0.21380615234375,0.600830078125,12.2109375,3.0390625,-2.07421875,0.01953125,-0.818359375,3.462890625,0.02459716796875,-0.72808837890625,-0.06658935546875,0.68182373046875,77.783203125,2,16701
2.610150565999902,16.04296875,1.14453125,0.02734375,-0.294921875,-0.771484375,3.8984375,-0.1844482421875,-0.758056640625,0.25860595703125,0.569580078125,12.2109375,3.0390625,-2.07421875,0.01953125,-0.818359375,3.462890625,0.02459716796875,-0.72808837890625,-0.06658935546875,0.68182373046875,77.783203125,-2,16701
2.6200656350001736,16.04296875,1.14453125,0.02734375,-0.294921875,-0.771484375,3.8984375,-0.1844482421875,-0.758056640625,0.25860595703125,0.569580078125,12.2109375,3.0390625,-2.07421875,0.01953125,-0.818359375,3.462890625,0.02459716796875,-0.72808837890625,-0.06658935546875,0.68182373046875,77.87109375,-2,16183
2.630071489999864,16.04296875,1.14453125,0.02734375,-0.294921875,-0.771484375,3.8984375,-0.1844482421875,-0.758056640625,0.25860595703125,0.569580078125,12.83203125,1.69921875,-1.26953125,0.01953125,-0.818359375,3.462890625,-0.02374267578125,-0.738525390625,-0.020751953125,0.6734619140625,77.87109375,-1,16183
2.640070817000378,16.04296875,1.14453125,0.02734375,-0.041015625,-0.634765625,3.017578125,-0.23065185546875,-0.75244140625,0.2945556640625,0.5421142578125,12.83203125,1.69921875,-1.26953125,0.01953125,-0.818359375,3.462890625,-0.02374267578125,-0.738525390625,-0.020751953125,0.6734619140625,77.87109375,-1,15638
2.650074209000195,14.6171875,3.3671875,-0.359375,-0.041015625,-0.634765625,3.017578125,-0.23065185546875,-0.75244140625,0.2945556640625,0.5421142578125,11.91015625,0.93359375,-0.50390625,0.359375,-0.6328125,2.73828125,-0.02374267578125,-0.738525390625,-0.020751953125,0.6734619140625,77.958984375,9,15638
2.660065152000243,14.6171875,3.3671875,-0.359375,-0.041015625,-0.634765625,3.017578125,-0.23065185546875,-0.75244140625,0.2945556640625,0.5421142578125,11.91015625,0.93359375,-0.50390625,0.359375,-0.6328125,2.73828125,-0.02374267578125,-0.738525390625,-0.020751953125,0.6734619140625,77.958984375,9,15828
2.6700608629998897,14.6171875,3.3671875,-0.359375,-0.041015625,-0.634765625,3.017578125,-0.23065185546875,-0.75244140625,0.2945556640625,0.5421142578125,11.91015625,0.93359375,-0.50390625,0.359375,-0.6328125,2.73828125,-0.02374267578125,-0.738525390625,-0.020751953125,0.6734619140625,77.958984375,19,15828
2.6800676780003414,14.6171875,3.3671875,-0.359375,0.43359375,-0.798828125,1.818359375,-0.253173828125,-0.7479248046875,0.32489013671875,0.5205078125,11.91015625,0.93359375,-0.50390625,0.65234375,-0.5546875,1.498046875,-0.05401611328125,-0.74481201171875,0.01959228515625,0.664794921875,77.958984375,19,16663
2.690069438000137,14.6171875,3.3671875,-0.359375,0.43359375,-0.798828125,1.818359375,-0.253173828125,-0.7479248046875,0.32489013671875,0.5205078125,11.91015625,0.93359375,-0.50390625,0.65234375,-0.5546875,1.498046875,-0.05401611328125,-0.74481201171875,0.01959228515625,0.664794921875,77.87109375,0,16663
2.7000726370006305,13.28515625,7.50390625,-0.12890625,0.43359375,-0.798828125,1.818359375,-0.253173828125,-0.7479248046875,0.32489013671875,0.5205078125,10.64453125,2.46484375,-0.38671875,0.65234375,-0.5546875,1.498046875,-0.05401611328125,-0.74481201171875,0.01959228515625,0.664794921875,77.6953125,0,20947
2.7100618840004245,13.28515625,7.50390625,-0.12890625,0.43359375,-0.798828125,1.818359375,-0.253173828125,-0.7479248046875,0.32489013671875,0.5205078125,10.64453125,2.46484375,-0.38671875,0.65234375,-0.5546875,1.498046875,-0.05401611328125,-0.74481201171875,0.01959228515625,0.664794921875,77.51953125,-2,20947
2.72018502300034,13.28515625,7.50390625,-0.12890625,0.43359375,-0.798828125,1.818359375,-0.253173828125,-0.7479248046875,0.32489013671875,0.5205078125,10.64453125,2.46484375,-0.38671875,0.65234375,-0.5546875,1.498046875,-0.05401611328125,-0.74481201171875,0.01959228515625,0.664794921875,77.255859375,-2,23988
2.730063257999973,24.5,19.11328125,5.96484375,0.62109375,0.119140625,-1.115234375,-0.2435302734375,-0.748046875,0.33270263671875,0.52008056640625,21.75390625,2.3125,-0.12109375,0.916015625,0.166015625,-1.65625,-0.05926513671875,-0.74957275390625,0.042724609375,0.65789794921875,77.080078125,11,23988
2.7400779460003832,24.5,19.11328125,5.96484375,0.62109375,0.119140625,-1.115234375,-0.2435302734375,-0.748046875,0.33270263671875,0.52008056640625,21.75390625,2.3125,-0.12109375,0.916015625,0.166015625,-1.65625,-0.05926513671875,-0.74957275390625,0.042724609375,0.65789794921875,76.81640625,11,25717
2.7500630650001767,24.5,19.11328125,5.96484375,0.62109375,0.119140625,-1.115234375,-0.2435302734375,-0.748046875,0.33270263671875,0.52008056640625,21.75390625,2.3125,-0.12109375,0.916015625,0.166015625,-1.65625,-0.05926513671875,-0.74957275390625,0.042724609375,0.65789794921875,76.640625,2,25717
2.760098552999807,12.3984375,-1.11328125,1.90234375,-0.439453125,0.759765625,-2.068359375,-0.2435302734375,-0.748046875,0.33270263671875,0.52008056640625,10.1796875,4.91796875,-2.9921875,0.916015625,0.166015625,-1.65625,-0.033203125,-0.7469482421875,0.02197265625,0.6636962890625,76.728515625,2,25689
2.7700935600005323,12.3984375,-1.11328125,1.90234375,-0.439453125,0.759765625,-2.068359375,-0.216796875,-0.7508544921875,0.3009033203125,0.54656982421875,10.1796875,4.91796875,-2.9921875,-0.5859375,0.486328125,-1.791015625,-0.033203125,-0.7469482421875,0.02197265625,0.6636962890625,77.080078125,-1,25689
2.780085207000411,11.36328125,-8.4296875,-2.65625,-0.439453125,0.759765625,-2.068359375,-0.216796875,-0.7508544921875,0.3009033203125,0.54656982421875,10.1796875,4.91796875,-2.9921875,-0.5859375,0.486328125,-1.791015625,-0.033203125,-0.7469482421875,0.02197265625,0.6636962890625,77.431640625,-1,25773
2.790062742000373,11.36328125,-8.4296875,-2.65625,-0.439453125,0.759765625,-2.068359375,-0.216796875,-0.7508544921875,0.3009033203125,0.54656982421875,9.45703125,-3.3203125,2.4453125,-0.5859375,0.486328125,-1.791015625,-0.0101318359375,-0.74395751953125,-0.00830078125,0.6680908203125,77.783203125,4,25773
2.800074229000529,11.36328125,-8.4296875,-2.65625,-0.26953125,-0.02734375,-0.611328125,-0.19952392578125,-0.75439453125,0.28350830078125,0.55743408203125,9.45703125,-3.3203125,2.4453125,-0.5859375,0.486328125,-1.791015625,-0.0101318359375,-0.74395751953125,-0.00830078125,0.6680908203125,78.046875,4,25771
2.8100645640006405,11.36328125,-8.4296875,-2.65625,-0.26953125,-0.02734375,-0.611328125,-0.19952392578125,-0.75439453125,0.28350830078125,0.55743408203125,9.453125,7.63671875,-1.69140625,-0.94140625,0.029296875,-0.822265625,-0.0101318359375,-0.74395751953125,-0.00830078125,0.6680908203125,78.22265625,2,25771
2.8200697160000345,10.83203125,-4.29296875,-1.16015625,-0.26953125,-0.02734375,-0.611328125,-0.19952392578125,-0.75439453125,0.28350830078125,0.55743408203125,9.453125,7.63671875,-1.69140625,-0.94140625,0.029296875,-0.822265625,-0.0101318359375,-0.74395751953125,-0.00830078125,0.6680908203125,78.3984375,2,25744
2.8300715710001896,10.83203125,-4.29296875,-1.16015625,-0.26953125,-0.02734375,-0.611328125,-0.19952392578125,-0.75439453125,0.28350830078125,0.55743408203125,9.453125,7.63671875,-1.69140625,-0.94140625,0.029296875,-0.822265625,-0.0101318359375,-0.74395751953125,-0.00830078125,0.6680908203125,78.662109375,-3,25744
2.8400885310002195,10.83203125,-4.29296875,-1.16015625,-0.26953125,-0.02734375,-0.611328125,-0.19952392578125,-0.75439453125,0.28350830078125,0.55743408203125,9.453125,7.63671875,-1.69140625,-0.94140625,0.029296875,-0.822265625,-0.0101318359375,-0.74395751953125,-0.00830078125,0.6680908203125,78.75,-3,25484
2.8501508039998953,9.4453125,-4.0625,-2.1953125,-0.14453125,0.087890625,-0.30859375,-0.19647216796875,-0.75738525390625,0.2752685546875,0.55859375,9.6484375,0.55078125,-2.265625,-0.248046875,0.05859375,-0.59375,-0.00787353515625,-0.74285888671875,-0.0313720703125,0.66864013671875,78.92578125,152,25484
2.860090353000487,9.4453125,-4.0625,-2.1953125,-0.14453125,0.087890625,-0.30859375,-0.19647216796875,-0.75738525390625,0.2752685546875,0.55859375,9.6484375,0.55078125,-2.265625,-0.248046875,0.05859375,-0.59375,-0.00787353515625,-0.74285888671875,-0.0313720703125,0.66864013671875,78.92578125,64,25899
2.870063088000279,9.4453125,-4.0625,-2.1953125,-0.14453125,0.087890625,-0.30859375,-0.19647216796875,-0.75738525390625,0.2752685546875,0.55859375,9.6484375,0.55078125,-2.265625,-0.248046875,0.05859375,-0.59375,-0.00787353515625,-0.74285888671875,-0.0313720703125,0.66864013671875,79.1015625,64,25899
2.880064431000392,9.83203125,-3.7578125,-1.5078125,-0.06640625,-0.109375,0.009765625,-0.19647216796875,-0.75738525390625,0.2752685546875,0.55859375,9.6484375,0.55078125,-2.265625,-0.248046875,0.05859375,-0.59375,-0.00787353515625,-0.74285888671875,-0.0313720703125,0.66864013671875,79.189453125,64,25900
2.8900964949998524,9.83203125,-3.7578125,-1.5078125,-0.06640625,-0.109375,0.009765625,-0.19647216796875,-0.75738525390625,0.2752685546875,0.55859375,9.99609375,1.5078125,-0.42578125,-0.029296875,-0.138671875,-0.162109375,-0.005126953125,-0.74298095703125,-0.04034423828125,0.6680908203125,79.365234375,460,25900
2.900066670000342,9.83203125,-3.7578125,-1.5078125,-0.06640625,-0.109375,0.009765625,-0.19586181640625,-0.7589111328125,0.2730712890625,0.55780029296875,9.99609375,1.5078125,-0.42578125,-0.029296875,-0.138671875,-0.162109375,-0.005126953125,-0.74298095703125,-0.04034423828125,0.6680908203125,79.541015625,460,26006
2.9100812930000757,10.1015625,-3.375,-1.58203125,-0.01953125,-0.0625,0.048828125,-0.19586181640625,-0.7589111328125,0.2730712890625,0.55780029296875,9.99609375,1.5078125,-0.42578125,-0.029296875,-0.138671875,-0.162109375,-0.005126953125,-0.74298095703125,-0.04034423828125,0.6680908203125,79.716796875,359,26006
2.9200621879999744,10.1015625,-3.375,-1.58203125,-0.01953125,-0.0625,0.048828125,-0.19586181640625,-0.7589111328125,0.2730712890625,0.55780029296875,10.6015625,-0.4453125,-2.609375,-0.029296875,-0.138671875,-0.162109375,-0.00250244140625,-0.7445068359375,-0.04302978515625,0.66619873046875,79.892578125,359,25937
2.9300680750002357,10.1015625,-3.375,-1.58203125,-0.01953125,-0.0625,0.048828125,-0.19573974609375,-0.7596435546875,0.2728271484375,0.55694580078125,10.6015625,-0.4453125,-2.609375,-0.029296875,-0.138671875,-0.162109375,-0.00250244140625,-0.7445068359375,-0.04302978515625,0.66619873046875,80.244140625,1520,25937
2.940083595000033,10.1015625,-3.2578125,-1.5078125,-0.01953125,-0.0625,0.048828125,-0.19573974609375,-0.7596435546875,0.2728271484375,0.55694580078125,10.49609375,-0.63671875,-1.7265625,-0.04296875,-0.05859375,-0.248046875,-0.00250244140625,-0.7445068359375,-0.04302978515625,0.66619873046875,80.5078125,1520,26046
2.950070794000567,10.1015625,-3.2578125,-1.5078125,-0.01953125,-0.0625,0.048828125,-0.19573974609375,-0.7596435546875,0.2728271484375,0.55694580078125,10.49609375,-0.63671875,-1.7265625,-0.04296875,-0.05859375,-0.248046875,-0.00250244140625,-0.7445068359375,-0.04302978515625,0.66619873046875,80.771484375,1981,26046
2.9600914980001107,10.1015625,-3.2578125,-1.5078125,-0.01953125,-0.033203125,0.00390625,-0.19549560546875,-0.76031494140625,0.27227783203125,0.556396484375,10.49609375,-0.63671875,-1.7265625,-0.04296875,-0.05859375,-0.248046875,-0.00250244140625,-0.7445068359375,-0.04302978515625,0.66619873046875,81.123046875,1981,26088
2.9700626000003467,10.1015625,-3.2578125,-1.5078125,-0.01953125,-0.033203125,0.00390625,-0.19549560546875,-0.76031494140625,0.27227783203125,0.556396484375,10.49609375,-0.63671875,-1.7265625,0.015625,-0.021484375,-0.509765625,0.001953125,-0.745361328125,-0.04779052734375,0.6649169921875,81.38671875,2665,26088
2.9800777039999957,10.17578125,-3.44921875,-1.46875,-0.01953125,-0.033203125,0.00390625,-0.19549560546875,-0.76031494140625,0.27227783203125,0.556396484375,10.71875,-0.67578125,-2.76171875,0.015625,-0.021484375,-0.509765625,0.001953125,-0.745361328125,-0.04779052734375,0.6649169921875,81.73828125,2665,26005
2.9900774790003197,10.17578125,-3.44921875,-1.46875,-0.01953125,-0.033203125,0.00390625,-0.19549560546875,-0.76031494140625,0.27227783203125,0.556396484375,10.71875,-0.67578125,-2.76171875,0.015625,-0.021484375,-0.509765625,0.0098876953125,-0.7449951171875,-0.05523681640625,0.66473388671875,82.08984375,3899,26005
3.000066278000304,10.17578125,-3.44921875,-1.46875,-0.015625,0.078125,-0.080078125,-0.195068359375,-0.75994873046875,0.27142333984375,0.55743408203125,10.71875,-0.67578125,-2.76171875,0.015625,-0.021484375,-0.509765625,0.0098876953125,-0.7449951171875,-0.05523681640625,0.66473388671875,82.44140625,3899,25831
3.0100637169998663,10.06640625,-3.640625,-1.96484375,-0.015625,0.078125,-0.080078125,-0.195068359375,-0.75994873046875,0.27142333984375,0.55743408203125,10.71875,-0.67578125,-2.76171875,0.015625,-0.021484375,-0.509765625,0.0098876953125,-0.7449951171875,-0.05523681640625,0.66473388671875,82.79296875,5054,25831
3.0200698930002545,10.06640625,-3.640625,-1.96484375,-0.015625,0.078125,-0.080078125,-0.195068359375,-0.75994873046875,0.27142333984375,0.55743408203125,10.6015625,-0.7890625,-2.83984375,-0.0625,0.107421875,-0.69921875,0.0098876953125,-0.7449951171875,-0.05523681640625,0.66473388671875,83.232421875,5054,25791
3.0300633320002817,10.06640625,-3.640625,-1.96484375,-0.015625,0.078125,-0.080078125,-0.195068359375,-0.75994873046875,0.27142333984375,0.55743408203125,10.6015625,-0.7890625,-2.83984375,-0.0625,0.107421875,-0.69921875,0.0098876953125,-0.7449951171875,-0.05523681640625,0.66473388671875,83.583984375,6605,25791
3.040068739000162,10.06640625,-3.640625,-1.96484375,-0.015625,0.078125,-0.080078125,-0.195068359375,-0.75994873046875,0.27142333984375,0.55743408203125,10.6015625,-0.7890625,-2.83984375,-0.0625,0.107421875,-0.69921875,0.0098876953125,-0.7449951171875,-0.05523681640625,0.66473388671875,84.0234375,6605,25672
3.050064322000253,9.87109375,-4.0625,-1.46875,0.025390625,0.146484375,-0.16015625,-0.195068359375,-0.75994873046875,0.27142333984375,0.55743408203125,10.49609375,-0.75390625,-2.11328125,0.005859375,0.150390625,-0.83984375,0.02099609375,-0.74310302734375,-0.06573486328125,0.66558837890625,84.462890625,7711,25672
3.0600729300003877,9.87109375,-4.0625,-1.46875,0.025390625,0.146484375,-0.16015625,-0.195068359375,-0.75994873046875,0.27142333984375,0.55743408203125,10.49609375,-0.75390625,-2.11328125,0.005859375,0.150390625,-0.83984375,0.02099609375,-0.74310302734375,-0.06573486328125,0.66558837890625,84.90234375,7711,25844
3.0700775690002047,9.79296875,-3.94921875,-1.390625,0.025390625,0.146484375,-0.16015625,-0.193359375,-0.75897216796875,0.26953125,0.560302734375,10.109375,0.85546875,-1.3828125,0.005859375,0.150390625,-0.83984375,0.0335693359375,-0.7408447265625,-0.07647705078125,0.66644287109375,85.341796875,7819,25844
3.0800739520000207,9.79296875,-3.94921875,-1.390625,0.025390625,0.146484375,-0.16015625,-0.193359375,-0.75897216796875,0.26953125,0.560302734375,10.109375,0.85546875,-1.3828125,0.005859375,0.150390625,-0.83984375,0.0335693359375,-0.7408447265625,-0.07647705078125,0.66644287109375,85.78125,7819,25797
3.0900669749998997,9.79296875,-3.94921875,-1.390625,0.03125,0.08984375,-0.080078125,-0.19000244140625,-0.75787353515625,0.26678466796875,0.564208984375,10.109375,0.85546875,-1.3828125,0.005859375,0.150390625,-0.83984375,0.0335693359375,-0.7408447265625,-0.07647705078125,0.66644287109375,86.220703125,8134,25797
3.10006975899978,9.79296875,-3.94921875,-1.390625,0.03125,0.08984375,-0.080078125,-0.19000244140625,-0.75787353515625,0.26678466796875,0.564208984375,10.18359375,0.51171875,-1.84375,0.0390625,0.099609375,-0.78125,0.0335693359375,-0.7408447265625,-0.07647705078125,0.66644287109375,86.484375,8134,25647
3.1100665580006535,9.7578125,-4.1015625,-1.58203125,0.052734375,0.103515625,-0.072265625,-0.19000244140625,-0.75787353515625,0.26678466796875,0.564208984375,10.18359375,0.51171875,-1.84375,0.0390625,0.099609375,-0.78125,0.0335693359375,-0.7408447265625,-0.07647705078125,0.66644287109375,86.8359375,8904,25647
3.120090909999817,9.7578125,-4.1015625,-1.58203125,0.052734375,0.103515625,-0.072265625,-0.19000244140625,-0.75787353515625,0.26678466796875,0.564208984375,10.18359375,0.51171875,-1.84375,0.056640625,0.125,-0.732421875,0.0458984375,-0.7388916015625,-0.0860595703125,0.666748046875,87.1875,8904,25338
3.1300750360005622,9.7578125,-4.1015625,-1.58203125,0.052734375,0.103515625,-0.072265625,-0.19000244140625,-0.75787353515625,0.26678466796875,0.564208984375,10.18359375,0.51171875,-1.84375,0.056640625,0.125,-0.732421875,0.0458984375,-0.7388916015625,-0.0860595703125,0.666748046875,87.5390625,9402,25338
3.1400881560002745,9.7578125,-3.91015625,-1.58203125,0.052734375,0.103515625,-0.072265625,-0.1866455078125,-0.7568359375,0.264404296875,0.56787109375,10.14453125,1.27734375,-2.07421875,0.056640625,0.125,-0.732421875,0.0458984375,-0.7388916015625,-0.0860595703125,0.666748046875,87.802734375,10507,25312
3.150070458999835,9.7578125,-3.91015625,-1.58203125,0.009765625,0.1171875,-0.123046875,-0.1866455078125,-0.7568359375,0.264404296875,0.56787109375,10.14453125,1.27734375,-2.07421875,0.056640625,0.125,-0.732421875,0.0458984375,-0.7388916015625,-0.0860595703125,0.666748046875,88.06640625,10507,25312
3.1600690820005184,9.7578125,-3.91015625,-1.58203125,0.009765625,0.1171875,-0.123046875,-0.1866455078125,-0.7568359375,0.264404296875,0.56787109375,10.14453125,1.27734375,-2.07421875,0.056640625,0.125,-0.732421875,0.0458984375,-0.7388916015625,-0.0860595703125,0.666748046875,88.330078125,10507,25068
3.170072249000441,9.7578125,-3.71875,-1.46875,0.009765625,0.1171875,-0.123046875,-0.18359375,-0.7557373046875,0.2615966796875,0.57159423828125,10.07421875,1.9296875,-1.91796875,-0.037109375,0.11328125,-0.583984375,0.05694580078125,-0.73663330078125,-0.09478759765625,0.667236328125,88.505859375,10529,25068
3.180089049000344,9.7578125,-3.71875,-1.46875,0.009765625,0.1171875,-0.123046875,-0.18359375,-0.7557373046875,0.2615966796875,0.57159423828125,10.07421875,1.9296875,-1.91796875,-0.037109375,0.11328125,-0.583984375,0.05694580078125,-0.73663330078125,-0.09478759765625,0.667236328125,88.681640625,11165,25066
3.190066424000179,9.7578125,-3.71875,-1.46875,0.009765625,0.1171875,-0.123046875,-0.18359375,-0.7557373046875,0.2615966796875,0.57159423828125,10.07421875,1.9296875,-1.91796875,-0.037109375,0.11328125,-0.583984375,0.05694580078125,-0.73663330078125,-0.09478759765625,0.667236328125,88.857421875,11165,25066
3.2000623909998467,9.76171875,-3.83203125,-1.390625,-0.025390625,0.14453125,-0.203125,-0.18359375,-0.7557373046875,0.2615966796875,0.57159423828125,10.07421875,1.9296875,-1.91796875,-0.037109375,0.11328125,-0.583984375,0.05694580078125,-0.73663330078125,-0.09478759765625,0.667236328125,88.9453125,11165,24825
3.210164217000056,9.76171875,-3.83203125,-1.390625,-0.025390625,0.14453125,-0.203125,-0.1802978515625,-0.7548828125,0.25750732421875,0.57562255859375,10.109375,1.39453125,-1.8046875,-0.083984375,0.103515625,-0.517578125,0.06573486328125,-0.73455810546875,-0.10418701171875,0.66729736328125,89.12109375,12212,24825
3.220061173000431,9.76171875,-3.83203125,-1.390625,-0.025390625,0.14453125,-0.203125,-0.1802978515625,-0.7548828125,0.25750732421875,0.57562255859375,10.109375,1.39453125,-1.8046875,-0.083984375,0.103515625,-0.517578125,0.06573486328125,-0.73455810546875,-0.10418701171875,0.66729736328125,89.208984375,12212,24642
3.2300672850005867,9.76171875,-3.83203125,-1.390625,-0.025390625,0.14453125,-0.203125,-0.1802978515625,-0.7548828125,0.25750732421875,0.57562255859375,10.0703125,1.46875,-1.53515625,-0.083984375,0.103515625,-0.517578125,0.07305908203125,-0.73248291015625,-0.1134033203125,0.66729736328125,89.296875,12522,24642
3.2400611720004235,9.72265625,-3.71875,-1.31640625,-0.0703125,0.140625,-0.33984375,-0.1802978515625,-0.7548828125,0.25750732421875,0.57562255859375,10.0703125,1.46875,-1.53515625,-0.083984375,0.103515625,-0.517578125,0.07305908203125,-0.73248291015625,-0.1134033203125,0.66729736328125,89.384765625,12522,24351
3.2500693310003044,9.72265625,-3.71875,-1.31640625,-0.0703125,0.140625,-0.33984375,-0.1802978515625,-0.7548828125,0.25750732421875,0.57562255859375,10.30078125,0.51171875,-2.11328125,-0.15234375,0.1015625,-0.533203125,0.07305908203125,-0.73248291015625,-0.1134033203125,0.66729736328125,89.47265625,13586,24351
3.2600619700006064,9.828125,-3.83203125,-1.31640625,-0.0703125,0.140625,-0.33984375,-0.17578125,-0.75457763671875,0.25140380859375,0.58013916015625,10.30078125,0.51171875,-2.11328125,-0.15234375,0.1015625,-0.533203125,0.07305908203125,-0.73248291015625,-0.1134033203125,0.66729736328125,89.47265625,13586,24083
3.2700674100005926,9.828125,-3.83203125,-1.31640625,-0.0703125,0.140625,-0.33984375,-0.17578125,-0.75457763671875,0.25140380859375,0.58013916015625,10.30078125,0.51171875,-2.11328125,-0.15234375,0.1015625,-0.533203125,0.07305908203125,-0.73248291015625,-0.1134033203125,0.66729736328125,89.560546875,14245,24083
3.2800786730003892,9.828125,-3.83203125,-1.31640625,-0.0703125,0.140625,-0.33984375,-0.17578125,-0.75457763671875,0.25140380859375,0.58013916015625,10.30078125,0.51171875,-2.11328125,-0.17578125,0.193359375,-0.732421875,0.08056640625,-0.72967529296875,-0.12420654296875,0.6676025390625,89.560546875,14245,23747
3.2900696799997604,9.828125,-3.83203125,-1.31640625,-0.083984375,0.224609375,-0.580078125,-0.168701171875,-0.75433349609375,0.2423095703125,0.58642578125,10.49609375,0.28125,-2.33984375,-0.17578125,0.193359375,-0.732421875,0.08056640625,-0.72967529296875,-0.12420654296875,0.6676025390625,89.560546875,15246,23747
3.300062703000549,9.8671875,-3.60546875,-1.5078125,-0.083984375,0.224609375,-0.580078125,-0.168701171875,-0.75433349609375,0.2423095703125,0.58642578125,10.49609375,0.28125,-2.33984375,-0.17578125,0.193359375,-0.732421875,0.08056640625,-0.72967529296875,-0.12420654296875,0.6676025390625,89.560546875,15246,23324
3.3100727190003454,9.8671875,-3.60546875,-1.5078125,-0.083984375,0.224609375,-0.580078125,-0.168701171875,-0.75433349609375,0.2423095703125,0.58642578125,10.49609375,0.28125,-2.33984375,-0.17578125,0.193359375,-0.732421875,0.08056640625,-0.72967529296875,-0.12420654296875,0.6676025390625,89.560546875,15858,23324
3.32006289400033,9.8671875,-3.60546875,-1.5078125,-0.083984375,0.224609375,-0.580078125,-0.168701171875,-0.75433349609375,0.2423095703125,0.58642578125,10.4140625,0.20703125,-2.03515625,-0.17578125,0.193359375,-0.732421875,0.0909423828125,-0.72515869140625,-0.13763427734375,0.66851806640625,89.560546875,15858,22394
3.330071981000401,9.90625,-3.52734375,-1.31640625,-0.07421875,0.265625,-0.912109375,-0.15728759765625,-0.7542724609375,0.2296142578125,0.59466552734375,10.4140625,0.20703125,-2.03515625,-0.142578125,0.263671875,-0.97265625,0.0909423828125,-0.72515869140625,-0.13763427734375,0.66851806640625,89.47265625,16664,22394
3.340064332000111,9.90625,-3.52734375,-1.31640625,-0.07421875,0.265625,-0.912109375,-0.15728759765625,-0.7542724609375,0.2296142578125,0.59466552734375,10.4140625,0.20703125,-2.03515625,-0.142578125,0.263671875,-0.97265625,0.0909423828125,-0.72515869140625,-0.13763427734375,0.66851806640625,89.47265625,16664,22394
3.3500787000002674,9.90625,-3.52734375,-1.31640625,-0.07421875,0.265625,-0.912109375,-0.15728759765625,-0.7542724609375,0.2296142578125,0.59466552734375,10.4140625,0.20703125,-2.03515625,-0.142578125,0.263671875,-0.97265625,0.0909423828125,-0.72515869140625,-0.13763427734375,0.66851806640625,89.47265625,16664,20394
3.3600618030004625,9.90625,-3.52734375,-1.31640625,-0.07421875,0.265625,-0.912109375,-0.15728759765625,-0.7542724609375,0.2296142578125,0.59466552734375,10.375,0.3203125,-1.4609375,-0.142578125,0.263671875,-0.97265625,0.10595703125,-0.71923828125,-0.15350341796875,0.66925048828125,89.47265625,17147,20394
3.3700310490003176,10.171875,-3.3359375,-1.125,-0.025390625,0.279296875,-1.24609375,-0.1402587890625,-0.75457763671875,0.21343994140625,0.6044921875,10.375,0.3203125,-1.4609375,-0.142578125,0.263671875,-0.97265625,0.10595703125,-0.71923828125,-0.15350341796875,0.66925048828125,89.47265625,17147,18824
3.3800895140002467,10.171875,-3.3359375,-1.125,-0.025390625,0.279296875,-1.24609375,-0.1402587890625,-0.75457763671875,0.21343994140625,0.6044921875,10.91015625,1.8515625,-1.69140625,-0.09375,0.267578125,-1.22265625,0.10595703125,-0.71923828125,-0.15350341796875,0.66925048828125,89.47265625,17803,18824
3.390074377000019,11.29296875,-3.44921875,-1.19921875,-0.015625,0.337890625,-1.453125,-0.1402587890625,-0.75457763671875,0.21343994140625,0.6044921875,10.91015625,1.8515625,-1.69140625,-0.09375,0.267578125,-1.22265625,0.10595703125,-0.71923828125,-0.15350341796875,0.66925048828125,89.384765625,17803,17962
3.4000712719998774,11.29296875,-3.44921875,-1.19921875,-0.015625,0.337890625,-1.453125,-0.12005615234375,-0.7542724609375,0.1949462890625,0.6153564453125,10.91015625,1.8515625,-1.69140625,-0.09375,0.267578125,-1.22265625,0.10595703125,-0.71923828125,-0.15350341796875,0.66925048828125,89.384765625,18370,17962
3.410076934999779,11.29296875,-3.44921875,-1.19921875,-0.015625,0.337890625,-1.453125,-0.12005615234375,-0.7542724609375,0.1949462890625,0.6153564453125,10.91015625,1.8515625,-1.69140625,-0.244140625,0.359375,-1.52734375,0.12347412109375,-0.71221923828125,-0.17254638671875,0.66912841796875,89.384765625,18370,17532
3.4201144079997903,11.29296875,-3.44921875,-1.19921875,-0.015625,0.337890625,-1.453125,-0.12005615234375,-0.7542724609375,0.1949462890625,0.6153564453125,11.4453125,0.47265625,-2.76171875,-0.244140625,0.359375,-1.52734375,0.12347412109375,-0.71221923828125,-0.17254638671875,0.66912841796875,89.296875,19882,17532
3.430023204000463,11.86328125,-3.06640625,-1.73828125,0.015625,0.52734375,-1.962890625,-0.12005615234375,-0.7542724609375,0.1949462890625,0.6153564453125,11.4453125,0.47265625,-2.76171875,-0.244140625,0.359375,-1.52734375,0.12347412109375,-0.71221923828125,-0.17254638671875,0.66912841796875,89.208984375,19882,16020
3.4400774450004974,11.86328125,-3.06640625,-1.73828125,0.015625,0.52734375,-1.962890625,-0.12005615234375,-0.7542724609375,0.1949462890625,0.6153564453125,11.4453125,0.47265625,-2.76171875,-0.2265625,0.478515625,-1.92578125,0.145751953125,-0.70159912109375,-0.19744873046875,0.66900634765625,89.12109375,21316,16020
3.450073796000652,11.86328125,-3.06640625,-1.73828125,0.015625,0.52734375,-1.962890625,-0.12005615234375,-0.7542724609375,0.1949462890625,0.6153564453125,11.4453125,0.47265625,-2.76171875,-0.2265625,0.478515625,-1.92578125,0.145751953125,-0.70159912109375,-0.19744873046875,0.66900634765625,88.9453125,21316,14829
3.460072835000574,12.6640625,-3.87109375,-2.1953125,0.015625,0.52734375,-1.962890625,-0.09283447265625,-0.75201416015625,0.17010498046875,0.6300048828125,12.21484375,0.97265625,-3.0703125,-0.2265625,0.478515625,-1.92578125,0.145751953125,-0.70159912109375,-0.19744873046875,0.66900634765625,88.857421875,22359,14829
3.4700144650005313,12.6640625,-3.87109375,-2.1953125,0.015625,0.52734375,-1.962890625,-0.09283447265625,-0.75201416015625,0.17010498046875,0.6300048828125,12.21484375,0.97265625,-3.0703125,-0.2265625,0.478515625,-1.92578125,0.145751953125,-0.70159912109375,-0.19744873046875,0.66900634765625,88.681640625,22359,13105
3.4800744660005876,12.6640625,-3.87109375,-2.1953125,0.015625,0.52734375,-1.962890625,-0.09283447265625,-0.75201416015625,0.17010498046875,0.6300048828125,12.83203125,0.47265625,-2.11328125,-0.2265625,0.478515625,-1.92578125,0.172607421875,-0.688232421875,-0.2259521484375,0.66741943359375,88.41796875,22682,13105
3.4900726730002134,12.6640625,-3.87109375,-2.1953125,-0.013671875,0.599609375,-2.482421875,-0.0587158203125,-0.7479248046875,0.1380615234375,0.6466064453125,12.83203125,0.47265625,-2.11328125,-0.224609375,0.400390625,-2.26953125,0.172607421875,-0.688232421875,-0.2259521484375,0.66741943359375,88.06640625,22682,8319
3.500071487999776,13.3515625,-4.37109375,-2.04296875,-0.013671875,0.599609375,-2.482421875,-0.0587158203125,-0.7479248046875,0.1380615234375,0.6466064453125,12.83203125,0.47265625,-2.11328125,-0.224609375,0.400390625,-2.26953125,0.172607421875,-0.688232421875,-0.2259521484375,0.66741943359375,87.802734375,23345,8319
3.5100799990004816,13.3515625,-4.37109375,-2.04296875,-0.013671875,0.599609375,-2.482421875,-0.0587158203125,-0.7479248046875,0.1380615234375,0.6466064453125,12.2109375,0.3984375,-1.1171875,-0.224609375,0.400390625,-2.26953125,0.20306396484375,-0.67352294921875,-0.259521484375,0.66162109375,87.451171875,23345,3626
3.520071261999874,13.58984375,-4.25390625,-1.69921875,-0.232421875,0.5703125,-3.078125,-0.01800537109375,-0.74249267578125,0.09539794921875,0.662841796875,12.2109375,0.3984375,-1.1171875,-0.224609375,0.400390625,-2.26953125,0.20306396484375,-0.67352294921875,-0.259521484375,0.66162109375,87.01171875,23560,3626
3.530020603000594,13.58984375,-4.25390625,-1.69921875,-0.232421875,0.5703125,-3.078125,-0.01800537109375,-0.74249267578125,0.09539794921875,0.662841796875,12.2109375,0.3984375,-1.1171875,-0.224609375,0.400390625,-2.26953125,0.20306396484375,-0.67352294921875,-0.259521484375,0.66162109375,86.748046875,23560,1586
3.5400749400005225,13.58984375,-4.25390625,-1.69921875,-0.232421875,0.5703125,-3.078125,-0.01800537109375,-0.74249267578125,0.09539794921875,0.662841796875,12.25390625,-0.67578125,-1.34375,-0.373046875,0.197265625,-2.595703125,0.20306396484375,-0.67352294921875,-0.259521484375,0.66162109375,86.396484375,23991,1586
3.5500749390002966,13.6640625,-4.0625,-1.62109375,-0.20703125,0.634765625,-3.63671875,-0.01800537109375,-0.74249267578125,0.09539794921875,0.662841796875,12.25390625,-0.67578125,-1.34375,-0.373046875,0.197265625,-2.595703125,0.20306396484375,-0.67352294921875,-0.259521484375,0.66162109375,85.869140625,23991,960
3.5600130160000845,13.6640625,-4.0625,-1.62109375,-0.20703125,0.634765625,-3.63671875,-0.01800537109375,-0.74249267578125,0.09539794921875,0.662841796875,12.25390625,-0.67578125,-1.34375,-0.1875,0.146484375,-3.01171875,0.2373046875,-0.6572265625,-0.299560546875,0.649658203125,85.25390625,23764,960
3.570100538000588,13.6640625,-4.0625,-1.62109375,-0.20703125,0.634765625,-3.63671875,0.030517578125,-0.73370361328125,0.04400634765625,0.6773681640625,12.25390625,-0.67578125,-1.34375,-0.1875,0.146484375,-3.01171875,0.2373046875,-0.6572265625,-0.299560546875,0.649658203125,84.90234375,23764,559
3.580101657000341,15.62109375,-1.84375,-0.3203125,-0.20703125,0.634765625,-3.63671875,0.030517578125,-0.73370361328125,0.04400634765625,0.6773681640625,10.98828125,2.7734375,-1.3828125,-0.1875,0.146484375,-3.01171875,0.2373046875,-0.6572265625,-0.299560546875,0.649658203125,84.375,22253,610
3.590072503000556,15.62109375,-1.84375,-0.3203125,-0.20703125,0.634765625,-3.63671875,0.030517578125,-0.73370361328125,0.04400634765625,0.6773681640625,10.98828125,2.7734375,-1.3828125,-0.1875,0.146484375,-3.01171875,0.2373046875,-0.6572265625,-0.299560546875,0.649658203125,83.84765625,22253,610
3.600080342000183,15.62109375,-1.84375,-0.3203125,-0.11328125,0.525390625,-3.80078125,0.084228515625,-0.72149658203125,-0.01019287109375,0.68719482421875,9.953125,7.4453125,-2.07421875,-0.1875,0.146484375,-3.01171875,0.27349853515625,-0.6380615234375,-0.33966064453125,0.63458251953125,83.3203125,19368,610
3.610071828999935,15.62109375,-1.84375,-0.3203125,-0.11328125,0.525390625,-3.80078125,0.084228515625,-0.72149658203125,-0.01019287109375,0.68719482421875,9.953125,7.4453125,-2.07421875,-0.337890625,0.380859375,-2.78125,0.27349853515625,-0.6380615234375,-0.33966064453125,0.63458251953125,82.705078125,19368,137
3.620075763999921,14.01171875,-1.49609375,-0.2421875,-0.11328125,0.525390625,-3.80078125,0.084228515625,-0.72149658203125,-0.01019287109375,0.68719482421875,9.953125,7.4453125,-2.07421875,-0.337890625,0.380859375,-2.78125,0.27349853515625,-0.6380615234375,-0.33966064453125,0.63458251953125,82.08984375,8406,5
3.630069906999779,14.01171875,-1.49609375,-0.2421875,-0.11328125,0.525390625,-3.80078125,0.084228515625,-0.72149658203125,-0.01019287109375,0.68719482421875,9.953125,7.4453125,-2.07421875,-0.337890625,0.380859375,-2.78125,0.27349853515625,-0.6380615234375,-0.33966064453125,0.63458251953125,81.38671875,8406,5
3.6400784500001464,14.01171875,-1.49609375,-0.2421875,-0.11328125,0.525390625,-3.80078125,0.084228515625,-0.72149658203125,-0.01019287109375,0.68719482421875,6.125,6.71875,-1.91796875,-0.337890625,0.380859375,-2.78125,0.30279541015625,-0.61529541015625,-0.37408447265625,0.62432861328125,80.68359375,2329,5
3.6500708969997504,14.01171875,-1.49609375,-0.2421875,-0.126953125,0.58203125,-3.1015625,0.130126953125,-0.7061767578125,-0.05596923828125,0.6937255859375,6.125,6.71875,-1.91796875,-0.337890625,0.380859375,-2.78125,0.30279541015625,-0.61529541015625,-0.37408447265625,0.62432861328125,79.8046875,2329,39
3.6600767840000117,7.41796875,-3.83203125,-0.93359375,-0.126953125,0.58203125,-3.1015625,0.130126953125,-0.7061767578125,-0.05596923828125,0.6937255859375,2.0625,3.26953125,-0.88671875,-0.46484375,0.474609375,-1.849609375,0.30279541015625,-0.61529541015625,-0.37408447265625,0.62432861328125,79.27734375,428,39
3.6700779669999974,7.41796875,-3.83203125,-0.93359375,-0.126953125,0.58203125,-3.1015625,0.130126953125,-0.7061767578125,-0.05596923828125,0.6937255859375,2.0625,3.26953125,-0.88671875,-0.46484375,0.474609375,-1.849609375,0.30279541015625,-0.61529541015625,-0.37408447265625,0.62432861328125,78.837890625,428,302
3.680080877999899,7.41796875,-3.83203125,-0.93359375,-0.126953125,0.58203125,-3.1015625,0.130126953125,-0.7061767578125,-0.05596923828125,0.6937255859375,2.0625,3.26953125,-0.88671875,-0.46484375,0.474609375,-1.849609375,0.30279541015625,-0.61529541015625,-0.37408447265625,0.62432861328125,78.3984375,221,302
3.6900717570006236,2.24609375,-7.0078125,-1.16015625,-0.09375,0.521484375,-1.705078125,0.130126953125,-0.7061767578125,-0.05596923828125,0.6937255859375,2.0625,3.26953125,-0.88671875,-0.447265625,0.36328125,-0.291015625,0.32025146484375,-0.5968017578125,-0.39556884765625,0.620361328125,77.958984375,221,440
3.700073228000292,2.24609375,-7.0078125,-1.16015625,-0.09375,0.521484375,-1.705078125,0.1624755859375,-0.69122314453125,-0.08746337890625,0.69866943359375,0.5703125,7.40625,0.33984375,-0.447265625,0.36328125,-0.291015625,0.32025146484375,-0.5968017578125,-0.39556884765625,0.620361328125,77.607421875,86,440
3.7100714990001507,2.24609375,-7.0078125,-1.16015625,-0.09375,0.521484375,-1.705078125,0.1624755859375,-0.69122314453125,-0.08746337890625,0.69866943359375,0.5703125,7.40625,0.33984375,-0.447265625,0.36328125,-0.291015625,0.31683349609375,-0.59210205078125,-0.3924560546875,0.6285400390625,77.34375,86,1355
3.720079050000095,2.36328125,-9.234375,-0.89453125,0.5703125,-0.064453125,0.68359375,0.1624755859375,-0.69122314453125,-0.08746337890625,0.69866943359375,0.5703125,7.40625,0.33984375,-0.447265625,0.36328125,-0.291015625,0.31683349609375,-0.59210205078125,-0.3924560546875,0.6285400390625,77.255859375,7,1355
3.730075145000228,2.36328125,-9.234375,-0.89453125,0.5703125,-0.064453125,0.68359375,0.1624755859375,-0.69122314453125,-0.08746337890625,0.69866943359375,1.6796875,2.23828125,-0.46484375,0.341796875,0.326171875,1.4609375,0.31683349609375,-0.59210205078125,-0.3924560546875,0.6285400390625,77.255859375,7,4175
3.740100201000132,3.703125,-4.83203125,-1.31640625,0.5703125,-0.064453125,0.68359375,0.167236328125,-0.690673828125,-0.08258056640625,0.69866943359375,1.6796875,2.23828125,-0.46484375,0.341796875,0.326171875,1.4609375,0.31683349609375,-0.59210205078125,-0.3924560546875,0.6285400390625,77.34375,4,4175
3.750071847000072,3.703125,-4.83203125,-1.31640625,0.5703125,-0.064453125,0.68359375,0.167236328125,-0.690673828125,-0.08258056640625,0.69866943359375,1.6796875,2.23828125,-0.46484375,0.341796875,0.326171875,1.4609375,0.31683349609375,-0.59210205078125,-0.3924560546875,0.6285400390625,77.431640625,4,6469
3.76007398999991,3.703125,-4.83203125,-1.31640625,0.5703125,-0.064453125,0.68359375,0.167236328125,-0.690673828125,-0.08258056640625,0.69866943359375,2.25390625,3.5,-0.3125,0.341796875,0.326171875,1.4609375,0.30242919921875,-0.6014404296875,-0.365478515625,0.64276123046875,77.431640625,6,6469
3.7700732530001915,3.703125,-4.83203125,-1.31640625,0.32421875,-0.166015625,2.232421875,0.14935302734375,-0.697998046875,-0.05328369140625,0.69830322265625,2.25390625,3.5,-0.3125,0.115234375,0.02734375,2.251953125,0.30242919921875,-0.6014404296875,-0.365478515625,0.64276123046875,77.607421875,6,10412
3.780072644000029,4.66015625,-2.5703125,-1.62109375,0.32421875,-0.166015625,2.232421875,0.14935302734375,-0.697998046875,-0.05328369140625,0.69830322265625,2.25390625,3.5,-0.3125,0.115234375,0.02734375,2.251953125,0.30242919921875,-0.6014404296875,-0.365478515625,0.64276123046875,77.6953125,4,10412
3.790073762999782,4.66015625,-2.5703125,-1.62109375,0.32421875,-0.166015625,2.232421875,0.14935302734375,-0.697998046875,-0.05328369140625,0.69830322265625,2.25390625,3.5,-0.3125,0.115234375,0.02734375,2.251953125,0.30242919921875,-0.6014404296875,-0.365478515625,0.64276123046875,77.783203125,4,14536
3.8000795859998107,4.66015625,-2.5703125,-1.62109375,0.32421875,-0.166015625,2.232421875,0.14935302734375,-0.697998046875,-0.05328369140625,0.69830322265625,2.90625,3.578125,0.2265625,0.115234375,0.02734375,2.251953125,0.27276611328125,-0.61669921875,-0.33392333984375,0.65863037109375,77.958984375,3,14536
3.8101177939997797,4.66015625,-2.5703125,-1.62109375,-0.220703125,-0.232421875,3.0234375,0.11041259765625,-0.707275390625,-0.01800537109375,0.697998046875,2.90625,3.578125,0.2265625,-0.193359375,-0.34375,2.99609375,0.27276611328125,-0.61669921875,-0.33392333984375,0.65863037109375,78.134765625,3,16970
3.820064384000034,6.19921875,-3.56640625,-0.85546875,-0.220703125,-0.232421875,3.0234375,0.11041259765625,-0.707275390625,-0.01800537109375,0.697998046875,3.9765625,4.57421875,0.6484375,-0.193359375,-0.34375,2.99609375,0.27276611328125,-0.61669921875,-0.33392333984375,0.65863037109375,78.22265625,3,16970
3.8300807989999157,6.19921875,-3.56640625,-0.85546875,-0.220703125,-0.232421875,3.0234375,0.11041259765625,-0.707275390625,-0.01800537109375,0.697998046875,3.9765625,4.57421875,0.6484375,-0.193359375,-0.34375,2.99609375,0.2276611328125,-0.63751220703125,-0.29510498046875,0.67431640625,78.310546875,3,17849
3.8400656620005975,6.19921875,-3.56640625,-0.85546875,-0.220703125,-0.232421875,3.0234375,0.11041259765625,-0.707275390625,-0.01800537109375,0.697998046875,3.9765625,4.57421875,0.6484375,-0.193359375,-0.34375,2.99609375,0.2276611328125,-0.63751220703125,-0.29510498046875,0.67431640625,78.486328125,2,17849
3.8500686050001605,8.41796875,-3.94921875,-1.125,-0.185546875,-0.6796875,3.9296875,0.0556640625,-0.72064208984375,0.0281982421875,0.69049072265625,5.6640625,1.66015625,0.33984375,0.00390625,-0.654296875,3.814453125,0.2276611328125,-0.63751220703125,-0.29510498046875,0.67431640625,78.57421875,2,19330
3.860073212000316,8.41796875,-3.94921875,-1.125,-0.185546875,-0.6796875,3.9296875,0.0556640625,-0.72064208984375,0.0281982421875,0.69049072265625,5.6640625,1.66015625,0.33984375,0.00390625,-0.654296875,3.814453125,0.2276611328125,-0.63751220703125,-0.29510498046875,0.67431640625,78.662109375,3,19330
3.8700647630003004,10.5234375,-3.48828125,-1.69921875,0.068359375,-1.01171875,4.408203125,0.0556640625,-0.72064208984375,0.0281982421875,0.69049072265625,5.6640625,1.66015625,0.33984375,0.00390625,-0.654296875,3.814453125,0.2276611328125,-0.63751220703125,-0.29510498046875,0.67431640625,78.837890625,3,19887
3.8800772100003087,10.5234375,-3.48828125,-1.69921875,0.068359375,-1.01171875,4.408203125,-0.0047607421875,-0.73480224609375,0.085205078125,0.67291259765625,5.6640625,1.66015625,0.33984375,0.474609375,-0.912109375,4.296875,0.17431640625,-0.66436767578125,-0.24261474609375,0.68511962890625,78.92578125,2,19887
3.8900687610002933,10.5234375,-3.48828125,-1.69921875,0.068359375,-1.01171875,4.408203125,-0.0047607421875,-0.73480224609375,0.085205078125,0.67291259765625,7.1953125,2.6171875,-0.08203125,0.474609375,-0.912109375,4.296875,0.17431640625,-0.66436767578125,-0.24261474609375,0.68511962890625,78.92578125,2,20211
3.90007064800011,13.5078125,-3.87109375,-1.8515625,0.068359375,-1.01171875,4.408203125,-0.0047607421875,-0.73480224609375,0.085205078125,0.67291259765625,7.1953125,2.6171875,-0.08203125,0.474609375,-0.912109375,4.296875,0.17431640625,-0.66436767578125,-0.24261474609375,0.68511962890625,79.1015625,4,20491
3.910068406999926,13.5078125,-3.87109375,-1.8515625,0.068359375,-1.01171875,4.408203125,-0.0047607421875,-0.73480224609375,0.085205078125,0.67291259765625,7.1953125,2.6171875,-0.08203125,0.474609375,-0.912109375,4.296875,0.17431640625,-0.66436767578125,-0.24261474609375,0.68511962890625,79.1015625,4,20491
3.920141784000407,13.5078125,-3.87109375,-1.8515625,0.068359375,-1.01171875,4.408203125,-0.0047607421875,-0.73480224609375,0.085205078125,0.67291259765625,9.9921875,2.19921875,-1.5,0.474609375,-0.912109375,4.296875,0.1195068359375,-0.69256591796875,-0.1766357421875,0.6890869140625,79.189453125,2,20491
3.9300746130002153,13.5078125,-3.87109375,-1.8515625,0.505859375,-1.185546875,4.6953125,-0.06378173828125,-0.745361328125,0.15130615234375,0.6461181640625,9.9921875,2.19921875,-1.5,0.931640625,-0.880859375,4.54296875,0.1195068359375,-0.69256591796875,-0.1766357421875,0.6890869140625,79.189453125,2,20609
3.94007691600018,16.765625,-1.57421875,-2.1953125,0.505859375,-1.185546875,4.6953125,-0.06378173828125,-0.745361328125,0.15130615234375,0.6461181640625,9.9921875,2.19921875,-1.5,0.931640625,-0.880859375,4.54296875,0.1195068359375,-0.69256591796875,-0.1766357421875,0.6890869140625,79.27734375,2,20609
3.9500654909998048,16.765625,-1.57421875,-2.1953125,0.244140625,-0.908203125,4.466796875,-0.06378173828125,-0.745361328125,0.15130615234375,0.6461181640625,9.9921875,2.19921875,-1.5,0.931640625,-0.880859375,4.54296875,0.1195068359375,-0.69256591796875,-0.1766357421875,0.6890869140625,79.27734375,2,20281
3.960072177999791,16.765625,-1.57421875,-2.1953125,0.244140625,-0.908203125,4.466796875,-0.06378173828125,-0.745361328125,0.15130615234375,0.6461181640625,12.3671875,4.265625,-2.72265625,0.931640625,-0.880859375,4.54296875,0.0657958984375,-0.71514892578125,-0.10455322265625,0.68792724609375,79.27734375,2,20281
3.9700708649997978,16.765625,-1.57421875,-2.1953125,0.244140625,-0.908203125,4.466796875,-0.06378173828125,-0.745361328125,0.15130615234375,0.6461181640625,12.3671875,4.265625,-2.72265625,0.931640625,-0.880859375,4.54296875,0.0657958984375,-0.71514892578125,-0.10455322265625,0.68792724609375,79.365234375,2,20305
3.980068112000481,19.33203125,1.4140625,-1.5078125,0.244140625,-0.908203125,4.466796875,-0.12249755859375,-0.74810791015625,0.2152099609375,0.61566162109375,13.82421875,6.52734375,-3.68359375,0.294921875,-0.712890625,4.33203125,0.0657958984375,-0.71514892578125,-0.10455322265625,0.68792724609375,79.365234375,5,19862
3.9900701590004246,19.33203125,1.4140625,-1.5078125,0.244140625,-0.908203125,4.466796875,-0.12249755859375,-0.74810791015625,0.2152099609375,0.61566162109375,13.82421875,6.52734375,-3.68359375,0.294921875,-0.712890625,4.33203125,0.0657958984375,-0.71514892578125,-0.10455322265625,0.68792724609375,79.365234375,5,19862
4.000073646000601,18.796875,2.1796875,-0.625,-0.8125,-0.345703125,3.9609375,-0.12249755859375,-0.74810791015625,0.2152099609375,0.61566162109375,13.82421875,6.52734375,-3.68359375,0.294921875,-0.712890625,4.33203125,0.0657958984375,-0.71514892578125,-0.10455322265625,0.68792724609375,79.365234375,1,19862
4.0100711810000575,18.796875,2.1796875,-0.625,-0.8125,-0.345703125,3.9609375,-0.18695068359375,-0.74383544921875,0.25634765625,0.5882568359375,13.82421875,6.52734375,-3.68359375,-0.744140625,-0.642578125,3.78125,0.00311279296875,-0.72796630859375,-0.04754638671875,0.6839599609375,79.365234375,1,19720
4.020022794000397,18.796875,2.1796875,-0.625,-0.8125,-0.345703125,3.9609375,-0.18695068359375,-0.74383544921875,0.25634765625,0.5882568359375,13.32421875,3.921875,-2.1484375,-0.744140625,-0.642578125,3.78125,0.00311279296875,-0.72796630859375,-0.04754638671875,0.6839599609375,79.453125,3,19664
4.030072235000262,18.796875,2.1796875,-0.625,-0.8125,-0.345703125,3.9609375,-0.18695068359375,-0.74383544921875,0.25634765625,0.5882568359375,13.32421875,3.921875,-2.1484375,-0.744140625,-0.642578125,3.78125,0.00311279296875,-0.72796630859375,-0.04754638671875,0.6839599609375,79.453125,3,19664
4.040080169999783,16.19140625,2.44921875,-1.046875,-0.80859375,-0.39453125,3.048828125,-0.18695068359375,-0.74383544921875,0.25634765625,0.5882568359375,13.32421875,3.921875,-2.1484375,-0.744140625,-0.642578125,3.78125,0.00311279296875,-0.72796630859375,-0.04754638671875,0.6839599609375,79.453125,-7,19664
4.050074089000191,16.19140625,2.44921875,-1.046875,-0.80859375,-0.39453125,3.048828125,-0.18695068359375,-0.74383544921875,0.25634765625,0.5882568359375,12.17578125,0.93359375,-0.578125,-0.490234375,-0.7421875,2.744140625,-0.05853271484375,-0.73480224609375,-0.00970458984375,0.6756591796875,79.453125,-7,19188
4.060099240999989,13.8125,5.28515625,-0.85546875,-0.80859375,-0.39453125,3.048828125,-0.24224853515625,-0.73834228515625,0.28173828125,0.56280517578125,12.17578125,0.93359375,-0.578125,-0.490234375,-0.7421875,2.744140625,-0.05853271484375,-0.73480224609375,-0.00970458984375,0.6756591796875,79.453125,5,19393
4.070010852999985,13.8125,5.28515625,-0.85546875,-0.80859375,-0.39453125,3.048828125,-0.24224853515625,-0.73834228515625,0.28173828125,0.56280517578125,12.17578125,0.93359375,-0.578125,-0.490234375,-0.7421875,2.744140625,-0.05853271484375,-0.73480224609375,-0.00970458984375,0.6756591796875,79.453125,5,19393
4.08008135,13.8125,5.28515625,-0.85546875,-0.80859375,-0.39453125,3.048828125,-0.24224853515625,-0.73834228515625,0.28173828125,0.56280517578125,11.6796875,-0.17578125,-0.3125,0.09765625,-0.564453125,1.109375,-0.097900390625,-0.74102783203125,0.01861572265625,0.6640625,79.453125,1,19393
4.0900841650000075,13.8125,5.28515625,-0.85546875,-0.2265625,-0.61328125,1.470703125,-0.2701416015625,-0.73736572265625,0.29931640625,0.54193115234375,11.6796875,-0.17578125,-0.3125,0.09765625,-0.564453125,1.109375,-0.097900390625,-0.74102783203125,0.01861572265625,0.6640625,79.453125,1,19552
4.100083428000289,13.35546875,7.8515625,1.75,-0.2265625,-0.61328125,1.470703125,-0.2701416015625,-0.73736572265625,0.29931640625,0.54193115234375,11.6796875,-0.17578125,-0.3125,0.09765625,-0.564453125,1.109375,-0.097900390625,-0.74102783203125,0.01861572265625,0.6640625,79.27734375,3,19552
4.110072739000316,13.35546875,7.8515625,1.75,-0.2265625,-0.61328125,1.470703125,-0.2701416015625,-0.73736572265625,0.29931640625,0.54193115234375,11.98828125,0.78125,-0.46484375,0.09765625,-0.564453125,1.109375,-0.104248046875,-0.74542236328125,0.03118896484375,0.65765380859375,79.1015625,3,20837
4.120069665999836,13.35546875,7.8515625,1.75,-0.2265625,-0.61328125,1.470703125,-0.2701416015625,-0.73736572265625,0.29931640625,0.54193115234375,11.98828125,0.78125,-0.46484375,0.09765625,-0.564453125,1.109375,-0.104248046875,-0.74542236328125,0.03118896484375,0.65765380859375,78.92578125,2,20837
4.130079008999928,13.35546875,7.8515625,1.75,0.513671875,-0.359375,-0.7109375,-0.2618408203125,-0.740234375,0.30364990234375,0.53973388671875,11.98828125,0.78125,-0.46484375,0.09765625,-0.564453125,1.109375,-0.104248046875,-0.74542236328125,0.03118896484375,0.65765380859375,78.662109375,2,23708
4.140006110000286,19.60546875,12.79296875,4.0859375,0.513671875,-0.359375,-0.7109375,-0.2618408203125,-0.740234375,0.30364990234375,0.53973388671875,17.38671875,-1.171875,0.1484375,1.09375,-0.037109375,-1.263671875,-0.104248046875,-0.74542236328125,0.03118896484375,0.65765380859375,78.3984375,6,23708
4.150073663000512,19.60546875,12.79296875,4.0859375,0.513671875,-0.359375,-0.7109375,-0.2618408203125,-0.740234375,0.30364990234375,0.53973388671875,17.38671875,-1.171875,0.1484375,1.09375,-0.037109375,-1.263671875,-0.104248046875,-0.74542236328125,0.03118896484375,0.65765380859375,78.134765625,6,24915
4.160074141999758,19.60546875,12.79296875,4.0859375,0.513671875,-0.359375,-0.7109375,-0.2618408203125,-0.740234375,0.30364990234375,0.53973388671875,17.38671875,-1.171875,0.1484375,-0.1171875,0.26171875,-1.783203125,-0.0665283203125,-0.74627685546875,0.02490234375,0.66180419921875,77.6953125,-4,24915
4.1700618849999955,12.58984375,-5.90234375,0.75390625,0.470703125,0.578125,-2.23046875,-0.22113037109375,-0.7431640625,0.2855224609375,0.563232421875,11.2578125,1.5078125,-3.64453125,-0.1171875,0.26171875,-1.783203125,-0.0665283203125,-0.74627685546875,0.02490234375,0.66180419921875,77.431640625,-4,25697
4.180075100000067,12.58984375,-5.90234375,0.75390625,0.470703125,0.578125,-2.23046875,-0.22113037109375,-0.7431640625,0.2855224609375,0.563232421875,11.2578125,1.5078125,-3.64453125,-0.1171875,0.26171875,-1.783203125,-0.0665283203125,-0.74627685546875,0.02490234375,0.66180419921875,77.34375,2,25697
4.190073370999926,12.58984375,-5.90234375,0.75390625,0.470703125,0.578125,-2.23046875,-0.22113037109375,-0.7431640625,0.2855224609375,0.563232421875,11.2578125,1.5078125,-3.64453125,-0.1171875,0.26171875,-1.783203125,-0.0665283203125,-0.74627685546875,0.02490234375,0.66180419921875,77.34375,2,26009
4.200128700000278,8.4921875,-5.94140625,-0.96875,-0.029296875,0.37109375,-2.103515625,-0.22113037109375,-0.7431640625,0.2855224609375,0.563232421875,11.2578125,1.5078125,-3.64453125,-0.1171875,0.26171875,-1.783203125,-0.0665283203125,-0.74627685546875,0.02490234375,0.66180419921875,77.34375,-3,26009
4.210065913000108,8.4921875,-5.94140625,-0.96875,-0.029296875,0.37109375,-2.103515625,-0.22113037109375,-0.7431640625,0.2855224609375,0.563232421875,7.96484375,-2.0546875,0.45703125,-0.197265625,0.15625,-1.837890625,-0.03753662109375,-0.744140625,0.00054931640625,0.6669921875,77.51953125,-3,25745
4.220019733999834,11.5546875,-5.55859375,-1.046875,-0.029296875,0.37109375,-2.103515625,-0.1895751953125,-0.74676513671875,0.25579833984375,0.583984375,7.96484375,-2.0546875,0.45703125,-0.197265625,0.15625,-1.837890625,-0.03753662109375,-0.744140625,0.00054931640625,0.6669921875,77.6953125,-3,25745
4.230064471000333,11.5546875,-5.55859375,-1.046875,-0.029296875,0.37109375,-2.103515625,-0.1895751953125,-0.74676513671875,0.25579833984375,0.583984375,9.6875,4.7265625,-0.12109375,-0.197265625,0.15625,-1.837890625,-0.01690673828125,-0.7435302734375,-0.02618408203125,0.66796875,77.958984375,0,25745
4.24007599000015,11.5546875,-5.55859375,-1.046875,-0.228515625,0.0390625,-0.755859375,-0.173828125,-0.7509765625,0.237548828125,0.59112548828125,9.6875,4.7265625,-0.12109375,-0.197265625,0.15625,-1.837890625,-0.01690673828125,-0.7435302734375,-0.02618408203125,0.66796875,78.134765625,0,25808
4.250065973000346,11.5546875,-5.55859375,-1.046875,-0.228515625,0.0390625,-0.755859375,-0.173828125,-0.7509765625,0.237548828125,0.59112548828125,9.6875,4.7265625,-0.12109375,-0.603515625,-0.025390625,-0.89453125,-0.01690673828125,-0.7435302734375,-0.02618408203125,0.66796875,78.3984375,4,25808
4.260067732000607,10.671875,-4.6015625,-1.96484375,-0.228515625,0.0390625,-0.755859375,-0.173828125,-0.7509765625,0.237548828125,0.59112548828125,9.6875,4.7265625,-0.12109375,-0.603515625,-0.025390625,-0.89453125,-0.01690673828125,-0.7435302734375,-0.02618408203125,0.66796875,78.57421875,4,25633
4.270075891000488,10.671875,-4.6015625,-1.96484375,-0.228515625,0.0390625,-0.755859375,-0.173828125,-0.7509765625,0.237548828125,0.59112548828125,8.9921875,3.65234375,-2.45703125,-0.603515625,-0.025390625,-0.89453125,-0.01275634765625,-0.74359130859375,-0.04522705078125,0.66693115234375,78.92578125,4,25633
4.28012321999995,10.671875,-4.6015625,-1.96484375,-0.12109375,0.015625,-0.306640625,-0.170166015625,-0.75372314453125,0.2301025390625,0.59161376953125,8.9921875,3.65234375,-2.45703125,-0.603515625,-0.025390625,-0.89453125,-0.01275634765625,-0.74359130859375,-0.04522705078125,0.66693115234375,79.1015625,4,25770
4.290071473000353,9.140625,-4.63671875,-2.42578125,-0.12109375,0.015625,-0.306640625,-0.170166015625,-0.75372314453125,0.2301025390625,0.59161376953125,8.9921875,3.65234375,-2.45703125,-0.603515625,-0.025390625,-0.89453125,-0.01275634765625,-0.74359130859375,-0.04522705078125,0.66693115234375,79.27734375,3,25770
4.300066096000592,9.140625,-4.63671875,-2.42578125,-0.12109375,0.015625,-0.306640625,-0.170166015625,-0.75372314453125,0.2301025390625,0.59161376953125,9.57421875,-1.13671875,-2.6484375,-0.228515625,0.05859375,-0.71484375,-0.01275634765625,-0.74359130859375,-0.04522705078125,0.66693115234375,79.453125,4,25916
4.310071951000282,9.140625,-4.63671875,-2.42578125,-0.12109375,0.015625,-0.306640625,-0.170166015625,-0.75372314453125,0.2301025390625,0.59161376953125,9.57421875,-1.13671875,-2.6484375,-0.228515625,0.05859375,-0.71484375,-0.01275634765625,-0.74359130859375,-0.04522705078125,0.66693115234375,79.62890625,4,25916
4.32008955099991,9.140625,-4.63671875,-2.42578125,-0.12109375,0.015625,-0.306640625,-0.170166015625,-0.75372314453125,0.2301025390625,0.59161376953125,9.57421875,-1.13671875,-2.6484375,-0.228515625,0.05859375,-0.71484375,-0.01275634765625,-0.74359130859375,-0.04522705078125,0.66693115234375,79.892578125,4,26131
4.33011681500011,9.6796875,-3.796875,-1.46875,-0.125,-0.03125,-0.083984375,-0.170166015625,-0.75372314453125,0.2301025390625,0.59161376953125,9.57421875,-1.13671875,-2.6484375,-0.232421875,-0.09765625,-0.390625,-0.00677490234375,-0.74346923828125,-0.05682373046875,0.66632080078125,80.15625,4,26131
4.340070668000408,9.6796875,-3.796875,-1.46875,-0.125,-0.03125,-0.083984375,-0.16802978515625,-0.7547607421875,0.22576904296875,0.59259033203125,9.69140625,1.46875,-0.84765625,-0.232421875,-0.09765625,-0.390625,-0.00677490234375,-0.74346923828125,-0.05682373046875,0.66632080078125,80.33203125,4,26157
4.350072651000119,10.17578125,-3.3359375,-1.046875,-0.09765625,-0.0859375,-0.021484375,-0.16802978515625,-0.7547607421875,0.22576904296875,0.59259033203125,9.69140625,1.46875,-0.84765625,-0.232421875,-0.09765625,-0.390625,-0.00677490234375,-0.74346923828125,-0.05682373046875,0.66632080078125,80.595703125,4,26157
4.360065098000632,10.17578125,-3.3359375,-1.046875,-0.09765625,-0.0859375,-0.021484375,-0.16802978515625,-0.7547607421875,0.22576904296875,0.59259033203125,9.69140625,1.46875,-0.84765625,-0.232421875,-0.09765625,-0.390625,-0.00677490234375,-0.74346923828125,-0.05682373046875,0.66632080078125,80.947265625,2,26157
4.370070537000174,10.17578125,-3.3359375,-1.046875,-0.09765625,-0.0859375,-0.021484375,-0.16510009765625,-0.756103515625,0.22076416015625,0.59356689453125,10.33984375,-0.0625,-1.26953125,-0.099609375,-0.1171875,-0.486328125,-0.003173828125,-0.7445068359375,-0.06561279296875,0.66436767578125,81.2109375,2,26104
4.380077255999822,10.29296875,-3.18359375,-1.23828125,-0.09765625,-0.0859375,-0.021484375,-0.16510009765625,-0.756103515625,0.22076416015625,0.59356689453125,10.33984375,-0.0625,-1.26953125,-0.099609375,-0.1171875,-0.486328125,-0.003173828125,-0.7445068359375,-0.06561279296875,0.66436767578125,81.474609375,2,26104
4.3900716870002725,10.29296875,-3.18359375,-1.23828125,-0.09765625,-0.0859375,-0.021484375,-0.16510009765625,-0.756103515625,0.22076416015625,0.59356689453125,10.5234375,0.703125,-2.41796875,-0.099609375,-0.1171875,-0.486328125,0.00299072265625,-0.74542236328125,-0.0731201171875,0.66253662109375,82.001953125,456,26104
4.400066598000194,10.29296875,-3.18359375,-1.23828125,-0.09765625,-0.0859375,-0.021484375,-0.16510009765625,-0.756103515625,0.22076416015625,0.59356689453125,10.5234375,0.703125,-2.41796875,0.046875,0.033203125,-0.564453125,0.00299072265625,-0.74542236328125,-0.0731201171875,0.66253662109375,82.44140625,456,26079
4.410077573000308,10.29296875,-3.18359375,-1.23828125,-0.001953125,-0.03125,0.041015625,-0.162841796875,-0.75665283203125,0.21820068359375,0.59442138671875,10.5234375,0.703125,-2.41796875,0.046875,0.033203125,-0.564453125,0.00299072265625,-0.74542236328125,-0.0731201171875,0.66253662109375,82.79296875,250,26079
4.42008314099985,10.2109375,-3.18359375,-1.7734375,-0.001953125,-0.03125,0.041015625,-0.162841796875,-0.75665283203125,0.21820068359375,0.59442138671875,10.45703125,-0.21484375,-2.87890625,0.046875,0.033203125,-0.564453125,0.00299072265625,-0.74542236328125,-0.0731201171875,0.66253662109375,83.232421875,250,26068
4.43007561900049,10.2109375,-3.18359375,-1.7734375,-0.001953125,-0.03125,0.041015625,-0.162841796875,-0.75665283203125,0.21820068359375,0.59442138671875,10.45703125,-0.21484375,-2.87890625,0.046875,0.033203125,-0.564453125,0.0133056640625,-0.74468994140625,-0.0802001953125,0.66241455078125,83.583984375,440,26068
4.440076322000095,10.2109375,-3.18359375,-1.7734375,0.064453125,0.064453125,0.03515625,-0.16119384765625,-0.755615234375,0.217529296875,0.596435546875,10.45703125,-0.21484375,-2.87890625,0.046875,0.033203125,-0.564453125,0.0133056640625,-0.74468994140625,-0.0802001953125,0.66241455078125,84.0234375,440,26158
4.450153956000577,9.90625,-3.48828125,-1.69921875,0.064453125,0.064453125,0.03515625,-0.16119384765625,-0.755615234375,0.217529296875,0.596435546875,10.45703125,-0.21484375,-2.87890625,0.046875,0.033203125,-0.564453125,0.0133056640625,-0.74468994140625,-0.0802001953125,0.66241455078125,84.55078125,361,26158
4.460072192000553,9.90625,-3.48828125,-1.69921875,0.064453125,0.064453125,0.03515625,-0.16119384765625,-0.755615234375,0.217529296875,0.596435546875,10.2578125,0.05078125,-2.3046875,0.0703125,0.115234375,-0.75390625,0.0133056640625,-0.74468994140625,-0.0802001953125,0.66241455078125,84.990234375,773,26068
4.470065567000347,9.90625,-3.48828125,-1.69921875,0.064453125,0.064453125,0.03515625,-0.16119384765625,-0.755615234375,0.217529296875,0.596435546875,10.2578125,0.05078125,-2.3046875,0.0703125,0.115234375,-0.75390625,0.0133056640625,-0.74468994140625,-0.0802001953125,0.66241455078125,85.341796875,773,26068
4.480080381999869,9.90625,-3.48828125,-1.69921875,0.064453125,0.064453125,0.03515625,-0.16119384765625,-0.755615234375,0.217529296875,0.596435546875,10.2578125,0.05078125,-2.3046875,0.0703125,0.115234375,-0.75390625,0.0133056640625,-0.74468994140625,-0.0802001953125,0.66241455078125,85.95703125,773,26002
4.490070397000636,9.6015625,-3.94921875,-1.390625,0.0625,0.080078125,-0.03125,-0.1591796875,-0.75445556640625,0.21661376953125,0.59881591796875,10.109375,0.20703125,-1.5,0.06640625,0.08984375,-0.8046875,0.0263671875,-0.744873046875,-0.08966064453125,0.66058349609375,86.396484375,1919,26002
4.50009234800018,9.6015625,-3.94921875,-1.390625,0.0625,0.080078125,-0.03125,-0.1591796875,-0.75445556640625,0.21661376953125,0.59881591796875,10.109375,0.20703125,-1.5,0.06640625,0.08984375,-0.8046875,0.0263671875,-0.744873046875,-0.08966064453125,0.66058349609375,86.572265625,2914,26114
4.5100630020006065,9.6015625,-3.94921875,-1.390625,0.0625,0.080078125,-0.03125,-0.1591796875,-0.75445556640625,0.21661376953125,0.59881591796875,10.109375,0.20703125,-1.5,0.06640625,0.08984375,-0.8046875,0.0263671875,-0.744873046875,-0.08966064453125,0.66058349609375,87.01171875,2914,26114
4.520088858000236,9.5234375,-4.140625,-1.5078125,-0.001953125,0.064453125,-0.0859375,-0.1591796875,-0.75445556640625,0.21661376953125,0.59881591796875,10.109375,0.20703125,-1.5,0.06640625,0.08984375,-0.8046875,0.0263671875,-0.744873046875,-0.08966064453125,0.66058349609375,87.36328125,2914,25859
4.53006588000062,9.5234375,-4.140625,-1.5078125,-0.001953125,0.064453125,-0.0859375,-0.1571044921875,-0.7537841796875,0.21478271484375,0.60089111328125,10.07421875,0.8203125,-1.7265625,-0.083984375,0.068359375,-0.744140625,0.038818359375,-0.744873046875,-0.09967041015625,0.65863037109375,87.71484375,4765,25859
4.540073590999782,9.52734375,-4.37109375,-1.5078125,-0.001953125,0.064453125,-0.0859375,-0.1571044921875,-0.7537841796875,0.21478271484375,0.60089111328125,10.07421875,0.8203125,-1.7265625,-0.083984375,0.068359375,-0.744140625,0.038818359375,-0.744873046875,-0.09967041015625,0.65863037109375,87.978515625,4765,25912
4.5501457199998185,9.52734375,-4.37109375,-1.5078125,-0.001953125,0.064453125,-0.0859375,-0.1571044921875,-0.7537841796875,0.21478271484375,0.60089111328125,10.07421875,0.8203125,-1.7265625,-0.083984375,0.068359375,-0.744140625,0.038818359375,-0.744873046875,-0.09967041015625,0.65863037109375,88.2421875,4765,25912
4.560071796000557,9.52734375,-4.37109375,-1.5078125,-0.001953125,0.064453125,-0.0859375,-0.1571044921875,-0.7537841796875,0.21478271484375,0.60089111328125,10.296875,0.51171875,-2.1484375,-0.083984375,0.068359375,-0.744140625,0.048828125,-0.74407958984375,-0.1107177734375,0.65704345703125,88.41796875,7847,25758
4.57010232399989,9.52734375,-4.37109375,-1.5078125,-0.033203125,0.11328125,-0.19921875,-0.15423583984375,-0.75311279296875,0.2109375,0.60382080078125,10.296875,0.51171875,-2.1484375,-0.083984375,0.068359375,-0.744140625,0.048828125,-0.74407958984375,-0.1107177734375,0.65704345703125,88.681640625,9125,25758
4.580094291000023,9.64453125,-4.33203125,-1.58203125,-0.033203125,0.11328125,-0.19921875,-0.15423583984375,-0.75311279296875,0.2109375,0.60382080078125,10.296875,1.203125,-1.99609375,-0.138671875,0.080078125,-0.681640625,0.048828125,-0.74407958984375,-0.1107177734375,0.65704345703125,88.857421875,9125,25565
4.590065328000492,9.64453125,-4.33203125,-1.58203125,-0.064453125,0.14453125,-0.271484375,-0.15423583984375,-0.75311279296875,0.2109375,0.60382080078125,10.296875,1.203125,-1.99609375,-0.138671875,0.080078125,-0.681640625,0.048828125,-0.74407958984375,-0.1107177734375,0.65704345703125,89.033203125,9125,25565
4.60012971300057,9.64453125,-4.33203125,-1.58203125,-0.064453125,0.14453125,-0.271484375,-0.15423583984375,-0.75311279296875,0.2109375,0.60382080078125,10.296875,1.203125,-1.99609375,-0.138671875,0.080078125,-0.681640625,0.048828125,-0.74407958984375,-0.1107177734375,0.65704345703125,89.208984375,10040,25565
4.6100203650003095,9.64453125,-4.33203125,-1.58203125,-0.064453125,0.14453125,-0.271484375,-0.15423583984375,-0.75311279296875,0.2109375,0.60382080078125,10.33984375,1.0859375,-1.95703125,-0.15625,0.09765625,-0.591796875,0.05682373046875,-0.7427978515625,-0.1214599609375,0.65594482421875,89.384765625,10040,25364
4.620080589000281,9.71875,-4.21875,-1.58203125,-0.064453125,0.14453125,-0.271484375,-0.1510009765625,-0.75244140625,0.20574951171875,0.607177734375,10.33984375,1.0859375,-1.95703125,-0.15625,0.09765625,-0.591796875,0.05682373046875,-0.7427978515625,-0.1214599609375,0.65594482421875,89.47265625,12222,25337
4.630080939999971,9.71875,-4.21875,-1.58203125,-0.064453125,0.14453125,-0.271484375,-0.1510009765625,-0.75244140625,0.20574951171875,0.607177734375,10.33984375,1.0859375,-1.95703125,-0.15625,0.09765625,-0.591796875,0.05682373046875,-0.7427978515625,-0.1214599609375,0.65594482421875,89.6484375,12222,25337
4.640074347000336,9.828125,-3.87109375,-1.31640625,-0.0625,0.1328125,-0.337890625,-0.1510009765625,-0.75244140625,0.20574951171875,0.607177734375,10.33984375,1.0859375,-1.95703125,-0.15625,0.09765625,-0.591796875,0.05682373046875,-0.7427978515625,-0.1214599609375,0.65594482421875,89.82421875,12219,25337
4.650065225000617,9.828125,-3.87109375,-1.31640625,-0.0625,0.1328125,-0.337890625,-0.1468505859375,-0.751953125,0.199951171875,0.61077880859375,10.296875,1.23828125,-1.65234375,-0.119140625,0.1015625,-0.58984375,0.06414794921875,-0.74127197265625,-0.13092041015625,0.6551513671875,89.912109375,12219,24799
4.660142665999956,9.828125,-3.87109375,-1.31640625,-0.0625,0.1328125,-0.337890625,-0.1468505859375,-0.751953125,0.199951171875,0.61077880859375,10.296875,1.23828125,-1.65234375,-0.119140625,0.1015625,-0.58984375,0.06414794921875,-0.74127197265625,-0.13092041015625,0.6551513671875,90.0,14535,24799
4.670063782999932,9.828125,-3.87109375,-1.31640625,-0.0625,0.1328125,-0.337890625,-0.1468505859375,-0.751953125,0.199951171875,0.61077880859375,10.375,1.27734375,-2.265625,-0.119140625,0.1015625,-0.58984375,0.07177734375,-0.73919677734375,-0.14056396484375,0.65472412109375,90.087890625,14535,24670
4.680065444999855,9.828125,-3.87109375,-1.31640625,-0.0625,0.1328125,-0.337890625,-0.1468505859375,-0.751953125,0.199951171875,0.61077880859375,10.375,1.27734375,-2.265625,-0.119140625,0.1015625,-0.58984375,0.07177734375,-0.73919677734375,-0.14056396484375,0.65472412109375,90.17578125,14563,24670
4.6900799089999055,9.91015625,-3.71875,-1.46875,-0.076171875,0.205078125,-0.46484375,-0.1412353515625,-0.75115966796875,0.19232177734375,0.615478515625,10.375,1.27734375,-2.265625,-0.146484375,0.162109375,-0.6484375,0.07177734375,-0.73919677734375,-0.14056396484375,0.65472412109375,90.263671875,14563,24256
4.700069186999826,9.91015625,-3.71875,-1.46875,-0.076171875,0.205078125,-0.46484375,-0.1412353515625,-0.75115966796875,0.19232177734375,0.615478515625,10.26171875,1.23828125,-1.95703125,-0.146484375,0.162109375,-0.6484375,0.07177734375,-0.73919677734375,-0.14056396484375,0.65472412109375,90.3515625,15818,24256
4.7100721940005315,9.91015625,-3.71875,-1.46875,-0.076171875,0.205078125,-0.46484375,-0.1412353515625,-0.75115966796875,0.19232177734375,0.615478515625,10.26171875,1.23828125,-1.95703125,-0.146484375,0.162109375,-0.6484375,0.07177734375,-0.73919677734375,-0.14056396484375,0.65472412109375,90.3515625,15818,24104
4.720121217999804,9.8671875,-3.52734375,-1.31640625,-0.0546875,0.2421875,-0.634765625,-0.1412353515625,-0.75115966796875,0.19232177734375,0.615478515625,10.26171875,1.23828125,-1.95703125,-0.13671875,0.232421875,-0.7578125,0.08056640625,-0.7359619140625,-0.15106201171875,0.655029296875,90.439453125,16516,24104
4.730071775000397,9.8671875,-3.52734375,-1.31640625,-0.0546875,0.2421875,-0.634765625,-0.1412353515625,-0.75115966796875,0.19232177734375,0.615478515625,10.26171875,1.23828125,-1.95703125,-0.13671875,0.232421875,-0.7578125,0.08056640625,-0.7359619140625,-0.15106201171875,0.655029296875,90.439453125,16516,23454
4.740063197999916,9.91015625,-3.375,-1.16015625,-0.0546875,0.2421875,-0.634765625,-0.133544921875,-0.7501220703125,0.18310546875,0.62127685546875,10.375,1.31640625,-2.03515625,-0.13671875,0.232421875,-0.7578125,0.08056640625,-0.7359619140625,-0.15106201171875,0.655029296875,90.439453125,17137,23454
4.750073213000178,9.91015625,-3.375,-1.16015625,-0.03125,0.296875,-0.873046875,-0.133544921875,-0.7501220703125,0.18310546875,0.62127685546875,10.375,1.31640625,-2.03515625,-0.13671875,0.232421875,-0.7578125,0.08056640625,-0.7359619140625,-0.15106201171875,0.655029296875,90.439453125,17137,22731
4.760073500000544,9.91015625,-3.375,-1.16015625,-0.03125,0.296875,-0.873046875,-0.133544921875,-0.7501220703125,0.18310546875,0.62127685546875,10.375,1.31640625,-2.03515625,-0.13671875,0.232421875,-0.7578125,0.08056640625,-0.7359619140625,-0.15106201171875,0.655029296875,90.439453125,17094,22731
4.770073435000086,9.91015625,-3.375,-1.16015625,-0.03125,0.296875,-0.873046875,-0.133544921875,-0.7501220703125,0.18310546875,0.62127685546875,10.2578125,1.01171875,-1.8828125,-0.12109375,0.3125,-0.92578125,0.09130859375,-0.7313232421875,-0.162841796875,0.656005859375,90.439453125,17094,22008
4.780067321000388,9.83203125,-3.2578125,-1.23828125,-0.03125,0.296875,-0.873046875,-0.12237548828125,-0.74871826171875,0.17120361328125,0.62860107421875,10.2578125,1.01171875,-1.8828125,-0.12109375,0.3125,-0.92578125,0.09130859375,-0.7313232421875,-0.162841796875,0.656005859375,90.3515625,17595,22008
4.790072855999824,9.83203125,-3.2578125,-1.23828125,-0.03125,0.296875,-0.873046875,-0.12237548828125,-0.74871826171875,0.17120361328125,0.62860107421875,10.2578125,1.01171875,-1.8828125,-0.12109375,0.3125,-0.92578125,0.09130859375,-0.7313232421875,-0.162841796875,0.656005859375,90.3515625,17595,20927
4.800066454999978,10.17578125,-3.18359375,-1.31640625,0.0234375,0.35546875,-1.11328125,-0.12237548828125,-0.74871826171875,0.17120361328125,0.62860107421875,10.2578125,1.01171875,-1.8828125,-0.12109375,0.3125,-0.92578125,0.09130859375,-0.7313232421875,-0.162841796875,0.656005859375,90.3515625,17526,20927
4.810066902000472,10.17578125,-3.18359375,-1.31640625,0.0234375,0.35546875,-1.11328125,-0.12237548828125,-0.74871826171875,0.17120361328125,0.62860107421875,10.296875,1.27734375,-1.95703125,-0.111328125,0.369140625,-1.130859375,0.10516357421875,-0.7252197265625,-0.1763916015625,0.6572265625,90.3515625,17526,19820
4.820073589000458,10.17578125,-3.18359375,-1.31640625,0.0234375,0.35546875,-1.11328125,-0.10699462890625,-0.74676513671875,0.15667724609375,0.637451171875,10.296875,1.27734375,-1.95703125,-0.111328125,0.369140625,-1.130859375,0.10516357421875,-0.7252197265625,-0.1763916015625,0.6572265625,90.263671875,18239,19820
4.830070067000634,10.17578125,-3.18359375,-1.31640625,0.0234375,0.35546875,-1.11328125,-0.10699462890625,-0.74676513671875,0.15667724609375,0.637451171875,10.296875,1.27734375,-1.95703125,-0.111328125,0.369140625,-1.130859375,0.10516357421875,-0.7252197265625,-0.1763916015625,0.6572265625,90.263671875,18239,18407
4.840082642000198,12.09765625,-3.52734375,-1.58203125,0.03125,0.513671875,-1.318359375,-0.10699462890625,-0.74676513671875,0.15667724609375,0.637451171875,11.9453125,2.54296875,-2.6484375,-0.111328125,0.369140625,-1.130859375,0.12139892578125,-0.71722412109375,-0.192626953125,0.65863037109375,90.17578125,18871,18407
4.850065489000372,12.09765625,-3.52734375,-1.58203125,0.03125,0.513671875,-1.318359375,-0.0882568359375,-0.742919921875,0.1392822265625,0.6488037109375,11.9453125,2.54296875,-2.6484375,-0.21875,0.4765625,-1.298828125,0.12139892578125,-0.71722412109375,-0.192626953125,0.65863037109375,90.087890625,18871,16744
4.860092687999895,11.859375,-3.98828125,-2.3125,0.03125,0.513671875,-1.318359375,-0.0882568359375,-0.742919921875,0.1392822265625,0.6488037109375,12.0625,1.203125,-2.953125,-0.21875,0.4765625,-1.298828125,0.12139892578125,-0.71722412109375,-0.192626953125,0.65863037109375,90.0,19972,16744
4.87006215800011,11.859375,-3.98828125,-2.3125,0.068359375,0.609375,-1.73046875,-0.0882568359375,-0.742919921875,0.1392822265625,0.6488037109375,12.0625,1.203125,-2.953125,-0.21875,0.4765625,-1.298828125,0.12139892578125,-0.71722412109375,-0.192626953125,0.65863037109375,89.82421875,19972,16744
4.880082957000013,11.859375,-3.98828125,-2.3125,0.068359375,0.609375,-1.73046875,-0.0645751953125,-0.7374267578125,0.1175537109375,0.66192626953125,12.0625,1.203125,-2.953125,-0.123046875,0.4921875,-1.591796875,0.140380859375,-0.70672607421875,-0.21234130859375,0.66015625,89.6484375,19972,14541
4.89007204400059,11.859375,-3.98828125,-2.3125,0.068359375,0.609375,-1.73046875,-0.0645751953125,-0.7374267578125,0.1175537109375,0.66192626953125,12.2109375,0.58984375,-1.765625,-0.123046875,0.4921875,-1.591796875,0.140380859375,-0.70672607421875,-0.21234130859375,0.66015625,89.47265625,21480,14541
4.900063625999792,12.2421875,-4.0234375,-1.35546875,0.068359375,0.609375,-1.73046875,-0.0645751953125,-0.7374267578125,0.1175537109375,0.66192626953125,12.2109375,0.58984375,-1.765625,-0.123046875,0.4921875,-1.591796875,0.140380859375,-0.70672607421875,-0.21234130859375,0.66015625,89.384765625,22438,9568
4.91006624900001,12.2421875,-4.0234375,-1.35546875,0.068359375,0.609375,-1.73046875,-0.0645751953125,-0.7374267578125,0.1175537109375,0.66192626953125,12.2109375,0.58984375,-1.765625,-0.123046875,0.4921875,-1.591796875,0.140380859375,-0.70672607421875,-0.21234130859375,0.66015625,89.12109375,22438,9568
4.920068488000652,12.2421875,-4.0234375,-1.35546875,0.068359375,0.609375,-1.73046875,-0.0645751953125,-0.7374267578125,0.1175537109375,0.66192626953125,11.75390625,0.58984375,-0.65625,-0.123046875,0.4921875,-1.591796875,0.16424560546875,-0.69500732421875,-0.2347412109375,0.659423828125,88.857421875,22438,6759
4.93006307900032,12.2421875,-4.0234375,-1.35546875,0.041015625,0.58203125,-2.189453125,-0.03411865234375,-0.73138427734375,0.089599609375,0.67523193359375,11.75390625,0.58984375,-0.65625,-0.125,0.388671875,-1.923828125,0.16424560546875,-0.69500732421875,-0.2347412109375,0.659423828125,88.505859375,22878,6759
4.9400713980003275,12.3203125,-3.94921875,-0.89453125,0.041015625,0.58203125,-2.189453125,-0.03411865234375,-0.73138427734375,0.089599609375,0.67523193359375,11.75390625,0.58984375,-0.65625,-0.125,0.388671875,-1.923828125,0.16424560546875,-0.69500732421875,-0.2347412109375,0.659423828125,88.2421875,23308,2872
4.950022339000498,12.3203125,-3.94921875,-0.89453125,0.041015625,0.58203125,-2.189453125,-0.03411865234375,-0.73138427734375,0.089599609375,0.67523193359375,11.75390625,0.58984375,-0.65625,-0.125,0.388671875,-1.923828125,0.16424560546875,-0.69500732421875,-0.2347412109375,0.659423828125,87.978515625,23308,2872
4.960081060000448,12.3203125,-3.94921875,-0.89453125,0.041015625,0.58203125,-2.189453125,-0.03411865234375,-0.73138427734375,0.089599609375,0.67523193359375,11.14453125,0.47265625,-0.92578125,-0.125,0.388671875,-1.923828125,0.19189453125,-0.68292236328125,-0.2618408203125,0.6544189453125,87.626953125,23308,1894
4.970044129000598,12.4375,-3.375,-1.390625,-0.12109375,0.5546875,-2.767578125,0.00286865234375,-0.724609375,0.0523681640625,0.68719482421875,11.14453125,0.47265625,-0.92578125,-0.125,0.388671875,-1.923828125,0.19189453125,-0.68292236328125,-0.2618408203125,0.6544189453125,87.275390625,23461,1894
4.980075872999805,12.4375,-3.375,-1.390625,-0.12109375,0.5546875,-2.767578125,0.00286865234375,-0.724609375,0.0523681640625,0.68719482421875,9.453125,1.1640625,-0.6953125,-0.2109375,0.19921875,-2.3203125,0.19189453125,-0.68292236328125,-0.2618408203125,0.6544189453125,86.8359375,23461,823
4.990060574999916,11.90234375,-2.76171875,-0.93359375,-0.224609375,0.509765625,-3.271484375,0.00286865234375,-0.724609375,0.0523681640625,0.68719482421875,9.453125,1.1640625,-0.6953125,-0.2109375,0.19921875,-2.3203125,0.19189453125,-0.68292236328125,-0.2618408203125,0.6544189453125,86.396484375,23857,823
5.0000722539998605,11.90234375,-2.76171875,-0.93359375,-0.224609375,0.509765625,-3.271484375,0.00286865234375,-0.724609375,0.0523681640625,0.68719482421875,9.453125,1.1640625,-0.6953125,-0.2109375,0.19921875,-2.3203125,0.19189453125,-0.68292236328125,-0.2618408203125,0.6544189453125,85.869140625,23857,948
5.0100628130003315,11.90234375,-2.76171875,-0.93359375,-0.224609375,0.509765625,-3.271484375,0.0460205078125,-0.7154541015625,0.00543212890625,0.6971435546875,9.453125,1.1640625,-0.6953125,-0.294921875,0.09375,-2.521484375,0.2218017578125,-0.66998291015625,-0.29486083984375,0.6441650390625,85.078125,23204,948
5.020075676000488,11.90234375,-2.76171875,-0.93359375,-0.224609375,0.509765625,-3.271484375,0.0460205078125,-0.7154541015625,0.00543212890625,0.6971435546875,10.4140625,2.50390625,-0.84765625,-0.294921875,0.09375,-2.521484375,0.2218017578125,-0.66998291015625,-0.29486083984375,0.6441650390625,84.462890625,23204,735
5.030063961999986,11.90234375,-2.76171875,-0.93359375,-0.224609375,0.509765625,-3.271484375,0.0460205078125,-0.7154541015625,0.00543212890625,0.6971435546875,10.4140625,2.50390625,-0.84765625,-0.294921875,0.09375,-2.521484375,0.2218017578125,-0.66998291015625,-0.29486083984375,0.6441650390625,83.408203125,22537,735
5.040073466000649,13.55078125,-2.1484375,0.02734375,-0.08203125,0.49609375,-3.818359375,0.0460205078125,-0.7154541015625,0.00543212890625,0.6971435546875,10.4140625,2.50390625,-0.84765625,-0.17578125,0.29296875,-2.435546875,0.252685546875,-0.6549072265625,-0.32965087890625,0.63134765625,82.6171875,22537,548
5.050068024000211,13.55078125,-2.1484375,0.02734375,-0.08203125,0.49609375,-3.818359375,0.0460205078125,-0.7154541015625,0.00543212890625,0.6971435546875,10.4140625,2.50390625,-0.84765625,-0.17578125,0.29296875,-2.435546875,0.252685546875,-0.6549072265625,-0.32965087890625,0.63134765625,81.9140625,19165,548
5.060097688000496,13.24609375,-0.42578125,0.41015625,-0.08203125,0.49609375,-3.818359375,0.0977783203125,-0.70263671875,-0.04913330078125,0.70306396484375,8.609375,5.796875,-1.34375,-0.17578125,0.29296875,-2.435546875,0.252685546875,-0.6549072265625,-0.32965087890625,0.63134765625,81.03515625,13364,318
5.07006059700052,13.24609375,-0.42578125,0.41015625,-0.08203125,0.49609375,-3.818359375,0.0977783203125,-0.70263671875,-0.04913330078125,0.70306396484375,8.609375,5.796875,-1.34375,-0.17578125,0.29296875,-2.435546875,0.252685546875,-0.6549072265625,-0.32965087890625,0.63134765625,80.15625,13364,318
5.080157111000517,13.24609375,-0.42578125,0.41015625,-0.08203125,0.49609375,-3.818359375,0.0977783203125,-0.70263671875,-0.04913330078125,0.70306396484375,5.96875,6.41015625,-1.53515625,-0.17578125,0.29296875,-2.435546875,0.281005859375,-0.63690185546875,-0.359375,0.6214599609375,79.27734375,13364,66
5.090060755000195,13.24609375,-0.42578125,0.41015625,-0.033203125,0.517578125,-3.498046875,0.148681640625,-0.6861572265625,-0.0997314453125,0.705078125,5.96875,6.41015625,-1.53515625,-0.296875,0.44921875,-1.84375,0.281005859375,-0.63690185546875,-0.359375,0.6214599609375,78.134765625,7046,66
5.100086707000628,9.7890625,-1.07421875,-0.47265625,-0.033203125,0.517578125,-3.498046875,0.148681640625,-0.6861572265625,-0.0997314453125,0.705078125,5.96875,6.41015625,-1.53515625,-0.296875,0.44921875,-1.84375,0.281005859375,-0.63690185546875,-0.359375,0.6214599609375,77.16796875,7046,18
5.110063473000082,9.7890625,-1.07421875,-0.47265625,-0.033203125,0.517578125,-3.498046875,0.148681640625,-0.6861572265625,-0.0997314453125,0.705078125,5.96875,6.41015625,-1.53515625,-0.296875,0.44921875,-1.84375,0.281005859375,-0.63690185546875,-0.359375,0.6214599609375,75.9375,1075,18
5.1200936800005366,9.7890625,-1.07421875,-0.47265625,-0.033203125,0.517578125,-3.498046875,0.148681640625,-0.6861572265625,-0.0997314453125,0.705078125,4.1328125,5.49609375,-1.3828125,-0.296875,0.44921875,-1.84375,0.30169677734375,-0.62030029296875,-0.3797607421875,0.61639404296875,74.70703125,1075,4
5.130072525999822,7.26953125,-1.15234375,-0.47265625,0.04296875,0.53515625,-3.044921875,0.1947021484375,-0.66729736328125,-0.14324951171875,0.7044677734375,4.1328125,5.49609375,-1.3828125,-0.296875,0.44921875,-1.84375,0.30169677734375,-0.62030029296875,-0.3797607421875,0.61639404296875,73.564453125,82,4
5.140066124999976,7.26953125,-1.15234375,-0.47265625,0.04296875,0.53515625,-3.044921875,0.1947021484375,-0.66729736328125,-0.14324951171875,0.7044677734375,1.52734375,4.65234375,-0.6953125,-0.2734375,0.51171875,-0.994140625,0.30169677734375,-0.62030029296875,-0.3797607421875,0.61639404296875,72.7734375,82,16
5.1500714040003,3.3984375,-5.6328125,-0.55078125,0.435546875,0.36328125,-1.341796875,0.1947021484375,-0.66729736328125,-0.14324951171875,0.7044677734375,1.52734375,4.65234375,-0.6953125,-0.2734375,0.51171875,-0.994140625,0.30169677734375,-0.62030029296875,-0.3797607421875,0.61639404296875,72.158203125,80,16
5.160061642000073,3.3984375,-5.6328125,-0.55078125,0.435546875,0.36328125,-1.341796875,0.1947021484375,-0.66729736328125,-0.14324951171875,0.7044677734375,1.52734375,4.65234375,-0.6953125,-0.2734375,0.51171875,-0.994140625,0.30169677734375,-0.62030029296875,-0.3797607421875,0.61639404296875,71.19140625,80,411
5.170071753999764,3.3984375,-5.6328125,-0.55078125,0.435546875,0.36328125,-1.341796875,0.1947021484375,-0.66729736328125,-0.14324951171875,0.7044677734375,1.52734375,4.65234375,-0.6953125,0.041015625,0.544921875,0.615234375,0.311767578125,-0.60906982421875,-0.38665771484375,0.61834716796875,70.48828125,43,411
5.18007143199975,4.8515625,-8.66015625,-0.89453125,0.435546875,0.36328125,-1.341796875,0.2276611328125,-0.65289306640625,-0.16766357421875,0.70269775390625,2.484375,6.0625,-0.00390625,0.041015625,0.544921875,0.615234375,0.311767578125,-0.60906982421875,-0.38665771484375,0.61834716796875,70.048828125,43,2924
5.190070343000116,4.8515625,-8.66015625,-0.89453125,0.435546875,0.36328125,-1.341796875,0.2276611328125,-0.65289306640625,-0.16766357421875,0.70269775390625,2.484375,6.0625,-0.00390625,0.041015625,0.544921875,0.615234375,0.311767578125,-0.60906982421875,-0.38665771484375,0.61834716796875,69.873046875,43,2924
5.200060805999783,4.8515625,-8.66015625,-0.89453125,0.435546875,0.36328125,-1.341796875,0.2276611328125,-0.65289306640625,-0.16766357421875,0.70269775390625,2.484375,6.0625,-0.00390625,0.041015625,0.544921875,0.615234375,0.311767578125,-0.60906982421875,-0.38665771484375,0.61834716796875,69.609375,43,6586
5.210079653000321,4.8515625,-8.66015625,-0.89453125,0.435546875,0.36328125,-1.341796875,0.2276611328125,-0.65289306640625,-0.16766357421875,0.70269775390625,2.984375,3.92578125,-1.91796875,-0.44921875,0.349609375,1.6640625,0.3043212890625,-0.60992431640625,-0.369384765625,0.631591796875,69.609375,43,6586
5.2200680989999455,4.8515625,-8.66015625,-0.89453125,0.1328125,0.162109375,0.8125,0.229248046875,-0.6533203125,-0.1575927734375,0.7041015625,2.984375,3.92578125,-1.91796875,-0.44921875,0.349609375,1.6640625,0.3043212890625,-0.60992431640625,-0.369384765625,0.631591796875,69.697265625,11,11837
5.230090754999765,5.50390625,-1.8046875,-2.42578125,-1.091796875,0.115234375,2.29296875,0.229248046875,-0.6533203125,-0.1575927734375,0.7041015625,2.984375,3.92578125,-1.91796875,-0.44921875,0.349609375,1.6640625,0.3043212890625,-0.60992431640625,-0.369384765625,0.631591796875,69.78515625,2,11837
5.24006435299998,5.50390625,-1.8046875,-2.42578125,-1.091796875,0.115234375,2.29296875,0.229248046875,-0.6533203125,-0.1575927734375,0.7041015625,2.984375,3.92578125,-1.91796875,-0.44921875,0.349609375,1.6640625,0.3043212890625,-0.60992431640625,-0.369384765625,0.631591796875,69.9609375,2,14703
5.250071231999755,5.50390625,-1.8046875,-2.42578125,-1.091796875,0.115234375,2.29296875,0.229248046875,-0.6533203125,-0.1575927734375,0.7041015625,2.75390625,5.03125,-0.578125,-1.18359375,-0.126953125,2.42578125,0.27496337890625,-0.613037109375,-0.35321044921875,0.65106201171875,70.13671875,3,14703
5.260089311000229,4.89453125,-3.6796875,-2.04296875,-1.091796875,0.115234375,2.29296875,0.19342041015625,-0.6561279296875,-0.1407470703125,0.71575927734375,2.75390625,5.03125,-0.578125,-1.18359375,-0.126953125,2.42578125,0.27496337890625,-0.613037109375,-0.35321044921875,0.65106201171875,70.400390625,3,17839
5.270068189000085,4.89453125,-3.6796875,-2.04296875,-1.091796875,0.115234375,2.29296875,0.19342041015625,-0.6561279296875,-0.1407470703125,0.71575927734375,2.75390625,5.03125,-0.578125,-1.18359375,-0.126953125,2.42578125,0.27496337890625,-0.613037109375,-0.35321044921875,0.65106201171875,70.6640625,3,17839
5.280061788000239,4.89453125,-3.6796875,-2.04296875,-1.091796875,0.115234375,2.29296875,0.19342041015625,-0.6561279296875,-0.1407470703125,0.71575927734375,3.63671875,1.01171875,0.80078125,-1.18359375,-0.126953125,2.42578125,0.22833251953125,-0.62353515625,-0.33087158203125,0.6705322265625,71.015625,3,19048
5.290071610999803,6.765625,-5.40625,-2.34765625,-0.373046875,-0.59375,3.482421875,0.14190673828125,-0.67095947265625,-0.10504150390625,0.72021484375,3.63671875,1.01171875,0.80078125,-0.099609375,-0.61328125,3.11328125,0.22833251953125,-0.62353515625,-0.33087158203125,0.6705322265625,71.3671875,3,19048
5.300064056999872,6.765625,-5.40625,-2.34765625,-0.373046875,-0.59375,3.482421875,0.14190673828125,-0.67095947265625,-0.10504150390625,0.72021484375,5.390625,-0.0625,0.68359375,-0.099609375,-0.61328125,3.11328125,0.22833251953125,-0.62353515625,-0.33087158203125,0.6705322265625,71.71875,3,21046
5.310071672000049,6.765625,-5.40625,-2.34765625,-0.373046875,-0.59375,3.482421875,0.14190673828125,-0.67095947265625,-0.10504150390625,0.72021484375,5.390625,-0.0625,0.68359375,-0.099609375,-0.61328125,3.11328125,0.22833251953125,-0.62353515625,-0.33087158203125,0.6705322265625,72.0703125,3,21046
5.320075094999993,9.21875,-4.67578125,-2.734375,0.701171875,-1.19140625,4.283203125,0.14190673828125,-0.67095947265625,-0.10504150390625,0.72021484375,5.390625,-0.0625,0.68359375,-0.099609375,-0.61328125,3.11328125,0.22833251953125,-0.62353515625,-0.33087158203125,0.6705322265625,72.685546875,3,21292
5.330070742000316,9.21875,-4.67578125,-2.734375,0.701171875,-1.19140625,4.283203125,0.14190673828125,-0.67095947265625,-0.10504150390625,0.72021484375,5.390625,-0.0625,0.68359375,1.0625,-0.9765625,3.693359375,0.18450927734375,-0.64837646484375,-0.2861328125,0.680908203125,73.037109375,2,21292
5.340063188000386,12.01953125,-3.14453125,-2.734375,0.701171875,-1.19140625,4.283203125,0.09112548828125,-0.69586181640625,-0.04302978515625,0.7110595703125,7.50390625,0.55078125,0.2265625,1.0625,-0.9765625,3.693359375,0.18450927734375,-0.64837646484375,-0.2861328125,0.680908203125,73.65234375,2,22143
5.350039570000263,12.01953125,-3.14453125,-2.734375,0.701171875,-1.19140625,4.283203125,0.09112548828125,-0.69586181640625,-0.04302978515625,0.7110595703125,7.50390625,0.55078125,0.2265625,1.0625,-0.9765625,3.693359375,0.18450927734375,-0.64837646484375,-0.2861328125,0.680908203125,73.916015625,3,22143
5.360113972000363,12.01953125,-3.14453125,-2.734375,0.701171875,-1.19140625,4.283203125,0.09112548828125,-0.69586181640625,-0.04302978515625,0.7110595703125,7.50390625,0.55078125,0.2265625,1.0625,-0.9765625,3.693359375,0.18450927734375,-0.64837646484375,-0.2861328125,0.680908203125,74.619140625,3,22231
5.370063248999941,12.01953125,-3.14453125,-2.734375,1.076171875,-1.46484375,4.90234375,0.03875732421875,-0.72161865234375,0.0357666015625,0.6903076171875,8.99609375,2.96484375,-0.80859375,1.35546875,-1.107421875,4.125,0.14495849609375,-0.6812744140625,-0.221435546875,0.6824951171875,75.322265625,3,22231
5.380074288000287,14.77734375,-2.609375,-2.1953125,1.076171875,-1.46484375,4.90234375,0.03875732421875,-0.72161865234375,0.0357666015625,0.6903076171875,8.99609375,2.96484375,-0.80859375,1.35546875,-1.107421875,4.125,0.14495849609375,-0.6812744140625,-0.221435546875,0.6824951171875,75.849609375,3,22284
5.390083279000464,14.77734375,-2.609375,-2.1953125,1.076171875,-1.46484375,4.90234375,0.03875732421875,-0.72161865234375,0.0357666015625,0.6903076171875,8.99609375,2.96484375,-0.80859375,1.35546875,-1.107421875,4.125,0.14495849609375,-0.6812744140625,-0.221435546875,0.6824951171875,76.640625,2,22284
5.400068365000152,14.77734375,-2.609375,-2.1953125,1.076171875,-1.46484375,4.90234375,0.03875732421875,-0.72161865234375,0.0357666015625,0.6903076171875,11.10546875,4.34375,-2.3046875,1.35546875,-1.107421875,4.125,0.09844970703125,-0.71148681640625,-0.1485595703125,0.6796875,77.51953125,2,22299
5.410073580000244,17.95703125,-2.0703125,-1.8515625,0.6484375,-1.3125,5.61328125,-0.02764892578125,-0.739501953125,0.12017822265625,0.6617431640625,11.10546875,4.34375,-2.3046875,0.859375,-1.005859375,4.4296875,0.09844970703125,-0.71148681640625,-0.1485595703125,0.6796875,78.486328125,3,22299
5.420077802999913,17.95703125,-2.0703125,-1.8515625,0.6484375,-1.3125,5.61328125,-0.02764892578125,-0.739501953125,0.12017822265625,0.6617431640625,11.10546875,4.34375,-2.3046875,0.859375,-1.005859375,4.4296875,0.09844970703125,-0.71148681640625,-0.1485595703125,0.6796875,78.92578125,3,22252
5.430063049000637,17.95703125,-2.0703125,-1.8515625,0.6484375,-1.3125,5.61328125,-0.02764892578125,-0.739501953125,0.12017822265625,0.6617431640625,11.10546875,4.34375,-2.3046875,0.859375,-1.005859375,4.4296875,0.09844970703125,-0.71148681640625,-0.1485595703125,0.6796875,79.8046875,2,22252
5.440070472000116,17.95703125,-2.0703125,-1.8515625,0.6484375,-1.3125,5.61328125,-0.02764892578125,-0.739501953125,0.12017822265625,0.6617431640625,13.44140625,4.41796875,-2.41796875,0.859375,-1.005859375,4.4296875,0.04217529296875,-0.7327880859375,-0.07861328125,0.67462158203125,80.595703125,2,22024
5.450063879000481,20.5546875,0.9921875,-0.5859375,0.181640625,-0.841796875,5.630859375,-0.10546875,-0.7440185546875,0.199462890625,0.62890625,13.44140625,4.41796875,-2.41796875,0.314453125,-0.734375,4.068359375,0.04217529296875,-0.7327880859375,-0.07861328125,0.67462158203125,81.38671875,3,22024
5.4600713979998545,20.5546875,0.9921875,-0.5859375,0.181640625,-0.841796875,5.630859375,-0.10546875,-0.7440185546875,0.199462890625,0.62890625,14.78515625,4.45703125,-3.453125,0.314453125,-0.734375,4.068359375,0.04217529296875,-0.7327880859375,-0.07861328125,0.67462158203125,82.001953125,3,21156
5.470062723999945,20.5546875,0.9921875,-0.5859375,0.181640625,-0.841796875,5.630859375,-0.10546875,-0.7440185546875,0.199462890625,0.62890625,14.78515625,4.45703125,-3.453125,0.314453125,-0.734375,4.068359375,0.04217529296875,-0.7327880859375,-0.07861328125,0.67462158203125,82.529296875,4,21156
5.4800889640000605,19.90625,4.78515625,-0.39453125,-0.630859375,-0.1796875,4.484375,-0.10546875,-0.7440185546875,0.199462890625,0.62890625,14.78515625,4.45703125,-3.453125,0.314453125,-0.734375,4.068359375,0.04217529296875,-0.7327880859375,-0.07861328125,0.67462158203125,83.232421875,4,20189
5.4900649620003605,19.90625,4.78515625,-0.39453125,-0.630859375,-0.1796875,4.484375,-0.179443359375,-0.736328125,0.25152587890625,0.60198974609375,13.25,4.265625,-1.53515625,-0.34765625,-0.6328125,3.0234375,-0.01446533203125,-0.743408203125,-0.025634765625,0.66815185546875,83.759765625,3,20189
5.500050464000196,16.609375,6.77734375,-2.00390625,-0.630859375,-0.1796875,4.484375,-0.179443359375,-0.736328125,0.25152587890625,0.60198974609375,13.25,4.265625,-1.53515625,-0.34765625,-0.6328125,3.0234375,-0.01446533203125,-0.743408203125,-0.025634765625,0.66815185546875,84.111328125,3,20189
5.510079839000355,16.609375,6.77734375,-2.00390625,-0.630859375,-0.1796875,4.484375,-0.179443359375,-0.736328125,0.25152587890625,0.60198974609375,13.25,4.265625,-1.53515625,-0.34765625,-0.6328125,3.0234375,-0.01446533203125,-0.743408203125,-0.025634765625,0.66815185546875,84.55078125,3,17852
5.520061917000021,16.609375,6.77734375,-2.00390625,-0.630859375,-0.1796875,4.484375,-0.179443359375,-0.736328125,0.25152587890625,0.60198974609375,13.25,4.265625,-1.53515625,-0.34765625,-0.6328125,3.0234375,-0.01446533203125,-0.743408203125,-0.025634765625,0.66815185546875,84.814453125,14,17852
5.530081179999797,16.609375,6.77734375,-2.00390625,-0.62109375,-0.443359375,2.669921875,-0.23150634765625,-0.73089599609375,0.28021240234375,0.57763671875,11.484375,3.078125,-0.46484375,-0.1328125,-0.763671875,1.544921875,-0.05865478515625,-0.75103759765625,0.0062255859375,0.65765380859375,84.90234375,14,17932
5.540067226000247,16.57421875,9.15234375,0.71484375,-0.62109375,-0.443359375,2.669921875,-0.23150634765625,-0.73089599609375,0.28021240234375,0.57763671875,11.484375,3.078125,-0.46484375,-0.1328125,-0.763671875,1.544921875,-0.05865478515625,-0.75103759765625,0.0062255859375,0.65765380859375,84.90234375,-1,17932
5.550073017000614,16.57421875,9.15234375,0.71484375,-0.62109375,-0.443359375,2.669921875,-0.23150634765625,-0.73089599609375,0.28021240234375,0.57763671875,11.484375,3.078125,-0.46484375,-0.1328125,-0.763671875,1.544921875,-0.05865478515625,-0.75103759765625,0.0062255859375,0.65765380859375,84.90234375,-1,21062
5.560060855000302,16.57421875,9.15234375,0.71484375,-0.62109375,-0.443359375,2.669921875,-0.23150634765625,-0.73089599609375,0.28021240234375,0.57763671875,16.81640625,1.69921875,0.109375,-0.1328125,-0.763671875,1.544921875,-0.07135009765625,-0.7574462890625,0.02093505859375,0.64862060546875,84.814453125,-2,21062
5.570080790000247,16.57421875,9.15234375,0.71484375,-0.62109375,-0.443359375,2.669921875,-0.23150634765625,-0.73089599609375,0.28021240234375,0.57763671875,16.81640625,1.69921875,0.109375,1.0390625,0.119140625,-1.4609375,-0.07135009765625,-0.7574462890625,0.02093505859375,0.64862060546875,84.7265625,-2,23280
5.580068949000633,21.1328125,17.08203125,6.57421875,0.552734375,-0.205078125,-0.716796875,-0.2314453125,-0.732666015625,0.28753662109375,0.57177734375,13.2109375,3.9609375,1.3359375,1.0390625,0.119140625,-1.4609375,-0.07135009765625,-0.7574462890625,0.02093505859375,0.64862060546875,84.55078125,-4,23280
5.5900716350006405,21.1328125,17.08203125,6.57421875,0.552734375,-0.205078125,-0.716796875,-0.2314453125,-0.732666015625,0.28753662109375,0.57177734375,13.2109375,3.9609375,1.3359375,1.0390625,0.119140625,-1.4609375,-0.07135009765625,-0.7574462890625,0.02093505859375,0.64862060546875,84.375,-4,24792
5.600063890000456,21.1328125,17.08203125,6.57421875,0.552734375,-0.205078125,-0.716796875,-0.2314453125,-0.732666015625,0.28753662109375,0.57177734375,13.2109375,3.9609375,1.3359375,1.0390625,0.119140625,-1.4609375,-0.07135009765625,-0.7574462890625,0.02093505859375,0.64862060546875,84.111328125,0,24792
5.610069456000019,21.1328125,17.08203125,6.57421875,0.552734375,-0.205078125,-0.716796875,-0.2314453125,-0.732666015625,0.28753662109375,0.57177734375,13.2109375,3.9609375,1.3359375,0.146484375,0.294921875,-1.890625,-0.03369140625,-0.75689697265625,0.01348876953125,0.65252685546875,83.84765625,0,25067
5.620065807000174,11.859375,-5.90234375,1.7890625,0.58203125,0.3828125,-2.09765625,-0.1912841796875,-0.73583984375,0.2734375,0.58917236328125,9.49609375,-0.67578125,-1.765625,0.146484375,0.294921875,-1.890625,-0.03369140625,-0.75689697265625,0.01348876953125,0.65252685546875,83.583984375,3,25067
5.630088142000204,11.859375,-5.90234375,1.7890625,0.58203125,0.3828125,-2.09765625,-0.1912841796875,-0.73583984375,0.2734375,0.58917236328125,9.49609375,-0.67578125,-1.765625,0.146484375,0.294921875,-1.890625,-0.03369140625,-0.75689697265625,0.01348876953125,0.65252685546875,83.49609375,3,25310
5.640070987999934,8.33984375,-5.59765625,-0.12890625,-0.00390625,0.33984375,-2.109375,-0.1912841796875,-0.73583984375,0.2734375,0.58917236328125,9.49609375,-0.67578125,-1.765625,0.146484375,0.294921875,-1.890625,-0.03369140625,-0.75689697265625,0.01348876953125,0.65252685546875,83.232421875,9,25310
5.650074058999962,8.33984375,-5.59765625,-0.12890625,-0.00390625,0.33984375,-2.109375,-0.16033935546875,-0.73779296875,0.244873046875,0.6082763671875,7.4609375,2.84765625,0.4921875,-0.173828125,0.09375,-1.619140625,-0.00323486328125,-0.7540283203125,-0.00885009765625,0.65673828125,83.14453125,9,25735
5.660073705000286,9.828125,-4.828125,-1.16015625,-0.00390625,0.33984375,-2.109375,-0.16033935546875,-0.73779296875,0.244873046875,0.6082763671875,7.4609375,2.84765625,0.4921875,-0.173828125,0.09375,-1.619140625,-0.00323486328125,-0.7540283203125,-0.00885009765625,0.65673828125,83.056640625,9,25735
5.670083783999871,9.828125,-4.828125,-1.16015625,-0.1640625,0.107421875,-1.4921875,-0.16033935546875,-0.73779296875,0.244873046875,0.6082763671875,7.4609375,2.84765625,0.4921875,-0.173828125,0.09375,-1.619140625,-0.00323486328125,-0.7540283203125,-0.00885009765625,0.65673828125,83.056640625,0,25735
5.680063206000341,9.828125,-4.828125,-1.16015625,-0.1640625,0.107421875,-1.4921875,-0.16033935546875,-0.73779296875,0.244873046875,0.6082763671875,7.4609375,2.84765625,0.4921875,-0.173828125,0.09375,-1.619140625,-0.00323486328125,-0.7540283203125,-0.00885009765625,0.65673828125,83.232421875,0,25212
5.690083845000117,9.828125,-4.828125,-1.16015625,-0.1640625,0.107421875,-1.4921875,-0.16033935546875,-0.73779296875,0.244873046875,0.6082763671875,8.50390625,2.3125,-0.04296875,-0.388671875,-0.05859375,-1.2265625,0.017333984375,-0.75347900390625,-0.03118896484375,0.656494140625,83.408203125,5,25212
5.700090276000083,12.6640625,-5.17578125,-1.390625,-0.1640625,0.107421875,-1.4921875,-0.1383056640625,-0.741943359375,0.22216796875,0.6173095703125,8.50390625,2.3125,-0.04296875,-0.388671875,-0.05859375,-1.2265625,0.017333984375,-0.75347900390625,-0.03118896484375,0.656494140625,83.49609375,536,25533
5.710134083999947,12.6640625,-5.17578125,-1.390625,-0.1640625,0.107421875,-1.4921875,-0.1383056640625,-0.741943359375,0.22216796875,0.6173095703125,8.50390625,2.3125,-0.04296875,-0.388671875,-0.05859375,-1.2265625,0.017333984375,-0.75347900390625,-0.03118896484375,0.656494140625,83.583984375,536,25533
5.720079777000137,12.6640625,-5.17578125,-1.390625,-0.1640625,0.107421875,-1.4921875,-0.1383056640625,-0.741943359375,0.22216796875,0.6173095703125,8.69140625,8.671875,-1.078125,-0.388671875,-0.05859375,-1.2265625,0.022216796875,-0.7548828125,-0.05072021484375,0.653564453125,83.759765625,536,25063
5.730012445000284,12.6640625,-5.17578125,-1.390625,-0.296875,-0.21484375,-0.23828125,-0.13494873046875,-0.74658203125,0.21209716796875,0.615966796875,8.69140625,8.671875,-1.078125,-0.736328125,-0.1015625,-0.439453125,0.022216796875,-0.7548828125,-0.05072021484375,0.653564453125,83.84765625,4313,25063
5.74008409399994,9.06640625,-4.8671875,-1.8515625,-0.296875,-0.21484375,-0.23828125,-0.13494873046875,-0.74658203125,0.21209716796875,0.615966796875,9.7578125,-4.46875,-3.71875,-0.736328125,-0.1015625,-0.439453125,0.022216796875,-0.7548828125,-0.05072021484375,0.653564453125,84.0234375,4313,25661
5.750072507999903,9.06640625,-4.8671875,-1.8515625,-0.296875,-0.21484375,-0.23828125,-0.13494873046875,-0.74658203125,0.21209716796875,0.615966796875,9.7578125,-4.46875,-3.71875,-0.736328125,-0.1015625,-0.439453125,0.022216796875,-0.7548828125,-0.05072021484375,0.653564453125,84.111328125,7162,25661
5.76003436100018,9.06640625,-4.8671875,-1.8515625,-0.296875,-0.21484375,-0.23828125,-0.13494873046875,-0.74658203125,0.21209716796875,0.615966796875,9.7578125,-4.46875,-3.71875,-0.736328125,-0.1015625,-0.439453125,0.022216796875,-0.7548828125,-0.05072021484375,0.653564453125,84.287109375,7162,25446
5.770062489000338,9.10546875,-5.25,-1.8125,-0.1171875,-0.076171875,-0.3203125,-0.13494873046875,-0.74658203125,0.21209716796875,0.615966796875,9.53515625,1.046875,-1.8046875,-0.17578125,-0.09765625,-0.5,0.02337646484375,-0.75634765625,-0.06268310546875,0.6507568359375,84.462890625,7754,25446
5.780079447999924,9.10546875,-5.25,-1.8125,-0.1171875,-0.076171875,-0.3203125,-0.1312255859375,-0.7489013671875,0.20501708984375,0.6163330078125,9.53515625,1.046875,-1.8046875,-0.17578125,-0.09765625,-0.5,0.02337646484375,-0.75634765625,-0.06268310546875,0.6507568359375,84.55078125,7754,25961
5.79006655000012,9.10546875,-5.25,-1.8125,-0.1171875,-0.076171875,-0.3203125,-0.1312255859375,-0.7489013671875,0.20501708984375,0.6163330078125,9.53515625,1.046875,-1.8046875,-0.17578125,-0.09765625,-0.5,0.02337646484375,-0.75634765625,-0.06268310546875,0.6507568359375,84.638671875,8489,25961
5.800065588000507,9.60546875,-4.33203125,-1.546875,-0.109375,-0.029296875,-0.208984375,-0.1312255859375,-0.7489013671875,0.20501708984375,0.6163330078125,9.53515625,1.046875,-1.8046875,-0.17578125,-0.09765625,-0.5,0.02337646484375,-0.75634765625,-0.06268310546875,0.6507568359375,84.7265625,8489,25846
5.810079155000494,9.60546875,-4.33203125,-1.546875,-0.109375,-0.029296875,-0.208984375,-0.1285400390625,-0.75054931640625,0.19989013671875,0.6165771484375,9.91796875,0.97265625,-2.265625,-0.17578125,-0.09765625,-0.5,0.02691650390625,-0.75775146484375,-0.07000732421875,0.64825439453125,84.814453125,8931,25846
5.820076306000374,9.60546875,-4.33203125,-1.546875,-0.109375,-0.029296875,-0.208984375,-0.1285400390625,-0.75054931640625,0.19989013671875,0.6165771484375,9.91796875,0.97265625,-2.265625,-0.138671875,-0.044921875,-0.35546875,0.02691650390625,-0.75775146484375,-0.07000732421875,0.64825439453125,84.90234375,8931,25931
5.8300719200005915,9.60546875,-4.33203125,-1.546875,-0.109375,-0.029296875,-0.208984375,-0.1285400390625,-0.75054931640625,0.19989013671875,0.6165771484375,9.91796875,0.97265625,-2.265625,-0.138671875,-0.044921875,-0.35546875,0.02691650390625,-0.75775146484375,-0.07000732421875,0.64825439453125,84.990234375,10025,25931
5.840160562000165,9.90625,-3.640625,-1.58203125,-0.095703125,0.005859375,-0.126953125,-0.1285400390625,-0.75054931640625,0.19989013671875,0.6165771484375,9.91796875,0.97265625,-2.265625,-0.138671875,-0.044921875,-0.35546875,0.02691650390625,-0.75775146484375,-0.07000732421875,0.64825439453125,85.078125,10025,25705
5.850061484999969,9.90625,-3.640625,-1.58203125,-0.095703125,0.005859375,-0.126953125,-0.1270751953125,-0.75128173828125,0.19610595703125,0.61724853515625,9.87890625,1.73828125,-2.1875,-0.138671875,-0.044921875,-0.35546875,0.0289306640625,-0.758544921875,-0.0751953125,0.6466064453125,85.078125,9972,25705
5.860004266000033,10.17578125,-3.3359375,-1.35546875,-0.095703125,0.005859375,-0.126953125,-0.1270751953125,-0.75128173828125,0.19610595703125,0.61724853515625,9.87890625,1.73828125,-2.1875,-0.138671875,-0.044921875,-0.35546875,0.0289306640625,-0.758544921875,-0.0751953125,0.6466064453125,85.078125,9972,25819
5.870075083000302,10.17578125,-3.3359375,-1.35546875,-0.095703125,0.005859375,-0.126953125,-0.1270751953125,-0.75128173828125,0.19610595703125,0.61724853515625,10.296875,1.66015625,-2.11328125,-0.119140625,-0.005859375,-0.2421875,0.0301513671875,-0.7586669921875,-0.07879638671875,0.64599609375,85.166015625,10546,25819
5.880060776999926,10.17578125,-3.3359375,-1.35546875,-0.095703125,0.005859375,-0.126953125,-0.1270751953125,-0.75128173828125,0.19610595703125,0.61724853515625,10.296875,1.66015625,-2.11328125,-0.119140625,-0.005859375,-0.2421875,0.0301513671875,-0.7586669921875,-0.07879638671875,0.64599609375,85.166015625,10546,25621
5.8900705670002935,10.17578125,-3.3359375,-1.35546875,-0.0546875,0.064453125,-0.15234375,-0.12530517578125,-0.751220703125,0.19256591796875,0.6187744140625,10.296875,1.66015625,-2.11328125,-0.119140625,-0.005859375,-0.2421875,0.0301513671875,-0.7586669921875,-0.07879638671875,0.64599609375,85.166015625,11033,25621
5.9001359120002235,10.21484375,-2.9921875,-1.125,-0.0546875,0.064453125,-0.15234375,-0.12530517578125,-0.751220703125,0.19256591796875,0.6187744140625,9.95703125,1.890625,-1.19140625,-0.103515625,0.037109375,-0.173828125,0.0301513671875,-0.7586669921875,-0.07879638671875,0.64599609375,85.166015625,11033,25559
5.910070341000392,10.21484375,-2.9921875,-1.125,-0.0546875,0.064453125,-0.15234375,-0.12530517578125,-0.751220703125,0.19256591796875,0.6187744140625,9.95703125,1.890625,-1.19140625,-0.103515625,0.037109375,-0.173828125,0.0306396484375,-0.758544921875,-0.08172607421875,0.645751953125,85.166015625,11330,25559
5.9200607390002915,10.21484375,-2.9921875,-1.125,-0.0546875,0.064453125,-0.15234375,-0.12530517578125,-0.751220703125,0.19256591796875,0.6187744140625,9.95703125,1.890625,-1.19140625,-0.103515625,0.037109375,-0.173828125,0.0306396484375,-0.758544921875,-0.08172607421875,0.645751953125,85.25390625,11330,25061
5.93008691400064,10.0625,-3.296875,-1.19921875,-0.072265625,0.01171875,-0.130859375,-0.1236572265625,-0.75146484375,0.189208984375,0.61981201171875,9.95703125,1.890625,-1.19140625,-0.103515625,0.037109375,-0.173828125,0.0306396484375,-0.758544921875,-0.08172607421875,0.645751953125,85.25390625,11322,25061
5.940064895999967,10.0625,-3.296875,-1.19921875,-0.072265625,0.01171875,-0.130859375,-0.1236572265625,-0.75146484375,0.189208984375,0.61981201171875,10.2578125,0.7421875,-1.765625,-0.134765625,0.013671875,-0.17578125,0.0306396484375,-0.758544921875,-0.08172607421875,0.645751953125,85.25390625,11322,25218
5.9500702390005245,10.0625,-3.296875,-1.19921875,-0.072265625,0.01171875,-0.130859375,-0.1236572265625,-0.75146484375,0.189208984375,0.61981201171875,10.2578125,0.7421875,-1.765625,-0.134765625,0.013671875,-0.17578125,0.0306396484375,-0.758544921875,-0.08172607421875,0.645751953125,85.341796875,11519,25218
5.960064029000023,10.0234375,-3.48828125,-1.390625,-0.091796875,0.072265625,-0.19921875,-0.1236572265625,-0.75146484375,0.189208984375,0.61981201171875,10.2578125,0.7421875,-1.765625,-0.134765625,0.013671875,-0.17578125,0.0306396484375,-0.758544921875,-0.08172607421875,0.645751953125,85.4296875,11519,24820
5.970073819999925,10.0234375,-3.48828125,-1.390625,-0.091796875,0.072265625,-0.19921875,-0.12158203125,-0.75152587890625,0.18487548828125,0.62152099609375,10.30078125,0.58984375,-1.99609375,-0.1953125,0.05078125,-0.283203125,0.0313720703125,-0.75823974609375,-0.0860595703125,0.6455078125,85.517578125,12060,24820
5.980061338000269,9.90625,-3.56640625,-1.46875,-0.091796875,0.072265625,-0.19921875,-0.12158203125,-0.75152587890625,0.18487548828125,0.62152099609375,10.30078125,0.58984375,-1.99609375,-0.1953125,0.05078125,-0.283203125,0.0313720703125,-0.75823974609375,-0.0860595703125,0.6455078125,85.60546875,12060,24820
5.990069401000255,9.90625,-3.56640625,-1.46875,-0.091796875,0.072265625,-0.19921875,-0.12158203125,-0.75152587890625,0.18487548828125,0.62152099609375,10.30078125,0.58984375,-1.99609375,-0.1953125,0.05078125,-0.283203125,0.0313720703125,-0.75823974609375,-0.0860595703125,0.6455078125,85.60546875,12060,25062
6.000062935000642,9.90625,-3.56640625,-1.46875,-0.091796875,0.072265625,-0.19921875,-0.12158203125,-0.75152587890625,0.18487548828125,0.62152099609375,10.30078125,0.58984375,-1.99609375,-0.1953125,0.05078125,-0.283203125,0.0313720703125,-0.75823974609375,-0.0860595703125,0.6455078125,85.78125,12272,25062
6.010068917999888,9.90625,-3.56640625,-1.46875,-0.091796875,0.060546875,-0.169921875,-0.1197509765625,-0.75140380859375,0.18035888671875,0.623291015625,10.2578125,0.8203125,-1.65234375,-0.1953125,0.05078125,-0.283203125,0.03302001953125,-0.757568359375,-0.09228515625,0.6453857421875,85.869140625,12272,25199
6.020066644000508,9.90625,-3.56640625,-1.46875,-0.091796875,0.060546875,-0.169921875,-0.1197509765625,-0.75140380859375,0.18035888671875,0.623291015625,10.2578125,0.8203125,-1.65234375,-0.1953125,0.05078125,-0.283203125,0.03302001953125,-0.757568359375,-0.09228515625,0.6453857421875,85.95703125,13046,25199
6.030066195000472,10.02734375,-3.7578125,-1.46875,-0.091796875,0.060546875,-0.169921875,-0.1197509765625,-0.75140380859375,0.18035888671875,0.623291015625,10.60546875,0.359375,-2.11328125,-0.1953125,0.044921875,-0.33984375,0.03607177734375,-0.756591796875,-0.09912109375,0.64532470703125,86.1328125,13046,25098
6.040065393000077,10.02734375,-3.7578125,-1.46875,-0.091796875,0.060546875,-0.169921875,-0.1197509765625,-0.75140380859375,0.18035888671875,0.623291015625,10.60546875,0.359375,-2.11328125,-0.1953125,0.044921875,-0.33984375,0.03607177734375,-0.756591796875,-0.09912109375,0.64532470703125,86.484375,13429,25098
6.050100305000342,10.02734375,-3.7578125,-1.46875,-0.05859375,0.1015625,-0.16796875,-0.1175537109375,-0.7508544921875,0.17596435546875,0.62567138671875,10.60546875,0.359375,-2.11328125,-0.099609375,0.103515625,-0.51171875,0.03607177734375,-0.756591796875,-0.09912109375,0.64532470703125,86.66015625,13429,24836
6.060062254000513,10.0625,-3.640625,-1.31640625,-0.05859375,0.1015625,-0.16796875,-0.1175537109375,-0.7508544921875,0.17596435546875,0.62567138671875,10.5625,0.16796875,-1.99609375,-0.099609375,0.103515625,-0.51171875,0.03607177734375,-0.756591796875,-0.09912109375,0.64532470703125,87.01171875,13899,24836
6.070070573000521,10.0625,-3.640625,-1.31640625,-0.05859375,0.1015625,-0.16796875,-0.1175537109375,-0.7508544921875,0.17596435546875,0.62567138671875,10.5625,0.16796875,-1.99609375,-0.099609375,0.103515625,-0.51171875,0.04339599609375,-0.75469970703125,-0.10711669921875,0.64581298828125,87.1875,14008,24838
6.080061290999765,10.0625,-3.640625,-1.31640625,-0.05859375,0.1015625,-0.16796875,-0.1175537109375,-0.7508544921875,0.17596435546875,0.62567138671875,10.5625,0.16796875,-1.99609375,-0.099609375,0.103515625,-0.51171875,0.04339599609375,-0.75469970703125,-0.10711669921875,0.64581298828125,87.451171875,14008,24838
6.090085034999902,10.1015625,-3.71875,-1.46875,-0.00390625,0.162109375,-0.189453125,-0.114990234375,-0.74945068359375,0.17254638671875,0.62872314453125,10.5625,0.16796875,-1.99609375,-0.099609375,0.103515625,-0.51171875,0.04339599609375,-0.75469970703125,-0.10711669921875,0.64581298828125,87.802734375,14008,24510
6.100072777000605,10.1015625,-3.71875,-1.46875,-0.00390625,0.162109375,-0.189453125,-0.114990234375,-0.74945068359375,0.17254638671875,0.62872314453125,10.640625,0.47265625,-2.07421875,-0.04296875,0.169921875,-0.662109375,0.04339599609375,-0.75469970703125,-0.10711669921875,0.64581298828125,88.06640625,15329,24596
6.110063846999765,10.1015625,-3.71875,-1.46875,-0.00390625,0.162109375,-0.189453125,-0.114990234375,-0.74945068359375,0.17254638671875,0.62872314453125,10.640625,0.47265625,-2.07421875,-0.04296875,0.169921875,-0.662109375,0.04339599609375,-0.75469970703125,-0.10711669921875,0.64581298828125,88.41796875,15329,24596
6.1200702780006395,10.0234375,-3.640625,-1.23828125,0.017578125,0.17578125,-0.283203125,-0.114990234375,-0.74945068359375,0.17254638671875,0.62872314453125,10.640625,0.47265625,-2.07421875,-0.04296875,0.169921875,-0.662109375,0.04339599609375,-0.75469970703125,-0.10711669921875,0.64581298828125,88.681640625,15554,24596
6.1300654759998,10.0234375,-3.640625,-1.23828125,0.017578125,0.17578125,-0.283203125,-0.111083984375,-0.747802734375,0.1683349609375,0.632568359375,10.64453125,0.12890625,-1.65234375,-0.04296875,0.169921875,-0.662109375,0.05401611328125,-0.751953125,-0.1162109375,0.6466064453125,89.033203125,15554,24105
6.140076579000379,9.984375,-3.71875,-1.31640625,0.017578125,0.17578125,-0.283203125,-0.111083984375,-0.747802734375,0.1683349609375,0.632568359375,10.64453125,0.12890625,-1.65234375,-0.013671875,0.205078125,-0.873046875,0.05401611328125,-0.751953125,-0.1162109375,0.6466064453125,89.208984375,16366,24105
6.150062497000363,9.984375,-3.71875,-1.31640625,0.017578125,0.17578125,-0.283203125,-0.111083984375,-0.747802734375,0.1683349609375,0.632568359375,10.64453125,0.12890625,-1.65234375,-0.013671875,0.205078125,-0.873046875,0.05401611328125,-0.751953125,-0.1162109375,0.6466064453125,89.47265625,16366,23705
6.1600940170001195,9.984375,-3.71875,-1.31640625,0.017578125,0.17578125,-0.283203125,-0.111083984375,-0.747802734375,0.1683349609375,0.632568359375,10.6796875,0.6640625,-2.1875,-0.013671875,0.205078125,-0.873046875,0.0677490234375,-0.7481689453125,-0.12762451171875,0.6475830078125,89.736328125,16973,23705
6.170062398000482,9.984375,-3.71875,-1.31640625,0.017578125,0.25390625,-0.529296875,-0.10418701171875,-0.74578857421875,0.16162109375,0.6378173828125,10.6796875,0.6640625,-2.1875,-0.013671875,0.205078125,-0.873046875,0.0677490234375,-0.7481689453125,-0.12762451171875,0.6475830078125,89.912109375,16973,23066
6.1801268150002215,9.91015625,-3.4140625,-1.23828125,0.017578125,0.25390625,-0.529296875,-0.10418701171875,-0.74578857421875,0.16162109375,0.6378173828125,10.4140625,1.31640625,-1.84375,-0.02734375,0.2890625,-0.98828125,0.0677490234375,-0.7481689453125,-0.12762451171875,0.6475830078125,90.087890625,17526,23066
6.190551147000406,9.91015625,-3.4140625,-1.23828125,0.017578125,0.25390625,-0.529296875,-0.10418701171875,-0.74578857421875,0.16162109375,0.6378173828125,10.4140625,1.31640625,-1.84375,-0.02734375,0.2890625,-0.98828125,0.0677490234375,-0.7481689453125,-0.12762451171875,0.6475830078125,90.17578125,17526,22114
6.200085371000569,9.91015625,-3.4140625,-1.23828125,0.017578125,0.25390625,-0.529296875,-0.10418701171875,-0.74578857421875,0.16162109375,0.6378173828125,10.4140625,1.31640625,-1.84375,-0.02734375,0.2890625,-0.98828125,0.0677490234375,-0.7481689453125,-0.12762451171875,0.6475830078125,90.263671875,17320,22114
6.210062393000044,9.91015625,-3.4140625,-1.23828125,0.017578125,0.25390625,-0.529296875,-0.10418701171875,-0.74578857421875,0.16162109375,0.6378173828125,10.4140625,1.31640625,-1.84375,-0.05859375,0.349609375,-1.099609375,0.0830078125,-0.74285888671875,-0.1405029296875,0.64923095703125,90.3515625,17320,21550
6.220074935000412,9.83203125,-3.4140625,-1.0078125,0.052734375,0.28515625,-0.80078125,-0.09307861328125,-0.7435302734375,0.15167236328125,0.64459228515625,10.453125,1.125,-1.765625,-0.05859375,0.349609375,-1.099609375,0.0830078125,-0.74285888671875,-0.1405029296875,0.64923095703125,90.3515625,17894,21550
6.230063318000248,9.83203125,-3.4140625,-1.0078125,0.052734375,0.28515625,-0.80078125,-0.09307861328125,-0.7435302734375,0.15167236328125,0.64459228515625,10.453125,1.125,-1.765625,-0.05859375,0.349609375,-1.099609375,0.0830078125,-0.74285888671875,-0.1405029296875,0.64923095703125,90.3515625,17894,20638
6.240117782000198,9.83203125,-3.4140625,-1.0078125,0.052734375,0.28515625,-0.80078125,-0.09307861328125,-0.7435302734375,0.15167236328125,0.64459228515625,10.453125,1.125,-1.765625,-0.05859375,0.349609375,-1.099609375,0.0830078125,-0.74285888671875,-0.1405029296875,0.64923095703125,90.3515625,17717,20638
6.250014033000298,9.83203125,-3.4140625,-1.0078125,0.052734375,0.28515625,-0.80078125,-0.09307861328125,-0.7435302734375,0.15167236328125,0.64459228515625,10.71875,1.66015625,-2.07421875,-0.109375,0.439453125,-1.248046875,0.09942626953125,-0.73602294921875,-0.1553955078125,0.65130615234375,90.3515625,17717,19606
6.2600774259999525,10.40625,-2.9140625,-1.046875,0.0390625,0.421875,-1.193359375,-0.07696533203125,-0.74029541015625,0.1370849609375,0.65362548828125,10.71875,1.66015625,-2.07421875,-0.109375,0.439453125,-1.248046875,0.09942626953125,-0.73602294921875,-0.1553955078125,0.65130615234375,90.3515625,18402,19606
6.270073744000001,10.40625,-2.9140625,-1.046875,0.0390625,0.421875,-1.193359375,-0.07696533203125,-0.74029541015625,0.1370849609375,0.65362548828125,10.71875,1.66015625,-2.07421875,-0.109375,0.439453125,-1.248046875,0.09942626953125,-0.73602294921875,-0.1553955078125,0.65130615234375,90.263671875,18402,19037
6.2800756950000505,12.16796875,-3.87109375,-1.7734375,0.04296875,0.5546875,-1.392578125,-0.07696533203125,-0.74029541015625,0.1370849609375,0.65362548828125,10.71875,1.66015625,-2.07421875,-0.109375,0.439453125,-1.248046875,0.09942626953125,-0.73602294921875,-0.1553955078125,0.65130615234375,90.263671875,18722,19037
6.290075757000523,12.16796875,-3.87109375,-1.7734375,0.04296875,0.5546875,-1.392578125,-0.07696533203125,-0.74029541015625,0.1370849609375,0.65362548828125,12.09375,2.3515625,-2.6875,-0.240234375,0.48046875,-1.412109375,0.11761474609375,-0.7271728515625,-0.1729736328125,0.65380859375,90.17578125,18722,17118
6.300093867999749,11.78515625,-4.1015625,-1.7734375,0.04296875,0.5546875,-1.392578125,-0.056884765625,-0.735107421875,0.118896484375,0.66497802734375,12.09375,2.3515625,-2.6875,-0.240234375,0.48046875,-1.412109375,0.11761474609375,-0.7271728515625,-0.1729736328125,0.65380859375,90.17578125,20230,17118
6.310078410000642,11.78515625,-4.1015625,-1.7734375,0.04296875,0.5546875,-1.392578125,-0.056884765625,-0.735107421875,0.118896484375,0.66497802734375,12.09375,2.3515625,-2.6875,-0.240234375,0.48046875,-1.412109375,0.11761474609375,-0.7271728515625,-0.1729736328125,0.65380859375,90.087890625,20230,14831
6.320085000999825,11.78515625,-4.1015625,-1.7734375,0.04296875,0.5546875,-1.392578125,-0.056884765625,-0.735107421875,0.118896484375,0.66497802734375,12.1328125,0.3984375,-2.11328125,-0.240234375,0.48046875,-1.412109375,0.13800048828125,-0.71661376953125,-0.19354248046875,0.65570068359375,89.912109375,21065,14831
6.330077863000042,11.78515625,-4.1015625,-1.7734375,0.119140625,0.5859375,-1.841796875,-0.03192138671875,-0.72869873046875,0.0963134765625,0.67730712890625,12.1328125,0.3984375,-2.11328125,-0.240234375,0.48046875,-1.412109375,0.13800048828125,-0.71661376953125,-0.19354248046875,0.65570068359375,89.82421875,21065,12097
6.340075109999816,12.74609375,-4.21875,-1.35546875,0.119140625,0.5859375,-1.841796875,-0.03192138671875,-0.72869873046875,0.0963134765625,0.67730712890625,12.79296875,-0.17578125,-1.26953125,-0.0546875,0.48828125,-1.81640625,0.13800048828125,-0.71661376953125,-0.19354248046875,0.65570068359375,89.560546875,22254,12097
6.350091557000269,12.74609375,-4.21875,-1.35546875,0.119140625,0.5859375,-1.841796875,-0.03192138671875,-0.72869873046875,0.0963134765625,0.67730712890625,12.79296875,-0.17578125,-1.26953125,-0.0546875,0.48828125,-1.81640625,0.13800048828125,-0.71661376953125,-0.19354248046875,0.65570068359375,89.47265625,22254,7912
6.3600773469997876,12.74609375,-4.21875,-1.35546875,0.119140625,0.5859375,-1.841796875,-0.03192138671875,-0.72869873046875,0.0963134765625,0.67730712890625,12.79296875,-0.17578125,-1.26953125,-0.0546875,0.48828125,-1.81640625,0.13800048828125,-0.71661376953125,-0.19354248046875,0.65570068359375,89.12109375,22225,7912
6.370072288999836,12.74609375,-4.21875,-1.35546875,0.0703125,0.576171875,-2.49609375,0.0028076171875,-0.72113037109375,0.06524658203125,0.689697265625,12.79296875,-0.17578125,-1.26953125,-0.0546875,0.48828125,-1.81640625,0.13800048828125,-0.71661376953125,-0.19354248046875,0.65570068359375,88.76953125,22225,6814
6.380071168000541,13.66796875,-4.0625,-1.390625,0.0703125,0.576171875,-2.49609375,0.0028076171875,-0.72113037109375,0.06524658203125,0.689697265625,12.671875,0.55078125,-0.84765625,-0.123046875,0.341796875,-2.29296875,0.16650390625,-0.70458984375,-0.2178955078125,0.65447998046875,88.59375,23322,6814
6.3900736949999555,13.66796875,-4.0625,-1.390625,0.0703125,0.576171875,-2.49609375,0.0028076171875,-0.72113037109375,0.06524658203125,0.689697265625,12.671875,0.55078125,-0.84765625,-0.123046875,0.341796875,-2.29296875,0.16650390625,-0.70458984375,-0.2178955078125,0.65447998046875,88.330078125,23322,2205
6.400075133000428,13.66796875,-4.0625,-1.390625,0.0703125,0.576171875,-2.49609375,0.0028076171875,-0.72113037109375,0.06524658203125,0.689697265625,12.671875,0.55078125,-0.84765625,-0.123046875,0.341796875,-2.29296875,0.16650390625,-0.70458984375,-0.2178955078125,0.65447998046875,87.802734375,23235,2205
6.410087420000309,13.46875,-3.91015625,-1.27734375,-0.23046875,0.568359375,-3.216796875,0.0028076171875,-0.72113037109375,0.06524658203125,0.689697265625,11.79296875,0.12890625,-0.80859375,-0.26171875,0.1328125,-2.7265625,0.1968994140625,-0.69384765625,-0.24713134765625,0.64703369140625,87.451171875,23235,1593
6.420077818000209,13.46875,-3.91015625,-1.27734375,-0.23046875,0.568359375,-3.216796875,0.0443115234375,-0.71160888671875,0.02099609375,0.70086669921875,11.79296875,0.12890625,-0.80859375,-0.26171875,0.1328125,-2.7265625,0.1968994140625,-0.69384765625,-0.24713134765625,0.64703369140625,87.01171875,24005,1593
6.430065368999749,13.46875,-3.91015625,-1.27734375,-0.23046875,0.568359375,-3.216796875,0.0443115234375,-0.71160888671875,0.02099609375,0.70086669921875,11.79296875,0.12890625,-0.80859375,-0.26171875,0.1328125,-2.7265625,0.1968994140625,-0.69384765625,-0.24713134765625,0.64703369140625,86.220703125,24005,1348
6.440071478999926,13.46875,-3.91015625,-1.27734375,-0.23046875,0.568359375,-3.216796875,0.0443115234375,-0.71160888671875,0.02099609375,0.70086669921875,11.79296875,0.12890625,-0.80859375,-0.26171875,0.1328125,-2.7265625,0.1968994140625,-0.69384765625,-0.24713134765625,0.64703369140625,85.869140625,23676,1348
6.450063510000291,13.3515625,-3.83203125,-0.43359375,-0.099609375,0.67578125,-3.802734375,0.0443115234375,-0.71160888671875,0.02099609375,0.70086669921875,10.68359375,0.58984375,-1.34375,-0.26171875,0.1328125,-2.7265625,0.23236083984375,-0.68011474609375,-0.2835693359375,0.63482666015625,85.25390625,23676,1102
6.460078228999919,13.3515625,-3.83203125,-0.43359375,-0.099609375,0.67578125,-3.802734375,0.0443115234375,-0.71160888671875,0.02099609375,0.70086669921875,10.68359375,0.58984375,-1.34375,-0.26171875,0.1328125,-2.7265625,0.23236083984375,-0.68011474609375,-0.2835693359375,0.63482666015625,84.462890625,21976,1102
6.470078803000433,14.6953125,-1.0390625,-0.08984375,-0.099609375,0.67578125,-3.802734375,0.09442138671875,-0.697265625,-0.03253173828125,0.7098388671875,9.265625,7.3671875,-1.7265625,-0.17578125,0.236328125,-2.845703125,0.23236083984375,-0.68011474609375,-0.2835693359375,0.63482666015625,83.671875,21976,412
6.480072209000355,14.6953125,-1.0390625,-0.08984375,-0.0625,0.57421875,-3.732421875,0.09442138671875,-0.697265625,-0.03253173828125,0.7098388671875,9.265625,7.3671875,-1.7265625,-0.17578125,0.236328125,-2.845703125,0.23236083984375,-0.68011474609375,-0.2835693359375,0.63482666015625,82.79296875,16068,412
6.4901860990003115,14.6953125,-1.0390625,-0.08984375,-0.0625,0.57421875,-3.732421875,0.09442138671875,-0.697265625,-0.03253173828125,0.7098388671875,9.265625,7.3671875,-1.7265625,-0.400390625,0.384765625,-2.275390625,0.26708984375,-0.662109375,-0.31884765625,0.62335205078125,82.177734375,16068,189
6.500076270000136,14.6953125,-1.0390625,-0.08984375,-0.0625,0.57421875,-3.732421875,0.09442138671875,-0.697265625,-0.03253173828125,0.7098388671875,9.265625,7.3671875,-1.7265625,-0.400390625,0.384765625,-2.275390625,0.26708984375,-0.662109375,-0.31884765625,0.62335205078125,81.03515625,9549,189
6.510069003999888,10.71484375,-1.07421875,-1.125,-0.0625,0.57421875,-3.732421875,0.14666748046875,-0.67901611328125,-0.08660888671875,0.714111328125,5.47265625,7.6328125,-1.99609375,-0.400390625,0.384765625,-2.275390625,0.26708984375,-0.662109375,-0.31884765625,0.62335205078125,80.33203125,9549,125
6.520068681999874,10.71484375,-1.07421875,-1.125,-0.189453125,0.513671875,-3.224609375,0.14666748046875,-0.67901611328125,-0.08660888671875,0.714111328125,5.47265625,7.6328125,-1.99609375,-0.400390625,0.384765625,-2.275390625,0.26708984375,-0.662109375,-0.31884765625,0.62335205078125,79.27734375,2163,125
6.53006221600026,10.71484375,-1.07421875,-1.125,-0.189453125,0.513671875,-3.224609375,0.14666748046875,-0.67901611328125,-0.08660888671875,0.714111328125,2.9453125,5.18359375,-1.65234375,-0.5,0.35546875,-1.46875,0.29052734375,-0.6435546875,-0.34716796875,0.61712646484375,78.134765625,2163,6
6.540070951000416,6.92578125,-1.8046875,-1.46875,-0.189453125,0.513671875,-3.224609375,0.19122314453125,-0.65936279296875,-0.1358642578125,0.71429443359375,2.9453125,5.18359375,-1.65234375,-0.5,0.35546875,-1.46875,0.29052734375,-0.6435546875,-0.34716796875,0.61712646484375,77.16796875,196,6
6.550060325000231,6.92578125,-1.8046875,-1.46875,-0.189453125,0.513671875,-3.224609375,0.19122314453125,-0.65936279296875,-0.1358642578125,0.71429443359375,2.9453125,5.18359375,-1.65234375,-0.5,0.35546875,-1.46875,0.29052734375,-0.6435546875,-0.34716796875,0.61712646484375,76.46484375,196,288
6.560075043999859,6.92578125,-1.8046875,-1.46875,-0.189453125,0.513671875,-3.224609375,0.19122314453125,-0.65936279296875,-0.1358642578125,0.71429443359375,2.9453125,5.18359375,-1.65234375,-0.5,0.35546875,-1.46875,0.29052734375,-0.6435546875,-0.34716796875,0.61712646484375,75.234375,153,288
6.570065826000246,3.08984375,-4.83203125,-0.625,-0.150390625,0.544921875,-2.33203125,0.19122314453125,-0.65936279296875,-0.1358642578125,0.71429443359375,0.33984375,4.87890625,-1.078125,-0.291015625,0.443359375,-0.115234375,0.30126953125,-0.62835693359375,-0.3660888671875,0.61676025390625,74.35546875,153,511
6.580075232000127,3.08984375,-4.83203125,-0.625,-0.150390625,0.544921875,-2.33203125,0.22369384765625,-0.64068603515625,-0.17376708984375,0.713623046875,0.33984375,4.87890625,-1.078125,-0.291015625,0.443359375,-0.115234375,0.30126953125,-0.62835693359375,-0.3660888671875,0.61676025390625,73.740234375,98,511
6.590074143000493,3.08984375,-4.83203125,-0.625,-0.150390625,0.544921875,-2.33203125,0.22369384765625,-0.64068603515625,-0.17376708984375,0.713623046875,0.33984375,4.87890625,-1.078125,-0.291015625,0.443359375,-0.115234375,0.30126953125,-0.62835693359375,-0.3660888671875,0.61676025390625,72.94921875,98,435
6.600074333000521,3.08984375,-4.83203125,-0.625,-0.150390625,0.544921875,-2.33203125,0.22369384765625,-0.64068603515625,-0.17376708984375,0.713623046875,2.8671875,3.08203125,-0.1953125,-0.291015625,0.443359375,-0.115234375,0.298828125,-0.62506103515625,-0.35809326171875,0.62591552734375,72.24609375,63,435
6.610063066999828,3.93359375,-9.1171875,-0.47265625,0.826171875,0.095703125,-0.236328125,0.22369384765625,-0.64068603515625,-0.17376708984375,0.713623046875,2.8671875,3.08203125,-0.1953125,0.48828125,0.482421875,1.26171875,0.298828125,-0.62506103515625,-0.35809326171875,0.62591552734375,71.71875,63,1922
6.6200681210002585,3.93359375,-9.1171875,-0.47265625,0.826171875,0.095703125,-0.236328125,0.22369384765625,-0.64068603515625,-0.17376708984375,0.713623046875,2.21484375,3.16015625,-1.7265625,0.48828125,0.482421875,1.26171875,0.298828125,-0.62506103515625,-0.35809326171875,0.62591552734375,71.279296875,78,1922
6.630061239000497,4.46875,-3.22265625,-1.96484375,0.826171875,0.095703125,-0.236328125,0.24090576171875,-0.63818359375,-0.1741943359375,0.71014404296875,2.21484375,3.16015625,-1.7265625,0.48828125,0.482421875,1.26171875,0.298828125,-0.62506103515625,-0.35809326171875,0.62591552734375,71.19140625,78,4699
6.640068694000547,4.46875,-3.22265625,-1.96484375,0.076171875,0.173828125,1.52734375,0.24090576171875,-0.63818359375,-0.1741943359375,0.71014404296875,2.21484375,3.16015625,-1.7265625,0.48828125,0.482421875,1.26171875,0.298828125,-0.62506103515625,-0.35809326171875,0.62591552734375,71.19140625,54,4699
6.650061748000553,4.46875,-3.22265625,-1.96484375,0.076171875,0.173828125,1.52734375,0.24090576171875,-0.63818359375,-0.1741943359375,0.71014404296875,2.21484375,3.16015625,-1.7265625,-0.24609375,0.189453125,2.21484375,0.28662109375,-0.63079833984375,-0.3330078125,0.63958740234375,71.279296875,54,7562
6.660119635999763,5.84375,-2.953125,-1.5078125,0.076171875,0.173828125,1.52734375,0.23321533203125,-0.64111328125,-0.1558837890625,0.71435546875,2.40625,7.9453125,-0.34765625,-0.24609375,0.189453125,2.21484375,0.28662109375,-0.63079833984375,-0.3330078125,0.63958740234375,71.3671875,3,7562
6.670062193000376,5.84375,-2.953125,-1.5078125,0.076171875,0.173828125,1.52734375,0.23321533203125,-0.64111328125,-0.1558837890625,0.71435546875,2.40625,7.9453125,-0.34765625,-0.24609375,0.189453125,2.21484375,0.28662109375,-0.63079833984375,-0.3330078125,0.63958740234375,71.3671875,3,12489
6.680120465000073,5.84375,-2.953125,-1.5078125,0.076171875,0.173828125,1.52734375,0.23321533203125,-0.64111328125,-0.1558837890625,0.71435546875,2.40625,7.9453125,-0.34765625,-0.24609375,0.189453125,2.21484375,0.28662109375,-0.63079833984375,-0.3330078125,0.63958740234375,71.54296875,4,12489
6.6900621250006225,5.84375,-2.953125,-1.5078125,-0.576171875,-0.16796875,2.935546875,0.19219970703125,-0.65277099609375,-0.1226806640625,0.722412109375,2.40625,7.9453125,-0.34765625,-0.24609375,0.189453125,2.21484375,0.28662109375,-0.63079833984375,-0.3330078125,0.63958740234375,71.71875,4,15567
6.700072012000419,6.3046875,-1.265625,-1.890625,-0.576171875,-0.16796875,2.935546875,0.19219970703125,-0.65277099609375,-0.1226806640625,0.722412109375,2.8671875,3.73046875,-0.08203125,-0.666015625,-0.232421875,2.91015625,0.25079345703125,-0.64031982421875,-0.3056640625,0.65850830078125,71.982421875,3,15567
6.71007524200013,6.3046875,-1.265625,-1.890625,-0.576171875,-0.16796875,2.935546875,0.19219970703125,-0.65277099609375,-0.1226806640625,0.722412109375,2.8671875,3.73046875,-0.08203125,-0.666015625,-0.232421875,2.91015625,0.25079345703125,-0.64031982421875,-0.3056640625,0.65850830078125,72.158203125,3,17418
6.720094569000139,6.3046875,-1.265625,-1.890625,-0.576171875,-0.16796875,2.935546875,0.19219970703125,-0.65277099609375,-0.1226806640625,0.722412109375,2.8671875,3.73046875,-0.08203125,-0.666015625,-0.232421875,2.91015625,0.25079345703125,-0.64031982421875,-0.3056640625,0.65850830078125,72.421875,4,17418
6.730062727000586,7.9140625,-2.1875,-2.1953125,-0.45703125,-0.658203125,3.623046875,0.19219970703125,-0.65277099609375,-0.1226806640625,0.722412109375,4.3203125,2.3125,1.03125,-0.16015625,-0.802734375,3.3828125,0.20184326171875,-0.65594482421875,-0.27435302734375,0.673583984375,72.685546875,4,18439
6.740116967000176,7.9140625,-2.1875,-2.1953125,-0.45703125,-0.658203125,3.623046875,0.13836669921875,-0.67034912109375,-0.08160400390625,0.72442626953125,4.3203125,2.3125,1.03125,-0.16015625,-0.802734375,3.3828125,0.20184326171875,-0.65594482421875,-0.27435302734375,0.673583984375,72.861328125,4,18439
6.7500148819999595,7.9140625,-2.1875,-2.1953125,-0.45703125,-0.658203125,3.623046875,0.13836669921875,-0.67034912109375,-0.08160400390625,0.72442626953125,4.3203125,2.3125,1.03125,-0.16015625,-0.802734375,3.3828125,0.20184326171875,-0.65594482421875,-0.27435302734375,0.673583984375,73.037109375,4,19569
6.7600707540004805,7.9140625,-2.1875,-2.1953125,-0.45703125,-0.658203125,3.623046875,0.13836669921875,-0.67034912109375,-0.08160400390625,0.72442626953125,5.70703125,2.0078125,0.609375,-0.16015625,-0.802734375,3.3828125,0.15087890625,-0.68133544921875,-0.228759765625,0.67877197265625,73.30078125,5,19569
6.770063007999852,10.06640625,-1.84375,-2.88671875,0.24609375,-1.326171875,4.017578125,0.0838623046875,-0.6962890625,-0.0260009765625,0.71234130859375,5.70703125,2.0078125,0.609375,-0.16015625,-0.802734375,3.3828125,0.15087890625,-0.68133544921875,-0.228759765625,0.67877197265625,73.564453125,5,19853
6.78008003100058,10.06640625,-1.84375,-2.88671875,0.24609375,-1.326171875,4.017578125,0.0838623046875,-0.6962890625,-0.0260009765625,0.71234130859375,8.26953125,1.39453125,-0.76953125,0.73828125,-1.21484375,3.634765625,0.15087890625,-0.68133544921875,-0.228759765625,0.67877197265625,73.740234375,2,19853
6.790061884000352,10.06640625,-1.84375,-2.88671875,0.24609375,-1.326171875,4.017578125,0.0838623046875,-0.6962890625,-0.0260009765625,0.71234130859375,8.26953125,1.39453125,-0.76953125,0.73828125,-1.21484375,3.634765625,0.15087890625,-0.68133544921875,-0.228759765625,0.67877197265625,74.00390625,2,20405
6.800080347000403,12.7421875,-0.921875,-2.88671875,0.70703125,-1.568359375,4.28125,0.0838623046875,-0.6962890625,-0.0260009765625,0.71234130859375,8.26953125,1.39453125,-0.76953125,0.73828125,-1.21484375,3.634765625,0.15087890625,-0.68133544921875,-0.228759765625,0.67877197265625,74.35546875,2,20405
6.8100612409998575,12.7421875,-0.921875,-2.88671875,0.70703125,-1.568359375,4.28125,0.0335693359375,-0.72216796875,0.03948974609375,0.68975830078125,8.26953125,1.39453125,-0.76953125,1.107421875,-1.294921875,3.845703125,0.106201171875,-0.71136474609375,-0.16937255859375,0.673828125,74.70703125,2,20510
6.820064119000563,14.6953125,-0.078125,-3.0,0.70703125,-1.568359375,4.28125,0.0335693359375,-0.72216796875,0.03948974609375,0.68975830078125,9.65234375,4.03515625,-2.265625,1.107421875,-1.294921875,3.845703125,0.106201171875,-0.71136474609375,-0.16937255859375,0.673828125,75.05859375,3,20510
6.830078454000613,14.6953125,-0.078125,-3.0,0.70703125,-1.568359375,4.28125,0.0335693359375,-0.72216796875,0.03948974609375,0.68975830078125,9.65234375,4.03515625,-2.265625,1.107421875,-1.294921875,3.845703125,0.106201171875,-0.71136474609375,-0.16937255859375,0.673828125,75.322265625,3,20625
6.84007586000007,14.6953125,-0.078125,-3.0,0.70703125,-1.568359375,4.28125,0.0335693359375,-0.72216796875,0.03948974609375,0.68975830078125,9.65234375,4.03515625,-2.265625,1.107421875,-1.294921875,3.845703125,0.106201171875,-0.71136474609375,-0.16937255859375,0.673828125,75.849609375,2,20625
6.850063345999843,16.50390625,1.875,-1.58203125,0.33203125,-1.462890625,4.482421875,-0.02252197265625,-0.742431640625,0.10577392578125,0.6611328125,10.87890625,5.4921875,-2.87890625,1.107421875,-1.294921875,3.845703125,0.05999755859375,-0.738037109375,-0.1051025390625,0.663818359375,76.46484375,2,20902
6.860203445000479,16.50390625,1.875,-1.58203125,0.33203125,-1.462890625,4.482421875,-0.02252197265625,-0.742431640625,0.10577392578125,0.6611328125,10.87890625,5.4921875,-2.87890625,0.505859375,-1.2265625,3.771484375,0.05999755859375,-0.738037109375,-0.1051025390625,0.663818359375,76.728515625,4,20902
6.870069583000259,16.50390625,1.875,-1.58203125,0.33203125,-1.462890625,4.482421875,-0.02252197265625,-0.742431640625,0.10577392578125,0.6611328125,10.87890625,5.4921875,-2.87890625,0.505859375,-1.2265625,3.771484375,0.05999755859375,-0.738037109375,-0.1051025390625,0.663818359375,77.16796875,4,21158
6.880062156999884,16.50390625,1.875,-1.58203125,0.33203125,-1.462890625,4.482421875,-0.02252197265625,-0.742431640625,0.10577392578125,0.6611328125,10.87890625,5.4921875,-2.87890625,0.505859375,-1.2265625,3.771484375,0.05999755859375,-0.738037109375,-0.1051025390625,0.663818359375,77.783203125,2,21158
6.890060075000292,16.6875,2.1796875,0.25390625,-0.533203125,-0.986328125,4.42578125,-0.0909423828125,-0.7529296875,0.16058349609375,0.6317138671875,11.75,5.875,-2.45703125,0.505859375,-1.2265625,3.771484375,0.00518798828125,-0.7567138671875,-0.05255126953125,0.651611328125,78.3984375,2,20859
6.900065226000152,16.6875,2.1796875,0.25390625,-0.533203125,-0.986328125,4.42578125,-0.0909423828125,-0.7529296875,0.16058349609375,0.6317138671875,12.4453125,3.421875,-1.421875,-0.3515625,-1.0390625,3.46875,0.00518798828125,-0.7567138671875,-0.05255126953125,0.651611328125,78.837890625,3,20859
6.910061512000539,16.6875,2.1796875,0.25390625,-0.533203125,-0.986328125,4.42578125,-0.0909423828125,-0.7529296875,0.16058349609375,0.6317138671875,12.4453125,3.421875,-1.421875,-0.3515625,-1.0390625,3.46875,0.00518798828125,-0.7567138671875,-0.05255126953125,0.651611328125,79.27734375,3,20560
6.920067079000546,16.1484375,1.109375,1.09765625,-0.642578125,-0.625,3.94140625,-0.0909423828125,-0.7529296875,0.16058349609375,0.6317138671875,12.4453125,3.421875,-1.421875,-0.3515625,-1.0390625,3.46875,0.00518798828125,-0.7567138671875,-0.05255126953125,0.651611328125,79.716796875,-13,20560
6.93006899700049,16.1484375,1.109375,1.09765625,-0.642578125,-0.625,3.94140625,-0.1590576171875,-0.75384521484375,0.20294189453125,0.6043701171875,12.4453125,3.421875,-1.421875,-0.201171875,-0.78515625,2.896484375,-0.0518798828125,-0.7677001953125,-0.01416015625,0.6385498046875,80.244140625,-13,19722
6.940068259000327,16.1484375,1.109375,1.09765625,-0.642578125,-0.625,3.94140625,-0.1590576171875,-0.75384521484375,0.20294189453125,0.6043701171875,12.94140625,0.89453125,-0.34765625,-0.201171875,-0.78515625,2.896484375,-0.0518798828125,-0.7677001953125,-0.01416015625,0.6385498046875,80.68359375,0,19722
6.950076705999891,15.3125,2.33203125,0.5625,-0.642578125,-0.625,3.94140625,-0.1590576171875,-0.75384521484375,0.20294189453125,0.6043701171875,12.94140625,0.89453125,-0.34765625,-0.201171875,-0.78515625,2.896484375,-0.0518798828125,-0.7677001953125,-0.01416015625,0.6385498046875,81.03515625,0,19438
6.960063776000425,15.3125,2.33203125,0.5625,-0.642578125,-0.625,3.94140625,-0.1590576171875,-0.75384521484375,0.20294189453125,0.6043701171875,12.94140625,0.89453125,-0.34765625,-0.201171875,-0.78515625,2.896484375,-0.0518798828125,-0.7677001953125,-0.01416015625,0.6385498046875,81.2109375,-2,19438
6.970078015000581,15.3125,2.33203125,0.5625,0.068359375,-0.68359375,2.794921875,-0.20440673828125,-0.750732421875,0.240478515625,0.580322265625,12.94140625,0.89453125,-0.34765625,0.54296875,-0.666015625,1.685546875,-0.09283447265625,-0.7734375,0.02093505859375,0.626708984375,81.2109375,-2,20209
6.980101246000231,19.29296875,10.30078125,1.328125,0.068359375,-0.68359375,2.794921875,-0.20440673828125,-0.750732421875,0.240478515625,0.580322265625,14.1640625,0.89453125,0.53125,0.54296875,-0.666015625,1.685546875,-0.09283447265625,-0.7734375,0.02093505859375,0.626708984375,81.2109375,-5,20209
6.9900728910006364,19.29296875,10.30078125,1.328125,0.068359375,-0.68359375,2.794921875,-0.20440673828125,-0.750732421875,0.240478515625,0.580322265625,14.1640625,0.89453125,0.53125,0.54296875,-0.666015625,1.685546875,-0.09283447265625,-0.7734375,0.02093505859375,0.626708984375,81.123046875,-5,22779
7.0000733050001145,19.29296875,10.30078125,1.328125,0.068359375,-0.68359375,2.794921875,-0.20440673828125,-0.750732421875,0.240478515625,0.580322265625,14.1640625,0.89453125,0.53125,0.54296875,-0.666015625,1.685546875,-0.09283447265625,-0.7734375,0.02093505859375,0.626708984375,81.123046875,24,22779
7.010137721999854,19.29296875,10.30078125,1.328125,1.376953125,-0.076171875,-1.3359375,-0.1903076171875,-0.75018310546875,0.2545166015625,0.579833984375,14.1640625,0.89453125,0.53125,0.54296875,-0.666015625,1.685546875,-0.09283447265625,-0.7734375,0.02093505859375,0.626708984375,81.03515625,24,23898
7.020063093999852,21.70703125,18.0390625,7.15234375,1.376953125,-0.076171875,-1.3359375,-0.1903076171875,-0.75018310546875,0.2545166015625,0.579833984375,19.0703125,1.8515625,0.83984375,1.525390625,0.369140625,-2.03125,-0.0928955078125,-0.777099609375,0.046142578125,0.62078857421875,81.03515625,-3,25023
7.030069076000473,21.70703125,18.0390625,7.15234375,1.376953125,-0.076171875,-1.3359375,-0.1903076171875,-0.75018310546875,0.2545166015625,0.579833984375,19.0703125,1.8515625,0.83984375,1.525390625,0.369140625,-2.03125,-0.0928955078125,-0.777099609375,0.046142578125,0.62078857421875,80.947265625,-3,25023
7.0400610100005,21.70703125,18.0390625,7.15234375,1.376953125,-0.076171875,-1.3359375,-0.1903076171875,-0.75018310546875,0.2545166015625,0.579833984375,11.56640625,4.3828125,-2.1484375,1.525390625,0.369140625,-2.03125,-0.0577392578125,-0.77532958984375,0.0361328125,0.62786865234375,80.771484375,4,25023
7.0502559910000855,9.14453125,-7.05078125,1.82421875,-0.078125,0.61328125,-1.791015625,-0.16033935546875,-0.75,0.23748779296875,0.59613037109375,11.56640625,4.3828125,-2.1484375,1.525390625,0.369140625,-2.03125,-0.0577392578125,-0.77532958984375,0.0361328125,0.62786865234375,80.771484375,4,25301
7.060068175000197,9.14453125,-7.05078125,1.82421875,-0.078125,0.61328125,-1.791015625,-0.16033935546875,-0.75,0.23748779296875,0.59613037109375,7.50390625,-4.8515625,1.296875,-0.287109375,0.37109375,-1.853515625,-0.0577392578125,-0.77532958984375,0.0361328125,0.62786865234375,80.68359375,5,25301
7.070070253000267,9.14453125,-7.05078125,1.82421875,-0.078125,0.61328125,-1.791015625,-0.16033935546875,-0.75,0.23748779296875,0.59613037109375,7.50390625,-4.8515625,1.296875,-0.287109375,0.37109375,-1.853515625,-0.0577392578125,-0.77532958984375,0.0361328125,0.62786865234375,80.68359375,5,25434
7.080063147000146,8.53125,-4.984375,-1.546875,-0.04296875,0.296875,-1.892578125,-0.16033935546875,-0.75,0.23748779296875,0.59613037109375,7.50390625,-4.8515625,1.296875,-0.287109375,0.37109375,-1.853515625,-0.0577392578125,-0.77532958984375,0.0361328125,0.62786865234375,80.595703125,4,25434
7.090051657000004,8.53125,-4.984375,-1.546875,-0.04296875,0.296875,-1.892578125,-0.16033935546875,-0.75,0.23748779296875,0.59613037109375,7.50390625,-4.8515625,1.296875,0.044921875,0.123046875,-1.724609375,-0.0321044921875,-0.77337646484375,0.0089111328125,0.633056640625,80.771484375,4,25413
7.100062536000223,8.53125,-4.984375,-1.546875,-0.04296875,0.296875,-1.892578125,-0.16033935546875,-0.75,0.23748779296875,0.59613037109375,8.8828125,2.46484375,-1.0390625,0.044921875,0.123046875,-1.724609375,-0.0321044921875,-0.77337646484375,0.0089111328125,0.633056640625,80.947265625,-1,25413
7.110070759000337,12.70703125,-5.09765625,-1.7734375,-0.04296875,0.296875,-1.892578125,-0.13385009765625,-0.75140380859375,0.21026611328125,0.6109619140625,8.8828125,2.46484375,-1.0390625,0.044921875,0.123046875,-1.724609375,-0.0321044921875,-0.77337646484375,0.0089111328125,0.633056640625,81.123046875,4,25730
7.120061669000279,12.70703125,-5.09765625,-1.7734375,-0.04296875,0.296875,-1.892578125,-0.13385009765625,-0.75140380859375,0.21026611328125,0.6109619140625,8.8828125,2.46484375,-1.0390625,0.044921875,0.123046875,-1.724609375,-0.0321044921875,-0.77337646484375,0.0089111328125,0.633056640625,81.38671875,4,25730
7.1300628509998205,12.70703125,-5.09765625,-1.7734375,-0.04296875,0.296875,-1.892578125,-0.13385009765625,-0.75140380859375,0.21026611328125,0.6109619140625,9.1484375,10.3515625,-2.2265625,-0.890625,0.029296875,-0.57421875,-0.01129150390625,-0.77288818359375,-0.01171875,0.63433837890625,81.474609375,4,25720
7.140071681999871,10.06640625,-3.94921875,-2.08203125,-0.1640625,0.01953125,-0.458984375,-0.11993408203125,-0.7523193359375,0.197265625,0.61700439453125,9.1484375,10.3515625,-2.2265625,-0.890625,0.029296875,-0.57421875,-0.01129150390625,-0.77288818359375,-0.01171875,0.63433837890625,81.650390625,22,25439
7.150066463999792,10.06640625,-3.94921875,-2.08203125,-0.1640625,0.01953125,-0.458984375,-0.11993408203125,-0.7523193359375,0.197265625,0.61700439453125,9.1484375,10.3515625,-2.2265625,-0.890625,0.029296875,-0.57421875,-0.01129150390625,-0.77288818359375,-0.01171875,0.63433837890625,82.001953125,397,25439
7.160069470000053,10.06640625,-3.94921875,-2.08203125,-0.1640625,0.01953125,-0.458984375,-0.11993408203125,-0.7523193359375,0.197265625,0.61700439453125,9.1484375,10.3515625,-2.2265625,-0.890625,0.029296875,-0.57421875,-0.01129150390625,-0.77288818359375,-0.01171875,0.63433837890625,82.265625,397,25439
7.170061564000207,10.06640625,-3.94921875,-2.08203125,-0.1640625,0.01953125,-0.458984375,-0.11993408203125,-0.7523193359375,0.197265625,0.61700439453125,9.83984375,-3.9296875,-2.3046875,-0.2421875,-0.0546875,-0.736328125,-0.0108642578125,-0.7718505859375,-0.03057861328125,0.63494873046875,82.529296875,397,25705
7.180074075000448,9.0234375,-5.17578125,-1.66015625,-0.21484375,0.068359375,-0.34375,-0.11846923828125,-0.7537841796875,0.1888427734375,0.61810302734375,9.83984375,-3.9296875,-2.3046875,-0.2421875,-0.0546875,-0.736328125,-0.0108642578125,-0.7718505859375,-0.03057861328125,0.63494873046875,82.705078125,3116,26235
7.190062265000051,9.0234375,-5.17578125,-1.66015625,-0.21484375,0.068359375,-0.34375,-0.11846923828125,-0.7537841796875,0.1888427734375,0.61810302734375,9.83984375,-3.9296875,-2.3046875,-0.2421875,-0.0546875,-0.736328125,-0.0108642578125,-0.7718505859375,-0.03057861328125,0.63494873046875,82.79296875,3116,26235
7.2000705830005245,9.0234375,-5.17578125,-1.66015625,-0.21484375,0.068359375,-0.34375,-0.11846923828125,-0.7537841796875,0.1888427734375,0.61810302734375,9.875,0.12890625,0.41796875,-0.2421875,-0.0546875,-0.736328125,-0.00433349609375,-0.7733154296875,-0.0423583984375,0.632568359375,83.056640625,4073,26235
7.21007176600051,9.5234375,-5.17578125,-1.27734375,-0.12890625,-0.0859375,-0.173828125,-0.11846923828125,-0.7537841796875,0.1888427734375,0.61810302734375,9.875,0.12890625,0.41796875,-0.2421875,-0.0546875,-0.736328125,-0.00433349609375,-0.7733154296875,-0.0423583984375,0.632568359375,83.3203125,4073,26127
7.220073684000454,9.5234375,-5.17578125,-1.27734375,-0.12890625,-0.0859375,-0.173828125,-0.11688232421875,-0.75567626953125,0.18389892578125,0.61767578125,10.37890625,0.6640625,-3.22265625,-0.107421875,-0.13671875,-0.482421875,-0.00433349609375,-0.7733154296875,-0.0423583984375,0.632568359375,83.49609375,5752,26127
7.230062673999782,9.5234375,-5.17578125,-1.27734375,-0.12890625,-0.0859375,-0.173828125,-0.11688232421875,-0.75567626953125,0.18389892578125,0.61767578125,10.37890625,0.6640625,-3.22265625,-0.107421875,-0.13671875,-0.482421875,-0.00433349609375,-0.7733154296875,-0.0423583984375,0.632568359375,83.671875,5752,26084
7.240068656999938,9.5234375,-5.17578125,-1.27734375,-0.12890625,-0.0859375,-0.173828125,-0.11688232421875,-0.75567626953125,0.18389892578125,0.61767578125,10.37890625,0.6640625,-3.22265625,-0.107421875,-0.13671875,-0.482421875,-0.00433349609375,-0.7733154296875,-0.0423583984375,0.632568359375,84.0234375,5693,26084
7.250061966999965,9.984375,-3.796875,-2.00390625,-0.0546875,-0.03125,0.00390625,-0.11688232421875,-0.75567626953125,0.18389892578125,0.61767578125,10.37890625,0.6640625,-3.22265625,0.001953125,-0.037109375,-0.416015625,0.0013427734375,-0.7747802734375,-0.04913330078125,0.63037109375,84.375,5693,26010
7.260178769000049,9.984375,-3.796875,-2.00390625,-0.0546875,-0.03125,0.00390625,-0.11688232421875,-0.75567626953125,0.18389892578125,0.61767578125,10.37890625,0.6640625,-3.22265625,0.001953125,-0.037109375,-0.416015625,0.0013427734375,-0.7747802734375,-0.04913330078125,0.63037109375,84.55078125,7307,26010
7.270064586999979,10.29296875,-3.52734375,-1.62109375,-0.0546875,-0.03125,0.00390625,-0.11663818359375,-0.7564697265625,0.1822509765625,0.61712646484375,10.33984375,0.703125,-2.76171875,0.001953125,-0.037109375,-0.416015625,0.0013427734375,-0.7747802734375,-0.04913330078125,0.63037109375,84.814453125,7307,26119
7.280104491000202,10.29296875,-3.52734375,-1.62109375,-0.0546875,-0.03125,0.00390625,-0.11663818359375,-0.7564697265625,0.1822509765625,0.61712646484375,10.33984375,0.703125,-2.76171875,0.001953125,-0.037109375,-0.416015625,0.0013427734375,-0.7747802734375,-0.04913330078125,0.63037109375,85.166015625,7300,26119
7.290063336000458,10.29296875,-3.52734375,-1.62109375,0.0703125,0.05078125,0.001953125,-0.11614990234375,-0.75592041015625,0.1827392578125,0.6177978515625,10.33984375,0.703125,-2.76171875,0.001953125,-0.037109375,-0.416015625,0.0013427734375,-0.7747802734375,-0.04913330078125,0.63037109375,85.4296875,7300,25923
7.300110279999899,10.3671875,-3.10546875,-1.46875,0.0703125,0.05078125,0.001953125,-0.11614990234375,-0.75592041015625,0.1827392578125,0.6177978515625,10.6015625,0.93359375,-2.6484375,0.126953125,0.107421875,-0.482421875,0.009033203125,-0.77490234375,-0.0533447265625,0.6297607421875,85.693359375,7718,25923
7.310095845999967,10.3671875,-3.10546875,-1.46875,0.0703125,0.05078125,0.001953125,-0.11614990234375,-0.75592041015625,0.1827392578125,0.6177978515625,10.6015625,0.93359375,-2.6484375,0.126953125,0.107421875,-0.482421875,0.009033203125,-0.77490234375,-0.0533447265625,0.6297607421875,85.95703125,7718,25933
7.320049089999884,10.3671875,-3.10546875,-1.46875,0.0703125,0.05078125,0.001953125,-0.11614990234375,-0.75592041015625,0.1827392578125,0.6177978515625,10.140625,1.46875,-2.2265625,0.126953125,0.107421875,-0.482421875,0.01806640625,-0.7733154296875,-0.057861328125,0.631103515625,86.30859375,7828,25933
7.330068000999745,10.3671875,-3.10546875,-1.46875,0.044921875,0.099609375,-0.041015625,-0.11517333984375,-0.7547607421875,0.18280029296875,0.619384765625,10.140625,1.46875,-2.2265625,0.009765625,0.15234375,-0.552734375,0.01806640625,-0.7733154296875,-0.057861328125,0.631103515625,86.484375,7828,25799
7.340071936000641,10.1015625,-3.03125,-1.58203125,0.044921875,0.099609375,-0.041015625,-0.11517333984375,-0.7547607421875,0.18280029296875,0.619384765625,10.140625,1.46875,-2.2265625,0.009765625,0.15234375,-0.552734375,0.01806640625,-0.7733154296875,-0.057861328125,0.631103515625,86.748046875,8047,25799
7.350061310000456,10.1015625,-3.03125,-1.58203125,0.044921875,0.099609375,-0.041015625,-0.11517333984375,-0.7547607421875,0.18280029296875,0.619384765625,9.99609375,1.1640625,-1.91796875,0.009765625,0.15234375,-0.552734375,0.01806640625,-0.7733154296875,-0.057861328125,0.631103515625,86.923828125,8047,25703
7.360072348000358,10.1015625,-3.03125,-1.58203125,0.044921875,0.099609375,-0.041015625,-0.11517333984375,-0.7547607421875,0.18280029296875,0.619384765625,9.99609375,1.1640625,-1.91796875,0.009765625,0.15234375,-0.552734375,0.01806640625,-0.7733154296875,-0.057861328125,0.631103515625,87.1875,8178,25703
7.370072667000386,9.83203125,-3.48828125,-1.27734375,-0.009765625,0.130859375,-0.150390625,-0.11517333984375,-0.7547607421875,0.18280029296875,0.619384765625,9.99609375,1.1640625,-1.91796875,0.009765625,0.15234375,-0.552734375,0.01806640625,-0.7733154296875,-0.057861328125,0.631103515625,87.36328125,8178,25470
7.380047512000601,9.83203125,-3.48828125,-1.27734375,-0.009765625,0.130859375,-0.150390625,-0.11334228515625,-0.75347900390625,0.18072509765625,0.6219482421875,9.99609375,1.1640625,-1.91796875,-0.13671875,0.130859375,-0.529296875,0.0262451171875,-0.771240234375,-0.0650634765625,0.6326904296875,87.5390625,9244,25470
7.3900779750001675,9.83203125,-3.48828125,-1.27734375,-0.009765625,0.130859375,-0.150390625,-0.11334228515625,-0.75347900390625,0.18072509765625,0.6219482421875,9.99609375,1.125,-1.34375,-0.13671875,0.130859375,-0.529296875,0.0262451171875,-0.771240234375,-0.0650634765625,0.6326904296875,87.71484375,9244,25511
7.4000187080000615,9.83203125,-3.48828125,-1.27734375,-0.009765625,0.130859375,-0.150390625,-0.11334228515625,-0.75347900390625,0.18072509765625,0.6219482421875,9.99609375,1.125,-1.34375,-0.13671875,0.130859375,-0.529296875,0.0262451171875,-0.771240234375,-0.0650634765625,0.6326904296875,87.978515625,9705,25511
7.410077139999885,9.71875,-3.83203125,-1.46875,-0.052734375,0.111328125,-0.193359375,-0.11334228515625,-0.75347900390625,0.18072509765625,0.6219482421875,9.953125,1.1640625,-1.57421875,-0.138671875,0.068359375,-0.51953125,0.03289794921875,-0.76934814453125,-0.07379150390625,0.6336669921875,88.154296875,9705,25315
7.42006193799989,9.71875,-3.83203125,-1.46875,-0.052734375,0.111328125,-0.193359375,-0.11334228515625,-0.75347900390625,0.18072509765625,0.6219482421875,9.953125,1.1640625,-1.57421875,-0.138671875,0.068359375,-0.51953125,0.03289794921875,-0.76934814453125,-0.07379150390625,0.6336669921875,88.330078125,10035,25315
7.430070928000532,9.76171875,-3.87109375,-1.35546875,-0.052734375,0.111328125,-0.193359375,-0.11114501953125,-0.7525634765625,0.1771240234375,0.62445068359375,9.953125,1.1640625,-1.57421875,-0.138671875,0.068359375,-0.51953125,0.03289794921875,-0.76934814453125,-0.07379150390625,0.6336669921875,88.505859375,10708,25300
7.440093455000351,9.76171875,-3.87109375,-1.35546875,-0.052734375,0.111328125,-0.193359375,-0.11114501953125,-0.7525634765625,0.1771240234375,0.62445068359375,9.953125,1.1640625,-1.57421875,-0.138671875,0.068359375,-0.51953125,0.03289794921875,-0.76934814453125,-0.07379150390625,0.6336669921875,88.681640625,10708,25300
7.450070861000313,9.76171875,-3.87109375,-1.35546875,-0.052734375,0.111328125,-0.193359375,-0.11114501953125,-0.7525634765625,0.1771240234375,0.62445068359375,9.953125,1.1640625,-1.57421875,-0.138671875,0.068359375,-0.51953125,0.03289794921875,-0.76934814453125,-0.07379150390625,0.6336669921875,88.857421875,10708,25172
7.460067947000425,9.91015625,-3.94921875,-1.4296875,-0.0625,0.076171875,-0.20703125,-0.10882568359375,-0.75213623046875,0.17327880859375,0.62646484375,10.11328125,1.046875,-1.57421875,-0.12109375,0.04296875,-0.53125,0.03900146484375,-0.76800537109375,-0.08245849609375,0.63397216796875,89.033203125,12401,25172
7.470067946000199,9.91015625,-3.94921875,-1.4296875,-0.0625,0.076171875,-0.20703125,-0.10882568359375,-0.75213623046875,0.17327880859375,0.62646484375,10.11328125,1.046875,-1.57421875,-0.12109375,0.04296875,-0.53125,0.03900146484375,-0.76800537109375,-0.08245849609375,0.63397216796875,89.12109375,12401,24921
7.480076071999974,9.91015625,-3.94921875,-1.4296875,-0.0625,0.076171875,-0.20703125,-0.10882568359375,-0.75213623046875,0.17327880859375,0.62646484375,10.45703125,0.89453125,-2.1875,-0.12109375,0.04296875,-0.53125,0.04583740234375,-0.7666015625,-0.091064453125,0.63397216796875,89.296875,12944,24921
7.490062022000529,10.02734375,-3.71875,-1.5078125,-0.05859375,0.126953125,-0.30078125,-0.10540771484375,-0.75164794921875,0.16851806640625,0.62890625,10.45703125,0.89453125,-2.1875,-0.080078125,0.09765625,-0.58203125,0.04583740234375,-0.7666015625,-0.091064453125,0.63397216796875,89.47265625,12944,24614
7.500080036000327,10.02734375,-3.71875,-1.5078125,-0.05859375,0.126953125,-0.30078125,-0.10540771484375,-0.75164794921875,0.16851806640625,0.62890625,10.21875,1.35546875,-2.03515625,-0.080078125,0.09765625,-0.58203125,0.04583740234375,-0.7666015625,-0.091064453125,0.63397216796875,89.6484375,13981,24442
7.510068034000142,10.02734375,-3.71875,-1.5078125,-0.05859375,0.126953125,-0.30078125,-0.10540771484375,-0.75164794921875,0.16851806640625,0.62890625,10.21875,1.35546875,-2.03515625,-0.080078125,0.09765625,-0.58203125,0.04583740234375,-0.7666015625,-0.091064453125,0.63397216796875,89.736328125,13981,24442
7.520102881000639,10.02734375,-3.71875,-1.5078125,-0.05859375,0.126953125,-0.30078125,-0.10540771484375,-0.75164794921875,0.16851806640625,0.62890625,10.21875,1.35546875,-2.03515625,-0.080078125,0.09765625,-0.58203125,0.04583740234375,-0.7666015625,-0.091064453125,0.63397216796875,89.912109375,14403,24442
7.530062558000282,9.9453125,-3.640625,-1.31640625,-0.046875,0.1484375,-0.369140625,-0.1009521484375,-0.75079345703125,0.1627197265625,0.6322021484375,10.21875,1.35546875,-2.03515625,-0.080078125,0.09765625,-0.58203125,0.04583740234375,-0.7666015625,-0.091064453125,0.63397216796875,90.17578125,14403,24295
7.540070588000162,9.9453125,-3.640625,-1.31640625,-0.046875,0.1484375,-0.369140625,-0.1009521484375,-0.75079345703125,0.1627197265625,0.6322021484375,10.21875,1.35546875,-2.03515625,-0.1015625,0.142578125,-0.669921875,0.053955078125,-0.76446533203125,-0.10003662109375,0.634521484375,90.263671875,15646,24295
7.550063354000486,9.9453125,-3.640625,-1.31640625,-0.046875,0.1484375,-0.369140625,-0.1009521484375,-0.75079345703125,0.1627197265625,0.6322021484375,10.3359375,0.97265625,-1.95703125,-0.1015625,0.142578125,-0.669921875,0.053955078125,-0.76446533203125,-0.10003662109375,0.634521484375,90.3515625,15646,23988
7.56007592900005,9.9453125,-3.56640625,-1.35546875,-0.056640625,0.193359375,-0.521484375,-0.1009521484375,-0.75079345703125,0.1627197265625,0.6322021484375,10.3359375,0.97265625,-1.95703125,-0.1015625,0.142578125,-0.669921875,0.053955078125,-0.76446533203125,-0.10003662109375,0.634521484375,90.52734375,15742,23988
7.57006050200016,9.9453125,-3.56640625,-1.35546875,-0.056640625,0.193359375,-0.521484375,-0.1009521484375,-0.75079345703125,0.1627197265625,0.6322021484375,10.2578125,1.31640625,-1.8828125,-0.12890625,0.181640625,-0.775390625,0.0635986328125,-0.76153564453125,-0.11041259765625,0.63543701171875,90.615234375,15742,23597
7.580072468999788,9.984375,-3.296875,-1.125,-0.056640625,0.193359375,-0.521484375,-0.094482421875,-0.74951171875,0.1549072265625,0.6365966796875,10.2578125,1.31640625,-1.8828125,-0.12890625,0.181640625,-0.775390625,0.0635986328125,-0.76153564453125,-0.11041259765625,0.63543701171875,90.703125,16351,23597
7.590061586000047,9.984375,-3.296875,-1.125,-0.056640625,0.193359375,-0.521484375,-0.094482421875,-0.74951171875,0.1549072265625,0.6365966796875,10.2578125,1.31640625,-1.8828125,-0.12890625,0.181640625,-0.775390625,0.0635986328125,-0.76153564453125,-0.11041259765625,0.63543701171875,90.791015625,16828,23126
7.600069744999928,9.984375,-3.296875,-1.125,-0.056640625,0.193359375,-0.521484375,-0.094482421875,-0.74951171875,0.1549072265625,0.6365966796875,10.2578125,1.31640625,-1.8828125,-0.12890625,0.181640625,-0.775390625,0.0635986328125,-0.76153564453125,-0.11041259765625,0.63543701171875,90.791015625,16828,23126
7.6100647190005475,9.984375,-3.296875,-1.125,-0.06640625,0.24609375,-0.759765625,-0.085205078125,-0.74798583984375,0.144287109375,0.6422119140625,10.2578125,1.31640625,-1.8828125,-0.12890625,0.181640625,-0.775390625,0.0635986328125,-0.76153564453125,-0.11041259765625,0.63543701171875,90.791015625,16828,22846
7.620083277000049,9.98828125,-3.2578125,-1.5078125,-0.06640625,0.24609375,-0.759765625,-0.085205078125,-0.74798583984375,0.144287109375,0.6422119140625,10.375,1.203125,-2.265625,-0.197265625,0.2890625,-0.9609375,0.0745849609375,-0.7574462890625,-0.12286376953125,0.63690185546875,90.791015625,17350,22846
7.6300626990005185,9.98828125,-3.2578125,-1.5078125,-0.06640625,0.24609375,-0.759765625,-0.085205078125,-0.74798583984375,0.144287109375,0.6422119140625,10.375,1.203125,-2.265625,-0.197265625,0.2890625,-0.9609375,0.0745849609375,-0.7574462890625,-0.12286376953125,0.63690185546875,90.791015625,17350,21829
7.640070025000568,9.98828125,-3.2578125,-1.5078125,-0.06640625,0.24609375,-0.759765625,-0.085205078125,-0.74798583984375,0.144287109375,0.6422119140625,10.56640625,0.703125,-2.45703125,-0.197265625,0.2890625,-0.9609375,0.08831787109375,-0.75140380859375,-0.137939453125,0.63922119140625,90.791015625,17497,21829
7.65006365499994,9.98828125,-3.2578125,-1.5078125,-0.06640625,0.24609375,-0.759765625,-0.085205078125,-0.74798583984375,0.144287109375,0.6422119140625,10.56640625,0.703125,-2.45703125,-0.169921875,0.376953125,-1.197265625,0.08831787109375,-0.75140380859375,-0.137939453125,0.63922119140625,90.791015625,17497,20694
7.660076580999885,10.37109375,-2.80078125,-1.27734375,-0.04296875,0.37890625,-1.14453125,-0.07061767578125,-0.7452392578125,0.12908935546875,0.650390625,10.7578125,2.08203125,-1.8046875,-0.169921875,0.376953125,-1.197265625,0.08831787109375,-0.75140380859375,-0.137939453125,0.63922119140625,90.791015625,18152,20694
7.670062339000651,10.37109375,-2.80078125,-1.27734375,-0.04296875,0.37890625,-1.14453125,-0.07061767578125,-0.7452392578125,0.12908935546875,0.650390625,10.7578125,2.08203125,-1.8046875,-0.169921875,0.376953125,-1.197265625,0.08831787109375,-0.75140380859375,-0.137939453125,0.63922119140625,90.791015625,18538,20208
7.680063329000404,10.37109375,-2.80078125,-1.27734375,-0.04296875,0.37890625,-1.14453125,-0.07061767578125,-0.7452392578125,0.12908935546875,0.650390625,10.7578125,2.08203125,-1.8046875,-0.169921875,0.376953125,-1.197265625,0.08831787109375,-0.75140380859375,-0.137939453125,0.63922119140625,90.791015625,18538,20208
7.690068511000391,12.28125,-3.48828125,-1.5078125,0.01953125,0.46875,-1.37109375,-0.0516357421875,-0.74102783203125,0.1109619140625,0.66021728515625,10.7578125,2.08203125,-1.8046875,-0.169921875,0.376953125,-1.197265625,0.08831787109375,-0.75140380859375,-0.137939453125,0.63922119140625,90.703125,18538,19762
7.700061020999783,12.28125,-3.48828125,-1.5078125,0.01953125,0.46875,-1.37109375,-0.0516357421875,-0.74102783203125,0.1109619140625,0.66021728515625,11.94921875,2.0078125,-2.5703125,-0.220703125,0.435546875,-1.40625,0.10601806640625,-0.74334716796875,-0.15618896484375,0.6417236328125,90.703125,19427,19762
7.71006895499977,12.28125,-3.48828125,-1.5078125,0.01953125,0.46875,-1.37109375,-0.0516357421875,-0.74102783203125,0.1109619140625,0.66021728515625,11.94921875,2.0078125,-2.5703125,-0.220703125,0.435546875,-1.40625,0.10601806640625,-0.74334716796875,-0.15618896484375,0.6417236328125,90.615234375,19427,18204
7.720061081000495,11.78515625,-3.94921875,-1.8515625,0.060546875,0.52734375,-1.736328125,-0.0516357421875,-0.74102783203125,0.1109619140625,0.66021728515625,11.94921875,2.0078125,-2.5703125,-0.220703125,0.435546875,-1.40625,0.10601806640625,-0.74334716796875,-0.15618896484375,0.6417236328125,90.52734375,20306,18204
7.730070008000439,11.78515625,-3.94921875,-1.8515625,0.060546875,0.52734375,-1.736328125,-0.02783203125,-0.7353515625,0.08892822265625,0.6712646484375,12.06640625,0.625,-1.84375,-0.220703125,0.435546875,-1.40625,0.1265869140625,-0.7337646484375,-0.17724609375,0.6435546875,90.3515625,20306,15120
7.740062838000085,11.78515625,-3.94921875,-1.8515625,0.060546875,0.52734375,-1.736328125,-0.02783203125,-0.7353515625,0.08892822265625,0.6712646484375,12.06640625,0.625,-1.84375,-0.056640625,0.439453125,-1.70703125,0.1265869140625,-0.7337646484375,-0.17724609375,0.6435546875,90.17578125,21945,15120
7.750069075999818,12.515625,-4.1015625,-1.27734375,0.060546875,0.52734375,-1.736328125,-0.02783203125,-0.7353515625,0.08892822265625,0.6712646484375,12.06640625,0.625,-1.84375,-0.056640625,0.439453125,-1.70703125,0.1265869140625,-0.7337646484375,-0.17724609375,0.6435546875,90.087890625,21945,12866
7.760066034000374,12.515625,-4.1015625,-1.27734375,0.060546875,0.52734375,-1.736328125,-0.02783203125,-0.7353515625,0.08892822265625,0.6712646484375,12.06640625,0.625,-1.84375,-0.056640625,0.439453125,-1.70703125,0.1265869140625,-0.7337646484375,-0.17724609375,0.6435546875,89.82421875,22355,12866
7.770084400000087,12.515625,-4.1015625,-1.27734375,0.1328125,0.48828125,-2.240234375,0.00421142578125,-0.72882080078125,0.0615234375,0.68194580078125,12.41015625,1.046875,-1.0390625,-0.056640625,0.439453125,-1.70703125,0.15362548828125,-0.72320556640625,-0.19964599609375,0.64300537109375,89.560546875,22355,10539
7.7800622539998585,12.515625,-4.1015625,-1.27734375,0.1328125,0.48828125,-2.240234375,0.00421142578125,-0.72882080078125,0.0615234375,0.68194580078125,12.41015625,1.046875,-1.0390625,-0.056640625,0.439453125,-1.70703125,0.15362548828125,-0.72320556640625,-0.19964599609375,0.64300537109375,89.296875,23250,10539
7.790070284000649,12.66796875,-3.87109375,-1.19921875,0.1328125,0.48828125,-2.240234375,0.00421142578125,-0.72882080078125,0.0615234375,0.68194580078125,11.22265625,2.0078125,-1.26953125,-0.025390625,0.3515625,-1.97265625,0.15362548828125,-0.72320556640625,-0.19964599609375,0.64300537109375,88.9453125,23250,5036
7.800064265999936,12.66796875,-3.87109375,-1.19921875,0.1328125,0.48828125,-2.240234375,0.00421142578125,-0.72882080078125,0.0615234375,0.68194580078125,11.22265625,2.0078125,-1.26953125,-0.025390625,0.3515625,-1.97265625,0.18304443359375,-0.7120361328125,-0.2254638671875,0.63922119140625,88.681640625,23509,5036
7.810075240000515,12.66796875,-3.87109375,-1.19921875,-0.068359375,0.49609375,-2.693359375,0.04168701171875,-0.72052001953125,0.0252685546875,0.69171142578125,11.22265625,2.0078125,-1.26953125,-0.025390625,0.3515625,-1.97265625,0.18304443359375,-0.7120361328125,-0.2254638671875,0.63922119140625,88.330078125,23509,2627
7.8200687099997594,12.36328125,-3.2578125,-1.69921875,-0.068359375,0.49609375,-2.693359375,0.04168701171875,-0.72052001953125,0.0252685546875,0.69171142578125,10.68359375,0.20703125,-1.078125,-0.203125,0.18359375,-2.275390625,0.18304443359375,-0.7120361328125,-0.2254638671875,0.63922119140625,87.890625,23778,2627
7.830078181000317,12.36328125,-3.2578125,-1.69921875,-0.068359375,0.49609375,-2.693359375,0.04168701171875,-0.72052001953125,0.0252685546875,0.69171142578125,10.68359375,0.20703125,-1.078125,-0.203125,0.18359375,-2.275390625,0.18304443359375,-0.7120361328125,-0.2254638671875,0.63922119140625,87.451171875,24239,1394
7.840062658000534,12.36328125,-3.2578125,-1.69921875,-0.068359375,0.49609375,-2.693359375,0.04168701171875,-0.72052001953125,0.0252685546875,0.69171142578125,10.68359375,0.20703125,-1.078125,-0.203125,0.18359375,-2.275390625,0.18304443359375,-0.7120361328125,-0.2254638671875,0.63922119140625,86.923828125,24239,1394
7.85006348800016,11.59375,-3.06640625,-0.55078125,-0.162109375,0.50390625,-3.24609375,0.08447265625,-0.709228515625,-0.02008056640625,0.6995849609375,10.68359375,0.20703125,-1.078125,-0.203125,0.18359375,-2.275390625,0.18304443359375,-0.7120361328125,-0.2254638671875,0.63922119140625,86.044921875,24239,1008
7.860071582999808,11.59375,-3.06640625,-0.55078125,-0.162109375,0.50390625,-3.24609375,0.08447265625,-0.709228515625,-0.02008056640625,0.6995849609375,10.68359375,0.20703125,-1.078125,-0.201171875,0.09375,-2.408203125,0.21478271484375,-0.7000732421875,-0.25689697265625,0.63067626953125,85.517578125,3,1008
7.870067388999814,11.59375,-3.06640625,-0.55078125,-0.162109375,0.50390625,-3.24609375,0.08447265625,-0.709228515625,-0.02008056640625,0.6995849609375,9.11328125,2.42578125,-0.50390625,-0.201171875,0.09375,-2.408203125,0.21478271484375,-0.7000732421875,-0.25689697265625,0.63067626953125,84.814453125,3,937
7.880071035000583,13.46875,-1.421875,0.5625,0.04296875,0.466796875,-3.724609375,0.08447265625,-0.709228515625,-0.02008056640625,0.6995849609375,9.11328125,2.42578125,-0.50390625,-0.201171875,0.09375,-2.408203125,0.21478271484375,-0.7000732421875,-0.25689697265625,0.63067626953125,83.935546875,23444,937
7.890062616999785,13.46875,-1.421875,0.5625,0.04296875,0.466796875,-3.724609375,0.08447265625,-0.709228515625,-0.02008056640625,0.6995849609375,9.609375,4.7265625,-1.0,-0.025390625,0.31640625,-2.294921875,0.24676513671875,-0.686279296875,-0.28851318359375,0.620361328125,82.96875,23444,568
7.900079863000428,13.0078125,0.3046875,0.33203125,0.04296875,0.466796875,-3.724609375,0.1356201171875,-0.69451904296875,-0.07080078125,0.7030029296875,9.609375,4.7265625,-1.0,-0.025390625,0.31640625,-2.294921875,0.24676513671875,-0.686279296875,-0.28851318359375,0.620361328125,82.265625,21205,568
7.910061653000412,13.0078125,0.3046875,0.33203125,0.04296875,0.466796875,-3.724609375,0.1356201171875,-0.69451904296875,-0.07080078125,0.7030029296875,9.609375,4.7265625,-1.0,-0.025390625,0.31640625,-2.294921875,0.24676513671875,-0.686279296875,-0.28851318359375,0.620361328125,81.298828125,21205,428
7.920071411000208,13.0078125,0.3046875,0.33203125,0.04296875,0.466796875,-3.724609375,0.1356201171875,-0.69451904296875,-0.07080078125,0.7030029296875,7.234375,7.140625,-1.4609375,-0.025390625,0.31640625,-2.294921875,0.2783203125,-0.67010498046875,-0.314208984375,0.61224365234375,80.244140625,18774,428
7.9300617770004465,13.0078125,0.3046875,0.33203125,0.201171875,0.4140625,-3.59375,0.18896484375,-0.67706298828125,-0.117919921875,0.701416015625,7.234375,7.140625,-1.4609375,-0.025390625,0.31640625,-2.294921875,0.2783203125,-0.67010498046875,-0.314208984375,0.61224365234375,79.1015625,18774,50
7.940069678999862,13.0078125,0.3046875,0.33203125,0.201171875,0.4140625,-3.59375,0.18896484375,-0.67706298828125,-0.117919921875,0.701416015625,7.234375,7.140625,-1.4609375,-0.08984375,0.44921875,-1.861328125,0.2783203125,-0.67010498046875,-0.314208984375,0.61224365234375,78.22265625,10356,50
7.950062636999974,10.02734375,-0.921875,-0.96875,0.201171875,0.4140625,-3.59375,0.18896484375,-0.67706298828125,-0.117919921875,0.701416015625,5.43359375,4.87890625,-2.07421875,-0.08984375,0.44921875,-1.861328125,0.2783203125,-0.67010498046875,-0.314208984375,0.61224365234375,77.080078125,3047,83
7.96006897100051,10.02734375,-0.921875,-0.96875,0.201171875,0.4140625,-3.59375,0.18896484375,-0.67706298828125,-0.117919921875,0.701416015625,5.43359375,4.87890625,-2.07421875,-0.08984375,0.44921875,-1.861328125,0.2783203125,-0.67010498046875,-0.314208984375,0.61224365234375,75.9375,3047,83
7.970071562000157,10.02734375,-0.921875,-0.96875,0.1796875,0.4375,-3.314453125,0.23870849609375,-0.6566162109375,-0.16156005859375,0.69696044921875,5.43359375,4.87890625,-2.07421875,-0.08984375,0.44921875,-1.861328125,0.2783203125,-0.67010498046875,-0.314208984375,0.61224365234375,74.443359375,3047,68
7.980061703000501,7.95703125,-0.5,-1.35546875,0.1796875,0.4375,-3.314453125,0.23870849609375,-0.6566162109375,-0.16156005859375,0.69696044921875,5.43359375,4.87890625,-2.07421875,-0.21484375,0.470703125,-1.15625,0.3028564453125,-0.65411376953125,-0.33331298828125,0.607666015625,72.94921875,195,68
7.990071782000086,7.95703125,-0.5,-1.35546875,0.1796875,0.4375,-3.314453125,0.23870849609375,-0.6566162109375,-0.16156005859375,0.69696044921875,3.48046875,6.91015625,-2.03515625,-0.21484375,0.470703125,-1.15625,0.3028564453125,-0.65411376953125,-0.33331298828125,0.607666015625,72.0703125,195,597
8.000063460000092,7.95703125,-0.5,-1.35546875,0.1796875,0.4375,-3.314453125,0.23870849609375,-0.6566162109375,-0.16156005859375,0.69696044921875,3.48046875,6.91015625,-2.03515625,-0.21484375,0.470703125,-1.15625,0.3028564453125,-0.65411376953125,-0.33331298828125,0.607666015625,71.103515625,63,597
8.010081569999784,4.4296875,-3.2578125,-0.7421875,0.072265625,0.51171875,-2.6171875,0.2767333984375,-0.63629150390625,-0.19696044921875,0.692626953125,3.48046875,6.91015625,-2.03515625,-0.21484375,0.470703125,-1.15625,0.3028564453125,-0.65411376953125,-0.33331298828125,0.607666015625,69.78515625,63,480
8.02006799999981,4.4296875,-3.2578125,-0.7421875,0.072265625,0.51171875,-2.6171875,0.2767333984375,-0.63629150390625,-0.19696044921875,0.692626953125,1.296875,4.3828125,-1.26953125,-0.20703125,0.521484375,-0.091796875,0.3143310546875,-0.64129638671875,-0.34423828125,0.60943603515625,69.169921875,55,1188
8.030078429999776,4.4296875,-3.2578125,-0.7421875,0.072265625,0.51171875,-2.6171875,0.2767333984375,-0.63629150390625,-0.19696044921875,0.692626953125,1.296875,4.3828125,-1.26953125,-0.20703125,0.521484375,-0.091796875,0.3143310546875,-0.64129638671875,-0.34423828125,0.60943603515625,68.5546875,55,1188
8.040061499999865,5.2734375,-8.47265625,-0.2421875,0.357421875,0.3515625,-0.03515625,0.2767333984375,-0.63629150390625,-0.19696044921875,0.692626953125,1.296875,4.3828125,-1.26953125,-0.20703125,0.521484375,-0.091796875,0.3143310546875,-0.64129638671875,-0.34423828125,0.60943603515625,67.763671875,20,1188
8.050070905999746,5.2734375,-8.47265625,-0.2421875,0.357421875,0.3515625,-0.03515625,0.2894287109375,-0.62890625,-0.20001220703125,0.69329833984375,3.59375,5.6796875,-1.078125,-0.20703125,0.521484375,-0.091796875,0.3099365234375,-0.63665771484375,-0.33673095703125,0.62066650390625,67.412109375,20,4595
8.06006184800026,5.2734375,-8.47265625,-0.2421875,0.357421875,0.3515625,-0.03515625,0.2894287109375,-0.62890625,-0.20001220703125,0.69329833984375,3.59375,5.6796875,-1.078125,-0.2578125,0.54296875,1.552734375,0.3099365234375,-0.63665771484375,-0.33673095703125,0.62066650390625,67.236328125,1,4595
8.070078743000522,4.6953125,-2.953125,-1.9296875,0.357421875,0.3515625,-0.03515625,0.2894287109375,-0.62890625,-0.20001220703125,0.69329833984375,3.59375,5.6796875,-1.078125,-0.2578125,0.54296875,1.552734375,0.3099365234375,-0.63665771484375,-0.33673095703125,0.62066650390625,67.236328125,1,8498
8.080062996000379,4.6953125,-2.953125,-1.9296875,0.357421875,0.3515625,-0.03515625,0.2894287109375,-0.62890625,-0.20001220703125,0.69329833984375,1.94921875,5.5703125,-1.078125,-0.2578125,0.54296875,1.552734375,0.28460693359375,-0.638671875,-0.31744384765625,0.64056396484375,67.32421875,2,8498
8.090070866000133,4.6953125,-2.953125,-1.9296875,-0.58203125,0.2265625,2.001953125,0.26666259765625,-0.63189697265625,-0.18292236328125,0.70440673828125,1.94921875,5.5703125,-1.078125,-0.2578125,0.54296875,1.552734375,0.28460693359375,-0.638671875,-0.31744384765625,0.64056396484375,67.412109375,2,14559
8.100079761000416,4.6953125,-2.953125,-1.9296875,-0.58203125,0.2265625,2.001953125,0.26666259765625,-0.63189697265625,-0.18292236328125,0.70440673828125,1.94921875,5.5703125,-1.078125,-0.2578125,0.54296875,1.552734375,0.28460693359375,-0.638671875,-0.31744384765625,0.64056396484375,67.587890625,2,14559
8.110067501999765,4.55078125,-2.30078125,-2.234375,-0.58203125,0.2265625,2.001953125,0.26666259765625,-0.63189697265625,-0.18292236328125,0.70440673828125,2.33203125,3.92578125,0.30078125,-0.896484375,0.138671875,2.259765625,0.28460693359375,-0.638671875,-0.31744384765625,0.64056396484375,67.8515625,2,17510
8.120076173000598,4.55078125,-2.30078125,-2.234375,-0.40234375,-0.30078125,3.1171875,0.26666259765625,-0.63189697265625,-0.18292236328125,0.70440673828125,2.33203125,3.92578125,0.30078125,-0.896484375,0.138671875,2.259765625,0.28460693359375,-0.638671875,-0.31744384765625,0.64056396484375,68.203125,4,17510
8.130064939000476,4.55078125,-2.30078125,-2.234375,-0.40234375,-0.30078125,3.1171875,0.22113037109375,-0.64727783203125,-0.1494140625,0.71405029296875,2.33203125,3.92578125,0.30078125,-0.232421875,-0.341796875,2.77734375,0.24267578125,-0.646728515625,-0.29534912109375,0.6600341796875,68.642578125,4,18995
8.140080072999808,7.765625,-3.60546875,-1.58203125,-0.40234375,-0.30078125,3.1171875,0.22113037109375,-0.64727783203125,-0.1494140625,0.71405029296875,5.51171875,0.28125,1.03125,-0.232421875,-0.341796875,2.77734375,0.24267578125,-0.646728515625,-0.29534912109375,0.6600341796875,68.994140625,1,18995
8.150062886999876,7.765625,-3.60546875,-1.58203125,-0.40234375,-0.30078125,3.1171875,0.22113037109375,-0.64727783203125,-0.1494140625,0.71405029296875,5.51171875,0.28125,1.03125,-0.232421875,-0.341796875,2.77734375,0.24267578125,-0.646728515625,-0.29534912109375,0.6600341796875,69.345703125,1,20831
8.160071749000053,7.765625,-3.60546875,-1.58203125,-0.40234375,-0.30078125,3.1171875,0.22113037109375,-0.64727783203125,-0.1494140625,0.71405029296875,5.51171875,0.28125,1.03125,-0.232421875,-0.341796875,2.77734375,0.24267578125,-0.646728515625,-0.29534912109375,0.6600341796875,69.78515625,1,20831
8.170064482999805,8.1484375,-2.953125,-2.6953125,0.33203125,-0.859375,4.029296875,0.22113037109375,-0.64727783203125,-0.1494140625,0.71405029296875,5.51171875,0.28125,1.03125,-0.232421875,-0.341796875,2.77734375,0.24267578125,-0.646728515625,-0.29534912109375,0.6600341796875,70.3125,1,21205
8.180074337000406,8.1484375,-2.953125,-2.6953125,0.33203125,-0.859375,4.029296875,0.171142578125,-0.672607421875,-0.0950927734375,0.713623046875,5.20703125,2.54296875,0.68359375,0.484375,-0.8046875,3.431640625,0.20037841796875,-0.66595458984375,-0.25787353515625,0.67071533203125,70.751953125,3,21811
8.190061502999924,8.1484375,-2.953125,-2.6953125,0.33203125,-0.859375,4.029296875,0.171142578125,-0.672607421875,-0.0950927734375,0.713623046875,5.20703125,2.54296875,0.68359375,0.484375,-0.8046875,3.431640625,0.20037841796875,-0.66595458984375,-0.25787353515625,0.67071533203125,71.19140625,3,21811
8.200074717000462,8.1484375,-2.953125,-2.6953125,0.33203125,-0.859375,4.029296875,0.171142578125,-0.672607421875,-0.0950927734375,0.713623046875,7.078125,2.2734375,0.03515625,0.484375,-0.8046875,3.431640625,0.15618896484375,-0.693603515625,-0.2047119140625,0.67279052734375,71.982421875,3,21811
8.210061563000636,10.671875,-1.57421875,-2.54296875,0.640625,-1.2578125,4.615234375,0.171142578125,-0.672607421875,-0.0950927734375,0.713623046875,7.078125,2.2734375,0.03515625,0.9375,-1.080078125,3.7890625,0.15618896484375,-0.693603515625,-0.2047119140625,0.67279052734375,72.333984375,3,21958
8.220069912999861,10.671875,-1.57421875,-2.54296875,0.640625,-1.2578125,4.615234375,0.171142578125,-0.672607421875,-0.0950927734375,0.713623046875,7.078125,2.2734375,0.03515625,0.9375,-1.080078125,3.7890625,0.15618896484375,-0.693603515625,-0.2047119140625,0.67279052734375,72.94921875,2,21958
8.230062167000142,14.1953125,-1.19140625,-2.00390625,0.640625,-1.2578125,4.615234375,0.11669921875,-0.70233154296875,-0.02789306640625,0.70166015625,9.9921875,3.1171875,-1.53515625,0.9375,-1.080078125,3.7890625,0.15618896484375,-0.693603515625,-0.2047119140625,0.67279052734375,73.65234375,6,22003
8.240083606000553,14.1953125,-1.19140625,-2.00390625,0.640625,-1.2578125,4.615234375,0.11669921875,-0.70233154296875,-0.02789306640625,0.70166015625,9.9921875,3.1171875,-1.53515625,0.9375,-1.080078125,3.7890625,0.15618896484375,-0.693603515625,-0.2047119140625,0.67279052734375,74.1796875,6,22003
8.250061043000642,14.1953125,-1.19140625,-2.00390625,0.640625,-1.2578125,4.615234375,0.11669921875,-0.70233154296875,-0.02789306640625,0.70166015625,9.9921875,3.1171875,-1.53515625,0.9375,-1.080078125,3.7890625,0.15618896484375,-0.693603515625,-0.2047119140625,0.67279052734375,75.05859375,6,22132
8.26007553799991,14.1953125,-1.19140625,-2.00390625,0.521484375,-1.103515625,5.078125,0.053955078125,-0.72735595703125,0.0478515625,0.68243408203125,9.9921875,3.1171875,-1.53515625,0.66015625,-0.998046875,3.970703125,0.110107421875,-0.7215576171875,-0.142333984375,0.6685791015625,75.76171875,3,22132
8.270062544000211,16.26953125,-0.04296875,-1.69921875,0.521484375,-1.103515625,5.078125,0.053955078125,-0.72735595703125,0.0478515625,0.68243408203125,11.14453125,5.4921875,-2.9140625,0.66015625,-0.998046875,3.970703125,0.110107421875,-0.7215576171875,-0.142333984375,0.6685791015625,76.552734375,4,21524
8.280070030000388,16.26953125,-0.04296875,-1.69921875,0.521484375,-1.103515625,5.078125,0.053955078125,-0.72735595703125,0.0478515625,0.68243408203125,11.14453125,5.4921875,-2.9140625,0.66015625,-0.998046875,3.970703125,0.110107421875,-0.7215576171875,-0.142333984375,0.6685791015625,77.16796875,4,21524
8.290068108000014,16.26953125,-0.04296875,-1.69921875,-0.302734375,-0.796875,5.34375,-0.024169921875,-0.74090576171875,0.11761474609375,0.66082763671875,11.14453125,5.4921875,-2.9140625,0.66015625,-0.998046875,3.970703125,0.110107421875,-0.7215576171875,-0.142333984375,0.6685791015625,78.134765625,4,21207
8.300075402000402,16.26953125,-0.04296875,-1.69921875,-0.302734375,-0.796875,5.34375,-0.024169921875,-0.74090576171875,0.11761474609375,0.66082763671875,11.14453125,5.4921875,-2.9140625,-0.115234375,-0.94140625,3.9765625,0.05560302734375,-0.74224853515625,-0.08441162109375,0.6624755859375,78.837890625,4,21207
8.310063943999921,16.9921875,1.68359375,-1.0859375,-0.302734375,-0.796875,5.34375,-0.024169921875,-0.74090576171875,0.11761474609375,0.66082763671875,11.140625,5.64453125,-2.1875,-0.115234375,-0.94140625,3.9765625,0.05560302734375,-0.74224853515625,-0.08441162109375,0.6624755859375,79.62890625,2,20623
8.320085510999888,16.9921875,1.68359375,-1.0859375,-0.302734375,-0.796875,5.34375,-0.024169921875,-0.74090576171875,0.11761474609375,0.66082763671875,11.140625,5.64453125,-2.1875,-0.115234375,-0.94140625,3.9765625,0.05560302734375,-0.74224853515625,-0.08441162109375,0.6624755859375,80.244140625,2,20623
8.330070980000528,16.9921875,1.68359375,-1.0859375,-0.302734375,-0.796875,5.34375,-0.024169921875,-0.74090576171875,0.11761474609375,0.66082763671875,11.140625,5.64453125,-2.1875,-0.115234375,-0.94140625,3.9765625,0.05560302734375,-0.74224853515625,-0.08441162109375,0.6624755859375,81.03515625,2,20487
8.340074978000303,17.49609375,2.71484375,0.140625,-0.650390625,-0.61328125,4.953125,-0.10614013671875,-0.74456787109375,0.175537109375,0.63519287109375,12.33203125,4.11328125,-1.61328125,-0.251953125,-0.7890625,3.4296875,-0.0067138671875,-0.7562255859375,-0.03643798828125,0.65325927734375,81.650390625,2,20487
8.35006073600016,17.49609375,2.71484375,0.140625,-0.650390625,-0.61328125,4.953125,-0.10614013671875,-0.74456787109375,0.175537109375,0.63519287109375,12.33203125,4.11328125,-1.61328125,-0.251953125,-0.7890625,3.4296875,-0.0067138671875,-0.7562255859375,-0.03643798828125,0.65325927734375,82.177734375,2,20487
8.360068445999786,16.95703125,3.67578125,1.13671875,-0.09375,-0.50390625,3.755859375,-0.10614013671875,-0.74456787109375,0.175537109375,0.63519287109375,12.33203125,4.11328125,-1.61328125,-0.251953125,-0.7890625,3.4296875,-0.0067138671875,-0.7562255859375,-0.03643798828125,0.65325927734375,82.880859375,2,19349
8.370061084000554,16.95703125,3.67578125,1.13671875,-0.09375,-0.50390625,3.755859375,-0.168212890625,-0.74078369140625,0.2242431640625,0.61041259765625,13.2109375,2.04296875,-0.2734375,-0.251953125,-0.7890625,3.4296875,-0.05731201171875,-0.76361083984375,0.00482177734375,0.64312744140625,83.3203125,0,19349
8.38008079500014,16.95703125,3.67578125,1.13671875,-0.09375,-0.50390625,3.755859375,-0.168212890625,-0.74078369140625,0.2242431640625,0.61041259765625,13.2109375,2.04296875,-0.2734375,0.38671875,-0.552734375,2.40234375,-0.05731201171875,-0.76361083984375,0.00482177734375,0.64312744140625,83.408203125,0,19882
8.39006572100061,17.9921875,8.30859375,0.21875,-0.09375,-0.50390625,3.755859375,-0.168212890625,-0.74078369140625,0.2242431640625,0.61041259765625,14.28125,2.54296875,0.6484375,0.38671875,-0.552734375,2.40234375,-0.05731201171875,-0.76361083984375,0.00482177734375,0.64312744140625,83.408203125,0,22016
8.400071543000195,17.9921875,8.30859375,0.21875,-0.09375,-0.50390625,3.755859375,-0.168212890625,-0.74078369140625,0.2242431640625,0.61041259765625,14.28125,2.54296875,0.6484375,0.38671875,-0.552734375,2.40234375,-0.05731201171875,-0.76361083984375,0.00482177734375,0.64312744140625,83.408203125,0,22016
8.410076629000287,17.9921875,8.30859375,0.21875,0.744140625,-0.33984375,0.541015625,-0.1845703125,-0.738525390625,0.2537841796875,0.5968017578125,14.28125,2.54296875,0.6484375,0.38671875,-0.552734375,2.40234375,-0.05731201171875,-0.76361083984375,0.00482177734375,0.64312744140625,83.3203125,4,22016
8.42006526700061,17.9921875,8.30859375,0.21875,0.744140625,-0.33984375,0.541015625,-0.1845703125,-0.738525390625,0.2537841796875,0.5968017578125,14.28125,2.54296875,0.6484375,1.361328125,-0.1171875,-0.6875,-0.0780029296875,-0.767333984375,0.03948974609375,0.63525390625,83.232421875,4,24005
8.43007352099994,22.78125,25.546875,4.9296875,0.744140625,-0.33984375,0.541015625,-0.1845703125,-0.738525390625,0.2537841796875,0.5968017578125,15.46875,5.453125,0.30078125,1.361328125,-0.1171875,-0.6875,-0.0780029296875,-0.767333984375,0.03948974609375,0.63525390625,83.232421875,2,24516
8.440060654999797,22.78125,25.546875,4.9296875,0.744140625,-0.33984375,0.541015625,-0.1845703125,-0.738525390625,0.2537841796875,0.5968017578125,15.46875,5.453125,0.30078125,1.361328125,-0.1171875,-0.6875,-0.0780029296875,-0.767333984375,0.03948974609375,0.63525390625,83.14453125,2,24516
8.45007354900008,22.78125,25.546875,4.9296875,0.35546875,0.181640625,-1.724609375,-0.15093994140625,-0.7406005859375,0.24517822265625,0.607177734375,15.46875,5.453125,0.30078125,1.361328125,-0.1171875,-0.6875,-0.0780029296875,-0.767333984375,0.03948974609375,0.63525390625,82.880859375,3,24516
8.460062922999896,22.78125,25.546875,4.9296875,0.35546875,0.181640625,-1.724609375,-0.15093994140625,-0.7406005859375,0.24517822265625,0.607177734375,11.94921875,7.3671875,-2.953125,-0.1640625,0.23828125,-1.443359375,-0.0450439453125,-0.76800537109375,0.0413818359375,0.6375732421875,82.705078125,3,25571
8.470070760999988,12.546875,-5.05859375,1.48046875,0.35546875,0.181640625,-1.724609375,-0.15093994140625,-0.7406005859375,0.24517822265625,0.607177734375,11.94921875,7.3671875,-2.953125,-0.1640625,0.23828125,-1.443359375,-0.0450439453125,-0.76800537109375,0.0413818359375,0.6375732421875,82.6171875,-2,25913
8.480062311000438,12.546875,-5.05859375,1.48046875,0.35546875,0.181640625,-1.724609375,-0.15093994140625,-0.7406005859375,0.24517822265625,0.607177734375,11.94921875,7.3671875,-2.953125,-0.1640625,0.23828125,-1.443359375,-0.0450439453125,-0.76800537109375,0.0413818359375,0.6375732421875,82.529296875,-2,25913
8.49007517300015,7.73046875,-5.7890625,-0.39453125,-0.064453125,0.330078125,-2.00390625,-0.12548828125,-0.7412109375,0.21954345703125,0.62176513671875,11.94921875,7.3671875,-2.953125,-0.1640625,0.23828125,-1.443359375,-0.0450439453125,-0.76800537109375,0.0413818359375,0.6375732421875,82.44140625,2,25913
8.500063778999902,7.73046875,-5.7890625,-0.39453125,-0.064453125,0.330078125,-2.00390625,-0.12548828125,-0.7412109375,0.21954345703125,0.62176513671875,7.58203125,-4.62109375,1.56640625,-0.001953125,0.03125,-1.62109375,-0.0220947265625,-0.76611328125,0.01910400390625,0.64202880859375,82.529296875,2,25813
8.51006924900048,7.73046875,-5.7890625,-0.39453125,-0.064453125,0.330078125,-2.00390625,-0.12548828125,-0.7412109375,0.21954345703125,0.62176513671875,7.58203125,-4.62109375,1.56640625,-0.001953125,0.03125,-1.62109375,-0.0220947265625,-0.76611328125,0.01910400390625,0.64202880859375,82.6171875,2,25813
8.520065149999937,12.359375,-5.3671875,-1.4296875,-0.171875,-0.07421875,-0.728515625,-0.12548828125,-0.7412109375,0.21954345703125,0.62176513671875,7.58203125,-4.62109375,1.56640625,-0.001953125,0.03125,-1.62109375,-0.0220947265625,-0.76611328125,0.01910400390625,0.64202880859375,82.880859375,2,25813
8.53005129200028,12.359375,-5.3671875,-1.4296875,-0.171875,-0.07421875,-0.728515625,-0.10845947265625,-0.7442626953125,0.2027587890625,0.62701416015625,9.23046875,4.7265625,-0.2734375,-0.001953125,0.03125,-1.62109375,-0.00030517578125,-0.76690673828125,-0.001220703125,0.64178466796875,82.96875,2,25598
8.540061658000013,12.359375,-5.3671875,-1.4296875,-0.171875,-0.07421875,-0.728515625,-0.10845947265625,-0.7442626953125,0.2027587890625,0.62701416015625,9.23046875,4.7265625,-0.2734375,-0.001953125,0.03125,-1.62109375,-0.00030517578125,-0.76690673828125,-0.001220703125,0.64178466796875,83.056640625,787,25598
8.550070551999852,9.87109375,-4.67578125,-1.31640625,-0.171875,-0.07421875,-0.728515625,-0.10845947265625,-0.7442626953125,0.2027587890625,0.62701416015625,8.69140625,7.55859375,-0.92578125,-0.744140625,-0.25,-0.638671875,-0.00030517578125,-0.76690673828125,-0.001220703125,0.64178466796875,83.232421875,3056,25600
8.560064310000598,9.87109375,-4.67578125,-1.31640625,-0.171875,-0.07421875,-0.728515625,-0.10845947265625,-0.7442626953125,0.2027587890625,0.62701416015625,8.69140625,7.55859375,-0.92578125,-0.744140625,-0.25,-0.638671875,-0.00030517578125,-0.76690673828125,-0.001220703125,0.64178466796875,83.3203125,3056,25600
8.570073171999866,9.87109375,-4.67578125,-1.31640625,-0.171875,-0.07421875,-0.728515625,-0.10845947265625,-0.7442626953125,0.2027587890625,0.62701416015625,8.69140625,7.55859375,-0.92578125,-0.744140625,-0.25,-0.638671875,-0.00030517578125,-0.76690673828125,-0.001220703125,0.64178466796875,83.49609375,3056,25741
8.580061393000506,9.87109375,-4.67578125,-1.31640625,-0.27734375,-0.150390625,-0.345703125,-0.107421875,-0.7490234375,0.19476318359375,0.62408447265625,8.69140625,7.55859375,-0.92578125,-0.025390625,-0.19140625,-0.646484375,-0.00091552734375,-0.76971435546875,-0.01806640625,0.63812255859375,83.583984375,6208,25741
8.590077584000028,9.06640625,-5.3671875,-1.62109375,-0.27734375,-0.150390625,-0.345703125,-0.107421875,-0.7490234375,0.19476318359375,0.62408447265625,9.99609375,-4.3515625,-1.99609375,-0.025390625,-0.19140625,-0.646484375,-0.00091552734375,-0.76971435546875,-0.01806640625,0.63812255859375,83.671875,6381,25447
8.600062829000308,9.06640625,-5.3671875,-1.62109375,-0.27734375,-0.150390625,-0.345703125,-0.107421875,-0.7490234375,0.19476318359375,0.62408447265625,9.99609375,-4.3515625,-1.99609375,-0.025390625,-0.19140625,-0.646484375,-0.00091552734375,-0.76971435546875,-0.01806640625,0.63812255859375,83.759765625,6381,25447
8.610070571000506,9.06640625,-5.3671875,-1.62109375,-0.27734375,-0.150390625,-0.345703125,-0.107421875,-0.7490234375,0.19476318359375,0.62408447265625,9.99609375,-4.3515625,-1.99609375,-0.025390625,-0.19140625,-0.646484375,-0.00091552734375,-0.76971435546875,-0.01806640625,0.63812255859375,83.84765625,6381,25710
8.620074057000238,9.06640625,-5.3671875,-1.62109375,-0.119140625,-0.17578125,-0.20703125,-0.10400390625,-0.75213623046875,0.19000244140625,0.62237548828125,9.53125,1.9296875,-2.5703125,-0.140625,-0.1640625,-0.326171875,0.006103515625,-0.772216796875,-0.02630615234375,0.634765625,83.935546875,8285,25710
8.630187691000174,9.52734375,-4.41015625,-1.8125,-0.119140625,-0.17578125,-0.20703125,-0.10400390625,-0.75213623046875,0.19000244140625,0.62237548828125,9.53125,1.9296875,-2.5703125,-0.140625,-0.1640625,-0.326171875,0.006103515625,-0.772216796875,-0.02630615234375,0.634765625,83.935546875,8285,25469
8.64006048400006,9.52734375,-4.41015625,-1.8125,-0.119140625,-0.17578125,-0.20703125,-0.10400390625,-0.75213623046875,0.19000244140625,0.62237548828125,9.99609375,0.55078125,-2.83984375,-0.140625,-0.1640625,-0.326171875,0.009033203125,-0.77386474609375,-0.03240966796875,0.6324462890625,84.0234375,10237,25469
8.650044609999895,9.8671875,-3.7578125,-1.69921875,-0.1171875,-0.05078125,-0.1796875,-0.1024169921875,-0.75396728515625,0.1859130859375,0.62164306640625,9.99609375,0.55078125,-2.83984375,-0.140625,-0.1640625,-0.326171875,0.009033203125,-0.77386474609375,-0.03240966796875,0.6324462890625,84.111328125,10237,25392
8.660067200000412,9.8671875,-3.7578125,-1.69921875,-0.1171875,-0.05078125,-0.1796875,-0.1024169921875,-0.75396728515625,0.1859130859375,0.62164306640625,9.99609375,0.55078125,-2.83984375,-0.14453125,-0.1015625,-0.291015625,0.009033203125,-0.77386474609375,-0.03240966796875,0.6324462890625,84.19921875,10941,25234
8.670062013999996,9.8671875,-3.7578125,-1.69921875,-0.1171875,-0.05078125,-0.1796875,-0.1024169921875,-0.75396728515625,0.1859130859375,0.62164306640625,9.99609375,0.55078125,-2.83984375,-0.14453125,-0.1015625,-0.291015625,0.009033203125,-0.77386474609375,-0.03240966796875,0.6324462890625,84.287109375,10941,25234
8.680070684000384,9.8671875,-3.7578125,-1.69921875,-0.1171875,-0.05078125,-0.1796875,-0.1024169921875,-0.75396728515625,0.1859130859375,0.62164306640625,9.99609375,0.55078125,-2.83984375,-0.14453125,-0.1015625,-0.291015625,0.009033203125,-0.77386474609375,-0.03240966796875,0.6324462890625,84.287109375,11602,25234
8.690065818000221,10.0625,-3.375,-1.5078125,-0.1015625,-0.00390625,-0.1796875,-0.1024169921875,-0.75396728515625,0.1859130859375,0.62164306640625,10.07421875,1.01171875,-2.2265625,-0.14453125,-0.1015625,-0.291015625,0.01165771484375,-0.7747802734375,-0.03814697265625,0.6309814453125,84.375,11602,25021
8.70007906400042,10.0625,-3.375,-1.5078125,-0.1015625,-0.00390625,-0.1796875,-0.1009521484375,-0.7550048828125,0.18194580078125,0.621826171875,10.07421875,1.01171875,-2.2265625,-0.14453125,-0.1015625,-0.291015625,0.01165771484375,-0.7747802734375,-0.03814697265625,0.6309814453125,84.462890625,12100,25021
8.710065397000108,10.171875,-3.375,-1.46875,-0.1015625,-0.00390625,-0.1796875,-0.1009521484375,-0.7550048828125,0.18194580078125,0.621826171875,10.41796875,0.703125,-2.5703125,-0.125,-0.00390625,-0.30859375,0.01165771484375,-0.7747802734375,-0.03814697265625,0.6309814453125,84.55078125,12100,24783
8.720075348000137,10.171875,-3.375,-1.46875,-0.1015625,-0.00390625,-0.1796875,-0.1009521484375,-0.7550048828125,0.18194580078125,0.621826171875,10.41796875,0.703125,-2.5703125,-0.125,-0.00390625,-0.30859375,0.01507568359375,-0.7742919921875,-0.04461669921875,0.63104248046875,84.638671875,12100,24783
8.730062096999973,10.171875,-3.375,-1.46875,-0.1015625,-0.00390625,-0.1796875,-0.1009521484375,-0.7550048828125,0.18194580078125,0.621826171875,10.41796875,0.703125,-2.5703125,-0.125,-0.00390625,-0.30859375,0.01507568359375,-0.7742919921875,-0.04461669921875,0.63104248046875,84.7265625,12100,24650
8.740077614999791,10.171875,-3.375,-1.46875,-0.10546875,0.05859375,-0.26953125,-0.098388671875,-0.75531005859375,0.17706298828125,0.62322998046875,10.41796875,0.703125,-2.5703125,-0.125,-0.00390625,-0.30859375,0.01507568359375,-0.7742919921875,-0.04461669921875,0.63104248046875,84.814453125,13415,24650
8.75006180499986,10.0234375,-3.48828125,-1.4296875,-0.10546875,0.05859375,-0.26953125,-0.098388671875,-0.75531005859375,0.17706298828125,0.62322998046875,10.30078125,0.16796875,-1.8828125,-0.1328125,0.046875,-0.43359375,0.01507568359375,-0.7742919921875,-0.04461669921875,0.63104248046875,84.90234375,14174,24168
8.760076171000037,10.0234375,-3.48828125,-1.4296875,-0.10546875,0.05859375,-0.26953125,-0.098388671875,-0.75531005859375,0.17706298828125,0.62322998046875,10.30078125,0.16796875,-1.8828125,-0.1328125,0.046875,-0.43359375,0.01507568359375,-0.7742919921875,-0.04461669921875,0.63104248046875,84.90234375,14174,24168
8.77006036000057,10.0234375,-3.48828125,-1.4296875,-0.10546875,0.05859375,-0.26953125,-0.098388671875,-0.75531005859375,0.17706298828125,0.62322998046875,10.2578125,0.359375,-1.69140625,-0.1328125,0.046875,-0.43359375,0.02069091796875,-0.77349853515625,-0.0523681640625,0.63134765625,84.990234375,14174,23994
8.780053158000555,9.91015625,-3.640625,-1.390625,-0.095703125,0.029296875,-0.357421875,-0.094482421875,-0.75579833984375,0.17120361328125,0.6248779296875,10.2578125,0.359375,-1.69140625,-0.111328125,0.046875,-0.51953125,0.02069091796875,-0.77349853515625,-0.0523681640625,0.63134765625,85.078125,14496,23994
8.79006310800014,9.91015625,-3.640625,-1.390625,-0.095703125,0.029296875,-0.357421875,-0.094482421875,-0.75579833984375,0.17120361328125,0.6248779296875,10.2578125,0.359375,-1.69140625,-0.111328125,0.046875,-0.51953125,0.02069091796875,-0.77349853515625,-0.0523681640625,0.63134765625,85.166015625,15103,23681
8.800096291000045,9.91015625,-3.640625,-1.390625,-0.095703125,0.029296875,-0.357421875,-0.094482421875,-0.75579833984375,0.17120361328125,0.6248779296875,10.2578125,0.359375,-1.69140625,-0.111328125,0.046875,-0.51953125,0.02069091796875,-0.77349853515625,-0.0523681640625,0.63134765625,85.25390625,15103,23681
8.810061152000344,9.91015625,-3.640625,-1.390625,-0.095703125,0.029296875,-0.357421875,-0.094482421875,-0.75579833984375,0.17120361328125,0.6248779296875,10.30078125,0.8203125,-2.2265625,-0.111328125,0.046875,-0.51953125,0.02764892578125,-0.7723388671875,-0.06072998046875,0.6317138671875,85.25390625,15103,23523
8.82006883000031,9.79296875,-3.52734375,-1.66015625,-0.091796875,0.08984375,-0.42578125,-0.08941650390625,-0.75592041015625,0.16436767578125,0.6273193359375,10.30078125,0.8203125,-2.2265625,-0.111328125,0.046875,-0.51953125,0.02764892578125,-0.7723388671875,-0.06072998046875,0.6317138671875,85.341796875,15503,23523
8.83007753200036,9.79296875,-3.52734375,-1.66015625,-0.091796875,0.08984375,-0.42578125,-0.08941650390625,-0.75592041015625,0.16436767578125,0.6273193359375,9.95703125,2.04296875,-2.11328125,-0.1328125,0.078125,-0.4921875,0.02764892578125,-0.7723388671875,-0.06072998046875,0.6317138671875,85.341796875,15503,23296
8.84006793000026,9.7890625,-3.22265625,-1.66015625,-0.119140625,0.099609375,-0.359375,-0.08941650390625,-0.75592041015625,0.16436767578125,0.6273193359375,9.95703125,2.04296875,-2.11328125,-0.1328125,0.078125,-0.4921875,0.02764892578125,-0.7723388671875,-0.06072998046875,0.6317138671875,85.341796875,16139,23296
8.850191035000535,9.7890625,-3.22265625,-1.66015625,-0.119140625,0.099609375,-0.359375,-0.08941650390625,-0.75592041015625,0.16436767578125,0.6273193359375,9.95703125,2.04296875,-2.11328125,-0.18359375,0.08203125,-0.4375,0.0330810546875,-0.77081298828125,-0.0692138671875,0.6324462890625,85.4296875,16139,23197
8.860061076999955,9.7890625,-3.22265625,-1.66015625,-0.119140625,0.099609375,-0.359375,-0.08502197265625,-0.75567626953125,0.15728759765625,0.63006591796875,10.1796875,1.23828125,-1.8828125,-0.18359375,0.08203125,-0.4375,0.0330810546875,-0.77081298828125,-0.0692138671875,0.6324462890625,85.4296875,16301,23197
8.87007240300045,9.79296875,-3.375,-1.46875,-0.119140625,0.099609375,-0.359375,-0.08502197265625,-0.75567626953125,0.15728759765625,0.63006591796875,10.1796875,1.23828125,-1.8828125,-0.18359375,0.08203125,-0.4375,0.0330810546875,-0.77081298828125,-0.0692138671875,0.6324462890625,85.4296875,16884,23170
8.880060657000286,9.79296875,-3.375,-1.46875,-0.119140625,0.099609375,-0.359375,-0.08502197265625,-0.75567626953125,0.15728759765625,0.63006591796875,10.1796875,1.23828125,-1.8828125,-0.18359375,0.08203125,-0.4375,0.0330810546875,-0.77081298828125,-0.0692138671875,0.6324462890625,85.4296875,16884,23170
8.890070735000336,9.79296875,-3.375,-1.46875,-0.119140625,0.099609375,-0.359375,-0.08502197265625,-0.75567626953125,0.15728759765625,0.63006591796875,10.1796875,1.23828125,-1.8828125,-0.18359375,0.08203125,-0.4375,0.0330810546875,-0.77081298828125,-0.0692138671875,0.6324462890625,85.4296875,16884,23075
8.900067884999771,9.79296875,-3.375,-1.46875,-0.083984375,0.119140625,-0.38671875,-0.0804443359375,-0.75506591796875,0.15045166015625,0.633056640625,10.22265625,1.73828125,-1.84375,-0.125,0.107421875,-0.388671875,0.03790283203125,-0.76910400390625,-0.0771484375,0.63330078125,85.517578125,17057,23075
8.910072011000011,9.90625,-3.03125,-1.4296875,-0.083984375,0.119140625,-0.38671875,-0.0804443359375,-0.75506591796875,0.15045166015625,0.633056640625,10.22265625,1.73828125,-1.84375,-0.125,0.107421875,-0.388671875,0.03790283203125,-0.76910400390625,-0.0771484375,0.63330078125,85.4296875,17448,22667
8.920063336000567,9.90625,-3.03125,-1.4296875,-0.083984375,0.119140625,-0.38671875,-0.0804443359375,-0.75506591796875,0.15045166015625,0.633056640625,10.22265625,1.73828125,-1.84375,-0.125,0.107421875,-0.388671875,0.03790283203125,-0.76910400390625,-0.0771484375,0.63330078125,85.517578125,17448,22667
8.930080967000322,9.90625,-3.03125,-1.4296875,-0.083984375,0.119140625,-0.38671875,-0.0804443359375,-0.75506591796875,0.15045166015625,0.633056640625,10.22265625,1.73828125,-1.84375,-0.125,0.107421875,-0.388671875,0.03790283203125,-0.76910400390625,-0.0771484375,0.63330078125,85.517578125,17448,22559
8.940061188000072,9.79296875,-2.9921875,-1.62109375,-0.109375,0.171875,-0.341796875,-0.07647705078125,-0.75384521484375,0.14385986328125,0.63653564453125,10.0703125,2.08203125,-2.1875,-0.189453125,0.142578125,-0.365234375,0.0421142578125,-0.76702880859375,-0.08416748046875,0.6346435546875,85.517578125,17636,22559
8.950081185999807,9.79296875,-2.9921875,-1.62109375,-0.109375,0.171875,-0.341796875,-0.07647705078125,-0.75384521484375,0.14385986328125,0.63653564453125,10.0703125,2.08203125,-2.1875,-0.189453125,0.142578125,-0.365234375,0.0421142578125,-0.76702880859375,-0.08416748046875,0.6346435546875,85.517578125,17636,22559
8.96013712200056,9.79296875,-2.9921875,-1.62109375,-0.109375,0.171875,-0.341796875,-0.07647705078125,-0.75384521484375,0.14385986328125,0.63653564453125,10.30078125,0.97265625,-1.8828125,-0.189453125,0.142578125,-0.365234375,0.04620361328125,-0.764404296875,-0.09228515625,0.63641357421875,85.60546875,17636,22180
8.97007532600037,9.8671875,-2.953125,-1.390625,-0.111328125,0.216796875,-0.421875,-0.07220458984375,-0.7520751953125,0.13653564453125,0.64068603515625,10.30078125,0.97265625,-1.8828125,-0.189453125,0.142578125,-0.365234375,0.04620361328125,-0.764404296875,-0.09228515625,0.63641357421875,85.60546875,18158,22180
8.980065210999783,9.8671875,-2.953125,-1.390625,-0.111328125,0.216796875,-0.421875,-0.07220458984375,-0.7520751953125,0.13653564453125,0.64068603515625,10.41796875,0.8203125,-1.57421875,-0.208984375,0.16015625,-0.494140625,0.04620361328125,-0.764404296875,-0.09228515625,0.63641357421875,85.60546875,18158,22225
8.990074137000192,9.8671875,-2.953125,-1.390625,-0.111328125,0.216796875,-0.421875,-0.07220458984375,-0.7520751953125,0.13653564453125,0.64068603515625,10.41796875,0.8203125,-1.57421875,-0.208984375,0.16015625,-0.494140625,0.04620361328125,-0.764404296875,-0.09228515625,0.63641357421875,85.60546875,18483,22225
9.000062935000642,9.87109375,-3.03125,-1.23828125,-0.078125,0.1953125,-0.595703125,-0.07220458984375,-0.7520751953125,0.13653564453125,0.64068603515625,10.41796875,0.8203125,-1.57421875,-0.208984375,0.16015625,-0.494140625,0.04620361328125,-0.764404296875,-0.09228515625,0.63641357421875,85.693359375,18483,22066
9.010069941000438,9.87109375,-3.03125,-1.23828125,-0.078125,0.1953125,-0.595703125,-0.06561279296875,-0.75042724609375,0.127685546875,0.6451416015625,10.41796875,0.8203125,-1.57421875,-0.208984375,0.16015625,-0.494140625,0.04620361328125,-0.764404296875,-0.09228515625,0.63641357421875,85.693359375,18614,22066
9.020066867000423,9.87109375,-3.03125,-1.23828125,-0.078125,0.1953125,-0.595703125,-0.06561279296875,-0.75042724609375,0.127685546875,0.6451416015625,10.64453125,0.58984375,-1.7265625,-0.134765625,0.201171875,-0.673828125,0.05230712890625,-0.76129150390625,-0.1021728515625,0.63818359375,85.693359375,18614,20939
9.030065552000451,10.06640625,-2.76171875,-1.27734375,-0.078125,0.1953125,-0.595703125,-0.06561279296875,-0.75042724609375,0.127685546875,0.6451416015625,10.64453125,0.58984375,-1.7265625,-0.134765625,0.201171875,-0.673828125,0.05230712890625,-0.76129150390625,-0.1021728515625,0.63818359375,85.693359375,19097,20244
9.040066030000162,10.06640625,-2.76171875,-1.27734375,-0.078125,0.1953125,-0.595703125,-0.06561279296875,-0.75042724609375,0.127685546875,0.6451416015625,10.64453125,0.58984375,-1.7265625,-0.134765625,0.201171875,-0.673828125,0.05230712890625,-0.76129150390625,-0.1021728515625,0.63818359375,85.693359375,19097,20244
9.050455161000173,10.06640625,-2.76171875,-1.27734375,-0.078125,0.1953125,-0.595703125,-0.06561279296875,-0.75042724609375,0.127685546875,0.6451416015625,10.64453125,0.58984375,-1.7265625,-0.134765625,0.201171875,-0.673828125,0.05230712890625,-0.76129150390625,-0.1021728515625,0.63818359375,85.60546875,19327,20244
9.060064074000366,10.06640625,-2.76171875,-1.27734375,-0.0078125,0.244140625,-0.83984375,-0.05450439453125,-0.74847412109375,0.11651611328125,0.65057373046875,10.60546875,0.8203125,-2.07421875,-0.068359375,0.28515625,-0.892578125,0.06243896484375,-0.75726318359375,-0.1131591796875,0.64013671875,85.60546875,19327,19617
9.070082119999824,10.17578125,-2.609375,-1.390625,-0.0078125,0.244140625,-0.83984375,-0.05450439453125,-0.74847412109375,0.11651611328125,0.65057373046875,10.60546875,0.8203125,-2.07421875,-0.068359375,0.28515625,-0.892578125,0.06243896484375,-0.75726318359375,-0.1131591796875,0.64013671875,85.60546875,19713,19343
9.08007632600038,10.17578125,-2.609375,-1.390625,-0.0078125,0.244140625,-0.83984375,-0.05450439453125,-0.74847412109375,0.11651611328125,0.65057373046875,10.60546875,0.8203125,-2.07421875,-0.068359375,0.28515625,-0.892578125,0.06243896484375,-0.75726318359375,-0.1131591796875,0.64013671875,85.60546875,19713,19343
9.090067748000365,10.17578125,-2.609375,-1.390625,-0.0078125,0.244140625,-0.83984375,-0.05450439453125,-0.74847412109375,0.11651611328125,0.65057373046875,11.22265625,1.39453125,-2.1875,-0.068359375,0.28515625,-0.892578125,0.0765380859375,-0.7518310546875,-0.12628173828125,0.642578125,85.60546875,20070,19343
9.100066400999822,10.17578125,-2.609375,-1.390625,0.0078125,0.33984375,-1.0546875,-0.03973388671875,-0.74517822265625,0.10284423828125,0.65771484375,11.22265625,1.39453125,-2.1875,-0.068359375,0.28515625,-0.892578125,0.0765380859375,-0.7518310546875,-0.12628173828125,0.642578125,85.60546875,20070,18664
9.11006476700004,10.17578125,-2.609375,-1.390625,0.0078125,0.33984375,-1.0546875,-0.03973388671875,-0.74517822265625,0.10284423828125,0.65771484375,11.7109375,1.4296875,-2.1484375,-0.13671875,0.3671875,-1.115234375,0.0765380859375,-0.7518310546875,-0.12628173828125,0.642578125,85.517578125,20955,18664
9.1200711649999,11.55859375,-2.53125,-1.31640625,0.005859375,0.435546875,-1.3828125,-0.03973388671875,-0.74517822265625,0.10284423828125,0.65771484375,11.7109375,1.4296875,-2.1484375,-0.13671875,0.3671875,-1.115234375,0.0765380859375,-0.7518310546875,-0.12628173828125,0.642578125,85.4296875,20955,17389
9.130060283000603,11.55859375,-2.53125,-1.31640625,0.005859375,0.435546875,-1.3828125,-0.03973388671875,-0.74517822265625,0.10284423828125,0.65771484375,11.7109375,1.4296875,-2.1484375,-0.13671875,0.3671875,-1.115234375,0.0765380859375,-0.7518310546875,-0.12628173828125,0.642578125,85.4296875,21563,17389
9.140070424999976,11.7109375,-2.609375,-1.69921875,0.005859375,0.435546875,-1.3828125,-0.0208740234375,-0.74029541015625,0.08526611328125,0.66650390625,11.7109375,1.4296875,-2.1484375,-0.150390625,0.416015625,-1.35546875,0.093505859375,-0.74456787109375,-0.14300537109375,0.645263671875,85.341796875,21563,16072
9.150061942999855,11.7109375,-2.609375,-1.69921875,0.005859375,0.435546875,-1.3828125,-0.0208740234375,-0.74029541015625,0.08526611328125,0.66650390625,12.0234375,1.125,-2.2265625,-0.150390625,0.416015625,-1.35546875,0.093505859375,-0.74456787109375,-0.14300537109375,0.645263671875,85.25390625,22367,16072
9.160098422000374,11.7109375,-2.609375,-1.69921875,0.005859375,0.435546875,-1.3828125,-0.0208740234375,-0.74029541015625,0.08526611328125,0.66650390625,12.0234375,1.125,-2.2265625,-0.150390625,0.416015625,-1.35546875,0.093505859375,-0.74456787109375,-0.14300537109375,0.645263671875,85.078125,22367,14200
9.170081203000336,11.78515625,-3.44921875,-1.46875,0.080078125,0.498046875,-1.7265625,-0.0208740234375,-0.74029541015625,0.08526611328125,0.66650390625,12.0234375,1.125,-2.2265625,-0.029296875,0.451171875,-1.630859375,0.114501953125,-0.735595703125,-0.16265869140625,0.6475830078125,84.990234375,22842,14200
9.180037551000169,11.78515625,-3.44921875,-1.46875,0.080078125,0.498046875,-1.7265625,0.00335693359375,-0.73382568359375,0.06378173828125,0.67633056640625,12.0234375,1.125,-2.2265625,-0.029296875,0.451171875,-1.630859375,0.114501953125,-0.735595703125,-0.16265869140625,0.6475830078125,84.814453125,22842,11825
9.19006699000056,12.3984375,-3.2578125,-1.46875,0.080078125,0.498046875,-1.7265625,0.00335693359375,-0.73382568359375,0.06378173828125,0.67633056640625,12.33203125,0.16796875,-1.7265625,-0.029296875,0.451171875,-1.630859375,0.114501953125,-0.735595703125,-0.16265869140625,0.6475830078125,84.638671875,23291,8001
9.200079916000504,12.3984375,-3.2578125,-1.46875,0.080078125,0.498046875,-1.7265625,0.00335693359375,-0.73382568359375,0.06378173828125,0.67633056640625,12.33203125,0.16796875,-1.7265625,-0.029296875,0.451171875,-1.630859375,0.114501953125,-0.735595703125,-0.16265869140625,0.6475830078125,84.462890625,23291,8001
9.210071978000087,12.3984375,-3.2578125,-1.46875,0.080078125,0.498046875,-1.7265625,0.00335693359375,-0.73382568359375,0.06378173828125,0.67633056640625,11.8671875,0.51171875,-1.8046875,-0.029296875,0.451171875,-1.630859375,0.1407470703125,-0.7252197265625,-0.18463134765625,0.648193359375,84.19921875,23583,8001
9.220096232999822,12.3984375,-3.2578125,-1.46875,0.017578125,0.55859375,-2.201171875,0.0343017578125,-0.7254638671875,0.03631591796875,0.6864013671875,11.8671875,0.51171875,-1.8046875,-0.123046875,0.388671875,-1.98828125,0.1407470703125,-0.7252197265625,-0.18463134765625,0.648193359375,83.935546875,23583,3789
9.230061349000607,12.58984375,-2.875,-1.9296875,0.017578125,0.55859375,-2.201171875,0.0343017578125,-0.7254638671875,0.03631591796875,0.6864013671875,11.8671875,0.51171875,-1.8046875,-0.123046875,0.388671875,-1.98828125,0.1407470703125,-0.7252197265625,-0.18463134765625,0.648193359375,83.671875,23775,3789
9.240069571000276,12.58984375,-2.875,-1.9296875,0.017578125,0.55859375,-2.201171875,0.0343017578125,-0.7254638671875,0.03631591796875,0.6864013671875,11.8671875,0.51171875,-1.8046875,-0.123046875,0.388671875,-1.98828125,0.1407470703125,-0.7252197265625,-0.18463134765625,0.648193359375,83.3203125,23775,2144
9.250061505000303,12.58984375,-2.875,-1.9296875,-0.271484375,0.61328125,-2.794921875,0.069580078125,-0.71453857421875,-0.00164794921875,0.6961669921875,11.90625,0.2421875,-1.7265625,-0.123046875,0.388671875,-1.98828125,0.16998291015625,-0.71337890625,-0.213623046875,0.64544677734375,83.14453125,24046,2144
9.260081215000355,13.28125,-3.03125,-2.12109375,-0.271484375,0.61328125,-2.794921875,0.069580078125,-0.71453857421875,-0.00164794921875,0.6961669921875,11.90625,0.2421875,-1.7265625,-0.412109375,0.21875,-2.47265625,0.16998291015625,-0.71337890625,-0.213623046875,0.64544677734375,82.79296875,24046,1859
9.27006534100019,13.28125,-3.03125,-2.12109375,-0.271484375,0.61328125,-2.794921875,0.069580078125,-0.71453857421875,-0.00164794921875,0.6961669921875,11.40625,-1.2109375,-1.23046875,-0.412109375,0.21875,-2.47265625,0.16998291015625,-0.71337890625,-0.213623046875,0.64544677734375,82.6171875,24280,1331
9.28007333900041,13.28125,-3.03125,-2.12109375,-0.271484375,0.61328125,-2.794921875,0.069580078125,-0.71453857421875,-0.00164794921875,0.6961669921875,11.40625,-1.2109375,-1.23046875,-0.412109375,0.21875,-2.47265625,0.20263671875,-0.699462890625,-0.25238037109375,0.63714599609375,82.177734375,24280,1331
9.2900604080005,13.28125,-3.03125,-2.12109375,-0.271484375,0.61328125,-2.794921875,0.069580078125,-0.71453857421875,-0.00164794921875,0.6961669921875,11.40625,-1.2109375,-1.23046875,-0.412109375,0.21875,-2.47265625,0.20263671875,-0.699462890625,-0.25238037109375,0.63714599609375,81.73828125,24215,1331
9.300088631000108,14.43359375,-2.1875,-1.7734375,-0.40234375,0.58203125,-3.509765625,0.1119384765625,-0.69964599609375,-0.05316162109375,0.70367431640625,11.40625,-1.2109375,-1.23046875,-0.412109375,0.21875,-2.47265625,0.20263671875,-0.699462890625,-0.25238037109375,0.63714599609375,81.298828125,24215,664
9.31007954100005,14.43359375,-2.1875,-1.7734375,-0.40234375,0.58203125,-3.509765625,0.1119384765625,-0.69964599609375,-0.05316162109375,0.70367431640625,12.1328125,1.73828125,-1.5,-0.357421875,0.09765625,-3.0546875,0.20263671875,-0.699462890625,-0.25238037109375,0.63714599609375,80.947265625,21887,664
9.32007051399978,14.43359375,-2.1875,-1.7734375,-0.40234375,0.58203125,-3.509765625,0.1119384765625,-0.69964599609375,-0.05316162109375,0.70367431640625,12.1328125,1.73828125,-1.5,-0.357421875,0.09765625,-3.0546875,0.20263671875,-0.699462890625,-0.25238037109375,0.63714599609375,80.419921875,21887,450
9.330060080000294,16.3828125,-0.73046875,-1.31640625,-0.455078125,0.494140625,-3.86328125,0.1119384765625,-0.69964599609375,-0.05316162109375,0.70367431640625,11.0234375,7.17578125,-2.6484375,-0.357421875,0.09765625,-3.0546875,0.24127197265625,-0.6820068359375,-0.29681396484375,0.62335205078125,79.98046875,18832,450
9.340070478000598,16.3828125,-0.73046875,-1.31640625,-0.455078125,0.494140625,-3.86328125,0.1600341796875,-0.68109130859375,-0.1121826171875,0.70562744140625,11.0234375,7.17578125,-2.6484375,-0.703125,0.232421875,-2.947265625,0.24127197265625,-0.6820068359375,-0.29681396484375,0.62335205078125,79.365234375,18832,265
9.350105964999784,14.23828125,-2.9140625,-0.703125,-0.455078125,0.494140625,-3.86328125,0.1600341796875,-0.68109130859375,-0.1121826171875,0.70562744140625,11.0234375,7.17578125,-2.6484375,-0.703125,0.232421875,-2.947265625,0.24127197265625,-0.6820068359375,-0.29681396484375,0.62335205078125,78.75,9241,230
9.360071177999998,14.23828125,-2.9140625,-0.703125,-0.455078125,0.494140625,-3.86328125,0.1600341796875,-0.68109130859375,-0.1121826171875,0.70562744140625,11.0234375,7.17578125,-2.6484375,-0.703125,0.232421875,-2.947265625,0.24127197265625,-0.6820068359375,-0.29681396484375,0.62335205078125,78.3984375,9241,230
9.370061991000512,14.23828125,-2.9140625,-0.703125,-0.455078125,0.494140625,-3.86328125,0.1600341796875,-0.68109130859375,-0.1121826171875,0.70562744140625,7.3828125,5.4921875,-2.53125,-0.703125,0.232421875,-2.947265625,0.27001953125,-0.65960693359375,-0.3392333984375,0.61395263671875,77.51953125,3468,230
9.380066053000519,14.23828125,-2.9140625,-0.703125,-0.552734375,0.697265625,-3.255859375,0.2005615234375,-0.65740966796875,-0.165771484375,0.7071533203125,7.3828125,5.4921875,-2.53125,-0.84375,0.365234375,-2.033203125,0.27001953125,-0.65960693359375,-0.3392333984375,0.61395263671875,76.640625,3468,5
9.390071458999955,7.53515625,-4.41015625,-1.96484375,-0.552734375,0.697265625,-3.255859375,0.2005615234375,-0.65740966796875,-0.165771484375,0.7071533203125,7.3828125,5.4921875,-2.53125,-0.84375,0.365234375,-2.033203125,0.27001953125,-0.65960693359375,-0.3392333984375,0.61395263671875,76.201171875,282,5
9.400064673000088,7.53515625,-4.41015625,-1.96484375,-0.552734375,0.697265625,-3.255859375,0.2005615234375,-0.65740966796875,-0.165771484375,0.7071533203125,7.3828125,5.4921875,-2.53125,-0.84375,0.365234375,-2.033203125,0.27001953125,-0.65960693359375,-0.3392333984375,0.61395263671875,75.76171875,282,4
9.410067198999968,7.53515625,-4.41015625,-1.96484375,-0.642578125,0.703125,-2.26171875,0.22760009765625,-0.634765625,-0.20660400390625,0.70892333984375,2.37109375,3.765625,-1.65234375,-0.84375,0.365234375,-2.033203125,0.2840576171875,-0.64031982421875,-0.36871337890625,0.611083984375,75.234375,10,4
9.420065404000525,3.16796875,-7.16796875,-1.4296875,-0.642578125,0.703125,-2.26171875,0.22760009765625,-0.634765625,-0.20660400390625,0.70892333984375,2.37109375,3.765625,-1.65234375,-0.76953125,0.28515625,-0.552734375,0.2840576171875,-0.64031982421875,-0.36871337890625,0.611083984375,74.619140625,10,66
9.430083131000174,3.16796875,-7.16796875,-1.4296875,-0.642578125,0.703125,-2.26171875,0.22760009765625,-0.634765625,-0.20660400390625,0.70892333984375,1.98828125,6.9453125,0.26171875,-0.76953125,0.28515625,-0.552734375,0.2840576171875,-0.64031982421875,-0.36871337890625,0.611083984375,74.1796875,80,66
9.440050040000642,3.16796875,-7.16796875,-1.4296875,-0.642578125,0.703125,-2.26171875,0.22760009765625,-0.634765625,-0.20660400390625,0.70892333984375,1.98828125,6.9453125,0.26171875,-0.76953125,0.28515625,-0.552734375,0.2840576171875,-0.64031982421875,-0.36871337890625,0.611083984375,73.740234375,80,114
9.450067765999847,3.08984375,-6.86328125,-0.85546875,0.255859375,0.10546875,-0.072265625,0.22760009765625,-0.634765625,-0.20660400390625,0.70892333984375,1.98828125,6.9453125,0.26171875,-0.76953125,0.28515625,-0.552734375,0.2840576171875,-0.64031982421875,-0.36871337890625,0.611083984375,73.388671875,38,114
9.460062707999896,3.08984375,-6.86328125,-0.85546875,0.255859375,0.10546875,-0.072265625,0.2344970703125,-0.629638671875,-0.21258544921875,0.70947265625,1.98828125,6.9453125,0.26171875,0.17578125,0.29296875,0.953125,0.2796630859375,-0.6326904296875,-0.373291015625,0.6181640625,73.212890625,38,125
9.470087442000477,3.08984375,-6.86328125,-0.85546875,0.255859375,0.10546875,-0.072265625,0.2344970703125,-0.629638671875,-0.21258544921875,0.70947265625,1.30078125,1.0859375,-0.80859375,0.17578125,0.29296875,0.953125,0.2796630859375,-0.6326904296875,-0.373291015625,0.6181640625,73.212890625,2,125
9.480061422999825,3.08984375,-6.86328125,-0.85546875,0.255859375,0.10546875,-0.072265625,0.2344970703125,-0.629638671875,-0.21258544921875,0.70947265625,1.30078125,1.0859375,-0.80859375,0.17578125,0.29296875,0.953125,0.2796630859375,-0.6326904296875,-0.373291015625,0.6181640625,73.212890625,2,2876
9.49006772499979,3.47265625,-5.015625,-0.96875,0.4296875,-0.06640625,1.779296875,0.2344970703125,-0.629638671875,-0.21258544921875,0.70947265625,1.30078125,1.0859375,-0.80859375,0.17578125,0.29296875,0.953125,0.2796630859375,-0.6326904296875,-0.373291015625,0.6181640625,73.30078125,3,2876
9.500061354000536,3.47265625,-5.015625,-0.96875,0.4296875,-0.06640625,1.779296875,0.2344970703125,-0.629638671875,-0.21258544921875,0.70947265625,1.52734375,6.30078125,0.33984375,0.36328125,0.134765625,2.259765625,0.26800537109375,-0.63818359375,-0.3533935546875,0.62933349609375,73.388671875,3,6302
9.510070920000544,5.078125,-3.6796875,-1.046875,0.4296875,-0.06640625,1.779296875,0.2252197265625,-0.63653564453125,-0.19091796875,0.7125244140625,1.52734375,6.30078125,0.33984375,0.36328125,0.134765625,2.259765625,0.26800537109375,-0.63818359375,-0.3533935546875,0.62933349609375,73.388671875,4,10592
9.520061862000148,5.078125,-3.6796875,-1.046875,0.4296875,-0.06640625,1.779296875,0.2252197265625,-0.63653564453125,-0.19091796875,0.7125244140625,1.52734375,6.30078125,0.33984375,0.36328125,0.134765625,2.259765625,0.26800537109375,-0.63818359375,-0.3533935546875,0.62933349609375,73.4765625,4,10592
9.530067618999965,5.078125,-3.6796875,-1.046875,0.4296875,-0.06640625,1.779296875,0.2252197265625,-0.63653564453125,-0.19091796875,0.7125244140625,1.52734375,6.30078125,0.33984375,0.36328125,0.134765625,2.259765625,0.26800537109375,-0.63818359375,-0.3533935546875,0.62933349609375,73.740234375,3,10592
9.540061441000034,5.078125,-3.6796875,-1.046875,0.1015625,-0.25390625,2.943359375,0.192138671875,-0.65264892578125,-0.1483154296875,0.71771240234375,2.75390625,3.69140625,-0.234375,0.36328125,0.134765625,2.259765625,0.23919677734375,-0.65155029296875,-0.31805419921875,0.64581298828125,73.916015625,3,15740
9.550071583000317,6.3828125,-1.421875,-1.125,0.1015625,-0.25390625,2.943359375,0.192138671875,-0.65264892578125,-0.1483154296875,0.71771240234375,2.75390625,3.69140625,-0.234375,0.36328125,0.134765625,2.259765625,0.23919677734375,-0.65155029296875,-0.31805419921875,0.64581298828125,74.091796875,4,15740
9.56006466800045,6.3828125,-1.421875,-1.125,0.1015625,-0.25390625,2.943359375,0.192138671875,-0.65264892578125,-0.1483154296875,0.71771240234375,2.67578125,4.53515625,1.22265625,-0.029296875,-0.197265625,2.88671875,0.19488525390625,-0.66876220703125,-0.2796630859375,0.6607666015625,74.1796875,4,18136
9.57007244200031,6.3828125,-1.421875,-1.125,0.1015625,-0.25390625,2.943359375,0.192138671875,-0.65264892578125,-0.1483154296875,0.71771240234375,2.67578125,4.53515625,1.22265625,-0.029296875,-0.197265625,2.88671875,0.19488525390625,-0.66876220703125,-0.2796630859375,0.6607666015625,74.35546875,3,18136
9.580061303000548,6.3828125,-1.421875,-1.125,-0.1640625,-0.697265625,3.7734375,0.14141845703125,-0.6715087890625,-0.10052490234375,0.72039794921875,2.67578125,4.53515625,1.22265625,-0.02734375,-0.697265625,3.673828125,0.19488525390625,-0.66876220703125,-0.2796630859375,0.6607666015625,74.53125,3,19352
9.590072597000471,7.6484375,-2.453125,-1.390625,-0.1640625,-0.697265625,3.7734375,0.14141845703125,-0.6715087890625,-0.10052490234375,0.72039794921875,4.55859375,2.54296875,1.7578125,-0.02734375,-0.697265625,3.673828125,0.19488525390625,-0.66876220703125,-0.2796630859375,0.6607666015625,74.70703125,4,20217
9.600063347000287,7.6484375,-2.453125,-1.390625,-0.1640625,-0.697265625,3.7734375,0.14141845703125,-0.6715087890625,-0.10052490234375,0.72039794921875,4.55859375,2.54296875,1.7578125,-0.02734375,-0.697265625,3.673828125,0.14068603515625,-0.6929931640625,-0.230224609375,0.6685791015625,74.8828125,4,20217
9.61006536000059,7.6484375,-2.453125,-1.390625,-0.1640625,-0.697265625,3.7734375,0.14141845703125,-0.6715087890625,-0.10052490234375,0.72039794921875,4.55859375,2.54296875,1.7578125,-0.02734375,-0.697265625,3.673828125,0.14068603515625,-0.6929931640625,-0.230224609375,0.6685791015625,75.05859375,3,20217
9.620076877999963,10.10546875,-2.37890625,-2.04296875,0.08203125,-1.185546875,4.216796875,0.083984375,-0.696044921875,-0.04351806640625,0.71173095703125,4.55859375,2.54296875,1.7578125,-0.02734375,-0.697265625,3.673828125,0.14068603515625,-0.6929931640625,-0.230224609375,0.6685791015625,75.234375,3,21117
9.6300608749998,13.28515625,-2.875,-1.890625,0.08203125,-1.185546875,4.216796875,0.083984375,-0.696044921875,-0.04351806640625,0.71173095703125,6.4296875,1.69921875,0.5703125,0.541015625,-1.130859375,4.041015625,0.14068603515625,-0.6929931640625,-0.230224609375,0.6685791015625,75.41015625,3,21117
9.640069992999997,13.28515625,-2.875,-1.890625,0.08203125,-1.185546875,4.216796875,0.083984375,-0.696044921875,-0.04351806640625,0.71173095703125,6.4296875,1.69921875,0.5703125,0.541015625,-1.130859375,4.041015625,0.14068603515625,-0.6929931640625,-0.230224609375,0.6685791015625,75.849609375,3,21611
9.650064295000448,13.28515625,-2.875,-1.890625,0.08203125,-1.185546875,4.216796875,0.083984375,-0.696044921875,-0.04351806640625,0.71173095703125,8.88671875,1.9296875,-0.5390625,0.541015625,-1.130859375,4.041015625,0.08697509765625,-0.720947265625,-0.1671142578125,0.6668701171875,76.201171875,4,21611
9.66014029500002,13.28515625,-2.875,-1.890625,0.63671875,-1.49609375,4.724609375,0.02490234375,-0.72149658203125,0.02703857421875,0.69140625,8.88671875,1.9296875,-0.5390625,1.171875,-1.2265625,4.291015625,0.08697509765625,-0.720947265625,-0.1671142578125,0.6668701171875,76.552734375,4,21709
9.670065506000356,15.5390625,-1.61328125,-1.8125,0.63671875,-1.49609375,4.724609375,0.02490234375,-0.72149658203125,0.02703857421875,0.69140625,8.88671875,1.9296875,-0.5390625,1.171875,-1.2265625,4.291015625,0.08697509765625,-0.720947265625,-0.1671142578125,0.6668701171875,76.9921875,4,21937
9.680078240000512,15.5390625,-1.61328125,-1.8125,0.63671875,-1.49609375,4.724609375,0.02490234375,-0.72149658203125,0.02703857421875,0.69140625,8.88671875,1.9296875,-0.5390625,1.171875,-1.2265625,4.291015625,0.08697509765625,-0.720947265625,-0.1671142578125,0.6668701171875,77.51953125,4,21937
9.690066013000433,15.5390625,-1.61328125,-1.8125,0.63671875,-1.49609375,4.724609375,0.02490234375,-0.72149658203125,0.02703857421875,0.69140625,10.45703125,4.03515625,-1.69140625,1.171875,-1.2265625,4.291015625,0.03558349609375,-0.7452392578125,-0.09307861328125,0.6593017578125,78.046875,3,21937
9.700071195000419,15.5390625,-1.61328125,-1.8125,0.7890625,-1.466796875,5.16015625,-0.03741455078125,-0.740234375,0.10797119140625,0.66259765625,10.45703125,4.03515625,-1.69140625,1.171875,-1.2265625,4.291015625,0.03558349609375,-0.7452392578125,-0.09307861328125,0.6593017578125,78.486328125,3,21749
9.710007030999805,15.5390625,-1.61328125,-1.8125,0.7890625,-1.466796875,5.16015625,-0.03741455078125,-0.740234375,0.10797119140625,0.66259765625,10.45703125,4.03515625,-1.69140625,1.171875,-1.2265625,4.291015625,0.03558349609375,-0.7452392578125,-0.09307861328125,0.6593017578125,79.013671875,5,21749
9.72007314199982,15.5390625,-1.61328125,-1.8125,0.7890625,-1.466796875,5.16015625,-0.03741455078125,-0.740234375,0.10797119140625,0.66259765625,12.25,5.4140625,-1.99609375,1.099609375,-1.064453125,4.345703125,0.03558349609375,-0.7452392578125,-0.09307861328125,0.6593017578125,79.453125,5,21079
9.730066611999973,18.07421875,1.3359375,-1.5078125,0.279296875,-1.080078125,4.86328125,-0.03741455078125,-0.740234375,0.10797119140625,0.66259765625,12.25,5.4140625,-1.99609375,1.099609375,-1.064453125,4.345703125,0.03558349609375,-0.7452392578125,-0.09307861328125,0.6593017578125,79.892578125,3,21079
9.740070705000107,18.07421875,1.3359375,-1.5078125,0.279296875,-1.080078125,4.86328125,-0.03741455078125,-0.740234375,0.10797119140625,0.66259765625,12.25,5.4140625,-1.99609375,0.49609375,-0.8046875,3.83203125,-0.01727294921875,-0.76068115234375,-0.02264404296875,0.64849853515625,80.33203125,3,20433
9.750062926999817,19.9453125,3.1015625,0.29296875,0.279296875,-1.080078125,4.86328125,-0.10302734375,-0.747802734375,0.1807861328125,0.6304931640625,14.86328125,4.9921875,-2.37890625,0.49609375,-0.8046875,3.83203125,-0.01727294921875,-0.76068115234375,-0.02264404296875,0.64849853515625,80.859375,1,20433
9.760062475999803,19.9453125,3.1015625,0.29296875,0.279296875,-1.080078125,4.86328125,-0.10302734375,-0.747802734375,0.1807861328125,0.6304931640625,14.86328125,4.9921875,-2.37890625,0.49609375,-0.8046875,3.83203125,-0.01727294921875,-0.76068115234375,-0.02264404296875,0.64849853515625,81.2109375,1,20433
9.770068810000339,19.9453125,3.1015625,0.29296875,0.279296875,-1.080078125,4.86328125,-0.10302734375,-0.747802734375,0.1807861328125,0.6304931640625,14.86328125,4.9921875,-2.37890625,0.49609375,-0.8046875,3.83203125,-0.01727294921875,-0.76068115234375,-0.02264404296875,0.64849853515625,81.650390625,1,18866
9.780062120000366,19.0234375,2.21875,0.984375,0.04296875,-0.478515625,4.037109375,-0.16400146484375,-0.74365234375,0.23583984375,0.60369873046875,14.82421875,3.00390625,-0.84765625,0.349609375,-0.48046875,2.990234375,-0.0672607421875,-0.7666015625,0.03076171875,0.63787841796875,82.08984375,13,18866
9.790069093000056,19.0234375,2.21875,0.984375,0.04296875,-0.478515625,4.037109375,-0.16400146484375,-0.74365234375,0.23583984375,0.60369873046875,14.82421875,3.00390625,-0.84765625,0.349609375,-0.48046875,2.990234375,-0.0672607421875,-0.7666015625,0.03076171875,0.63787841796875,82.177734375,13,18866
9.800064899000063,17.03515625,7.50390625,-1.7734375,0.16015625,-0.783203125,2.123046875,-0.16400146484375,-0.74365234375,0.23583984375,0.60369873046875,14.82421875,3.00390625,-0.84765625,0.349609375,-0.48046875,2.990234375,-0.0672607421875,-0.7666015625,0.03076171875,0.63787841796875,82.265625,13,20449
9.810095648999777,17.03515625,7.50390625,-1.7734375,0.16015625,-0.783203125,2.123046875,-0.16400146484375,-0.74365234375,0.23583984375,0.60369873046875,13.6328125,2.3125,0.41796875,0.70703125,-0.587890625,0.796875,-0.10284423828125,-0.7686767578125,0.07171630859375,0.62725830078125,82.265625,-2,20449
9.82006242999978,17.03515625,7.50390625,-1.7734375,0.16015625,-0.783203125,2.123046875,-0.2003173828125,-0.73992919921875,0.2728271484375,0.58135986328125,13.6328125,2.3125,0.41796875,0.70703125,-0.587890625,0.796875,-0.10284423828125,-0.7686767578125,0.07171630859375,0.62725830078125,82.177734375,-2,22677
9.830090461000509,22.20703125,23.40234375,4.390625,0.16015625,-0.783203125,2.123046875,-0.2003173828125,-0.73992919921875,0.2728271484375,0.58135986328125,13.6328125,2.3125,0.41796875,0.70703125,-0.587890625,0.796875,-0.10284423828125,-0.7686767578125,0.07171630859375,0.62725830078125,82.08984375,5,22677
9.840060761000132,22.20703125,23.40234375,4.390625,0.16015625,-0.783203125,2.123046875,-0.2003173828125,-0.73992919921875,0.2728271484375,0.58135986328125,16.50390625,4.6484375,-0.38671875,0.70703125,-0.587890625,0.796875,-0.08758544921875,-0.7713623046875,0.08319091796875,0.62481689453125,82.001953125,5,24737
9.85008015099993,22.20703125,23.40234375,4.390625,0.16015625,-0.783203125,2.123046875,-0.2003173828125,-0.73992919921875,0.2728271484375,0.58135986328125,16.50390625,4.6484375,-0.38671875,0.70703125,-0.587890625,0.796875,-0.08758544921875,-0.7713623046875,0.08319091796875,0.62481689453125,81.9140625,7,24737
9.860082420999788,22.20703125,23.40234375,4.390625,0.576171875,0.05078125,-2.0859375,-0.17828369140625,-0.74249267578125,0.26983642578125,0.58660888671875,16.50390625,4.6484375,-0.38671875,-0.201171875,0.087890625,-1.583984375,-0.08758544921875,-0.7713623046875,0.08319091796875,0.62481689453125,81.73828125,7,25659
9.870050129999981,15.46484375,-3.7578125,1.94140625,0.576171875,0.05078125,-2.0859375,-0.17828369140625,-0.74249267578125,0.26983642578125,0.58660888671875,13.671875,3.578125,-3.796875,-0.201171875,0.087890625,-1.583984375,-0.08758544921875,-0.7713623046875,0.08319091796875,0.62481689453125,81.474609375,2,25659
9.88007707199995,15.46484375,-3.7578125,1.94140625,-0.4296875,0.720703125,-2.06640625,-0.17828369140625,-0.74249267578125,0.26983642578125,0.58660888671875,13.671875,3.578125,-3.796875,-0.201171875,0.087890625,-1.583984375,-0.08758544921875,-0.7713623046875,0.08319091796875,0.62481689453125,81.38671875,2,25444
9.890116239000236,15.46484375,-3.7578125,1.94140625,-0.4296875,0.720703125,-2.06640625,-0.17828369140625,-0.74249267578125,0.26983642578125,0.58660888671875,13.671875,3.578125,-3.796875,-0.060546875,0.259765625,-1.705078125,-0.0689697265625,-0.77178955078125,0.056396484375,0.629638671875,81.298828125,5,25444
9.900063595000574,15.46484375,-3.7578125,1.94140625,-0.4296875,0.720703125,-2.06640625,-0.17828369140625,-0.74249267578125,0.26983642578125,0.58660888671875,13.671875,3.578125,-3.796875,-0.060546875,0.259765625,-1.705078125,-0.0689697265625,-0.77178955078125,0.056396484375,0.629638671875,81.298828125,5,25846
9.910082665000118,6.5390625,-7.62890625,-2.76953125,-0.4296875,0.720703125,-2.06640625,-0.15936279296875,-0.74237060546875,0.23931884765625,0.60516357421875,7.234375,-5.46484375,-0.6953125,-0.060546875,0.259765625,-1.705078125,-0.0689697265625,-0.77178955078125,0.056396484375,0.629638671875,81.298828125,3,25846
9.920060198000101,6.5390625,-7.62890625,-2.76953125,-0.4296875,0.720703125,-2.06640625,-0.15936279296875,-0.74237060546875,0.23931884765625,0.60516357421875,7.234375,-5.46484375,-0.6953125,-0.060546875,0.259765625,-1.705078125,-0.0689697265625,-0.77178955078125,0.056396484375,0.629638671875,81.2109375,3,25679
9.930068356000447,6.5390625,-7.62890625,-2.76953125,-0.4296875,0.720703125,-2.06640625,-0.15936279296875,-0.74237060546875,0.23931884765625,0.60516357421875,7.234375,-5.46484375,-0.6953125,-0.060546875,0.259765625,-1.705078125,-0.0689697265625,-0.77178955078125,0.056396484375,0.629638671875,81.2109375,0,25679
9.940061057000094,9.71875,-4.984375,-1.19921875,0.017578125,0.076171875,-1.40625,-0.13641357421875,-0.74493408203125,0.2205810546875,0.61468505859375,7.234375,-5.46484375,-0.6953125,-0.060546875,0.259765625,-1.705078125,-0.0689697265625,-0.77178955078125,0.056396484375,0.629638671875,81.123046875,0,25612
9.95007241500025,9.71875,-4.984375,-1.19921875,0.017578125,0.076171875,-1.40625,-0.13641357421875,-0.74493408203125,0.2205810546875,0.61468505859375,8.265625,2.6953125,-0.34765625,-0.1796875,0.064453125,-1.26953125,-0.04547119140625,-0.77142333984375,0.0361328125,0.6336669921875,81.123046875,1,25612
9.960073213000214,9.71875,-4.984375,-1.19921875,0.017578125,0.076171875,-1.40625,-0.13641357421875,-0.74493408203125,0.2205810546875,0.61468505859375,8.265625,2.6953125,-0.34765625,-0.1796875,0.064453125,-1.26953125,-0.04547119140625,-0.77142333984375,0.0361328125,0.6336669921875,81.123046875,1,26046
9.970097755000097,9.52734375,-4.6015625,-1.0078125,-0.16015625,0.052734375,-0.990234375,-0.13641357421875,-0.74493408203125,0.2205810546875,0.61468505859375,8.4609375,1.9296875,-1.23046875,-0.1796875,0.064453125,-1.26953125,-0.03057861328125,-0.7718505859375,0.01837158203125,0.634765625,81.123046875,5,26046
9.980073112000355,9.52734375,-4.6015625,-1.0078125,-0.16015625,0.052734375,-0.990234375,-0.1229248046875,-0.7471923828125,0.20391845703125,0.6204833984375,8.4609375,1.9296875,-1.23046875,-0.10546875,-0.0390625,-0.8359375,-0.03057861328125,-0.7718505859375,0.01837158203125,0.634765625,81.123046875,5,25574
9.990076789999875,9.94921875,-4.90625,-2.34765625,-0.16015625,0.052734375,-0.990234375,-0.1229248046875,-0.7471923828125,0.20391845703125,0.6204833984375,8.4609375,1.9296875,-1.23046875,-0.10546875,-0.0390625,-0.8359375,-0.03057861328125,-0.7718505859375,0.01837158203125,0.634765625,81.2109375,6,25574
