timestamp_s,foot_ax,foot_ay,foot_az,foot_gx,foot_gy,foot_gz,foot_qi,foot_qj,foot_qk,foot_qr,shank_ax,shank_ay,shank_az,shank_gx,shank_gy,shank_gz,shank_qi,shank_qj,shank_qk,shank_qr,ankle_encoder_deg,toe_fsr_raw,heel_fsr_raw
0.00449961300000723,,,,,,,,,,,,,,,,,,,,,,,
0.01016267499926471,,,,,,,,,,,,,,,,,,,,,169.541015625,,
0.02006786599940824,,,,,,,,,,,10.9453125,4.6875,-1.5,0.0,0.0,0.0,0.021728515625,-0.74029541015625,-0.02569580078125,0.67144775390625,169.365234375,21879,0
0.030064003999541455,,,,,,,,,,,10.9453125,4.6875,-1.5,0.0,0.0,0.0,0.021728515625,-0.74029541015625,-0.02569580078125,0.67144775390625,169.365234375,21879,0
0.04006670399940049,9.91015625,-3.640625,-1.19921875,-0.0546875,0.103515625,-0.216796875,-0.10540771484375,-0.75439453125,0.12261962890625,0.63623046875,10.9453125,4.6875,-1.5,0.0,0.0,0.0,0.021728515625,-0.74029541015625,-0.02569580078125,0.67144775390625,168.75,21879,420
0.050065114999597427,9.91015625,-3.640625,-1.19921875,-0.0546875,0.103515625,-0.216796875,-0.10540771484375,-0.75439453125,0.12261962890625,0.63623046875,10.9453125,4.6875,-1.5,0.0,0.0,0.0,0.021728515625,-0.74029541015625,-0.02569580078125,0.67144775390625,168.486328125,21879,420
0.06006720599998516,9.91015625,-3.640625,-1.19921875,-0.0546875,0.103515625,-0.216796875,-0.10540771484375,-0.75439453125,0.12261962890625,0.63623046875,9.72265625,6.3359375,-2.1875,-0.552734375,0.08984375,-2.853515625,0.0587158203125,-0.73638916015625,-0.07232666015625,0.670166015625,168.134765625,8104,420
0.07006340799944155,10.75,-3.22265625,-0.89453125,-0.0546875,0.103515625,-0.216796875,-0.10540771484375,-0.75439453125,0.12261962890625,0.63623046875,9.72265625,6.3359375,-2.1875,-0.552734375,0.08984375,-2.853515625,0.0587158203125,-0.73638916015625,-0.07232666015625,0.670166015625,167.87109375,1226,478
0.0800714839997454,10.75,-3.22265625,-0.89453125,-0.416015625,0.568359375,-2.716796875,-0.10540771484375,-0.75439453125,0.12261962890625,0.63623046875,5.74609375,4.11328125,-1.95703125,-0.6328125,0.2421875,-2.216796875,0.0587158203125,-0.73638916015625,-0.07232666015625,0.670166015625,167.34375,1226,322
0.09007511099935073,10.75,-3.22265625,-0.89453125,-0.416015625,0.568359375,-2.716796875,0.20037841796875,-0.66192626953125,-0.1680908203125,0.70245361328125,5.74609375,4.11328125,-1.95703125,-0.6328125,0.2421875,-2.216796875,0.0850830078125,-0.72906494140625,-0.11309814453125,0.669677734375,167.080078125,8,322
0.10006292899925029,5.80859375,-4.21875,-0.77734375,-0.416015625,0.568359375,-2.716796875,0.20037841796875,-0.66192626953125,-0.1680908203125,0.70245361328125,5.74609375,4.11328125,-1.95703125,-0.6328125,0.2421875,-2.216796875,0.0850830078125,-0.72906494140625,-0.11309814453125,0.669677734375,166.9921875,8,327
0.11007132499980798,5.80859375,-4.21875,-0.77734375,-0.416015625,0.568359375,-2.716796875,0.20037841796875,-0.66192626953125,-0.1680908203125,0.70245361328125,5.74609375,4.11328125,-1.95703125,-0.6328125,0.2421875,-2.216796875,0.0850830078125,-0.72906494140625,-0.11309814453125,0.669677734375,166.81640625,4,327
0.12006266299977142,5.80859375,-4.21875,-0.77734375,-0.416015625,0.568359375,-2.716796875,0.20037841796875,-0.66192626953125,-0.1680908203125,0.70245361328125,1.41015625,7.21484375,-1.4609375,-0.990234375,0.3203125,-0.734375,0.0850830078125,-0.72906494140625,-0.11309814453125,0.669677734375,166.640625,4,145
0.13007339499927184,5.80859375,-4.21875,-0.77734375,-0.58984375,0.541015625,-0.603515625,0.21099853515625,-0.64678955078125,-0.1893310546875,0.7080078125,1.41015625,7.21484375,-1.4609375,-0.990234375,0.3203125,-0.734375,0.0931396484375,-0.720703125,-0.140869140625,0.67242431640625,166.552734375,1,145
0.1400680619999548,4.01171875,-10.0390625,-0.05078125,-0.58984375,0.541015625,-0.603515625,0.21099853515625,-0.64678955078125,-0.1893310546875,0.7080078125,2.71484375,4.3046875,-1.15234375,-0.990234375,0.3203125,-0.734375,0.0931396484375,-0.720703125,-0.140869140625,0.67242431640625,166.552734375,1,296
0.15007085699926392,4.01171875,-10.0390625,-0.05078125,-0.58984375,0.541015625,-0.603515625,0.21099853515625,-0.64678955078125,-0.1893310546875,0.7080078125,2.71484375,4.3046875,-1.15234375,-0.23828125,0.51953125,0.94921875,0.0931396484375,-0.720703125,-0.140869140625,0.67242431640625,166.640625,4,296
0.160063123999862,4.01171875,-10.0390625,-0.05078125,-0.58984375,0.541015625,-0.603515625,0.21099853515625,-0.64678955078125,-0.1893310546875,0.7080078125,2.71484375,4.3046875,-1.15234375,-0.23828125,0.51953125,0.94921875,0.0931396484375,-0.720703125,-0.140869140625,0.67242431640625,166.640625,4,723
0.17007212699991214,3.28125,-6.1328125,-0.96875,0.224609375,0.29296875,1.130859375,0.21099853515625,-0.64678955078125,-0.1893310546875,0.7080078125,2.71484375,4.3046875,-1.15234375,-0.23828125,0.51953125,0.94921875,0.0931396484375,-0.720703125,-0.140869140625,0.67242431640625,166.728515625,4,723
0.18006266599968512,3.28125,-6.1328125,-0.96875,0.224609375,0.29296875,1.130859375,0.19915771484375,-0.6474609375,-0.17266845703125,0.715087890625,2.56640625,0.7421875,-0.38671875,-0.23828125,0.51953125,0.94921875,0.07830810546875,-0.71392822265625,-0.13818359375,0.68194580078125,166.81640625,4,1545
0.19007099699956598,3.28125,-6.1328125,-0.96875,0.224609375,0.29296875,1.130859375,0.19915771484375,-0.6474609375,-0.17266845703125,0.715087890625,2.56640625,0.7421875,-0.38671875,0.6796875,0.345703125,1.833984375,0.07830810546875,-0.71392822265625,-0.13818359375,0.68194580078125,166.81640625,3,1545
0.2000659519999317,3.28125,-6.1328125,-0.96875,0.224609375,0.29296875,1.130859375,0.19915771484375,-0.6474609375,-0.17266845703125,0.715087890625,2.56640625,0.7421875,-0.38671875,0.6796875,0.345703125,1.833984375,0.07830810546875,-0.71392822265625,-0.13818359375,0.68194580078125,166.904296875,3,2482
0.2100802669992845,3.08984375,-4.25390625,-2.08203125,0.900390625,-0.171875,2.037109375,0.19915771484375,-0.6474609375,-0.17266845703125,0.715087890625,2.56640625,0.7421875,-0.38671875,0.6796875,0.345703125,1.833984375,0.07830810546875,-0.71392822265625,-0.13818359375,0.68194580078125,166.9921875,3,2482
0.2200478929999008,3.08984375,-4.25390625,-2.08203125,0.900390625,-0.171875,2.037109375,0.19915771484375,-0.6474609375,-0.17266845703125,0.715087890625,1.79296875,1.73828125,0.45703125,0.6796875,0.345703125,1.833984375,0.0634765625,-0.7117919921875,-0.1092529296875,0.69091796875,167.080078125,3,3599
0.23006809699927544,4.77734375,-4.1796875,-2.46484375,0.900390625,-0.171875,2.037109375,0.18170166015625,-0.65899658203125,-0.13262939453125,0.71771240234375,1.79296875,1.73828125,0.45703125,0.6796875,0.345703125,1.833984375,0.0634765625,-0.7117919921875,-0.1092529296875,0.69091796875,167.080078125,3,3599
0.24015415999929246,4.77734375,-4.1796875,-2.46484375,0.900390625,-0.171875,2.037109375,0.18170166015625,-0.65899658203125,-0.13262939453125,0.71771240234375,1.79296875,1.73828125,0.45703125,0.6796875,0.345703125,1.833984375,0.0634765625,-0.7117919921875,-0.1092529296875,0.69091796875,167.16796875,3,4802
0.2500149319994307,4.77734375,-4.1796875,-2.46484375,1.259765625,-0.572265625,2.93359375,0.156494140625,-0.6796875,-0.07391357421875,0.71282958984375,3.671875,3.00390625,0.0703125,1.2890625,0.041015625,2.640625,0.046630859375,-0.7152099609375,-0.0604248046875,0.69476318359375,167.255859375,4,4802
0.2600612500000352,6.50390625,-3.48828125,-2.65625,1.259765625,-0.572265625,2.93359375,0.156494140625,-0.6796875,-0.07391357421875,0.71282958984375,3.671875,3.00390625,0.0703125,1.2890625,0.041015625,2.640625,0.046630859375,-0.7152099609375,-0.0604248046875,0.69476318359375,167.255859375,4,7124
0.27006356499987305,6.50390625,-3.48828125,-2.65625,1.259765625,-0.572265625,2.93359375,0.156494140625,-0.6796875,-0.07391357421875,0.71282958984375,3.671875,4.23046875,-0.5390625,1.453125,-0.17578125,3.451171875,0.046630859375,-0.7152099609375,-0.0604248046875,0.69476318359375,167.34375,4,7124
0.2800768559991411,6.50390625,-3.48828125,-2.65625,1.259765625,-0.572265625,2.93359375,0.156494140625,-0.6796875,-0.07391357421875,0.71282958984375,3.671875,4.23046875,-0.5390625,1.453125,-0.17578125,3.451171875,0.046630859375,-0.7152099609375,-0.0604248046875,0.69476318359375,167.431640625,4,7675
0.2900697949999085,6.50390625,-3.48828125,-2.65625,1.2734375,-0.875,3.630859375,0.11944580078125,-0.7042236328125,-0.00091552734375,0.69989013671875,3.671875,4.23046875,-0.5390625,1.453125,-0.17578125,3.451171875,0.0203857421875,-0.7203369140625,0.00469970703125,0.69329833984375,167.51953125,5,7675
0.3000795019997895,9.296875,-1.7265625,-2.46484375,1.2734375,-0.875,3.630859375,0.11944580078125,-0.7042236328125,-0.00091552734375,0.69989013671875,6.234375,4.34375,-0.6171875,1.453125,-0.17578125,3.451171875,0.0203857421875,-0.7203369140625,0.00469970703125,0.69329833984375,167.607421875,5,8681
0.3101219479995052,9.296875,-1.7265625,-2.46484375,1.2734375,-0.875,3.630859375,0.11944580078125,-0.7042236328125,-0.00091552734375,0.69989013671875,6.234375,4.34375,-0.6171875,1.453125,-0.17578125,3.451171875,0.0203857421875,-0.7203369140625,0.00469970703125,0.69329833984375,167.607421875,4,8681
0.3200951089993396,9.296875,-1.7265625,-2.46484375,1.2734375,-0.875,3.630859375,0.11944580078125,-0.7042236328125,-0.00091552734375,0.69989013671875,6.234375,4.34375,-0.6171875,1.453125,-0.17578125,3.451171875,0.0203857421875,-0.7203369140625,0.00469970703125,0.69329833984375,167.6953125,4,9117
0.3300631189995329,12.3984375,-2.37890625,-2.2734375,0.7734375,-0.810546875,4.138671875,0.11944580078125,-0.7042236328125,-0.00091552734375,0.69989013671875,6.234375,4.34375,-0.6171875,1.09375,-0.3828125,3.94140625,-0.0150146484375,-0.72503662109375,0.07147216796875,0.684814453125,167.783203125,2,9117
0.34007535399996414,12.3984375,-2.37890625,-2.2734375,0.7734375,-0.810546875,4.138671875,0.06781005859375,-0.7247314453125,0.07550048828125,0.6815185546875,8.265625,5.4921875,-1.765625,1.09375,-0.3828125,3.94140625,-0.0150146484375,-0.72503662109375,0.07147216796875,0.684814453125,167.958984375,2,10503
0.35010531899933994,12.3984375,-2.37890625,-2.2734375,0.7734375,-0.810546875,4.138671875,0.06781005859375,-0.7247314453125,0.07550048828125,0.6815185546875,8.265625,5.4921875,-1.765625,1.09375,-0.3828125,3.94140625,-0.0150146484375,-0.72503662109375,0.07147216796875,0.684814453125,167.958984375,2,10503
0.36008180899989384,12.3984375,-2.37890625,-2.2734375,0.7734375,-0.810546875,4.138671875,0.06781005859375,-0.7247314453125,0.07550048828125,0.6815185546875,8.265625,5.4921875,-1.765625,1.09375,-0.3828125,3.94140625,-0.0150146484375,-0.72503662109375,0.07147216796875,0.684814453125,168.046875,2,11224
0.3700616589994752,15.0,-2.953125,-2.578125,0.412109375,-0.693359375,4.587890625,0.00286865234375,-0.73822021484375,0.1517333984375,0.65728759765625,10.0703125,4.6484375,-2.72265625,0.669921875,-0.416015625,4.40234375,-0.0150146484375,-0.72503662109375,0.07147216796875,0.684814453125,168.134765625,2,11224
0.38007165399994847,15.0,-2.953125,-2.578125,0.412109375,-0.693359375,4.587890625,0.00286865234375,-0.73822021484375,0.1517333984375,0.65728759765625,10.0703125,4.6484375,-2.72265625,0.669921875,-0.416015625,4.40234375,-0.06329345703125,-0.72698974609375,0.1376953125,0.66973876953125,168.134765625,2,11436
0.39006244899974263,15.0,-2.953125,-2.578125,0.412109375,-0.693359375,4.587890625,0.00286865234375,-0.73822021484375,0.1517333984375,0.65728759765625,10.0703125,4.6484375,-2.72265625,0.669921875,-0.416015625,4.40234375,-0.06329345703125,-0.72698974609375,0.1376953125,0.66973876953125,168.134765625,5,11436
0.4000614359993051,16.30859375,-0.8828125,-2.54296875,0.017578125,-0.55078125,4.357421875,0.00286865234375,-0.73822021484375,0.1517333984375,0.65728759765625,10.0703125,4.6484375,-2.72265625,0.669921875,-0.416015625,4.40234375,-0.06329345703125,-0.72698974609375,0.1376953125,0.66973876953125,168.046875,5,10797
0.410070918999736,16.30859375,-0.8828125,-2.54296875,0.017578125,-0.55078125,4.357421875,-0.06591796875,-0.7437744140625,0.21966552734375,0.62786865234375,10.87890625,4.15234375,-2.3046875,0.34375,-0.48046875,4.38671875,-0.11700439453125,-0.72540283203125,0.198974609375,0.64849853515625,168.046875,4,10797
0.42008398699999816,17.61328125,0.1484375,-1.9296875,0.017578125,-0.55078125,4.357421875,-0.06591796875,-0.7437744140625,0.21966552734375,0.62786865234375,10.87890625,4.15234375,-2.3046875,0.34375,-0.48046875,4.38671875,-0.11700439453125,-0.72540283203125,0.198974609375,0.64849853515625,168.046875,4,10608
0.43007218899947475,17.61328125,0.1484375,-1.9296875,0.017578125,-0.55078125,4.357421875,-0.06591796875,-0.7437744140625,0.21966552734375,0.62786865234375,11.98828125,5.1484375,-2.265625,-0.33984375,-0.591796875,4.0859375,-0.11700439453125,-0.72540283203125,0.198974609375,0.64849853515625,168.046875,4,10608
0.4400621839995438,17.61328125,0.1484375,-1.9296875,0.017578125,-0.55078125,4.357421875,-0.06591796875,-0.7437744140625,0.21966552734375,0.62786865234375,11.98828125,5.1484375,-2.265625,-0.33984375,-0.591796875,4.0859375,-0.11700439453125,-0.72540283203125,0.198974609375,0.64849853515625,168.046875,4,10420
0.45007323499976337,17.61328125,0.1484375,-1.9296875,-0.611328125,-0.40234375,4.025390625,-0.13592529296875,-0.74365234375,0.26983642578125,0.596435546875,11.98828125,5.1484375,-2.265625,-0.33984375,-0.591796875,4.0859375,-0.11700439453125,-0.72540283203125,0.198974609375,0.64849853515625,168.046875,4,10420
0.460062141999515,17.87890625,1.26171875,-0.625,-0.611328125,-0.40234375,4.025390625,-0.13592529296875,-0.74365234375,0.26983642578125,0.596435546875,12.40625,4.265625,-1.26953125,-0.33984375,-0.591796875,4.0859375,-0.1722412109375,-0.723876953125,0.2449951171875,0.62152099609375,168.134765625,4,10745
0.47006100099952164,17.87890625,1.26171875,-0.625,-0.611328125,-0.40234375,4.025390625,-0.13592529296875,-0.74365234375,0.26983642578125,0.596435546875,12.40625,4.265625,-1.26953125,-0.33984375,-0.591796875,4.0859375,-0.1722412109375,-0.723876953125,0.2449951171875,0.62152099609375,168.134765625,0,10745
0.4800667719991907,17.87890625,1.26171875,-0.625,-0.611328125,-0.40234375,4.025390625,-0.13592529296875,-0.74365234375,0.26983642578125,0.596435546875,12.40625,4.265625,-1.26953125,-0.33984375,-0.591796875,4.0859375,-0.1722412109375,-0.723876953125,0.2449951171875,0.62152099609375,168.134765625,0,10704
0.49009558399939124,16.80859375,3.0625,-0.01171875,-0.638671875,-0.396484375,3.23046875,-0.1954345703125,-0.7410888671875,0.30413818359375,0.5657958984375,12.40625,4.265625,-1.26953125,-0.515625,-0.607421875,3.33984375,-0.2205810546875,-0.72332763671875,0.27496337890625,0.59375,168.134765625,-3,10704
0.5000633379995634,16.80859375,3.0625,-0.01171875,-0.638671875,-0.396484375,3.23046875,-0.1954345703125,-0.7410888671875,0.30413818359375,0.5657958984375,12.59765625,2.12109375,-0.38671875,-0.515625,-0.607421875,3.33984375,-0.2205810546875,-0.72332763671875,0.27496337890625,0.59375,168.134765625,-3,11174
0.5100767259991699,16.80859375,3.0625,-0.01171875,-0.638671875,-0.396484375,3.23046875,-0.1954345703125,-0.7410888671875,0.30413818359375,0.5657958984375,12.59765625,2.12109375,-0.38671875,-0.515625,-0.607421875,3.33984375,-0.2205810546875,-0.72332763671875,0.27496337890625,0.59375,168.134765625,3,11174
0.5200683839993872,16.80859375,3.0625,-0.01171875,-0.638671875,-0.396484375,3.23046875,-0.1954345703125,-0.7410888671875,0.30413818359375,0.5657958984375,12.59765625,2.12109375,-0.38671875,-0.515625,-0.607421875,3.33984375,-0.2205810546875,-0.72332763671875,0.27496337890625,0.59375,168.046875,3,11538
0.5300972289996935,14.73828125,6.85546875,-0.01171875,-0.23828125,-0.49609375,1.73828125,-0.2286376953125,-0.7398681640625,0.3248291015625,0.54302978515625,11.140625,1.9296875,-0.08203125,-0.0390625,-0.587890625,1.923828125,-0.2205810546875,-0.72332763671875,0.27496337890625,0.59375,167.87109375,5,11538
0.5400624539997807,14.73828125,6.85546875,-0.01171875,-0.23828125,-0.49609375,1.73828125,-0.2286376953125,-0.7398681640625,0.3248291015625,0.54302978515625,11.140625,1.9296875,-0.08203125,-0.0390625,-0.587890625,1.923828125,-0.24664306640625,-0.72406005859375,0.2938232421875,0.57318115234375,167.783203125,5,18118
0.5500628489999144,14.73828125,6.85546875,-0.01171875,-0.23828125,-0.49609375,1.73828125,-0.2286376953125,-0.7398681640625,0.3248291015625,0.54302978515625,11.140625,1.9296875,-0.08203125,-0.0390625,-0.587890625,1.923828125,-0.24664306640625,-0.72406005859375,0.2938232421875,0.57318115234375,167.51953125,2,18118
0.5600844609998603,19.06640625,14.4375,2.4375,0.59765625,0.068359375,-1.619140625,-0.2286376953125,-0.7398681640625,0.3248291015625,0.54302978515625,11.140625,1.9296875,-0.08203125,-0.0390625,-0.587890625,1.923828125,-0.24664306640625,-0.72406005859375,0.2938232421875,0.57318115234375,167.431640625,2,22497
0.5700617189995683,19.06640625,14.4375,2.4375,0.59765625,0.068359375,-1.619140625,-0.2286376953125,-0.7398681640625,0.3248291015625,0.54302978515625,16.73828125,1.46875,-0.12109375,0.70703125,-0.091796875,-0.82421875,-0.23291015625,-0.72796630859375,0.29278564453125,0.57452392578125,167.080078125,6,22497
0.5800693779992798,16.23046875,6.125,2.8984375,0.59765625,0.068359375,-1.619140625,-0.21337890625,-0.74334716796875,0.3209228515625,0.54669189453125,16.73828125,1.46875,-0.12109375,0.70703125,-0.091796875,-0.82421875,-0.23291015625,-0.72796630859375,0.29278564453125,0.57452392578125,166.9921875,6,25209
0.590109422999376,16.23046875,6.125,2.8984375,0.59765625,0.068359375,-1.619140625,-0.21337890625,-0.74334716796875,0.3209228515625,0.54669189453125,12.59375,4.41796875,-1.57421875,-0.279296875,0.208984375,-1.48828125,-0.23291015625,-0.72796630859375,0.29278564453125,0.57452392578125,166.728515625,5,25209
0.6000646639995466,16.23046875,6.125,2.8984375,-0.326171875,0.806640625,-1.978515625,-0.21337890625,-0.74334716796875,0.3209228515625,0.54669189453125,12.59375,4.41796875,-1.57421875,-0.279296875,0.208984375,-1.48828125,-0.23291015625,-0.72796630859375,0.29278564453125,0.57452392578125,166.376953125,5,25624
0.6100687069993,8.296875,-7.01171875,-0.5859375,-0.326171875,0.806640625,-1.978515625,-0.181884765625,-0.7467041015625,0.291015625,0.56982421875,12.59375,4.41796875,-1.57421875,-0.279296875,0.208984375,-1.48828125,-0.23291015625,-0.72796630859375,0.29278564453125,0.57452392578125,165.9375,3,25624
0.6200714699998571,8.296875,-7.01171875,-0.5859375,-0.326171875,0.806640625,-1.978515625,-0.181884765625,-0.7467041015625,0.291015625,0.56982421875,8.26953125,-5.00390625,-1.65234375,-0.279296875,0.208984375,-1.48828125,-0.2020263671875,-0.7357177734375,0.2650146484375,0.58966064453125,165.849609375,3,26053
0.6300638009997783,8.296875,-7.01171875,-0.5859375,-0.326171875,0.806640625,-1.978515625,-0.181884765625,-0.7467041015625,0.291015625,0.56982421875,8.26953125,-5.00390625,-1.65234375,-0.279296875,0.208984375,-1.48828125,-0.2020263671875,-0.7357177734375,0.2650146484375,0.58966064453125,165.76171875,3,26053
0.6400733489999766,9.2578125,-5.2109375,-2.234375,-0.009765625,0.302734375,-1.943359375,-0.181884765625,-0.7467041015625,0.291015625,0.56982421875,8.26953125,-5.00390625,-1.65234375,-0.279296875,0.208984375,-1.48828125,-0.2020263671875,-0.7357177734375,0.2650146484375,0.58966064453125,165.5859375,3,26254
0.6500959529994361,9.2578125,-5.2109375,-2.234375,-0.009765625,0.302734375,-1.943359375,-0.181884765625,-0.7467041015625,0.291015625,0.56982421875,7.5390625,-0.71484375,-0.3125,-0.025390625,0.1875,-1.732421875,-0.1702880859375,-0.7425537109375,0.23321533203125,0.6043701171875,165.498046875,3,26254
0.6600913869997385,9.2578125,-5.2109375,-2.234375,-0.009765625,0.302734375,-1.943359375,-0.14556884765625,-0.749755859375,0.25677490234375,0.59222412109375,7.5390625,-0.71484375,-0.3125,-0.025390625,0.1875,-1.732421875,-0.1702880859375,-0.7425537109375,0.23321533203125,0.6043701171875,165.5859375,2,26138
0.6700653489997421,9.2578125,-5.2109375,-2.234375,-0.009765625,0.302734375,-1.943359375,-0.14556884765625,-0.749755859375,0.25677490234375,0.59222412109375,7.5390625,-0.71484375,-0.3125,-0.025390625,0.1875,-1.732421875,-0.1702880859375,-0.7425537109375,0.23321533203125,0.6043701171875,165.76171875,3,26138
0.6800811049997719,9.2578125,-5.2109375,-2.234375,-0.009765625,0.302734375,-1.943359375,-0.14556884765625,-0.749755859375,0.25677490234375,0.59222412109375,7.5390625,-0.71484375,-0.3125,-0.025390625,0.1875,-1.732421875,-0.1702880859375,-0.7425537109375,0.23321533203125,0.6043701171875,166.025390625,3,26185
0.6900718669994603,11.9375,-5.75,-0.55078125,-0.16796875,0.08203125,-0.904296875,-0.14556884765625,-0.749755859375,0.25677490234375,0.59222412109375,9.71875,4.53515625,-1.15234375,-0.455078125,0.03515625,-1.427734375,-0.1431884765625,-0.7498779296875,0.20135498046875,0.61370849609375,166.11328125,1810,26185
0.700076326999806,10.02734375,-4.41015625,-2.46484375,-0.16796875,0.08203125,-0.904296875,-0.11871337890625,-0.75250244140625,0.23052978515625,0.60540771484375,9.71875,4.53515625,-1.15234375,-0.455078125,0.03515625,-1.427734375,-0.1431884765625,-0.7498779296875,0.20135498046875,0.61370849609375,166.2890625,1810,26096
0.7100636649993248,10.02734375,-4.41015625,-2.46484375,-0.16796875,0.08203125,-0.904296875,-0.11871337890625,-0.75250244140625,0.23052978515625,0.60540771484375,9.71875,4.53515625,-1.15234375,-0.455078125,0.03515625,-1.427734375,-0.1431884765625,-0.7498779296875,0.20135498046875,0.61370849609375,166.46484375,2906,26096
0.7200865889999477,10.02734375,-4.41015625,-2.46484375,-0.16796875,0.08203125,-0.904296875,-0.11871337890625,-0.75250244140625,0.23052978515625,0.60540771484375,8.53125,4.03515625,-2.83984375,-0.857421875,0.041015625,-0.5390625,-0.1431884765625,-0.7498779296875,0.20135498046875,0.61370849609375,166.640625,2906,25944
0.7300779600000169,10.02734375,-4.41015625,-2.46484375,-0.330078125,-0.009765625,-0.37890625,-0.10833740234375,-0.75531005859375,0.2144775390625,0.6097412109375,8.53125,4.03515625,-2.83984375,-0.857421875,0.041015625,-0.5390625,-0.13470458984375,-0.7559814453125,0.173095703125,0.61676025390625,166.81640625,4720,25944
0.7400830589995167,10.02734375,-4.41015625,-2.46484375,-0.330078125,-0.009765625,-0.37890625,-0.10833740234375,-0.75531005859375,0.2144775390625,0.6097412109375,9.49609375,-3.89453125,-0.5390625,-0.857421875,0.041015625,-0.5390625,-0.13470458984375,-0.7559814453125,0.173095703125,0.61676025390625,166.9921875,4720,25903
0.7500643809999019,8.98828125,-5.25,-1.546875,-0.330078125,-0.009765625,-0.37890625,-0.10833740234375,-0.75531005859375,0.2144775390625,0.6097412109375,9.49609375,-3.89453125,-0.5390625,-0.173828125,-0.181640625,-0.56640625,-0.13470458984375,-0.7559814453125,0.173095703125,0.61676025390625,167.16796875,6259,25903
0.7600739929994234,8.98828125,-5.25,-1.546875,-0.330078125,-0.009765625,-0.37890625,-0.10833740234375,-0.75531005859375,0.2144775390625,0.6097412109375,9.49609375,-3.89453125,-0.5390625,-0.173828125,-0.181640625,-0.56640625,-0.13470458984375,-0.7559814453125,0.173095703125,0.61676025390625,167.255859375,6259,25757
0.7700678909995986,8.98828125,-5.25,-1.546875,-0.15625,-0.0703125,-0.220703125,-0.0980224609375,-0.7568359375,0.20263671875,0.6136474609375,9.49609375,-3.89453125,-0.5390625,-0.173828125,-0.181640625,-0.56640625,-0.13470458984375,-0.7559814453125,0.173095703125,0.61676025390625,167.431640625,6845,25757
0.7800743989992043,9.60546875,-4.25390625,-1.19921875,-0.15625,-0.0703125,-0.220703125,-0.0980224609375,-0.7568359375,0.20263671875,0.6136474609375,9.53125,1.9296875,-1.61328125,-0.173828125,-0.181640625,-0.56640625,-0.11944580078125,-0.76055908203125,0.1539306640625,0.61932373046875,167.51953125,6845,25816
0.7900636249996751,9.60546875,-4.25390625,-1.19921875,-0.15625,-0.0703125,-0.220703125,-0.0980224609375,-0.7568359375,0.20263671875,0.6136474609375,9.53125,1.9296875,-1.61328125,-0.173828125,-0.181640625,-0.56640625,-0.11944580078125,-0.76055908203125,0.1539306640625,0.61932373046875,167.51953125,8943,25816
0.8000642439992589,9.60546875,-4.25390625,-1.19921875,-0.15625,-0.0703125,-0.220703125,-0.0980224609375,-0.7568359375,0.20263671875,0.6136474609375,9.53125,1.9296875,-1.61328125,-0.173828125,-0.181640625,-0.56640625,-0.11944580078125,-0.76055908203125,0.1539306640625,0.61932373046875,167.607421875,8943,25679
0.8100677429993084,9.60546875,-4.25390625,-1.19921875,-0.15625,-0.0703125,-0.220703125,-0.0980224609375,-0.7568359375,0.20263671875,0.6136474609375,10.109375,0.8203125,-2.49609375,-0.171875,-0.130859375,-0.29296875,-0.10894775390625,-0.7642822265625,0.13970947265625,0.6201171875,167.6953125,9477,25679
0.820063017999928,10.10546875,-3.48828125,-1.69921875,-0.126953125,-0.064453125,-0.142578125,-0.0911865234375,-0.75799560546875,0.1937255859375,0.6160888671875,10.109375,0.8203125,-2.49609375,-0.171875,-0.130859375,-0.29296875,-0.10894775390625,-0.7642822265625,0.13970947265625,0.6201171875,167.6953125,9477,25554
0.8300735259999783,10.10546875,-3.48828125,-1.69921875,-0.126953125,-0.064453125,-0.142578125,-0.0911865234375,-0.75799560546875,0.1937255859375,0.6160888671875,10.109375,0.8203125,-2.49609375,-0.171875,-0.130859375,-0.29296875,-0.10894775390625,-0.7642822265625,0.13970947265625,0.6201171875,167.783203125,10275,25554
0.840068735999921,10.40625,-3.14453125,-1.35546875,-0.083984375,0.044921875,-0.173828125,-0.0911865234375,-0.75799560546875,0.1937255859375,0.6160888671875,10.109375,0.8203125,-2.49609375,-0.171875,-0.130859375,-0.29296875,-0.10894775390625,-0.7642822265625,0.13970947265625,0.6201171875,167.958984375,10275,25486
0.8500869239996973,10.40625,-3.14453125,-1.35546875,-0.083984375,0.044921875,-0.173828125,-0.0911865234375,-0.75799560546875,0.1937255859375,0.6160888671875,10.109375,0.8203125,-2.49609375,-0.171875,-0.130859375,-0.29296875,-0.10894775390625,-0.7642822265625,0.13970947265625,0.6201171875,168.134765625,11315,25486
0.8600629339998704,10.40625,-3.14453125,-1.35546875,-0.083984375,0.044921875,-0.173828125,-0.0850830078125,-0.758056640625,0.1861572265625,0.61920166015625,10.45703125,0.43359375,-2.83984375,-0.103515625,0.017578125,-0.28125,-0.099609375,-0.7659912109375,0.12762451171875,0.62213134765625,168.134765625,11315,25252
0.8700712019999628,10.40625,-3.14453125,-1.35546875,-0.083984375,0.044921875,-0.173828125,-0.0850830078125,-0.758056640625,0.1861572265625,0.61920166015625,10.14453125,0.20703125,-2.33984375,-0.103515625,0.017578125,-0.28125,-0.099609375,-0.7659912109375,0.12762451171875,0.62213134765625,168.22265625,12370,25252
0.8800699649991657,10.2109375,-3.06640625,-1.58203125,-0.072265625,0.09765625,-0.216796875,-0.0850830078125,-0.758056640625,0.1861572265625,0.61920166015625,10.14453125,0.20703125,-2.33984375,-0.103515625,0.017578125,-0.28125,-0.099609375,-0.7659912109375,0.12762451171875,0.62213134765625,168.3984375,12370,24950
0.8900715759991726,10.2109375,-3.06640625,-1.58203125,-0.072265625,0.09765625,-0.216796875,-0.0850830078125,-0.758056640625,0.1861572265625,0.61920166015625,10.14453125,0.20703125,-2.33984375,-0.078125,0.080078125,-0.38671875,-0.0894775390625,-0.7664794921875,0.1153564453125,0.62542724609375,168.486328125,13340,24950
0.9000616979992628,10.14453125,-3.22265625,-1.390625,-0.072265625,0.09765625,-0.216796875,-0.07952880859375,-0.75726318359375,0.1790771484375,0.623046875,10.26171875,0.05078125,-1.99609375,-0.078125,0.080078125,-0.38671875,-0.0894775390625,-0.7664794921875,0.1153564453125,0.62542724609375,168.57421875,13340,24950
0.9100756619991444,10.14453125,-3.22265625,-1.390625,-0.072265625,0.09765625,-0.216796875,-0.07952880859375,-0.75726318359375,0.1790771484375,0.623046875,10.26171875,0.05078125,-1.99609375,-0.16796875,0.1015625,-0.5,-0.0894775390625,-0.7664794921875,0.1153564453125,0.62542724609375,168.662109375,14631,24691
0.9200663919991712,10.14453125,-3.22265625,-1.390625,-0.072265625,0.09765625,-0.216796875,-0.07952880859375,-0.75726318359375,0.1790771484375,0.623046875,10.26171875,0.05078125,-1.99609375,-0.16796875,0.1015625,-0.5,-0.0894775390625,-0.7664794921875,0.1153564453125,0.62542724609375,168.837890625,14631,24454
0.9300968689994988,10.14453125,-3.22265625,-1.390625,-0.11328125,0.11328125,-0.33203125,-0.07342529296875,-0.75628662109375,0.1705322265625,0.62738037109375,10.26171875,0.05078125,-1.99609375,-0.16796875,0.1015625,-0.5,-0.0894775390625,-0.7664794921875,0.1153564453125,0.62542724609375,168.92578125,15286,24454
0.9400619660000302,10.14453125,-3.22265625,-1.390625,-0.11328125,0.11328125,-0.33203125,-0.07342529296875,-0.75628662109375,0.1705322265625,0.62738037109375,10.0703125,-0.0234375,-1.57421875,-0.16796875,0.1015625,-0.5,-0.07916259765625,-0.76678466796875,0.10125732421875,0.62890625,169.013671875,15286,24017
0.9500766329992985,9.91015625,-3.44921875,-1.31640625,-0.11328125,0.11328125,-0.33203125,-0.07342529296875,-0.75628662109375,0.1705322265625,0.62738037109375,10.0703125,-0.0234375,-1.57421875,-0.16796875,0.1015625,-0.5,-0.07916259765625,-0.76678466796875,0.10125732421875,0.62890625,169.1015625,16072,24017
0.960112196999944,9.91015625,-3.44921875,-1.31640625,-0.11328125,0.11328125,-0.33203125,-0.07342529296875,-0.75628662109375,0.1705322265625,0.62738037109375,10.0703125,-0.0234375,-1.57421875,-0.16796875,0.1015625,-0.5,-0.07916259765625,-0.76678466796875,0.10125732421875,0.62890625,169.27734375,16072,23947
0.9700676299999031,9.91015625,-3.44921875,-1.31640625,-0.11328125,0.11328125,-0.33203125,-0.07342529296875,-0.75628662109375,0.1705322265625,0.62738037109375,10.03125,0.12890625,-1.7265625,-0.1953125,0.064453125,-0.55859375,-0.07916259765625,-0.76678466796875,0.10125732421875,0.62890625,169.365234375,16782,23947
0.9800640559997191,9.87109375,-3.48828125,-1.46875,-0.130859375,0.09765625,-0.38671875,-0.06719970703125,-0.755615234375,0.16131591796875,0.63128662109375,10.03125,0.12890625,-1.7265625,-0.1953125,0.064453125,-0.55859375,-0.0687255859375,-0.76739501953125,0.0860595703125,0.63165283203125,169.453125,16782,23723
0.9900731869993251,9.87109375,-3.48828125,-1.46875,-0.130859375,0.09765625,-0.38671875,-0.06719970703125,-0.755615234375,0.16131591796875,0.63128662109375,10.03125,0.12890625,-1.7265625,-0.1953125,0.064453125,-0.55859375,-0.0687255859375,-0.76739501953125,0.0860595703125,0.63165283203125,169.541015625,17274,23723
1.0000745729994378,9.91015625,-3.44921875,-1.35546875,-0.078125,0.0859375,-0.333984375,-0.06719970703125,-0.755615234375,0.16131591796875,0.63128662109375,10.03125,0.12890625,-1.7265625,-0.1953125,0.064453125,-0.55859375,-0.0687255859375,-0.76739501953125,0.0860595703125,0.63165283203125,169.716796875,17274,23465
1.0100754479999523,9.91015625,-3.44921875,-1.35546875,-0.078125,0.0859375,-0.333984375,-0.06719970703125,-0.755615234375,0.16131591796875,0.63128662109375,9.9921875,0.703125,-1.69140625,-0.13671875,0.060546875,-0.55859375,-0.0579833984375,-0.7677001953125,0.0718994140625,0.63409423828125,169.8046875,17360,23465
1.0201280049996058,9.91015625,-3.44921875,-1.35546875,-0.078125,0.0859375,-0.333984375,-0.061279296875,-0.7548828125,0.1534423828125,0.63470458984375,9.9921875,0.703125,-1.69140625,-0.13671875,0.060546875,-0.55859375,-0.0579833984375,-0.7677001953125,0.0718994140625,0.63409423828125,169.98046875,17360,23335
1.03005265199954,9.90625,-3.296875,-1.46875,-0.078125,0.0859375,-0.333984375,-0.061279296875,-0.7548828125,0.1534423828125,0.63470458984375,9.9921875,0.703125,-1.69140625,-0.13671875,0.060546875,-0.55859375,-0.0579833984375,-0.7677001953125,0.0718994140625,0.63409423828125,170.15625,17515,23335
1.0400708069992106,9.90625,-3.296875,-1.46875,-0.0625,0.099609375,-0.283203125,-0.061279296875,-0.7548828125,0.1534423828125,0.63470458984375,9.99609375,1.0859375,-1.95703125,-0.12109375,0.087890625,-0.533203125,-0.0579833984375,-0.7677001953125,0.0718994140625,0.63409423828125,170.244140625,17515,23071
1.0500742739995985,9.90625,-3.296875,-1.46875,-0.0625,0.099609375,-0.283203125,-0.061279296875,-0.7548828125,0.1534423828125,0.63470458984375,9.99609375,1.0859375,-1.95703125,-0.12109375,0.087890625,-0.533203125,-0.04791259765625,-0.76751708984375,0.058837890625,0.63653564453125,170.5078125,17979,23071
1.060071787999732,10.06640625,-3.18359375,-1.4296875,-0.0625,0.099609375,-0.283203125,-0.05657958984375,-0.75390625,0.14715576171875,0.63775634765625,10.21875,0.51171875,-1.99609375,-0.12109375,0.087890625,-0.533203125,-0.04791259765625,-0.76751708984375,0.058837890625,0.63653564453125,170.68359375,17979,0
1.07008303099974,10.06640625,-3.18359375,-1.4296875,-0.0625,0.099609375,-0.283203125,-0.05657958984375,-0.75390625,0.14715576171875,0.63775634765625,10.21875,0.51171875,-1.99609375,-0.12109375,0.087890625,-0.533203125,-0.04791259765625,-0.76751708984375,0.058837890625,0.63653564453125,170.68359375,18128,0
1.0800097259998438,10.06640625,-3.18359375,-1.4296875,-0.0625,0.099609375,-0.283203125,-0.05657958984375,-0.75390625,0.14715576171875,0.63775634765625,10.21875,0.51171875,-1.99609375,-0.12109375,0.087890625,-0.533203125,-0.04791259765625,-0.76751708984375,0.058837890625,0.63653564453125,170.947265625,18128,22946
1.0900739629996679,10.06640625,-3.18359375,-1.4296875,-0.04296875,0.115234375,-0.3515625,-0.05120849609375,-0.752685546875,0.1407470703125,0.64117431640625,10.21875,0.51171875,-1.99609375,-0.0859375,0.1328125,-0.62890625,-0.03656005859375,-0.76666259765625,0.04571533203125,0.639404296875,171.2109375,18375,22946
1.1000762779995057,10.02734375,-3.10546875,-1.31640625,-0.04296875,0.115234375,-0.3515625,-0.05120849609375,-0.752685546875,0.1407470703125,0.64117431640625,10.26171875,0.43359375,-1.84375,-0.0859375,0.1328125,-0.62890625,-0.03656005859375,-0.76666259765625,0.04571533203125,0.639404296875,171.298828125,18375,22378
1.1100737279994064,10.02734375,-3.10546875,-1.31640625,-0.04296875,0.115234375,-0.3515625,-0.05120849609375,-0.752685546875,0.1407470703125,0.64117431640625,10.26171875,0.43359375,-1.84375,-0.0859375,0.1328125,-0.62890625,-0.03656005859375,-0.76666259765625,0.04571533203125,0.639404296875,171.474609375,18539,22378
1.120072202999836,10.02734375,-3.10546875,-1.31640625,-0.04296875,0.115234375,-0.3515625,-0.05120849609375,-0.752685546875,0.1407470703125,0.64117431640625,10.26171875,0.43359375,-1.84375,-0.0859375,0.1328125,-0.62890625,-0.03656005859375,-0.76666259765625,0.04571533203125,0.639404296875,171.650390625,18539,21881
1.130074644999695,10.02734375,-3.10546875,-1.31640625,-0.04296875,0.115234375,-0.3515625,-0.05120849609375,-0.752685546875,0.1407470703125,0.64117431640625,10.22265625,0.6640625,-1.91796875,-0.08984375,0.162109375,-0.76953125,-0.03656005859375,-0.76666259765625,0.04571533203125,0.639404296875,171.826171875,18888,21881
1.1400730549994478,10.0234375,-2.9140625,-1.31640625,-0.041015625,0.140625,-0.482421875,-0.04443359375,-0.751220703125,0.13336181640625,0.6448974609375,10.22265625,0.6640625,-1.91796875,-0.08984375,0.162109375,-0.76953125,-0.0234375,-0.76519775390625,0.03155517578125,0.64263916015625,171.9140625,18888,21304
1.1500742499993066,10.0234375,-2.9140625,-1.31640625,-0.041015625,0.140625,-0.482421875,-0.04443359375,-0.751220703125,0.13336181640625,0.6448974609375,10.22265625,0.6640625,-1.91796875,-0.08984375,0.162109375,-0.76953125,-0.0234375,-0.76519775390625,0.03155517578125,0.64263916015625,172.08984375,19002,21304
1.160069843999736,10.0625,-2.953125,-1.46875,-0.001953125,0.236328125,-0.708984375,-0.04443359375,-0.751220703125,0.13336181640625,0.6448974609375,10.375,0.55078125,-2.3046875,-0.07421875,0.24609375,-0.919921875,-0.0234375,-0.76519775390625,0.03155517578125,0.64263916015625,172.177734375,19002,20517
1.170075486999849,10.0625,-2.953125,-1.46875,-0.001953125,0.236328125,-0.708984375,-0.04443359375,-0.751220703125,0.13336181640625,0.6448974609375,10.375,0.55078125,-2.3046875,-0.07421875,0.24609375,-0.919921875,-0.00860595703125,-0.7625732421875,0.0159912109375,0.64666748046875,172.265625,19219,20517
1.1800810659997296,10.0625,-2.953125,-1.46875,-0.001953125,0.236328125,-0.708984375,-0.0347900390625,-0.74884033203125,0.12396240234375,0.65008544921875,10.26171875,0.89453125,-1.91796875,-0.07421875,0.24609375,-0.919921875,-0.00860595703125,-0.7625732421875,0.0159912109375,0.64666748046875,172.265625,19219,19810
1.190069778999714,10.0625,-2.953125,-1.46875,-0.001953125,0.236328125,-0.708984375,-0.0347900390625,-0.74884033203125,0.12396240234375,0.65008544921875,10.26171875,0.89453125,-1.91796875,-0.07421875,0.24609375,-0.919921875,-0.00860595703125,-0.7625732421875,0.0159912109375,0.64666748046875,172.353515625,19503,19810
1.2000809259998277,10.10546875,-2.72265625,-1.27734375,0.013671875,0.28515625,-0.958984375,-0.0347900390625,-0.74884033203125,0.12396240234375,0.65008544921875,10.26171875,0.89453125,-1.91796875,-0.07421875,0.24609375,-0.919921875,-0.00860595703125,-0.7625732421875,0.0159912109375,0.64666748046875,172.353515625,19503,18792
1.2100704399999813,10.10546875,-2.72265625,-1.27734375,0.013671875,0.28515625,-0.958984375,-0.021240234375,-0.74554443359375,0.111572265625,0.65673828125,10.26171875,0.89453125,-1.91796875,-0.0703125,0.28125,-1.05078125,0.00811767578125,-0.75897216796875,-0.00103759765625,0.65106201171875,172.44140625,19838,18792
1.2201462949997222,10.75390625,-2.64453125,-1.125,0.013671875,0.28515625,-0.958984375,-0.021240234375,-0.74554443359375,0.111572265625,0.65673828125,10.4140625,1.35546875,-1.53515625,-0.0703125,0.28125,-1.05078125,0.00811767578125,-0.75897216796875,-0.00103759765625,0.65106201171875,172.44140625,19838,18447
1.230072156999995,10.75390625,-2.64453125,-1.125,0.013671875,0.28515625,-0.958984375,-0.021240234375,-0.74554443359375,0.111572265625,0.65673828125,10.4140625,1.35546875,-1.53515625,-0.0703125,0.28125,-1.05078125,0.00811767578125,-0.75897216796875,-0.00103759765625,0.65106201171875,172.44140625,20415,18447
1.2400748239997483,10.75390625,-2.64453125,-1.125,0.013671875,0.28515625,-0.958984375,-0.021240234375,-0.74554443359375,0.111572265625,0.65673828125,10.4140625,1.35546875,-1.53515625,-0.0703125,0.28125,-1.05078125,0.00811767578125,-0.75897216796875,-0.00103759765625,0.65106201171875,172.529296875,20415,18270
1.2502126009994754,10.75390625,-2.64453125,-1.125,0.013671875,0.28515625,-0.958984375,-0.021240234375,-0.74554443359375,0.111572265625,0.65673828125,10.90625,1.8515625,-1.65234375,-0.1640625,0.30078125,-1.197265625,0.0262451171875,-0.754638671875,-0.02069091796875,0.65533447265625,172.529296875,20415,18270
1.260079164999297,11.2109375,-2.1484375,-1.046875,-0.017578125,0.33203125,-1.19921875,-0.00482177734375,-0.74163818359375,0.09625244140625,0.66387939453125,10.90625,1.8515625,-1.65234375,-0.1640625,0.30078125,-1.197265625,0.0262451171875,-0.754638671875,-0.02069091796875,0.65533447265625,172.44140625,20809,18156
1.2700832719992832,11.2109375,-2.1484375,-1.046875,-0.017578125,0.33203125,-1.19921875,-0.00482177734375,-0.74163818359375,0.09625244140625,0.66387939453125,10.90625,1.8515625,-1.65234375,-0.1640625,0.30078125,-1.197265625,0.0262451171875,-0.754638671875,-0.02069091796875,0.65533447265625,172.44140625,20809,18156
1.2800221269999383,11.2109375,-2.1484375,-1.046875,-0.017578125,0.33203125,-1.19921875,-0.00482177734375,-0.74163818359375,0.09625244140625,0.66387939453125,10.90625,1.8515625,-1.65234375,-0.1640625,0.30078125,-1.197265625,0.0262451171875,-0.754638671875,-0.02069091796875,0.65533447265625,172.44140625,21789,18156
1.2900793879998673,11.55859375,-2.68359375,-1.69921875,-0.0390625,0.404296875,-1.443359375,-0.00482177734375,-0.74163818359375,0.09625244140625,0.66387939453125,11.1796875,1.66015625,-2.33984375,-0.17578125,0.337890625,-1.3828125,0.04632568359375,-0.74896240234375,-0.042724609375,0.6595458984375,172.353515625,21789,18156
1.3000781189994086,11.55859375,-2.68359375,-1.69921875,-0.0390625,0.404296875,-1.443359375,0.01513671875,-0.7364501953125,0.077392578125,0.67193603515625,11.1796875,1.66015625,-2.33984375,-0.17578125,0.337890625,-1.3828125,0.04632568359375,-0.74896240234375,-0.042724609375,0.6595458984375,172.353515625,22666,17097
1.3100135499998942,11.55859375,-2.68359375,-1.69921875,-0.0390625,0.404296875,-1.443359375,0.01513671875,-0.7364501953125,0.077392578125,0.67193603515625,11.1796875,1.66015625,-2.33984375,-0.17578125,0.337890625,-1.3828125,0.04632568359375,-0.74896240234375,-0.042724609375,0.6595458984375,172.265625,22666,16013
1.3200723469999502,11.55859375,-2.68359375,-1.69921875,-0.0390625,0.404296875,-1.443359375,0.01513671875,-0.7364501953125,0.077392578125,0.67193603515625,11.40625,0.47265625,-1.8046875,-0.013671875,0.38671875,-1.646484375,0.04632568359375,-0.74896240234375,-0.042724609375,0.6595458984375,172.177734375,22568,16013
1.3300760699994498,11.7109375,-3.296875,-1.46875,0.10546875,0.427734375,-1.783203125,0.01513671875,-0.7364501953125,0.077392578125,0.67193603515625,11.40625,0.47265625,-1.8046875,-0.013671875,0.38671875,-1.646484375,0.07049560546875,-0.7420654296875,-0.0660400390625,0.663330078125,172.08984375,22568,14910
1.3400993459999881,11.7109375,-3.296875,-1.46875,0.10546875,0.427734375,-1.783203125,0.01513671875,-0.7364501953125,0.077392578125,0.67193603515625,11.94921875,0.3203125,-2.1484375,-0.013671875,0.38671875,-1.646484375,0.07049560546875,-0.7420654296875,-0.0660400390625,0.663330078125,172.001953125,23675,14910
1.3500776909995693,12.359375,-3.56640625,-1.69921875,0.10546875,0.427734375,-1.783203125,0.039794921875,-0.72979736328125,0.05596923828125,0.68023681640625,11.94921875,0.3203125,-2.1484375,-0.013671875,0.38671875,-1.646484375,0.07049560546875,-0.7420654296875,-0.0660400390625,0.663330078125,171.73828125,23675,12478
1.360072100999787,12.359375,-3.56640625,-1.69921875,0.10546875,0.427734375,-1.783203125,0.039794921875,-0.72979736328125,0.05596923828125,0.68023681640625,11.94921875,0.3203125,-2.1484375,-0.013671875,0.38671875,-1.646484375,0.07049560546875,-0.7420654296875,-0.0660400390625,0.663330078125,171.5625,23580,12478
1.3700773919999847,12.359375,-3.56640625,-1.69921875,0.041015625,0.515625,-2.169921875,0.06976318359375,-0.720703125,0.02960205078125,0.6890869140625,11.94921875,0.3203125,-2.1484375,-0.013671875,0.38671875,-1.646484375,0.07049560546875,-0.7420654296875,-0.0660400390625,0.663330078125,171.38671875,23580,8528
1.3800742019993777,13.125,-2.68359375,-1.96484375,0.041015625,0.515625,-2.169921875,0.06976318359375,-0.720703125,0.02960205078125,0.6890869140625,11.98828125,0.93359375,-2.3046875,-0.04296875,0.388671875,-1.88671875,0.09906005859375,-0.73382568359375,-0.091064453125,0.6658935546875,171.298828125,24164,8528
1.3900599720000173,13.125,-2.68359375,-1.96484375,0.041015625,0.515625,-2.169921875,0.06976318359375,-0.720703125,0.02960205078125,0.6890869140625,11.98828125,0.93359375,-2.3046875,-0.04296875,0.388671875,-1.88671875,0.09906005859375,-0.73382568359375,-0.091064453125,0.6658935546875,171.03515625,24164,4546
1.4001151529992057,13.125,-2.68359375,-1.96484375,0.041015625,0.515625,-2.169921875,0.06976318359375,-0.720703125,0.02960205078125,0.6890869140625,11.98828125,0.93359375,-2.3046875,-0.04296875,0.388671875,-1.88671875,0.09906005859375,-0.73382568359375,-0.091064453125,0.6658935546875,170.771484375,24182,4546
1.4100692409992917,13.125,-2.68359375,-1.96484375,-0.240234375,0.55859375,-2.79296875,0.10400390625,-0.708740234375,-0.0069580078125,0.69775390625,11.98828125,0.93359375,-2.3046875,-0.04296875,0.388671875,-1.88671875,0.09906005859375,-0.73382568359375,-0.091064453125,0.6658935546875,170.595703125,24182,4546
1.420071395999912,13.46875,-2.30078125,-1.8125,-0.240234375,0.55859375,-2.79296875,0.10400390625,-0.708740234375,-0.0069580078125,0.69775390625,11.8671875,-0.0625,-1.34375,-0.2890625,0.255859375,-2.302734375,0.13031005859375,-0.72430419921875,-0.12371826171875,0.6656494140625,170.419921875,24519,3235
1.4300765899997714,13.46875,-2.30078125,-1.8125,-0.240234375,0.55859375,-2.79296875,0.10400390625,-0.708740234375,-0.0069580078125,0.69775390625,11.8671875,-0.0625,-1.34375,-0.2890625,0.255859375,-2.302734375,0.13031005859375,-0.72430419921875,-0.12371826171875,0.6656494140625,170.33203125,24519,943
1.4400789049996092,13.46875,-2.30078125,-1.8125,-0.240234375,0.55859375,-2.79296875,0.10400390625,-0.708740234375,-0.0069580078125,0.69775390625,9.9921875,1.39453125,-0.38671875,-0.23828125,0.08984375,-2.923828125,0.13031005859375,-0.72430419921875,-0.12371826171875,0.6656494140625,170.15625,23660,943
1.45007955499932,14.43359375,-0.42578125,-0.3203125,-0.201171875,0.46875,-3.201171875,0.14459228515625,-0.69390869140625,-0.0521240234375,0.7034912109375,9.9921875,1.39453125,-0.38671875,-0.23828125,0.08984375,-2.923828125,0.16705322265625,-0.71405029296875,-0.16412353515625,0.6597900390625,169.98046875,23660,824
1.4600791499997285,14.43359375,-0.42578125,-0.3203125,-0.201171875,0.46875,-3.201171875,0.14459228515625,-0.69390869140625,-0.0521240234375,0.7034912109375,10.5234375,6.48828125,-1.3828125,-0.23828125,0.08984375,-2.923828125,0.16705322265625,-0.71405029296875,-0.16412353515625,0.6597900390625,169.98046875,19588,824
1.4700094609997905,14.43359375,-0.42578125,-0.3203125,-0.201171875,0.46875,-3.201171875,0.14459228515625,-0.69390869140625,-0.0521240234375,0.7034912109375,10.5234375,6.48828125,-1.3828125,-0.3125,0.279296875,-2.806640625,0.16705322265625,-0.71405029296875,-0.16412353515625,0.6597900390625,169.8046875,19588,483
1.4800750429994878,14.43359375,-0.42578125,-0.3203125,-0.201171875,0.46875,-3.201171875,0.14459228515625,-0.69390869140625,-0.0521240234375,0.7034912109375,10.5234375,6.48828125,-1.3828125,-0.3125,0.279296875,-2.806640625,0.16705322265625,-0.71405029296875,-0.16412353515625,0.6597900390625,169.62890625,14275,483
1.4900762049992409,15.4609375,-1.0,0.21875,-0.103515625,0.474609375,-2.9453125,0.14459228515625,-0.69390869140625,-0.0521240234375,0.7034912109375,10.5234375,6.48828125,-1.3828125,-0.3125,0.279296875,-2.806640625,0.2047119140625,-0.69970703125,-0.2049560546875,0.653076171875,169.453125,14275,507
1.5000717349994375,15.4609375,-1.0,0.21875,-0.103515625,0.474609375,-2.9453125,0.14459228515625,-0.69390869140625,-0.0521240234375,0.7034912109375,8.5,6.6015625,-1.91796875,-0.3125,0.279296875,-2.806640625,0.2047119140625,-0.69970703125,-0.2049560546875,0.653076171875,169.365234375,2855,507
1.5100755539997408,10.02734375,-2.9921875,-0.28125,-0.103515625,0.474609375,-2.9453125,0.183349609375,-0.678466796875,-0.09326171875,0.70526123046875,8.5,6.6015625,-1.91796875,-0.3125,0.279296875,-2.806640625,0.2047119140625,-0.69970703125,-0.2049560546875,0.653076171875,169.189453125,2855,292
1.5200700279992816,10.02734375,-2.9921875,-0.28125,-0.103515625,0.474609375,-2.9453125,0.183349609375,-0.678466796875,-0.09326171875,0.70526123046875,8.5,6.6015625,-1.91796875,-0.3125,0.279296875,-2.806640625,0.2047119140625,-0.69970703125,-0.2049560546875,0.653076171875,169.013671875,134,292
1.530075542999839,10.02734375,-2.9921875,-0.28125,0.06640625,0.58203125,-2.27734375,0.2158203125,-0.6617431640625,-0.1231689453125,0.70733642578125,8.5,6.6015625,-1.91796875,-0.279296875,0.498046875,-2.111328125,0.2335205078125,-0.68310546875,-0.236083984375,0.65045166015625,169.1015625,134,108
1.5400780809995922,10.02734375,-2.9921875,-0.28125,0.06640625,0.58203125,-2.27734375,0.2158203125,-0.6617431640625,-0.1231689453125,0.70733642578125,3.7109375,4.109375,-1.57421875,-0.279296875,0.498046875,-2.111328125,0.2335205078125,-0.68310546875,-0.236083984375,0.65045166015625,169.189453125,4,108
1.5500759799997468,4.27734375,-7.12890625,-0.55078125,0.06640625,0.58203125,-2.27734375,0.2158203125,-0.6617431640625,-0.1231689453125,0.70733642578125,3.7109375,4.109375,-1.57421875,-0.279296875,0.498046875,-2.111328125,0.2335205078125,-0.68310546875,-0.236083984375,0.65045166015625,169.189453125,4,165
1.5600740059999225,4.27734375,-7.12890625,-0.55078125,0.06640625,0.58203125,-2.27734375,0.2158203125,-0.6617431640625,-0.1231689453125,0.70733642578125,2.7890625,6.68359375,-0.6953125,-0.529296875,0.54296875,-0.248046875,0.2335205078125,-0.68310546875,-0.236083984375,0.65045166015625,169.189453125,2,165
1.570074399999612,4.27734375,-7.12890625,-0.55078125,0.064453125,0.376953125,0.033203125,0.18316650390625,-0.66754150390625,-0.08184814453125,0.717041015625,2.7890625,6.68359375,-0.6953125,-0.529296875,0.54296875,-0.248046875,0.24188232421875,-0.67041015625,-0.25,0.6553955078125,169.27734375,2,442
1.5800681069995335,2.9765625,-8.77734375,-0.81640625,0.064453125,0.376953125,0.033203125,0.18316650390625,-0.66754150390625,-0.08184814453125,0.717041015625,2.7890625,6.68359375,-0.6953125,-0.529296875,0.54296875,-0.248046875,0.24188232421875,-0.67041015625,-0.25,0.6553955078125,169.27734375,4,442
1.590073716999541,2.9765625,-8.77734375,-0.81640625,0.064453125,0.376953125,0.033203125,0.18316650390625,-0.66754150390625,-0.08184814453125,0.717041015625,2.7890625,6.68359375,-0.6953125,-0.529296875,0.54296875,-0.248046875,0.24188232421875,-0.67041015625,-0.25,0.6553955078125,169.365234375,4,780
1.6000263329997324,2.9765625,-8.77734375,-0.81640625,0.064453125,0.376953125,0.033203125,0.18316650390625,-0.66754150390625,-0.08184814453125,0.717041015625,2.5625,-0.0625,-0.76953125,0.20703125,0.494140625,0.783203125,0.24188232421875,-0.67041015625,-0.25,0.6553955078125,169.365234375,4,780
1.6100730339994698,2.9765625,-8.77734375,-0.81640625,0.064453125,0.376953125,0.033203125,0.18316650390625,-0.66754150390625,-0.08184814453125,0.717041015625,2.5625,-0.0625,-0.76953125,0.20703125,0.494140625,0.783203125,0.24188232421875,-0.67041015625,-0.25,0.6553955078125,169.453125,4,1591
1.6200735249994977,2.40234375,-5.21484375,-1.5078125,0.43359375,0.275390625,0.9609375,0.178955078125,-0.66656494140625,-0.0648193359375,0.72076416015625,2.0234375,2.66015625,-0.04296875,0.20703125,0.494140625,0.783203125,0.2369384765625,-0.6673583984375,-0.23822021484375,0.66461181640625,169.453125,4,1591
1.6300719989994832,2.40234375,-5.21484375,-1.5078125,0.43359375,0.275390625,0.9609375,0.178955078125,-0.66656494140625,-0.0648193359375,0.72076416015625,2.0234375,2.66015625,-0.04296875,0.20703125,0.494140625,0.783203125,0.2369384765625,-0.6673583984375,-0.23822021484375,0.66461181640625,169.541015625,4,3401
1.6400709529998494,2.40234375,-5.21484375,-1.5078125,0.43359375,0.275390625,0.9609375,0.178955078125,-0.66656494140625,-0.0648193359375,0.72076416015625,2.0234375,2.66015625,-0.04296875,0.20703125,0.494140625,0.783203125,0.2369384765625,-0.6673583984375,-0.23822021484375,0.66461181640625,169.541015625,3,3401
1.6500748039998143,2.40234375,-5.21484375,-1.5078125,0.43359375,0.275390625,0.9609375,0.178955078125,-0.66656494140625,-0.0648193359375,0.72076416015625,2.0234375,2.66015625,-0.04296875,0.6015625,0.25,1.85546875,0.22357177734375,-0.67333984375,-0.2081298828125,0.67327880859375,169.62890625,3,3769
1.6600733420000324,3.3203125,-5.015625,-1.96484375,0.703125,-0.17578125,2.05859375,0.16424560546875,-0.6739501953125,-0.03094482421875,0.71966552734375,2.984375,3.04296875,0.109375,0.6015625,0.25,1.85546875,0.22357177734375,-0.67333984375,-0.2081298828125,0.67327880859375,169.716796875,2,3769
1.6700679769992348,5.578125,-4.5625,-2.34765625,0.703125,-0.17578125,2.05859375,0.16424560546875,-0.6739501953125,-0.03094482421875,0.71966552734375,2.984375,3.04296875,0.109375,0.6015625,0.25,1.85546875,0.22357177734375,-0.67333984375,-0.2081298828125,0.67327880859375,169.716796875,2,3791
1.6800688829998762,5.578125,-4.5625,-2.34765625,0.92578125,-0.587890625,2.92578125,0.16424560546875,-0.6739501953125,-0.03094482421875,0.71966552734375,2.984375,3.04296875,0.109375,0.6015625,0.25,1.85546875,0.22357177734375,-0.67333984375,-0.2081298828125,0.67327880859375,169.8046875,0,3791
1.6900743659998625,5.578125,-4.5625,-2.34765625,0.92578125,-0.587890625,2.92578125,0.16424560546875,-0.6739501953125,-0.03094482421875,0.71966552734375,4.28515625,3.0390625,-0.5390625,0.9765625,-0.015625,2.76171875,0.200927734375,-0.687744140625,-0.16009521484375,0.678955078125,169.892578125,0,6242
1.7000774159996581,7.45703125,-2.53125,-2.46484375,0.92578125,-0.587890625,2.92578125,0.13916015625,-0.6895751953125,0.01922607421875,0.71044921875,4.28515625,3.0390625,-0.5390625,0.9765625,-0.015625,2.76171875,0.200927734375,-0.687744140625,-0.16009521484375,0.678955078125,169.892578125,4,6242
1.7100725309992413,7.45703125,-2.53125,-2.46484375,0.92578125,-0.587890625,2.92578125,0.13916015625,-0.6895751953125,0.01922607421875,0.71044921875,4.28515625,3.0390625,-0.5390625,0.9765625,-0.015625,2.76171875,0.200927734375,-0.687744140625,-0.16009521484375,0.678955078125,169.98046875,4,6967
1.7201166709992322,7.45703125,-2.53125,-2.46484375,0.92578125,-0.587890625,2.92578125,0.13916015625,-0.6895751953125,0.01922607421875,0.71044921875,4.28515625,3.0390625,-0.5390625,0.9765625,-0.015625,2.76171875,0.200927734375,-0.687744140625,-0.16009521484375,0.678955078125,169.98046875,2,6967
1.7300738309995722,7.45703125,-2.53125,-2.46484375,0.92578125,-0.587890625,2.92578125,0.13916015625,-0.6895751953125,0.01922607421875,0.71044921875,5.2421875,4.2265625,-0.84765625,1.056640625,-0.236328125,3.30859375,0.170654296875,-0.70538330078125,-0.1031494140625,0.68023681640625,170.068359375,2,7207
1.7400698739993459,10.3671875,-2.64453125,-1.890625,0.794921875,-0.7109375,3.45703125,0.104736328125,-0.70672607421875,0.07647705078125,0.69549560546875,5.2421875,4.2265625,-0.84765625,1.056640625,-0.236328125,3.30859375,0.170654296875,-0.70538330078125,-0.1031494140625,0.68023681640625,170.15625,3,7207
1.7500724120000086,10.3671875,-2.64453125,-1.890625,0.794921875,-0.7109375,3.45703125,0.104736328125,-0.70672607421875,0.07647705078125,0.69549560546875,5.2421875,4.2265625,-0.84765625,1.056640625,-0.236328125,3.30859375,0.170654296875,-0.70538330078125,-0.1031494140625,0.68023681640625,170.15625,3,7789
1.760079814999699,10.3671875,-2.64453125,-1.890625,0.794921875,-0.7109375,3.45703125,0.104736328125,-0.70672607421875,0.07647705078125,0.69549560546875,8.08203125,5.33984375,-2.2265625,0.69140625,-0.212890625,3.880859375,0.170654296875,-0.70538330078125,-0.1031494140625,0.68023681640625,170.244140625,1,7789
1.7700682089998736,13.203125,-3.18359375,-2.12109375,0.48828125,-0.54296875,4.03125,0.05816650390625,-0.71990966796875,0.136962890625,0.677978515625,8.08203125,5.33984375,-2.2265625,0.69140625,-0.212890625,3.880859375,0.170654296875,-0.70538330078125,-0.1031494140625,0.68023681640625,170.33203125,1,7789
1.7800710039991827,13.203125,-3.18359375,-2.12109375,0.48828125,-0.54296875,4.03125,0.05816650390625,-0.71990966796875,0.136962890625,0.677978515625,9.07421875,4.49609375,-2.6875,0.69140625,-0.212890625,3.880859375,0.12799072265625,-0.7215576171875,-0.04144287109375,0.67919921875,170.33203125,4,7935
1.7900770299993383,13.203125,-3.18359375,-2.12109375,0.48828125,-0.54296875,4.03125,0.05816650390625,-0.71990966796875,0.136962890625,0.677978515625,9.07421875,4.49609375,-2.6875,0.69140625,-0.212890625,3.880859375,0.12799072265625,-0.7215576171875,-0.04144287109375,0.67919921875,170.33203125,4,8603
1.8000777129991548,14.15625,-2.0703125,-2.6953125,0.080078125,-0.4453125,4.162109375,0.05816650390625,-0.71990966796875,0.136962890625,0.677978515625,9.07421875,4.49609375,-2.6875,0.69140625,-0.212890625,3.880859375,0.12799072265625,-0.7215576171875,-0.04144287109375,0.67919921875,170.419921875,3,8603
1.810079322999627,14.15625,-2.0703125,-2.6953125,0.080078125,-0.4453125,4.162109375,0.05816650390625,-0.71990966796875,0.136962890625,0.677978515625,9.07421875,4.49609375,-2.6875,0.69140625,-0.212890625,3.880859375,0.12799072265625,-0.7215576171875,-0.04144287109375,0.67919921875,170.419921875,3,8603
1.8200722609999502,14.15625,-2.0703125,-2.6953125,0.080078125,-0.4453125,4.162109375,0.00201416015625,-0.72796630859375,0.19488525390625,0.6573486328125,9.375,3.9609375,-1.53515625,0.333984375,-0.31640625,4.078125,0.07452392578125,-0.7344970703125,0.01904296875,0.67425537109375,170.5078125,0,8625
1.8300697759996183,15.1953125,-1.87890625,-2.80859375,0.080078125,-0.4453125,4.162109375,0.00201416015625,-0.72796630859375,0.19488525390625,0.6573486328125,9.375,3.9609375,-1.53515625,0.333984375,-0.31640625,4.078125,0.07452392578125,-0.7344970703125,0.01904296875,0.67425537109375,170.5078125,0,9718
1.8401272289993358,15.1953125,-1.87890625,-2.80859375,0.080078125,-0.4453125,4.162109375,0.00201416015625,-0.72796630859375,0.19488525390625,0.6573486328125,9.375,3.9609375,-1.53515625,0.333984375,-0.31640625,4.078125,0.07452392578125,-0.7344970703125,0.01904296875,0.67425537109375,170.68359375,4,9718
1.85001273799935,15.1953125,-1.87890625,-2.80859375,0.080078125,-0.4453125,4.162109375,0.00201416015625,-0.72796630859375,0.19488525390625,0.6573486328125,10.375,4.6484375,-1.69140625,0.1171875,-0.59375,4.095703125,0.0177001953125,-0.74615478515625,0.07476806640625,0.66131591796875,170.771484375,4,10375
1.8600825759995132,16.5,-2.453125,-1.19921875,-0.201171875,-0.662109375,4.23046875,-0.0584716796875,-0.7340087890625,0.24749755859375,0.62969970703125,10.375,4.6484375,-1.69140625,0.1171875,-0.59375,4.095703125,0.0177001953125,-0.74615478515625,0.07476806640625,0.66131591796875,170.859375,2,10375
1.8700082139994265,16.5,-2.453125,-1.19921875,-0.201171875,-0.662109375,4.23046875,-0.0584716796875,-0.7340087890625,0.24749755859375,0.62969970703125,10.375,4.6484375,-1.69140625,0.1171875,-0.59375,4.095703125,0.0177001953125,-0.74615478515625,0.07476806640625,0.66131591796875,171.03515625,2,13295
1.8800745639991874,16.5,-2.453125,-1.19921875,-0.201171875,-0.662109375,4.23046875,-0.0584716796875,-0.7340087890625,0.24749755859375,0.62969970703125,11.9453125,4.41796875,-1.65234375,-0.380859375,-0.583984375,4.021484375,0.0177001953125,-0.74615478515625,0.07476806640625,0.66131591796875,171.123046875,3,13295
1.8900768789999347,16.5,-2.453125,-1.19921875,-0.201171875,-0.662109375,4.23046875,-0.0584716796875,-0.7340087890625,0.24749755859375,0.62969970703125,11.9453125,4.41796875,-1.65234375,-0.380859375,-0.583984375,4.021484375,-0.04315185546875,-0.754638671875,0.1212158203125,0.64337158203125,171.2109375,3,13928
1.900073944999349,17.49609375,0.3046875,0.8671875,-0.498046875,-0.53125,4.166015625,-0.12286376953125,-0.736083984375,0.29388427734375,0.5972900390625,11.9453125,4.41796875,-1.65234375,-0.380859375,-0.583984375,4.021484375,-0.04315185546875,-0.754638671875,0.1212158203125,0.64337158203125,171.298828125,3,13928
1.9100706589997571,17.49609375,0.3046875,0.8671875,-0.498046875,-0.53125,4.166015625,-0.12286376953125,-0.736083984375,0.29388427734375,0.5972900390625,11.9453125,4.41796875,-1.65234375,-0.380859375,-0.583984375,4.021484375,-0.04315185546875,-0.754638671875,0.1212158203125,0.64337158203125,171.38671875,3,14382
1.920040651999443,17.49609375,0.3046875,0.8671875,-0.498046875,-0.53125,4.166015625,-0.12286376953125,-0.736083984375,0.29388427734375,0.5972900390625,13.09765625,2.6171875,-1.1171875,-0.47265625,-0.474609375,3.138671875,-0.04315185546875,-0.754638671875,0.1212158203125,0.64337158203125,171.474609375,4,14382
1.9301121219996276,16.84375,2.41015625,-0.01171875,-0.626953125,-0.201171875,3.23046875,-0.1790771484375,-0.7322998046875,0.3265380859375,0.57012939453125,13.09765625,2.6171875,-1.1171875,-0.47265625,-0.474609375,3.138671875,-0.04315185546875,-0.754638671875,0.1212158203125,0.64337158203125,171.73828125,4,15796
1.9400731869991432,16.84375,2.41015625,-0.01171875,-0.626953125,-0.201171875,3.23046875,-0.1790771484375,-0.7322998046875,0.3265380859375,0.57012939453125,12.51953125,3.73046875,-0.5390625,-0.47265625,-0.474609375,3.138671875,-0.09625244140625,-0.75872802734375,0.1544189453125,0.62548828125,171.826171875,5,15796
1.9500715959993613,16.84375,2.41015625,-0.01171875,-0.626953125,-0.201171875,3.23046875,-0.1790771484375,-0.7322998046875,0.3265380859375,0.57012939453125,12.51953125,3.73046875,-0.5390625,-0.47265625,-0.474609375,3.138671875,-0.09625244140625,-0.75872802734375,0.1544189453125,0.62548828125,172.08984375,5,16480
1.9601050479996047,15.88671875,7.23828125,-0.1640625,-0.6875,-0.15625,1.84765625,-0.1790771484375,-0.7322998046875,0.3265380859375,0.57012939453125,12.51953125,3.73046875,-0.5390625,-0.47265625,-0.474609375,3.138671875,-0.09625244140625,-0.75872802734375,0.1544189453125,0.62548828125,172.265625,2,16480
1.9700039649997052,15.88671875,7.23828125,-0.1640625,-0.6875,-0.15625,1.84765625,-0.1790771484375,-0.7322998046875,0.3265380859375,0.57012939453125,11.828125,2.84765625,-1.0,-0.53125,-0.49609375,1.712890625,-0.13079833984375,-0.7630615234375,0.169189453125,0.60992431640625,172.44140625,2,16657
1.9800734179998472,15.88671875,7.23828125,-0.1640625,-0.6875,-0.15625,1.84765625,-0.21856689453125,-0.73004150390625,0.34295654296875,0.5491943359375,11.828125,2.84765625,-1.0,-0.53125,-0.49609375,1.712890625,-0.13079833984375,-0.7630615234375,0.169189453125,0.60992431640625,172.44140625,4,16657
1.9900725959996635,16.34765625,10.68359375,1.7890625,-0.6875,-0.15625,1.84765625,-0.21856689453125,-0.73004150390625,0.34295654296875,0.5491943359375,11.828125,2.84765625,-1.0,-0.53125,-0.49609375,1.712890625,-0.13079833984375,-0.7630615234375,0.169189453125,0.60992431640625,172.353515625,4,18256
2.000075549999565,16.34765625,10.68359375,1.7890625,-0.6875,-0.15625,1.84765625,-0.21856689453125,-0.73004150390625,0.34295654296875,0.5491943359375,11.828125,2.84765625,-1.0,-0.53125,-0.49609375,1.712890625,-0.13079833984375,-0.7630615234375,0.169189453125,0.60992431640625,172.265625,5,18256
2.0100795599992125,16.34765625,10.68359375,1.7890625,-0.6875,-0.15625,1.84765625,-0.21856689453125,-0.73004150390625,0.34295654296875,0.5491943359375,16.08203125,1.69921875,0.2265625,-0.18359375,-0.091796875,-0.47265625,-0.13153076171875,-0.76751708984375,0.15997314453125,0.60662841796875,172.265625,5,20966
2.0200759219997053,16.34765625,10.68359375,1.7890625,-0.16796875,0.30078125,-0.958984375,-0.2225341796875,-0.7314453125,0.33563232421875,0.55029296875,16.08203125,1.69921875,0.2265625,-0.18359375,-0.091796875,-0.47265625,-0.13153076171875,-0.76751708984375,0.15997314453125,0.60662841796875,172.177734375,6,20966
2.0300719309998385,16.4609375,6.0859375,3.08984375,-0.16796875,0.30078125,-0.958984375,-0.2225341796875,-0.7314453125,0.33563232421875,0.55029296875,16.08203125,1.69921875,0.2265625,-0.18359375,-0.091796875,-0.47265625,-0.13153076171875,-0.76751708984375,0.15997314453125,0.60662841796875,172.177734375,6,24243
2.0400727090000146,16.4609375,6.0859375,3.08984375,-0.16796875,0.30078125,-0.958984375,-0.2225341796875,-0.7314453125,0.33563232421875,0.55029296875,10.5625,1.35546875,0.1875,0.224609375,0.158203125,-1.326171875,-0.13153076171875,-0.76751708984375,0.15997314453125,0.60662841796875,172.08984375,2,24243
2.0500799189994723,16.4609375,6.0859375,3.08984375,-0.16796875,0.30078125,-0.958984375,-0.2225341796875,-0.7314453125,0.33563232421875,0.55029296875,10.5625,1.35546875,0.1875,0.224609375,0.158203125,-1.326171875,-0.0999755859375,-0.7684326171875,0.14007568359375,0.6163330078125,171.9140625,2,25133
2.060126043999844,7.45703125,-7.43359375,-0.625,0.18359375,0.2265625,-1.431640625,-0.19781494140625,-0.73382568359375,0.3201904296875,0.5655517578125,10.5625,1.35546875,0.1875,0.224609375,0.158203125,-1.326171875,-0.0999755859375,-0.7684326171875,0.14007568359375,0.6163330078125,171.826171875,3,25133
2.0700696989997596,7.45703125,-7.43359375,-0.625,0.18359375,0.2265625,-1.431640625,-0.19781494140625,-0.73382568359375,0.3201904296875,0.5655517578125,9.6484375,-1.75,-1.26953125,0.224609375,0.158203125,-1.326171875,-0.0999755859375,-0.7684326171875,0.14007568359375,0.6163330078125,171.650390625,3,25724
2.0801297439993505,7.45703125,-7.43359375,-0.625,0.18359375,0.2265625,-1.431640625,-0.19781494140625,-0.73382568359375,0.3201904296875,0.5655517578125,9.6484375,-1.75,-1.26953125,0.224609375,0.158203125,-1.326171875,-0.0999755859375,-0.7684326171875,0.14007568359375,0.6163330078125,171.474609375,2,25724
2.090023411999937,7.45703125,-7.43359375,-0.625,0.18359375,0.2265625,-1.431640625,-0.19781494140625,-0.73382568359375,0.3201904296875,0.5655517578125,9.6484375,-1.75,-1.26953125,-0.38671875,0.1875,-1.431640625,-0.074462890625,-0.769775390625,0.114013671875,0.6236572265625,171.298828125,2,25869
2.1000760649994845,10.79296875,-5.90234375,-1.4296875,-0.37890625,0.759765625,-1.646484375,-0.17950439453125,-0.73455810546875,0.2958984375,0.58367919921875,9.3046875,0.2421875,-2.9140625,-0.38671875,0.1875,-1.431640625,-0.074462890625,-0.769775390625,0.114013671875,0.6236572265625,171.123046875,5,25869
2.1100713379992158,10.79296875,-5.90234375,-1.4296875,-0.37890625,0.759765625,-1.646484375,-0.17950439453125,-0.73455810546875,0.2958984375,0.58367919921875,9.3046875,0.2421875,-2.9140625,-0.38671875,0.1875,-1.431640625,-0.074462890625,-0.769775390625,0.114013671875,0.6236572265625,171.03515625,5,26208
2.1200821649999853,8.03515625,-5.94140625,-2.76953125,0.146484375,0.173828125,-1.462890625,-0.17950439453125,-0.73455810546875,0.2958984375,0.58367919921875,9.3046875,0.2421875,-2.9140625,-0.38671875,0.1875,-1.431640625,-0.074462890625,-0.769775390625,0.114013671875,0.6236572265625,170.859375,3,26208
2.1300755819993356,8.03515625,-5.94140625,-2.76953125,0.146484375,0.173828125,-1.462890625,-0.17950439453125,-0.73455810546875,0.2958984375,0.58367919921875,7.92578125,-1.2890625,-0.80859375,0.1640625,0.091796875,-1.23828125,-0.05078125,-0.76947021484375,0.0919189453125,0.6300048828125,170.859375,3,26183
2.1400730319992363,8.03515625,-5.94140625,-2.76953125,0.146484375,0.173828125,-1.462890625,-0.15863037109375,-0.736083984375,0.27734375,0.59674072265625,7.92578125,-1.2890625,-0.80859375,0.1640625,0.091796875,-1.23828125,-0.05078125,-0.76947021484375,0.0919189453125,0.6300048828125,170.771484375,4,26183
2.1500732019994757,9.4453125,-4.71484375,-0.2421875,0.146484375,0.173828125,-1.462890625,-0.15863037109375,-0.736083984375,0.27734375,0.59674072265625,7.92578125,-1.2890625,-0.80859375,0.1640625,0.091796875,-1.23828125,-0.05078125,-0.76947021484375,0.0919189453125,0.6300048828125,170.68359375,4,26247
2.16007759599961,9.4453125,-4.71484375,-0.2421875,0.146484375,0.173828125,-1.462890625,-0.15863037109375,-0.736083984375,0.27734375,0.59674072265625,7.92578125,-1.2890625,-0.80859375,0.1640625,0.091796875,-1.23828125,-0.05078125,-0.76947021484375,0.0919189453125,0.6300048828125,170.595703125,4,26247
2.170082437999554,9.4453125,-4.71484375,-0.2421875,0.146484375,0.173828125,-1.462890625,-0.15863037109375,-0.736083984375,0.27734375,0.59674072265625,8.08203125,1.39453125,-0.88671875,-0.287109375,0.02734375,-1.060546875,-0.03070068359375,-0.76959228515625,0.0701904296875,0.6339111328125,170.5078125,4,26200
2.1800699030000033,9.4453125,-4.71484375,-0.2421875,-0.2265625,0.16796875,-1.18359375,-0.1431884765625,-0.738525390625,0.25933837890625,0.605712890625,8.08203125,1.39453125,-0.88671875,-0.287109375,0.02734375,-1.060546875,-0.03070068359375,-0.76959228515625,0.0701904296875,0.6339111328125,170.5078125,4,26200
2.1900732729991432,9.14453125,-4.9453125,-1.73828125,-0.2265625,0.16796875,-1.18359375,-0.1431884765625,-0.738525390625,0.25933837890625,0.605712890625,8.08203125,1.39453125,-0.88671875,-0.287109375,0.02734375,-1.060546875,-0.03070068359375,-0.76959228515625,0.0701904296875,0.6339111328125,170.595703125,4,26074
2.200075778999235,9.14453125,-4.9453125,-1.73828125,-0.2265625,0.16796875,-1.18359375,-0.1431884765625,-0.738525390625,0.25933837890625,0.605712890625,8.30859375,0.2421875,-1.99609375,-0.263671875,-0.0078125,-0.908203125,-0.03070068359375,-0.76959228515625,0.0701904296875,0.6339111328125,170.771484375,3,26074
2.2100788609996016,9.14453125,-4.9453125,-1.73828125,-0.2265625,0.16796875,-1.18359375,-0.1431884765625,-0.738525390625,0.25933837890625,0.605712890625,8.30859375,0.2421875,-1.99609375,-0.263671875,-0.0078125,-0.908203125,-0.0147705078125,-0.76995849609375,0.050048828125,0.635986328125,170.859375,3,25913
2.220036756999434,10.6328125,-5.09765625,-1.9296875,-0.109375,0.10546875,-0.681640625,-0.132080078125,-0.740234375,0.24658203125,0.61138916015625,8.26953125,4.7265625,-1.8046875,-0.263671875,-0.0078125,-0.908203125,-0.0147705078125,-0.76995849609375,0.050048828125,0.635986328125,170.947265625,2006,25913
2.230076704999192,10.6328125,-5.09765625,-1.9296875,-0.109375,0.10546875,-0.681640625,-0.132080078125,-0.740234375,0.24658203125,0.61138916015625,8.26953125,4.7265625,-1.8046875,-0.263671875,-0.0078125,-0.908203125,-0.0147705078125,-0.76995849609375,0.050048828125,0.635986328125,171.03515625,2006,26121
2.2400281689997428,10.6328125,-5.09765625,-1.9296875,-0.109375,0.10546875,-0.681640625,-0.132080078125,-0.740234375,0.24658203125,0.61138916015625,8.26953125,4.7265625,-1.8046875,-0.263671875,-0.0078125,-0.908203125,-0.0147705078125,-0.76995849609375,0.050048828125,0.635986328125,171.123046875,2769,26121
2.250029937999898,10.6328125,-5.09765625,-1.9296875,-0.109375,0.10546875,-0.681640625,-0.132080078125,-0.740234375,0.24658203125,0.61138916015625,8.26953125,4.7265625,-1.8046875,-0.400390625,-0.095703125,-0.3046875,-0.0103759765625,-0.76556396484375,0.0338134765625,0.64239501953125,171.298828125,2769,26002
2.260080478999953,8.9140625,-5.01953125,-1.35546875,-0.1953125,-0.064453125,-0.212890625,-0.13079833984375,-0.74267578125,0.240478515625,0.6112060546875,8.92578125,-1.82421875,-1.53515625,-0.400390625,-0.095703125,-0.3046875,-0.0103759765625,-0.76556396484375,0.0338134765625,0.64239501953125,171.38671875,2769,26002
2.2700751119991764,8.9140625,-5.01953125,-1.35546875,-0.1953125,-0.064453125,-0.212890625,-0.13079833984375,-0.74267578125,0.240478515625,0.6112060546875,8.92578125,-1.82421875,-1.53515625,-0.400390625,-0.095703125,-0.3046875,-0.0103759765625,-0.76556396484375,0.0338134765625,0.64239501953125,171.474609375,4231,26260
2.280039728999327,9.44921875,-4.4453125,-1.19921875,-0.12890625,-0.1015625,-0.248046875,-0.13079833984375,-0.74267578125,0.240478515625,0.6112060546875,8.92578125,-1.82421875,-1.53515625,-0.400390625,-0.095703125,-0.3046875,-0.0103759765625,-0.76556396484375,0.0338134765625,0.64239501953125,171.650390625,5263,26260
2.29011103799985,9.44921875,-4.4453125,-1.19921875,-0.12890625,-0.1015625,-0.248046875,-0.13079833984375,-0.74267578125,0.240478515625,0.6112060546875,9.3046875,-0.140625,-1.65234375,-0.162109375,-0.142578125,-0.498046875,-0.00579833984375,-0.76727294921875,0.02484130859375,0.64080810546875,171.73828125,5263,26160
2.3000013139999282,9.44921875,-4.4453125,-1.19921875,-0.12890625,-0.1015625,-0.248046875,-0.12811279296875,-0.7449951171875,0.23577880859375,0.6107177734375,9.3046875,-0.140625,-1.65234375,-0.162109375,-0.142578125,-0.498046875,-0.00579833984375,-0.76727294921875,0.02484130859375,0.64080810546875,171.826171875,5537,26160
2.3100802079998175,9.44921875,-4.4453125,-1.19921875,-0.12890625,-0.1015625,-0.248046875,-0.12811279296875,-0.7449951171875,0.23577880859375,0.6107177734375,9.3046875,-0.140625,-1.65234375,-0.162109375,-0.142578125,-0.498046875,-0.00579833984375,-0.76727294921875,0.02484130859375,0.64080810546875,171.9140625,5537,26216
2.3200748099998236,9.91015625,-3.98828125,-1.58203125,-0.0859375,0.03515625,-0.220703125,-0.12811279296875,-0.7449951171875,0.23577880859375,0.6107177734375,9.3046875,-0.140625,-1.65234375,-0.162109375,-0.142578125,-0.498046875,-0.00579833984375,-0.76727294921875,0.02484130859375,0.64080810546875,172.001953125,6552,26216
2.3300751719998516,9.91015625,-3.98828125,-1.58203125,-0.0859375,0.03515625,-0.220703125,-0.12811279296875,-0.7449951171875,0.23577880859375,0.6107177734375,9.6875,1.35546875,-3.3359375,-0.1953125,0.03125,-0.37109375,-0.0020751953125,-0.76763916015625,0.01678466796875,0.64068603515625,172.08984375,6552,26087
2.3400710529995195,9.91015625,-3.98828125,-1.58203125,-0.0859375,0.03515625,-0.220703125,-0.12811279296875,-0.7449951171875,0.23577880859375,0.6107177734375,9.6875,1.35546875,-3.3359375,-0.1953125,0.03125,-0.37109375,-0.0020751953125,-0.76763916015625,0.01678466796875,0.64068603515625,172.177734375,7236,26087
2.3500719589992514,10.02734375,-3.4140625,-1.46875,-0.0859375,0.03515625,-0.220703125,-0.1258544921875,-0.74603271484375,0.2315673828125,0.61151123046875,9.6875,1.35546875,-3.3359375,-0.1953125,0.03125,-0.37109375,-0.0020751953125,-0.76763916015625,0.01678466796875,0.64068603515625,172.177734375,7236,26033
2.3600738569994064,10.02734375,-3.4140625,-1.46875,-0.0859375,0.03515625,-0.220703125,-0.1258544921875,-0.74603271484375,0.2315673828125,0.61151123046875,9.53125,1.546875,-1.84375,-0.146484375,0.01953125,-0.2734375,-0.0020751953125,-0.76763916015625,0.01678466796875,0.64068603515625,172.177734375,7844,26033
2.3700743149993286,10.02734375,-3.4140625,-1.46875,-0.087890625,0.052734375,-0.189453125,-0.124267578125,-0.746337890625,0.22772216796875,0.6129150390625,9.53125,1.546875,-1.84375,-0.146484375,0.01953125,-0.2734375,-0.0020751953125,-0.76763916015625,0.01678466796875,0.64068603515625,172.265625,7844,25883
2.380085269999654,9.87109375,-3.375,-1.27734375,-0.087890625,0.052734375,-0.189453125,-0.124267578125,-0.746337890625,0.22772216796875,0.6129150390625,9.53125,1.546875,-1.84375,-0.146484375,0.01953125,-0.2734375,-0.0020751953125,-0.76763916015625,0.01678466796875,0.64068603515625,172.265625,8928,25883
2.3900714549999975,9.87109375,-3.375,-1.27734375,-0.087890625,0.052734375,-0.189453125,-0.124267578125,-0.746337890625,0.22772216796875,0.6129150390625,9.53125,1.69921875,-1.61328125,-0.146484375,0.01953125,-0.2734375,0.00030517578125,-0.76727294921875,0.0103759765625,0.6412353515625,172.265625,8928,25859
2.4000138619994686,9.87109375,-3.375,-1.27734375,-0.087890625,0.052734375,-0.189453125,-0.124267578125,-0.746337890625,0.22772216796875,0.6129150390625,9.53125,1.69921875,-1.61328125,-0.146484375,0.01953125,-0.2734375,0.00030517578125,-0.76727294921875,0.0103759765625,0.6412353515625,172.265625,9014,25859
2.410081714999251,9.87109375,-3.375,-1.27734375,-0.087890625,0.052734375,-0.189453125,-0.124267578125,-0.746337890625,0.22772216796875,0.6129150390625,9.71875,1.046875,-1.53515625,-0.1875,0.0078125,-0.197265625,0.00128173828125,-0.76715087890625,0.0050048828125,0.64141845703125,172.353515625,9014,25859
2.4200823969995326,9.87109375,-3.48828125,-1.0859375,-0.099609375,0.033203125,-0.162109375,-0.1231689453125,-0.7467041015625,0.22412109375,0.614013671875,9.71875,1.046875,-1.53515625,-0.1875,0.0078125,-0.197265625,0.00128173828125,-0.76715087890625,0.0050048828125,0.64141845703125,172.353515625,9768,25683
2.430079750999539,9.87109375,-3.48828125,-1.0859375,-0.099609375,0.033203125,-0.162109375,-0.1231689453125,-0.7467041015625,0.22412109375,0.614013671875,9.71875,1.046875,-1.53515625,-0.1875,0.0078125,-0.197265625,0.00128173828125,-0.76715087890625,0.0050048828125,0.64141845703125,172.44140625,9768,25683
2.44007342399982,9.8671875,-3.44921875,-1.46875,-0.109375,0.041015625,-0.18359375,-0.1231689453125,-0.7467041015625,0.22412109375,0.614013671875,9.71875,1.046875,-1.53515625,-0.1875,0.0078125,-0.197265625,0.00128173828125,-0.76715087890625,0.0050048828125,0.64141845703125,172.44140625,9768,25643
2.450073913999404,9.8671875,-3.44921875,-1.46875,-0.109375,0.041015625,-0.18359375,-0.12200927734375,-0.74713134765625,0.22021484375,0.6151123046875,9.71875,1.046875,-1.53515625,-0.1875,0.0078125,-0.197265625,0.00128173828125,-0.76715087890625,0.0050048828125,0.64141845703125,172.529296875,10360,25643
2.460081347999221,9.8671875,-3.44921875,-1.46875,-0.109375,0.041015625,-0.18359375,-0.12200927734375,-0.74713134765625,0.22021484375,0.6151123046875,9.80078125,0.85546875,-1.8828125,-0.16796875,-0.00390625,-0.22265625,0.00244140625,-0.76715087890625,-0.0003662109375,0.6414794921875,172.529296875,10360,25425
2.4700875659991652,9.8671875,-3.52734375,-1.4296875,-0.109375,0.041015625,-0.18359375,-0.12200927734375,-0.74713134765625,0.22021484375,0.6151123046875,9.80078125,0.85546875,-1.8828125,-0.16796875,-0.00390625,-0.22265625,0.00244140625,-0.76715087890625,-0.0003662109375,0.6414794921875,172.6171875,11716,25425
2.4800048519991833,9.8671875,-3.52734375,-1.4296875,-0.109375,0.041015625,-0.18359375,-0.12200927734375,-0.74713134765625,0.22021484375,0.6151123046875,9.87890625,0.703125,-1.8828125,-0.21875,0.009765625,-0.2890625,0.00244140625,-0.76715087890625,-0.0003662109375,0.6414794921875,172.705078125,11716,25292
2.4900804819999394,9.8671875,-3.52734375,-1.4296875,-0.109375,0.041015625,-0.18359375,-0.12200927734375,-0.74713134765625,0.22021484375,0.6151123046875,9.87890625,0.703125,-1.8828125,-0.21875,0.009765625,-0.2890625,0.0040283203125,-0.7669677734375,-0.0068359375,0.6416015625,172.705078125,12371,25292
2.500078347999988,9.8671875,-3.52734375,-1.4296875,-0.126953125,0.048828125,-0.20703125,-0.1207275390625,-0.74749755859375,0.2158203125,0.616455078125,9.87890625,0.703125,-1.8828125,-0.21875,0.009765625,-0.2890625,0.0040283203125,-0.7669677734375,-0.0068359375,0.6416015625,172.79296875,12371,25148
2.5100762769998255,9.87109375,-3.83203125,-1.23828125,-0.126953125,0.048828125,-0.20703125,-0.1207275390625,-0.74749755859375,0.2158203125,0.616455078125,9.87890625,0.703125,-1.8828125,-0.21875,0.009765625,-0.2890625,0.0040283203125,-0.7669677734375,-0.0068359375,0.6416015625,172.880859375,12774,25148
2.5200788149995788,9.87109375,-3.83203125,-1.23828125,-0.126953125,0.048828125,-0.20703125,-0.1207275390625,-0.74749755859375,0.2158203125,0.616455078125,10.140625,-0.0625,-1.53515625,-0.173828125,0.005859375,-0.41015625,0.0040283203125,-0.7669677734375,-0.0068359375,0.6416015625,172.96875,12774,24875
2.530035334999411,9.87109375,-3.83203125,-1.23828125,-0.126953125,0.048828125,-0.20703125,-0.1207275390625,-0.74749755859375,0.2158203125,0.616455078125,10.140625,-0.0625,-1.53515625,-0.173828125,0.005859375,-0.41015625,0.0040283203125,-0.7669677734375,-0.0068359375,0.6416015625,173.14453125,12774,24875
2.5400770429996555,9.87109375,-3.83203125,-1.23828125,-0.119140625,0.052734375,-0.28515625,-0.1185302734375,-0.74798583984375,0.21075439453125,0.6180419921875,10.26171875,0.3984375,-2.03515625,-0.173828125,0.005859375,-0.41015625,0.007568359375,-0.766845703125,-0.01458740234375,0.6416015625,173.3203125,14215,25004
2.5500807649996204,10.0234375,-3.7578125,-1.390625,-0.119140625,0.052734375,-0.28515625,-0.1185302734375,-0.74798583984375,0.21075439453125,0.6180419921875,10.26171875,0.3984375,-2.03515625,-0.173828125,0.005859375,-0.41015625,0.007568359375,-0.766845703125,-0.01458740234375,0.6416015625,173.408203125,15027,25004
2.5601281049994213,10.0234375,-3.7578125,-1.390625,-0.119140625,0.052734375,-0.28515625,-0.1185302734375,-0.74798583984375,0.21075439453125,0.6180419921875,10.26171875,0.3984375,-2.03515625,-0.173828125,0.005859375,-0.41015625,0.007568359375,-0.766845703125,-0.01458740234375,0.6416015625,173.583984375,15027,24724
2.570083344999148,10.0234375,-3.7578125,-1.390625,-0.119140625,0.052734375,-0.28515625,-0.1185302734375,-0.74798583984375,0.21075439453125,0.6180419921875,10.26171875,0.3984375,-2.03515625,-0.181640625,0.0703125,-0.55859375,0.0130615234375,-0.76605224609375,-0.024169921875,0.6422119140625,173.84765625,15600,24724
2.5800773069995557,10.171875,-3.56640625,-1.31640625,-0.10546875,0.11328125,-0.3046875,-0.11590576171875,-0.74798583984375,0.205078125,0.6204833984375,10.3359375,0.05078125,-2.3046875,-0.181640625,0.0703125,-0.55859375,0.0130615234375,-0.76605224609375,-0.024169921875,0.6422119140625,174.111328125,15600,24408
2.5900717479999003,10.171875,-3.56640625,-1.31640625,-0.10546875,0.11328125,-0.3046875,-0.11590576171875,-0.74798583984375,0.205078125,0.6204833984375,10.3359375,0.05078125,-2.3046875,-0.181640625,0.0703125,-0.55859375,0.0130615234375,-0.76605224609375,-0.024169921875,0.6422119140625,174.19921875,16676,24408
2.6000728779999918,10.171875,-3.56640625,-1.31640625,-0.10546875,0.11328125,-0.3046875,-0.11590576171875,-0.74798583984375,0.205078125,0.6204833984375,10.3359375,0.05078125,-2.3046875,-0.181640625,0.0703125,-0.55859375,0.0130615234375,-0.76605224609375,-0.024169921875,0.6422119140625,174.55078125,16676,24278
2.6100718640000196,10.171875,-3.56640625,-1.31640625,-0.10546875,0.11328125,-0.3046875,-0.11590576171875,-0.74798583984375,0.205078125,0.6204833984375,10.33984375,-0.21484375,-2.41796875,-0.126953125,0.1640625,-0.83984375,0.0130615234375,-0.76605224609375,-0.024169921875,0.6422119140625,174.814453125,17550,24278
2.6200796499997523,10.14453125,-3.48828125,-1.62109375,-0.072265625,0.19921875,-0.43359375,-0.11163330078125,-0.74700927734375,0.1983642578125,0.6246337890625,10.33984375,-0.21484375,-2.41796875,-0.126953125,0.1640625,-0.83984375,0.0130615234375,-0.76605224609375,-0.024169921875,0.6422119140625,175.078125,17550,23696
2.6300766519998433,10.1015625,-3.375,-1.16015625,-0.072265625,0.19921875,-0.43359375,-0.11163330078125,-0.74700927734375,0.1983642578125,0.6246337890625,10.30078125,0.359375,-1.765625,-0.126953125,0.1640625,-0.83984375,0.02301025390625,-0.76385498046875,-0.0362548828125,0.64398193359375,175.341796875,18058,23696
2.6400881499994284,10.1015625,-3.375,-1.16015625,-0.072265625,0.19921875,-0.43359375,-0.11163330078125,-0.74700927734375,0.1983642578125,0.6246337890625,10.30078125,0.359375,-1.765625,-0.126953125,0.1640625,-0.83984375,0.02301025390625,-0.76385498046875,-0.0362548828125,0.64398193359375,175.60546875,18058,22919
2.6500789759993495,10.1015625,-3.375,-1.16015625,-0.072265625,0.19921875,-0.43359375,-0.11163330078125,-0.74700927734375,0.1983642578125,0.6246337890625,10.30078125,0.359375,-1.765625,-0.126953125,0.1640625,-0.83984375,0.02301025390625,-0.76385498046875,-0.0362548828125,0.64398193359375,175.869140625,18058,22919
2.6600856739996743,10.1015625,-3.375,-1.16015625,-0.01953125,0.197265625,-0.638671875,-0.10418701171875,-0.74591064453125,0.190185546875,0.6297607421875,10.30078125,0.359375,-1.765625,-0.064453125,0.23046875,-1.0546875,0.0374755859375,-0.760498046875,-0.0504150390625,0.64630126953125,176.044921875,18538,22919
2.670018224999694,10.0625,-3.3359375,-1.27734375,-0.01953125,0.197265625,-0.638671875,-0.10418701171875,-0.74591064453125,0.190185546875,0.6297607421875,10.30078125,0.359375,-1.765625,-0.064453125,0.23046875,-1.0546875,0.0374755859375,-0.760498046875,-0.0504150390625,0.64630126953125,176.1328125,19062,22527
2.6800834219993703,10.0625,-3.3359375,-1.27734375,-0.01953125,0.197265625,-0.638671875,-0.10418701171875,-0.74591064453125,0.190185546875,0.6297607421875,10.33984375,0.6640625,-2.2265625,-0.041015625,0.326171875,-1.21484375,0.0374755859375,-0.760498046875,-0.0504150390625,0.64630126953125,176.30859375,19062,21343
2.6900190119995386,10.0625,-3.3359375,-1.27734375,-0.01953125,0.197265625,-0.638671875,-0.10418701171875,-0.74591064453125,0.190185546875,0.6297607421875,10.33984375,0.6640625,-2.2265625,-0.041015625,0.326171875,-1.21484375,0.0374755859375,-0.760498046875,-0.0504150390625,0.64630126953125,176.396484375,19192,21343
2.7000043969992475,10.0625,-3.3359375,-1.27734375,0.03515625,0.275390625,-0.955078125,-0.09228515625,-0.7442626953125,0.17901611328125,0.63677978515625,10.296875,1.0859375,-2.03515625,-0.041015625,0.326171875,-1.21484375,0.0552978515625,-0.75537109375,-0.06634521484375,0.6495361328125,176.396484375,19192,20066
2.7100865549991795,10.21484375,-2.875,-1.23828125,0.03515625,0.275390625,-0.955078125,-0.09228515625,-0.7442626953125,0.17901611328125,0.63677978515625,10.296875,1.0859375,-2.03515625,-0.041015625,0.326171875,-1.21484375,0.0552978515625,-0.75537109375,-0.06634521484375,0.6495361328125,176.396484375,19587,20066
2.720075652999185,10.21484375,-2.875,-1.23828125,0.03515625,0.275390625,-0.955078125,-0.09228515625,-0.7442626953125,0.17901611328125,0.63677978515625,10.296875,1.0859375,-2.03515625,-0.041015625,0.326171875,-1.21484375,0.0552978515625,-0.75537109375,-0.06634521484375,0.6495361328125,176.396484375,19587,18005
2.7300814229993193,10.21484375,-2.875,-1.23828125,0.03515625,0.275390625,-0.955078125,-0.09228515625,-0.7442626953125,0.17901611328125,0.63677978515625,10.875,2.7734375,-2.2265625,-0.04296875,0.373046875,-1.31640625,0.0552978515625,-0.75537109375,-0.06634521484375,0.6495361328125,176.396484375,19925,18005
2.7400107729999945,11.40234375,-3.10546875,-1.58203125,0.048828125,0.392578125,-1.302734375,-0.07427978515625,-0.7413330078125,0.1632080078125,0.646728515625,10.875,2.7734375,-2.2265625,-0.04296875,0.373046875,-1.31640625,0.07470703125,-0.74896240234375,-0.0833740234375,0.65313720703125,176.30859375,19925,16434
2.750085506999312,11.40234375,-3.10546875,-1.58203125,0.048828125,0.392578125,-1.302734375,-0.07427978515625,-0.7413330078125,0.1632080078125,0.646728515625,10.875,2.7734375,-2.2265625,-0.04296875,0.373046875,-1.31640625,0.07470703125,-0.74896240234375,-0.0833740234375,0.65313720703125,176.30859375,20557,16434
2.760079083999699,11.40234375,-3.10546875,-1.58203125,0.048828125,0.392578125,-1.302734375,-0.07427978515625,-0.7413330078125,0.1632080078125,0.646728515625,10.875,2.7734375,-2.2265625,-0.04296875,0.373046875,-1.31640625,0.07470703125,-0.74896240234375,-0.0833740234375,0.65313720703125,176.30859375,20557,15520
2.770073909999155,11.40234375,-3.10546875,-1.58203125,0.048828125,0.392578125,-1.302734375,-0.07427978515625,-0.7413330078125,0.1632080078125,0.646728515625,11.21875,2.234375,-2.03515625,-0.1953125,0.392578125,-1.36328125,0.07470703125,-0.74896240234375,-0.0833740234375,0.65313720703125,176.220703125,21652,15520
2.780076415999247,11.5546875,-3.60546875,-1.4296875,0.017578125,0.45703125,-1.44140625,-0.0548095703125,-0.73712158203125,0.14434814453125,0.6578369140625,11.21875,2.234375,-2.03515625,-0.1953125,0.392578125,-1.36328125,0.07470703125,-0.74896240234375,-0.0833740234375,0.65313720703125,176.1328125,21652,15520
2.7900253189991417,11.5546875,-3.60546875,-1.4296875,0.017578125,0.45703125,-1.44140625,-0.0548095703125,-0.73712158203125,0.14434814453125,0.6578369140625,11.296875,0.78125,-1.95703125,-0.1953125,0.392578125,-1.36328125,0.09283447265625,-0.74127197265625,-0.1031494140625,0.65667724609375,176.044921875,22917,13652
2.8000746759998947,11.5546875,-3.60546875,-1.4296875,0.017578125,0.45703125,-1.44140625,-0.0548095703125,-0.73712158203125,0.14434814453125,0.6578369140625,11.296875,0.78125,-1.95703125,-0.017578125,0.388671875,-1.57421875,0.09283447265625,-0.74127197265625,-0.1031494140625,0.65667724609375,175.869140625,22917,11639
2.8100757419997535,11.515625,-3.71875,-1.8125,0.09765625,0.47265625,-1.7734375,-0.0548095703125,-0.73712158203125,0.14434814453125,0.6578369140625,11.296875,0.78125,-1.95703125,-0.017578125,0.388671875,-1.57421875,0.09283447265625,-0.74127197265625,-0.1031494140625,0.65667724609375,175.78125,23360,11639
2.82007159099976,11.515625,-3.71875,-1.8125,0.09765625,0.47265625,-1.7734375,-0.0548095703125,-0.73712158203125,0.14434814453125,0.6578369140625,11.33203125,1.5078125,-2.07421875,-0.017578125,0.388671875,-1.57421875,0.11541748046875,-0.7327880859375,-0.12335205078125,0.6591796875,175.60546875,23360,10115
2.8300764009991326,12.015625,-3.7578125,-1.27734375,0.09765625,0.47265625,-1.7734375,-0.03021240234375,-0.732177734375,0.1229248046875,0.66925048828125,11.33203125,1.5078125,-2.07421875,-0.017578125,0.388671875,-1.57421875,0.11541748046875,-0.7327880859375,-0.12335205078125,0.6591796875,175.517578125,23744,10115
2.8401396139997814,12.015625,-3.7578125,-1.27734375,0.09765625,0.47265625,-1.7734375,-0.03021240234375,-0.732177734375,0.1229248046875,0.66925048828125,11.33203125,1.5078125,-2.07421875,-0.11328125,0.36328125,-1.814453125,0.11541748046875,-0.7327880859375,-0.12335205078125,0.6591796875,175.341796875,23744,5815
2.850081861000035,12.015625,-3.7578125,-1.27734375,0.09765625,0.47265625,-1.7734375,-0.03021240234375,-0.732177734375,0.1229248046875,0.66925048828125,11.33203125,1.5078125,-2.07421875,-0.11328125,0.36328125,-1.814453125,0.11541748046875,-0.7327880859375,-0.12335205078125,0.6591796875,175.078125,24015,5815
2.860078734999661,12.015625,-3.7578125,-1.27734375,0.017578125,0.533203125,-2.109375,-0.001708984375,-0.72576904296875,0.09600830078125,0.68121337890625,11.21875,1.046875,-1.3828125,-0.11328125,0.36328125,-1.814453125,0.1402587890625,-0.7230224609375,-0.1470947265625,0.66021728515625,174.814453125,24015,3067
2.870058935999623,12.4375,-3.18359375,-1.546875,0.017578125,0.533203125,-2.109375,-0.001708984375,-0.72576904296875,0.09600830078125,0.68121337890625,11.21875,1.046875,-1.3828125,-0.11328125,0.36328125,-1.814453125,0.1402587890625,-0.7230224609375,-0.1470947265625,0.66021728515625,174.55078125,24294,3067
2.880070786000033,12.4375,-3.18359375,-1.546875,0.017578125,0.533203125,-2.109375,-0.001708984375,-0.72576904296875,0.09600830078125,0.68121337890625,11.21875,1.046875,-1.3828125,-0.11328125,0.36328125,-1.814453125,0.1402587890625,-0.7230224609375,-0.1470947265625,0.66021728515625,174.375,24294,2637
2.890081676999216,12.4375,-3.18359375,-1.546875,0.017578125,0.533203125,-2.109375,-0.001708984375,-0.72576904296875,0.09600830078125,0.68121337890625,10.18359375,0.51171875,-1.1171875,-0.240234375,0.224609375,-2.216796875,0.1402587890625,-0.7230224609375,-0.1470947265625,0.66021728515625,174.111328125,24338,2637
2.9000720219992218,12.28515625,-2.30078125,-1.35546875,-0.146484375,0.5703125,-2.716796875,0.0330810546875,-0.7176513671875,0.0589599609375,0.693115234375,10.18359375,0.51171875,-1.1171875,-0.240234375,0.224609375,-2.216796875,0.1689453125,-0.7122802734375,-0.1773681640625,0.65777587890625,173.84765625,24338,2637
2.910071519999292,12.28515625,-2.30078125,-1.35546875,-0.146484375,0.5703125,-2.716796875,0.0330810546875,-0.7176513671875,0.0589599609375,0.693115234375,10.18359375,0.51171875,-1.1171875,-0.240234375,0.224609375,-2.216796875,0.1689453125,-0.7122802734375,-0.1773681640625,0.65777587890625,173.671875,24372,1625
2.920078313999511,12.28515625,-2.30078125,-1.35546875,-0.146484375,0.5703125,-2.716796875,0.0330810546875,-0.7176513671875,0.0589599609375,0.693115234375,9.6484375,1.35546875,-0.6171875,-0.40625,0.013671875,-2.78515625,0.1689453125,-0.7122802734375,-0.1773681640625,0.65777587890625,173.232421875,24372,831
2.930075315999602,13.47265625,-1.3046875,-1.31640625,-0.345703125,0.44140625,-3.310546875,0.0330810546875,-0.7176513671875,0.0589599609375,0.693115234375,9.6484375,1.35546875,-0.6171875,-0.40625,0.013671875,-2.78515625,0.2015380859375,-0.7000732421875,-0.21728515625,0.649658203125,172.79296875,22926,831
2.9400707810000313,13.47265625,-1.3046875,-1.31640625,-0.345703125,0.44140625,-3.310546875,0.07305908203125,-0.707763671875,0.010986328125,0.70257568359375,9.6484375,1.35546875,-0.6171875,-0.40625,0.013671875,-2.78515625,0.2015380859375,-0.7000732421875,-0.21728515625,0.649658203125,172.44140625,22926,772
2.9500790469992353,13.47265625,-1.3046875,-1.31640625,-0.345703125,0.44140625,-3.310546875,0.07305908203125,-0.707763671875,0.010986328125,0.70257568359375,9.6484375,1.35546875,-0.6171875,-0.40625,0.013671875,-2.78515625,0.2015380859375,-0.7000732421875,-0.21728515625,0.649658203125,172.08984375,21043,772
2.9600705759994526,13.47265625,-1.3046875,-1.31640625,-0.345703125,0.44140625,-3.310546875,0.07305908203125,-0.707763671875,0.010986328125,0.70257568359375,10.80078125,4.7265625,-1.15234375,-0.556640625,0.00390625,-2.830078125,0.2015380859375,-0.7000732421875,-0.21728515625,0.649658203125,171.474609375,21043,225
2.9701429729993833,15.578125,-1.23046875,-0.81640625,-0.46875,0.353515625,-3.564453125,0.07305908203125,-0.707763671875,0.010986328125,0.70257568359375,10.80078125,4.7265625,-1.15234375,-0.556640625,0.00390625,-2.830078125,0.2015380859375,-0.7000732421875,-0.21728515625,0.649658203125,171.03515625,15553,225
2.9800991079991945,15.578125,-1.23046875,-0.81640625,-0.46875,0.353515625,-3.564453125,0.07305908203125,-0.707763671875,0.010986328125,0.70257568359375,9.4140625,6.6015625,-1.69140625,-0.556640625,0.00390625,-2.830078125,0.23382568359375,-0.68505859375,-0.260986328125,0.638671875,170.5078125,15553,127
2.9900764279991563,13.0859375,-2.8359375,-0.1640625,-0.46875,0.353515625,-3.564453125,0.11651611328125,-0.69586181640625,-0.04425048828125,0.707275390625,9.4140625,6.6015625,-1.69140625,-0.556640625,0.00390625,-2.830078125,0.23382568359375,-0.68505859375,-0.260986328125,0.638671875,169.98046875,0,127
3.000070004999543,13.0859375,-2.8359375,-0.1640625,-0.46875,0.353515625,-3.564453125,0.11651611328125,-0.69586181640625,-0.04425048828125,0.707275390625,9.4140625,6.6015625,-1.69140625,-0.556640625,0.00390625,-2.830078125,0.23382568359375,-0.68505859375,-0.260986328125,0.638671875,169.365234375,0,60
3.0100705589993595,13.0859375,-2.8359375,-0.1640625,-0.46875,0.353515625,-3.564453125,0.11651611328125,-0.69586181640625,-0.04425048828125,0.707275390625,9.4140625,6.6015625,-1.69140625,-0.70703125,0.201171875,-2.19921875,0.2579345703125,-0.6673583984375,-0.30010986328125,0.63092041015625,168.662109375,2582,60
3.0200869849995797,13.0859375,-2.8359375,-0.1640625,-0.423828125,0.48046875,-3.10546875,0.15557861328125,-0.67999267578125,-0.09527587890625,0.710205078125,6.12890625,4.41796875,-1.5,-0.70703125,0.201171875,-2.19921875,0.2579345703125,-0.6673583984375,-0.30010986328125,0.63092041015625,167.958984375,2582,224
3.0300779699991836,8.45703125,-3.796875,-0.39453125,-0.423828125,0.48046875,-3.10546875,0.15557861328125,-0.67999267578125,-0.09527587890625,0.710205078125,6.12890625,4.41796875,-1.5,-0.70703125,0.201171875,-2.19921875,0.2579345703125,-0.6673583984375,-0.30010986328125,0.63092041015625,167.607421875,3,224
3.0400004389994137,8.45703125,-3.796875,-0.39453125,-0.423828125,0.48046875,-3.10546875,0.15557861328125,-0.67999267578125,-0.09527587890625,0.710205078125,6.12890625,4.41796875,-1.5,-0.70703125,0.201171875,-2.19921875,0.2579345703125,-0.6673583984375,-0.30010986328125,0.63092041015625,167.16796875,3,180
3.050072483999429,8.45703125,-3.796875,-0.39453125,-0.423828125,0.48046875,-3.10546875,0.15557861328125,-0.67999267578125,-0.09527587890625,0.710205078125,1.6015625,3.9921875,-1.0,-0.515625,0.291015625,-1.3046875,0.2579345703125,-0.6673583984375,-0.30010986328125,0.63092041015625,166.728515625,42,180
3.060080525999183,3.6640625,-7.43359375,-0.47265625,-0.384765625,0.552734375,-1.82421875,0.1837158203125,-0.66302490234375,-0.13140869140625,0.71368408203125,1.6015625,3.9921875,-1.0,-0.515625,0.291015625,-1.3046875,0.27197265625,-0.65240478515625,-0.32476806640625,0.62841796875,166.376953125,42,101
3.0700735909995274,3.6640625,-7.43359375,-0.47265625,-0.384765625,0.552734375,-1.82421875,0.1837158203125,-0.66302490234375,-0.13140869140625,0.71368408203125,1.6015625,3.9921875,-1.0,-0.515625,0.291015625,-1.3046875,0.27197265625,-0.65240478515625,-0.32476806640625,0.62841796875,166.025390625,2,101
3.080075391999344,3.6640625,-7.43359375,-0.47265625,-0.384765625,0.552734375,-1.82421875,0.1837158203125,-0.66302490234375,-0.13140869140625,0.71368408203125,2.4453125,5.57421875,-0.65625,0.00390625,0.486328125,0.796875,0.27197265625,-0.65240478515625,-0.32476806640625,0.62841796875,165.849609375,2,295
3.090067624999392,3.05078125,-8.39453125,-0.359375,0.43359375,0.1953125,0.337890625,0.1837158203125,-0.66302490234375,-0.13140869140625,0.71368408203125,2.4453125,5.57421875,-0.65625,0.00390625,0.486328125,0.796875,0.26611328125,-0.6474609375,-0.32061767578125,0.63812255859375,165.673828125,3,295
3.1000780349995694,3.05078125,-8.39453125,-0.359375,0.43359375,0.1953125,0.337890625,0.18804931640625,-0.659912109375,-0.12896728515625,0.71588134765625,2.4453125,5.57421875,-0.65625,0.00390625,0.486328125,0.796875,0.26611328125,-0.6474609375,-0.32061767578125,0.63812255859375,165.5859375,3,473
3.1100733079993006,3.05078125,-8.39453125,-0.359375,0.43359375,0.1953125,0.337890625,0.18804931640625,-0.659912109375,-0.12896728515625,0.71588134765625,2.21484375,0.58984375,-1.19140625,0.00390625,0.486328125,0.796875,0.26611328125,-0.6474609375,-0.32061767578125,0.63812255859375,165.5859375,3,473
3.1200717809997514,3.51171875,-4.4453125,-1.46875,0.736328125,0.115234375,1.67578125,0.18804931640625,-0.659912109375,-0.12896728515625,0.71588134765625,2.21484375,0.58984375,-1.19140625,0.00390625,0.486328125,0.796875,0.26611328125,-0.6474609375,-0.32061767578125,0.63812255859375,165.673828125,3,764
3.13008084699959,3.51171875,-4.4453125,-1.46875,0.736328125,0.115234375,1.67578125,0.18804931640625,-0.659912109375,-0.12896728515625,0.71588134765625,2.21484375,0.58984375,-1.19140625,0.00390625,0.486328125,0.796875,0.26611328125,-0.6474609375,-0.32061767578125,0.63812255859375,165.673828125,2,764
3.140067670999997,3.51171875,-4.4453125,-1.46875,0.736328125,0.115234375,1.67578125,0.18804931640625,-0.659912109375,-0.12896728515625,0.71588134765625,1.640625,4.53515625,-0.5390625,0.61328125,0.431640625,1.5390625,0.2581787109375,-0.6517333984375,-0.29400634765625,0.64971923828125,165.673828125,2,1274
3.1500693129992214,4.046875,-3.83203125,-2.1953125,0.736328125,0.115234375,1.67578125,0.1810302734375,-0.6641845703125,-0.1002197265625,0.7183837890625,1.640625,4.53515625,-0.5390625,0.61328125,0.431640625,1.5390625,0.2581787109375,-0.6517333984375,-0.29400634765625,0.64971923828125,165.76171875,4,1274
3.160074121999969,4.046875,-3.83203125,-2.1953125,0.736328125,0.115234375,1.67578125,0.1810302734375,-0.6641845703125,-0.1002197265625,0.7183837890625,1.640625,4.53515625,-0.5390625,0.61328125,0.431640625,1.5390625,0.2581787109375,-0.6517333984375,-0.29400634765625,0.64971923828125,165.76171875,4,1721
3.170069266999235,4.046875,-3.83203125,-2.1953125,0.736328125,0.115234375,1.67578125,0.1810302734375,-0.6641845703125,-0.1002197265625,0.7183837890625,1.640625,4.53515625,-0.5390625,0.61328125,0.431640625,1.5390625,0.2581787109375,-0.6517333984375,-0.29400634765625,0.64971923828125,165.849609375,3,1721
3.1800783969993063,6.3046875,-3.640625,-2.08203125,0.6171875,-0.197265625,2.73828125,0.1571044921875,-0.67535400390625,-0.056640625,0.71832275390625,2.90625,4.15234375,-0.578125,0.599609375,0.171875,2.578125,0.236572265625,-0.6634521484375,-0.254150390625,0.66278076171875,165.9375,3,3686
3.1900748859998203,6.3046875,-3.640625,-2.08203125,0.6171875,-0.197265625,2.73828125,0.1571044921875,-0.67535400390625,-0.056640625,0.71832275390625,2.90625,4.15234375,-0.578125,0.599609375,0.171875,2.578125,0.236572265625,-0.6634521484375,-0.254150390625,0.66278076171875,165.9375,3,3686
3.2000819039994894,6.3046875,-3.640625,-2.08203125,0.6171875,-0.197265625,2.73828125,0.1571044921875,-0.67535400390625,-0.056640625,0.71832275390625,2.90625,4.15234375,-0.578125,0.599609375,0.171875,2.578125,0.236572265625,-0.6634521484375,-0.254150390625,0.66278076171875,166.11328125,3,3686
3.2100757369998973,6.3046875,-3.640625,-2.08203125,0.6171875,-0.197265625,2.73828125,0.1571044921875,-0.67535400390625,-0.056640625,0.71832275390625,2.90625,4.15234375,-0.578125,0.599609375,0.171875,2.578125,0.236572265625,-0.6634521484375,-0.254150390625,0.66278076171875,166.201171875,3,4226
3.220074977999502,8.60546875,-2.9921875,-2.234375,0.763671875,-0.421875,3.642578125,0.11993408203125,-0.69073486328125,0.00146484375,0.71307373046875,4.7421875,4.07421875,-0.6171875,0.78515625,-0.017578125,3.439453125,0.20318603515625,-0.67974853515625,-0.20184326171875,0.67523193359375,166.2890625,3,4226
3.230068971000037,8.60546875,-2.9921875,-2.234375,0.763671875,-0.421875,3.642578125,0.11993408203125,-0.69073486328125,0.00146484375,0.71307373046875,4.8203125,3.65234375,-0.2734375,0.78515625,-0.017578125,3.439453125,0.20318603515625,-0.67974853515625,-0.20184326171875,0.67523193359375,166.2890625,3,6711
3.2400757010000234,8.60546875,-2.9921875,-2.234375,0.763671875,-0.421875,3.642578125,0.11993408203125,-0.69073486328125,0.00146484375,0.71307373046875,4.8203125,3.65234375,-0.2734375,0.78515625,-0.017578125,3.439453125,0.20318603515625,-0.67974853515625,-0.20184326171875,0.67523193359375,166.376953125,5,6711
3.2500445409996246,10.29296875,-0.76953125,-2.76953125,0.677734375,-0.748046875,3.939453125,0.11993408203125,-0.69073486328125,0.00146484375,0.71307373046875,4.8203125,3.65234375,-0.2734375,0.78515625,-0.017578125,3.439453125,0.20318603515625,-0.67974853515625,-0.20184326171875,0.67523193359375,166.376953125,5,7827
3.2600789199996143,10.29296875,-0.76953125,-2.76953125,0.677734375,-0.748046875,3.939453125,0.076416015625,-0.70745849609375,0.0645751953125,0.69964599609375,4.8203125,3.65234375,-0.2734375,0.884765625,-0.33203125,3.78125,0.16253662109375,-0.69891357421875,-0.14056396484375,0.68218994140625,166.552734375,2,7827
3.2700718249998317,10.29296875,-0.76953125,-2.76953125,0.677734375,-0.748046875,3.939453125,0.076416015625,-0.70745849609375,0.0645751953125,0.69964599609375,8.1875,3.5390625,-0.73046875,0.884765625,-0.33203125,3.78125,0.16253662109375,-0.69891357421875,-0.14056396484375,0.68218994140625,166.552734375,2,8358
3.280078809999395,10.29296875,-0.76953125,-2.76953125,0.677734375,-0.748046875,3.939453125,0.076416015625,-0.70745849609375,0.0645751953125,0.69964599609375,8.1875,3.5390625,-0.73046875,0.884765625,-0.33203125,3.78125,0.16253662109375,-0.69891357421875,-0.14056396484375,0.68218994140625,166.640625,1,8358
3.2900720029992954,13.8125,-2.109375,-2.54296875,0.630859375,-0.81640625,4.21875,0.076416015625,-0.70745849609375,0.0645751953125,0.69964599609375,8.1875,3.5390625,-0.73046875,0.908203125,-0.4765625,4.041015625,0.117919921875,-0.7178955078125,-0.074951171875,0.6820068359375,166.728515625,1,10254
3.300074764999408,13.8125,-2.109375,-2.54296875,0.630859375,-0.81640625,4.21875,0.076416015625,-0.70745849609375,0.0645751953125,0.69964599609375,8.1875,3.5390625,-0.73046875,0.908203125,-0.4765625,4.041015625,0.117919921875,-0.7178955078125,-0.074951171875,0.6820068359375,166.81640625,2,10254
3.3100766620000286,15.34765625,-1.6484375,-2.88671875,0.630859375,-0.81640625,4.21875,0.0274658203125,-0.7216796875,0.13031005859375,0.6793212890625,10.03515625,4.3828125,-2.6484375,0.908203125,-0.4765625,4.041015625,0.117919921875,-0.7178955078125,-0.074951171875,0.6820068359375,166.81640625,2,10918
3.3200780150000355,15.34765625,-1.6484375,-2.88671875,0.630859375,-0.81640625,4.21875,0.0274658203125,-0.7216796875,0.13031005859375,0.6793212890625,10.03515625,4.3828125,-2.6484375,0.908203125,-0.4765625,4.041015625,0.117919921875,-0.7178955078125,-0.074951171875,0.6820068359375,166.904296875,3,10918
3.3300795609993656,15.34765625,-1.6484375,-2.88671875,0.630859375,-0.81640625,4.21875,0.0274658203125,-0.7216796875,0.13031005859375,0.6793212890625,10.453125,4.6484375,-2.9140625,0.642578125,-0.4765625,4.123046875,0.117919921875,-0.7178955078125,-0.074951171875,0.6820068359375,166.904296875,3,11014
3.3400745139997525,15.34765625,-1.6484375,-2.88671875,0.365234375,-0.740234375,4.189453125,-0.02642822265625,-0.7305908203125,0.1944580078125,0.65399169921875,10.453125,4.6484375,-2.9140625,0.642578125,-0.4765625,4.123046875,0.06787109375,-0.73211669921875,-0.0098876953125,0.677734375,166.904296875,3,11014
3.350079418999485,16.34375,1.4921875,-3.53515625,0.365234375,-0.740234375,4.189453125,-0.02642822265625,-0.7305908203125,0.1944580078125,0.65399169921875,10.453125,4.6484375,-2.9140625,0.642578125,-0.4765625,4.123046875,0.06787109375,-0.73211669921875,-0.0098876953125,0.677734375,166.81640625,3,10254
3.3600761969992163,16.34375,1.4921875,-3.53515625,0.365234375,-0.740234375,4.189453125,-0.02642822265625,-0.7305908203125,0.1944580078125,0.65399169921875,11.1015625,5.453125,-2.80078125,-0.015625,-0.763671875,3.70703125,0.06787109375,-0.73211669921875,-0.0098876953125,0.677734375,166.81640625,4,10254
3.3700288759991963,16.34375,1.4921875,-3.53515625,0.365234375,-0.740234375,4.189453125,-0.02642822265625,-0.7305908203125,0.1944580078125,0.65399169921875,11.1015625,5.453125,-2.80078125,-0.015625,-0.763671875,3.70703125,0.0133056640625,-0.74432373046875,0.044189453125,0.666259765625,166.81640625,4,9426
3.3800821349996113,16.99609375,2.83203125,-3.30859375,-0.4375,-0.654296875,3.62890625,-0.08062744140625,-0.73626708984375,0.2396240234375,0.627685546875,11.1015625,5.453125,-2.80078125,-0.015625,-0.763671875,3.70703125,0.0133056640625,-0.74432373046875,0.044189453125,0.666259765625,166.81640625,4,9426
3.390057887999319,16.99609375,2.83203125,-3.30859375,-0.4375,-0.654296875,3.62890625,-0.08062744140625,-0.73626708984375,0.2396240234375,0.627685546875,11.94921875,6.06640625,-2.953125,-0.015625,-0.763671875,3.70703125,0.0133056640625,-0.74432373046875,0.044189453125,0.666259765625,166.81640625,4,9625
3.4001379009996526,16.99609375,2.83203125,-3.30859375,-0.4375,-0.654296875,3.62890625,-0.08062744140625,-0.73626708984375,0.2396240234375,0.627685546875,11.94921875,6.06640625,-2.953125,-0.947265625,-0.837890625,3.216796875,0.0133056640625,-0.74432373046875,0.044189453125,0.666259765625,166.81640625,3,9625
3.410015311999814,16.99609375,2.83203125,-3.30859375,-0.4375,-0.654296875,3.62890625,-0.08062744140625,-0.73626708984375,0.2396240234375,0.627685546875,11.94921875,6.06640625,-2.953125,-0.947265625,-0.837890625,3.216796875,0.0133056640625,-0.74432373046875,0.044189453125,0.666259765625,166.904296875,3,10163
3.4200526989998252,16.7265625,2.41015625,-0.81640625,-1.177734375,-0.498046875,3.19140625,-0.13922119140625,-0.74090576171875,0.2662353515625,0.60064697265625,11.94921875,6.06640625,-2.953125,-0.947265625,-0.837890625,3.216796875,0.0133056640625,-0.74432373046875,0.044189453125,0.666259765625,166.9921875,2,10163
3.430125799999587,15.27734375,2.44921875,1.05859375,-1.177734375,-0.498046875,3.19140625,-0.13922119140625,-0.74090576171875,0.2662353515625,0.60064697265625,12.0625,4.3046875,-2.265625,-0.947265625,-0.837890625,3.216796875,-0.0445556640625,-0.75506591796875,0.07720947265625,0.64959716796875,167.080078125,2,12147
3.440021995999814,15.27734375,2.44921875,1.05859375,-1.177734375,-0.498046875,3.19140625,-0.13922119140625,-0.74090576171875,0.2662353515625,0.60064697265625,12.0625,4.3046875,-2.265625,-0.947265625,-0.837890625,3.216796875,-0.0445556640625,-0.75506591796875,0.07720947265625,0.64959716796875,167.255859375,3,12147
3.450084856999638,15.27734375,2.44921875,1.05859375,-1.177734375,-0.498046875,3.19140625,-0.13922119140625,-0.74090576171875,0.2662353515625,0.60064697265625,12.0625,4.3046875,-2.265625,-0.94140625,-0.611328125,2.400390625,-0.0966796875,-0.76165771484375,0.096435546875,0.63336181640625,167.34375,3,12817
3.4600411199999144,15.27734375,2.44921875,1.05859375,-0.923828125,-0.349609375,2.515625,-0.1898193359375,-0.7423095703125,0.28375244140625,0.57659912109375,11.71484375,0.703125,-0.12109375,-0.94140625,-0.611328125,2.400390625,-0.0966796875,-0.76165771484375,0.096435546875,0.63336181640625,167.51953125,3,12817
3.470073386999502,13.01171875,3.98046875,0.5234375,-0.923828125,-0.349609375,2.515625,-0.1898193359375,-0.7423095703125,0.28375244140625,0.57659912109375,11.71484375,0.703125,-0.12109375,-0.94140625,-0.611328125,2.400390625,-0.0966796875,-0.76165771484375,0.096435546875,0.63336181640625,167.607421875,3,14686
3.480072595999445,13.01171875,3.98046875,0.5234375,-0.923828125,-0.349609375,2.515625,-0.1898193359375,-0.7423095703125,0.28375244140625,0.57659912109375,11.71484375,0.703125,-0.12109375,-0.94140625,-0.611328125,2.400390625,-0.0966796875,-0.76165771484375,0.096435546875,0.63336181640625,167.6953125,4,14686
3.490082813999834,13.01171875,3.98046875,0.5234375,-0.923828125,-0.349609375,2.515625,-0.1898193359375,-0.7423095703125,0.28375244140625,0.57659912109375,10.6015625,-0.828125,1.56640625,0.390625,-0.5546875,1.048828125,-0.0966796875,-0.76165771484375,0.096435546875,0.63336181640625,167.87109375,4,15202
3.5000760389993957,11.75,5.28515625,1.09765625,0.306640625,-0.740234375,1.1328125,-0.2091064453125,-0.74334716796875,0.30316162109375,0.55841064453125,10.6015625,-0.828125,1.56640625,0.390625,-0.5546875,1.048828125,-0.116455078125,-0.7655029296875,0.1153564453125,0.6221923828125,168.046875,4,15202
3.5100775519995295,11.75,5.28515625,1.09765625,0.306640625,-0.740234375,1.1328125,-0.2091064453125,-0.74334716796875,0.30316162109375,0.55841064453125,11.1796875,1.5859375,1.06640625,0.390625,-0.5546875,1.048828125,-0.116455078125,-0.7655029296875,0.1153564453125,0.6221923828125,168.22265625,3,15202
3.520060824999746,11.75,5.28515625,1.09765625,0.306640625,-0.740234375,1.1328125,-0.2091064453125,-0.74334716796875,0.30316162109375,0.55841064453125,11.1796875,1.5859375,1.06640625,1.263671875,-0.158203125,-0.263671875,-0.116455078125,-0.7655029296875,0.1153564453125,0.6221923828125,168.22265625,3,17474
3.5300761629996487,11.75,5.28515625,1.09765625,0.306640625,-0.740234375,1.1328125,-0.2091064453125,-0.74334716796875,0.30316162109375,0.55841064453125,11.1796875,1.5859375,1.06640625,1.263671875,-0.158203125,-0.263671875,-0.116455078125,-0.7655029296875,0.1153564453125,0.6221923828125,168.22265625,5,17474
3.540005320999626,14.58203125,7.88671875,2.859375,1.203125,-0.7578125,-0.041015625,-0.1954345703125,-0.74505615234375,0.324462890625,0.54901123046875,11.1796875,1.5859375,1.06640625,1.263671875,-0.158203125,-0.263671875,-0.116455078125,-0.7655029296875,0.1153564453125,0.6221923828125,168.134765625,5,17474
3.5500736849999157,14.58203125,7.88671875,2.859375,1.203125,-0.7578125,-0.041015625,-0.1954345703125,-0.74505615234375,0.324462890625,0.54901123046875,17.6875,1.46875,0.41796875,1.263671875,-0.158203125,-0.263671875,-0.103271484375,-0.76593017578125,0.1334228515625,0.62042236328125,168.134765625,6,24074
3.560072830999161,14.58203125,7.88671875,2.859375,1.203125,-0.7578125,-0.041015625,-0.1954345703125,-0.74505615234375,0.324462890625,0.54901123046875,17.6875,1.46875,0.41796875,1.263671875,-0.158203125,-0.263671875,-0.103271484375,-0.76593017578125,0.1334228515625,0.62042236328125,167.958984375,6,25648
3.570072839999739,13.89453125,-1.421875,2.859375,0.234375,0.416015625,-1.375,-0.1954345703125,-0.74505615234375,0.324462890625,0.54901123046875,17.6875,1.46875,0.41796875,1.263671875,-0.158203125,-0.263671875,-0.103271484375,-0.76593017578125,0.1334228515625,0.62042236328125,167.783203125,2,25648
3.580084753999472,13.89453125,-1.421875,2.859375,0.234375,0.416015625,-1.375,-0.166748046875,-0.74530029296875,0.316650390625,0.56256103515625,17.6875,1.46875,0.41796875,0.53515625,0.12890625,-1.322265625,-0.0692138671875,-0.76495361328125,0.13128662109375,0.62677001953125,167.6953125,2,26109
3.590073914999266,13.89453125,-1.421875,2.859375,0.234375,0.416015625,-1.375,-0.166748046875,-0.74530029296875,0.316650390625,0.56256103515625,12.29296875,1.546875,-3.26171875,0.53515625,0.12890625,-1.322265625,-0.0692138671875,-0.76495361328125,0.13128662109375,0.62677001953125,167.51953125,3,26109
3.600077123999654,9.0625,-6.70703125,-1.046875,-0.232421875,0.4296875,-1.759765625,-0.166748046875,-0.74530029296875,0.316650390625,0.56256103515625,12.29296875,1.546875,-3.26171875,0.53515625,0.12890625,-1.322265625,-0.0692138671875,-0.76495361328125,0.13128662109375,0.62677001953125,167.34375,3,26349
3.6100046819992713,9.0625,-6.70703125,-1.046875,-0.232421875,0.4296875,-1.759765625,-0.166748046875,-0.74530029296875,0.316650390625,0.56256103515625,12.29296875,1.546875,-3.26171875,0.53515625,0.12890625,-1.322265625,-0.0692138671875,-0.76495361328125,0.13128662109375,0.62677001953125,167.255859375,3,26349
3.6200758309996672,9.0625,-6.70703125,-1.046875,-0.232421875,0.4296875,-1.759765625,-0.166748046875,-0.74530029296875,0.316650390625,0.56256103515625,8.61328125,-5.3125,-0.92578125,-0.421875,0.25390625,-1.4453125,-0.05279541015625,-0.76458740234375,0.10675048828125,0.6334228515625,167.255859375,3,26349
3.6300773759994627,8.453125,-6.4765625,-3.0390625,-0.232421875,0.4296875,-1.759765625,-0.14935302734375,-0.74517822265625,0.28936767578125,0.5819091796875,8.61328125,-5.3125,-0.92578125,-0.421875,0.25390625,-1.4453125,-0.05279541015625,-0.76458740234375,0.10675048828125,0.6334228515625,167.255859375,3,26262
3.640075624999554,8.453125,-6.4765625,-3.0390625,-0.232421875,0.4296875,-1.759765625,-0.14935302734375,-0.74517822265625,0.28936767578125,0.5819091796875,8.7265625,-0.1015625,-0.578125,-0.123046875,0.029296875,-1.482421875,-0.05279541015625,-0.76458740234375,0.10675048828125,0.6334228515625,167.16796875,2,26262
3.6500756019995606,8.453125,-6.4765625,-3.0390625,-0.232421875,0.4296875,-1.759765625,-0.14935302734375,-0.74517822265625,0.28936767578125,0.5819091796875,8.7265625,-0.1015625,-0.578125,-0.123046875,0.029296875,-1.482421875,-0.05279541015625,-0.76458740234375,0.10675048828125,0.6334228515625,167.16796875,2,26089
3.6600127929996233,8.453125,-6.4765625,-3.0390625,-0.23828125,0.203125,-1.462890625,-0.12786865234375,-0.748046875,0.2696533203125,0.5927734375,8.7265625,-0.1015625,-0.578125,-0.123046875,0.029296875,-1.482421875,-0.029296875,-0.76531982421875,0.08758544921875,0.636962890625,167.16796875,4,26089
3.670115142999748,9.9453125,-4.21875,-0.203125,-0.23828125,0.203125,-1.462890625,-0.12786865234375,-0.748046875,0.2696533203125,0.5927734375,8.7265625,-0.1015625,-0.578125,-0.123046875,0.029296875,-1.482421875,-0.029296875,-0.76531982421875,0.08758544921875,0.636962890625,167.16796875,4,26222
3.680074701999729,9.9453125,-4.21875,-0.203125,-0.23828125,0.203125,-1.462890625,-0.12786865234375,-0.748046875,0.2696533203125,0.5927734375,8.7265625,3.078125,-2.609375,-0.24609375,0.04296875,-0.96484375,-0.029296875,-0.76531982421875,0.08758544921875,0.636962890625,167.255859375,4,26222
3.690075863999482,9.9453125,-4.21875,-0.203125,-0.23828125,0.203125,-1.462890625,-0.12786865234375,-0.748046875,0.2696533203125,0.5927734375,8.7265625,3.078125,-2.609375,-0.24609375,0.04296875,-0.96484375,-0.01678466796875,-0.76568603515625,0.0682373046875,0.63934326171875,167.431640625,4,26009
3.7000760009996156,10.59375,-4.984375,-3.23046875,-0.052734375,0.1328125,-0.86328125,-0.11566162109375,-0.7496337890625,0.254150390625,0.60009765625,8.7265625,3.078125,-2.609375,-0.24609375,0.04296875,-0.96484375,-0.01678466796875,-0.76568603515625,0.0682373046875,0.63934326171875,167.51953125,4,26009
3.710073385999749,10.59375,-4.984375,-3.23046875,-0.052734375,0.1328125,-0.86328125,-0.11566162109375,-0.7496337890625,0.254150390625,0.60009765625,9.5703125,3.61328125,-3.03125,-0.24609375,0.04296875,-0.96484375,-0.01678466796875,-0.76568603515625,0.0682373046875,0.63934326171875,167.607421875,4,26105
3.720075827999608,10.59375,-4.984375,-3.23046875,-0.052734375,0.1328125,-0.86328125,-0.11566162109375,-0.7496337890625,0.254150390625,0.60009765625,9.5703125,3.61328125,-3.03125,-0.24609375,0.04296875,-0.96484375,-0.01678466796875,-0.76568603515625,0.0682373046875,0.63934326171875,167.6953125,8,26105
3.7300513879999926,10.59375,-4.984375,-3.23046875,-0.052734375,0.1328125,-0.86328125,-0.11566162109375,-0.7496337890625,0.254150390625,0.60009765625,9.5703125,3.61328125,-3.03125,-0.24609375,0.04296875,-0.96484375,-0.01678466796875,-0.76568603515625,0.0682373046875,0.63934326171875,167.958984375,8,26238
3.7400753019992408,9.40625,-4.67578125,-1.66015625,-0.041015625,0.064453125,-0.380859375,-0.11566162109375,-0.7496337890625,0.254150390625,0.60009765625,8.9921875,-1.7109375,-0.9609375,-0.3828125,0.025390625,-0.564453125,-0.01190185546875,-0.765869140625,0.053955078125,0.640625,168.134765625,2198,26238
3.7500026999996408,9.40625,-4.67578125,-1.66015625,-0.041015625,0.064453125,-0.380859375,-0.11566162109375,-0.7496337890625,0.254150390625,0.60009765625,8.9921875,-1.7109375,-0.9609375,-0.3828125,0.025390625,-0.564453125,-0.01190185546875,-0.765869140625,0.053955078125,0.640625,168.310546875,2198,26187
3.7600731129996348,9.48828125,-4.41015625,-0.77734375,-0.041015625,0.064453125,-0.380859375,-0.11138916015625,-0.74945068359375,0.248779296875,0.60333251953125,8.9921875,-1.7109375,-0.9609375,-0.3828125,0.025390625,-0.564453125,-0.01190185546875,-0.765869140625,0.053955078125,0.640625,168.57421875,3351,26187
3.7700763220000226,9.48828125,-4.41015625,-0.77734375,-0.041015625,0.064453125,-0.380859375,-0.11138916015625,-0.74945068359375,0.248779296875,0.60333251953125,9.609375,-0.0234375,0.37890625,-0.375,-0.185546875,-0.53125,-0.01190185546875,-0.765869140625,0.053955078125,0.640625,168.75,3351,26181
3.78007425099986,9.48828125,-4.41015625,-0.77734375,-0.212890625,-0.140625,-0.23046875,-0.10986328125,-0.751953125,0.24359130859375,0.60260009765625,9.609375,-0.0234375,0.37890625,-0.375,-0.185546875,-0.53125,-0.00665283203125,-0.76788330078125,0.041259765625,0.63922119140625,168.837890625,5318,26181
3.790083029000016,9.79296875,-4.29296875,-1.5078125,-0.212890625,-0.140625,-0.23046875,-0.10986328125,-0.751953125,0.24359130859375,0.60260009765625,9.609375,-0.0234375,0.37890625,-0.375,-0.185546875,-0.53125,-0.00665283203125,-0.76788330078125,0.041259765625,0.63922119140625,168.92578125,5318,26079
3.8002283249998072,9.79296875,-4.29296875,-1.5078125,-0.212890625,-0.140625,-0.23046875,-0.10986328125,-0.751953125,0.24359130859375,0.60260009765625,9.609375,-0.0234375,0.37890625,-0.375,-0.185546875,-0.53125,-0.00665283203125,-0.76788330078125,0.041259765625,0.63922119140625,169.1015625,6806,26079
3.8100630149992867,9.79296875,-4.29296875,-1.5078125,-0.212890625,-0.140625,-0.23046875,-0.10986328125,-0.751953125,0.24359130859375,0.60260009765625,9.609375,-0.0234375,0.37890625,-0.375,-0.185546875,-0.53125,-0.00665283203125,-0.76788330078125,0.041259765625,0.63922119140625,169.189453125,6806,25945
3.8200364309996075,9.79296875,-4.29296875,-1.5078125,-0.15234375,-0.044921875,-0.244140625,-0.10784912109375,-0.75433349609375,0.23876953125,0.6019287109375,10.375,0.43359375,-3.4140625,-0.232421875,-0.109375,-0.4609375,-0.00665283203125,-0.76788330078125,0.041259765625,0.63922119140625,169.365234375,8047,25945
3.830048760999489,10.25,-3.71875,-1.9296875,-0.15234375,-0.044921875,-0.244140625,-0.10784912109375,-0.75433349609375,0.23876953125,0.6019287109375,10.375,0.43359375,-3.4140625,-0.232421875,-0.109375,-0.4609375,-0.00665283203125,-0.76788330078125,0.041259765625,0.63922119140625,169.453125,8047,25857
3.8400009279994265,10.25,-3.71875,-1.9296875,-0.15234375,-0.044921875,-0.244140625,-0.10784912109375,-0.75433349609375,0.23876953125,0.6019287109375,10.41796875,0.85546875,-3.14453125,-0.232421875,-0.109375,-0.4609375,-0.00103759765625,-0.77020263671875,0.031005859375,0.63702392578125,169.62890625,9403,25857
3.8500838209993162,10.25,-3.71875,-1.9296875,-0.15234375,-0.044921875,-0.244140625,-0.10784912109375,-0.75433349609375,0.23876953125,0.6019287109375,10.41796875,0.85546875,-3.14453125,-0.05078125,-0.0078125,-0.42578125,0.00433349609375,-0.7703857421875,0.0233154296875,0.6370849609375,169.8046875,9403,25613
3.860088437999366,10.2890625,-3.22265625,-1.66015625,-0.060546875,0.017578125,-0.19140625,-0.1058349609375,-0.75494384765625,0.235107421875,0.60296630859375,10.41796875,0.85546875,-3.14453125,-0.05078125,-0.0078125,-0.42578125,0.00433349609375,-0.7703857421875,0.0233154296875,0.6370849609375,169.892578125,9403,25613
3.8700768310000058,10.2890625,-3.22265625,-1.66015625,-0.060546875,0.017578125,-0.19140625,-0.1058349609375,-0.75494384765625,0.235107421875,0.60296630859375,10.2578125,0.8203125,-1.99609375,-0.05078125,-0.0078125,-0.42578125,0.00433349609375,-0.7703857421875,0.0233154296875,0.6370849609375,170.068359375,10018,25380
3.8800741199993354,10.2890625,-3.22265625,-1.66015625,-0.060546875,0.017578125,-0.19140625,-0.1058349609375,-0.75494384765625,0.235107421875,0.60296630859375,10.2578125,0.8203125,-1.99609375,-0.037109375,0.048828125,-0.408203125,0.00433349609375,-0.7703857421875,0.0233154296875,0.6370849609375,170.15625,10638,25380
3.890074929999173,10.2890625,-3.22265625,-1.66015625,-0.060546875,0.017578125,-0.19140625,-0.1058349609375,-0.75494384765625,0.235107421875,0.60296630859375,10.2578125,0.8203125,-1.99609375,-0.037109375,0.048828125,-0.408203125,0.00433349609375,-0.7703857421875,0.0233154296875,0.6370849609375,170.244140625,10638,25183
3.9000751309995394,10.2109375,-3.296875,-1.5078125,-0.04296875,0.044921875,-0.1796875,-0.1058349609375,-0.75494384765625,0.235107421875,0.60296630859375,10.2578125,0.8203125,-1.99609375,-0.037109375,0.048828125,-0.408203125,0.00433349609375,-0.7703857421875,0.0233154296875,0.6370849609375,170.33203125,11103,25183
3.910085253000034,10.2109375,-3.296875,-1.5078125,-0.04296875,0.044921875,-0.1796875,-0.1058349609375,-0.75494384765625,0.235107421875,0.60296630859375,10.3359375,1.0859375,-2.3046875,-0.037109375,0.048828125,-0.408203125,0.01055908203125,-0.76995849609375,0.0169677734375,0.6378173828125,170.5078125,11103,24610
3.9200726219996795,9.98828125,-3.2578125,-1.5078125,-0.04296875,0.044921875,-0.1796875,-0.10382080078125,-0.75518798828125,0.23223876953125,0.60418701171875,10.3359375,1.0859375,-2.3046875,-0.037109375,0.048828125,-0.408203125,0.01055908203125,-0.76995849609375,0.0169677734375,0.6378173828125,170.595703125,11495,24610
3.9300734949993057,9.98828125,-3.2578125,-1.5078125,-0.04296875,0.044921875,-0.1796875,-0.10382080078125,-0.75518798828125,0.23223876953125,0.60418701171875,10.3359375,1.0859375,-2.3046875,-0.037109375,0.048828125,-0.408203125,0.01055908203125,-0.76995849609375,0.0169677734375,0.6378173828125,170.595703125,11495,24269
3.940076223999313,9.98828125,-3.2578125,-1.5078125,-0.072265625,0.03515625,-0.208984375,-0.1016845703125,-0.75531005859375,0.22869873046875,0.605712890625,10.109375,1.1640625,-1.69140625,-0.08203125,0.046875,-0.357421875,0.01055908203125,-0.76995849609375,0.0169677734375,0.6378173828125,170.68359375,12794,24269
3.9500246779998633,9.87109375,-3.3359375,-1.62109375,-0.072265625,0.03515625,-0.208984375,-0.1016845703125,-0.75531005859375,0.22869873046875,0.605712890625,10.109375,1.1640625,-1.69140625,-0.08203125,0.046875,-0.357421875,0.01055908203125,-0.76995849609375,0.0169677734375,0.6378173828125,170.68359375,12794,24031
3.9600778739995803,9.87109375,-3.3359375,-1.62109375,-0.072265625,0.03515625,-0.208984375,-0.1016845703125,-0.75531005859375,0.22869873046875,0.605712890625,10.26171875,0.97265625,-2.1484375,-0.08203125,0.046875,-0.357421875,0.0157470703125,-0.7691650390625,0.01080322265625,0.6387939453125,170.68359375,13556,24031
3.9700744579995444,9.87109375,-3.3359375,-1.62109375,-0.072265625,0.03515625,-0.208984375,-0.1016845703125,-0.75531005859375,0.22869873046875,0.605712890625,10.26171875,0.97265625,-2.1484375,-0.1484375,0.052734375,-0.318359375,0.01959228515625,-0.7684326171875,0.0042724609375,0.63958740234375,170.68359375,13556,23821
3.9800181759992483,9.87109375,-3.3359375,-1.62109375,-0.107421875,0.0703125,-0.28125,-0.09912109375,-0.75555419921875,0.22406005859375,0.6075439453125,10.26171875,0.97265625,-2.1484375,-0.1484375,0.052734375,-0.318359375,0.01959228515625,-0.7684326171875,0.0042724609375,0.63958740234375,170.68359375,0,23821
3.990075627999431,9.90625,-3.375,-1.69921875,-0.107421875,0.0703125,-0.28125,-0.09912109375,-0.75555419921875,0.22406005859375,0.6075439453125,10.26171875,0.97265625,-2.1484375,-0.1484375,0.052734375,-0.318359375,0.01959228515625,-0.7684326171875,0.0042724609375,0.63958740234375,170.771484375,0,23635
4.000075220999861,9.90625,-3.375,-1.69921875,-0.107421875,0.0703125,-0.28125,-0.09912109375,-0.75555419921875,0.22406005859375,0.6075439453125,10.22265625,1.0859375,-2.11328125,-0.166015625,0.0546875,-0.302734375,0.01959228515625,-0.7684326171875,0.0042724609375,0.63958740234375,170.771484375,14339,23635
4.010077788999297,9.90625,-3.375,-1.69921875,-0.107421875,0.0703125,-0.28125,-0.09912109375,-0.75555419921875,0.22406005859375,0.6075439453125,10.22265625,1.0859375,-2.11328125,-0.166015625,0.0546875,-0.302734375,0.01959228515625,-0.7684326171875,0.0042724609375,0.63958740234375,170.771484375,14339,23424
4.020075557999917,9.8671875,-3.296875,-1.5078125,-0.103515625,0.078125,-0.255859375,-0.09912109375,-0.75555419921875,0.22406005859375,0.6075439453125,10.21875,1.01171875,-1.8828125,-0.166015625,0.0546875,-0.302734375,0.02239990234375,-0.767578125,-0.00250244140625,0.64056396484375,170.859375,14663,23424
4.030088014999819,9.8671875,-3.296875,-1.5078125,-0.103515625,0.078125,-0.255859375,-0.09674072265625,-0.755615234375,0.21893310546875,0.60968017578125,10.21875,1.01171875,-1.8828125,-0.166015625,0.0546875,-0.302734375,0.02239990234375,-0.767578125,-0.00250244140625,0.64056396484375,170.947265625,14663,23499
4.040077111999381,9.8671875,-3.296875,-1.5078125,-0.103515625,0.078125,-0.255859375,-0.09674072265625,-0.755615234375,0.21893310546875,0.60968017578125,10.21875,1.01171875,-1.8828125,-0.166015625,0.0546875,-0.302734375,0.02239990234375,-0.767578125,-0.00250244140625,0.64056396484375,170.947265625,14809,23499
4.050078463999853,9.8671875,-3.296875,-1.5078125,-0.103515625,0.078125,-0.255859375,-0.09674072265625,-0.755615234375,0.21893310546875,0.60968017578125,10.6796875,0.015625,-2.37890625,-0.22265625,0.087890625,-0.36328125,0.02239990234375,-0.767578125,-0.00250244140625,0.64056396484375,171.03515625,14809,23443
4.06014333999974,9.984375,-3.44921875,-1.62109375,-0.126953125,0.130859375,-0.306640625,-0.09674072265625,-0.755615234375,0.21893310546875,0.60968017578125,10.6796875,0.015625,-2.37890625,-0.22265625,0.087890625,-0.36328125,0.0252685546875,-0.766357421875,-0.0103759765625,0.641845703125,171.03515625,15217,23443
4.070078545999422,9.984375,-3.44921875,-1.62109375,-0.126953125,0.130859375,-0.306640625,-0.09674072265625,-0.755615234375,0.21893310546875,0.60968017578125,10.6796875,0.015625,-2.37890625,-0.22265625,0.087890625,-0.36328125,0.0252685546875,-0.766357421875,-0.0103759765625,0.641845703125,171.123046875,15217,23305
4.080078522999429,10.0234375,-3.44921875,-1.62109375,-0.126953125,0.130859375,-0.306640625,-0.09442138671875,-0.75537109375,0.2135009765625,0.6123046875,10.6796875,0.015625,-2.37890625,-0.22265625,0.087890625,-0.36328125,0.0252685546875,-0.766357421875,-0.0103759765625,0.641845703125,171.123046875,15574,23305
4.090077442999245,10.0234375,-3.44921875,-1.62109375,-0.126953125,0.130859375,-0.306640625,-0.09442138671875,-0.75537109375,0.2135009765625,0.6123046875,10.6796875,0.015625,-2.37890625,-0.22265625,0.087890625,-0.36328125,0.0252685546875,-0.766357421875,-0.0103759765625,0.641845703125,171.2109375,15574,23362
4.100074091999886,10.0234375,-3.44921875,-1.62109375,-0.140625,0.142578125,-0.447265625,-0.09033203125,-0.7548828125,0.20599365234375,0.6160888671875,10.56640625,0.08984375,-1.765625,-0.22265625,0.095703125,-0.533203125,0.0252685546875,-0.766357421875,-0.0103759765625,0.641845703125,171.298828125,15888,23362
4.110013649999928,9.98828125,-3.22265625,-1.31640625,-0.140625,0.142578125,-0.447265625,-0.09033203125,-0.7548828125,0.20599365234375,0.6160888671875,10.56640625,0.08984375,-1.765625,-0.22265625,0.095703125,-0.533203125,0.0252685546875,-0.766357421875,-0.0103759765625,0.641845703125,171.298828125,15888,23305
4.1200752929999,9.98828125,-3.22265625,-1.31640625,-0.140625,0.142578125,-0.447265625,-0.09033203125,-0.7548828125,0.20599365234375,0.6160888671875,10.49609375,0.58984375,-1.421875,-0.22265625,0.095703125,-0.533203125,0.0303955078125,-0.7646484375,-0.020263671875,0.64337158203125,171.38671875,15850,23305
4.130072389999441,9.98828125,-3.22265625,-1.31640625,-0.140625,0.142578125,-0.447265625,-0.09033203125,-0.7548828125,0.20599365234375,0.6160888671875,10.49609375,0.58984375,-1.421875,-0.22265625,0.095703125,-0.533203125,0.0303955078125,-0.7646484375,-0.020263671875,0.64337158203125,171.474609375,15850,23305
4.140087438999217,9.98828125,-3.22265625,-1.31640625,-0.12890625,0.091796875,-0.54296875,-0.0845947265625,-0.75506591796875,0.19744873046875,0.61944580078125,10.49609375,0.58984375,-1.421875,-0.1953125,0.08984375,-0.642578125,0.0372314453125,-0.76300048828125,-0.0313720703125,0.64453125,171.474609375,16281,23241
4.150086327999816,10.1015625,-3.06640625,-1.4296875,-0.12890625,0.091796875,-0.54296875,-0.0845947265625,-0.75506591796875,0.19744873046875,0.61944580078125,10.71875,0.58984375,-1.8828125,-0.1953125,0.08984375,-0.642578125,0.0372314453125,-0.76300048828125,-0.0313720703125,0.64453125,171.650390625,16281,22960
4.160070655999334,10.1015625,-3.06640625,-1.4296875,-0.12890625,0.091796875,-0.54296875,-0.0845947265625,-0.75506591796875,0.19744873046875,0.61944580078125,10.71875,0.58984375,-1.8828125,-0.115234375,0.140625,-0.798828125,0.0372314453125,-0.76300048828125,-0.0313720703125,0.64453125,171.73828125,16688,22960
4.170081384999321,10.25,-2.68359375,-1.546875,-0.0859375,0.107421875,-0.650390625,-0.0845947265625,-0.75506591796875,0.19744873046875,0.61944580078125,10.71875,0.58984375,-1.8828125,-0.115234375,0.140625,-0.798828125,0.0372314453125,-0.76300048828125,-0.0313720703125,0.64453125,84.375,16688,22589
4.180135988999609,10.25,-2.68359375,-1.546875,-0.0859375,0.107421875,-0.650390625,-0.07647705078125,-0.7552490234375,0.18798828125,0.62322998046875,10.71875,0.58984375,-1.8828125,-0.115234375,0.140625,-0.798828125,0.0372314453125,-0.76300048828125,-0.0313720703125,0.64453125,84.55078125,22589,22589
4.1900742029993125,10.25,-2.68359375,-1.546875,-0.0859375,0.107421875,-0.650390625,-0.07647705078125,-0.7552490234375,0.18798828125,0.62322998046875,10.5625,0.51171875,-2.1875,-0.115234375,0.140625,-0.798828125,0.04736328125,-0.7606201171875,-0.04339599609375,0.64599609375,84.7265625,22589,22147
4.200190601000031,10.25,-2.68359375,-1.546875,-0.0859375,0.107421875,-0.650390625,-0.07647705078125,-0.7552490234375,0.18798828125,0.62322998046875,10.5625,0.51171875,-2.1875,-0.115234375,0.140625,-0.798828125,0.04736328125,-0.7606201171875,-0.04339599609375,0.64599609375,84.814453125,17695,22147
4.210074411999813,10.25,-2.68359375,-1.546875,-0.0859375,0.107421875,-0.650390625,-0.07647705078125,-0.7552490234375,0.18798828125,0.62322998046875,10.5625,0.51171875,-2.1875,-0.115234375,0.140625,-0.798828125,0.04736328125,-0.7606201171875,-0.04339599609375,0.64599609375,84.990234375,17695,21384
4.2200795089993335,10.1015625,-2.609375,-1.5078125,-0.00390625,0.162109375,-0.791015625,-0.06585693359375,-0.7545166015625,0.1778564453125,0.6282958984375,10.5234375,0.8203125,-2.07421875,-0.025390625,0.2109375,-1.04296875,0.0623779296875,-0.7569580078125,-0.05694580078125,0.64801025390625,85.078125,18284,21384
4.230080669999552,10.1015625,-2.609375,-1.5078125,-0.00390625,0.162109375,-0.791015625,-0.06585693359375,-0.7545166015625,0.1778564453125,0.6282958984375,10.5234375,0.8203125,-2.07421875,-0.025390625,0.2109375,-1.04296875,0.0623779296875,-0.7569580078125,-0.05694580078125,0.64801025390625,85.166015625,18284,20255
4.24000765099936,10.1015625,-2.609375,-1.5078125,-0.00390625,0.162109375,-0.791015625,-0.06585693359375,-0.7545166015625,0.1778564453125,0.6282958984375,10.640625,1.46875,-2.1875,-0.048828125,0.271484375,-1.208984375,0.0623779296875,-0.7569580078125,-0.05694580078125,0.64801025390625,85.25390625,18568,20255
4.2501153129996965,10.2890625,-2.37890625,-1.46875,0.00390625,0.2890625,-1.056640625,-0.06585693359375,-0.7545166015625,0.1778564453125,0.6282958984375,10.640625,1.46875,-2.1875,-0.048828125,0.271484375,-1.208984375,0.0623779296875,-0.7569580078125,-0.05694580078125,0.64801025390625,85.25390625,18568,18611
4.260080535999805,10.2890625,-2.37890625,-1.46875,0.00390625,0.2890625,-1.056640625,-0.06585693359375,-0.7545166015625,0.1778564453125,0.6282958984375,10.640625,1.46875,-2.1875,-0.048828125,0.271484375,-1.208984375,0.07965087890625,-0.751953125,-0.072265625,0.650390625,85.341796875,18917,18611
4.270075007999367,11.4765625,-2.4921875,-1.890625,0.00390625,0.2890625,-1.056640625,-0.05169677734375,-0.75250244140625,0.1650390625,0.63543701171875,11.71484375,2.50390625,-2.609375,-0.048828125,0.271484375,-1.208984375,0.07965087890625,-0.751953125,-0.072265625,0.650390625,85.25390625,18917,17287
4.280079816999205,11.4765625,-2.4921875,-1.890625,0.00390625,0.2890625,-1.056640625,-0.05169677734375,-0.75250244140625,0.1650390625,0.63543701171875,11.71484375,2.50390625,-2.609375,-0.048828125,0.271484375,-1.208984375,0.07965087890625,-0.751953125,-0.072265625,0.650390625,85.25390625,19090,17287
4.29007678599919,11.4765625,-2.4921875,-1.890625,0.00390625,0.2890625,-1.056640625,-0.05169677734375,-0.75250244140625,0.1650390625,0.63543701171875,11.71484375,2.50390625,-2.609375,-0.048828125,0.271484375,-1.208984375,0.07965087890625,-0.751953125,-0.072265625,0.650390625,85.25390625,19090,15964
4.300079738999557,11.55859375,-3.06640625,-1.96484375,-0.08984375,0.3828125,-1.31640625,-0.03472900390625,-0.74932861328125,0.14801025390625,0.64453125,11.71484375,2.50390625,-2.609375,-0.22265625,0.3125,-1.255859375,0.09710693359375,-0.74542236328125,-0.0908203125,0.6531982421875,85.166015625,20075,15964
4.310088867999184,11.55859375,-3.06640625,-1.96484375,-0.08984375,0.3828125,-1.31640625,-0.03472900390625,-0.74932861328125,0.14801025390625,0.64453125,11.71484375,1.01171875,-1.91796875,-0.22265625,0.3125,-1.255859375,0.09710693359375,-0.74542236328125,-0.0908203125,0.6531982421875,85.166015625,20075,14030
4.320073067999147,11.55859375,-3.06640625,-1.96484375,-0.08984375,0.3828125,-1.31640625,-0.03472900390625,-0.74932861328125,0.14801025390625,0.64453125,11.71484375,1.01171875,-1.91796875,-0.017578125,0.291015625,-1.51171875,0.09710693359375,-0.74542236328125,-0.0908203125,0.6531982421875,85.078125,21235,14030
4.330077268999958,11.55859375,-3.06640625,-1.96484375,-0.08984375,0.3828125,-1.31640625,-0.03472900390625,-0.74932861328125,0.14801025390625,0.64453125,11.71484375,1.01171875,-1.91796875,-0.017578125,0.291015625,-1.51171875,0.09710693359375,-0.74542236328125,-0.0908203125,0.6531982421875,84.990234375,21235,12992
4.340072829999372,11.59765625,-3.3359375,-1.23828125,0.060546875,0.31640625,-1.6484375,-0.01239013671875,-0.7457275390625,0.1275634765625,0.65380859375,11.71484375,1.01171875,-1.91796875,-0.017578125,0.291015625,-1.51171875,0.09710693359375,-0.74542236328125,-0.0908203125,0.6531982421875,84.814453125,22034,12992
4.350088486999994,11.59765625,-3.3359375,-1.23828125,0.060546875,0.31640625,-1.6484375,-0.01239013671875,-0.7457275390625,0.1275634765625,0.65380859375,11.87109375,0.08984375,-1.34375,-0.017578125,0.291015625,-1.51171875,0.11810302734375,-0.7384033203125,-0.110595703125,0.6546630859375,84.7265625,22034,10315
4.360071886999322,11.59765625,-3.3359375,-1.23828125,0.060546875,0.31640625,-1.6484375,-0.01239013671875,-0.7457275390625,0.1275634765625,0.65380859375,11.87109375,0.08984375,-1.34375,-0.017578125,0.291015625,-1.51171875,0.11810302734375,-0.7384033203125,-0.110595703125,0.6546630859375,84.638671875,22974,10315
4.370093464999627,12.20703125,-3.14453125,-1.546875,0.095703125,0.375,-1.98828125,-0.01239013671875,-0.7457275390625,0.1275634765625,0.65380859375,11.87109375,0.08984375,-1.34375,-0.017578125,0.291015625,-1.51171875,0.11810302734375,-0.7384033203125,-0.110595703125,0.6546630859375,84.375,22974,7399
4.38007379299961,12.20703125,-3.14453125,-1.546875,0.095703125,0.375,-1.98828125,0.01611328125,-0.74078369140625,0.10418701171875,0.66339111328125,11.94921875,1.31640625,-2.3046875,0.083984375,0.3203125,-1.736328125,0.14471435546875,-0.73016357421875,-0.1307373046875,0.65484619140625,84.19921875,23349,7399
4.390074408999681,12.20703125,-3.14453125,-1.546875,0.095703125,0.375,-1.98828125,0.01611328125,-0.74078369140625,0.10418701171875,0.66339111328125,11.94921875,1.31640625,-2.3046875,0.083984375,0.3203125,-1.736328125,0.14471435546875,-0.73016357421875,-0.1307373046875,0.65484619140625,84.0234375,23349,7399
4.400079377999646,12.20703125,-3.14453125,-1.546875,0.095703125,0.375,-1.98828125,0.01611328125,-0.74078369140625,0.10418701171875,0.66339111328125,11.40625,1.5859375,-2.41796875,-0.228515625,0.248046875,-2.07421875,0.14471435546875,-0.73016357421875,-0.1307373046875,0.65484619140625,83.759765625,23349,4000
4.410076154999842,12.70703125,-1.99609375,-2.1953125,-0.19140625,0.46875,-2.48828125,0.01611328125,-0.74078369140625,0.10418701171875,0.66339111328125,11.40625,1.5859375,-2.41796875,-0.228515625,0.248046875,-2.07421875,0.14471435546875,-0.73016357421875,-0.1307373046875,0.65484619140625,83.583984375,24065,4000
4.420076867999342,12.70703125,-1.99609375,-2.1953125,-0.19140625,0.46875,-2.48828125,0.01611328125,-0.74078369140625,0.10418701171875,0.66339111328125,11.40625,1.5859375,-2.41796875,-0.228515625,0.248046875,-2.07421875,0.173095703125,-0.71978759765625,-0.1580810546875,0.65338134765625,83.408203125,24065,2658
4.4300728119997075,12.3984375,-1.6484375,-1.73828125,-0.19140625,0.46875,-2.48828125,0.04864501953125,-0.73309326171875,0.071533203125,0.674560546875,10.33984375,-0.5625,-0.92578125,-0.228515625,0.248046875,-2.07421875,0.173095703125,-0.71978759765625,-0.1580810546875,0.65338134765625,83.232421875,24412,2658
4.440093653999611,12.3984375,-1.6484375,-1.73828125,-0.19140625,0.46875,-2.48828125,0.04864501953125,-0.73309326171875,0.071533203125,0.674560546875,10.33984375,-0.5625,-0.92578125,-0.228515625,0.248046875,-2.07421875,0.173095703125,-0.71978759765625,-0.1580810546875,0.65338134765625,83.14453125,24412,643
4.450028506999843,12.3984375,-1.6484375,-1.73828125,-0.19140625,0.46875,-2.48828125,0.04864501953125,-0.73309326171875,0.071533203125,0.674560546875,10.33984375,-0.5625,-0.92578125,-0.2265625,0.076171875,-2.755859375,0.207763671875,-0.7073974609375,-0.195556640625,0.64666748046875,82.79296875,24415,643
4.46008400699975,12.3984375,-1.6484375,-1.73828125,-0.18359375,0.373046875,-3.091796875,0.08837890625,-0.72357177734375,0.029052734375,0.6839599609375,10.33984375,-0.5625,-0.92578125,-0.2265625,0.076171875,-2.755859375,0.207763671875,-0.7073974609375,-0.195556640625,0.64666748046875,82.6171875,24415,905
4.470000011999218,14.12890625,-1.8046875,-0.51171875,-0.18359375,0.373046875,-3.091796875,0.08837890625,-0.72357177734375,0.029052734375,0.6839599609375,11.21875,0.20703125,0.0703125,-0.2265625,0.076171875,-2.755859375,0.207763671875,-0.7073974609375,-0.195556640625,0.64666748046875,82.265625,23592,905
4.480084408000039,14.12890625,-1.8046875,-0.51171875,-0.18359375,0.373046875,-3.091796875,0.08837890625,-0.72357177734375,0.029052734375,0.6839599609375,11.21875,0.20703125,0.0703125,-0.2265625,0.076171875,-2.755859375,0.207763671875,-0.7073974609375,-0.195556640625,0.64666748046875,82.08984375,23592,905
4.4900766729997486,14.12890625,-1.8046875,-0.51171875,-0.18359375,0.373046875,-3.091796875,0.08837890625,-0.72357177734375,0.029052734375,0.6839599609375,11.6015625,3.8046875,-1.421875,0.12890625,0.056640625,-3.18359375,0.207763671875,-0.7073974609375,-0.195556640625,0.64666748046875,81.5625,23592,636
4.500079978000031,14.12890625,-1.8046875,-0.51171875,-0.18359375,0.373046875,-3.091796875,0.08837890625,-0.72357177734375,0.029052734375,0.6839599609375,11.6015625,3.8046875,-1.421875,0.12890625,0.056640625,-3.18359375,0.207763671875,-0.7073974609375,-0.195556640625,0.64666748046875,81.2109375,19712,636
4.510016686999734,16.15234375,-1.0390625,-0.6640625,0.056640625,0.142578125,-3.724609375,0.13970947265625,-0.712890625,-0.01971435546875,0.68695068359375,11.6015625,3.8046875,-1.421875,0.12890625,0.056640625,-3.18359375,0.251953125,-0.69256591796875,-0.23443603515625,0.6339111328125,81.03515625,19712,329
4.52007397899979,16.15234375,-1.0390625,-0.6640625,0.056640625,0.142578125,-3.724609375,0.13970947265625,-0.712890625,-0.01971435546875,0.68695068359375,11.6015625,3.8046875,-1.421875,0.12890625,0.056640625,-3.18359375,0.251953125,-0.69256591796875,-0.23443603515625,0.6339111328125,80.68359375,13843,329
4.5300744999995,14.66015625,-3.10546875,-0.12890625,0.015625,0.412109375,-3.3671875,0.13970947265625,-0.712890625,-0.01971435546875,0.68695068359375,11.6015625,3.8046875,-1.421875,0.12890625,0.056640625,-3.18359375,0.251953125,-0.69256591796875,-0.23443603515625,0.6339111328125,80.244140625,13843,218
4.540077548999761,14.66015625,-3.10546875,-0.12890625,0.015625,0.412109375,-3.3671875,0.1893310546875,-0.6966552734375,-0.06597900390625,0.6888427734375,10.45703125,6.6015625,-2.83984375,-0.208984375,0.291015625,-2.80859375,0.29302978515625,-0.67303466796875,-0.2724609375,0.6220703125,79.8046875,2658,218
4.550107158999708,14.66015625,-3.10546875,-0.12890625,0.015625,0.412109375,-3.3671875,0.1893310546875,-0.6966552734375,-0.06597900390625,0.6888427734375,10.45703125,6.6015625,-2.83984375,-0.208984375,0.291015625,-2.80859375,0.29302978515625,-0.67303466796875,-0.2724609375,0.6220703125,79.453125,2658,218
4.560073757999817,14.66015625,-3.10546875,-0.12890625,0.015625,0.412109375,-3.3671875,0.1893310546875,-0.6966552734375,-0.06597900390625,0.6888427734375,10.45703125,6.6015625,-2.83984375,-0.208984375,0.291015625,-2.80859375,0.29302978515625,-0.67303466796875,-0.2724609375,0.6220703125,79.013671875,2658,177
4.570072582999273,14.66015625,-3.10546875,-0.12890625,0.015625,0.412109375,-3.3671875,0.1893310546875,-0.6966552734375,-0.06597900390625,0.6888427734375,6.2734375,3.69140625,-2.609375,-0.1328125,0.423828125,-1.916015625,0.29302978515625,-0.67303466796875,-0.2724609375,0.6220703125,78.92578125,42,177
4.580073614999492,8.72265625,-4.828125,-1.27734375,0.107421875,0.615234375,-2.818359375,0.1893310546875,-0.6966552734375,-0.06597900390625,0.6888427734375,6.2734375,3.69140625,-2.609375,-0.1328125,0.423828125,-1.916015625,0.29302978515625,-0.67303466796875,-0.2724609375,0.6220703125,78.837890625,42,155
4.590073367999139,4.66015625,-8.43359375,-0.625,0.107421875,0.615234375,-2.818359375,0.230224609375,-0.677001953125,-0.10162353515625,0.69158935546875,1.7578125,8.59375,-2.49609375,-0.1328125,0.423828125,-1.916015625,0.32293701171875,-0.65338134765625,-0.29986572265625,0.61553955078125,78.75,74,155
4.600080096999591,4.66015625,-8.43359375,-0.625,0.107421875,0.615234375,-2.818359375,0.230224609375,-0.677001953125,-0.10162353515625,0.69158935546875,1.7578125,8.59375,-2.49609375,-1.009765625,0.595703125,0.455078125,0.32293701171875,-0.65338134765625,-0.29986572265625,0.61553955078125,78.662109375,74,312
4.610082985999725,4.66015625,-8.43359375,-0.625,0.107421875,0.615234375,-2.818359375,0.230224609375,-0.677001953125,-0.10162353515625,0.69158935546875,1.7578125,8.59375,-2.49609375,-1.009765625,0.595703125,0.455078125,0.32293701171875,-0.65338134765625,-0.29986572265625,0.61553955078125,78.662109375,113,312
4.620074769999519,4.66015625,-8.43359375,-0.625,-0.35546875,0.521484375,0.421875,0.23150634765625,-0.6658935546875,-0.1080322265625,0.700927734375,1.7578125,8.59375,-2.49609375,-1.009765625,0.595703125,0.455078125,0.32293701171875,-0.65338134765625,-0.29986572265625,0.61553955078125,78.75,113,385
4.630098043999169,3.28125,-7.51171875,-0.6640625,-0.35546875,0.521484375,0.421875,0.23150634765625,-0.6658935546875,-0.1080322265625,0.700927734375,2.67578125,6.14453125,-1.765625,-1.009765625,0.595703125,0.455078125,0.32135009765625,-0.6396484375,-0.31134033203125,0.625,78.837890625,3,385
4.6400788199998715,3.28125,-7.51171875,-0.6640625,-0.35546875,0.521484375,0.421875,0.23150634765625,-0.6658935546875,-0.1080322265625,0.700927734375,2.67578125,6.14453125,-1.765625,-1.009765625,0.595703125,0.455078125,0.32135009765625,-0.6396484375,-0.31134033203125,0.625,78.837890625,3,1447
4.650075916999413,3.28125,-7.51171875,-0.6640625,-0.35546875,0.521484375,0.421875,0.23150634765625,-0.6658935546875,-0.1080322265625,0.700927734375,2.1015625,1.125,-1.15234375,-0.44140625,0.61328125,1.41796875,0.32135009765625,-0.6396484375,-0.31134033203125,0.625,78.837890625,2,1447
4.660078164999504,3.28125,-7.51171875,-0.6640625,-0.35546875,0.521484375,0.421875,0.23150634765625,-0.6658935546875,-0.1080322265625,0.700927734375,2.1015625,1.125,-1.15234375,-0.44140625,0.61328125,1.41796875,0.30316162109375,-0.63568115234375,-0.29937744140625,0.64373779296875,78.92578125,2,1447
4.6700816939992364,3.08984375,-4.22265625,-1.7734375,-0.107421875,0.5546875,1.55078125,0.212646484375,-0.6634521484375,-0.0885009765625,0.71185302734375,2.1015625,1.125,-1.15234375,-0.44140625,0.61328125,1.41796875,0.30316162109375,-0.63568115234375,-0.29937744140625,0.64373779296875,78.92578125,2,2053
4.680076646999623,3.08984375,-4.22265625,-1.7734375,-0.107421875,0.5546875,1.55078125,0.212646484375,-0.6634521484375,-0.0885009765625,0.71185302734375,2.1015625,1.125,-1.15234375,-0.44140625,0.61328125,1.41796875,0.30316162109375,-0.63568115234375,-0.29937744140625,0.64373779296875,79.013671875,3,2053
4.690079631999652,3.7421875,-4.60546875,-2.54296875,0.248046875,0.1640625,2.501953125,0.212646484375,-0.6634521484375,-0.0885009765625,0.71185302734375,2.25390625,2.35546875,-0.04296875,0.146484375,0.29296875,2.341796875,0.30316162109375,-0.63568115234375,-0.29937744140625,0.64373779296875,79.1015625,3,3556
4.700073591999171,3.7421875,-4.60546875,-2.54296875,0.248046875,0.1640625,2.501953125,0.18524169921875,-0.6685791015625,-0.052978515625,0.71826171875,2.25390625,2.35546875,-0.04296875,0.146484375,0.29296875,2.341796875,0.30316162109375,-0.63568115234375,-0.29937744140625,0.64373779296875,79.189453125,2,3556
4.710076224999284,3.7421875,-4.60546875,-2.54296875,0.248046875,0.1640625,2.501953125,0.18524169921875,-0.6685791015625,-0.052978515625,0.71826171875,2.0625,3.1953125,0.26171875,0.146484375,0.29296875,2.341796875,0.2781982421875,-0.642822265625,-0.2696533203125,0.6607666015625,79.27734375,2,7585
4.7200860579996515,3.7421875,-4.60546875,-2.54296875,0.248046875,0.1640625,2.501953125,0.18524169921875,-0.6685791015625,-0.052978515625,0.71826171875,2.0625,3.1953125,0.26171875,0.146484375,0.29296875,2.341796875,0.2781982421875,-0.642822265625,-0.2696533203125,0.6607666015625,79.365234375,3,7585
4.730035440999927,4.77734375,-4.91015625,-2.92578125,0.890625,-0.59375,3.6015625,0.18524169921875,-0.6685791015625,-0.052978515625,0.71826171875,2.0625,3.1953125,0.26171875,0.146484375,0.29296875,2.341796875,0.2781982421875,-0.642822265625,-0.2696533203125,0.6607666015625,79.365234375,3,8086
4.740076698999474,4.77734375,-4.91015625,-2.92578125,0.890625,-0.59375,3.6015625,0.15008544921875,-0.685546875,0.0028076171875,0.71234130859375,2.0625,3.1953125,0.26171875,0.873046875,-0.046875,3.41015625,0.24688720703125,-0.6622314453125,-0.21893310546875,0.6727294921875,79.453125,4,8086
4.750117957999464,7.109375,-2.80078125,-2.80859375,0.890625,-0.59375,3.6015625,0.15008544921875,-0.685546875,0.0028076171875,0.71234130859375,3.3671875,2.0078125,0.1484375,0.873046875,-0.046875,3.41015625,0.24688720703125,-0.6622314453125,-0.21893310546875,0.6727294921875,79.541015625,4,9524
4.760079436999149,7.109375,-2.80078125,-2.80859375,0.890625,-0.59375,3.6015625,0.15008544921875,-0.685546875,0.0028076171875,0.71234130859375,3.3671875,2.0078125,0.1484375,0.984375,-0.4140625,3.923828125,0.24688720703125,-0.6622314453125,-0.21893310546875,0.6727294921875,79.541015625,4,9524
4.770093173999157,7.109375,-2.80078125,-2.80859375,0.650390625,-0.765625,4.072265625,0.10662841796875,-0.70562744140625,0.06756591796875,0.69720458984375,3.3671875,2.0078125,0.1484375,0.984375,-0.4140625,3.923828125,0.24688720703125,-0.6622314453125,-0.21893310546875,0.6727294921875,79.62890625,2,9524
4.780074333999437,7.109375,-2.80078125,-2.80859375,0.650390625,-0.765625,4.072265625,0.10662841796875,-0.70562744140625,0.06756591796875,0.69720458984375,3.3671875,2.0078125,0.1484375,0.984375,-0.4140625,3.923828125,0.24688720703125,-0.6622314453125,-0.21893310546875,0.6727294921875,79.716796875,2,10680
4.790075046999846,9.8671875,-2.72265625,-2.54296875,0.650390625,-0.765625,4.072265625,0.10662841796875,-0.70562744140625,0.06756591796875,0.69720458984375,4.4375,4.80078125,-0.46484375,0.984375,-0.4140625,3.923828125,0.2086181640625,-0.68780517578125,-0.15545654296875,0.67767333984375,79.716796875,5,10680
4.800079471999197,9.8671875,-2.72265625,-2.54296875,0.650390625,-0.765625,4.072265625,0.10662841796875,-0.70562744140625,0.06756591796875,0.69720458984375,4.4375,4.80078125,-0.46484375,0.984375,-0.4140625,3.923828125,0.2086181640625,-0.68780517578125,-0.15545654296875,0.67767333984375,79.8046875,5,10908
4.810135962999993,9.8671875,-2.72265625,-2.54296875,0.650390625,-0.765625,4.072265625,0.10662841796875,-0.70562744140625,0.06756591796875,0.69720458984375,4.4375,4.80078125,-0.46484375,0.984375,-0.4140625,3.923828125,0.2086181640625,-0.68780517578125,-0.15545654296875,0.67767333984375,79.892578125,2,10908
4.820071488999929,9.8671875,-2.72265625,-2.54296875,0.650390625,-0.765625,4.072265625,0.10662841796875,-0.70562744140625,0.06756591796875,0.69720458984375,7.5,4.91796875,-1.3828125,0.51171875,-0.68359375,4.693359375,0.1517333984375,-0.7144775390625,-0.0875244140625,0.6773681640625,79.98046875,2,11236
4.830074825999873,14.19921875,-4.0234375,-2.3125,0.1875,-0.8984375,4.87109375,0.04437255859375,-0.7244873046875,0.13531494140625,0.67437744140625,7.5,4.91796875,-1.3828125,0.51171875,-0.68359375,4.693359375,0.1517333984375,-0.7144775390625,-0.0875244140625,0.6773681640625,79.98046875,3,11236
4.840050480999707,14.19921875,-4.0234375,-2.3125,0.1875,-0.8984375,4.87109375,0.04437255859375,-0.7244873046875,0.13531494140625,0.67437744140625,7.5,4.91796875,-1.3828125,0.51171875,-0.68359375,4.693359375,0.1517333984375,-0.7144775390625,-0.0875244140625,0.6773681640625,80.068359375,3,11380
4.850073882999823,14.19921875,-4.0234375,-2.3125,0.1875,-0.8984375,4.87109375,0.04437255859375,-0.7244873046875,0.13531494140625,0.67437744140625,10.30078125,3.73046875,-3.109375,0.3515625,-0.640625,4.873046875,0.1517333984375,-0.7144775390625,-0.0875244140625,0.6773681640625,80.068359375,4,11380
4.860074115999851,17.453125,-1.53515625,-2.42578125,0.03125,-0.75390625,4.94921875,0.04437255859375,-0.7244873046875,0.13531494140625,0.67437744140625,10.30078125,3.73046875,-3.109375,0.3515625,-0.640625,4.873046875,0.08660888671875,-0.7354736328125,-0.018310546875,0.6717529296875,80.068359375,4,11238
4.870076524999604,17.453125,-1.53515625,-2.42578125,0.03125,-0.75390625,4.94921875,-0.0250244140625,-0.73583984375,0.20233154296875,0.64569091796875,12.5546875,6.21875,-4.33203125,0.3515625,-0.640625,4.873046875,0.08660888671875,-0.7354736328125,-0.018310546875,0.6717529296875,80.15625,4,11238
4.880080981999527,20.171875,0.33984375,-1.890625,-0.87890625,-0.267578125,4.751953125,-0.0250244140625,-0.73583984375,0.20233154296875,0.64569091796875,12.5546875,6.21875,-4.33203125,0.3515625,-0.640625,4.873046875,0.08660888671875,-0.7354736328125,-0.018310546875,0.6717529296875,80.244140625,4,11662
4.890101567999409,20.171875,0.33984375,-1.890625,-0.87890625,-0.267578125,4.751953125,-0.0250244140625,-0.73583984375,0.20233154296875,0.64569091796875,12.5546875,6.21875,-4.33203125,0.3515625,-0.640625,4.873046875,0.08660888671875,-0.7354736328125,-0.018310546875,0.6717529296875,80.244140625,3,11662
4.900077638999392,20.171875,0.33984375,-1.890625,-0.87890625,-0.267578125,4.751953125,-0.0250244140625,-0.73583984375,0.20233154296875,0.64569091796875,12.5546875,6.21875,-4.33203125,-0.69921875,-0.521484375,4.67578125,0.01043701171875,-0.74798583984375,0.03955078125,0.66241455078125,80.33203125,3,11870
4.910112529999424,20.02734375,0.80078125,-1.8125,-0.87890625,-0.267578125,4.751953125,-0.10150146484375,-0.73785400390625,0.2545166015625,0.6168212890625,13.21484375,6.52734375,-3.91015625,-0.69921875,-0.521484375,4.67578125,0.01043701171875,-0.74798583984375,0.03955078125,0.66241455078125,80.5078125,1,11870
4.9200741999993625,20.02734375,0.80078125,-1.8125,-0.87890625,-0.267578125,4.751953125,-0.10150146484375,-0.73785400390625,0.2545166015625,0.6168212890625,13.21484375,6.52734375,-3.91015625,-0.69921875,-0.521484375,4.67578125,0.01043701171875,-0.74798583984375,0.03955078125,0.66241455078125,80.595703125,1,11870
4.930071328999475,20.02734375,0.80078125,-1.8125,-1.6015625,-0.181640625,4.2265625,-0.10150146484375,-0.73785400390625,0.2545166015625,0.6168212890625,13.21484375,6.52734375,-3.91015625,-0.69921875,-0.521484375,4.67578125,0.01043701171875,-0.74798583984375,0.03955078125,0.66241455078125,80.771484375,1,12942
4.940074313999503,20.02734375,0.80078125,-1.8125,-1.6015625,-0.181640625,4.2265625,-0.10150146484375,-0.73785400390625,0.2545166015625,0.6168212890625,13.28515625,2.6953125,-1.91796875,-1.48828125,-0.759765625,4.076171875,-0.070068359375,-0.75616455078125,0.07470703125,0.64630126953125,80.947265625,4,12942
4.950062640999931,18.8359375,3.13671875,-0.89453125,-1.6015625,-0.181640625,4.2265625,-0.18255615234375,-0.7354736328125,0.2857666015625,0.5865478515625,13.28515625,2.6953125,-1.91796875,-1.48828125,-0.759765625,4.076171875,-0.070068359375,-0.75616455078125,0.07470703125,0.64630126953125,81.03515625,4,13379
4.96007500199994,18.8359375,3.13671875,-0.89453125,-1.6015625,-0.181640625,4.2265625,-0.18255615234375,-0.7354736328125,0.2857666015625,0.5865478515625,13.28515625,2.6953125,-1.91796875,-1.48828125,-0.759765625,4.076171875,-0.070068359375,-0.75616455078125,0.07470703125,0.64630126953125,81.123046875,2,13379
4.970106435999696,18.8359375,3.13671875,-0.89453125,-1.6015625,-0.181640625,4.2265625,-0.18255615234375,-0.7354736328125,0.2857666015625,0.5865478515625,13.28515625,2.6953125,-1.91796875,-1.48828125,-0.759765625,4.076171875,-0.070068359375,-0.75616455078125,0.07470703125,0.64630126953125,81.298828125,2,13621
4.980076138999721,16.609375,7.0078125,-0.43359375,-0.91796875,-0.404296875,2.724609375,-0.18255615234375,-0.7354736328125,0.2857666015625,0.5865478515625,13.32421875,0.93359375,-0.46484375,-0.703125,-0.79296875,2.56640625,-0.12640380859375,-0.76220703125,0.10040283203125,0.6268310546875,81.474609375,4,13621
4.990070577999177,16.609375,7.0078125,-0.43359375,-0.91796875,-0.404296875,2.724609375,-0.23956298828125,-0.73248291015625,0.306640625,0.55853271484375,13.32421875,0.93359375,-0.46484375,-0.703125,-0.79296875,2.56640625,-0.12640380859375,-0.76220703125,0.10040283203125,0.6268310546875,81.474609375,4,14051
5.000073242999861,16.609375,7.0078125,-0.43359375,-0.91796875,-0.404296875,2.724609375,-0.23956298828125,-0.73248291015625,0.306640625,0.55853271484375,13.32421875,0.93359375,-0.46484375,-0.703125,-0.79296875,2.56640625,-0.12640380859375,-0.76220703125,0.10040283203125,0.6268310546875,81.474609375,3,14051
5.010073986999487,16.609375,7.0078125,-0.43359375,-0.91796875,-0.404296875,2.724609375,-0.23956298828125,-0.73248291015625,0.306640625,0.55853271484375,11.87109375,1.4296875,0.1875,0.443359375,-0.5,0.431640625,-0.12640380859375,-0.76220703125,0.10040283203125,0.6268310546875,81.38671875,3,17417
5.020085963999918,16.078125,11.94921875,1.7109375,0.337890625,-0.693359375,0.3046875,-0.2513427734375,-0.73419189453125,0.32232666015625,0.5421142578125,11.87109375,1.4296875,0.1875,0.443359375,-0.5,0.431640625,-0.12640380859375,-0.76220703125,0.10040283203125,0.6268310546875,81.38671875,3,17417
5.030071250999754,16.078125,11.94921875,1.7109375,0.337890625,-0.693359375,0.3046875,-0.2513427734375,-0.73419189453125,0.32232666015625,0.5421142578125,19.11328125,-1.40234375,2.6015625,0.443359375,-0.5,0.431640625,-0.137939453125,-0.76690673828125,0.11663818359375,0.61578369140625,81.38671875,3,23814
5.04006972299976,16.078125,11.94921875,1.7109375,0.337890625,-0.693359375,0.3046875,-0.2513427734375,-0.73419189453125,0.32232666015625,0.5421142578125,19.11328125,-1.40234375,2.6015625,0.443359375,-0.5,0.431640625,-0.137939453125,-0.76690673828125,0.11663818359375,0.61578369140625,81.2109375,5,23814
5.050071043999196,18.4140625,9.7265625,5.96484375,1.3984375,-0.41015625,-1.787109375,-0.2513427734375,-0.73419189453125,0.32232666015625,0.5421142578125,19.11328125,-1.40234375,2.6015625,0.443359375,-0.5,0.431640625,-0.137939453125,-0.76690673828125,0.11663818359375,0.61578369140625,81.123046875,5,24783
5.060098188999291,18.4140625,9.7265625,5.96484375,1.3984375,-0.41015625,-1.787109375,-0.2513427734375,-0.73419189453125,0.32232666015625,0.5421142578125,19.11328125,-1.40234375,2.6015625,1.65625,0.111328125,-1.810546875,-0.09259033203125,-0.76568603515625,0.12249755859375,0.6246337890625,80.859375,4,24783
5.070071283999823,8.15234375,-6.8984375,3.01171875,1.3984375,-0.41015625,-1.787109375,-0.20660400390625,-0.73712158203125,0.32763671875,0.5537109375,8.76953125,-0.1015625,-0.42578125,1.65625,0.111328125,-1.810546875,-0.09259033203125,-0.76568603515625,0.12249755859375,0.6246337890625,80.595703125,4,25721
5.080068443999153,8.15234375,-6.8984375,3.01171875,1.3984375,-0.41015625,-1.787109375,-0.20660400390625,-0.73712158203125,0.32763671875,0.5537109375,8.76953125,-0.1015625,-0.42578125,1.65625,0.111328125,-1.810546875,-0.09259033203125,-0.76568603515625,0.12249755859375,0.6246337890625,80.419921875,2,25721
5.090071363999414,8.15234375,-6.8984375,3.01171875,1.3984375,-0.41015625,-1.787109375,-0.20660400390625,-0.73712158203125,0.32763671875,0.5537109375,10.984375,1.203125,-2.6875,-0.275390625,0.26953125,-1.720703125,-0.09259033203125,-0.76568603515625,0.12249755859375,0.6246337890625,80.068359375,2,25835
5.100080588999845,8.15234375,-6.8984375,3.01171875,-0.43359375,0.978515625,-2.193359375,-0.178955078125,-0.7376708984375,0.3033447265625,0.5760498046875,10.984375,1.203125,-2.6875,-0.275390625,0.26953125,-1.720703125,-0.0631103515625,-0.7652587890625,0.1055908203125,0.6318359375,79.8046875,5,25835
5.110074996999174,9.90625,-4.9453125,-0.08984375,-0.43359375,0.978515625,-2.193359375,-0.178955078125,-0.7376708984375,0.3033447265625,0.5760498046875,10.984375,1.203125,-2.6875,-0.275390625,0.26953125,-1.720703125,-0.0631103515625,-0.7652587890625,0.1055908203125,0.6318359375,79.62890625,5,26185
5.12007506899954,9.90625,-4.9453125,-0.08984375,-0.43359375,0.978515625,-2.193359375,-0.178955078125,-0.7376708984375,0.3033447265625,0.5760498046875,10.984375,1.203125,-2.6875,-0.275390625,0.26953125,-1.720703125,-0.0631103515625,-0.7652587890625,0.1055908203125,0.6318359375,79.453125,1,26185
5.130072964999272,9.90625,-4.9453125,-0.08984375,-0.43359375,0.978515625,-2.193359375,-0.178955078125,-0.7376708984375,0.3033447265625,0.5760498046875,7.1953125,-3.85546875,-0.12109375,0.14453125,0.07421875,-1.55859375,-0.0631103515625,-0.7652587890625,0.1055908203125,0.6318359375,79.189453125,1,26114
5.140074476999871,8.2578125,-6.32421875,-3.57421875,0.146484375,0.154296875,-1.9140625,-0.15447998046875,-0.740478515625,0.2763671875,0.59283447265625,7.1953125,-3.85546875,-0.12109375,0.14453125,0.07421875,-1.55859375,-0.0631103515625,-0.7652587890625,0.1055908203125,0.6318359375,79.1015625,1,26114
5.1500077619994045,8.2578125,-6.32421875,-3.57421875,0.146484375,0.154296875,-1.9140625,-0.15447998046875,-0.740478515625,0.2763671875,0.59283447265625,7.8828125,-0.484375,-2.41796875,0.14453125,0.07421875,-1.55859375,-0.04241943359375,-0.76556396484375,0.08074951171875,0.6368408203125,79.013671875,4,26176
5.160080222000033,8.2578125,-6.32421875,-3.57421875,0.146484375,0.154296875,-1.9140625,-0.15447998046875,-0.740478515625,0.2763671875,0.59283447265625,7.8828125,-0.484375,-2.41796875,0.14453125,0.07421875,-1.55859375,-0.04241943359375,-0.76556396484375,0.08074951171875,0.6368408203125,79.1015625,1,26176
5.1700077789992065,8.2578125,-6.32421875,-3.57421875,0.146484375,0.154296875,-1.9140625,-0.15447998046875,-0.740478515625,0.2763671875,0.59283447265625,7.8828125,-0.484375,-2.41796875,0.14453125,0.07421875,-1.55859375,-0.04241943359375,-0.76556396484375,0.08074951171875,0.6368408203125,79.365234375,1,25917
5.1801155679995645,10.94921875,-4.90625,-0.6640625,-0.029296875,0.337890625,-1.361328125,-0.13287353515625,-0.74163818359375,0.25537109375,0.60589599609375,7.8828125,-0.484375,-2.41796875,-0.2265625,0.177734375,-1.439453125,-0.02001953125,-0.76513671875,0.0584716796875,0.640869140625,79.541015625,745,25917
5.190071157999228,10.94921875,-4.90625,-0.6640625,-0.029296875,0.337890625,-1.361328125,-0.13287353515625,-0.74163818359375,0.25537109375,0.60589599609375,9.30859375,8.48046875,-2.6484375,-0.2265625,0.177734375,-1.439453125,-0.02001953125,-0.76513671875,0.0584716796875,0.640869140625,79.62890625,745,25835
5.200074397999742,10.94921875,-4.90625,-0.6640625,-0.029296875,0.337890625,-1.361328125,-0.13287353515625,-0.74163818359375,0.25537109375,0.60589599609375,9.30859375,8.48046875,-2.6484375,-0.2265625,0.177734375,-1.439453125,-0.02001953125,-0.76513671875,0.0584716796875,0.640869140625,79.716796875,2864,25835
5.2100752709993685,11.015625,-4.33203125,-2.46484375,-0.27734375,0.048828125,-0.2578125,-0.13287353515625,-0.74163818359375,0.25537109375,0.60589599609375,9.30859375,8.48046875,-2.6484375,-0.2265625,0.177734375,-1.439453125,-0.02001953125,-0.76513671875,0.0584716796875,0.640869140625,79.892578125,2864,25720
5.220071245999861,11.015625,-4.33203125,-2.46484375,-0.27734375,0.048828125,-0.2578125,-0.13287353515625,-0.74163818359375,0.25537109375,0.60589599609375,8.921875,-0.90625,-2.11328125,-0.76171875,0.150390625,-0.396484375,-0.01947021484375,-0.76470947265625,0.037109375,0.64300537109375,80.15625,2864,25720
5.230072982999445,11.015625,-4.33203125,-2.46484375,-0.27734375,0.048828125,-0.2578125,-0.13287353515625,-0.74163818359375,0.25537109375,0.60589599609375,8.921875,-0.90625,-2.11328125,-0.76171875,0.150390625,-0.396484375,-0.01947021484375,-0.76470947265625,0.037109375,0.64300537109375,80.244140625,3965,25720
5.240071326999896,8.91796875,-5.01953125,-1.27734375,-0.27734375,0.048828125,-0.2578125,-0.130615234375,-0.7432861328125,0.245849609375,0.60833740234375,8.921875,-0.90625,-2.11328125,-0.76171875,0.150390625,-0.396484375,-0.01947021484375,-0.76470947265625,0.037109375,0.64300537109375,80.419921875,4762,25304
5.250071526999818,8.91796875,-5.01953125,-1.27734375,-0.27734375,0.048828125,-0.2578125,-0.130615234375,-0.7432861328125,0.245849609375,0.60833740234375,8.921875,-0.90625,-2.11328125,-0.76171875,0.150390625,-0.396484375,-0.01947021484375,-0.76470947265625,0.037109375,0.64300537109375,80.595703125,4762,25641
5.260071694999169,8.91796875,-5.01953125,-1.27734375,-0.27734375,0.048828125,-0.2578125,-0.130615234375,-0.7432861328125,0.245849609375,0.60833740234375,9.49609375,-2.62890625,0.68359375,-0.087890625,-0.072265625,-0.751953125,-0.01190185546875,-0.76507568359375,0.0224609375,0.6434326171875,80.771484375,5786,25641
5.270073782999134,9.5625,-4.29296875,-0.96875,-0.095703125,-0.0390625,-0.423828125,-0.12603759765625,-0.7451171875,0.238037109375,0.61016845703125,9.49609375,-2.62890625,0.68359375,-0.087890625,-0.072265625,-0.751953125,-0.01190185546875,-0.76507568359375,0.0224609375,0.6434326171875,80.859375,5786,25236
5.280069438999817,9.5625,-4.29296875,-0.96875,-0.095703125,-0.0390625,-0.423828125,-0.12603759765625,-0.7451171875,0.238037109375,0.61016845703125,9.49609375,-2.62890625,0.68359375,-0.087890625,-0.072265625,-0.751953125,-0.01190185546875,-0.76507568359375,0.0224609375,0.6434326171875,81.03515625,6764,25236
5.290015492999373,9.5625,-4.29296875,-0.96875,-0.095703125,-0.0390625,-0.423828125,-0.12603759765625,-0.7451171875,0.238037109375,0.61016845703125,9.53515625,2.58203125,-2.76171875,-0.28125,-0.0078125,-0.4375,-0.01190185546875,-0.76507568359375,0.0224609375,0.6434326171875,81.123046875,6764,25264
5.300075951999133,9.91015625,-3.56640625,-1.890625,-0.15234375,0.02734375,-0.224609375,-0.12603759765625,-0.7451171875,0.238037109375,0.61016845703125,9.53515625,2.58203125,-2.76171875,-0.28125,-0.0078125,-0.4375,-0.01190185546875,-0.76507568359375,0.0224609375,0.6434326171875,81.2109375,7942,25264
5.310073207999267,9.91015625,-3.56640625,-1.890625,-0.15234375,0.02734375,-0.224609375,-0.12353515625,-0.7462158203125,0.23236083984375,0.61151123046875,10.26171875,-0.0625,-2.72265625,-0.28125,-0.0078125,-0.4375,-0.00640869140625,-0.7657470703125,0.011474609375,0.64300537109375,81.298828125,7942,25660
5.320078176999232,9.91015625,-3.56640625,-1.890625,-0.15234375,0.02734375,-0.224609375,-0.12353515625,-0.7462158203125,0.23236083984375,0.61151123046875,10.26171875,-0.0625,-2.72265625,-0.28125,-0.0078125,-0.4375,-0.00640869140625,-0.7657470703125,0.011474609375,0.64300537109375,81.38671875,7942,25660
5.3300733209998725,9.91015625,-3.56640625,-1.890625,-0.15234375,0.02734375,-0.224609375,-0.12353515625,-0.7462158203125,0.23236083984375,0.61151123046875,10.26171875,-0.0625,-2.72265625,-0.28125,-0.0078125,-0.4375,-0.00640869140625,-0.7657470703125,0.011474609375,0.64300537109375,81.474609375,9390,25660
5.3400770089992875,10.17578125,-3.4140625,-1.4296875,-0.115234375,0.146484375,-0.326171875,-0.12353515625,-0.7462158203125,0.23236083984375,0.61151123046875,10.18359375,0.51171875,-2.2265625,-0.205078125,0.1015625,-0.4609375,-0.00146484375,-0.76495361328125,0.0020751953125,0.64404296875,81.5625,9390,25660
5.350071576999653,10.17578125,-3.4140625,-1.4296875,-0.115234375,0.146484375,-0.326171875,-0.12353515625,-0.7462158203125,0.23236083984375,0.61151123046875,10.18359375,0.51171875,-2.2265625,-0.205078125,0.1015625,-0.4609375,-0.00146484375,-0.76495361328125,0.0020751953125,0.64404296875,81.73828125,11056,25499
5.360000412999398,10.10546875,-3.2578125,-1.390625,-0.115234375,0.146484375,-0.326171875,-0.12060546875,-0.74603271484375,0.2264404296875,0.614501953125,10.18359375,0.51171875,-2.2265625,-0.205078125,0.1015625,-0.4609375,-0.00146484375,-0.76495361328125,0.0020751953125,0.64404296875,81.826171875,11056,25297
5.370070088999455,10.10546875,-3.2578125,-1.390625,-0.115234375,0.146484375,-0.326171875,-0.12060546875,-0.74603271484375,0.2264404296875,0.614501953125,10.18359375,0.51171875,-2.2265625,-0.205078125,0.1015625,-0.4609375,-0.00146484375,-0.76495361328125,0.0020751953125,0.64404296875,82.08984375,12003,25297
5.380072880999251,10.10546875,-3.2578125,-1.390625,-0.115234375,0.146484375,-0.326171875,-0.12060546875,-0.74603271484375,0.2264404296875,0.614501953125,10.140625,-0.17578125,-1.765625,-0.146484375,0.146484375,-0.599609375,0.0048828125,-0.76324462890625,-0.0079345703125,0.64605712890625,82.177734375,12003,24785
5.390057560999594,10.10546875,-3.2578125,-1.390625,-0.083984375,0.185546875,-0.349609375,-0.1171875,-0.74517822265625,0.2200927734375,0.61846923828125,10.140625,-0.17578125,-1.765625,-0.146484375,0.146484375,-0.599609375,0.0048828125,-0.76324462890625,-0.0079345703125,0.64605712890625,82.353515625,13900,24785
5.400078081999709,10.0234375,-3.296875,-1.23828125,-0.05859375,0.1953125,-0.337890625,-0.1171875,-0.74517822265625,0.2200927734375,0.61846923828125,10.140625,-0.17578125,-1.765625,-0.146484375,0.146484375,-0.599609375,0.0048828125,-0.76324462890625,-0.0079345703125,0.64605712890625,82.529296875,13900,24662
5.41012666899951,10.0234375,-3.296875,-1.23828125,-0.05859375,0.1953125,-0.337890625,-0.1171875,-0.74517822265625,0.2200927734375,0.61846923828125,10.140625,-0.17578125,-1.765625,-0.146484375,0.146484375,-0.599609375,0.0048828125,-0.76324462890625,-0.0079345703125,0.64605712890625,82.705078125,14062,24662
5.420077457999469,10.0234375,-3.296875,-1.23828125,-0.05859375,0.1953125,-0.337890625,-0.11346435546875,-0.743896484375,0.21417236328125,0.62274169921875,9.9140625,0.85546875,-1.53515625,-0.125,0.16015625,-0.640625,0.01336669921875,-0.76104736328125,-0.01861572265625,0.6483154296875,82.880859375,14062,24182
5.430086970999582,9.79296875,-3.296875,-1.046875,-0.05859375,0.1953125,-0.337890625,-0.11346435546875,-0.743896484375,0.21417236328125,0.62274169921875,9.9140625,0.85546875,-1.53515625,-0.125,0.16015625,-0.640625,0.01336669921875,-0.76104736328125,-0.01861572265625,0.6483154296875,83.14453125,15318,24182
5.440045728999394,9.79296875,-3.296875,-1.046875,-0.05859375,0.1953125,-0.337890625,-0.11346435546875,-0.743896484375,0.21417236328125,0.62274169921875,9.9140625,0.85546875,-1.53515625,-0.125,0.16015625,-0.640625,0.01336669921875,-0.76104736328125,-0.01861572265625,0.6483154296875,83.3203125,15318,24338
5.4500760429991715,9.79296875,-3.296875,-1.046875,-0.05859375,0.1953125,-0.337890625,-0.11346435546875,-0.743896484375,0.21417236328125,0.62274169921875,9.6484375,1.69921875,-1.1171875,-0.138671875,0.119140625,-0.54296875,0.01336669921875,-0.76104736328125,-0.01861572265625,0.6483154296875,83.49609375,15116,24338
5.460093140000026,9.79296875,-3.10546875,-1.19921875,-0.0625,0.1328125,-0.23046875,-0.11346435546875,-0.743896484375,0.21417236328125,0.62274169921875,9.6484375,1.69921875,-1.1171875,-0.138671875,0.119140625,-0.54296875,0.01336669921875,-0.76104736328125,-0.01861572265625,0.6483154296875,83.671875,15116,23765
5.470074682999439,9.79296875,-3.10546875,-1.19921875,-0.0625,0.1328125,-0.23046875,-0.1107177734375,-0.742919921875,0.20953369140625,0.6259765625,9.796875,1.5078125,-1.4609375,-0.138671875,0.119140625,-0.54296875,0.02093505859375,-0.75909423828125,-0.02825927734375,0.6500244140625,83.84765625,15992,23765
5.4800679709996984,9.79296875,-3.10546875,-1.19921875,-0.0625,0.1328125,-0.23046875,-0.1107177734375,-0.742919921875,0.20953369140625,0.6259765625,9.796875,1.5078125,-1.4609375,-0.138671875,0.119140625,-0.54296875,0.02093505859375,-0.75909423828125,-0.02825927734375,0.6500244140625,84.0234375,15992,23765
5.4900806199993895,9.79296875,-3.10546875,-1.19921875,-0.0625,0.1328125,-0.23046875,-0.1107177734375,-0.742919921875,0.20953369140625,0.6259765625,9.796875,1.5078125,-1.4609375,-0.138671875,0.119140625,-0.54296875,0.02093505859375,-0.75909423828125,-0.02825927734375,0.6500244140625,84.287109375,15992,23543
5.500068210999416,9.87109375,-3.18359375,-1.125,-0.0546875,0.130859375,-0.21875,-0.1107177734375,-0.742919921875,0.20953369140625,0.6259765625,9.9921875,0.97265625,-1.34375,-0.126953125,0.107421875,-0.533203125,0.0274658203125,-0.75738525390625,-0.03741455078125,0.65130615234375,84.462890625,15992,23543
5.510068603000036,9.87109375,-3.18359375,-1.125,-0.0546875,0.130859375,-0.21875,-0.1107177734375,-0.742919921875,0.20953369140625,0.6259765625,9.9921875,0.97265625,-1.34375,-0.126953125,0.107421875,-0.533203125,0.0274658203125,-0.75738525390625,-0.03741455078125,0.65130615234375,84.638671875,16441,23263
5.520073923999917,9.87109375,-3.4140625,-1.125,-0.0546875,0.130859375,-0.21875,-0.108642578125,-0.7420654296875,0.20550537109375,0.6287841796875,9.9921875,0.97265625,-1.34375,-0.126953125,0.107421875,-0.533203125,0.0274658203125,-0.75738525390625,-0.03741455078125,0.65130615234375,84.7265625,16950,23263
5.5300850369994805,9.87109375,-3.4140625,-1.125,-0.0546875,0.130859375,-0.21875,-0.108642578125,-0.7420654296875,0.20550537109375,0.6287841796875,9.9921875,0.97265625,-1.34375,-0.126953125,0.107421875,-0.533203125,0.0274658203125,-0.75738525390625,-0.03741455078125,0.65130615234375,84.990234375,16950,23222
5.540066707999358,9.87109375,-3.4140625,-1.125,-0.0546875,0.130859375,-0.21875,-0.108642578125,-0.7420654296875,0.20550537109375,0.6287841796875,10.21875,0.703125,-1.69140625,-0.115234375,0.1171875,-0.5703125,0.03472900390625,-0.75555419921875,-0.046875,0.65252685546875,85.166015625,16925,23222
5.550067259999196,9.87109375,-3.4140625,-1.125,-0.052734375,0.140625,-0.271484375,-0.10595703125,-0.74114990234375,0.200927734375,0.63177490234375,10.21875,0.703125,-1.69140625,-0.115234375,0.1171875,-0.5703125,0.03472900390625,-0.75555419921875,-0.046875,0.65252685546875,85.25390625,16925,23120
5.560071811999478,9.98828125,-3.18359375,-1.125,-0.052734375,0.140625,-0.271484375,-0.10595703125,-0.74114990234375,0.200927734375,0.63177490234375,10.21875,0.703125,-1.69140625,-0.115234375,0.1171875,-0.5703125,0.03472900390625,-0.75555419921875,-0.046875,0.65252685546875,85.4296875,17728,23120
5.570065483999315,9.98828125,-3.18359375,-1.125,-0.052734375,0.140625,-0.271484375,-0.10595703125,-0.74114990234375,0.200927734375,0.63177490234375,10.22265625,0.8203125,-1.765625,-0.169921875,0.16015625,-0.685546875,0.03472900390625,-0.75555419921875,-0.046875,0.65252685546875,85.693359375,17728,22487
5.580072116999872,9.98828125,-3.18359375,-1.125,-0.078125,0.189453125,-0.400390625,-0.10186767578125,-0.73992919921875,0.19464111328125,0.63580322265625,10.22265625,0.8203125,-1.765625,-0.169921875,0.16015625,-0.685546875,0.03472900390625,-0.75555419921875,-0.046875,0.65252685546875,85.78125,17728,22487
5.590187170999343,9.98828125,-3.2578125,-0.96875,-0.078125,0.189453125,-0.400390625,-0.10186767578125,-0.73992919921875,0.19464111328125,0.63580322265625,10.22265625,0.8203125,-1.765625,-0.169921875,0.16015625,-0.685546875,0.03472900390625,-0.75555419921875,-0.046875,0.65252685546875,85.95703125,18033,22487
5.600114566999764,9.98828125,-3.2578125,-0.96875,-0.078125,0.189453125,-0.400390625,-0.10186767578125,-0.73992919921875,0.19464111328125,0.63580322265625,10.52734375,-0.0234375,-1.91796875,-0.1875,0.24609375,-0.9375,0.04302978515625,-0.7529296875,-0.057861328125,0.65411376953125,86.044921875,18549,22350
5.610063660999913,9.98828125,-3.2578125,-0.96875,-0.078125,0.189453125,-0.400390625,-0.10186767578125,-0.73992919921875,0.19464111328125,0.63580322265625,10.52734375,-0.0234375,-1.91796875,-0.1875,0.24609375,-0.9375,0.04302978515625,-0.7529296875,-0.057861328125,0.65411376953125,86.1328125,18549,22103
5.62008034199971,10.1015625,-3.10546875,-1.19921875,-0.08203125,0.271484375,-0.705078125,-0.10186767578125,-0.73992919921875,0.19464111328125,0.63580322265625,10.52734375,-0.0234375,-1.91796875,-0.1875,0.24609375,-0.9375,0.05401611328125,-0.7490234375,-0.07177734375,0.65643310546875,86.30859375,18598,22103
5.630041371999141,10.1015625,-3.10546875,-1.19921875,-0.08203125,0.271484375,-0.705078125,-0.0943603515625,-0.73834228515625,0.184814453125,0.6417236328125,10.6015625,-0.140625,-2.03515625,-0.1875,0.24609375,-0.9375,0.05401611328125,-0.7490234375,-0.07177734375,0.65643310546875,86.396484375,18598,21715
5.640073925999786,10.1015625,-3.10546875,-1.19921875,-0.08203125,0.271484375,-0.705078125,-0.0943603515625,-0.73834228515625,0.184814453125,0.6417236328125,10.6015625,-0.140625,-2.03515625,-0.1875,0.24609375,-0.9375,0.05401611328125,-0.7490234375,-0.07177734375,0.65643310546875,86.484375,18944,21715
5.6500666059992,10.1015625,-3.10546875,-1.19921875,-0.08203125,0.271484375,-0.705078125,-0.0943603515625,-0.73834228515625,0.184814453125,0.6417236328125,10.6015625,-0.140625,-2.03515625,-0.1875,0.24609375,-0.9375,0.05401611328125,-0.7490234375,-0.07177734375,0.65643310546875,86.484375,18944,20672
5.6600729499996305,10.21484375,-3.10546875,-1.046875,0.0234375,0.3203125,-1.107421875,-0.0943603515625,-0.73834228515625,0.184814453125,0.6417236328125,10.6015625,-0.140625,-2.03515625,-0.1875,0.24609375,-0.9375,0.05401611328125,-0.7490234375,-0.07177734375,0.65643310546875,86.572265625,19120,20672
5.670070141999531,10.21484375,-3.10546875,-1.046875,0.0234375,0.3203125,-1.107421875,-0.0943603515625,-0.73834228515625,0.184814453125,0.6417236328125,10.60546875,0.08984375,-1.57421875,-0.083984375,0.337890625,-1.228515625,0.0704345703125,-0.74310302734375,-0.0889892578125,0.659423828125,86.66015625,19120,20803
5.680074342999433,11.3984375,-3.03125,-1.125,0.0234375,0.3203125,-1.107421875,-0.08074951171875,-0.73614501953125,0.17108154296875,0.64984130859375,10.60546875,0.08984375,-1.57421875,-0.083984375,0.337890625,-1.228515625,0.0704345703125,-0.74310302734375,-0.0889892578125,0.659423828125,86.66015625,19361,20803
5.690071534999333,11.3984375,-3.03125,-1.125,0.0234375,0.3203125,-1.107421875,-0.08074951171875,-0.73614501953125,0.17108154296875,0.64984130859375,10.60546875,0.08984375,-1.57421875,-0.083984375,0.337890625,-1.228515625,0.0704345703125,-0.74310302734375,-0.0889892578125,0.659423828125,86.748046875,19361,20256
5.7000668389991915,11.3984375,-3.03125,-1.125,0.060546875,0.423828125,-1.3828125,-0.061279296875,-0.732666015625,0.15399169921875,0.66009521484375,11.60546875,1.96875,-2.03515625,-0.12890625,0.41015625,-1.443359375,0.0704345703125,-0.74310302734375,-0.0889892578125,0.659423828125,86.748046875,20263,20256
5.710071358999812,12.0546875,-2.609375,-1.0078125,0.060546875,0.423828125,-1.3828125,-0.061279296875,-0.732666015625,0.15399169921875,0.66009521484375,11.60546875,1.96875,-2.03515625,-0.12890625,0.41015625,-1.443359375,0.0704345703125,-0.74310302734375,-0.0889892578125,0.659423828125,86.66015625,20263,19971
5.720066086999395,12.0546875,-2.609375,-1.0078125,0.060546875,0.423828125,-1.3828125,-0.061279296875,-0.732666015625,0.15399169921875,0.66009521484375,11.68359375,1.4296875,-1.8828125,-0.12890625,0.41015625,-1.443359375,0.09100341796875,-0.735595703125,-0.1082763671875,0.6624755859375,86.66015625,21257,19971
5.730084111999531,12.0546875,-2.609375,-1.0078125,0.060546875,0.423828125,-1.3828125,-0.061279296875,-0.732666015625,0.15399169921875,0.66009521484375,11.68359375,1.4296875,-1.8828125,-0.12890625,0.41015625,-1.443359375,0.09100341796875,-0.735595703125,-0.1082763671875,0.6624755859375,86.66015625,21257,18984
5.740036021999913,12.0546875,-2.609375,-1.0078125,0.07421875,0.51171875,-1.720703125,-0.0372314453125,-0.72760009765625,0.13238525390625,0.67205810546875,11.68359375,1.4296875,-1.8828125,-0.103515625,0.466796875,-1.66796875,0.1143798828125,-0.7257080078125,-0.130859375,0.6656494140625,86.572265625,22208,18984
5.7500749119999455,12.0546875,-3.87109375,-1.62109375,0.07421875,0.51171875,-1.720703125,-0.0372314453125,-0.72760009765625,0.13238525390625,0.67205810546875,11.98828125,0.55078125,-1.69140625,-0.103515625,0.466796875,-1.66796875,0.1143798828125,-0.7257080078125,-0.130859375,0.6656494140625,86.484375,22208,17565
5.76007127199955,12.0546875,-3.87109375,-1.62109375,0.07421875,0.51171875,-1.720703125,-0.0372314453125,-0.72760009765625,0.13238525390625,0.67205810546875,11.98828125,0.55078125,-1.69140625,-0.103515625,0.466796875,-1.66796875,0.1143798828125,-0.7257080078125,-0.130859375,0.6656494140625,86.396484375,23033,17565
5.770231351999428,12.0546875,-3.87109375,-1.62109375,0.07421875,0.51171875,-1.720703125,-0.0372314453125,-0.72760009765625,0.13238525390625,0.67205810546875,11.98828125,0.55078125,-1.69140625,-0.103515625,0.466796875,-1.66796875,0.1143798828125,-0.7257080078125,-0.130859375,0.6656494140625,86.220703125,23033,16541
5.780090552999354,12.78125,-3.71875,-1.5078125,0.1640625,0.5234375,-2.078125,-0.007568359375,-0.72113037109375,0.10693359375,0.68450927734375,11.98828125,0.55078125,-1.69140625,0.05859375,0.447265625,-1.921875,0.1429443359375,-0.71502685546875,-0.1546630859375,0.6666259765625,86.044921875,23033,16541
5.790162372999475,12.78125,-3.71875,-1.5078125,0.1640625,0.5234375,-2.078125,-0.007568359375,-0.72113037109375,0.10693359375,0.68450927734375,12.25390625,0.8203125,-1.7265625,0.05859375,0.447265625,-1.921875,0.1429443359375,-0.71502685546875,-0.1546630859375,0.6666259765625,85.869140625,23394,13034
5.800031750999551,12.78125,-3.71875,-1.5078125,0.1640625,0.5234375,-2.078125,-0.007568359375,-0.72113037109375,0.10693359375,0.68450927734375,12.25390625,0.8203125,-1.7265625,0.05859375,0.447265625,-1.921875,0.1429443359375,-0.71502685546875,-0.1546630859375,0.6666259765625,85.78125,23946,13034
5.8100764969995,12.78125,-3.71875,-1.5078125,0.1640625,0.5234375,-2.078125,-0.007568359375,-0.72113037109375,0.10693359375,0.68450927734375,12.25390625,0.8203125,-1.7265625,0.05859375,0.447265625,-1.921875,0.1429443359375,-0.71502685546875,-0.1546630859375,0.6666259765625,85.517578125,23946,10421
5.820071960999485,12.78125,-3.71875,-1.5078125,0.1640625,0.5234375,-2.078125,-0.007568359375,-0.72113037109375,0.10693359375,0.68450927734375,12.171875,0.89453125,-1.69140625,-0.19140625,0.3359375,-2.236328125,0.17376708984375,-0.7030029296875,-0.183837890625,0.6646728515625,85.166015625,23946,10421
5.830073024999365,13.51171875,-3.22265625,-1.58203125,-0.091796875,0.59765625,-2.59765625,0.02667236328125,-0.71270751953125,0.07275390625,0.6971435546875,12.171875,0.89453125,-1.69140625,-0.19140625,0.3359375,-2.236328125,0.17376708984375,-0.7030029296875,-0.183837890625,0.6646728515625,84.990234375,24243,3424
5.8400720729996465,13.51171875,-3.22265625,-1.58203125,-0.091796875,0.59765625,-2.59765625,0.02667236328125,-0.71270751953125,0.07275390625,0.6971435546875,12.171875,0.89453125,-1.69140625,-0.19140625,0.3359375,-2.236328125,0.17376708984375,-0.7030029296875,-0.183837890625,0.6646728515625,84.7265625,24537,3424
5.850004365999666,13.85546875,-2.9921875,-1.9296875,-0.3125,0.68359375,-3.412109375,0.02667236328125,-0.71270751953125,0.07275390625,0.6971435546875,12.171875,0.89453125,-1.69140625,-0.19140625,0.3359375,-2.236328125,0.17376708984375,-0.7030029296875,-0.183837890625,0.6646728515625,84.462890625,24537,2304
5.860071577999406,13.85546875,-2.9921875,-1.9296875,-0.3125,0.68359375,-3.412109375,0.068115234375,-0.70062255859375,0.023193359375,0.70989990234375,11.1796875,-0.9453125,-1.1171875,-0.35546875,0.123046875,-2.884765625,0.20806884765625,-0.68865966796875,-0.22454833984375,0.65728759765625,84.19921875,24099,2304
5.870143972999358,14.43359375,-0.84765625,-0.5859375,-0.3125,0.68359375,-3.412109375,0.068115234375,-0.70062255859375,0.023193359375,0.70989990234375,11.1796875,-0.9453125,-1.1171875,-0.35546875,0.123046875,-2.884765625,0.20806884765625,-0.68865966796875,-0.22454833984375,0.65728759765625,84.0234375,24099,1956
5.88007700199978,14.43359375,-0.84765625,-0.5859375,-0.3125,0.68359375,-3.412109375,0.068115234375,-0.70062255859375,0.023193359375,0.70989990234375,11.1796875,-0.9453125,-1.1171875,-0.35546875,0.123046875,-2.884765625,0.20806884765625,-0.68865966796875,-0.22454833984375,0.65728759765625,83.759765625,22693,1956
5.89007166600004,14.43359375,-0.84765625,-0.5859375,-0.419921875,0.49609375,-3.552734375,0.068115234375,-0.70062255859375,0.023193359375,0.70989990234375,9.80078125,4.609375,-0.84765625,-0.6171875,0.1328125,-3.103515625,0.20806884765625,-0.68865966796875,-0.22454833984375,0.65728759765625,83.49609375,22693,942
5.900073369999518,14.43359375,-0.84765625,-0.5859375,-0.419921875,0.49609375,-3.552734375,0.068115234375,-0.70062255859375,0.023193359375,0.70989990234375,9.80078125,4.609375,-0.84765625,-0.6171875,0.1328125,-3.103515625,0.20806884765625,-0.68865966796875,-0.22454833984375,0.65728759765625,83.232421875,17774,942
5.910071458999482,16.95703125,-1.3828125,-0.77734375,-0.419921875,0.49609375,-3.552734375,0.111572265625,-0.68609619140625,-0.0322265625,0.71820068359375,11.296875,7.3671875,-1.69140625,-0.6171875,0.1328125,-3.103515625,0.244384765625,-0.67022705078125,-0.27227783203125,0.64569091796875,82.96875,17774,249
5.92007041099987,16.95703125,-1.3828125,-0.77734375,-0.419921875,0.49609375,-3.552734375,0.111572265625,-0.68609619140625,-0.0322265625,0.71820068359375,11.296875,7.3671875,-1.69140625,-0.6171875,0.1328125,-3.103515625,0.244384765625,-0.67022705078125,-0.27227783203125,0.64569091796875,82.705078125,17774,249
5.93007925099937,16.95703125,-1.3828125,-0.77734375,-0.419921875,0.49609375,-3.552734375,0.111572265625,-0.68609619140625,-0.0322265625,0.71820068359375,11.296875,7.3671875,-1.69140625,-0.6171875,0.1328125,-3.103515625,0.244384765625,-0.67022705078125,-0.27227783203125,0.64569091796875,82.265625,7822,249
5.94001064799977,10.4453125,-4.484375,-0.85546875,-0.48828125,0.525390625,-3.037109375,0.111572265625,-0.68609619140625,-0.0322265625,0.71820068359375,11.296875,7.3671875,-1.69140625,-0.7890625,0.228515625,-2.5546875,0.2728271484375,-0.6490478515625,-0.31658935546875,0.63568115234375,81.9140625,7822,802
5.950073442999383,10.4453125,-4.484375,-0.85546875,-0.48828125,0.525390625,-3.037109375,0.14923095703125,-0.66949462890625,-0.08416748046875,0.7227783203125,5.7421875,4.6484375,-1.61328125,-0.7890625,0.228515625,-2.5546875,0.2728271484375,-0.6490478515625,-0.31658935546875,0.63568115234375,81.298828125,964,802
5.96007364199977,10.4453125,-4.484375,-0.85546875,-0.48828125,0.525390625,-3.037109375,0.14923095703125,-0.66949462890625,-0.08416748046875,0.7227783203125,5.7421875,4.6484375,-1.61328125,-0.7890625,0.228515625,-2.5546875,0.2728271484375,-0.6490478515625,-0.31658935546875,0.63568115234375,81.2109375,964,619
5.97007515399946,10.4453125,-4.484375,-0.85546875,-0.48828125,0.525390625,-3.037109375,0.14923095703125,-0.66949462890625,-0.08416748046875,0.7227783203125,5.7421875,4.6484375,-1.61328125,-0.7890625,0.228515625,-2.5546875,0.2728271484375,-0.6490478515625,-0.31658935546875,0.63568115234375,80.947265625,791,619
5.98007244099972,3.62890625,-5.9765625,-1.19921875,-0.642578125,0.669921875,-2.05859375,0.14923095703125,-0.66949462890625,-0.08416748046875,0.7227783203125,0.68359375,3.578125,-0.73046875,-0.751953125,0.166015625,-1.5625,0.28717041015625,-0.63153076171875,-0.3475341796875,0.630859375,80.771484375,791,140
5.990068672999769,3.62890625,-5.9765625,-1.19921875,-0.642578125,0.669921875,-2.05859375,0.1739501953125,-0.6517333984375,-0.1243896484375,0.7276611328125,0.68359375,3.578125,-0.73046875,-0.751953125,0.166015625,-1.5625,0.28717041015625,-0.63153076171875,-0.3475341796875,0.630859375,80.771484375,7,140
6.000071656999353,2.5546875,-11.4921875,-0.55078125,-0.642578125,0.669921875,-2.05859375,0.1739501953125,-0.6517333984375,-0.1243896484375,0.7276611328125,0.68359375,3.578125,-0.73046875,-0.751953125,0.166015625,-1.5625,0.28717041015625,-0.63153076171875,-0.3475341796875,0.630859375,80.68359375,7,138
6.010069871999804,2.5546875,-11.4921875,-0.55078125,-0.642578125,0.669921875,-2.05859375,0.1739501953125,-0.6517333984375,-0.1243896484375,0.7276611328125,1.83203125,5.83984375,0.109375,-0.39453125,0.181640625,0.82421875,0.28717041015625,-0.63153076171875,-0.3475341796875,0.630859375,80.771484375,2,138
6.0200699759998315,2.5546875,-11.4921875,-0.55078125,-0.052734375,-0.013671875,0.8203125,0.16802978515625,-0.64971923828125,-0.12518310546875,0.73077392578125,1.83203125,5.83984375,0.109375,-0.39453125,0.181640625,0.82421875,0.28717041015625,-0.63153076171875,-0.3475341796875,0.630859375,80.771484375,2,689
6.030018556999494,2.24609375,-7.89453125,-0.93359375,-0.052734375,-0.013671875,0.8203125,0.16802978515625,-0.64971923828125,-0.12518310546875,0.73077392578125,1.83203125,5.83984375,0.109375,-0.39453125,0.181640625,0.82421875,0.2769775390625,-0.626220703125,-0.3515625,0.638427734375,80.859375,3,689
6.040079782999783,2.24609375,-7.89453125,-0.93359375,-0.052734375,-0.013671875,0.8203125,0.16802978515625,-0.64971923828125,-0.12518310546875,0.73077392578125,1.91015625,1.046875,-0.50390625,0.52734375,0.150390625,2.03125,0.2769775390625,-0.626220703125,-0.3515625,0.638427734375,80.947265625,3,1510
6.050073582999175,2.24609375,-7.89453125,-0.93359375,-0.052734375,-0.013671875,0.8203125,0.16802978515625,-0.64971923828125,-0.12518310546875,0.73077392578125,1.91015625,1.046875,-0.50390625,0.52734375,0.150390625,2.03125,0.2769775390625,-0.626220703125,-0.3515625,0.638427734375,80.947265625,2,1510
6.060081142999479,2.24609375,-7.89453125,-0.93359375,0.66015625,-0.30078125,2.16015625,0.15032958984375,-0.6602783203125,-0.091796875,0.7301025390625,1.91015625,1.046875,-0.50390625,0.52734375,0.150390625,2.03125,0.2769775390625,-0.626220703125,-0.3515625,0.638427734375,81.03515625,2,1510
6.070072925999739,3.015625,-3.60546875,-2.3125,0.66015625,-0.30078125,2.16015625,0.15032958984375,-0.6602783203125,-0.091796875,0.7301025390625,1.3359375,0.97265625,-0.08203125,0.52734375,0.150390625,2.03125,0.26031494140625,-0.63568115234375,-0.32379150390625,0.65057373046875,81.03515625,4,3229
6.0800993670000025,3.015625,-3.60546875,-2.3125,0.66015625,-0.30078125,2.16015625,0.15032958984375,-0.6602783203125,-0.091796875,0.7301025390625,1.3359375,0.97265625,-0.08203125,0.52734375,0.150390625,2.03125,0.26031494140625,-0.63568115234375,-0.32379150390625,0.65057373046875,81.123046875,4,5646
6.090077516999372,3.015625,-3.60546875,-2.3125,0.66015625,-0.30078125,2.16015625,0.15032958984375,-0.6602783203125,-0.091796875,0.7301025390625,1.3359375,0.97265625,-0.08203125,0.818359375,-0.28125,2.72265625,0.26031494140625,-0.63568115234375,-0.32379150390625,0.65057373046875,81.2109375,3,5646
6.100073844999315,5.04296875,-4.67578125,-2.12109375,0.578125,-0.5859375,2.8984375,0.12237548828125,-0.67572021484375,-0.0467529296875,0.72540283203125,1.3359375,0.97265625,-0.08203125,0.818359375,-0.28125,2.72265625,0.26031494140625,-0.63568115234375,-0.32379150390625,0.65057373046875,81.38671875,3,5646
6.110070043999258,5.04296875,-4.67578125,-2.12109375,0.578125,-0.5859375,2.8984375,0.12237548828125,-0.67572021484375,-0.0467529296875,0.72540283203125,2.71484375,4.3046875,0.33984375,0.818359375,-0.28125,2.72265625,0.23638916015625,-0.65478515625,-0.28253173828125,0.65997314453125,81.474609375,2,7727
6.120068963999984,5.04296875,-4.67578125,-2.12109375,0.578125,-0.5859375,2.8984375,0.12237548828125,-0.67572021484375,-0.0467529296875,0.72540283203125,2.71484375,4.3046875,0.33984375,0.818359375,-0.28125,2.72265625,0.23638916015625,-0.65478515625,-0.28253173828125,0.65997314453125,81.5625,2,11150
6.130145390999132,5.04296875,-4.67578125,-2.12109375,0.578125,-0.5859375,2.8984375,0.12237548828125,-0.67572021484375,-0.0467529296875,0.72540283203125,2.71484375,4.3046875,0.33984375,0.818359375,-0.28125,2.72265625,0.23638916015625,-0.65478515625,-0.28253173828125,0.65997314453125,81.650390625,4,11150
6.14007317100004,7.4140625,-4.5234375,-2.1953125,0.765625,-1.037109375,4.029296875,0.0802001953125,-0.69744873046875,0.0159912109375,0.7119140625,3.7109375,3.0390625,-0.2734375,1.017578125,-0.48828125,3.796875,0.23638916015625,-0.65478515625,-0.28253173828125,0.65997314453125,81.826171875,4,13016
6.150067962999856,7.4140625,-4.5234375,-2.1953125,0.765625,-1.037109375,4.029296875,0.0802001953125,-0.69744873046875,0.0159912109375,0.7119140625,3.7109375,3.0390625,-0.2734375,1.017578125,-0.48828125,3.796875,0.19818115234375,-0.68121337890625,-0.2235107421875,0.66839599609375,81.9140625,2,13016
6.160073153999292,7.4140625,-4.5234375,-2.1953125,0.765625,-1.037109375,4.029296875,0.0802001953125,-0.69744873046875,0.0159912109375,0.7119140625,5.89453125,4.11328125,-0.34765625,1.017578125,-0.48828125,3.796875,0.19818115234375,-0.68121337890625,-0.2235107421875,0.66839599609375,82.001953125,2,13583
6.170073385999785,10.63671875,-3.06640625,-1.69921875,0.357421875,-1.013671875,4.58203125,0.0802001953125,-0.69744873046875,0.0159912109375,0.7119140625,5.89453125,4.11328125,-0.34765625,1.017578125,-0.48828125,3.796875,0.19818115234375,-0.68121337890625,-0.2235107421875,0.66839599609375,82.08984375,4,13583
6.18000932599989,10.63671875,-3.06640625,-1.69921875,0.357421875,-1.013671875,4.58203125,0.0802001953125,-0.69744873046875,0.0159912109375,0.7119140625,5.89453125,4.11328125,-0.34765625,0.78515625,-0.720703125,4.380859375,0.14886474609375,-0.70831298828125,-0.15679931640625,0.6719970703125,82.08984375,4,15056
6.190076120999947,13.8515625,-4.29296875,-1.5078125,0.357421875,-1.013671875,4.58203125,0.025390625,-0.7161865234375,0.084228515625,0.69232177734375,5.89453125,4.11328125,-0.34765625,0.78515625,-0.720703125,4.380859375,0.14886474609375,-0.70831298828125,-0.15679931640625,0.6719970703125,82.265625,2,15056
6.2000740809999115,13.8515625,-4.29296875,-1.5078125,0.357421875,-1.013671875,4.58203125,0.025390625,-0.7161865234375,0.084228515625,0.69232177734375,7.84375,5.30078125,-0.88671875,0.78515625,-0.720703125,4.380859375,0.14886474609375,-0.70831298828125,-0.15679931640625,0.6719970703125,82.353515625,2,16436
6.210069159999875,13.8515625,-4.29296875,-1.5078125,0.357421875,-1.013671875,4.58203125,0.025390625,-0.7161865234375,0.084228515625,0.69232177734375,7.84375,5.30078125,-0.88671875,0.39453125,-0.841796875,5.025390625,0.14886474609375,-0.70831298828125,-0.15679931640625,0.6719970703125,82.44140625,3,16436
6.220084752999355,13.8515625,-4.29296875,-1.5078125,-0.00390625,-1.0234375,5.216796875,-0.04443359375,-0.72894287109375,0.15386962890625,0.66558837890625,7.84375,5.30078125,-0.88671875,0.39453125,-0.841796875,5.025390625,0.14886474609375,-0.70831298828125,-0.15679931640625,0.6719970703125,82.6171875,3,16690
6.230074423999213,17.375,-3.83203125,-1.23828125,-0.00390625,-1.0234375,5.216796875,-0.04443359375,-0.72894287109375,0.15386962890625,0.66558837890625,10.60546875,3.578125,-1.8046875,0.39453125,-0.841796875,5.025390625,0.0828857421875,-0.732177734375,-0.0860595703125,0.6705322265625,82.705078125,4,16690
6.240069790999769,17.375,-3.83203125,-1.23828125,-0.00390625,-1.0234375,5.216796875,-0.04443359375,-0.72894287109375,0.15386962890625,0.66558837890625,10.60546875,3.578125,-1.8046875,0.39453125,-0.841796875,5.025390625,0.0828857421875,-0.732177734375,-0.0860595703125,0.6705322265625,82.880859375,4,17160
6.250074150999353,17.375,-3.83203125,-1.23828125,-0.00390625,-1.0234375,5.216796875,-0.04443359375,-0.72894287109375,0.15386962890625,0.66558837890625,10.60546875,3.578125,-1.8046875,0.39453125,-0.841796875,5.025390625,0.0828857421875,-0.732177734375,-0.0860595703125,0.6705322265625,83.14453125,4,17160
6.260073069999635,20.98046875,-0.38671875,-1.0078125,0.111328125,-0.869140625,5.140625,-0.11566162109375,-0.73248291015625,0.22418212890625,0.63232421875,13.63671875,4.3828125,-2.76171875,0.408203125,-0.671875,4.8359375,0.0828857421875,-0.732177734375,-0.0860595703125,0.6705322265625,83.49609375,4,17037
6.270079701999748,20.98046875,-0.38671875,-1.0078125,0.111328125,-0.869140625,5.140625,-0.11566162109375,-0.73248291015625,0.22418212890625,0.63232421875,13.63671875,4.3828125,-2.76171875,0.408203125,-0.671875,4.8359375,0.01513671875,-0.7471923828125,-0.0152587890625,0.66424560546875,83.759765625,3,17037
6.280072990000008,20.98046875,-0.38671875,-1.0078125,0.111328125,-0.869140625,5.140625,-0.11566162109375,-0.73248291015625,0.22418212890625,0.63232421875,13.63671875,4.3828125,-2.76171875,0.408203125,-0.671875,4.8359375,0.01513671875,-0.7471923828125,-0.0152587890625,0.66424560546875,84.0234375,3,17509
6.2900782459992115,20.98046875,-0.38671875,-1.0078125,0.111328125,-0.869140625,5.140625,-0.11566162109375,-0.73248291015625,0.22418212890625,0.63232421875,13.63671875,4.3828125,-2.76171875,0.408203125,-0.671875,4.8359375,0.01513671875,-0.7471923828125,-0.0152587890625,0.66424560546875,84.375,2,17509
6.30001837799955,21.09765625,1.64453125,-1.125,-0.646484375,-0.45703125,4.61328125,-0.18609619140625,-0.7276611328125,0.27606201171875,0.5997314453125,14.16796875,5.5703125,-2.07421875,-0.4140625,-0.689453125,4.107421875,0.01513671875,-0.7471923828125,-0.0152587890625,0.66424560546875,84.7265625,2,17455
6.310069971999837,21.09765625,1.64453125,-1.125,-0.646484375,-0.45703125,4.61328125,-0.18609619140625,-0.7276611328125,0.27606201171875,0.5997314453125,14.16796875,5.5703125,-2.07421875,-0.4140625,-0.689453125,4.107421875,-0.052734375,-0.75469970703125,0.03961181640625,0.65277099609375,84.90234375,3,17455
6.320071868000014,21.09765625,1.64453125,-1.125,-0.646484375,-0.45703125,4.61328125,-0.18609619140625,-0.7276611328125,0.27606201171875,0.5997314453125,12.87109375,3.078125,-0.6171875,-0.4140625,-0.689453125,4.107421875,-0.052734375,-0.75469970703125,0.03961181640625,0.65277099609375,85.166015625,3,17752
6.330074819999936,18.6015625,6.35546875,-1.19921875,-0.865234375,-0.5,2.916015625,-0.18609619140625,-0.7276611328125,0.27606201171875,0.5997314453125,12.87109375,3.078125,-0.6171875,-0.470703125,-0.90234375,2.5234375,-0.052734375,-0.75469970703125,0.03961181640625,0.65277099609375,85.4296875,2,17752
6.340120173999821,18.6015625,6.35546875,-1.19921875,-0.865234375,-0.5,2.916015625,-0.18609619140625,-0.7276611328125,0.27606201171875,0.5997314453125,12.87109375,3.078125,-0.6171875,-0.470703125,-0.90234375,2.5234375,-0.1025390625,-0.76190185546875,0.07171630859375,0.63543701171875,85.60546875,2,17590
6.350075346999802,17.796875,11.296875,2.9375,-0.865234375,-0.5,2.916015625,-0.24102783203125,-0.7239990234375,0.3040771484375,0.5703125,13.25390625,2.6953125,0.53125,-0.470703125,-0.90234375,2.5234375,-0.1025390625,-0.76190185546875,0.07171630859375,0.63543701171875,85.60546875,2,17590
6.36007637900002,17.796875,11.296875,2.9375,-0.865234375,-0.5,2.916015625,-0.24102783203125,-0.7239990234375,0.3040771484375,0.5703125,13.25390625,2.6953125,0.53125,-0.470703125,-0.90234375,2.5234375,-0.1025390625,-0.76190185546875,0.07171630859375,0.63543701171875,85.517578125,2,19985
6.370078369999646,17.796875,11.296875,2.9375,-0.865234375,-0.5,2.916015625,-0.24102783203125,-0.7239990234375,0.3040771484375,0.5703125,13.25390625,2.6953125,0.53125,-0.470703125,-0.90234375,2.5234375,-0.1025390625,-0.76190185546875,0.07171630859375,0.63543701171875,85.517578125,5,19985
6.380070217999673,17.796875,11.296875,2.9375,-0.865234375,-0.5,2.916015625,-0.24102783203125,-0.7239990234375,0.3040771484375,0.5703125,13.25390625,2.6953125,0.53125,0.689453125,-0.19921875,-0.267578125,-0.10662841796875,-0.7659912109375,0.0843505859375,0.62835693359375,85.4296875,5,19985
6.390070032999574,21.82421875,16.96875,7.15234375,0.55859375,-0.298828125,-0.533203125,-0.2454833984375,-0.72552490234375,0.31292724609375,0.56170654296875,17.3828125,0.89453125,2.984375,0.689453125,-0.19921875,-0.267578125,-0.10662841796875,-0.7659912109375,0.0843505859375,0.62835693359375,85.4296875,2,23363
6.400072440999793,21.82421875,16.96875,7.15234375,0.55859375,-0.298828125,-0.533203125,-0.2454833984375,-0.72552490234375,0.31292724609375,0.56170654296875,17.3828125,0.89453125,2.984375,0.689453125,-0.19921875,-0.267578125,-0.10662841796875,-0.7659912109375,0.0843505859375,0.62835693359375,85.25390625,2,25193
6.410073632999229,21.82421875,16.96875,7.15234375,0.55859375,-0.298828125,-0.533203125,-0.2454833984375,-0.72552490234375,0.31292724609375,0.56170654296875,17.3828125,0.89453125,2.984375,0.689453125,-0.19921875,-0.267578125,-0.10662841796875,-0.7659912109375,0.0843505859375,0.62835693359375,84.990234375,2,25193
6.420073448000039,21.82421875,16.96875,7.15234375,0.55859375,-0.298828125,-0.533203125,-0.2454833984375,-0.72552490234375,0.31292724609375,0.56170654296875,9.609375,2.58203125,-0.46484375,0.619140625,0.10546875,-1.373046875,-0.0697021484375,-0.7657470703125,0.078125,0.63458251953125,84.638671875,2,25193
6.430074160000004,8.72265625,-8.23828125,1.82421875,0.521484375,0.037109375,-1.552734375,-0.20928955078125,-0.7301025390625,0.30340576171875,0.575439453125,9.609375,2.58203125,-0.46484375,0.619140625,0.10546875,-1.373046875,-0.0697021484375,-0.7657470703125,0.078125,0.63458251953125,84.375,4,25557
6.4400749359992915,8.72265625,-8.23828125,1.82421875,0.521484375,0.037109375,-1.552734375,-0.20928955078125,-0.7301025390625,0.30340576171875,0.575439453125,9.609375,2.58203125,-0.46484375,0.619140625,0.10546875,-1.373046875,-0.0697021484375,-0.7657470703125,0.078125,0.63458251953125,84.111328125,4,26318
6.450080734999574,8.72265625,-8.23828125,1.82421875,0.521484375,0.037109375,-1.552734375,-0.20928955078125,-0.7301025390625,0.30340576171875,0.575439453125,9.609375,2.58203125,-0.46484375,0.619140625,0.10546875,-1.373046875,-0.0697021484375,-0.7657470703125,0.078125,0.63458251953125,83.84765625,6,26318
6.460073382999326,9.3359375,-5.94140625,-1.125,-0.3359375,0.673828125,-2.095703125,-0.20928955078125,-0.7301025390625,0.30340576171875,0.575439453125,10.109375,-1.5546875,-2.953125,-0.45703125,0.275390625,-1.5625,-0.04791259765625,-0.765380859375,0.05450439453125,0.63946533203125,83.759765625,6,26155
6.470071853999798,9.3359375,-5.94140625,-1.125,-0.3359375,0.673828125,-2.095703125,-0.18463134765625,-0.731689453125,0.27197265625,0.59710693359375,10.109375,-1.5546875,-2.953125,-0.45703125,0.275390625,-1.5625,-0.04791259765625,-0.765380859375,0.05450439453125,0.63946533203125,83.671875,6,26155
6.480076021999594,9.3359375,-5.94140625,-1.125,-0.3359375,0.673828125,-2.095703125,-0.18463134765625,-0.731689453125,0.27197265625,0.59710693359375,7.66015625,-1.25,-0.1953125,-0.45703125,0.275390625,-1.5625,-0.04791259765625,-0.765380859375,0.05450439453125,0.63946533203125,83.49609375,6,26285
6.490069853000023,9.140625,-5.94140625,-2.42578125,-0.048828125,0.2109375,-1.677734375,-0.18463134765625,-0.731689453125,0.27197265625,0.59710693359375,7.66015625,-1.25,-0.1953125,-0.45703125,0.275390625,-1.5625,-0.04791259765625,-0.765380859375,0.05450439453125,0.63946533203125,83.232421875,2,26285
6.500073380999311,9.140625,-5.94140625,-2.42578125,-0.048828125,0.2109375,-1.677734375,-0.18463134765625,-0.731689453125,0.27197265625,0.59710693359375,7.66015625,-1.25,-0.1953125,-0.45703125,0.275390625,-1.5625,-0.04791259765625,-0.765380859375,0.05450439453125,0.63946533203125,82.880859375,2,26195
6.510072332999698,8.83984375,-4.63671875,-0.47265625,-0.048828125,0.2109375,-1.677734375,-0.15924072265625,-0.73541259765625,0.24969482421875,0.6094970703125,7.66015625,-1.25,-0.1953125,-0.029296875,0.06640625,-1.45703125,-0.0252685546875,-0.76556396484375,0.0352783203125,0.64190673828125,82.705078125,5,26195
6.52007560399943,8.83984375,-4.63671875,-0.47265625,-0.048828125,0.2109375,-1.677734375,-0.15924072265625,-0.73541259765625,0.24969482421875,0.6094970703125,7.6953125,1.77734375,-1.99609375,-0.029296875,0.06640625,-1.45703125,-0.0252685546875,-0.76556396484375,0.0352783203125,0.64190673828125,82.705078125,5,26297
6.530079547999776,8.83984375,-4.63671875,-0.47265625,-0.056640625,0.1953125,-1.28515625,-0.15924072265625,-0.73541259765625,0.24969482421875,0.6094970703125,7.6953125,1.77734375,-1.99609375,-0.029296875,0.06640625,-1.45703125,-0.0252685546875,-0.76556396484375,0.0352783203125,0.64190673828125,82.79296875,3,26297
6.540074659999846,8.83984375,-4.63671875,-0.47265625,-0.056640625,0.1953125,-1.28515625,-0.15924072265625,-0.73541259765625,0.24969482421875,0.6094970703125,7.6953125,1.77734375,-1.99609375,-0.029296875,0.06640625,-1.45703125,-0.0252685546875,-0.76556396484375,0.0352783203125,0.64190673828125,82.880859375,3,26134
6.550089515999389,12.015625,-5.13671875,-2.3125,-0.056640625,0.1953125,-1.28515625,-0.140380859375,-0.73785400390625,0.22833251953125,0.6195068359375,8.92578125,4.07421875,-2.1875,-0.275390625,0.060546875,-1.07421875,-0.0118408203125,-0.7650146484375,0.01531982421875,0.64373779296875,82.96875,5,26134
6.560079378999944,12.015625,-5.13671875,-2.3125,-0.056640625,0.1953125,-1.28515625,-0.140380859375,-0.73785400390625,0.22833251953125,0.6195068359375,8.92578125,4.07421875,-2.1875,-0.275390625,0.060546875,-1.07421875,-0.0118408203125,-0.7650146484375,0.01531982421875,0.64373779296875,82.96875,5,26217
6.570071481999548,12.015625,-5.13671875,-2.3125,-0.056640625,0.1953125,-1.28515625,-0.140380859375,-0.73785400390625,0.22833251953125,0.6195068359375,8.92578125,4.07421875,-2.1875,-0.275390625,0.060546875,-1.07421875,-0.0118408203125,-0.7650146484375,0.01531982421875,0.64373779296875,83.056640625,1044,26217
6.58007190599983,9.26171875,-4.41015625,-1.35546875,-0.267578125,-0.03515625,-0.25390625,-0.140380859375,-0.73785400390625,0.22833251953125,0.6195068359375,8.92578125,4.07421875,-2.1875,-0.275390625,0.060546875,-1.07421875,-0.0118408203125,-0.7650146484375,0.01531982421875,0.64373779296875,83.232421875,1044,26154
6.590072713999689,9.26171875,-4.41015625,-1.35546875,-0.267578125,-0.03515625,-0.25390625,-0.136962890625,-0.73992919921875,0.21868896484375,0.6212158203125,8.38671875,3.9609375,-1.30859375,-0.619140625,0.0,-0.32421875,-0.01171875,-0.76495361328125,-0.00152587890625,0.64398193359375,83.3203125,3198,26154
6.6000757289994,9.26171875,-4.41015625,-1.35546875,-0.267578125,-0.03515625,-0.25390625,-0.136962890625,-0.73992919921875,0.21868896484375,0.6212158203125,8.38671875,3.9609375,-1.30859375,-0.619140625,0.0,-0.32421875,-0.01171875,-0.76495361328125,-0.00152587890625,0.64398193359375,83.408203125,3198,25914
6.610114970999348,9.26171875,-4.41015625,-1.35546875,-0.267578125,-0.03515625,-0.25390625,-0.136962890625,-0.73992919921875,0.21868896484375,0.6212158203125,9.453125,-3.2421875,-0.3125,-0.15234375,-0.115234375,-0.58203125,-0.01171875,-0.76495361328125,-0.00152587890625,0.64398193359375,83.583984375,3745,25914
6.62007270399954,9.30078125,-4.71484375,-0.89453125,-0.125,-0.0859375,-0.3515625,-0.136962890625,-0.73992919921875,0.21868896484375,0.6212158203125,9.453125,-3.2421875,-0.3125,-0.15234375,-0.115234375,-0.58203125,-0.007568359375,-0.76605224609375,-0.013671875,0.64263916015625,83.759765625,3745,25841
6.630076647999886,9.30078125,-4.71484375,-0.89453125,-0.125,-0.0859375,-0.3515625,-0.136962890625,-0.73992919921875,0.21868896484375,0.6212158203125,9.453125,-3.2421875,-0.3125,-0.15234375,-0.115234375,-0.58203125,-0.007568359375,-0.76605224609375,-0.013671875,0.64263916015625,83.84765625,5624,25841
6.640072431999215,9.68359375,-4.0234375,-1.546875,-0.125,-0.0859375,-0.3515625,-0.13311767578125,-0.7425537109375,0.2109375,0.62164306640625,9.53125,1.27734375,-2.3046875,-0.15234375,-0.115234375,-0.58203125,-0.007568359375,-0.76605224609375,-0.013671875,0.64263916015625,83.935546875,5624,25708
6.650076598999476,9.68359375,-4.0234375,-1.546875,-0.125,-0.0859375,-0.3515625,-0.13311767578125,-0.7425537109375,0.2109375,0.62164306640625,9.53125,1.27734375,-2.3046875,-0.15234375,-0.115234375,-0.58203125,-0.007568359375,-0.76605224609375,-0.013671875,0.64263916015625,84.0234375,6830,25708
6.660073438999461,9.68359375,-4.0234375,-1.546875,-0.09375,-0.0078125,-0.2734375,-0.12933349609375,-0.744140625,0.2052001953125,0.6224365234375,9.53125,1.27734375,-2.3046875,-0.15234375,-0.115234375,-0.58203125,-0.007568359375,-0.76605224609375,-0.013671875,0.64263916015625,84.111328125,6830,25601
6.670072133999383,9.68359375,-4.0234375,-1.546875,-0.09375,-0.0078125,-0.2734375,-0.12933349609375,-0.744140625,0.2052001953125,0.6224365234375,9.796875,1.0859375,-2.5703125,-0.15625,-0.02734375,-0.443359375,-0.00201416015625,-0.766845703125,-0.02239990234375,0.6414794921875,84.19921875,8516,25601
6.68007770999975,9.9453125,-3.48828125,-1.58203125,-0.09375,-0.0078125,-0.2734375,-0.12933349609375,-0.744140625,0.2052001953125,0.6224365234375,9.796875,1.0859375,-2.5703125,-0.15625,-0.02734375,-0.443359375,-0.00201416015625,-0.766845703125,-0.02239990234375,0.6414794921875,84.287109375,8516,25545
6.6900756379991435,9.9453125,-3.48828125,-1.58203125,-0.126953125,0.076171875,-0.2734375,-0.12933349609375,-0.744140625,0.2052001953125,0.6224365234375,9.796875,1.0859375,-2.5703125,-0.15625,-0.02734375,-0.443359375,-0.00201416015625,-0.766845703125,-0.02239990234375,0.6414794921875,84.287109375,9523,25545
6.7000829099997645,9.9453125,-3.48828125,-1.58203125,-0.126953125,0.076171875,-0.2734375,-0.12933349609375,-0.744140625,0.2052001953125,0.6224365234375,10.0703125,1.203125,-2.1875,-0.2265625,0.041015625,-0.396484375,0.00213623046875,-0.7666015625,-0.03094482421875,0.64141845703125,84.375,9523,25545
6.71007437299977,10.0234375,-3.56640625,-1.125,-0.126953125,0.076171875,-0.2734375,-0.12640380859375,-0.74468994140625,0.19927978515625,0.62432861328125,10.0703125,1.203125,-2.1875,-0.2265625,0.041015625,-0.396484375,0.00213623046875,-0.7666015625,-0.03094482421875,0.64141845703125,84.462890625,10550,25335
6.720091916999991,10.0234375,-3.56640625,-1.125,-0.126953125,0.076171875,-0.2734375,-0.12640380859375,-0.74468994140625,0.19927978515625,0.62432861328125,10.0703125,1.203125,-2.1875,-0.2265625,0.041015625,-0.396484375,0.00213623046875,-0.7666015625,-0.03094482421875,0.64141845703125,84.462890625,10550,25040
6.730080564999298,10.0234375,-3.56640625,-1.125,-0.126953125,0.076171875,-0.2734375,-0.12640380859375,-0.74468994140625,0.19927978515625,0.62432861328125,10.0703125,1.203125,-2.1875,-0.2265625,0.041015625,-0.396484375,0.00213623046875,-0.7666015625,-0.03094482421875,0.64141845703125,84.462890625,10790,25040
6.7400714839996,10.0234375,-3.56640625,-1.125,-0.126953125,0.076171875,-0.2734375,-0.12640380859375,-0.74468994140625,0.19927978515625,0.62432861328125,10.03125,0.85546875,-1.84375,-0.1484375,0.0859375,-0.400390625,0.0062255859375,-0.765380859375,-0.03924560546875,0.642333984375,84.55078125,10790,25040
6.7500834919992485,9.94921875,-3.3359375,-1.31640625,-0.09765625,0.130859375,-0.337890625,-0.12298583984375,-0.7445068359375,0.19293212890625,0.627197265625,10.03125,0.85546875,-1.84375,-0.1484375,0.0859375,-0.400390625,0.0062255859375,-0.765380859375,-0.03924560546875,0.642333984375,84.55078125,13116,24849
6.760082122999847,9.94921875,-3.3359375,-1.31640625,-0.09765625,0.130859375,-0.337890625,-0.12298583984375,-0.7445068359375,0.19293212890625,0.627197265625,10.03125,0.85546875,-1.84375,-0.1484375,0.0859375,-0.400390625,0.0062255859375,-0.765380859375,-0.03924560546875,0.642333984375,84.55078125,13116,24883
6.7700757309994515,9.94921875,-3.3359375,-1.31640625,-0.09765625,0.130859375,-0.337890625,-0.12298583984375,-0.7445068359375,0.19293212890625,0.627197265625,9.8359375,1.4296875,-1.53515625,-0.169921875,0.08203125,-0.333984375,0.0062255859375,-0.765380859375,-0.03924560546875,0.642333984375,84.55078125,13993,24883
6.780077305999839,9.828125,-3.375,-1.046875,-0.1015625,0.126953125,-0.3203125,-0.12298583984375,-0.7445068359375,0.19293212890625,0.627197265625,9.8359375,1.4296875,-1.53515625,-0.169921875,0.08203125,-0.333984375,0.0062255859375,-0.765380859375,-0.03924560546875,0.642333984375,84.55078125,13993,24883
6.790078049999465,9.828125,-3.375,-1.046875,-0.1015625,0.126953125,-0.3203125,-0.12298583984375,-0.7445068359375,0.19293212890625,0.627197265625,9.8359375,1.4296875,-1.53515625,-0.169921875,0.08203125,-0.333984375,0.0062255859375,-0.765380859375,-0.03924560546875,0.642333984375,84.55078125,14931,24398
6.800072648999958,9.76171875,-3.48828125,-1.19921875,-0.1015625,0.126953125,-0.3203125,-0.119384765625,-0.74407958984375,0.1865234375,0.63031005859375,9.87890625,1.046875,-1.23046875,-0.169921875,0.08203125,-0.333984375,0.0098876953125,-0.76416015625,-0.046630859375,0.64324951171875,84.638671875,14931,23965
6.81006849699952,9.76171875,-3.48828125,-1.19921875,-0.1015625,0.126953125,-0.3203125,-0.119384765625,-0.74407958984375,0.1865234375,0.63031005859375,9.87890625,1.046875,-1.23046875,-0.169921875,0.08203125,-0.333984375,0.0098876953125,-0.76416015625,-0.046630859375,0.64324951171875,84.638671875,15239,23965
6.820073784999295,9.76171875,-3.48828125,-1.19921875,-0.09375,0.11328125,-0.341796875,-0.11566162109375,-0.74383544921875,0.1802978515625,0.63311767578125,9.87890625,1.046875,-1.23046875,-0.169921875,0.08203125,-0.333984375,0.0098876953125,-0.76416015625,-0.046630859375,0.64324951171875,84.638671875,15239,23708
6.830078848999619,9.76171875,-3.48828125,-1.19921875,-0.09375,0.11328125,-0.341796875,-0.11566162109375,-0.74383544921875,0.1802978515625,0.63311767578125,9.953125,0.93359375,-1.8046875,-0.15234375,0.0703125,-0.3515625,0.013671875,-0.76300048828125,-0.053955078125,0.64398193359375,84.638671875,15239,23708
6.8400822799994785,9.79296875,-3.296875,-1.31640625,-0.09375,0.11328125,-0.341796875,-0.11566162109375,-0.74383544921875,0.1802978515625,0.63311767578125,9.953125,0.93359375,-1.8046875,-0.15234375,0.0703125,-0.3515625,0.013671875,-0.76300048828125,-0.053955078125,0.64398193359375,84.638671875,16090,23645
6.850100720999762,9.79296875,-3.296875,-1.31640625,-0.08984375,0.123046875,-0.35546875,-0.11566162109375,-0.74383544921875,0.1802978515625,0.63311767578125,9.953125,0.93359375,-1.8046875,-0.15234375,0.0703125,-0.3515625,0.013671875,-0.76300048828125,-0.053955078125,0.64398193359375,84.7265625,15969,23645
6.860071766999681,9.79296875,-3.296875,-1.31640625,-0.08984375,0.123046875,-0.35546875,-0.11566162109375,-0.74383544921875,0.1802978515625,0.63311767578125,9.953125,0.93359375,-1.8046875,-0.15234375,0.0703125,-0.3515625,0.013671875,-0.76300048828125,-0.053955078125,0.64398193359375,84.7265625,15969,23324
6.870073246999709,9.79296875,-3.296875,-1.31640625,-0.08984375,0.123046875,-0.35546875,-0.11566162109375,-0.74383544921875,0.1802978515625,0.63311767578125,9.953125,1.0859375,-1.57421875,-0.146484375,0.08203125,-0.37890625,0.0179443359375,-0.76165771484375,-0.06158447265625,0.644775390625,84.7265625,16917,23324
6.880069093999737,9.83203125,-3.4140625,-1.125,-0.08984375,0.123046875,-0.35546875,-0.111572265625,-0.743408203125,0.17376708984375,0.63616943359375,9.953125,1.0859375,-1.57421875,-0.146484375,0.08203125,-0.37890625,0.0179443359375,-0.76165771484375,-0.06158447265625,0.644775390625,84.7265625,16917,23343
6.89003658799993,9.83203125,-3.4140625,-1.125,-0.08984375,0.123046875,-0.35546875,-0.111572265625,-0.743408203125,0.17376708984375,0.63616943359375,9.9921875,1.35546875,-1.5,-0.13671875,0.0859375,-0.357421875,0.0179443359375,-0.76165771484375,-0.06158447265625,0.644775390625,84.7265625,17017,23343
6.900090933999309,9.83203125,-3.4140625,-1.125,-0.08984375,0.123046875,-0.35546875,-0.111572265625,-0.743408203125,0.17376708984375,0.63616943359375,9.9921875,1.35546875,-1.5,-0.13671875,0.0859375,-0.357421875,0.022216796875,-0.76025390625,-0.06854248046875,0.6456298828125,84.814453125,17017,23004
6.910070972999165,9.87109375,-3.2578125,-1.125,-0.083984375,0.109375,-0.3515625,-0.10736083984375,-0.74298095703125,0.16741943359375,0.63909912109375,9.9921875,1.35546875,-1.5,-0.13671875,0.0859375,-0.357421875,0.022216796875,-0.76025390625,-0.06854248046875,0.6456298828125,84.814453125,17810,23004
6.920072036999954,9.87109375,-3.2578125,-1.125,-0.083984375,0.109375,-0.3515625,-0.10736083984375,-0.74298095703125,0.16741943359375,0.63909912109375,10.03515625,0.55078125,-1.5,-0.13671875,0.0859375,-0.357421875,0.022216796875,-0.76025390625,-0.06854248046875,0.6456298828125,84.90234375,17810,22928
6.930077964999327,9.87109375,-3.2578125,-1.125,-0.083984375,0.109375,-0.3515625,-0.10736083984375,-0.74298095703125,0.16741943359375,0.63909912109375,10.03515625,0.55078125,-1.5,-0.13671875,0.0859375,-0.357421875,0.022216796875,-0.76025390625,-0.06854248046875,0.6456298828125,84.990234375,17730,22928
6.940071731999524,9.87109375,-3.2578125,-1.125,-0.083984375,0.109375,-0.3515625,-0.10736083984375,-0.74298095703125,0.16741943359375,0.63909912109375,10.03515625,0.55078125,-1.5,-0.13671875,0.0859375,-0.357421875,0.022216796875,-0.76025390625,-0.06854248046875,0.6456298828125,85.078125,17730,22529
6.950091451999469,9.8671875,-3.22265625,-1.0078125,-0.03515625,0.1171875,-0.380859375,-0.10247802734375,-0.74237060546875,0.1612548828125,0.64215087890625,10.03515625,0.55078125,-1.5,-0.0625,0.119140625,-0.5234375,0.0289306640625,-0.7584228515625,-0.07635498046875,0.6466064453125,85.166015625,18336,22529
6.960078881999834,9.8671875,-3.22265625,-1.0078125,-0.03515625,0.1171875,-0.380859375,-0.10247802734375,-0.74237060546875,0.1612548828125,0.64215087890625,10.296875,0.43359375,-1.91796875,-0.0625,0.119140625,-0.5234375,0.0289306640625,-0.7584228515625,-0.07635498046875,0.6466064453125,85.25390625,18336,21948
6.97007354499965,9.8671875,-3.22265625,-1.0078125,-0.03515625,0.1171875,-0.380859375,-0.10247802734375,-0.74237060546875,0.1612548828125,0.64215087890625,10.296875,0.43359375,-1.91796875,-0.0625,0.119140625,-0.5234375,0.0289306640625,-0.7584228515625,-0.07635498046875,0.6466064453125,85.25390625,18001,21948
6.980070799999339,9.94921875,-3.10546875,-1.23828125,-0.037109375,0.208984375,-0.583984375,-0.10247802734375,-0.74237060546875,0.1612548828125,0.64215087890625,10.296875,0.43359375,-1.91796875,-0.0859375,0.1953125,-0.693359375,0.038330078125,-0.755615234375,-0.08599853515625,0.64825439453125,85.341796875,18001,21528
6.990068150999832,9.94921875,-3.10546875,-1.23828125,-0.037109375,0.208984375,-0.583984375,-0.10247802734375,-0.74237060546875,0.1612548828125,0.64215087890625,10.26171875,0.55078125,-1.91796875,-0.0859375,0.1953125,-0.693359375,0.038330078125,-0.755615234375,-0.08599853515625,0.64825439453125,85.341796875,18746,21528
7.00007270199967,9.87109375,-2.9921875,-1.0859375,-0.037109375,0.208984375,-0.583984375,-0.09527587890625,-0.7412109375,0.15313720703125,0.6466064453125,10.26171875,0.55078125,-1.91796875,-0.0859375,0.1953125,-0.693359375,0.038330078125,-0.755615234375,-0.08599853515625,0.64825439453125,85.341796875,18746,20987
7.0100731889997405,9.87109375,-2.9921875,-1.0859375,-0.037109375,0.208984375,-0.583984375,-0.09527587890625,-0.7412109375,0.15313720703125,0.6466064453125,10.0703125,0.703125,-1.3828125,-0.037109375,0.232421875,-0.8671875,0.038330078125,-0.755615234375,-0.08599853515625,0.64825439453125,85.4296875,18537,20987
7.020075403999726,9.87109375,-2.9921875,-1.0859375,-0.037109375,0.208984375,-0.583984375,-0.09527587890625,-0.7412109375,0.15313720703125,0.6466064453125,10.0703125,0.703125,-1.3828125,-0.037109375,0.232421875,-0.8671875,0.038330078125,-0.755615234375,-0.08599853515625,0.64825439453125,85.4296875,18537,20439
7.0300887239991425,9.91015625,-2.875,-0.93359375,0.041015625,0.216796875,-0.8046875,-0.0841064453125,-0.73968505859375,0.142822265625,0.6522216796875,10.0703125,0.703125,-1.3828125,-0.037109375,0.232421875,-0.8671875,0.0509033203125,-0.75177001953125,-0.0977783203125,0.650146484375,85.4296875,19142,20439
7.040076057999613,9.91015625,-2.875,-0.93359375,0.041015625,0.216796875,-0.8046875,-0.0841064453125,-0.73968505859375,0.142822265625,0.6522216796875,10.0703125,0.703125,-1.3828125,-0.037109375,0.232421875,-0.8671875,0.0509033203125,-0.75177001953125,-0.0977783203125,0.650146484375,85.4296875,19142,19681
7.050072288999218,9.91015625,-2.875,-0.93359375,0.041015625,0.216796875,-0.8046875,-0.0841064453125,-0.73968505859375,0.142822265625,0.6522216796875,10.33984375,1.5078125,-2.03515625,-0.1015625,0.306640625,-1.0,0.0509033203125,-0.75177001953125,-0.0977783203125,0.650146484375,85.4296875,19638,19681
7.060071623999647,9.91015625,-2.875,-0.93359375,0.041015625,0.216796875,-0.8046875,-0.0841064453125,-0.73968505859375,0.142822265625,0.6522216796875,10.33984375,1.5078125,-2.03515625,-0.1015625,0.306640625,-1.0,0.0509033203125,-0.75177001953125,-0.0977783203125,0.650146484375,85.4296875,19638,19527
7.070073199000035,10.9765625,-2.64453125,-1.19921875,0.03515625,0.31640625,-0.984375,-0.0699462890625,-0.73724365234375,0.13018798828125,0.6593017578125,10.80078125,1.69921875,-1.95703125,-0.1015625,0.306640625,-1.0,0.065185546875,-0.74676513671875,-0.11126708984375,0.6524658203125,85.4296875,19996,19527
7.080100951999157,10.9765625,-2.64453125,-1.19921875,0.03515625,0.31640625,-0.984375,-0.0699462890625,-0.73724365234375,0.13018798828125,0.6593017578125,10.80078125,1.69921875,-1.95703125,-0.1015625,0.306640625,-1.0,0.065185546875,-0.74676513671875,-0.11126708984375,0.6524658203125,85.4296875,19996,19888
7.090074013999583,10.9765625,-2.64453125,-1.19921875,0.03515625,0.31640625,-0.984375,-0.0699462890625,-0.73724365234375,0.13018798828125,0.6593017578125,10.80078125,1.69921875,-1.95703125,-0.1015625,0.306640625,-1.0,0.065185546875,-0.74676513671875,-0.11126708984375,0.6524658203125,85.4296875,20719,19888
7.100042434999523,10.9765625,-2.64453125,-1.19921875,0.03515625,0.31640625,-0.984375,-0.0699462890625,-0.73724365234375,0.13018798828125,0.6593017578125,10.80078125,1.69921875,-1.95703125,-0.17578125,0.369140625,-1.22265625,0.08123779296875,-0.7398681640625,-0.12872314453125,0.6552734375,85.4296875,20719,19540
7.110075211999174,11.01953125,-2.33984375,-0.96875,0.013671875,0.404296875,-1.23828125,-0.05328369140625,-0.7335205078125,0.11419677734375,0.66790771484375,10.98828125,1.0859375,-1.765625,-0.17578125,0.369140625,-1.22265625,0.08123779296875,-0.7398681640625,-0.12872314453125,0.6552734375,85.4296875,21601,19540
7.120075058999646,11.01953125,-2.33984375,-0.96875,0.013671875,0.404296875,-1.23828125,-0.05328369140625,-0.7335205078125,0.11419677734375,0.66790771484375,10.98828125,1.0859375,-1.765625,-0.17578125,0.369140625,-1.22265625,0.08123779296875,-0.7398681640625,-0.12872314453125,0.6552734375,85.341796875,21601,19253
7.130007029999433,11.4765625,-2.875,-1.31640625,0.056640625,0.517578125,-1.5625,-0.05328369140625,-0.7335205078125,0.11419677734375,0.66790771484375,10.98828125,1.0859375,-1.765625,-0.17578125,0.369140625,-1.22265625,0.08123779296875,-0.7398681640625,-0.12872314453125,0.6552734375,85.341796875,22432,19253
7.140071360999173,11.4765625,-2.875,-1.31640625,0.056640625,0.517578125,-1.5625,-0.05328369140625,-0.7335205078125,0.11419677734375,0.66790771484375,10.98828125,1.0859375,-1.765625,-0.17578125,0.369140625,-1.22265625,0.08123779296875,-0.7398681640625,-0.12872314453125,0.6552734375,85.25390625,22432,19253
7.150099720999606,11.94140625,-3.83203125,-1.8125,0.056640625,0.517578125,-1.5625,-0.03179931640625,-0.728271484375,0.09442138671875,0.67803955078125,11.83203125,0.28125,-2.53125,-0.130859375,0.470703125,-1.515625,0.1019287109375,-0.73089599609375,-0.149169921875,0.65814208984375,85.25390625,23206,18430
7.160070798999186,11.94140625,-3.83203125,-1.8125,0.056640625,0.517578125,-1.5625,-0.03179931640625,-0.728271484375,0.09442138671875,0.67803955078125,11.83203125,0.28125,-2.53125,-0.130859375,0.470703125,-1.515625,0.1019287109375,-0.73089599609375,-0.149169921875,0.65814208984375,85.166015625,23206,16781
7.170145752999815,11.94140625,-3.83203125,-1.8125,0.17578125,0.576171875,-1.94921875,-0.03179931640625,-0.728271484375,0.09442138671875,0.67803955078125,11.83203125,0.28125,-2.53125,-0.130859375,0.470703125,-1.515625,0.1019287109375,-0.73089599609375,-0.149169921875,0.65814208984375,85.078125,23544,16781
7.180073180999898,11.94140625,-3.83203125,-1.8125,0.17578125,0.576171875,-1.94921875,-0.03179931640625,-0.728271484375,0.09442138671875,0.67803955078125,11.83203125,0.28125,-2.53125,-0.130859375,0.470703125,-1.515625,0.1019287109375,-0.73089599609375,-0.149169921875,0.65814208984375,84.90234375,23544,14655
7.1900751079992915,12.7421875,-3.375,-1.5078125,0.17578125,0.576171875,-1.94921875,-0.00396728515625,-0.720947265625,0.07049560546875,0.68939208984375,12.21484375,0.08984375,-1.99609375,0.017578125,0.513671875,-1.80078125,0.128662109375,-0.72003173828125,-0.1719970703125,0.65985107421875,84.7265625,23663,14655
7.200077994999447,12.7421875,-3.375,-1.5078125,0.17578125,0.576171875,-1.94921875,-0.00396728515625,-0.720947265625,0.07049560546875,0.68939208984375,12.21484375,0.08984375,-1.99609375,0.017578125,0.513671875,-1.80078125,0.128662109375,-0.72003173828125,-0.1719970703125,0.65985107421875,84.638671875,23663,12510
7.2100732339995375,12.7421875,-3.375,-1.5078125,0.17578125,0.576171875,-1.94921875,-0.00396728515625,-0.720947265625,0.07049560546875,0.68939208984375,11.8671875,1.1640625,-1.4609375,-0.125,0.416015625,-2.1171875,0.128662109375,-0.72003173828125,-0.1719970703125,0.65985107421875,84.375,24314,12510
7.2200713529991845,12.7421875,-3.375,-1.5078125,0.17578125,0.576171875,-1.94921875,-0.00396728515625,-0.720947265625,0.07049560546875,0.68939208984375,11.8671875,1.1640625,-1.4609375,-0.125,0.416015625,-2.1171875,0.15899658203125,-0.7080078125,-0.19891357421875,0.65869140625,84.0234375,24314,12510
7.230073471999276,13.16796875,-2.80078125,-1.046875,0.0,0.634765625,-2.41796875,0.03009033203125,-0.71136474609375,0.03839111328125,0.70111083984375,11.44921875,0.93359375,-1.1171875,-0.125,0.416015625,-2.1171875,0.15899658203125,-0.7080078125,-0.19891357421875,0.65869140625,83.84765625,24364,7164
7.240071238999917,13.16796875,-2.80078125,-1.046875,0.0,0.634765625,-2.41796875,0.03009033203125,-0.71136474609375,0.03839111328125,0.70111083984375,11.44921875,0.93359375,-1.1171875,-0.125,0.416015625,-2.1171875,0.15899658203125,-0.7080078125,-0.19891357421875,0.65869140625,83.671875,24364,3725
7.2500837269999465,13.16796875,-2.80078125,-1.046875,0.0,0.634765625,-2.41796875,0.03009033203125,-0.71136474609375,0.03839111328125,0.70111083984375,11.44921875,0.93359375,-1.1171875,-0.125,0.416015625,-2.1171875,0.15899658203125,-0.7080078125,-0.19891357421875,0.65869140625,83.408203125,24648,3725
7.2600702609997825,13.12890625,-2.37890625,-1.5078125,-0.177734375,0.73828125,-3.064453125,0.03009033203125,-0.71136474609375,0.03839111328125,0.70111083984375,11.44921875,0.93359375,-1.1171875,-0.125,0.416015625,-2.1171875,0.15899658203125,-0.7080078125,-0.19891357421875,0.65869140625,83.14453125,24648,2763
7.270071323999218,13.12890625,-2.37890625,-1.5078125,-0.177734375,0.73828125,-3.064453125,0.03009033203125,-0.71136474609375,0.03839111328125,0.70111083984375,10.14453125,0.12890625,-1.65234375,-0.294921875,0.294921875,-2.568359375,0.19122314453125,-0.69390869140625,-0.23382568359375,0.6536865234375,82.96875,24048,2763
7.2800688669995,14.8125,-0.38671875,-1.46875,-0.177734375,0.73828125,-3.064453125,0.06854248046875,-0.69873046875,-0.00408935546875,0.7120361328125,10.14453125,0.12890625,-1.65234375,-0.294921875,0.294921875,-2.568359375,0.19122314453125,-0.69390869140625,-0.23382568359375,0.6536865234375,82.79296875,24048,1011
7.290078762999656,14.8125,-0.38671875,-1.46875,-0.494140625,0.74609375,-3.41015625,0.06854248046875,-0.69873046875,-0.00408935546875,0.7120361328125,10.14453125,0.12890625,-1.65234375,-0.294921875,0.294921875,-2.568359375,0.19122314453125,-0.69390869140625,-0.23382568359375,0.6536865234375,82.6171875,22927,1011
7.3000867379996635,14.8125,-0.38671875,-1.46875,-0.494140625,0.74609375,-3.41015625,0.1097412109375,-0.681396484375,-0.05743408203125,0.72137451171875,10.03125,4.3828125,-1.53515625,-0.671875,0.201171875,-3.087890625,0.22601318359375,-0.67559814453125,-0.27984619140625,0.6435546875,82.265625,22927,1011
7.310076856999331,14.8125,-0.38671875,-1.46875,-0.494140625,0.74609375,-3.41015625,0.1097412109375,-0.681396484375,-0.05743408203125,0.72137451171875,10.03125,4.3828125,-1.53515625,-0.671875,0.201171875,-3.087890625,0.22601318359375,-0.67559814453125,-0.27984619140625,0.6435546875,82.08984375,22927,897
7.320079199999782,16.34765625,-1.19140625,-1.23828125,-0.494140625,0.74609375,-3.41015625,0.1097412109375,-0.681396484375,-0.05743408203125,0.72137451171875,10.03125,4.3828125,-1.53515625,-0.671875,0.201171875,-3.087890625,0.22601318359375,-0.67559814453125,-0.27984619140625,0.6435546875,81.826171875,19593,897
7.330081670999789,16.34765625,-1.19140625,-1.23828125,-0.619140625,0.630859375,-3.353515625,0.1097412109375,-0.681396484375,-0.05743408203125,0.72137451171875,10.98828125,6.21875,-1.8046875,-0.91015625,0.23828125,-2.8203125,0.22601318359375,-0.67559814453125,-0.27984619140625,0.6435546875,81.38671875,19593,442
7.340081165999436,16.34765625,-1.19140625,-1.23828125,-0.619140625,0.630859375,-3.353515625,0.14874267578125,-0.66204833984375,-0.1136474609375,0.7257080078125,10.98828125,6.21875,-1.8046875,-0.91015625,0.23828125,-2.8203125,0.255859375,-0.6533203125,-0.3275146484375,0.6328125,81.03515625,7706,442
7.350073588999294,12.203125,-4.0234375,-1.31640625,-0.619140625,0.630859375,-3.353515625,0.14874267578125,-0.66204833984375,-0.1136474609375,0.7257080078125,10.98828125,6.21875,-1.8046875,-0.91015625,0.23828125,-2.8203125,0.255859375,-0.6533203125,-0.3275146484375,0.6328125,80.68359375,7706,233
7.360068667999258,12.203125,-4.0234375,-1.31640625,-0.619140625,0.630859375,-3.353515625,0.14874267578125,-0.66204833984375,-0.1136474609375,0.7257080078125,6.046875,4.07421875,-1.69140625,-0.91015625,0.23828125,-2.8203125,0.255859375,-0.6533203125,-0.3275146484375,0.6328125,80.244140625,1279,233
7.370074050999392,12.203125,-4.0234375,-1.31640625,-0.619140625,0.630859375,-3.353515625,0.14874267578125,-0.66204833984375,-0.1136474609375,0.7257080078125,6.046875,4.07421875,-1.69140625,-0.91015625,0.23828125,-2.8203125,0.255859375,-0.6533203125,-0.3275146484375,0.6328125,79.8046875,1279,257
7.38007220199961,12.203125,-4.0234375,-1.31640625,-0.619140625,0.630859375,-3.353515625,0.14874267578125,-0.66204833984375,-0.1136474609375,0.7257080078125,6.046875,4.07421875,-1.69140625,-0.955078125,0.26171875,-1.904296875,0.27362060546875,-0.63189697265625,-0.36590576171875,0.62603759765625,79.541015625,818,257
7.390075984999385,5.4609375,-5.09765625,-1.23828125,-0.701171875,0.724609375,-2.794921875,0.1785888671875,-0.6402587890625,-0.1629638671875,0.7291259765625,6.046875,4.07421875,-1.69140625,-0.955078125,0.26171875,-1.904296875,0.27362060546875,-0.63189697265625,-0.36590576171875,0.62603759765625,79.365234375,818,187
7.400072407999687,5.4609375,-5.09765625,-1.23828125,-0.701171875,0.724609375,-2.794921875,0.1785888671875,-0.6402587890625,-0.1629638671875,0.7291259765625,1.10546875,4.34375,-0.76953125,-0.955078125,0.26171875,-1.904296875,0.27362060546875,-0.63189697265625,-0.36590576171875,0.62603759765625,79.1015625,2,187
7.410073758999715,5.4609375,-5.09765625,-1.23828125,-0.701171875,0.724609375,-2.794921875,0.1785888671875,-0.6402587890625,-0.1629638671875,0.7291259765625,1.10546875,4.34375,-0.76953125,-0.955078125,0.26171875,-1.904296875,0.27362060546875,-0.63189697265625,-0.36590576171875,0.62603759765625,79.013671875,2,45
7.420072581999193,5.4609375,-5.09765625,-1.23828125,-0.701171875,0.724609375,-2.794921875,0.1785888671875,-0.6402587890625,-0.1629638671875,0.7291259765625,1.10546875,4.34375,-0.76953125,-0.994140625,0.21875,0.04296875,0.27069091796875,-0.61810302734375,-0.3853759765625,0.62939453125,78.92578125,11,45
7.430070828999305,4.0859375,-9.96484375,-0.43359375,-0.51171875,0.267578125,-0.28515625,0.18353271484375,-0.62689208984375,-0.18487548828125,0.7342529296875,1.10546875,4.34375,-0.76953125,-0.994140625,0.21875,0.04296875,0.27069091796875,-0.61810302734375,-0.3853759765625,0.62939453125,78.92578125,11,45
7.4400805649993345,4.0859375,-9.96484375,-0.43359375,-0.51171875,0.267578125,-0.28515625,0.18353271484375,-0.62689208984375,-0.18487548828125,0.7342529296875,2.484375,5.57421875,0.1484375,-0.994140625,0.21875,0.04296875,0.27069091796875,-0.61810302734375,-0.3853759765625,0.62939453125,78.92578125,25,755
7.4501030369992804,4.0859375,-9.96484375,-0.43359375,-0.51171875,0.267578125,-0.28515625,0.18353271484375,-0.62689208984375,-0.18487548828125,0.7342529296875,2.484375,5.57421875,0.1484375,-0.994140625,0.21875,0.04296875,0.27069091796875,-0.61810302734375,-0.3853759765625,0.62939453125,79.013671875,25,1085
7.460072289999516,2.82421875,-7.28515625,-0.93359375,0.5390625,-0.12890625,1.40625,0.18353271484375,-0.62689208984375,-0.18487548828125,0.7342529296875,1.87109375,0.97265625,-0.3125,0.318359375,0.267578125,1.279296875,0.27069091796875,-0.61810302734375,-0.3853759765625,0.62939453125,79.1015625,3,1085
7.470075944999735,2.82421875,-7.28515625,-0.93359375,0.5390625,-0.12890625,1.40625,0.18353271484375,-0.62689208984375,-0.18487548828125,0.7342529296875,1.87109375,0.97265625,-0.3125,0.318359375,0.267578125,1.279296875,0.27069091796875,-0.61810302734375,-0.3853759765625,0.62939453125,79.1015625,3,1951
7.480069616000037,3.3203125,-4.33203125,-1.5078125,0.5390625,-0.12890625,1.40625,0.17535400390625,-0.63201904296875,-0.16632080078125,0.736328125,1.91015625,2.3515625,0.76171875,0.318359375,0.267578125,1.279296875,0.26055908203125,-0.62030029296875,-0.37078857421875,0.64019775390625,79.189453125,2,1951
7.4900707429997055,3.3203125,-4.33203125,-1.5078125,0.5390625,-0.12890625,1.40625,0.17535400390625,-0.63201904296875,-0.16632080078125,0.736328125,1.91015625,2.3515625,0.76171875,0.318359375,0.267578125,1.279296875,0.26055908203125,-0.62030029296875,-0.37078857421875,0.64019775390625,79.27734375,2,3229
7.500070909999522,3.3203125,-4.33203125,-1.5078125,0.5390625,-0.12890625,1.40625,0.17535400390625,-0.63201904296875,-0.16632080078125,0.736328125,1.91015625,2.3515625,0.76171875,0.896484375,-0.048828125,2.1484375,0.246826171875,-0.6353759765625,-0.3350830078125,0.65045166015625,79.27734375,4,3229
7.510078022000016,4.546875,-3.71875,-1.8125,0.833984375,-0.478515625,2.279296875,0.159912109375,-0.64697265625,-0.12689208984375,0.73468017578125,1.91015625,2.3515625,0.76171875,0.896484375,-0.048828125,2.1484375,0.246826171875,-0.6353759765625,-0.3350830078125,0.65045166015625,79.365234375,4,5469
7.520073357000001,4.546875,-3.71875,-1.8125,0.833984375,-0.478515625,2.279296875,0.159912109375,-0.64697265625,-0.12689208984375,0.73468017578125,1.91015625,2.3515625,0.76171875,0.896484375,-0.048828125,2.1484375,0.246826171875,-0.6353759765625,-0.3350830078125,0.65045166015625,79.453125,4,5469
7.530091572999481,4.546875,-3.71875,-1.8125,0.833984375,-0.478515625,2.279296875,0.159912109375,-0.64697265625,-0.12689208984375,0.73468017578125,2.4453125,4.03125,0.45703125,0.962890625,-0.3359375,3.173828125,0.246826171875,-0.6353759765625,-0.3350830078125,0.65045166015625,79.541015625,4,8664
7.540075450999211,6.078125,-3.71875,-1.8515625,0.779296875,-0.80859375,3.37890625,0.13043212890625,-0.66796875,-0.07373046875,0.72894287109375,2.4453125,4.03125,0.45703125,0.962890625,-0.3359375,3.173828125,0.246826171875,-0.6353759765625,-0.3350830078125,0.65045166015625,79.716796875,3,8664
7.550074753999979,6.078125,-3.71875,-1.8515625,0.779296875,-0.80859375,3.37890625,0.13043212890625,-0.66796875,-0.07373046875,0.72894287109375,2.71484375,5.21875,0.1875,0.962890625,-0.3359375,3.173828125,0.2200927734375,-0.65911865234375,-0.2847900390625,0.6602783203125,79.892578125,3,13831
7.560071240999605,6.078125,-3.71875,-1.8515625,0.779296875,-0.80859375,3.37890625,0.13043212890625,-0.66796875,-0.07373046875,0.72894287109375,2.71484375,5.21875,0.1875,0.962890625,-0.3359375,3.173828125,0.2200927734375,-0.65911865234375,-0.2847900390625,0.6602783203125,80.15625,3,13831
7.570053838999229,6.078125,-3.71875,-1.8515625,0.779296875,-0.80859375,3.37890625,0.13043212890625,-0.66796875,-0.07373046875,0.72894287109375,2.71484375,5.21875,0.1875,0.962890625,-0.3359375,3.173828125,0.2200927734375,-0.65911865234375,-0.2847900390625,0.6602783203125,80.419921875,3,17140
7.580080566999641,6.078125,-3.71875,-1.8515625,0.779296875,-0.80859375,3.37890625,0.13043212890625,-0.66796875,-0.07373046875,0.72894287109375,4.66796875,5.45703125,0.45703125,0.775390625,-0.619140625,4.041015625,0.2200927734375,-0.65911865234375,-0.2847900390625,0.6602783203125,80.68359375,4,17140
7.590076093999414,9.76171875,-2.64453125,-1.4296875,0.53125,-1.080078125,4.470703125,0.0821533203125,-0.6923828125,-0.00701904296875,0.716796875,4.66796875,5.45703125,0.45703125,0.775390625,-0.619140625,4.041015625,0.1771240234375,-0.68603515625,-0.22454833984375,0.6689453125,80.947265625,4,19352
7.600072900999294,9.76171875,-2.64453125,-1.4296875,0.53125,-1.080078125,4.470703125,0.0821533203125,-0.6923828125,-0.00701904296875,0.716796875,4.66796875,5.45703125,0.45703125,0.775390625,-0.619140625,4.041015625,0.1771240234375,-0.68603515625,-0.22454833984375,0.6689453125,81.2109375,3,19352
7.610078059999978,12.28515625,-1.3046875,-1.4296875,0.0390625,-1.068359375,4.904296875,0.0821533203125,-0.6923828125,-0.00701904296875,0.716796875,4.66796875,5.45703125,0.45703125,0.775390625,-0.619140625,4.041015625,0.1771240234375,-0.68603515625,-0.22454833984375,0.6689453125,81.474609375,3,19832
7.620075090999308,12.28515625,-1.3046875,-1.4296875,0.0390625,-1.068359375,4.904296875,0.01708984375,-0.71258544921875,0.06201171875,0.6986083984375,6.77734375,4.45703125,-0.73046875,0.4296875,-0.884765625,4.447265625,0.11859130859375,-0.712646484375,-0.1602783203125,0.672607421875,81.826171875,6,19832
7.630070329999398,15.31640625,-2.453125,-1.046875,0.0390625,-1.068359375,4.904296875,0.01708984375,-0.71258544921875,0.06201171875,0.6986083984375,6.77734375,4.45703125,-0.73046875,0.4296875,-0.884765625,4.447265625,0.11859130859375,-0.712646484375,-0.1602783203125,0.672607421875,82.001953125,6,20091
7.64006924899968,15.31640625,-2.453125,-1.046875,0.0390625,-1.068359375,4.904296875,0.01708984375,-0.71258544921875,0.06201171875,0.6986083984375,6.77734375,4.45703125,-0.73046875,0.4296875,-0.884765625,4.447265625,0.11859130859375,-0.712646484375,-0.1602783203125,0.672607421875,82.265625,4,20091
7.65008471299916,15.31640625,-2.453125,-1.046875,0.0390625,-1.068359375,4.904296875,0.01708984375,-0.71258544921875,0.06201171875,0.6986083984375,10.21875,2.92578125,-1.3828125,0.8125,-0.80078125,4.498046875,0.11859130859375,-0.712646484375,-0.1602783203125,0.672607421875,82.529296875,4,19659
7.66007524699944,15.31640625,-2.453125,-1.046875,0.3359375,-1.015625,4.966796875,-0.04876708984375,-0.724365234375,0.13311767578125,0.67474365234375,10.21875,2.92578125,-1.3828125,0.8125,-0.80078125,4.498046875,0.11859130859375,-0.712646484375,-0.1602783203125,0.672607421875,82.880859375,3,19659
7.670078230999934,17.99609375,-0.84765625,-1.390625,0.3359375,-1.015625,4.966796875,-0.04876708984375,-0.724365234375,0.13311767578125,0.67474365234375,10.21875,2.92578125,-1.3828125,0.8125,-0.80078125,4.498046875,0.11859130859375,-0.712646484375,-0.1602783203125,0.672607421875,83.232421875,3,18529
7.680071100999157,17.99609375,-0.84765625,-1.390625,0.3359375,-1.015625,4.966796875,-0.04876708984375,-0.724365234375,0.13311767578125,0.67474365234375,12.29296875,3.078125,-1.61328125,0.8125,-0.80078125,4.498046875,0.06085205078125,-0.73370361328125,-0.09130859375,0.6705322265625,83.49609375,3,18529
7.690080356999715,17.99609375,-0.84765625,-1.390625,0.3359375,-1.015625,4.966796875,-0.04876708984375,-0.724365234375,0.13311767578125,0.67474365234375,12.29296875,3.078125,-1.61328125,0.95703125,-0.66015625,3.97265625,0.06085205078125,-0.73370361328125,-0.09130859375,0.6705322265625,83.935546875,3,18187
7.700138766999771,19.984375,1.98828125,-1.4296875,0.513671875,-1.005859375,4.611328125,-0.04876708984375,-0.724365234375,0.13311767578125,0.67474365234375,12.29296875,3.078125,-1.61328125,0.95703125,-0.66015625,3.97265625,0.06085205078125,-0.73370361328125,-0.09130859375,0.6705322265625,84.375,4,18187
7.710025615999257,19.984375,1.98828125,-1.4296875,0.513671875,-1.005859375,4.611328125,-0.10662841796875,-0.7286376953125,0.203857421875,0.64508056640625,12.29296875,3.078125,-1.61328125,0.95703125,-0.66015625,3.97265625,0.06085205078125,-0.73370361328125,-0.09130859375,0.6705322265625,84.7265625,4,17766
7.7200743299999885,19.984375,1.98828125,-1.4296875,0.513671875,-1.005859375,4.611328125,-0.10662841796875,-0.7286376953125,0.203857421875,0.64508056640625,13.4375,6.7578125,-2.03515625,0.95703125,-0.66015625,3.97265625,0.01239013671875,-0.74725341796875,-0.02215576171875,0.6640625,84.90234375,2,17766
7.730189541999607,19.984375,1.98828125,-1.4296875,0.513671875,-1.005859375,4.611328125,-0.10662841796875,-0.7286376953125,0.203857421875,0.64508056640625,13.4375,6.7578125,-2.03515625,0.95703125,-0.66015625,3.97265625,0.01239013671875,-0.74725341796875,-0.02215576171875,0.6640625,85.166015625,2,16455
7.740080775999559,19.984375,1.98828125,-1.4296875,0.513671875,-1.005859375,4.611328125,-0.10662841796875,-0.7286376953125,0.203857421875,0.64508056640625,12.40625,6.10546875,-1.69140625,0.19140625,-0.654296875,3.11328125,0.01239013671875,-0.74725341796875,-0.02215576171875,0.6640625,85.341796875,3,16455
7.750087566999355,18.72265625,4.8984375,-0.85546875,-0.201171875,-0.62109375,3.61328125,-0.160888671875,-0.72747802734375,0.2554931640625,0.61614990234375,12.40625,6.10546875,-1.69140625,0.19140625,-0.654296875,3.11328125,-0.0330810546875,-0.75518798828125,0.02825927734375,0.654052734375,85.4296875,3,14928
7.760079189999487,18.72265625,4.8984375,-0.85546875,-0.201171875,-0.62109375,3.61328125,-0.160888671875,-0.72747802734375,0.2554931640625,0.61614990234375,12.40625,6.10546875,-1.69140625,0.19140625,-0.654296875,3.11328125,-0.0330810546875,-0.75518798828125,0.02825927734375,0.654052734375,85.517578125,-1,14928
7.770080604999748,15.9609375,5.97265625,-0.6640625,-0.5,-0.513671875,2.087890625,-0.160888671875,-0.72747802734375,0.2554931640625,0.61614990234375,12.40625,6.10546875,-1.69140625,0.19140625,-0.654296875,3.11328125,-0.0330810546875,-0.75518798828125,0.02825927734375,0.654052734375,85.517578125,-1,13582
7.780089060999671,15.9609375,5.97265625,-0.6640625,-0.5,-0.513671875,2.087890625,-0.160888671875,-0.72747802734375,0.2554931640625,0.61614990234375,11.14453125,4.6875,-0.76953125,-0.099609375,-0.728515625,1.9921875,-0.06878662109375,-0.762451171875,0.058349609375,0.6407470703125,85.517578125,3,13582
7.790070634999211,14.2734375,6.43359375,0.828125,-0.5,-0.513671875,2.087890625,-0.19964599609375,-0.7275390625,0.2808837890625,0.59326171875,11.14453125,4.6875,-0.76953125,-0.099609375,-0.728515625,1.9921875,-0.06878662109375,-0.762451171875,0.058349609375,0.6407470703125,85.4296875,3,11293
7.800072497999281,14.2734375,6.43359375,0.828125,-0.5,-0.513671875,2.087890625,-0.19964599609375,-0.7275390625,0.2808837890625,0.59326171875,11.14453125,4.6875,-0.76953125,-0.099609375,-0.728515625,1.9921875,-0.06878662109375,-0.762451171875,0.058349609375,0.6407470703125,85.4296875,1,11293
7.810060599999815,14.2734375,6.43359375,0.828125,-0.5,-0.513671875,2.087890625,-0.19964599609375,-0.7275390625,0.2808837890625,0.59326171875,10.7578125,3.26953125,-0.42578125,0.171875,-0.4765625,0.6171875,-0.06878662109375,-0.762451171875,0.058349609375,0.6407470703125,85.4296875,1,10833
7.8200747519995275,14.2734375,6.43359375,0.828125,-0.06640625,-0.501953125,0.548828125,-0.21246337890625,-0.7308349609375,0.29034423828125,0.58001708984375,10.7578125,3.26953125,-0.42578125,0.171875,-0.4765625,0.6171875,-0.06878662109375,-0.762451171875,0.058349609375,0.6407470703125,85.341796875,2,10833
7.8300944079992405,13.62890625,7.0078125,1.90234375,-0.06640625,-0.501953125,0.548828125,-0.21246337890625,-0.7308349609375,0.29034423828125,0.58001708984375,10.7578125,3.26953125,-0.42578125,0.171875,-0.4765625,0.6171875,-0.06878662109375,-0.762451171875,0.058349609375,0.6407470703125,85.166015625,2,12886
7.840070125999773,13.62890625,7.0078125,1.90234375,-0.06640625,-0.501953125,0.548828125,-0.21246337890625,-0.7308349609375,0.29034423828125,0.58001708984375,11.37109375,2.6171875,0.37890625,0.171875,-0.4765625,0.6171875,-0.08184814453125,-0.7679443359375,0.07281494140625,0.63104248046875,84.990234375,5,12886
7.850075413000013,13.62890625,7.0078125,1.90234375,-0.06640625,-0.501953125,0.548828125,-0.21246337890625,-0.7308349609375,0.29034423828125,0.58001708984375,11.37109375,2.6171875,0.37890625,1.685546875,0.158203125,-1.4921875,-0.08184814453125,-0.7679443359375,0.07281494140625,0.63104248046875,84.7265625,5,21302
7.860020345999146,13.62890625,7.0078125,1.90234375,-0.06640625,-0.501953125,0.548828125,-0.21246337890625,-0.7308349609375,0.29034423828125,0.58001708984375,11.37109375,2.6171875,0.37890625,1.685546875,0.158203125,-1.4921875,-0.08184814453125,-0.7679443359375,0.07281494140625,0.63104248046875,84.375,4,21302
7.870088451999436,16.3828125,3.0234375,3.7421875,1.576171875,-0.5625,-1.939453125,-0.182861328125,-0.73577880859375,0.2940673828125,0.58197021484375,11.37109375,2.6171875,0.37890625,1.685546875,0.158203125,-1.4921875,-0.08184814453125,-0.7679443359375,0.07281494140625,0.63104248046875,84.111328125,4,24433
7.880081514999802,16.3828125,3.0234375,3.7421875,1.576171875,-0.5625,-1.939453125,-0.182861328125,-0.73577880859375,0.2940673828125,0.58197021484375,14.16796875,-3.625,0.5703125,1.685546875,0.158203125,-1.4921875,-0.05633544921875,-0.7684326171875,0.07977294921875,0.6324462890625,83.84765625,1,24433
7.890041103999465,16.3828125,3.0234375,3.7421875,1.576171875,-0.5625,-1.939453125,-0.182861328125,-0.73577880859375,0.2940673828125,0.58197021484375,14.16796875,-3.625,0.5703125,1.685546875,0.158203125,-1.4921875,-0.05633544921875,-0.7684326171875,0.07977294921875,0.6324462890625,83.49609375,1,25651
7.900073015999624,16.3828125,3.0234375,3.7421875,1.576171875,-0.5625,-1.939453125,-0.182861328125,-0.73577880859375,0.2940673828125,0.58197021484375,9.80078125,0.97265625,-1.4609375,0.2421875,0.125,-1.798828125,-0.05633544921875,-0.7684326171875,0.07977294921875,0.6324462890625,83.232421875,3,25651
7.910011067999221,10.6328125,-6.0546875,2.8203125,0.107421875,0.615234375,-2.3125,-0.14324951171875,-0.73626708984375,0.27691650390625,0.6005859375,9.80078125,0.97265625,-1.4609375,0.2421875,0.125,-1.798828125,-0.01849365234375,-0.766845703125,0.0721435546875,0.637451171875,82.880859375,3,25966
7.920083238999723,10.6328125,-6.0546875,2.8203125,0.107421875,0.615234375,-2.3125,-0.14324951171875,-0.73626708984375,0.27691650390625,0.6005859375,9.80078125,0.97265625,-1.4609375,0.2421875,0.125,-1.798828125,-0.01849365234375,-0.766845703125,0.0721435546875,0.637451171875,82.6171875,6,25966
7.9300135149997,10.6328125,-6.0546875,2.8203125,0.107421875,0.615234375,-2.3125,-0.14324951171875,-0.73626708984375,0.27691650390625,0.6005859375,7.0390625,0.51171875,-0.2734375,-0.53515625,0.06640625,-1.6015625,-0.01849365234375,-0.766845703125,0.0721435546875,0.637451171875,82.177734375,6,26145
7.940080052999292,8.796875,-4.75390625,-0.51171875,-0.384765625,0.30859375,-2.158203125,-0.14324951171875,-0.73626708984375,0.27691650390625,0.6005859375,7.0390625,0.51171875,-0.2734375,-0.53515625,0.06640625,-1.6015625,0.00067138671875,-0.76605224609375,0.04412841796875,0.6412353515625,82.177734375,4,26145
7.950074330999996,8.796875,-4.75390625,-0.51171875,-0.384765625,0.30859375,-2.158203125,-0.14324951171875,-0.73626708984375,0.27691650390625,0.6005859375,7.0390625,0.51171875,-0.2734375,-0.53515625,0.06640625,-1.6015625,0.00067138671875,-0.76605224609375,0.04412841796875,0.6412353515625,82.529296875,4,25949
7.960072064999622,11.48046875,-6.32421875,-1.8125,-0.384765625,0.30859375,-2.158203125,-0.116943359375,-0.73883056640625,0.24310302734375,0.61749267578125,9.03125,0.97265625,-1.34375,-0.53515625,0.06640625,-1.6015625,0.00067138671875,-0.76605224609375,0.04412841796875,0.6412353515625,82.705078125,3,25949
7.970074311999269,11.48046875,-6.32421875,-1.8125,-0.384765625,0.30859375,-2.158203125,-0.116943359375,-0.73883056640625,0.24310302734375,0.61749267578125,9.03125,0.97265625,-1.34375,-1.130859375,-0.017578125,-1.001953125,0.00067138671875,-0.76605224609375,0.04412841796875,0.6412353515625,82.705078125,3,25701
7.9800773589995515,11.48046875,-6.32421875,-1.8125,-0.384765625,0.30859375,-2.158203125,-0.116943359375,-0.73883056640625,0.24310302734375,0.61749267578125,9.03125,0.97265625,-1.34375,-1.130859375,-0.017578125,-1.001953125,0.00067138671875,-0.76605224609375,0.04412841796875,0.6412353515625,82.880859375,2654,25701
7.990019441999721,11.48046875,-6.32421875,-1.8125,-0.501953125,-0.0625,-0.603515625,-0.10321044921875,-0.74237060546875,0.22308349609375,0.62322998046875,9.03125,0.97265625,-1.34375,-1.130859375,-0.017578125,-1.001953125,0.00067138671875,-0.76605224609375,0.04412841796875,0.6412353515625,83.056640625,2654,26035
8.000072666999586,10.5625,-4.6015625,-2.08203125,-0.501953125,-0.0625,-0.603515625,-0.10321044921875,-0.74237060546875,0.22308349609375,0.62322998046875,8.421875,7.7890625,-2.45703125,-1.130859375,-0.017578125,-1.001953125,0.0133056640625,-0.76611328125,0.01611328125,0.64239501953125,83.232421875,5058,26035
8.010073378000016,10.5625,-4.6015625,-2.08203125,-0.501953125,-0.0625,-0.603515625,-0.10321044921875,-0.74237060546875,0.22308349609375,0.62322998046875,8.421875,7.7890625,-2.45703125,-1.130859375,-0.017578125,-1.001953125,0.0133056640625,-0.76611328125,0.01611328125,0.64239501953125,83.3203125,5058,25336
8.020073703999515,10.5625,-4.6015625,-2.08203125,-0.501953125,-0.0625,-0.603515625,-0.10321044921875,-0.74237060546875,0.22308349609375,0.62322998046875,9.95703125,-5.38671875,-1.61328125,-0.396484375,0.08984375,-0.97265625,0.0133056640625,-0.76611328125,0.01611328125,0.64239501953125,83.583984375,6579,25336
8.030069454999648,8.984375,-5.25,-1.62109375,-0.208984375,0.12109375,-0.689453125,-0.09893798828125,-0.74468994140625,0.2108154296875,0.62542724609375,9.95703125,-5.38671875,-1.61328125,-0.396484375,0.08984375,-0.97265625,0.0133056640625,-0.76611328125,0.01611328125,0.64239501953125,83.759765625,6579,25562
8.040070932999697,8.984375,-5.25,-1.62109375,-0.208984375,0.12109375,-0.689453125,-0.09893798828125,-0.74468994140625,0.2108154296875,0.62542724609375,9.95703125,-5.38671875,-1.61328125,-0.396484375,0.08984375,-0.97265625,0.01556396484375,-0.7655029296875,-0.0050048828125,0.6431884765625,83.84765625,10069,25562
8.050074492000022,8.984375,-5.25,-1.62109375,-0.208984375,0.12109375,-0.689453125,-0.09893798828125,-0.74468994140625,0.2108154296875,0.62542724609375,9.95703125,-5.38671875,-1.61328125,-0.396484375,0.08984375,-0.97265625,0.01556396484375,-0.7655029296875,-0.0050048828125,0.6431884765625,83.935546875,10069,25733
8.060073953999563,8.984375,-5.25,-1.62109375,-0.208984375,0.12109375,-0.689453125,-0.09893798828125,-0.74468994140625,0.2108154296875,0.62542724609375,8.76953125,3.99609375,-0.6953125,-0.2890625,-0.09765625,-0.560546875,0.01556396484375,-0.7655029296875,-0.0050048828125,0.6431884765625,84.19921875,10788,25733
8.070075304999591,9.40625,-4.1796875,-1.0859375,-0.19140625,-0.033203125,-0.2734375,-0.09423828125,-0.74603271484375,0.20294189453125,0.627197265625,8.76953125,3.99609375,-0.6953125,-0.2890625,-0.09765625,-0.560546875,0.0242919921875,-0.76611328125,-0.01739501953125,0.64202880859375,84.287109375,10788,25476
8.080075470999873,9.40625,-4.1796875,-1.0859375,-0.19140625,-0.033203125,-0.2734375,-0.09423828125,-0.74603271484375,0.20294189453125,0.627197265625,9.80078125,1.0859375,-1.765625,-0.2890625,-0.09765625,-0.560546875,0.0242919921875,-0.76611328125,-0.01739501953125,0.64202880859375,84.462890625,12726,25476
8.090142008999464,9.40625,-4.1796875,-1.0859375,-0.19140625,-0.033203125,-0.2734375,-0.09423828125,-0.74603271484375,0.20294189453125,0.627197265625,9.80078125,1.0859375,-1.765625,-0.08984375,-0.072265625,-0.421875,0.0242919921875,-0.76611328125,-0.01739501953125,0.64202880859375,84.638671875,12726,12726
8.100087388999782,9.79296875,-3.796875,-1.19921875,-0.087890625,-0.03515625,-0.1640625,-0.09423828125,-0.74603271484375,0.20294189453125,0.627197265625,9.80078125,1.0859375,-1.765625,-0.08984375,-0.072265625,-0.421875,0.0289306640625,-0.76690673828125,-0.02532958984375,0.640625,84.7265625,13718,12726
8.110081026999978,9.79296875,-3.796875,-1.19921875,-0.087890625,-0.03515625,-0.1640625,-0.09423828125,-0.74603271484375,0.20294189453125,0.627197265625,9.80078125,1.0859375,-1.765625,-0.08984375,-0.072265625,-0.421875,0.0289306640625,-0.76690673828125,-0.02532958984375,0.640625,84.90234375,13718,25130
8.120067976999962,10.0625,-3.10546875,-1.35546875,-0.087890625,-0.03515625,-0.1640625,-0.092529296875,-0.74749755859375,0.198486328125,0.62713623046875,9.875,1.31640625,-2.11328125,-0.08984375,-0.072265625,-0.421875,0.0289306640625,-0.76690673828125,-0.02532958984375,0.640625,85.078125,14623,25130
8.130090255999676,10.0625,-3.10546875,-1.35546875,-0.087890625,-0.03515625,-0.1640625,-0.092529296875,-0.74749755859375,0.198486328125,0.62713623046875,9.875,1.31640625,-2.11328125,-0.08984375,-0.072265625,-0.421875,0.0289306640625,-0.76690673828125,-0.02532958984375,0.640625,85.166015625,14623,24657
8.140075349999279,10.0625,-3.10546875,-1.35546875,-0.087890625,-0.03515625,-0.1640625,-0.092529296875,-0.74749755859375,0.198486328125,0.62713623046875,9.875,1.31640625,-2.11328125,-0.037109375,0.0078125,-0.384765625,0.03485107421875,-0.766845703125,-0.03131103515625,0.64013671875,85.341796875,15094,24657
8.150075996999476,10.0625,-3.10546875,-1.35546875,-0.04296875,0.033203125,-0.140625,-0.0906982421875,-0.74786376953125,0.195556640625,0.6279296875,9.875,1.31640625,-2.11328125,-0.037109375,0.0078125,-0.384765625,0.03485107421875,-0.766845703125,-0.03131103515625,0.64013671875,85.4296875,15094,24760
8.160070370999165,10.1015625,-3.06640625,-1.35546875,-0.04296875,0.033203125,-0.140625,-0.0906982421875,-0.74786376953125,0.195556640625,0.6279296875,9.875,1.96875,-2.53125,-0.037109375,0.0078125,-0.384765625,0.03485107421875,-0.766845703125,-0.03131103515625,0.64013671875,85.517578125,15727,24760
8.170076393999807,10.1015625,-3.06640625,-1.35546875,-0.04296875,0.033203125,-0.140625,-0.0906982421875,-0.74786376953125,0.195556640625,0.6279296875,9.875,1.96875,-2.53125,-0.037109375,0.0078125,-0.384765625,0.03485107421875,-0.766845703125,-0.03131103515625,0.64013671875,85.60546875,15727,24327
8.180077295999581,10.1015625,-3.06640625,-1.35546875,-0.04296875,0.033203125,-0.140625,-0.0906982421875,-0.74786376953125,0.195556640625,0.6279296875,9.875,1.96875,-2.53125,-0.037109375,0.0078125,-0.384765625,0.03485107421875,-0.766845703125,-0.03131103515625,0.64013671875,85.78125,15727,24327
8.190082166999673,9.94921875,-3.06640625,-1.27734375,-0.02734375,0.0625,-0.146484375,-0.08880615234375,-0.747314453125,0.1929931640625,0.62957763671875,9.7578125,1.9296875,-1.53515625,-0.033203125,0.048828125,-0.314453125,0.03485107421875,-0.766845703125,-0.03131103515625,0.64013671875,85.78125,15873,24327
8.200008569999227,9.94921875,-3.06640625,-1.27734375,-0.02734375,0.0625,-0.146484375,-0.08880615234375,-0.747314453125,0.1929931640625,0.62957763671875,9.7578125,1.9296875,-1.53515625,-0.033203125,0.048828125,-0.314453125,0.04010009765625,-0.765869140625,-0.0360107421875,0.6407470703125,85.78125,16439,24056
8.210077251999792,9.94921875,-3.06640625,-1.27734375,-0.02734375,0.0625,-0.146484375,-0.08880615234375,-0.747314453125,0.1929931640625,0.62957763671875,9.7578125,1.9296875,-1.53515625,-0.033203125,0.048828125,-0.314453125,0.04010009765625,-0.765869140625,-0.0360107421875,0.6407470703125,85.78125,16439,23577
8.220018310999876,9.83203125,-3.22265625,-1.046875,-0.056640625,0.044921875,-0.2109375,-0.08880615234375,-0.747314453125,0.1929931640625,0.62957763671875,9.7578125,1.9296875,-1.53515625,-0.033203125,0.048828125,-0.314453125,0.04010009765625,-0.765869140625,-0.0360107421875,0.6407470703125,85.78125,16575,23577
8.23008145699987,9.83203125,-3.22265625,-1.046875,-0.056640625,0.044921875,-0.2109375,-0.08624267578125,-0.7471923828125,0.18914794921875,0.6312255859375,9.80078125,1.69921875,-1.3828125,-0.072265625,0.03125,-0.26171875,0.04388427734375,-0.76513671875,-0.040771484375,0.64105224609375,85.869140625,16575,23046
8.240008339999804,9.83203125,-3.22265625,-1.046875,-0.056640625,0.044921875,-0.2109375,-0.08624267578125,-0.7471923828125,0.18914794921875,0.6312255859375,9.8359375,1.046875,-1.53515625,-0.072265625,0.03125,-0.26171875,0.04388427734375,-0.76513671875,-0.040771484375,0.64105224609375,85.869140625,17002,23046
8.250083133999397,9.83203125,-3.22265625,-1.046875,-0.056640625,0.044921875,-0.2109375,-0.08624267578125,-0.7471923828125,0.18914794921875,0.6312255859375,9.8359375,1.046875,-1.53515625,-0.072265625,0.03125,-0.26171875,0.04388427734375,-0.76513671875,-0.040771484375,0.64105224609375,85.869140625,17002,22787
8.260073603999444,9.71875,-3.44921875,-1.046875,-0.091796875,0.06640625,-0.28125,-0.08624267578125,-0.7471923828125,0.18914794921875,0.6312255859375,9.8359375,1.046875,-1.53515625,-0.072265625,0.03125,-0.26171875,0.04388427734375,-0.76513671875,-0.040771484375,0.64105224609375,85.869140625,17032,22787
8.27008266699977,9.71875,-3.44921875,-1.046875,-0.091796875,0.06640625,-0.28125,-0.08624267578125,-0.7471923828125,0.18914794921875,0.6312255859375,9.8359375,1.046875,-1.53515625,-0.142578125,0.03515625,-0.296875,0.04656982421875,-0.76434326171875,-0.046630859375,0.64141845703125,85.869140625,17032,22605
8.280078544999924,9.72265625,-3.375,-1.390625,-0.091796875,0.06640625,-0.28125,-0.08331298828125,-0.7471923828125,0.18389892578125,0.6331787109375,9.83984375,0.703125,-1.8828125,-0.142578125,0.03515625,-0.296875,0.04656982421875,-0.76434326171875,-0.046630859375,0.64141845703125,85.95703125,17271,22605
8.290109368999765,9.72265625,-3.375,-1.390625,-0.091796875,0.06640625,-0.28125,-0.08331298828125,-0.7471923828125,0.18389892578125,0.6331787109375,9.83984375,0.703125,-1.8828125,-0.142578125,0.03515625,-0.296875,0.04656982421875,-0.76434326171875,-0.046630859375,0.64141845703125,85.95703125,17271,22068
8.30007446199943,9.72265625,-3.375,-1.390625,-0.083984375,0.1171875,-0.328125,-0.0797119140625,-0.7467041015625,0.17803955078125,0.6358642578125,9.83984375,0.703125,-1.8828125,-0.142578125,0.03515625,-0.296875,0.04656982421875,-0.76434326171875,-0.046630859375,0.64141845703125,85.95703125,17517,22068
8.310073987999203,9.72265625,-3.375,-1.390625,-0.083984375,0.1171875,-0.328125,-0.0797119140625,-0.7467041015625,0.17803955078125,0.6358642578125,9.7578125,1.31640625,-1.84375,-0.138671875,0.06640625,-0.37109375,0.050537109375,-0.76312255859375,-0.05364990234375,0.64202880859375,85.95703125,17517,22068
8.320071818999168,9.72265625,-3.3359375,-1.31640625,-0.083984375,0.1171875,-0.328125,-0.0797119140625,-0.7467041015625,0.17803955078125,0.6358642578125,9.7578125,1.31640625,-1.84375,-0.138671875,0.06640625,-0.37109375,0.050537109375,-0.76312255859375,-0.05364990234375,0.64202880859375,86.044921875,17698,22193
8.330078513999979,9.72265625,-3.3359375,-1.31640625,-0.083984375,0.1171875,-0.328125,-0.0797119140625,-0.7467041015625,0.17803955078125,0.6358642578125,9.7578125,1.31640625,-1.84375,-0.138671875,0.06640625,-0.37109375,0.050537109375,-0.76312255859375,-0.05364990234375,0.64202880859375,86.044921875,17698,22236
8.340075159999287,9.72265625,-3.3359375,-1.31640625,-0.0859375,0.10546875,-0.3203125,-0.0760498046875,-0.74609375,0.172119140625,0.63873291015625,9.7578125,1.31640625,-1.84375,-0.138671875,0.06640625,-0.37109375,0.050537109375,-0.76312255859375,-0.05364990234375,0.64202880859375,86.044921875,17857,22236
8.350174050999158,9.72265625,-3.3359375,-1.31640625,-0.0859375,0.10546875,-0.3203125,-0.0760498046875,-0.74609375,0.172119140625,0.63873291015625,9.72265625,1.5859375,-1.5,-0.140625,0.068359375,-0.36328125,0.05474853515625,-0.76165771484375,-0.06097412109375,0.64276123046875,86.1328125,17857,22236
8.360079908999978,9.79296875,-3.18359375,-1.16015625,-0.0859375,0.10546875,-0.3203125,-0.0760498046875,-0.74609375,0.172119140625,0.63873291015625,9.72265625,1.5859375,-1.5,-0.140625,0.068359375,-0.36328125,0.05474853515625,-0.76165771484375,-0.06097412109375,0.64276123046875,86.1328125,18173,22209
8.370069482999497,9.79296875,-3.18359375,-1.16015625,-0.0859375,0.10546875,-0.3203125,-0.0760498046875,-0.74609375,0.172119140625,0.63873291015625,9.875,1.125,-1.421875,-0.140625,0.06640625,-0.431640625,0.05474853515625,-0.76165771484375,-0.06097412109375,0.64276123046875,86.220703125,18173,22125
8.380083409999315,9.828125,-3.18359375,-1.046875,-0.083984375,0.08984375,-0.37890625,-0.0716552734375,-0.74566650390625,0.16571044921875,0.641357421875,9.875,1.125,-1.421875,-0.140625,0.06640625,-0.431640625,0.05474853515625,-0.76165771484375,-0.06097412109375,0.64276123046875,86.220703125,18148,22125
8.390114713999537,9.828125,-3.18359375,-1.046875,-0.083984375,0.08984375,-0.37890625,-0.0716552734375,-0.74566650390625,0.16571044921875,0.641357421875,9.875,1.125,-1.421875,-0.140625,0.06640625,-0.431640625,0.05474853515625,-0.76165771484375,-0.06097412109375,0.64276123046875,86.220703125,18148,22489
8.400073790999159,9.828125,-3.18359375,-1.046875,-0.083984375,0.08984375,-0.37890625,-0.0716552734375,-0.74566650390625,0.16571044921875,0.641357421875,10.18359375,0.6640625,-1.8046875,-0.140625,0.06640625,-0.431640625,0.05963134765625,-0.7601318359375,-0.06866455078125,0.64337158203125,86.30859375,18398,22489
8.410115718999805,9.94921875,-3.14453125,-1.046875,-0.06640625,0.142578125,-0.556640625,-0.0716552734375,-0.74566650390625,0.16571044921875,0.641357421875,10.18359375,0.6640625,-1.8046875,-0.140625,0.06640625,-0.431640625,0.05963134765625,-0.7601318359375,-0.06866455078125,0.64337158203125,86.30859375,18398,22399
8.420072875999722,9.94921875,-3.14453125,-1.046875,-0.06640625,0.142578125,-0.556640625,-0.0716552734375,-0.74566650390625,0.16571044921875,0.641357421875,10.18359375,0.6640625,-1.8046875,-0.126953125,0.146484375,-0.59375,0.06689453125,-0.75762939453125,-0.0782470703125,0.64453125,86.30859375,18538,22399
8.43007684999975,9.94921875,-3.14453125,-1.046875,-0.06640625,0.142578125,-0.556640625,-0.0716552734375,-0.74566650390625,0.16571044921875,0.641357421875,10.18359375,0.6640625,-1.8046875,-0.126953125,0.146484375,-0.59375,0.06689453125,-0.75762939453125,-0.0782470703125,0.64453125,86.30859375,18538,21909
8.440077656999165,9.94921875,-3.14453125,-1.046875,-0.06640625,0.142578125,-0.556640625,-0.0716552734375,-0.74566650390625,0.16571044921875,0.641357421875,10.26171875,0.58984375,-2.265625,-0.126953125,0.146484375,-0.59375,0.06689453125,-0.75762939453125,-0.0782470703125,0.64453125,86.30859375,18989,21909
8.45015686699935,9.984375,-3.10546875,-1.27734375,-0.06640625,0.142578125,-0.556640625,-0.065185546875,-0.74493408203125,0.157470703125,0.64501953125,10.26171875,0.58984375,-2.265625,-0.126953125,0.146484375,-0.59375,0.06689453125,-0.75762939453125,-0.0782470703125,0.64453125,86.30859375,18989,20917
8.460074085999622,9.984375,-3.10546875,-1.27734375,-0.06640625,0.142578125,-0.556640625,-0.065185546875,-0.74493408203125,0.157470703125,0.64501953125,10.14453125,0.625,-1.8046875,-0.12109375,0.228515625,-0.806640625,0.06689453125,-0.75762939453125,-0.0782470703125,0.64453125,86.30859375,19250,20917
8.470086764999905,9.984375,-3.10546875,-1.27734375,-0.0390625,0.23828125,-0.818359375,-0.05499267578125,-0.7430419921875,0.14630126953125,0.65069580078125,10.14453125,0.625,-1.8046875,-0.12109375,0.228515625,-0.806640625,0.07720947265625,-0.75360107421875,-0.08990478515625,0.6466064453125,86.220703125,19250,20907
8.480055345999972,10.10546875,-2.80078125,-1.19921875,-0.0390625,0.23828125,-0.818359375,-0.05499267578125,-0.7430419921875,0.14630126953125,0.65069580078125,10.14453125,0.625,-1.8046875,-0.12109375,0.228515625,-0.806640625,0.07720947265625,-0.75360107421875,-0.08990478515625,0.6466064453125,86.220703125,19725,20907
8.490078136999728,10.10546875,-2.80078125,-1.19921875,-0.0390625,0.23828125,-0.818359375,-0.05499267578125,-0.7430419921875,0.14630126953125,0.65069580078125,10.14453125,0.625,-1.8046875,-0.12109375,0.228515625,-0.806640625,0.07720947265625,-0.75360107421875,-0.08990478515625,0.6466064453125,86.220703125,19725,20390
8.500077439999586,10.98046875,-2.76171875,-1.19921875,-0.009765625,0.306640625,-1.05078125,-0.05499267578125,-0.7430419921875,0.14630126953125,0.65069580078125,10.14453125,0.625,-1.8046875,-0.12109375,0.228515625,-0.806640625,0.07720947265625,-0.75360107421875,-0.08990478515625,0.6466064453125,86.220703125,19976,20390
8.510080774000016,10.98046875,-2.76171875,-1.19921875,-0.009765625,0.306640625,-1.05078125,-0.040771484375,-0.7403564453125,0.132568359375,0.65771484375,10.56640625,1.27734375,-2.03515625,-0.134765625,0.283203125,-1.04296875,0.09130859375,-0.74810791015625,-0.1043701171875,0.64892578125,86.220703125,19976,20041
8.520073132999642,10.98046875,-2.76171875,-1.19921875,-0.009765625,0.306640625,-1.05078125,-0.040771484375,-0.7403564453125,0.132568359375,0.65771484375,10.56640625,1.27734375,-2.03515625,-0.134765625,0.283203125,-1.04296875,0.09130859375,-0.74810791015625,-0.1043701171875,0.64892578125,86.220703125,20743,20041
8.530078194999987,10.98046875,-2.76171875,-1.19921875,-0.009765625,0.306640625,-1.05078125,-0.040771484375,-0.7403564453125,0.132568359375,0.65771484375,10.72265625,1.35546875,-1.8046875,-0.158203125,0.353515625,-1.265625,0.09130859375,-0.74810791015625,-0.1043701171875,0.64892578125,86.220703125,20743,20066
8.540102202999151,10.98046875,-2.76171875,-1.19921875,-0.009765625,0.306640625,-1.05078125,-0.040771484375,-0.7403564453125,0.132568359375,0.65771484375,10.72265625,1.35546875,-1.8046875,-0.158203125,0.353515625,-1.265625,0.09130859375,-0.74810791015625,-0.1043701171875,0.64892578125,86.220703125,21382,20066
8.550082303999261,10.98046875,-2.53125,-1.0859375,0.025390625,0.36328125,-1.279296875,-0.023193359375,-0.73638916015625,0.11578369140625,0.6661376953125,10.72265625,1.35546875,-1.8046875,-0.158203125,0.353515625,-1.265625,0.09130859375,-0.74810791015625,-0.1043701171875,0.64892578125,86.220703125,21382,19392
8.56007165399933,10.98046875,-2.53125,-1.0859375,0.025390625,0.36328125,-1.279296875,-0.023193359375,-0.73638916015625,0.11578369140625,0.6661376953125,10.875,2.08203125,-1.57421875,-0.158203125,0.353515625,-1.265625,0.10760498046875,-0.74090576171875,-0.12225341796875,0.65155029296875,86.1328125,21382,19392
8.570079180999528,11.515625,-2.33984375,-0.85546875,0.09765625,0.431640625,-1.513671875,-0.023193359375,-0.73638916015625,0.11578369140625,0.6661376953125,10.875,2.08203125,-1.57421875,-0.158203125,0.353515625,-1.265625,0.10760498046875,-0.74090576171875,-0.12225341796875,0.65155029296875,86.1328125,22320,19392
8.580073524,11.515625,-2.33984375,-0.85546875,0.09765625,0.431640625,-1.513671875,-0.023193359375,-0.73638916015625,0.11578369140625,0.6661376953125,10.875,2.08203125,-1.57421875,-0.158203125,0.353515625,-1.265625,0.10760498046875,-0.74090576171875,-0.12225341796875,0.65155029296875,86.044921875,22320,18093
8.590085242999521,11.515625,-2.33984375,-0.85546875,0.09765625,0.431640625,-1.513671875,-0.00128173828125,-0.73089599609375,0.09674072265625,0.67559814453125,10.875,2.08203125,-1.57421875,-0.056640625,0.43359375,-1.4375,0.12841796875,-0.7318115234375,-0.14141845703125,0.6541748046875,85.95703125,23149,18093
8.600071295999442,11.671875,-3.44921875,-1.9296875,0.09765625,0.431640625,-1.513671875,-0.00128173828125,-0.73089599609375,0.09674072265625,0.67559814453125,11.37109375,1.69921875,-2.11328125,-0.056640625,0.43359375,-1.4375,0.12841796875,-0.7318115234375,-0.14141845703125,0.6541748046875,85.78125,23149,16848
8.610077478999301,11.671875,-3.44921875,-1.9296875,0.09765625,0.431640625,-1.513671875,-0.00128173828125,-0.73089599609375,0.09674072265625,0.67559814453125,11.37109375,1.69921875,-2.11328125,-0.056640625,0.43359375,-1.4375,0.12841796875,-0.7318115234375,-0.14141845703125,0.6541748046875,85.693359375,23288,16848
8.6201177439998,11.671875,-3.44921875,-1.9296875,0.09765625,0.431640625,-1.513671875,-0.00128173828125,-0.73089599609375,0.09674072265625,0.67559814453125,11.68359375,1.23828125,-2.3046875,0.03125,0.439453125,-1.55859375,0.12841796875,-0.7318115234375,-0.14141845703125,0.6541748046875,85.517578125,23288,16042
8.63007598799959,11.671875,-3.44921875,-1.9296875,0.14453125,0.5,-1.771484375,0.02484130859375,-0.7236328125,0.0751953125,0.6856689453125,11.68359375,1.23828125,-2.3046875,0.03125,0.439453125,-1.55859375,0.15234375,-0.72186279296875,-0.16033935546875,0.65576171875,85.25390625,23723,16042
8.640071897999405,12.203125,-3.3359375,-1.58203125,0.14453125,0.5,-1.771484375,0.02484130859375,-0.7236328125,0.0751953125,0.6856689453125,11.68359375,1.23828125,-2.3046875,0.03125,0.439453125,-1.55859375,0.15234375,-0.72186279296875,-0.16033935546875,0.65576171875,85.078125,23723,11676
8.650088257999414,12.203125,-3.3359375,-1.58203125,0.14453125,0.5,-1.771484375,0.02484130859375,-0.7236328125,0.0751953125,0.6856689453125,11.68359375,1.23828125,-2.3046875,0.03125,0.439453125,-1.55859375,0.15234375,-0.72186279296875,-0.16033935546875,0.65576171875,84.90234375,24035,11676
8.660010627999327,12.203125,-3.3359375,-1.58203125,0.14453125,0.5,-1.771484375,0.02484130859375,-0.7236328125,0.0751953125,0.6856689453125,11.68359375,1.23828125,-2.3046875,0.03125,0.439453125,-1.55859375,0.15234375,-0.72186279296875,-0.16033935546875,0.65576171875,84.55078125,24035,9112
8.670070605999172,12.7421875,-2.4921875,-1.58203125,-0.029296875,0.568359375,-2.205078125,0.05450439453125,-0.71417236328125,0.0472412109375,0.69622802734375,11.64453125,1.46875,-1.765625,-0.138671875,0.375,-1.802734375,0.15234375,-0.72186279296875,-0.16033935546875,0.65576171875,84.287109375,24035,9112
8.680222011999831,12.7421875,-2.4921875,-1.58203125,-0.029296875,0.568359375,-2.205078125,0.05450439453125,-0.71417236328125,0.0472412109375,0.69622802734375,11.64453125,1.46875,-1.765625,-0.138671875,0.375,-1.802734375,0.15234375,-0.72186279296875,-0.16033935546875,0.65576171875,84.0234375,24149,2943
8.690079834999779,12.7421875,-2.4921875,-1.58203125,-0.029296875,0.568359375,-2.205078125,0.05450439453125,-0.71417236328125,0.0472412109375,0.69622802734375,11.140625,-0.21484375,-0.76953125,-0.138671875,0.375,-1.802734375,0.17816162109375,-0.71026611328125,-0.18353271484375,0.65582275390625,83.84765625,24073,2943
8.700090529999216,12.82421875,-2.1875,-0.85546875,-0.18359375,0.591796875,-2.884765625,0.05450439453125,-0.71417236328125,0.0472412109375,0.69622802734375,11.140625,-0.21484375,-0.76953125,-0.138671875,0.375,-1.802734375,0.17816162109375,-0.71026611328125,-0.18353271484375,0.65582275390625,83.583984375,24073,1684
8.710088808999899,12.82421875,-2.1875,-0.85546875,-0.18359375,0.591796875,-2.884765625,0.05450439453125,-0.71417236328125,0.0472412109375,0.69622802734375,11.140625,-0.21484375,-0.76953125,-0.255859375,0.19921875,-2.4296875,0.207275390625,-0.69732666015625,-0.2159423828125,0.65130615234375,83.408203125,24077,1684
8.720091566999145,12.82421875,-2.1875,-0.85546875,-0.18359375,0.591796875,-2.884765625,0.09014892578125,-0.7022705078125,0.0072021484375,0.7061767578125,9.91796875,0.16796875,0.109375,-0.255859375,0.19921875,-2.4296875,0.207275390625,-0.69732666015625,-0.2159423828125,0.65130615234375,83.232421875,24077,1050
8.73003461099961,14.15625,-0.69140625,-0.51171875,-0.31640625,0.390625,-3.43359375,0.09014892578125,-0.7022705078125,0.0072021484375,0.7061767578125,9.91796875,0.16796875,0.109375,-0.255859375,0.19921875,-2.4296875,0.207275390625,-0.69732666015625,-0.2159423828125,0.65130615234375,82.880859375,22805,1050
8.740074074999939,14.15625,-0.69140625,-0.51171875,-0.31640625,0.390625,-3.43359375,0.09014892578125,-0.7022705078125,0.0072021484375,0.7061767578125,9.91796875,0.16796875,0.109375,-0.255859375,0.19921875,-2.4296875,0.207275390625,-0.69732666015625,-0.2159423828125,0.65130615234375,82.6171875,22805,651
8.750019391000023,14.15625,-0.69140625,-0.51171875,-0.31640625,0.390625,-3.43359375,0.132568359375,-0.68829345703125,-0.04229736328125,0.7119140625,9.91796875,0.16796875,0.109375,-0.396484375,0.044921875,-2.953125,0.2430419921875,-0.6815185546875,-0.257568359375,0.640380859375,82.265625,21106,651
8.760079080999276,16.421875,-1.19140625,-0.6640625,-0.31640625,0.390625,-3.43359375,0.132568359375,-0.68829345703125,-0.04229736328125,0.7119140625,11.41015625,3.921875,-0.6953125,-0.396484375,0.044921875,-2.953125,0.2430419921875,-0.6815185546875,-0.257568359375,0.640380859375,81.826171875,21106,1063
8.770077390999177,16.421875,-1.19140625,-0.6640625,-0.31640625,0.390625,-3.43359375,0.132568359375,-0.68829345703125,-0.04229736328125,0.7119140625,11.41015625,3.921875,-0.6953125,-0.396484375,0.044921875,-2.953125,0.2430419921875,-0.6815185546875,-0.257568359375,0.640380859375,81.474609375,15975,1063
8.780082581999523,16.421875,-1.19140625,-0.6640625,-0.31640625,0.390625,-3.43359375,0.132568359375,-0.68829345703125,-0.04229736328125,0.7119140625,10.64453125,6.3359375,-1.57421875,-0.53125,0.109375,-2.80078125,0.2430419921875,-0.6815185546875,-0.257568359375,0.640380859375,80.947265625,15975,610
8.79009286099972,12.97265625,-3.48828125,-0.3203125,-0.3671875,0.365234375,-3.501953125,0.177001953125,-0.67169189453125,-0.09710693359375,0.71282958984375,10.64453125,6.3359375,-1.57421875,-0.53125,0.109375,-2.80078125,0.276611328125,-0.6629638671875,-0.29986572265625,0.62774658203125,80.419921875,7198,610
8.800080899000022,12.97265625,-3.48828125,-0.3203125,-0.3671875,0.365234375,-3.501953125,0.177001953125,-0.67169189453125,-0.09710693359375,0.71282958984375,6.65625,3.9609375,-1.53515625,-0.53125,0.109375,-2.80078125,0.276611328125,-0.6629638671875,-0.29986572265625,0.62774658203125,80.244140625,7198,454
8.810082024999247,12.97265625,-3.48828125,-0.3203125,-0.3671875,0.365234375,-3.501953125,0.177001953125,-0.67169189453125,-0.09710693359375,0.71282958984375,6.65625,3.9609375,-1.53515625,-0.576171875,0.232421875,-2.037109375,0.276611328125,-0.6629638671875,-0.29986572265625,0.62774658203125,79.62890625,2340,454
8.820057037999504,12.97265625,-3.48828125,-0.3203125,-0.3671875,0.365234375,-3.501953125,0.177001953125,-0.67169189453125,-0.09710693359375,0.71282958984375,6.65625,3.9609375,-1.53515625,-0.576171875,0.232421875,-2.037109375,0.276611328125,-0.6629638671875,-0.29986572265625,0.62774658203125,79.013671875,2340,141
8.830075349999788,7.265625,-4.8671875,-0.77734375,-0.35546875,0.484375,-2.912109375,0.2137451171875,-0.6522216796875,-0.14410400390625,0.71282958984375,6.65625,3.9609375,-1.53515625,-0.576171875,0.232421875,-2.037109375,0.276611328125,-0.6629638671875,-0.29986572265625,0.62774658203125,78.662109375,801,141
8.8400782359995,7.265625,-4.8671875,-0.77734375,-0.35546875,0.484375,-2.912109375,0.2137451171875,-0.6522216796875,-0.14410400390625,0.71282958984375,1.6796875,4.26953125,-1.0390625,-0.576171875,0.232421875,-2.037109375,0.30023193359375,-0.6435546875,-0.33465576171875,0.61944580078125,78.3984375,801,133
8.850076354999146,7.265625,-4.8671875,-0.77734375,-0.35546875,0.484375,-2.912109375,0.2137451171875,-0.6522216796875,-0.14410400390625,0.71282958984375,1.6796875,4.26953125,-1.0390625,-0.7734375,0.236328125,-0.330078125,0.30023193359375,-0.6435546875,-0.33465576171875,0.61944580078125,78.046875,3,133
8.860131275999265,7.265625,-4.8671875,-0.77734375,-0.35546875,0.484375,-2.912109375,0.2137451171875,-0.6522216796875,-0.14410400390625,0.71282958984375,1.6796875,4.26953125,-1.0390625,-0.7734375,0.236328125,-0.330078125,0.30023193359375,-0.6435546875,-0.33465576171875,0.61944580078125,77.783203125,3,111
8.870022796999365,3.78125,-8.66015625,-0.625,-0.388671875,0.294921875,-0.93359375,0.232421875,-0.63629150390625,-0.17218017578125,0.71514892578125,1.6796875,4.26953125,-1.0390625,-0.7734375,0.236328125,-0.330078125,0.30023193359375,-0.6435546875,-0.33465576171875,0.61944580078125,77.607421875,3,111
8.880077749999145,3.78125,-8.66015625,-0.625,-0.388671875,0.294921875,-0.93359375,0.232421875,-0.63629150390625,-0.17218017578125,0.71514892578125,2.5625,5.53125,-0.65625,-0.7734375,0.236328125,-0.330078125,0.30621337890625,-0.63055419921875,-0.35308837890625,0.61962890625,77.431640625,3,356
8.890012473999377,3.78125,-8.66015625,-0.625,-0.388671875,0.294921875,-0.93359375,0.232421875,-0.63629150390625,-0.17218017578125,0.71514892578125,2.5625,5.53125,-0.65625,-0.7734375,0.236328125,-0.330078125,0.30621337890625,-0.63055419921875,-0.35308837890625,0.61962890625,77.431640625,8,356
8.900075394999476,3.3203125,-7.96875,-0.77734375,0.556640625,0.0234375,0.96484375,0.232421875,-0.63629150390625,-0.17218017578125,0.71514892578125,2.5625,5.53125,-0.65625,-0.7734375,0.236328125,-0.330078125,0.30621337890625,-0.63055419921875,-0.35308837890625,0.61962890625,77.431640625,8,662
8.910085417999653,3.3203125,-7.96875,-0.77734375,0.556640625,0.0234375,0.96484375,0.232421875,-0.63629150390625,-0.17218017578125,0.71514892578125,2.75390625,1.890625,-0.73046875,0.3046875,0.373046875,1.119140625,0.2984619140625,-0.63128662109375,-0.34051513671875,0.629638671875,77.51953125,1,662
8.920069967999552,4.046875,-4.7890625,-1.35546875,0.556640625,0.0234375,0.96484375,0.23114013671875,-0.63818359375,-0.1611328125,0.71649169921875,2.75390625,1.890625,-0.73046875,0.3046875,0.373046875,1.119140625,0.2984619140625,-0.63128662109375,-0.34051513671875,0.629638671875,77.51953125,1,1290
8.930081270999835,4.046875,-4.7890625,-1.35546875,0.986328125,-0.18359375,2.00390625,0.23114013671875,-0.63818359375,-0.1611328125,0.71649169921875,2.75390625,1.890625,-0.73046875,0.3046875,0.373046875,1.119140625,0.2984619140625,-0.63128662109375,-0.34051513671875,0.629638671875,77.607421875,3,1290
8.940004184999452,4.046875,-4.7890625,-1.35546875,0.986328125,-0.18359375,2.00390625,0.23114013671875,-0.63818359375,-0.1611328125,0.71649169921875,2.75390625,1.890625,-0.73046875,0.3046875,0.373046875,1.119140625,0.2984619140625,-0.63128662109375,-0.34051513671875,0.629638671875,77.607421875,3,1386
8.950076866999552,4.046875,-4.7890625,-1.35546875,0.986328125,-0.18359375,2.00390625,0.23114013671875,-0.63818359375,-0.1611328125,0.71649169921875,2.52734375,2.16015625,-0.76953125,0.87890625,0.271484375,1.921875,0.28790283203125,-0.642822265625,-0.3056640625,0.64068603515625,77.607421875,2,1386
8.96007578499939,4.20703125,-1.91796875,-2.734375,0.986328125,-0.18359375,2.00390625,0.2213134765625,-0.6507568359375,-0.12420654296875,0.71563720703125,2.52734375,2.16015625,-0.76953125,0.87890625,0.271484375,1.921875,0.28790283203125,-0.642822265625,-0.3056640625,0.64068603515625,77.6953125,2,2737
8.97007521499927,4.20703125,-1.91796875,-2.734375,0.986328125,-0.18359375,2.00390625,0.2213134765625,-0.6507568359375,-0.12420654296875,0.71563720703125,2.37109375,3.9609375,-0.50390625,0.8125,-0.0546875,2.654296875,0.28790283203125,-0.642822265625,-0.3056640625,0.64068603515625,77.6953125,2737,2737
8.980083060999277,4.20703125,-1.91796875,-2.734375,0.986328125,-0.18359375,2.00390625,0.2213134765625,-0.6507568359375,-0.12420654296875,0.71563720703125,2.37109375,3.9609375,-0.50390625,0.8125,-0.0546875,2.654296875,0.28790283203125,-0.642822265625,-0.3056640625,0.64068603515625,77.783203125,2737,3300
8.990076346999558,5.50390625,-3.10546875,-1.96484375,0.677734375,-0.31640625,2.708984375,0.19866943359375,-0.66668701171875,-0.0797119140625,0.71392822265625,2.37109375,3.9609375,-0.50390625,0.8125,-0.0546875,2.654296875,0.26678466796875,-0.66119384765625,-0.2626953125,0.65008544921875,77.783203125,1,3300
9.000071903999924,5.50390625,-3.10546875,-1.96484375,0.677734375,-0.31640625,2.708984375,0.19866943359375,-0.66668701171875,-0.0797119140625,0.71392822265625,3.2109375,6.10546875,-0.234375,0.8125,-0.0546875,2.654296875,0.26678466796875,-0.66119384765625,-0.2626953125,0.65008544921875,77.87109375,1,3721
9.010103143999913,5.50390625,-3.10546875,-1.96484375,0.677734375,-0.31640625,2.708984375,0.19866943359375,-0.66668701171875,-0.0797119140625,0.71392822265625,3.2109375,6.10546875,-0.234375,0.8125,-0.0546875,2.654296875,0.26678466796875,-0.66119384765625,-0.2626953125,0.65008544921875,77.958984375,2,3721
9.020076299999346,7.83984375,-2.953125,-1.96484375,0.56640625,-0.681640625,3.876953125,0.19866943359375,-0.66668701171875,-0.0797119140625,0.71392822265625,3.2109375,6.10546875,-0.234375,0.8125,-0.0546875,2.654296875,0.26678466796875,-0.66119384765625,-0.2626953125,0.65008544921875,78.046875,2,5095
9.03007604999948,7.83984375,-2.953125,-1.96484375,0.56640625,-0.681640625,3.876953125,0.15789794921875,-0.6884765625,-0.0228271484375,0.70751953125,3.2109375,6.10546875,-0.234375,0.650390625,-0.265625,3.728515625,0.227783203125,-0.6846923828125,-0.2086181640625,0.66015625,78.134765625,5,5095
9.040063735999865,7.83984375,-2.953125,-1.96484375,0.56640625,-0.681640625,3.876953125,0.15789794921875,-0.6884765625,-0.0228271484375,0.70751953125,4.40234375,4.34375,-0.42578125,0.650390625,-0.265625,3.728515625,0.227783203125,-0.6846923828125,-0.2086181640625,0.66015625,78.22265625,5,7497
9.050072925999302,11.05859375,-1.265625,-1.7734375,0.33203125,-0.6875,4.1953125,0.15789794921875,-0.6884765625,-0.0228271484375,0.70751953125,4.40234375,4.34375,-0.42578125,0.650390625,-0.265625,3.728515625,0.227783203125,-0.6846923828125,-0.2086181640625,0.66015625,78.310546875,5,7497
9.060076739999204,11.05859375,-1.265625,-1.7734375,0.33203125,-0.6875,4.1953125,0.15789794921875,-0.6884765625,-0.0228271484375,0.70751953125,7.5,3.99609375,-0.92578125,0.595703125,-0.501953125,4.068359375,0.17877197265625,-0.7091064453125,-0.14898681640625,0.66558837890625,78.3984375,5,8061
9.070070953999675,11.05859375,-1.265625,-1.7734375,0.33203125,-0.6875,4.1953125,0.104736328125,-0.70965576171875,0.0400390625,0.695556640625,7.5,3.99609375,-0.92578125,0.595703125,-0.501953125,4.068359375,0.17877197265625,-0.7091064453125,-0.14898681640625,0.66558837890625,78.3984375,4,8061
9.08007985599943,13.70703125,-1.8046875,-1.4296875,0.33203125,-0.6875,4.1953125,0.104736328125,-0.70965576171875,0.0400390625,0.695556640625,7.5,3.99609375,-0.92578125,0.595703125,-0.501953125,4.068359375,0.17877197265625,-0.7091064453125,-0.14898681640625,0.66558837890625,78.486328125,4,8835
9.090083957999923,13.70703125,-1.8046875,-1.4296875,0.14453125,-0.642578125,4.623046875,0.104736328125,-0.70965576171875,0.0400390625,0.695556640625,7.5,3.99609375,-0.92578125,0.595703125,-0.501953125,4.068359375,0.17877197265625,-0.7091064453125,-0.14898681640625,0.66558837890625,78.57421875,4,8835
9.100071931999992,13.70703125,-1.8046875,-1.4296875,0.14453125,-0.642578125,4.623046875,0.104736328125,-0.70965576171875,0.0400390625,0.695556640625,7.5,3.99609375,-0.92578125,0.595703125,-0.501953125,4.068359375,0.17877197265625,-0.7091064453125,-0.14898681640625,0.66558837890625,78.662109375,4,9302
9.11007724999945,13.70703125,-1.8046875,-1.4296875,0.14453125,-0.642578125,4.623046875,0.104736328125,-0.70965576171875,0.0400390625,0.695556640625,8.8828125,5.37890625,-2.07421875,0.34765625,-0.466796875,4.48046875,0.11871337890625,-0.73004150390625,-0.0850830078125,0.6676025390625,78.662109375,4,9302
9.120067366999137,16.0390625,-1.11328125,-1.62109375,0.14453125,-0.642578125,4.623046875,0.0438232421875,-0.7247314453125,0.102783203125,0.67987060546875,8.8828125,5.37890625,-2.07421875,0.34765625,-0.466796875,4.48046875,0.11871337890625,-0.73004150390625,-0.0850830078125,0.6676025390625,78.75,4,10234
9.13002429899916,16.0390625,-1.11328125,-1.62109375,0.14453125,-0.642578125,4.623046875,0.0438232421875,-0.7247314453125,0.102783203125,0.67987060546875,10.6796875,4.609375,-2.49609375,0.091796875,-0.427734375,4.376953125,0.11871337890625,-0.73004150390625,-0.0850830078125,0.6676025390625,78.75,5,10234
9.140075474999321,16.0390625,-1.11328125,-1.62109375,0.14453125,-0.642578125,4.623046875,0.0438232421875,-0.7247314453125,0.102783203125,0.67987060546875,10.6796875,4.609375,-2.49609375,0.091796875,-0.427734375,4.376953125,0.11871337890625,-0.73004150390625,-0.0850830078125,0.6676025390625,78.837890625,5,10490
9.15008028199918,17.49609375,1.3359375,-1.9296875,-0.041015625,-0.509765625,4.462890625,-0.0211181640625,-0.73333740234375,0.16485595703125,0.6593017578125,10.6796875,4.609375,-2.49609375,0.091796875,-0.427734375,4.376953125,0.05426025390625,-0.74383544921875,-0.023193359375,0.665771484375,78.837890625,4,10490
9.160068734999186,17.49609375,1.3359375,-1.9296875,-0.041015625,-0.509765625,4.462890625,-0.0211181640625,-0.73333740234375,0.16485595703125,0.6593017578125,11.5625,5.60546875,-1.99609375,0.091796875,-0.427734375,4.376953125,0.05426025390625,-0.74383544921875,-0.023193359375,0.665771484375,78.92578125,4,10585
9.170090405999872,17.49609375,1.3359375,-1.9296875,-0.041015625,-0.509765625,4.462890625,-0.0211181640625,-0.73333740234375,0.16485595703125,0.6593017578125,11.5625,5.60546875,-1.99609375,0.091796875,-0.427734375,4.376953125,0.05426025390625,-0.74383544921875,-0.023193359375,0.665771484375,78.92578125,4,10585
9.180077674999666,17.91796875,1.72265625,-1.58203125,-0.751953125,-0.408203125,4.05078125,-0.0211181640625,-0.73333740234375,0.16485595703125,0.6593017578125,11.5625,5.60546875,-1.99609375,0.091796875,-0.427734375,4.376953125,0.05426025390625,-0.74383544921875,-0.023193359375,0.665771484375,78.92578125,4,10463
9.19007537699963,17.91796875,1.72265625,-1.58203125,-0.751953125,-0.408203125,4.05078125,-0.0211181640625,-0.73333740234375,0.16485595703125,0.6593017578125,12.40625,4.19140625,-1.65234375,-0.603515625,-0.634765625,4.009765625,-0.01312255859375,-0.75341796875,0.02459716796875,0.65692138671875,78.92578125,4,10463
9.200482506999833,17.91796875,1.72265625,-1.58203125,-0.751953125,-0.408203125,4.05078125,-0.08843994140625,-0.7366943359375,0.2109375,0.63641357421875,12.40625,4.19140625,-1.65234375,-0.603515625,-0.634765625,4.009765625,-0.01312255859375,-0.75341796875,0.02459716796875,0.65692138671875,78.92578125,4,10463
9.2100942699999,16.99609375,2.296875,-0.703125,-1.0234375,-0.369140625,3.27734375,-0.08843994140625,-0.7366943359375,0.2109375,0.63641357421875,12.40625,4.19140625,-1.65234375,-0.603515625,-0.634765625,4.009765625,-0.01312255859375,-0.75341796875,0.02459716796875,0.65692138671875,78.92578125,4,10530
9.220138821999171,16.99609375,2.296875,-0.703125,-1.0234375,-0.369140625,3.27734375,-0.08843994140625,-0.7366943359375,0.2109375,0.63641357421875,12.59375,2.96484375,-1.26953125,-0.80859375,-0.734375,3.265625,-0.07525634765625,-0.76043701171875,0.0589599609375,0.642333984375,78.92578125,3,10530
9.23002400599944,16.99609375,2.296875,-0.703125,-1.0234375,-0.369140625,3.27734375,-0.15118408203125,-0.737548828125,0.2415771484375,0.61224365234375,12.59375,2.96484375,-1.26953125,-0.80859375,-0.734375,3.265625,-0.07525634765625,-0.76043701171875,0.0589599609375,0.642333984375,78.92578125,3,10858
9.24007038199943,15.84765625,4.2109375,-0.12890625,-1.0234375,-0.369140625,3.27734375,-0.15118408203125,-0.737548828125,0.2415771484375,0.61224365234375,12.59375,2.96484375,-1.26953125,-0.80859375,-0.734375,3.265625,-0.07525634765625,-0.76043701171875,0.0589599609375,0.642333984375,78.92578125,0,10858
9.250075956999353,15.84765625,4.2109375,-0.12890625,-1.0234375,-0.369140625,3.27734375,-0.15118408203125,-0.737548828125,0.2415771484375,0.61224365234375,12.59375,2.96484375,-1.26953125,-0.80859375,-0.734375,3.265625,-0.07525634765625,-0.76043701171875,0.0589599609375,0.642333984375,78.92578125,0,11072
9.260078778999741,15.84765625,4.2109375,-0.12890625,-1.0234375,-0.369140625,3.27734375,-0.15118408203125,-0.737548828125,0.2415771484375,0.61224365234375,11.94921875,2.6953125,-0.80859375,-0.837890625,-0.716796875,2.080078125,-0.07525634765625,-0.76043701171875,0.0589599609375,0.642333984375,78.92578125,5,11072
9.270079392999833,15.84765625,4.2109375,-0.12890625,-1.03125,-0.333984375,2.12109375,-0.19830322265625,-0.73834228515625,0.25701904296875,0.59112548828125,11.94921875,2.6953125,-0.80859375,-0.837890625,-0.716796875,2.080078125,-0.1217041015625,-0.76611328125,0.07855224609375,0.62615966796875,78.92578125,5,11309
9.280078854999374,14.08984375,8.078125,0.984375,-1.03125,-0.333984375,2.12109375,-0.19830322265625,-0.73834228515625,0.25701904296875,0.59112548828125,12.4453125,1.23828125,0.30078125,-0.837890625,-0.716796875,2.080078125,-0.1217041015625,-0.76611328125,0.07855224609375,0.62615966796875,78.837890625,4,11309
9.290007624999816,14.08984375,8.078125,0.984375,0.076171875,-0.169921875,-0.365234375,-0.19830322265625,-0.73834228515625,0.25701904296875,0.59112548828125,12.4453125,1.23828125,0.30078125,-0.837890625,-0.716796875,2.080078125,-0.1217041015625,-0.76611328125,0.07855224609375,0.62615966796875,78.662109375,4,17609
9.300992222999412,14.08984375,8.078125,0.984375,0.076171875,-0.169921875,-0.365234375,-0.19830322265625,-0.73834228515625,0.25701904296875,0.59112548828125,12.4453125,1.23828125,0.30078125,-0.837890625,-0.716796875,2.080078125,-0.1217041015625,-0.76611328125,0.07855224609375,0.62615966796875,78.486328125,5,17609
9.310105625999313,14.08984375,8.078125,0.984375,0.076171875,-0.169921875,-0.365234375,-0.19830322265625,-0.73834228515625,0.25701904296875,0.59112548828125,12.4453125,1.23828125,0.30078125,0.263671875,-0.2578125,-0.17578125,-0.1309814453125,-0.770263671875,0.08380126953125,0.61846923828125,78.3984375,5,17609
9.32001173899971,14.08984375,8.078125,0.984375,0.076171875,-0.169921875,-0.365234375,-0.19830322265625,-0.73834228515625,0.25701904296875,0.59112548828125,18.34765625,-2.4765625,2.5234375,0.263671875,-0.2578125,-0.17578125,-0.1309814453125,-0.770263671875,0.08380126953125,0.61846923828125,78.22265625,5,22620
9.330063618999702,20.59375,13.3671875,6.61328125,0.076171875,-0.169921875,-0.365234375,-0.2069091796875,-0.74127197265625,0.25848388671875,0.5838623046875,18.34765625,-2.4765625,2.5234375,0.263671875,-0.2578125,-0.17578125,-0.1309814453125,-0.770263671875,0.08380126953125,0.61846923828125,78.046875,2,24514
9.340068873999371,20.59375,13.3671875,6.61328125,0.076171875,-0.169921875,-0.365234375,-0.2069091796875,-0.74127197265625,0.25848388671875,0.5838623046875,18.34765625,-2.4765625,2.5234375,0.263671875,-0.2578125,-0.17578125,-0.1309814453125,-0.770263671875,0.08380126953125,0.61846923828125,77.783203125,2,24514
9.350068495999949,10.71484375,-3.640625,1.90234375,0.642578125,0.1796875,-1.8515625,-0.2069091796875,-0.74127197265625,0.25848388671875,0.5838623046875,10.52734375,-0.21484375,-0.00390625,0.65625,0.185546875,-1.494140625,-0.09442138671875,-0.7696533203125,0.07672119140625,0.62677001953125,77.431640625,1,25391
9.360072149999723,10.71484375,-3.640625,1.90234375,0.642578125,0.1796875,-1.8515625,-0.2069091796875,-0.74127197265625,0.25848388671875,0.5838623046875,10.52734375,-0.21484375,-0.00390625,0.65625,0.185546875,-1.494140625,-0.09442138671875,-0.7696533203125,0.07672119140625,0.62677001953125,77.16796875,6,25391
9.370078939999985,8.6015625,-5.25,0.984375,0.642578125,0.1796875,-1.8515625,-0.17034912109375,-0.7423095703125,0.247802734375,0.5987548828125,10.52734375,-0.21484375,-0.00390625,0.65625,0.185546875,-1.494140625,-0.09442138671875,-0.7696533203125,0.07672119140625,0.62677001953125,77.080078125,6,25855
9.380064960999334,8.6015625,-5.25,0.984375,0.642578125,0.1796875,-1.8515625,-0.17034912109375,-0.7423095703125,0.247802734375,0.5987548828125,10.52734375,-0.21484375,-0.00390625,0.65625,0.185546875,-1.494140625,-0.09442138671875,-0.7696533203125,0.07672119140625,0.62677001953125,76.9921875,3,25855
9.390088487999492,8.6015625,-5.25,0.984375,-0.31640625,0.58984375,-2.2109375,-0.143310546875,-0.7423095703125,0.216552734375,0.61773681640625,10.52734375,-0.21484375,-0.00390625,0.65625,0.185546875,-1.494140625,-0.09442138671875,-0.7696533203125,0.07672119140625,0.62677001953125,76.9921875,3,26097
9.400066348999644,9.94921875,-5.55859375,-3.19140625,-0.31640625,0.58984375,-2.2109375,-0.143310546875,-0.7423095703125,0.216552734375,0.61773681640625,7.96484375,-2.359375,-1.61328125,-0.298828125,0.3046875,-1.810546875,-0.06927490234375,-0.76971435546875,0.0521240234375,0.6324462890625,76.9921875,-1,26097
9.410073586999715,9.94921875,-5.55859375,-3.19140625,-0.31640625,0.58984375,-2.2109375,-0.143310546875,-0.7423095703125,0.216552734375,0.61773681640625,7.96484375,-2.359375,-1.61328125,-0.298828125,0.3046875,-1.810546875,-0.06927490234375,-0.76971435546875,0.0521240234375,0.6324462890625,77.16796875,-1,26239
9.420061400999657,9.94921875,-5.55859375,-3.19140625,-0.31640625,0.58984375,-2.2109375,-0.143310546875,-0.7423095703125,0.216552734375,0.61773681640625,8.34375,-0.140625,-1.19140625,-0.123046875,0.125,-1.576171875,-0.06927490234375,-0.76971435546875,0.0521240234375,0.6324462890625,77.431640625,2,26239
9.430075166999814,9.94921875,-5.55859375,-3.19140625,0.060546875,0.26171875,-1.40625,-0.12127685546875,-0.7430419921875,0.1954345703125,0.62847900390625,8.34375,-0.140625,-1.19140625,-0.123046875,0.125,-1.576171875,-0.06927490234375,-0.76971435546875,0.0521240234375,0.6324462890625,77.6953125,2,26239
9.440065252999375,12.62890625,-5.3671875,-1.125,0.060546875,0.26171875,-1.40625,-0.12127685546875,-0.7430419921875,0.1954345703125,0.62847900390625,9.53125,7.75390625,-1.8046875,-0.123046875,0.125,-1.576171875,-0.04693603515625,-0.76971435546875,0.0289306640625,0.63604736328125,77.958984375,2,25868
9.450086987999384,12.62890625,-5.3671875,-1.125,0.060546875,0.26171875,-1.40625,-0.12127685546875,-0.7430419921875,0.1954345703125,0.62847900390625,9.53125,7.75390625,-1.8046875,-0.123046875,0.125,-1.576171875,-0.04693603515625,-0.76971435546875,0.0289306640625,0.63604736328125,78.134765625,15,25868
9.460061711999515,12.62890625,-5.3671875,-1.125,0.060546875,0.26171875,-1.40625,-0.12127685546875,-0.7430419921875,0.1954345703125,0.62847900390625,9.53125,7.75390625,-1.8046875,-0.123046875,0.125,-1.576171875,-0.04693603515625,-0.76971435546875,0.0289306640625,0.63604736328125,78.310546875,15,25548
9.47007122299965,12.62890625,-5.3671875,-1.125,-0.328125,-0.015625,-0.341796875,-0.1175537109375,-0.7445068359375,0.18603515625,0.63031005859375,9.53125,7.75390625,-1.8046875,-0.802734375,0.107421875,-0.68359375,-0.0430908203125,-0.7691650390625,0.0076904296875,0.6375732421875,78.486328125,1846,25709
9.480065979999381,9.33984375,-4.25390625,-1.890625,-0.328125,-0.015625,-0.341796875,-0.1175537109375,-0.7445068359375,0.18603515625,0.63031005859375,9.41796875,-1.9765625,-2.07421875,-0.802734375,0.107421875,-0.68359375,-0.0430908203125,-0.7691650390625,0.0076904296875,0.6375732421875,78.662109375,2824,25709
9.490072802999748,9.33984375,-4.25390625,-1.890625,-0.328125,-0.015625,-0.341796875,-0.1175537109375,-0.7445068359375,0.18603515625,0.63031005859375,9.41796875,-1.9765625,-2.07421875,-0.802734375,0.107421875,-0.68359375,-0.0430908203125,-0.7691650390625,0.0076904296875,0.6375732421875,78.837890625,2824,25709
9.500178285999937,9.33984375,-4.25390625,-1.890625,-0.328125,-0.015625,-0.341796875,-0.1175537109375,-0.7445068359375,0.18603515625,0.63031005859375,9.41796875,-1.9765625,-2.07421875,-0.802734375,0.107421875,-0.68359375,-0.0430908203125,-0.7691650390625,0.0076904296875,0.6375732421875,79.1015625,2824,25709
9.510063053999147,9.37890625,-4.4453125,-1.19921875,-0.150390625,-0.01171875,-0.3203125,-0.1175537109375,-0.7445068359375,0.18603515625,0.63031005859375,9.33984375,-0.0625,0.45703125,-0.181640625,-0.09765625,-0.67578125,-0.0430908203125,-0.7691650390625,0.0076904296875,0.6375732421875,79.189453125,5581,25659
9.52006209999945,9.37890625,-4.4453125,-1.19921875,-0.150390625,-0.01171875,-0.3203125,-0.1175537109375,-0.7445068359375,0.18603515625,0.63031005859375,9.33984375,-0.0625,0.45703125,-0.181640625,-0.09765625,-0.67578125,-0.03643798828125,-0.76971435546875,-0.00653076171875,0.63726806640625,79.365234375,5581,25705
9.530062201999499,9.68359375,-4.1015625,-1.27734375,-0.150390625,-0.01171875,-0.3203125,-0.114501953125,-0.74603271484375,0.17840576171875,0.63128662109375,9.33984375,-0.0625,0.45703125,-0.181640625,-0.09765625,-0.67578125,-0.03643798828125,-0.76971435546875,-0.00653076171875,0.63726806640625,79.541015625,6123,25705
9.54006783999921,9.68359375,-4.1015625,-1.27734375,-0.150390625,-0.01171875,-0.3203125,-0.114501953125,-0.74603271484375,0.17840576171875,0.63128662109375,9.95703125,0.6640625,-1.95703125,-0.17578125,-0.140625,-0.45703125,-0.03643798828125,-0.76971435546875,-0.00653076171875,0.63726806640625,79.716796875,6123,25753
9.550066021999555,9.68359375,-4.1015625,-1.27734375,-0.138671875,-0.0703125,-0.1953125,-0.112548828125,-0.748046875,0.17340087890625,0.630615234375,9.95703125,0.6640625,-1.95703125,-0.17578125,-0.140625,-0.45703125,-0.03643798828125,-0.76971435546875,-0.00653076171875,0.63726806640625,79.8046875,6123,25753
9.560162705000039,9.87109375,-3.7578125,-1.5078125,-0.138671875,-0.0703125,-0.1953125,-0.112548828125,-0.748046875,0.17340087890625,0.630615234375,9.95703125,0.6640625,-1.95703125,-0.17578125,-0.140625,-0.45703125,-0.03094482421875,-0.77191162109375,-0.01568603515625,0.63482666015625,79.98046875,7510,25720
9.570061969999188,9.87109375,-3.7578125,-1.5078125,-0.138671875,-0.0703125,-0.1953125,-0.112548828125,-0.748046875,0.17340087890625,0.630615234375,9.95703125,0.6640625,-1.95703125,-0.17578125,-0.140625,-0.45703125,-0.03094482421875,-0.77191162109375,-0.01568603515625,0.63482666015625,80.244140625,9159,25720
9.580085528999916,9.87109375,-3.7578125,-1.5078125,-0.138671875,-0.0703125,-0.1953125,-0.112548828125,-0.748046875,0.17340087890625,0.630615234375,10.03125,0.359375,-2.07421875,0.00390625,-0.08984375,-0.412109375,-0.03094482421875,-0.77191162109375,-0.01568603515625,0.63482666015625,80.5078125,9159,25728
9.590067006000027,9.87109375,-3.7578125,-1.5078125,-0.03125,-0.056640625,-0.048828125,-0.1116943359375,-0.74932861328125,0.17120361328125,0.6298828125,10.03125,0.359375,-2.07421875,0.00390625,-0.08984375,-0.412109375,-0.03094482421875,-0.77191162109375,-0.01568603515625,0.63482666015625,80.771484375,9469,25728
9.600025921999986,10.1015625,-3.296875,-1.546875,-0.03125,-0.056640625,-0.048828125,-0.1116943359375,-0.74932861328125,0.17120361328125,0.6298828125,10.109375,0.55078125,-2.3046875,0.00390625,-0.08984375,-0.412109375,-0.025390625,-0.7734375,-0.0218505859375,0.63299560546875,80.947265625,9469,25924
9.610070633999385,10.1015625,-3.296875,-1.546875,0.013671875,0.00390625,0.025390625,-0.1116943359375,-0.74932861328125,0.17120361328125,0.6298828125,10.109375,0.55078125,-2.3046875,0.00390625,-0.08984375,-0.412109375,-0.025390625,-0.7734375,-0.0218505859375,0.63299560546875,81.2109375,10053,25924
9.620073743999455,10.1015625,-3.296875,-1.546875,0.013671875,0.00390625,0.025390625,-0.1116943359375,-0.74932861328125,0.17120361328125,0.6298828125,10.109375,0.55078125,-2.3046875,0.00390625,-0.08984375,-0.412109375,-0.025390625,-0.7734375,-0.0218505859375,0.63299560546875,81.474609375,10053,25493
9.630070197999885,10.1015625,-3.296875,-1.546875,0.013671875,0.00390625,0.025390625,-0.1116943359375,-0.74932861328125,0.17120361328125,0.6298828125,10.109375,0.55078125,-2.3046875,0.056640625,0.009765625,-0.37890625,-0.0184326171875,-0.77398681640625,-0.0262451171875,0.63238525390625,81.73828125,10311,25493
9.640073467999173,10.25390625,-3.296875,-1.31640625,0.013671875,0.00390625,0.025390625,-0.11151123046875,-0.74951171875,0.171142578125,0.629638671875,10.296875,0.703125,-2.2265625,0.056640625,0.009765625,-0.37890625,-0.0184326171875,-0.77398681640625,-0.0262451171875,0.63238525390625,82.001953125,10311,25857
9.650077505999434,10.25390625,-3.296875,-1.31640625,0.013671875,0.00390625,0.025390625,-0.11151123046875,-0.74951171875,0.171142578125,0.629638671875,10.296875,0.703125,-2.2265625,0.056640625,0.009765625,-0.37890625,-0.0184326171875,-0.77398681640625,-0.0262451171875,0.63238525390625,82.177734375,10375,25857
9.660067238999545,10.140625,-3.375,-1.35546875,-0.001953125,0.044921875,-0.046875,-0.11151123046875,-0.74951171875,0.171142578125,0.629638671875,10.296875,0.703125,-2.2265625,0.056640625,0.009765625,-0.37890625,-0.0184326171875,-0.77398681640625,-0.0262451171875,0.63238525390625,82.529296875,10375,25319
9.670064172999446,10.140625,-3.375,-1.35546875,-0.001953125,0.044921875,-0.046875,-0.11151123046875,-0.74951171875,0.171142578125,0.629638671875,10.3359375,-0.140625,-2.1875,-0.00390625,0.0546875,-0.486328125,-0.01092529296875,-0.7735595703125,-0.03192138671875,0.6328125,82.705078125,10798,25319
9.680073394999454,10.140625,-3.375,-1.35546875,-0.001953125,0.044921875,-0.046875,-0.111083984375,-0.74920654296875,0.1707763671875,0.6302490234375,10.3359375,-0.140625,-2.1875,-0.00390625,0.0546875,-0.486328125,-0.01092529296875,-0.7735595703125,-0.03192138671875,0.6328125,82.880859375,10798,25595
9.690072440999757,10.02734375,-3.48828125,-1.46875,-0.001953125,0.044921875,-0.046875,-0.111083984375,-0.74920654296875,0.1707763671875,0.6302490234375,10.3359375,-0.140625,-2.1875,-0.00390625,0.0546875,-0.486328125,-0.01092529296875,-0.7735595703125,-0.03192138671875,0.6328125,83.14453125,11730,25595
9.700109120999514,10.02734375,-3.48828125,-1.46875,-0.001953125,0.044921875,-0.046875,-0.111083984375,-0.74920654296875,0.1707763671875,0.6302490234375,10.30078125,0.3203125,-2.49609375,-0.16796875,0.142578125,-0.564453125,-0.01092529296875,-0.7735595703125,-0.03192138671875,0.6328125,83.3203125,11730,25414
9.710062340999684,10.02734375,-3.48828125,-1.46875,-0.064453125,0.125,-0.1875,-0.1094970703125,-0.74835205078125,0.1676025390625,0.63238525390625,10.30078125,0.3203125,-2.49609375,-0.16796875,0.142578125,-0.564453125,-0.00360107421875,-0.77197265625,-0.0411376953125,0.63427734375,83.583984375,12837,25414
9.720148526999765,9.87109375,-3.60546875,-1.31640625,-0.064453125,0.125,-0.1875,-0.1094970703125,-0.74835205078125,0.1676025390625,0.63238525390625,10.11328125,0.3203125,-1.8046875,-0.16796875,0.142578125,-0.564453125,-0.00360107421875,-0.77197265625,-0.0411376953125,0.63427734375,83.759765625,12837,25208
9.730072752999149,9.87109375,-3.60546875,-1.31640625,-0.064453125,0.125,-0.1875,-0.1094970703125,-0.74835205078125,0.1676025390625,0.63238525390625,10.11328125,0.3203125,-1.8046875,-0.16796875,0.142578125,-0.564453125,-0.00360107421875,-0.77197265625,-0.0411376953125,0.63427734375,83.935546875,13373,25208
9.740062805999514,9.87109375,-3.60546875,-1.31640625,-0.064453125,0.125,-0.1875,-0.1094970703125,-0.74835205078125,0.1676025390625,0.63238525390625,10.11328125,0.3203125,-1.8046875,-0.16796875,0.142578125,-0.564453125,-0.00360107421875,-0.77197265625,-0.0411376953125,0.63427734375,84.19921875,13373,25142
9.75007622099929,9.87109375,-3.60546875,-1.31640625,-0.060546875,0.154296875,-0.25390625,-0.10699462890625,-0.7471923828125,0.1630859375,0.63531494140625,10.11328125,0.3203125,-1.8046875,-0.15234375,0.15234375,-0.591796875,0.0037841796875,-0.76983642578125,-0.05133056640625,0.63616943359375,84.375,13373,25142
9.760063457999422,9.83203125,-3.640625,-1.4296875,-0.060546875,0.154296875,-0.25390625,-0.10699462890625,-0.7471923828125,0.1630859375,0.63531494140625,10.11328125,0.3203125,-1.8046875,-0.15234375,0.15234375,-0.591796875,0.0037841796875,-0.76983642578125,-0.05133056640625,0.63616943359375,84.55078125,13760,25142
9.770111978999921,9.83203125,-3.640625,-1.4296875,-0.060546875,0.154296875,-0.25390625,-0.10699462890625,-0.7471923828125,0.1630859375,0.63531494140625,9.9921875,0.93359375,-1.69140625,-0.13671875,0.119140625,-0.552734375,0.0037841796875,-0.76983642578125,-0.05133056640625,0.63616943359375,84.7265625,14420,24853
9.780060845999287,9.83203125,-3.640625,-1.4296875,-0.060546875,0.154296875,-0.25390625,-0.10699462890625,-0.7471923828125,0.1630859375,0.63531494140625,9.9921875,0.93359375,-1.69140625,-0.13671875,0.119140625,-0.552734375,0.0037841796875,-0.76983642578125,-0.05133056640625,0.63616943359375,84.90234375,14420,24871
9.790074132999507,9.79296875,-3.71875,-1.125,-0.0546875,0.138671875,-0.228515625,-0.1044921875,-0.7459716796875,0.15875244140625,0.63824462890625,9.9921875,0.93359375,-1.69140625,-0.13671875,0.119140625,-0.552734375,0.0037841796875,-0.76983642578125,-0.05133056640625,0.63616943359375,85.166015625,15068,24871
9.80006735400002,9.79296875,-3.71875,-1.125,-0.0546875,0.138671875,-0.228515625,-0.1044921875,-0.7459716796875,0.15875244140625,0.63824462890625,10.03125,0.85546875,-1.1171875,-0.13671875,0.119140625,-0.552734375,0.010986328125,-0.76788330078125,-0.0609130859375,0.63763427734375,85.341796875,15068,24796
9.81006537599933,9.79296875,-3.71875,-1.125,-0.0546875,0.138671875,-0.228515625,-0.1044921875,-0.7459716796875,0.15875244140625,0.63824462890625,10.03125,0.85546875,-1.1171875,-0.13671875,0.119140625,-0.552734375,0.010986328125,-0.76788330078125,-0.0609130859375,0.63763427734375,85.4296875,15514,24796
9.820077445999232,9.79296875,-3.71875,-1.125,-0.0546875,0.138671875,-0.228515625,-0.1044921875,-0.7459716796875,0.15875244140625,0.63824462890625,10.03125,0.85546875,-1.1171875,-0.13671875,0.119140625,-0.552734375,0.010986328125,-0.76788330078125,-0.0609130859375,0.63763427734375,85.693359375,15514,23933
9.830084364999493,9.90625,-3.44921875,-1.23828125,-0.04296875,0.115234375,-0.220703125,-0.1019287109375,-0.74505615234375,0.15478515625,0.6407470703125,10.03125,0.85546875,-1.1171875,-0.13671875,0.119140625,-0.552734375,0.010986328125,-0.76788330078125,-0.0609130859375,0.63763427734375,85.869140625,15514,23933
9.840064561999498,9.90625,-3.44921875,-1.23828125,-0.04296875,0.115234375,-0.220703125,-0.1019287109375,-0.74505615234375,0.15478515625,0.6407470703125,10.0703125,1.0859375,-1.53515625,-0.08984375,0.095703125,-0.546875,0.01861572265625,-0.7662353515625,-0.0697021484375,0.63848876953125,86.044921875,15596,23840
9.850072407999505,9.90625,-3.44921875,-1.23828125,-0.04296875,0.115234375,-0.220703125,-0.1019287109375,-0.74505615234375,0.15478515625,0.6407470703125,10.0703125,1.0859375,-1.53515625,-0.08984375,0.095703125,-0.546875,0.01861572265625,-0.7662353515625,-0.0697021484375,0.63848876953125,86.220703125,16481,23840
9.860064349999448,9.98828125,-3.3359375,-1.23828125,-0.0390625,0.13671875,-0.255859375,-0.1019287109375,-0.74505615234375,0.15478515625,0.6407470703125,10.0703125,1.0859375,-1.53515625,-0.08984375,0.095703125,-0.546875,0.01861572265625,-0.7662353515625,-0.0697021484375,0.63848876953125,86.484375,16481,23789
9.870075139999244,9.98828125,-3.3359375,-1.23828125,-0.0390625,0.13671875,-0.255859375,-0.09893798828125,-0.74395751953125,0.15057373046875,0.64349365234375,10.140625,1.203125,-1.84375,-0.080078125,0.119140625,-0.578125,0.01861572265625,-0.7662353515625,-0.0697021484375,0.63848876953125,86.572265625,16820,23789
9.880010150999624,9.98828125,-3.375,-1.125,-0.0390625,0.13671875,-0.255859375,-0.09893798828125,-0.74395751953125,0.15057373046875,0.64349365234375,10.140625,1.203125,-1.84375,-0.080078125,0.119140625,-0.578125,0.01861572265625,-0.7662353515625,-0.0697021484375,0.63848876953125,86.8359375,16820,23088
9.890073711999321,9.98828125,-3.375,-1.125,-0.0390625,0.13671875,-0.255859375,-0.09893798828125,-0.74395751953125,0.15057373046875,0.64349365234375,10.2578125,0.703125,-1.69140625,-0.080078125,0.119140625,-0.578125,0.026611328125,-0.764404296875,-0.07830810546875,0.639404296875,87.01171875,16349,23088
9.900064180999834,9.98828125,-3.375,-1.125,-0.0390625,0.13671875,-0.255859375,-0.09893798828125,-0.74395751953125,0.15057373046875,0.64349365234375,10.2578125,0.703125,-1.69140625,-0.080078125,0.154296875,-0.705078125,0.026611328125,-0.764404296875,-0.07830810546875,0.639404296875,87.099609375,16349,22275
9.91007644399997,9.98828125,-3.375,-1.125,-0.033203125,0.162109375,-0.40625,-0.09429931640625,-0.74273681640625,0.14483642578125,0.64691162109375,10.2578125,0.703125,-1.69140625,-0.080078125,0.154296875,-0.705078125,0.026611328125,-0.764404296875,-0.07830810546875,0.639404296875,87.1875,17289,22275
9.920079841999723,9.984375,-3.296875,-1.0078125,-0.033203125,0.162109375,-0.40625,-0.09429931640625,-0.74273681640625,0.14483642578125,0.64691162109375,10.3359375,0.78125,-1.57421875,-0.080078125,0.154296875,-0.705078125,0.03631591796875,-0.761962890625,-0.08831787109375,0.64056396484375,87.36328125,17289,22071
9.930072999000004,9.984375,-3.296875,-1.0078125,-0.033203125,0.162109375,-0.40625,-0.09429931640625,-0.74273681640625,0.14483642578125,0.64691162109375,10.3359375,0.78125,-1.57421875,-0.080078125,0.154296875,-0.705078125,0.03631591796875,-0.761962890625,-0.08831787109375,0.64056396484375,87.451171875,17289,22071
9.94007393299944,9.984375,-3.296875,-1.0078125,-0.033203125,0.162109375,-0.40625,-0.09429931640625,-0.74273681640625,0.14483642578125,0.64691162109375,10.22265625,1.125,-1.8828125,-0.078125,0.197265625,-0.8125,0.03631591796875,-0.761962890625,-0.08831787109375,0.64056396484375,87.5390625,17796,22071
9.950076274999446,9.984375,-3.296875,-1.0078125,-0.033203125,0.162109375,-0.40625,-0.09429931640625,-0.74273681640625,0.14483642578125,0.64691162109375,10.22265625,1.125,-1.8828125,-0.078125,0.197265625,-0.8125,0.03631591796875,-0.761962890625,-0.08831787109375,0.64056396484375,87.626953125,17796,21858
9.960078007999982,9.90625,-3.22265625,-1.125,-0.033203125,0.177734375,-0.62109375,-0.0865478515625,-0.7415771484375,0.136474609375,0.651123046875,10.22265625,1.125,-1.8828125,-0.078125,0.197265625,-0.8125,0.04791259765625,-0.75860595703125,-0.09979248046875,0.64202880859375,87.626953125,18497,21858
9.970076156999312,9.90625,-3.22265625,-1.125,-0.033203125,0.177734375,-0.62109375,-0.0865478515625,-0.7415771484375,0.136474609375,0.651123046875,10.22265625,1.125,-1.8828125,-0.078125,0.197265625,-0.8125,0.04791259765625,-0.75860595703125,-0.09979248046875,0.64202880859375,87.626953125,18497,21301
9.980064257999402,9.90625,-3.22265625,-1.125,-0.033203125,0.177734375,-0.62109375,-0.0865478515625,-0.7415771484375,0.136474609375,0.651123046875,10.296875,1.0859375,-2.37890625,-0.052734375,0.328125,-0.9453125,0.04791259765625,-0.75860595703125,-0.09979248046875,0.64202880859375,87.626953125,17863,21301
9.990072711999346,9.90625,-3.22265625,-1.125,-0.033203125,0.177734375,-0.62109375,-0.0865478515625,-0.7415771484375,0.136474609375,0.651123046875,10.296875,1.0859375,-2.37890625,-0.052734375,0.328125,-0.9453125,0.06146240234375,-0.75372314453125,-0.11199951171875,0.64459228515625,87.626953125,17863,20477
