t_s,imu,report,x,y,z,w
4.428161,0x4B,accel,9.046875,1.136719,0.019531,
4.429432,0x4A,gyro,0.007812,-0.007812,0.011719,
4.430517,0x4B,gyro,0.009766,-0.001953,0.017578,
4.431158,0x4A,accel,8.207031,-3.777344,0.199219,
4.431786,0x4B,accel,9.089844,1.136719,0.019531,
4.432403,0x4A,accel,8.246094,-3.777344,0.199219,
4.434306,0x4A,gyro,0.000000,-0.007812,0.015625,
4.435453,0x4B,gyro,0.013672,-0.001953,0.017578,
4.436081,0x4A,accel,8.203125,-3.816406,0.199219,
4.436698,0x4B,accel,9.050781,1.175781,-0.019531,
4.437939,0x4B,gyro,0.009766,-0.003906,0.023438,
4.438553,0x4A,gyro,0.007812,-0.009766,0.011719,
4.439814,0x4B,accel,9.089844,1.136719,0.019531,
4.440928,0x4A,accel,8.207031,-3.777344,0.199219,
4.443451,0x4A,gyro,0.003906,-0.007812,0.011719,
4.444104,0x4B,gyro,0.011719,-0.007812,0.017578,
4.445135,0x4A,accel,8.207031,-3.816406,0.238281,
4.446219,0x4B,accel,9.011719,1.214844,0.019531,
4.448081,0x4A,accel,8.164062,-3.777344,0.238281,
4.448710,0x4B,accel,9.007812,1.175781,0.058594,
4.450042,0x4A,gyro,0.000000,-0.011719,0.007812,
4.450694,0x4B,gyro,0.015625,-0.015625,0.021484,
4.451907,0x4B,accel,9.007812,1.175781,0.093750,
4.452528,0x4A,accel,8.164062,-3.777344,0.238281,
4.454161,0x4A,gyro,0.005859,-0.011719,0.013672,
4.455379,0x4B,gyro,0.015625,-0.011719,0.019531,
4.456331,0x4A,accel,8.164062,-3.777344,0.238281,
4.456968,0x4B,accel,9.011719,1.214844,0.093750,
4.458838,0x4A,gyro,0.007812,-0.011719,0.015625,
4.459592,0x4B,gyro,0.013672,-0.015625,0.023438,
4.460644,0x4A,accel,8.164062,-3.777344,0.238281,
4.461581,0x4B,accel,8.972656,1.214844,0.093750,
4.463478,0x4A,gyro,0.007812,-0.011719,0.015625,
4.464127,0x4B,gyro,0.017578,-0.015625,0.023438,
4.465155,0x4A,accel,8.167969,-3.777344,0.199219,
4.466018,0x4B,accel,9.011719,1.214844,0.058594,
4.467293,0x4B,accel,8.968750,1.175781,0.058594,
4.467912,0x4A,accel,8.164062,-3.777344,0.277344,
4.468531,0x4B,gyro,0.013672,-0.015625,0.025391,
4.469166,0x4A,gyro,-0.001953,-0.017578,0.017578,
4.471536,0x4B,accel,9.007812,1.175781,0.058594,
4.472156,0x4A,accel,8.207031,-3.816406,0.238281,
4.473363,0x4A,gyro,-0.001953,-0.019531,0.013672,
4.473972,0x4B,gyro,0.003906,-0.023438,0.023438,
4.476057,0x4B,accel,9.011719,1.136719,-0.019531,
4.476687,0x4A,accel,8.203125,-3.777344,0.238281,
4.478541,0x4B,gyro,0.005859,-0.025391,0.025391,
4.479171,0x4A,gyro,-0.001953,-0.017578,0.015625,
4.480217,0x4B,accel,9.050781,1.136719,-0.097656,
4.481317,0x4A,accel,8.207031,-3.816406,0.164062,
4.483301,0x4B,accel,9.011719,1.136719,-0.058594,
4.483973,0x4A,gyro,-0.007812,-0.019531,0.017578,
4.485239,0x4B,gyro,0.015625,-0.015625,0.021484,
4.486322,0x4A,accel,8.207031,-3.777344,0.199219,
4.486960,0x4B,accel,9.011719,1.136719,-0.058594,
4.488771,0x4A,gyro,-0.003906,-0.017578,0.015625,
4.489831,0x4B,gyro,0.007812,-0.023438,0.023438,
4.490867,0x4A,accel,8.164062,-3.777344,0.238281,
4.491513,0x4B,accel,9.011719,1.175781,-0.097656,
4.492132,0x4A,accel,8.164062,-3.777344,0.238281,
4.493358,0x4A,gyro,-0.001953,-0.023438,0.019531,
4.493972,0x4B,gyro,0.019531,-0.025391,0.025391,
4.496010,0x4B,accel,9.050781,1.175781,-0.132812,
4.496684,0x4A,accel,8.203125,-3.777344,0.164062,
4.498573,0x4B,gyro,0.003906,-0.025391,0.021484,
4.499229,0x4A,gyro,0.000000,-0.025391,0.017578,
4.500264,0x4B,accel,9.125000,1.101562,-0.097656,
4.501335,0x4A,accel,8.246094,-3.855469,0.164062,
4.503246,0x4B,accel,9.128906,1.062500,-0.019531,
4.503893,0x4A,gyro,-0.003906,-0.021484,0.013672,
4.505158,0x4B,gyro,0.003906,-0.023438,0.021484,
4.506225,0x4A,accel,8.203125,-3.855469,0.199219,
4.506853,0x4B,accel,9.011719,1.062500,0.058594,
4.508669,0x4A,gyro,-0.011719,-0.025391,0.011719,
4.509297,0x4B,gyro,0.015625,-0.023438,0.023438,
4.510305,0x4A,accel,8.203125,-3.777344,0.238281,
4.511356,0x4B,accel,9.011719,1.062500,0.058594,
4.511983,0x4A,accel,8.167969,-3.816406,0.238281,
4.513308,0x4A,gyro,0.000000,-0.025391,0.007812,
4.514136,0x4B,gyro,0.013672,-0.029297,0.023438,
4.516080,0x4B,accel,9.089844,1.101562,-0.019531,
4.516739,0x4A,accel,8.164062,-3.816406,0.199219,
4.518688,0x4B,gyro,0.013672,-0.031250,0.025391,
4.519369,0x4A,gyro,0.000000,-0.025391,0.011719,
4.520420,0x4B,accel,9.046875,1.136719,-0.132812,
4.521462,0x4A,accel,8.203125,-3.816406,0.199219,
4.522117,0x4B,accel,9.125000,1.101562,-0.171875,
4.523348,0x4B,gyro,0.007812,-0.029297,0.021484,
4.523980,0x4A,gyro,-0.003906,-0.025391,0.005859,
4.526041,0x4A,accel,8.167969,-3.855469,0.164062,
4.526723,0x4B,accel,9.164062,1.101562,-0.171875,
4.528528,0x4A,gyro,-0.011719,-0.029297,0.003906,
4.529144,0x4B,gyro,0.005859,-0.029297,0.029297,
4.530162,0x4A,accel,8.203125,-3.894531,0.164062,
4.531033,0x4B,accel,9.164062,1.062500,-0.171875,
4.532934,0x4A,accel,8.246094,-3.855469,0.238281,
4.534618,0x4A,gyro,-0.009766,-0.019531,-0.009766,
4.535669,0x4B,gyro,0.000000,-0.025391,0.023438,
4.536309,0x4A,accel,8.242188,-3.777344,0.164062,
4.536953,0x4B,accel,9.089844,1.101562,-0.132812,
4.539275,0x4A,gyro,-0.011719,-0.023438,-0.009766,
4.540323,0x4B,gyro,0.000000,-0.021484,0.027344,
4.541385,0x4A,accel,8.207031,-3.777344,0.199219,
4.542015,0x4B,accel,9.046875,1.101562,-0.058594,
4.543252,0x4B,accel,9.011719,1.062500,-0.058594,
4.543876,0x4A,gyro,-0.013672,-0.019531,-0.007812,
4.544499,0x4B,gyro,0.001953,-0.027344,0.027344,
4.545518,0x4A,accel,8.203125,-3.777344,0.164062,
4.546563,0x4B,accel,9.011719,1.062500,0.019531,
4.548393,0x4A,gyro,-0.013672,-0.021484,-0.007812,
4.549029,0x4B,gyro,-0.003906,-0.025391,0.027344,
4.550029,0x4A,accel,8.207031,-3.777344,0.199219,
4.551079,0x4B,accel,9.011719,1.062500,-0.019531,
4.551720,0x4A,accel,8.207031,-3.777344,0.199219,
4.553590,0x4B,gyro,0.001953,-0.031250,0.019531,
4.554647,0x4A,gyro,-0.011719,-0.023438,0.000000,
4.555715,0x4B,accel,9.007812,1.023438,-0.019531,
4.556353,0x4A,accel,8.167969,-3.777344,0.199219,
4.558221,0x4B,accel,9.011719,1.062500,0.019531,
4.559329,0x4A,gyro,-0.011719,-0.021484,0.000000,
4.560349,0x4B,gyro,0.005859,-0.031250,0.015625,
4.561403,0x4A,accel,8.207031,-3.777344,0.199219,
4.562039,0x4B,accel,9.011719,1.062500,0.019531,
4.563873,0x4A,gyro,-0.011719,-0.025391,0.001953,
4.564497,0x4B,gyro,-0.003906,-0.037109,0.013672,
4.565507,0x4A,accel,8.207031,-3.777344,0.199219,
4.566558,0x4B,accel,8.972656,1.062500,0.019531,
4.568388,0x4A,gyro,-0.011719,-0.027344,0.000000,
4.569021,0x4B,gyro,-0.001953,-0.039062,0.017578,
4.570041,0x4A,accel,8.203125,-3.738281,0.164062,
4.571082,0x4B,accel,9.011719,1.136719,-0.019531,
4.572966,0x4A,accel,8.203125,-3.777344,0.238281,
4.573602,0x4B,gyro,-0.003906,-0.035156,0.011719,
4.574252,0x4A,gyro,-0.013672,-0.029297,0.000000,
4.574889,0x4B,accel,8.972656,1.136719,-0.019531,
4.575536,0x4A,accel,8.203125,-3.738281,0.238281,
4.578739,0x4B,accel,9.011719,1.136719,-0.019531,
4.579443,0x4A,gyro,-0.013672,-0.031250,0.000000,
4.580189,0x4B,gyro,-0.005859,-0.044922,0.007812,
4.581230,0x4A,accel,8.242188,-3.777344,0.164062,
4.581866,0x4B,accel,9.011719,1.136719,-0.058594,
4.583689,0x4A,gyro,-0.017578,-0.029297,0.001953,
4.584314,0x4B,gyro,-0.005859,-0.041016,0.009766,
4.585308,0x4A,accel,8.242188,-3.777344,0.164062,
4.586364,0x4B,accel,9.011719,1.101562,-0.058594,
4.588817,0x4B,gyro,-0.005859,-0.044922,0.011719,
4.589462,0x4A,gyro,-0.019531,-0.035156,0.001953,
4.590509,0x4B,accel,9.046875,1.062500,-0.058594,
4.591246,0x4A,accel,8.246094,-3.777344,0.199219,
4.592547,0x4A,accel,8.203125,-3.816406,0.199219,
4.593797,0x4A,gyro,-0.015625,-0.035156,0.007812,
4.594442,0x4B,gyro,-0.003906,-0.042969,0.005859,
4.596214,0x4B,accel,9.011719,1.101562,-0.019531,
4.596828,0x4A,accel,8.242188,-3.777344,0.164062,
4.598670,0x4B,accel,9.050781,1.101562,-0.097656,
4.599288,0x4A,gyro,-0.013672,-0.029297,0.003906,
4.600087,0x4B,gyro,-0.007812,-0.048828,0.007812,
4.601117,0x4A,accel,8.203125,-3.816406,0.199219,
4.601890,0x4B,accel,9.050781,1.101562,-0.097656,
4.603735,0x4A,gyro,-0.013672,-0.033203,0.001953,
4.604360,0x4B,gyro,-0.007812,-0.050781,0.003906,
4.605386,0x4A,accel,8.207031,-3.816406,0.164062,
4.606449,0x4B,accel,9.050781,1.136719,-0.097656,
4.608938,0x4B,gyro,-0.001953,-0.050781,0.009766,
4.609589,0x4A,gyro,-0.015625,-0.037109,0.009766,
4.610619,0x4B,accel,9.050781,1.136719,-0.097656,
4.611288,0x4A,accel,8.242188,-3.816406,0.199219,
4.613730,0x4A,accel,8.246094,-3.816406,0.164062,
4.614342,0x4B,accel,9.050781,1.136719,-0.097656,
4.615294,0x4A,gyro,-0.015625,-0.037109,0.003906,
4.615924,0x4B,gyro,-0.005859,-0.044922,0.003906,
4.616545,0x4A,accel,8.246094,-3.816406,0.164062,
4.617212,0x4B,accel,9.050781,1.136719,-0.097656,
4.618461,0x4B,gyro,-0.007812,-0.048828,0.001953,
4.619080,0x4A,gyro,-0.019531,-0.039062,-0.001953,
4.620867,0x4A,accel,8.285156,-3.816406,0.164062,
4.621915,0x4B,accel,9.085938,1.175781,-0.132812,
4.623776,0x4A,gyro,-0.015625,-0.037109,0.007812,
4.624401,0x4B,gyro,-0.007812,-0.050781,0.005859,
4.625428,0x4A,accel,8.246094,-3.816406,0.125000,
4.626499,0x4B,accel,9.085938,1.101562,-0.097656,
4.629017,0x4B,gyro,-0.003906,-0.048828,0.007812,
4.630381,0x4A,gyro,-0.019531,-0.041016,0.003906,
4.631460,0x4B,accel,9.089844,1.101562,-0.132812,
4.632106,0x4A,accel,8.203125,-3.816406,0.199219,
4.633357,0x4A,accel,8.242188,-3.816406,0.199219,
4.634012,0x4B,accel,9.085938,1.101562,-0.171875,
4.635094,0x4A,gyro,-0.017578,-0.041016,0.003906,
4.636382,0x4B,gyro,-0.005859,-0.048828,0.009766,
4.637013,0x4A,accel,8.285156,-3.816406,0.125000,
4.637659,0x4B,accel,9.089844,1.062500,-0.132812,
4.639574,0x4B,gyro,0.001953,-0.048828,0.007812,
4.640671,0x4A,gyro,-0.013672,-0.039062,0.001953,
4.641739,0x4B,accel,9.089844,1.101562,-0.250000,
4.642347,0x4A,accel,8.285156,-3.816406,0.125000,
4.643559,0x4A,gyro,-0.019531,-0.039062,-0.003906,
4.644185,0x4B,gyro,0.000000,-0.048828,0.015625,
4.645187,0x4A,accel,8.167969,-3.816406,0.125000,
4.646243,0x4B,accel,9.128906,1.136719,-0.250000,
4.648842,0x4B,gyro,-0.007812,-0.046875,0.011719,
4.650137,0x4A,gyro,-0.017578,-0.033203,-0.009766,
4.651322,0x4B,accel,9.167969,1.136719,-0.250000,
4.651980,0x4A,accel,8.437500,-3.816406,0.125000,
4.653232,0x4A,accel,8.285156,-3.777344,0.199219,
4.653894,0x4B,accel,9.046875,1.214844,-0.210938,
4.655602,0x4A,gyro,-0.017578,-0.037109,-0.009766,
4.656684,0x4B,gyro,-0.011719,-0.046875,0.009766,
4.657313,0x4A,accel,8.203125,-3.738281,0.125000,
4.657936,0x4B,accel,9.007812,1.101562,-0.171875,
4.659195,0x4B,gyro,-0.015625,-0.044922,0.007812,
4.660476,0x4A,gyro,-0.015625,-0.033203,-0.005859,
4.661526,0x4B,accel,9.011719,1.136719,-0.132812,
4.662145,0x4A,accel,8.281250,-3.777344,0.085938,
4.663947,0x4B,gyro,-0.007812,-0.046875,0.009766,
4.664573,0x4A,gyro,-0.023438,-0.035156,0.000000,
4.665628,0x4B,accel,9.050781,1.101562,-0.171875,
4.666720,0x4A,accel,8.242188,-3.777344,0.164062,
4.668632,0x4B,accel,9.050781,1.101562,-0.097656,
4.669298,0x4A,gyro,-0.015625,-0.035156,0.000000,
4.670523,0x4B,gyro,-0.005859,-0.046875,0.009766,
4.671446,0x4A,accel,8.281250,-3.777344,0.125000,
4.672086,0x4B,accel,9.046875,1.136719,-0.132812,
4.672762,0x4A,accel,8.242188,-3.777344,0.125000,
4.674027,0x4A,gyro,-0.021484,-0.035156,0.001953,
4.674683,0x4B,gyro,-0.007812,-0.050781,0.003906,
4.676406,0x4B,accel,9.046875,1.101562,-0.132812,
4.677019,0x4A,accel,8.242188,-3.777344,0.164062,
4.678820,0x4B,gyro,0.001953,-0.048828,0.005859,
4.679450,0x4A,gyro,-0.019531,-0.039062,0.001953,
4.680452,0x4B,accel,9.046875,1.136719,-0.132812,
4.681522,0x4A,accel,8.281250,-3.777344,0.125000,
4.684014,0x4A,gyro,-0.017578,-0.037109,0.007812,
4.684642,0x4B,gyro,-0.009766,-0.052734,0.007812,
4.685679,0x4A,accel,8.242188,-3.738281,0.085938,
4.686635,0x4B,accel,9.050781,1.136719,-0.171875,
4.688507,0x4A,gyro,-0.009766,-0.041016,0.005859,
4.689150,0x4B,accel,9.085938,1.136719,-0.171875,
4.690191,0x4A,accel,8.242188,-3.777344,0.125000,
4.690843,0x4B,gyro,-0.003906,-0.046875,0.005859,
4.692224,0x4B,accel,9.050781,1.136719,-0.171875,
4.692867,0x4A,accel,8.242188,-3.777344,0.085938,
4.694123,0x4A,gyro,-0.017578,-0.035156,0.005859,
4.694749,0x4B,gyro,-0.001953,-0.050781,0.007812,
4.696637,0x4B,accel,9.085938,1.136719,-0.171875,
4.697272,0x4A,accel,8.285156,-3.816406,0.164062,
4.699113,0x4B,gyro,-0.001953,-0.048828,0.009766,
4.699732,0x4A,gyro,-0.015625,-0.042969,0.009766,
4.700747,0x4B,accel,9.085938,1.136719,-0.171875,
4.701670,0x4A,accel,8.285156,-3.816406,0.125000,
4.703564,0x4B,accel,9.085938,1.136719,-0.171875,
4.704213,0x4A,gyro,-0.017578,-0.037109,0.005859,
4.704858,0x4B,gyro,-0.007812,-0.048828,0.009766,
4.705929,0x4A,accel,8.285156,-3.816406,0.125000,
4.708427,0x4A,gyro,-0.013672,-0.039062,0.007812,
4.709111,0x4B,accel,9.046875,1.136719,-0.132812,
4.710158,0x4A,accel,8.242188,-3.777344,0.125000,
4.711249,0x4B,gyro,-0.001953,-0.046875,0.009766,
4.712484,0x4B,accel,9.085938,1.175781,-0.210938,
4.713095,0x4A,accel,8.281250,-3.777344,0.164062,
4.714334,0x4A,gyro,-0.015625,-0.035156,0.007812,
4.714958,0x4B,gyro,0.001953,-0.048828,0.007812,
4.716754,0x4B,accel,9.050781,1.175781,-0.250000,
4.717365,0x4A,accel,8.285156,-3.816406,0.125000,
4.718583,0x4A,gyro,-0.017578,-0.039062,0.011719,
4.719197,0x4B,gyro,0.000000,-0.050781,0.009766,
4.720827,0x4B,accel,9.089844,1.136719,-0.210938,
4.721775,0x4A,accel,8.285156,-3.816406,0.085938,
4.723657,0x4B,accel,9.085938,1.136719,-0.171875,
4.724318,0x4A,gyro,-0.015625,-0.041016,0.007812,
4.724964,0x4B,gyro,-0.007812,-0.050781,0.007812,
4.726020,0x4A,accel,8.320312,-3.816406,0.085938,
4.727093,0x4B,accel,9.085938,1.136719,-0.171875,
4.729033,0x4A,gyro,-0.023438,-0.039062,0.011719,
4.730276,0x4B,gyro,-0.005859,-0.048828,0.007812,
4.731329,0x4A,accel,8.285156,-3.816406,0.164062,
4.732068,0x4B,accel,9.089844,1.136719,-0.210938,
4.732678,0x4A,accel,8.324219,-3.777344,0.164062,
4.733896,0x4A,gyro,-0.019531,-0.042969,0.009766,
4.736694,0x4B,gyro,-0.003906,-0.056641,0.007812,
4.737306,0x4A,accel,8.281250,-3.777344,0.085938,
4.737917,0x4B,accel,9.085938,1.136719,-0.171875,
4.739145,0x4B,gyro,-0.005859,-0.052734,0.011719,
4.739778,0x4A,gyro,-0.019531,-0.039062,0.011719,
4.740808,0x4B,accel,9.089844,1.136719,-0.210938,
4.741758,0x4A,accel,8.320312,-3.816406,0.085938,
4.742408,0x4B,accel,9.089844,1.136719,-0.250000,
4.744328,0x4A,gyro,-0.019531,-0.042969,0.013672,
4.745379,0x4B,gyro,-0.001953,-0.048828,0.011719,
4.746441,0x4A,accel,8.281250,-3.777344,0.085938,
4.747267,0x4B,accel,9.089844,1.101562,-0.250000,
4.749113,0x4A,gyro,-0.015625,-0.042969,0.013672,
4.749743,0x4B,gyro,-0.005859,-0.050781,0.013672,
4.750754,0x4A,accel,8.285156,-3.816406,0.125000,
4.751526,0x4B,accel,9.128906,1.101562,-0.210938,
4.753379,0x4A,accel,8.363281,-3.816406,0.125000,
4.754999,0x4A,gyro,-0.019531,-0.041016,0.013672,
4.756013,0x4B,gyro,-0.005859,-0.048828,0.015625,
4.756635,0x4A,accel,8.320312,-3.816406,0.125000,
4.757497,0x4B,accel,9.128906,1.101562,-0.210938,
4.759817,0x4A,gyro,-0.017578,-0.041016,0.011719,
4.761064,0x4B,accel,9.089844,1.101562,-0.210938,
4.761823,0x4A,accel,8.320312,-3.816406,0.125000,
4.762471,0x4B,gyro,-0.003906,-0.048828,0.009766,
4.763825,0x4B,accel,9.128906,1.101562,-0.250000,
4.764495,0x4A,gyro,-0.017578,-0.046875,0.013672,
4.765399,0x4B,gyro,-0.003906,-0.046875,0.007812,
4.766495,0x4A,accel,8.363281,-3.816406,0.085938,
4.767301,0x4B,accel,9.128906,1.062500,-0.250000,
4.769168,0x4A,gyro,-0.019531,-0.042969,0.007812,
4.769803,0x4B,gyro,-0.005859,-0.050781,0.007812,
4.770842,0x4A,accel,8.363281,-3.816406,0.085938,
4.771511,0x4B,accel,9.128906,1.101562,-0.250000,
4.773361,0x4A,accel,8.320312,-3.816406,0.085938,
4.774980,0x4A,gyro,-0.015625,-0.039062,0.017578,
4.776092,0x4B,gyro,-0.001953,-0.046875,0.003906,
4.776705,0x4A,accel,8.324219,-3.816406,0.046875,
4.777316,0x4B,accel,9.128906,1.062500,-0.210938,
4.778517,0x4B,accel,9.128906,1.101562,-0.250000,
4.779205,0x4A,gyro,-0.023438,-0.041016,0.013672,
4.780579,0x4B,gyro,0.003906,-0.046875,0.013672,
4.781665,0x4A,accel,8.320312,-3.816406,0.085938,
4.782334,0x4B,accel,9.128906,1.101562,-0.250000,
4.784223,0x4A,gyro,-0.019531,-0.039062,0.011719,
4.784894,0x4B,gyro,-0.001953,-0.048828,0.007812,
4.785927,0x4A,accel,8.363281,-3.777344,0.046875,
4.786982,0x4B,accel,9.128906,1.101562,-0.250000,
4.788807,0x4A,gyro,-0.015625,-0.037109,0.005859,
4.789424,0x4B,gyro,-0.003906,-0.050781,0.009766,
4.790422,0x4A,accel,8.359375,-3.777344,0.085938,
4.791480,0x4B,accel,9.167969,1.136719,-0.289062,
4.793323,0x4A,accel,8.320312,-3.816406,0.085938,
4.794539,0x4A,gyro,-0.023438,-0.037109,0.011719,
4.795173,0x4B,gyro,-0.001953,-0.050781,0.009766,
4.796934,0x4B,accel,9.128906,1.136719,-0.250000,
4.797644,0x4A,accel,8.281250,-3.816406,0.046875,
4.798326,0x4B,accel,9.128906,1.062500,-0.289062,
4.798993,0x4A,gyro,-0.019531,-0.035156,0.011719,
4.799645,0x4B,gyro,0.000000,-0.048828,0.005859,
4.800295,0x4A,accel,8.324219,-3.816406,0.046875,
4.802632,0x4B,accel,9.167969,1.062500,-0.250000,
4.804482,0x4A,gyro,-0.017578,-0.037109,0.011719,
4.805112,0x4B,gyro,-0.003906,-0.044922,0.003906,
4.806153,0x4A,accel,8.324219,-3.816406,0.046875,
4.807222,0x4B,accel,9.128906,1.101562,-0.289062,
4.809048,0x4A,gyro,-0.025391,-0.039062,0.007812,
4.809675,0x4B,gyro,-0.003906,-0.050781,0.003906,
4.810689,0x4A,accel,8.320312,-3.816406,0.085938,
4.811742,0x4B,accel,9.128906,1.101562,-0.289062,
4.813589,0x4A,accel,8.320312,-3.816406,0.085938,
4.815251,0x4A,gyro,-0.021484,-0.039062,0.015625,
4.816394,0x4B,gyro,-0.005859,-0.048828,0.003906,
4.817044,0x4A,accel,8.363281,-3.816406,0.085938,
4.817726,0x4B,accel,9.128906,1.136719,-0.250000,
4.819018,0x4B,accel,9.167969,1.101562,-0.289062,
4.820018,0x4A,gyro,-0.019531,-0.035156,0.007812,
4.820678,0x4B,gyro,-0.005859,-0.046875,0.009766,
4.821784,0x4A,accel,8.320312,-3.777344,0.046875,
4.822466,0x4B,accel,9.128906,1.101562,-0.250000,
4.824341,0x4A,gyro,-0.015625,-0.035156,0.011719,
4.824980,0x4B,gyro,0.000000,-0.046875,0.005859,
4.825978,0x4A,accel,8.320312,-3.816406,0.085938,
4.827041,0x4B,accel,9.089844,1.101562,-0.250000,
4.828857,0x4A,gyro,-0.015625,-0.037109,0.015625,
4.829483,0x4B,gyro,-0.007812,-0.042969,0.005859,
4.830495,0x4A,accel,8.320312,-3.777344,0.046875,
4.831565,0x4B,accel,9.089844,1.136719,-0.289062,
4.833378,0x4A,accel,8.363281,-3.816406,0.085938,
4.833986,0x4B,accel,9.128906,1.136719,-0.289062,
4.834621,0x4A,gyro,-0.015625,-0.039062,0.013672,
4.835259,0x4B,gyro,-0.007812,-0.046875,0.003906,
4.837416,0x4B,accel,9.164062,1.136719,-0.324219,
4.838056,0x4A,accel,8.363281,-3.816406,0.085938,
4.839327,0x4A,gyro,-0.017578,-0.035156,0.011719,
4.839974,0x4B,gyro,-0.007812,-0.044922,0.003906,
4.841190,0x4A,accel,8.320312,-3.816406,0.085938,
4.842252,0x4B,accel,9.167969,1.101562,-0.289062,
4.844126,0x4A,gyro,-0.015625,-0.035156,0.011719,
4.844746,0x4B,gyro,-0.003906,-0.039062,0.005859,
4.845750,0x4A,accel,8.363281,-3.816406,0.085938,
4.846783,0x4B,accel,9.128906,1.101562,-0.210938,
4.849203,0x4B,gyro,-0.005859,-0.039062,0.007812,
4.849828,0x4A,gyro,-0.017578,-0.037109,0.019531,
4.850909,0x4B,accel,9.128906,1.136719,-0.289062,
4.851885,0x4A,accel,8.363281,-3.816406,0.085938,
4.854377,0x4A,accel,8.363281,-3.777344,0.046875,
4.855013,0x4B,gyro,-0.007812,-0.046875,0.007812,
4.855888,0x4A,gyro,-0.017578,-0.035156,0.011719,
4.856532,0x4B,accel,9.167969,1.136719,-0.289062,
4.857187,0x4A,accel,8.359375,-3.816406,0.046875,
4.857839,0x4B,accel,9.167969,1.101562,-0.289062,
4.859743,0x4A,gyro,-0.015625,-0.031250,0.017578,
4.861017,0x4B,gyro,-0.007812,-0.042969,0.009766,
4.861974,0x4A,accel,8.363281,-3.816406,0.085938,
4.862613,0x4B,accel,9.089844,1.101562,-0.289062,
4.864521,0x4A,gyro,-0.017578,-0.029297,0.019531,
4.865159,0x4B,gyro,-0.007812,-0.046875,0.007812,
4.866187,0x4A,accel,8.398438,-3.816406,0.046875,
4.867235,0x4B,accel,9.128906,1.101562,-0.289062,
4.869047,0x4A,gyro,-0.017578,-0.035156,0.019531,
4.890146,0x4B,gyro,-0.007812,-0.039062,0.000000,
4.891547,0x4A,accel,8.363281,-3.816406,0.085938,
4.892217,0x4B,accel,9.128906,1.023438,-0.324219,
4.895304,0x4A,accel,8.363281,-3.816406,0.007812,
4.895308,0x4A,gyro,-0.019531,-0.033203,0.025391,
4.895312,0x4A,accel,8.359375,-3.816406,0.046875,
4.895316,0x4A,gyro,-0.015625,-0.031250,0.015625,
4.895319,0x4A,accel,8.359375,-3.816406,0.046875,
4.895322,0x4A,gyro,-0.013672,-0.029297,0.021484,
4.895326,0x4A,accel,8.359375,-3.816406,0.046875,
4.895380,0x4A,gyro,-0.017578,-0.031250,0.017578,
4.895405,0x4A,accel,8.398438,-3.816406,0.046875,
4.899146,0x4B,accel,9.164062,1.062500,-0.324219,
4.899151,0x4B,gyro,-0.003906,-0.041016,0.003906,
4.899154,0x4B,accel,9.203125,1.062500,-0.324219,
4.899158,0x4B,gyro,-0.007812,-0.039062,-0.001953,
4.899161,0x4B,accel,9.164062,1.023438,-0.289062,
4.899165,0x4B,gyro,-0.005859,-0.039062,-0.005859,
4.899168,0x4B,accel,9.164062,1.062500,-0.324219,
4.899172,0x4B,accel,9.128906,1.062500,-0.289062,
4.899175,0x4B,gyro,-0.003906,-0.037109,-0.003906,
4.899182,0x4B,accel,9.167969,1.101562,-0.289062,
4.900466,0x4A,accel,8.398438,-3.777344,0.007812,
4.900473,0x4A,gyro,-0.011719,-0.031250,0.029297,
4.902292,0x4B,gyro,-0.001953,-0.037109,0.000000,
4.902300,0x4B,accel,9.167969,1.136719,-0.289062,
4.902306,0x4B,gyro,0.003906,-0.039062,-0.015625,
4.903724,0x4A,accel,8.398438,-3.777344,0.007812,
4.903731,0x4A,gyro,-0.011719,-0.027344,0.035156,
4.903737,0x4A,accel,8.402344,-3.816406,0.007812,
4.904387,0x4B,accel,9.125000,1.136719,-0.324219,
4.905040,0x4A,gyro,-0.005859,-0.031250,0.037109,
4.906583,0x4B,gyro,-0.001953,-0.042969,-0.009766,
4.906590,0x4B,accel,9.167969,1.136719,-0.363281,
4.907244,0x4A,accel,8.320312,-3.777344,0.046875,
4.907886,0x4B,accel,9.089844,1.136719,-0.363281,
4.909774,0x4A,gyro,-0.007812,-0.025391,0.035156,
4.910823,0x4B,gyro,-0.007812,-0.044922,-0.009766,
4.911875,0x4A,accel,8.324219,-3.777344,0.085938,
4.912515,0x4B,accel,9.089844,1.175781,-0.324219,
4.914326,0x4A,accel,8.359375,-3.777344,0.125000,
4.914940,0x4B,gyro,-0.009766,-0.035156,-0.007812,
4.916002,0x4A,gyro,-0.013672,-0.029297,0.044922,
4.917055,0x4B,accel,9.089844,1.136719,-0.289062,
4.917664,0x4A,accel,8.398438,-3.777344,0.085938,
4.918887,0x4A,gyro,-0.011719,-0.027344,0.042969,
4.919510,0x4B,gyro,-0.009766,-0.037109,-0.017578,
4.921201,0x4B,accel,9.089844,1.062500,-0.250000,
4.922082,0x4A,accel,8.324219,-3.738281,-0.027344,
4.923972,0x4B,accel,9.125000,1.023438,-0.250000,
4.924628,0x4A,gyro,-0.011719,-0.037109,0.052734,
4.925270,0x4B,gyro,-0.001953,-0.037109,-0.011719,
4.926339,0x4A,accel,8.324219,-3.816406,0.046875,
4.928246,0x4B,accel,9.164062,0.984375,-0.210938,
4.928904,0x4A,gyro,-0.017578,-0.031250,0.052734,
4.929549,0x4B,gyro,-0.001953,-0.033203,-0.025391,
4.930564,0x4A,accel,8.363281,-3.816406,0.085938,
4.932686,0x4B,accel,9.164062,0.984375,-0.250000,
4.934526,0x4A,accel,8.320312,-3.855469,0.007812,
4.935139,0x4B,gyro,0.005859,-0.035156,-0.023438,
4.936064,0x4A,gyro,-0.009766,-0.035156,0.054688,
4.937174,0x4B,accel,9.207031,0.945312,-0.289062,
4.937784,0x4A,accel,8.402344,-3.816406,0.007812,
4.938987,0x4A,gyro,-0.005859,-0.031250,0.054688,
4.939607,0x4B,gyro,0.005859,-0.033203,-0.027344,
4.941259,0x4B,accel,9.234375,1.023438,-0.324219,
4.942126,0x4A,accel,8.359375,-3.894531,0.007812,
4.944025,0x4B,accel,9.273438,0.984375,-0.324219,
4.944675,0x4A,gyro,-0.007812,-0.031250,0.052734,
4.945319,0x4B,gyro,0.013672,-0.037109,-0.027344,
4.946386,0x4A,accel,8.402344,-3.855469,0.007812,
4.948282,0x4B,accel,9.277344,1.023438,-0.289062,
4.949156,0x4A,gyro,-0.003906,-0.035156,0.050781,
4.950508,0x4B,gyro,0.003906,-0.037109,-0.029297,
4.951622,0x4A,accel,8.324219,-3.894531,0.007812,
4.952498,0x4B,accel,9.277344,0.984375,-0.289062,
4.953160,0x4A,accel,8.398438,-3.894531,0.007812,
4.954453,0x4A,gyro,-0.007812,-0.031250,0.044922,
4.955190,0x4B,gyro,0.005859,-0.039062,-0.033203,
4.957187,0x4B,accel,9.234375,1.101562,-0.363281,
4.957827,0x4A,accel,8.363281,-3.855469,0.007812,
4.959075,0x4A,gyro,-0.007812,-0.029297,0.035156,
4.959720,0x4B,gyro,0.003906,-0.035156,-0.029297,
4.960364,0x4A,accel,8.363281,-3.894531,0.046875,
4.961402,0x4B,accel,9.234375,1.062500,-0.363281,
4.964006,0x4B,accel,9.273438,1.101562,-0.363281,
4.964670,0x4A,gyro,-0.005859,-0.031250,0.037109,
4.965731,0x4B,gyro,0.001953,-0.035156,-0.029297,
4.966840,0x4A,accel,8.398438,-3.894531,-0.027344,
4.967762,0x4B,accel,9.238281,1.101562,-0.324219,
4.970203,0x4A,gyro,-0.013672,-0.031250,0.035156,
4.971497,0x4B,gyro,0.001953,-0.035156,-0.027344,
4.972219,0x4A,accel,8.363281,-3.894531,0.046875,
4.972898,0x4B,accel,9.277344,1.136719,-0.324219,
4.973693,0x4A,accel,8.359375,-3.894531,-0.027344,
4.974999,0x4A,gyro,-0.011719,-0.031250,0.027344,
4.976299,0x4B,gyro,0.003906,-0.031250,-0.029297,
4.977852,0x4B,accel,9.234375,1.101562,-0.289062,
4.978516,0x4A,accel,8.359375,-3.855469,0.046875,
4.979169,0x4B,accel,9.273438,1.136719,-0.289062,
4.979826,0x4A,gyro,-0.005859,-0.029297,0.027344,
4.980478,0x4B,gyro,0.007812,-0.037109,-0.025391,
4.981649,0x4A,accel,8.363281,-3.855469,-0.027344,
4.983541,0x4B,accel,9.277344,1.136719,-0.324219,
4.984190,0x4A,gyro,-0.005859,-0.027344,0.021484,
4.984845,0x4B,gyro,0.000000,-0.037109,-0.029297,
4.985894,0x4A,accel,8.363281,-3.855469,-0.027344,
4.987953,0x4B,accel,9.277344,1.136719,-0.324219,
4.989860,0x4A,gyro,-0.009766,-0.031250,0.017578,
4.990508,0x4B,gyro,0.001953,-0.031250,-0.025391,
4.991608,0x4A,accel,8.363281,-3.816406,-0.027344,
4.992264,0x4B,accel,9.234375,1.175781,-0.324219,
4.994164,0x4A,gyro,-0.005859,-0.025391,0.015625,
4.994803,0x4B,gyro,0.001953,-0.033203,-0.023438,
4.995854,0x4A,accel,8.398438,-3.894531,-0.027344,
4.996901,0x4B,accel,9.238281,1.175781,-0.363281,
4.997571,0x4A,accel,8.324219,-3.894531,0.007812,
4.999459,0x4B,accel,9.234375,1.136719,-0.402344,
5.000102,0x4A,gyro,-0.009766,-0.027344,0.017578,
5.001161,0x4B,gyro,-0.001953,-0.033203,-0.021484,
5.002220,0x4A,accel,8.402344,-3.855469,-0.027344,
5.002944,0x4B,accel,9.234375,1.214844,-0.402344,
5.004818,0x4A,gyro,-0.013672,-0.025391,0.009766,
5.005469,0x4B,gyro,-0.007812,-0.027344,-0.019531,
5.006525,0x4A,accel,8.437500,-3.855469,-0.027344,
5.007616,0x4B,accel,9.203125,1.175781,-0.402344,
5.009508,0x4A,gyro,-0.011719,-0.023438,0.013672,
5.010169,0x4B,gyro,-0.009766,-0.031250,-0.017578,
5.011221,0x4A,accel,8.402344,-3.816406,-0.027344,
5.012298,0x4B,accel,9.238281,1.175781,-0.363281,
5.014174,0x4A,gyro,-0.013672,-0.019531,0.011719,
5.014813,0x4B,gyro,-0.001953,-0.029297,-0.017578,
5.015881,0x4A,accel,8.402344,-3.855469,0.007812,
5.016949,0x4B,accel,9.234375,1.214844,-0.402344,
5.017589,0x4A,accel,8.402344,-3.855469,-0.027344,
5.019566,0x4B,accel,9.234375,1.214844,-0.402344,
5.020619,0x4A,gyro,-0.017578,-0.025391,0.011719,
5.021427,0x4B,gyro,-0.005859,-0.025391,-0.013672,
5.022239,0x4A,accel,8.402344,-3.816406,0.007812,
5.023087,0x4B,accel,9.207031,1.214844,-0.402344,
5.024989,0x4A,gyro,-0.013672,-0.019531,0.009766,
5.025657,0x4B,gyro,-0.009766,-0.031250,-0.009766,
5.026728,0x4A,accel,8.402344,-3.816406,-0.027344,
5.027801,0x4B,accel,9.234375,1.214844,-0.363281,
5.029668,0x4A,gyro,-0.007812,-0.021484,0.011719,
5.030315,0x4B,gyro,-0.009766,-0.029297,-0.015625,
5.031358,0x4A,accel,8.402344,-3.855469,0.007812,
5.032452,0x4B,accel,9.234375,1.214844,-0.363281,
5.034312,0x4A,gyro,-0.011719,-0.019531,0.013672,
5.034947,0x4B,gyro,-0.003906,-0.027344,-0.009766,
5.036046,0x4A,accel,8.441406,-3.894531,-0.027344,
5.037111,0x4B,accel,9.234375,1.214844,-0.402344,
5.037750,0x4A,accel,8.402344,-3.855469,-0.027344,
5.039621,0x4B,accel,9.207031,1.214844,-0.363281,
5.040263,0x4A,gyro,-0.003906,-0.019531,0.011719,
5.041075,0x4B,gyro,-0.005859,-0.023438,-0.005859,
5.042148,0x4A,accel,8.363281,-3.855469,-0.027344,
5.042911,0x4B,accel,9.238281,1.175781,-0.402344,
5.044796,0x4A,gyro,-0.011719,-0.017578,0.007812,
5.045452,0x4B,gyro,-0.001953,-0.019531,-0.007812,
5.046513,0x4A,accel,8.398438,-3.894531,0.007812,
5.047576,0x4B,accel,9.234375,1.214844,-0.363281,
5.049441,0x4A,gyro,-0.005859,-0.023438,0.017578,
5.050087,0x4B,gyro,-0.001953,-0.015625,-0.007812,
5.051129,0x4A,accel,8.363281,-3.855469,-0.027344,
5.052192,0x4B,accel,9.238281,1.175781,-0.363281,
5.054070,0x4A,accel,8.363281,-3.855469,0.007812,
5.054721,0x4B,accel,9.234375,1.214844,-0.363281,
5.055365,0x4A,gyro,-0.005859,-0.015625,0.007812,
5.056696,0x4B,gyro,-0.005859,-0.019531,-0.003906,
5.057338,0x4A,accel,8.402344,-3.855469,-0.027344,
5.057979,0x4B,accel,9.234375,1.214844,-0.363281,
5.060552,0x4A,gyro,-0.005859,-0.017578,0.011719,
5.061210,0x4B,gyro,-0.005859,-0.023438,-0.005859,
5.062292,0x4A,accel,8.363281,-3.855469,-0.027344,
5.062961,0x4B,accel,9.207031,1.214844,-0.363281,
5.064840,0x4A,gyro,-0.003906,-0.019531,0.013672,
5.065499,0x4B,gyro,0.003906,-0.019531,-0.001953,
5.066566,0x4A,accel,8.324219,-3.894531,0.007812,
5.067641,0x4B,accel,9.238281,1.175781,-0.363281,
5.069503,0x4A,gyro,-0.001953,-0.019531,0.007812,
5.070158,0x4B,gyro,-0.001953,-0.019531,0.005859,
5.071184,0x4A,accel,8.402344,-3.816406,0.007812,
5.072291,0x4B,accel,9.238281,1.214844,-0.324219,
5.074169,0x4A,accel,8.402344,-3.855469,0.007812,
5.074807,0x4B,accel,9.234375,1.214844,-0.363281,
5.075456,0x4A,gyro,-0.001953,-0.015625,0.011719,
5.076752,0x4B,gyro,0.001953,-0.019531,0.003906,
5.077393,0x4A,accel,8.402344,-3.855469,-0.027344,
5.078043,0x4B,accel,9.238281,1.175781,-0.402344,
5.080616,0x4A,gyro,-0.003906,-0.019531,0.007812,
5.081261,0x4B,gyro,0.000000,-0.019531,0.003906,
5.082346,0x4A,accel,8.398438,-3.894531,-0.027344,
5.083031,0x4B,accel,9.238281,1.175781,-0.363281,
5.084929,0x4A,gyro,-0.001953,-0.017578,0.019531,
5.085583,0x4B,gyro,-0.003906,-0.019531,0.003906,
5.086648,0x4A,accel,8.402344,-3.855469,-0.027344,
5.087719,0x4B,accel,9.238281,1.175781,-0.363281,
5.089575,0x4A,gyro,-0.001953,-0.015625,0.003906,
5.090214,0x4B,gyro,0.005859,-0.017578,0.007812,
5.091260,0x4A,accel,8.363281,-3.855469,0.007812,
5.092337,0x4B,accel,9.234375,1.214844,-0.363281,
5.094197,0x4A,accel,8.402344,-3.855469,-0.027344,
5.094831,0x4B,accel,9.238281,1.175781,-0.363281,
5.095481,0x4A,gyro,-0.001953,-0.015625,0.009766,
5.096129,0x4B,gyro,0.009766,-0.015625,0.003906,
5.097858,0x4B,accel,9.234375,1.214844,-0.363281,
5.098505,0x4A,accel,8.402344,-3.855469,0.007812,
5.099787,0x4A,gyro,-0.005859,-0.011719,0.013672,
5.100434,0x4B,gyro,-0.001953,-0.017578,0.007812,
5.101686,0x4A,accel,8.402344,-3.855469,-0.027344,
5.102747,0x4B,accel,9.238281,1.175781,-0.402344,
5.104618,0x4A,gyro,-0.001953,-0.013672,0.007812,
5.105271,0x4B,gyro,0.001953,-0.019531,0.009766,
5.106311,0x4A,accel,8.398438,-3.894531,-0.027344,
5.107373,0x4B,accel,9.234375,1.175781,-0.441406,
5.109860,0x4B,gyro,0.005859,-0.015625,0.011719,
5.110498,0x4A,gyro,0.000000,-0.011719,0.011719,
5.111578,0x4B,accel,9.234375,1.175781,-0.441406,
5.112431,0x4A,accel,8.359375,-3.894531,-0.027344,
5.113082,0x4B,accel,9.234375,1.136719,-0.363281,
5.114967,0x4A,accel,8.402344,-3.894531,-0.066406,
5.116260,0x4B,gyro,0.003906,-0.009766,0.011719,
5.117033,0x4A,gyro,-0.001953,-0.015625,0.013672,
5.118107,0x4B,accel,9.234375,1.136719,-0.402344,
5.118819,0x4A,accel,8.398438,-3.894531,-0.027344,
5.120174,0x4A,gyro,0.001953,-0.011719,0.011719,
5.120831,0x4B,gyro,0.001953,-0.013672,0.005859,
5.121899,0x4A,accel,8.402344,-3.894531,-0.066406,
5.122961,0x4B,accel,9.207031,1.136719,-0.402344,
5.124847,0x4A,gyro,-0.003906,-0.005859,0.011719,
5.125494,0x4B,gyro,-0.001953,-0.009766,0.013672,
5.126576,0x4A,accel,8.398438,-3.894531,-0.027344,
5.127661,0x4B,accel,9.273438,1.101562,-0.363281,
5.128930,0x4B,accel,9.234375,1.101562,-0.402344,
5.129584,0x4A,gyro,0.000000,-0.009766,0.013672,
5.130234,0x4B,gyro,0.007812,-0.009766,0.005859,
5.131270,0x4A,accel,8.402344,-3.894531,-0.066406,
5.133324,0x4B,accel,9.203125,1.175781,-0.363281,
5.133975,0x4A,accel,8.359375,-3.968750,0.007812,
5.135235,0x4A,gyro,0.007812,-0.011719,0.013672,
5.135969,0x4B,gyro,0.011719,-0.011719,0.011719,
5.137762,0x4B,accel,9.207031,1.101562,-0.363281,
5.139718,0x4A,accel,8.402344,-3.816406,0.007812,
5.140391,0x4B,gyro,0.015625,-0.005859,0.009766,
5.141728,0x4A,gyro,0.017578,-0.009766,0.017578,
5.142818,0x4B,accel,9.203125,1.175781,-0.363281,
5.143460,0x4A,accel,8.437500,-3.855469,0.007812,
5.144719,0x4A,gyro,0.009766,-0.007812,0.021484,
5.145364,0x4B,gyro,0.011719,-0.009766,0.007812,
5.146411,0x4A,accel,8.363281,-3.855469,-0.027344,
5.147490,0x4B,accel,9.238281,1.136719,-0.441406,
5.149385,0x4A,gyro,0.009766,-0.005859,0.019531,
5.150029,0x4B,accel,9.203125,1.175781,-0.402344,
5.151082,0x4A,accel,8.363281,-3.855469,0.007812,
5.151732,0x4B,gyro,0.015625,-0.005859,0.005859,
5.153104,0x4B,accel,9.234375,1.214844,-0.363281,
5.153754,0x4A,accel,8.363281,-3.855469,-0.027344,
5.155014,0x4A,gyro,0.007812,-0.005859,0.019531,
5.155662,0x4B,gyro,0.011719,-0.001953,0.011719,
5.157722,0x4B,accel,9.164062,1.175781,-0.363281,
5.158365,0x4A,accel,8.359375,-3.894531,-0.027344,
5.159621,0x4A,gyro,0.005859,-0.011719,0.023438,
5.160273,0x4B,gyro,0.011719,0.000000,0.005859,
5.161925,0x4B,accel,9.238281,1.175781,-0.363281,
5.162588,0x4A,accel,8.359375,-3.894531,-0.027344,
5.165200,0x4A,gyro,0.011719,-0.013672,0.023438,
5.165846,0x4B,accel,9.234375,1.101562,-0.402344,
5.166899,0x4A,accel,8.359375,-3.968750,-0.144531,
5.167598,0x4B,gyro,0.007812,0.001953,0.007812,
5.168865,0x4B,accel,9.273438,0.984375,-0.324219,
5.169529,0x4A,gyro,0.017578,-0.013672,0.025391,
5.170183,0x4B,gyro,0.013672,0.000000,0.013672,
5.171226,0x4A,accel,8.441406,-3.929688,-0.066406,
5.172280,0x4B,accel,9.273438,1.023438,-0.324219,
5.174160,0x4A,accel,8.398438,-3.929688,-0.066406,
5.175420,0x4A,gyro,0.021484,-0.015625,0.025391,
5.176073,0x4B,gyro,0.009766,0.000000,0.007812,
5.177898,0x4B,accel,9.277344,0.945312,-0.324219,
5.179790,0x4A,accel,8.363281,-3.894531,-0.066406,
5.180495,0x4B,gyro,0.017578,0.000000,0.009766,
5.181861,0x4A,gyro,0.017578,-0.007812,0.019531,
5.182930,0x4B,accel,9.277344,1.023438,-0.289062,
5.183581,0x4A,accel,8.398438,-3.894531,-0.027344,
5.184224,0x4B,accel,9.234375,0.984375,-0.324219,
5.184897,0x4A,gyro,0.017578,-0.007812,0.015625,
5.185549,0x4B,gyro,0.023438,-0.003906,0.009766,
5.186606,0x4A,accel,8.363281,-3.855469,-0.027344,
5.188585,0x4B,accel,9.238281,1.062500,-0.324219,
5.190995,0x4A,gyro,0.019531,-0.007812,0.017578,
5.192358,0x4B,gyro,0.019531,-0.001953,0.003906,
5.193020,0x4A,accel,8.359375,-3.855469,0.046875,
5.193663,0x4B,accel,9.234375,1.101562,-0.363281,
5.194308,0x4A,accel,8.402344,-3.855469,-0.027344,
5.196311,0x4A,gyro,0.011719,-0.007812,0.011719,
5.197369,0x4B,gyro,0.019531,-0.001953,0.003906,
5.198019,0x4A,accel,8.398438,-3.855469,0.046875,
5.198671,0x4B,accel,9.273438,1.136719,-0.363281,
5.201026,0x4A,gyro,0.007812,-0.007812,0.009766,
5.202088,0x4B,gyro,0.015625,0.000000,0.000000,
5.202741,0x4A,accel,8.402344,-3.855469,0.007812,
5.203396,0x4B,accel,9.277344,1.175781,-0.402344,
5.204663,0x4B,accel,9.238281,1.175781,-0.363281,
5.205319,0x4A,gyro,0.011719,-0.007812,0.011719,
5.206389,0x4B,gyro,0.007812,-0.001953,0.001953,
5.207448,0x4A,accel,8.359375,-3.894531,0.007812,
5.208301,0x4B,accel,9.273438,1.136719,-0.363281,
5.210175,0x4A,gyro,0.001953,-0.007812,0.015625,
5.210839,0x4B,gyro,0.009766,-0.003906,0.000000,
5.211907,0x4A,accel,8.398438,-3.894531,-0.027344,
5.212654,0x4B,accel,9.277344,1.175781,-0.363281,
5.214532,0x4A,gyro,-0.003906,-0.003906,0.011719,
5.216231,0x4A,accel,8.441406,-3.894531,-0.027344,
5.217264,0x4B,gyro,0.005859,0.001953,0.003906,
5.217912,0x4A,accel,8.359375,-3.894531,-0.027344,
5.218560,0x4B,accel,9.277344,1.175781,-0.363281,
5.221017,0x4A,gyro,0.000000,-0.003906,0.005859,
5.222077,0x4B,gyro,0.003906,0.000000,-0.001953,
5.222741,0x4A,accel,8.359375,-3.894531,-0.027344,
5.223400,0x4B,accel,9.234375,1.136719,-0.363281,
5.224682,0x4B,accel,9.273438,1.136719,-0.363281,
5.225331,0x4A,gyro,0.001953,0.000000,0.005859,
5.226251,0x4B,gyro,0.001953,-0.001953,-0.001953,
5.227324,0x4A,accel,8.398438,-3.894531,-0.027344,
5.228335,0x4B,accel,9.234375,1.136719,-0.363281,
5.230229,0x4A,gyro,-0.001953,-0.005859,0.009766,
5.230875,0x4B,gyro,0.001953,0.000000,0.003906,
5.231954,0x4A,accel,8.402344,-3.855469,-0.027344,
5.232672,0x4B,accel,9.238281,1.136719,-0.480469,
5.234537,0x4A,gyro,0.001953,-0.003906,0.000000,
5.235177,0x4B,gyro,0.001953,-0.003906,-0.001953,
5.236237,0x4A,accel,8.359375,-3.894531,-0.027344,
5.237306,0x4B,accel,9.277344,1.136719,-0.441406,
5.237973,0x4A,accel,8.359375,-3.894531,-0.027344,
5.239861,0x4B,accel,9.234375,1.175781,-0.480469,
5.241040,0x4A,gyro,-0.003906,-0.003906,0.005859,
5.242029,0x4B,gyro,0.001953,0.005859,0.005859,
5.242678,0x4A,accel,8.359375,-3.894531,-0.027344,
5.243629,0x4B,accel,9.273438,1.175781,-0.480469,
5.245632,0x4A,gyro,0.007812,0.001953,0.000000,
5.246313,0x4B,gyro,0.000000,0.003906,0.001953,
5.247418,0x4A,accel,8.398438,-3.894531,-0.027344,
5.248409,0x4B,accel,9.234375,1.175781,-0.480469,
5.250353,0x4A,gyro,-0.005859,0.009766,0.000000,
5.251035,0x4B,gyro,0.001953,0.003906,0.005859,
5.252114,0x4A,accel,8.398438,-3.894531,0.007812,
5.253198,0x4B,accel,9.238281,1.136719,-0.441406,
5.255078,0x4A,gyro,0.001953,0.003906,0.011719,
5.255716,0x4B,gyro,-0.005859,0.007812,0.003906,
5.256826,0x4A,accel,8.363281,-3.855469,-0.027344,
5.257795,0x4B,accel,9.238281,1.136719,-0.441406,
5.259656,0x4A,accel,8.359375,-3.894531,-0.027344,
5.260297,0x4B,accel,9.234375,1.101562,-0.402344,
5.260953,0x4A,gyro,0.001953,0.007812,0.003906,
5.261734,0x4B,gyro,-0.007812,0.013672,0.000000,
5.262698,0x4A,accel,8.359375,-3.894531,-0.027344,
5.263399,0x4B,accel,9.207031,1.136719,-0.402344,
5.265281,0x4A,gyro,0.000000,0.007812,0.000000,
5.265927,0x4B,gyro,-0.011719,0.007812,0.005859,
5.266967,0x4A,accel,8.359375,-3.894531,-0.027344,
5.268037,0x4B,accel,9.234375,1.101562,-0.363281,
5.269910,0x4A,gyro,0.009766,0.005859,0.005859,
5.270561,0x4B,gyro,-0.007812,0.009766,0.007812,
5.271596,0x4A,accel,8.363281,-3.894531,-0.066406,
5.272710,0x4B,accel,9.203125,1.101562,-0.324219,
5.274717,0x4A,accel,8.363281,-3.929688,0.007812,
5.275364,0x4B,gyro,-0.003906,0.011719,0.003906,
5.276672,0x4A,gyro,0.007812,0.005859,0.001953,
5.277478,0x4B,accel,9.238281,1.062500,-0.324219,
5.278123,0x4A,accel,8.402344,-3.929688,-0.027344,
5.278773,0x4B,accel,9.238281,1.062500,-0.324219,
5.281206,0x4A,gyro,0.007812,0.003906,-0.003906,
5.281854,0x4B,gyro,-0.001953,0.005859,0.000000,
5.282859,0x4A,accel,8.398438,-3.855469,0.046875,
5.283523,0x4B,accel,9.238281,1.101562,-0.324219,
5.285434,0x4A,gyro,0.007812,0.005859,0.001953,
5.286080,0x4B,gyro,-0.001953,0.009766,-0.003906,
5.287158,0x4A,accel,8.363281,-3.855469,0.007812,
5.288231,0x4B,accel,9.238281,1.136719,-0.324219,
5.290097,0x4A,gyro,0.003906,0.007812,0.000000,
5.290752,0x4B,gyro,0.001953,0.007812,-0.001953,
5.291804,0x4A,accel,8.359375,-3.894531,0.007812,
5.292917,0x4B,accel,9.234375,1.101562,-0.363281,
5.294787,0x4A,gyro,0.005859,0.007812,0.000000,
5.295423,0x4B,accel,9.238281,1.101562,-0.324219,
5.296508,0x4A,accel,8.398438,-3.894531,0.007812,
5.297296,0x4B,gyro,-0.001953,0.009766,-0.003906,
5.297936,0x4A,accel,8.363281,-3.894531,0.046875,
5.298577,0x4B,accel,9.203125,1.062500,-0.324219,
5.301213,0x4A,gyro,0.000000,0.009766,0.000000,
5.301859,0x4B,gyro,-0.001953,0.011719,-0.001953,
5.302850,0x4A,accel,8.398438,-3.894531,0.007812,
5.303530,0x4B,accel,9.207031,1.136719,-0.289062,
5.305424,0x4A,gyro,0.000000,0.003906,-0.003906,
5.306076,0x4B,gyro,-0.003906,0.001953,-0.001953,
5.307132,0x4A,accel,8.402344,-3.894531,-0.066406,
5.308256,0x4B,accel,9.234375,1.136719,-0.289062,
5.310169,0x4A,gyro,0.003906,0.003906,-0.003906,
5.310831,0x4B,gyro,0.001953,0.003906,-0.001953,
5.311913,0x4A,accel,8.363281,-3.894531,-0.066406,
5.312955,0x4B,accel,9.234375,1.101562,-0.289062,
5.314819,0x4A,gyro,-0.001953,0.007812,0.000000,
5.315456,0x4B,accel,9.238281,1.136719,-0.324219,
5.316522,0x4A,accel,8.398438,-3.894531,-0.027344,
5.317971,0x4B,gyro,-0.001953,0.005859,-0.001953,
5.318641,0x4A,accel,8.359375,-3.894531,0.007812,
5.319288,0x4B,accel,9.207031,1.101562,-0.250000,
5.319935,0x4A,gyro,0.000000,0.005859,-0.003906,
5.320583,0x4B,gyro,0.003906,0.001953,-0.003906,
5.322340,0x4B,accel,9.234375,1.101562,-0.250000,
5.323006,0x4A,accel,8.324219,-3.894531,0.007812,
5.325601,0x4A,gyro,0.005859,0.005859,-0.007812,
5.326249,0x4B,gyro,0.000000,0.003906,-0.003906,
5.327322,0x4A,accel,8.359375,-3.894531,-0.027344,
5.328420,0x4B,accel,9.207031,1.136719,-0.289062,
5.329686,0x4B,accel,9.277344,1.175781,-0.289062,
5.330335,0x4A,gyro,0.003906,0.000000,-0.005859,
5.330986,0x4B,gyro,0.007812,0.000000,-0.001953,
5.332038,0x4A,accel,8.359375,-3.894531,0.007812,
5.334572,0x4A,gyro,0.000000,0.000000,-0.005859,
5.335208,0x4B,accel,9.203125,1.175781,-0.289062,
5.336273,0x4A,accel,8.363281,-3.855469,-0.027344,
5.336950,0x4B,gyro,0.003906,0.003906,-0.005859,
5.337601,0x4A,accel,8.398438,-3.894531,-0.027344,
5.338598,0x4B,accel,9.234375,1.214844,-0.363281,
5.341132,0x4A,gyro,-0.001953,0.000000,-0.001953,
5.342294,0x4B,gyro,0.003906,-0.001953,-0.003906,
5.342947,0x4A,accel,8.359375,-3.894531,-0.027344,
5.343769,0x4B,accel,9.203125,1.214844,-0.324219,
5.345671,0x4A,gyro,0.000000,0.001953,0.001953,
5.346335,0x4B,gyro,0.003906,0.001953,-0.003906,
5.347390,0x4A,accel,8.363281,-3.855469,-0.027344,
5.348384,0x4B,accel,9.207031,1.175781,-0.324219,
5.349645,0x4B,accel,9.234375,1.175781,-0.324219,
5.350292,0x4A,gyro,0.000000,0.000000,0.001953,
5.350928,0x4B,gyro,0.001953,0.000000,-0.001953,
5.352005,0x4A,accel,8.402344,-3.855469,-0.027344,
5.353884,0x4B,accel,9.234375,1.136719,-0.289062,
5.354525,0x4A,gyro,0.005859,-0.001953,0.001953,
5.356362,0x4A,accel,8.359375,-3.894531,-0.027344,
5.357596,0x4B,gyro,0.003906,0.000000,-0.001953,
5.358269,0x4A,accel,8.398438,-3.894531,-0.027344,
5.358935,0x4B,accel,9.203125,1.175781,-0.363281,
5.361168,0x4A,gyro,0.000000,0.001953,-0.003906,
5.362224,0x4B,gyro,0.003906,0.001953,0.003906,
5.362892,0x4A,accel,8.363281,-3.855469,0.007812,
5.363704,0x4B,accel,9.238281,1.136719,-0.324219,
5.365619,0x4A,gyro,0.003906,-0.003906,-0.001953,
5.366283,0x4B,gyro,0.003906,0.000000,0.000000,
5.367359,0x4A,accel,8.324219,-3.894531,-0.027344,
5.368087,0x4B,accel,9.238281,1.136719,-0.324219,
5.370032,0x4A,gyro,-0.003906,0.001953,-0.001953,
5.370701,0x4B,accel,9.234375,1.214844,-0.363281,
5.371756,0x4A,accel,8.359375,-3.894531,-0.027344,
5.372413,0x4B,gyro,0.000000,-0.003906,0.003906,
5.373838,0x4B,accel,9.273438,1.136719,-0.363281,
5.374495,0x4A,accel,8.359375,-3.894531,-0.027344,
5.375785,0x4A,gyro,0.000000,0.003906,0.000000,
5.376446,0x4B,gyro,0.001953,-0.001953,0.000000,
5.378208,0x4B,accel,9.234375,1.136719,-0.363281,
5.380093,0x4A,accel,8.398438,-3.894531,-0.027344,
5.380790,0x4B,gyro,0.001953,0.001953,0.003906,
5.381436,0x4A,gyro,0.001953,-0.003906,-0.003906,
5.382484,0x4B,accel,9.234375,1.136719,-0.363281,
5.383137,0x4A,accel,8.398438,-3.894531,0.007812,
5.385155,0x4B,accel,9.234375,1.136719,-0.363281,
5.385799,0x4A,gyro,-0.003906,-0.003906,0.003906,
5.386444,0x4B,gyro,0.003906,0.001953,0.001953,
5.387521,0x4A,accel,8.398438,-3.894531,-0.027344,
5.389435,0x4B,accel,9.234375,1.101562,-0.289062,
5.390082,0x4A,gyro,0.005859,0.001953,-0.001953,
5.390727,0x4B,gyro,0.000000,-0.001953,0.003906,
5.391771,0x4A,accel,8.363281,-3.929688,-0.027344,
5.392807,0x4B,accel,9.238281,1.101562,-0.324219,
5.394680,0x4A,accel,8.359375,-3.894531,0.007812,
5.395945,0x4A,gyro,0.001953,-0.001953,-0.003906,
5.396588,0x4B,gyro,0.003906,0.003906,0.001953,
5.398431,0x4B,accel,9.238281,1.101562,-0.324219,
5.400294,0x4A,accel,8.363281,-3.894531,-0.066406,
5.400940,0x4B,gyro,0.001953,0.000000,0.007812,
5.401578,0x4A,gyro,0.003906,0.001953,0.000000,
5.402653,0x4B,accel,9.238281,1.101562,-0.324219,
5.403312,0x4A,accel,8.324219,-3.894531,-0.027344,
5.405184,0x4B,accel,9.203125,1.101562,-0.324219,
5.405832,0x4A,gyro,0.001953,0.000000,-0.003906,
5.406893,0x4B,gyro,0.009766,0.003906,0.000000,
5.407932,0x4A,accel,8.359375,-3.894531,0.007812,
5.408772,0x4B,accel,9.277344,1.101562,-0.324219,
5.410645,0x4A,gyro,-0.001953,0.000000,-0.003906,
5.411289,0x4B,gyro,0.009766,0.003906,0.000000,
5.412321,0x4A,accel,8.398438,-3.894531,-0.027344,
5.412998,0x4B,accel,9.234375,1.136719,-0.402344,
5.414863,0x4A,gyro,0.000000,0.000000,0.000000,
5.416552,0x4A,accel,8.398438,-3.894531,-0.027344,
5.417593,0x4B,gyro,0.017578,0.001953,0.003906,
5.418235,0x4A,accel,8.363281,-3.855469,-0.027344,
5.419142,0x4B,accel,9.238281,1.101562,-0.324219,
5.420472,0x4B,accel,9.234375,1.136719,-0.363281,
5.421405,0x4A,gyro,0.007812,0.000000,-0.003906,
5.422723,0x4B,gyro,0.007812,0.001953,0.000000,
5.423387,0x4A,accel,8.363281,-3.894531,-0.066406,
5.424026,0x4B,accel,9.234375,1.136719,-0.402344,
5.425913,0x4A,gyro,0.000000,0.003906,-0.005859,
5.426999,0x4B,gyro,0.011719,0.003906,0.001953,
5.428092,0x4A,accel,8.398438,-3.894531,0.007812,
5.428851,0x4B,accel,9.234375,1.136719,-0.402344,
5.430779,0x4A,gyro,0.005859,0.003906,-0.005859,
5.431445,0x4B,gyro,0.013672,0.007812,-0.003906,
5.432528,0x4A,accel,8.398438,-3.894531,-0.027344,
5.433203,0x4B,accel,9.277344,1.101562,-0.441406,
5.435116,0x4A,gyro,0.000000,0.003906,-0.011719,
5.436824,0x4A,accel,8.398438,-3.894531,-0.027344,
5.437881,0x4B,gyro,0.013672,0.007812,0.000000,
5.439144,0x4B,accel,9.277344,1.101562,-0.441406,
5.439789,0x4A,accel,8.363281,-3.894531,-0.066406,
5.441641,0x4A,gyro,0.003906,0.003906,-0.009766,
5.442686,0x4B,gyro,0.013672,0.005859,-0.001953,
5.443346,0x4A,accel,8.398438,-3.894531,-0.027344,
5.443988,0x4B,accel,9.238281,1.062500,-0.441406,
5.445273,0x4B,accel,9.207031,1.062500,-0.402344,
5.445928,0x4A,gyro,0.009766,0.005859,-0.013672,
5.446854,0x4B,gyro,0.013672,0.011719,0.000000,
5.447946,0x4A,accel,8.359375,-3.894531,-0.027344,
5.448917,0x4B,accel,9.167969,1.101562,-0.363281,
5.450916,0x4A,gyro,0.005859,0.005859,-0.013672,
5.451582,0x4B,gyro,0.021484,0.011719,0.001953,
5.452685,0x4A,accel,8.363281,-3.894531,0.046875,
5.453352,0x4B,accel,9.203125,1.101562,-0.324219,
5.455232,0x4A,gyro,0.005859,0.007812,-0.015625,
5.455871,0x4B,gyro,0.025391,0.009766,-0.003906,
5.456929,0x4A,accel,8.320312,-3.855469,-0.027344,
5.457974,0x4B,accel,9.167969,1.136719,-0.402344,
5.458621,0x4A,accel,8.320312,-3.855469,0.007812,
5.460493,0x4B,accel,9.164062,1.136719,-0.324219,
5.461626,0x4A,gyro,0.009766,0.007812,-0.009766,
5.462616,0x4B,gyro,0.021484,0.009766,-0.003906,
5.463315,0x4A,accel,8.363281,-3.855469,-0.027344,
5.463967,0x4B,accel,9.125000,1.136719,-0.324219,
5.465869,0x4A,gyro,0.003906,0.007812,-0.011719,
5.466613,0x4B,gyro,0.019531,0.005859,0.005859,
5.467667,0x4A,accel,8.363281,-3.855469,-0.027344,
5.468746,0x4B,accel,9.125000,1.175781,-0.289062,
5.470640,0x4A,gyro,0.000000,0.003906,-0.009766,
5.471298,0x4B,gyro,0.019531,0.005859,-0.007812,
5.472358,0x4A,accel,8.320312,-3.855469,0.007812,
5.473225,0x4B,accel,9.128906,1.214844,-0.250000,
5.475103,0x4A,gyro,0.005859,0.005859,-0.009766,
5.475741,0x4B,gyro,0.017578,0.009766,0.007812,
5.476797,0x4A,accel,8.320312,-3.855469,0.007812,
5.477944,0x4B,accel,9.128906,1.214844,-0.289062,
5.478585,0x4A,accel,8.320312,-3.816406,0.007812,
5.479224,0x4B,accel,9.128906,1.253906,-0.289062,
5.480480,0x4B,gyro,0.017578,0.009766,-0.001953,
5.481523,0x4A,gyro,0.011719,0.003906,-0.007812,
5.483140,0x4A,accel,8.320312,-3.855469,0.007812,
5.483951,0x4B,accel,9.125000,1.253906,-0.324219,
5.485851,0x4A,gyro,0.007812,0.000000,-0.003906,
5.486499,0x4B,gyro,0.009766,0.005859,0.005859,
5.487560,0x4A,accel,8.320312,-3.855469,0.007812,
5.488628,0x4B,accel,9.167969,1.214844,-0.363281,
5.490498,0x4A,gyro,0.001953,0.001953,0.000000,
5.491146,0x4B,gyro,0.000000,0.003906,0.003906,
5.492179,0x4A,accel,8.359375,-3.894531,-0.027344,
5.493272,0x4B,accel,9.167969,1.136719,-0.402344,
5.495133,0x4A,gyro,0.000000,0.001953,-0.003906,
5.495765,0x4B,gyro,0.003906,0.011719,0.000000,
5.496804,0x4A,accel,8.324219,-3.894531,0.007812,
5.497863,0x4B,accel,9.128906,1.101562,-0.363281,
5.499125,0x4B,accel,9.207031,1.062500,-0.363281,
5.499762,0x4A,accel,8.359375,-3.894531,-0.027344,
5.501410,0x4A,gyro,0.000000,0.000000,0.000000,
5.502066,0x4B,gyro,-0.001953,0.005859,-0.001953,
5.503110,0x4A,accel,8.363281,-3.855469,-0.027344,
5.503998,0x4B,accel,9.203125,1.023438,-0.363281,
5.505925,0x4A,gyro,0.003906,0.007812,-0.003906,
5.506583,0x4B,gyro,0.001953,0.011719,0.005859,
5.507649,0x4A,accel,8.363281,-3.894531,-0.105469,
5.508724,0x4B,accel,9.203125,0.984375,-0.363281,
5.510594,0x4A,gyro,0.007812,0.003906,-0.009766,
5.511240,0x4B,gyro,0.000000,0.009766,-0.001953,
5.512313,0x4A,accel,8.359375,-3.894531,0.007812,
5.513623,0x4B,accel,9.164062,0.984375,-0.363281,
5.516283,0x4A,gyro,0.003906,0.011719,-0.007812,
5.518214,0x4B,accel,9.234375,0.945312,-0.363281,
5.518857,0x4A,accel,8.324219,-3.894531,0.007812,
5.519492,0x4B,gyro,0.005859,0.005859,-0.003906,
5.520141,0x4A,accel,8.359375,-3.894531,-0.027344,
5.520789,0x4B,accel,9.164062,0.984375,-0.402344,
5.521478,0x4A,gyro,0.001953,0.009766,-0.005859,
5.522221,0x4B,gyro,0.003906,0.009766,-0.001953,
5.523168,0x4A,accel,8.359375,-3.894531,-0.027344,
5.524048,0x4B,accel,9.207031,1.023438,-0.441406,
5.525965,0x4A,gyro,0.009766,0.007812,-0.015625,
5.526630,0x4B,gyro,0.005859,0.009766,-0.007812,
5.527686,0x4A,accel,8.359375,-3.894531,-0.027344,
5.528779,0x4B,accel,9.238281,1.023438,-0.363281,
5.530601,0x4A,gyro,0.000000,0.011719,-0.009766,
5.531220,0x4B,gyro,0.005859,0.011719,-0.013672,
5.532311,0x4A,accel,8.359375,-3.894531,0.007812,
5.533352,0x4B,accel,9.207031,1.062500,-0.363281,
5.535177,0x4A,gyro,0.007812,0.011719,-0.011719,
5.535790,0x4B,accel,9.164062,1.062500,-0.324219,
5.536831,0x4A,accel,8.359375,-3.894531,0.007812,
5.537462,0x4B,gyro,0.003906,0.011719,-0.013672,
5.539070,0x4B,accel,9.167969,1.062500,-0.363281,
5.539707,0x4A,accel,8.324219,-3.894531,0.007812,
5.541703,0x4A,gyro,0.009766,0.009766,-0.019531,
5.542738,0x4B,gyro,0.003906,0.017578,-0.023438,
5.543396,0x4A,accel,8.324219,-3.894531,0.007812,
5.544203,0x4B,accel,9.128906,1.101562,-0.250000,
5.546086,0x4A,gyro,0.001953,0.013672,-0.013672,
5.546734,0x4B,gyro,0.001953,0.011719,-0.015625,
5.547797,0x4A,accel,8.363281,-3.855469,-0.027344,
5.548863,0x4B,accel,9.128906,1.136719,-0.289062,
5.550699,0x4A,gyro,0.007812,0.017578,-0.017578,
5.551320,0x4B,accel,9.089844,1.136719,-0.289062,
5.552366,0x4A,accel,8.324219,-3.894531,0.007812,
5.553204,0x4B,gyro,0.005859,0.009766,-0.017578,
5.555009,0x4A,gyro,0.003906,0.009766,-0.011719,
5.555618,0x4B,accel,9.128906,1.214844,-0.250000,
5.556651,0x4A,accel,8.320312,-3.855469,0.007812,
5.557279,0x4B,gyro,0.000000,0.009766,-0.017578,
5.558948,0x4B,accel,9.128906,1.214844,-0.250000,
5.559590,0x4A,accel,8.363281,-3.855469,-0.027344,
5.560870,0x4A,gyro,0.003906,0.011719,-0.019531,
5.561560,0x4B,gyro,0.003906,0.011719,-0.015625,
5.562796,0x4A,accel,8.324219,-3.816406,-0.066406,
5.563867,0x4B,accel,9.128906,1.253906,-0.289062,
5.565971,0x4A,gyro,0.001953,0.007812,-0.015625,
5.566620,0x4B,gyro,-0.003906,0.005859,-0.013672,
5.567679,0x4A,accel,8.320312,-3.816406,0.007812,
5.568771,0x4B,accel,9.089844,1.253906,-0.250000,
5.570589,0x4A,gyro,0.000000,0.005859,-0.009766,
5.571208,0x4B,accel,9.128906,1.214844,-0.210938,
5.572203,0x4A,accel,8.320312,-3.816406,-0.027344,
5.572912,0x4B,gyro,-0.001953,0.001953,-0.011719,
5.574135,0x4B,accel,9.128906,1.214844,-0.210938,
5.576445,0x4A,gyro,0.000000,0.005859,-0.007812,
5.577072,0x4B,gyro,-0.007812,0.005859,-0.011719,
5.577930,0x4A,accel,8.320312,-3.855469,0.007812,
5.578970,0x4B,accel,9.128906,1.253906,-0.250000,
5.580802,0x4A,gyro,-0.005859,0.000000,-0.005859,
5.581449,0x4B,gyro,-0.009766,0.000000,-0.005859,
5.582096,0x4A,accel,8.281250,-3.855469,0.046875,
5.583144,0x4B,accel,9.125000,1.175781,-0.210938,
5.583801,0x4A,accel,8.320312,-3.855469,0.007812,
5.586323,0x4A,gyro,-0.003906,-0.001953,-0.005859,
5.587350,0x4B,gyro,-0.007812,0.000000,-0.007812,
5.588263,0x4A,accel,8.359375,-3.855469,0.046875,
5.588918,0x4B,accel,9.085938,1.175781,-0.210938,
5.590133,0x4B,accel,9.125000,1.214844,-0.171875,
5.590761,0x4A,gyro,-0.001953,0.003906,-0.003906,
5.591398,0x4B,gyro,-0.005859,-0.001953,-0.011719,
5.592426,0x4A,accel,8.324219,-3.855469,0.046875,
5.594248,0x4B,accel,9.128906,1.136719,-0.132812,
5.596524,0x4A,gyro,-0.001953,0.000000,-0.005859,
5.597142,0x4B,gyro,-0.007812,-0.003906,-0.011719,
5.598031,0x4A,accel,8.320312,-3.855469,-0.027344,
5.599108,0x4B,accel,9.125000,1.214844,-0.171875,
5.601000,0x4A,gyro,-0.003906,-0.005859,-0.003906,
5.601649,0x4B,gyro,-0.007812,-0.009766,-0.011719,
5.602292,0x4A,accel,8.324219,-3.855469,0.046875,
5.603338,0x4B,accel,9.128906,1.253906,-0.210938,
5.603973,0x4A,accel,8.320312,-3.855469,-0.027344,
5.605240,0x4A,gyro,-0.003906,-0.005859,0.000000,
5.605892,0x4B,gyro,-0.011719,-0.011719,-0.007812,
5.606955,0x4A,accel,8.320312,-3.855469,0.007812,
5.607985,0x4B,accel,9.125000,1.175781,-0.210938,
5.609212,0x4B,accel,9.167969,1.136719,-0.210938,
5.611026,0x4A,gyro,-0.007812,-0.007812,-0.003906,
5.612068,0x4B,gyro,-0.009766,-0.015625,-0.001953,
5.613123,0x4A,accel,8.320312,-3.855469,0.007812,
5.613758,0x4B,accel,9.167969,1.101562,-0.250000,
5.615560,0x4A,gyro,-0.005859,-0.011719,-0.007812,
5.617190,0x4A,accel,8.320312,-3.855469,0.007812,
5.618185,0x4B,gyro,-0.007812,-0.013672,-0.007812,
5.619451,0x4B,accel,9.167969,1.062500,-0.250000,
5.620088,0x4A,accel,8.324219,-3.855469,-0.066406,
5.622069,0x4A,gyro,-0.011719,-0.013672,-0.007812,
5.623117,0x4B,gyro,-0.009766,-0.021484,-0.005859,
5.623752,0x4A,accel,8.320312,-3.855469,0.007812,
5.624391,0x4B,accel,9.167969,1.101562,-0.210938,
5.625057,0x4A,gyro,-0.013672,-0.015625,-0.001953,
5.625702,0x4B,accel,9.167969,1.101562,-0.250000,
5.626957,0x4A,accel,8.398438,-3.894531,0.007812,
5.628048,0x4B,gyro,-0.013672,-0.015625,-0.007812,
5.629279,0x4B,accel,9.167969,1.101562,-0.210938,
5.631193,0x4A,gyro,-0.011719,-0.011719,-0.005859,
5.632041,0x4B,gyro,-0.011719,-0.019531,-0.013672,
5.633118,0x4A,accel,8.363281,-3.816406,0.007812,
5.633783,0x4B,accel,9.167969,1.136719,-0.250000,
5.635615,0x4A,gyro,-0.011719,-0.013672,-0.007812,
5.637273,0x4A,accel,8.363281,-3.855469,0.007812,
5.638296,0x4B,gyro,-0.005859,-0.021484,-0.007812,
5.639539,0x4B,accel,9.207031,1.101562,-0.289062,
5.640179,0x4A,accel,8.398438,-3.894531,0.007812,
5.642009,0x4A,gyro,-0.007812,-0.011719,-0.005859,
5.643062,0x4B,gyro,-0.009766,-0.027344,-0.003906,
5.643700,0x4A,accel,8.363281,-3.855469,-0.027344,
5.644336,0x4B,accel,9.164062,1.175781,-0.289062,
5.645010,0x4A,gyro,-0.011719,-0.015625,-0.007812,
5.645654,0x4B,accel,9.207031,1.136719,-0.250000,
5.646971,0x4A,accel,8.363281,-3.855469,-0.027344,
5.647753,0x4B,gyro,-0.007812,-0.023438,-0.005859,
5.649374,0x4B,accel,9.164062,1.175781,-0.250000,
5.651196,0x4A,gyro,-0.009766,-0.013672,-0.003906,
5.651816,0x4B,gyro,-0.001953,-0.023438,-0.009766,
5.652865,0x4A,accel,8.363281,-3.855469,0.007812,
5.653605,0x4B,accel,9.167969,1.175781,-0.324219,
5.655431,0x4A,gyro,-0.009766,-0.017578,-0.003906,
5.657146,0x4A,accel,8.363281,-3.855469,0.007812,
5.658194,0x4B,gyro,-0.011719,-0.023438,-0.007812,
5.659637,0x4B,accel,9.125000,1.175781,-0.289062,
5.660278,0x4A,accel,8.363281,-3.855469,0.007812,
5.660942,0x4B,accel,9.207031,1.136719,-0.289062,
5.662066,0x4A,gyro,-0.019531,-0.017578,-0.003906,
5.663290,0x4B,gyro,-0.005859,-0.023438,-0.005859,
5.663949,0x4A,accel,8.363281,-3.855469,0.007812,
5.664596,0x4B,accel,9.203125,1.214844,-0.324219,
5.666497,0x4A,gyro,-0.011719,-0.013672,-0.005859,
5.667459,0x4B,gyro,-0.005859,-0.029297,-0.003906,
5.668373,0x4A,accel,8.402344,-3.855469,0.007812,
5.669335,0x4B,accel,9.203125,1.175781,-0.289062,
5.671158,0x4A,gyro,-0.007812,-0.017578,-0.003906,
5.671784,0x4B,gyro,-0.009766,-0.023438,-0.007812,
5.672826,0x4A,accel,8.363281,-3.855469,0.007812,
5.673702,0x4B,accel,9.164062,1.175781,-0.363281,
5.675546,0x4A,gyro,-0.011719,-0.019531,-0.001953,
5.677188,0x4A,accel,8.320312,-3.855469,-0.027344,
5.678238,0x4B,gyro,-0.011719,-0.023438,-0.009766,
5.679491,0x4B,accel,9.167969,1.214844,-0.363281,
5.680124,0x4A,accel,8.402344,-3.816406,-0.027344,
5.680761,0x4B,accel,9.207031,1.253906,-0.402344,
5.682150,0x4A,gyro,-0.011719,-0.019531,-0.001953,
5.683216,0x4B,gyro,-0.009766,-0.027344,-0.003906,
5.683847,0x4A,accel,8.402344,-3.855469,-0.027344,
5.684478,0x4B,accel,9.207031,1.253906,-0.402344,
5.685144,0x4A,gyro,-0.005859,-0.015625,0.003906,
5.687068,0x4A,accel,8.398438,-3.855469,-0.066406,
5.687691,0x4B,gyro,-0.007812,-0.025391,-0.009766,
5.689379,0x4B,accel,9.234375,1.214844,-0.363281,
5.691198,0x4A,gyro,-0.011719,-0.013672,0.001953,
5.691818,0x4B,gyro,-0.011719,-0.023438,-0.005859,
5.692846,0x4A,accel,8.402344,-3.855469,0.007812,
5.693725,0x4B,accel,9.167969,1.253906,-0.402344,
5.695560,0x4A,gyro,-0.009766,-0.015625,0.001953,
5.696236,0x4B,gyro,-0.013672,-0.021484,-0.003906,
5.697288,0x4A,accel,8.363281,-3.855469,-0.027344,
5.698354,0x4B,accel,9.164062,1.214844,-0.441406,
5.700217,0x4A,accel,8.402344,-3.855469,-0.027344,
5.700862,0x4B,accel,9.203125,1.175781,-0.402344,
5.702194,0x4A,gyro,-0.011719,-0.017578,0.003906,
5.702914,0x4B,gyro,-0.013672,-0.023438,-0.001953,
5.703571,0x4A,accel,8.398438,-3.894531,0.007812,
5.704538,0x4B,accel,9.207031,1.136719,-0.363281,
5.705209,0x4A,gyro,-0.011719,-0.013672,0.009766,
5.707093,0x4A,accel,8.363281,-3.855469,0.007812,
5.708149,0x4B,gyro,-0.009766,-0.025391,-0.001953,
5.709612,0x4B,accel,9.203125,1.175781,-0.363281,
5.711420,0x4A,gyro,-0.003906,-0.011719,0.003906,
5.712048,0x4B,gyro,-0.005859,-0.021484,-0.001953,
5.713080,0x4A,accel,8.363281,-3.816406,-0.027344,
5.714157,0x4B,accel,9.207031,1.214844,-0.363281,
5.715971,0x4A,gyro,-0.005859,-0.017578,0.009766,
5.716600,0x4B,gyro,-0.007812,-0.015625,-0.005859,
5.717686,0x4A,accel,8.402344,-3.855469,-0.027344,
5.718640,0x4B,accel,9.164062,1.214844,-0.441406,
5.720519,0x4A,accel,8.398438,-3.855469,-0.066406,
5.721162,0x4B,accel,9.238281,1.175781,-0.402344,
5.722336,0x4A,gyro,-0.001953,-0.015625,0.003906,
5.722992,0x4B,gyro,-0.001953,-0.021484,-0.001953,
5.723642,0x4A,accel,8.402344,-3.855469,-0.027344,
5.724505,0x4B,accel,9.234375,1.136719,-0.402344,
5.725159,0x4A,gyro,-0.007812,-0.013672,0.005859,
5.727152,0x4A,accel,8.402344,-3.855469,-0.027344,
5.728172,0x4B,gyro,-0.003906,-0.017578,0.001953,
5.729623,0x4B,accel,9.273438,1.136719,-0.363281,
5.731431,0x4A,gyro,-0.005859,-0.013672,0.009766,
5.732067,0x4B,gyro,-0.005859,-0.019531,-0.001953,
5.733111,0x4A,accel,8.402344,-3.855469,0.007812,
5.734175,0x4B,accel,9.238281,1.175781,-0.402344,
5.736000,0x4A,gyro,-0.003906,-0.015625,0.007812,
5.736615,0x4B,gyro,-0.007812,-0.015625,0.001953,
5.737669,0x4A,accel,8.402344,-3.855469,0.007812,
5.738628,0x4B,accel,9.234375,1.175781,-0.441406,
5.739868,0x4B,accel,9.207031,1.175781,-0.441406,
5.740506,0x4A,gyro,-0.003906,-0.011719,0.007812,
5.742296,0x4A,accel,8.398438,-3.855469,-0.066406,
5.742942,0x4B,gyro,-0.007812,-0.015625,0.003906,
5.743595,0x4A,accel,8.359375,-3.894531,-0.027344,
5.744555,0x4B,accel,9.207031,1.136719,-0.402344,
5.745190,0x4A,gyro,-0.005859,-0.009766,0.005859,
5.746429,0x4A,accel,8.359375,-3.855469,-0.066406,
5.747049,0x4B,gyro,-0.005859,-0.015625,-0.001953,
5.749069,0x4B,accel,9.234375,1.136719,-0.402344,
5.750996,0x4A,gyro,-0.005859,-0.011719,0.005859,
5.751640,0x4B,gyro,-0.009766,-0.011719,-0.001953,
5.752671,0x4A,accel,8.398438,-3.855469,-0.066406,
5.753765,0x4B,accel,9.238281,1.136719,-0.441406,
5.755623,0x4A,gyro,-0.005859,-0.011719,0.009766,
5.756264,0x4B,accel,9.277344,1.136719,-0.441406,
5.757317,0x4A,accel,8.398438,-3.855469,-0.066406,
5.758267,0x4B,gyro,-0.007812,-0.007812,0.000000,
5.759555,0x4B,accel,9.238281,1.101562,-0.480469,
5.760197,0x4A,accel,8.398438,-3.855469,-0.066406,
5.762160,0x4A,gyro,-0.003906,-0.005859,0.001953,
5.762791,0x4B,gyro,0.003906,-0.007812,0.003906,
5.763809,0x4A,accel,8.398438,-3.894531,-0.027344,
5.764542,0x4B,accel,9.273438,1.101562,-0.402344,
5.766363,0x4A,gyro,0.000000,-0.005859,0.003906,
5.766979,0x4B,gyro,-0.005859,-0.003906,0.000000,
5.768022,0x4A,accel,8.398438,-3.894531,-0.027344,
5.769073,0x4B,accel,9.238281,1.101562,-0.441406,
5.770897,0x4A,gyro,-0.001953,-0.003906,0.001953,
5.771525,0x4B,gyro,0.003906,-0.007812,0.000000,
5.772562,0x4A,accel,8.402344,-3.855469,-0.027344,
5.773649,0x4B,accel,9.277344,1.136719,-0.480469,
5.775508,0x4A,gyro,-0.003906,-0.007812,0.001953,
5.776143,0x4B,accel,9.238281,1.136719,-0.441406,
5.777209,0x4A,accel,8.402344,-3.855469,-0.027344,
5.777862,0x4B,gyro,0.001953,-0.005859,-0.001953,
5.779568,0x4B,accel,9.277344,1.101562,-0.480469,
5.780202,0x4A,accel,8.441406,-3.894531,-0.027344,
5.782064,0x4A,gyro,0.000000,-0.001953,0.003906,
5.783234,0x4B,gyro,0.005859,0.003906,0.001953,
5.783864,0x4A,accel,8.398438,-3.855469,-0.066406,
5.784666,0x4B,accel,9.238281,1.101562,-0.480469,
5.786514,0x4A,gyro,-0.001953,0.000000,0.003906,
5.787166,0x4B,gyro,0.007812,0.001953,-0.001953,
5.788220,0x4A,accel,8.441406,-3.894531,0.007812,
5.789294,0x4B,accel,9.277344,1.101562,-0.480469,
5.791110,0x4A,gyro,0.005859,0.000000,-0.001953,
5.791725,0x4B,accel,9.234375,1.101562,-0.519531,
5.792736,0x4A,accel,8.402344,-3.855469,-0.027344,
5.793532,0x4B,gyro,0.001953,0.001953,0.000000,
5.794785,0x4B,accel,9.234375,1.175781,-0.554688,
5.795429,0x4A,gyro,0.003906,0.003906,0.001953,
5.797087,0x4A,accel,8.437500,-3.894531,-0.066406,
5.797741,0x4B,gyro,0.005859,0.003906,-0.005859,
5.799423,0x4B,accel,9.273438,1.136719,-0.519531,
5.800055,0x4A,accel,8.437500,-3.894531,-0.066406,
5.801314,0x4A,gyro,0.007812,0.003906,0.005859,
5.801929,0x4B,gyro,0.007812,0.011719,-0.003906,
5.802554,0x4A,accel,8.402344,-3.855469,-0.027344,
5.803550,0x4B,accel,9.234375,1.136719,-0.519531,
5.806207,0x4A,gyro,0.007812,0.009766,-0.005859,
5.806828,0x4B,accel,9.234375,1.101562,-0.519531,
5.807862,0x4A,accel,8.402344,-3.894531,-0.066406,
5.808925,0x4B,gyro,0.005859,0.009766,-0.001953,
5.810778,0x4A,gyro,0.007812,0.009766,0.001953,
5.811425,0x4B,accel,9.277344,1.101562,-0.480469,
5.812461,0x4A,accel,8.402344,-3.894531,-0.066406,
5.813208,0x4B,gyro,0.009766,0.011719,-0.003906,
5.814840,0x4B,accel,9.277344,1.101562,-0.480469,
5.815487,0x4A,accel,8.359375,-3.855469,-0.066406,
5.816739,0x4A,gyro,0.005859,0.015625,0.000000,
5.817377,0x4B,gyro,0.005859,0.017578,-0.007812,
5.819506,0x4B,accel,9.238281,1.175781,-0.519531,
5.821389,0x4A,accel,8.398438,-3.855469,-0.066406,
5.822017,0x4B,gyro,0.009766,0.021484,-0.003906,
5.822633,0x4A,gyro,0.009766,0.011719,-0.003906,
5.823629,0x4B,accel,9.234375,1.101562,-0.519531,
5.824237,0x4A,accel,8.359375,-3.855469,-0.066406,
5.825490,0x4A,gyro,0.011719,0.019531,-0.003906,
5.827396,0x4A,accel,8.359375,-3.855469,-0.066406,
5.828420,0x4B,gyro,0.005859,0.023438,-0.007812,
5.829641,0x4B,accel,9.238281,1.175781,-0.519531,
5.830851,0x4B,accel,9.234375,1.136719,-0.519531,
5.831493,0x4A,gyro,0.009766,0.017578,-0.001953,
5.832542,0x4B,gyro,0.007812,0.023438,-0.009766,
5.833632,0x4A,accel,8.398438,-3.855469,-0.066406,
5.834302,0x4B,accel,9.234375,1.101562,-0.519531,
5.836146,0x4A,gyro,0.009766,0.019531,-0.001953,
5.837817,0x4A,accel,8.363281,-3.855469,0.007812,
5.838852,0x4B,gyro,0.003906,0.027344,-0.005859,
5.840113,0x4B,accel,9.234375,1.101562,-0.519531,
5.840735,0x4A,gyro,0.007812,0.021484,-0.005859,
5.842498,0x4A,accel,8.402344,-3.855469,-0.027344,
5.843501,0x4B,gyro,0.003906,0.029297,-0.007812,
5.844119,0x4A,accel,8.398438,-3.894531,-0.027344,
5.844990,0x4B,accel,9.234375,1.101562,-0.519531,
5.846372,0x4A,gyro,0.011719,0.021484,-0.005859,
5.846988,0x4B,accel,9.234375,1.101562,-0.519531,
5.848027,0x4A,accel,8.398438,-3.855469,-0.066406,
5.848646,0x4B,gyro,0.005859,0.037109,-0.011719,
5.849895,0x4B,accel,9.273438,1.101562,-0.519531,
5.850536,0x4A,gyro,0.017578,0.029297,-0.005859,
5.852165,0x4A,accel,8.398438,-3.855469,-0.066406,
5.852814,0x4B,gyro,0.005859,0.037109,-0.011719,
5.854746,0x4B,accel,9.273438,1.062500,-0.519531,
5.857300,0x4A,gyro,0.011719,0.029297,-0.007812,
5.857932,0x4B,gyro,0.003906,0.039062,-0.007812,
5.858551,0x4A,accel,8.402344,-3.894531,-0.066406,
5.859583,0x4B,accel,9.277344,1.062500,-0.480469,
5.860190,0x4A,accel,8.402344,-3.894531,-0.066406,
5.861429,0x4A,gyro,0.009766,0.031250,-0.005859,
5.862051,0x4B,gyro,-0.005859,0.042969,-0.009766,
5.862667,0x4A,accel,8.398438,-3.855469,-0.066406,
5.863681,0x4B,accel,9.273438,1.023438,-0.480469,
5.865513,0x4A,gyro,0.009766,0.035156,-0.009766,
5.866136,0x4B,accel,9.277344,1.023438,-0.519531,
5.867467,0x4A,accel,8.398438,-3.894531,-0.027344,
5.868357,0x4B,gyro,-0.001953,0.039062,-0.015625,
5.869977,0x4B,accel,9.273438,1.023438,-0.480469,
5.871841,0x4A,gyro,0.017578,0.033203,-0.013672,
5.872500,0x4B,gyro,0.001953,0.048828,-0.019531,
5.873562,0x4A,accel,8.359375,-3.894531,-0.027344,
5.874233,0x4B,accel,9.316406,1.023438,-0.480469,
5.876082,0x4A,gyro,0.017578,0.037109,-0.011719,
5.877739,0x4A,accel,8.402344,-3.894531,-0.066406,
5.878746,0x4B,gyro,-0.001953,0.048828,-0.025391,
5.879963,0x4B,accel,9.273438,1.023438,-0.441406,
5.880582,0x4A,gyro,0.025391,0.044922,-0.015625,
5.882570,0x4A,accel,8.363281,-3.894531,-0.066406,
5.883598,0x4B,gyro,0.005859,0.056641,-0.027344,
5.884231,0x4A,accel,8.363281,-3.894531,-0.066406,
5.884857,0x4B,accel,9.234375,0.984375,-0.480469,
5.885562,0x4A,gyro,0.023438,0.044922,-0.019531,
5.886218,0x4B,accel,9.273438,1.023438,-0.480469,
5.887543,0x4A,accel,8.398438,-3.894531,-0.027344,
5.888220,0x4B,gyro,0.009766,0.056641,-0.023438,
5.889914,0x4B,accel,9.277344,1.101562,-0.441406,
5.891829,0x4A,gyro,0.019531,0.050781,-0.025391,
5.892501,0x4B,gyro,0.005859,0.056641,-0.029297,
5.893663,0x4A,accel,8.359375,-3.894531,-0.027344,
5.894372,0x4B,accel,9.277344,1.136719,-0.480469,
5.896238,0x4A,gyro,0.023438,0.046875,-0.021484,
5.897896,0x4A,accel,8.359375,-3.894531,0.007812,
5.898937,0x4B,gyro,0.005859,0.062500,-0.029297,
5.900161,0x4B,accel,9.234375,1.136719,-0.402344,
5.900828,0x4A,gyro,0.025391,0.050781,-0.025391,
5.901484,0x4B,accel,9.238281,1.175781,-0.363281,
5.902645,0x4A,accel,8.363281,-3.855469,-0.027344,
5.903675,0x4B,gyro,0.015625,0.060547,-0.023438,
5.904311,0x4A,accel,8.359375,-3.894531,-0.027344,
5.904952,0x4B,accel,9.203125,1.175781,-0.363281,
5.905606,0x4A,gyro,0.027344,0.052734,-0.025391,
5.907583,0x4A,accel,8.363281,-3.855469,0.007812,
5.908237,0x4B,gyro,0.015625,0.062500,-0.027344,
5.909943,0x4B,accel,9.203125,1.253906,-0.324219,
5.911807,0x4A,gyro,0.019531,0.052734,-0.019531,
5.912445,0x4B,gyro,0.015625,0.062500,-0.025391,
5.913509,0x4A,accel,8.363281,-3.855469,0.007812,
5.914247,0x4B,accel,9.203125,1.253906,-0.324219,
5.916054,0x4A,gyro,0.027344,0.050781,-0.025391,
5.916669,0x4B,gyro,0.013672,0.064453,-0.023438,
5.917705,0x4A,accel,8.363281,-3.855469,0.007812,
5.918768,0x4B,accel,9.128906,1.253906,-0.289062,
5.920597,0x4A,gyro,0.029297,0.052734,-0.019531,
5.921220,0x4B,accel,9.125000,1.292969,-0.324219,
5.921865,0x4A,accel,8.363281,-3.855469,0.007812,
5.922948,0x4B,gyro,0.019531,0.062500,-0.019531,
5.923806,0x4A,accel,8.398438,-3.855469,0.046875,
5.924908,0x4B,accel,9.167969,1.292969,-0.289062,
5.926780,0x4A,gyro,0.029297,0.050781,-0.019531,
5.927429,0x4B,gyro,0.013672,0.066406,-0.019531,
5.928526,0x4A,accel,8.320312,-3.855469,0.007812,
5.929604,0x4B,accel,9.167969,1.292969,-0.210938,
5.931503,0x4A,gyro,0.027344,0.050781,-0.021484,
5.932157,0x4B,gyro,0.013672,0.056641,-0.019531,
5.933187,0x4A,accel,8.320312,-3.855469,0.007812,
5.934257,0x4B,accel,9.085938,1.253906,-0.171875,
5.936061,0x4A,gyro,0.025391,0.050781,-0.015625,
5.936669,0x4B,gyro,0.007812,0.058594,-0.015625,
5.937713,0x4A,accel,8.324219,-3.816406,0.046875,
5.938817,0x4B,accel,9.085938,1.253906,-0.097656,
5.940031,0x4B,accel,9.089844,1.332031,-0.132812,
5.940647,0x4A,accel,8.320312,-3.816406,0.085938,
5.942462,0x4A,gyro,0.031250,0.044922,-0.013672,
5.943240,0x4B,gyro,0.021484,0.054688,-0.013672,
5.944164,0x4A,accel,8.320312,-3.816406,0.007812,
5.945005,0x4B,accel,9.085938,1.332031,-0.171875,
5.946885,0x4A,gyro,0.037109,0.046875,-0.007812,
5.947537,0x4B,gyro,0.015625,0.052734,-0.009766,
5.948627,0x4A,accel,8.285156,-3.855469,0.007812,
5.949714,0x4B,accel,9.125000,1.332031,-0.171875,
5.951530,0x4A,gyro,0.023438,0.039062,-0.009766,
5.952160,0x4B,gyro,0.017578,0.048828,-0.005859,
5.953178,0x4A,accel,8.324219,-3.816406,0.046875,
5.954215,0x4B,accel,9.085938,1.292969,-0.097656,
5.956024,0x4A,gyro,0.025391,0.042969,-0.009766,
5.956637,0x4B,accel,9.089844,1.292969,0.019531,
5.957679,0x4A,accel,8.320312,-3.816406,0.125000,
5.958877,0x4B,gyro,0.013672,0.048828,-0.007812,
5.960123,0x4B,accel,9.046875,1.332031,-0.058594,
5.960763,0x4A,accel,8.285156,-3.816406,0.085938,
5.962518,0x4A,gyro,0.019531,0.039062,-0.003906,
5.963160,0x4B,gyro,0.015625,0.044922,0.000000,
5.964183,0x4A,accel,8.285156,-3.816406,0.085938,
5.965042,0x4B,accel,9.089844,1.292969,0.019531,
5.966934,0x4A,gyro,0.029297,0.031250,-0.003906,
5.967581,0x4B,gyro,0.021484,0.039062,0.000000,
5.968673,0x4A,accel,8.281250,-3.855469,0.046875,
5.969770,0x4B,accel,9.089844,1.292969,-0.058594,
5.971591,0x4A,gyro,0.019531,0.027344,0.003906,
5.972232,0x4B,gyro,0.017578,0.033203,-0.001953,
5.973261,0x4A,accel,8.281250,-3.816406,0.046875,
5.974312,0x4B,accel,9.046875,1.292969,-0.019531,
5.976290,0x4A,gyro,0.017578,0.023438,0.000000,
5.977378,0x4B,accel,9.046875,1.292969,0.019531,
5.978458,0x4A,accel,8.281250,-3.816406,0.046875,
5.979084,0x4B,gyro,0.013672,0.033203,0.003906,
5.980287,0x4B,accel,9.046875,1.292969,-0.019531,
5.980928,0x4A,accel,8.281250,-3.816406,0.046875,
5.982189,0x4A,gyro,0.019531,0.025391,0.001953,
5.982881,0x4B,gyro,0.011719,0.029297,0.007812,
5.983897,0x4A,accel,8.285156,-3.816406,0.085938,
5.984997,0x4B,accel,9.046875,1.253906,-0.058594,
5.986847,0x4A,gyro,0.011719,0.021484,0.003906,
5.987497,0x4B,gyro,0.015625,0.023438,0.007812,
5.988550,0x4A,accel,8.285156,-3.816406,0.085938,
5.989601,0x4B,accel,9.046875,1.253906,-0.019531,
5.991425,0x4A,gyro,0.011719,0.011719,0.003906,
5.992046,0x4B,gyro,0.011719,0.015625,0.011719,
5.993054,0x4A,accel,8.242188,-3.816406,0.046875,
5.994110,0x4B,accel,9.046875,1.214844,-0.019531,
5.995903,0x4A,gyro,0.007812,0.011719,0.005859,
5.996515,0x4B,accel,9.089844,1.214844,0.019531,
5.997533,0x4A,accel,8.285156,-3.855469,0.125000,
5.998672,0x4B,gyro,0.011719,0.017578,0.011719,
6.000330,0x4B,accel,9.089844,1.136719,-0.058594,
6.000969,0x4A,accel,8.281250,-3.816406,0.046875,
6.002638,0x4A,gyro,0.000000,0.003906,0.005859,
6.003979,0x4B,gyro,0.001953,0.009766,0.011719,
6.004610,0x4A,accel,8.324219,-3.816406,0.046875,
6.005470,0x4B,accel,9.085938,1.175781,0.019531,
6.006704,0x4A,gyro,0.003906,0.001953,0.009766,
6.008318,0x4A,accel,8.281250,-3.855469,0.046875,
6.009351,0x4B,gyro,0.005859,0.009766,0.009766,
6.010568,0x4B,accel,9.085938,1.175781,0.019531,
6.011191,0x4A,gyro,0.003906,0.003906,0.007812,
6.011804,0x4B,gyro,0.007812,-0.001953,0.009766,
6.012830,0x4A,accel,8.285156,-3.816406,0.085938,
6.013923,0x4B,accel,9.085938,1.175781,-0.019531,
6.015189,0x4B,accel,9.089844,1.136719,-0.019531,
6.017023,0x4A,gyro,0.003906,-0.003906,0.003906,
6.017643,0x4B,gyro,0.003906,0.001953,0.009766,
6.018498,0x4A,accel,8.242188,-3.855469,0.046875,
6.019583,0x4B,accel,9.085938,1.175781,-0.058594,
6.021460,0x4A,accel,8.281250,-3.855469,0.046875,
6.022102,0x4B,gyro,0.005859,-0.007812,0.011719,
6.022944,0x4A,gyro,-0.005859,-0.005859,0.005859,
6.023977,0x4B,accel,9.089844,1.136719,-0.058594,
6.024617,0x4A,accel,8.281250,-3.855469,0.046875,
6.026735,0x4A,gyro,-0.005859,-0.011719,0.007812,
6.027359,0x4B,gyro,0.005859,-0.009766,0.013672,
6.028430,0x4A,accel,8.281250,-3.855469,0.046875,
6.029510,0x4B,accel,9.050781,1.175781,-0.058594,
6.031359,0x4A,gyro,-0.001953,-0.011719,0.005859,
6.031991,0x4B,accel,9.128906,1.101562,-0.132812,
6.032999,0x4A,accel,8.242188,-3.855469,0.046875,
6.033818,0x4B,gyro,0.005859,-0.011719,0.007812,
6.035438,0x4B,accel,9.125000,1.136719,-0.171875,
6.036090,0x4A,gyro,-0.007812,-0.015625,0.007812,
6.037729,0x4A,accel,8.324219,-3.855469,0.046875,
6.038372,0x4B,gyro,-0.003906,-0.015625,0.003906,
6.040190,0x4B,accel,9.128906,1.136719,-0.132812,
6.040825,0x4A,accel,8.320312,-3.855469,0.085938,
6.042728,0x4A,gyro,-0.009766,-0.017578,0.005859,
6.043881,0x4B,gyro,-0.003906,-0.021484,0.007812,
6.044501,0x4A,accel,8.285156,-3.855469,0.085938,
6.045365,0x4B,accel,9.128906,1.101562,-0.132812,
6.047200,0x4A,gyro,-0.005859,-0.013672,0.005859,
6.047820,0x4B,accel,9.128906,1.136719,-0.210938,
6.048871,0x4A,accel,8.246094,-3.894531,0.046875,
6.049586,0x4B,gyro,-0.005859,-0.023438,0.001953,
6.051424,0x4A,gyro,-0.009766,-0.015625,0.005859,
6.052045,0x4B,accel,9.128906,1.101562,-0.250000,
6.053073,0x4A,accel,8.281250,-3.855469,0.046875,
6.053727,0x4B,gyro,-0.011719,-0.019531,0.003906,
6.055171,0x4B,accel,9.167969,1.101562,-0.250000,
6.055809,0x4A,gyro,-0.009766,-0.017578,0.001953,
6.057467,0x4A,accel,8.324219,-3.855469,0.046875,
6.058107,0x4B,gyro,-0.009766,-0.017578,-0.001953,
6.059977,0x4B,accel,9.167969,1.101562,-0.289062,
6.061801,0x4A,gyro,-0.009766,-0.017578,0.001953,
6.062428,0x4B,gyro,-0.005859,-0.023438,-0.001953,
6.063041,0x4A,accel,8.363281,-3.855469,0.007812,
6.064053,0x4B,accel,9.167969,1.101562,-0.289062,
6.064661,0x4A,accel,8.320312,-3.855469,0.007812,
6.066789,0x4A,gyro,-0.011719,-0.017578,0.001953,
6.067401,0x4B,accel,9.164062,1.101562,-0.324219,
6.068410,0x4A,accel,8.281250,-3.894531,-0.027344,
6.069262,0x4B,gyro,-0.007812,-0.023438,-0.003906,
6.070475,0x4B,accel,9.125000,1.136719,-0.324219,
6.071101,0x4A,gyro,-0.015625,-0.017578,-0.003906,
6.072751,0x4A,accel,8.324219,-3.855469,0.046875,
6.073432,0x4B,gyro,-0.007812,-0.025391,0.000000,
6.075214,0x4B,accel,9.125000,1.136719,-0.324219,
6.077750,0x4A,gyro,-0.007812,-0.015625,-0.005859,
6.078404,0x4B,gyro,-0.009766,-0.017578,-0.001953,
6.079058,0x4A,accel,8.320312,-3.855469,0.085938,
6.080131,0x4B,accel,9.167969,1.136719,-0.363281,
6.080768,0x4A,accel,8.320312,-3.855469,0.007812,
6.082013,0x4A,gyro,-0.009766,-0.019531,-0.003906,
6.082635,0x4B,gyro,-0.011719,-0.023438,0.000000,
6.083263,0x4A,accel,8.359375,-3.894531,0.007812,
6.084307,0x4B,accel,9.128906,1.136719,-0.363281,
6.086715,0x4A,gyro,-0.007812,-0.015625,0.001953,
6.087333,0x4B,accel,9.164062,1.175781,-0.363281,
6.088377,0x4A,accel,8.320312,-3.855469,0.007812,
6.089022,0x4B,gyro,-0.013672,-0.019531,-0.003906,
6.090232,0x4B,accel,9.164062,1.175781,-0.402344,
6.090848,0x4A,gyro,-0.009766,-0.011719,-0.007812,
6.092445,0x4A,accel,8.324219,-3.855469,0.046875,
6.093104,0x4B,gyro,-0.007812,-0.021484,0.000000,
6.094769,0x4B,accel,9.125000,1.175781,-0.363281,
6.096635,0x4A,gyro,-0.011719,-0.013672,-0.005859,
6.098379,0x4A,accel,8.320312,-3.855469,0.007812,
6.099505,0x4B,gyro,-0.009766,-0.023438,-0.003906,
6.100802,0x4B,accel,9.164062,1.175781,-0.363281,
6.101439,0x4A,accel,8.363281,-3.855469,0.007812,
6.102059,0x4B,gyro,-0.011719,-0.019531,-0.003906,
6.102945,0x4A,gyro,-0.011719,-0.013672,-0.003906,
6.103977,0x4B,accel,9.167969,1.175781,-0.324219,
6.104587,0x4A,accel,8.320312,-3.855469,0.007812,
6.105216,0x4B,accel,9.167969,1.175781,-0.324219,
6.105831,0x4A,gyro,-0.007812,-0.011719,0.000000,
6.108263,0x4B,gyro,-0.013672,-0.013672,-0.001953,
6.109143,0x4A,accel,8.320312,-3.816406,-0.027344,
6.110271,0x4B,accel,9.164062,1.175781,-0.363281,
6.112226,0x4A,gyro,-0.009766,-0.011719,-0.011719,
6.112914,0x4B,gyro,-0.011719,-0.021484,-0.001953,
6.114005,0x4A,accel,8.320312,-3.855469,0.007812,
6.114743,0x4B,accel,9.167969,1.214844,-0.363281,
6.116639,0x4A,gyro,-0.007812,-0.005859,-0.003906,
6.118309,0x4A,accel,8.363281,-3.855469,-0.027344,
6.119345,0x4B,gyro,-0.019531,-0.013672,-0.001953,
6.120595,0x4B,accel,9.203125,1.175781,-0.363281,
6.121231,0x4A,accel,8.363281,-3.894531,0.046875,
6.123022,0x4A,gyro,-0.007812,-0.007812,-0.001953,
6.124047,0x4B,gyro,-0.015625,-0.013672,-0.005859,
6.124660,0x4A,accel,8.363281,-3.855469,0.007812,
6.125291,0x4B,accel,9.167969,1.175781,-0.324219,
6.125918,0x4A,gyro,-0.011719,-0.007812,-0.003906,
6.126543,0x4B,accel,9.203125,1.136719,-0.324219,
6.128362,0x4B,gyro,-0.017578,-0.011719,-0.003906,
6.129166,0x4A,accel,8.320312,-3.816406,0.007812,
6.130224,0x4B,accel,9.164062,1.175781,-0.289062,
6.132082,0x4A,gyro,-0.005859,-0.005859,-0.001953,
6.132727,0x4B,gyro,-0.019531,-0.009766,-0.005859,
6.133813,0x4A,accel,8.324219,-3.855469,0.046875,
6.134756,0x4B,accel,9.164062,1.253906,-0.324219,
6.136618,0x4A,gyro,-0.011719,-0.001953,-0.003906,
6.137254,0x4B,gyro,-0.013672,-0.011719,-0.005859,
6.138299,0x4A,accel,8.363281,-3.855469,0.007812,
6.139315,0x4B,accel,9.164062,1.175781,-0.289062,
6.141113,0x4A,accel,8.320312,-3.855469,-0.027344,
6.141734,0x4B,accel,9.164062,1.175781,-0.250000,
6.143005,0x4A,gyro,-0.009766,-0.007812,-0.007812,
6.144038,0x4B,gyro,-0.009766,-0.015625,-0.003906,
6.144648,0x4A,accel,8.363281,-3.855469,0.007812,
6.145664,0x4B,accel,9.164062,1.175781,-0.250000,
6.146909,0x4A,gyro,-0.005859,-0.011719,-0.003906,
6.147539,0x4B,gyro,-0.007812,-0.013672,-0.003906,
6.148542,0x4A,accel,8.363281,-3.855469,0.085938,
6.149586,0x4B,accel,9.164062,1.175781,-0.250000,
6.151447,0x4A,gyro,-0.003906,-0.005859,-0.005859,
6.153105,0x4A,accel,8.320312,-3.855469,0.085938,
6.154133,0x4B,gyro,-0.005859,-0.015625,-0.005859,
6.155589,0x4B,accel,9.167969,1.214844,-0.289062,
6.158153,0x4A,gyro,-0.007812,-0.007812,0.000000,
6.158777,0x4B,gyro,-0.003906,-0.015625,-0.003906,
6.159388,0x4A,accel,8.363281,-3.816406,0.085938,
6.160021,0x4B,accel,9.167969,1.214844,-0.250000,
6.161234,0x4B,accel,9.167969,1.253906,-0.289062,
6.161848,0x4A,accel,8.363281,-3.855469,0.007812,
6.162466,0x4B,gyro,-0.011719,-0.015625,-0.003906,
6.163312,0x4A,gyro,-0.007812,-0.013672,0.003906,
6.164531,0x4A,accel,8.324219,-3.855469,0.046875,
6.165490,0x4B,accel,9.167969,1.214844,-0.250000,
6.166105,0x4A,gyro,0.000000,-0.015625,-0.001953,
6.167318,0x4A,accel,8.320312,-3.816406,0.007812,
6.167942,0x4B,gyro,-0.009766,-0.013672,0.000000,
6.170032,0x4B,accel,9.167969,1.214844,-0.250000,
6.172702,0x4A,gyro,-0.007812,-0.011719,0.001953,
6.173827,0x4B,gyro,-0.005859,-0.023438,0.003906,
6.174472,0x4A,accel,8.324219,-3.816406,0.046875,
6.175302,0x4B,accel,9.167969,1.214844,-0.250000,
6.177145,0x4A,gyro,-0.007812,-0.013672,0.001953,
6.177776,0x4B,gyro,0.000000,-0.019531,0.003906,
6.178840,0x4A,accel,8.363281,-3.816406,-0.027344,
6.179658,0x4B,accel,9.164062,1.175781,-0.250000,
6.180886,0x4B,accel,9.128906,1.214844,-0.250000,
6.181505,0x4A,accel,8.320312,-3.816406,0.007812,
6.183258,0x4A,gyro,-0.011719,-0.017578,0.001953,
6.183896,0x4B,gyro,-0.003906,-0.025391,0.007812,
6.184515,0x4A,accel,8.324219,-3.855469,0.046875,
6.185546,0x4B,accel,9.167969,1.214844,-0.210938,
6.186165,0x4A,gyro,-0.015625,-0.017578,-0.003906,
6.187394,0x4A,accel,8.363281,-3.855469,0.007812,
6.188036,0x4B,gyro,-0.005859,-0.021484,0.001953,
6.190128,0x4B,accel,9.167969,1.253906,-0.210938,
6.192007,0x4A,gyro,-0.011719,-0.017578,0.005859,
6.192681,0x4B,gyro,-0.003906,-0.025391,0.005859,
6.193762,0x4A,accel,8.363281,-3.855469,0.007812,
6.194829,0x4B,accel,9.128906,1.214844,-0.210938,
6.196690,0x4A,gyro,-0.013672,-0.021484,0.007812,
6.197327,0x4B,accel,9.167969,1.253906,-0.250000,
6.198409,0x4A,accel,8.359375,-3.855469,0.046875,
6.199372,0x4B,gyro,-0.007812,-0.025391,0.000000,
6.200588,0x4B,accel,9.167969,1.214844,-0.289062,
6.201197,0x4A,accel,8.359375,-3.855469,0.046875,
6.203056,0x4A,gyro,-0.015625,-0.017578,0.005859,
6.203687,0x4B,gyro,-0.011719,-0.027344,0.001953,
6.204302,0x4A,accel,8.363281,-3.816406,-0.027344,
6.205353,0x4B,accel,9.167969,1.214844,-0.250000,
6.205969,0x4A,gyro,-0.005859,-0.017578,0.007812,
6.207940,0x4B,gyro,-0.011719,-0.025391,0.003906,
6.208973,0x4A,accel,8.320312,-3.816406,0.007812,
6.210022,0x4B,accel,9.203125,1.175781,-0.289062,
6.211902,0x4A,gyro,-0.021484,-0.023438,0.003906,
6.212552,0x4B,gyro,-0.011719,-0.025391,0.007812,
6.213609,0x4A,accel,8.402344,-3.855469,0.007812,
6.214694,0x4B,accel,9.207031,1.136719,-0.250000,
6.215943,0x4B,accel,9.203125,1.175781,-0.210938,
6.216591,0x4A,gyro,-0.013672,-0.025391,0.007812,
6.218290,0x4A,accel,8.363281,-3.855469,0.007812,
6.219153,0x4B,gyro,-0.007812,-0.031250,0.007812,
6.220812,0x4B,accel,9.234375,1.136719,-0.250000,
6.221431,0x4A,accel,8.363281,-3.855469,0.007812,
6.223143,0x4A,gyro,-0.015625,-0.023438,0.001953,
6.224458,0x4B,gyro,-0.013672,-0.031250,0.003906,
6.225069,0x4A,accel,8.363281,-3.855469,0.007812,
6.225913,0x4B,accel,9.203125,1.175781,-0.250000,
6.227049,0x4A,gyro,-0.015625,-0.025391,0.003906,
6.228768,0x4A,accel,8.320312,-3.855469,-0.027344,
6.229848,0x4B,gyro,-0.015625,-0.031250,0.003906,
6.231153,0x4B,accel,9.207031,1.136719,-0.289062,
6.231804,0x4A,gyro,-0.007812,-0.023438,0.005859,
6.232446,0x4B,gyro,-0.017578,-0.029297,0.003906,
6.233500,0x4A,accel,8.402344,-3.855469,0.007812,
6.234600,0x4B,accel,9.207031,1.136719,-0.289062,
6.235843,0x4B,accel,9.207031,1.175781,-0.324219,
6.236485,0x4A,gyro,-0.017578,-0.029297,0.001953,
6.238138,0x4A,accel,8.363281,-3.855469,-0.027344,
6.238782,0x4B,gyro,-0.015625,-0.033203,0.005859,
6.240433,0x4B,accel,9.207031,1.101562,-0.289062,
6.241047,0x4A,accel,8.363281,-3.855469,-0.027344,
6.242985,0x4A,gyro,-0.015625,-0.019531,0.000000,
6.244111,0x4B,gyro,-0.019531,-0.035156,0.003906,
6.244744,0x4A,accel,8.363281,-3.855469,-0.027344,
6.245667,0x4B,accel,9.207031,1.101562,-0.289062,
6.247497,0x4A,gyro,-0.015625,-0.025391,0.005859,
6.248123,0x4B,gyro,-0.017578,-0.031250,0.001953,
6.249183,0x4A,accel,8.402344,-3.816406,0.007812,
6.250250,0x4B,accel,9.238281,1.136719,-0.324219,
6.251526,0x4B,accel,9.273438,1.175781,-0.324219,
6.252170,0x4A,gyro,-0.011719,-0.023438,0.000000,
6.252810,0x4B,gyro,-0.021484,-0.031250,0.000000,
6.253882,0x4A,accel,8.437500,-3.855469,0.007812,
6.255751,0x4B,accel,9.234375,1.136719,-0.363281,
6.256387,0x4A,gyro,-0.011719,-0.023438,-0.003906,
6.258069,0x4A,accel,8.363281,-3.855469,-0.027344,
6.258706,0x4B,gyro,-0.009766,-0.039062,0.001953,
6.260346,0x4B,accel,9.238281,1.062500,-0.324219,
6.260957,0x4A,accel,8.437500,-3.855469,0.007812,
6.262182,0x4A,gyro,-0.013672,-0.023438,0.000000,
6.262830,0x4B,gyro,-0.015625,-0.037109,0.000000,
6.264586,0x4B,accel,9.234375,1.101562,-0.289062,
6.265240,0x4A,accel,8.363281,-3.855469,0.007812,
6.267321,0x4A,gyro,-0.019531,-0.027344,0.003906,
6.267969,0x4B,accel,9.207031,1.101562,-0.289062,
6.269018,0x4A,accel,8.402344,-3.855469,-0.027344,
6.270085,0x4B,gyro,-0.015625,-0.033203,0.003906,
6.272709,0x4A,gyro,-0.011719,-0.025391,0.001953,
6.273764,0x4B,accel,9.234375,1.101562,-0.289062,
6.274469,0x4A,accel,8.402344,-3.855469,-0.027344,
6.275545,0x4B,gyro,-0.009766,-0.033203,-0.003906,
6.276929,0x4B,accel,9.238281,1.136719,-0.324219,
6.278134,0x4A,gyro,-0.015625,-0.029297,-0.007812,
6.278769,0x4B,gyro,-0.011719,-0.039062,-0.003906,
6.279398,0x4A,accel,8.441406,-3.855469,0.046875,
6.280443,0x4B,accel,9.238281,1.175781,-0.363281,
6.281057,0x4A,accel,8.363281,-3.816406,0.007812,
6.282314,0x4A,gyro,-0.021484,-0.029297,-0.003906,
6.282959,0x4B,gyro,-0.001953,-0.035156,-0.001953,
6.284701,0x4B,accel,9.277344,1.175781,-0.363281,
6.285335,0x4A,accel,8.402344,-3.855469,-0.027344,
6.287414,0x4A,gyro,-0.015625,-0.029297,-0.005859,
6.288071,0x4B,accel,9.277344,1.175781,-0.402344,
6.289134,0x4A,accel,8.402344,-3.855469,0.007812,
6.289940,0x4B,gyro,-0.005859,-0.033203,-0.005859,
6.291829,0x4A,gyro,-0.011719,-0.023438,-0.003906,
6.292483,0x4B,accel,9.277344,1.136719,-0.324219,
6.293530,0x4A,accel,8.398438,-3.855469,-0.066406,
6.294183,0x4B,gyro,-0.009766,-0.033203,-0.007812,
6.295842,0x4B,accel,9.238281,1.175781,-0.363281,
6.296509,0x4A,gyro,-0.015625,-0.025391,-0.005859,
6.298213,0x4A,accel,8.402344,-3.855469,0.007812,
6.298828,0x4B,gyro,-0.009766,-0.033203,-0.005859,
6.300481,0x4B,accel,9.238281,1.175781,-0.289062,
6.301091,0x4A,accel,8.437500,-3.855469,-0.027344,
6.302297,0x4A,gyro,-0.013672,-0.027344,-0.005859,
6.302923,0x4B,gyro,-0.013672,-0.035156,-0.003906,
6.304716,0x4B,accel,9.203125,1.175781,-0.250000,
6.305327,0x4A,accel,8.398438,-3.816406,-0.066406,
6.306557,0x4A,gyro,-0.015625,-0.025391,-0.007812,
6.307170,0x4B,accel,9.234375,1.214844,-0.250000,
6.307786,0x4A,accel,8.402344,-3.855469,0.007812,
6.308920,0x4B,gyro,-0.001953,-0.037109,-0.003906,
6.310755,0x4B,accel,9.207031,1.253906,-0.250000,
6.313177,0x4A,gyro,-0.015625,-0.027344,-0.003906,
6.313829,0x4B,gyro,0.000000,-0.037109,-0.005859,
6.314717,0x4A,accel,8.363281,-3.816406,0.007812,
6.315393,0x4B,accel,9.207031,1.292969,-0.289062,
6.317295,0x4A,gyro,-0.021484,-0.027344,-0.003906,
6.317954,0x4B,gyro,-0.005859,-0.035156,0.000000,
6.319017,0x4A,accel,8.402344,-3.855469,0.007812,
6.320064,0x4B,accel,9.207031,1.292969,-0.250000,
6.321908,0x4A,accel,8.437500,-3.816406,-0.027344,
6.322524,0x4B,gyro,0.003906,-0.041016,-0.001953,
6.323476,0x4A,gyro,-0.017578,-0.029297,0.001953,
6.324507,0x4B,accel,9.167969,1.332031,-0.289062,
6.325119,0x4A,accel,8.437500,-3.816406,-0.027344,
6.325744,0x4B,accel,9.207031,1.332031,-0.289062,
6.326360,0x4A,gyro,-0.015625,-0.029297,0.005859,
6.328786,0x4B,gyro,0.001953,-0.041016,0.003906,
6.329537,0x4A,accel,8.402344,-3.816406,0.007812,
6.330591,0x4B,accel,9.167969,1.332031,-0.210938,
6.332460,0x4A,gyro,-0.015625,-0.035156,0.005859,
6.333119,0x4B,gyro,-0.003906,-0.044922,0.007812,
6.334174,0x4A,accel,8.402344,-3.816406,0.007812,
6.335248,0x4B,accel,9.167969,1.332031,-0.289062,
6.337130,0x4A,gyro,-0.017578,-0.037109,0.001953,
6.338780,0x4A,accel,8.402344,-3.816406,0.007812,
6.339782,0x4B,gyro,0.001953,-0.044922,0.009766,
6.341240,0x4B,accel,9.167969,1.292969,-0.250000,
6.341859,0x4A,accel,8.402344,-3.816406,-0.027344,
6.343579,0x4A,gyro,-0.013672,-0.037109,0.007812,
6.344721,0x4B,accel,9.207031,1.253906,-0.289062,
6.345333,0x4A,accel,8.402344,-3.816406,-0.027344,
6.345957,0x4B,gyro,0.003906,-0.039062,0.007812,
6.347289,0x4A,gyro,-0.017578,-0.039062,0.009766,
6.348544,0x4B,accel,9.234375,1.253906,-0.289062,
6.349555,0x4A,accel,8.402344,-3.855469,-0.027344,
6.350628,0x4B,gyro,-0.007812,-0.052734,0.009766,
6.351880,0x4B,accel,9.234375,1.253906,-0.289062,
6.352538,0x4A,gyro,-0.019531,-0.039062,0.007812,
6.353191,0x4B,gyro,-0.005859,-0.046875,0.013672,
6.354257,0x4A,accel,8.402344,-3.855469,0.007812,
6.355269,0x4B,accel,9.234375,1.253906,-0.363281,
6.357104,0x4A,gyro,-0.019531,-0.039062,0.011719,
6.357714,0x4B,gyro,0.005859,-0.044922,0.015625,
6.358757,0x4A,accel,8.402344,-3.816406,-0.027344,
6.359803,0x4B,accel,9.234375,1.253906,-0.402344,
6.361595,0x4A,accel,8.398438,-3.855469,-0.066406,
6.362205,0x4B,accel,9.273438,1.253906,-0.402344,
6.363528,0x4A,gyro,-0.017578,-0.044922,0.011719,
6.364571,0x4B,gyro,0.001953,-0.046875,0.015625,
6.365205,0x4A,accel,8.398438,-3.816406,-0.066406,
6.366211,0x4B,accel,9.234375,1.214844,-0.363281,
6.367353,0x4A,gyro,-0.013672,-0.041016,0.015625,
6.369065,0x4A,accel,8.441406,-3.816406,-0.066406,
6.370112,0x4B,gyro,0.001953,-0.046875,0.015625,
6.371383,0x4B,accel,9.234375,1.214844,-0.363281,
6.372033,0x4A,gyro,-0.017578,-0.041016,0.013672,
6.373678,0x4A,accel,8.437500,-3.855469,-0.027344,
6.374697,0x4B,gyro,-0.001953,-0.044922,0.019531,
6.376168,0x4B,accel,9.238281,1.175781,-0.363281,
6.376800,0x4A,gyro,-0.015625,-0.042969,0.017578,
6.378408,0x4A,accel,8.441406,-3.855469,-0.066406,
6.379025,0x4B,gyro,-0.003906,-0.046875,0.019531,
6.380631,0x4B,accel,9.277344,1.214844,-0.441406,
6.381267,0x4A,gyro,-0.015625,-0.039062,0.023438,
6.382905,0x4A,accel,8.476562,-3.894531,-0.066406,
6.384173,0x4B,accel,9.277344,1.175781,-0.363281,
6.384835,0x4A,accel,8.476562,-3.855469,-0.027344,
6.385895,0x4B,gyro,-0.003906,-0.044922,0.021484,
6.387148,0x4B,accel,9.273438,1.136719,-0.519531,
6.387962,0x4A,gyro,-0.019531,-0.044922,0.011719,
6.388624,0x4B,gyro,0.005859,-0.044922,0.019531,
6.389644,0x4A,accel,8.441406,-3.855469,-0.105469,
6.390712,0x4B,accel,9.238281,1.101562,-0.480469,
6.392592,0x4A,gyro,-0.021484,-0.037109,0.011719,
6.393218,0x4B,gyro,-0.001953,-0.042969,0.017578,
6.394270,0x4A,accel,8.437500,-3.855469,-0.027344,
6.395331,0x4B,accel,9.273438,1.136719,-0.519531,
6.397146,0x4A,gyro,-0.019531,-0.039062,0.011719,
6.397765,0x4B,gyro,0.000000,-0.042969,0.019531,
6.398805,0x4A,accel,8.402344,-3.855469,-0.027344,
6.399922,0x4B,accel,9.277344,1.101562,-0.480469,
6.401130,0x4B,accel,9.238281,1.062500,-0.480469,
6.401743,0x4A,gyro,-0.013672,-0.037109,0.011719,
6.403590,0x4A,accel,8.398438,-3.855469,-0.066406,
6.404269,0x4B,gyro,0.000000,-0.037109,0.017578,
6.404927,0x4A,accel,8.441406,-3.855469,-0.066406,
6.406001,0x4B,accel,9.277344,1.062500,-0.480469,
6.407397,0x4A,gyro,-0.015625,-0.035156,0.007812,
6.409079,0x4A,accel,8.480469,-3.855469,-0.105469,
6.410125,0x4B,gyro,-0.007812,-0.035156,0.009766,
6.411386,0x4B,accel,9.277344,1.062500,-0.480469,
6.412011,0x4A,gyro,-0.013672,-0.031250,0.007812,
6.413620,0x4A,accel,8.480469,-3.855469,-0.066406,
6.414612,0x4B,gyro,-0.005859,-0.033203,0.009766,
6.415850,0x4B,accel,9.277344,1.101562,-0.480469,
6.416464,0x4A,gyro,-0.009766,-0.027344,0.011719,
6.418071,0x4A,accel,8.441406,-3.855469,-0.105469,
6.418686,0x4B,accel,9.273438,1.062500,-0.519531,
6.420098,0x4B,gyro,-0.005859,-0.033203,0.007812,
6.421315,0x4B,accel,9.316406,1.101562,-0.519531,
6.422518,0x4A,gyro,-0.011719,-0.029297,0.005859,
6.423843,0x4B,gyro,-0.011719,-0.031250,0.007812,
6.424490,0x4A,accel,8.476562,-3.894531,-0.105469,
6.425565,0x4B,accel,9.312500,1.062500,-0.480469,
6.426218,0x4A,accel,8.437500,-3.894531,-0.105469,
6.427790,0x4A,gyro,-0.011719,-0.029297,0.007812,
6.428437,0x4B,gyro,-0.007812,-0.031250,0.005859,
6.429729,0x4A,accel,8.441406,-3.855469,-0.105469,
6.430880,0x4B,accel,9.316406,1.062500,-0.519531,
6.431521,0x4A,gyro,-0.023438,-0.027344,0.001953,
6.433313,0x4A,accel,8.441406,-3.855469,-0.105469,
6.434431,0x4B,gyro,-0.005859,-0.027344,0.007812,
6.435709,0x4B,accel,9.312500,1.023438,-0.519531,
6.437678,0x4A,gyro,-0.017578,-0.023438,0.005859,
6.438381,0x4B,accel,9.316406,1.023438,-0.480469,
6.439388,0x4A,accel,8.437500,-3.894531,-0.066406,
6.440026,0x4B,gyro,-0.009766,-0.025391,0.005859,
6.441450,0x4B,accel,9.312500,1.023438,-0.519531,
6.442064,0x4A,gyro,-0.015625,-0.023438,-0.003906,
6.443954,0x4A,accel,8.476562,-3.894531,-0.105469,
6.445140,0x4B,gyro,-0.007812,-0.019531,-0.005859,
6.445756,0x4A,accel,8.437500,-3.894531,-0.105469,
6.446386,0x4B,accel,9.316406,1.062500,-0.519531,
6.447750,0x4A,gyro,-0.011719,-0.017578,-0.003906,
6.448397,0x4B,gyro,-0.001953,-0.021484,-0.007812,
6.449487,0x4A,accel,8.441406,-3.855469,-0.066406,
6.450560,0x4B,accel,9.355469,1.062500,-0.519531,
6.453133,0x4A,gyro,-0.011719,-0.013672,0.000000,
6.454250,0x4B,gyro,-0.001953,-0.017578,-0.003906,
6.454937,0x4A,accel,8.437500,-3.894531,-0.066406,
6.455617,0x4B,accel,9.355469,1.023438,-0.554688,
6.456824,0x4B,accel,9.312500,1.062500,-0.554688,
6.457446,0x4A,gyro,-0.005859,-0.015625,-0.005859,
6.459126,0x4A,accel,8.476562,-3.894531,-0.105469,
6.459751,0x4B,gyro,-0.007812,-0.011719,-0.003906,
6.461222,0x4B,accel,9.312500,1.062500,-0.554688,
6.461832,0x4A,gyro,-0.005859,-0.009766,-0.007812,
6.463658,0x4A,accel,8.480469,-3.855469,-0.105469,
6.464912,0x4B,gyro,-0.007812,-0.015625,-0.009766,
6.465555,0x4A,accel,8.480469,-3.855469,-0.105469,
6.466396,0x4B,accel,9.312500,1.062500,-0.554688,
6.467488,0x4A,gyro,-0.007812,-0.007812,-0.007812,
6.469169,0x4A,accel,8.437500,-3.855469,-0.144531,
6.470213,0x4B,gyro,-0.001953,-0.011719,-0.009766,
6.471480,0x4B,accel,9.312500,1.062500,-0.554688,
6.472120,0x4A,gyro,-0.005859,-0.003906,-0.005859,
6.472773,0x4B,accel,9.316406,1.101562,-0.519531,
6.473789,0x4A,accel,8.441406,-3.855469,-0.105469,
6.474828,0x4B,gyro,-0.003906,-0.007812,-0.015625,
6.476093,0x4B,accel,9.277344,1.062500,-0.480469,
6.476725,0x4A,gyro,-0.005859,-0.005859,-0.007812,
6.478344,0x4A,accel,8.476562,-3.894531,-0.105469,
6.478957,0x4B,gyro,-0.005859,-0.005859,-0.013672,
6.480606,0x4B,accel,9.273438,0.945312,-0.363281,
6.482802,0x4A,gyro,-0.001953,0.003906,-0.013672,
6.483445,0x4B,gyro,0.009766,-0.007812,-0.011719,
6.484096,0x4A,accel,8.441406,-3.855469,-0.105469,
6.485138,0x4B,accel,9.316406,1.023438,-0.554688,
6.485775,0x4A,accel,8.398438,-3.855469,-0.066406,
6.487605,0x4A,gyro,0.005859,-0.001953,-0.011719,
6.488238,0x4B,accel,9.316406,1.175781,-0.554688,
6.489307,0x4A,accel,8.480469,-3.894531,-0.144531,
6.490390,0x4B,gyro,0.009766,0.000000,-0.013672,
6.492231,0x4A,gyro,-0.005859,-0.001953,-0.013672,
6.492845,0x4B,accel,9.316406,1.253906,-0.632812,
6.493865,0x4A,accel,8.476562,-3.816406,-0.144531,
6.494719,0x4B,gyro,0.003906,0.003906,-0.015625,
6.496348,0x4B,accel,9.316406,1.214844,-0.593750,
6.496983,0x4A,gyro,0.001953,0.000000,-0.013672,
6.498602,0x4A,accel,8.441406,-3.855469,-0.105469,
6.499219,0x4B,gyro,0.003906,0.005859,-0.023438,
6.501023,0x4B,accel,9.277344,1.214844,-0.480469,
6.501671,0x4A,gyro,-0.001953,0.003906,-0.017578,
6.503344,0x4A,accel,8.441406,-3.855469,-0.105469,
6.504730,0x4B,gyro,-0.007812,0.005859,-0.011719,
6.505394,0x4A,accel,8.441406,-3.855469,-0.066406,
6.506347,0x4B,accel,9.234375,1.175781,-0.441406,
6.507799,0x4B,accel,9.277344,1.136719,-0.441406,
6.509084,0x4A,gyro,-0.001953,0.007812,-0.013672,
6.510133,0x4B,gyro,0.000000,0.003906,-0.013672,
6.510763,0x4A,accel,8.476562,-3.894531,-0.066406,
6.511384,0x4B,accel,9.312500,1.214844,-0.441406,
6.512003,0x4A,gyro,0.003906,0.005859,-0.013672,
6.513864,0x4A,accel,8.480469,-3.855469,-0.066406,
6.514691,0x4B,gyro,0.001953,0.005859,-0.011719,
6.516173,0x4B,accel,9.277344,1.253906,-0.441406,
6.518747,0x4A,gyro,-0.003906,0.007812,-0.011719,
6.519418,0x4B,gyro,-0.001953,0.009766,-0.017578,
6.520068,0x4A,accel,8.441406,-3.855469,-0.066406,
6.521172,0x4B,accel,9.277344,1.214844,-0.480469,
6.521849,0x4A,gyro,0.003906,0.009766,-0.011719,
6.523531,0x4A,accel,8.480469,-3.855469,-0.105469,
6.524756,0x4B,gyro,-0.003906,0.007812,-0.011719,
6.525420,0x4A,accel,8.441406,-3.855469,-0.066406,
6.526241,0x4B,accel,9.238281,1.214844,-0.441406,
6.528146,0x4A,gyro,0.005859,0.007812,-0.013672,
6.528791,0x4B,accel,9.277344,1.214844,-0.441406,
6.529863,0x4A,accel,8.441406,-3.855469,-0.105469,
6.530548,0x4B,gyro,-0.001953,0.011719,-0.013672,
6.531805,0x4B,accel,9.273438,1.175781,-0.441406,
6.532459,0x4A,gyro,0.003906,0.007812,-0.005859,
6.533104,0x4B,gyro,-0.009766,0.009766,-0.013672,
6.534152,0x4A,accel,8.437500,-3.894531,-0.105469,
6.535209,0x4B,accel,9.238281,1.136719,-0.441406,
6.537076,0x4A,gyro,0.001953,0.007812,-0.009766,
6.538736,0x4A,accel,8.441406,-3.855469,-0.066406,
6.540072,0x4B,gyro,0.005859,0.013672,-0.009766,
6.541550,0x4B,accel,9.277344,1.214844,-0.441406,
6.542199,0x4A,gyro,0.005859,0.011719,-0.007812,
6.543879,0x4A,accel,8.441406,-3.855469,-0.105469,
6.545085,0x4B,gyro,0.001953,0.009766,-0.013672,
6.545725,0x4A,accel,8.480469,-3.855469,-0.066406,
6.546389,0x4B,accel,9.277344,1.175781,-0.402344,
6.547697,0x4A,gyro,0.000000,0.009766,-0.009766,
6.548338,0x4B,accel,9.273438,1.136719,-0.402344,
6.549424,0x4A,accel,8.480469,-3.855469,-0.105469,
6.550093,0x4B,gyro,0.003906,0.013672,-0.009766,
6.551601,0x4B,accel,9.277344,1.136719,-0.441406,
6.552256,0x4A,gyro,0.007812,0.013672,-0.011719,
6.553933,0x4A,accel,8.480469,-3.855469,-0.105469,
6.555296,0x4B,gyro,0.007812,0.015625,-0.007812,
6.556550,0x4B,accel,9.273438,1.175781,-0.441406,
6.557208,0x4A,gyro,0.007812,0.013672,-0.013672,
6.558875,0x4A,accel,8.441406,-3.855469,-0.066406,
6.559905,0x4B,gyro,0.005859,0.017578,-0.011719,
6.561453,0x4B,accel,9.277344,1.214844,-0.480469,
6.562104,0x4A,gyro,0.009766,0.011719,-0.015625,
6.563806,0x4A,accel,8.441406,-3.816406,-0.105469,
6.564991,0x4B,accel,9.277344,1.214844,-0.480469,
6.565633,0x4A,accel,8.441406,-3.855469,-0.105469,
6.566283,0x4B,gyro,0.005859,0.017578,-0.013672,
6.567622,0x4A,gyro,0.000000,0.009766,-0.009766,
6.568267,0x4B,accel,9.277344,1.214844,-0.480469,
6.569327,0x4A,accel,8.480469,-3.855469,-0.066406,
6.569971,0x4B,gyro,0.003906,0.019531,-0.007812,
6.571410,0x4B,accel,9.273438,1.214844,-0.402344,
6.572052,0x4A,gyro,0.003906,0.017578,-0.009766,
6.573710,0x4A,accel,8.441406,-3.855469,-0.066406,
6.574348,0x4B,gyro,0.005859,0.019531,-0.007812,
6.575806,0x4B,accel,9.273438,1.136719,-0.363281,
6.577715,0x4A,gyro,0.007812,0.015625,-0.011719,
6.579392,0x4A,accel,8.441406,-3.855469,-0.066406,
6.580449,0x4B,gyro,0.009766,0.021484,-0.013672,
6.581723,0x4B,accel,9.277344,1.175781,-0.402344,
6.582369,0x4A,gyro,0.015625,0.015625,-0.007812,
6.583028,0x4B,accel,9.238281,1.175781,-0.402344,
6.584089,0x4A,accel,8.441406,-3.855469,-0.105469,
6.585166,0x4B,gyro,0.011719,0.023438,-0.007812,
6.585806,0x4A,accel,8.441406,-3.816406,-0.066406,
6.586823,0x4B,accel,9.273438,1.214844,-0.402344,
6.587898,0x4A,gyro,0.007812,0.017578,-0.007812,
6.589605,0x4A,accel,8.441406,-3.855469,-0.066406,
6.590669,0x4B,gyro,0.011719,0.023438,-0.005859,
6.591947,0x4B,accel,9.234375,1.214844,-0.402344,
6.592594,0x4A,gyro,0.011719,0.013672,-0.013672,
6.594259,0x4A,accel,8.441406,-3.855469,-0.105469,
6.595304,0x4B,gyro,0.009766,0.021484,-0.007812,
6.596762,0x4B,accel,9.238281,1.175781,-0.363281,
6.597406,0x4A,gyro,0.015625,0.017578,-0.011719,
6.599133,0x4A,accel,8.441406,-3.816406,-0.066406,
6.599789,0x4B,gyro,0.011719,0.021484,-0.013672,
6.601312,0x4B,accel,9.238281,1.175781,-0.363281,
6.601950,0x4A,gyro,0.017578,0.021484,-0.003906,
6.602592,0x4B,accel,9.234375,1.175781,-0.441406,
6.603851,0x4A,accel,8.441406,-3.855469,-0.066406,
6.604934,0x4B,gyro,0.009766,0.019531,-0.011719,
6.605572,0x4A,accel,8.441406,-3.816406,-0.066406,
6.606549,0x4B,accel,9.234375,1.214844,-0.402344,
6.607728,0x4A,gyro,0.011719,0.021484,-0.007812,
6.609426,0x4A,accel,8.441406,-3.855469,-0.066406,
6.610475,0x4B,gyro,0.009766,0.023438,-0.007812,
6.611745,0x4B,accel,9.234375,1.214844,-0.402344,
6.612399,0x4A,gyro,0.015625,0.019531,-0.009766,
6.614057,0x4A,accel,8.398438,-3.816406,-0.066406,
6.615083,0x4B,gyro,0.011719,0.021484,-0.007812,
6.616538,0x4B,accel,9.207031,1.214844,-0.402344,
6.617196,0x4A,gyro,0.011719,0.013672,-0.009766,
6.618881,0x4A,accel,8.441406,-3.816406,-0.066406,
6.619521,0x4B,gyro,0.005859,0.021484,-0.009766,
6.620973,0x4B,accel,9.277344,1.214844,-0.441406,
6.623268,0x4A,gyro,0.011719,0.019531,-0.003906,
6.624537,0x4B,accel,9.234375,1.175781,-0.480469,
6.625391,0x4A,accel,8.402344,-3.816406,-0.027344,
6.626470,0x4B,gyro,0.007812,0.025391,-0.011719,
6.627125,0x4A,accel,8.398438,-3.855469,-0.105469,
6.627775,0x4B,accel,9.273438,1.175781,-0.441406,
6.628416,0x4A,gyro,0.009766,0.019531,-0.007812,
6.629067,0x4B,gyro,0.007812,0.031250,-0.011719,
6.630047,0x4A,accel,8.441406,-3.855469,-0.066406,
6.631100,0x4B,accel,9.234375,1.175781,-0.480469,
6.632979,0x4A,gyro,0.005859,0.019531,-0.007812,
6.633639,0x4B,gyro,0.009766,0.023438,-0.007812,
6.634733,0x4A,accel,8.441406,-3.855469,-0.066406,
6.635835,0x4B,accel,9.273438,1.175781,-0.441406,
6.637723,0x4A,gyro,0.011719,0.023438,-0.009766,
6.638364,0x4B,accel,9.238281,1.175781,-0.402344,
6.639475,0x4A,accel,8.441406,-3.855469,-0.066406,
6.640520,0x4B,gyro,0.007812,0.027344,-0.009766,
6.641771,0x4B,accel,9.234375,1.136719,-0.402344,
6.642409,0x4A,gyro,0.009766,0.027344,-0.011719,
6.644101,0x4A,accel,8.398438,-3.855469,-0.066406,
6.644748,0x4B,gyro,0.003906,0.025391,-0.013672,
6.645393,0x4A,accel,8.437500,-3.855469,-0.027344,
6.646467,0x4B,accel,9.273438,1.136719,-0.402344,
6.647826,0x4A,gyro,0.013672,0.023438,-0.007812,
6.649497,0x4A,accel,8.441406,-3.855469,-0.066406,
6.650546,0x4B,gyro,0.003906,0.033203,-0.015625,
6.652530,0x4B,accel,9.238281,1.136719,-0.480469,
6.653683,0x4A,gyro,0.009766,0.023438,-0.011719,
6.654799,0x4B,gyro,0.003906,0.027344,-0.013672,
6.655501,0x4A,accel,8.437500,-3.816406,-0.027344,
6.656202,0x4B,accel,9.234375,1.175781,-0.441406,
6.658087,0x4A,gyro,0.015625,0.021484,-0.013672,
6.658727,0x4B,accel,9.207031,1.136719,-0.402344,
6.659554,0x4A,accel,8.402344,-3.855469,-0.027344,
6.660203,0x4B,gyro,0.007812,0.033203,-0.015625,
6.662156,0x4B,accel,9.238281,1.136719,-0.441406,
6.663312,0x4A,gyro,0.011719,0.023438,-0.007812,
6.664062,0x4B,gyro,0.013672,0.035156,-0.015625,
6.664740,0x4A,accel,8.402344,-3.855469,-0.027344,
6.665784,0x4B,accel,9.277344,1.136719,-0.441406,
6.666437,0x4A,accel,8.359375,-3.855469,-0.105469,
6.668126,0x4A,gyro,0.013672,0.023438,-0.009766,
6.668777,0x4B,gyro,0.009766,0.035156,-0.015625,
6.669858,0x4A,accel,8.441406,-3.816406,-0.066406,
6.670928,0x4B,accel,9.273438,1.136719,-0.402344,
6.672822,0x4A,gyro,0.015625,0.029297,-0.007812,
6.673475,0x4B,gyro,0.009766,0.031250,-0.015625,
6.674525,0x4A,accel,8.402344,-3.816406,-0.027344,
6.675596,0x4B,accel,9.234375,1.136719,-0.402344,
6.676843,0x4B,accel,9.207031,1.136719,-0.363281,
6.677495,0x4A,gyro,0.009766,0.029297,-0.013672,
6.679188,0x4A,accel,8.402344,-3.816406,-0.027344,
6.680042,0x4B,gyro,0.009766,0.033203,-0.019531,
6.681731,0x4B,accel,9.234375,1.136719,-0.402344,
6.682374,0x4A,gyro,0.011719,0.031250,-0.011719,
6.684074,0x4A,accel,8.437500,-3.816406,-0.027344,
6.684715,0x4B,gyro,0.009766,0.037109,-0.017578,
6.685356,0x4A,accel,8.398438,-3.816406,-0.066406,
6.686461,0x4B,accel,9.234375,1.136719,-0.363281,
6.687847,0x4A,gyro,0.015625,0.027344,-0.013672,
6.688494,0x4B,gyro,0.013672,0.033203,-0.017578,
6.689616,0x4A,accel,8.402344,-3.855469,0.007812,
6.690653,0x4B,accel,9.234375,1.136719,-0.402344,
6.692526,0x4A,gyro,0.011719,0.029297,-0.023438,
6.693164,0x4B,accel,9.203125,1.136719,-0.324219,
6.694200,0x4A,accel,8.402344,-3.855469,-0.027344,
6.695249,0x4B,gyro,0.013672,0.035156,-0.019531,
6.696497,0x4B,accel,9.207031,1.136719,-0.363281,
6.697140,0x4A,gyro,0.021484,0.029297,-0.017578,
6.698768,0x4A,accel,8.402344,-3.855469,-0.027344,
6.699781,0x4B,gyro,0.013672,0.035156,-0.015625,
6.701483,0x4B,accel,9.234375,1.214844,-0.363281,
6.702127,0x4A,gyro,0.017578,0.033203,-0.017578,
6.703786,0x4A,accel,8.359375,-3.816406,-0.066406,
6.704424,0x4B,gyro,0.007812,0.029297,-0.023438,
6.705084,0x4A,accel,8.398438,-3.855469,-0.066406,
6.706126,0x4B,accel,9.207031,1.175781,-0.324219,
6.706764,0x4A,gyro,0.019531,0.029297,-0.015625,
6.709067,0x4B,gyro,0.011719,0.033203,-0.019531,
6.710131,0x4A,accel,8.441406,-3.816406,-0.066406,
6.711221,0x4B,accel,9.207031,1.175781,-0.324219,
6.713114,0x4A,gyro,0.011719,0.029297,-0.011719,
6.713770,0x4B,accel,9.207031,1.214844,-0.363281,
6.714847,0x4A,accel,8.402344,-3.816406,-0.027344,
6.715537,0x4B,gyro,0.011719,0.027344,-0.019531,
6.716801,0x4B,accel,9.203125,1.253906,-0.324219,
6.717452,0x4A,gyro,0.017578,0.029297,-0.021484,
6.719096,0x4A,accel,8.402344,-3.816406,-0.027344,
6.719754,0x4B,gyro,0.009766,0.033203,-0.021484,
6.721441,0x4B,accel,9.164062,1.214844,-0.324219,
6.722096,0x4A,gyro,0.017578,0.029297,-0.013672,
6.723362,0x4A,accel,8.398438,-3.816406,-0.066406,
6.724005,0x4B,gyro,0.009766,0.033203,-0.019531,
6.725804,0x4B,accel,9.207031,1.292969,-0.289062,
6.726439,0x4A,accel,8.402344,-3.816406,-0.027344,
6.727716,0x4A,gyro,0.009766,0.027344,-0.021484,
6.728369,0x4B,gyro,0.011719,0.027344,-0.017578,
6.729577,0x4A,accel,8.398438,-3.777344,-0.027344,
6.730638,0x4B,accel,9.207031,1.253906,-0.250000,
6.731896,0x4B,accel,9.167969,1.292969,-0.250000,
6.732551,0x4A,gyro,0.017578,0.027344,-0.017578,
6.734206,0x4A,accel,8.363281,-3.816406,0.007812,
6.735014,0x4B,gyro,0.009766,0.031250,-0.017578,
6.736320,0x4B,accel,9.167969,1.332031,-0.289062,
6.736961,0x4A,gyro,0.017578,0.027344,-0.017578,
6.738803,0x4A,accel,8.363281,-3.816406,-0.027344,
6.739490,0x4B,gyro,0.005859,0.027344,-0.015625,
6.741168,0x4B,accel,9.125000,1.367188,-0.289062,
6.741833,0x4A,gyro,0.013672,0.023438,-0.009766,
6.743481,0x4A,accel,8.359375,-3.777344,-0.027344,
6.744121,0x4B,gyro,0.003906,0.025391,-0.017578,
6.744794,0x4A,accel,8.363281,-3.816406,-0.027344,
6.745827,0x4B,accel,9.128906,1.332031,-0.250000,
6.748121,0x4A,gyro,0.005859,0.023438,-0.011719,
6.748779,0x4B,accel,9.128906,1.332031,-0.250000,
6.749871,0x4A,accel,8.402344,-3.816406,0.007812,
6.750766,0x4B,gyro,0.011719,0.025391,-0.009766,
6.752035,0x4B,accel,9.128906,1.332031,-0.250000,
6.752694,0x4A,gyro,0.013672,0.019531,-0.007812,
6.754346,0x4A,accel,8.363281,-3.816406,-0.027344,
6.754995,0x4B,gyro,0.003906,0.021484,-0.011719,
6.756454,0x4B,accel,9.167969,1.292969,-0.210938,
6.757115,0x4A,gyro,0.005859,0.017578,-0.007812,
6.758768,0x4A,accel,8.402344,-3.816406,0.007812,
6.759408,0x4B,gyro,0.001953,0.021484,-0.009766,
6.761123,0x4B,accel,9.125000,1.292969,-0.171875,
6.763443,0x4A,gyro,0.011719,0.017578,-0.005859,
6.764100,0x4B,gyro,0.005859,0.021484,-0.003906,
6.764924,0x4A,accel,8.363281,-3.816406,-0.027344,
6.765999,0x4B,accel,9.128906,1.292969,-0.289062,
6.766641,0x4A,accel,8.363281,-3.816406,0.007812,
6.768613,0x4A,gyro,0.009766,0.015625,-0.003906,
6.769679,0x4B,accel,9.128906,1.292969,-0.210938,
6.770349,0x4A,accel,8.363281,-3.816406,0.007812,
6.771662,0x4B,gyro,0.003906,0.013672,-0.001953,
6.772313,0x4A,gyro,0.007812,0.017578,-0.005859,
6.772953,0x4B,accel,9.128906,1.292969,-0.250000,
6.774159,0x4A,accel,8.363281,-3.816406,0.007812,
6.775494,0x4B,gyro,0.003906,0.013672,-0.003906,
6.776786,0x4B,accel,9.128906,1.253906,-0.210938,
6.779223,0x4A,gyro,0.009766,0.013672,-0.001953,
6.780309,0x4B,gyro,0.005859,0.017578,-0.001953,
6.780954,0x4A,accel,8.402344,-3.816406,0.007812,
6.781939,0x4B,accel,9.167969,1.253906,-0.289062,
6.782591,0x4A,gyro,0.005859,0.009766,0.001953,
6.783236,0x4B,accel,9.128906,1.253906,-0.210938,
6.784335,0x4A,accel,8.363281,-3.816406,0.007812,
6.785571,0x4B,gyro,0.000000,0.005859,-0.005859,
6.786217,0x4A,accel,8.363281,-3.816406,0.007812,
6.786870,0x4B,accel,9.128906,1.253906,-0.210938,
6.788112,0x4A,gyro,0.000000,0.009766,-0.001953,
6.788763,0x4B,gyro,0.000000,0.001953,-0.003906,
6.789844,0x4A,accel,8.402344,-3.816406,-0.027344,
6.791970,0x4B,accel,9.167969,1.253906,-0.210938,
6.792642,0x4A,gyro,0.003906,0.001953,0.000000,
6.794325,0x4A,accel,8.363281,-3.816406,-0.027344,
6.795640,0x4B,gyro,-0.001953,0.005859,0.003906,
6.796933,0x4B,accel,9.128906,1.214844,-0.250000,
6.797581,0x4A,gyro,0.000000,0.003906,0.001953,
6.799278,0x4A,accel,8.402344,-3.855469,-0.027344,
6.800330,0x4B,gyro,-0.003906,0.003906,-0.005859,
6.801988,0x4B,accel,9.167969,1.253906,-0.250000,
6.803335,0x4A,gyro,0.000000,0.003906,0.001953,
6.803997,0x4B,accel,9.167969,1.214844,-0.250000,
6.804781,0x4A,accel,8.363281,-3.816406,0.007812,
6.805852,0x4B,gyro,0.003906,0.005859,0.000000,
6.806494,0x4A,accel,8.363281,-3.816406,-0.027344,
6.807197,0x4B,accel,9.164062,1.175781,-0.250000,
6.808503,0x4A,gyro,0.001953,0.007812,0.005859,
6.809580,0x4B,gyro,-0.007812,0.000000,-0.003906,
6.810393,0x4A,accel,8.363281,-3.816406,-0.027344,
6.811474,0x4B,accel,9.167969,1.214844,-0.250000,
6.814010,0x4A,gyro,-0.003906,0.001953,0.001953,
6.815251,0x4B,gyro,-0.007812,-0.001953,0.000000,
6.815894,0x4A,accel,8.363281,-3.855469,-0.027344,
6.816556,0x4B,accel,9.167969,1.253906,-0.210938,
6.819180,0x4A,gyro,0.000000,-0.001953,-0.003906,
6.820223,0x4B,gyro,-0.009766,-0.005859,-0.003906,
6.820866,0x4A,accel,8.363281,-3.816406,0.007812,
6.821713,0x4B,accel,9.167969,1.253906,-0.210938,
6.822354,0x4A,gyro,0.003906,-0.001953,0.001953,
6.823621,0x4A,accel,8.320312,-3.816406,0.007812,
6.824269,0x4B,accel,9.125000,1.175781,-0.210938,
6.825711,0x4B,gyro,-0.009766,-0.005859,0.000000,
6.826349,0x4A,accel,8.363281,-3.816406,0.007812,
6.827356,0x4B,accel,9.164062,1.136719,-0.097656,
6.828735,0x4A,gyro,-0.005859,0.000000,0.001953,
6.829395,0x4B,gyro,-0.009766,-0.009766,-0.001953,
6.830400,0x4A,accel,8.320312,-3.816406,0.007812,
6.831436,0x4B,accel,9.128906,1.175781,-0.097656,
6.834188,0x4A,gyro,-0.007812,-0.007812,0.001953,
6.835286,0x4B,gyro,-0.013672,-0.009766,-0.003906,
6.835940,0x4A,accel,8.320312,-3.855469,0.007812,
6.837033,0x4B,accel,9.167969,1.175781,-0.097656,
6.837681,0x4A,gyro,-0.005859,-0.013672,0.000000,
6.839332,0x4A,accel,8.363281,-3.816406,-0.027344,
6.839985,0x4B,gyro,-0.011719,-0.019531,-0.003906,
6.841513,0x4B,accel,9.128906,1.214844,-0.132812,
6.842163,0x4A,gyro,-0.009766,-0.011719,0.000000,
6.843422,0x4A,accel,8.363281,-3.816406,0.007812,
6.844067,0x4B,accel,9.167969,1.214844,-0.210938,
6.845483,0x4B,gyro,-0.019531,-0.017578,0.003906,
6.846123,0x4A,accel,8.363281,-3.816406,0.007812,
6.847191,0x4B,accel,9.128906,1.214844,-0.210938,
6.848517,0x4A,gyro,-0.005859,-0.015625,0.000000,
6.850207,0x4A,accel,8.363281,-3.816406,-0.027344,
6.851329,0x4B,gyro,-0.009766,-0.019531,-0.001953,
6.852059,0x4A,gyro,-0.013672,-0.015625,0.003906,
6.852769,0x4B,accel,9.164062,1.175781,-0.210938,
6.853910,0x4A,accel,8.437500,-3.855469,-0.027344,
6.854570,0x4B,gyro,-0.015625,-0.029297,-0.003906,
6.856538,0x4B,accel,9.167969,1.136719,-0.210938,
6.859021,0x4A,gyro,-0.009766,-0.015625,0.001953,
6.859661,0x4B,gyro,-0.009766,-0.025391,-0.005859,
6.860325,0x4A,accel,8.324219,-3.664062,0.085938,
6.861155,0x4B,accel,9.089844,1.175781,-0.097656,
6.862428,0x4B,accel,9.203125,1.023438,-0.250000,
6.863095,0x4A,gyro,-0.013672,-0.021484,0.005859,
6.863746,0x4B,gyro,-0.001953,-0.025391,-0.007812,
6.864821,0x4A,accel,8.320312,-3.894531,-0.066406,
6.867148,0x4B,accel,9.351562,1.175781,-0.210938,
6.868222,0x4A,accel,8.441406,-3.894531,0.125000,
6.870021,0x4A,gyro,-0.013672,-0.027344,-0.003906,
6.871069,0x4B,gyro,-0.007812,-0.035156,-0.007812,
6.871715,0x4A,accel,8.398438,-3.855469,-0.105469,
6.872367,0x4B,accel,9.128906,1.062500,-0.289062,
6.873012,0x4A,gyro,-0.009766,-0.023438,-0.003906,
6.874704,0x4A,accel,8.320312,-3.777344,-0.066406,
6.875733,0x4B,gyro,0.001953,-0.033203,-0.001953,
6.877183,0x4B,accel,9.125000,1.214844,-0.324219,
6.877825,0x4A,gyro,-0.009766,-0.019531,0.000000,
6.879493,0x4A,accel,8.402344,-3.816406,0.007812,
6.880136,0x4B,gyro,0.001953,-0.039062,-0.005859,
6.881408,0x4B,accel,9.234375,1.253906,-0.289062,
6.882673,0x4B,accel,9.207031,1.253906,-0.289062,
6.883713,0x4A,gyro,-0.013672,-0.023438,0.005859,
6.884863,0x4B,gyro,0.001953,-0.033203,-0.007812,
6.885523,0x4A,accel,8.398438,-3.816406,0.046875,
6.886581,0x4B,accel,9.238281,1.292969,-0.324219,
6.887224,0x4A,accel,8.363281,-3.855469,-0.027344,
6.888861,0x4A,gyro,-0.015625,-0.031250,0.001953,
6.889548,0x4B,gyro,0.001953,-0.033203,-0.005859,
6.890502,0x4A,accel,8.398438,-3.816406,-0.105469,
6.891559,0x4B,accel,9.125000,1.253906,-0.324219,
6.894121,0x4A,gyro,-0.007812,-0.025391,0.001953,
6.895305,0x4B,gyro,0.000000,-0.037109,-0.007812,
6.895948,0x4A,accel,8.402344,-3.777344,-0.066406,
6.896741,0x4B,accel,9.125000,1.367188,-0.402344,
6.899155,0x4A,gyro,-0.007812,-0.025391,0.005859,
6.899837,0x4B,accel,9.207031,1.332031,-0.289062,
6.900643,0x4A,accel,8.402344,-3.816406,-0.027344,
6.901768,0x4B,gyro,0.001953,-0.039062,-0.001953,
6.903023,0x4B,accel,9.234375,1.292969,-0.289062,
6.903661,0x4A,gyro,-0.011719,-0.029297,0.005859,
6.904303,0x4B,gyro,-0.005859,-0.039062,0.001953,
6.905085,0x4A,accel,8.402344,-3.816406,0.007812,
6.906138,0x4B,accel,9.234375,1.292969,-0.289062,
6.906779,0x4A,accel,8.363281,-3.816406,0.007812,
6.908647,0x4A,gyro,-0.009766,-0.031250,0.007812,
6.910426,0x4A,accel,8.476562,-3.816406,-0.027344,
6.911522,0x4B,gyro,-0.007812,-0.037109,0.000000,
6.912218,0x4A,gyro,-0.011719,-0.029297,0.007812,
6.912865,0x4B,accel,9.207031,1.253906,-0.289062,
6.914084,0x4A,accel,8.363281,-3.777344,-0.105469,
6.915388,0x4B,gyro,-0.003906,-0.037109,0.003906,
6.917404,0x4B,accel,9.128906,1.292969,-0.363281,
6.918072,0x4A,gyro,-0.009766,-0.031250,0.007812,
6.918715,0x4B,accel,9.207031,1.292969,-0.402344,
6.919801,0x4A,accel,8.441406,-3.816406,-0.066406,
6.920447,0x4B,gyro,0.001953,-0.039062,0.000000,
6.922127,0x4B,accel,9.207031,1.253906,-0.402344,
6.922778,0x4A,gyro,-0.011719,-0.029297,0.007812,
6.924475,0x4A,accel,8.402344,-3.855469,-0.027344,
6.925128,0x4B,gyro,-0.007812,-0.039062,0.000000,
6.925771,0x4A,accel,8.363281,-3.855469,-0.027344,
6.926818,0x4B,accel,9.234375,1.253906,-0.363281,
6.928082,0x4A,gyro,-0.015625,-0.035156,0.015625,
6.929358,0x4A,accel,8.441406,-3.816406,-0.066406,
6.930459,0x4B,gyro,0.000000,-0.039062,0.005859,
6.932000,0x4B,accel,9.234375,1.253906,-0.402344,
6.932650,0x4A,gyro,-0.015625,-0.033203,0.007812,
6.933309,0x4B,accel,9.316406,1.253906,-0.363281,
6.934435,0x4A,accel,8.441406,-3.894531,0.007812,
6.935615,0x4B,gyro,-0.005859,-0.039062,0.003906,
6.936901,0x4B,accel,9.203125,1.175781,-0.402344,
6.939351,0x4A,gyro,-0.007812,-0.037109,0.007812,
6.940150,0x4B,gyro,0.001953,-0.031250,0.003906,
6.940829,0x4A,accel,8.324219,-3.855469,-0.105469,
6.941923,0x4B,accel,9.203125,1.214844,-0.480469,
6.943828,0x4A,gyro,-0.013672,-0.025391,0.009766,
6.944487,0x4B,gyro,0.000000,-0.037109,0.001953,
6.945292,0x4A,accel,8.441406,-3.816406,-0.105469,
6.946338,0x4B,accel,9.203125,1.214844,-0.480469,
6.946977,0x4A,accel,8.437500,-3.855469,-0.027344,
6.948794,0x4A,gyro,-0.005859,-0.025391,0.015625,
6.949449,0x4B,gyro,0.003906,-0.035156,0.007812,
6.950534,0x4A,accel,8.437500,-3.816406,-0.027344,
6.951646,0x4B,accel,9.234375,1.214844,-0.402344,
6.952301,0x4A,gyro,-0.007812,-0.029297,0.013672,
6.954273,0x4A,accel,8.398438,-3.855469,-0.105469,
6.955351,0x4B,accel,9.238281,1.136719,-0.441406,
6.956956,0x4B,gyro,0.005859,-0.031250,0.007812,
6.958228,0x4B,accel,9.277344,1.136719,-0.441406,
6.959250,0x4A,gyro,-0.007812,-0.023438,0.015625,
6.959898,0x4B,gyro,0.007812,-0.031250,0.007812,
6.960729,0x4A,accel,8.398438,-3.855469,-0.066406,
6.961804,0x4B,accel,9.277344,1.175781,-0.402344,
6.963690,0x4A,gyro,-0.007812,-0.023438,0.013672,
6.964331,0x4B,gyro,0.003906,-0.031250,0.003906,
6.965165,0x4A,accel,8.359375,-3.894531,0.007812,
6.966199,0x4B,accel,9.273438,1.136719,-0.289062,
6.966839,0x4A,accel,8.476562,-3.816406,-0.144531,
6.968743,0x4A,gyro,-0.003906,-0.027344,0.009766,
6.969405,0x4B,accel,9.085938,1.175781,-0.363281,
6.970493,0x4A,accel,8.359375,-3.738281,-0.144531,
6.971395,0x4B,gyro,0.015625,-0.031250,0.003906,
6.972665,0x4B,accel,9.167969,1.292969,-0.402344,
6.973313,0x4A,gyro,0.000000,-0.023438,0.007812,
6.973975,0x4B,gyro,0.021484,-0.031250,0.007812,
6.975037,0x4A,accel,8.398438,-3.855469,-0.066406,
6.977374,0x4B,accel,9.234375,1.332031,-0.402344,
6.978023,0x4A,gyro,0.000000,-0.023438,0.015625,
6.979696,0x4A,accel,8.437500,-3.855469,-0.027344,
6.980339,0x4B,gyro,0.017578,-0.033203,0.000000,
6.982035,0x4B,accel,9.207031,1.367188,-0.441406,
6.982680,0x4A,gyro,0.000000,-0.019531,0.013672,
6.984341,0x4A,accel,8.398438,-3.816406,-0.066406,
6.985670,0x4B,gyro,0.013672,-0.027344,0.009766,
6.986307,0x4A,accel,8.441406,-3.816406,-0.105469,
6.987132,0x4B,accel,9.164062,1.332031,-0.441406,
6.988307,0x4A,gyro,0.001953,-0.023438,0.019531,
6.989033,0x4B,accel,9.207031,1.332031,-0.402344,
6.990309,0x4A,accel,8.437500,-3.855469,-0.027344,
6.991099,0x4B,gyro,0.003906,-0.031250,0.013672,
6.992719,0x4B,accel,9.234375,1.214844,-0.363281,
6.993749,0x4A,gyro,-0.007812,-0.025391,0.015625,
6.995747,0x4A,accel,8.398438,-3.816406,-0.066406,
6.996905,0x4B,gyro,0.013672,-0.027344,0.011719,
6.998208,0x4B,accel,9.128906,1.253906,-0.363281,
6.999322,0x4A,gyro,-0.005859,-0.025391,0.017578,
6.999988,0x4B,gyro,0.007812,-0.031250,0.013672,
7.000646,0x4A,accel,8.402344,-3.777344,-0.066406,
7.001715,0x4B,accel,9.207031,1.253906,-0.402344,
7.004012,0x4A,gyro,-0.001953,-0.017578,0.015625,
7.004659,0x4B,gyro,0.015625,-0.027344,0.019531,
7.005486,0x4A,accel,8.398438,-3.855469,-0.066406,
7.006571,0x4B,accel,9.273438,1.292969,-0.363281,
7.007217,0x4A,accel,8.363281,-3.816406,-0.027344,
7.007863,0x4B,accel,9.207031,1.253906,-0.363281,
7.009039,0x4A,gyro,0.000000,-0.019531,0.015625,
7.010234,0x4B,gyro,0.013672,-0.025391,0.021484,
7.010889,0x4A,accel,8.359375,-3.816406,-0.105469,
7.012098,0x4B,accel,9.167969,1.253906,-0.402344,
7.012766,0x4A,gyro,-0.011719,-0.025391,0.023438,
7.014575,0x4A,accel,8.437500,-3.816406,-0.027344,
7.015790,0x4B,gyro,0.015625,-0.029297,0.017578,
7.017087,0x4B,accel,9.207031,1.214844,-0.402344,
7.019459,0x4A,gyro,-0.011719,-0.023438,0.019531,
7.020109,0x4B,gyro,0.003906,-0.027344,0.019531,
7.020949,0x4A,accel,8.398438,-3.855469,-0.105469,
7.022021,0x4B,accel,9.207031,1.253906,-0.363281,
7.023885,0x4A,gyro,0.001953,-0.025391,0.023438,
7.024538,0x4B,gyro,0.013672,-0.029297,0.017578,
7.025344,0x4A,accel,8.402344,-3.855469,-0.027344,
7.026403,0x4B,accel,9.203125,1.175781,-0.363281,
7.027045,0x4A,accel,8.402344,-3.855469,-0.027344,
7.027697,0x4B,accel,9.164062,1.175781,-0.363281,
7.028944,0x4A,gyro,-0.003906,-0.023438,0.021484,
7.030013,0x4B,gyro,0.015625,-0.023438,0.015625,
7.030751,0x4A,accel,8.398438,-3.855469,-0.066406,
7.031791,0x4B,accel,9.203125,1.175781,-0.402344,
7.034354,0x4A,gyro,-0.001953,-0.029297,0.021484,
7.035595,0x4B,gyro,0.009766,-0.031250,0.021484,
7.036254,0x4A,accel,8.398438,-3.855469,-0.105469,
7.037046,0x4B,accel,9.238281,1.214844,-0.441406,
7.039504,0x4A,gyro,-0.003906,-0.027344,0.023438,
7.040170,0x4B,gyro,0.013672,-0.029297,0.019531,
7.040950,0x4A,accel,8.398438,-3.855469,-0.105469,
7.042061,0x4B,accel,9.203125,1.136719,-0.441406,
7.043946,0x4A,gyro,-0.007812,-0.023438,0.023438,
7.044592,0x4B,accel,9.203125,1.136719,-0.441406,
7.045400,0x4A,accel,8.359375,-3.855469,-0.105469,
7.046265,0x4B,gyro,0.005859,-0.027344,0.017578,
7.046905,0x4A,accel,8.398438,-3.816406,-0.105469,
7.047547,0x4B,accel,9.207031,1.101562,-0.363281,
7.048944,0x4A,gyro,-0.009766,-0.023438,0.017578,
7.050026,0x4B,gyro,0.005859,-0.027344,0.013672,
7.050868,0x4A,accel,8.398438,-3.816406,-0.105469,
7.051992,0x4B,accel,9.207031,1.101562,-0.363281,
7.052686,0x4A,gyro,-0.011719,-0.027344,0.019531,
7.054533,0x4A,accel,8.398438,-3.855469,-0.066406,
7.055623,0x4B,gyro,0.013672,-0.033203,0.007812,
7.057085,0x4B,accel,9.238281,1.062500,-0.441406,
7.059495,0x4A,gyro,-0.003906,-0.027344,0.013672,
7.060159,0x4B,gyro,0.011719,-0.033203,0.011719,
7.060979,0x4A,accel,8.398438,-3.855469,-0.066406,
7.061989,0x4B,accel,9.234375,1.062500,-0.402344,
7.063848,0x4A,gyro,-0.005859,-0.023438,0.013672,
7.064491,0x4B,accel,9.238281,1.062500,-0.480469,
7.065411,0x4A,accel,8.402344,-3.894531,-0.105469,
7.066058,0x4B,gyro,0.007812,-0.031250,0.015625,
7.066702,0x4A,accel,8.398438,-3.855469,-0.105469,
7.067578,0x4B,accel,9.238281,1.062500,-0.480469,
7.068975,0x4A,gyro,-0.005859,-0.025391,0.005859,
7.069621,0x4B,gyro,0.013672,-0.029297,0.007812,
7.070699,0x4A,accel,8.402344,-3.855469,-0.144531,
7.071729,0x4B,accel,9.234375,1.023438,-0.480469,
7.074330,0x4A,gyro,-0.007812,-0.025391,0.007812,
7.075633,0x4B,gyro,0.009766,-0.029297,0.007812,
7.076292,0x4A,accel,8.441406,-3.855469,-0.066406,
7.077347,0x4B,accel,9.238281,1.062500,-0.441406,
7.078020,0x4A,gyro,-0.005859,-0.023438,0.005859,
7.079670,0x4A,accel,8.398438,-3.855469,-0.066406,
7.080320,0x4B,gyro,0.011719,-0.025391,0.003906,
7.081771,0x4B,accel,9.238281,1.062500,-0.441406,
7.082412,0x4A,gyro,-0.007812,-0.023438,0.000000,
7.084032,0x4A,accel,8.441406,-3.894531,-0.027344,
7.085266,0x4B,accel,9.355469,0.984375,-0.480469,
7.086932,0x4B,gyro,0.005859,-0.027344,-0.001953,
7.087605,0x4A,accel,8.359375,-3.855469,-0.105469,
7.088253,0x4B,accel,9.128906,1.062500,-0.519531,
7.089328,0x4A,gyro,-0.009766,-0.027344,-0.005859,
7.089978,0x4B,gyro,0.013672,-0.021484,-0.001953,
7.090940,0x4A,accel,8.437500,-3.855469,-0.144531,
7.091998,0x4B,accel,9.207031,1.062500,-0.593750,
7.094537,0x4A,gyro,-0.007812,-0.017578,0.000000,
7.095719,0x4B,gyro,0.009766,-0.021484,-0.003906,
7.096384,0x4A,accel,8.437500,-3.894531,-0.105469,
7.097183,0x4B,accel,9.312500,1.101562,-0.554688,
7.099660,0x4A,gyro,-0.007812,-0.017578,-0.005859,
7.100310,0x4B,accel,9.273438,1.062500,-0.519531,
7.101144,0x4A,accel,8.402344,-3.894531,-0.105469,
7.102401,0x4B,gyro,0.001953,-0.019531,-0.003906,
7.103664,0x4B,accel,9.273438,1.023438,-0.554688,
7.104310,0x4A,gyro,0.000000,-0.017578,0.001953,
7.105415,0x4B,gyro,0.005859,-0.019531,-0.011719,
7.106067,0x4A,accel,8.437500,-3.855469,-0.144531,
7.107122,0x4B,accel,9.273438,1.101562,-0.632812,
7.108423,0x4A,accel,8.441406,-3.894531,-0.144531,
7.109068,0x4B,gyro,0.003906,-0.015625,-0.011719,
7.109715,0x4A,gyro,-0.011719,-0.013672,-0.005859,
7.110805,0x4B,accel,9.273438,1.062500,-0.593750,
7.111466,0x4A,accel,8.437500,-3.894531,-0.105469,
7.113189,0x4A,gyro,-0.003906,-0.011719,-0.013672,
7.114883,0x4A,accel,8.398438,-3.855469,-0.066406,
7.115932,0x4B,gyro,0.000000,-0.015625,-0.017578,
7.117222,0x4B,accel,9.273438,1.062500,-0.519531,
7.117876,0x4A,gyro,-0.001953,-0.011719,-0.011719,
7.119524,0x4A,accel,8.437500,-3.894531,-0.105469,
7.120798,0x4B,accel,9.238281,1.062500,-0.480469,
7.122492,0x4B,gyro,-0.003906,-0.011719,-0.019531,
7.123133,0x4A,gyro,-0.001953,-0.011719,-0.015625,
7.123784,0x4B,accel,9.238281,1.101562,-0.480469,
7.124436,0x4A,accel,8.402344,-3.855469,-0.144531,
7.125128,0x4B,gyro,-0.003906,-0.007812,-0.019531,
7.125782,0x4A,accel,8.441406,-3.855469,-0.105469,
7.126813,0x4B,accel,9.277344,1.101562,-0.441406,
7.127456,0x4A,gyro,0.003906,-0.007812,-0.023438,
7.129808,0x4B,gyro,-0.003906,-0.011719,-0.023438,
7.130895,0x4A,accel,8.398438,-3.855469,-0.105469,
7.131977,0x4B,accel,9.238281,1.101562,-0.480469,
7.134509,0x4A,gyro,-0.001953,-0.005859,-0.021484,
7.135633,0x4B,gyro,0.001953,-0.005859,-0.025391,
7.136277,0x4A,accel,8.398438,-3.855469,-0.105469,
7.137074,0x4B,accel,9.203125,1.136719,-0.480469,
7.139575,0x4A,gyro,-0.003906,-0.007812,-0.021484,
7.140234,0x4B,accel,9.277344,1.175781,-0.519531,
7.141070,0x4A,accel,8.359375,-3.894531,-0.027344,
7.142117,0x4B,gyro,0.001953,-0.007812,-0.025391,
7.143374,0x4B,accel,9.203125,1.101562,-0.441406,
7.144041,0x4A,gyro,-0.007812,-0.007812,-0.023438,
7.144697,0x4B,gyro,-0.001953,0.000000,-0.031250,
7.145531,0x4A,accel,8.476562,-3.855469,-0.144531,
7.146594,0x4B,accel,9.085938,1.175781,-0.519531,
7.147236,0x4A,accel,8.402344,-3.816406,-0.144531,
7.149048,0x4A,gyro,-0.001953,-0.003906,-0.029297,
7.150748,0x4A,accel,8.398438,-3.855469,-0.105469,
7.151773,0x4B,gyro,-0.001953,-0.005859,-0.025391,
7.153040,0x4B,accel,9.207031,1.253906,-0.519531,
7.153766,0x4A,gyro,-0.007812,-0.001953,-0.031250,
7.154414,0x4B,accel,9.238281,1.214844,-0.480469,
7.155479,0x4A,accel,8.398438,-3.855469,-0.066406,
7.156534,0x4B,gyro,0.001953,-0.001953,-0.019531,
7.157811,0x4B,accel,9.207031,1.175781,-0.480469,
7.159173,0x4A,gyro,-0.005859,-0.001953,-0.025391,
7.159838,0x4B,gyro,-0.003906,-0.001953,-0.019531,
7.160610,0x4A,accel,8.402344,-3.816406,-0.144531,
7.161696,0x4B,accel,9.203125,1.214844,-0.441406,
7.163729,0x4A,gyro,-0.003906,0.000000,-0.025391,
7.165400,0x4A,accel,8.437500,-3.816406,-0.144531,
7.166613,0x4B,gyro,-0.005859,-0.005859,-0.023438,
7.167268,0x4A,accel,8.398438,-3.855469,-0.105469,
7.168060,0x4B,accel,9.207031,1.214844,-0.402344,
7.169104,0x4A,gyro,-0.003906,0.000000,-0.029297,
7.169749,0x4B,accel,9.207031,1.253906,-0.363281,
7.170828,0x4A,accel,8.402344,-3.855469,-0.027344,
7.171880,0x4B,gyro,-0.003906,-0.001953,-0.025391,
7.173149,0x4B,accel,9.164062,1.214844,-0.324219,
7.173839,0x4A,gyro,-0.005859,-0.001953,-0.025391,
7.174488,0x4B,gyro,-0.001953,-0.005859,-0.021484,
7.175544,0x4A,accel,8.398438,-3.816406,-0.066406,
7.177846,0x4B,accel,9.167969,1.253906,-0.402344,
7.178501,0x4A,gyro,0.000000,-0.005859,-0.029297,
7.180188,0x4A,accel,8.402344,-3.777344,-0.105469,
7.180853,0x4B,gyro,0.005859,-0.001953,-0.023438,
7.182559,0x4B,accel,9.167969,1.292969,-0.402344,
7.183203,0x4A,gyro,0.000000,0.000000,-0.023438,
7.184945,0x4A,accel,8.441406,-3.816406,-0.066406,
7.186076,0x4B,gyro,0.000000,-0.007812,-0.021484,
7.186717,0x4A,accel,8.441406,-3.816406,-0.066406,
7.187806,0x4B,accel,9.167969,1.332031,-0.402344,
7.188940,0x4A,gyro,-0.003906,-0.005859,-0.021484,
7.189584,0x4B,accel,9.167969,1.332031,-0.363281,
7.190756,0x4A,accel,8.398438,-3.816406,-0.105469,
7.191806,0x4B,gyro,0.001953,-0.005859,-0.017578,
7.193079,0x4B,accel,9.128906,1.332031,-0.363281,
7.193945,0x4A,gyro,-0.007812,-0.003906,-0.013672,
7.195333,0x4B,gyro,-0.001953,-0.005859,-0.017578,
7.196040,0x4A,accel,8.398438,-3.777344,-0.027344,
7.197119,0x4B,accel,9.164062,1.332031,-0.324219,
7.198982,0x4A,gyro,0.003906,-0.007812,-0.017578,
7.200634,0x4A,accel,8.398438,-3.816406,-0.105469,
7.201682,0x4B,gyro,-0.001953,-0.007812,-0.019531,
7.203162,0x4B,accel,9.167969,1.332031,-0.363281,
7.203808,0x4A,gyro,-0.005859,-0.007812,-0.017578,
7.205501,0x4A,accel,8.402344,-3.816406,-0.144531,
7.206560,0x4B,gyro,0.000000,-0.011719,-0.015625,
7.207206,0x4A,accel,8.398438,-3.855469,-0.105469,
7.208020,0x4B,accel,9.125000,1.292969,-0.324219,
7.209250,0x4A,gyro,-0.001953,-0.007812,-0.013672,
7.209894,0x4B,accel,9.167969,1.292969,-0.402344,
7.210962,0x4A,accel,8.437500,-3.777344,-0.066406,
7.211670,0x4B,gyro,0.003906,-0.005859,-0.007812,
7.212937,0x4B,accel,9.167969,1.332031,-0.363281,
7.213587,0x4A,gyro,-0.001953,-0.005859,-0.013672,
7.215238,0x4A,accel,8.398438,-3.816406,-0.066406,
7.215907,0x4B,gyro,0.003906,-0.009766,-0.011719,
7.217601,0x4B,accel,9.164062,1.292969,-0.441406,
7.218245,0x4A,gyro,-0.005859,-0.013672,-0.009766,
7.219903,0x4A,accel,8.480469,-3.816406,-0.105469,
7.220545,0x4B,gyro,-0.001953,-0.011719,-0.011719,
7.222219,0x4B,accel,9.207031,1.253906,-0.402344,
7.222857,0x4A,gyro,-0.005859,-0.013672,-0.011719,
7.224121,0x4A,accel,8.441406,-3.816406,-0.105469,
7.224772,0x4B,gyro,0.001953,-0.011719,-0.009766,
7.226711,0x4B,accel,9.164062,1.253906,-0.441406,
7.227356,0x4A,accel,8.402344,-3.816406,-0.183594,
7.228022,0x4B,accel,9.164062,1.253906,-0.480469,
7.229356,0x4A,gyro,-0.005859,-0.005859,-0.013672,
7.230452,0x4B,gyro,0.003906,-0.013672,-0.005859,
7.231125,0x4A,accel,8.398438,-3.816406,-0.105469,
7.232495,0x4B,accel,9.203125,1.253906,-0.480469,
7.233148,0x4A,gyro,-0.001953,-0.011719,-0.013672,
7.234944,0x4A,accel,8.398438,-3.816406,-0.105469,
7.235590,0x4B,gyro,0.009766,-0.009766,-0.001953,
7.237333,0x4B,accel,9.164062,1.253906,-0.480469,
7.239232,0x4A,gyro,-0.001953,-0.007812,-0.013672,
7.240949,0x4A,accel,8.402344,-3.777344,-0.105469,
7.241991,0x4B,gyro,0.001953,-0.009766,-0.007812,
7.243252,0x4B,accel,9.125000,1.253906,-0.480469,
7.243900,0x4A,gyro,-0.007812,-0.007812,-0.009766,
7.244546,0x4B,gyro,0.001953,-0.003906,-0.003906,
7.245640,0x4A,accel,8.402344,-3.816406,-0.144531,
7.246691,0x4B,accel,9.164062,1.253906,-0.480469,
7.247325,0x4A,accel,8.398438,-3.816406,-0.105469,
7.247987,0x4B,accel,9.164062,1.292969,-0.441406,
7.249275,0x4A,gyro,-0.005859,-0.007812,-0.013672,
7.250535,0x4B,gyro,0.000000,-0.007812,0.000000,
7.251266,0x4A,accel,8.441406,-3.855469,-0.105469,
7.252370,0x4B,accel,9.207031,1.253906,-0.402344,
7.254955,0x4A,gyro,-0.001953,-0.007812,-0.009766,
7.256128,0x4B,gyro,0.003906,-0.009766,-0.007812,
7.256806,0x4A,accel,8.398438,-3.855469,-0.105469,
7.257605,0x4B,accel,9.207031,1.253906,-0.402344,
7.260182,0x4A,gyro,-0.001953,-0.011719,-0.005859,
7.260828,0x4B,gyro,0.005859,-0.005859,-0.001953,
7.261477,0x4A,accel,8.441406,-3.816406,-0.105469,
7.262584,0x4B,accel,9.164062,1.253906,-0.480469,
7.263224,0x4A,gyro,-0.001953,-0.005859,-0.009766,
7.263866,0x4B,accel,9.203125,1.253906,-0.480469,
7.265285,0x4A,accel,8.437500,-3.816406,-0.144531,
7.266337,0x4B,gyro,0.007812,-0.007812,0.003906,
7.266975,0x4A,accel,8.441406,-3.816406,-0.105469,
7.268017,0x4B,accel,9.203125,1.214844,-0.480469,
7.269249,0x4A,gyro,0.001953,-0.009766,-0.003906,
7.269899,0x4B,gyro,0.005859,-0.005859,-0.001953,
7.270986,0x4A,accel,8.398438,-3.816406,-0.066406,
7.272010,0x4B,accel,9.238281,1.214844,-0.480469,
7.274033,0x4A,gyro,0.000000,-0.007812,-0.011719,
7.275715,0x4A,accel,8.441406,-3.894531,-0.144531,
7.276838,0x4B,gyro,0.000000,-0.005859,-0.003906,
7.278123,0x4B,accel,9.234375,1.136719,-0.519531,
7.278770,0x4A,gyro,-0.003906,-0.007812,-0.005859,
7.280448,0x4A,accel,8.441406,-3.894531,-0.144531,
7.281605,0x4B,gyro,0.003906,-0.003906,0.001953,
7.282850,0x4B,accel,9.234375,1.101562,-0.519531,
7.283488,0x4A,gyro,-0.001953,-0.007812,-0.019531,
7.284132,0x4B,accel,9.203125,1.062500,-0.441406,
7.285207,0x4A,accel,8.402344,-3.855469,-0.144531,
7.286259,0x4B,gyro,0.009766,0.000000,-0.003906,
7.286922,0x4A,accel,8.398438,-3.855469,-0.105469,
7.287982,0x4B,accel,9.203125,1.062500,-0.441406,
7.289135,0x4A,gyro,0.003906,-0.007812,-0.021484,
7.289789,0x4B,gyro,0.013672,-0.001953,-0.003906,
7.291056,0x4A,accel,8.398438,-3.855469,-0.105469,
7.292098,0x4B,accel,9.164062,1.101562,-0.441406,
7.293978,0x4A,gyro,0.003906,-0.001953,-0.011719,
7.294613,0x4B,gyro,0.023438,-0.005859,-0.001953,
7.295677,0x4A,accel,8.359375,-3.738281,-0.144531,
7.296708,0x4B,accel,9.167969,1.175781,-0.480469,
7.298624,0x4A,gyro,0.003906,-0.007812,-0.017578,
7.300322,0x4A,accel,8.398438,-3.816406,-0.066406,
7.301379,0x4B,gyro,0.019531,0.001953,-0.001953,
7.302652,0x4B,accel,9.125000,1.214844,-0.441406,
7.303291,0x4A,gyro,0.005859,-0.003906,-0.015625,
7.303934,0x4B,accel,9.164062,1.214844,-0.441406,
7.305130,0x4A,accel,8.402344,-3.816406,-0.144531,
7.306186,0x4B,gyro,0.015625,-0.003906,-0.005859,
7.306821,0x4A,accel,8.398438,-3.816406,-0.105469,
7.307872,0x4B,accel,9.207031,1.253906,-0.402344,
7.309150,0x4A,gyro,0.000000,-0.001953,-0.013672,
7.309800,0x4B,gyro,0.015625,0.000000,-0.009766,
7.311061,0x4A,accel,8.398438,-3.816406,-0.105469,
7.312100,0x4B,accel,9.167969,1.292969,-0.402344,
7.314111,0x4A,gyro,0.000000,-0.007812,-0.019531,
7.315791,0x4A,accel,8.441406,-3.816406,-0.105469,
7.316869,0x4B,gyro,0.017578,-0.005859,-0.005859,
7.318163,0x4B,accel,9.125000,1.292969,-0.441406,
7.318808,0x4A,gyro,0.001953,-0.003906,-0.017578,
7.320502,0x4A,accel,8.441406,-3.816406,-0.105469,
7.321658,0x4B,accel,9.164062,1.292969,-0.441406,
7.323254,0x4B,gyro,0.009766,-0.001953,-0.001953,
7.323909,0x4A,gyro,0.005859,-0.007812,-0.017578,
7.324552,0x4B,accel,9.125000,1.253906,-0.441406,
7.325657,0x4A,accel,8.441406,-3.816406,-0.105469,
7.326891,0x4B,gyro,0.005859,-0.003906,-0.001953,
7.327531,0x4A,accel,8.398438,-3.816406,-0.105469,
7.328360,0x4B,accel,9.125000,1.292969,-0.441406,
7.329445,0x4A,gyro,-0.001953,-0.005859,-0.013672,
7.331168,0x4A,accel,8.398438,-3.816406,-0.105469,
7.332199,0x4B,gyro,0.013672,0.000000,-0.001953,
7.333466,0x4B,accel,9.164062,1.253906,-0.441406,
7.334111,0x4A,gyro,0.001953,-0.007812,-0.011719,
7.335763,0x4A,accel,8.398438,-3.816406,-0.105469,
7.336801,0x4B,gyro,0.011719,-0.007812,-0.003906,
7.338069,0x4B,accel,9.164062,1.214844,-0.441406,
7.338728,0x4A,gyro,-0.003906,-0.005859,-0.009766,
7.340388,0x4A,accel,8.402344,-3.816406,-0.144531,
7.341739,0x4B,accel,9.203125,1.253906,-0.441406,
7.343442,0x4B,gyro,0.009766,-0.003906,0.003906,
7.344091,0x4A,gyro,0.001953,-0.009766,-0.019531,
7.344730,0x4B,accel,9.164062,1.175781,-0.402344,
7.345815,0x4A,accel,8.402344,-3.816406,-0.144531,
7.346968,0x4B,gyro,0.013672,-0.005859,-0.001953,
7.347605,0x4A,accel,8.398438,-3.855469,-0.105469,
7.348403,0x4B,accel,9.125000,1.175781,-0.402344,
7.349502,0x4A,gyro,0.003906,-0.007812,-0.019531,
7.351234,0x4A,accel,8.359375,-3.816406,-0.105469,
7.352281,0x4B,gyro,0.011719,-0.005859,0.005859,
7.353560,0x4B,accel,9.128906,1.214844,-0.402344,
7.354209,0x4A,gyro,0.011719,-0.005859,-0.019531,
7.355871,0x4A,accel,8.398438,-3.816406,-0.066406,
7.356941,0x4B,gyro,0.011719,-0.005859,0.003906,
7.358253,0x4B,accel,9.128906,1.214844,-0.402344,
7.358908,0x4A,gyro,-0.001953,-0.009766,-0.013672,
7.359546,0x4B,accel,9.128906,1.253906,-0.402344,
7.360634,0x4A,accel,8.398438,-3.816406,-0.105469,
7.361703,0x4B,gyro,0.009766,-0.009766,0.000000,
7.363341,0x4B,accel,9.128906,1.253906,-0.363281,
7.363989,0x4A,gyro,0.005859,-0.007812,-0.015625,
7.365688,0x4A,accel,8.402344,-3.777344,-0.105469,
7.367020,0x4B,gyro,0.015625,-0.007812,0.000000,
7.367665,0x4A,accel,8.402344,-3.777344,-0.105469,
7.368495,0x4B,accel,9.085938,1.253906,-0.441406,
7.369562,0x4A,gyro,0.001953,-0.009766,-0.009766,
7.371236,0x4A,accel,8.398438,-3.777344,-0.144531,
7.372267,0x4B,gyro,0.007812,-0.007812,0.003906,
7.373542,0x4B,accel,9.125000,1.292969,-0.441406,
7.374192,0x4A,gyro,-0.001953,-0.009766,-0.013672,
7.374840,0x4B,accel,9.085938,1.253906,-0.441406,
7.375914,0x4A,accel,8.441406,-3.738281,-0.144531,
7.376991,0x4B,gyro,0.003906,-0.011719,-0.001953,
7.378272,0x4B,accel,9.125000,1.253906,-0.441406,
7.378914,0x4A,gyro,-0.001953,-0.011719,-0.009766,
7.380605,0x4A,accel,8.398438,-3.777344,-0.144531,
7.381257,0x4B,gyro,0.007812,-0.013672,0.000000,
7.382946,0x4B,accel,9.125000,1.292969,-0.441406,
7.383580,0x4A,gyro,-0.005859,-0.007812,-0.005859,
7.385318,0x4A,accel,8.398438,-3.777344,-0.183594,
7.386644,0x4B,gyro,0.005859,-0.009766,0.003906,
7.387284,0x4A,accel,8.402344,-3.777344,-0.105469,
7.388380,0x4B,accel,9.125000,1.292969,-0.441406,
7.389430,0x4A,gyro,-0.001953,-0.005859,-0.009766,
7.391258,0x4A,accel,8.437500,-3.777344,-0.105469,
7.392321,0x4B,gyro,0.000000,-0.009766,-0.001953,
7.393579,0x4B,accel,9.085938,1.253906,-0.480469,
7.394240,0x4A,gyro,0.000000,-0.009766,-0.007812,
7.394897,0x4B,accel,9.125000,1.253906,-0.441406,
7.395950,0x4A,accel,8.402344,-3.816406,-0.144531,
7.396829,0x4B,gyro,0.001953,-0.011719,0.003906,
7.398475,0x4B,accel,9.125000,1.253906,-0.441406,
7.399748,0x4A,gyro,-0.003906,-0.011719,-0.005859,
7.401210,0x4A,accel,8.398438,-3.777344,-0.144531,
7.401862,0x4B,gyro,0.001953,-0.011719,0.003906,
7.403366,0x4B,accel,9.125000,1.253906,-0.480469,
7.404008,0x4A,gyro,0.000000,-0.007812,-0.001953,
7.405811,0x4A,accel,8.398438,-3.777344,-0.144531,
7.407032,0x4B,gyro,-0.009766,-0.009766,0.003906,
7.407673,0x4A,accel,8.441406,-3.816406,-0.105469,
7.408479,0x4B,accel,9.164062,1.253906,-0.480469,
7.409524,0x4A,gyro,-0.001953,-0.009766,-0.003906,
7.410170,0x4B,accel,9.125000,1.253906,-0.441406,
7.411380,0x4A,accel,8.398438,-3.816406,-0.105469,
7.412462,0x4B,gyro,0.000000,-0.007812,0.003906,
7.413736,0x4B,accel,9.164062,1.214844,-0.441406,
7.414383,0x4A,gyro,-0.001953,-0.007812,-0.003906,
7.416072,0x4A,accel,8.398438,-3.855469,-0.105469,
7.416722,0x4B,gyro,-0.007812,-0.007812,0.003906,
7.418305,0x4B,accel,9.164062,1.214844,-0.480469,
7.418955,0x4A,gyro,-0.007812,-0.011719,0.001953,
7.420629,0x4A,accel,8.402344,-3.816406,-0.144531,
7.421457,0x4B,gyro,0.005859,-0.005859,0.001953,
7.423145,0x4B,accel,9.167969,1.175781,-0.441406,
7.423792,0x4A,gyro,-0.003906,-0.007812,-0.005859,
7.425458,0x4A,accel,8.441406,-3.816406,-0.105469,
7.426099,0x4B,gyro,-0.005859,-0.013672,0.009766,
7.427807,0x4B,accel,9.167969,1.175781,-0.441406,
7.428467,0x4A,accel,8.402344,-3.855469,-0.144531,
7.430184,0x4A,gyro,0.000000,-0.007812,-0.003906,
7.431358,0x4B,accel,9.164062,1.214844,-0.441406,
7.431996,0x4A,accel,8.441406,-3.816406,-0.105469,
7.433379,0x4B,gyro,-0.005859,-0.009766,0.000000,
7.434162,0x4A,gyro,0.005859,-0.005859,0.000000,
7.434807,0x4B,accel,9.125000,1.214844,-0.441406,
7.435881,0x4A,accel,8.402344,-3.777344,-0.105469,
7.437243,0x4B,gyro,-0.001953,-0.009766,0.001953,
7.438512,0x4B,accel,9.164062,1.214844,-0.480469,
7.439751,0x4A,gyro,0.001953,-0.005859,-0.005859,
7.440392,0x4B,gyro,0.001953,-0.007812,0.001953,
7.441056,0x4A,accel,8.402344,-3.777344,-0.105469,
7.442093,0x4B,accel,9.125000,1.253906,-0.480469,
7.444520,0x4A,gyro,-0.003906,-0.007812,0.003906,
7.446261,0x4A,accel,8.402344,-3.777344,-0.105469,
7.447319,0x4B,gyro,-0.005859,-0.009766,0.000000,
7.447957,0x4A,accel,8.398438,-3.777344,-0.144531,
7.448611,0x4B,accel,9.125000,1.253906,-0.480469,
7.450003,0x4A,gyro,-0.007812,-0.011719,0.000000,
7.451328,0x4B,accel,9.125000,1.253906,-0.480469,
7.452009,0x4A,accel,8.398438,-3.777344,-0.144531,
7.453191,0x4B,gyro,0.000000,-0.011719,0.000000,
7.453874,0x4A,gyro,-0.003906,-0.007812,-0.005859,
7.454546,0x4B,accel,9.125000,1.253906,-0.480469,
7.455599,0x4A,accel,8.402344,-3.777344,-0.105469,
7.456979,0x4B,gyro,0.000000,-0.005859,0.003906,
7.458264,0x4B,accel,9.125000,1.292969,-0.441406,
7.458907,0x4A,gyro,-0.003906,-0.007812,0.001953,
7.460563,0x4A,accel,8.441406,-3.777344,-0.144531,
7.461898,0x4B,gyro,-0.003906,-0.011719,0.001953,
7.463531,0x4B,accel,9.085938,1.253906,-0.441406,
7.464183,0x4A,gyro,-0.001953,-0.005859,0.000000,
7.464828,0x4B,accel,9.125000,1.292969,-0.480469,
7.465922,0x4A,accel,8.398438,-3.777344,-0.144531,
7.467133,0x4B,gyro,-0.003906,-0.009766,0.001953,
7.467777,0x4A,accel,8.437500,-3.777344,-0.105469,
7.468438,0x4B,accel,9.125000,1.253906,-0.441406,
7.469618,0x4A,gyro,-0.003906,-0.007812,0.000000,
7.470260,0x4B,gyro,0.001953,-0.009766,0.009766,
7.471460,0x4A,accel,8.398438,-3.816406,-0.105469,
7.473532,0x4B,accel,9.085938,1.292969,-0.441406,
7.474181,0x4A,gyro,-0.005859,-0.005859,0.000000,
7.475870,0x4A,accel,8.402344,-3.777344,-0.105469,
7.477213,0x4B,gyro,0.000000,-0.005859,0.007812,
7.478496,0x4B,accel,9.125000,1.292969,-0.441406,
7.479702,0x4A,gyro,-0.003906,-0.007812,0.005859,
7.480354,0x4B,gyro,-0.001953,-0.011719,0.007812,
7.481328,0x4A,accel,8.398438,-3.777344,-0.144531,
7.482389,0x4B,accel,9.128906,1.292969,-0.402344,
7.484438,0x4A,gyro,-0.003906,-0.007812,0.000000,
7.485079,0x4B,accel,9.085938,1.292969,-0.441406,
7.486159,0x4A,accel,8.398438,-3.777344,-0.144531,
7.487444,0x4B,gyro,0.001953,-0.009766,0.009766,
7.488093,0x4A,accel,8.398438,-3.777344,-0.144531,
7.488734,0x4B,accel,9.125000,1.292969,-0.441406,
7.489826,0x4A,gyro,-0.001953,-0.007812,0.007812,
7.491170,0x4B,gyro,-0.001953,-0.011719,0.009766,
7.491827,0x4A,accel,8.402344,-3.738281,-0.105469,
7.492910,0x4B,accel,9.125000,1.292969,-0.441406,
7.493578,0x4A,gyro,-0.001953,-0.003906,0.007812,
7.495507,0x4A,accel,8.441406,-3.816406,-0.105469,
7.496783,0x4B,gyro,-0.001953,-0.011719,0.009766,
7.498052,0x4B,accel,9.085938,1.253906,-0.441406,
7.498719,0x4A,gyro,0.000000,-0.007812,0.011719,
7.500362,0x4A,accel,8.398438,-3.777344,-0.144531,
7.501393,0x4B,gyro,0.001953,-0.009766,0.011719,
7.503102,0x4B,accel,9.125000,1.292969,-0.441406,
7.504986,0x4A,gyro,0.000000,-0.007812,0.013672,
7.505633,0x4B,accel,9.128906,1.292969,-0.402344,
7.506449,0x4A,accel,8.398438,-3.777344,-0.144531,
7.507107,0x4B,gyro,0.003906,-0.009766,0.013672,
7.508709,0x4B,accel,9.128906,1.253906,-0.402344,
7.510125,0x4A,accel,8.398438,-3.777344,-0.144531,
7.510776,0x4B,gyro,0.001953,-0.011719,0.015625,
7.511752,0x4A,gyro,-0.001953,-0.011719,0.011719,
7.512823,0x4B,accel,9.125000,1.253906,-0.441406,
7.513488,0x4A,accel,8.441406,-3.816406,-0.105469,
7.514921,0x4A,gyro,0.001953,-0.011719,0.015625,
7.515637,0x4B,gyro,-0.009766,-0.009766,0.017578,
7.516744,0x4A,accel,8.398438,-3.777344,-0.183594,
7.517826,0x4B,accel,9.164062,1.253906,-0.441406,
7.519674,0x4A,gyro,-0.001953,-0.013672,0.011719,
7.520295,0x4B,gyro,-0.005859,-0.013672,0.019531,
7.521347,0x4A,accel,8.398438,-3.777344,-0.144531,
7.522476,0x4B,accel,9.125000,1.253906,-0.480469,
7.523734,0x4B,accel,9.125000,1.214844,-0.441406,
7.524367,0x4A,gyro,-0.007812,-0.005859,0.015625,
7.526091,0x4A,accel,8.402344,-3.816406,-0.144531,
7.526810,0x4B,gyro,-0.001953,-0.009766,0.015625,
7.527453,0x4A,accel,8.402344,-3.777344,-0.105469,
7.528533,0x4B,accel,9.164062,1.214844,-0.480469,
7.529761,0x4A,gyro,-0.003906,-0.011719,0.015625,
7.530416,0x4B,gyro,0.000000,-0.011719,0.019531,
7.531717,0x4A,accel,8.363281,-3.816406,-0.144531,
7.532744,0x4B,accel,9.164062,1.214844,-0.480469,
7.534683,0x4A,gyro,-0.003906,-0.011719,0.019531,
7.536326,0x4A,accel,8.441406,-3.816406,-0.105469,
7.537350,0x4B,gyro,-0.001953,-0.013672,0.019531,
7.538588,0x4B,accel,9.164062,1.253906,-0.441406,
7.539294,0x4A,gyro,0.001953,-0.009766,0.023438,
7.541014,0x4A,accel,8.441406,-3.777344,-0.144531,
7.542319,0x4B,accel,9.164062,1.214844,-0.441406,
7.543996,0x4B,gyro,-0.003906,-0.009766,0.019531,
7.544652,0x4A,gyro,-0.003906,-0.009766,0.017578,
7.545299,0x4B,accel,9.167969,1.214844,-0.519531,
7.546426,0x4A,accel,8.441406,-3.777344,-0.144531,
7.547719,0x4B,gyro,-0.001953,-0.013672,0.019531,
7.548377,0x4A,accel,8.441406,-3.777344,-0.144531,
7.549026,0x4B,accel,9.125000,1.214844,-0.441406,
7.550051,0x4A,gyro,-0.001953,-0.007812,0.019531,
7.550667,0x4B,gyro,-0.003906,-0.013672,0.015625,
7.551669,0x4A,accel,8.398438,-3.777344,-0.144531,
7.552668,0x4B,accel,9.125000,1.214844,-0.441406,
7.554499,0x4A,gyro,-0.001953,-0.013672,0.013672,
7.556148,0x4A,accel,8.398438,-3.816406,-0.105469,
7.557154,0x4B,gyro,-0.001953,-0.011719,0.019531,
7.558391,0x4B,accel,9.125000,1.214844,-0.480469,
7.559028,0x4A,gyro,-0.009766,-0.009766,0.019531,
7.560692,0x4A,accel,8.398438,-3.816406,-0.105469,
7.562054,0x4B,accel,9.128906,1.214844,-0.519531,
7.563728,0x4B,gyro,-0.009766,-0.009766,0.017578,
7.564378,0x4A,gyro,-0.007812,-0.013672,0.019531,
7.565016,0x4B,accel,9.167969,1.214844,-0.519531,
7.566094,0x4A,accel,8.437500,-3.816406,-0.144531,
7.566736,0x4B,gyro,-0.003906,-0.009766,0.019531,
7.568440,0x4B,accel,9.164062,1.175781,-0.519531,
7.569733,0x4A,accel,8.402344,-3.816406,-0.183594,
7.571655,0x4A,gyro,-0.003906,-0.011719,0.021484,
7.572658,0x4B,gyro,-0.007812,-0.009766,0.017578,
7.573282,0x4A,accel,8.437500,-3.816406,-0.144531,
7.573900,0x4B,accel,9.203125,1.136719,-0.480469,
7.574524,0x4A,gyro,-0.009766,-0.007812,0.023438,
7.576182,0x4A,accel,8.441406,-3.816406,-0.105469,
7.577227,0x4B,gyro,-0.011719,-0.009766,0.017578,
7.578518,0x4B,accel,9.164062,1.136719,-0.480469,
7.579170,0x4A,gyro,-0.003906,-0.005859,0.015625,
7.579809,0x4B,accel,9.164062,1.136719,-0.441406,
7.580853,0x4A,accel,8.398438,-3.816406,-0.105469,
7.582189,0x4B,gyro,-0.011719,-0.009766,0.013672,
7.583787,0x4B,accel,9.167969,1.175781,-0.480469,
7.584439,0x4A,gyro,-0.005859,-0.009766,0.017578,
7.586132,0x4A,accel,8.402344,-3.816406,-0.144531,
7.587459,0x4B,gyro,-0.005859,-0.015625,0.013672,
7.588075,0x4A,accel,8.441406,-3.816406,-0.105469,
7.588922,0x4B,accel,9.167969,1.175781,-0.441406,
7.589954,0x4A,gyro,-0.003906,-0.003906,0.017578,
7.591763,0x4A,accel,8.402344,-3.816406,-0.144531,
7.592767,0x4B,gyro,-0.003906,-0.013672,0.007812,
7.593987,0x4B,accel,9.164062,1.214844,-0.441406,
7.594605,0x4A,gyro,0.000000,-0.005859,0.019531,
7.595246,0x4B,accel,9.164062,1.253906,-0.441406,
7.596298,0x4A,accel,8.398438,-3.816406,-0.105469,
7.597361,0x4B,gyro,-0.005859,-0.009766,0.005859,
7.598990,0x4B,accel,9.167969,1.292969,-0.519531,
7.600032,0x4A,gyro,-0.005859,-0.007812,0.019531,
7.601747,0x4A,accel,8.402344,-3.816406,-0.144531,
7.603096,0x4B,gyro,-0.005859,-0.013672,0.011719,
7.604319,0x4B,accel,9.164062,1.292969,-0.480469,
7.604948,0x4A,gyro,-0.005859,-0.005859,0.023438,
7.606638,0x4A,accel,8.398438,-3.777344,-0.144531,
7.607663,0x4B,gyro,-0.011719,-0.009766,0.019531,
7.608276,0x4A,accel,8.402344,-3.816406,-0.144531,
7.609148,0x4B,accel,9.164062,1.292969,-0.554688,
7.610283,0x4A,gyro,-0.007812,-0.007812,0.019531,
7.610892,0x4B,accel,9.164062,1.292969,-0.480469,
7.611908,0x4A,accel,8.441406,-3.816406,-0.105469,
7.612967,0x4B,gyro,-0.017578,-0.009766,0.011719,
7.614853,0x4A,gyro,-0.011719,-0.007812,0.027344,
7.615507,0x4B,accel,9.125000,1.214844,-0.441406,
7.616575,0x4A,accel,8.398438,-3.816406,-0.105469,
7.617408,0x4B,gyro,-0.019531,-0.009766,0.013672,
7.619047,0x4B,accel,9.167969,1.214844,-0.402344,
7.620328,0x4A,gyro,-0.007812,-0.007812,0.027344,
7.621797,0x4A,accel,8.441406,-3.816406,-0.105469,
7.622445,0x4B,gyro,-0.025391,-0.013672,0.011719,
7.623873,0x4B,accel,9.167969,1.214844,-0.402344,
7.624497,0x4A,gyro,-0.011719,-0.005859,0.031250,
7.626411,0x4A,accel,8.402344,-3.816406,-0.144531,
7.627586,0x4B,gyro,-0.021484,-0.011719,0.009766,
7.628197,0x4A,accel,8.402344,-3.816406,-0.144531,
7.629047,0x4B,accel,9.167969,1.175781,-0.441406,
7.630128,0x4A,gyro,-0.001953,-0.005859,0.025391,
7.630737,0x4B,accel,9.167969,1.175781,-0.441406,
7.631855,0x4A,accel,8.437500,-3.777344,-0.105469,
7.632929,0x4B,gyro,-0.007812,-0.009766,0.019531,
7.634170,0x4B,accel,9.203125,1.175781,-0.402344,
7.634820,0x4A,gyro,-0.003906,-0.005859,0.029297,
7.636491,0x4A,accel,8.441406,-3.855469,-0.105469,
7.637142,0x4B,gyro,-0.013672,-0.007812,0.011719,
7.638820,0x4B,accel,9.167969,1.175781,-0.480469,
7.639465,0x4A,gyro,-0.013672,-0.013672,0.027344,
7.641129,0x4A,accel,8.437500,-3.855469,-0.144531,
7.641761,0x4B,gyro,-0.017578,-0.011719,0.015625,
7.643403,0x4B,accel,9.207031,1.175781,-0.441406,
7.644012,0x4A,gyro,-0.005859,-0.009766,0.037109,
7.645944,0x4A,accel,8.437500,-3.855469,-0.144531,
7.647214,0x4B,gyro,-0.015625,-0.013672,0.009766,
7.647824,0x4A,accel,8.476562,-3.816406,-0.183594,
7.648890,0x4B,accel,9.238281,1.136719,-0.441406,
7.649928,0x4A,gyro,-0.011719,-0.009766,0.035156,
7.650538,0x4B,accel,9.234375,1.136719,-0.402344,
7.651890,0x4A,accel,8.441406,-3.816406,-0.105469,
7.652850,0x4B,gyro,-0.015625,-0.013672,0.005859,
7.654108,0x4B,accel,9.203125,1.136719,-0.441406,
7.655052,0x4A,gyro,-0.015625,-0.015625,0.031250,
7.655751,0x4B,gyro,-0.021484,-0.017578,0.009766,
7.656849,0x4A,accel,8.441406,-3.816406,-0.105469,
7.658811,0x4B,accel,9.273438,1.101562,-0.402344,
7.659467,0x4A,gyro,-0.011719,-0.007812,0.031250,
7.661117,0x4A,accel,8.437500,-3.855469,-0.144531,
7.661729,0x4B,gyro,-0.017578,-0.009766,0.005859,
7.663604,0x4B,accel,9.238281,1.101562,-0.441406,
7.664215,0x4A,gyro,-0.003906,-0.013672,0.029297,
7.665956,0x4A,accel,8.441406,-3.855469,-0.105469,
7.667202,0x4B,gyro,-0.005859,-0.007812,0.000000,
7.667811,0x4A,accel,8.476562,-3.855469,-0.144531,
7.668685,0x4B,accel,9.234375,1.136719,-0.402344,
7.669983,0x4A,gyro,-0.007812,-0.015625,0.027344,
7.670612,0x4B,accel,9.351562,1.136719,-0.441406,
7.671906,0x4A,accel,8.476562,-3.894531,-0.105469,
7.672554,0x4B,gyro,-0.009766,-0.019531,0.007812,
7.674260,0x4B,accel,9.238281,1.062500,-0.441406,
7.675093,0x4A,gyro,-0.007812,-0.015625,0.019531,
7.676795,0x4A,accel,8.437500,-3.855469,-0.183594,
7.677873,0x4B,gyro,-0.007812,-0.009766,0.009766,
7.679118,0x4B,accel,9.238281,1.175781,-0.519531,
7.679761,0x4A,gyro,-0.005859,-0.009766,0.025391,
7.681434,0x4A,accel,8.476562,-3.816406,-0.144531,
7.682065,0x4B,gyro,0.003906,-0.015625,0.007812,
7.683734,0x4B,accel,9.234375,1.175781,-0.480469,
7.684349,0x4A,gyro,-0.005859,-0.011719,0.021484,
7.685948,0x4A,accel,8.402344,-3.816406,-0.144531,
7.686564,0x4B,gyro,-0.001953,-0.013672,-0.001953,
7.688197,0x4B,accel,9.234375,1.214844,-0.519531,
7.688817,0x4A,accel,8.437500,-3.816406,-0.144531,
7.690465,0x4A,gyro,0.000000,-0.011719,0.025391,
7.691779,0x4B,accel,9.316406,1.214844,-0.519531,
7.692415,0x4A,accel,8.476562,-3.855469,-0.183594,
7.693500,0x4B,gyro,-0.007812,-0.015625,0.007812,
7.694158,0x4A,gyro,-0.001953,-0.007812,0.023438,
7.694790,0x4B,accel,9.203125,1.175781,-0.519531,
7.696007,0x4A,accel,8.437500,-3.816406,-0.183594,
7.696655,0x4B,gyro,-0.005859,-0.013672,0.003906,
7.698340,0x4B,accel,9.234375,1.214844,-0.593750,
7.698986,0x4A,gyro,-0.005859,-0.005859,0.019531,
7.700628,0x4A,accel,8.511719,-3.816406,-0.183594,
7.701245,0x4B,gyro,-0.009766,-0.007812,0.003906,
7.703055,0x4B,accel,9.234375,1.214844,-0.519531,
7.704853,0x4A,gyro,-0.001953,-0.011719,0.031250,
7.705481,0x4B,accel,9.277344,1.292969,-0.554688,
7.706538,0x4A,accel,8.398438,-3.855469,-0.105469,
7.707568,0x4B,gyro,-0.011719,-0.011719,0.009766,
7.708185,0x4A,accel,8.476562,-3.855469,-0.183594,
7.709259,0x4B,accel,9.203125,1.214844,-0.554688,
7.710310,0x4A,gyro,-0.003906,-0.011719,0.031250,
7.712098,0x4A,accel,8.437500,-3.816406,-0.183594,
7.713127,0x4B,gyro,-0.001953,-0.007812,0.007812,
7.714393,0x4B,accel,9.238281,1.253906,-0.480469,
7.715033,0x4A,gyro,-0.003906,-0.011719,0.037109,
7.716716,0x4A,accel,8.441406,-3.816406,-0.222656,
7.717765,0x4B,gyro,-0.013672,-0.005859,0.005859,
7.719254,0x4B,accel,9.238281,1.214844,-0.480469,
7.720439,0x4A,gyro,-0.005859,-0.005859,0.039062,
7.721928,0x4A,accel,8.398438,-3.855469,-0.105469,
7.722550,0x4B,gyro,-0.007812,-0.009766,0.003906,
7.724014,0x4B,accel,9.312500,1.214844,-0.480469,
7.724623,0x4A,gyro,-0.005859,-0.011719,0.029297,
7.725830,0x4A,accel,8.476562,-3.894531,-0.222656,
7.726444,0x4B,accel,9.277344,1.175781,-0.519531,
7.727862,0x4B,gyro,-0.013672,-0.007812,0.003906,
7.728478,0x4A,accel,8.437500,-3.816406,-0.144531,
7.729093,0x4B,accel,9.273438,1.175781,-0.480469,
7.730133,0x4A,gyro,-0.003906,-0.011719,0.033203,
7.730782,0x4B,gyro,-0.011719,-0.005859,0.007812,
7.732050,0x4A,accel,8.480469,-3.894531,-0.144531,
7.733081,0x4B,accel,9.234375,1.175781,-0.480469,
7.735219,0x4A,gyro,-0.003906,-0.007812,0.029297,
7.736929,0x4A,accel,8.441406,-3.855469,-0.066406,
7.738084,0x4B,gyro,-0.005859,-0.009766,0.009766,
7.739343,0x4B,accel,9.351562,1.214844,-0.441406,
7.740663,0x4A,gyro,-0.003906,-0.007812,0.029297,
7.741297,0x4B,gyro,-0.005859,-0.001953,0.007812,
7.742082,0x4A,accel,8.546875,-3.855469,-0.144531,
7.743233,0x4B,accel,9.273438,1.175781,-0.441406,
7.744505,0x4B,accel,9.238281,1.253906,-0.554688,
7.745149,0x4A,gyro,-0.001953,-0.005859,0.025391,
7.745793,0x4B,gyro,-0.007812,-0.003906,0.009766,
7.746857,0x4A,accel,8.402344,-3.855469,-0.183594,
7.749118,0x4B,accel,9.277344,1.214844,-0.554688,
7.750463,0x4A,accel,8.437500,-3.855469,-0.183594,
7.751087,0x4B,gyro,-0.009766,-0.003906,0.011719,
7.752152,0x4A,gyro,-0.003906,-0.011719,0.029297,
7.753200,0x4B,accel,9.312500,1.175781,-0.519531,
7.753866,0x4A,accel,8.398438,-3.894531,-0.144531,
7.755159,0x4A,gyro,-0.001953,-0.007812,0.027344,
7.756837,0x4A,accel,8.476562,-3.816406,-0.183594,
7.757872,0x4B,gyro,-0.009766,-0.001953,0.013672,
7.759155,0x4B,accel,9.312500,1.136719,-0.480469,
7.759803,0x4A,gyro,-0.003906,-0.009766,0.023438,
7.761457,0x4A,accel,8.480469,-3.894531,-0.183594,
7.762830,0x4B,gyro,-0.007812,-0.001953,0.007812,
7.764531,0x4B,accel,9.316406,1.175781,-0.554688,
7.765175,0x4A,gyro,-0.007812,-0.005859,0.029297,
7.765822,0x4B,accel,9.355469,1.136719,-0.519531,
7.766879,0x4A,accel,8.437500,-3.855469,-0.144531,
7.767498,0x4B,gyro,-0.003906,0.000000,0.009766,
7.769183,0x4B,accel,9.316406,1.101562,-0.519531,
7.770444,0x4A,accel,8.441406,-3.894531,-0.144531,
7.771682,0x4A,gyro,-0.007812,-0.003906,0.023438,
7.772795,0x4B,gyro,-0.001953,-0.005859,0.015625,
7.773445,0x4A,accel,8.437500,-3.855469,-0.183594,
7.774304,0x4B,accel,9.312500,1.062500,-0.480469,
7.775046,0x4A,gyro,0.000000,-0.003906,0.021484,
7.776747,0x4A,accel,8.476562,-3.855469,-0.183594,
7.777855,0x4B,gyro,-0.003906,-0.001953,0.009766,
7.779146,0x4B,accel,9.316406,1.101562,-0.519531,
7.780427,0x4A,gyro,0.001953,-0.003906,0.013672,
7.781071,0x4B,accel,9.277344,1.101562,-0.554688,
7.781745,0x4A,accel,8.476562,-3.894531,-0.222656,
7.782880,0x4B,gyro,0.005859,-0.003906,0.003906,
7.784498,0x4B,accel,9.351562,1.062500,-0.441406,
7.785515,0x4A,gyro,-0.001953,-0.003906,0.017578,
7.787049,0x4A,accel,8.476562,-3.855469,-0.144531,
7.788090,0x4B,gyro,0.001953,-0.007812,0.011719,
7.788704,0x4A,accel,8.437500,-3.855469,-0.144531,
7.789554,0x4B,accel,9.312500,1.101562,-0.480469,
7.790734,0x4A,gyro,0.003906,-0.001953,0.009766,
7.792384,0x4A,accel,8.402344,-3.855469,-0.144531,
7.793430,0x4B,gyro,0.003906,-0.001953,0.007812,
7.794686,0x4B,accel,9.273438,1.136719,-0.519531,
7.795350,0x4A,gyro,-0.001953,0.000000,0.011719,
7.796002,0x4B,gyro,0.001953,0.003906,0.007812,
7.797071,0x4A,accel,8.476562,-3.855469,-0.183594,
7.798142,0x4B,accel,9.277344,1.136719,-0.480469,
7.799429,0x4B,accel,9.355469,1.136719,-0.519531,
7.800072,0x4A,gyro,-0.001953,0.000000,0.003906,
7.801778,0x4A,accel,8.480469,-3.894531,-0.144531,
7.802756,0x4B,gyro,0.005859,0.003906,0.007812,
7.804414,0x4B,accel,9.316406,1.175781,-0.480469,
7.805041,0x4A,gyro,0.000000,0.000000,0.009766,
7.806697,0x4A,accel,8.441406,-3.894531,-0.144531,
7.807317,0x4B,gyro,0.005859,0.001953,0.005859,
7.808958,0x4B,accel,9.316406,1.175781,-0.480469,
7.810323,0x4A,accel,8.441406,-3.894531,-0.183594,
7.812320,0x4A,gyro,0.003906,-0.003906,0.007812,
7.813403,0x4B,gyro,0.005859,0.005859,0.000000,
7.814057,0x4A,accel,8.476562,-3.855469,-0.183594,
7.814704,0x4B,accel,9.351562,1.175781,-0.519531,
7.815347,0x4A,gyro,0.003906,0.001953,0.001953,
7.815992,0x4B,gyro,0.003906,0.003906,0.003906,
7.817121,0x4A,accel,8.480469,-3.894531,-0.183594,
7.818253,0x4B,accel,9.312500,1.214844,-0.480469,
7.819568,0x4B,accel,9.316406,1.136719,-0.519531,
7.820839,0x4A,gyro,0.000000,0.005859,0.005859,
7.821526,0x4B,gyro,0.003906,0.003906,0.000000,
7.822283,0x4A,accel,8.476562,-3.894531,-0.105469,
7.823407,0x4B,accel,9.312500,1.175781,-0.519531,
7.825220,0x4A,gyro,0.005859,0.003906,-0.001953,
7.825852,0x4B,gyro,0.009766,0.003906,0.005859,
7.826909,0x4A,accel,8.476562,-3.855469,-0.144531,
7.827912,0x4B,accel,9.316406,1.175781,-0.441406,
7.828522,0x4A,accel,8.437500,-3.855469,-0.144531,
7.830593,0x4A,gyro,0.000000,0.005859,0.001953,
7.831208,0x4B,gyro,0.007812,0.003906,0.007812,
7.832405,0x4A,accel,8.437500,-3.894531,-0.105469,
7.833414,0x4B,accel,9.234375,1.175781,-0.480469,
7.835285,0x4A,gyro,0.007812,0.000000,0.001953,
7.835935,0x4B,accel,9.312500,1.175781,-0.519531,
7.837079,0x4A,accel,8.476562,-3.855469,-0.144531,
7.838019,0x4B,gyro,0.005859,0.005859,0.001953,
7.839295,0x4B,accel,9.316406,1.175781,-0.554688,
7.839947,0x4A,gyro,0.005859,0.003906,0.003906,
7.841628,0x4A,accel,8.437500,-3.855469,-0.183594,
7.842256,0x4B,gyro,0.005859,0.007812,0.005859,
7.843904,0x4B,accel,9.316406,1.175781,-0.554688,
7.844513,0x4A,gyro,0.001953,0.007812,0.001953,
7.846397,0x4A,accel,8.480469,-3.894531,-0.144531,
7.847595,0x4B,gyro,0.005859,0.005859,-0.001953,
7.849260,0x4B,accel,9.277344,1.175781,-0.519531,
7.850263,0x4A,gyro,0.000000,0.003906,0.001953,
7.851499,0x4A,accel,8.480469,-3.894531,-0.183594,
7.852114,0x4B,gyro,0.009766,0.005859,0.003906,
7.852753,0x4A,accel,8.402344,-3.855469,-0.183594,
7.853794,0x4B,accel,9.277344,1.175781,-0.519531,
7.854948,0x4A,gyro,0.003906,0.005859,-0.003906,
7.855595,0x4B,accel,9.277344,1.175781,-0.519531,
7.856661,0x4A,accel,8.398438,-3.855469,-0.105469,
7.857737,0x4B,gyro,0.009766,0.007812,0.000000,
7.859376,0x4B,accel,9.273438,1.175781,-0.480469,
7.860427,0x4A,gyro,0.007812,0.007812,0.001953,
7.861897,0x4A,accel,8.437500,-3.855469,-0.183594,
7.862522,0x4B,gyro,0.007812,0.003906,0.003906,
7.864171,0x4B,accel,9.277344,1.175781,-0.519531,
7.864783,0x4A,gyro,0.005859,0.007812,0.000000,
7.866505,0x4A,accel,8.441406,-3.855469,-0.222656,
7.867458,0x4B,gyro,0.005859,0.011719,0.005859,
7.869104,0x4B,accel,9.234375,1.175781,-0.480469,
7.870404,0x4A,gyro,0.007812,0.007812,0.001953,
7.872375,0x4A,accel,8.437500,-3.855469,-0.144531,
7.873432,0x4B,gyro,0.007812,0.009766,0.001953,
7.874087,0x4A,accel,8.441406,-3.894531,-0.144531,
7.874727,0x4B,accel,9.277344,1.214844,-0.554688,
7.875378,0x4A,gyro,0.005859,0.009766,0.001953,
7.876029,0x4B,accel,9.277344,1.175781,-0.519531,
7.877114,0x4A,accel,8.437500,-3.855469,-0.144531,
7.877794,0x4B,gyro,0.003906,0.013672,0.003906,
7.879097,0x4B,accel,9.277344,1.175781,-0.519531,
7.879743,0x4A,gyro,0.001953,0.005859,0.003906,
7.881359,0x4A,accel,8.402344,-3.855469,-0.183594,
7.881974,0x4B,gyro,0.013672,0.017578,0.003906,
7.883612,0x4B,accel,9.234375,1.175781,-0.480469,
7.885431,0x4A,gyro,0.007812,0.009766,-0.001953,
7.887069,0x4A,accel,8.437500,-3.855469,-0.144531,
7.888125,0x4B,gyro,0.009766,0.009766,0.005859,
7.888761,0x4A,accel,8.398438,-3.855469,-0.105469,
7.889585,0x4B,accel,9.273438,1.175781,-0.480469,
7.890759,0x4A,gyro,0.011719,0.009766,0.003906,
7.891400,0x4B,accel,9.238281,1.214844,-0.480469,
7.892552,0x4A,accel,8.437500,-3.855469,-0.183594,
7.893229,0x4B,gyro,0.007812,0.015625,0.007812,
7.894491,0x4B,accel,9.238281,1.214844,-0.480469,
7.895151,0x4A,gyro,0.005859,0.007812,0.003906,
7.896835,0x4A,accel,8.402344,-3.855469,-0.144531,
7.897502,0x4B,gyro,0.005859,0.013672,0.005859,
7.899181,0x4B,accel,9.277344,1.214844,-0.441406,
7.900526,0x4A,gyro,0.003906,0.013672,0.007812,
7.902176,0x4A,accel,8.437500,-3.855469,-0.144531,
7.902794,0x4B,gyro,0.013672,0.013672,0.005859,
7.904432,0x4B,accel,9.207031,1.214844,-0.519531,
7.905044,0x4A,gyro,0.011719,0.011719,-0.005859,
7.906875,0x4A,accel,8.441406,-3.894531,-0.183594,
7.908033,0x4B,gyro,0.017578,0.011719,0.007812,
7.909320,0x4B,accel,9.273438,1.214844,-0.519531,
7.910529,0x4A,gyro,0.011719,0.011719,-0.001953,
7.911174,0x4B,accel,9.273438,1.175781,-0.480469,
7.912512,0x4A,accel,8.437500,-3.855469,-0.183594,
7.913164,0x4B,gyro,0.009766,0.013672,0.005859,
7.913799,0x4A,accel,8.402344,-3.855469,-0.144531,
7.914603,0x4B,accel,9.234375,1.175781,-0.441406,
7.915261,0x4A,gyro,0.003906,0.009766,0.001953,
7.916989,0x4A,accel,8.398438,-3.855469,-0.105469,
7.918345,0x4B,gyro,0.009766,0.015625,0.001953,
7.918980,0x4A,gyro,0.007812,0.009766,0.001953,
7.919598,0x4B,accel,9.238281,1.136719,-0.441406,
7.920786,0x4A,accel,8.441406,-3.894531,-0.183594,
7.921410,0x4B,gyro,0.009766,0.009766,0.001953,
7.923292,0x4B,accel,9.203125,1.214844,-0.480469,
7.925297,0x4A,gyro,0.005859,0.011719,-0.001953,
7.926940,0x4A,accel,8.441406,-3.894531,-0.144531,
7.928150,0x4B,accel,9.234375,1.175781,-0.441406,
7.929877,0x4B,gyro,0.013672,0.015625,-0.003906,
7.930928,0x4A,gyro,0.009766,0.009766,0.003906,
7.931574,0x4B,accel,9.234375,1.175781,-0.480469,
7.932619,0x4A,accel,8.437500,-3.855469,-0.144531,
7.933684,0x4B,gyro,0.015625,0.013672,0.005859,
7.934333,0x4A,accel,8.402344,-3.855469,-0.144531,
7.934989,0x4B,accel,9.273438,1.175781,-0.441406,
7.935646,0x4A,gyro,0.005859,0.011719,0.000000,
7.936300,0x4B,gyro,0.007812,0.015625,0.005859,
7.937316,0x4A,accel,8.398438,-3.855469,-0.105469,
7.938327,0x4B,accel,9.234375,1.175781,-0.480469,
7.941078,0x4A,gyro,0.005859,0.009766,-0.003906,
7.942522,0x4A,accel,8.398438,-3.855469,-0.105469,
7.943138,0x4B,gyro,0.013672,0.013672,0.003906,
7.944600,0x4B,accel,9.207031,1.175781,-0.441406,
7.945211,0x4A,gyro,0.009766,0.009766,0.003906,
7.947131,0x4A,accel,8.402344,-3.855469,-0.144531,
7.948198,0x4B,accel,9.207031,1.175781,-0.480469,
7.948830,0x4A,accel,8.437500,-3.855469,-0.144531,
7.949836,0x4B,gyro,0.013672,0.013672,0.000000,
7.950881,0x4A,gyro,0.011719,0.011719,0.003906,
7.951548,0x4B,accel,9.234375,1.175781,-0.480469,
7.952197,0x4A,accel,8.402344,-3.855469,-0.144531,
7.952843,0x4B,gyro,0.013672,0.015625,0.005859,
7.954519,0x4B,accel,9.234375,1.175781,-0.480469,
7.955477,0x4A,gyro,0.007812,0.009766,0.000000,
7.957098,0x4A,accel,8.402344,-3.855469,-0.144531,
7.958254,0x4B,gyro,0.011719,0.011719,0.005859,
7.959724,0x4B,accel,9.273438,1.175781,-0.480469,
7.960799,0x4A,gyro,0.015625,0.015625,0.001953,
7.962009,0x4A,accel,8.437500,-3.855469,-0.144531,
7.962627,0x4B,gyro,0.003906,0.015625,0.003906,
7.964193,0x4B,accel,9.234375,1.175781,-0.480469,
7.965515,0x4A,gyro,0.005859,0.011719,0.000000,
7.966159,0x4B,accel,9.234375,1.175781,-0.441406,
7.967245,0x4A,accel,8.398438,-3.855469,-0.105469,
7.968006,0x4B,gyro,0.009766,0.021484,0.000000,
7.968645,0x4A,accel,8.402344,-3.855469,-0.144531,
7.969689,0x4B,accel,9.234375,1.175781,-0.441406,
7.970900,0x4A,gyro,0.011719,0.007812,0.001953,
7.972722,0x4A,accel,8.402344,-3.855469,-0.144531,
7.973754,0x4B,gyro,0.011719,0.013672,0.007812,
7.975029,0x4B,accel,9.203125,1.214844,-0.441406,
7.975661,0x4A,gyro,0.005859,0.011719,0.001953,
7.977316,0x4A,accel,8.398438,-3.855469,-0.105469,
7.978337,0x4B,gyro,0.009766,0.017578,0.000000,
7.979557,0x4B,accel,9.234375,1.175781,-0.480469,
7.980188,0x4A,gyro,0.005859,0.009766,0.001953,
7.981824,0x4A,accel,8.402344,-3.855469,-0.144531,
7.982444,0x4B,gyro,0.007812,0.017578,0.000000,
7.983857,0x4B,accel,9.234375,1.175781,-0.480469,
7.984469,0x4A,gyro,0.009766,0.009766,0.005859,
7.986335,0x4B,accel,9.207031,1.175781,-0.441406,
7.987421,0x4A,accel,8.402344,-3.855469,-0.144531,
7.988069,0x4B,gyro,0.005859,0.015625,0.005859,
7.989745,0x4B,accel,9.207031,1.175781,-0.441406,
7.991030,0x4A,accel,8.437500,-3.855469,-0.144531,
7.992737,0x4A,gyro,0.005859,0.011719,-0.003906,
7.993808,0x4B,gyro,0.005859,0.019531,0.005859,
7.994448,0x4A,accel,8.402344,-3.855469,-0.144531,
7.995079,0x4B,accel,9.207031,1.175781,-0.441406,
7.995701,0x4A,gyro,0.005859,0.009766,-0.001953,
7.997335,0x4A,accel,8.402344,-3.855469,-0.144531,
7.998353,0x4B,gyro,0.007812,0.015625,0.001953,
7.999802,0x4B,accel,9.207031,1.175781,-0.480469,
8.001110,0x4A,gyro,0.003906,0.011719,-0.001953,
8.002582,0x4A,accel,8.402344,-3.894531,-0.105469,
8.003220,0x4B,gyro,0.001953,0.013672,0.007812,
8.004912,0x4B,accel,9.238281,1.214844,-0.441406,
8.005560,0x4A,gyro,0.009766,0.011719,0.001953,
8.006198,0x4B,accel,9.203125,1.214844,-0.480469,
8.007287,0x4A,accel,8.402344,-3.855469,-0.144531,
8.008610,0x4B,gyro,0.007812,0.015625,0.005859,
8.009253,0x4A,accel,8.363281,-3.855469,-0.144531,
8.010081,0x4B,accel,9.234375,1.175781,-0.480469,
8.011137,0x4A,gyro,0.015625,0.017578,0.000000,
8.012386,0x4A,accel,8.398438,-3.855469,-0.105469,
8.013615,0x4B,gyro,0.009766,0.017578,0.009766,
8.014230,0x4A,gyro,0.003906,0.013672,0.003906,
8.015065,0x4B,accel,9.207031,1.175781,-0.441406,
8.017344,0x4A,accel,8.398438,-3.855469,-0.066406,
8.018671,0x4B,accel,9.207031,1.175781,-0.480469,
8.019285,0x4A,gyro,0.009766,0.011719,-0.001953,
8.019912,0x4B,gyro,0.005859,0.015625,0.003906,
8.021198,0x4A,accel,8.363281,-3.855469,-0.144531,
8.021810,0x4B,accel,9.207031,1.175781,-0.441406,
8.023396,0x4B,gyro,0.011719,0.021484,0.000000,
8.025028,0x4B,accel,9.207031,1.175781,-0.480469,
8.026065,0x4A,gyro,0.003906,0.011719,0.001953,
8.027518,0x4A,accel,8.363281,-3.855469,-0.144531,
8.028870,0x4B,gyro,0.005859,0.015625,0.003906,
8.029572,0x4A,accel,8.402344,-3.855469,-0.144531,
8.030245,0x4B,accel,9.203125,1.214844,-0.441406,
8.031288,0x4A,gyro,0.005859,0.009766,0.000000,
8.031919,0x4B,gyro,0.005859,0.011719,0.003906,
8.032534,0x4A,accel,8.398438,-3.894531,-0.183594,
8.033543,0x4B,accel,9.207031,1.175781,-0.441406,
8.034162,0x4A,gyro,0.007812,0.011719,0.001953,
8.036245,0x4B,accel,9.167969,1.175781,-0.441406,
8.037281,0x4A,accel,8.359375,-3.855469,-0.105469,
8.038536,0x4B,gyro,0.015625,0.017578,0.001953,
8.039762,0x4B,accel,9.203125,1.175781,-0.402344,
8.041023,0x4A,gyro,0.007812,0.009766,0.005859,
8.042291,0x4A,accel,8.363281,-3.894531,-0.105469,
8.043089,0x4B,gyro,0.005859,0.013672,0.007812,
8.044769,0x4B,accel,9.164062,1.214844,-0.441406,
8.045813,0x4A,gyro,0.009766,0.009766,0.000000,
8.047507,0x4A,accel,8.363281,-3.894531,-0.105469,
8.048562,0x4B,gyro,0.005859,0.013672,-0.001953,
8.049185,0x4A,accel,8.402344,-3.855469,-0.144531,
8.049975,0x4B,accel,9.207031,1.175781,-0.441406,
8.051212,0x4A,gyro,0.009766,0.011719,0.003906,
8.052429,0x4A,accel,8.402344,-3.894531,-0.105469,
8.053531,0x4B,gyro,0.013672,0.017578,0.005859,
8.054145,0x4A,gyro,0.007812,0.009766,-0.005859,
8.054983,0x4B,accel,9.207031,1.175781,-0.441406,
8.056298,0x4B,accel,9.164062,1.175781,-0.402344,
8.057334,0x4A,accel,8.398438,-3.855469,-0.105469,
8.058591,0x4B,gyro,0.011719,0.019531,0.007812,
8.059862,0x4B,accel,9.167969,1.175781,-0.441406,
8.061106,0x4A,gyro,0.011719,0.011719,0.001953,
8.062367,0x4A,accel,8.402344,-3.855469,-0.144531,
8.063009,0x4B,gyro,0.013672,0.013672,0.000000,
8.064707,0x4B,accel,9.203125,1.214844,-0.441406,
8.065740,0x4A,gyro,0.009766,0.011719,0.001953,
8.067434,0x4A,accel,8.359375,-3.855469,-0.066406,
8.068484,0x4B,gyro,0.005859,0.013672,0.005859,
8.069708,0x4A,accel,8.363281,-3.855469,-0.144531,
8.070461,0x4B,accel,9.207031,1.175781,-0.441406,
8.071554,0x4A,gyro,0.013672,0.013672,0.001953,
8.072187,0x4B,gyro,0.013672,0.015625,0.007812,
8.072853,0x4A,accel,8.398438,-3.855469,-0.105469,
8.073993,0x4B,accel,9.167969,1.214844,-0.402344,
8.075381,0x4A,gyro,0.007812,0.007812,0.005859,
8.076124,0x4B,accel,9.167969,1.214844,-0.402344,
8.077231,0x4A,accel,8.359375,-3.855469,-0.105469,
8.078372,0x4B,gyro,0.009766,0.013672,0.007812,
8.079998,0x4B,accel,9.164062,1.214844,-0.480469,
8.081075,0x4A,gyro,0.015625,0.013672,0.003906,
8.082370,0x4A,accel,8.402344,-3.855469,-0.144531,
8.083024,0x4B,gyro,0.003906,0.011719,0.003906,
8.084776,0x4B,accel,9.164062,1.175781,-0.402344,
8.085840,0x4A,gyro,0.007812,0.009766,0.003906,
8.087545,0x4A,accel,8.398438,-3.855469,-0.105469,
8.088591,0x4B,gyro,0.005859,0.013672,0.009766,
8.089218,0x4A,accel,8.363281,-3.855469,-0.144531,
8.090022,0x4B,accel,9.167969,1.175781,-0.441406,
8.091210,0x4A,gyro,0.007812,0.011719,0.001953,
8.091821,0x4B,accel,9.167969,1.175781,-0.441406,
8.092444,0x4A,accel,8.363281,-3.894531,-0.066406,
8.093557,0x4B,gyro,0.013672,0.013672,0.007812,
8.094173,0x4A,gyro,0.007812,0.007812,0.007812,
8.095279,0x4B,accel,9.203125,1.175781,-0.402344,
8.097513,0x4A,accel,8.359375,-3.855469,-0.066406,
8.098146,0x4B,gyro,0.001953,0.013672,0.007812,
8.099844,0x4B,accel,9.164062,1.175781,-0.402344,
8.100488,0x4A,gyro,0.007812,0.007812,0.000000,
8.102089,0x4A,accel,8.359375,-3.894531,-0.144531,
8.102721,0x4B,gyro,0.003906,0.011719,0.005859,
8.104419,0x4B,accel,9.167969,1.175781,-0.441406,
8.105071,0x4A,gyro,0.005859,0.007812,0.003906,
8.106712,0x4A,accel,8.359375,-3.855469,-0.105469,
8.107345,0x4B,gyro,0.003906,0.011719,0.005859,
8.108987,0x4B,accel,9.167969,1.175781,-0.441406,
8.109620,0x4A,gyro,0.003906,0.005859,0.001953,
8.111258,0x4A,accel,8.398438,-3.855469,-0.105469,
8.111868,0x4B,accel,9.167969,1.175781,-0.441406,
8.112500,0x4A,accel,8.359375,-3.894531,-0.144531,
8.113523,0x4B,gyro,0.007812,0.009766,0.009766,
8.115165,0x4B,accel,9.164062,1.175781,-0.402344,
8.115855,0x4A,gyro,0.007812,0.011719,0.007812,
8.117542,0x4A,accel,8.363281,-3.894531,-0.105469,
8.118909,0x4B,gyro,0.003906,0.013672,0.003906,
8.119553,0x4A,gyro,0.007812,0.009766,0.003906,
8.120189,0x4B,accel,9.167969,1.175781,-0.441406,
8.121452,0x4A,accel,8.363281,-3.894531,-0.105469,
8.122107,0x4B,gyro,0.005859,0.017578,0.003906,
8.123835,0x4B,accel,9.164062,1.136719,-0.480469,
8.126268,0x4A,gyro,0.009766,0.011719,0.003906,
8.126882,0x4B,accel,9.164062,1.175781,-0.402344,
8.127753,0x4A,accel,8.359375,-3.855469,-0.105469,
8.128779,0x4B,gyro,0.003906,0.013672,0.005859,
8.129389,0x4A,accel,8.359375,-3.894531,-0.183594,
8.130013,0x4B,accel,9.164062,1.136719,-0.441406,
8.130632,0x4A,gyro,0.001953,0.009766,0.003906,
8.133118,0x4B,gyro,0.001953,0.013672,0.003906,
8.133733,0x4A,accel,8.359375,-3.855469,-0.105469,
8.134784,0x4B,accel,9.207031,1.175781,-0.441406,
8.135816,0x4A,gyro,0.003906,0.009766,0.001953,
8.137506,0x4A,accel,8.363281,-3.855469,-0.144531,
8.138549,0x4B,gyro,0.007812,0.013672,0.007812,
8.139824,0x4B,accel,9.207031,1.175781,-0.441406,
8.140472,0x4A,gyro,0.003906,0.009766,0.001953,
8.142061,0x4A,accel,8.359375,-3.894531,-0.183594,
8.142704,0x4B,gyro,0.009766,0.013672,0.009766,
8.144406,0x4B,accel,9.164062,1.136719,-0.480469,
8.145045,0x4A,gyro,0.007812,0.007812,0.003906,
8.146647,0x4A,accel,8.363281,-3.894531,-0.105469,
8.147268,0x4B,gyro,0.009766,0.009766,0.005859,
8.148916,0x4B,accel,9.164062,1.136719,-0.441406,
8.149540,0x4A,gyro,0.011719,0.013672,0.005859,
8.150154,0x4B,accel,9.164062,1.136719,-0.480469,
8.151192,0x4A,accel,8.359375,-3.855469,-0.105469,
8.151802,0x4B,gyro,0.005859,0.015625,0.003906,
8.152441,0x4A,accel,8.363281,-3.855469,-0.144531,
8.154844,0x4B,accel,9.203125,1.136719,-0.480469,
8.156003,0x4A,gyro,0.005859,0.009766,0.003906,
8.157749,0x4A,accel,8.363281,-3.894531,-0.105469,
8.158816,0x4B,gyro,0.005859,0.015625,0.005859,
8.160096,0x4B,accel,9.164062,1.136719,-0.441406,
8.161423,0x4A,gyro,0.003906,0.009766,0.005859,
8.162077,0x4B,gyro,0.003906,0.015625,0.005859,
8.162712,0x4A,accel,8.359375,-3.855469,-0.105469,
8.163756,0x4B,accel,9.164062,1.136719,-0.480469,
8.166152,0x4A,gyro,0.009766,0.011719,0.003906,
8.166764,0x4B,accel,9.167969,1.175781,-0.480469,
8.167732,0x4A,accel,8.363281,-3.894531,-0.105469,
8.168759,0x4B,gyro,0.005859,0.013672,0.001953,
8.169370,0x4A,accel,8.359375,-3.894531,-0.144531,
8.170007,0x4B,accel,9.128906,1.175781,-0.441406,
8.170622,0x4A,gyro,0.011719,0.009766,0.000000,
8.172834,0x4B,gyro,0.011719,0.013672,0.005859,
8.173447,0x4A,accel,8.363281,-3.894531,-0.105469,
8.174463,0x4B,accel,9.167969,1.175781,-0.441406,
8.175720,0x4A,gyro,0.007812,0.013672,0.001953,
8.177408,0x4A,accel,8.359375,-3.894531,-0.144531,
8.178435,0x4B,gyro,0.007812,0.011719,0.003906,
8.179694,0x4B,accel,9.167969,1.175781,-0.441406,
8.180344,0x4A,gyro,0.005859,0.011719,0.000000,
8.182064,0x4A,accel,8.402344,-3.894531,-0.105469,
8.183100,0x4B,gyro,0.005859,0.013672,0.005859,
8.184693,0x4B,accel,9.164062,1.175781,-0.402344,
8.186022,0x4A,gyro,0.015625,0.009766,0.005859,
8.186645,0x4B,accel,9.128906,1.214844,-0.402344,
8.187718,0x4A,accel,8.359375,-3.855469,-0.105469,
8.188596,0x4B,gyro,0.003906,0.011719,0.003906,
8.189216,0x4A,accel,8.359375,-3.894531,-0.144531,
8.190573,0x4B,accel,9.128906,1.214844,-0.402344,
8.191620,0x4A,gyro,0.007812,0.009766,0.001953,
8.192245,0x4B,gyro,0.000000,0.013672,0.007812,
8.192896,0x4A,accel,8.359375,-3.816406,-0.105469,
8.194062,0x4B,accel,9.167969,1.214844,-0.402344,
8.194704,0x4A,gyro,0.009766,0.011719,0.003906,
8.197743,0x4A,accel,8.359375,-3.855469,-0.066406,
8.199002,0x4B,gyro,0.007812,0.013672,0.011719,
8.200260,0x4B,accel,9.128906,1.214844,-0.402344,
8.201465,0x4A,gyro,0.007812,0.011719,0.009766,
8.202095,0x4B,gyro,0.009766,0.013672,0.007812,
8.202733,0x4A,accel,8.359375,-3.855469,-0.105469,
8.204070,0x4B,accel,9.125000,1.214844,-0.441406,
8.204701,0x4A,gyro,0.007812,0.015625,0.003906,
8.205338,0x4B,accel,9.125000,1.214844,-0.441406,
8.206351,0x4A,accel,8.324219,-3.855469,-0.105469,
8.206970,0x4B,gyro,0.003906,0.009766,0.007812,
8.208983,0x4A,accel,8.324219,-3.855469,-0.105469,
8.210033,0x4B,accel,9.125000,1.214844,-0.441406,
8.211390,0x4A,gyro,0.007812,0.009766,0.007812,
8.212029,0x4B,gyro,0.005859,0.017578,0.007812,
8.212693,0x4A,accel,8.363281,-3.894531,-0.105469,
8.213811,0x4B,accel,9.128906,1.253906,-0.402344,
8.214451,0x4A,gyro,0.003906,0.011719,0.005859,
8.217863,0x4A,accel,8.363281,-3.894531,-0.105469,
8.219109,0x4B,gyro,0.003906,0.013672,0.011719,
8.220384,0x4B,accel,9.128906,1.253906,-0.402344,
8.221540,0x4A,gyro,0.003906,0.007812,0.009766,
8.222155,0x4B,accel,9.125000,1.253906,-0.441406,
8.222779,0x4A,accel,8.363281,-3.894531,-0.105469,
8.223938,0x4B,gyro,0.001953,0.011719,0.009766,
8.225565,0x4B,accel,9.085938,1.214844,-0.441406,
8.226584,0x4A,gyro,0.003906,0.009766,0.009766,
8.228058,0x4A,accel,8.320312,-3.894531,-0.066406,
8.229289,0x4B,gyro,0.003906,0.013672,0.015625,
8.229900,0x4A,accel,8.320312,-3.855469,-0.144531,
8.230516,0x4B,accel,9.128906,1.214844,-0.402344,
8.231757,0x4A,gyro,0.003906,0.007812,0.019531,
8.232401,0x4B,gyro,-0.001953,0.005859,0.015625,
8.233043,0x4A,accel,8.324219,-3.929688,-0.066406,
8.234071,0x4B,accel,9.085938,1.175781,-0.402344,
8.234717,0x4A,gyro,0.007812,0.007812,0.015625,
8.237812,0x4A,accel,8.398438,-3.855469,-0.066406,
8.238973,0x4B,gyro,0.007812,0.009766,0.015625,
8.240240,0x4B,accel,9.167969,1.136719,-0.363281,
8.241521,0x4A,gyro,0.007812,0.007812,0.015625,
8.242175,0x4B,accel,9.089844,1.136719,-0.402344,
8.242800,0x4A,accel,8.285156,-3.894531,-0.105469,
8.243863,0x4B,gyro,0.005859,0.009766,0.009766,
8.245478,0x4B,accel,9.203125,1.175781,-0.363281,
8.246516,0x4A,gyro,0.013672,0.005859,0.017578,
8.247995,0x4A,accel,8.398438,-3.855469,-0.105469,
8.249068,0x4B,gyro,0.009766,0.013672,0.011719,
8.249695,0x4A,accel,8.320312,-3.894531,-0.105469,
8.250530,0x4B,accel,9.164062,1.214844,-0.441406,
8.251738,0x4A,gyro,0.015625,0.005859,0.019531,
8.253051,0x4A,accel,8.324219,-3.968750,-0.144531,
8.254135,0x4B,gyro,0.003906,0.003906,0.013672,
8.254789,0x4A,gyro,0.009766,0.007812,0.015625,
8.255576,0x4B,accel,9.164062,1.175781,-0.363281,
8.256848,0x4B,accel,9.167969,1.101562,-0.402344,
8.257889,0x4A,accel,8.281250,-3.929688,-0.066406,
8.259159,0x4B,gyro,0.007812,0.011719,0.013672,
8.259799,0x4A,gyro,0.011719,0.001953,0.015625,
8.260414,0x4B,accel,9.167969,1.101562,-0.363281,
8.261670,0x4A,accel,8.359375,-3.855469,-0.105469,
8.262282,0x4B,gyro,0.009766,0.011719,0.013672,
8.265362,0x4B,accel,9.125000,1.101562,-0.441406,
8.266529,0x4A,gyro,0.017578,-0.001953,0.015625,
8.267958,0x4A,accel,8.285156,-3.968750,-0.105469,
8.269085,0x4B,gyro,0.007812,0.013672,0.015625,
8.269726,0x4A,accel,8.437500,-3.855469,-0.144531,
8.270533,0x4B,accel,9.238281,1.062500,-0.441406,
8.271616,0x4A,gyro,0.013672,-0.003906,0.013672,
8.272911,0x4A,accel,8.242188,-4.007812,-0.144531,
8.274123,0x4B,gyro,0.015625,0.009766,0.015625,
8.274772,0x4A,gyro,0.015625,-0.001953,0.013672,
8.275583,0x4B,accel,9.167969,1.101562,-0.402344,
8.276911,0x4B,accel,9.089844,0.945312,-0.402344,
8.277964,0x4A,accel,8.281250,-3.855469,-0.105469,
8.279205,0x4B,gyro,0.017578,0.005859,0.017578,
8.280454,0x4B,accel,9.128906,1.136719,-0.363281,
8.281633,0x4A,gyro,0.021484,0.000000,0.015625,
8.282265,0x4B,gyro,0.015625,0.005859,0.009766,
8.282877,0x4A,accel,8.324219,-3.894531,-0.027344,
8.285123,0x4B,accel,9.128906,1.062500,-0.363281,
8.286214,0x4A,gyro,0.031250,-0.005859,0.017578,
8.287869,0x4A,accel,8.324219,-3.968750,-0.144531,
8.289002,0x4B,gyro,0.027344,0.009766,0.011719,
8.290481,0x4B,accel,9.085938,1.175781,-0.402344,
8.291549,0x4A,gyro,0.039062,-0.007812,0.017578,
8.292814,0x4A,accel,8.281250,-3.968750,-0.183594,
8.294014,0x4B,gyro,0.029297,0.007812,0.015625,
8.294656,0x4A,accel,8.285156,-3.968750,-0.222656,
8.295311,0x4B,accel,9.128906,1.175781,-0.480469,
8.296325,0x4A,gyro,0.039062,-0.009766,0.021484,
8.296964,0x4B,accel,9.207031,1.136719,-0.402344,
8.297934,0x4A,accel,8.320312,-4.046875,-0.183594,
8.298914,0x4B,gyro,0.031250,0.005859,0.017578,
8.300148,0x4B,accel,9.167969,1.023438,-0.324219,
8.300763,0x4A,gyro,0.054688,-0.015625,0.029297,
8.302406,0x4A,accel,8.285156,-4.007812,-0.222656,
8.303038,0x4B,gyro,0.037109,0.011719,0.019531,
8.304690,0x4B,accel,9.167969,0.945312,-0.289062,
8.305325,0x4A,gyro,0.058594,-0.025391,0.027344,
8.306955,0x4A,accel,8.207031,-4.085938,-0.222656,
8.307611,0x4B,gyro,0.052734,0.007812,0.019531,
8.309270,0x4B,accel,9.128906,0.871094,-0.289062,
8.309920,0x4A,gyro,0.072266,-0.033203,0.027344,
8.311837,0x4A,accel,8.285156,-4.085938,-0.222656,
8.312540,0x4B,accel,9.167969,0.832031,-0.289062,
8.313220,0x4A,accel,8.203125,-4.085938,-0.183594,
8.314302,0x4B,gyro,0.066406,0.003906,0.023438,
8.315697,0x4A,gyro,0.089844,-0.048828,0.027344,
8.316320,0x4B,accel,9.164062,0.792969,-0.324219,
8.317528,0x4A,accel,8.285156,-4.085938,-0.222656,
8.318600,0x4B,gyro,0.082031,0.003906,0.021484,
8.320269,0x4B,accel,9.203125,0.753906,-0.324219,
8.321343,0x4A,gyro,0.103516,-0.052734,0.025391,
8.322578,0x4A,accel,8.281250,-4.085938,-0.183594,
8.323195,0x4B,gyro,0.097656,0.001953,0.013672,
8.324860,0x4B,accel,9.234375,0.753906,-0.363281,
8.325574,0x4A,gyro,0.119141,-0.066406,0.023438,
8.327292,0x4A,accel,8.281250,-4.085938,-0.183594,
8.328688,0x4B,gyro,0.111328,0.005859,0.017578,
8.330389,0x4B,accel,9.273438,0.718750,-0.402344,
8.331434,0x4A,gyro,0.130859,-0.076172,0.023438,
8.332089,0x4B,accel,9.238281,0.718750,-0.324219,
8.332771,0x4A,accel,8.281250,-4.085938,-0.183594,
8.334026,0x4B,gyro,0.128906,0.005859,0.013672,
8.334647,0x4A,accel,8.242188,-4.085938,-0.183594,
8.335671,0x4B,accel,9.238281,0.679688,-0.363281,
8.336403,0x4A,gyro,0.146484,-0.080078,0.019531,
8.338093,0x4A,accel,8.324219,-4.085938,-0.257812,
8.339333,0x4B,gyro,0.148438,0.005859,0.007812,
8.340563,0x4B,accel,9.351562,0.679688,-0.363281,
8.341766,0x4A,gyro,0.164062,-0.093750,0.015625,
8.343011,0x4A,accel,8.324219,-4.121094,-0.183594,
8.344333,0x4B,gyro,0.164062,0.007812,0.011719,
8.345818,0x4B,accel,9.273438,0.679688,-0.324219,
8.346844,0x4A,gyro,0.179688,-0.101562,0.013672,
8.347493,0x4B,accel,9.273438,0.640625,-0.324219,
8.348296,0x4A,accel,8.285156,-4.121094,-0.222656,
8.349504,0x4B,gyro,0.187500,0.011719,0.007812,
8.350141,0x4A,accel,8.246094,-4.160156,-0.222656,
8.351967,0x4A,gyro,0.205078,-0.111328,0.013672,
8.353279,0x4B,accel,9.277344,0.640625,-0.363281,
8.353894,0x4A,accel,8.324219,-4.121094,-0.257812,
8.355169,0x4B,gyro,0.208984,0.011719,0.003906,
8.356275,0x4A,gyro,0.224609,-0.123047,0.005859,
8.356938,0x4B,accel,9.316406,0.679688,-0.324219,
8.358002,0x4A,accel,8.285156,-4.160156,-0.296875,
8.359044,0x4B,gyro,0.230469,0.013672,-0.001953,
8.360305,0x4B,accel,9.316406,0.562500,-0.402344,
8.360953,0x4A,gyro,0.238281,-0.130859,0.007812,
8.362493,0x4A,accel,8.242188,-4.121094,-0.257812,
8.363747,0x4B,gyro,0.255859,0.009766,-0.003906,
8.365429,0x4B,accel,9.316406,0.601562,-0.402344,
8.366711,0x4A,gyro,0.269531,-0.146484,0.003906,
8.367355,0x4B,gyro,0.277344,0.009766,-0.005859,
8.368173,0x4A,accel,8.324219,-4.121094,-0.257812,
8.369212,0x4B,accel,9.316406,0.562500,-0.402344,
8.369849,0x4A,accel,8.363281,-4.085938,-0.222656,
8.370513,0x4B,accel,9.355469,0.601562,-0.363281,
8.371636,0x4A,gyro,0.287109,-0.148438,-0.003906,
8.372259,0x4B,gyro,0.300781,0.013672,-0.007812,
8.372912,0x4A,accel,8.285156,-4.121094,-0.222656,
8.375380,0x4B,accel,9.355469,0.601562,-0.402344,
8.376438,0x4A,gyro,0.306641,-0.162109,-0.003906,
8.378035,0x4A,accel,8.398438,-4.046875,-0.222656,
8.379037,0x4B,gyro,0.320312,0.019531,-0.015625,
8.380281,0x4B,accel,9.351562,0.718750,-0.441406,
8.381608,0x4A,gyro,0.316406,-0.164062,-0.007812,
8.382887,0x4A,accel,8.441406,-4.007812,-0.144531,
8.383909,0x4B,gyro,0.339844,0.017578,-0.017578,
8.385610,0x4B,accel,9.433594,0.792969,-0.480469,
8.386670,0x4A,gyro,0.326172,-0.166016,-0.017578,
8.387323,0x4B,accel,9.390625,0.871094,-0.519531,
8.388142,0x4A,accel,8.398438,-4.007812,-0.183594,
8.389239,0x4B,gyro,0.347656,0.021484,-0.025391,
8.390823,0x4B,accel,9.312500,0.984375,-0.519531,
8.391853,0x4A,gyro,0.326172,-0.167969,-0.013672,
8.393096,0x4A,accel,8.437500,-3.929688,-0.183594,
8.394454,0x4B,gyro,0.353516,0.021484,-0.025391,
8.395676,0x4A,accel,8.441406,-3.929688,-0.105469,
8.396304,0x4B,accel,9.316406,1.023438,-0.480469,
8.396923,0x4A,gyro,0.335938,-0.169922,-0.019531,
8.398367,0x4A,accel,8.437500,-3.894531,-0.066406,
8.399508,0x4B,gyro,0.361328,0.015625,-0.029297,
8.400177,0x4A,gyro,0.343750,-0.162109,-0.027344,
8.400824,0x4B,accel,9.394531,1.136719,-0.480469,
8.402141,0x4A,accel,8.507812,-3.816406,-0.066406,
8.402817,0x4B,gyro,0.359375,0.023438,-0.035156,
8.404500,0x4B,accel,9.355469,1.214844,-0.519531,
8.405146,0x4A,gyro,0.335938,-0.160156,-0.025391,
8.406811,0x4A,accel,8.441406,-3.816406,-0.105469,
8.408126,0x4B,accel,9.273438,1.292969,-0.519531,
8.409345,0x4B,gyro,0.355469,0.025391,-0.027344,
8.409963,0x4A,accel,8.507812,-3.777344,-0.027344,
8.410824,0x4B,accel,9.316406,1.406250,-0.554688,
8.411840,0x4A,gyro,0.328125,-0.152344,-0.021484,
8.412466,0x4B,gyro,0.349609,0.023438,-0.031250,
8.413090,0x4A,accel,8.511719,-3.777344,0.046875,
8.414390,0x4B,accel,9.277344,1.523438,-0.519531,
8.415612,0x4A,gyro,0.312500,-0.146484,-0.023438,
8.416851,0x4A,accel,8.480469,-3.664062,0.007812,
8.419281,0x4B,gyro,0.330078,0.017578,-0.025391,
8.420758,0x4B,accel,9.234375,1.558594,-0.554688,
8.421847,0x4A,gyro,0.298828,-0.140625,-0.023438,
8.423114,0x4A,accel,8.546875,-3.664062,-0.066406,
8.423753,0x4B,gyro,0.316406,0.021484,-0.031250,
8.425242,0x4B,accel,9.273438,1.675781,-0.554688,
8.425884,0x4A,gyro,0.281250,-0.126953,-0.023438,
8.427530,0x4A,accel,8.546875,-3.625000,0.046875,
8.428628,0x4B,accel,9.273438,1.714844,-0.519531,
8.430344,0x4B,gyro,0.300781,0.021484,-0.027344,
8.431390,0x4A,gyro,0.259766,-0.121094,-0.015625,
8.432062,0x4B,accel,9.277344,1.750000,-0.519531,
8.432830,0x4A,accel,8.550781,-3.625000,0.007812,
8.433944,0x4B,gyro,0.281250,0.021484,-0.015625,
8.434562,0x4A,accel,8.550781,-3.625000,-0.027344,
8.435608,0x4B,accel,9.273438,1.828125,-0.554688,
8.436657,0x4A,gyro,0.242188,-0.109375,-0.015625,
8.438248,0x4A,accel,8.550781,-3.625000,0.007812,
8.439309,0x4B,gyro,0.253906,0.023438,-0.015625,
8.440591,0x4B,accel,9.234375,1.828125,-0.554688,
8.441882,0x4A,gyro,0.218750,-0.095703,-0.005859,
8.442535,0x4B,accel,9.234375,1.828125,-0.554688,
8.443174,0x4A,accel,8.546875,-3.664062,0.046875,
8.444227,0x4B,gyro,0.222656,0.023438,-0.015625,
8.445898,0x4B,accel,9.203125,1.750000,-0.519531,
8.446937,0x4A,gyro,0.201172,-0.089844,-0.003906,
8.448375,0x4A,accel,8.546875,-3.664062,-0.066406,
8.449003,0x4B,gyro,0.199219,0.023438,-0.011719,
8.450651,0x4B,accel,9.273438,1.750000,-0.554688,
8.451746,0x4A,accel,8.550781,-3.664062,-0.027344,
8.452980,0x4A,gyro,0.183594,-0.078125,-0.001953,
8.454253,0x4B,gyro,0.183594,0.025391,-0.007812,
8.454871,0x4A,accel,8.550781,-3.703125,0.007812,
8.455830,0x4B,accel,9.273438,1.675781,-0.480469,
8.456717,0x4A,gyro,0.166016,-0.072266,0.000000,
8.458394,0x4A,accel,8.507812,-3.703125,-0.027344,
8.459420,0x4B,gyro,0.167969,0.019531,0.001953,
8.460712,0x4B,accel,9.273438,1.636719,-0.519531,
8.461945,0x4A,gyro,0.150391,-0.064453,0.005859,
8.462595,0x4B,accel,9.273438,1.597656,-0.593750,
8.463233,0x4A,accel,8.507812,-3.703125,-0.027344,
8.464293,0x4B,gyro,0.150391,0.021484,0.007812,
8.465956,0x4B,accel,9.273438,1.558594,-0.554688,
8.466976,0x4A,gyro,0.134766,-0.050781,0.003906,
8.468455,0x4A,accel,8.511719,-3.703125,-0.066406,
8.469468,0x4B,gyro,0.134766,0.019531,0.007812,
8.470081,0x4A,accel,8.550781,-3.664062,0.007812,
8.470948,0x4B,accel,9.316406,1.523438,-0.554688,
8.472025,0x4A,gyro,0.115234,-0.046875,0.005859,
8.473259,0x4A,accel,8.511719,-3.703125,-0.066406,
8.474345,0x4B,gyro,0.117188,0.025391,0.015625,
8.474961,0x4A,gyro,0.095703,-0.033203,0.003906,
8.475898,0x4B,accel,9.238281,1.484375,-0.519531,
8.477372,0x4B,accel,9.316406,1.484375,-0.480469,
8.478320,0x4A,accel,8.507812,-3.738281,0.007812,
8.479394,0x4B,gyro,0.101562,0.021484,0.013672,
8.480701,0x4B,accel,9.273438,1.484375,-0.480469,
8.481969,0x4A,gyro,0.085938,-0.025391,0.001953,
8.483241,0x4A,accel,8.480469,-3.703125,-0.027344,
8.484070,0x4B,gyro,0.091797,0.023438,0.007812,
8.485792,0x4B,accel,9.277344,1.523438,-0.519531,
8.486822,0x4A,gyro,0.068359,-0.013672,0.007812,
8.488283,0x4A,accel,8.507812,-3.738281,-0.027344,
8.489322,0x4B,gyro,0.068359,0.017578,0.011719,
8.490876,0x4B,accel,9.277344,1.484375,-0.519531,
8.491875,0x4A,gyro,0.052734,-0.007812,0.007812,
8.493117,0x4A,accel,8.476562,-3.777344,-0.066406,
8.494276,0x4B,gyro,0.052734,0.021484,0.011719,
8.494892,0x4A,accel,8.507812,-3.738281,-0.027344,
8.495897,0x4B,accel,9.273438,1.406250,-0.480469,
8.496806,0x4A,gyro,0.041016,-0.001953,0.007812,
8.497444,0x4B,accel,9.273438,1.367188,-0.441406,
8.498423,0x4A,accel,8.476562,-3.777344,-0.066406,
8.499488,0x4B,gyro,0.037109,0.021484,0.009766,
8.500751,0x4B,accel,9.273438,1.292969,-0.402344,
8.502027,0x4A,gyro,0.029297,0.003906,0.013672,
8.503280,0x4A,accel,8.480469,-3.816406,-0.066406,
8.503966,0x4B,gyro,0.033203,0.015625,0.011719,
8.505603,0x4B,accel,9.316406,1.292969,-0.363281,
8.506922,0x4A,gyro,0.021484,0.009766,0.009766,
8.507533,0x4B,gyro,0.017578,0.013672,0.021484,
8.508390,0x4A,accel,8.476562,-3.816406,-0.027344,
8.509414,0x4B,accel,9.277344,1.292969,-0.324219,
8.511922,0x4A,gyro,0.011719,0.009766,0.005859,
8.513147,0x4A,accel,8.441406,-3.855469,-0.066406,
8.514506,0x4B,gyro,0.013672,0.013672,0.017578,
8.515301,0x4A,accel,8.398438,-3.855469,-0.105469,
8.516022,0x4B,accel,9.273438,1.214844,-0.363281,
8.516866,0x4A,gyro,0.009766,0.007812,0.003906,
8.517548,0x4B,accel,9.234375,1.136719,-0.363281,
8.518548,0x4A,accel,8.437500,-3.894531,-0.105469,
8.519507,0x4B,gyro,0.013672,0.015625,0.015625,
8.520827,0x4B,accel,9.234375,1.136719,-0.402344,
8.522139,0x4A,gyro,0.011719,0.009766,0.013672,
8.522815,0x4B,gyro,0.013672,0.017578,0.011719,
8.523547,0x4A,accel,8.402344,-3.894531,-0.105469,
8.524712,0x4B,accel,9.273438,1.136719,-0.363281,
8.527126,0x4A,gyro,0.011719,0.007812,0.005859,
8.528589,0x4A,accel,8.398438,-3.894531,-0.144531,
8.529592,0x4B,gyro,0.013672,0.005859,0.007812,
8.530206,0x4A,accel,8.402344,-3.929688,-0.144531,
8.531040,0x4B,accel,9.273438,1.136719,-0.363281,
8.532146,0x4A,gyro,0.003906,0.003906,0.011719,
8.532762,0x4B,accel,9.273438,1.175781,-0.324219,
8.533375,0x4A,accel,8.402344,-3.929688,-0.144531,
8.534513,0x4B,gyro,0.009766,0.005859,0.011719,
8.535157,0x4A,gyro,0.017578,0.007812,0.011719,
8.535813,0x4B,accel,9.277344,1.175781,-0.363281,
8.537488,0x4B,gyro,0.013672,0.005859,0.011719,
8.538439,0x4A,accel,8.324219,-3.894531,-0.144531,
8.540838,0x4B,accel,9.238281,1.175781,-0.363281,
8.542108,0x4A,gyro,0.011719,0.000000,0.007812,
8.542782,0x4B,gyro,0.019531,0.007812,0.015625,
8.543404,0x4A,accel,8.398438,-3.894531,-0.144531,
8.544750,0x4B,accel,9.238281,1.175781,-0.402344,
8.545363,0x4A,gyro,0.019531,-0.001953,0.013672,
8.547140,0x4A,accel,8.203125,-4.007812,-0.257812,
8.549575,0x4B,gyro,0.019531,0.005859,0.017578,
8.550187,0x4A,accel,8.285156,-4.046875,-0.183594,
8.551060,0x4B,accel,9.125000,0.984375,-0.363281,
8.552058,0x4A,gyro,0.019531,-0.011719,0.019531,
8.552667,0x4B,accel,9.316406,0.945312,-0.250000,
8.554498,0x4B,gyro,0.027344,0.003906,0.025391,
8.555138,0x4A,accel,8.398438,-4.085938,-0.144531,
8.556176,0x4B,accel,9.355469,0.871094,-0.210938,
8.556980,0x4A,gyro,0.035156,-0.023438,0.017578,
8.558602,0x4A,accel,8.246094,-4.199219,-0.257812,
8.559266,0x4B,gyro,0.044922,0.009766,0.021484,
8.560940,0x4B,accel,9.207031,0.718750,-0.250000,
8.562184,0x4A,gyro,0.064453,-0.042969,0.013672,
8.563402,0x4A,accel,8.281250,-4.121094,-0.335938,
8.564017,0x4B,gyro,0.068359,0.005859,0.021484,
8.565662,0x4B,accel,9.273438,0.753906,-0.363281,
8.566276,0x4A,gyro,0.087891,-0.048828,0.025391,
8.567877,0x4A,accel,8.246094,-4.160156,-0.296875,
8.569137,0x4B,gyro,0.089844,0.003906,0.017578,
8.570742,0x4B,accel,9.316406,0.679688,-0.324219,
8.571778,0x4A,gyro,0.103516,-0.064453,0.021484,
8.572392,0x4B,accel,9.316406,0.640625,-0.324219,
8.573224,0x4A,accel,8.281250,-4.199219,-0.296875,
8.574257,0x4B,gyro,0.119141,0.000000,0.019531,
8.574869,0x4A,accel,8.207031,-4.199219,-0.335938,
8.575955,0x4B,accel,9.277344,0.562500,-0.324219,
8.577002,0x4A,gyro,0.130859,-0.082031,0.021484,
8.577653,0x4B,gyro,0.140625,0.005859,0.017578,
8.578661,0x4A,accel,8.167969,-4.160156,-0.296875,
8.579689,0x4B,accel,9.316406,0.562500,-0.402344,
8.582227,0x4A,gyro,0.158203,-0.095703,0.017578,
8.582872,0x4B,gyro,0.166016,0.005859,0.019531,
8.583493,0x4A,accel,8.363281,-4.160156,-0.296875,
8.584597,0x4B,accel,9.468750,0.562500,-0.480469,
8.587182,0x4A,gyro,0.187500,-0.107422,0.017578,
8.587806,0x4B,accel,9.394531,0.449219,-0.519531,
8.588664,0x4A,accel,8.281250,-4.238281,-0.414062,
8.589682,0x4B,gyro,0.197266,0.011719,0.015625,
8.590293,0x4A,accel,8.320312,-4.199219,-0.375000,
8.590916,0x4B,accel,9.390625,0.449219,-0.480469,
8.592161,0x4A,gyro,0.203125,-0.119141,0.019531,
8.592787,0x4B,gyro,0.210938,0.009766,0.007812,
8.595028,0x4A,accel,8.285156,-4.160156,-0.296875,
8.596148,0x4B,accel,9.316406,0.449219,-0.480469,
8.597054,0x4A,gyro,0.228516,-0.125000,0.007812,
8.598681,0x4A,accel,8.281250,-4.160156,-0.257812,
8.599728,0x4B,gyro,0.246094,0.013672,0.005859,
8.601001,0x4B,accel,9.394531,0.527344,-0.480469,
8.602358,0x4A,gyro,0.253906,-0.138672,0.007812,
8.603012,0x4B,gyro,0.273438,0.013672,0.005859,
8.603636,0x4A,accel,8.437500,-4.121094,-0.222656,
8.604662,0x4B,accel,9.472656,0.640625,-0.441406,
8.607140,0x4A,gyro,0.273438,-0.148438,0.007812,
8.607752,0x4B,accel,9.433594,0.640625,-0.519531,
8.608623,0x4A,accel,8.402344,-4.121094,-0.296875,
8.609642,0x4B,gyro,0.287109,0.019531,-0.011719,
8.611349,0x4B,accel,9.390625,0.718750,-0.632812,
8.612395,0x4A,gyro,0.298828,-0.152344,0.000000,
8.613660,0x4A,accel,8.359375,-4.160156,-0.414062,
8.614373,0x4B,gyro,0.312500,0.015625,-0.011719,
8.615025,0x4A,accel,8.359375,-4.160156,-0.375000,
8.616100,0x4B,accel,9.472656,0.718750,-0.593750,
8.617071,0x4A,gyro,0.316406,-0.158203,-0.001953,
8.618711,0x4A,accel,8.281250,-4.199219,-0.296875,
8.619758,0x4B,gyro,0.339844,0.025391,-0.007812,
8.621205,0x4B,accel,9.468750,0.753906,-0.480469,
8.622262,0x4A,gyro,0.330078,-0.169922,-0.001953,
8.623481,0x4A,accel,8.511719,-4.121094,-0.296875,
8.624095,0x4B,gyro,0.345703,0.025391,-0.011719,
8.625769,0x4B,accel,9.472656,0.562500,-0.519531,
8.627036,0x4A,gyro,0.355469,-0.181641,0.003906,
8.627652,0x4B,accel,9.390625,0.753906,-0.519531,
8.628512,0x4A,accel,8.246094,-4.199219,-0.414062,
8.629566,0x4B,gyro,0.375000,0.027344,-0.013672,
8.631237,0x4B,accel,9.355469,0.640625,-0.554688,
8.632263,0x4A,gyro,0.378906,-0.193359,0.003906,
8.633540,0x4A,accel,8.550781,-4.007812,-0.375000,
8.634807,0x4B,gyro,0.388672,0.033203,-0.025391,
8.636156,0x4A,accel,8.128906,-4.121094,-0.222656,
8.636817,0x4B,accel,9.468750,0.753906,-0.554688,
8.637465,0x4A,gyro,0.394531,-0.203125,0.007812,
8.638737,0x4A,accel,8.476562,-4.160156,-0.449219,
8.639814,0x4B,gyro,0.408203,0.037109,-0.021484,
8.641055,0x4A,gyro,0.419922,-0.216797,0.007812,
8.641710,0x4B,accel,9.468750,0.640625,-0.593750,
8.642782,0x4A,accel,8.398438,-4.121094,-0.375000,
8.643406,0x4B,gyro,0.433594,0.035156,-0.031250,
8.644637,0x4B,accel,9.468750,0.640625,-0.519531,
8.645876,0x4B,accel,9.433594,0.562500,-0.671875,
8.646493,0x4A,gyro,0.437500,-0.224609,0.015625,
8.648105,0x4A,accel,8.324219,-4.121094,-0.375000,
8.649171,0x4B,gyro,0.455078,0.041016,-0.037109,
8.650397,0x4B,accel,9.585938,0.718750,-0.671875,
8.651693,0x4A,gyro,0.455078,-0.230469,0.011719,
8.653180,0x4A,accel,8.402344,-4.160156,-0.449219,
8.653819,0x4B,gyro,0.478516,0.048828,-0.031250,
8.655486,0x4B,accel,9.511719,0.753906,-0.710938,
8.656616,0x4A,accel,8.398438,-4.199219,-0.449219,
8.658398,0x4A,gyro,0.472656,-0.236328,0.000000,
8.659417,0x4B,gyro,0.488281,0.050781,-0.037109,
8.660040,0x4A,accel,8.398438,-4.121094,-0.488281,
8.660658,0x4B,accel,9.511719,0.718750,-0.710938,
8.661482,0x4A,gyro,0.492188,-0.240234,0.009766,
8.663119,0x4A,accel,8.441406,-4.121094,-0.414062,
8.664144,0x4B,gyro,0.511719,0.056641,-0.042969,
8.665405,0x4B,accel,9.507812,0.792969,-0.671875,
8.666025,0x4A,gyro,0.519531,-0.248047,0.015625,
8.666645,0x4B,accel,9.468750,0.753906,-0.671875,
8.667658,0x4A,accel,8.480469,-4.199219,-0.449219,
8.668741,0x4B,gyro,0.523438,0.060547,-0.042969,
8.670338,0x4B,accel,9.468750,0.718750,-0.671875,
8.671594,0x4A,gyro,0.527344,-0.261719,0.027344,
8.673251,0x4A,accel,8.402344,-4.160156,-0.449219,
8.674331,0x4B,gyro,0.541016,0.062500,-0.048828,
8.674973,0x4A,accel,8.437500,-4.160156,-0.449219,
8.676030,0x4B,accel,9.394531,0.679688,-0.632812,
8.677102,0x4A,gyro,0.554688,-0.273438,0.027344,
8.678736,0x4A,accel,8.441406,-4.121094,-0.527344,
8.679806,0x4B,gyro,0.564453,0.060547,-0.054688,
8.681059,0x4B,accel,9.429688,0.640625,-0.671875,
8.682280,0x4A,gyro,0.572266,-0.287109,0.050781,
8.682897,0x4B,accel,9.472656,0.640625,-0.671875,
8.683518,0x4A,accel,8.359375,-4.160156,-0.488281,
8.684152,0x4B,gyro,0.593750,0.064453,-0.066406,
8.686056,0x4B,accel,9.589844,0.562500,-0.593750,
8.687219,0x4A,gyro,0.601562,-0.300781,0.062500,
8.687829,0x4B,gyro,0.615234,0.068359,-0.070312,
8.688714,0x4A,accel,8.324219,-4.238281,-0.488281,
8.689899,0x4B,accel,9.656250,0.488281,-0.593750,
8.692336,0x4A,gyro,0.626953,-0.314453,0.056641,
8.693607,0x4A,accel,8.281250,-4.312500,-0.527344,
8.694803,0x4B,gyro,0.634766,0.070312,-0.064453,
8.695439,0x4A,accel,8.281250,-4.312500,-0.527344,
8.696430,0x4B,accel,9.734375,0.488281,-0.519531,
8.697324,0x4A,gyro,0.656250,-0.328125,0.044922,
8.698956,0x4A,accel,8.324219,-4.390625,-0.566406,
8.699990,0x4B,gyro,0.658203,0.072266,-0.068359,
8.701253,0x4B,accel,9.699219,0.410156,-0.632812,
8.702553,0x4A,gyro,0.666016,-0.341797,0.031250,
8.703179,0x4B,accel,9.699219,0.335938,-0.632812,
8.703791,0x4A,accel,8.281250,-4.312500,-0.527344,
8.704704,0x4B,gyro,0.689453,0.066406,-0.064453,
8.706354,0x4B,accel,9.738281,0.296875,-0.632812,
8.707363,0x4A,gyro,0.697266,-0.353516,0.019531,
8.708822,0x4A,accel,8.359375,-4.277344,-0.527344,
8.709846,0x4B,gyro,0.720703,0.068359,-0.072266,
8.711418,0x4B,accel,9.773438,0.218750,-0.593750,
8.712453,0x4A,gyro,0.718750,-0.361328,0.007812,
8.713729,0x4A,accel,8.359375,-4.238281,-0.527344,
8.714851,0x4B,gyro,0.748047,0.066406,-0.072266,
8.715495,0x4A,accel,8.281250,-4.277344,-0.488281,
8.716432,0x4B,accel,9.773438,0.144531,-0.593750,
8.717086,0x4A,gyro,0.748047,-0.373047,-0.007812,
8.717720,0x4B,accel,9.773438,0.066406,-0.671875,
8.718688,0x4A,accel,8.398438,-4.277344,-0.527344,
8.719876,0x4B,gyro,0.783203,0.072266,-0.080078,
8.720512,0x4A,gyro,0.771484,-0.378906,-0.013672,
8.721139,0x4B,accel,9.699219,0.066406,-0.671875,
8.722443,0x4A,accel,8.398438,-4.238281,-0.527344,
8.724402,0x4B,gyro,0.820312,0.072266,-0.093750,
8.726069,0x4B,accel,9.699219,0.144531,-0.632812,
8.726686,0x4A,gyro,0.792969,-0.382812,-0.025391,
8.728341,0x4A,accel,8.363281,-4.199219,-0.527344,
8.729533,0x4B,gyro,0.845703,0.074219,-0.105469,
8.731215,0x4B,accel,9.695312,0.179688,-0.593750,
8.732256,0x4A,gyro,0.814453,-0.396484,-0.035156,
8.733737,0x4A,accel,8.281250,-4.238281,-0.527344,
8.734783,0x4B,gyro,0.876953,0.070312,-0.113281,
8.735429,0x4A,accel,8.398438,-4.238281,-0.488281,
8.736283,0x4B,accel,9.734375,0.296875,-0.554688,
8.737346,0x4A,gyro,0.841797,-0.408203,-0.037109,
8.738019,0x4B,accel,9.734375,0.488281,-0.519531,
8.738989,0x4A,accel,8.441406,-4.160156,-0.488281,
8.740070,0x4B,gyro,0.904297,0.068359,-0.121094,
8.741302,0x4B,accel,9.660156,0.679688,-0.519531,
8.742521,0x4A,gyro,0.859375,-0.417969,-0.046875,
8.743949,0x4A,accel,8.398438,-4.160156,-0.527344,
8.745011,0x4B,gyro,0.927734,0.068359,-0.126953,
8.746461,0x4B,accel,9.621094,0.792969,-0.480469,
8.747080,0x4A,gyro,0.875000,-0.435547,-0.046875,
8.748741,0x4A,accel,8.398438,-4.160156,-0.527344,
8.749990,0x4B,gyro,0.945312,0.062500,-0.128906,
8.750605,0x4A,gyro,0.894531,-0.447266,-0.052734,
8.751501,0x4B,accel,9.621094,0.945312,-0.554688,
8.752554,0x4A,accel,8.398438,-4.160156,-0.527344,
8.754893,0x4B,gyro,0.974609,0.064453,-0.125000,
8.755555,0x4A,accel,8.441406,-4.121094,-0.488281,
8.756224,0x4B,accel,9.585938,1.023438,-0.519531,
8.757273,0x4A,gyro,0.908203,-0.466797,-0.042969,
8.757919,0x4B,accel,9.695312,1.101562,-0.554688,
8.758958,0x4A,accel,8.511719,-4.085938,-0.449219,
8.759777,0x4B,gyro,0.986328,0.054688,-0.115234,
8.761443,0x4B,accel,9.738281,1.214844,-0.554688,
8.762565,0x4A,gyro,0.925781,-0.470703,-0.046875,
8.763814,0x4A,accel,8.480469,-4.046875,-0.449219,
8.764432,0x4B,gyro,0.988281,0.056641,-0.113281,
8.766058,0x4B,accel,9.695312,1.136719,-0.554688,
8.767306,0x4A,gyro,0.933594,-0.486328,-0.044922,
8.768758,0x4A,accel,8.480469,-3.968750,-0.488281,
8.769764,0x4B,gyro,1.011719,0.056641,-0.109375,
8.771428,0x4B,accel,9.695312,1.175781,-0.632812,
8.772465,0x4A,gyro,0.943359,-0.494141,-0.041016,
8.773106,0x4B,accel,9.695312,1.175781,-0.632812,
8.773754,0x4A,accel,8.476562,-3.929688,-0.414062,
8.774917,0x4B,gyro,1.013672,0.052734,-0.109375,
8.775561,0x4A,accel,8.585938,-3.929688,-0.449219,
8.776723,0x4B,accel,9.738281,1.253906,-0.671875,
8.777498,0x4A,gyro,0.953125,-0.492188,-0.046875,
8.779159,0x4A,accel,8.476562,-3.929688,-0.375000,
8.779798,0x4B,gyro,1.017578,0.052734,-0.103516,
8.781311,0x4B,accel,9.699219,1.175781,-0.671875,
8.781941,0x4A,gyro,0.951172,-0.501953,-0.042969,
8.783386,0x4A,accel,8.625000,-3.855469,-0.296875,
8.783995,0x4B,gyro,1.027344,0.048828,-0.101562,
8.785820,0x4A,gyro,0.949219,-0.492188,-0.044922,
8.787046,0x4A,accel,8.667969,-3.816406,-0.257812,
8.789308,0x4B,gyro,1.031250,0.060547,-0.107422,
8.791295,0x4B,accel,9.855469,1.253906,-0.632812,
8.792312,0x4A,gyro,0.949219,-0.496094,-0.044922,
8.792948,0x4B,accel,9.816406,1.367188,-0.671875,
8.793761,0x4A,accel,8.707031,-3.777344,-0.222656,
8.794861,0x4B,accel,9.855469,1.367188,-0.671875,
8.795503,0x4A,accel,8.746094,-3.738281,-0.222656,
8.796581,0x4B,gyro,1.027344,0.064453,-0.105469,
8.797524,0x4A,gyro,0.943359,-0.482422,-0.042969,
8.798153,0x4B,accel,9.816406,1.484375,-0.671875,
8.799140,0x4A,accel,8.785156,-3.703125,-0.222656,
8.800192,0x4B,gyro,1.021484,0.058594,-0.107422,
8.801446,0x4B,accel,9.816406,1.558594,-0.671875,
8.802742,0x4A,gyro,0.935547,-0.474609,-0.048828,
8.803960,0x4A,accel,8.742188,-3.738281,-0.183594,
8.805016,0x4B,gyro,1.009766,0.060547,-0.099609,
8.806625,0x4B,accel,9.816406,1.675781,-0.671875,
8.807746,0x4A,gyro,0.919922,-0.462891,-0.050781,
8.809210,0x4A,accel,8.781250,-3.625000,-0.027344,
8.810272,0x4B,gyro,0.988281,0.062500,-0.103516,
8.810907,0x4A,accel,8.785156,-3.585938,-0.105469,
8.811573,0x4B,accel,9.816406,1.789062,-0.671875,
8.812676,0x4A,gyro,0.898438,-0.445312,-0.046875,
8.814038,0x4B,accel,9.777344,1.941406,-0.671875,
8.814676,0x4A,accel,8.707031,-3.625000,-0.105469,
8.816084,0x4B,gyro,0.966797,0.068359,-0.099609,
8.817119,0x4A,gyro,0.875000,-0.439453,-0.046875,
8.817816,0x4B,accel,9.695312,1.906250,-0.710938,
8.818826,0x4A,accel,8.707031,-3.625000,-0.105469,
8.819464,0x4B,gyro,0.937500,0.070312,-0.097656,
8.820948,0x4B,accel,9.699219,1.906250,-0.671875,
8.821835,0x4A,gyro,0.857422,-0.419922,-0.052734,
8.823466,0x4A,accel,8.824219,-3.546875,0.046875,
8.824089,0x4B,gyro,0.919922,0.070312,-0.085938,
8.825710,0x4B,accel,9.816406,1.906250,-0.671875,
8.826343,0x4A,gyro,0.839844,-0.404297,-0.042969,
8.828201,0x4B,gyro,0.890625,0.074219,-0.087891,
8.829897,0x4B,accel,9.929688,1.980469,-0.593750,
8.831862,0x4B,accel,9.855469,1.941406,-0.632812,
8.832498,0x4A,gyro,0.812500,-0.388672,-0.052734,
8.833759,0x4A,accel,8.929688,-3.546875,0.164062,
8.834837,0x4B,gyro,0.859375,0.080078,-0.085938,
8.836513,0x4B,accel,9.812500,1.980469,-0.671875,
8.837151,0x4A,accel,8.820312,-3.511719,0.085938,
8.838398,0x4A,gyro,0.791016,-0.369141,-0.050781,
8.839016,0x4B,gyro,0.833984,0.078125,-0.082031,
8.839640,0x4A,accel,8.863281,-3.472656,0.125000,
8.840658,0x4B,accel,9.816406,2.019531,-0.671875,
8.841610,0x4A,gyro,0.763672,-0.349609,-0.042969,
8.843294,0x4A,accel,8.863281,-3.511719,0.125000,
8.843925,0x4B,gyro,0.802734,0.085938,-0.080078,
8.845541,0x4B,accel,9.812500,2.097656,-0.671875,
8.846159,0x4A,gyro,0.724609,-0.326172,-0.046875,
8.847911,0x4A,accel,8.863281,-3.472656,0.164062,
8.848579,0x4B,accel,9.855469,2.058594,-0.671875,
8.850293,0x4B,gyro,0.759766,0.082031,-0.083984,
8.850944,0x4A,gyro,0.693359,-0.304688,-0.039062,
8.851921,0x4B,accel,9.855469,2.171875,-0.632812,
8.852969,0x4A,accel,8.890625,-3.511719,0.125000,
8.853637,0x4B,gyro,0.722656,0.087891,-0.074219,
8.855523,0x4B,accel,9.812500,2.132812,-0.632812,
8.856624,0x4A,accel,8.863281,-3.511719,0.164062,
8.857860,0x4A,gyro,0.666016,-0.287109,-0.044922,
8.859084,0x4A,accel,8.859375,-3.511719,0.046875,
8.860351,0x4B,gyro,0.687500,0.095703,-0.070312,
8.861466,0x4A,gyro,0.634766,-0.263672,-0.041016,
8.862106,0x4B,accel,9.777344,2.171875,-0.671875,
8.863178,0x4A,accel,8.859375,-3.585938,0.007812,
8.863809,0x4B,gyro,0.656250,0.093750,-0.070312,
8.865056,0x4B,accel,9.734375,2.132812,-0.671875,
8.867666,0x4A,gyro,0.607422,-0.251953,-0.037109,
8.868314,0x4B,accel,9.816406,2.097656,-0.593750,
8.869184,0x4A,accel,8.863281,-3.546875,0.007812,
8.870118,0x4B,gyro,0.619141,0.095703,-0.064453,
8.871791,0x4B,accel,9.812500,2.058594,-0.519531,
8.872816,0x4A,gyro,0.578125,-0.236328,-0.029297,
8.874078,0x4A,accel,8.859375,-3.664062,0.007812,
8.875306,0x4B,gyro,0.589844,0.103516,-0.060547,
8.875929,0x4A,accel,8.859375,-3.585938,-0.027344,
8.876775,0x4B,accel,9.816406,2.019531,-0.554688,
8.877739,0x4A,gyro,0.556641,-0.230469,-0.021484,
8.878980,0x4A,accel,8.820312,-3.664062,-0.066406,
8.880272,0x4B,gyro,0.564453,0.095703,-0.054688,
8.881514,0x4A,gyro,0.539062,-0.218750,-0.013672,
8.882127,0x4B,accel,9.777344,1.941406,-0.480469,
8.883204,0x4A,accel,8.785156,-3.664062,-0.066406,
8.883821,0x4B,gyro,0.544922,0.103516,-0.046875,
8.885051,0x4B,accel,9.777344,1.867188,-0.593750,
8.886979,0x4B,accel,9.812500,1.828125,-0.519531,
8.888019,0x4A,gyro,0.517578,-0.208984,-0.013672,
8.888670,0x4B,gyro,0.517578,0.095703,-0.044922,
8.889314,0x4A,accel,8.742188,-3.664062,-0.027344,
8.890704,0x4A,gyro,0.501953,-0.197266,-0.011719,
8.891766,0x4B,accel,9.816406,1.750000,-0.480469,
8.892816,0x4A,accel,8.746094,-3.738281,-0.105469,
8.895288,0x4B,gyro,0.507812,0.093750,-0.041016,
8.895910,0x4A,accel,8.707031,-3.738281,-0.105469,
8.896829,0x4B,accel,9.777344,1.675781,-0.519531,
8.897759,0x4A,gyro,0.490234,-0.187500,-0.013672,
8.898988,0x4A,accel,8.667969,-3.738281,-0.066406,
8.900229,0x4B,gyro,0.490234,0.095703,-0.041016,
8.901452,0x4A,gyro,0.476562,-0.179688,-0.009766,
8.902085,0x4B,accel,9.773438,1.558594,-0.480469,
8.903137,0x4A,accel,8.628906,-3.738281,-0.066406,
8.903754,0x4B,gyro,0.480469,0.099609,-0.033203,
8.905026,0x4B,accel,9.816406,1.523438,-0.480469,
8.906301,0x4B,accel,9.812500,1.445312,-0.441406,
8.907522,0x4A,gyro,0.468750,-0.171875,-0.007812,
8.908161,0x4B,gyro,0.468750,0.091797,-0.033203,
8.908989,0x4A,accel,8.664062,-3.816406,-0.105469,
8.911242,0x4B,accel,9.812500,1.406250,-0.402344,
8.912444,0x4A,gyro,0.460938,-0.166016,-0.019531,
8.913907,0x4A,accel,8.664062,-3.816406,-0.105469,
8.914908,0x4B,gyro,0.462891,0.097656,-0.039062,
8.915520,0x4A,accel,8.667969,-3.777344,-0.105469,
8.916575,0x4B,accel,9.812500,1.367188,-0.402344,
8.917621,0x4A,gyro,0.447266,-0.166016,-0.017578,
8.919219,0x4A,accel,8.707031,-3.816406,-0.144531,
8.920222,0x4B,gyro,0.460938,0.091797,-0.042969,
8.921457,0x4B,accel,9.851562,1.406250,-0.402344,
8.922071,0x4A,gyro,0.439453,-0.164062,-0.019531,
8.923735,0x4A,accel,8.707031,-3.816406,-0.144531,
8.924917,0x4B,accel,9.851562,1.367188,-0.363281,
8.926646,0x4B,gyro,0.451172,0.091797,-0.039062,
8.927297,0x4A,gyro,0.433594,-0.160156,-0.023438,
8.927941,0x4B,accel,9.894531,1.406250,-0.363281,
8.929041,0x4A,accel,8.707031,-3.855469,-0.183594,
8.930277,0x4B,gyro,0.447266,0.093750,-0.039062,
8.930921,0x4A,gyro,0.431641,-0.154297,-0.023438,
8.931898,0x4B,accel,9.812500,1.406250,-0.363281,
8.932928,0x4A,accel,8.703125,-3.816406,-0.222656,
8.935328,0x4B,gyro,0.451172,0.087891,-0.046875,
8.935946,0x4A,accel,8.664062,-3.855469,-0.222656,
8.936929,0x4B,accel,9.812500,1.484375,-0.402344,
8.937857,0x4A,gyro,0.425781,-0.154297,-0.013672,
8.938468,0x4B,accel,9.894531,1.484375,-0.363281,
8.939087,0x4A,accel,8.664062,-3.929688,-0.222656,
8.940439,0x4B,gyro,0.441406,0.085938,-0.042969,
8.941603,0x4A,gyro,0.419922,-0.156250,-0.019531,
8.942234,0x4B,accel,9.812500,1.406250,-0.363281,
8.943310,0x4A,accel,8.667969,-3.894531,-0.296875,
8.943950,0x4B,gyro,0.441406,0.078125,-0.042969,
8.945199,0x4B,accel,9.812500,1.445312,-0.441406,
8.947900,0x4A,gyro,0.423828,-0.156250,-0.011719,
8.948573,0x4B,gyro,0.427734,0.083984,-0.039062,
8.949398,0x4A,accel,8.585938,-3.929688,-0.222656,
8.950482,0x4B,accel,9.851562,1.332031,-0.441406,
8.952977,0x4A,gyro,0.412109,-0.162109,-0.013672,
8.954255,0x4A,accel,8.703125,-3.929688,-0.296875,
8.955288,0x4B,gyro,0.433594,0.080078,-0.041016,
8.955906,0x4A,accel,8.589844,-3.929688,-0.183594,
8.956770,0x4B,accel,9.855469,1.445312,-0.402344,
8.957841,0x4A,gyro,0.421875,-0.164062,-0.011719,
8.958455,0x4B,accel,9.929688,1.292969,-0.402344,
8.959078,0x4A,accel,8.707031,-3.968750,-0.296875,
8.960204,0x4B,gyro,0.427734,0.080078,-0.041016,
8.960826,0x4A,gyro,0.416016,-0.167969,-0.005859,
8.961964,0x4B,accel,9.851562,1.292969,-0.441406,
8.963826,0x4A,accel,8.628906,-3.968750,-0.296875,
8.964464,0x4B,gyro,0.433594,0.074219,-0.035156,
8.965724,0x4B,accel,9.933594,1.332031,-0.441406,
8.966378,0x4A,gyro,0.416016,-0.173828,-0.011719,
8.968134,0x4A,accel,8.742188,-3.968750,-0.414062,
8.970594,0x4B,gyro,0.433594,0.078125,-0.041016,
8.971243,0x4A,gyro,0.419922,-0.173828,-0.005859,
8.972044,0x4B,accel,9.933594,1.292969,-0.480469,
8.973056,0x4A,accel,8.625000,-4.007812,-0.335938,
8.975455,0x4B,gyro,0.435547,0.070312,-0.035156,
8.976071,0x4A,accel,8.707031,-4.046875,-0.414062,
8.976702,0x4B,accel,9.929688,1.253906,-0.519531,
8.977772,0x4A,gyro,0.425781,-0.177734,-0.007812,
8.978383,0x4B,accel,9.890625,1.214844,-0.519531,
8.979399,0x4A,accel,8.628906,-4.046875,-0.375000,
8.980361,0x4B,gyro,0.443359,0.070312,-0.037109,
8.982010,0x4B,accel,10.238281,1.253906,-0.441406,
8.983062,0x4A,gyro,0.433594,-0.183594,-0.003906,
8.984348,0x4A,accel,8.707031,-4.238281,-0.222656,
8.985000,0x4B,gyro,0.435547,0.070312,-0.037109,
8.986713,0x4B,accel,10.082031,0.753906,-0.554688,
8.987359,0x4A,gyro,0.427734,-0.197266,-0.015625,
8.989039,0x4A,accel,8.890625,-4.085938,-0.566406,
8.990253,0x4B,gyro,0.458984,0.072266,-0.035156,
8.991929,0x4B,accel,9.550781,1.445312,-0.441406,
8.992957,0x4A,gyro,0.457031,-0.191406,-0.001953,
8.993581,0x4B,accel,9.589844,1.101562,-0.593750,
8.994197,0x4A,accel,8.324219,-3.894531,-0.335938,
8.995376,0x4B,gyro,0.462891,0.068359,-0.039062,
8.995990,0x4A,accel,8.507812,-4.007812,-0.488281,
8.997300,0x4B,accel,9.933594,1.292969,-0.480469,
8.998029,0x4A,gyro,0.457031,-0.195312,-0.001953,
8.999242,0x4A,accel,8.589844,-4.085938,-0.222656,
9.000140,0x4B,gyro,0.476562,0.068359,-0.041016,
9.000753,0x4A,gyro,0.460938,-0.207031,0.001953,
9.001791,0x4B,accel,10.500000,1.214844,-0.363281,
9.003757,0x4A,accel,8.785156,-4.429688,-0.183594,
9.004395,0x4B,gyro,0.457031,0.064453,-0.035156,
9.006055,0x4B,accel,10.078125,0.527344,-0.593750,
9.006709,0x4A,gyro,0.460938,-0.228516,-0.005859,
9.008409,0x4A,accel,8.628906,-3.968750,-0.640625,
9.009067,0x4B,gyro,0.496094,0.070312,-0.029297,
9.010712,0x4B,accel,9.621094,1.292969,-0.554688,
9.011345,0x4A,gyro,0.486328,-0.220703,-0.005859,
9.013153,0x4A,accel,8.402344,-3.855469,-0.375000,
9.013773,0x4B,accel,9.777344,0.984375,-0.593750,
9.015540,0x4B,gyro,0.494141,0.064453,-0.035156,
9.016156,0x4A,accel,8.703125,-4.085938,-0.375000,
9.017193,0x4B,accel,10.082031,1.062500,-0.441406,
9.018064,0x4A,gyro,0.472656,-0.214844,-0.005859,
9.019297,0x4A,accel,8.703125,-4.160156,-0.183594,
9.019924,0x4B,gyro,0.492188,0.062500,-0.046875,
9.021608,0x4B,accel,10.660156,1.175781,-0.289062,
9.022246,0x4A,gyro,0.472656,-0.234375,-0.005859,
9.023779,0x4A,accel,9.085938,-4.160156,-0.335938,
9.024417,0x4B,gyro,0.486328,0.064453,-0.041016,
9.026046,0x4B,accel,9.890625,0.449219,-0.554688,
9.026687,0x4A,gyro,0.500000,-0.232422,-0.019531,
9.028479,0x4A,accel,8.285156,-3.855469,-0.257812,
9.029132,0x4B,accel,9.816406,1.367188,-0.441406,
9.030806,0x4B,gyro,0.531250,0.068359,-0.052734,
9.031426,0x4A,gyro,0.500000,-0.232422,-0.023438,
9.032053,0x4B,accel,9.894531,0.945312,-0.480469,
9.033052,0x4A,accel,8.707031,-3.894531,-0.449219,
9.033669,0x4B,gyro,0.517578,0.058594,-0.056641,
9.035890,0x4A,accel,8.585938,-4.007812,-0.257812,
9.036936,0x4B,accel,11.156250,1.175781,-0.171875,
9.037976,0x4A,gyro,0.498047,-0.226562,-0.019531,
9.039234,0x4A,accel,9.773438,-5.578125,0.085938,
9.040450,0x4B,gyro,0.500000,0.058594,-0.060547,
9.041820,0x4A,gyro,0.458984,-0.269531,-0.070312,
9.042470,0x4B,accel,10.925781,-0.585938,-0.976562,
9.043584,0x4A,accel,8.203125,-3.703125,-0.488281,
9.044224,0x4B,gyro,0.564453,0.068359,-0.048828,
9.045471,0x4B,accel,9.007812,1.558594,0.132812,
9.048222,0x4A,gyro,0.541016,-0.240234,-0.048828,
9.048850,0x4B,accel,8.703125,1.214844,-0.554688,
9.049485,0x4A,accel,8.097656,-3.394531,-0.375000,
9.050525,0x4B,gyro,0.562500,0.064453,-0.076172,
9.051155,0x4A,gyro,0.507812,-0.234375,-0.037109,
9.052413,0x4B,accel,9.468750,1.789062,-0.593750,
9.053464,0x4A,accel,8.320312,-3.625000,-0.605469,
9.054104,0x4B,gyro,0.560547,0.048828,-0.082031,
9.056062,0x4A,accel,8.667969,-3.968750,-0.105469,
9.057112,0x4B,accel,10.316406,1.714844,-0.402344,
9.058180,0x4A,gyro,0.515625,-0.218750,-0.019531,
9.058840,0x4B,gyro,0.542969,0.052734,-0.078125,
9.059482,0x4A,accel,8.667969,-4.160156,-0.105469,
9.060625,0x4B,accel,10.238281,1.484375,-0.402344,
9.061834,0x4A,gyro,0.513672,-0.250000,-0.013672,
9.063576,0x4A,accel,8.585938,-4.007812,-0.375000,
9.064215,0x4B,gyro,0.535156,0.060547,-0.068359,
9.065485,0x4B,accel,9.968750,1.332031,-0.441406,
9.068027,0x4A,gyro,0.517578,-0.261719,-0.025391,
9.068653,0x4B,accel,9.812500,1.406250,-0.519531,
9.069470,0x4A,accel,8.585938,-3.855469,-0.449219,
9.070505,0x4B,gyro,0.535156,0.056641,-0.062500,
9.072168,0x4B,accel,9.890625,1.367188,-0.480469,
9.073179,0x4A,gyro,0.515625,-0.251953,-0.029297,
9.074409,0x4A,accel,8.589844,-3.929688,-0.335938,
9.075142,0x4B,gyro,0.529297,0.046875,-0.064453,
9.075758,0x4A,accel,8.628906,-3.929688,-0.144531,
9.076793,0x4B,accel,10.039062,1.292969,-0.363281,
9.077834,0x4A,gyro,0.507812,-0.251953,-0.019531,
9.079503,0x4A,accel,8.625000,-3.929688,-0.222656,
9.080551,0x4B,gyro,0.525391,0.046875,-0.062500,
9.082037,0x4B,accel,10.042969,1.175781,-0.363281,
9.082696,0x4A,gyro,0.505859,-0.259766,-0.025391,
9.083959,0x4A,accel,8.625000,-3.894531,-0.257812,
9.084598,0x4B,gyro,0.542969,0.048828,-0.066406,
9.086483,0x4A,gyro,0.511719,-0.263672,-0.031250,
9.088110,0x4A,accel,8.667969,-3.816406,-0.257812,
9.090134,0x4B,accel,10.000000,1.214844,-0.519531,
9.091960,0x4A,gyro,0.509766,-0.255859,-0.037109,
9.093600,0x4A,accel,8.707031,-3.816406,-0.257812,
9.094244,0x4B,gyro,0.541016,0.044922,-0.064453,
9.095466,0x4B,accel,10.082031,1.292969,-0.554688,
9.096114,0x4A,accel,8.703125,-3.855469,-0.222656,
9.097486,0x4B,gyro,0.541016,0.046875,-0.072266,
9.098285,0x4A,gyro,0.500000,-0.257812,-0.033203,
9.098932,0x4B,accel,10.082031,1.367188,-0.519531,
9.099578,0x4A,accel,8.785156,-3.816406,-0.257812,
9.100229,0x4B,gyro,0.541016,0.041016,-0.072266,
9.100868,0x4A,gyro,0.496094,-0.244141,-0.042969,
9.101730,0x4B,accel,10.117188,1.484375,-0.554688,
9.103885,0x4A,accel,8.781250,-3.816406,-0.222656,
9.104535,0x4B,gyro,0.535156,0.046875,-0.076172,
9.106221,0x4B,accel,10.117188,1.523438,-0.480469,
9.106841,0x4A,gyro,0.488281,-0.246094,-0.046875,
9.107458,0x4B,accel,10.078125,1.558594,-0.441406,
9.108496,0x4A,accel,8.742188,-3.816406,-0.222656,
9.109749,0x4B,gyro,0.525391,0.042969,-0.074219,
9.111520,0x4B,accel,10.117188,1.597656,-0.402344,
9.112523,0x4A,gyro,0.482422,-0.240234,-0.046875,
9.114190,0x4A,accel,8.824219,-3.894531,-0.183594,
9.115379,0x4B,gyro,0.507812,0.037109,-0.076172,
9.116002,0x4A,accel,8.746094,-3.816406,-0.183594,
9.117048,0x4B,accel,10.082031,1.597656,-0.324219,
9.118088,0x4A,gyro,0.470703,-0.230469,-0.042969,
9.119351,0x4A,accel,8.703125,-3.777344,-0.144531,
9.120500,0x4B,gyro,0.505859,0.037109,-0.066406,
9.121876,0x4A,gyro,0.466797,-0.234375,-0.048828,
9.122512,0x4B,accel,10.000000,1.597656,-0.289062,
9.123600,0x4A,accel,8.703125,-3.738281,-0.144531,
9.124246,0x4B,accel,10.003906,1.597656,-0.324219,
9.125936,0x4B,gyro,0.492188,0.035156,-0.072266,
9.126578,0x4A,gyro,0.457031,-0.232422,-0.048828,
9.127558,0x4B,accel,10.003906,1.675781,-0.250000,
9.128592,0x4A,accel,8.707031,-3.738281,-0.105469,
9.131037,0x4B,gyro,0.490234,0.037109,-0.070312,
9.131655,0x4A,gyro,0.435547,-0.232422,-0.056641,
9.132503,0x4B,accel,9.972656,1.714844,-0.289062,
9.133538,0x4A,accel,8.707031,-3.703125,-0.066406,
9.136074,0x4B,gyro,0.476562,0.027344,-0.066406,
9.137240,0x4A,accel,8.746094,-3.625000,-0.066406,
9.137874,0x4B,accel,10.000000,1.714844,-0.250000,
9.138776,0x4A,gyro,0.435547,-0.222656,-0.052734,
9.139424,0x4B,accel,9.968750,1.828125,-0.250000,
9.141090,0x4B,gyro,0.466797,0.029297,-0.064453,
9.142290,0x4A,accel,8.664062,-3.664062,0.007812,
9.143915,0x4A,gyro,0.417969,-0.224609,-0.050781,
9.144562,0x4B,accel,9.933594,1.750000,-0.250000,
9.145196,0x4A,accel,8.746094,-3.585938,-0.105469,
9.145973,0x4B,gyro,0.455078,0.023438,-0.062500,
9.147656,0x4B,accel,9.933594,1.828125,-0.289062,
9.148677,0x4A,gyro,0.412109,-0.218750,-0.056641,
9.149306,0x4B,gyro,0.441406,0.017578,-0.066406,
9.149949,0x4A,accel,8.746094,-3.625000,0.046875,
9.151214,0x4B,accel,9.968750,1.867188,-0.289062,
9.151841,0x4A,gyro,0.394531,-0.216797,-0.044922,
9.153655,0x4A,accel,8.781250,-3.585938,0.007812,
9.156149,0x4B,gyro,0.429688,0.023438,-0.064453,
9.157432,0x4A,accel,8.863281,-3.546875,0.125000,
9.158092,0x4B,accel,10.003906,1.906250,-0.250000,
9.159489,0x4A,gyro,0.376953,-0.203125,-0.052734,
9.160689,0x4B,accel,9.972656,1.941406,-0.289062,
9.161331,0x4A,accel,8.820312,-3.546875,0.125000,
9.162010,0x4B,gyro,0.417969,0.015625,-0.060547,
9.162658,0x4A,gyro,0.361328,-0.195312,-0.044922,
9.163297,0x4B,accel,10.000000,1.941406,-0.363281,
9.164122,0x4A,accel,8.894531,-3.511719,0.046875,
9.164754,0x4B,gyro,0.394531,0.017578,-0.058594,
9.166620,0x4B,accel,9.968750,2.019531,-0.289062,
9.167230,0x4A,gyro,0.341797,-0.189453,-0.042969,
9.169037,0x4B,gyro,0.373047,0.013672,-0.056641,
9.170680,0x4B,accel,10.000000,2.019531,-0.324219,
9.172923,0x4A,gyro,0.318359,-0.177734,-0.042969,
9.174150,0x4A,accel,8.863281,-3.511719,0.125000,
9.174768,0x4B,gyro,0.357422,0.013672,-0.056641,
9.176408,0x4B,accel,10.000000,2.097656,-0.289062,
9.177044,0x4A,accel,8.890625,-3.511719,0.125000,
9.178906,0x4B,accel,9.972656,2.171875,-0.363281,
9.179546,0x4A,gyro,0.296875,-0.162109,-0.042969,
9.180591,0x4B,gyro,0.326172,0.011719,-0.054688,
9.181244,0x4A,accel,8.863281,-3.433594,0.046875,
9.181903,0x4B,accel,10.003906,2.097656,-0.324219,
9.182667,0x4A,gyro,0.275391,-0.148438,-0.041016,
9.184289,0x4A,accel,8.820312,-3.472656,0.238281,
9.185323,0x4B,gyro,0.314453,0.009766,-0.048828,
9.186983,0x4B,accel,10.039062,2.132812,-0.324219,
9.187595,0x4A,gyro,0.250000,-0.136719,-0.044922,
9.189249,0x4A,accel,8.894531,-3.511719,0.199219,
9.190551,0x4B,gyro,0.287109,0.011719,-0.046875,
9.191170,0x4A,gyro,0.230469,-0.121094,-0.044922,
9.192203,0x4B,accel,10.003906,2.210938,-0.402344,
9.193212,0x4A,accel,8.890625,-3.355469,0.085938,
9.195596,0x4B,gyro,0.253906,0.011719,-0.048828,
9.196236,0x4A,accel,8.820312,-3.472656,0.238281,
9.197080,0x4B,accel,10.003906,2.171875,-0.441406,
9.198163,0x4A,gyro,0.205078,-0.107422,-0.042969,
9.198808,0x4B,accel,10.042969,2.097656,-0.441406,
9.199801,0x4A,accel,8.933594,-3.433594,0.238281,
9.200850,0x4B,gyro,0.226562,0.009766,-0.044922,
9.202186,0x4B,accel,9.968750,2.058594,-0.402344,
9.202878,0x4A,gyro,0.183594,-0.085938,-0.048828,
9.204532,0x4A,accel,8.820312,-3.394531,0.199219,
9.205154,0x4B,gyro,0.199219,0.009766,-0.039062,
9.206807,0x4B,accel,10.000000,1.906250,-0.324219,
9.207424,0x4A,gyro,0.152344,-0.068359,-0.058594,
9.209078,0x4A,accel,8.890625,-3.433594,0.199219,
9.209711,0x4B,gyro,0.179688,0.009766,-0.042969,
9.211298,0x4B,accel,9.933594,1.980469,-0.441406,
9.211921,0x4A,gyro,0.117188,-0.048828,-0.056641,
9.213773,0x4A,accel,8.742188,-3.433594,0.277344,
9.214423,0x4B,accel,10.003906,1.906250,-0.402344,
9.216139,0x4B,gyro,0.154297,0.009766,-0.039062,
9.216784,0x4A,accel,8.863281,-3.355469,0.277344,
9.217433,0x4B,accel,10.078125,2.019531,-0.324219,
9.218496,0x4A,gyro,0.101562,-0.031250,-0.060547,
9.219146,0x4B,gyro,0.130859,0.013672,-0.039062,
9.219786,0x4A,accel,8.890625,-3.472656,0.238281,
9.221265,0x4A,gyro,0.072266,-0.009766,-0.064453,
9.222344,0x4B,accel,9.894531,1.980469,-0.441406,
9.224281,0x4A,accel,8.742188,-3.394531,0.125000,
9.224909,0x4B,gyro,0.097656,0.009766,-0.033203,
9.226741,0x4B,accel,9.933594,1.980469,-0.480469,
9.227365,0x4A,gyro,0.031250,0.009766,-0.080078,
9.229002,0x4A,accel,8.863281,-3.546875,0.007812,
9.229626,0x4B,gyro,0.076172,0.005859,-0.039062,
9.231256,0x4B,accel,10.039062,2.097656,-0.363281,
9.231867,0x4A,gyro,0.011719,0.021484,-0.080078,
9.233689,0x4A,accel,8.820312,-3.703125,-0.066406,
9.234335,0x4B,accel,9.968750,1.941406,-0.441406,
9.236096,0x4B,gyro,0.042969,0.009766,-0.031250,
9.236730,0x4A,gyro,-0.005859,0.029297,-0.083984,
9.237732,0x4B,accel,9.855469,1.906250,-0.441406,
9.238674,0x4A,accel,8.664062,-3.777344,-0.183594,
9.239926,0x4A,accel,8.625000,-3.777344,-0.257812,
9.240616,0x4B,gyro,0.025391,0.005859,-0.029297,
9.241258,0x4A,gyro,-0.007812,0.037109,-0.082031,
9.242346,0x4B,accel,9.816406,1.750000,-0.324219,
9.244304,0x4A,accel,8.550781,-3.968750,-0.335938,
9.244970,0x4B,gyro,0.011719,0.001953,-0.007812,
9.246833,0x4B,accel,9.855469,1.484375,-0.324219,
9.247476,0x4A,gyro,-0.013672,0.027344,-0.082031,
9.249123,0x4A,accel,8.441406,-4.046875,-0.449219,
9.249744,0x4B,gyro,0.013672,-0.005859,-0.007812,
9.251362,0x4B,accel,9.890625,1.253906,-0.250000,
9.251979,0x4A,gyro,0.005859,0.015625,-0.091797,
9.253623,0x4A,accel,8.476562,-4.046875,-0.488281,
9.254272,0x4B,accel,9.933594,0.945312,-0.324219,
9.255965,0x4B,gyro,0.037109,-0.011719,0.003906,
9.256616,0x4A,gyro,0.025391,0.013672,-0.099609,
9.257755,0x4B,accel,10.000000,0.792969,-0.363281,
9.258751,0x4A,accel,8.437500,-4.199219,-0.414062,
9.259436,0x4B,gyro,0.054688,-0.011719,0.000000,
9.260084,0x4A,accel,8.703125,-4.085938,-0.375000,
9.261294,0x4B,accel,10.121094,0.679688,-0.363281,
9.262334,0x4A,gyro,0.044922,0.007812,-0.107422,
9.264018,0x4A,accel,8.820312,-4.046875,-0.335938,
9.264648,0x4B,gyro,0.083984,-0.013672,-0.001953,
9.266381,0x4B,accel,10.273438,0.679688,-0.480469,
9.267008,0x4A,gyro,0.064453,0.003906,-0.119141,
9.268696,0x4A,accel,8.972656,-4.046875,-0.375000,
9.269319,0x4B,accel,10.394531,0.753906,-0.554688,
9.271168,0x4B,gyro,0.103516,-0.017578,-0.009766,
9.271825,0x4A,gyro,0.066406,0.011719,-0.140625,
9.273089,0x4B,accel,10.351562,0.792969,-0.671875,
9.274231,0x4A,accel,8.933594,-4.007812,-0.335938,
9.274925,0x4B,gyro,0.109375,-0.019531,-0.023438,
9.276947,0x4B,accel,10.312500,0.871094,-0.671875,
9.278027,0x4A,gyro,0.060547,0.027344,-0.154297,
9.279883,0x4A,accel,8.933594,-4.007812,-0.335938,
9.280959,0x4B,gyro,0.117188,-0.021484,-0.029297,
9.281598,0x4A,accel,8.859375,-3.968750,-0.375000,
9.282659,0x4B,accel,10.160156,0.945312,-0.671875,
9.283295,0x4A,gyro,0.064453,0.041016,-0.171875,
9.284499,0x4A,accel,8.785156,-3.929688,-0.257812,
9.285113,0x4B,gyro,0.126953,-0.019531,-0.035156,
9.287007,0x4B,accel,10.078125,1.214844,-0.632812,
9.288243,0x4A,gyro,0.054688,0.046875,-0.187500,
9.288861,0x4B,accel,9.890625,1.214844,-0.632812,
9.289711,0x4A,accel,8.824219,-3.855469,-0.296875,
9.290758,0x4B,gyro,0.113281,-0.015625,-0.041016,
9.292760,0x4B,accel,9.734375,1.367188,-0.554688,
9.293848,0x4A,gyro,0.052734,0.039062,-0.195312,
9.294525,0x4B,gyro,0.113281,-0.013672,-0.042969,
9.295184,0x4A,accel,8.742188,-4.007812,-0.414062,
9.296535,0x4B,accel,9.816406,1.445312,-0.593750,
9.297763,0x4A,gyro,0.058594,0.029297,-0.177734,
9.299002,0x4A,accel,8.820312,-3.929688,-0.335938,
9.300226,0x4A,accel,9.128906,-3.816406,-0.257812,
9.301757,0x4B,gyro,0.123047,-0.007812,-0.050781,
9.302803,0x4A,gyro,0.068359,0.023438,-0.160156,
9.303425,0x4B,accel,9.894531,1.750000,-0.519531,
9.304417,0x4A,accel,9.011719,-3.738281,-0.222656,
9.305038,0x4B,gyro,0.113281,-0.003906,-0.050781,
9.306649,0x4B,accel,9.812500,1.867188,-0.593750,
9.307264,0x4A,gyro,0.060547,0.017578,-0.148438,
9.307906,0x4B,accel,9.617188,1.980469,-0.632812,
9.308974,0x4A,accel,8.824219,-3.664062,-0.257812,
9.309624,0x4B,gyro,0.103516,-0.009766,-0.044922,
9.311883,0x4A,gyro,0.052734,0.023438,-0.140625,
9.312845,0x4B,accel,9.621094,2.210938,-0.632812,
9.313903,0x4A,accel,8.933594,-3.703125,-0.257812,
9.314574,0x4B,gyro,0.085938,-0.009766,-0.042969,
9.316465,0x4B,accel,9.738281,2.363281,-0.593750,
9.317664,0x4A,gyro,0.035156,0.021484,-0.115234,
9.319131,0x4A,accel,9.203125,-3.625000,-0.257812,
9.319759,0x4B,gyro,0.070312,-0.011719,-0.039062,
9.321384,0x4B,accel,9.316406,2.593750,-0.671875,
9.322556,0x4A,accel,8.742188,-3.394531,-0.144531,
9.324214,0x4A,gyro,0.021484,0.017578,-0.089844,
9.324837,0x4B,gyro,0.054688,-0.001953,-0.037109,
9.325483,0x4A,accel,8.546875,-3.281250,-0.296875,
9.326833,0x4B,accel,8.933594,2.671875,-0.671875,
9.327476,0x4A,gyro,0.005859,0.019531,-0.068359,
9.328117,0x4B,accel,8.968750,2.902344,-0.632812,
9.329167,0x4A,accel,8.476562,-3.281250,-0.105469,
9.330349,0x4B,gyro,0.017578,-0.003906,-0.023438,
9.332104,0x4B,accel,9.277344,2.632812,-0.402344,
9.333126,0x4A,gyro,-0.005859,0.015625,-0.029297,
9.334790,0x4A,accel,8.511719,-3.585938,-0.105469,
9.335880,0x4B,gyro,-0.011719,0.003906,-0.003906,
9.336490,0x4A,accel,8.664062,-3.777344,-0.183594,
9.337567,0x4B,accel,9.546875,2.324219,-0.289062,
9.338597,0x4A,gyro,-0.013672,-0.003906,-0.011719,
9.339839,0x4A,accel,8.863281,-3.777344,-0.296875,
9.341036,0x4B,gyro,-0.027344,0.007812,0.009766,
9.342273,0x4A,gyro,-0.007812,-0.013672,0.000000,
9.342890,0x4B,accel,9.660156,2.097656,-0.480469,
9.344041,0x4A,accel,8.703125,-3.738281,-0.335938,
9.344666,0x4B,accel,9.656250,1.980469,-0.593750,
9.346349,0x4B,gyro,-0.019531,0.003906,0.029297,
9.347983,0x4B,accel,9.695312,1.789062,-0.632812,
9.349056,0x4A,gyro,-0.007812,-0.003906,-0.001953,
9.349697,0x4B,gyro,-0.027344,-0.001953,0.046875,
9.350377,0x4A,accel,8.781250,-3.738281,-0.335938,
9.351740,0x4B,accel,9.589844,1.750000,-0.671875,
9.352963,0x4A,gyro,-0.013672,0.000000,0.001953,
9.354639,0x4A,accel,8.707031,-3.664062,-0.222656,
9.355269,0x4B,gyro,-0.033203,0.003906,0.046875,
9.356914,0x4B,accel,9.550781,1.484375,-0.632812,
9.358039,0x4A,accel,8.667969,-3.664062,-0.296875,
9.359261,0x4A,gyro,-0.019531,-0.003906,0.007812,
9.359888,0x4B,gyro,-0.031250,0.005859,0.044922,
9.360497,0x4A,accel,8.707031,-3.703125,-0.296875,
9.361513,0x4B,accel,9.589844,1.292969,-0.593750,
9.362571,0x4A,gyro,-0.009766,-0.001953,0.007812,
9.364198,0x4A,accel,8.742188,-3.738281,-0.257812,
9.364832,0x4B,accel,9.660156,1.101562,-0.554688,
9.366405,0x4B,gyro,-0.031250,0.005859,0.041016,
9.367049,0x4A,gyro,-0.005859,0.005859,0.015625,
9.368034,0x4B,accel,9.695312,1.023438,-0.402344,
9.369170,0x4A,accel,8.703125,-3.816406,-0.296875,
9.369879,0x4B,gyro,-0.023438,0.007812,0.041016,
9.371641,0x4B,accel,9.695312,0.984375,-0.402344,
9.373022,0x4A,gyro,-0.003906,0.000000,0.015625,
9.374781,0x4A,accel,8.703125,-3.777344,-0.257812,
9.375464,0x4B,gyro,-0.007812,0.009766,0.023438,
9.376101,0x4A,accel,8.703125,-3.777344,-0.257812,
9.377144,0x4B,accel,9.699219,0.945312,-0.402344,
9.378244,0x4A,gyro,-0.001953,0.000000,0.007812,
9.380157,0x4A,accel,8.703125,-3.777344,-0.257812,
9.381171,0x4B,gyro,0.011719,0.007812,0.021484,
9.382461,0x4B,accel,9.695312,1.062500,-0.480469,
9.383144,0x4A,gyro,0.005859,0.000000,0.005859,
9.383755,0x4B,accel,9.738281,1.101562,-0.480469,
9.384818,0x4A,accel,8.746094,-3.816406,-0.257812,
9.386101,0x4B,gyro,0.015625,0.009766,0.007812,
9.386745,0x4A,gyro,0.007812,-0.001953,0.001953,
9.387811,0x4B,accel,9.738281,1.175781,-0.519531,
9.389177,0x4A,accel,8.746094,-3.816406,-0.257812,
9.389824,0x4B,gyro,0.021484,0.003906,0.005859,
9.391504,0x4B,accel,9.695312,1.214844,-0.554688,
9.392148,0x4A,gyro,0.005859,0.000000,0.003906,
9.393948,0x4A,accel,8.703125,-3.777344,-0.257812,
9.396270,0x4B,gyro,0.025391,0.009766,0.003906,
9.396920,0x4A,gyro,0.003906,0.000000,-0.003906,
9.397908,0x4B,accel,9.695312,1.332031,-0.554688,
9.398987,0x4A,accel,8.742188,-3.777344,-0.257812,
9.399606,0x4B,accel,9.738281,1.367188,-0.593750,
9.400222,0x4A,accel,8.703125,-3.777344,-0.257812,
9.401360,0x4B,gyro,0.027344,0.001953,-0.001953,
9.402520,0x4A,gyro,0.003906,0.003906,-0.001953,
9.403128,0x4B,accel,9.695312,1.332031,-0.554688,
9.404263,0x4A,accel,8.746094,-3.777344,-0.296875,
9.404911,0x4B,gyro,0.019531,0.005859,-0.001953,
9.406891,0x4B,accel,9.699219,1.367188,-0.554688,
9.407543,0x4A,gyro,0.007812,0.000000,-0.009766,
9.409320,0x4A,accel,8.746094,-3.738281,-0.296875,
9.411791,0x4B,gyro,0.015625,0.007812,-0.001953,
9.412968,0x4A,gyro,0.007812,0.003906,-0.007812,
9.413608,0x4B,accel,9.738281,1.332031,-0.554688,
9.414665,0x4A,accel,8.703125,-3.777344,-0.257812,
9.415289,0x4B,gyro,0.019531,0.001953,-0.003906,
9.416916,0x4B,accel,9.656250,1.367188,-0.480469,
9.418068,0x4A,accel,8.703125,-3.777344,-0.257812,
9.418679,0x4B,accel,9.656250,1.406250,-0.554688,
9.419321,0x4A,gyro,0.007812,0.003906,-0.009766,
9.419937,0x4B,gyro,0.007812,0.001953,-0.011719,
9.420546,0x4A,accel,8.703125,-3.738281,-0.257812,
9.422539,0x4A,gyro,0.007812,0.000000,-0.017578,
9.423173,0x4B,accel,9.660156,1.406250,-0.519531,
9.424326,0x4A,accel,8.703125,-3.777344,-0.257812,
9.425007,0x4B,gyro,0.015625,0.005859,-0.005859,
9.426267,0x4B,accel,9.621094,1.445312,-0.554688,
9.428988,0x4A,gyro,0.003906,0.000000,-0.005859,
9.430267,0x4A,accel,8.707031,-3.738281,-0.296875,
9.431518,0x4B,gyro,0.007812,0.005859,-0.007812,
9.432164,0x4A,gyro,0.000000,0.000000,-0.015625,
9.433092,0x4B,accel,9.621094,1.484375,-0.593750,
9.434159,0x4A,accel,8.703125,-3.777344,-0.257812,
9.434777,0x4B,accel,9.617188,1.484375,-0.554688,
9.436556,0x4B,gyro,0.005859,0.000000,-0.009766,
9.437879,0x4A,gyro,0.007812,0.001953,-0.009766,
9.438490,0x4B,accel,9.621094,1.484375,-0.519531,
9.439350,0x4A,accel,8.707031,-3.738281,-0.222656,
9.440499,0x4B,gyro,0.007812,0.005859,-0.009766,
9.441114,0x4A,accel,8.746094,-3.738281,-0.222656,
9.442381,0x4B,accel,9.621094,1.523438,-0.632812,
9.443143,0x4A,gyro,0.003906,0.000000,-0.015625,
9.444404,0x4A,accel,8.707031,-3.738281,-0.222656,
9.446840,0x4B,gyro,0.001953,0.001953,-0.011719,
9.447488,0x4A,gyro,-0.001953,-0.001953,-0.013672,
9.448286,0x4B,accel,9.660156,1.484375,-0.632812,
9.449326,0x4A,accel,8.746094,-3.738281,-0.296875,
9.451655,0x4B,gyro,-0.001953,0.001953,-0.007812,
9.452276,0x4A,gyro,-0.001953,0.000000,-0.001953,
9.453117,0x4B,accel,9.656250,1.484375,-0.554688,
9.454160,0x4A,accel,8.746094,-3.777344,-0.296875,
9.454777,0x4B,accel,9.656250,1.445312,-0.593750,
9.456555,0x4B,gyro,0.000000,0.007812,-0.005859,
9.457171,0x4A,gyro,0.000000,0.003906,-0.009766,
9.458297,0x4B,accel,9.656250,1.484375,-0.554688,
9.459196,0x4A,accel,8.742188,-3.738281,-0.257812,
9.461237,0x4B,gyro,-0.001953,0.009766,-0.007812,
9.461849,0x4A,accel,8.707031,-3.738281,-0.296875,
9.462924,0x4B,accel,9.656250,1.406250,-0.554688,
9.463590,0x4A,gyro,0.007812,0.003906,-0.005859,
9.464867,0x4A,accel,8.707031,-3.777344,-0.296875,
9.465521,0x4B,gyro,-0.003906,0.007812,-0.001953,
9.467415,0x4B,accel,9.656250,1.406250,-0.554688,
9.468508,0x4A,gyro,-0.001953,0.003906,-0.007812,
9.469959,0x4A,accel,8.703125,-3.777344,-0.257812,
9.471185,0x4B,gyro,0.003906,0.013672,-0.001953,
9.472783,0x4B,accel,9.656250,1.406250,-0.554688,
9.473797,0x4A,gyro,-0.003906,0.005859,-0.001953,
9.474416,0x4B,accel,9.656250,1.445312,-0.593750,
9.475280,0x4A,accel,8.707031,-3.777344,-0.296875,
9.476335,0x4B,gyro,0.003906,0.011719,-0.011719,
9.476946,0x4A,accel,8.707031,-3.777344,-0.296875,
9.477967,0x4B,accel,9.621094,1.445312,-0.554688,
9.479001,0x4A,gyro,0.005859,0.005859,-0.011719,
9.480231,0x4A,accel,8.707031,-3.777344,-0.222656,
9.480922,0x4B,gyro,-0.001953,0.001953,-0.011719,
9.481540,0x4A,gyro,0.000000,0.005859,-0.009766,
9.482614,0x4B,accel,9.621094,1.367188,-0.519531,
9.484915,0x4A,accel,8.707031,-3.738281,-0.296875,
9.485572,0x4B,gyro,0.003906,0.005859,-0.011719,
9.487204,0x4B,accel,9.656250,1.406250,-0.554688,
9.487857,0x4A,gyro,0.001953,0.003906,-0.007812,
9.489521,0x4A,accel,8.707031,-3.738281,-0.296875,
9.490169,0x4B,gyro,-0.001953,0.005859,-0.007812,
9.491855,0x4B,accel,9.621094,1.406250,-0.519531,
9.492492,0x4A,gyro,0.007812,0.005859,-0.007812,
9.493126,0x4B,accel,9.660156,1.445312,-0.480469,
9.494153,0x4A,accel,8.703125,-3.777344,-0.257812,
9.494770,0x4B,gyro,-0.001953,0.001953,-0.013672,
9.496978,0x4A,gyro,0.005859,0.005859,-0.007812,
9.498036,0x4B,accel,9.656250,1.445312,-0.519531,
9.499052,0x4A,accel,8.664062,-3.777344,-0.257812,
9.500296,0x4A,accel,8.707031,-3.738281,-0.222656,
9.501558,0x4B,gyro,0.000000,0.005859,-0.011719,
9.502636,0x4A,gyro,0.003906,0.007812,-0.007812,
9.503273,0x4B,accel,9.656250,1.484375,-0.480469,
9.504525,0x4A,accel,8.707031,-3.777344,-0.222656,
9.505173,0x4B,gyro,-0.001953,0.009766,-0.013672,
9.506829,0x4B,accel,9.656250,1.484375,-0.480469,
9.507470,0x4A,gyro,-0.001953,0.003906,-0.009766,
9.509302,0x4A,accel,8.664062,-3.738281,-0.257812,
9.509946,0x4B,accel,9.617188,1.484375,-0.480469,
9.511649,0x4B,gyro,0.001953,0.000000,-0.011719,
9.512269,0x4A,gyro,0.000000,0.001953,-0.013672,
9.513339,0x4B,accel,9.656250,1.484375,-0.480469,
9.514471,0x4A,accel,8.664062,-3.738281,-0.257812,
9.515160,0x4B,gyro,-0.001953,0.003906,-0.013672,
9.517318,0x4B,accel,9.660156,1.484375,-0.519531,
9.518407,0x4A,gyro,0.001953,0.003906,-0.005859,
9.519711,0x4A,accel,8.703125,-3.738281,-0.257812,
9.521032,0x4A,accel,8.746094,-3.777344,-0.296875,
9.522104,0x4B,gyro,-0.009766,0.001953,-0.009766,
9.523188,0x4A,gyro,0.003906,0.003906,-0.005859,
9.523829,0x4B,accel,9.617188,1.445312,-0.519531,
9.524826,0x4A,accel,8.703125,-3.777344,-0.257812,
9.525481,0x4B,gyro,-0.003906,0.001953,-0.013672,
9.527154,0x4B,accel,9.621094,1.484375,-0.519531,
9.527817,0x4A,gyro,0.001953,-0.001953,-0.007812,
9.529488,0x4A,accel,8.746094,-3.738281,-0.296875,
9.530134,0x4B,accel,9.660156,1.445312,-0.554688,
9.531815,0x4B,gyro,-0.003906,0.000000,-0.005859,
9.532458,0x4A,gyro,-0.003906,0.000000,-0.009766,
9.533465,0x4B,accel,9.660156,1.445312,-0.480469,
9.534521,0x4A,accel,8.742188,-3.777344,-0.257812,
9.535188,0x4B,gyro,-0.001953,0.001953,-0.007812,
9.537076,0x4B,accel,9.617188,1.445312,-0.519531,
9.538118,0x4A,gyro,-0.001953,0.000000,-0.007812,
9.539590,0x4A,accel,8.707031,-3.777344,-0.222656,
9.541955,0x4B,gyro,-0.001953,0.000000,-0.005859,
9.543086,0x4A,accel,8.703125,-3.738281,-0.257812,
9.543738,0x4B,accel,9.621094,1.484375,-0.519531,
9.544691,0x4A,gyro,-0.005859,0.000000,-0.007812,
9.545345,0x4B,gyro,0.003906,0.000000,-0.007812,
9.545992,0x4A,accel,8.746094,-3.777344,-0.222656,
9.546636,0x4B,accel,9.617188,1.445312,-0.519531,
9.547930,0x4B,accel,9.617188,1.445312,-0.519531,
9.549186,0x4A,gyro,-0.001953,0.000000,-0.005859,
9.549833,0x4B,gyro,0.001953,-0.005859,-0.005859,
9.550498,0x4A,accel,8.707031,-3.777344,-0.296875,
9.552167,0x4A,gyro,0.003906,0.000000,-0.005859,
9.553251,0x4B,accel,9.656250,1.484375,-0.554688,
9.554299,0x4A,accel,8.707031,-3.738281,-0.222656,
9.556754,0x4B,gyro,-0.001953,0.000000,-0.003906,
9.558110,0x4A,gyro,0.001953,0.001953,-0.007812,
9.558768,0x4B,accel,9.660156,1.484375,-0.593750,
9.559560,0x4A,accel,8.664062,-3.738281,-0.257812,
9.561822,0x4B,gyro,-0.001953,0.001953,-0.003906,
9.562998,0x4A,accel,8.664062,-3.777344,-0.257812,
9.563659,0x4B,accel,9.660156,1.484375,-0.632812,
9.564710,0x4A,gyro,-0.003906,-0.001953,-0.009766,
9.565368,0x4B,gyro,0.003906,0.003906,0.000000,
9.566008,0x4A,accel,8.707031,-3.816406,-0.257812,
9.566691,0x4B,accel,9.734375,1.406250,-0.671875,
9.568515,0x4B,accel,9.812500,1.292969,-0.671875,
9.569567,0x4A,gyro,0.000000,0.003906,-0.009766,
9.570219,0x4B,gyro,0.003906,0.005859,-0.001953,
9.570873,0x4A,accel,8.746094,-3.855469,-0.335938,
9.571512,0x4B,accel,9.777344,1.175781,-0.710938,
9.572166,0x4A,gyro,0.000000,0.000000,-0.017578,
9.574252,0x4A,accel,8.746094,-3.855469,-0.335938,
9.576624,0x4B,gyro,0.009766,0.013672,0.000000,
9.577291,0x4A,gyro,0.005859,0.011719,-0.025391,
9.578388,0x4B,accel,9.816406,1.136719,-0.710938,
9.579484,0x4A,accel,8.742188,-3.855469,-0.296875,
9.581755,0x4B,gyro,0.001953,0.013672,-0.003906,
9.582968,0x4A,accel,8.703125,-3.816406,-0.296875,
9.583631,0x4B,accel,9.812500,0.984375,-0.632812,
9.584734,0x4A,gyro,0.001953,0.015625,-0.035156,
9.585375,0x4B,gyro,0.005859,0.017578,-0.013672,
9.586014,0x4A,accel,8.628906,-3.855469,-0.257812,
9.586682,0x4B,accel,9.851562,0.984375,-0.519531,
9.588379,0x4B,accel,9.968750,0.792969,-0.441406,
9.589448,0x4A,gyro,-0.007812,0.017578,-0.048828,
9.590101,0x4B,gyro,0.007812,0.011719,-0.015625,
9.590752,0x4A,accel,8.890625,-3.894531,-0.296875,
9.592036,0x4B,accel,9.816406,0.945312,-0.289062,
9.593329,0x4A,gyro,0.001953,0.021484,-0.066406,
9.595062,0x4A,accel,8.707031,-3.855469,-0.257812,
9.595717,0x4B,gyro,0.019531,0.003906,-0.025391,
9.597384,0x4B,accel,9.617188,0.832031,-0.289062,
9.598510,0x4A,gyro,0.003906,0.021484,-0.078125,
9.599802,0x4A,accel,8.703125,-3.855469,-0.296875,
9.600446,0x4B,gyro,0.042969,0.001953,-0.035156,
9.601090,0x4A,accel,8.707031,-3.777344,-0.222656,
9.602157,0x4B,accel,9.617188,1.101562,-0.289062,
9.603204,0x4A,gyro,0.015625,0.019531,-0.078125,
9.603850,0x4B,accel,9.585938,1.332031,-0.324219,
9.604951,0x4A,accel,8.707031,-3.738281,-0.222656,
9.605601,0x4B,gyro,0.058594,0.000000,-0.039062,
9.607626,0x4A,gyro,0.015625,0.009766,-0.078125,
9.608573,0x4B,accel,9.511719,1.523438,-0.480469,
9.609634,0x4A,accel,8.664062,-3.703125,-0.257812,
9.610284,0x4B,gyro,0.058594,0.000000,-0.044922,
9.612148,0x4B,accel,9.550781,1.675781,-0.519531,
9.613497,0x4A,gyro,0.019531,0.011719,-0.076172,
9.615222,0x4A,accel,8.707031,-3.703125,-0.222656,
9.615874,0x4B,gyro,0.046875,-0.003906,-0.037109,
9.617520,0x4B,accel,9.550781,1.789062,-0.519531,
9.618623,0x4A,accel,8.667969,-3.703125,-0.222656,
9.619892,0x4A,gyro,0.011719,0.011719,-0.070312,
9.620538,0x4B,gyro,0.042969,-0.003906,-0.033203,
9.621183,0x4A,accel,8.667969,-3.703125,-0.222656,
9.622271,0x4B,accel,9.546875,1.867188,-0.441406,
9.623320,0x4A,gyro,0.013672,0.005859,-0.068359,
9.623962,0x4B,accel,9.472656,1.941406,-0.402344,
9.625056,0x4A,accel,8.703125,-3.703125,-0.257812,
9.625718,0x4B,gyro,0.037109,-0.005859,-0.029297,
9.627535,0x4B,accel,9.472656,1.906250,-0.480469,
9.628926,0x4A,gyro,0.003906,0.007812,-0.064453,
9.630341,0x4A,accel,8.667969,-3.664062,-0.222656,
9.631494,0x4B,gyro,0.031250,-0.007812,-0.017578,
9.633195,0x4B,accel,9.472656,1.941406,-0.519531,
9.634232,0x4A,gyro,0.003906,0.000000,-0.058594,
9.635509,0x4A,accel,8.664062,-3.625000,-0.257812,
9.636625,0x4B,gyro,0.023438,-0.011719,-0.005859,
9.637275,0x4A,gyro,0.005859,0.000000,-0.046875,
9.638232,0x4B,accel,9.429688,1.906250,-0.554688,
9.639283,0x4A,accel,8.664062,-3.664062,-0.257812,
9.639924,0x4B,accel,9.468750,1.867188,-0.593750,
9.640568,0x4A,accel,8.664062,-3.625000,-0.257812,
9.641658,0x4B,gyro,0.013672,-0.009766,0.000000,
9.642869,0x4A,gyro,0.000000,0.005859,-0.041016,
9.643519,0x4B,accel,9.507812,1.789062,-0.593750,
9.644781,0x4A,accel,8.664062,-3.664062,-0.257812,
9.646143,0x4B,gyro,0.003906,-0.009766,0.005859,
9.647818,0x4B,accel,9.507812,1.750000,-0.593750,
9.648992,0x4A,gyro,-0.005859,0.000000,-0.039062,
9.650424,0x4A,accel,8.703125,-3.664062,-0.257812,
9.651489,0x4B,gyro,-0.001953,-0.011719,0.015625,
9.653171,0x4B,accel,9.511719,1.675781,-0.554688,
9.654214,0x4A,gyro,0.000000,0.000000,-0.037109,
9.655677,0x4A,accel,8.664062,-3.703125,-0.257812,
9.656707,0x4B,gyro,0.005859,-0.005859,0.011719,
9.657344,0x4A,accel,8.625000,-3.703125,-0.257812,
9.658211,0x4B,accel,9.472656,1.597656,-0.519531,
9.659430,0x4A,gyro,-0.005859,0.003906,-0.035156,
9.660082,0x4B,accel,9.472656,1.558594,-0.480469,
9.660725,0x4A,accel,8.667969,-3.703125,-0.222656,
9.661816,0x4B,gyro,0.003906,-0.009766,0.019531,
9.663210,0x4A,gyro,-0.007812,0.003906,-0.037109,
9.663851,0x4B,accel,9.511719,1.523438,-0.441406,
9.664932,0x4A,accel,8.664062,-3.703125,-0.257812,
9.665582,0x4B,gyro,0.013672,-0.013672,0.027344,
9.667233,0x4B,accel,9.511719,1.484375,-0.441406,
9.667884,0x4A,gyro,-0.003906,0.000000,-0.031250,
9.669666,0x4A,accel,8.664062,-3.703125,-0.257812,
9.672017,0x4B,gyro,0.019531,-0.005859,0.017578,
9.672667,0x4A,gyro,-0.005859,-0.001953,-0.029297,
9.673665,0x4B,accel,9.546875,1.484375,-0.480469,
9.674729,0x4A,accel,8.707031,-3.703125,-0.222656,
9.675370,0x4B,accel,9.507812,1.484375,-0.519531,
9.677113,0x4B,gyro,0.011719,-0.011719,0.025391,
9.677760,0x4A,gyro,-0.001953,0.000000,-0.029297,
9.678805,0x4B,accel,9.472656,1.445312,-0.519531,
9.679730,0x4A,accel,8.664062,-3.703125,-0.257812,
9.681718,0x4B,gyro,0.019531,-0.007812,0.025391,
9.682364,0x4A,accel,8.664062,-3.703125,-0.257812,
9.683447,0x4B,accel,9.507812,1.445312,-0.480469,
9.684089,0x4A,gyro,0.000000,-0.005859,-0.029297,
9.685355,0x4A,accel,8.625000,-3.703125,-0.257812,
9.685995,0x4B,gyro,0.027344,-0.013672,0.027344,
9.687878,0x4B,accel,9.472656,1.484375,-0.441406,
9.689029,0x4A,gyro,0.005859,-0.003906,-0.025391,
9.690524,0x4A,accel,8.667969,-3.703125,-0.222656,
9.691622,0x4B,gyro,0.017578,-0.013672,0.027344,
9.693329,0x4B,accel,9.468750,1.523438,-0.402344,
9.694372,0x4A,gyro,0.001953,-0.001953,-0.021484,
9.695015,0x4B,accel,9.433594,1.523438,-0.363281,
9.695657,0x4A,accel,8.667969,-3.664062,-0.222656,
9.696775,0x4B,gyro,0.033203,-0.019531,0.029297,
9.697433,0x4A,gyro,0.005859,-0.007812,-0.021484,
9.698524,0x4B,accel,9.429688,1.558594,-0.441406,
9.699621,0x4A,accel,8.628906,-3.664062,-0.222656,
9.700267,0x4B,gyro,0.041016,-0.013672,0.025391,
9.701543,0x4B,accel,9.429688,1.597656,-0.363281,
9.702189,0x4A,accel,8.628906,-3.625000,-0.222656,
9.703812,0x4A,gyro,0.011719,-0.017578,-0.017578,
9.705097,0x4A,accel,8.585938,-3.664062,-0.257812,
9.707452,0x4B,gyro,0.039062,-0.021484,0.023438,
9.708100,0x4A,gyro,0.007812,-0.017578,-0.011719,
9.708931,0x4B,accel,9.390625,1.636719,-0.402344,
9.709977,0x4A,accel,8.625000,-3.664062,-0.257812,
9.710620,0x4B,accel,9.355469,1.636719,-0.402344,
9.712347,0x4B,gyro,0.031250,-0.021484,0.033203,
9.713718,0x4A,gyro,0.011719,-0.015625,-0.009766,
9.714360,0x4B,accel,9.394531,1.675781,-0.402344,
9.715450,0x4A,accel,8.625000,-3.625000,-0.257812,
9.716516,0x4B,gyro,0.037109,-0.023438,0.033203,
9.717161,0x4A,accel,8.628906,-3.625000,-0.222656,
9.718229,0x4B,accel,9.355469,1.675781,-0.441406,
9.719305,0x4A,gyro,0.005859,-0.017578,-0.003906,
9.720576,0x4A,accel,8.625000,-3.625000,-0.257812,
9.721313,0x4B,gyro,0.025391,-0.025391,0.042969,
9.722987,0x4B,accel,9.390625,1.675781,-0.480469,
9.723870,0x4A,gyro,0.007812,-0.025391,0.007812,
9.725476,0x4A,accel,8.664062,-3.664062,-0.257812,
9.726120,0x4B,gyro,0.029297,-0.023438,0.042969,
9.727795,0x4B,accel,9.394531,1.636719,-0.441406,
9.728435,0x4A,gyro,0.005859,-0.023438,0.005859,
9.730198,0x4A,accel,8.628906,-3.664062,-0.296875,
9.730848,0x4B,gyro,0.035156,-0.021484,0.044922,
9.732535,0x4B,accel,9.390625,1.636719,-0.519531,
9.733190,0x4A,gyro,0.005859,-0.025391,0.011719,
9.733833,0x4B,accel,9.351562,1.597656,-0.480469,
9.734909,0x4A,accel,8.625000,-3.664062,-0.257812,
9.736254,0x4B,gyro,0.037109,-0.031250,0.046875,
9.737922,0x4B,accel,9.394531,1.597656,-0.441406,
9.738967,0x4A,gyro,0.007812,-0.025391,0.011719,
9.740261,0x4A,accel,8.628906,-3.664062,-0.222656,
9.740923,0x4B,gyro,0.027344,-0.029297,0.054688,
9.741567,0x4A,accel,8.585938,-3.664062,-0.257812,
9.742640,0x4B,accel,9.394531,1.597656,-0.480469,
9.743731,0x4A,gyro,-0.001953,-0.025391,0.023438,
9.744989,0x4A,accel,8.589844,-3.664062,-0.296875,
9.745655,0x4B,gyro,0.025391,-0.031250,0.050781,
9.747315,0x4B,accel,9.394531,1.597656,-0.480469,
9.747963,0x4A,gyro,0.005859,-0.027344,0.019531,
9.749753,0x4A,accel,8.625000,-3.664062,-0.257812,
9.750393,0x4B,accel,9.390625,1.597656,-0.519531,
9.752148,0x4B,gyro,0.027344,-0.033203,0.050781,
9.752797,0x4A,gyro,0.000000,-0.031250,0.027344,
9.753808,0x4B,accel,9.355469,1.597656,-0.519531,
9.754869,0x4A,accel,8.664062,-3.703125,-0.257812,
9.757385,0x4B,gyro,0.019531,-0.035156,0.064453,
9.758677,0x4A,gyro,0.000000,-0.033203,0.027344,
9.759315,0x4B,accel,9.351562,1.597656,-0.554688,
9.760160,0x4A,accel,8.625000,-3.664062,-0.257812,
9.760803,0x4B,gyro,0.021484,-0.037109,0.064453,
9.761443,0x4A,accel,8.625000,-3.664062,-0.257812,
9.762537,0x4B,accel,9.394531,1.597656,-0.554688,
9.763829,0x4A,gyro,-0.001953,-0.037109,0.035156,
9.765091,0x4A,accel,8.589844,-3.664062,-0.296875,
9.765730,0x4B,gyro,0.027344,-0.033203,0.058594,
9.767443,0x4B,accel,9.355469,1.597656,-0.519531,
9.768096,0x4A,gyro,-0.001953,-0.035156,0.035156,
9.768762,0x4B,accel,9.355469,1.597656,-0.519531,
9.769836,0x4A,accel,8.585938,-3.664062,-0.257812,
9.770483,0x4B,gyro,0.023438,-0.044922,0.070312,
9.772762,0x4A,gyro,-0.005859,-0.035156,0.046875,
9.773858,0x4B,accel,9.390625,1.597656,-0.519531,
9.774933,0x4A,accel,8.628906,-3.664062,-0.296875,
9.775594,0x4B,gyro,0.019531,-0.033203,0.068359,
9.777529,0x4B,accel,9.355469,1.597656,-0.519531,
9.778717,0x4A,gyro,-0.005859,-0.037109,0.048828,
9.780198,0x4A,accel,8.628906,-3.703125,-0.296875,
9.780843,0x4B,gyro,0.013672,-0.033203,0.068359,
9.782504,0x4B,accel,9.351562,1.558594,-0.519531,
9.783810,0x4A,accel,8.589844,-3.664062,-0.296875,
9.785110,0x4A,gyro,-0.001953,-0.037109,0.054688,
9.785753,0x4B,gyro,0.017578,-0.044922,0.078125,
9.786391,0x4A,accel,8.628906,-3.664062,-0.296875,
9.787436,0x4B,accel,9.390625,1.558594,-0.554688,
9.788087,0x4A,gyro,-0.007812,-0.041016,0.054688,
9.789158,0x4B,accel,9.429688,1.523438,-0.554688,
9.790751,0x4A,accel,8.628906,-3.664062,-0.296875,
9.791996,0x4B,gyro,0.015625,-0.039062,0.074219,
9.792673,0x4A,gyro,-0.007812,-0.037109,0.052734,
9.793749,0x4B,accel,9.390625,1.484375,-0.554688,
9.794810,0x4A,accel,8.625000,-3.738281,-0.335938,
9.795475,0x4B,gyro,0.011719,-0.037109,0.074219,
9.797340,0x4B,accel,9.429688,1.445312,-0.593750,
9.798745,0x4A,gyro,-0.005859,-0.039062,0.062500,
9.800173,0x4A,accel,8.628906,-3.703125,-0.296875,
9.800816,0x4B,gyro,0.017578,-0.042969,0.078125,
9.801463,0x4A,accel,8.667969,-3.738281,-0.296875,
9.802582,0x4B,accel,9.468750,1.406250,-0.632812,
9.803881,0x4A,gyro,-0.001953,-0.037109,0.052734,
9.805172,0x4A,accel,8.628906,-3.738281,-0.296875,
9.805821,0x4B,accel,9.468750,1.406250,-0.593750,
9.807486,0x4B,gyro,0.013672,-0.044922,0.078125,
9.808192,0x4A,gyro,-0.001953,-0.041016,0.062500,
9.809148,0x4B,accel,9.468750,1.406250,-0.632812,
9.810228,0x4A,accel,8.628906,-3.738281,-0.296875,
9.810901,0x4B,gyro,0.019531,-0.037109,0.082031,
9.812776,0x4B,accel,9.507812,1.406250,-0.632812,
9.813982,0x4A,gyro,-0.003906,-0.037109,0.058594,
9.815641,0x4A,accel,8.628906,-3.777344,-0.296875,
9.816293,0x4B,gyro,0.021484,-0.037109,0.087891,
9.817968,0x4B,accel,9.433594,1.406250,-0.632812,
9.819312,0x4A,gyro,-0.011719,-0.039062,0.062500,
9.820572,0x4A,accel,8.625000,-3.738281,-0.335938,
9.821844,0x4B,gyro,0.019531,-0.039062,0.078125,
9.822492,0x4A,accel,8.628906,-3.738281,-0.296875,
9.823374,0x4B,accel,9.472656,1.406250,-0.671875,
9.824120,0x4A,gyro,-0.003906,-0.037109,0.054688,
9.825748,0x4A,accel,8.625000,-3.738281,-0.375000,
9.826391,0x4B,accel,9.511719,1.367188,-0.671875,
9.828377,0x4B,gyro,0.017578,-0.035156,0.083984,
9.829029,0x4A,gyro,-0.007812,-0.035156,0.052734,
9.829670,0x4B,accel,9.546875,1.332031,-0.632812,
9.830642,0x4A,accel,8.625000,-3.777344,-0.335938,
9.831521,0x4B,gyro,0.025391,-0.031250,0.089844,
9.833172,0x4B,accel,9.511719,1.406250,-0.671875,
9.834403,0x4A,gyro,-0.003906,-0.029297,0.054688,
9.835876,0x4A,accel,8.628906,-3.738281,-0.296875,
9.837045,0x4B,gyro,0.021484,-0.033203,0.091797,
9.837689,0x4A,accel,8.625000,-3.738281,-0.257812,
9.838769,0x4B,accel,9.550781,1.406250,-0.710938,
9.839852,0x4A,gyro,-0.005859,-0.033203,0.050781,
9.840505,0x4B,accel,9.507812,1.332031,-0.671875,
9.842192,0x4B,gyro,0.027344,-0.029297,0.089844,
9.843550,0x4A,accel,8.625000,-3.777344,-0.375000,
9.844193,0x4B,accel,9.550781,1.253906,-0.671875,
9.845356,0x4A,gyro,-0.011719,-0.027344,0.041016,
9.846002,0x4B,gyro,0.017578,-0.033203,0.093750,
9.846641,0x4A,accel,8.628906,-3.816406,-0.335938,
9.847287,0x4B,accel,9.589844,1.214844,-0.632812,
9.847934,0x4A,gyro,-0.001953,-0.023438,0.041016,
9.850019,0x4A,accel,8.628906,-3.816406,-0.375000,
9.852358,0x4B,gyro,0.015625,-0.027344,0.091797,
9.853013,0x4A,gyro,0.003906,-0.015625,0.033203,
9.854100,0x4B,accel,9.656250,1.253906,-0.632812,
9.855159,0x4A,accel,8.628906,-3.855469,-0.335938,
9.857483,0x4B,gyro,0.013672,-0.025391,0.093750,
9.858131,0x4A,gyro,-0.003906,-0.019531,0.013672,
9.858970,0x4B,accel,9.617188,1.214844,-0.632812,
9.860060,0x4A,accel,8.664062,-3.894531,-0.335938,
9.860703,0x4B,accel,9.656250,1.214844,-0.632812,
9.861346,0x4A,accel,8.667969,-3.855469,-0.335938,
9.862459,0x4B,gyro,0.013672,-0.027344,0.099609,
9.863737,0x4A,gyro,-0.001953,-0.017578,0.007812,
9.864389,0x4B,accel,9.660156,1.214844,-0.671875,
9.865515,0x4A,accel,8.667969,-3.855469,-0.375000,
9.866173,0x4B,gyro,0.015625,-0.027344,0.097656,
9.868032,0x4A,gyro,-0.003906,-0.011719,0.000000,
9.869112,0x4B,accel,9.660156,1.175781,-0.593750,
9.870178,0x4A,accel,8.589844,-3.855469,-0.335938,
9.872623,0x4B,gyro,0.015625,-0.031250,0.111328,
9.873273,0x4A,gyro,-0.001953,-0.013672,-0.009766,
9.874121,0x4B,accel,9.585938,1.175781,-0.632812,
9.875199,0x4A,accel,8.664062,-3.894531,-0.335938,
9.877507,0x4B,gyro,0.025391,-0.029297,0.111328,
9.878159,0x4A,gyro,0.003906,-0.011719,-0.029297,
9.878833,0x4B,accel,9.621094,1.175781,-0.593750,
9.879885,0x4A,accel,8.625000,-3.855469,-0.296875,
9.880528,0x4B,accel,9.621094,1.175781,-0.632812,
9.882200,0x4B,gyro,0.029297,-0.025391,0.109375,
9.883540,0x4A,accel,8.628906,-3.855469,-0.375000,
9.884181,0x4B,accel,9.617188,1.253906,-0.632812,
9.885428,0x4A,gyro,0.000000,-0.007812,-0.037109,
9.886080,0x4B,gyro,0.033203,-0.023438,0.115234,
9.886720,0x4A,accel,8.628906,-3.855469,-0.335938,
9.887835,0x4B,accel,9.589844,1.292969,-0.632812,
9.888488,0x4A,gyro,0.007812,-0.011719,-0.050781,
9.890267,0x4A,accel,8.667969,-3.855469,-0.335938,
9.892611,0x4B,gyro,0.033203,-0.027344,0.117188,
9.893264,0x4A,gyro,0.001953,-0.013672,-0.054688,
9.894161,0x4B,accel,9.617188,1.332031,-0.710938,
9.895229,0x4A,accel,8.664062,-3.855469,-0.296875,
9.895874,0x4B,accel,9.617188,1.292969,-0.710938,
9.897678,0x4B,gyro,0.039062,-0.027344,0.125000,
9.898965,0x4A,gyro,0.001953,-0.007812,-0.064453,
9.899613,0x4B,accel,9.617188,1.332031,-0.710938,
9.900450,0x4A,accel,8.667969,-3.816406,-0.375000,
9.902420,0x4B,gyro,0.041016,-0.019531,0.134766,
9.903060,0x4A,accel,8.667969,-3.816406,-0.375000,
9.904067,0x4B,accel,9.621094,1.406250,-0.746094,
9.904733,0x4A,gyro,-0.001953,-0.007812,-0.072266,
9.906001,0x4A,accel,8.667969,-3.855469,-0.375000,
9.906640,0x4B,gyro,0.033203,-0.015625,0.134766,
9.908567,0x4B,accel,9.621094,1.367188,-0.710938,
9.909848,0x4A,gyro,0.007812,0.000000,-0.087891,
9.911132,0x4A,accel,8.667969,-3.816406,-0.335938,
9.912174,0x4B,gyro,0.033203,-0.009766,0.142578,
9.912820,0x4A,gyro,0.009766,0.003906,-0.087891,
9.913915,0x4B,accel,9.660156,1.445312,-0.671875,
9.914983,0x4A,accel,8.628906,-3.855469,-0.257812,
9.915648,0x4B,accel,9.699219,1.406250,-0.671875,
9.917378,0x4B,gyro,0.031250,-0.007812,0.154297,
9.918019,0x4A,gyro,0.001953,0.003906,-0.105469,
9.919164,0x4B,accel,9.656250,1.406250,-0.671875,
9.920240,0x4A,accel,8.667969,-3.894531,-0.296875,
9.920921,0x4B,gyro,0.037109,-0.007812,0.162109,
9.921563,0x4A,accel,8.667969,-3.855469,-0.335938,
9.922936,0x4B,accel,9.699219,1.406250,-0.671875,
9.924011,0x4A,gyro,0.009766,0.003906,-0.117188,
9.925294,0x4A,accel,8.628906,-3.855469,-0.375000,
9.927647,0x4B,gyro,0.042969,-0.007812,0.181641,
9.928308,0x4A,gyro,0.007812,0.005859,-0.126953,
9.929261,0x4B,accel,9.695312,1.445312,-0.671875,
9.930337,0x4A,accel,8.707031,-3.855469,-0.375000,
9.932709,0x4B,gyro,0.039062,0.000000,0.193359,
9.933357,0x4A,gyro,0.009766,0.005859,-0.142578,
9.934014,0x4B,accel,9.738281,1.445312,-0.671875,
9.935062,0x4A,accel,8.781250,-3.894531,-0.375000,
9.935705,0x4B,accel,9.777344,1.445312,-0.671875,
9.937372,0x4B,gyro,0.035156,-0.001953,0.197266,
9.938026,0x4A,gyro,0.015625,0.009766,-0.156250,
9.939110,0x4B,accel,9.816406,1.406250,-0.671875,
9.940187,0x4A,accel,8.824219,-3.894531,-0.375000,
9.940847,0x4B,gyro,0.027344,0.003906,0.212891,
9.941494,0x4A,accel,8.863281,-3.929688,-0.375000,
9.942779,0x4B,accel,9.933594,1.367188,-0.710938,
9.943900,0x4A,gyro,0.005859,0.011719,-0.167969,
9.945181,0x4A,accel,9.351562,-3.968750,-0.488281,
9.947486,0x4B,gyro,0.021484,0.001953,0.218750,
9.948137,0x4A,gyro,0.015625,0.021484,-0.171875,
9.949198,0x4B,accel,9.777344,1.175781,-0.746094,
9.950253,0x4A,accel,9.312500,-3.585938,-0.488281,
9.950904,0x4B,accel,9.511719,1.062500,-0.785156,
9.952621,0x4B,gyro,0.033203,-0.001953,0.207031,
9.953274,0x4A,gyro,0.009766,0.025391,-0.134766,
9.954570,0x4B,accel,9.316406,0.718750,-0.785156,
9.955658,0x4A,accel,8.894531,-3.511719,-0.640625,
9.956306,0x4B,gyro,0.050781,0.000000,0.181641,
9.957568,0x4B,accel,9.312500,0.640625,-0.863281,
9.958211,0x4A,gyro,0.007812,0.023438,-0.115234,
9.960365,0x4A,accel,8.628906,-3.355469,-0.718750,
9.961016,0x4B,gyro,0.054688,-0.007812,0.164062,
9.961696,0x4A,accel,8.820312,-3.316406,-0.988281,
9.962779,0x4B,accel,9.316406,0.562500,-0.976562,
9.963898,0x4A,gyro,-0.007812,0.023438,-0.111328,
9.965649,0x4A,accel,8.820312,-3.394531,-1.023438,
9.966293,0x4B,gyro,0.068359,-0.015625,0.134766,
9.968173,0x4A,gyro,-0.037109,0.039062,-0.128906,
9.969147,0x4B,accel,9.546875,0.718750,-1.167969,
9.970221,0x4A,accel,8.863281,-3.472656,-0.988281,
9.970872,0x4B,accel,9.656250,0.910156,-1.246094,
9.972573,0x4B,gyro,0.054688,-0.021484,0.113281,
9.973223,0x4A,gyro,-0.072266,0.058594,-0.138672,
9.974294,0x4B,accel,9.855469,1.101562,-1.207031,
9.975350,0x4A,accel,8.824219,-3.703125,-0.757812,
9.977286,0x4B,gyro,0.021484,-0.035156,0.113281,
9.977972,0x4A,gyro,-0.109375,0.068359,-0.158203,
9.979055,0x4B,accel,9.890625,1.136719,-1.128906,
9.980120,0x4A,accel,9.312500,-3.738281,-0.871094,
9.982552,0x4B,gyro,-0.001953,-0.039062,0.101562,
9.983627,0x4A,accel,9.281250,-3.703125,-0.757812,
9.984284,0x4B,accel,9.812500,1.332031,-1.015625,
9.985681,0x4A,gyro,-0.138672,0.076172,-0.162109,
9.986326,0x4B,gyro,-0.021484,-0.042969,0.089844,
9.986971,0x4A,accel,8.933594,-3.585938,-0.871094,
9.988301,0x4B,accel,9.589844,1.253906,-1.093750,
9.988952,0x4A,gyro,-0.156250,0.082031,-0.162109,
9.989595,0x4B,accel,9.433594,1.214844,-1.015625,
9.990678,0x4A,accel,8.894531,-3.511719,-0.949219,
9.991857,0x4B,gyro,-0.041016,-0.054688,0.083984,
9.993842,0x4B,accel,9.617188,1.597656,-0.902344,
9.994884,0x4A,gyro,-0.171875,0.097656,-0.167969,
9.996147,0x4A,accel,9.242188,-3.664062,-0.718750,
9.996852,0x4B,gyro,-0.056641,-0.066406,0.076172,
9.997501,0x4A,gyro,-0.208984,0.105469,-0.150391,
9.998574,0x4B,accel,9.773438,1.636719,-0.976562,
9.999617,0x4A,accel,9.351562,-3.664062,-0.832031,
10.001513,0x4B,gyro,-0.091797,-0.070312,0.070312,
10.002166,0x4A,accel,9.046875,-3.703125,-0.796875,
10.003238,0x4B,accel,9.656250,1.636719,-0.976562,
10.004324,0x4A,gyro,-0.226562,0.101562,-0.144531,
10.005595,0x4A,accel,8.933594,-3.664062,-0.832031,
10.006253,0x4B,gyro,-0.115234,-0.080078,0.076172,
10.007917,0x4B,accel,9.433594,1.597656,-1.054688,
10.008856,0x4A,gyro,-0.244141,0.113281,-0.148438,
10.009730,0x4B,accel,9.238281,1.558594,-0.902344,
10.010820,0x4A,accel,8.785156,-3.511719,-0.910156,
10.011468,0x4B,gyro,-0.132812,-0.093750,0.082031,
10.012733,0x4B,accel,9.125000,1.828125,-0.863281,
10.013390,0x4A,gyro,-0.265625,0.115234,-0.144531,
10.015434,0x4A,accel,8.546875,-3.472656,-0.757812,
10.016078,0x4B,gyro,-0.169922,-0.101562,0.082031,
10.017898,0x4B,accel,8.816406,1.714844,-1.093750,
10.018998,0x4A,gyro,-0.312500,0.099609,-0.148438,
10.020651,0x4A,accel,8.625000,-3.394531,-1.101562,
10.021295,0x4B,gyro,-0.210938,-0.113281,0.087891,
10.022955,0x4B,accel,8.816406,1.828125,-1.054688,
10.024092,0x4A,accel,8.585938,-3.316406,-1.023438,
10.025376,0x4A,gyro,-0.335938,0.105469,-0.146484,
10.026667,0x4A,accel,8.589844,-3.203125,-1.179688,
10.027325,0x4B,gyro,-0.251953,-0.125000,0.085938,
10.027987,0x4A,gyro,-0.365234,0.087891,-0.128906,
10.029368,0x4B,accel,8.742188,1.750000,-0.902344,
10.030439,0x4A,accel,8.246094,-3.394531,-1.675781,
10.031080,0x4B,accel,8.664062,1.445312,-0.671875,
10.032335,0x4B,gyro,-0.275391,-0.138672,0.083984,
10.032998,0x4A,gyro,-0.371094,0.035156,-0.125000,
10.034064,0x4B,accel,8.429688,0.910156,-0.632812,
10.035107,0x4A,accel,7.898438,-3.585938,-2.210938,
10.037662,0x4B,gyro,-0.263672,-0.162109,0.097656,
10.038985,0x4A,gyro,-0.332031,-0.035156,-0.125000,
10.039649,0x4B,accel,8.359375,0.410156,-0.441406,
10.040731,0x4A,accel,7.742188,-3.738281,-2.558594,
10.041375,0x4B,gyro,-0.189453,-0.193359,0.105469,
10.042018,0x4A,accel,7.785156,-3.855469,-2.750000,
10.043104,0x4B,accel,8.363281,-0.085938,-0.210938,
10.044192,0x4A,gyro,-0.242188,-0.123047,-0.140625,
10.045492,0x4A,accel,7.820312,-4.007812,-3.015625,
10.046145,0x4B,accel,8.433594,-0.585938,-0.097656,
10.047820,0x4B,gyro,-0.068359,-0.220703,0.113281,
10.048949,0x4A,gyro,-0.126953,-0.250000,-0.146484,
10.049611,0x4B,accel,8.507812,-1.082031,-0.171875,
10.050676,0x4A,accel,7.781250,-4.160156,-3.363281,
10.051335,0x4B,gyro,0.087891,-0.248047,0.101562,
10.053103,0x4B,accel,8.585938,-1.656250,-0.363281,
10.054243,0x4A,gyro,0.031250,-0.386719,-0.148438,
10.055965,0x4A,accel,7.746094,-4.199219,-3.628906,
10.056618,0x4B,gyro,0.269531,-0.275391,0.091797,
10.058278,0x4B,accel,8.664062,-2.039062,-0.632812,
10.059398,0x4A,gyro,0.207031,-0.517578,-0.164062,
10.060905,0x4A,accel,8.203125,-4.312500,-3.398438,
10.061573,0x4B,accel,9.085938,-2.156250,-0.710938,
10.062223,0x4A,accel,8.824219,-4.582031,-3.054688,
10.063302,0x4B,gyro,0.458984,-0.304688,0.062500,
10.064376,0x4A,gyro,0.390625,-0.617188,-0.148438,
10.065014,0x4B,accel,9.355469,-2.117188,-0.824219,
10.066038,0x4A,accel,8.968750,-4.812500,-2.980469,
10.066696,0x4B,gyro,0.654297,-0.322266,0.013672,
10.068678,0x4B,accel,9.546875,-2.078125,-1.054688,
10.069332,0x4A,gyro,0.564453,-0.712891,-0.095703,
10.071027,0x4A,accel,8.933594,-4.890625,-2.902344,
10.071676,0x4B,gyro,0.837891,-0.337891,-0.037109,
10.073344,0x4B,accel,9.546875,-1.847656,-1.437500,
10.074563,0x4A,gyro,0.738281,-0.785156,-0.050781,
10.076049,0x4A,accel,8.824219,-4.734375,-2.789062,
10.076692,0x4B,gyro,1.019531,-0.341797,-0.072266,
10.078343,0x4B,accel,9.617188,-1.351562,-1.589844,
10.079479,0x4A,gyro,0.884766,-0.832031,-0.031250,
10.080961,0x4A,accel,8.664062,-4.582031,-2.441406,
10.081622,0x4B,accel,9.617188,-1.082031,-1.628906,
10.082272,0x4A,accel,8.589844,-4.351562,-2.175781,
10.083365,0x4B,gyro,1.156250,-0.345703,-0.087891,
10.084536,0x4A,gyro,1.013672,-0.894531,-0.025391,
10.085187,0x4B,accel,9.472656,-0.968750,-1.589844,
10.086149,0x4A,accel,8.441406,-4.007812,-1.945312,
10.086818,0x4B,gyro,1.275391,-0.335938,-0.099609,
10.088702,0x4A,gyro,1.132812,-0.943359,-0.041016,
10.089604,0x4B,accel,9.316406,-1.007812,-1.628906,
10.090672,0x4A,accel,8.093750,-3.777344,-1.828125,
10.093088,0x4B,gyro,1.390625,-0.332031,-0.115234,
10.094159,0x4A,gyro,1.226562,-0.988281,-0.076172,
10.094821,0x4B,accel,9.128906,-1.199219,-1.742188,
10.095898,0x4A,accel,7.941406,-3.546875,-1.792969,
10.096538,0x4B,gyro,1.496094,-0.318359,-0.132812,
10.098181,0x4B,accel,8.929688,-1.312500,-1.707031,
10.099407,0x4A,gyro,1.316406,-1.023438,-0.115234,
10.100046,0x4B,accel,8.785156,-1.429688,-1.781250,
10.100913,0x4A,accel,7.820312,-3.281250,-1.714844,
10.102066,0x4B,gyro,1.591797,-0.316406,-0.158203,
10.102716,0x4A,accel,7.785156,-3.203125,-1.636719,
10.103361,0x4B,accel,8.664062,-1.390625,-1.820312,
10.104437,0x4A,gyro,1.382812,-1.048828,-0.162109,
10.106097,0x4A,accel,7.781250,-3.164062,-1.484375,
10.106739,0x4B,gyro,1.685547,-0.302734,-0.193359,
10.108612,0x4A,gyro,1.433594,-1.058594,-0.195312,
10.109655,0x4B,accel,8.589844,-1.199219,-1.898438,
10.110731,0x4A,accel,7.785156,-3.203125,-1.371094,
10.113068,0x4B,gyro,1.751953,-0.296875,-0.228516,
10.114330,0x4A,gyro,1.480469,-1.058594,-0.230469,
10.114994,0x4B,accel,8.628906,-0.890625,-1.859375,
10.116087,0x4A,accel,7.898438,-3.281250,-1.140625,
10.116747,0x4B,accel,8.707031,-0.394531,-1.667969,
10.118402,0x4B,gyro,1.820312,-0.287109,-0.255859,
10.119546,0x4A,gyro,1.511719,-1.060547,-0.248047,
10.120180,0x4B,accel,8.781250,0.144531,-1.550781,
10.121000,0x4A,accel,7.976562,-3.433594,-0.871094,
10.122076,0x4B,gyro,1.859375,-0.281250,-0.273438,
10.122713,0x4A,accel,8.128906,-3.546875,-0.757812,
10.123885,0x4B,accel,8.851562,0.679688,-1.589844,
10.125044,0x4A,gyro,1.539062,-1.060547,-0.259766,
10.126321,0x4A,accel,8.246094,-3.664062,-0.605469,
10.126982,0x4B,gyro,1.886719,-0.273438,-0.263672,
10.128644,0x4B,accel,8.933594,1.136719,-1.550781,
10.129291,0x4A,gyro,1.558594,-1.060547,-0.259766,
10.131009,0x4A,accel,8.363281,-3.777344,-0.566406,
10.131658,0x4B,gyro,1.890625,-0.267578,-0.265625,
10.133305,0x4B,accel,8.929688,1.484375,-1.550781,
10.134538,0x4A,gyro,1.576172,-1.056641,-0.253906,
10.136203,0x4A,accel,8.363281,-3.777344,-0.566406,
10.136840,0x4B,accel,8.890625,1.714844,-1.589844,
10.138482,0x4B,gyro,1.882812,-0.259766,-0.242188,
10.139695,0x4A,gyro,1.576172,-1.048828,-0.232422,
10.140341,0x4B,accel,8.781250,1.828125,-1.589844,
10.141178,0x4A,accel,8.246094,-3.738281,-0.605469,
10.142282,0x4B,gyro,1.859375,-0.251953,-0.220703,
10.142932,0x4A,accel,8.207031,-3.664062,-0.679688,
10.144005,0x4B,accel,8.589844,1.828125,-1.550781,
10.144947,0x4A,gyro,1.560547,-1.046875,-0.210938,
10.146226,0x4A,accel,8.058594,-3.585938,-0.679688,
10.148094,0x4B,gyro,1.837891,-0.248047,-0.195312,
10.148755,0x4A,gyro,1.546875,-1.033203,-0.197266,
10.150454,0x4A,accel,7.976562,-3.585938,-0.718750,
10.152307,0x4B,gyro,1.802734,-0.253906,-0.171875,
10.152986,0x4A,gyro,1.505859,-1.025391,-0.166016,
10.153644,0x4B,accel,8.429688,1.906250,-1.550781,
10.154674,0x4A,accel,7.941406,-3.546875,-0.718750,
10.156828,0x4B,accel,8.320312,2.097656,-1.476562,
10.158715,0x4A,gyro,1.468750,-1.011719,-0.144531,
10.159925,0x4B,gyro,1.761719,-0.255859,-0.142578,
10.161023,0x4A,accel,7.976562,-3.511719,-0.605469,
10.161685,0x4B,accel,8.359375,2.363281,-1.476562,
10.162327,0x4A,accel,8.097656,-3.546875,-0.566406,
10.163629,0x4B,gyro,1.714844,-0.257812,-0.115234,
10.164700,0x4A,gyro,1.416016,-0.996094,-0.115234,
10.165371,0x4B,accel,8.398438,2.554688,-1.359375,
10.166373,0x4A,accel,8.093750,-3.546875,-0.488281,
10.167027,0x4B,gyro,1.660156,-0.263672,-0.091797,
10.168674,0x4B,accel,8.468750,2.671875,-1.398438,
10.169327,0x4A,gyro,1.363281,-0.974609,-0.076172,
10.171141,0x4A,accel,8.281250,-3.625000,-0.375000,
10.171808,0x4B,accel,8.625000,2.671875,-1.359375,
10.173494,0x4B,gyro,1.589844,-0.257812,-0.058594,
10.174639,0x4A,gyro,1.308594,-0.949219,-0.041016,
10.175277,0x4B,accel,8.746094,2.746094,-1.359375,
10.176267,0x4A,accel,8.359375,-3.664062,-0.257812,
10.177346,0x4B,gyro,1.521484,-0.257812,-0.025391,
10.179091,0x4B,accel,8.851562,2.746094,-1.320312,
10.180129,0x4A,gyro,1.257812,-0.925781,-0.011719,
10.181402,0x4A,accel,8.398438,-3.625000,-0.144531,
10.182050,0x4B,gyro,1.449219,-0.251953,-0.001953,
10.182703,0x4A,accel,8.480469,-3.585938,-0.027344,
10.183803,0x4B,accel,8.890625,2.710938,-1.359375,
10.184893,0x4A,gyro,1.201172,-0.892578,0.023438,
10.186521,0x4A,accel,8.476562,-3.546875,-0.027344,
10.187725,0x4B,gyro,1.369141,-0.240234,0.037109,
10.188395,0x4A,gyro,1.138672,-0.849609,0.050781,
10.189484,0x4B,accel,8.894531,2.671875,-1.398438,
10.190517,0x4A,accel,8.480469,-3.472656,0.046875,
10.191155,0x4B,accel,8.894531,2.593750,-1.437500,
10.192926,0x4B,gyro,1.292969,-0.236328,0.054688,
10.194290,0x4A,gyro,1.072266,-0.806641,0.072266,
10.194934,0x4B,accel,8.855469,2.554688,-1.476562,
10.196003,0x4A,accel,8.437500,-3.394531,0.046875,
10.196664,0x4B,gyro,1.218750,-0.226562,0.078125,
10.197926,0x4B,accel,8.851562,2.593750,-1.511719,
10.198587,0x4A,gyro,0.992188,-0.761719,0.095703,
10.200716,0x4A,accel,8.441406,-3.316406,0.046875,
10.203162,0x4B,gyro,1.132812,-0.222656,0.099609,
10.204205,0x4A,accel,8.441406,-3.281250,0.085938,
10.204864,0x4B,accel,8.812500,2.710938,-1.589844,
10.206202,0x4A,gyro,0.921875,-0.710938,0.109375,
10.206838,0x4B,gyro,1.048828,-0.210938,0.126953,
10.207475,0x4A,accel,8.480469,-3.242188,0.085938,
10.208731,0x4A,gyro,0.837891,-0.658203,0.134766,
10.209502,0x4B,accel,8.816406,2.824219,-1.628906,
10.211976,0x4B,accel,8.851562,2.937500,-1.667969,
10.213409,0x4B,gyro,0.953125,-0.203125,0.134766,
10.214067,0x4A,gyro,0.746094,-0.601562,0.148438,
10.215069,0x4B,accel,8.929688,3.015625,-1.628906,
10.215717,0x4A,accel,8.480469,-3.242188,0.085938,
10.217579,0x4B,gyro,0.849609,-0.193359,0.160156,
10.219214,0x4B,accel,8.929688,3.015625,-1.589844,
10.219847,0x4A,gyro,0.656250,-0.544922,0.167969,
10.221133,0x4A,accel,8.550781,-3.242188,0.125000,
10.221768,0x4B,gyro,0.748047,-0.175781,0.185547,
10.222409,0x4A,accel,8.589844,-3.242188,0.199219,
10.223463,0x4B,accel,9.050781,3.015625,-1.550781,
10.224516,0x4A,gyro,0.566406,-0.488281,0.187500,
10.225805,0x4A,accel,8.667969,-3.242188,0.199219,
10.227060,0x4A,accel,8.703125,-3.242188,0.164062,
10.227700,0x4B,gyro,0.636719,-0.179688,0.207031,
10.228361,0x4A,gyro,0.468750,-0.429688,0.205078,
10.229210,0x4B,accel,9.050781,3.015625,-1.550781,
10.230274,0x4A,accel,8.703125,-3.242188,0.085938,
10.230917,0x4B,accel,9.046875,3.015625,-1.511719,
10.232728,0x4B,gyro,0.531250,-0.162109,0.228516,
10.233378,0x4A,gyro,0.378906,-0.375000,0.226562,
10.234451,0x4B,accel,9.085938,2.976562,-1.511719,
10.235495,0x4A,accel,8.703125,-3.281250,0.085938,
10.238020,0x4B,gyro,0.425781,-0.160156,0.253906,
10.239368,0x4A,gyro,0.285156,-0.318359,0.244141,
10.240033,0x4B,accel,9.085938,2.863281,-1.511719,
10.241124,0x4A,accel,8.707031,-3.316406,0.007812,
10.241768,0x4B,gyro,0.328125,-0.154297,0.273438,
10.242416,0x4A,accel,8.664062,-3.316406,-0.066406,
10.243469,0x4B,accel,9.089844,2.785156,-1.550781,
10.244596,0x4A,gyro,0.199219,-0.265625,0.263672,
10.245877,0x4A,accel,8.628906,-3.316406,-0.144531,
10.246519,0x4B,accel,9.046875,2.746094,-1.550781,
10.248146,0x4B,gyro,0.226562,-0.150391,0.283203,
10.249308,0x4A,gyro,0.105469,-0.214844,0.277344,
10.250012,0x4B,accel,9.011719,2.671875,-1.476562,
10.251096,0x4A,accel,8.589844,-3.316406,-0.335938,
10.251748,0x4B,gyro,0.130859,-0.148438,0.302734,
10.253021,0x4B,accel,8.894531,2.519531,-1.320312,
10.253664,0x4A,gyro,0.017578,-0.167969,0.296875,
10.255772,0x4A,accel,8.511719,-3.316406,-0.375000,
10.256436,0x4B,gyro,0.041016,-0.144531,0.318359,
10.258230,0x4B,accel,8.812500,2.402344,-1.285156,
10.259444,0x4A,gyro,-0.058594,-0.136719,0.310547,
10.261170,0x4A,accel,8.437500,-3.281250,-0.449219,
10.261814,0x4B,gyro,-0.044922,-0.154297,0.330078,
10.263497,0x4B,accel,8.703125,2.289062,-1.207031,
10.264586,0x4A,accel,8.324219,-3.281250,-0.527344,
10.265847,0x4A,gyro,-0.136719,-0.095703,0.330078,
10.266485,0x4B,accel,8.628906,2.171875,-1.207031,
10.267124,0x4A,accel,8.207031,-3.281250,-0.566406,
10.268274,0x4B,gyro,-0.128906,-0.164062,0.347656,
10.269448,0x4A,gyro,-0.208984,-0.072266,0.335938,
10.270107,0x4B,accel,8.585938,2.058594,-1.207031,
10.271164,0x4A,accel,8.128906,-3.316406,-0.718750,
10.271842,0x4B,gyro,-0.201172,-0.167969,0.349609,
10.273660,0x4B,accel,8.507812,1.906250,-1.093750,
10.274705,0x4A,gyro,-0.281250,-0.050781,0.347656,
10.276414,0x4A,accel,8.058594,-3.316406,-0.757812,
10.277075,0x4B,gyro,-0.261719,-0.185547,0.376953,
10.278732,0x4B,accel,8.511719,1.828125,-1.054688,
10.279921,0x4A,gyro,-0.337891,-0.033203,0.351562,
10.281374,0x4A,accel,7.980469,-3.394531,-0.796875,
10.282019,0x4B,accel,8.511719,1.675781,-1.015625,
10.282667,0x4A,accel,7.980469,-3.472656,-0.757812,
10.283715,0x4B,gyro,-0.322266,-0.195312,0.380859,
10.284911,0x4A,gyro,-0.398438,-0.019531,0.359375,
10.285557,0x4B,accel,8.546875,1.558594,-1.015625,
10.286583,0x4A,accel,7.937500,-3.546875,-0.796875,
10.287243,0x4B,gyro,-0.373047,-0.203125,0.394531,
10.288491,0x4B,accel,8.589844,1.367188,-1.015625,
10.289131,0x4A,gyro,-0.451172,-0.013672,0.361328,
10.291148,0x4A,accel,7.976562,-3.625000,-0.832031,
10.291838,0x4B,gyro,-0.406250,-0.214844,0.408203,
10.293668,0x4B,accel,8.589844,1.292969,-0.976562,
10.294751,0x4A,gyro,-0.494141,-0.003906,0.361328,
10.296489,0x4A,accel,7.976562,-3.738281,-0.871094,
10.297155,0x4B,gyro,-0.441406,-0.230469,0.416016,
10.298809,0x4B,accel,8.589844,1.101562,-1.167969,
10.300002,0x4A,gyro,-0.527344,0.003906,0.373047,
10.301572,0x4A,accel,7.941406,-3.855469,-0.871094,
10.302255,0x4B,accel,8.664062,0.984375,-0.902344,
10.302913,0x4A,accel,7.980469,-4.046875,-0.871094,
10.303974,0x4B,gyro,-0.458984,-0.240234,0.425781,
10.305036,0x4A,gyro,-0.560547,0.005859,0.371094,
10.305685,0x4B,accel,8.707031,0.910156,-0.976562,
10.306654,0x4A,accel,7.898438,-4.199219,-0.910156,
10.307318,0x4B,gyro,-0.482422,-0.246094,0.431641,
10.309126,0x4B,accel,8.746094,0.792969,-0.937500,
10.309774,0x4A,gyro,-0.572266,0.005859,0.382812,
10.311443,0x4A,accel,7.902344,-4.312500,-0.871094,
10.312112,0x4B,gyro,-0.494141,-0.261719,0.453125,
10.313764,0x4B,accel,8.707031,0.718750,-0.863281,
10.315017,0x4A,gyro,-0.580078,0.001953,0.392578,
10.316457,0x4A,accel,7.898438,-4.390625,-0.910156,
10.317104,0x4B,gyro,-0.494141,-0.269531,0.466797,
10.318776,0x4B,accel,8.785156,0.527344,-0.785156,
10.319930,0x4A,gyro,-0.574219,-0.009766,0.404297,
10.320571,0x4B,accel,8.785156,0.335938,-0.746094,
10.321385,0x4A,accel,7.820312,-4.503906,-0.871094,
10.322674,0x4B,gyro,-0.476562,-0.279297,0.484375,
10.323328,0x4A,accel,7.785156,-4.660156,-0.832031,
10.323967,0x4B,accel,8.816406,0.144531,-0.710938,
10.325020,0x4A,gyro,-0.564453,-0.029297,0.421875,
10.326647,0x4A,accel,7.742188,-4.734375,-0.871094,
10.327926,0x4B,gyro,-0.453125,-0.275391,0.494141,
10.328606,0x4A,gyro,-0.535156,-0.046875,0.429688,
10.329667,0x4B,accel,8.816406,-0.050781,-0.746094,
10.330985,0x4A,accel,7.785156,-4.851562,-0.871094,
10.331632,0x4B,gyro,-0.421875,-0.289062,0.515625,
10.333323,0x4B,accel,8.816406,-0.242188,-0.710938,
10.334671,0x4A,gyro,-0.513672,-0.072266,0.433594,
10.336380,0x4A,accel,7.703125,-4.890625,-0.832031,
10.337036,0x4B,accel,8.855469,-0.433594,-0.710938,
10.338708,0x4B,gyro,-0.378906,-0.287109,0.527344,
10.339876,0x4A,gyro,-0.470703,-0.089844,0.443359,
10.340551,0x4B,accel,8.855469,-0.585938,-0.785156,
10.341499,0x4A,accel,7.707031,-4.925781,-0.796875,
10.342658,0x4B,gyro,-0.335938,-0.289062,0.527344,
10.343310,0x4A,accel,7.675781,-4.964844,-0.832031,
10.344543,0x4B,accel,8.894531,-0.699219,-0.710938,
10.345472,0x4A,gyro,-0.423828,-0.115234,0.455078,
10.347363,0x4B,gyro,-0.292969,-0.292969,0.535156,
10.348016,0x4A,accel,7.746094,-5.003906,-0.832031,
10.349046,0x4B,accel,8.933594,-0.890625,-0.710938,
10.349695,0x4A,gyro,-0.380859,-0.144531,0.464844,
10.351509,0x4A,accel,7.742188,-5.042969,-0.796875,
10.352143,0x4B,gyro,-0.228516,-0.291016,0.533203,
10.353841,0x4B,accel,9.007812,-0.929688,-0.710938,
10.355121,0x4A,gyro,-0.322266,-0.167969,0.464844,
10.356870,0x4A,accel,7.820312,-5.042969,-0.832031,
10.357583,0x4B,accel,9.050781,-0.968750,-0.671875,
10.359138,0x4B,gyro,-0.175781,-0.285156,0.537109,
10.360187,0x4A,gyro,-0.273438,-0.191406,0.472656,
10.360832,0x4B,accel,9.125000,-0.929688,-0.710938,
10.361670,0x4A,accel,7.824219,-5.042969,-0.796875,
10.362765,0x4B,gyro,-0.123047,-0.294922,0.529297,
10.363411,0x4A,accel,7.902344,-4.964844,-0.832031,
10.364488,0x4B,accel,9.207031,-1.007812,-0.710938,
10.365528,0x4A,gyro,-0.226562,-0.216797,0.478516,
10.366812,0x4A,accel,7.941406,-5.003906,-0.796875,
10.367523,0x4B,gyro,-0.062500,-0.287109,0.539062,
10.369239,0x4B,accel,9.203125,-0.929688,-0.710938,
10.370584,0x4A,gyro,-0.173828,-0.240234,0.468750,
10.371928,0x4A,accel,7.941406,-4.925781,-0.871094,
10.373123,0x4B,gyro,-0.007812,-0.285156,0.531250,
10.374369,0x4A,gyro,-0.136719,-0.259766,0.460938,
10.375102,0x4B,accel,9.238281,-0.929688,-0.746094,
10.376173,0x4A,accel,7.941406,-4.925781,-0.832031,
10.376831,0x4B,accel,9.273438,-0.851562,-0.785156,
10.378521,0x4B,gyro,0.033203,-0.289062,0.533203,
10.379783,0x4A,gyro,-0.095703,-0.277344,0.453125,
10.380442,0x4B,accel,9.273438,-0.851562,-0.902344,
10.381536,0x4A,accel,7.980469,-4.890625,-0.757812,
10.382199,0x4B,gyro,0.080078,-0.289062,0.525391,
10.382843,0x4A,accel,7.976562,-4.851562,-0.718750,
10.383980,0x4B,accel,9.273438,-0.738281,-0.863281,
10.385115,0x4A,gyro,-0.052734,-0.298828,0.445312,
10.386493,0x4A,accel,8.015625,-4.851562,-0.757812,
10.387159,0x4B,gyro,0.119141,-0.281250,0.529297,
10.388806,0x4B,accel,9.316406,-0.699219,-0.824219,
10.389574,0x4A,gyro,-0.015625,-0.312500,0.445312,
10.391383,0x4A,accel,7.976562,-4.773438,-0.605469,
10.392040,0x4B,accel,9.355469,-0.777344,-0.902344,
10.393726,0x4B,gyro,0.146484,-0.281250,0.533203,
10.394917,0x4A,gyro,0.017578,-0.324219,0.421875,
10.395571,0x4B,accel,9.429688,-0.738281,-0.863281,
10.396683,0x4A,accel,8.097656,-4.812500,-0.527344,
10.397847,0x4B,gyro,0.185547,-0.271484,0.525391,
10.399691,0x4B,accel,9.429688,-0.851562,-0.937500,
10.400770,0x4A,gyro,0.050781,-0.328125,0.414062,
10.402285,0x4A,accel,8.128906,-4.773438,-0.488281,
10.402967,0x4B,gyro,0.220703,-0.259766,0.519531,
10.403624,0x4A,accel,8.207031,-4.773438,-0.488281,
10.404659,0x4B,accel,9.507812,-0.738281,-1.015625,
10.405655,0x4A,gyro,0.082031,-0.335938,0.400391,
10.407540,0x4B,gyro,0.246094,-0.248047,0.525391,
10.408209,0x4A,accel,8.285156,-4.773438,-0.375000,
10.409757,0x4A,gyro,0.101562,-0.337891,0.396484,
10.411616,0x4A,accel,8.285156,-4.734375,-0.257812,
10.412349,0x4B,accel,9.660156,-0.738281,-1.015625,
10.414297,0x4A,gyro,0.134766,-0.332031,0.384766,
10.416059,0x4A,accel,8.402344,-4.773438,-0.257812,
10.416761,0x4B,gyro,0.267578,-0.232422,0.513672,
10.418037,0x4B,accel,9.738281,-0.660156,-1.054688,
10.418707,0x4A,gyro,0.158203,-0.320312,0.367188,
10.419373,0x4B,gyro,0.296875,-0.222656,0.505859,
10.420400,0x4A,accel,8.480469,-4.699219,-0.222656,
10.421091,0x4B,accel,9.777344,-0.660156,-1.054688,
10.422451,0x4B,gyro,0.306641,-0.199219,0.498047,
10.423097,0x4A,accel,8.585938,-4.582031,-0.183594,
10.424177,0x4B,accel,9.816406,-0.507812,-1.167969,
10.425303,0x4A,gyro,0.171875,-0.306641,0.357422,
10.426578,0x4A,accel,8.585938,-4.542969,-0.183594,
10.427232,0x4B,gyro,0.312500,-0.185547,0.494141,
10.428895,0x4B,accel,9.855469,-0.468750,-1.246094,
10.429548,0x4A,gyro,0.185547,-0.289062,0.339844,
10.431367,0x4A,accel,8.664062,-4.542969,-0.183594,
10.432011,0x4B,accel,9.851562,-0.355469,-1.320312,
10.433747,0x4B,gyro,0.324219,-0.164062,0.482422,
10.434893,0x4A,gyro,0.201172,-0.273438,0.330078,
10.435549,0x4B,accel,9.855469,-0.242188,-1.320312,
10.436617,0x4A,accel,8.742188,-4.503906,-0.144531,
10.437285,0x4B,gyro,0.314453,-0.146484,0.472656,
10.439124,0x4B,accel,9.855469,-0.164062,-1.437500,
10.440195,0x4A,gyro,0.201172,-0.250000,0.312500,
10.441799,0x4A,accel,8.707031,-4.390625,-0.183594,
10.442491,0x4B,gyro,0.302734,-0.128906,0.472656,
10.443155,0x4A,accel,8.781250,-4.390625,-0.222656,
10.444203,0x4B,accel,9.890625,-0.085938,-1.437500,
10.445275,0x4A,gyro,0.197266,-0.226562,0.300781,
10.446539,0x4A,accel,8.781250,-4.277344,-0.257812,
10.447183,0x4B,gyro,0.287109,-0.113281,0.458984,
10.448984,0x4B,accel,9.812500,-0.011719,-1.476562,
10.449685,0x4A,gyro,0.189453,-0.197266,0.289062,
10.450337,0x4B,accel,9.851562,0.066406,-1.437500,
10.451404,0x4A,accel,8.863281,-4.238281,-0.296875,
10.452045,0x4B,gyro,0.277344,-0.089844,0.447266,
10.455129,0x4A,gyro,0.177734,-0.175781,0.279297,
10.455841,0x4B,accel,9.777344,0.066406,-1.511719,
10.456803,0x4A,accel,8.785156,-4.199219,-0.335938,
10.457491,0x4B,gyro,0.255859,-0.082031,0.445312,
10.459190,0x4B,accel,9.699219,0.218750,-1.511719,
10.460235,0x4A,gyro,0.162109,-0.146484,0.265625,
10.461770,0x4A,accel,8.785156,-4.046875,-0.414062,
10.462414,0x4B,gyro,0.222656,-0.066406,0.431641,
10.463061,0x4A,accel,8.785156,-3.968750,-0.449219,
10.464156,0x4B,accel,9.621094,0.257812,-1.550781,
10.465319,0x4A,gyro,0.136719,-0.123047,0.255859,
10.466585,0x4A,accel,8.746094,-3.855469,-0.488281,
10.467235,0x4B,accel,9.546875,0.296875,-1.550781,
10.469004,0x4B,gyro,0.191406,-0.058594,0.419922,
10.469933,0x4A,gyro,0.107422,-0.093750,0.240234,
10.470650,0x4B,accel,9.472656,0.335938,-1.511719,
10.471749,0x4A,accel,8.667969,-3.738281,-0.566406,
10.472402,0x4B,gyro,0.156250,-0.050781,0.406250,
10.473679,0x4B,accel,9.394531,0.371094,-1.550781,
10.474329,0x4A,gyro,0.080078,-0.068359,0.226562,
10.476431,0x4A,accel,8.667969,-3.664062,-0.605469,
10.478865,0x4B,gyro,0.111328,-0.048828,0.388672,
10.480062,0x4A,gyro,0.042969,-0.048828,0.207031,
10.480724,0x4B,accel,9.355469,0.410156,-1.589844,
10.481793,0x4A,accel,8.628906,-3.585938,-0.640625,
10.482435,0x4B,gyro,0.076172,-0.042969,0.382812,
10.483098,0x4A,accel,8.625000,-3.546875,-0.679688,
10.484150,0x4B,accel,9.312500,0.449219,-1.589844,
10.485282,0x4A,gyro,-0.001953,-0.021484,0.193359,
10.486564,0x4A,accel,8.625000,-3.511719,-0.679688,
10.487217,0x4B,accel,9.312500,0.449219,-1.667969,
10.488891,0x4B,gyro,0.039062,-0.042969,0.367188,
10.489873,0x4A,gyro,-0.041016,-0.001953,0.169922,
10.490533,0x4B,accel,9.316406,0.410156,-1.667969,
10.491611,0x4A,accel,8.589844,-3.472656,-0.718750,
10.492259,0x4B,gyro,0.000000,-0.039062,0.363281,
10.494155,0x4B,accel,9.312500,0.371094,-1.742188,
10.495204,0x4A,gyro,-0.082031,0.019531,0.152344,
10.496812,0x4A,accel,8.585938,-3.433594,-0.718750,
10.499103,0x4B,gyro,-0.035156,-0.033203,0.343750,
10.500328,0x4A,gyro,-0.113281,0.042969,0.113281,
10.500988,0x4B,accel,9.351562,0.296875,-1.667969,
10.501858,0x4A,accel,8.585938,-3.394531,-0.718750,
10.502520,0x4B,accel,9.351562,0.105469,-1.667969,
10.503164,0x4A,accel,8.628906,-3.394531,-0.679688,
10.504215,0x4B,gyro,-0.080078,-0.027344,0.330078,
10.505354,0x4A,gyro,-0.148438,0.058594,0.083984,
10.506001,0x4B,accel,9.390625,-0.050781,-1.628906,
10.506667,0x4A,accel,8.664062,-3.433594,-0.757812,
10.507306,0x4B,gyro,-0.117188,-0.031250,0.312500,
10.510018,0x4A,gyro,-0.183594,0.082031,0.041016,
10.510684,0x4B,accel,9.316406,-0.164062,-1.707031,
10.511758,0x4A,accel,8.625000,-3.472656,-0.796875,
10.512414,0x4B,gyro,-0.152344,-0.021484,0.292969,
10.514179,0x4B,accel,9.273438,-0.355469,-1.781250,
10.515489,0x4A,gyro,-0.224609,0.103516,0.005859,
10.516911,0x4A,accel,8.546875,-3.472656,-0.832031,
10.517587,0x4B,gyro,-0.177734,-0.023438,0.269531,
10.519243,0x4B,accel,9.203125,-0.468750,-1.781250,
10.520287,0x4A,gyro,-0.251953,0.121094,-0.019531,
10.521853,0x4A,accel,8.511719,-3.546875,-0.910156,
10.522499,0x4B,accel,9.125000,-0.507812,-1.742188,
10.523137,0x4A,accel,8.476562,-3.625000,-0.949219,
10.524214,0x4B,gyro,-0.193359,-0.015625,0.236328,
10.525420,0x4A,gyro,-0.269531,0.142578,-0.054688,
10.526060,0x4B,accel,9.046875,-0.507812,-1.820312,
10.526710,0x4A,accel,8.398438,-3.664062,-0.988281,
10.528674,0x4B,gyro,-0.212891,-0.015625,0.207031,
10.530039,0x4A,gyro,-0.283203,0.158203,-0.064453,
10.530704,0x4B,accel,9.007812,-0.507812,-1.781250,
10.531763,0x4A,accel,8.324219,-3.777344,-0.910156,
10.534192,0x4B,gyro,-0.222656,-0.011719,0.181641,
10.535237,0x4A,gyro,-0.292969,0.169922,-0.080078,
10.535889,0x4B,accel,9.007812,-0.468750,-1.742188,
10.536901,0x4A,accel,8.324219,-3.968750,-0.832031,
10.537555,0x4B,gyro,-0.224609,0.001953,0.164062,
10.539198,0x4B,accel,8.972656,-0.394531,-1.589844,
10.540438,0x4A,gyro,-0.298828,0.181641,-0.091797,
10.541904,0x4A,accel,8.246094,-4.085938,-0.796875,
10.542569,0x4B,accel,8.929688,-0.433594,-1.589844,
10.543215,0x4A,accel,8.246094,-4.199219,-0.832031,
10.544255,0x4B,gyro,-0.242188,0.005859,0.152344,
10.545528,0x4A,gyro,-0.296875,0.185547,-0.101562,
10.546207,0x4B,accel,8.894531,-0.433594,-1.550781,
10.546863,0x4A,accel,8.242188,-4.277344,-0.832031,
10.549337,0x4B,gyro,-0.244141,0.009766,0.138672,
10.550042,0x4A,gyro,-0.285156,0.189453,-0.103516,
10.550800,0x4B,accel,8.890625,-0.468750,-1.476562,
10.551874,0x4A,accel,8.207031,-4.351562,-0.796875,
10.554312,0x4B,gyro,-0.232422,0.017578,0.128906,
10.555447,0x4A,gyro,-0.279297,0.185547,-0.089844,
10.556104,0x4B,accel,8.855469,-0.468750,-1.320312,
10.556895,0x4A,accel,8.164062,-4.468750,-0.757812,
10.557544,0x4B,accel,8.812500,-0.625000,-1.398438,
10.559258,0x4B,gyro,-0.234375,0.029297,0.115234,
10.560381,0x4A,gyro,-0.261719,0.181641,-0.083984,
10.561027,0x4B,accel,8.816406,-0.660156,-1.437500,
10.561908,0x4A,accel,8.128906,-4.582031,-0.796875,
10.563171,0x4B,gyro,-0.220703,0.037109,0.105469,
10.563826,0x4A,accel,8.097656,-4.660156,-0.757812,
10.565113,0x4B,accel,8.785156,-0.738281,-1.437500,
10.566053,0x4A,gyro,-0.230469,0.179688,-0.076172,
10.567927,0x4B,gyro,-0.199219,0.046875,0.097656,
10.568582,0x4A,accel,8.093750,-4.734375,-0.718750,
10.569636,0x4B,accel,8.781250,-0.816406,-1.437500,
10.570286,0x4A,gyro,-0.203125,0.169922,-0.060547,
10.571911,0x4A,accel,8.097656,-4.699219,-0.679688,
10.574362,0x4B,gyro,-0.179688,0.058594,0.093750,
10.575521,0x4A,gyro,-0.171875,0.169922,-0.048828,
10.576168,0x4B,accel,8.851562,-0.890625,-1.437500,
10.576959,0x4A,accel,8.054688,-4.773438,-0.679688,
10.577614,0x4B,accel,8.894531,-0.929688,-1.476562,
10.579324,0x4B,gyro,-0.150391,0.074219,0.080078,
10.580465,0x4A,gyro,-0.136719,0.162109,-0.044922,
10.581122,0x4B,accel,9.007812,-0.968750,-1.550781,
10.581944,0x4A,accel,7.863281,-4.734375,-0.640625,
10.583922,0x4B,gyro,-0.128906,0.087891,0.083984,
10.584561,0x4A,accel,7.824219,-4.812500,-0.796875,
10.585621,0x4B,accel,9.046875,-1.007812,-1.589844,
10.586306,0x4A,gyro,-0.109375,0.166016,-0.072266,
10.588186,0x4B,gyro,-0.117188,0.093750,0.095703,
10.588836,0x4A,accel,7.820312,-4.812500,-0.832031,
10.590096,0x4B,accel,8.972656,-1.042969,-1.628906,
10.591170,0x4A,gyro,-0.074219,0.166016,-0.111328,
10.592434,0x4A,accel,7.671875,-4.660156,-0.949219,
10.593739,0x4B,gyro,-0.093750,0.107422,0.105469,
10.594378,0x4A,gyro,-0.052734,0.162109,-0.146484,
10.595441,0x4B,accel,8.851562,-1.042969,-1.550781,
10.596520,0x4A,accel,7.675781,-4.621094,-0.988281,
10.597171,0x4B,accel,8.703125,-1.082031,-1.550781,
10.598875,0x4B,gyro,-0.080078,0.117188,0.115234,
10.600180,0x4A,gyro,-0.025391,0.158203,-0.197266,
10.600852,0x4B,accel,8.585938,-1.121094,-1.550781,
10.601938,0x4A,accel,7.558594,-4.503906,-1.062500,
10.602606,0x4B,gyro,-0.056641,0.128906,0.117188,
10.603249,0x4A,accel,7.480469,-4.429688,-1.214844,
10.604509,0x4B,accel,8.472656,-1.238281,-1.476562,
10.605607,0x4A,gyro,-0.001953,0.154297,-0.232422,
10.606885,0x4A,accel,7.398438,-4.390625,-1.292969,
10.609147,0x4B,gyro,-0.039062,0.126953,0.119141,
10.610177,0x4A,gyro,0.015625,0.144531,-0.283203,
10.610837,0x4B,accel,8.363281,-1.238281,-1.476562,
10.611890,0x4A,accel,7.320312,-4.351562,-1.410156,
10.614234,0x4B,gyro,-0.019531,0.125000,0.125000,
10.615352,0x4A,gyro,0.031250,0.142578,-0.312500,
10.616009,0x4B,accel,8.246094,-1.199219,-1.550781,
10.617031,0x4A,accel,7.292969,-4.390625,-1.445312,
10.618314,0x4B,accel,8.207031,-1.082031,-1.589844,
10.618960,0x4A,gyro,0.041016,0.126953,-0.351562,
10.620208,0x4B,gyro,-0.005859,0.128906,0.119141,
10.621274,0x4A,accel,7.289062,-4.429688,-1.523438,
10.621922,0x4B,accel,8.128906,-1.007812,-1.589844,
10.623180,0x4B,gyro,0.011719,0.126953,0.128906,
10.623829,0x4A,gyro,0.056641,0.123047,-0.376953,
10.624960,0x4B,accel,8.085938,-0.929688,-1.476562,
10.626059,0x4A,accel,7.324219,-4.468750,-1.484375,
10.627953,0x4B,gyro,0.017578,0.117188,0.130859,
10.628613,0x4A,accel,7.398438,-4.468750,-1.484375,
10.629666,0x4B,accel,8.089844,-0.851562,-1.437500,
10.630325,0x4A,gyro,0.068359,0.105469,-0.392578,
10.632041,0x4A,accel,7.363281,-4.542969,-1.445312,
10.632680,0x4B,accel,8.167969,-0.777344,-1.437500,
10.634425,0x4B,gyro,0.029297,0.117188,0.130859,
10.635551,0x4A,gyro,0.078125,0.091797,-0.408203,
10.636202,0x4B,accel,8.167969,-0.738281,-1.511719,
10.637023,0x4A,accel,7.441406,-4.660156,-1.523438,
10.639069,0x4B,gyro,0.050781,0.111328,0.146484,
10.639710,0x4A,gyro,0.099609,0.082031,-0.416016,
10.640753,0x4B,accel,8.203125,-0.777344,-1.550781,
10.641830,0x4A,accel,7.558594,-4.699219,-1.484375,
10.644317,0x4B,gyro,0.068359,0.111328,0.162109,
10.645357,0x4A,gyro,0.123047,0.062500,-0.416016,
10.646017,0x4B,accel,8.164062,-0.699219,-1.511719,
10.646705,0x4A,accel,7.476562,-4.660156,-1.445312,
10.647953,0x4A,accel,7.437500,-4.773438,-1.484375,
10.648608,0x4B,gyro,0.080078,0.105469,0.169922,
10.649264,0x4A,gyro,0.146484,0.054688,-0.419922,
10.650352,0x4B,accel,8.207031,-0.777344,-1.511719,
10.651390,0x4A,accel,7.476562,-4.734375,-1.484375,
10.652041,0x4B,accel,8.164062,-0.699219,-1.589844,
10.653837,0x4B,gyro,0.091797,0.105469,0.183594,
10.654559,0x4A,gyro,0.164062,0.044922,-0.423828,
10.655693,0x4B,accel,8.128906,-0.738281,-1.589844,
10.656764,0x4A,accel,7.476562,-4.699219,-1.484375,
10.657407,0x4B,gyro,0.109375,0.107422,0.197266,
10.659451,0x4A,gyro,0.181641,0.029297,-0.419922,
10.660550,0x4B,accel,8.125000,-0.777344,-1.550781,
10.661644,0x4A,accel,7.476562,-4.660156,-1.410156,
10.664110,0x4B,gyro,0.125000,0.103516,0.212891,
10.665154,0x4A,gyro,0.201172,0.017578,-0.416016,
10.665811,0x4B,accel,8.207031,-0.699219,-1.550781,
10.666618,0x4A,accel,7.402344,-4.621094,-1.371094,
10.668496,0x4B,gyro,0.134766,0.107422,0.230469,
10.669145,0x4A,accel,7.593750,-4.582031,-1.445312,
10.670248,0x4B,accel,8.207031,-0.777344,-1.589844,
10.671581,0x4A,gyro,0.226562,0.007812,-0.431641,
10.672235,0x4B,accel,8.285156,-0.738281,-1.628906,
10.672890,0x4A,accel,7.554688,-4.429688,-1.410156,
10.673957,0x4B,gyro,0.152344,0.103516,0.242188,
10.674599,0x4A,gyro,0.234375,0.000000,-0.429688,
10.675692,0x4B,accel,8.363281,-0.816406,-1.742188,
10.676763,0x4A,accel,7.519531,-4.351562,-1.410156,
10.677435,0x4B,gyro,0.169922,0.107422,0.250000,
10.679304,0x4B,accel,8.363281,-0.851562,-1.820312,
10.680380,0x4A,gyro,0.246094,-0.005859,-0.445312,
10.682124,0x4A,accel,7.597656,-4.312500,-1.484375,
10.682768,0x4B,gyro,0.183594,0.105469,0.269531,
10.683450,0x4A,accel,7.593750,-4.199219,-1.484375,
10.684496,0x4B,accel,8.402344,-0.816406,-1.859375,
10.685617,0x4A,gyro,0.255859,-0.003906,-0.482422,
10.686891,0x4A,accel,7.632812,-3.968750,-1.562500,
10.687546,0x4B,gyro,0.187500,0.105469,0.279297,
10.689238,0x4B,accel,8.398438,-0.851562,-1.859375,
10.690317,0x4A,gyro,0.257812,-0.003906,-0.501953,
10.691126,0x4B,accel,8.359375,-0.929688,-1.820312,
10.692130,0x4A,accel,7.636719,-3.855469,-1.636719,
10.692776,0x4B,gyro,0.197266,0.105469,0.281250,
10.694780,0x4A,gyro,0.251953,-0.005859,-0.533203,
10.695856,0x4B,accel,8.285156,-0.968750,-1.820312,
10.696940,0x4A,accel,7.636719,-3.703125,-1.675781,
10.699293,0x4B,gyro,0.205078,0.097656,0.285156,
10.700491,0x4A,gyro,0.244141,0.000000,-0.582031,
10.701154,0x4B,accel,8.242188,-1.007812,-1.859375,
10.702200,0x4A,accel,7.597656,-3.546875,-1.792969,
10.702859,0x4B,gyro,0.210938,0.093750,0.285156,
10.703505,0x4A,accel,7.707031,-3.511719,-1.828125,
10.704555,0x4B,accel,8.207031,-1.042969,-1.972656,
10.705730,0x4A,gyro,0.224609,0.000000,-0.619141,
10.707608,0x4B,accel,8.125000,-1.082031,-1.933594,
10.708251,0x4A,accel,7.742188,-3.433594,-1.828125,
10.709330,0x4B,gyro,0.203125,0.082031,0.267578,
10.710491,0x4A,gyro,0.208984,0.001953,-0.644531,
10.711150,0x4B,accel,8.050781,-1.007812,-1.933594,
10.712179,0x4A,accel,7.558594,-3.394531,-1.792969,
10.712843,0x4B,gyro,0.197266,0.080078,0.255859,
10.714737,0x4B,accel,8.125000,-0.816406,-2.011719,
10.715786,0x4A,gyro,0.187500,0.009766,-0.671875,
10.717263,0x4A,accel,7.671875,-3.585938,-1.906250,
10.719654,0x4B,gyro,0.187500,0.064453,0.251953,
10.720800,0x4A,gyro,0.167969,0.009766,-0.691406,
10.721448,0x4B,accel,8.164062,-0.507812,-1.898438,
10.722240,0x4A,accel,7.824219,-3.625000,-1.828125,
10.722885,0x4B,accel,8.246094,-0.355469,-2.050781,
10.723525,0x4A,accel,8.019531,-3.664062,-1.675781,
10.724601,0x4B,gyro,0.181641,0.064453,0.250000,
10.725751,0x4A,gyro,0.152344,0.007812,-0.708984,
10.726391,0x4B,accel,8.203125,-0.125000,-1.859375,
10.727059,0x4A,accel,8.015625,-3.703125,-1.601562,
10.727704,0x4B,gyro,0.169922,0.060547,0.259766,
10.729598,0x4A,gyro,0.154297,0.011719,-0.697266,
10.730655,0x4B,accel,8.246094,-0.085938,-1.820312,
10.731707,0x4A,accel,7.980469,-3.816406,-1.601562,
10.732354,0x4B,gyro,0.150391,0.052734,0.267578,
10.733607,0x4B,accel,8.285156,-0.011719,-1.742188,
10.734759,0x4A,gyro,0.154297,0.005859,-0.687500,
10.736869,0x4A,accel,7.976562,-3.894531,-1.601562,
10.739348,0x4B,gyro,0.144531,0.056641,0.277344,
10.740510,0x4A,gyro,0.164062,-0.001953,-0.687500,
10.741177,0x4B,accel,8.324219,-0.050781,-1.781250,
10.742260,0x4A,accel,8.015625,-3.894531,-1.601562,
10.742918,0x4B,accel,8.320312,-0.011719,-1.742188,
10.744617,0x4B,gyro,0.134766,0.050781,0.296875,
10.745734,0x4A,accel,8.097656,-3.816406,-1.523438,
10.746378,0x4B,accel,8.324219,-0.125000,-1.742188,
10.747035,0x4A,gyro,0.173828,-0.007812,-0.679688,
10.748293,0x4A,accel,8.125000,-3.777344,-1.562500,
10.749112,0x4B,gyro,0.138672,0.050781,0.318359,
10.749759,0x4A,gyro,0.183594,-0.017578,-0.662109,
10.750806,0x4B,accel,8.281250,-0.242188,-1.781250,
10.751887,0x4A,accel,8.019531,-3.664062,-1.523438,
10.752537,0x4B,gyro,0.138672,0.050781,0.332031,
10.754461,0x4B,accel,8.363281,-0.468750,-1.820312,
10.755523,0x4A,gyro,0.193359,-0.029297,-0.654297,
10.757243,0x4A,accel,8.015625,-3.625000,-1.601562,
10.759574,0x4B,gyro,0.144531,0.050781,0.341797,
10.760768,0x4A,gyro,0.201172,-0.035156,-0.660156,
10.761412,0x4B,accel,8.433594,-0.625000,-1.933594,
10.762255,0x4A,accel,8.019531,-3.472656,-1.601562,
10.762906,0x4B,accel,8.398438,-0.699219,-2.011719,
10.763550,0x4A,accel,8.019531,-3.355469,-1.753906,
10.764623,0x4B,gyro,0.146484,0.046875,0.343750,
10.765810,0x4A,gyro,0.193359,-0.035156,-0.679688,
10.766461,0x4B,accel,8.429688,-0.777344,-2.089844,
10.768357,0x4A,accel,8.015625,-3.203125,-1.714844,
10.769010,0x4B,gyro,0.152344,0.052734,0.355469,
10.769674,0x4A,gyro,0.195312,-0.035156,-0.701172,
10.770724,0x4B,accel,8.402344,-0.777344,-2.089844,
10.771775,0x4A,accel,8.164062,-3.125000,-1.792969,
10.774278,0x4B,gyro,0.142578,0.046875,0.357422,
10.774945,0x4A,gyro,0.175781,-0.035156,-0.730469,
10.776048,0x4B,accel,8.398438,-0.777344,-2.050781,
10.777128,0x4A,accel,8.125000,-2.933594,-1.714844,
10.779476,0x4B,gyro,0.136719,0.046875,0.347656,
10.780735,0x4A,gyro,0.169922,-0.027344,-0.744141,
10.781382,0x4B,accel,8.433594,-0.777344,-2.050781,
10.782332,0x4A,accel,8.125000,-2.933594,-1.792969,
10.782979,0x4B,accel,8.468750,-0.738281,-2.125000,
10.783623,0x4A,accel,8.125000,-2.933594,-1.792969,
10.784581,0x4B,gyro,0.128906,0.039062,0.347656,
10.785844,0x4A,gyro,0.140625,-0.019531,-0.783203,
10.786482,0x4B,accel,8.550781,-0.625000,-2.164062,
10.788356,0x4A,accel,8.398438,-2.972656,-1.906250,
10.789702,0x4B,gyro,0.113281,0.041016,0.353516,
10.790358,0x4A,gyro,0.128906,-0.011719,-0.826172,
10.791231,0x4B,accel,8.585938,-0.507812,-2.050781,
10.793744,0x4B,gyro,0.093750,0.035156,0.349609,
10.794384,0x4A,accel,8.550781,-2.820312,-1.828125,
10.795478,0x4B,accel,8.472656,-0.585938,-2.011719,
10.797948,0x4B,gyro,0.076172,0.031250,0.326172,
10.799621,0x4B,accel,8.402344,-0.468750,-1.972656,
10.800256,0x4A,gyro,0.115234,-0.007812,-0.826172,
10.801478,0x4B,accel,8.402344,-0.585938,-1.972656,
10.802844,0x4A,gyro,0.080078,-0.007812,-0.824219,
10.802852,0x4A,accel,8.363281,-2.589844,-1.714844,
10.803514,0x4B,gyro,0.070312,0.023438,0.335938,
10.804162,0x4A,accel,8.242188,-2.859375,-1.714844,
10.805440,0x4B,accel,8.402344,-0.433594,-1.972656,
10.806540,0x4A,accel,8.511719,-3.050781,-1.828125,
10.807787,0x4A,gyro,0.080078,-0.003906,-0.837891,
10.808578,0x4B,gyro,0.056641,0.017578,0.328125,
10.809253,0x4A,accel,8.480469,-2.820312,-1.675781,
10.810300,0x4B,accel,8.468750,-0.355469,-2.011719,
10.810959,0x4A,gyro,0.066406,-0.003906,-0.822266,
10.812589,0x4A,accel,8.359375,-2.898438,-1.636719,
10.813235,0x4B,gyro,0.048828,0.017578,0.320312,
10.814899,0x4B,accel,8.546875,-0.394531,-1.972656,
10.816194,0x4A,gyro,0.056641,-0.005859,-0.822266,
10.817665,0x4A,accel,8.441406,-3.011719,-1.675781,
10.818321,0x4B,accel,8.589844,-0.433594,-1.972656,
10.819996,0x4B,gyro,0.031250,0.011719,0.335938,
10.821159,0x4A,gyro,0.056641,-0.005859,-0.828125,
10.821800,0x4B,accel,8.625000,-0.468750,-1.859375,
10.822612,0x4A,accel,8.511719,-2.933594,-1.675781,
10.823759,0x4B,gyro,0.021484,0.015625,0.337891,
10.824417,0x4A,accel,8.480469,-2.781250,-1.562500,
10.825482,0x4B,accel,8.667969,-0.625000,-1.820312,
10.826597,0x4A,gyro,0.058594,-0.011719,-0.830078,
10.828476,0x4B,gyro,0.017578,0.017578,0.345703,
10.829125,0x4A,gyro,0.056641,-0.009766,-0.857422,
10.830165,0x4B,accel,8.703125,-0.738281,-1.898438,
10.830813,0x4A,accel,8.398438,-2.820312,-1.523438,
10.832390,0x4A,accel,8.742188,-2.820312,-1.675781,
10.833030,0x4B,accel,8.703125,-0.929688,-1.972656,
10.834978,0x4B,gyro,0.017578,0.017578,0.361328,
10.836029,0x4A,gyro,0.058594,-0.007812,-0.882812,
10.836670,0x4B,accel,8.550781,-0.929688,-1.972656,
10.837465,0x4A,accel,8.628906,-2.398438,-1.523438,
10.838828,0x4B,gyro,0.013672,0.011719,0.337891,
10.839471,0x4A,gyro,0.054688,-0.009766,-0.867188,
10.840837,0x4B,accel,8.511719,-1.312500,-2.089844,
10.841917,0x4A,accel,8.324219,-2.398438,-1.562500,
10.843854,0x4B,gyro,0.017578,0.021484,0.326172,
10.844496,0x4A,gyro,0.054688,0.003906,-0.898438,
10.845601,0x4B,accel,8.507812,-1.312500,-2.203125,
10.846696,0x4A,accel,8.359375,-2.476562,-1.675781,
10.848562,0x4B,gyro,0.021484,0.017578,0.314453,
10.849214,0x4A,accel,8.550781,-2.359375,-1.714844,
10.850241,0x4B,accel,8.433594,-1.238281,-2.164062,
10.851011,0x4A,gyro,0.042969,0.013672,-0.912109,
10.852656,0x4A,accel,8.402344,-2.207031,-1.714844,
10.853302,0x4B,accel,8.359375,-1.160156,-2.050781,
10.854987,0x4B,gyro,0.007812,0.017578,0.285156,
10.856225,0x4A,gyro,0.031250,0.015625,-0.910156,
10.856868,0x4B,accel,8.363281,-0.968750,-1.972656,
10.857718,0x4A,accel,8.359375,-2.320312,-1.675781,
10.858375,0x4B,gyro,0.003906,0.017578,0.267578,
10.859651,0x4B,accel,8.324219,-0.929688,-2.011719,
10.860303,0x4A,gyro,0.023438,0.019531,-0.917969,
10.862438,0x4A,accel,8.320312,-2.437500,-1.636719,
10.863086,0x4B,gyro,0.000000,0.021484,0.261719,
10.864907,0x4B,accel,8.363281,-0.738281,-1.820312,
10.865965,0x4A,accel,8.589844,-2.515625,-1.675781,
10.867250,0x4A,gyro,0.015625,0.023438,-0.919922,
10.868500,0x4A,accel,8.441406,-2.437500,-1.484375,
10.869153,0x4B,gyro,0.001953,0.017578,0.255859,
10.869799,0x4A,gyro,0.017578,0.021484,-0.900391,
10.870879,0x4B,accel,8.398438,-0.625000,-1.742188,
10.871933,0x4A,accel,8.625000,-2.589844,-1.523438,
10.872577,0x4B,accel,8.281250,-0.699219,-1.667969,
10.874334,0x4B,gyro,-0.003906,0.021484,0.253906,
10.875016,0x4A,gyro,0.029297,0.007812,-0.873047,
10.876306,0x4B,accel,8.246094,-0.585938,-1.628906,
10.877383,0x4A,accel,8.363281,-2.437500,-1.410156,
10.879314,0x4B,gyro,-0.009766,0.015625,0.244141,
10.879983,0x4A,gyro,0.031250,0.000000,-0.839844,
10.881079,0x4B,accel,8.242188,-0.816406,-1.628906,
10.882164,0x4A,accel,8.320312,-2.589844,-1.562500,
10.884603,0x4B,gyro,-0.005859,0.021484,0.244141,
10.885648,0x4A,gyro,0.037109,-0.005859,-0.833984,
10.886305,0x4B,accel,8.324219,-0.777344,-1.859375,
10.887094,0x4A,accel,8.242188,-2.628906,-1.523438,
10.888950,0x4B,gyro,-0.007812,0.015625,0.257812,
10.889601,0x4A,gyro,0.058594,-0.001953,-0.828125,
10.890707,0x4B,accel,8.433594,-0.890625,-1.820312,
10.892038,0x4A,accel,8.589844,-2.667969,-1.753906,
10.892695,0x4B,accel,8.433594,-0.777344,-1.781250,
10.893338,0x4A,accel,8.476562,-2.398438,-1.484375,
10.894402,0x4B,gyro,-0.003906,0.015625,0.261719,
10.895198,0x4A,gyro,0.058594,-0.013672,-0.810547,
10.896282,0x4B,accel,8.468750,-1.042969,-1.781250,
10.897383,0x4A,accel,8.324219,-2.476562,-1.523438,
10.898043,0x4B,gyro,-0.001953,0.015625,0.261719,
10.899981,0x4B,accel,8.511719,-1.199219,-1.781250,
10.901029,0x4A,gyro,0.066406,-0.021484,-0.824219,
10.902539,0x4A,accel,8.480469,-2.515625,-1.601562,
10.903801,0x4A,accel,8.476562,-2.437500,-1.601562,
10.904916,0x4B,gyro,0.011719,0.017578,0.275391,
10.906033,0x4A,gyro,0.074219,-0.023438,-0.828125,
10.906676,0x4B,accel,8.546875,-1.238281,-1.820312,
10.909687,0x4B,gyro,0.015625,0.017578,0.271484,
10.910379,0x4A,accel,8.628906,-2.285156,-1.636719,
10.911730,0x4B,accel,8.507812,-1.312500,-1.742188,
10.912545,0x4A,gyro,0.078125,-0.019531,-0.845703,
10.913200,0x4B,accel,8.433594,-1.351562,-1.859375,
10.913849,0x4A,accel,8.437500,-2.246094,-1.601562,
10.914724,0x4B,gyro,0.025391,0.011719,0.259766,
10.915380,0x4A,gyro,0.080078,-0.029297,-0.835938,
10.916458,0x4B,accel,8.398438,-1.464844,-1.859375,
10.917545,0x4A,accel,8.511719,-2.207031,-1.714844,
10.918199,0x4B,gyro,0.031250,0.013672,0.244141,
10.919975,0x4B,accel,8.324219,-1.390625,-1.972656,
10.921172,0x4A,gyro,0.080078,-0.023438,-0.818359,
10.922643,0x4A,accel,8.246094,-2.128906,-1.714844,
10.924951,0x4B,gyro,0.042969,0.011719,0.234375,
10.926057,0x4A,accel,8.246094,-2.285156,-1.714844,
10.926705,0x4B,accel,8.242188,-1.312500,-1.898438,
10.927372,0x4A,gyro,0.083984,-0.019531,-0.828125,
10.928629,0x4A,accel,8.476562,-2.285156,-1.714844,
10.929274,0x4B,gyro,0.046875,0.009766,0.244141,
10.929927,0x4A,gyro,0.080078,-0.011719,-0.837891,
10.930593,0x4B,accel,8.359375,-1.238281,-1.898438,
10.931245,0x4A,accel,8.437500,-2.207031,-1.562500,
10.931894,0x4B,accel,8.402344,-1.007812,-1.820312,
10.933275,0x4B,gyro,0.044922,0.005859,0.228516,
10.934531,0x4B,accel,8.429688,-1.007812,-1.707031,
10.935197,0x4A,gyro,0.080078,-0.023438,-0.818359,
10.937306,0x4A,accel,8.476562,-2.320312,-1.562500,
10.939750,0x4B,gyro,0.042969,-0.001953,0.236328,
10.940928,0x4A,gyro,0.089844,-0.023438,-0.816406,
10.941581,0x4B,accel,8.472656,-1.007812,-1.628906,
10.942612,0x4A,accel,8.550781,-2.398438,-1.601562,
10.945001,0x4B,gyro,0.044922,0.003906,0.244141,
10.946040,0x4A,accel,8.746094,-2.285156,-1.636719,
10.946687,0x4B,accel,8.511719,-1.007812,-1.589844,
10.947346,0x4A,gyro,0.095703,-0.029297,-0.804688,
10.947991,0x4B,accel,8.398438,-0.929688,-1.628906,
10.948631,0x4A,accel,8.628906,-2.167969,-1.562500,
10.949981,0x4B,gyro,0.058594,-0.005859,0.240234,
10.951003,0x4A,gyro,0.111328,-0.037109,-0.763672,
10.951660,0x4B,accel,8.320312,-1.042969,-1.628906,
10.952606,0x4A,accel,8.437500,-2.167969,-1.601562,
10.955132,0x4B,gyro,0.064453,-0.007812,0.232422,
10.956173,0x4A,gyro,0.119141,-0.048828,-0.722656,
10.956826,0x4B,accel,8.363281,-1.121094,-1.707031,
10.957658,0x4A,accel,8.320312,-2.246094,-1.636719,
10.960069,0x4B,gyro,0.068359,-0.007812,0.234375,
10.961248,0x4A,gyro,0.123047,-0.056641,-0.712891,
10.961908,0x4B,accel,8.285156,-1.160156,-1.707031,
10.962719,0x4A,accel,8.398438,-2.285156,-1.675781,
10.963363,0x4B,accel,8.433594,-1.199219,-1.820312,
10.964020,0x4A,accel,8.511719,-2.207031,-1.636719,
10.965092,0x4B,gyro,0.072266,-0.013672,0.244141,
10.966231,0x4A,gyro,0.126953,-0.054688,-0.705078,
10.966879,0x4B,accel,8.507812,-1.082031,-1.781250,
10.968775,0x4A,accel,8.628906,-2.093750,-1.562500,
10.969721,0x4B,gyro,0.083984,-0.017578,0.242188,
10.971031,0x4A,gyro,0.140625,-0.058594,-0.673828,
10.971697,0x4B,accel,8.507812,-1.042969,-1.781250,
10.972710,0x4A,accel,8.550781,-2.128906,-1.523438,
10.975179,0x4B,gyro,0.083984,-0.011719,0.238281,
10.976254,0x4A,gyro,0.140625,-0.064453,-0.648438,
10.976928,0x4B,accel,8.507812,-1.121094,-1.742188,
10.977721,0x4A,accel,8.511719,-2.167969,-1.562500,
10.980100,0x4B,gyro,0.080078,-0.017578,0.240234,
10.981295,0x4A,gyro,0.148438,-0.074219,-0.634766,
10.981940,0x4B,accel,8.511719,-1.160156,-1.437500,
10.982779,0x4A,accel,8.707031,-2.207031,-1.714844,
10.983429,0x4B,accel,8.585938,-1.042969,-1.898438,
10.984067,0x4A,accel,8.746094,-1.824219,-1.523438,
10.985128,0x4B,gyro,0.103516,-0.023438,0.248047,
10.986234,0x4A,gyro,0.164062,-0.074219,-0.593750,
10.986875,0x4B,accel,8.429688,-1.042969,-1.707031,
10.987531,0x4A,accel,8.511719,-1.937500,-1.636719,
10.989673,0x4B,gyro,0.101562,-0.019531,0.224609,
10.990931,0x4A,gyro,0.162109,-0.082031,-0.541016,
10.991728,0x4B,accel,8.429688,-1.160156,-1.628906,
10.992695,0x4A,accel,8.585938,-2.015625,-1.714844,
10.995262,0x4B,gyro,0.109375,-0.027344,0.218750,
10.996310,0x4A,gyro,0.179688,-0.083984,-0.505859,
10.996979,0x4B,accel,8.468750,-1.160156,-1.781250,
10.997769,0x4A,accel,8.664062,-1.937500,-1.675781,
11.000170,0x4B,gyro,0.109375,-0.023438,0.218750,
11.001338,0x4A,gyro,0.175781,-0.087891,-0.468750,
11.001980,0x4B,accel,8.550781,-1.082031,-1.781250,
11.002850,0x4A,accel,8.664062,-1.824219,-1.562500,
11.004188,0x4B,accel,8.664062,-1.121094,-1.742188,
11.004835,0x4A,accel,8.785156,-1.863281,-1.562500,
11.005488,0x4B,gyro,0.109375,-0.027344,0.207031,
11.006542,0x4A,gyro,0.166016,-0.093750,-0.425781,
11.007185,0x4B,accel,8.781250,-1.160156,-1.742188,
11.009102,0x4A,accel,8.890625,-1.902344,-1.562500,
11.010370,0x4B,gyro,0.111328,-0.031250,0.201172,
11.011275,0x4A,gyro,0.169922,-0.087891,-0.402344,
11.011934,0x4B,accel,8.933594,-1.121094,-1.781250,
11.012894,0x4A,accel,9.046875,-1.863281,-1.562500,
11.015281,0x4B,gyro,0.103516,-0.031250,0.197266,
11.016449,0x4A,gyro,0.166016,-0.083984,-0.378906,
11.017097,0x4B,accel,9.089844,-1.082031,-1.707031,
11.017924,0x4A,accel,9.125000,-1.746094,-1.484375,
11.018582,0x4B,accel,9.207031,-1.082031,-1.972656,
11.020266,0x4B,gyro,0.101562,-0.042969,0.195312,
11.021462,0x4A,gyro,0.158203,-0.072266,-0.361328,
11.022122,0x4B,accel,9.203125,-1.160156,-1.898438,
11.022900,0x4A,accel,9.046875,-1.785156,-1.445312,
11.024951,0x4B,gyro,0.085938,-0.031250,0.199219,
11.026309,0x4A,accel,9.128906,-1.785156,-1.636719,
11.026998,0x4B,accel,9.167969,-1.273438,-1.898438,
11.027682,0x4A,gyro,0.132812,-0.072266,-0.355469,
11.028979,0x4A,accel,9.125000,-1.671875,-1.636719,
11.029637,0x4B,gyro,0.083984,-0.039062,0.207031,
11.030309,0x4A,gyro,0.132812,-0.064453,-0.349609,
11.031351,0x4B,accel,9.167969,-1.199219,-1.933594,
11.032409,0x4A,accel,9.007812,-1.441406,-1.636719,
11.034909,0x4B,gyro,0.072266,-0.037109,0.197266,
11.035554,0x4A,gyro,0.113281,-0.056641,-0.332031,
11.036636,0x4B,accel,9.007812,-1.273438,-1.972656,
11.037737,0x4A,accel,8.890625,-1.441406,-1.675781,
11.038384,0x4B,accel,8.933594,-1.238281,-1.933594,
11.040111,0x4B,gyro,0.068359,-0.035156,0.185547,
11.041354,0x4A,gyro,0.103516,-0.054688,-0.320312,
11.042019,0x4B,accel,8.812500,-1.273438,-1.972656,
11.042837,0x4A,accel,8.820312,-1.402344,-1.753906,
11.044785,0x4B,gyro,0.060547,-0.037109,0.175781,
11.045436,0x4A,gyro,0.076172,-0.054688,-0.310547,
11.046424,0x4B,accel,8.855469,-1.199219,-1.933594,
11.047257,0x4A,accel,8.781250,-1.441406,-1.792969,
11.049130,0x4B,gyro,0.048828,-0.039062,0.169922,
11.049781,0x4A,accel,8.785156,-1.402344,-1.792969,
11.054097,0x4B,gyro,0.035156,-0.041016,0.158203,
11.054767,0x4A,gyro,0.072266,-0.054688,-0.300781,
11.055417,0x4B,accel,8.812500,-1.160156,-1.898438,
11.056056,0x4A,accel,8.933594,-1.480469,-1.753906,
11.059164,0x4B,accel,8.894531,-1.042969,-1.742188,
11.061052,0x4A,gyro,0.039062,-0.060547,-0.259766,
11.061703,0x4B,gyro,0.021484,-0.044922,0.154297,
11.062790,0x4A,accel,8.894531,-1.441406,-1.753906,
11.063441,0x4B,accel,8.972656,-1.042969,-1.589844,
11.064080,0x4A,accel,8.933594,-1.480469,-1.714844,
11.065403,0x4B,gyro,0.013672,-0.056641,0.148438,
11.066466,0x4A,gyro,0.029297,-0.066406,-0.244141,
11.067116,0x4B,accel,8.968750,-1.042969,-1.550781,
11.067767,0x4A,accel,8.933594,-1.554688,-1.753906,
11.069045,0x4A,accel,8.890625,-1.554688,-1.675781,
11.070099,0x4B,gyro,0.007812,-0.062500,0.148438,
11.071216,0x4A,gyro,0.027344,-0.076172,-0.220703,
11.071885,0x4B,accel,8.890625,-1.042969,-1.589844,
11.072854,0x4A,accel,8.894531,-1.554688,-1.636719,
11.073512,0x4B,accel,8.894531,-1.121094,-1.550781,
11.075345,0x4B,gyro,0.005859,-0.066406,0.154297,
11.076444,0x4A,gyro,0.031250,-0.080078,-0.199219,
11.077087,0x4B,accel,8.855469,-1.121094,-1.589844,
11.077871,0x4A,accel,8.863281,-1.519531,-1.636719,
11.078525,0x4B,gyro,0.009766,-0.066406,0.146484,
11.080643,0x4A,gyro,0.031250,-0.089844,-0.173828,
11.081745,0x4B,accel,8.855469,-1.238281,-1.628906,
11.082849,0x4A,accel,8.863281,-1.554688,-1.675781,
11.083509,0x4B,gyro,0.007812,-0.070312,0.146484,
11.085381,0x4B,accel,8.855469,-1.238281,-1.589844,
11.086429,0x4A,gyro,0.029297,-0.095703,-0.156250,
11.087720,0x4A,accel,8.863281,-1.554688,-1.675781,
11.090116,0x4B,gyro,0.005859,-0.074219,0.138672,
11.091271,0x4A,accel,8.781250,-1.554688,-1.714844,
11.091936,0x4B,accel,8.816406,-1.390625,-1.742188,
11.092953,0x4A,gyro,0.035156,-0.107422,-0.125000,
11.093609,0x4B,accel,8.851562,-1.390625,-1.628906,
11.094254,0x4A,accel,8.863281,-1.632812,-1.714844,
11.095293,0x4B,gyro,0.009766,-0.080078,0.134766,
11.096615,0x4A,gyro,0.041016,-0.109375,-0.109375,
11.097270,0x4B,accel,8.929688,-1.351562,-1.589844,
11.098086,0x4A,accel,8.972656,-1.671875,-1.675781,
11.098754,0x4B,gyro,0.031250,-0.083984,0.123047,
11.100007,0x4B,accel,9.011719,-1.351562,-1.511719,
11.100657,0x4A,gyro,0.052734,-0.113281,-0.068359,
11.102764,0x4A,accel,9.089844,-1.746094,-1.562500,
11.105192,0x4B,gyro,0.050781,-0.089844,0.109375,
11.106262,0x4A,gyro,0.076172,-0.113281,-0.009766,
11.106922,0x4B,accel,9.085938,-1.199219,-1.589844,
11.107753,0x4A,accel,9.207031,-1.863281,-1.410156,
11.109637,0x4B,gyro,0.060547,-0.089844,0.095703,
11.110291,0x4A,gyro,0.091797,-0.121094,0.070312,
11.111382,0x4B,accel,9.203125,-1.273438,-1.707031,
11.112684,0x4A,accel,9.355469,-1.937500,-1.332031,
11.113344,0x4B,accel,9.164062,-1.199219,-1.511719,
11.113993,0x4A,accel,9.281250,-2.093750,-1.179688,
11.115070,0x4B,gyro,0.074219,-0.087891,0.083984,
11.115745,0x4A,gyro,0.119141,-0.119141,0.152344,
11.116827,0x4B,accel,9.316406,-1.312500,-1.589844,
11.117899,0x4A,accel,9.316406,-2.285156,-1.101562,
11.118560,0x4B,gyro,0.093750,-0.083984,0.080078,
11.120481,0x4B,accel,9.390625,-1.351562,-1.511719,
11.121525,0x4A,gyro,0.142578,-0.117188,0.208984,
11.122970,0x4A,accel,9.667969,-2.246094,-1.062500,
11.125520,0x4B,gyro,0.134766,-0.072266,0.076172,
11.126589,0x4A,gyro,0.185547,-0.097656,0.302734,
11.127231,0x4B,accel,9.617188,-1.351562,-1.320312,
11.127886,0x4A,accel,9.625000,-2.054688,-0.871094,
11.130157,0x4B,gyro,0.142578,-0.070312,0.056641,
11.131429,0x4A,accel,9.433594,-2.015625,-0.871094,
11.132240,0x4B,accel,9.507812,-1.390625,-1.476562,
11.133067,0x4A,gyro,0.193359,-0.099609,0.373047,
11.133712,0x4B,accel,9.621094,-1.582031,-1.359375,
11.134352,0x4A,accel,9.664062,-2.054688,-1.062500,
11.135272,0x4B,gyro,0.173828,-0.058594,0.056641,
11.135925,0x4A,gyro,0.224609,-0.087891,0.419922,
11.137011,0x4B,accel,9.550781,-1.464844,-1.781250,
11.137916,0x4A,accel,9.281250,-1.937500,-0.949219,
11.140378,0x4B,gyro,0.162109,-0.056641,0.058594,
11.141543,0x4A,gyro,0.220703,-0.074219,0.439453,
11.142197,0x4B,accel,9.589844,-1.582031,-1.667969,
11.143038,0x4A,accel,9.351562,-2.015625,-0.988281,
11.145503,0x4B,gyro,0.175781,-0.046875,0.064453,
11.146557,0x4A,gyro,0.222656,-0.052734,0.433594,
11.147207,0x4B,accel,9.734375,-1.542969,-1.707031,
11.147852,0x4A,accel,9.507812,-1.785156,-0.949219,
11.149738,0x4B,gyro,0.175781,-0.037109,0.048828,
11.150384,0x4A,accel,9.628906,-1.402344,-0.988281,
11.151028,0x4B,accel,9.777344,-1.429688,-1.628906,
11.151814,0x4A,gyro,0.218750,-0.054688,0.482422,
11.152453,0x4B,accel,9.589844,-1.542969,-1.707031,
11.153101,0x4A,accel,9.507812,-1.210938,-1.140625,
11.153751,0x4B,gyro,0.166016,-0.035156,0.009766,
11.154406,0x4A,gyro,0.201172,-0.042969,0.544922,
11.156839,0x4B,accel,9.394531,-1.621094,-1.933594,
11.157900,0x4A,accel,9.246094,-1.250000,-1.292969,
11.160395,0x4B,gyro,0.156250,-0.033203,-0.027344,
11.161473,0x4A,gyro,0.169922,-0.023438,0.564453,
11.162150,0x4B,accel,9.273438,-1.695312,-2.011719,
11.162989,0x4A,accel,8.972656,-1.519531,-1.214844,
11.165489,0x4B,gyro,0.128906,-0.027344,-0.027344,
11.166545,0x4A,gyro,0.136719,-0.007812,0.527344,
11.167184,0x4B,accel,9.164062,-1.695312,-1.742188,
11.167832,0x4A,accel,8.820312,-1.632812,-1.062500,
11.168470,0x4B,accel,9.207031,-1.582031,-1.667969,
11.170437,0x4B,gyro,0.097656,-0.023438,-0.013672,
11.171508,0x4A,accel,8.968750,-1.632812,-1.140625,
11.172162,0x4B,accel,9.238281,-1.390625,-1.476562,
11.173172,0x4A,gyro,0.089844,-0.001953,0.474609,
11.173840,0x4B,gyro,0.078125,-0.019531,-0.023438,
11.174487,0x4A,accel,9.089844,-1.554688,-1.023438,
11.175690,0x4B,accel,9.273438,-1.273438,-1.398438,
11.176789,0x4A,gyro,0.064453,0.009766,0.462891,
11.178242,0x4A,accel,9.164062,-1.519531,-1.023438,
11.180633,0x4B,gyro,0.058594,-0.013672,-0.027344,
11.181818,0x4A,gyro,0.039062,0.007812,0.480469,
11.182474,0x4B,accel,9.234375,-0.968750,-1.207031,
11.183279,0x4A,accel,8.746094,-1.593750,-0.871094,
11.183932,0x4B,accel,9.128906,-1.042969,-1.285156,
11.184576,0x4A,accel,8.546875,-2.128906,-0.988281,
11.185619,0x4B,gyro,0.017578,-0.007812,-0.021484,
11.186824,0x4A,gyro,-0.001953,-0.007812,0.441406,
11.187467,0x4B,accel,9.125000,-0.929688,-1.167969,
11.188727,0x4B,gyro,-0.017578,-0.013672,0.029297,
11.189375,0x4A,accel,8.824219,-2.285156,-1.179688,
11.191596,0x4A,gyro,-0.029297,-0.015625,0.369141,
11.192269,0x4B,accel,9.167969,-0.851562,-1.167969,
11.193230,0x4A,accel,8.929688,-2.093750,-1.062500,
11.193885,0x4B,gyro,-0.037109,-0.019531,0.066406,
11.195768,0x4B,accel,9.164062,-0.890625,-1.093750,
11.196807,0x4A,gyro,-0.029297,-0.013672,0.341797,
11.198274,0x4A,accel,8.890625,-1.976562,-0.988281,
11.200553,0x4B,gyro,-0.056641,-0.019531,0.082031,
11.201849,0x4A,gyro,-0.027344,-0.027344,0.351562,
11.202490,0x4B,accel,9.167969,-0.968750,-0.937500,
11.203332,0x4A,accel,8.933594,-2.093750,-0.949219,
11.203986,0x4B,accel,9.085938,-1.042969,-1.054688,
11.205646,0x4B,gyro,-0.070312,-0.019531,0.087891,
11.206758,0x4A,accel,8.894531,-2.207031,-1.023438,
11.207399,0x4B,accel,9.007812,-1.273438,-1.167969,
11.208039,0x4A,gyro,-0.037109,-0.048828,0.376953,
11.210197,0x4B,gyro,-0.066406,-0.017578,0.095703,
11.210850,0x4A,gyro,-0.025391,-0.058594,0.414062,
11.211913,0x4B,accel,8.929688,-1.464844,-1.285156,
11.212986,0x4A,accel,8.863281,-2.359375,-1.179688,
11.213641,0x4B,gyro,-0.060547,-0.023438,0.097656,
11.214287,0x4A,accel,8.820312,-2.515625,-1.140625,
11.215495,0x4B,accel,8.929688,-1.695312,-1.128906,
11.216682,0x4A,gyro,0.009766,-0.044922,0.451172,
11.218161,0x4A,accel,8.968750,-2.589844,-0.949219,
11.220588,0x4B,gyro,-0.039062,-0.023438,0.091797,
11.221790,0x4A,gyro,0.033203,-0.046875,0.503906,
11.222442,0x4B,accel,9.125000,-1.656250,-1.093750,
11.223232,0x4A,accel,9.167969,-2.628906,-0.871094,
11.223885,0x4B,accel,9.234375,-1.695312,-1.093750,
11.225544,0x4B,gyro,-0.023438,-0.025391,0.082031,
11.226658,0x4A,gyro,0.052734,-0.050781,0.572266,
11.227317,0x4B,accel,9.390625,-1.621094,-1.128906,
11.227957,0x4A,accel,9.203125,-2.589844,-0.796875,
11.229861,0x4B,gyro,-0.003906,-0.013672,0.064453,
11.230502,0x4A,accel,9.316406,-2.707031,-0.718750,
11.231554,0x4B,accel,9.656250,-1.847656,-1.128906,
11.232218,0x4A,gyro,0.068359,-0.050781,0.634766,
11.233481,0x4A,accel,9.285156,-2.742188,-0.796875,
11.234133,0x4B,gyro,0.023438,-0.007812,0.056641,
11.234775,0x4A,gyro,0.093750,-0.044922,0.677734,
11.235811,0x4B,accel,9.472656,-1.542969,-1.285156,
11.236845,0x4A,accel,9.011719,-2.859375,-0.640625,
11.238862,0x4B,accel,9.660156,-1.773438,-1.437500,
11.240685,0x4B,gyro,0.023438,0.000000,0.078125,
11.242313,0x4A,gyro,0.089844,-0.039062,0.658203,
11.243014,0x4B,accel,10.121094,-2.117188,-1.207031,
11.243708,0x4A,accel,9.203125,-2.898438,-0.757812,
11.244795,0x4B,gyro,0.029297,0.011719,0.123047,
11.245460,0x4A,gyro,0.103516,-0.041016,0.591797,
11.246625,0x4B,accel,9.972656,-2.960938,-0.441406,
11.247709,0x4A,accel,9.699219,-3.546875,-0.832031,
11.249604,0x4B,gyro,0.066406,0.029297,0.175781,
11.250253,0x4A,gyro,0.091797,-0.078125,0.501953,
11.251299,0x4B,accel,9.550781,-1.542969,-2.281250,
11.251977,0x4A,accel,9.164062,-2.515625,-0.144531,
11.253255,0x4A,accel,10.011719,-2.167969,-1.253906,
11.253900,0x4B,gyro,0.054688,0.005859,0.166016,
11.254551,0x4A,gyro,0.140625,0.062500,0.541016,
11.255591,0x4B,accel,10.160156,-1.542969,-1.933594,
11.258133,0x4A,accel,9.281250,-2.167969,-0.640625,
11.258841,0x4B,accel,9.855469,-1.312500,-1.511719,
11.260694,0x4B,gyro,0.048828,0.023438,0.146484,
11.261731,0x4A,gyro,0.109375,0.035156,0.568359,
11.262425,0x4B,accel,9.207031,-1.582031,-1.320312,
11.263201,0x4A,accel,8.742188,-2.246094,-0.679688,
11.265312,0x4B,gyro,0.021484,0.052734,0.156250,
11.266636,0x4A,gyro,0.068359,0.000000,0.539062,
11.267300,0x4B,accel,9.007812,-1.964844,-1.742188,
11.268114,0x4A,accel,8.402344,-2.320312,-0.988281,
11.270003,0x4B,gyro,0.005859,0.056641,0.175781,
11.270652,0x4A,gyro,0.052734,0.017578,0.486328,
11.271711,0x4B,accel,9.011719,-1.964844,-1.511719,
11.273052,0x4A,accel,8.585938,-2.359375,-1.562500,
11.273691,0x4B,gyro,0.013672,0.044922,0.185547,
11.274648,0x4A,accel,8.667969,-2.246094,-1.410156,
11.275771,0x4B,accel,9.085938,-1.886719,-1.398438,
11.276471,0x4A,gyro,0.052734,0.044922,0.460938,
11.278219,0x4A,accel,8.746094,-2.093750,-1.253906,
11.278886,0x4B,accel,9.207031,-1.695312,-1.128906,
11.280571,0x4B,gyro,0.009766,0.037109,0.169922,
11.281803,0x4A,gyro,0.042969,0.039062,0.466797,
11.282611,0x4B,accel,9.312500,-1.656250,-0.937500,
11.283339,0x4A,accel,8.785156,-2.093750,-1.101562,
11.285949,0x4B,gyro,-0.001953,0.039062,0.152344,
11.286997,0x4A,gyro,0.023438,0.009766,0.476562,
11.287654,0x4B,accel,9.394531,-1.582031,-1.015625,
11.288302,0x4A,accel,8.890625,-2.246094,-1.101562,
11.290829,0x4B,gyro,-0.007812,0.035156,0.152344,
11.291836,0x4A,accel,9.007812,-2.359375,-1.214844,
11.292497,0x4B,accel,9.511719,-1.582031,-1.207031,
11.293483,0x4A,gyro,0.017578,0.000000,0.466797,
11.294139,0x4B,accel,9.656250,-1.503906,-1.207031,
11.294780,0x4A,accel,9.207031,-2.437500,-1.214844,
11.295864,0x4B,gyro,-0.007812,0.025391,0.156250,
11.297153,0x4A,gyro,0.017578,0.000000,0.466797,
11.297789,0x4B,accel,9.777344,-1.503906,-1.054688,
11.298445,0x4A,accel,9.394531,-2.320312,-1.140625,
11.299086,0x4B,gyro,-0.017578,0.023438,0.154297,
11.301601,0x4A,gyro,0.021484,0.000000,0.480469,
11.302402,0x4B,accel,9.656250,-1.464844,-1.246094,
11.303210,0x4A,accel,9.007812,-2.246094,-1.023438,
11.305088,0x4B,gyro,-0.031250,0.027344,0.152344,
11.305750,0x4A,gyro,0.017578,-0.011719,0.462891,
11.306647,0x4B,accel,9.621094,-1.656250,-1.320312,
11.307645,0x4A,accel,8.929688,-2.476562,-1.253906,
11.309539,0x4B,gyro,-0.039062,0.023438,0.167969,
11.310188,0x4A,accel,8.933594,-2.515625,-1.332031,
11.311221,0x4B,accel,9.589844,-1.734375,-1.398438,
11.311973,0x4A,gyro,0.011719,-0.015625,0.421875,
11.313252,0x4A,accel,8.894531,-2.398438,-1.332031,
11.313891,0x4B,accel,9.507812,-1.734375,-1.437500,
11.315153,0x4B,gyro,-0.029297,0.017578,0.183594,
11.315907,0x4A,gyro,0.009766,-0.017578,0.396484,
11.317568,0x4A,accel,8.863281,-2.320312,-1.410156,
11.318210,0x4B,accel,9.472656,-1.847656,-1.476562,
11.320011,0x4B,gyro,-0.035156,0.013672,0.187500,
11.320659,0x4A,gyro,0.015625,-0.021484,0.390625,
11.321713,0x4B,accel,9.390625,-1.886719,-1.437500,
11.322789,0x4A,accel,8.781250,-2.320312,-1.484375,
11.324668,0x4B,gyro,-0.029297,0.023438,0.171875,
11.325325,0x4A,gyro,0.015625,-0.033203,0.380859,
11.326401,0x4B,accel,9.468750,-2.039062,-1.476562,
11.327471,0x4A,accel,8.820312,-2.398438,-1.523438,
11.329349,0x4B,gyro,-0.023438,0.015625,0.166016,
11.329987,0x4A,accel,8.894531,-2.476562,-1.523438,
11.331029,0x4B,accel,9.546875,-2.117188,-1.550781,
11.331683,0x4A,gyro,0.019531,-0.039062,0.371094,
11.333269,0x4A,accel,9.167969,-2.550781,-1.484375,
11.333911,0x4B,accel,9.816406,-2.195312,-1.511719,
11.335866,0x4B,gyro,-0.013672,0.009766,0.154297,
11.336506,0x4A,gyro,0.029297,-0.039062,0.367188,
11.337500,0x4B,accel,10.156250,-2.234375,-1.398438,
11.338266,0x4A,accel,9.355469,-2.707031,-1.253906,
11.340156,0x4B,gyro,-0.001953,0.013672,0.148438,
11.340808,0x4A,gyro,0.015625,-0.052734,0.349609,
11.341860,0x4B,accel,11.160156,-3.304688,-0.671875,
11.342932,0x4A,accel,9.589844,-4.277344,-1.828125,
11.345485,0x4B,gyro,0.007812,0.021484,0.167969,
11.346525,0x4A,gyro,0.029297,-0.097656,0.289062,
11.347252,0x4B,accel,9.164062,-2.425781,-2.355469,
11.347981,0x4A,accel,10.273438,-2.207031,-0.832031,
11.349917,0x4B,gyro,0.103516,-0.007812,0.113281,
11.350593,0x4A,gyro,0.136719,0.101562,0.398438,
11.351666,0x4B,accel,10.847656,-1.464844,-2.507812,
11.352327,0x4A,accel,10.046875,-2.667969,-0.988281,
11.352983,0x4B,accel,10.539062,-1.042969,-0.632812,
11.353632,0x4A,accel,9.429688,-2.972656,-0.414062,
11.354282,0x4B,gyro,0.080078,0.035156,0.087891,
11.354929,0x4A,gyro,0.113281,0.007812,0.474609,
11.357425,0x4B,accel,9.890625,-1.542969,-1.207031,
11.358314,0x4A,accel,9.089844,-3.316406,-0.527344,
11.360944,0x4B,gyro,0.060547,0.064453,0.103516,
11.361974,0x4A,gyro,0.115234,-0.037109,0.486328,
11.362644,0x4B,accel,9.968750,-1.582031,-1.742188,
11.363473,0x4A,accel,9.281250,-3.472656,-1.179688,
11.365973,0x4B,gyro,0.085938,0.058594,0.121094,
11.367012,0x4A,gyro,0.164062,0.013672,0.492188,
11.367669,0x4B,accel,10.117188,-1.542969,-1.628906,
11.368317,0x4A,accel,9.433594,-3.355469,-1.179688,
11.370203,0x4B,gyro,0.097656,0.062500,0.146484,
11.370851,0x4A,accel,9.394531,-3.125000,-0.832031,
11.371729,0x4B,accel,10.199219,-1.464844,-1.285156,
11.372412,0x4A,gyro,0.189453,0.021484,0.521484,
11.373671,0x4A,accel,9.433594,-2.898438,-0.910156,
11.374313,0x4B,accel,10.195312,-1.429688,-1.093750,
11.374950,0x4A,gyro,0.197266,-0.015625,0.552734,
11.375596,0x4B,gyro,0.095703,0.074219,0.148438,
11.377425,0x4B,accel,10.078125,-1.542969,-1.167969,
11.378329,0x4A,accel,9.394531,-2.742188,-1.214844,
11.381027,0x4B,gyro,0.105469,0.083984,0.142578,
11.382110,0x4A,gyro,0.195312,-0.017578,0.580078,
11.382785,0x4B,accel,9.929688,-1.695312,-1.511719,
11.383566,0x4A,accel,9.207031,-2.628906,-1.445312,
11.385991,0x4B,gyro,0.117188,0.078125,0.140625,
11.387031,0x4A,gyro,0.207031,-0.007812,0.587891,
11.387686,0x4B,accel,9.968750,-1.773438,-1.628906,
11.388344,0x4A,accel,9.046875,-2.476562,-1.562500,
11.390214,0x4B,gyro,0.107422,0.074219,0.134766,
11.390857,0x4A,accel,8.968750,-2.246094,-1.675781,
11.391518,0x4B,accel,9.972656,-1.847656,-1.589844,
11.392321,0x4A,gyro,0.199219,-0.005859,0.570312,
11.392965,0x4B,accel,9.894531,-1.925781,-1.589844,
11.393610,0x4A,accel,9.007812,-2.015625,-1.753906,
11.394259,0x4B,gyro,0.101562,0.074219,0.121094,
11.394898,0x4A,gyro,0.177734,-0.013672,0.554688,
11.396240,0x4B,accel,9.855469,-1.812500,-1.707031,
11.396905,0x4A,accel,9.046875,-1.863281,-1.945312,
11.400233,0x4B,gyro,0.085938,0.058594,0.101562,
11.400899,0x4A,gyro,0.140625,-0.007812,0.539062,
11.401958,0x4B,accel,9.816406,-1.812500,-1.707031,
11.403028,0x4A,accel,8.859375,-1.863281,-1.984375,
11.405581,0x4B,gyro,0.068359,0.044922,0.070312,
11.406624,0x4A,gyro,0.115234,-0.007812,0.527344,
11.407297,0x4B,accel,9.816406,-1.812500,-1.707031,
11.408159,0x4A,accel,8.894531,-1.902344,-1.984375,
11.410025,0x4B,accel,9.816406,-1.847656,-1.628906,
11.410667,0x4A,gyro,0.083984,-0.007812,0.501953,
11.412003,0x4B,gyro,0.052734,0.031250,0.042969,
11.413153,0x4A,accel,9.011719,-1.937500,-1.945312,
11.413803,0x4B,accel,9.929688,-1.773438,-1.550781,
11.414445,0x4A,accel,9.128906,-2.015625,-1.828125,
11.415084,0x4B,gyro,0.046875,0.015625,0.021484,
11.416255,0x4A,gyro,0.056641,-0.003906,0.496094,
11.417344,0x4B,accel,9.968750,-1.695312,-1.550781,
11.418418,0x4A,accel,9.089844,-2.128906,-1.753906,
11.420915,0x4B,gyro,0.033203,0.011719,-0.005859,
11.422066,0x4A,gyro,0.029297,-0.001953,0.492188,
11.422769,0x4B,accel,10.000000,-1.656250,-1.550781,
11.423498,0x4A,accel,9.089844,-2.320312,-1.753906,
11.424143,0x4B,accel,9.972656,-1.656250,-1.550781,
11.426156,0x4B,gyro,0.025391,-0.001953,-0.023438,
11.427195,0x4A,gyro,0.011719,-0.007812,0.496094,
11.427860,0x4B,accel,9.929688,-1.582031,-1.511719,
11.428500,0x4A,accel,9.085938,-2.437500,-1.675781,
11.430722,0x4B,gyro,0.013672,-0.001953,-0.039062,
11.431992,0x4A,accel,8.972656,-2.589844,-1.601562,
11.432727,0x4B,accel,9.929688,-1.621094,-1.476562,
11.433553,0x4A,gyro,0.001953,-0.007812,0.500000,
11.434827,0x4A,accel,9.007812,-2.742188,-1.562500,
11.435478,0x4B,gyro,0.007812,-0.013672,-0.050781,
11.436130,0x4A,gyro,-0.001953,-0.013672,0.515625,
11.437184,0x4B,accel,9.972656,-1.621094,-1.437500,
11.438240,0x4A,accel,9.007812,-2.898438,-1.562500,
11.440727,0x4B,gyro,0.009766,-0.007812,-0.064453,
11.441882,0x4A,gyro,0.005859,-0.027344,0.533203,
11.442545,0x4B,accel,9.972656,-1.695312,-1.511719,
11.443477,0x4A,accel,9.050781,-3.011719,-1.523438,
11.444129,0x4B,accel,9.968750,-1.734375,-1.437500,
11.445916,0x4B,gyro,0.025391,-0.013672,-0.068359,
11.447003,0x4A,gyro,0.017578,-0.031250,0.564453,
11.447663,0x4B,accel,9.968750,-1.734375,-1.437500,
11.448419,0x4A,accel,9.046875,-3.164062,-1.523438,
11.450384,0x4B,gyro,0.031250,-0.011719,-0.083984,
11.451037,0x4A,gyro,0.031250,-0.042969,0.603516,
11.452111,0x4B,accel,10.003906,-1.773438,-1.437500,
11.453384,0x4A,accel,9.046875,-3.242188,-1.484375,
11.454649,0x4A,accel,9.007812,-3.281250,-1.445312,
11.455788,0x4B,gyro,0.041016,-0.009766,-0.095703,
11.456478,0x4A,gyro,0.052734,-0.050781,0.634766,
11.457578,0x4B,accel,10.003906,-1.812500,-1.398438,
11.458463,0x4A,accel,8.968750,-3.394531,-1.445312,
11.461005,0x4B,gyro,0.058594,-0.007812,-0.095703,
11.462041,0x4A,gyro,0.078125,-0.060547,0.646484,
11.462694,0x4B,accel,10.078125,-1.925781,-1.359375,
11.463535,0x4A,accel,9.046875,-3.394531,-1.484375,
11.464182,0x4B,accel,10.082031,-1.964844,-1.359375,
11.465876,0x4B,gyro,0.089844,-0.009766,-0.099609,
11.466995,0x4A,gyro,0.099609,-0.066406,0.673828,
11.467660,0x4B,accel,10.082031,-2.003906,-1.398438,
11.468458,0x4A,accel,9.007812,-3.281250,-1.445312,
11.470355,0x4B,gyro,0.101562,-0.015625,-0.097656,
11.470996,0x4A,gyro,0.123047,-0.070312,0.681641,
11.472070,0x4B,accel,10.160156,-2.195312,-1.398438,
11.473395,0x4A,accel,8.890625,-3.281250,-1.484375,
11.474653,0x4A,accel,8.933594,-3.281250,-1.445312,
11.475878,0x4B,gyro,0.117188,-0.011719,-0.105469,
11.476532,0x4A,gyro,0.132812,-0.070312,0.660156,
11.477625,0x4B,accel,10.277344,-2.269531,-1.437500,
11.478539,0x4A,accel,9.246094,-3.242188,-1.523438,
11.479179,0x4B,accel,10.312500,-2.269531,-1.476562,
11.481099,0x4B,gyro,0.146484,-0.019531,-0.109375,
11.482121,0x4A,gyro,0.154297,-0.060547,0.654297,
11.482944,0x4B,accel,10.312500,-2.308594,-1.628906,
11.483631,0x4A,accel,9.242188,-3.050781,-1.371094,
11.485839,0x4B,gyro,0.166016,-0.013672,-0.132812,
11.487070,0x4A,gyro,0.152344,-0.050781,0.654297,
11.487721,0x4B,accel,10.316406,-2.386719,-1.667969,
11.488513,0x4A,accel,9.125000,-3.050781,-1.292969,
11.490439,0x4B,gyro,0.183594,-0.013672,-0.146484,
11.491100,0x4A,gyro,0.156250,-0.033203,0.640625,
11.492154,0x4B,accel,10.312500,-2.386719,-1.742188,
11.492820,0x4A,accel,9.125000,-3.125000,-1.332031,
11.494691,0x4B,gyro,0.199219,-0.015625,-0.173828,
11.496341,0x4B,accel,10.238281,-2.195312,-1.781250,
11.496978,0x4A,accel,9.246094,-3.089844,-1.371094,
11.500232,0x4B,accel,10.082031,-1.964844,-1.742188,
11.500901,0x4A,gyro,0.158203,-0.009766,0.642578,
11.501707,0x4B,gyro,0.205078,-0.011719,-0.199219,
11.502352,0x4A,gyro,0.152344,0.003906,0.652344,
11.503005,0x4B,accel,10.003906,-1.925781,-1.628906,
11.503671,0x4A,accel,9.089844,-2.972656,-1.292969,
11.504334,0x4B,gyro,0.207031,-0.005859,-0.216797,
11.504987,0x4A,accel,8.824219,-3.164062,-1.253906,
11.506322,0x4A,gyro,0.142578,0.009766,0.654297,
11.507410,0x4B,accel,10.000000,-1.695312,-1.511719,
11.508092,0x4A,accel,8.824219,-3.281250,-1.253906,
11.510602,0x4A,accel,8.894531,-3.281250,-1.253906,
11.511631,0x4B,gyro,0.203125,-0.009766,-0.226562,
11.512383,0x4A,gyro,0.128906,0.017578,0.652344,
11.513117,0x4B,accel,10.003906,-1.503906,-1.550781,
11.513762,0x4A,accel,8.859375,-3.355469,-1.179688,
11.514411,0x4B,accel,10.003906,-1.351562,-1.550781,
11.515165,0x4A,gyro,0.125000,0.021484,0.654297,
11.515852,0x4B,gyro,0.195312,-0.005859,-0.232422,
11.518296,0x4A,accel,8.785156,-3.394531,-1.179688,
11.519243,0x4B,accel,10.003906,-1.199219,-1.437500,
11.520958,0x4B,gyro,0.185547,-0.001953,-0.226562,
11.522013,0x4A,gyro,0.109375,0.021484,0.662109,
11.522929,0x4B,accel,10.042969,-1.199219,-1.476562,
11.523618,0x4A,accel,8.820312,-3.433594,-1.140625,
11.525504,0x4B,gyro,0.160156,-0.005859,-0.220703,
11.526164,0x4A,gyro,0.103516,0.023438,0.658203,
11.527166,0x4B,accel,10.003906,-1.121094,-1.550781,
11.528192,0x4A,accel,8.890625,-3.472656,-1.253906,
11.530074,0x4B,gyro,0.150391,0.005859,-0.218750,
11.530724,0x4A,accel,8.707031,-3.394531,-1.179688,
11.531806,0x4B,accel,9.890625,-1.082031,-1.476562,
11.532499,0x4A,gyro,0.099609,0.023438,0.664062,
11.533812,0x4A,accel,8.707031,-3.511719,-1.214844,
11.534464,0x4B,accel,9.851562,-1.273438,-1.511719,
11.535114,0x4A,gyro,0.085938,0.021484,0.662109,
11.535763,0x4B,gyro,0.138672,0.009766,-0.210938,
11.538207,0x4A,accel,8.863281,-3.511719,-1.332031,
11.538843,0x4B,accel,9.773438,-1.199219,-1.550781,
11.540676,0x4B,gyro,0.121094,0.001953,-0.201172,
11.541759,0x4A,gyro,0.087891,0.019531,0.681641,
11.542824,0x4B,accel,9.773438,-1.238281,-1.511719,
11.543620,0x4A,accel,8.742188,-3.433594,-1.253906,
11.545531,0x4B,gyro,0.111328,0.007812,-0.210938,
11.546189,0x4A,gyro,0.089844,0.019531,0.699219,
11.547217,0x4B,accel,9.773438,-1.351562,-1.476562,
11.548093,0x4A,accel,8.707031,-3.511719,-1.214844,
11.549966,0x4B,gyro,0.101562,0.007812,-0.216797,
11.550604,0x4A,accel,8.703125,-3.625000,-1.214844,
11.551639,0x4B,accel,9.812500,-1.238281,-1.398438,
11.552512,0x4A,gyro,0.076172,0.019531,0.716797,
11.553165,0x4B,accel,9.812500,-1.273438,-1.511719,
11.553813,0x4A,accel,8.742188,-3.625000,-1.253906,
11.554459,0x4B,gyro,0.089844,0.007812,-0.222656,
11.555100,0x4A,gyro,0.064453,0.027344,0.726562,
11.557806,0x4B,accel,9.773438,-1.160156,-1.511719,
11.558677,0x4A,accel,8.546875,-3.546875,-1.214844,
11.560785,0x4B,gyro,0.072266,0.005859,-0.218750,
11.561441,0x4A,gyro,0.046875,0.021484,0.734375,
11.562491,0x4B,accel,9.816406,-1.238281,-1.511719,
11.563548,0x4A,accel,8.441406,-3.738281,-1.214844,
11.566142,0x4B,gyro,0.048828,0.009766,-0.207031,
11.567179,0x4A,gyro,0.029297,0.021484,0.714844,
11.567856,0x4B,accel,9.773438,-1.238281,-1.476562,
11.568628,0x4A,accel,8.585938,-3.777344,-1.253906,
11.570524,0x4B,gyro,0.056641,0.013672,-0.193359,
11.571175,0x4A,gyro,0.029297,0.019531,0.712891,
11.572235,0x4B,accel,9.777344,-1.273438,-1.511719,
11.572926,0x4A,accel,8.742188,-3.625000,-1.410156,
11.574786,0x4B,accel,9.734375,-1.238281,-1.511719,
11.575428,0x4A,accel,8.511719,-3.546875,-1.292969,
11.576299,0x4B,gyro,0.046875,0.009766,-0.205078,
11.577496,0x4A,gyro,0.031250,0.019531,0.722656,
11.578143,0x4B,accel,9.699219,-1.542969,-1.476562,
11.578920,0x4A,accel,8.437500,-3.738281,-1.484375,
11.581521,0x4B,gyro,0.037109,0.003906,-0.189453,
11.582562,0x4A,gyro,0.019531,0.017578,0.712891,
11.583222,0x4B,accel,9.589844,-1.621094,-1.476562,
11.584015,0x4A,accel,8.398438,-3.738281,-1.562500,
11.586553,0x4B,gyro,0.037109,0.001953,-0.201172,
11.587597,0x4A,gyro,0.021484,0.009766,0.707031,
11.588263,0x4B,accel,9.433594,-1.695312,-1.550781,
11.588931,0x4A,accel,8.320312,-3.738281,-1.675781,
11.590805,0x4B,gyro,0.048828,-0.005859,-0.205078,
11.591442,0x4A,gyro,0.027344,0.011719,0.716797,
11.592342,0x4B,accel,9.390625,-1.621094,-1.476562,
11.593496,0x4A,accel,8.203125,-3.738281,-1.601562,
11.594202,0x4B,accel,9.394531,-1.773438,-1.437500,
11.594880,0x4A,accel,8.164062,-3.894531,-1.601562,
11.595950,0x4B,gyro,0.050781,-0.007812,-0.216797,
11.596603,0x4A,gyro,0.023438,0.003906,0.714844,
11.597656,0x4B,accel,9.472656,-1.695312,-1.320312,
11.598736,0x4A,accel,8.281250,-4.046875,-1.523438,
11.601201,0x4B,gyro,0.062500,-0.013672,-0.218750,
11.602335,0x4A,gyro,0.023438,-0.009766,0.718750,
11.603109,0x4B,accel,9.589844,-1.656250,-1.359375,
11.603817,0x4A,accel,8.398438,-4.160156,-1.445312,
11.605708,0x4B,gyro,0.070312,-0.015625,-0.226562,
11.606352,0x4A,gyro,0.037109,-0.023438,0.730469,
11.607414,0x4B,accel,9.773438,-1.503906,-1.320312,
11.608479,0x4A,accel,8.398438,-4.277344,-1.253906,
11.610357,0x4B,accel,9.929688,-1.582031,-1.285156,
11.610999,0x4A,gyro,0.054688,-0.031250,0.736328,
11.611780,0x4B,gyro,0.080078,-0.019531,-0.218750,
11.612794,0x4A,accel,8.589844,-4.429688,-1.253906,
11.613454,0x4B,accel,10.078125,-1.542969,-1.246094,
11.614096,0x4A,accel,8.742188,-4.429688,-1.179688,
11.615361,0x4A,gyro,0.072266,-0.033203,0.728516,
11.616019,0x4B,gyro,0.091797,-0.019531,-0.212891,
11.617825,0x4B,accel,10.234375,-1.542969,-1.246094,
11.618759,0x4A,accel,8.746094,-4.468750,-1.023438,
11.621346,0x4B,gyro,0.103516,-0.015625,-0.199219,
11.622382,0x4A,gyro,0.097656,-0.035156,0.734375,
11.623147,0x4B,accel,10.351562,-1.656250,-1.320312,
11.623818,0x4A,accel,8.929688,-4.542969,-0.949219,
11.624460,0x4B,accel,10.355469,-1.656250,-1.359375,
11.625708,0x4B,gyro,0.125000,-0.009766,-0.193359,
11.626357,0x4A,gyro,0.128906,-0.037109,0.726562,
11.628465,0x4A,accel,8.929688,-4.390625,-0.910156,
11.630338,0x4B,accel,10.273438,-1.812500,-1.511719,
11.630985,0x4A,gyro,0.150391,-0.035156,0.726562,
11.631773,0x4B,gyro,0.144531,-0.001953,-0.199219,
11.632415,0x4A,accel,8.746094,-4.312500,-0.949219,
11.633442,0x4B,accel,10.312500,-1.964844,-1.550781,
11.634084,0x4A,accel,8.546875,-4.312500,-0.949219,
11.635358,0x4A,gyro,0.162109,-0.027344,0.703125,
11.636011,0x4B,gyro,0.154297,0.003906,-0.197266,
11.637810,0x4B,accel,10.121094,-2.003906,-1.550781,
11.638821,0x4A,accel,8.507812,-4.238281,-1.101562,
11.641379,0x4B,gyro,0.171875,0.013672,-0.193359,
11.642409,0x4A,gyro,0.169922,-0.015625,0.673828,
11.643210,0x4B,accel,9.972656,-1.964844,-1.667969,
11.643878,0x4A,accel,8.437500,-4.085938,-1.140625,
11.644534,0x4B,accel,9.855469,-1.847656,-1.707031,
11.645789,0x4B,gyro,0.177734,0.023438,-0.216797,
11.646439,0x4A,gyro,0.175781,-0.007812,0.662109,
11.648224,0x4A,accel,8.164062,-4.085938,-1.214844,
11.648861,0x4B,accel,9.699219,-1.812500,-1.707031,
11.650126,0x4B,gyro,0.177734,0.025391,-0.218750,
11.650771,0x4A,accel,8.125000,-4.160156,-1.332031,
11.651413,0x4B,accel,9.617188,-1.582031,-1.667969,
11.652521,0x4A,gyro,0.160156,0.000000,0.630859,
11.653856,0x4A,accel,8.242188,-4.160156,-1.371094,
11.655763,0x4B,gyro,0.173828,0.027344,-0.224609,
11.656743,0x4A,gyro,0.160156,0.000000,0.607422,
11.657805,0x4B,accel,9.550781,-1.429688,-1.589844,
11.658848,0x4A,accel,8.324219,-4.085938,-1.410156,
11.661195,0x4B,gyro,0.171875,0.023438,-0.236328,
11.662421,0x4A,gyro,0.142578,0.005859,0.621094,
11.663067,0x4B,accel,9.507812,-1.199219,-1.511719,
11.663856,0x4A,accel,8.097656,-4.160156,-1.253906,
11.664490,0x4B,accel,9.589844,-1.160156,-1.511719,
11.666422,0x4B,gyro,0.154297,0.023438,-0.242188,
11.667460,0x4A,gyro,0.130859,0.003906,0.617188,
11.668098,0x4B,accel,9.621094,-1.121094,-1.359375,
11.668939,0x4A,accel,8.058594,-4.390625,-1.371094,
11.670950,0x4B,gyro,0.152344,0.021484,-0.226562,
11.671590,0x4A,gyro,0.128906,-0.009766,0.603516,
11.672630,0x4B,accel,9.621094,-1.007812,-1.359375,
11.673934,0x4A,accel,8.164062,-4.468750,-1.410156,
11.675216,0x4A,accel,8.285156,-4.429688,-1.371094,
11.676336,0x4B,gyro,0.130859,0.013672,-0.220703,
11.677031,0x4A,gyro,0.117188,-0.011719,0.607422,
11.678129,0x4B,accel,9.617188,-0.929688,-1.398438,
11.678874,0x4A,accel,8.281250,-4.351562,-1.371094,
11.680744,0x4B,gyro,0.125000,0.013672,-0.210938,
11.681404,0x4A,gyro,0.105469,-0.015625,0.615234,
11.682467,0x4B,accel,9.660156,-0.890625,-1.320312,
11.683540,0x4A,accel,8.019531,-4.390625,-1.292969,
11.684175,0x4B,accel,9.656250,-1.082031,-1.285156,
11.686008,0x4B,gyro,0.109375,0.009766,-0.205078,
11.687048,0x4A,gyro,0.103516,-0.027344,0.603516,
11.687934,0x4B,accel,9.660156,-1.160156,-1.359375,
11.688771,0x4A,accel,8.019531,-4.429688,-1.410156,
11.690661,0x4B,gyro,0.097656,0.003906,-0.183594,
11.691306,0x4A,gyro,0.101562,-0.037109,0.582031,
11.692332,0x4B,accel,9.734375,-1.238281,-1.511719,
11.693149,0x4A,accel,8.058594,-4.429688,-1.410156,
11.695027,0x4B,gyro,0.089844,-0.001953,-0.173828,
11.695670,0x4A,accel,8.097656,-4.351562,-1.410156,
11.696693,0x4B,accel,9.656250,-1.351562,-1.511719,
11.697355,0x4A,gyro,0.101562,-0.033203,0.541016,
11.699148,0x4A,accel,8.015625,-4.312500,-1.410156,
11.699781,0x4B,accel,9.617188,-1.429688,-1.550781,
11.701804,0x4B,gyro,0.089844,-0.001953,-0.177734,
11.702833,0x4A,gyro,0.091797,-0.039062,0.521484,
11.703551,0x4B,accel,9.546875,-1.582031,-1.589844,
11.704205,0x4A,accel,7.941406,-4.351562,-1.523438,
11.706514,0x4B,gyro,0.089844,-0.005859,-0.181641,
11.707557,0x4A,gyro,0.085938,-0.035156,0.503906,
11.708218,0x4B,accel,9.429688,-1.621094,-1.628906,
11.709036,0x4A,accel,7.859375,-4.390625,-1.562500,
11.710927,0x4B,gyro,0.085938,-0.007812,-0.177734,
11.711575,0x4A,gyro,0.082031,-0.039062,0.488281,
11.712635,0x4B,accel,9.390625,-1.582031,-1.589844,
11.713910,0x4A,accel,7.824219,-4.429688,-1.636719,
11.715182,0x4A,accel,7.820312,-4.503906,-1.636719,
11.716317,0x4B,gyro,0.087891,-0.011719,-0.183594,
11.717014,0x4A,gyro,0.074219,-0.039062,0.478516,
11.718103,0x4B,accel,9.351562,-1.582031,-1.550781,
11.718935,0x4A,accel,7.746094,-4.582031,-1.562500,
11.719568,0x4B,accel,9.390625,-1.542969,-1.437500,
11.721581,0x4B,gyro,0.097656,-0.015625,-0.197266,
11.722603,0x4A,gyro,0.066406,-0.048828,0.468750,
11.723386,0x4B,accel,9.433594,-1.503906,-1.398438,
11.724075,0x4A,accel,7.703125,-4.699219,-1.601562,
11.725942,0x4B,gyro,0.105469,-0.019531,-0.191406,
11.726595,0x4A,gyro,0.068359,-0.056641,0.457031,
11.727694,0x4B,accel,9.585938,-1.464844,-1.398438,
11.728787,0x4A,accel,7.703125,-4.812500,-1.523438,
11.730750,0x4B,gyro,0.113281,-0.025391,-0.177734,
11.731398,0x4A,gyro,0.087891,-0.066406,0.445312,
11.732430,0x4B,accel,9.589844,-1.390625,-1.359375,
11.733104,0x4A,accel,7.902344,-4.890625,-1.523438,
11.734368,0x4A,accel,7.976562,-4.812500,-1.445312,
11.735014,0x4B,gyro,0.115234,-0.027344,-0.173828,
11.735658,0x4A,gyro,0.093750,-0.078125,0.435547,
11.736702,0x4B,accel,9.617188,-1.390625,-1.359375,
11.738011,0x4B,accel,9.699219,-1.464844,-1.320312,
11.738963,0x4A,accel,7.902344,-4.851562,-1.371094,
11.741261,0x4B,gyro,0.128906,-0.035156,-0.171875,
11.742593,0x4A,gyro,0.107422,-0.091797,0.425781,
11.743440,0x4B,accel,9.816406,-1.582031,-1.320312,
11.744105,0x4A,accel,7.824219,-4.925781,-1.410156,
11.745989,0x4B,gyro,0.142578,-0.033203,-0.158203,
11.746635,0x4A,gyro,0.123047,-0.101562,0.398438,
11.747718,0x4B,accel,9.812500,-1.621094,-1.398438,
11.748804,0x4A,accel,7.863281,-4.964844,-1.445312,
11.750758,0x4B,gyro,0.158203,-0.035156,-0.156250,
11.751476,0x4A,gyro,0.134766,-0.113281,0.367188,
11.752569,0x4B,accel,9.890625,-1.695312,-1.476562,
11.753248,0x4A,accel,7.941406,-4.925781,-1.445312,
11.754504,0x4A,accel,7.976562,-4.851562,-1.332031,
11.755156,0x4B,gyro,0.166016,-0.041016,-0.148438,
11.755799,0x4A,gyro,0.154297,-0.113281,0.335938,
11.756912,0x4B,accel,9.929688,-1.734375,-1.398438,
11.758650,0x4B,accel,9.972656,-1.847656,-1.437500,
11.759291,0x4A,accel,7.976562,-4.851562,-1.292969,
11.761621,0x4B,gyro,0.187500,-0.033203,-0.148438,
11.762678,0x4A,gyro,0.166016,-0.117188,0.308594,
11.763467,0x4B,accel,9.890625,-1.886719,-1.476562,
11.764165,0x4A,accel,7.902344,-4.851562,-1.253906,
11.766478,0x4B,gyro,0.205078,-0.031250,-0.142578,
11.768068,0x4A,gyro,0.171875,-0.115234,0.277344,
11.769183,0x4B,accel,9.851562,-1.812500,-1.550781,
11.770286,0x4A,accel,7.863281,-4.812500,-1.292969,
11.771006,0x4B,gyro,0.218750,-0.035156,-0.146484,
11.771674,0x4A,gyro,0.187500,-0.109375,0.230469,
11.772755,0x4B,accel,9.812500,-1.734375,-1.589844,
11.773429,0x4A,accel,7.859375,-4.773438,-1.371094,
11.775308,0x4B,accel,9.738281,-1.656250,-1.628906,
11.775957,0x4A,accel,7.824219,-4.699219,-1.371094,
11.777016,0x4B,gyro,0.228516,-0.033203,-0.142578,
11.778055,0x4A,gyro,0.187500,-0.109375,0.197266,
11.778708,0x4B,accel,9.695312,-1.582031,-1.550781,
11.779357,0x4A,accel,7.824219,-4.699219,-1.332031,
11.780667,0x4A,gyro,0.185547,-0.101562,0.164062,
11.781320,0x4B,gyro,0.236328,-0.035156,-0.146484,
11.782481,0x4A,accel,7.824219,-4.699219,-1.292969,
11.783529,0x4B,accel,9.738281,-1.542969,-1.550781,
11.786039,0x4B,gyro,0.230469,-0.033203,-0.146484,
11.786684,0x4A,gyro,0.187500,-0.101562,0.130859,
11.787736,0x4B,accel,9.734375,-1.464844,-1.511719,
11.788567,0x4A,accel,7.820312,-4.660156,-1.332031,
11.790421,0x4B,gyro,0.238281,-0.031250,-0.144531,
11.791059,0x4A,gyro,0.187500,-0.095703,0.095703,
11.792229,0x4B,accel,9.777344,-1.390625,-1.476562,
11.793070,0x4A,accel,7.820312,-4.621094,-1.253906,
11.793717,0x4B,accel,9.816406,-1.351562,-1.511719,
11.794358,0x4A,accel,7.863281,-4.621094,-1.253906,
11.794999,0x4B,gyro,0.232422,-0.031250,-0.140625,
11.795634,0x4A,gyro,0.181641,-0.091797,0.052734,
11.798351,0x4B,accel,9.812500,-1.273438,-1.511719,
11.799089,0x4A,accel,7.820312,-4.621094,-1.214844,
11.801154,0x4B,gyro,0.222656,-0.037109,-0.134766,
11.801884,0x4A,gyro,0.167969,-0.089844,0.007812,
11.802966,0x4B,accel,9.816406,-1.312500,-1.511719,
11.804045,0x4A,accel,7.824219,-4.621094,-1.179688,
11.806649,0x4B,gyro,0.220703,-0.033203,-0.123047,
11.807719,0x4A,gyro,0.162109,-0.078125,-0.039062,
11.808407,0x4B,accel,9.812500,-1.238281,-1.550781,
11.809223,0x4A,accel,7.742188,-4.503906,-1.140625,
11.811079,0x4B,gyro,0.195312,-0.035156,-0.115234,
11.811702,0x4A,gyro,0.152344,-0.068359,-0.099609,
11.812598,0x4B,accel,9.933594,-1.199219,-1.589844,
11.813255,0x4A,accel,7.898438,-4.734375,-1.253906,
11.813903,0x4B,accel,9.773438,-1.273438,-1.550781,
11.814517,0x4A,accel,7.937500,-4.542969,-1.292969,
11.815142,0x4B,gyro,0.195312,-0.039062,-0.103516,
11.815763,0x4A,gyro,0.134766,-0.056641,-0.142578,
11.818196,0x4B,accel,9.656250,-1.007812,-1.628906,
11.819076,0x4A,accel,8.093750,-4.468750,-1.179688,
11.820989,0x4B,gyro,0.181641,-0.039062,-0.105469,
11.821649,0x4A,gyro,0.117188,-0.048828,-0.171875,
11.822703,0x4B,accel,9.511719,-1.160156,-1.628906,
11.823789,0x4A,accel,7.746094,-4.351562,-1.253906,
11.825671,0x4B,gyro,0.162109,-0.041016,-0.107422,
11.826323,0x4A,gyro,0.105469,-0.042969,-0.195312,
11.827406,0x4B,accel,9.546875,-1.082031,-1.667969,
11.828479,0x4A,accel,7.515625,-4.390625,-1.253906,
11.830380,0x4B,accel,9.511719,-1.238281,-1.628906,
11.830998,0x4A,gyro,0.080078,-0.031250,-0.255859,
11.832068,0x4B,gyro,0.146484,-0.039062,-0.099609,
11.833109,0x4A,accel,7.480469,-4.390625,-1.332031,
11.833751,0x4B,accel,9.585938,-1.042969,-1.781250,
11.834379,0x4A,accel,7.480469,-4.390625,-1.371094,
11.835594,0x4A,gyro,0.042969,-0.017578,-0.339844,
11.836219,0x4B,gyro,0.109375,-0.046875,-0.082031,
11.838258,0x4B,accel,9.589844,-1.273438,-1.781250,
11.839168,0x4A,accel,7.742188,-4.277344,-1.523438,
11.841812,0x4B,gyro,0.087891,-0.048828,-0.064453,
11.842863,0x4A,gyro,0.021484,0.003906,-0.408203,
11.843715,0x4B,accel,9.585938,-0.929688,-1.707031,
11.844391,0x4A,accel,7.707031,-4.121094,-1.292969,
11.846262,0x4B,gyro,0.062500,-0.054688,-0.054688,
11.846906,0x4A,gyro,-0.015625,0.007812,-0.470703,
11.847988,0x4B,accel,9.585938,-0.890625,-1.667969,
11.849058,0x4A,accel,7.363281,-4.085938,-1.292969,
11.850884,0x4B,accel,9.546875,-1.121094,-1.628906,
11.851504,0x4A,gyro,-0.046875,0.017578,-0.560547,
11.852127,0x4B,gyro,0.021484,-0.058594,-0.035156,
11.853355,0x4A,accel,7.593750,-4.121094,-1.562500,
11.853996,0x4B,accel,9.390625,-0.929688,-1.742188,
11.855845,0x4A,accel,7.359375,-3.929688,-1.562500,
11.857197,0x4B,gyro,-0.001953,-0.070312,-0.013672,
11.857823,0x4A,gyro,-0.078125,0.029297,-0.652344,
11.858681,0x4B,accel,9.507812,-1.082031,-1.898438,
11.859314,0x4A,accel,7.320312,-4.007812,-1.714844,
11.861170,0x4B,gyro,-0.042969,-0.080078,0.019531,
11.861822,0x4A,gyro,-0.121094,0.035156,-0.775391,
11.862864,0x4B,accel,9.390625,-1.082031,-1.667969,
11.863934,0x4A,accel,7.250000,-4.046875,-1.675781,
11.865809,0x4B,gyro,-0.082031,-0.085938,0.041016,
11.866462,0x4A,gyro,-0.167969,0.031250,-0.875000,
11.867527,0x4B,accel,9.234375,-1.199219,-1.898438,
11.868585,0x4A,accel,7.636719,-3.816406,-1.945312,
11.869226,0x4B,accel,8.933594,-1.199219,-1.589844,
11.870487,0x4B,gyro,-0.101562,-0.097656,0.058594,
11.871128,0x4A,gyro,-0.189453,0.037109,-0.968750,
11.873083,0x4A,accel,6.597656,-3.738281,-1.484375,
11.873723,0x4B,accel,9.472656,-0.929688,-1.898438,
11.874334,0x4A,accel,5.910156,-4.238281,-1.828125,
11.875561,0x4A,gyro,-0.273438,0.031250,-1.171875,
11.876181,0x4B,gyro,-0.187500,-0.101562,0.107422,
11.878226,0x4B,accel,9.589844,-1.464844,-1.820312,
11.879216,0x4A,accel,6.410156,-4.621094,-1.984375,
11.881672,0x4B,gyro,-0.246094,-0.111328,0.214844,
11.882792,0x4A,gyro,-0.328125,0.007812,-1.423828,
11.883497,0x4B,accel,9.812500,-0.929688,-1.476562,
11.884270,0x4A,accel,7.359375,-4.660156,-1.984375,
11.884929,0x4B,accel,9.660156,-1.390625,-1.628906,
11.886927,0x4B,gyro,-0.292969,-0.119141,0.300781,
11.887961,0x4A,gyro,-0.333984,0.007812,-1.603516,
11.888604,0x4B,accel,8.929688,-0.507812,-1.437500,
11.889402,0x4A,accel,9.777344,-4.390625,-2.175781,
11.891398,0x4B,gyro,-0.261719,-0.148438,0.261719,
11.892008,0x4A,gyro,-0.281250,0.023438,-1.476562,
11.893033,0x4B,accel,8.246094,-0.851562,-1.476562,
11.894299,0x4A,accel,11.425781,-3.050781,-1.867188,
11.895523,0x4A,accel,10.234375,-2.207031,-1.214844,
11.896685,0x4B,gyro,-0.193359,-0.142578,0.076172,
11.897414,0x4A,gyro,-0.236328,-0.013672,-1.101562,
11.898486,0x4B,accel,8.019531,-1.503906,-1.285156,
11.899213,0x4A,accel,8.968750,-2.898438,-1.753906,
11.901067,0x4B,gyro,-0.146484,-0.128906,-0.093750,
11.901723,0x4A,gyro,-0.240234,-0.050781,-0.833984,
11.902756,0x4B,accel,7.976562,-2.308594,-1.628906,
11.903798,0x4A,accel,7.437500,-3.816406,-1.828125,
11.904433,0x4B,accel,8.019531,-2.691406,-2.472656,
11.906292,0x4B,gyro,-0.113281,-0.136719,-0.177734,
11.907418,0x4A,gyro,-0.271484,-0.029297,-0.765625,
11.908277,0x4B,accel,9.277344,-2.386719,-2.585938,
11.909220,0x4A,accel,7.292969,-4.582031,-2.175781,
11.911105,0x4B,gyro,-0.148438,-0.152344,-0.187500,
11.911723,0x4A,gyro,-0.324219,-0.005859,-0.816406,
11.912743,0x4B,accel,9.238281,-2.308594,-2.316406,
11.913384,0x4A,accel,7.515625,-5.042969,-2.250000,
11.914607,0x4A,accel,8.437500,-4.964844,-1.984375,
11.915825,0x4A,gyro,-0.355469,-0.009766,-0.839844,
11.916900,0x4B,gyro,-0.167969,-0.154297,-0.181641,
11.918566,0x4B,accel,9.164062,-1.847656,-2.125000,
11.919271,0x4A,accel,9.429688,-4.812500,-1.484375,
11.919883,0x4B,accel,9.472656,-1.351562,-1.820312,
11.921120,0x4B,gyro,-0.160156,-0.162109,-0.216797,
11.921763,0x4A,gyro,-0.359375,0.021484,-0.757812,
11.923850,0x4A,accel,9.511719,-4.964844,-0.949219,
11.924488,0x4B,accel,9.773438,-0.738281,-1.320312,
11.926361,0x4B,gyro,-0.166016,-0.158203,-0.263672,
11.927422,0x4A,gyro,-0.357422,0.019531,-0.613281,
11.928411,0x4B,accel,10.003906,-0.433594,-1.398438,
11.929202,0x4A,accel,9.312500,-5.578125,-0.566406,
11.931678,0x4A,gyro,-0.333984,0.013672,-0.517578,
11.932761,0x4B,gyro,-0.156250,-0.130859,-0.259766,
11.933490,0x4A,accel,9.355469,-6.152344,-0.527344,
11.934138,0x4B,accel,10.238281,-0.085938,-1.550781,
11.935366,0x4B,gyro,-0.144531,-0.121094,-0.218750,
11.935984,0x4A,accel,9.433594,-6.343750,-0.449219,
11.937066,0x4B,accel,10.316406,0.105469,-1.398438,
11.937682,0x4A,gyro,-0.292969,0.027344,-0.433594,
11.939301,0x4A,accel,9.429688,-6.269531,-0.335938,
11.941143,0x4B,accel,10.277344,0.257812,-1.359375,
11.941764,0x4A,gyro,-0.230469,0.029297,-0.335938,
11.942656,0x4B,gyro,-0.138672,-0.097656,-0.166016,
11.943689,0x4A,accel,9.316406,-6.152344,-0.183594,
11.944325,0x4B,accel,10.199219,0.105469,-1.398438,
11.945597,0x4B,gyro,-0.136719,-0.078125,-0.121094,
11.946254,0x4A,gyro,-0.177734,0.021484,-0.255859,
11.946896,0x4B,accel,9.894531,-0.355469,-1.437500,
11.947918,0x4A,accel,9.085938,-6.000000,-0.296875,
11.951167,0x4B,gyro,-0.123047,-0.042969,-0.076172,
11.951792,0x4A,gyro,-0.125000,0.021484,-0.185547,
11.952807,0x4B,accel,9.699219,-0.851562,-1.511719,
11.953542,0x4A,accel,8.781250,-5.808594,-0.449219,
11.955437,0x4B,accel,9.472656,-1.273438,-1.550781,
11.956059,0x4A,accel,8.480469,-5.578125,-0.566406,
11.956684,0x4B,gyro,-0.091797,-0.021484,-0.041016,
11.957472,0x4A,gyro,-0.072266,0.023438,-0.128906,
11.959340,0x4A,accel,8.242188,-5.308594,-0.640625,
11.959955,0x4B,accel,9.207031,-1.542969,-1.707031,
11.961708,0x4B,gyro,-0.058594,-0.001953,-0.017578,
11.962963,0x4A,gyro,-0.027344,0.033203,-0.093750,
11.963941,0x4B,accel,9.007812,-1.695312,-1.781250,
11.964591,0x4A,accel,8.058594,-4.964844,-0.796875,
11.966467,0x4B,gyro,-0.035156,0.015625,-0.011719,
11.967109,0x4A,gyro,-0.005859,0.033203,-0.080078,
11.968232,0x4B,accel,8.968750,-1.812500,-1.781250,
11.969264,0x4A,accel,7.902344,-4.660156,-0.910156,
11.971116,0x4B,gyro,-0.017578,0.031250,-0.005859,
11.971770,0x4A,gyro,-0.003906,0.031250,-0.080078,
11.972822,0x4B,accel,9.011719,-1.773438,-1.859375,
11.973676,0x4A,accel,7.941406,-4.390625,-1.062500,
11.975548,0x4B,accel,9.046875,-1.734375,-1.933594,
11.976178,0x4A,accel,8.015625,-4.160156,-1.214844,
11.976799,0x4B,gyro,-0.015625,0.035156,-0.017578,
11.977584,0x4A,gyro,-0.003906,0.044922,-0.101562,
11.979239,0x4A,accel,8.097656,-3.968750,-1.332031,
11.979857,0x4B,accel,9.167969,-1.656250,-1.898438,
11.981703,0x4B,gyro,-0.011719,0.041016,-0.015625,
11.982814,0x4A,gyro,-0.013672,0.052734,-0.123047,
11.983885,0x4B,accel,9.203125,-1.621094,-1.781250,
11.984546,0x4A,accel,8.125000,-3.703125,-1.410156,
11.986427,0x4B,gyro,-0.029297,0.041016,-0.013672,
11.987076,0x4A,gyro,-0.046875,0.068359,-0.177734,
11.988171,0x4B,accel,9.207031,-1.621094,-1.707031,
11.989173,0x4A,accel,8.097656,-3.472656,-1.484375,
11.991023,0x4B,gyro,-0.050781,0.033203,-0.025391,
11.991655,0x4A,gyro,-0.083984,0.072266,-0.238281,
11.992675,0x4B,accel,9.085938,-1.582031,-1.550781,
11.993556,0x4A,accel,8.164062,-3.472656,-1.675781,
11.994776,0x4A,accel,7.980469,-3.316406,-1.714844,
11.995384,0x4B,accel,8.929688,-1.621094,-1.589844,
11.996005,0x4A,gyro,-0.126953,0.082031,-0.304688,
11.996621,0x4B,gyro,-0.070312,0.025391,-0.037109,
11.998770,0x4B,accel,8.703125,-1.656250,-1.476562,
11.999404,0x4A,accel,7.781250,-3.281250,-1.828125,
12.001741,0x4B,gyro,-0.091797,0.005859,-0.041016,
12.003094,0x4A,gyro,-0.171875,0.087891,-0.373047,
12.004042,0x4B,accel,8.550781,-1.582031,-1.550781,
12.004810,0x4A,accel,7.824219,-3.242188,-1.828125,
12.006767,0x4B,gyro,-0.121094,-0.013672,-0.050781,
12.008085,0x4A,gyro,-0.216797,0.085938,-0.433594,
12.008787,0x4B,accel,8.402344,-1.582031,-1.589844,
12.009547,0x4A,accel,7.863281,-3.281250,-1.945312,
12.011391,0x4B,gyro,-0.144531,-0.031250,-0.070312,
12.012050,0x4A,gyro,-0.267578,0.087891,-0.464844,
12.013119,0x4B,accel,8.320312,-1.582031,-1.628906,
12.013867,0x4A,accel,7.781250,-3.394531,-1.984375,
12.014482,0x4B,accel,8.246094,-1.582031,-1.707031,
12.015697,0x4B,gyro,-0.169922,-0.048828,-0.097656,
12.016309,0x4A,accel,7.824219,-3.585938,-1.984375,
12.017961,0x4A,gyro,-0.304688,0.083984,-0.482422,
12.019006,0x4B,accel,8.320312,-1.582031,-1.667969,
12.019631,0x4A,accel,7.785156,-3.855469,-1.906250,
12.021470,0x4B,gyro,-0.173828,-0.062500,-0.109375,
12.022116,0x4A,gyro,-0.332031,0.078125,-0.484375,
12.023147,0x4B,accel,8.203125,-1.503906,-1.550781,
12.024234,0x4A,accel,7.859375,-4.085938,-1.828125,
12.026154,0x4B,gyro,-0.177734,-0.072266,-0.113281,
12.026812,0x4A,gyro,-0.335938,0.076172,-0.472656,
12.027862,0x4B,accel,8.246094,-1.312500,-1.511719,
12.028978,0x4A,accel,7.820312,-4.312500,-1.714844,
12.030783,0x4B,gyro,-0.171875,-0.082031,-0.117188,
12.031392,0x4A,gyro,-0.332031,0.054688,-0.449219,
12.032695,0x4B,accel,8.359375,-1.238281,-1.359375,
12.033653,0x4A,accel,7.941406,-4.582031,-1.484375,
12.034388,0x4B,accel,8.472656,-1.160156,-1.320312,
12.036192,0x4A,accel,8.019531,-4.773438,-1.292969,
12.037328,0x4B,gyro,-0.160156,-0.078125,-0.115234,
12.037955,0x4A,gyro,-0.310547,0.041016,-0.412109,
12.039026,0x4B,accel,8.589844,-1.121094,-1.246094,
12.039687,0x4A,accel,8.125000,-4.964844,-1.101562,
12.041635,0x4B,gyro,-0.142578,-0.080078,-0.095703,
12.042303,0x4A,gyro,-0.267578,0.021484,-0.376953,
12.043383,0x4B,accel,8.707031,-1.082031,-1.167969,
12.044447,0x4A,accel,8.125000,-5.117188,-0.949219,
12.046318,0x4B,gyro,-0.121094,-0.068359,-0.068359,
12.047016,0x4A,gyro,-0.203125,0.007812,-0.345703,
12.048062,0x4B,accel,8.851562,-1.199219,-1.128906,
12.049118,0x4A,accel,8.097656,-5.156250,-0.796875,
12.050937,0x4B,accel,8.894531,-1.429688,-1.167969,
12.051551,0x4A,gyro,-0.152344,-0.011719,-0.335938,
12.052568,0x4B,gyro,-0.080078,-0.058594,-0.039062,
12.053614,0x4A,accel,8.054688,-5.234375,-0.796875,
12.054250,0x4B,accel,8.933594,-1.582031,-1.359375,
12.054871,0x4A,accel,8.125000,-5.156250,-0.796875,
12.056079,0x4A,gyro,-0.078125,-0.017578,-0.332031,
12.057134,0x4B,gyro,-0.039062,-0.046875,-0.007812,
12.058871,0x4B,accel,8.929688,-1.695312,-1.437500,
12.059545,0x4A,accel,8.093750,-4.925781,-0.757812,
12.061426,0x4B,gyro,-0.005859,-0.037109,0.025391,
12.062075,0x4A,gyro,-0.017578,-0.033203,-0.341797,
12.063152,0x4B,accel,8.890625,-1.847656,-1.476562,
12.064233,0x4A,accel,8.058594,-4.734375,-0.757812,
12.066095,0x4B,accel,8.929688,-2.003906,-1.511719,
12.066722,0x4A,gyro,0.031250,-0.039062,-0.361328,
12.067911,0x4B,gyro,0.025391,-0.019531,0.044922,
12.068991,0x4A,accel,8.097656,-4.542969,-0.832031,
12.070808,0x4B,accel,8.894531,-2.195312,-1.550781,
12.071420,0x4A,gyro,0.078125,-0.041016,-0.390625,
12.072494,0x4B,gyro,0.060547,-0.007812,0.056641,
12.073570,0x4A,accel,8.097656,-4.312500,-0.871094,
12.074204,0x4B,accel,8.812500,-2.269531,-1.667969,
12.074821,0x4A,accel,8.125000,-4.121094,-0.988281,
12.076048,0x4A,gyro,0.101562,-0.029297,-0.425781,
12.076708,0x4B,gyro,0.095703,-0.001953,0.062500,
12.078763,0x4B,accel,8.851562,-2.234375,-1.667969,
12.079590,0x4A,accel,8.207031,-4.007812,-1.023438,
12.081467,0x4B,gyro,0.119141,0.011719,0.056641,
12.082110,0x4A,gyro,0.109375,-0.019531,-0.468750,
12.083141,0x4B,accel,8.785156,-2.156250,-1.742188,
12.084227,0x4A,accel,8.242188,-3.703125,-1.062500,
12.086126,0x4B,accel,8.816406,-1.925781,-1.781250,
12.086758,0x4A,gyro,0.111328,-0.005859,-0.498047,
12.087955,0x4B,gyro,0.130859,0.013672,0.044922,
12.088993,0x4A,accel,8.242188,-3.703125,-1.062500,
12.089603,0x4B,accel,8.785156,-1.812500,-1.820312,
12.091408,0x4A,gyro,0.099609,0.009766,-0.535156,
12.092272,0x4B,gyro,0.132812,0.023438,0.033203,
12.093429,0x4A,accel,8.281250,-3.625000,-1.101562,
12.094257,0x4B,accel,8.785156,-1.464844,-1.820312,
12.094897,0x4A,accel,8.246094,-3.585938,-1.140625,
12.096169,0x4A,gyro,0.089844,0.033203,-0.574219,
12.096820,0x4B,gyro,0.125000,0.021484,0.035156,
12.098821,0x4B,accel,8.703125,-1.273438,-1.820312,
12.099595,0x4A,accel,8.246094,-3.546875,-1.101562,
12.101459,0x4B,gyro,0.105469,0.025391,0.037109,
12.102087,0x4A,gyro,0.060547,0.050781,-0.609375,
12.103114,0x4B,accel,8.585938,-1.042969,-1.742188,
12.104128,0x4A,accel,8.281250,-3.511719,-1.023438,
12.105948,0x4B,accel,8.507812,-0.890625,-1.628906,
12.106567,0x4A,gyro,0.046875,0.056641,-0.634766,
12.107594,0x4B,gyro,0.070312,0.027344,0.050781,
12.108646,0x4A,accel,8.207031,-3.511719,-1.062500,
12.109258,0x4B,accel,8.359375,-0.816406,-1.628906,
12.112003,0x4B,gyro,0.056641,0.027344,0.046875,
12.113246,0x4A,gyro,0.029297,0.068359,-0.644531,
12.114320,0x4B,accel,8.246094,-0.660156,-1.511719,
12.114964,0x4A,accel,8.246094,-3.511719,-1.062500,
12.116211,0x4A,accel,7.980469,-3.472656,-1.062500,
12.116858,0x4B,gyro,0.029297,0.031250,0.052734,
12.117866,0x4A,gyro,0.013672,0.056641,-0.640625,
12.118942,0x4B,accel,8.167969,-0.660156,-1.437500,
12.119648,0x4A,accel,7.898438,-3.585938,-1.140625,
12.121519,0x4B,gyro,0.005859,0.029297,0.076172,
12.122164,0x4A,gyro,-0.003906,0.060547,-0.658203,
12.123230,0x4B,accel,8.125000,-0.585938,-1.359375,
12.124280,0x4A,accel,7.976562,-3.625000,-1.101562,
12.124901,0x4B,accel,8.085938,-0.468750,-1.359375,
12.126822,0x4B,gyro,-0.007812,0.027344,0.097656,
12.127890,0x4A,gyro,-0.005859,0.054688,-0.667969,
12.128864,0x4B,accel,8.128906,-0.507812,-1.437500,
12.129525,0x4A,accel,7.902344,-3.585938,-1.062500,
12.131344,0x4B,gyro,-0.027344,0.029297,0.119141,
12.131960,0x4A,gyro,-0.013672,0.046875,-0.667969,
12.133257,0x4B,accel,8.207031,-0.394531,-1.437500,
12.133931,0x4A,accel,8.054688,-3.546875,-1.140625,
12.137103,0x4B,gyro,-0.054688,0.035156,0.140625,
12.137739,0x4A,accel,8.167969,-3.511719,-1.101562,
12.138831,0x4B,accel,8.285156,-0.507812,-1.511719,
12.141287,0x4B,gyro,-0.076172,0.037109,0.154297,
12.142926,0x4B,accel,8.398438,-0.660156,-1.550781,
12.143541,0x4A,gyro,-0.007812,0.033203,-0.667969,
12.144667,0x4B,accel,8.472656,-0.851562,-1.628906,
12.145756,0x4A,gyro,-0.017578,0.019531,-0.675781,
12.145760,0x4A,accel,8.125000,-3.394531,-1.101562,
12.146376,0x4B,gyro,-0.085938,0.033203,0.175781,
12.146995,0x4A,accel,8.324219,-3.433594,-1.253906,
12.147608,0x4B,accel,8.472656,-0.968750,-1.707031,
12.149155,0x4A,gyro,-0.023438,0.027344,-0.695312,
12.149159,0x4A,accel,8.281250,-3.203125,-1.292969,
12.151013,0x4B,gyro,-0.103516,0.035156,0.199219,
12.151657,0x4A,gyro,-0.025391,0.025391,-0.728516,
12.152983,0x4B,accel,8.507812,-1.273438,-1.707031,
12.153993,0x4A,accel,8.441406,-3.242188,-1.371094,
12.156569,0x4A,accel,8.398438,-2.781250,-1.371094,
12.157811,0x4B,gyro,-0.105469,0.027344,0.195312,
12.158482,0x4A,gyro,-0.039062,0.029297,-0.748047,
12.159247,0x4B,accel,8.402344,-1.238281,-1.589844,
12.159925,0x4A,accel,8.242188,-2.781250,-1.445312,
12.161756,0x4B,accel,8.398438,-1.503906,-1.781250,
12.162384,0x4A,gyro,-0.052734,0.029297,-0.771484,
12.163187,0x4B,gyro,-0.111328,0.031250,0.191406,
12.164240,0x4A,accel,8.207031,-2.820312,-1.562500,
12.164849,0x4B,accel,8.398438,-1.351562,-1.898438,
12.166825,0x4B,gyro,-0.121094,0.023438,0.193359,
12.167848,0x4A,gyro,-0.070312,0.042969,-0.812500,
12.168906,0x4B,accel,8.363281,-1.429688,-1.898438,
12.169725,0x4A,accel,8.441406,-2.820312,-1.675781,
12.171599,0x4B,gyro,-0.126953,0.019531,0.177734,
12.172253,0x4A,gyro,-0.089844,0.044922,-0.835938,
12.173297,0x4B,accel,8.324219,-1.238281,-1.859375,
12.174082,0x4A,accel,8.324219,-2.550781,-1.445312,
12.175956,0x4B,accel,8.242188,-1.273438,-1.820312,
12.176601,0x4A,accel,8.242188,-2.628906,-1.484375,
12.177241,0x4B,gyro,-0.138672,0.025391,0.166016,
12.178042,0x4A,gyro,-0.111328,0.041016,-0.851562,
12.179737,0x4A,accel,8.246094,-2.820312,-1.562500,
12.180350,0x4B,accel,8.320312,-1.238281,-1.820312,
12.181572,0x4B,gyro,-0.154297,0.025391,0.164062,
12.182203,0x4A,gyro,-0.121094,0.050781,-0.871094,
12.183975,0x4A,accel,8.203125,-2.898438,-1.562500,
12.184608,0x4B,accel,8.285156,-1.121094,-1.707031,
12.186433,0x4A,gyro,-0.126953,0.052734,-0.896484,
12.187053,0x4B,gyro,-0.150391,0.015625,0.169922,
12.188107,0x4A,accel,8.281250,-2.972656,-1.484375,
12.188949,0x4B,accel,8.324219,-1.007812,-1.550781,
12.192051,0x4A,gyro,-0.126953,0.041016,-0.910156,
12.193100,0x4B,gyro,-0.160156,0.017578,0.177734,
12.194098,0x4A,accel,8.441406,-3.050781,-1.410156,
12.194756,0x4B,accel,8.320312,-1.042969,-1.437500,
12.196014,0x4B,accel,8.242188,-0.929688,-1.285156,
12.196676,0x4A,accel,8.359375,-2.898438,-1.332031,
12.198058,0x4B,gyro,-0.156250,0.017578,0.183594,
12.198702,0x4A,gyro,-0.117188,0.029297,-0.888672,
12.199332,0x4B,accel,8.242188,-1.390625,-1.437500,
12.199958,0x4A,accel,8.359375,-3.203125,-1.410156,
12.202194,0x4B,gyro,-0.144531,0.011719,0.193359,
12.203209,0x4A,gyro,-0.095703,0.015625,-0.898438,
12.204265,0x4B,accel,8.242188,-1.199219,-1.437500,
12.204960,0x4A,accel,8.285156,-3.089844,-1.371094,
12.206804,0x4B,gyro,-0.134766,0.005859,0.199219,
12.207428,0x4A,gyro,-0.076172,0.007812,-0.876953,
12.208501,0x4B,accel,8.167969,-1.503906,-1.437500,
12.209275,0x4A,accel,8.320312,-3.089844,-1.410156,
12.211777,0x4A,gyro,-0.046875,0.000000,-0.871094,
12.212819,0x4B,gyro,-0.111328,0.003906,0.197266,
12.213921,0x4A,accel,8.285156,-2.972656,-1.332031,
12.214574,0x4B,accel,8.128906,-1.351562,-1.437500,
12.215214,0x4A,accel,8.242188,-3.050781,-1.445312,
12.215848,0x4B,accel,8.128906,-1.542969,-1.511719,
12.216493,0x4A,gyro,-0.027344,-0.013672,-0.849609,
12.217856,0x4B,gyro,-0.091797,0.011719,0.199219,
12.219512,0x4B,accel,8.164062,-1.429688,-1.589844,
12.220148,0x4A,accel,8.246094,-3.011719,-1.371094,
12.222454,0x4B,gyro,-0.074219,0.013672,0.205078,
12.223474,0x4A,gyro,-0.007812,-0.019531,-0.849609,
12.224519,0x4B,accel,8.242188,-1.429688,-1.628906,
12.225138,0x4A,accel,8.207031,-3.011719,-1.332031,
12.226964,0x4B,gyro,-0.064453,0.013672,0.212891,
12.227584,0x4A,gyro,0.011719,-0.025391,-0.861328,
12.228626,0x4B,accel,8.324219,-1.429688,-1.589844,
12.229730,0x4A,accel,8.320312,-3.089844,-1.445312,
12.231581,0x4B,gyro,-0.052734,0.013672,0.222656,
12.232215,0x4A,gyro,0.027344,-0.027344,-0.863281,
12.233286,0x4B,accel,8.402344,-1.312500,-1.511719,
12.234139,0x4A,accel,8.359375,-2.933594,-1.371094,
12.234777,0x4B,accel,8.359375,-1.429688,-1.437500,
12.236047,0x4B,gyro,-0.046875,0.013672,0.242188,
12.236689,0x4A,accel,8.359375,-2.933594,-1.371094,
12.238345,0x4A,gyro,0.046875,-0.039062,-0.875000,
12.239390,0x4B,accel,8.402344,-1.503906,-1.437500,
12.240013,0x4A,accel,8.703125,-2.742188,-1.562500,
12.241827,0x4B,gyro,-0.009766,0.013672,0.240234,
12.242452,0x4A,gyro,0.068359,-0.041016,-0.853516,
12.243463,0x4B,accel,8.246094,-1.429688,-1.550781,
12.244505,0x4A,accel,8.054688,-2.515625,-1.292969,
12.246962,0x4A,gyro,0.068359,-0.054688,-0.859375,
12.247602,0x4B,gyro,-0.017578,0.007812,0.234375,
12.248642,0x4A,accel,8.167969,-2.898438,-1.675781,
12.249301,0x4B,accel,8.164062,-1.734375,-1.589844,
12.251873,0x4B,gyro,0.005859,0.003906,0.248047,
12.252514,0x4A,gyro,0.083984,-0.050781,-0.876953,
12.253598,0x4B,accel,8.320312,-1.621094,-1.589844,
12.254263,0x4A,accel,8.546875,-2.550781,-1.675781,
12.254901,0x4B,accel,8.285156,-1.464844,-1.589844,
12.255535,0x4A,accel,8.324219,-2.398438,-1.410156,
12.256178,0x4B,gyro,0.013672,-0.007812,0.242188,
12.257549,0x4A,gyro,0.078125,-0.058594,-0.859375,
12.259356,0x4A,accel,8.441406,-2.515625,-1.601562,
12.259978,0x4B,accel,8.402344,-1.503906,-1.511719,
12.262406,0x4A,gyro,0.076172,-0.060547,-0.861328,
12.263427,0x4B,gyro,0.019531,-0.005859,0.236328,
12.264466,0x4A,accel,8.507812,-2.550781,-1.562500,
12.265105,0x4B,accel,8.511719,-1.390625,-1.742188,
12.266949,0x4A,gyro,0.076172,-0.062500,-0.871094,
12.267571,0x4B,gyro,0.009766,-0.007812,0.244141,
12.268675,0x4A,accel,8.546875,-2.515625,-1.523438,
12.269410,0x4B,accel,8.550781,-1.312500,-1.742188,
12.271906,0x4B,gyro,0.007812,-0.011719,0.265625,
12.272949,0x4A,gyro,0.082031,-0.048828,-0.892578,
12.273663,0x4B,accel,8.628906,-1.351562,-1.667969,
12.274397,0x4A,accel,8.859375,-2.550781,-1.601562,
12.275058,0x4B,accel,8.703125,-1.160156,-1.550781,
12.275706,0x4A,accel,8.863281,-2.207031,-1.371094,
12.276336,0x4B,gyro,0.019531,-0.015625,0.259766,
12.276957,0x4A,gyro,0.085938,-0.054688,-0.859375,
12.277571,0x4B,accel,8.546875,-1.238281,-1.628906,
12.279999,0x4A,accel,8.511719,-2.359375,-1.484375,
12.281822,0x4B,gyro,0.007812,-0.013672,0.253906,
12.282445,0x4A,gyro,0.078125,-0.064453,-0.843750,
12.283442,0x4B,accel,8.589844,-1.503906,-1.667969,
12.284459,0x4A,accel,8.746094,-2.476562,-1.636719,
12.286952,0x4A,gyro,0.078125,-0.058594,-0.837891,
12.288228,0x4B,gyro,0.021484,-0.019531,0.255859,
12.289295,0x4A,accel,8.589844,-2.285156,-1.562500,
12.289936,0x4B,accel,8.625000,-1.312500,-1.898438,
12.291178,0x4B,accel,8.507812,-1.351562,-1.859375,
12.291812,0x4A,gyro,0.076172,-0.056641,-0.828125,
12.293189,0x4B,gyro,0.021484,-0.023438,0.257812,
12.294294,0x4A,accel,8.511719,-2.320312,-1.601562,
12.294955,0x4B,accel,8.511719,-1.390625,-1.781250,
12.296791,0x4A,accel,8.664062,-2.398438,-1.562500,
12.297418,0x4B,gyro,0.009766,-0.017578,0.259766,
12.298299,0x4A,gyro,0.068359,-0.050781,-0.830078,
12.299348,0x4B,accel,8.585938,-1.273438,-1.667969,
12.299984,0x4A,accel,8.820312,-2.246094,-1.601562,
12.301821,0x4B,gyro,0.013672,-0.019531,0.267578,
12.302434,0x4A,gyro,0.070312,-0.054688,-0.798828,
12.303432,0x4B,accel,8.550781,-1.199219,-2.011719,
12.304476,0x4A,accel,8.550781,-2.285156,-1.484375,
12.306343,0x4B,accel,8.546875,-1.312500,-1.820312,
12.306995,0x4A,gyro,0.054688,-0.060547,-0.777344,
12.308324,0x4B,gyro,0.001953,-0.019531,0.261719,
12.309410,0x4A,accel,8.890625,-2.550781,-1.675781,
12.310069,0x4B,accel,8.703125,-1.199219,-1.820312,
12.311941,0x4A,gyro,0.072266,-0.050781,-0.722656,
12.312937,0x4B,gyro,0.009766,-0.023438,0.261719,
12.314004,0x4A,accel,9.050781,-2.398438,-1.562500,
12.314730,0x4B,accel,8.546875,-0.929688,-1.781250,
12.315351,0x4A,accel,8.824219,-2.550781,-1.410156,
12.316570,0x4A,gyro,0.068359,-0.052734,-0.626953,
12.317201,0x4B,gyro,0.013672,-0.015625,0.244141,
12.319227,0x4B,accel,8.546875,-0.968750,-1.589844,
12.319972,0x4A,accel,8.824219,-2.898438,-1.410156,
12.321778,0x4B,gyro,0.019531,-0.019531,0.238281,
12.322392,0x4A,gyro,0.091797,-0.050781,-0.533203,
12.323399,0x4B,accel,8.589844,-0.777344,-1.667969,
12.324456,0x4A,accel,8.933594,-3.125000,-1.214844,
12.326350,0x4B,accel,8.511719,-0.585938,-1.589844,
12.327001,0x4A,gyro,0.117188,-0.052734,-0.408203,
12.328173,0x4B,gyro,0.029297,-0.017578,0.238281,
12.329229,0x4A,accel,8.968750,-3.242188,-1.062500,
12.329871,0x4B,accel,8.625000,-0.394531,-1.550781,
12.331741,0x4A,gyro,0.142578,-0.054688,-0.257812,
12.332743,0x4B,gyro,0.042969,-0.009766,0.240234,
12.333803,0x4A,accel,8.933594,-3.394531,-0.832031,
12.334789,0x4B,accel,8.628906,-0.394531,-1.207031,
12.335401,0x4A,accel,9.085938,-3.394531,-0.832031,
12.336631,0x4A,gyro,0.166016,-0.060547,-0.105469,
12.337255,0x4B,gyro,0.048828,0.001953,0.244141,
12.339293,0x4B,accel,8.667969,-0.433594,-1.285156,
12.339993,0x4A,accel,9.128906,-3.281250,-0.796875,
12.341797,0x4B,gyro,0.064453,0.003906,0.248047,
12.342411,0x4A,gyro,0.197266,-0.054688,0.054688,
12.343418,0x4B,accel,8.707031,-0.585938,-1.207031,
12.344503,0x4A,accel,8.968750,-3.164062,-0.988281,
12.345155,0x4B,accel,8.855469,-0.777344,-1.246094,
12.346433,0x4B,gyro,0.085938,0.009766,0.248047,
12.347075,0x4A,gyro,0.236328,-0.066406,0.208984,
12.349174,0x4A,accel,9.207031,-2.820312,-1.214844,
12.349818,0x4B,accel,8.585938,-0.851562,-1.359375,
12.351691,0x4A,gyro,0.238281,-0.076172,0.333984,
12.352488,0x4B,gyro,0.095703,0.003906,0.240234,
12.353705,0x4A,accel,8.480469,-2.781250,-1.292969,
12.354749,0x4B,accel,8.550781,-1.312500,-1.550781,
12.355363,0x4A,accel,8.742188,-2.859375,-1.714844,
12.356563,0x4A,gyro,0.238281,-0.072266,0.376953,
12.357183,0x4B,gyro,0.099609,0.005859,0.257812,
12.359221,0x4B,accel,8.667969,-1.503906,-1.707031,
12.360048,0x4A,accel,8.667969,-2.246094,-1.753906,
12.361853,0x4B,gyro,0.111328,0.001953,0.244141,
12.362498,0x4A,gyro,0.232422,-0.074219,0.449219,
12.363565,0x4B,accel,8.546875,-1.238281,-1.707031,
12.364620,0x4A,accel,8.511719,-2.128906,-1.714844,
12.365259,0x4B,accel,8.511719,-1.464844,-1.820312,
12.366530,0x4B,gyro,0.091797,-0.005859,0.212891,
12.367185,0x4A,gyro,0.205078,-0.093750,0.525391,
12.369013,0x4A,accel,8.507812,-2.054688,-1.945312,
12.369671,0x4B,accel,8.511719,-1.351562,-1.667969,
12.372151,0x4B,gyro,0.066406,-0.007812,0.201172,
12.372781,0x4A,gyro,0.162109,-0.099609,0.570312,
12.373782,0x4B,accel,8.785156,-1.925781,-1.933594,
12.374482,0x4A,accel,8.398438,-2.246094,-2.210938,
12.375795,0x4A,accel,9.085938,-2.207031,-2.328125,
12.377005,0x4A,gyro,0.160156,-0.080078,0.628906,
12.377623,0x4B,gyro,0.076172,-0.027344,0.183594,
12.379554,0x4B,accel,9.007812,-1.542969,-1.898438,
12.380178,0x4A,accel,9.468750,-1.710938,-2.058594,
12.381997,0x4B,accel,8.890625,-1.429688,-1.933594,
12.382616,0x4A,gyro,0.144531,-0.078125,0.791016,
12.383740,0x4B,gyro,0.078125,-0.046875,0.099609,
12.384810,0x4A,accel,9.585938,-1.746094,-2.175781,
12.385451,0x4B,accel,8.785156,-1.503906,-1.972656,
12.387312,0x4B,gyro,0.072266,-0.062500,0.021484,
12.388358,0x4A,gyro,0.132812,-0.080078,0.955078,
12.389357,0x4B,accel,8.972656,-1.199219,-1.550781,
12.390033,0x4A,accel,9.167969,-1.976562,-1.792969,
12.392455,0x4A,gyro,0.058594,-0.121094,1.019531,
12.393554,0x4B,gyro,0.029297,-0.054688,-0.011719,
12.394532,0x4A,accel,7.398438,-2.667969,-1.371094,
12.395166,0x4B,accel,8.550781,-1.542969,-1.742188,
12.396984,0x4A,accel,7.363281,-3.968750,-1.714844,
12.397601,0x4B,gyro,-0.054688,-0.050781,0.087891,
12.398570,0x4A,gyro,-0.009766,-0.128906,0.812500,
12.399529,0x4B,accel,8.890625,-1.886719,-1.628906,
12.400205,0x4A,accel,8.589844,-4.046875,-1.753906,
12.402070,0x4B,accel,9.511719,-1.695312,-1.589844,
12.402714,0x4A,gyro,-0.009766,-0.091797,0.595703,
12.403516,0x4B,gyro,-0.072266,-0.070312,0.234375,
12.404584,0x4A,accel,9.628906,-3.281250,-1.179688,
12.405316,0x4B,accel,10.082031,-0.816406,-1.128906,
12.407322,0x4A,gyro,-0.005859,-0.072266,0.556641,
12.408633,0x4B,gyro,-0.068359,-0.083984,0.292969,
12.409692,0x4A,accel,10.007812,-2.589844,-0.605469,
12.410323,0x4B,accel,10.460938,-0.738281,-0.976562,
12.412136,0x4A,gyro,-0.017578,-0.111328,0.593750,
12.413362,0x4B,gyro,-0.091797,-0.072266,0.304688,
12.414441,0x4A,accel,9.968750,-2.398438,-0.757812,
12.415066,0x4B,accel,10.464844,-0.816406,-1.093750,
12.416277,0x4B,accel,10.316406,-1.542969,-1.707031,
12.416923,0x4A,accel,9.628906,-2.742188,-1.140625,
12.417545,0x4B,gyro,-0.125000,-0.056641,0.330078,
12.418593,0x4A,gyro,-0.041016,-0.152344,0.595703,
12.420197,0x4A,accel,9.589844,-2.933594,-1.675781,
12.420811,0x4B,accel,10.121094,-2.039062,-2.089844,
12.422750,0x4B,gyro,-0.126953,-0.056641,0.361328,
12.423787,0x4A,gyro,-0.035156,-0.130859,0.539062,
12.424869,0x4B,accel,9.933594,-2.269531,-2.546875,
12.425534,0x4A,accel,9.312500,-2.667969,-1.675781,
12.427424,0x4B,gyro,-0.136719,-0.050781,0.373047,
12.428069,0x4A,gyro,-0.035156,-0.095703,0.496094,
12.429161,0x4B,accel,9.738281,-2.539062,-2.316406,
12.430089,0x4A,accel,9.167969,-2.285156,-1.562500,
12.431909,0x4B,gyro,-0.134766,-0.048828,0.351562,
12.432516,0x4A,gyro,-0.048828,-0.087891,0.490234,
12.433541,0x4B,accel,9.511719,-2.652344,-2.125000,
12.434592,0x4A,accel,8.972656,-2.054688,-1.523438,
12.436403,0x4B,accel,9.429688,-2.769531,-2.125000,
12.437045,0x4A,accel,8.890625,-2.128906,-1.601562,
12.438408,0x4B,gyro,-0.142578,-0.033203,0.318359,
12.439055,0x4A,gyro,-0.074219,-0.087891,0.490234,
12.440087,0x4B,accel,9.355469,-2.808594,-2.125000,
12.440733,0x4A,accel,8.824219,-2.167969,-1.675781,
12.443028,0x4B,gyro,-0.134766,-0.031250,0.283203,
12.444051,0x4A,gyro,-0.089844,-0.080078,0.476562,
12.445063,0x4B,accel,11.464844,-3.000000,-1.589844,
12.445720,0x4A,accel,9.734375,-1.363281,-1.714844,
12.447555,0x4B,gyro,-0.179688,0.009766,0.285156,
12.448172,0x4A,gyro,-0.173828,-0.136719,0.359375,
12.449216,0x4B,accel,7.707031,-5.105469,-1.320312,
12.450216,0x4A,accel,8.054688,-4.542969,-2.597656,
12.452017,0x4B,gyro,-0.058594,-0.027344,0.261719,
12.452641,0x4A,gyro,-0.082031,-0.078125,0.371094,
12.453648,0x4B,accel,9.167969,-1.773438,-3.621094,
12.454714,0x4A,accel,10.050781,-1.519531,-0.449219,
12.455334,0x4B,accel,10.777344,-0.851562,-2.203125,
12.456582,0x4B,gyro,0.007812,-0.070312,0.175781,
12.457226,0x4A,accel,10.273438,-1.902344,-1.636719,
12.458926,0x4A,gyro,-0.001953,0.115234,0.535156,
12.459985,0x4B,accel,9.890625,-0.394531,-0.785156,
12.460633,0x4A,accel,9.085938,-2.093750,-0.679688,
12.462521,0x4B,gyro,-0.091797,-0.017578,0.117188,
12.463171,0x4A,gyro,-0.083984,-0.048828,0.650391,
12.464186,0x4B,accel,9.273438,-1.007812,-1.511719,
12.465230,0x4A,accel,8.589844,-2.781250,-1.179688,
12.467059,0x4B,gyro,-0.117188,-0.001953,0.142578,
12.467679,0x4A,gyro,-0.091797,-0.072266,0.636719,
12.468688,0x4B,accel,9.316406,-1.429688,-2.242188,
12.469718,0x4A,accel,8.585938,-3.125000,-2.097656,
12.472118,0x4A,gyro,-0.060547,-0.029297,0.591797,
12.473143,0x4B,gyro,-0.113281,-0.023438,0.199219,
12.474211,0x4A,accel,8.746094,-2.933594,-1.984375,
12.474837,0x4B,accel,9.468750,-1.351562,-1.742188,
12.475457,0x4A,accel,8.824219,-2.550781,-1.636719,
12.476064,0x4B,accel,9.507812,-1.429688,-1.285156,
12.477311,0x4B,gyro,-0.115234,-0.025391,0.222656,
12.478375,0x4A,gyro,-0.052734,-0.046875,0.582031,
12.479436,0x4B,accel,9.468750,-1.621094,-1.015625,
12.480261,0x4A,accel,8.859375,-2.359375,-1.636719,
12.482150,0x4B,gyro,-0.123047,-0.027344,0.210938,
12.482802,0x4A,gyro,-0.054688,-0.095703,0.601562,
12.483846,0x4B,accel,9.390625,-2.003906,-1.246094,
12.484933,0x4A,accel,8.781250,-2.476562,-1.906250,
12.487390,0x4A,gyro,-0.054688,-0.125000,0.605469,
12.488681,0x4B,gyro,-0.113281,-0.033203,0.201172,
12.489740,0x4A,accel,8.742188,-2.667969,-2.019531,
12.490354,0x4B,accel,9.429688,-2.308594,-1.550781,
12.491556,0x4B,accel,9.550781,-2.539062,-1.628906,
12.492172,0x4A,gyro,-0.035156,-0.128906,0.593750,
12.493510,0x4B,gyro,-0.085938,-0.050781,0.197266,
12.494573,0x4A,accel,8.894531,-2.667969,-2.058594,
12.495306,0x4B,accel,9.660156,-2.578125,-1.589844,
12.497175,0x4A,accel,9.007812,-2.476562,-1.906250,
12.498151,0x4B,gyro,-0.052734,-0.060547,0.175781,
12.498824,0x4A,gyro,-0.007812,-0.132812,0.605469,
12.499913,0x4B,accel,9.660156,-2.460938,-1.628906,
12.500559,0x4A,accel,8.781250,-2.515625,-1.753906,
12.502450,0x4B,gyro,-0.041016,-0.062500,0.150391,
12.503079,0x4A,gyro,0.013672,-0.146484,0.599609,
12.504086,0x4B,accel,9.734375,-2.691406,-1.707031,
12.505128,0x4A,accel,8.820312,-2.820312,-1.792969,
12.506953,0x4B,accel,9.816406,-2.578125,-1.781250,
12.507580,0x4A,gyro,0.035156,-0.148438,0.591797,
12.508936,0x4B,gyro,-0.019531,-0.072266,0.136719,
12.509982,0x4A,accel,8.933594,-2.972656,-1.675781,
12.511793,0x4B,accel,9.851562,-2.539062,-1.628906,
12.512403,0x4A,gyro,0.056641,-0.154297,0.585938,
12.513515,0x4B,gyro,0.000000,-0.072266,0.119141,
12.514675,0x4A,accel,9.128906,-3.050781,-1.675781,
12.515368,0x4B,accel,9.890625,-2.347656,-1.589844,
12.516029,0x4A,accel,9.125000,-3.125000,-1.601562,
12.517302,0x4A,gyro,0.093750,-0.154297,0.617188,
12.517950,0x4B,gyro,0.046875,-0.072266,0.105469,
12.519916,0x4B,accel,9.968750,-2.234375,-1.589844,
12.520578,0x4A,accel,9.125000,-3.242188,-1.445312,
12.522485,0x4B,gyro,0.074219,-0.064453,0.082031,
12.523132,0x4A,gyro,0.128906,-0.164062,0.650391,
12.524145,0x4B,accel,10.082031,-2.269531,-1.437500,
12.525184,0x4A,accel,9.203125,-3.394531,-1.410156,
12.527023,0x4B,accel,10.234375,-2.347656,-1.476562,
12.527645,0x4A,gyro,0.166016,-0.167969,0.675781,
12.528999,0x4B,gyro,0.103516,-0.062500,0.080078,
12.530060,0x4A,accel,9.246094,-3.472656,-1.410156,
12.530670,0x4B,accel,10.277344,-2.425781,-1.476562,
12.532475,0x4A,gyro,0.208984,-0.167969,0.685547,
12.533431,0x4B,gyro,0.140625,-0.060547,0.080078,
12.534504,0x4A,accel,9.285156,-3.472656,-1.371094,
12.535269,0x4B,accel,10.460938,-2.425781,-1.550781,
12.537256,0x4A,accel,9.281250,-3.394531,-1.332031,
12.537959,0x4B,gyro,0.179688,-0.056641,0.083984,
12.538977,0x4A,gyro,0.251953,-0.166016,0.687500,
12.540076,0x4B,accel,10.464844,-2.500000,-1.476562,
12.540774,0x4A,accel,9.242188,-3.281250,-1.292969,
12.542636,0x4B,gyro,0.210938,-0.044922,0.082031,
12.543268,0x4A,gyro,0.294922,-0.171875,0.687500,
12.544288,0x4B,accel,10.460938,-2.539062,-1.550781,
12.545338,0x4A,accel,9.242188,-3.203125,-1.410156,
12.547177,0x4B,accel,10.421875,-2.652344,-1.707031,
12.547802,0x4A,gyro,0.324219,-0.167969,0.675781,
12.548828,0x4B,gyro,0.244141,-0.039062,0.074219,
12.549878,0x4A,accel,9.242188,-3.203125,-1.445312,
12.550493,0x4B,accel,10.425781,-2.652344,-1.742188,
12.552340,0x4A,gyro,0.351562,-0.156250,0.660156,
12.553270,0x4B,gyro,0.269531,-0.039062,0.068359,
12.554326,0x4A,accel,9.203125,-3.011719,-1.484375,
12.555339,0x4B,accel,10.460938,-2.730469,-1.707031,
12.555972,0x4A,accel,9.246094,-2.933594,-1.523438,
12.557248,0x4A,gyro,0.373047,-0.154297,0.658203,
12.557901,0x4B,gyro,0.298828,-0.031250,0.050781,
12.559984,0x4B,accel,10.390625,-2.730469,-1.707031,
12.560620,0x4A,accel,9.128906,-2.898438,-1.523438,
12.562432,0x4B,gyro,0.316406,-0.031250,0.023438,
12.563059,0x4A,gyro,0.386719,-0.148438,0.652344,
12.564055,0x4B,accel,10.355469,-2.691406,-1.707031,
12.565101,0x4A,accel,9.085938,-2.859375,-1.601562,
12.566918,0x4B,accel,10.351562,-2.652344,-1.667969,
12.567541,0x4A,gyro,0.390625,-0.138672,0.638672,
12.568565,0x4B,gyro,0.339844,-0.025391,0.005859,
12.569598,0x4A,accel,9.085938,-2.859375,-1.562500,
12.570214,0x4B,accel,10.394531,-2.460938,-1.707031,
12.573015,0x4B,gyro,0.359375,-0.031250,-0.025391,
12.574206,0x4A,gyro,0.396484,-0.134766,0.626953,
12.575285,0x4B,accel,10.394531,-2.308594,-1.628906,
12.575919,0x4A,accel,9.089844,-2.742188,-1.484375,
12.577165,0x4A,accel,9.046875,-2.781250,-1.484375,
12.577828,0x4B,gyro,0.363281,-0.023438,-0.044922,
12.578930,0x4A,gyro,0.396484,-0.121094,0.615234,
12.580022,0x4B,accel,10.394531,-2.156250,-1.667969,
12.580643,0x4A,accel,9.125000,-2.820312,-1.484375,
12.582458,0x4B,gyro,0.353516,-0.031250,-0.062500,
12.583075,0x4A,gyro,0.382812,-0.111328,0.607422,
12.584098,0x4B,accel,10.421875,-2.003906,-1.742188,
12.585164,0x4A,accel,9.167969,-2.859375,-1.484375,
12.585772,0x4B,accel,10.460938,-1.886719,-1.667969,
12.586986,0x4B,gyro,0.355469,-0.027344,-0.082031,
12.587602,0x4A,gyro,0.373047,-0.107422,0.603516,
12.589510,0x4A,accel,9.203125,-2.781250,-1.445312,
12.590140,0x4B,accel,10.394531,-1.734375,-1.707031,
12.592613,0x4B,gyro,0.339844,-0.029297,-0.087891,
12.593263,0x4A,gyro,0.355469,-0.097656,0.607422,
12.594295,0x4B,accel,10.390625,-1.695312,-1.707031,
12.597545,0x4A,accel,8.972656,-2.933594,-1.484375,
12.598184,0x4B,gyro,0.332031,-0.023438,-0.107422,
12.599823,0x4B,accel,10.351562,-1.621094,-1.742188,
12.602240,0x4B,accel,10.355469,-1.503906,-1.707031,
12.602849,0x4A,gyro,0.339844,-0.083984,0.605469,
12.603874,0x4B,gyro,0.320312,-0.023438,-0.111328,
12.604486,0x4A,accel,9.011719,-2.972656,-1.371094,
12.605544,0x4B,accel,10.312500,-1.429688,-1.707031,
12.606681,0x4A,gyro,0.324219,-0.076172,0.603516,
12.606696,0x4A,accel,9.085938,-2.933594,-1.445312,
12.607339,0x4B,gyro,0.304688,-0.013672,-0.117188,
12.607984,0x4A,gyro,0.304688,-0.072266,0.615234,
12.609393,0x4B,accel,10.316406,-1.390625,-1.781250,
12.610062,0x4A,accel,9.128906,-2.972656,-1.410156,
12.612533,0x4A,gyro,0.283203,-0.066406,0.632812,
12.613828,0x4B,gyro,0.281250,-0.021484,-0.136719,
12.614895,0x4A,accel,9.007812,-3.050781,-1.371094,
12.615574,0x4B,accel,10.312500,-1.312500,-1.781250,
12.616215,0x4A,accel,9.085938,-3.203125,-1.371094,
12.617472,0x4A,gyro,0.263672,-0.062500,0.658203,
12.618841,0x4B,gyro,0.261719,-0.007812,-0.144531,
12.620288,0x4B,accel,10.351562,-1.273438,-1.820312,
12.620919,0x4A,accel,9.085938,-3.281250,-1.292969,
12.622744,0x4B,accel,10.277344,-1.199219,-1.820312,
12.623366,0x4A,gyro,0.244141,-0.052734,0.699219,
12.624230,0x4B,gyro,0.248047,-0.003906,-0.156250,
12.625280,0x4A,accel,9.203125,-3.433594,-1.332031,
12.625891,0x4B,accel,10.316406,-1.007812,-1.707031,
12.627303,0x4B,gyro,0.228516,0.003906,-0.167969,
12.627938,0x4A,gyro,0.230469,-0.050781,0.746094,
12.629070,0x4B,accel,10.273438,-1.007812,-1.628906,
12.630183,0x4A,accel,9.085938,-3.433594,-1.214844,
12.632657,0x4A,gyro,0.208984,-0.052734,0.794922,
12.633939,0x4B,gyro,0.193359,0.003906,-0.169922,
12.635008,0x4A,accel,9.050781,-3.585938,-1.214844,
12.635684,0x4B,accel,10.394531,-1.042969,-1.550781,
12.636327,0x4A,accel,9.085938,-3.625000,-1.253906,
12.636944,0x4B,accel,10.425781,-1.007812,-1.511719,
12.637563,0x4A,gyro,0.208984,-0.054688,0.833984,
12.638935,0x4B,gyro,0.183594,0.011719,-0.167969,
12.640208,0x4B,accel,10.500000,-1.121094,-1.511719,
12.640822,0x4A,accel,9.050781,-3.625000,-1.253906,
12.642047,0x4A,gyro,0.201172,-0.046875,0.861328,
12.643046,0x4B,gyro,0.167969,0.017578,-0.160156,
12.644840,0x4B,accel,10.539062,-1.121094,-1.511719,
12.645547,0x4A,accel,9.125000,-3.546875,-1.179688,
12.647979,0x4B,gyro,0.160156,0.013672,-0.158203,
12.649157,0x4A,gyro,0.195312,-0.052734,0.880859,
12.649907,0x4B,accel,10.539062,-1.351562,-1.589844,
12.650557,0x4A,accel,9.011719,-3.511719,-1.253906,
12.653619,0x4A,gyro,0.195312,-0.048828,0.878906,
12.654669,0x4B,gyro,0.154297,0.021484,-0.148438,
12.655321,0x4A,accel,9.007812,-3.433594,-1.332031,
12.656021,0x4B,accel,10.539062,-1.503906,-1.589844,
12.656660,0x4A,accel,8.863281,-3.355469,-1.371094,
12.657289,0x4B,accel,10.460938,-1.695312,-1.589844,
12.657906,0x4A,gyro,0.197266,-0.039062,0.878906,
12.658933,0x4B,gyro,0.142578,0.019531,-0.156250,
12.660679,0x4B,accel,10.460938,-1.964844,-1.667969,
12.661295,0x4A,accel,8.890625,-3.316406,-1.445312,
12.663136,0x4B,gyro,0.146484,0.029297,-0.162109,
12.663810,0x4A,gyro,0.185547,-0.031250,0.867188,
12.664912,0x4B,accel,10.425781,-1.964844,-1.707031,
12.665598,0x4A,accel,8.781250,-3.242188,-1.445312,
12.667521,0x4B,gyro,0.144531,0.025391,-0.179688,
12.668189,0x4A,gyro,0.175781,-0.023438,0.845703,
12.669599,0x4B,accel,10.351562,-2.117188,-1.667969,
12.670635,0x4A,accel,8.781250,-3.203125,-1.601562,
12.673168,0x4A,gyro,0.169922,-0.009766,0.833984,
12.673811,0x4B,gyro,0.154297,0.025391,-0.201172,
12.674960,0x4A,accel,8.746094,-3.242188,-1.523438,
12.675590,0x4B,accel,10.316406,-2.195312,-1.707031,
12.676802,0x4B,accel,10.312500,-2.234375,-1.667969,
12.677420,0x4A,accel,8.667969,-3.281250,-1.484375,
12.678760,0x4B,gyro,0.150391,0.029297,-0.226562,
12.679380,0x4A,gyro,0.146484,-0.003906,0.828125,
12.680427,0x4B,accel,10.316406,-2.156250,-1.742188,
12.681043,0x4A,accel,8.589844,-3.433594,-1.523438,
12.682264,0x4A,gyro,0.134766,0.011719,0.810547,
12.682894,0x4B,gyro,0.150391,0.025391,-0.248047,
12.683529,0x4A,accel,8.667969,-3.585938,-1.484375,
12.684565,0x4B,accel,10.312500,-1.964844,-1.742188,
12.687507,0x4B,gyro,0.146484,0.023438,-0.269531,
12.688153,0x4A,gyro,0.119141,0.025391,0.794922,
12.689209,0x4B,accel,10.351562,-1.656250,-1.628906,
12.689997,0x4A,accel,8.781250,-3.664062,-1.410156,
12.692430,0x4A,gyro,0.103516,0.029297,0.791016,
12.693670,0x4B,gyro,0.138672,0.023438,-0.273438,
12.694708,0x4A,accel,8.667969,-3.816406,-1.292969,
12.695342,0x4B,accel,10.355469,-1.503906,-1.628906,
12.696554,0x4B,accel,10.394531,-1.429688,-1.476562,
12.697174,0x4A,accel,8.742188,-4.121094,-1.371094,
12.697793,0x4B,gyro,0.128906,0.025391,-0.281250,
12.698817,0x4A,gyro,0.093750,0.029297,0.796875,
12.699866,0x4B,accel,10.390625,-1.351562,-1.511719,
12.700653,0x4A,accel,8.894531,-4.160156,-1.292969,
12.703025,0x4B,gyro,0.123047,0.027344,-0.281250,
12.704314,0x4A,gyro,0.093750,0.031250,0.816406,
12.705378,0x4B,accel,10.355469,-1.429688,-1.398438,
12.706024,0x4A,accel,8.820312,-4.199219,-1.292969,
12.707890,0x4B,gyro,0.132812,0.029297,-0.289062,
12.708538,0x4A,gyro,0.103516,0.029297,0.855469,
12.709609,0x4B,accel,10.355469,-1.351562,-1.511719,
12.710536,0x4A,accel,8.707031,-4.351562,-1.179688,
12.712344,0x4B,accel,10.316406,-1.542969,-1.511719,
12.712956,0x4A,gyro,0.111328,0.023438,0.875000,
12.713974,0x4B,gyro,0.121094,0.035156,-0.279297,
12.714600,0x4A,accel,8.746094,-4.429688,-1.410156,
12.715756,0x4B,accel,10.273438,-1.464844,-1.511719,
12.716366,0x4A,accel,8.550781,-4.351562,-1.292969,
12.717577,0x4A,gyro,0.115234,0.025391,0.904297,
12.718687,0x4B,gyro,0.126953,0.039062,-0.281250,
12.720411,0x4B,accel,10.238281,-1.695312,-1.550781,
12.721053,0x4A,accel,8.480469,-4.468750,-1.371094,
12.722916,0x4B,gyro,0.136719,0.039062,-0.283203,
12.723567,0x4A,gyro,0.126953,0.023438,0.908203,
12.724605,0x4B,accel,10.277344,-1.621094,-1.398438,
12.725676,0x4A,accel,8.476562,-4.390625,-1.292969,
12.727566,0x4B,accel,10.273438,-1.695312,-1.511719,
12.728223,0x4A,gyro,0.128906,0.023438,0.914062,
12.729450,0x4B,gyro,0.136719,0.041016,-0.279297,
12.730531,0x4A,accel,8.359375,-4.277344,-1.332031,
12.732338,0x4B,accel,10.273438,-1.773438,-1.550781,
12.732952,0x4A,gyro,0.138672,0.023438,0.900391,
12.734065,0x4B,gyro,0.142578,0.044922,-0.275391,
12.735137,0x4A,accel,8.480469,-4.312500,-1.410156,
12.735775,0x4B,accel,10.273438,-1.695312,-1.667969,
12.737603,0x4A,accel,8.480469,-4.160156,-1.410156,
12.738226,0x4B,gyro,0.148438,0.039062,-0.281250,
12.739251,0x4A,gyro,0.136719,0.031250,0.896484,
12.740281,0x4B,accel,10.238281,-1.773438,-1.707031,
12.740979,0x4A,accel,8.398438,-4.238281,-1.371094,
12.742938,0x4B,gyro,0.144531,0.044922,-0.289062,
12.743615,0x4A,gyro,0.136719,0.041016,0.892578,
12.744662,0x4B,accel,10.234375,-1.847656,-1.667969,
12.745731,0x4A,accel,8.585938,-4.238281,-1.445312,
12.747627,0x4B,accel,10.160156,-1.734375,-1.707031,
12.748302,0x4A,gyro,0.125000,0.044922,0.904297,
12.749483,0x4B,gyro,0.146484,0.048828,-0.308594,
12.750553,0x4A,accel,8.476562,-4.199219,-1.410156,
12.751166,0x4B,accel,10.160156,-1.847656,-1.742188,
12.752974,0x4A,gyro,0.117188,0.056641,0.908203,
12.753937,0x4B,gyro,0.142578,0.044922,-0.326172,
12.754991,0x4A,accel,8.281250,-4.390625,-1.484375,
12.755771,0x4B,accel,10.156250,-1.773438,-1.742188,
12.756385,0x4A,accel,8.242188,-4.503906,-1.445312,
12.757592,0x4A,gyro,0.097656,0.062500,0.910156,
12.758206,0x4B,gyro,0.132812,0.048828,-0.333984,
12.760311,0x4B,accel,10.156250,-1.503906,-1.707031,
12.760961,0x4A,accel,8.398438,-4.621094,-1.410156,
12.762832,0x4B,gyro,0.130859,0.046875,-0.332031,
12.763806,0x4A,gyro,0.087891,0.068359,0.900391,
12.764909,0x4B,accel,10.156250,-1.312500,-1.589844,
12.765790,0x4A,accel,8.585938,-4.542969,-1.371094,
12.767679,0x4B,accel,10.117188,-1.007812,-1.476562,
12.768349,0x4A,gyro,0.087891,0.074219,0.925781,
12.769415,0x4B,gyro,0.125000,0.042969,-0.339844,
12.770465,0x4A,accel,8.359375,-4.503906,-1.253906,
12.771094,0x4B,accel,10.199219,-1.042969,-1.476562,
12.772919,0x4A,gyro,0.083984,0.066406,0.943359,
12.773886,0x4B,gyro,0.115234,0.044922,-0.335938,
12.774926,0x4A,accel,8.167969,-4.699219,-1.371094,
12.775797,0x4B,accel,10.238281,-1.042969,-1.550781,
12.777620,0x4A,accel,8.363281,-4.773438,-1.445312,
12.778256,0x4B,gyro,0.101562,0.056641,-0.320312,
12.779297,0x4A,gyro,0.083984,0.066406,0.927734,
12.780364,0x4B,accel,10.156250,-1.082031,-1.667969,
12.781023,0x4A,accel,8.242188,-4.621094,-1.410156,
12.782880,0x4B,gyro,0.091797,0.048828,-0.314453,
12.783531,0x4A,gyro,0.089844,0.070312,0.937500,
12.784574,0x4B,accel,10.156250,-1.042969,-1.628906,
12.785647,0x4A,accel,7.980469,-4.699219,-1.332031,
12.786285,0x4B,accel,10.117188,-1.351562,-1.589844,
12.787542,0x4B,gyro,0.072266,0.052734,-0.304688,
12.788171,0x4A,gyro,0.082031,0.068359,0.919922,
12.790255,0x4A,accel,8.242188,-4.851562,-1.445312,
12.790871,0x4B,accel,10.078125,-1.351562,-1.667969,
12.792685,0x4A,gyro,0.080078,0.066406,0.919922,
12.793299,0x4B,gyro,0.087891,0.054688,-0.298828,
12.793915,0x4A,accel,8.242188,-4.660156,-1.410156,
12.794931,0x4B,accel,10.078125,-1.351562,-1.667969,
12.798015,0x4A,accel,8.058594,-4.734375,-1.410156,
12.799042,0x4B,gyro,0.060547,0.052734,-0.302734,
12.799704,0x4A,gyro,0.076172,0.068359,0.917969,
12.800788,0x4B,accel,10.117188,-1.503906,-1.667969,
12.801423,0x4A,accel,8.097656,-4.851562,-1.371094,
12.803354,0x4A,gyro,0.072266,0.074219,0.904297,
12.804395,0x4B,gyro,0.060547,0.060547,-0.300781,
12.805551,0x4A,accel,8.164062,-4.851562,-1.410156,
12.806245,0x4B,accel,10.195312,-1.390625,-1.589844,
12.807538,0x4B,accel,10.117188,-1.621094,-1.628906,
12.808170,0x4A,gyro,0.064453,0.074219,0.904297,
12.809109,0x4B,gyro,0.056641,0.052734,-0.300781,
12.810197,0x4A,accel,8.203125,-4.812500,-1.445312,
12.810850,0x4B,accel,10.078125,-1.312500,-1.667969,
12.812671,0x4A,gyro,0.064453,0.082031,0.904297,
12.813290,0x4B,gyro,0.062500,0.056641,-0.312500,
12.815900,0x4B,accel,10.003906,-1.273438,-1.628906,
12.817702,0x4A,accel,7.742188,-4.773438,-1.410156,
12.818357,0x4B,gyro,0.037109,0.058594,-0.318359,
12.820040,0x4B,accel,10.078125,-1.351562,-1.707031,
12.822540,0x4B,accel,10.078125,-1.312500,-1.707031,
12.823196,0x4A,gyro,0.048828,0.076172,0.906250,
12.824256,0x4B,gyro,0.037109,0.058594,-0.306641,
12.824950,0x4A,accel,7.781250,-4.925781,-1.562500,
12.826085,0x4B,accel,10.003906,-1.121094,-1.742188,
12.827246,0x4A,gyro,0.039062,0.080078,0.869141,
12.827254,0x4A,accel,7.902344,-4.812500,-1.562500,
12.827946,0x4B,gyro,0.027344,0.052734,-0.296875,
12.829118,0x4A,gyro,0.033203,0.082031,0.839844,
12.830232,0x4B,accel,10.042969,-1.199219,-1.589844,
12.830864,0x4A,accel,7.785156,-4.773438,-1.484375,
12.833289,0x4A,gyro,0.019531,0.083984,0.808594,
12.834577,0x4B,gyro,0.015625,0.052734,-0.291016,
12.835637,0x4A,accel,7.941406,-4.890625,-1.562500,
12.836277,0x4B,accel,10.000000,-1.312500,-1.628906,
12.838113,0x4A,accel,7.941406,-4.812500,-1.523438,
12.838752,0x4B,gyro,0.015625,0.050781,-0.287109,
12.839684,0x4A,gyro,0.017578,0.082031,0.798828,
12.840608,0x4B,accel,9.933594,-1.199219,-1.628906,
12.841252,0x4A,accel,7.859375,-4.890625,-1.562500,
12.842526,0x4A,gyro,0.015625,0.085938,0.787109,
12.843169,0x4B,accel,9.933594,-1.390625,-1.628906,
12.844589,0x4B,gyro,0.007812,0.048828,-0.289062,
12.845672,0x4A,accel,7.863281,-4.964844,-1.562500,
12.846325,0x4B,accel,9.933594,-1.429688,-1.628906,
12.848199,0x4A,gyro,0.015625,0.082031,0.773438,
12.848824,0x4B,gyro,0.013672,0.042969,-0.296875,
12.849876,0x4A,accel,7.781250,-4.890625,-1.562500,
12.850539,0x4B,accel,9.894531,-1.390625,-1.628906,
12.853983,0x4A,gyro,0.003906,0.085938,0.761719,
12.854986,0x4B,gyro,0.007812,0.046875,-0.300781,
12.855738,0x4A,accel,7.515625,-5.042969,-1.523438,
12.856350,0x4B,accel,9.933594,-1.582031,-1.742188,
12.857590,0x4B,gyro,0.011719,0.044922,-0.300781,
12.858214,0x4A,accel,7.746094,-5.195312,-1.562500,
12.859355,0x4B,accel,9.929688,-1.464844,-1.628906,
12.860065,0x4A,gyro,0.000000,0.087891,0.734375,
12.860741,0x4B,accel,9.929688,-1.351562,-1.667969,
12.861422,0x4A,accel,7.859375,-5.117188,-1.445312,
12.862694,0x4A,gyro,0.000000,0.089844,0.728516,
12.863765,0x4B,gyro,0.013672,0.041016,-0.308594,
12.865430,0x4B,accel,10.000000,-1.312500,-1.589844,
12.866085,0x4A,accel,7.742188,-5.117188,-1.332031,
12.868518,0x4B,gyro,0.005859,0.041016,-0.312500,
12.869537,0x4A,gyro,0.000000,0.095703,0.710938,
12.870346,0x4B,accel,10.039062,-1.273438,-1.550781,
12.870986,0x4A,accel,7.671875,-5.234375,-1.371094,
12.874031,0x4A,gyro,0.000000,0.089844,0.693359,
12.875039,0x4B,gyro,0.009766,0.044922,-0.300781,
12.875786,0x4A,accel,7.742188,-5.273438,-1.410156,
12.876405,0x4B,accel,10.000000,-1.238281,-1.707031,
12.877620,0x4B,accel,10.042969,-1.199219,-1.667969,
12.878248,0x4A,accel,7.671875,-5.234375,-1.410156,
12.879264,0x4B,gyro,-0.001953,0.041016,-0.294922,
12.879881,0x4A,gyro,0.001953,0.093750,0.666016,
12.881156,0x4B,accel,10.000000,-1.238281,-1.667969,
12.881813,0x4A,accel,7.703125,-5.273438,-1.445312,
12.883496,0x4A,gyro,0.007812,0.097656,0.642578,
12.884164,0x4B,gyro,0.001953,0.041016,-0.289062,
12.885218,0x4A,accel,7.703125,-5.273438,-1.445312,
12.886082,0x4B,accel,9.890625,-1.160156,-1.589844,
12.887964,0x4A,gyro,0.001953,0.089844,0.630859,
12.888613,0x4B,gyro,0.001953,0.039062,-0.291016,
12.889673,0x4A,accel,7.632812,-5.234375,-1.484375,
12.890753,0x4B,accel,9.816406,-1.160156,-1.589844,
12.892594,0x4A,gyro,-0.001953,0.087891,0.611328,
12.893208,0x4B,gyro,-0.001953,0.044922,-0.289062,
12.894210,0x4A,accel,7.437500,-5.308594,-1.484375,
12.895293,0x4B,accel,9.851562,-1.199219,-1.589844,
12.897498,0x4A,accel,7.363281,-5.425781,-1.523438,
12.898791,0x4B,accel,9.933594,-1.199219,-1.628906,
12.899851,0x4A,gyro,0.001953,0.089844,0.576172,
12.900951,0x4B,gyro,-0.005859,0.041016,-0.275391,
12.901602,0x4A,accel,7.597656,-5.425781,-1.601562,
12.902256,0x4B,accel,9.855469,-1.238281,-1.667969,
12.903525,0x4A,gyro,-0.005859,0.085938,0.558594,
12.904603,0x4B,gyro,-0.011719,0.039062,-0.271484,
12.906475,0x4A,accel,7.558594,-5.464844,-1.410156,
12.907184,0x4B,accel,9.855469,-1.121094,-1.667969,
12.907826,0x4A,gyro,-0.003906,0.082031,0.541016,
12.908448,0x4B,gyro,-0.009766,0.037109,-0.265625,
12.910008,0x4A,accel,7.597656,-5.578125,-1.445312,
12.910734,0x4B,accel,9.851562,-1.273438,-1.628906,
12.912600,0x4A,gyro,0.007812,0.080078,0.531250,
12.913242,0x4B,gyro,-0.005859,0.035156,-0.263672,
12.914262,0x4A,accel,7.515625,-5.617188,-1.371094,
12.915295,0x4B,accel,9.894531,-1.273438,-1.476562,
12.916530,0x4B,accel,9.890625,-1.312500,-1.511719,
12.917194,0x4A,accel,7.597656,-5.617188,-1.410156,
12.917863,0x4B,gyro,-0.001953,0.037109,-0.255859,
12.918515,0x4A,gyro,0.011719,0.074219,0.515625,
12.921056,0x4B,accel,9.929688,-1.273438,-1.550781,
12.921700,0x4A,accel,7.554688,-5.656250,-1.371094,
12.923601,0x4A,gyro,0.013672,0.068359,0.507812,
12.924652,0x4B,gyro,0.005859,0.033203,-0.253906,
12.925712,0x4A,accel,7.558594,-5.691406,-1.371094,
12.926343,0x4B,accel,10.000000,-1.312500,-1.476562,
12.928168,0x4A,gyro,0.027344,0.068359,0.484375,
12.928788,0x4B,gyro,0.013672,0.037109,-0.251953,
12.929812,0x4A,accel,7.554688,-5.656250,-1.371094,
12.930777,0x4B,accel,10.000000,-1.312500,-1.511719,
12.933204,0x4B,gyro,0.017578,0.037109,-0.250000,
12.934247,0x4A,gyro,0.037109,0.062500,0.468750,
12.935114,0x4B,accel,9.972656,-1.351562,-1.476562,
12.935962,0x4A,accel,7.515625,-5.617188,-1.371094,
12.936603,0x4B,accel,9.929688,-1.351562,-1.511719,
12.937252,0x4A,accel,7.398438,-5.539062,-1.410156,
12.937894,0x4B,gyro,0.027344,0.033203,-0.250000,
12.938533,0x4A,gyro,0.041016,0.060547,0.443359,
12.940980,0x4B,accel,9.929688,-1.390625,-1.550781,
12.941617,0x4A,accel,7.324219,-5.578125,-1.410156,
12.943595,0x4A,gyro,0.052734,0.058594,0.412109,
12.944637,0x4B,gyro,0.037109,0.035156,-0.240234,
12.945691,0x4A,accel,7.292969,-5.539062,-1.410156,
12.946327,0x4B,accel,9.855469,-1.312500,-1.511719,
12.948157,0x4A,gyro,0.050781,0.054688,0.369141,
12.948792,0x4B,gyro,0.039062,0.037109,-0.236328,
12.949817,0x4A,accel,7.253906,-5.539062,-1.410156,
12.950700,0x4B,accel,9.855469,-1.390625,-1.550781,
12.953123,0x4B,accel,9.816406,-1.312500,-1.476562,
12.953741,0x4A,gyro,0.046875,0.048828,0.322266,
12.954989,0x4B,gyro,0.054688,0.031250,-0.232422,
12.956018,0x4A,accel,7.214844,-5.500000,-1.371094,
12.956652,0x4B,accel,9.773438,-1.312500,-1.476562,
12.957944,0x4B,gyro,0.050781,0.029297,-0.224609,
12.958591,0x4A,accel,7.175781,-5.464844,-1.410156,
12.959838,0x4B,accel,9.816406,-1.312500,-1.476562,
12.960520,0x4A,gyro,0.052734,0.044922,0.291016,
12.961848,0x4A,accel,6.976562,-5.464844,-1.332031,
12.963731,0x4A,gyro,0.041016,0.042969,0.238281,
12.964740,0x4B,gyro,0.048828,0.029297,-0.214844,
12.965814,0x4A,accel,7.054688,-5.617188,-1.410156,
12.966456,0x4B,accel,9.929688,-1.312500,-1.476562,
12.967673,0x4B,accel,9.812500,-1.390625,-1.476562,
12.968289,0x4A,gyro,0.044922,0.039062,0.171875,
12.968919,0x4B,gyro,0.054688,0.025391,-0.201172,
12.969928,0x4A,accel,7.175781,-5.464844,-1.371094,
12.972991,0x4B,accel,9.816406,-1.238281,-1.511719,
12.974155,0x4A,gyro,0.044922,0.044922,0.121094,
12.974811,0x4B,gyro,0.054688,0.021484,-0.191406,
12.975924,0x4A,accel,7.250000,-5.347656,-1.332031,
12.976578,0x4B,accel,9.734375,-1.351562,-1.511719,
12.977224,0x4A,accel,6.980469,-5.308594,-1.292969,
12.978490,0x4A,gyro,0.035156,0.046875,0.070312,
12.979134,0x4B,gyro,0.054688,0.015625,-0.189453,
12.981115,0x4B,accel,9.816406,-1.273438,-1.550781,
12.981752,0x4A,accel,6.710938,-5.386719,-1.253906,
12.983705,0x4A,gyro,0.027344,0.041016,0.000000,
12.984760,0x4B,gyro,0.037109,0.013672,-0.175781,
12.985820,0x4A,accel,6.941406,-5.539062,-1.445312,
12.986464,0x4B,accel,9.890625,-1.429688,-1.550781,
12.987691,0x4B,accel,9.855469,-1.351562,-1.667969,
12.988305,0x4A,gyro,0.021484,0.046875,-0.082031,
12.988931,0x4B,gyro,0.050781,0.013672,-0.150391,
12.989978,0x4A,accel,6.941406,-5.539062,-1.371094,
12.991838,0x4B,accel,9.816406,-1.312500,-1.628906,
12.993072,0x4B,gyro,0.042969,0.013672,-0.138672,
12.994262,0x4A,gyro,0.011719,0.050781,-0.160156,
12.995298,0x4B,accel,9.734375,-1.351562,-1.707031,
12.996113,0x4A,accel,7.093750,-5.691406,-1.371094,
12.997978,0x4B,gyro,0.039062,0.015625,-0.130859,
12.998617,0x4A,accel,7.289062,-5.847656,-1.371094,
12.999665,0x4B,accel,9.695312,-1.160156,-1.550781,
13.000325,0x4A,gyro,0.007812,0.058594,-0.193359,
13.001948,0x4A,accel,7.515625,-5.960938,-1.292969,
13.003720,0x4A,gyro,0.011719,0.056641,-0.197266,
13.004748,0x4B,gyro,0.042969,0.009766,-0.132812,
13.005844,0x4A,accel,7.515625,-6.000000,-1.214844,
13.006486,0x4B,accel,9.585938,-1.199219,-1.589844,
13.007695,0x4B,accel,9.617188,-1.042969,-1.437500,
13.008324,0x4A,gyro,0.021484,0.056641,-0.179688,
13.009663,0x4B,gyro,0.042969,0.015625,-0.138672,
13.010598,0x4A,accel,7.398438,-6.113281,-1.292969,
13.011313,0x4B,accel,9.656250,-1.238281,-1.437500,
13.013173,0x4A,gyro,0.021484,0.046875,-0.167969,
13.013824,0x4B,gyro,0.050781,0.017578,-0.134766,
13.015046,0x4A,accel,7.363281,-6.191406,-1.410156,
13.016117,0x4B,accel,9.734375,-1.160156,-1.437500,
13.018023,0x4A,accel,7.289062,-6.191406,-1.371094,
13.018674,0x4B,gyro,0.054688,0.009766,-0.125000,
13.020054,0x4A,gyro,0.027344,0.039062,-0.162109,
13.021137,0x4B,accel,9.734375,-1.160156,-1.476562,
13.021754,0x4A,accel,7.402344,-6.191406,-1.445312,
13.023699,0x4A,gyro,0.029297,0.037109,-0.160156,
13.024701,0x4B,gyro,0.062500,0.009766,-0.117188,
13.025732,0x4A,accel,7.292969,-6.078125,-1.253906,
13.026368,0x4B,accel,9.617188,-1.121094,-1.511719,
13.027582,0x4B,accel,9.656250,-1.042969,-1.476562,
13.028196,0x4A,gyro,0.027344,0.029297,-0.158203,
13.029268,0x4B,gyro,0.064453,0.013672,-0.109375,
13.030345,0x4A,accel,7.398438,-6.113281,-1.292969,
13.031014,0x4B,accel,9.617188,-0.968750,-1.511719,
13.034546,0x4A,gyro,0.037109,0.023438,-0.158203,
13.035594,0x4B,gyro,0.060547,0.007812,-0.101562,
13.036260,0x4A,accel,7.250000,-5.921875,-1.292969,
13.036922,0x4B,accel,9.656250,-0.851562,-1.476562,
13.037566,0x4A,accel,7.175781,-5.886719,-1.292969,
13.038204,0x4B,gyro,0.048828,0.007812,-0.083984,
13.038846,0x4A,gyro,0.041016,0.011719,-0.169922,
13.039862,0x4B,accel,9.660156,-0.890625,-1.511719,
13.042032,0x4A,accel,7.097656,-5.808594,-1.371094,
13.043851,0x4A,gyro,0.035156,0.007812,-0.199219,
13.044912,0x4B,accel,9.695312,-0.890625,-1.511719,
13.045942,0x4A,accel,6.937500,-5.730469,-1.371094,
13.046577,0x4B,gyro,0.052734,0.015625,-0.066406,
13.047782,0x4B,accel,9.734375,-0.968750,-1.511719,
13.048418,0x4A,gyro,0.019531,0.000000,-0.246094,
13.049646,0x4B,gyro,0.031250,0.009766,-0.037109,
13.050720,0x4A,accel,7.359375,-5.730469,-1.523438,
13.051376,0x4B,accel,9.617188,-1.042969,-1.437500,
13.053221,0x4A,gyro,0.021484,-0.003906,-0.283203,
13.053858,0x4B,gyro,0.037109,0.003906,-0.029297,
13.054518,0x4A,accel,7.324219,-5.500000,-1.292969,
13.055751,0x4B,accel,9.550781,-1.238281,-1.550781,
13.057571,0x4A,accel,7.214844,-5.425781,-1.332031,
13.058200,0x4B,gyro,0.029297,0.003906,-0.017578,
13.058818,0x4A,gyro,0.023438,0.000000,-0.318359,
13.059835,0x4B,accel,9.617188,-1.238281,-1.511719,
13.061946,0x4A,accel,7.250000,-5.386719,-1.445312,
13.062562,0x4B,accel,9.589844,-1.464844,-1.437500,
13.063752,0x4A,gyro,0.019531,-0.003906,-0.357422,
13.064798,0x4B,gyro,0.037109,-0.003906,-0.017578,
13.065817,0x4A,accel,7.097656,-5.273438,-1.371094,
13.066499,0x4B,accel,9.617188,-1.542969,-1.589844,
13.068352,0x4A,gyro,0.015625,-0.001953,-0.402344,
13.068994,0x4B,gyro,0.039062,-0.005859,-0.013672,
13.070052,0x4A,accel,6.867188,-5.195312,-1.410156,
13.071091,0x4B,accel,9.695312,-1.390625,-1.628906,
13.072995,0x4A,gyro,-0.003906,0.013672,-0.488281,
13.074640,0x4A,accel,6.828125,-5.195312,-1.445312,
13.075703,0x4B,gyro,0.033203,-0.011719,-0.001953,
13.076940,0x4B,accel,9.816406,-1.390625,-1.742188,
13.077558,0x4A,accel,6.750000,-5.042969,-1.371094,
13.078184,0x4B,gyro,0.015625,-0.015625,0.015625,
13.078797,0x4A,gyro,-0.015625,0.033203,-0.607422,
13.079816,0x4B,accel,9.894531,-1.273438,-1.589844,
13.081064,0x4B,accel,9.816406,-1.160156,-1.589844,
13.081678,0x4A,accel,6.519531,-4.851562,-1.332031,
13.082885,0x4A,gyro,-0.046875,0.035156,-0.740234,
13.083985,0x4B,gyro,-0.009766,-0.019531,0.050781,
13.085901,0x4B,accel,9.890625,-1.082031,-1.707031,
13.086536,0x4A,accel,6.289062,-4.660156,-1.410156,
13.089074,0x4B,gyro,-0.041016,-0.023438,0.093750,
13.090296,0x4A,gyro,-0.078125,0.039062,-0.912109,
13.091027,0x4B,accel,9.851562,-1.238281,-1.550781,
13.091701,0x4A,accel,6.105469,-4.660156,-1.601562,
13.093700,0x4B,gyro,-0.082031,-0.033203,0.154297,
13.094725,0x4A,gyro,-0.117188,0.039062,-1.121094,
13.095765,0x4B,accel,9.734375,-1.273438,-1.781250,
13.096429,0x4A,accel,6.406250,-4.925781,-1.828125,
13.097694,0x4A,accel,7.250000,-4.007812,-1.562500,
13.098327,0x4B,gyro,-0.087891,-0.042969,0.195312,
13.098950,0x4A,gyro,-0.119141,0.054688,-1.285156,
13.099984,0x4B,accel,9.128906,-1.042969,-1.667969,
13.101748,0x4B,accel,8.433594,-1.582031,-2.050781,
13.102376,0x4A,accel,9.351562,-4.121094,-2.441406,
13.104037,0x4A,gyro,-0.111328,0.074219,-1.300781,
13.104703,0x4B,gyro,-0.078125,-0.056641,0.158203,
13.105752,0x4A,accel,8.968750,-2.859375,-1.445312,
13.106598,0x4B,accel,7.480469,-0.851562,-1.820312,
13.108496,0x4A,gyro,-0.125000,0.066406,-1.105469,
13.109157,0x4B,gyro,-0.066406,-0.058594,0.017578,
13.110212,0x4A,accel,7.898438,-3.050781,-1.906250,
13.111288,0x4B,accel,7.285156,-2.117188,-2.011719,
13.113123,0x4A,gyro,-0.132812,0.082031,-0.960938,
13.113732,0x4B,gyro,-0.017578,-0.066406,-0.101562,
13.114732,0x4A,accel,7.253906,-3.472656,-1.562500,
13.115767,0x4B,accel,7.898438,-1.812500,-1.707031,
13.117635,0x4A,accel,6.976562,-4.390625,-2.367188,
13.118254,0x4B,accel,9.007812,-2.425781,-1.707031,
13.118872,0x4A,gyro,-0.203125,0.058594,-0.943359,
13.119910,0x4B,gyro,-0.039062,-0.070312,-0.171875,
13.121577,0x4B,accel,9.316406,-2.652344,-2.242188,
13.122198,0x4A,accel,6.941406,-5.042969,-2.558594,
13.123900,0x4A,gyro,-0.261719,0.068359,-1.042969,
13.125168,0x4B,gyro,-0.048828,-0.087891,-0.189453,
13.126244,0x4A,accel,8.167969,-5.308594,-2.480469,
13.126885,0x4B,accel,9.472656,-2.195312,-2.699219,
13.128754,0x4A,gyro,-0.314453,0.117188,-1.097656,
13.129404,0x4B,gyro,-0.066406,-0.119141,-0.212891,
13.130498,0x4A,accel,8.859375,-5.156250,-1.984375,
13.131347,0x4B,accel,9.316406,-1.390625,-2.281250,
13.133223,0x4A,gyro,-0.353516,0.162109,-1.048828,
13.133839,0x4B,gyro,-0.101562,-0.140625,-0.261719,
13.134836,0x4A,accel,9.050781,-5.042969,-1.332031,
13.135897,0x4B,accel,9.234375,-0.546875,-2.050781,
13.137733,0x4A,accel,9.207031,-5.656250,-1.214844,
13.138353,0x4B,accel,9.468750,-0.277344,-1.742188,
13.138967,0x4A,gyro,-0.390625,0.167969,-0.937500,
13.139897,0x4B,gyro,-0.136719,-0.134766,-0.310547,
13.141556,0x4B,accel,9.511719,0.257812,-1.667969,
13.142192,0x4A,accel,8.863281,-5.960938,-0.871094,
13.144021,0x4A,gyro,-0.406250,0.150391,-0.816406,
13.145099,0x4B,gyro,-0.169922,-0.121094,-0.328125,
13.146175,0x4A,accel,8.507812,-6.460938,-0.949219,
13.146834,0x4B,accel,9.511719,0.410156,-2.011719,
13.148704,0x4A,gyro,-0.402344,0.173828,-0.708984,
13.149352,0x4B,gyro,-0.199219,-0.113281,-0.314453,
13.150396,0x4A,accel,8.476562,-6.687500,-0.757812,
13.151312,0x4B,accel,9.617188,0.679688,-1.898438,
13.153749,0x4B,gyro,-0.232422,-0.101562,-0.273438,
13.154766,0x4A,gyro,-0.392578,0.167969,-0.626953,
13.155614,0x4B,accel,9.621094,0.679688,-1.589844,
13.156431,0x4A,accel,8.546875,-6.765625,-0.640625,
13.157092,0x4B,accel,9.511719,0.527344,-1.667969,
13.157727,0x4A,accel,8.589844,-6.687500,-0.718750,
13.158352,0x4B,gyro,-0.255859,-0.078125,-0.234375,
13.158983,0x4A,gyro,-0.373047,0.150391,-0.529297,
13.161570,0x4B,accel,9.472656,0.335938,-1.667969,
13.162212,0x4A,accel,8.511719,-6.687500,-0.757812,
13.163987,0x4A,gyro,-0.345703,0.142578,-0.419922,
13.165115,0x4B,gyro,-0.265625,-0.068359,-0.201172,
13.166191,0x4A,accel,8.246094,-6.765625,-0.640625,
13.166856,0x4B,accel,9.511719,0.144531,-1.511719,
13.168745,0x4A,gyro,-0.320312,0.134766,-0.332031,
13.169393,0x4B,gyro,-0.267578,-0.054688,-0.169922,
13.170473,0x4A,accel,8.097656,-6.726562,-0.566406,
13.171277,0x4B,accel,9.433594,-0.203125,-1.398438,
13.173715,0x4B,accel,9.316406,-0.316406,-1.550781,
13.174336,0x4A,gyro,-0.281250,0.121094,-0.253906,
13.175506,0x4B,gyro,-0.257812,-0.033203,-0.132812,
13.176743,0x4B,accel,9.316406,-0.468750,-1.667969,
13.179265,0x4B,gyro,-0.250000,-0.009766,-0.101562,
13.180935,0x4B,accel,9.316406,-0.625000,-1.707031,
13.181580,0x4A,gyro,-0.246094,0.117188,-0.183594,
13.182823,0x4A,accel,7.937500,-6.535156,-0.640625,
13.183467,0x4B,gyro,-0.238281,0.007812,-0.076172,
13.184136,0x4A,gyro,-0.210938,0.113281,-0.126953,
13.185186,0x4B,accel,9.355469,-0.738281,-1.667969,
13.186254,0x4A,accel,7.937500,-6.382812,-0.605469,
13.187522,0x4A,accel,7.898438,-6.230469,-0.605469,
13.188766,0x4A,gyro,-0.185547,0.107422,-0.082031,
13.190111,0x4B,gyro,-0.226562,0.023438,-0.048828,
13.190987,0x4A,accel,7.898438,-6.039062,-0.718750,
13.191611,0x4B,accel,9.394531,-0.890625,-1.707031,
13.192828,0x4B,accel,9.351562,-1.042969,-1.742188,
13.194050,0x4B,gyro,-0.216797,0.037109,-0.037109,
13.195052,0x4A,gyro,-0.162109,0.115234,-0.054688,
13.196105,0x4B,accel,9.312500,-1.082031,-1.781250,
13.196744,0x4A,accel,7.898438,-5.886719,-0.796875,
13.197978,0x4A,accel,7.859375,-5.656250,-0.871094,
13.199213,0x4B,gyro,-0.210938,0.056641,-0.021484,
13.200308,0x4A,gyro,-0.144531,0.126953,-0.046875,
13.201368,0x4B,accel,9.203125,-1.238281,-1.781250,
13.202016,0x4A,accel,7.746094,-5.464844,-1.062500,
13.204007,0x4A,gyro,-0.138672,0.146484,-0.037109,
13.205056,0x4B,gyro,-0.203125,0.062500,-0.023438,
13.206139,0x4A,accel,7.558594,-5.195312,-1.253906,
13.206832,0x4B,accel,9.007812,-1.312500,-1.781250,
13.208652,0x4A,gyro,-0.144531,0.150391,-0.041016,
13.209270,0x4B,accel,8.855469,-1.390625,-1.742188,
13.210295,0x4A,accel,7.519531,-5.003906,-1.445312,
13.210921,0x4B,gyro,-0.207031,0.064453,-0.019531,
13.212140,0x4B,accel,8.785156,-1.351562,-1.707031,
13.214580,0x4A,gyro,-0.162109,0.158203,-0.052734,
13.215793,0x4B,gyro,-0.195312,0.062500,-0.019531,
13.216573,0x4A,accel,7.398438,-4.851562,-1.523438,
13.217216,0x4B,accel,8.667969,-1.351562,-1.707031,
13.217860,0x4A,accel,7.363281,-4.699219,-1.675781,
13.218501,0x4B,gyro,-0.201172,0.050781,-0.029297,
13.219140,0x4A,gyro,-0.185547,0.166016,-0.074219,
13.220158,0x4B,accel,8.664062,-1.273438,-1.707031,
13.222575,0x4A,accel,7.250000,-4.582031,-1.714844,
13.224266,0x4A,gyro,-0.208984,0.175781,-0.115234,
13.225306,0x4B,gyro,-0.205078,0.046875,-0.035156,
13.226374,0x4A,accel,7.292969,-4.390625,-1.753906,
13.227008,0x4B,accel,8.585938,-1.273438,-1.589844,
13.228213,0x4B,accel,8.550781,-1.312500,-1.550781,
13.228843,0x4A,gyro,-0.236328,0.169922,-0.148438,
13.230221,0x4B,gyro,-0.212891,0.027344,-0.041016,
13.231018,0x4A,accel,7.171875,-4.312500,-1.867188,
13.231835,0x4B,accel,8.472656,-1.390625,-1.550781,
13.234244,0x4B,gyro,-0.228516,0.011719,-0.039062,
13.235241,0x4A,gyro,-0.273438,0.171875,-0.207031,
13.236284,0x4B,accel,8.363281,-1.464844,-1.511719,
13.236948,0x4A,accel,7.097656,-4.238281,-1.867188,
13.238217,0x4A,accel,6.976562,-4.199219,-1.867188,
13.238875,0x4B,gyro,-0.232422,-0.001953,-0.050781,
13.240259,0x4A,gyro,-0.300781,0.166016,-0.263672,
13.241341,0x4B,accel,8.320312,-1.503906,-1.511719,
13.241993,0x4A,accel,7.019531,-4.199219,-2.019531,
13.243252,0x4A,gyro,-0.318359,0.166016,-0.332031,
13.243882,0x4B,gyro,-0.236328,-0.021484,-0.050781,
13.245724,0x4B,accel,8.363281,-1.582031,-1.437500,
13.246557,0x4A,accel,7.019531,-4.160156,-1.945312,
13.247174,0x4B,accel,8.281250,-1.734375,-1.476562,
13.248386,0x4B,gyro,-0.236328,-0.041016,-0.060547,
13.249009,0x4A,gyro,-0.343750,0.142578,-0.394531,
13.250943,0x4A,accel,6.937500,-4.199219,-1.984375,
13.251601,0x4B,accel,8.281250,-1.773438,-1.589844,
13.254076,0x4B,gyro,-0.238281,-0.056641,-0.072266,
13.255101,0x4A,gyro,-0.359375,0.130859,-0.457031,
13.256168,0x4B,accel,8.320312,-1.886719,-1.589844,
13.256823,0x4A,accel,7.058594,-4.390625,-2.019531,
13.258097,0x4A,accel,7.214844,-4.503906,-1.906250,
13.258758,0x4B,gyro,-0.230469,-0.064453,-0.085938,
13.259406,0x4A,gyro,-0.367188,0.115234,-0.513672,
13.260446,0x4B,accel,8.320312,-1.847656,-1.667969,
13.262571,0x4A,accel,7.320312,-4.773438,-1.828125,
13.264288,0x4A,gyro,-0.367188,0.109375,-0.544922,
13.265319,0x4B,accel,8.402344,-1.847656,-1.707031,
13.266376,0x4A,accel,7.519531,-4.964844,-1.792969,
13.267108,0x4B,gyro,-0.218750,-0.078125,-0.093750,
13.268371,0x4B,accel,8.398438,-1.734375,-1.707031,
13.269018,0x4A,gyro,-0.361328,0.099609,-0.548828,
13.270180,0x4B,gyro,-0.195312,-0.082031,-0.117188,
13.271089,0x4A,accel,7.703125,-5.234375,-1.601562,
13.271820,0x4B,accel,8.472656,-1.582031,-1.667969,
13.274270,0x4B,gyro,-0.173828,-0.085938,-0.132812,
13.275303,0x4A,gyro,-0.332031,0.089844,-0.527344,
13.276355,0x4B,accel,8.550781,-1.390625,-1.589844,
13.277009,0x4A,accel,7.785156,-5.386719,-1.332031,
13.278247,0x4A,accel,7.820312,-5.691406,-1.101562,
13.278884,0x4B,gyro,-0.136719,-0.078125,-0.138672,
13.280251,0x4A,gyro,-0.289062,0.070312,-0.484375,
13.281300,0x4B,accel,8.664062,-1.238281,-1.550781,
13.281918,0x4A,accel,7.824219,-5.960938,-0.871094,
13.283148,0x4A,gyro,-0.238281,0.064453,-0.449219,
13.283763,0x4B,accel,8.785156,-0.968750,-1.476562,
13.285647,0x4B,gyro,-0.113281,-0.068359,-0.132812,
13.286636,0x4A,accel,7.742188,-6.078125,-0.757812,
13.287323,0x4B,accel,8.894531,-0.816406,-1.511719,
13.289152,0x4A,gyro,-0.187500,0.054688,-0.419922,
13.289764,0x4B,gyro,-0.085938,-0.046875,-0.113281,
13.290867,0x4A,accel,7.742188,-6.191406,-0.679688,
13.291529,0x4B,accel,8.972656,-0.738281,-1.476562,
13.294038,0x4B,gyro,-0.058594,-0.031250,-0.074219,
13.295080,0x4A,gyro,-0.123047,0.042969,-0.398438,
13.296120,0x4B,accel,9.007812,-0.738281,-1.398438,
13.296780,0x4A,accel,7.785156,-6.152344,-0.679688,
13.298028,0x4A,accel,7.707031,-6.039062,-0.640625,
13.298672,0x4B,gyro,-0.033203,-0.011719,-0.027344,
13.299297,0x4A,gyro,-0.060547,0.031250,-0.382812,
13.300313,0x4B,accel,8.933594,-0.851562,-1.359375,
13.302357,0x4A,accel,7.597656,-5.886719,-0.640625,
13.303582,0x4A,gyro,0.005859,0.009766,-0.378906,
13.304201,0x4B,accel,8.851562,-1.082031,-1.359375,
13.305634,0x4B,gyro,-0.007812,0.007812,0.007812,
13.306703,0x4A,accel,7.519531,-5.617188,-0.796875,
13.307348,0x4B,accel,8.746094,-1.312500,-1.437500,
13.309194,0x4A,gyro,0.054688,-0.001953,-0.392578,
13.309826,0x4B,gyro,0.031250,0.027344,0.033203,
13.310894,0x4A,accel,7.359375,-5.386719,-0.949219,
13.311612,0x4B,accel,8.667969,-1.542969,-1.511719,
13.315210,0x4A,gyro,0.093750,-0.013672,-0.416016,
13.316246,0x4B,gyro,0.062500,0.037109,0.056641,
13.316958,0x4A,accel,7.320312,-5.156250,-1.140625,
13.317606,0x4B,accel,8.628906,-1.656250,-1.550781,
13.318227,0x4A,accel,7.292969,-4.925781,-1.214844,
13.318852,0x4B,gyro,0.087891,0.042969,0.074219,
13.319470,0x4A,gyro,0.126953,-0.013672,-0.460938,
13.320507,0x4B,accel,8.585938,-1.734375,-1.667969,
13.322289,0x4B,accel,8.589844,-1.695312,-1.667969,
13.322919,0x4A,accel,7.441406,-4.699219,-1.292969,
13.324583,0x4A,gyro,0.136719,-0.019531,-0.517578,
13.325233,0x4B,gyro,0.107422,0.042969,0.082031,
13.326263,0x4A,accel,7.476562,-4.503906,-1.332031,
13.327086,0x4B,accel,8.628906,-1.621094,-1.589844,
13.329296,0x4A,gyro,0.144531,-0.015625,-0.574219,
13.330612,0x4B,gyro,0.130859,0.039062,0.082031,
13.331255,0x4A,accel,7.675781,-4.351562,-1.332031,
13.332049,0x4B,accel,8.628906,-1.542969,-1.511719,
13.333860,0x4A,gyro,0.142578,-0.011719,-0.632812,
13.334472,0x4B,gyro,0.140625,0.039062,0.085938,
13.335493,0x4A,accel,7.859375,-4.199219,-1.332031,
13.336555,0x4B,accel,8.707031,-1.429688,-1.550781,
13.338397,0x4A,accel,7.785156,-4.085938,-1.332031,
13.339102,0x4B,accel,8.628906,-1.312500,-1.628906,
13.340401,0x4A,gyro,0.132812,-0.003906,-0.689453,
13.341053,0x4B,gyro,0.136719,0.029297,0.080078,
13.341698,0x4A,accel,7.671875,-4.046875,-1.410156,
13.342343,0x4B,accel,8.585938,-1.273438,-1.667969,
13.343614,0x4B,gyro,0.126953,0.027344,0.080078,
13.344672,0x4A,gyro,0.105469,0.005859,-0.742188,
13.346336,0x4A,accel,7.597656,-4.046875,-1.445312,
13.347131,0x4B,accel,8.398438,-1.238281,-1.781250,
13.348971,0x4A,gyro,0.089844,0.017578,-0.804688,
13.349592,0x4B,gyro,0.113281,0.023438,0.078125,
13.350613,0x4A,accel,7.593750,-4.046875,-1.523438,
13.351395,0x4B,accel,8.242188,-1.121094,-1.781250,
13.353795,0x4B,gyro,0.097656,0.017578,0.076172,
13.354415,0x4A,gyro,0.066406,0.019531,-0.841797,
13.355031,0x4B,accel,8.046875,-0.968750,-1.707031,
13.356066,0x4A,accel,7.476562,-3.968750,-1.445312,
13.357895,0x4B,accel,8.046875,-0.968750,-1.667969,
13.358537,0x4A,gyro,0.042969,0.019531,-0.878906,
13.359175,0x4B,gyro,0.078125,0.011719,0.074219,
13.360235,0x4A,accel,7.441406,-4.085938,-1.523438,
13.361524,0x4A,accel,7.398438,-4.199219,-1.445312,
13.362190,0x4B,accel,8.015625,-0.777344,-1.550781,
13.364448,0x4A,gyro,0.031250,0.015625,-0.910156,
13.365669,0x4B,gyro,0.064453,0.007812,0.083984,
13.366752,0x4A,accel,7.593750,-4.277344,-1.445312,
13.367382,0x4B,accel,8.046875,-0.660156,-1.628906,
13.369207,0x4A,gyro,0.023438,0.001953,-0.933594,
13.369835,0x4B,gyro,0.052734,0.003906,0.097656,
13.370897,0x4A,accel,7.675781,-4.277344,-1.371094,
13.371946,0x4B,accel,8.128906,-0.507812,-1.511719,
13.373796,0x4A,gyro,0.019531,-0.013672,-0.947266,
13.374412,0x4B,gyro,0.046875,0.003906,0.119141,
13.375411,0x4A,accel,7.675781,-4.312500,-1.332031,
13.376228,0x4B,accel,8.167969,-0.507812,-1.476562,
13.377452,0x4B,accel,8.242188,-0.546875,-1.511719,
13.378082,0x4A,accel,7.671875,-4.390625,-1.253906,
13.378719,0x4B,gyro,0.037109,-0.001953,0.134766,
13.379363,0x4A,gyro,0.029297,-0.023438,-0.966797,
13.382151,0x4B,accel,8.359375,-0.777344,-1.550781,
13.382788,0x4A,accel,7.902344,-4.468750,-1.371094,
13.384655,0x4A,gyro,0.031250,-0.027344,-0.988281,
13.385693,0x4B,gyro,0.029297,0.000000,0.162109,
13.386732,0x4A,accel,7.746094,-4.238281,-1.214844,
13.387362,0x4B,accel,8.320312,-0.738281,-1.589844,
13.389173,0x4A,gyro,0.039062,-0.031250,-1.001953,
13.389831,0x4B,gyro,0.025391,0.003906,0.177734,
13.390887,0x4A,accel,8.097656,-4.351562,-1.410156,
13.391877,0x4B,accel,8.285156,-1.082031,-1.667969,
13.394293,0x4B,gyro,0.035156,0.000000,0.183594,
13.394929,0x4A,gyro,0.052734,-0.033203,-0.994141,
13.396175,0x4B,accel,8.242188,-0.929688,-1.667969,
13.396895,0x4A,accel,7.863281,-4.121094,-1.214844,
13.397536,0x4B,accel,8.281250,-1.082031,-1.781250,
13.398176,0x4A,accel,7.863281,-4.238281,-1.332031,
13.398816,0x4B,gyro,0.035156,0.001953,0.185547,
13.399472,0x4A,gyro,0.056641,-0.031250,-1.003906,
13.402239,0x4B,accel,8.281250,-0.890625,-1.820312,
13.402861,0x4A,accel,8.015625,-4.238281,-1.371094,
13.404730,0x4A,gyro,0.062500,-0.027344,-1.017578,
13.405785,0x4B,gyro,0.023438,-0.001953,0.199219,
13.406861,0x4A,accel,7.941406,-4.046875,-1.253906,
13.407520,0x4B,accel,8.246094,-0.738281,-1.820312,
13.409365,0x4A,gyro,0.062500,-0.025391,-1.019531,
13.411122,0x4B,gyro,0.013672,0.005859,0.207031,
13.411796,0x4A,accel,7.937500,-4.085938,-1.292969,
13.412467,0x4B,accel,8.281250,-0.625000,-1.742188,
13.413747,0x4B,accel,8.320312,-0.546875,-1.742188,
13.414396,0x4A,gyro,0.058594,-0.025391,-1.027344,
13.415684,0x4B,gyro,0.007812,0.005859,0.228516,
13.416765,0x4A,accel,8.128906,-4.046875,-1.292969,
13.417430,0x4B,accel,8.398438,-0.546875,-1.589844,
13.419322,0x4A,gyro,0.058594,-0.029297,-1.029297,
13.419966,0x4B,gyro,0.001953,0.007812,0.240234,
13.421057,0x4A,accel,8.125000,-3.968750,-1.214844,
13.422123,0x4B,accel,8.429688,-0.546875,-1.550781,
13.422742,0x4A,accel,7.980469,-3.738281,-1.140625,
13.424554,0x4A,gyro,0.050781,-0.025391,-1.037109,
13.425616,0x4B,gyro,-0.015625,0.009766,0.259766,
13.426659,0x4A,accel,8.203125,-3.968750,-1.371094,
13.427344,0x4B,accel,8.507812,-0.738281,-1.550781,
13.429201,0x4A,gyro,0.048828,-0.023438,-1.083984,
13.429821,0x4B,accel,8.472656,-0.777344,-1.667969,
13.430859,0x4A,accel,8.128906,-3.546875,-1.292969,
13.431509,0x4B,gyro,-0.021484,0.005859,0.281250,
13.432731,0x4B,accel,8.398438,-0.929688,-1.628906,
13.435345,0x4A,gyro,0.035156,-0.025391,-1.107422,
13.436385,0x4B,gyro,-0.041016,0.001953,0.291016,
13.437046,0x4A,accel,8.054688,-3.433594,-1.410156,
13.437699,0x4B,accel,8.281250,-1.042969,-1.550781,
13.438342,0x4A,accel,7.937500,-3.281250,-1.371094,
13.439001,0x4B,gyro,-0.046875,0.001953,0.302734,
13.439652,0x4A,gyro,0.021484,-0.023438,-1.132812,
13.440782,0x4B,accel,8.203125,-1.121094,-1.742188,
13.442942,0x4A,accel,7.898438,-3.281250,-1.523438,
13.444808,0x4A,gyro,0.009766,-0.029297,-1.181641,
13.445830,0x4B,gyro,-0.052734,-0.007812,0.308594,
13.446897,0x4A,accel,8.019531,-3.203125,-1.523438,
13.447532,0x4B,accel,8.281250,-1.160156,-1.742188,
13.448744,0x4B,accel,8.363281,-1.238281,-1.707031,
13.449361,0x4A,gyro,-0.007812,-0.027344,-1.228516,
13.449977,0x4B,gyro,-0.062500,-0.009766,0.316406,
13.451061,0x4A,accel,8.097656,-2.933594,-1.410156,
13.454170,0x4B,accel,8.363281,-1.082031,-1.589844,
13.455390,0x4A,gyro,-0.015625,-0.033203,-1.267578,
13.456429,0x4B,gyro,-0.072266,-0.011719,0.322266,
13.457091,0x4A,accel,8.207031,-2.972656,-1.445312,
13.457747,0x4B,accel,8.433594,-1.429688,-1.511719,
13.458498,0x4A,accel,8.363281,-3.011719,-1.410156,
13.459185,0x4B,gyro,-0.076172,-0.011719,0.318359,
13.460529,0x4A,gyro,-0.027344,-0.033203,-1.310547,
13.461549,0x4B,accel,8.550781,-1.429688,-1.628906,
13.462165,0x4A,accel,8.507812,-2.781250,-1.332031,
13.463395,0x4A,gyro,-0.031250,-0.035156,-1.347656,
13.464014,0x4B,gyro,-0.070312,-0.013672,0.312500,
13.466044,0x4B,accel,8.511719,-1.464844,-1.589844,
13.466969,0x4A,accel,8.324219,-2.859375,-1.253906,
13.467582,0x4B,accel,8.550781,-1.734375,-1.667969,
13.469445,0x4A,gyro,-0.035156,-0.031250,-1.380859,
13.470514,0x4B,gyro,-0.070312,-0.019531,0.302734,
13.471417,0x4A,accel,8.625000,-2.933594,-1.332031,
13.472068,0x4B,accel,8.589844,-1.503906,-1.667969,
13.475008,0x4B,gyro,-0.062500,-0.013672,0.289062,
13.475645,0x4A,gyro,-0.035156,-0.023438,-1.410156,
13.476714,0x4B,accel,8.589844,-1.542969,-1.820312,
13.478603,0x4A,gyro,-0.031250,-0.019531,-1.431641,
13.479227,0x4B,gyro,-0.062500,-0.013672,0.273438,
13.479855,0x4A,accel,8.480469,-2.742188,-1.101562,
13.480860,0x4B,accel,8.550781,-1.429688,-1.667969,
13.484270,0x4A,accel,8.781250,-2.933594,-1.214844,
13.484897,0x4B,accel,8.546875,-1.351562,-1.628906,
13.485522,0x4A,gyro,-0.019531,-0.011719,-1.451172,
13.486549,0x4B,gyro,-0.042969,-0.009766,0.269531,
13.487180,0x4A,accel,8.507812,-2.742188,-0.910156,
13.487792,0x4B,accel,8.472656,-1.238281,-1.437500,
13.489050,0x4B,gyro,-0.039062,0.000000,0.257812,
13.489697,0x4A,gyro,-0.011719,-0.007812,-1.447266,
13.491403,0x4A,accel,8.746094,-2.933594,-1.179688,
13.492303,0x4B,accel,8.507812,-1.238281,-1.398438,
13.494213,0x4A,gyro,0.007812,-0.007812,-1.445312,
13.494850,0x4B,gyro,-0.035156,0.000000,0.255859,
13.495889,0x4A,accel,8.546875,-2.820312,-0.871094,
13.496964,0x4B,accel,8.468750,-1.199219,-1.476562,
13.498818,0x4A,accel,8.785156,-2.820312,-1.062500,
13.499444,0x4B,gyro,-0.025391,0.003906,0.257812,
13.500063,0x4A,gyro,0.015625,-0.011719,-1.447266,
13.501058,0x4B,accel,8.546875,-1.238281,-1.437500,
13.503068,0x4A,accel,8.589844,-2.667969,-0.910156,
13.504981,0x4A,gyro,0.039062,-0.007812,-1.445312,
13.506050,0x4B,accel,8.546875,-1.160156,-1.589844,
13.507038,0x4A,accel,8.480469,-2.781250,-1.062500,
13.507685,0x4B,gyro,-0.017578,0.011719,0.250000,
13.508927,0x4B,accel,8.468750,-1.351562,-1.550781,
13.509574,0x4A,gyro,0.041016,-0.007812,-1.466797,
13.510223,0x4B,gyro,-0.019531,0.017578,0.261719,
13.511323,0x4A,accel,8.890625,-2.667969,-1.214844,
13.512319,0x4B,accel,8.402344,-1.312500,-1.476562,
13.514195,0x4A,gyro,0.056641,-0.005859,-1.445312,
13.514920,0x4B,gyro,0.007812,0.021484,0.248047,
13.516051,0x4A,accel,8.437500,-2.285156,-0.871094,
13.517151,0x4B,accel,8.167969,-1.312500,-1.476562,
13.519024,0x4A,accel,8.359375,-2.476562,-1.140625,
13.519679,0x4B,gyro,0.009766,0.025391,0.230469,
13.520910,0x4A,gyro,0.052734,-0.013672,-1.427734,
13.521987,0x4B,accel,8.167969,-1.429688,-1.550781,
13.522598,0x4A,accel,8.167969,-2.515625,-1.179688,
13.524521,0x4A,gyro,0.056641,-0.009766,-1.445312,
13.525557,0x4B,accel,8.125000,-1.199219,-1.628906,
13.526596,0x4A,accel,8.437500,-2.589844,-1.214844,
13.527551,0x4B,gyro,0.001953,0.025391,0.236328,
13.528775,0x4B,accel,8.242188,-1.199219,-1.511719,
13.529642,0x4A,gyro,0.060547,-0.003906,-1.466797,
13.530258,0x4B,gyro,0.007812,0.025391,0.250000,
13.531347,0x4A,accel,8.585938,-2.476562,-1.179688,
13.532019,0x4B,accel,8.320312,-0.851562,-1.437500,
13.535561,0x4A,gyro,0.064453,-0.003906,-1.468750,
13.536604,0x4B,gyro,0.003906,0.027344,0.259766,
13.537281,0x4A,accel,8.824219,-2.398438,-1.214844,
13.537921,0x4B,accel,8.324219,-0.890625,-1.320312,
13.538562,0x4A,accel,8.546875,-2.207031,-1.062500,
13.539186,0x4B,gyro,0.001953,0.029297,0.259766,
13.539814,0x4A,gyro,0.074219,-0.013672,-1.427734,
13.540824,0x4B,accel,8.281250,-0.699219,-1.285156,
13.542830,0x4B,accel,8.285156,-0.968750,-1.320312,
13.543459,0x4A,accel,8.441406,-2.515625,-1.292969,
13.545082,0x4A,gyro,0.062500,-0.021484,-1.431641,
13.545723,0x4B,gyro,-0.009766,0.025391,0.271484,
13.546791,0x4A,accel,8.703125,-2.515625,-1.410156,
13.547598,0x4B,accel,8.324219,-0.890625,-1.437500,
13.549773,0x4A,gyro,0.066406,-0.017578,-1.435547,
13.551127,0x4B,gyro,-0.023438,0.019531,0.291016,
13.551797,0x4A,accel,8.511719,-2.167969,-1.253906,
13.552564,0x4B,accel,8.246094,-0.738281,-1.476562,
13.555058,0x4B,gyro,-0.037109,0.017578,0.298828,
13.556389,0x4A,gyro,0.056641,-0.019531,-1.419922,
13.557467,0x4B,accel,8.167969,-0.968750,-1.320312,
13.558094,0x4A,accel,8.320312,-2.320312,-1.292969,
13.559312,0x4A,gyro,0.056641,-0.029297,-1.412109,
13.559923,0x4B,accel,8.281250,-1.121094,-1.359375,
13.560942,0x4A,accel,8.933594,-2.246094,-1.484375,
13.561571,0x4B,gyro,-0.033203,0.019531,0.314453,
13.562185,0x4A,accel,8.476562,-1.937500,-1.101562,
13.562804,0x4B,accel,8.242188,-0.929688,-1.437500,
13.564030,0x4B,gyro,-0.044922,0.011719,0.304688,
13.565072,0x4A,gyro,0.044922,-0.042969,-1.371094,
13.566730,0x4A,accel,8.476562,-2.320312,-1.332031,
13.567643,0x4B,accel,8.242188,-1.273438,-1.207031,
13.569762,0x4A,gyro,0.044922,-0.048828,-1.367188,
13.570407,0x4B,gyro,-0.044922,0.007812,0.316406,
13.571532,0x4A,accel,8.785156,-2.246094,-1.445312,
13.572205,0x4B,accel,8.546875,-1.312500,-1.437500,
13.574707,0x4B,gyro,-0.037109,0.001953,0.337891,
13.575755,0x4A,gyro,0.041016,-0.046875,-1.376953,
13.576823,0x4B,accel,8.550781,-1.390625,-1.589844,
13.577460,0x4A,accel,8.664062,-2.054688,-1.410156,
13.578104,0x4B,accel,8.628906,-1.503906,-1.476562,
13.579351,0x4B,gyro,-0.035156,0.001953,0.345703,
13.580680,0x4A,gyro,0.048828,-0.054688,-1.390625,
13.581933,0x4A,accel,9.007812,-1.976562,-1.523438,
13.582709,0x4B,accel,8.585938,-1.582031,-1.550781,
13.583325,0x4A,accel,8.968750,-1.710938,-1.484375,
13.584935,0x4A,gyro,0.046875,-0.060547,-1.367188,
13.586203,0x4B,gyro,-0.031250,-0.005859,0.330078,
13.587215,0x4A,accel,8.742188,-1.671875,-1.410156,
13.587872,0x4B,accel,8.472656,-1.695312,-1.476562,
13.589746,0x4A,gyro,0.042969,-0.068359,-1.341797,
13.590396,0x4B,gyro,-0.023438,-0.005859,0.312500,
13.591501,0x4A,accel,8.507812,-1.785156,-1.523438,
13.592484,0x4B,accel,8.320312,-1.886719,-1.589844,
13.594370,0x4A,gyro,0.044922,-0.072266,-1.343750,
13.594988,0x4B,gyro,-0.023438,-0.007812,0.304688,
13.595998,0x4A,accel,8.550781,-1.863281,-1.675781,
13.596822,0x4B,accel,8.285156,-1.925781,-1.742188,
13.598053,0x4B,accel,8.320312,-1.812500,-1.667969,
13.598674,0x4A,accel,8.703125,-1.863281,-1.675781,
13.599288,0x4B,gyro,-0.003906,-0.007812,0.306641,
13.599906,0x4A,gyro,0.048828,-0.062500,-1.351562,
13.602683,0x4B,accel,8.019531,-1.582031,-1.628906,
13.603296,0x4A,accel,9.089844,-5.273438,-0.757812,
13.605165,0x4A,gyro,0.042969,-0.039062,-1.283203,
13.606378,0x4B,gyro,0.001953,-0.019531,0.294922,
13.607271,0x4A,accel,11.078125,-8.566406,0.773438,
13.607943,0x4B,accel,7.597656,-0.777344,-2.089844,
13.609846,0x4A,gyro,0.189453,0.220703,-0.771484,
13.611198,0x4B,gyro,0.109375,-0.039062,0.250000,
13.611873,0x4A,accel,10.816406,-4.121094,1.234375,
13.612674,0x4B,accel,10.316406,1.023438,-1.550781,
13.614541,0x4A,gyro,0.117188,0.171875,-0.275391,
13.615158,0x4B,gyro,0.000000,0.023438,0.210938,
13.616170,0x4A,accel,8.585938,-1.019531,-0.640625,
13.616817,0x4B,accel,10.882812,2.097656,0.019531,
13.618049,0x4B,accel,8.933594,-0.011719,-0.363281,
13.619263,0x4B,gyro,-0.228516,0.095703,0.341797,
13.620285,0x4A,gyro,-0.162109,-0.212891,-0.439453,
13.621780,0x4A,accel,8.281250,-1.746094,-1.906250,
13.622778,0x4B,accel,7.976562,-0.968750,-2.203125,
13.623389,0x4A,accel,8.746094,-2.628906,-2.136719,
13.625313,0x4A,gyro,-0.087891,-0.070312,-0.742188,
13.626352,0x4B,gyro,-0.197266,0.031250,0.519531,
13.627286,0x4A,accel,9.550781,-3.050781,-0.757812,
13.627970,0x4B,accel,8.781250,-1.042969,-2.050781,
13.629853,0x4A,gyro,0.087891,0.121094,-0.773438,
13.630493,0x4B,gyro,-0.117188,-0.001953,0.599609,
13.631593,0x4A,accel,9.812500,-1.019531,0.390625,
13.632330,0x4B,accel,9.933594,-0.777344,-0.171875,
13.634793,0x4B,accel,9.738281,-0.929688,0.058594,
13.635404,0x4A,gyro,0.013672,-0.046875,-0.632812,
13.636464,0x4B,gyro,-0.187500,0.054688,0.550781,
13.638126,0x4B,accel,8.507812,-1.925781,-1.093750,
13.639948,0x4A,gyro,-0.105469,-0.205078,-0.500000,
13.640574,0x4B,gyro,-0.248047,0.072266,0.458984,
13.641217,0x4A,accel,9.511719,-0.367188,-0.718750,
13.642266,0x4B,accel,7.554688,-2.808594,-2.394531,
13.644111,0x4A,accel,7.937500,-1.328125,-2.789062,
13.644767,0x4B,gyro,-0.191406,0.023438,0.425781,
13.646437,0x4B,accel,7.667969,-3.000000,-2.316406,
13.647485,0x4A,gyro,-0.066406,-0.111328,-0.449219,
13.648748,0x4A,accel,7.824219,-1.019531,-2.097656,
13.649387,0x4B,accel,7.980469,-2.691406,-1.511719,
13.650032,0x4A,gyro,-0.005859,-0.017578,-0.468750,
13.651224,0x4B,gyro,-0.101562,-0.013672,0.406250,
13.651901,0x4A,accel,7.863281,-0.636719,-1.292969,
13.652577,0x4B,accel,8.628906,-2.347656,-0.746094,
13.654402,0x4A,gyro,-0.015625,-0.064453,-0.546875,
13.655025,0x4B,gyro,-0.099609,-0.007812,0.394531,
13.656103,0x4A,accel,8.972656,-0.789062,-1.445312,
13.657205,0x4B,accel,9.316406,-2.347656,-0.863281,
13.659028,0x4A,accel,9.812500,-0.714844,-1.714844,
13.659659,0x4B,gyro,-0.082031,-0.009766,0.369141,
13.660854,0x4A,gyro,-0.029297,-0.103516,-0.546875,
13.661861,0x4B,accel,9.589844,-1.847656,-1.589844,
13.662480,0x4A,accel,9.890625,-0.906250,-1.601562,
13.664372,0x4B,gyro,-0.046875,-0.025391,0.304688,
13.665442,0x4A,gyro,-0.005859,-0.076172,-0.451172,
13.666490,0x4B,accel,9.738281,-1.812500,-1.742188,
13.667355,0x4A,accel,9.546875,-1.250000,-1.410156,
13.669220,0x4B,accel,9.617188,-1.847656,-1.707031,
13.669882,0x4A,gyro,0.009766,-0.064453,-0.390625,
13.671283,0x4B,gyro,-0.029297,-0.029297,0.283203,
13.671948,0x4A,accel,9.355469,-1.250000,-1.101562,
13.672604,0x4B,accel,9.468750,-1.773438,-1.511719,
13.674459,0x4A,gyro,0.003906,-0.083984,-0.386719,
13.675772,0x4B,gyro,-0.042969,-0.017578,0.283203,
13.676797,0x4A,accel,9.511719,-1.289062,-1.214844,
13.677852,0x4B,accel,9.468750,-1.847656,-1.550781,
13.680381,0x4A,gyro,0.023438,-0.072266,-0.398438,
13.681392,0x4B,gyro,-0.023438,-0.017578,0.287109,
13.682031,0x4A,accel,9.394531,-1.328125,-1.179688,
13.682961,0x4B,accel,9.472656,-1.925781,-1.398438,
13.683600,0x4A,accel,9.312500,-1.328125,-1.023438,
13.685392,0x4A,gyro,0.035156,-0.054688,-0.392578,
13.686428,0x4B,gyro,-0.005859,-0.019531,0.291016,
13.687375,0x4A,accel,9.390625,-1.210938,-0.988281,
13.688014,0x4B,accel,9.351562,-1.925781,-1.207031,
13.689267,0x4B,accel,9.429688,-1.964844,-1.093750,
13.689910,0x4A,gyro,0.058594,-0.050781,-0.378906,
13.690943,0x4B,gyro,0.005859,-0.011719,0.289062,
13.691799,0x4A,accel,9.246094,-0.941406,-1.023438,
13.692738,0x4B,accel,9.316406,-1.812500,-1.285156,
13.694571,0x4A,gyro,0.076172,-0.062500,-0.343750,
13.695186,0x4B,gyro,0.027344,-0.007812,0.269531,
13.696188,0x4A,accel,9.050781,-1.132812,-1.023438,
13.697227,0x4B,accel,9.207031,-2.003906,-1.437500,
13.699060,0x4A,accel,9.011719,-1.171875,-1.179688,
13.699705,0x4B,gyro,0.033203,-0.001953,0.265625,
13.701075,0x4A,gyro,0.078125,-0.062500,-0.339844,
13.702107,0x4B,accel,9.128906,-2.039062,-1.550781,
13.702766,0x4A,accel,9.089844,-1.132812,-1.253906,
13.704026,0x4A,gyro,0.093750,-0.048828,-0.339844,
13.704674,0x4B,gyro,0.050781,-0.005859,0.257812,
13.706791,0x4B,accel,9.203125,-2.156250,-1.476562,
13.707440,0x4A,accel,9.011719,-0.980469,-1.179688,
13.708051,0x4B,accel,9.273438,-2.195312,-1.476562,
13.709867,0x4A,gyro,0.119141,-0.031250,-0.312500,
13.710893,0x4B,gyro,0.078125,-0.005859,0.244141,
13.711788,0x4A,accel,9.207031,-0.828125,-1.214844,
13.712578,0x4B,accel,9.390625,-2.039062,-1.359375,
13.716180,0x4A,gyro,0.146484,-0.035156,-0.265625,
13.717216,0x4B,gyro,0.113281,0.001953,0.216797,
13.717839,0x4A,accel,9.355469,-0.675781,-1.371094,
13.718481,0x4B,accel,9.316406,-1.886719,-1.437500,
13.719091,0x4A,accel,9.085938,-0.636719,-1.410156,
13.719705,0x4B,gyro,0.115234,0.003906,0.164062,
13.720347,0x4A,gyro,0.148438,-0.046875,-0.187500,
13.721388,0x4B,accel,9.089844,-1.812500,-1.589844,
13.723502,0x4A,accel,8.863281,-0.828125,-1.562500,
13.725392,0x4A,gyro,0.140625,-0.041016,-0.150391,
13.726446,0x4B,accel,8.855469,-1.886719,-1.667969,
13.727432,0x4A,accel,8.585938,-0.980469,-1.601562,
13.728101,0x4B,gyro,0.109375,-0.001953,0.142578,
13.729384,0x4B,accel,8.703125,-1.964844,-1.781250,
13.730038,0x4A,gyro,0.132812,-0.044922,-0.162109,
13.730671,0x4B,gyro,0.107422,-0.005859,0.148438,
13.731726,0x4A,accel,8.628906,-0.941406,-1.675781,
13.732697,0x4B,accel,8.707031,-1.812500,-1.667969,
13.734552,0x4A,gyro,0.136719,-0.029297,-0.185547,
13.735161,0x4B,gyro,0.109375,-0.011719,0.154297,
13.736223,0x4A,accel,8.667969,-0.789062,-1.636719,
13.737268,0x4B,accel,8.785156,-1.695312,-1.589844,
13.739887,0x4B,gyro,0.109375,-0.009766,0.152344,
13.740911,0x4A,gyro,0.142578,-0.046875,-0.187500,
13.741999,0x4B,accel,8.855469,-1.503906,-1.437500,
13.743261,0x4B,accel,8.851562,-1.503906,-1.398438,
13.743896,0x4A,accel,8.785156,-0.675781,-1.601562,
13.744553,0x4B,gyro,0.097656,-0.021484,0.136719,
13.745877,0x4A,gyro,0.123047,-0.062500,-0.154297,
13.747483,0x4A,accel,8.820312,-0.714844,-1.675781,
13.748128,0x4B,accel,8.894531,-1.464844,-1.359375,
13.749974,0x4A,gyro,0.103516,-0.074219,-0.121094,
13.750596,0x4B,gyro,0.085938,-0.015625,0.121094,
13.751623,0x4A,accel,8.894531,-0.714844,-1.636719,
13.752410,0x4B,accel,8.968750,-1.464844,-1.398438,
13.756125,0x4A,gyro,0.087891,-0.085938,-0.089844,
13.757140,0x4B,gyro,0.070312,-0.023438,0.113281,
13.757771,0x4A,accel,8.972656,-0.750000,-1.562500,
13.758401,0x4B,accel,9.046875,-1.464844,-1.476562,
13.759644,0x4B,gyro,0.058594,-0.035156,0.103516,
13.760291,0x4A,gyro,0.076172,-0.089844,-0.060547,
13.761403,0x4B,accel,9.085938,-1.429688,-1.476562,
13.762092,0x4A,accel,8.968750,-0.789062,-1.484375,
13.763381,0x4B,accel,9.085938,-1.390625,-1.437500,
13.764019,0x4A,accel,8.929688,-0.789062,-1.410156,
13.765710,0x4A,gyro,0.056641,-0.091797,-0.044922,
13.766361,0x4B,gyro,0.044922,-0.027344,0.101562,
13.767454,0x4A,accel,9.125000,-0.714844,-1.371094,
13.768138,0x4B,accel,9.273438,-1.464844,-1.476562,
13.769970,0x4A,gyro,0.054688,-0.089844,-0.037109,
13.770590,0x4B,gyro,0.039062,-0.035156,0.099609,
13.771657,0x4A,accel,9.628906,-1.019531,-1.410156,
13.772721,0x4B,accel,9.617188,-1.390625,-1.550781,
13.774543,0x4A,gyro,0.060547,-0.070312,0.015625,
13.775152,0x4B,gyro,0.046875,-0.035156,0.095703,
13.776150,0x4A,accel,9.816406,-1.289062,-1.253906,
13.777189,0x4B,accel,9.812500,-1.273438,-1.628906,
13.779673,0x4B,accel,9.734375,-1.238281,-1.667969,
13.781021,0x4A,gyro,0.066406,-0.064453,0.111328,
13.781961,0x4B,gyro,0.042969,-0.029297,0.076172,
13.782600,0x4A,accel,9.734375,-1.402344,-1.101562,
13.783242,0x4B,accel,9.589844,-1.312500,-1.707031,
13.783886,0x4A,accel,9.546875,-1.519531,-1.101562,
13.784528,0x4B,gyro,0.041016,-0.023438,0.062500,
13.785587,0x4A,gyro,0.083984,-0.058594,0.220703,
13.787353,0x4A,accel,9.468750,-1.632812,-1.140625,
13.788150,0x4B,accel,9.472656,-1.351562,-1.707031,
13.790353,0x4A,gyro,0.091797,-0.039062,0.302734,
13.791668,0x4B,gyro,0.052734,-0.011719,0.058594,
13.792312,0x4A,accel,9.351562,-1.632812,-1.179688,
13.792944,0x4B,accel,9.394531,-1.429688,-1.667969,
13.794760,0x4A,gyro,0.109375,-0.031250,0.371094,
13.795378,0x4B,gyro,0.066406,0.001953,0.064453,
13.796460,0x4A,accel,9.125000,-1.593750,-1.140625,
13.797544,0x4B,accel,9.312500,-1.312500,-1.859375,
13.799399,0x4A,accel,9.125000,-1.554688,-1.332031,
13.800055,0x4B,accel,9.316406,-1.429688,-1.859375,
13.801401,0x4A,gyro,0.095703,-0.023438,0.404297,
13.802048,0x4B,gyro,0.050781,0.001953,0.085938,
13.803481,0x4B,accel,9.351562,-1.464844,-1.859375,
13.804130,0x4A,accel,9.281250,-1.480469,-1.562500,
13.805804,0x4A,gyro,0.093750,-0.023438,0.417969,
13.806950,0x4B,gyro,0.044922,0.001953,0.103516,
13.807610,0x4A,accel,9.242188,-1.250000,-1.484375,
13.808355,0x4B,accel,9.546875,-1.429688,-1.781250,
13.810217,0x4A,gyro,0.083984,-0.021484,0.455078,
13.810855,0x4B,gyro,0.037109,0.009766,0.105469,
13.811955,0x4A,accel,9.046875,-1.250000,-1.601562,
13.813000,0x4B,accel,9.316406,-1.542969,-2.011719,
13.814832,0x4A,gyro,0.056641,-0.015625,0.423828,
13.815443,0x4B,gyro,0.013672,0.013672,0.136719,
13.816481,0x4A,accel,9.242188,-1.171875,-1.792969,
13.817373,0x4B,accel,9.507812,-1.429688,-1.707031,
13.819257,0x4A,accel,9.207031,-1.019531,-1.792969,
13.819899,0x4B,accel,9.546875,-1.390625,-2.050781,
13.820549,0x4A,gyro,0.019531,-0.021484,0.408203,
13.821364,0x4B,gyro,-0.019531,0.011719,0.154297,
13.823247,0x4B,accel,9.621094,-1.312500,-1.898438,
13.823885,0x4A,accel,9.312500,-0.867188,-1.906250,
13.825626,0x4A,gyro,-0.017578,-0.025391,0.390625,
13.826812,0x4B,gyro,-0.052734,0.011719,0.166016,
13.827634,0x4A,accel,9.390625,-0.714844,-1.906250,
13.828297,0x4B,accel,9.699219,-1.429688,-1.933594,
13.830116,0x4A,gyro,-0.041016,-0.029297,0.390625,
13.830734,0x4B,gyro,-0.078125,0.009766,0.166016,
13.831807,0x4A,accel,9.285156,-0.714844,-1.906250,
13.832864,0x4B,accel,9.656250,-1.429688,-1.898438,
13.834709,0x4A,gyro,-0.083984,-0.037109,0.384766,
13.835349,0x4B,gyro,-0.109375,0.005859,0.167969,
13.836386,0x4A,accel,9.312500,-0.828125,-2.019531,
13.837166,0x4B,accel,9.660156,-1.695312,-1.898438,
13.838443,0x4B,accel,9.699219,-1.621094,-2.011719,
13.839696,0x4B,gyro,-0.136719,0.000000,0.167969,
13.840342,0x4A,gyro,-0.117188,-0.035156,0.373047,
13.842172,0x4A,accel,9.351562,-0.867188,-1.984375,
13.843263,0x4B,accel,9.734375,-1.503906,-2.089844,
13.843902,0x4A,accel,9.433594,-0.906250,-1.906250,
13.845648,0x4A,gyro,-0.148438,-0.033203,0.359375,
13.846703,0x4B,gyro,-0.167969,-0.001953,0.175781,
13.847633,0x4A,accel,9.390625,-0.941406,-1.828125,
13.848323,0x4B,accel,9.773438,-1.464844,-2.011719,
13.851363,0x4A,gyro,-0.181641,-0.027344,0.361328,
13.852429,0x4B,gyro,-0.197266,-0.003906,0.169922,
13.853576,0x4A,accel,9.468750,-0.980469,-1.792969,
13.854248,0x4B,accel,9.773438,-1.582031,-1.820312,
13.854884,0x4A,gyro,-0.201172,-0.031250,0.375000,
13.855545,0x4B,accel,9.777344,-1.621094,-1.859375,
13.856608,0x4A,accel,9.390625,-1.132812,-1.714844,
13.857634,0x4B,gyro,-0.214844,-0.007812,0.171875,
13.858953,0x4B,accel,9.738281,-1.621094,-1.898438,
13.859611,0x4A,accel,9.390625,-1.289062,-1.714844,
13.860830,0x4B,gyro,-0.242188,-0.007812,0.173828,
13.862477,0x4A,gyro,-0.228516,-0.035156,0.380859,
13.863382,0x4B,accel,9.773438,-1.582031,-1.972656,
13.864040,0x4A,accel,9.429688,-1.328125,-1.714844,
13.865676,0x4A,gyro,-0.244141,-0.035156,0.375000,
13.866821,0x4B,gyro,-0.257812,-0.007812,0.185547,
13.867676,0x4A,accel,9.472656,-1.289062,-1.714844,
13.868363,0x4B,accel,9.816406,-1.695312,-1.972656,
13.870200,0x4A,gyro,-0.253906,-0.025391,0.380859,
13.870819,0x4B,accel,9.855469,-1.773438,-1.898438,
13.871898,0x4A,accel,9.507812,-1.289062,-1.675781,
13.872577,0x4B,gyro,-0.263672,-0.003906,0.193359,
13.874987,0x4B,accel,9.855469,-1.773438,-1.933594,
13.875761,0x4A,gyro,-0.263672,-0.025391,0.382812,
13.876418,0x4B,gyro,-0.279297,-0.001953,0.193359,
13.877511,0x4A,accel,9.429688,-1.363281,-1.714844,
13.878379,0x4B,accel,9.816406,-1.886719,-1.972656,
13.880968,0x4A,gyro,-0.273438,-0.025391,0.378906,
13.882010,0x4B,gyro,-0.283203,0.000000,0.197266,
13.882678,0x4A,accel,9.433594,-1.289062,-1.675781,
13.883494,0x4B,accel,9.851562,-1.886719,-2.050781,
13.884152,0x4A,accel,9.429688,-1.363281,-1.792969,
13.885924,0x4A,gyro,-0.277344,-0.025391,0.371094,
13.886949,0x4B,gyro,-0.292969,0.003906,0.208984,
13.887703,0x4A,accel,9.589844,-0.906250,-1.792969,
13.888385,0x4B,accel,9.812500,-2.003906,-2.050781,
13.890735,0x4A,gyro,-0.310547,-0.031250,0.335938,
13.891775,0x4B,accel,11.691406,-2.500000,-1.667969,
13.892413,0x4A,accel,9.125000,-1.863281,-2.632812,
13.893440,0x4B,gyro,-0.339844,0.003906,0.228516,
13.894710,0x4B,accel,7.820312,-2.578125,-2.011719,
13.895352,0x4A,gyro,-0.316406,-0.095703,0.296875,
13.895992,0x4B,gyro,-0.279297,0.017578,0.228516,
13.897039,0x4A,accel,9.125000,-0.675781,-1.179688,
13.898138,0x4B,accel,10.078125,-2.039062,-3.542969,
13.899998,0x4A,gyro,-0.226562,0.107422,0.363281,
13.900646,0x4B,gyro,-0.234375,-0.013672,0.199219,
13.901683,0x4A,accel,9.589844,-1.328125,-1.945312,
13.902726,0x4B,accel,10.078125,-1.273438,-1.054688,
13.903354,0x4A,accel,9.128906,-1.210938,-1.101562,
13.904561,0x4A,gyro,-0.255859,0.017578,0.406250,
13.905180,0x4B,gyro,-0.281250,0.015625,0.187500,
13.907232,0x4B,accel,9.660156,-1.773438,-1.285156,
13.907865,0x4A,accel,9.085938,-1.441406,-1.601562,
13.908483,0x4B,accel,9.312500,-1.621094,-1.742188,
13.910355,0x4A,gyro,-0.291016,-0.056641,0.416016,
13.911427,0x4B,gyro,-0.296875,0.029297,0.185547,
13.912183,0x4A,accel,9.128906,-1.554688,-2.058594,
13.912840,0x4B,accel,9.472656,-2.156250,-2.203125,
13.915937,0x4B,gyro,-0.271484,0.013672,0.210938,
13.917013,0x4A,gyro,-0.255859,-0.003906,0.400391,
13.918086,0x4B,accel,9.621094,-1.964844,-1.781250,
13.918729,0x4A,accel,9.167969,-1.480469,-2.058594,
13.919992,0x4A,gyro,-0.234375,0.007812,0.382812,
13.920637,0x4B,gyro,-0.265625,0.005859,0.220703,
13.921706,0x4A,accel,9.128906,-1.289062,-1.792969,
13.922749,0x4B,accel,9.621094,-2.078125,-1.511719,
13.924571,0x4A,accel,9.046875,-1.250000,-1.753906,
13.925202,0x4B,gyro,-0.275391,0.009766,0.216797,
13.926233,0x4A,gyro,-0.240234,-0.027344,0.375000,
13.927246,0x4B,accel,9.550781,-2.195312,-1.550781,
13.927878,0x4A,accel,9.128906,-1.328125,-1.945312,
13.928492,0x4B,accel,9.546875,-2.347656,-1.707031,
13.930318,0x4A,gyro,-0.250000,-0.041016,0.357422,
13.931356,0x4B,gyro,-0.271484,0.000000,0.216797,
13.932126,0x4A,accel,9.164062,-1.363281,-1.984375,
13.932986,0x4B,accel,9.585938,-2.425781,-1.820312,
13.936535,0x4A,gyro,-0.238281,-0.041016,0.349609,
13.937583,0x4B,gyro,-0.253906,-0.007812,0.210938,
13.938244,0x4A,accel,9.125000,-1.402344,-1.984375,
13.938912,0x4B,accel,9.546875,-2.460938,-1.781250,
13.941466,0x4A,gyro,-0.218750,-0.035156,0.359375,
13.942503,0x4B,gyro,-0.240234,-0.019531,0.199219,
13.943149,0x4A,accel,9.011719,-1.363281,-1.792969,
13.943764,0x4B,accel,9.507812,-2.460938,-1.667969,
13.944391,0x4A,accel,8.933594,-1.480469,-1.714844,
13.945005,0x4B,accel,9.468750,-2.578125,-1.628906,
13.946033,0x4A,gyro,-0.216797,-0.044922,0.347656,
13.947096,0x4B,gyro,-0.232422,-0.019531,0.185547,
13.947814,0x4A,accel,8.968750,-1.554688,-1.714844,
13.948729,0x4B,accel,9.468750,-2.500000,-1.667969,
13.950840,0x4A,gyro,-0.205078,-0.046875,0.335938,
13.951489,0x4B,gyro,-0.220703,-0.019531,0.185547,
13.952481,0x4A,accel,9.007812,-1.554688,-1.753906,
13.953140,0x4B,accel,9.468750,-2.425781,-1.707031,
13.955026,0x4A,gyro,-0.185547,-0.050781,0.326172,
13.956987,0x4A,accel,9.011719,-1.519531,-1.714844,
13.957634,0x4B,gyro,-0.197266,-0.023438,0.183594,
13.959465,0x4A,gyro,-0.162109,-0.050781,0.322266,
13.961085,0x4A,accel,9.050781,-1.554688,-1.636719,
13.961694,0x4B,gyro,-0.177734,-0.023438,0.175781,
13.963177,0x4B,accel,9.507812,-2.425781,-1.667969,
13.964989,0x4A,accel,9.046875,-1.593750,-1.636719,
13.966583,0x4A,gyro,-0.134766,-0.058594,0.312500,
13.967195,0x4B,accel,9.589844,-2.578125,-1.550781,
13.967828,0x4A,accel,9.011719,-1.519531,-1.601562,
13.968442,0x4B,gyro,-0.160156,-0.023438,0.169922,
13.969672,0x4B,accel,9.585938,-2.578125,-1.511719,
13.970573,0x4A,gyro,-0.111328,-0.058594,0.300781,
13.971216,0x4B,gyro,-0.138672,-0.029297,0.166016,
13.972310,0x4A,accel,9.046875,-1.519531,-1.714844,
13.972989,0x4B,accel,9.589844,-2.769531,-1.550781,
13.976639,0x4A,gyro,-0.072266,-0.054688,0.291016,
13.977733,0x4B,gyro,-0.101562,-0.031250,0.164062,
13.978423,0x4A,accel,8.968750,-1.441406,-1.601562,
13.979068,0x4B,accel,9.617188,-2.730469,-1.628906,
13.980293,0x4B,gyro,-0.070312,-0.031250,0.152344,
13.981564,0x4A,gyro,-0.050781,-0.058594,0.269531,
13.982598,0x4B,accel,9.656250,-2.691406,-1.511719,
13.983226,0x4A,accel,9.046875,-1.402344,-1.562500,
13.983841,0x4B,accel,9.660156,-2.808594,-1.628906,
13.984455,0x4A,accel,9.007812,-1.441406,-1.601562,
13.985072,0x4B,gyro,-0.048828,-0.031250,0.148438,
13.986099,0x4A,gyro,-0.023438,-0.058594,0.253906,
13.987838,0x4A,accel,9.089844,-1.480469,-1.523438,
13.988640,0x4B,accel,9.656250,-2.730469,-1.628906,
13.990824,0x4A,gyro,-0.005859,-0.052734,0.232422,
13.992056,0x4B,gyro,-0.021484,-0.031250,0.134766,
13.992717,0x4A,accel,9.050781,-1.480469,-1.445312,
13.993373,0x4B,accel,9.699219,-2.730469,-1.628906,
13.995265,0x4A,gyro,0.021484,-0.052734,0.220703,
13.995911,0x4B,gyro,-0.005859,-0.025391,0.119141,
13.996971,0x4A,accel,9.085938,-1.480469,-1.445312,
13.998067,0x4B,accel,9.699219,-2.769531,-1.550781,
13.999906,0x4A,gyro,0.046875,-0.046875,0.212891,
14.000525,0x4B,accel,9.699219,-2.691406,-1.589844,
14.001522,0x4A,accel,9.089844,-1.519531,-1.445312,
14.002522,0x4B,gyro,0.029297,-0.021484,0.113281,
14.003745,0x4B,accel,9.695312,-2.617188,-1.511719,
14.004354,0x4A,accel,9.089844,-1.593750,-1.410156,
14.005571,0x4A,gyro,0.066406,-0.042969,0.210938,
14.006487,0x4B,gyro,0.060547,-0.025391,0.101562,
14.008203,0x4B,accel,9.695312,-2.539062,-1.511719,
14.008864,0x4A,accel,9.128906,-1.632812,-1.410156,
14.010581,0x4A,gyro,0.093750,-0.044922,0.212891,
14.011687,0x4B,gyro,0.078125,-0.019531,0.091797,
14.012757,0x4A,accel,9.089844,-1.710938,-1.445312,
14.013438,0x4B,accel,9.656250,-2.425781,-1.550781,
14.015304,0x4A,gyro,0.126953,-0.035156,0.226562,
14.015948,0x4B,gyro,0.105469,-0.019531,0.080078,
14.017239,0x4A,accel,9.050781,-1.824219,-1.445312,
14.018320,0x4B,accel,9.660156,-2.234375,-1.589844,
14.020145,0x4A,gyro,0.146484,-0.039062,0.255859,
14.020767,0x4B,accel,9.585938,-2.117188,-1.511719,
14.021787,0x4A,accel,9.011719,-1.937500,-1.410156,
14.022416,0x4B,gyro,0.119141,-0.013672,0.076172,
14.023879,0x4B,accel,9.511719,-2.003906,-1.476562,
14.024508,0x4A,accel,8.968750,-2.054688,-1.445312,
14.026152,0x4A,gyro,0.177734,-0.046875,0.292969,
14.027414,0x4B,gyro,0.140625,-0.011719,0.074219,
14.028061,0x4A,accel,8.890625,-2.128906,-1.410156,
14.028843,0x4B,accel,9.468750,-1.925781,-1.476562,
14.030959,0x4A,gyro,0.193359,-0.050781,0.337891,
14.032306,0x4B,gyro,0.150391,-0.013672,0.074219,
14.032965,0x4A,accel,8.863281,-2.167969,-1.445312,
14.033787,0x4B,accel,9.472656,-1.886719,-1.320312,
14.035691,0x4A,gyro,0.228516,-0.060547,0.371094,
14.036328,0x4B,gyro,0.167969,-0.013672,0.076172,
14.037362,0x4A,accel,8.890625,-2.207031,-1.445312,
14.038015,0x4B,accel,9.429688,-1.847656,-1.285156,
14.039842,0x4A,gyro,0.246094,-0.066406,0.402344,
14.040454,0x4B,accel,9.511719,-1.847656,-1.246094,
14.041474,0x4A,accel,8.933594,-2.167969,-1.523438,
14.042109,0x4B,gyro,0.183594,-0.011719,0.087891,
14.043764,0x4B,accel,9.589844,-1.773438,-1.359375,
14.044372,0x4A,accel,8.968750,-2.128906,-1.523438,
14.045591,0x4A,gyro,0.273438,-0.078125,0.427734,
14.046218,0x4B,gyro,0.203125,-0.013672,0.101562,
14.048051,0x4B,accel,9.734375,-1.812500,-1.246094,
14.048701,0x4A,accel,9.050781,-2.054688,-1.562500,
14.050476,0x4A,gyro,0.287109,-0.097656,0.433594,
14.051844,0x4B,gyro,0.203125,-0.013672,0.121094,
14.052866,0x4A,accel,9.089844,-1.863281,-1.636719,
14.053562,0x4B,accel,9.816406,-1.886719,-1.285156,
14.055406,0x4A,gyro,0.302734,-0.103516,0.433594,
14.056025,0x4B,gyro,0.214844,-0.023438,0.134766,
14.057351,0x4A,accel,9.167969,-1.785156,-1.753906,
14.057994,0x4B,accel,9.972656,-2.003906,-1.476562,
14.059196,0x4B,accel,10.042969,-2.156250,-1.511719,
14.059815,0x4A,gyro,0.312500,-0.111328,0.419922,
14.060432,0x4B,gyro,0.207031,-0.023438,0.146484,
14.061429,0x4A,accel,9.242188,-1.671875,-1.714844,
14.063788,0x4B,accel,10.082031,-2.269531,-1.511719,
14.064417,0x4A,accel,9.207031,-1.593750,-1.753906,
14.066367,0x4A,gyro,0.304688,-0.113281,0.398438,
14.067407,0x4B,gyro,0.205078,-0.027344,0.144531,
14.068072,0x4A,accel,9.128906,-1.554688,-1.828125,
14.068915,0x4B,accel,10.078125,-2.347656,-1.667969,
14.071089,0x4A,gyro,0.291016,-0.121094,0.382812,
14.072223,0x4B,gyro,0.203125,-0.033203,0.136719,
14.072921,0x4A,accel,9.164062,-1.632812,-1.828125,
14.073676,0x4B,accel,10.000000,-2.460938,-1.742188,
14.075508,0x4A,gyro,0.283203,-0.111328,0.363281,
14.076120,0x4B,gyro,0.203125,-0.039062,0.128906,
14.077347,0x4A,accel,9.050781,-1.710938,-1.828125,
14.078589,0x4B,accel,9.968750,-2.500000,-1.820312,
14.079807,0x4B,accel,9.933594,-2.425781,-1.707031,
14.081049,0x4A,gyro,0.277344,-0.107422,0.363281,
14.081667,0x4B,gyro,0.201172,-0.039062,0.117188,
14.082717,0x4A,accel,9.050781,-1.746094,-1.828125,
14.083784,0x4B,accel,9.933594,-2.269531,-1.589844,
14.084401,0x4A,accel,9.007812,-1.863281,-1.675781,
14.086265,0x4A,gyro,0.269531,-0.109375,0.386719,
14.087364,0x4B,gyro,0.205078,-0.042969,0.103516,
14.088074,0x4A,accel,9.050781,-2.015625,-1.601562,
14.088920,0x4B,accel,9.972656,-2.195312,-1.437500,
14.091041,0x4A,gyro,0.267578,-0.111328,0.398438,
14.092291,0x4B,accel,10.000000,-2.039062,-1.398438,
14.092944,0x4A,accel,9.164062,-2.128906,-1.484375,
14.093599,0x4B,gyro,0.207031,-0.041016,0.095703,
14.094841,0x4B,accel,10.195312,-1.964844,-1.359375,
14.095450,0x4A,gyro,0.269531,-0.123047,0.416016,
14.096061,0x4B,gyro,0.214844,-0.046875,0.105469,
14.097203,0x4A,accel,9.246094,-2.207031,-1.445312,
14.098213,0x4B,accel,10.312500,-1.847656,-1.359375,
14.100020,0x4A,gyro,0.289062,-0.126953,0.425781,
14.101343,0x4B,gyro,0.210938,-0.044922,0.113281,
14.102389,0x4A,accel,9.390625,-2.207031,-1.410156,
14.103440,0x4B,accel,10.500000,-1.773438,-1.359375,
14.104075,0x4A,accel,9.472656,-2.093750,-1.410156,
14.106006,0x4A,gyro,0.292969,-0.136719,0.419922,
14.107051,0x4B,gyro,0.199219,-0.044922,0.126953,
14.108122,0x4A,accel,9.628906,-2.015625,-1.523438,
14.108927,0x4B,accel,10.617188,-1.925781,-1.398438,
14.111068,0x4A,gyro,0.308594,-0.134766,0.431641,
14.112203,0x4B,accel,10.738281,-2.003906,-1.550781,
14.112830,0x4A,accel,9.699219,-1.902344,-1.562500,
14.113456,0x4B,gyro,0.220703,-0.039062,0.140625,
14.114666,0x4B,accel,10.808594,-2.195312,-1.667969,
14.115278,0x4A,gyro,0.324219,-0.130859,0.457031,
14.115899,0x4B,gyro,0.226562,-0.039062,0.134766,
14.117220,0x4A,accel,9.628906,-1.785156,-1.562500,
14.118244,0x4B,accel,10.699219,-2.425781,-1.742188,
14.120058,0x4A,gyro,0.328125,-0.130859,0.478516,
14.120683,0x4B,gyro,0.228516,-0.035156,0.119141,
14.121703,0x4A,accel,9.550781,-1.785156,-1.675781,
14.122733,0x4B,accel,10.617188,-2.691406,-1.820312,
14.124781,0x4A,accel,9.468750,-1.785156,-1.675781,
14.126628,0x4A,gyro,0.326172,-0.119141,0.496094,
14.127680,0x4B,gyro,0.238281,-0.037109,0.093750,
14.128350,0x4A,accel,9.394531,-1.785156,-1.675781,
14.128996,0x4B,accel,10.542969,-2.691406,-1.898438,
14.130255,0x4B,accel,10.582031,-2.691406,-1.898438,
14.131306,0x4A,gyro,0.318359,-0.111328,0.523438,
14.132553,0x4B,gyro,0.253906,-0.031250,0.058594,
14.133190,0x4A,accel,9.429688,-1.863281,-1.601562,
14.134197,0x4B,accel,10.500000,-2.617188,-1.781250,
14.136005,0x4A,gyro,0.318359,-0.095703,0.556641,
14.136615,0x4B,gyro,0.255859,-0.031250,0.025391,
14.137241,0x4A,accel,9.246094,-1.976562,-1.562500,
14.138589,0x4B,accel,10.464844,-2.425781,-1.820312,
14.140419,0x4A,gyro,0.304688,-0.093750,0.605469,
14.141047,0x4B,gyro,0.255859,-0.027344,-0.005859,
14.142081,0x4A,accel,9.429688,-2.093750,-1.636719,
14.143118,0x4B,accel,10.503906,-2.234375,-1.589844,
14.145003,0x4A,accel,9.390625,-2.246094,-1.562500,
14.145652,0x4B,gyro,0.263672,-0.027344,-0.027344,
14.146732,0x4A,gyro,0.304688,-0.083984,0.654297,
14.147781,0x4B,accel,10.539062,-1.886719,-1.667969,
14.148441,0x4A,accel,9.550781,-2.320312,-1.484375,
14.149073,0x4B,accel,10.656250,-1.812500,-1.437500,
14.150890,0x4A,gyro,0.314453,-0.089844,0.710938,
14.151908,0x4B,gyro,0.261719,-0.027344,-0.037109,
14.152564,0x4A,accel,9.589844,-2.398438,-1.484375,
14.153552,0x4B,accel,10.773438,-1.695312,-1.476562,
14.155375,0x4A,gyro,0.314453,-0.091797,0.775391,
14.157020,0x4A,accel,9.511719,-2.476562,-1.445312,
14.158034,0x4B,gyro,0.261719,-0.019531,-0.052734,
14.159343,0x4B,accel,10.660156,-1.656250,-1.437500,
14.161829,0x4A,gyro,0.328125,-0.095703,0.830078,
14.162873,0x4B,gyro,0.263672,-0.015625,-0.052734,
14.163530,0x4A,accel,9.734375,-2.515625,-1.523438,
14.164337,0x4B,accel,10.925781,-1.773438,-1.398438,
14.164982,0x4A,accel,9.589844,-2.476562,-1.562500,
14.166795,0x4A,gyro,0.335938,-0.097656,0.873047,
14.167889,0x4B,accel,10.843750,-1.812500,-1.476562,
14.168540,0x4A,accel,9.585938,-2.437500,-1.484375,
14.169177,0x4B,gyro,0.263672,-0.021484,-0.050781,
14.170397,0x4B,accel,10.925781,-1.964844,-1.437500,
14.171022,0x4A,gyro,0.341797,-0.097656,0.904297,
14.171900,0x4B,gyro,0.263672,-0.015625,-0.050781,
14.172953,0x4A,accel,9.546875,-2.285156,-1.636719,
14.173978,0x4B,accel,10.843750,-2.003906,-1.476562,
14.175837,0x4A,gyro,0.357422,-0.097656,0.919922,
14.176446,0x4B,gyro,0.273438,-0.017578,-0.052734,
14.177507,0x4A,accel,9.472656,-2.167969,-1.636719,
14.178562,0x4B,accel,10.847656,-2.234375,-1.628906,
14.180409,0x4A,gyro,0.351562,-0.101562,0.931641,
14.181062,0x4B,gyro,0.275391,-0.013672,-0.062500,
14.182086,0x4A,accel,9.355469,-2.167969,-1.714844,
14.183138,0x4B,accel,10.773438,-2.386719,-1.667969,
14.185017,0x4A,accel,9.351562,-2.054688,-1.753906,
14.185666,0x4B,accel,10.773438,-2.460938,-1.742188,
14.186740,0x4A,gyro,0.349609,-0.097656,0.931641,
14.187644,0x4B,gyro,0.269531,-0.021484,-0.080078,
14.188398,0x4A,accel,9.312500,-2.054688,-1.753906,
14.189281,0x4B,accel,10.699219,-2.500000,-1.742188,
14.191375,0x4A,gyro,0.337891,-0.087891,0.939453,
14.191992,0x4B,gyro,0.273438,-0.023438,-0.101562,
14.192628,0x4A,accel,9.285156,-2.093750,-1.753906,
14.193436,0x4B,accel,10.699219,-2.500000,-1.742188,
14.195251,0x4A,gyro,0.322266,-0.082031,0.955078,
14.196916,0x4A,accel,9.285156,-2.167969,-1.792969,
14.197966,0x4B,gyro,0.265625,-0.019531,-0.134766,
14.199444,0x4B,accel,10.617188,-2.500000,-1.742188,
14.201740,0x4A,gyro,0.302734,-0.080078,0.988281,
14.202792,0x4B,accel,10.617188,-2.425781,-1.742188,
14.203459,0x4A,accel,9.167969,-2.320312,-1.714844,
14.204129,0x4B,gyro,0.261719,-0.025391,-0.166016,
14.204746,0x4A,accel,9.167969,-2.707031,-1.714844,
14.205377,0x4B,accel,10.617188,-2.347656,-1.707031,
14.206822,0x4A,gyro,0.283203,-0.082031,1.023438,
14.207486,0x4B,gyro,0.261719,-0.019531,-0.197266,
14.208386,0x4A,accel,9.394531,-2.898438,-1.601562,
14.209698,0x4B,accel,10.738281,-2.117188,-1.476562,
14.210399,0x4A,gyro,0.285156,-0.083984,1.070312,
14.211036,0x4B,gyro,0.267578,-0.017578,-0.218750,
14.212285,0x4A,accel,9.281250,-3.125000,-1.371094,
14.213725,0x4B,accel,10.773438,-2.078125,-1.398438,
14.215689,0x4A,gyro,0.289062,-0.087891,1.117188,
14.216365,0x4B,gyro,0.269531,-0.015625,-0.226562,
14.217414,0x4A,accel,9.625000,-3.433594,-1.371094,
14.218469,0x4B,accel,11.003906,-2.039062,-1.167969,
14.220338,0x4A,gyro,0.314453,-0.091797,1.167969,
14.220982,0x4B,accel,11.078125,-1.621094,-1.246094,
14.222013,0x4A,accel,9.468750,-3.355469,-1.179688,
14.223066,0x4B,gyro,0.279297,-0.013672,-0.220703,
14.224367,0x4B,accel,11.082031,-2.039062,-1.207031,
14.225008,0x4A,accel,9.433594,-3.511719,-1.179688,
14.225635,0x4B,gyro,0.283203,-0.005859,-0.208984,
14.226951,0x4A,gyro,0.332031,-0.093750,1.201172,
14.228576,0x4A,accel,9.511719,-3.472656,-1.253906,
14.229215,0x4B,accel,11.156250,-2.195312,-1.285156,
14.231034,0x4A,gyro,0.359375,-0.091797,1.208984,
14.231660,0x4B,gyro,0.300781,-0.005859,-0.193359,
14.232676,0x4A,accel,9.472656,-3.316406,-1.253906,
14.233491,0x4B,accel,11.156250,-2.460938,-1.359375,
14.235328,0x4A,gyro,0.398438,-0.087891,1.228516,
14.235968,0x4B,gyro,0.316406,0.001953,-0.191406,
14.237883,0x4B,accel,11.078125,-2.843750,-1.359375,
14.240377,0x4B,accel,10.882812,-2.882812,-1.398438,
14.241020,0x4A,gyro,0.423828,-0.082031,1.253906,
14.242084,0x4B,gyro,0.353516,0.009766,-0.220703,
14.242755,0x4A,accel,9.550781,-3.242188,-1.332031,
14.243985,0x4B,accel,10.808594,-3.265625,-1.437500,
14.245802,0x4A,accel,9.007812,-3.355469,-1.523438,
14.246854,0x4B,gyro,0.376953,0.011719,-0.240234,
14.247497,0x4A,gyro,0.423828,-0.078125,1.267578,
14.248518,0x4B,accel,10.660156,-3.113281,-1.476562,
14.249133,0x4A,accel,9.085938,-3.433594,-1.562500,
14.250873,0x4A,gyro,0.445312,-0.072266,1.285156,
14.251487,0x4B,gyro,0.412109,0.011719,-0.271484,
14.252642,0x4A,accel,9.089844,-3.472656,-1.445312,
14.253789,0x4B,accel,10.617188,-2.730469,-1.320312,
14.255686,0x4A,gyro,0.458984,-0.082031,1.347656,
14.256335,0x4B,gyro,0.433594,0.013672,-0.308594,
14.257384,0x4A,accel,9.207031,-3.625000,-1.523438,
14.258453,0x4B,accel,10.621094,-2.578125,-1.128906,
14.260330,0x4A,gyro,0.470703,-0.097656,1.421875,
14.260962,0x4B,accel,10.660156,-2.234375,-1.167969,
14.261976,0x4A,accel,9.046875,-3.855469,-1.410156,
14.262603,0x4B,gyro,0.443359,0.015625,-0.343750,
14.264267,0x4B,accel,10.777344,-2.308594,-1.128906,
14.265057,0x4A,accel,9.164062,-4.238281,-1.601562,
14.266819,0x4A,gyro,0.496094,-0.099609,1.482422,
14.267829,0x4B,gyro,0.470703,0.013672,-0.351562,
14.268545,0x4A,accel,9.351562,-4.312500,-1.332031,
14.269299,0x4B,accel,10.964844,-1.925781,-1.167969,
14.271524,0x4A,gyro,0.525391,-0.113281,1.537109,
14.272756,0x4B,gyro,0.494141,0.013672,-0.345703,
14.273424,0x4A,accel,9.625000,-4.277344,-1.371094,
14.274242,0x4B,accel,11.082031,-1.886719,-1.015625,
14.276145,0x4A,gyro,0.564453,-0.125000,1.613281,
14.276795,0x4B,gyro,0.511719,0.019531,-0.351562,
14.277855,0x4A,accel,9.089844,-4.238281,-1.140625,
14.278528,0x4B,accel,11.121094,-1.734375,-0.976562,
14.280392,0x4A,gyro,0.580078,-0.148438,1.648438,
14.281021,0x4B,accel,11.121094,-2.156250,-1.207031,
14.282072,0x4A,accel,9.246094,-4.582031,-1.523438,
14.282698,0x4B,gyro,0.511719,0.021484,-0.337891,
14.284306,0x4B,accel,11.156250,-2.269531,-1.015625,
14.284925,0x4A,accel,9.394531,-4.121094,-1.332031,
14.286153,0x4A,gyro,0.636719,-0.148438,1.687500,
14.286772,0x4B,gyro,0.546875,0.025391,-0.333984,
14.288530,0x4B,accel,11.117188,-2.347656,-1.167969,
14.289148,0x4A,accel,9.164062,-4.085938,-1.445312,
14.290989,0x4A,gyro,0.656250,-0.160156,1.714844,
14.292285,0x4B,gyro,0.570312,0.023438,-0.337891,
14.293363,0x4A,accel,9.167969,-3.816406,-1.410156,
14.294041,0x4B,accel,11.187500,-2.921875,-0.976562,
14.295918,0x4A,gyro,0.675781,-0.156250,1.714844,
14.296555,0x4B,gyro,0.597656,0.021484,-0.359375,
14.298248,0x4B,accel,11.117188,-2.921875,-1.320312,
14.298899,0x4A,accel,8.933594,-3.738281,-1.445312,
14.299511,0x4B,accel,11.191406,-3.191406,-1.398438,
14.300730,0x4B,gyro,0.634766,0.025391,-0.373047,
14.302030,0x4A,gyro,0.683594,-0.144531,1.681641,
14.303462,0x4A,accel,8.824219,-3.703125,-1.445312,
14.304365,0x4B,accel,11.191406,-3.226562,-1.589844,
14.304979,0x4A,accel,9.128906,-3.546875,-1.371094,
14.306192,0x4A,gyro,0.695312,-0.126953,1.648438,
14.306816,0x4B,gyro,0.660156,0.023438,-0.406250,
14.308641,0x4B,accel,11.039062,-2.960938,-1.550781,
14.309279,0x4A,accel,8.742188,-3.394531,-1.214844,
14.311148,0x4A,gyro,0.687500,-0.115234,1.640625,
14.312336,0x4B,gyro,0.660156,0.033203,-0.439453,
14.313435,0x4A,accel,8.507812,-3.625000,-1.292969,
14.314099,0x4B,accel,11.042969,-3.000000,-1.667969,
14.315999,0x4A,gyro,0.662109,-0.103516,1.587891,
14.316640,0x4B,accel,11.121094,-2.882812,-1.667969,
14.317821,0x4A,accel,9.046875,-3.968750,-1.484375,
14.318878,0x4B,gyro,0.673828,0.037109,-0.458984,
14.320101,0x4B,accel,11.191406,-2.460938,-1.437500,
14.320720,0x4A,gyro,0.662109,-0.085938,1.580078,
14.321344,0x4B,gyro,0.687500,0.044922,-0.498047,
14.322359,0x4A,accel,8.933594,-3.625000,-0.988281,
14.323368,0x4B,accel,11.187500,-2.195312,-1.511719,
14.325218,0x4A,accel,9.007812,-3.968750,-1.214844,
14.326871,0x4A,gyro,0.640625,-0.072266,1.580078,
14.327882,0x4B,gyro,0.673828,0.044922,-0.515625,
14.328631,0x4A,accel,8.863281,-3.968750,-0.949219,
14.329430,0x4B,accel,11.308594,-2.117188,-1.359375,
14.331612,0x4A,gyro,0.634766,-0.058594,1.568359,
14.332731,0x4B,accel,11.265625,-1.847656,-1.550781,
14.333408,0x4A,accel,9.046875,-4.046875,-1.214844,
14.334073,0x4B,gyro,0.679688,0.048828,-0.527344,
14.335343,0x4B,accel,11.191406,-1.734375,-1.437500,
14.336722,0x4A,gyro,0.628906,-0.039062,1.560547,
14.337378,0x4B,gyro,0.679688,0.062500,-0.537109,
14.338442,0x4A,accel,8.824219,-3.968750,-0.988281,
14.339431,0x4B,accel,11.117188,-1.542969,-1.628906,
14.341920,0x4A,gyro,0.625000,-0.029297,1.552734,
14.342932,0x4B,gyro,0.654297,0.068359,-0.550781,
14.343558,0x4A,accel,8.859375,-4.007812,-1.062500,
14.344472,0x4B,accel,10.960938,-1.582031,-1.476562,
14.345083,0x4A,accel,8.859375,-3.968750,-1.101562,
14.347027,0x4A,gyro,0.615234,-0.015625,1.566406,
14.348051,0x4B,gyro,0.652344,0.080078,-0.576172,
14.348701,0x4A,accel,8.246094,-4.007812,-1.023438,
14.349355,0x4B,accel,10.843750,-1.542969,-1.476562,
14.350628,0x4B,accel,10.886719,-1.812500,-1.550781,
14.351696,0x4A,gyro,0.591797,-0.005859,1.560547,
14.352742,0x4B,gyro,0.617188,0.085938,-0.583984,
14.353460,0x4A,accel,8.824219,-4.277344,-1.371094,
14.354379,0x4B,accel,10.808594,-1.582031,-1.320312,
14.356233,0x4A,gyro,0.585938,0.003906,1.560547,
14.356849,0x4B,gyro,0.613281,0.089844,-0.605469,
14.358754,0x4B,accel,10.660156,-1.429688,-1.476562,
14.361141,0x4B,gyro,0.599609,0.093750,-0.644531,
14.361754,0x4A,gyro,0.558594,0.003906,1.611328,
14.362771,0x4B,accel,10.621094,-1.503906,-1.398438,
14.363396,0x4A,accel,8.929688,-4.160156,-1.140625,
14.366263,0x4A,accel,8.242188,-4.851562,-1.062500,
14.366911,0x4B,gyro,0.574219,0.099609,-0.662109,
14.368620,0x4B,accel,10.738281,-1.199219,-1.285156,
14.369276,0x4A,gyro,0.537109,0.001953,1.652344,
14.369932,0x4B,accel,10.925781,-0.968750,-1.207031,
14.370577,0x4A,accel,8.667969,-5.156250,-1.214844,
14.371217,0x4B,gyro,0.560547,0.105469,-0.656250,
14.371860,0x4A,gyro,0.517578,0.000000,1.666016,
14.373400,0x4A,accel,8.972656,-5.042969,-0.949219,
14.374372,0x4B,accel,11.078125,-0.738281,-1.167969,
14.376217,0x4A,gyro,0.521484,0.005859,1.699219,
14.376825,0x4B,gyro,0.548828,0.111328,-0.646484,
14.377859,0x4A,accel,8.820312,-4.773438,-0.832031,
14.378897,0x4B,accel,11.117188,-0.507812,-1.128906,
14.380721,0x4A,gyro,0.513672,0.011719,1.722656,
14.381342,0x4B,gyro,0.511719,0.111328,-0.652344,
14.382356,0x4A,accel,8.285156,-4.734375,-0.871094,
14.383368,0x4B,accel,11.226562,-0.699219,-1.359375,
14.385403,0x4A,accel,8.054688,-4.773438,-0.949219,
14.387273,0x4A,gyro,0.494141,0.019531,1.671875,
14.388330,0x4B,accel,11.121094,-1.007812,-1.398438,
14.388983,0x4A,accel,8.128906,-4.312500,-0.949219,
14.389625,0x4B,gyro,0.478516,0.117188,-0.609375,
14.390898,0x4B,accel,10.738281,-1.160156,-1.359375,
14.391889,0x4A,gyro,0.486328,0.035156,1.607422,
14.392610,0x4B,gyro,0.455078,0.126953,-0.595703,
14.393595,0x4A,accel,8.019531,-3.968750,-0.949219,
14.394580,0x4B,accel,10.578125,-1.503906,-1.437500,
14.396449,0x4A,gyro,0.470703,0.052734,1.544922,
14.397067,0x4B,gyro,0.427734,0.126953,-0.601562,
14.398105,0x4A,accel,7.519531,-3.816406,-1.023438,
14.399123,0x4B,accel,10.425781,-1.886719,-1.320312,
14.400928,0x4A,gyro,0.433594,0.068359,1.470703,
14.401571,0x4B,gyro,0.417969,0.126953,-0.613281,
14.402623,0x4A,accel,7.097656,-4.046875,-1.062500,
14.403697,0x4B,accel,10.425781,-2.156250,-1.398438,
14.405606,0x4A,accel,7.636719,-4.390625,-1.332031,
14.406260,0x4B,accel,10.277344,-2.078125,-1.437500,
14.407366,0x4A,gyro,0.396484,0.091797,1.357422,
14.408275,0x4B,gyro,0.406250,0.123047,-0.623047,
14.408957,0x4A,accel,8.242188,-4.351562,-1.101562,
14.409893,0x4B,accel,10.039062,-2.003906,-1.320312,
14.411893,0x4A,gyro,0.376953,0.115234,1.337891,
14.412519,0x4B,gyro,0.416016,0.121094,-0.664062,
14.413164,0x4A,accel,7.746094,-4.277344,-0.871094,
14.413966,0x4B,accel,10.078125,-1.503906,-1.207031,
14.417671,0x4A,gyro,0.341797,0.130859,1.349609,
14.418684,0x4B,gyro,0.400391,0.115234,-0.708984,
14.419300,0x4A,accel,7.320312,-4.964844,-0.988281,
14.419916,0x4B,accel,10.460938,-1.503906,-1.285156,
14.420535,0x4A,gyro,0.300781,0.140625,1.306641,
14.421176,0x4B,gyro,0.382812,0.121094,-0.703125,
14.422205,0x4A,accel,7.636719,-5.539062,-1.101562,
14.423251,0x4B,accel,10.539062,-1.121094,-1.320312,
14.424549,0x4B,accel,10.460938,-0.625000,-1.246094,
14.425192,0x4A,accel,7.980469,-5.500000,-0.871094,
14.427164,0x4A,gyro,0.285156,0.156250,1.275391,
14.427910,0x4B,gyro,0.363281,0.117188,-0.695312,
