time_s,foot_ax,foot_ay,foot_az,foot_gx,foot_gy,foot_gz,shank_ax,shank_ay,shank_az,shank_gx,shank_gy,shank_gz,ankle_encoder_deg,toe_fsr_raw,heel_fsr_raw
0.0037132630004634,-0.37319,1.10203,10.65428,-0.04986,1.03524,-0.11273,-3.9478,0.61062,4.14737,-0.37809,-3.0457,1.11806,79.541,3.0,0.0
0.008713263000463399,-0.37319,1.10203,10.65428,-0.04986,1.03524,-0.11273,-3.9478,0.61062,4.14737,-0.37809,-3.0457,1.11806,79.541,3.0,0.0
0.013713263000463398,-0.37319,1.10203,10.65428,-0.04986,1.03524,-0.11273,-3.9478,0.61062,4.14737,-0.37809,-3.0457,1.11806,79.541,3.0,0.0
0.018713263000463397,-0.37319,1.10203,10.65428,-0.04986,1.03524,-0.11273,-3.9478,0.61062,4.14737,-0.37809,-3.0457,1.11806,79.605,3.0,0.0
0.0237132630004634,-0.37319,1.10203,10.65428,-0.04986,1.03524,-0.11273,-3.9478,0.61062,4.14737,-0.37809,-3.0457,1.11806,79.629,3.0,0.0
0.028713263000463396,-0.37319,1.10203,10.65428,-0.04986,1.03524,-0.11273,-3.9478,0.61062,4.14737,-0.37809,-3.0457,1.11806,79.629,3.0,0.0
0.033713263000463393,-0.37319,1.10203,10.65428,-0.04986,1.03524,-0.11273,-3.9478,0.61062,4.14737,-0.37809,-3.0457,1.11806,79.629,3.0,0.0
0.0387132630004634,-0.37319,1.10203,10.65428,-0.04986,1.03524,-0.11273,-3.9478,0.61062,4.14737,-0.37809,-3.0457,1.11806,79.629,3.0,0.0
0.043713263000463395,-0.37319,1.10203,10.65428,-0.04986,1.03524,-0.11273,-3.9478,0.61062,4.14737,-0.37809,-3.0457,1.11806,79.69,3.0,3304.574
0.04871326300046339,-0.44154,1.27937,10.53176,-0.06619,0.70852,-0.01872,-3.9478,0.61062,4.14737,-0.37809,-3.0457,1.11806,79.717,3.0,4723.0
0.05371326300046339,-0.54111,1.53768,10.3533,-0.08997,0.23262,0.11823,-3.74675,0.64913,4.35599,-0.36418,-3.1183,1.12233,79.781,2.27,4723.0
0.058713263000463395,-0.64067,1.79599,10.17485,-0.11376,-0.24328,0.25517,-3.4706,0.70201,4.64252,-0.34508,-3.21801,1.1282,79.805,2.0,4723.0
0.06371326300046339,-0.74023,2.0543,9.99639,-0.13754,-0.71919,0.39212,-3.19445,0.7549,4.92905,-0.32598,-3.31773,1.13407,79.869,2.0,6989.409
0.06871326300046339,-0.8398,2.31261,9.81793,-0.16132,-1.19509,0.52906,-2.9183,0.80779,5.21558,-0.30687,-3.41744,1.13995,79.893,2.0,7832.0
0.0737132630004634,-0.93936,2.57092,9.63948,-0.18511,-1.67099,0.66601,-2.64216,0.86067,5.50212,-0.28777,-3.51716,1.14582,79.893,3.455,7832.0
0.07871326300046338,-1.066,2.64888,9.77901,-0.20889,-2.14689,0.80295,-2.80065,0.9457,5.81034,-0.28536,-3.57342,1.11206,79.893,4.0,7832.0
0.08371326300046339,-1.20277,2.65941,10.03741,-0.23267,-2.6228,0.9399,-3.12162,1.04274,6.12666,-0.28918,-3.61343,1.06349,79.956,4.0,7832.0
0.0887132630004634,-1.33953,2.66994,10.2958,-0.25645,-3.0987,1.07684,-3.4426,1.13979,6.44299,-0.29301,-3.65345,1.01492,79.98,4.0,8045.552
0.09371326300046338,-1.4763,2.68047,10.5542,-0.28024,-3.5746,1.21379,-3.76357,1.23683,6.75932,-0.29683,-3.69347,0.96635,79.98,4.0,8125.0
0.09871326300046339,-1.61306,2.69101,10.8126,-0.29905,-3.74141,1.17472,-4.08454,1.33387,7.07565,-0.30066,-3.73348,0.91778,79.98,3.271,8125.0
0.10371326300046338,-1.74983,2.70154,11.071,-0.31602,-3.7935,1.07034,-4.14356,1.61401,7.53059,-0.30448,-3.7735,0.86921,79.98,3.0,8125.0
0.10871326300046338,-1.88659,2.71207,11.3294,-0.333,-3.8456,0.96596,-4.10516,1.96223,8.03709,-0.30831,-3.81352,0.82064,80.044,3.0,8107.547
0.11371326300046339,-2.02335,2.7226,11.5878,-0.34997,-3.8977,0.86157,-4.06676,2.31045,8.54359,-0.31214,-3.85354,0.77206,80.068,3.0,8101.0
0.11871326300046338,-2.16012,2.73313,11.8462,-0.36694,-3.9498,0.75719,-4.02835,2.65868,9.05009,-0.31596,-3.89355,0.72349,80.068,3.727,8101.0
0.12371326300046338,-2.32769,2.82351,12.30218,-0.37095,-3.98259,0.68451,-4.03371,2.89879,9.4698,-0.32345,-3.93274,0.63241,80.068,4.0,7994.711
0.12871326300046337,-2.5069,2.94406,12.83282,-0.37007,-4.0081,0.62381,-4.05561,3.09805,9.8567,-0.33232,-3.97161,0.52527,80.068,4.0,7954.0
0.13371326300046338,-2.68612,3.06461,13.36346,-0.36918,-4.0336,0.5631,-4.07751,3.2973,10.24361,-0.34118,-4.01048,0.41813,80.131,3.284,7954.0
0.13871326300046338,-2.86533,3.18516,13.89411,-0.3683,-4.0591,0.5024,-4.0994,3.49656,10.63052,-0.35005,-4.04935,0.31098,80.156,3.0,7954.0
0.1437132630004634,-2.96811,3.26757,14.16451,-0.36741,-4.08461,0.4417,-4.12618,3.50267,10.71087,-0.35892,-4.08822,0.20384,80.156,3.0,8266.251
0.1487132630004634,-3.04243,3.33577,14.33797,-0.36653,-4.11011,0.381,-4.15476,3.43683,10.67703,-0.36779,-4.12709,0.0967,80.156,3.0,8383.0
0.15371326300046337,-3.11675,3.40397,14.51144,-0.36564,-4.13561,0.3203,-4.18335,3.37099,10.64319,-0.35142,-4.13587,0.02254,80.156,5.189,8383.0
0.15871326300046337,-3.19106,3.47217,14.6849,-0.36476,-4.16112,0.25959,-4.21194,3.30516,10.60934,-0.32558,-4.13338,-0.03926,80.156,6.0,8383.0
0.16371326300046338,-3.26538,3.54036,14.85837,-0.36387,-4.18662,0.19889,-4.24053,3.23932,10.5755,-0.29975,-4.13088,-0.10106,80.156,6.0,8456.093
0.16871326300046338,-3.3397,3.60856,15.03183,-0.36299,-4.21212,0.13819,-4.26912,3.17348,10.54165,-0.27392,-4.12839,-0.16286,80.156,6.0,8485.0
0.17371326300046339,-3.53789,3.7042,15.03602,-0.32775,-4.20525,0.0494,-4.29771,3.10764,10.50781,-0.24808,-4.12589,-0.22466,80.156,3.814,8485.0
0.17871326300046336,-3.78241,3.81009,14.97689,-0.27967,-4.18626,-0.04989,-4.24059,3.06082,10.50203,-0.22225,-4.1234,-0.28646,80.156,3.0,8485.0
0.18371326300046337,-4.02693,3.91598,14.91776,-0.23158,-4.16728,-0.14919,-4.15166,3.02106,10.50668,-0.19642,-4.12091,-0.34826,80.156,3.0,8267.512
0.18871326300046337,-4.27146,4.02188,14.85864,-0.1835,-4.14829,-0.24848,-4.06272,2.98129,10.51132,-0.17059,-4.11841,-0.41006,80.156,3.0,8186.0
0.19371326300046338,-4.51598,4.12777,14.79951,-0.13542,-4.12931,-0.34778,-3.97379,2.94153,10.51597,-0.14475,-4.11592,-0.47186,80.156,3.0,8186.0
0.19871326300046338,-4.76051,4.23367,14.74038,-0.08733,-4.11032,-0.44707,-3.88485,2.90177,10.52061,-0.11892,-4.11342,-0.53366,80.156,3.0,8186.0
0.20371326300046336,-5.00503,4.33956,14.68125,-0.03925,-4.09134,-0.54637,-3.79592,2.86201,10.52526,-0.09309,-4.11093,-0.59546,80.156,3.0,7967.88
0.20871326300046336,-5.16153,4.17831,14.72172,-0.00458,-4.05954,-0.60767,-3.70698,2.82224,10.5299,-0.06037,-4.08136,-0.65806,80.156,3.0,7886.0
0.21371326300046337,-5.28481,3.91626,14.79976,0.02502,-4.02292,-0.65463,-3.61805,2.78248,10.53454,-0.02504,-4.04157,-0.72095,80.156,3.728,7886.0
0.21871326300046337,-5.40809,3.6542,14.8778,0.05462,-3.98629,-0.7016,-3.52911,2.74272,10.53919,0.01028,-4.00178,-0.78384,80.156,4.0,7791.228
0.22371326300046337,-5.53137,3.39214,14.95585,0.08423,-3.94967,-0.74856,-3.40531,2.68104,10.70029,0.0456,-3.962,-0.84673,80.156,4.0,7756.0
0.22871326300046338,-5.55726,3.09709,14.99096,0.11383,-3.91304,-0.79552,-3.2686,2.61124,10.91937,0.08092,-3.92221,-0.90962,80.156,4.0,7756.0
0.23371326300046336,-5.54657,2.78965,15.00995,0.14343,-3.87642,-0.84249,-3.13188,2.54144,11.13846,0.11624,-3.88243,-0.97251,80.156,4.0,7756.0
0.23871326300046336,-5.53587,2.48221,15.02893,0.17304,-3.83979,-0.88945,-2.99516,2.47164,11.35754,0.15156,-3.84264,-1.0354,80.156,4.0,7781.526
0.24371326300046336,-5.52518,2.17477,15.04792,0.20264,-3.80317,-0.93641,-2.85844,2.40185,11.57663,0.18688,-3.80285,-1.09829,80.156,4.0,7791.0
0.24871326300046337,-5.51448,1.86732,15.0669,0.23224,-3.76654,-0.98338,-2.52791,2.22867,11.79387,0.19243,-3.74101,-1.10154,80.156,4.0,7791.0
0.2537132630004634,-5.50378,1.55988,15.08589,0.22901,-3.69252,-0.96719,-2.12502,2.01691,12.01043,0.18686,-3.67093,-1.08252,80.156,4.0,7791.0
0.2587132630004633,-5.49309,1.25244,15.10487,0.21366,-3.6047,-0.92768,-1.72212,1.80514,12.22698,0.18129,-3.60085,-1.0635,80.156,4.0,7740.001
0.2637132630004633,-5.48239,0.945,15.12386,0.1983,-3.51687,-0.88817,-1.31923,1.59337,12.44354,0.17572,-3.53076,-1.04447,80.156,4.0,7721.0
0.26871326300046333,-5.64967,0.78468,14.9985,0.18294,-3.42904,-0.84866,-0.91634,1.38161,12.66009,0.17016,-3.46068,-1.02545,80.156,3.27,7721.0
0.27371326300046334,-5.88336,0.67926,14.81927,0.16758,-3.34122,-0.80915,-0.67913,1.14458,12.6622,0.16459,-3.3906,-1.00643,80.22,3.0,7721.0
0.27871326300046334,-6.11705,0.57384,14.64005,0.15223,-3.25339,-0.76963,-0.50314,0.89823,12.58507,0.15902,-3.32052,-0.98741,80.244,3.0,7888.311
0.28371326300046334,-6.35074,0.46842,14.46083,0.13687,-3.16556,-0.73012,-0.32715,0.65187,12.50795,0.15345,-3.25044,-0.96839,80.244,3.0,7953.0
0.28871326300046335,-6.58443,0.36301,14.28161,0.12151,-3.07774,-0.69061,-0.15116,0.40552,12.43082,0.14788,-3.18036,-0.94937,80.244,5.911,7953.0
0.29371326300046335,-6.81812,0.25759,14.10239,0.14334,-2.93074,-0.61514,0.02483,0.15916,12.3537,0.18659,-2.93501,-0.79957,80.244,7.0,8410.427
0.2987132630004633,-7.05181,0.15217,13.92316,0.17906,-2.76166,-0.52624,0.20083,-0.08719,12.27657,0.24182,-2.62424,-0.60095,80.244,7.0,8580.0
0.3037132630004633,-7.56989,0.38702,13.40833,0.21477,-2.59257,-0.43734,0.37682,-0.33354,12.19945,0.29705,-2.31347,-0.40233,80.244,5.544,8580.0
0.3087132630004633,-8.19539,0.75038,12.76673,0.25049,-2.42349,-0.34844,0.55281,-0.5799,12.12232,0.35228,-2.00269,-0.20371,80.244,5.0,8580.0
0.3137132630004633,-8.82088,1.11375,12.12514,0.2862,-2.2544,-0.25954,0.3791,-0.64573,11.84055,0.36103,-1.74305,-0.07943,80.244,5.0,8652.765
0.3187132630004633,-9.44638,1.47711,11.48354,0.32192,-2.08532,-0.17064,0.07532,-0.64441,11.48266,0.3525,-1.50242,0.0172,80.244,5.0,8680.0
0.3237132630004633,-10.07187,1.84047,10.84194,0.35763,-1.91624,-0.08175,-0.22846,-0.64309,11.12476,0.34396,-1.26178,0.11384,80.244,4.272,8680.0
0.32871326300046333,-10.69737,2.20384,10.20035,0.39335,-1.74715,0.00715,-0.53223,-0.64178,10.76687,0.33543,-1.02115,0.21047,80.244,4.0,8680.0
0.33371326300046333,-11.32798,2.02728,10.15348,0.39412,-1.47097,0.1097,-0.83601,-0.64046,10.40898,0.32689,-0.78052,0.30711,80.244,4.0,8869.518
0.33871326300046334,-11.96048,1.65079,10.32686,0.38196,-1.15512,0.2173,-0.72368,-0.71348,10.94336,0.31836,-0.53989,0.40374,80.181,4.0,8940.0
0.34371326300046334,-12.59299,1.2743,10.50023,0.36979,-0.83928,0.3249,-0.45636,-0.81419,11.8101,0.30982,-0.29926,0.50038,80.156,4.0,8940.0
0.34871326300046335,-13.22549,0.89781,10.67361,0.35763,-0.52344,0.43249,-0.18904,-0.9149,12.67684,0.30129,-0.05862,0.59701,80.028,4.0,11532.628
0.3537132630004633,-13.858,0.52132,10.84698,0.34546,-0.20759,0.54009,0.07828,-1.01561,13.54358,0.28113,0.10079,0.62686,79.917,4.0,12496.0
0.3587132630004633,-14.49051,0.14482,11.02035,0.3333,0.10825,0.64769,0.3456,-1.11632,14.41033,0.25666,0.23004,0.6319,79.829,3.276,12496.0
0.3637132630004633,-15.12301,-0.23167,11.19373,0.32113,0.4241,0.75529,0.61292,-1.21703,15.27707,0.23218,0.35929,0.63694,79.805,3.0,12496.0
0.3687132630004633,-15.75552,-0.60816,11.3671,0.30897,0.73994,0.86289,0.88024,-1.31774,16.14381,0.2077,0.48853,0.64197,79.741,3.0,18495.068
0.3737132630004633,-14.9603,-1.05719,11.74214,0.26084,0.91566,0.8486,1.14756,-1.41845,17.01055,0.18322,0.61778,0.64701,79.653,3.0,20736.0
0.3787132630004633,-13.63427,-1.53318,12.19216,0.19934,1.03929,0.789,0.99855,-1.1554,16.65625,0.15875,0.74703,0.65205,79.565,3.0,20736.0
0.3837132630004633,-12.30825,-2.00917,12.64218,0.13783,1.16292,0.7294,0.69227,-0.75494,15.84072,0.13427,0.87627,0.65708,79.477,3.0,20736.0
0.3887132630004633,-10.98222,-2.48516,13.09219,0.07633,1.28655,0.6698,0.38598,-0.35449,15.02518,0.10979,1.00552,0.66212,79.389,3.0,23331.108
0.39371326300046333,-9.22216,-2.46607,13.00109,0.01483,1.41018,0.6102,0.0797,0.04597,14.20965,0.08532,1.13477,0.66716,79.301,3.0,24295.0
0.39871326300046334,-7.30081,-2.26302,12.70891,-0.04667,1.53381,0.5506,-0.22658,0.44642,13.39412,0.06084,1.26401,0.67219,79.149,3.0,24295.0
0.4037132630004633,-5.37947,-2.05997,12.41674,-0.10817,1.65744,0.49101,-0.53286,0.84688,12.57858,0.03636,1.39326,0.67723,78.974,3.0,24783.794
0.4087132630004633,-3.45813,-1.85691,12.12456,-0.16968,1.78107,0.43141,-0.83915,1.24734,11.76305,0.01189,1.52251,0.68227,78.862,3.0,24966.0
0.4137132630004633,-1.53678,-1.65386,11.83239,-0.23118,1.9047,0.37181,-0.21421,1.18818,11.14102,-0.00908,1.60692,0.56538,78.774,3.0,24966.0
0.4187132630004633,0.38456,-1.4508,11.54021,-0.23198,1.96737,0.2821,0.76193,0.9557,10.59198,-0.02871,1.67442,0.40252,78.686,3.0,24966.0
0.4237132630004633,2.3059,-1.24775,11.24803,-0.21003,2.00717,0.18111,1.73806,0.72321,10.04294,-0.04835,1.74192,0.23965,78.598,3.0,25421.173
0.4287132630004633,2.73241,-0.96134,11.05604,-0.18807,2.04698,0.08013,2.71419,0.49072,9.49389,-0.06799,1.80943,0.07679,78.51,3.0,25590.0
0.4337132630004633,2.60388,-0.64398,10.90123,-0.16612,2.08679,-0.02086,3.69032,0.25824,8.94485,-0.08762,1.87693,-0.08607,78.422,4.454,25590.0
0.4387132630004633,2.47534,-0.32663,10.74643,-0.14416,2.1266,-0.12185,3.61103,0.1001,8.57563,-0.06891,1.88593,-0.11555,78.334,5.0,25590.0
0.4437132630004633,2.34681,-0.00927,10.59163,-0.12221,2.1664,-0.22284,3.13591,-0.03014,8.27385,-0.03581,1.873,-0.095,78.311,5.0,25694.207
0.4487132630004633,2.21827,0.30809,10.43683,-0.10025,2.20621,-0.32383,2.66079,-0.16039,7.97206,-0.00271,1.86007,-0.07445,78.247,4.273,25733.0
0.45371326300046333,2.08974,0.62545,10.28203,-0.086,2.17453,-0.32949,2.18566,-0.29064,7.67028,0.03038,1.84713,-0.0539,78.223,4.0,25733.0
0.4587132630004633,1.96121,0.94281,10.12723,-0.07465,2.11597,-0.29931,1.71054,-0.42088,7.3685,0.06348,1.8342,-0.03335,78.223,4.0,25756.35
0.4637132630004633,1.83267,1.26016,9.97242,-0.06329,2.05741,-0.26914,1.20078,-0.32031,7.52859,0.09658,1.82126,-0.0128,78.223,4.0,25765.0
0.4687132630004633,1.74338,1.26706,10.24267,-0.05194,1.99885,-0.23896,0.67821,-0.13443,7.85936,0.12968,1.80833,0.00775,78.35,3.273,25765.0
0.4737132630004633,1.6687,1.15831,10.67124,-0.04059,1.94029,-0.20878,0.15564,0.05144,8.19013,0.16277,1.7954,0.0283,78.462,3.0,25525.535
0.4787132630004633,1.59402,1.04956,11.09982,-0.02923,1.88172,-0.1786,-0.36693,0.23731,8.5209,0.16038,1.70764,-0.02405,78.614,3.0,25434.0
0.4837132630004633,1.51935,0.94081,11.52839,-0.01788,1.82316,-0.14842,-0.8895,0.42318,8.85167,0.14434,1.59111,-0.10444,78.79,3.0,25434.0
0.4887132630004633,1.44467,0.83206,11.95696,-0.00653,1.7646,-0.11825,-1.41207,0.60906,9.18244,0.1283,1.47459,-0.18482,78.902,3.728,25434.0
0.4937132630004633,1.36999,0.72331,12.38554,0.00483,1.70604,-0.08807,-1.93464,0.79493,9.51321,0.11227,1.35806,-0.26521,78.99,4.0,25434.0
0.4987132630004633,1.11621,0.97964,12.36275,0.02531,1.57389,-0.09809,-2.45721,0.9808,9.84398,0.09623,1.24153,-0.34559,79.078,4.0,25797.716
0.5037132630004634,0.7963,1.37079,12.17327,0.04918,1.41455,-0.12295,-3.11868,1.36,9.79731,0.08019,1.12501,-0.42597,79.166,1589.982,25932.0
0.5087132630004633,0.47638,1.76195,11.98379,0.07304,1.25522,-0.14781,-3.83141,1.81056,9.6113,0.06415,1.00848,-0.50636,79.253,2183.0,25932.0
0.5137132630004633,0.15646,2.15311,11.79431,0.0969,1.09588,-0.17267,-4.54415,2.26113,9.42529,0.04812,0.89195,-0.58674,79.341,2183.0,25932.0
0.5187132630004633,0.18444,2.19606,11.6199,0.12076,0.93654,-0.19754,-5.25689,2.7117,9.23929,0.03208,0.77543,-0.66712,79.429,2183.0,25852.555
0.5237132630004633,0.34351,2.1078,11.45116,0.14462,0.77721,-0.2224,-5.96962,3.16226,9.05328,0.01604,0.6589,-0.74751,79.517,2183.0,25823.0
0.5287132630004633,0.50258,2.01955,11.28241,0.16848,0.61787,-0.24726,-4.9945,2.98644,9.06714,0.01378,0.64288,-0.70395,79.605,2734.448,25823.0
0.5337132630004633,0.66165,1.93129,11.11367,0.19234,0.45854,-0.27212,-3.38637,2.57571,9.15595,0.01669,0.66455,-0.61392,79.693,2946.0,25823.0
0.5387132630004633,0.82072,1.84304,10.94493,0.2162,0.2992,-0.29699,-1.77824,2.16497,9.24476,0.0196,0.68622,-0.52388,79.781,2946.0,25603.224
0.5437132630004633,0.97979,1.75478,10.77619,0.1817,0.28582,-0.26889,-0.17011,1.75424,9.33357,0.0225,0.7079,-0.43385,79.869,2946.0,25522.0
0.5487132630004633,1.13886,1.66652,10.60744,0.12562,0.32637,-0.22122,1.43802,1.3435,9.42238,0.02541,0.72957,-0.34381,80.02,3808.004,25522.0
0.5537132630004633,1.29793,1.57827,10.4387,0.06955,0.36692,-0.17355,3.04615,0.93277,9.51119,0.02832,0.75124,-0.25377,80.132,4132.0,25522.0
0.5587132630004633,1.457,1.49001,10.26996,0.01348,0.40747,-0.12588,4.65428,0.52203,9.6,0.03122,0.77291,-0.16374,80.22,4132.0,25536.523
0.5637132630004633,1.39385,1.38141,10.24806,0.00808,0.39806,-0.11257,4.19913,0.32323,9.58458,0.04285,0.75221,-0.14422,80.244,4701.526,25542.0
0.5687132630004633,1.24692,1.26513,10.28154,0.0218,0.36981,-0.11222,2.966,0.20435,9.52985,0.05776,0.71552,-0.15128,80.244,4915.0,25542.0
0.5737132630004633,1.09998,1.14886,10.31502,0.03551,0.34156,-0.11186,1.73288,0.08546,9.47511,0.07268,0.67884,-0.15835,80.436,4915.0,25542.0
0.5787132630004633,0.95304,1.03259,10.3485,0.04923,0.31331,-0.11151,0.49975,-0.03342,9.42038,0.08759,0.64215,-0.16541,80.508,4915.0,25385.224
0.5837132630004633,0.8061,0.91631,10.38197,0.06295,0.28506,-0.11116,-0.73337,-0.15231,9.36565,0.10251,0.60547,-0.17248,80.636,4915.0,25327.0
0.5887132630004633,0.76293,0.92377,10.39566,0.07666,0.25681,-0.11081,-0.95446,-0.0237,9.40026,0.11742,0.56878,-0.17955,80.748,5629.843,25327.0
0.5937132630004632,0.75877,0.97777,10.4019,0.09038,0.22856,-0.11046,-0.79496,0.19797,9.46845,0.13233,0.5321,-0.18661,80.836,5897.0,25370.024
0.5987132630004632,0.75462,1.03177,10.40815,0.10409,0.20031,-0.1101,-0.63545,0.41964,9.53665,0.14725,0.49541,-0.19368,80.923,5897.0,25386.0
0.6037132630004632,0.75046,1.08576,10.41439,0.11781,0.17206,-0.10975,-0.47595,0.64132,9.60485,0.16216,0.45873,-0.20074,81.011,6644.521,25386.0
0.6087132630004632,0.74631,1.13976,10.42063,0.13152,0.14381,-0.1094,-0.31645,0.86299,9.67304,0.16765,0.44442,-0.18821,81.099,6925.0,25386.0
0.6137132630004632,0.74215,1.19376,10.42688,0.14524,0.11556,-0.10905,-0.15695,1.08467,9.74124,0.16961,0.43851,-0.16833,81.251,6925.0,25520.982
0.6187132630004633,0.738,1.24775,10.43312,0.14274,0.09963,-0.10057,0.00256,1.30634,9.80944,0.17157,0.4326,-0.14845,81.363,6925.0,25571.0
0.6237132630004633,0.73384,1.30175,10.43936,0.13423,0.08828,-0.08908,0.1759,1.37028,9.85885,0.17353,0.42668,-0.12857,81.451,7543.734,25571.0
0.6287132630004633,0.68509,1.31904,10.46285,0.12572,0.07692,-0.0776,0.35443,1.37507,9.90121,0.17549,0.42077,-0.10869,81.539,7776.0,25571.0
0.6337132630004633,0.6196,1.32254,10.49281,0.11721,0.06556,-0.06611,0.53296,1.37985,9.94357,0.17744,0.41486,-0.08881,81.691,7776.0,25667.982
0.6387132630004633,0.55411,1.32605,10.52277,0.1087,0.0542,-0.05462,0.71149,1.38463,9.98592,0.1794,0.40894,-0.06893,81.738,7776.0,25704.0
0.6437132630004633,0.48861,1.32956,10.55274,0.10019,0.04284,-0.04313,0.89002,1.38941,10.02828,0.18136,0.40303,-0.04904,81.993,7748.462,25704.0
0.6487132630004633,0.42312,1.33306,10.5827,0.09168,0.03148,-0.03164,1.06855,1.3942,10.07064,0.17349,0.40779,-0.03442,82.154,7738.0,25704.0
0.6537132630004633,0.35763,1.33657,10.61266,0.08317,0.02012,-0.02015,1.24708,1.39898,10.113,0.1619,0.41661,-0.02178,82.242,7738.0,25680.722
0.6587132630004633,0.30884,1.37944,10.628,0.06822,0.01685,-0.01387,1.42561,1.40376,10.15536,0.1503,0.42542,-0.00915,82.392,8209.943,25672.0
0.6637132630004633,0.26633,1.4371,10.63783,0.05087,0.01661,-0.00954,1.35296,1.56019,10.20015,0.13871,0.43423,0.00349,82.505,8395.0,25672.0
0.6687132630004633,0.22382,1.49477,10.64767,0.03351,0.01638,-0.00522,1.1802,1.77705,10.2459,0.12711,0.44305,0.01612,82.657,8395.0,25672.0
0.6737132630004633,0.18131,1.55243,10.65751,0.01615,0.01614,-0.00089,1.00743,1.99391,10.29166,0.11552,0.45186,0.02876,82.769,8395.0,25672.0
0.6787132630004633,0.13881,1.6101,10.66735,-0.00121,0.01591,0.00344,0.83467,2.21077,10.33741,0.10392,0.46068,0.04139,82.985,8395.0,25398.378
0.6837132630004633,0.0963,1.66777,10.67718,-0.01857,0.01567,0.00776,0.6619,2.42763,10.38316,0.09233,0.46949,0.05403,83.118,8395.0,25296.0
0.6887132630004633,0.05224,1.64296,10.69818,-0.02752,0.02252,0.00698,0.62261,2.41934,10.40869,0.08131,0.48031,0.05827,83.207,9211.868,25296.0
0.6937132630004633,0.00745,1.57951,10.72441,-0.03253,0.03268,0.00381,0.64584,2.30558,10.42474,0.07057,0.49208,0.05858,83.232,9536.0,25296.0
0.6987132630004632,-0.03734,1.51607,10.75064,-0.03754,0.04284,0.00064,0.66906,2.19182,10.44079,0.05983,0.50384,0.0589,83.488,9536.0,25579.962
0.7037132630004632,-0.08213,1.45263,10.77686,-0.04255,0.053,-0.00253,0.69229,2.07807,10.45685,0.04908,0.51561,0.05921,83.584,9536.0,25687.0
0.7087132630004632,-0.12691,1.38919,10.80309,-0.04756,0.06316,-0.0057,0.71551,1.96431,10.4729,0.03834,0.52738,0.05952,83.776,10189.308,25687.0
0.7137132630004632,-0.12182,1.38187,10.79081,-0.05257,0.07332,-0.00888,0.70426,1.92721,10.46491,0.02759,0.53914,0.05984,83.912,10432.0,25687.0
0.7187132630004632,-0.09826,1.39533,10.76429,-0.05758,0.08348,-0.01205,0.68025,1.91849,10.44802,0.01685,0.55091,0.06015,84.064,10432.0,25453.96
0.7237132630004632,-0.0747,1.40879,10.73776,-0.06259,0.09364,-0.01522,0.65624,1.90976,10.43113,0.00611,0.56267,0.06046,84.175,10432.0,25367.0
0.7287132630004632,-0.05115,1.42224,10.71124,-0.06761,0.1038,-0.01839,0.63223,1.90103,10.41425,-0.00464,0.57444,0.06077,84.39,10380.498,25367.0
0.7337132630004632,-0.02759,1.4357,10.68471,-0.07262,0.11396,-0.02156,0.60822,1.89231,10.39736,-0.01538,0.5862,0.06109,84.463,10361.0,25367.0
0.7387132630004632,-0.00403,1.44916,10.65818,-0.07722,0.1306,-0.02827,0.58421,1.88358,10.38047,-0.02947,0.60224,0.03831,84.59,10361.0,25372.763
0.7437132630004633,0.01953,1.46262,10.63166,-0.08168,0.14967,-0.0363,0.5602,1.87486,10.36358,-0.0448,0.61988,0.00691,84.702,10361.0,25375.0
0.7487132630004633,0.04806,1.4437,10.60891,-0.08613,0.16873,-0.04434,0.53619,1.86613,10.3467,-0.06014,0.63752,-0.0245,84.791,11644.14,25375.0
0.7537132630004633,0.07846,1.41272,10.58757,-0.09059,0.1878,-0.05237,0.51218,1.8574,10.32981,-0.07548,0.65516,-0.0559,84.942,12121.0,25375.0
0.7587132630004633,0.10885,1.38175,10.56623,-0.09504,0.20686,-0.0604,0.48785,1.7858,10.30135,-0.07732,0.6588,-0.0654,85.054,12121.0,25130.702
0.7637132630004633,0.13925,1.35077,10.54489,-0.0995,0.22593,-0.06843,0.46341,1.69054,10.26853,-0.07408,0.65718,-0.06667,85.142,12121.0,25039.0
0.7687132630004633,0.16964,1.3198,10.52354,-0.10395,0.245,-0.07646,0.43896,1.59529,10.23571,-0.07085,0.65555,-0.06793,85.23,12881.705,25039.0
0.7737132630004633,0.20004,1.28882,10.5022,-0.1084,0.26406,-0.0845,0.41451,1.50003,10.20289,-0.06762,0.65393,-0.0692,85.318,13163.0,25039.0
0.7787132630004633,0.20704,1.26875,10.48434,-0.10559,0.27645,-0.08794,0.39007,1.40477,10.17007,-0.06438,0.6523,-0.07046,85.406,13163.0,24914.537
0.7837132630004633,0.20523,1.2528,10.46779,-0.10003,0.28633,-0.08966,0.25573,1.29811,10.12439,-0.06115,0.65068,-0.07173,85.494,14024.409,24868.0
0.7887132630004633,0.20342,1.23684,10.45125,-0.09447,0.29621,-0.09139,0.08042,1.18721,10.07391,-0.05791,0.64906,-0.07299,85.582,14345.0,24868.0
0.7937132630004633,0.20161,1.22088,10.4347,-0.08891,0.30608,-0.09311,-0.09488,1.0763,10.02342,-0.05468,0.64743,-0.07426,85.669,14345.0,24677.348
0.7987132630004633,0.1998,1.20492,10.41815,-0.08336,0.31596,-0.09483,-0.27019,0.9654,9.97294,-0.05144,0.64581,-0.07552,85.757,14345.0,24606.0
0.8037132630004632,0.19799,1.18897,10.4016,-0.0778,0.32583,-0.09655,-0.4455,0.85449,9.92246,-0.04821,0.64418,-0.07678,85.845,14341.359,24606.0
0.8087132630004632,0.19618,1.17301,10.38505,-0.07224,0.33571,-0.09827,-0.49154,0.87088,9.92082,-0.04659,0.63701,-0.07961,85.869,14340.0,24606.0
0.8137132630004632,0.1991,1.17636,10.38536,-0.069,0.34162,-0.10021,-0.48969,0.93445,9.9373,-0.04557,0.62778,-0.08301,85.932,14340.0,24372.057
0.8187132630004632,0.20377,1.18686,10.39191,-0.06662,0.34607,-0.10223,-0.48783,0.99802,9.95377,-0.04454,0.61855,-0.08642,86.02,14909.599,24280.0
0.8237132630004632,0.20844,1.19737,10.39846,-0.06424,0.35051,-0.10426,-0.48597,1.06159,9.97024,-0.04352,0.60932,-0.08982,86.045,15131.0,24280.0
0.8287132630004632,0.21311,1.20787,10.40502,-0.06186,0.35495,-0.10628,-0.48411,1.12515,9.98671,-0.0425,0.60009,-0.09322,86.109,15131.0,23930.743
0.8337132630004632,0.21778,1.21837,10.41157,-0.05948,0.3594,-0.1083,-0.48225,1.18872,10.00319,-0.04148,0.59086,-0.09663,86.133,15131.0,23801.0
0.8387132630004632,0.22244,1.22887,10.41812,-0.0571,0.36384,-0.11032,-0.48039,1.25229,10.01966,-0.04045,0.58163,-0.10003,86.197,15355.474,23801.0
0.8437132630004632,0.22711,1.23937,10.42467,-0.05472,0.36829,-0.11235,-0.47853,1.31586,10.03613,-0.03943,0.5724,-0.10343,86.285,15440.0,23801.0
0.8487132630004632,0.19666,1.24156,10.41545,-0.0529,0.36946,-0.11331,-0.47667,1.37942,10.0526,-0.03841,0.56317,-0.10684,86.309,15440.0,23771.811
0.8537132630004632,0.15321,1.24066,10.40041,-0.05129,0.36943,-0.11387,-0.50501,1.36261,10.03919,-0.0358,0.55311,-0.10774,86.373,15440.0,23761.0
0.8587132630004632,0.10977,1.23976,10.38536,-0.04968,0.3694,-0.11443,-0.54454,1.31602,10.01469,-0.03261,0.54273,-0.10773,86.396,15746.534,23761.0
0.8637132630004632,0.06633,1.23886,10.37031,-0.04807,0.36937,-0.115,-0.58407,1.26942,9.9902,-0.02941,0.53236,-0.10771,86.459,15882.0,23761.0
0.8687132630004633,0.02289,1.23797,10.35527,-0.04646,0.36934,-0.11556,-0.6236,1.22282,9.9657,-0.02622,0.52198,-0.10769,86.484,15882.0,23674.174
0.8737132630004633,-0.00913,1.23265,10.35617,-0.04485,0.36931,-0.11613,-0.66313,1.17622,9.94121,-0.02302,0.5116,-0.10768,86.484,15882.0,23642.0
0.8787132630004633,-0.03691,1.22568,10.36299,-0.04324,0.36928,-0.11669,-0.75017,1.21376,9.94761,-0.02553,0.50319,-0.10796,86.484,16067.414,23642.0
0.8837132630004633,-0.06469,1.21872,10.3698,-0.04162,0.36925,-0.11725,-0.85497,1.28276,9.96557,-0.03017,0.49551,-0.10835,86.548,16137.0,23642.0
0.8887132630004633,-0.09248,1.21176,10.37662,-0.04001,0.36922,-0.11782,-0.95977,1.35177,9.98353,-0.03481,0.48784,-0.10874,86.572,16137.0,23512.815
0.8937132630004633,-0.12026,1.20479,10.38343,-0.04179,0.37029,-0.11922,-1.06457,1.42077,10.00149,-0.03946,0.48016,-0.10913,86.572,16137.0,23464.0
0.8987132630004633,-0.14804,1.19783,10.39025,-0.04486,0.37178,-0.12094,-1.16937,1.48977,10.01945,-0.0441,0.47248,-0.10952,86.572,16898.544,23464.0
0.9037132630004633,-0.17582,1.19087,10.39706,-0.04794,0.37327,-0.12266,-1.12402,1.50848,10.04878,-0.04874,0.4648,-0.10991,86.636,17184.0,23285.535
0.9087132630004633,-0.18458,1.18915,10.40225,-0.05101,0.37477,-0.12438,-1.0223,1.5083,10.08237,-0.05338,0.45712,-0.1103,86.66,17184.0,23219.0
0.9137132630004632,-0.18626,1.18937,10.40683,-0.05408,0.37626,-0.1261,-0.92057,1.50811,10.11596,-0.05802,0.44945,-0.11069,86.66,17138.147,23219.0
0.9187132630004632,-0.18793,1.18959,10.41141,-0.05715,0.37775,-0.12782,-0.81884,1.50793,10.14956,-0.06067,0.45526,-0.11091,86.66,17121.0,23219.0
0.9237132630004632,-0.18961,1.18982,10.41599,-0.06022,0.37924,-0.12954,-0.71712,1.50775,10.18315,-0.06258,0.46611,-0.11107,86.66,17121.0,23016.973
0.9287132630004632,-0.19129,1.19004,10.42057,-0.06329,0.38073,-0.13126,-0.61539,1.50756,10.21674,-0.06448,0.47696,-0.11122,86.66,17121.0,22942.0
0.9337132630004632,-0.19297,1.19027,10.42515,-0.06352,0.39579,-0.13317,-0.51366,1.50738,10.25033,-0.06638,0.48781,-0.11138,86.66,17605.256,22942.0
0.9387132630004632,-0.19465,1.19049,10.42973,-0.06269,0.41594,-0.13515,-0.37901,1.46859,10.25117,-0.06829,0.49866,-0.11154,86.66,17791.0,22942.0
0.9437132630004632,-0.19633,1.19072,10.43431,-0.06185,0.43609,-0.13713,-0.23161,1.41487,10.23933,-0.07019,0.50951,-0.11169,86.66,17791.0,22645.198
0.9487132630004632,-0.20115,1.18001,10.4278,-0.06101,0.45625,-0.13911,-0.08422,1.36115,10.22749,-0.0721,0.52036,-0.11185,86.724,17865.203,22535.0
0.9537132630004632,-0.20715,1.16525,10.41717,-0.06018,0.4764,-0.14109,0.06317,1.30744,10.21565,-0.074,0.53121,-0.112,86.748,17893.0,22535.0
0.9587132630004632,-0.21314,1.15048,10.40653,-0.05934,0.49655,-0.14308,0.21057,1.25372,10.20382,-0.0759,0.54206,-0.11216,86.748,17893.0,22535.0
0.9637132630004632,-0.21914,1.13571,10.3959,-0.0585,0.5167,-0.14506,0.31765,1.25982,10.21901,-0.0802,0.56969,-0.11363,86.748,17893.0,22272.028
0.9687132630004632,-0.22514,1.12095,10.38527,-0.05767,0.53686,-0.14704,0.40981,1.28806,10.2442,-0.08537,0.60353,-0.11558,86.748,17893.0,22174.0
0.9737132630004632,-0.23628,1.11514,10.38653,-0.06063,0.57412,-0.14785,0.50197,1.3163,10.2694,-0.09055,0.63738,-0.11753,86.748,18204.412,22174.0
0.9787132630004632,-0.24937,1.11271,10.39226,-0.06503,0.61784,-0.14822,0.59414,1.34453,10.29459,-0.09572,0.67122,-0.11948,86.748,18322.0,21882.599
0.9837132630004632,-0.26246,1.11028,10.398,-0.06942,0.66156,-0.14859,0.6863,1.37277,10.31979,-0.1009,0.70506,-0.12143,86.748,18322.0,21774.0
0.9887132630004632,-0.27555,1.10785,10.40373,-0.07382,0.70527,-0.14896,0.77846,1.40101,10.34498,-0.10608,0.73891,-0.12338,86.748,18549.594,21774.0
0.9937132630004633,-0.28864,1.10542,10.40947,-0.07822,0.74899,-0.14933,0.87062,1.42925,10.37018,-0.11125,0.77275,-0.12533,86.748,18635.0,21774.0
0.9987132630004633,-0.30172,1.10299,10.4152,-0.08261,0.7927,-0.1497,0.96279,1.45749,10.39537,-0.11643,0.80659,-0.12728,86.748,18635.0,21774.0
1.0037132630004633,-0.31481,1.10056,10.42094,-0.08701,0.83642,-0.15007,1.05495,1.48572,10.42057,-0.1216,0.84044,-0.12924,86.748,18635.0,21485.286
1.0087132630004634,-0.3279,1.09813,10.42667,-0.09141,0.88014,-0.15044,1.03809,1.53386,10.4543,-0.12652,0.87659,-0.13012,86.748,19143.682,21378.0
1.0137132630004633,-0.38968,1.16239,10.47036,-0.09652,0.91811,-0.15207,0.98066,1.58941,10.4912,-0.13134,0.9136,-0.13061,86.684,19334.0,21378.0
1.0187132630004634,-0.4697,1.25166,10.52827,-0.10189,0.95392,-0.15418,0.92322,1.64495,10.5281,-0.13616,0.95061,-0.1311,86.66,19334.0,20672.721
1.0237132630004633,-0.54972,1.34093,10.58619,-0.10727,0.98973,-0.15628,0.86578,1.7005,10.56501,-0.14098,0.98763,-0.13159,86.66,19334.0,20410.0
1.0287132630004634,-0.62975,1.43019,10.64411,-0.11265,1.02555,-0.15839,0.75365,1.70624,10.66028,-0.1458,1.02464,-0.13208,86.66,19334.0,20410.0
1.0337132630004633,-0.67915,1.42957,10.76957,-0.11803,1.06136,-0.16049,0.62115,1.69342,10.7773,-0.15062,1.06165,-0.13257,86.66,19640.941,20410.0
1.0387132630004634,-0.71707,1.39523,10.92038,-0.1234,1.09718,-0.1626,0.48864,1.6806,10.89432,-0.15544,1.09866,-0.13307,86.66,19756.0,20410.0
1.0437132630004633,-0.75498,1.36088,11.07118,-0.12878,1.13299,-0.1647,0.35614,1.66779,11.01134,-0.16025,1.13567,-0.13356,86.724,19756.0,19767.743
1.0487132630004634,-0.7929,1.32654,11.22199,-0.13416,1.16881,-0.16681,0.22364,1.65497,11.12836,-0.16507,1.17269,-0.13405,86.684,19950.809,19529.0
1.0537132630004633,-0.83082,1.29219,11.3728,-0.13953,1.20462,-0.16892,0.09114,1.64216,11.24538,-0.17291,1.21664,-0.13842,86.66,20024.0,19529.0
1.0587132630004634,-0.86873,1.25785,11.5236,-0.14793,1.24855,-0.16785,-0.04137,1.62934,11.3624,-0.18188,1.26322,-0.14426,86.724,20024.0,19511.485
1.0637132630004633,-0.90665,1.22351,11.67441,-0.15744,1.29549,-0.16561,-0.0938,1.62793,11.40477,-0.19085,1.30979,-0.1501,86.748,20024.0,19505.0
1.0687132630004634,-0.9546,1.23064,11.74222,-0.16695,1.34244,-0.16337,-0.11661,1.63074,11.41952,-0.19982,1.35636,-0.15594,86.748,20539.877,19505.0
1.0737132630004633,-1.00632,1.25332,11.77889,-0.17646,1.38938,-0.16113,-0.13942,1.63355,11.43427,-0.2088,1.40294,-0.16178,86.684,20733.0,19505.0
1.0787132630004632,-1.05804,1.27601,11.81556,-0.18598,1.43633,-0.15889,-0.16224,1.63636,11.44902,-0.21777,1.44951,-0.16763,86.724,20733.0,19252.717
1.0837132630004633,-1.10976,1.2987,11.85223,-0.19549,1.48327,-0.15665,-0.18505,1.63917,11.46377,-0.22674,1.49609,-0.17347,86.684,20733.0,19158.0
1.0887132630004632,-1.16148,1.32138,11.8889,-0.205,1.53021,-0.15441,-0.20786,1.64198,11.47853,-0.23174,1.52836,-0.16582,86.66,21089.407,19158.0
1.0937132630004633,-1.2132,1.34407,11.92557,-0.21575,1.56933,-0.15598,-0.23067,1.6448,11.49328,-0.23525,1.55526,-0.15309,86.66,21224.0,19158.0
1.0987132630004632,-1.26492,1.36676,11.96224,-0.22697,1.6055,-0.159,-0.25349,1.64761,11.50803,-0.23876,1.58216,-0.14037,86.66,21224.0,19007.85
1.1037132630004634,-1.31664,1.38944,11.99892,-0.23818,1.64166,-0.16202,-0.25344,1.73393,11.58431,-0.24227,1.60906,-0.12765,86.596,21890.722,18951.0
1.1087132630004632,-1.21725,1.48948,12.09981,-0.2494,1.67782,-0.16504,-0.24487,1.85142,11.68355,-0.24578,1.63596,-0.11492,86.572,22141.0,18951.0
1.1137132630004634,-1.06099,1.61863,12.22488,-0.26062,1.71398,-0.16806,-0.2363,1.9689,11.78278,-0.24929,1.66285,-0.1022,86.572,22141.0,18069.294
1.1187132630004633,-0.90473,1.74777,12.34995,-0.27183,1.75015,-0.17108,-0.22772,2.08639,11.88202,-0.2528,1.68975,-0.08948,86.508,22141.0,17741.0
1.1237132630004634,-0.74847,1.87691,12.47501,-0.28305,1.78631,-0.1741,-0.21915,2.20387,11.98125,-0.25631,1.71665,-0.07675,86.484,22651.635,17741.0
1.1287132630004633,-0.59222,2.00606,12.60008,-0.29426,1.82247,-0.17712,-0.13175,2.13226,12.0618,-0.25072,1.74927,-0.05986,86.421,22843.0,17741.0
1.1337132630004634,-0.55334,1.98481,12.7482,-0.29471,1.86481,-0.17465,-0.01466,1.98945,12.13531,-0.24169,1.78405,-0.04141,86.396,22843.0,17043.765
1.1387132630004633,-0.55884,1.9067,12.90504,-0.29109,1.90949,-0.17009,0.10242,1.84664,12.20882,-0.23267,1.81883,-0.02295,86.332,22843.0,16783.0
1.1437132630004634,-0.56435,1.82858,13.06189,-0.28747,1.95417,-0.16554,0.2195,1.70384,12.28232,-0.22365,1.85361,-0.00449,86.245,23247.455,16783.0
1.1487132630004633,-0.56985,1.75047,13.21873,-0.28385,1.99885,-0.16099,0.33659,1.56103,12.35583,-0.21463,1.88839,0.01397,86.157,23399.0,16783.0
1.1537132630004634,-0.57535,1.67235,13.37558,-0.28023,2.04353,-0.15644,0.45367,1.41822,12.42934,-0.20561,1.92317,0.03243,86.069,23399.0,15084.56
1.1587132630004633,-0.63325,1.64119,13.42117,-0.27662,2.08821,-0.15188,0.57075,1.27541,12.50285,-0.19658,1.95795,0.05089,85.981,23399.0,14452.0
1.1637132630004634,-0.71063,1.62748,13.4254,-0.273,2.13288,-0.14733,0.57622,1.12483,12.46209,-0.17751,1.99322,0.04058,85.893,23647.633,14452.0
1.1687132630004633,-0.78801,1.61377,13.42963,-0.26938,2.17756,-0.14278,0.53955,0.9713,12.37818,-0.15463,2.02869,0.01941,85.805,23741.0,14452.0
1.1737132630004634,-0.86539,1.60006,13.43386,-0.26576,2.22224,-0.13823,0.50287,0.81778,12.29427,-0.13176,2.06415,-0.00176,85.717,23741.0,11700.724
1.1787132630004633,-0.94276,1.58634,13.4381,-0.26214,2.26692,-0.13367,0.46619,0.66425,12.21035,-0.10888,2.09961,-0.02292,85.629,23741.0,10678.0
1.1837132630004632,-1.02014,1.57263,13.44233,-0.22012,2.37658,-0.18047,0.42952,0.51073,12.12644,-0.08601,2.13507,-0.04409,85.542,24036.868,10678.0
1.1887132630004633,-1.09752,1.55892,13.44656,-0.16369,2.51062,-0.24652,0.50486,0.45503,12.02967,-0.06313,2.17053,-0.06526,85.325,24148.0,10678.0
1.1937132630004632,-1.17489,1.54521,13.4508,-0.10727,2.64465,-0.31257,0.62231,0.43609,11.92806,-0.04026,2.20599,-0.08643,85.19,24148.0,7178.199
1.1987132630004633,-1.25227,1.5315,13.45503,-0.05085,2.77869,-0.37863,0.73976,0.41715,11.82646,-0.01739,2.24145,-0.1076,85.038,24148.0,5878.0
1.2037132630004632,-1.34275,1.58416,13.45768,-0.02585,2.8626,-0.40636,0.85721,0.39821,11.72485,0.00549,2.27691,-0.12877,84.862,24311.807,5878.0
1.2087132630004633,-1.43816,1.66174,13.45973,-0.01265,2.92768,-0.41971,0.97466,0.37927,11.62325,0.02836,2.31237,-0.14994,84.814,24373.0,5878.0
1.2137132630004632,-1.53356,1.73933,13.46178,0.00055,2.99277,-0.43306,1.0921,0.36034,11.52164,0.06669,2.38975,-0.16569,84.75,24373.0,3050.874
1.2187132630004633,-1.62896,1.81692,13.46384,0.01375,3.05786,-0.44641,1.20955,0.3414,11.42003,0.11079,2.48276,-0.17942,84.599,24373.0,2002.0
1.2237132630004632,-1.72436,1.8945,13.46589,0.02695,3.12294,-0.45976,1.00202,0.3707,11.19114,0.15488,2.57578,-0.19315,84.487,24517.057,2002.0
1.2287132630004634,-1.95065,1.88677,13.51645,0.04015,3.18803,-0.4731,0.67197,0.41818,10.91425,0.19898,2.6688,-0.20688,84.399,24571.0,1107.396
1.2337132630004632,-2.22582,1.84716,13.58512,0.05335,3.25312,-0.48645,0.34193,0.46567,10.63737,0.24308,2.76182,-0.22061,84.311,24571.0,775.0
1.2387132630004634,-2.50099,1.80756,13.6538,0.06655,3.3182,-0.4998,0.01188,0.51316,10.36048,0.28717,2.85483,-0.23434,84.159,24287.574,775.0
1.2437132630004633,-2.77615,1.76795,13.72248,0.07975,3.38329,-0.51315,-0.31817,0.56064,10.0836,0.33127,2.94785,-0.24807,84.111,24182.0,775.0
1.2487132630004634,-3.05132,1.72835,13.79115,0.09295,3.44837,-0.5265,-0.84588,0.72525,10.07658,0.34204,2.98484,-0.27299,83.983,24182.0,1051.033
1.2537132630004633,-3.32649,1.68874,13.85983,0.10734,3.46867,-0.53936,-1.44858,0.9343,10.17193,0.34018,3.00057,-0.30214,83.872,24182.0,1154.0
1.2587132630004634,-3.60166,1.64914,13.92851,0.12217,3.47236,-0.55205,-2.05128,1.14334,10.26728,0.33831,3.01629,-0.3313,83.785,23183.318,1154.0
1.2637132630004633,-3.87683,1.60953,13.99718,0.13701,3.47606,-0.56474,-2.65397,1.35238,10.36263,0.33645,3.03202,-0.36045,83.633,22772.0,593.8
1.2687132630004634,-3.97946,1.57304,14.22183,0.15184,3.47975,-0.57743,-3.25667,1.56142,10.45798,0.33459,3.04775,-0.38961,83.52,22772.0,375.0
1.2737132630004633,-4.01711,1.53771,14.50523,0.16667,3.48345,-0.59012,-3.85936,1.77046,10.55333,0.33272,3.06348,-0.41877,83.368,20785.176,375.0
1.2787132630004634,-4.05475,1.50238,14.78863,0.1815,3.48714,-0.60281,-4.46206,1.97951,10.64869,0.33086,3.07921,-0.44792,83.192,20044.0,375.0
1.2837132630004633,-4.09239,1.46706,15.07203,0.19634,3.49083,-0.6155,-5.06475,2.18855,10.74404,0.32899,3.09494,-0.47708,83.081,20044.0,372.087
1.2887132630004632,-4.13003,1.43173,15.35543,0.21117,3.49453,-0.62819,-5.38403,2.3995,10.64295,0.30467,3.04736,-0.50896,82.866,20044.0,371.0
1.2937132630004633,-3.65215,1.43853,14.98489,0.20455,3.45271,-0.64174,-5.59716,2.61117,10.46829,0.27193,2.97608,-0.54187,82.729,16212.72,371.0
1.2987132630004632,-2.97619,1.46151,14.36311,0.18969,3.3934,-0.65563,-5.81028,2.82283,10.29362,0.23919,2.90479,-0.57477,82.641,14776.0,371.0
1.3037132630004633,-2.30024,1.4845,13.74132,0.17484,3.33409,-0.66952,-6.0234,3.0345,10.11896,0.20645,2.8335,-0.60768,82.425,14776.0,332.468
1.3087132630004632,-1.62428,1.50748,13.11954,0.15998,3.27479,-0.68341,-6.23653,3.24617,9.94429,0.17372,2.76222,-0.64058,82.289,14776.0,318.0
1.3137132630004633,-0.94833,1.53046,12.49776,0.14512,3.21548,-0.6973,-6.00149,3.15736,9.16093,0.14098,2.69093,-0.67349,82.137,6848.737,318.0
1.3187132630004632,-0.50494,1.51967,11.81251,0.13026,3.15617,-0.71119,-5.6007,2.95743,8.15244,0.10824,2.61965,-0.70639,81.898,3917.0,318.0
1.3237132630004633,-0.14756,1.49638,11.1038,0.1154,3.09686,-0.72508,-5.19991,2.75749,7.14396,0.0755,2.54836,-0.7393,81.634,3917.0,176.839
1.3287132630004632,0.20981,1.4731,10.39509,0.10055,3.03756,-0.73897,-4.79912,2.55756,6.13547,0.04277,2.47707,-0.7722,81.37,3917.0,124.0
1.3337132630004633,0.56719,1.44981,9.68638,0.08569,2.97825,-0.75286,-4.39833,2.35763,5.12698,0.02732,2.36334,-0.7761,81.042,1645.108,124.0
1.3387132630004632,0.92457,1.42652,8.97767,0.07083,2.91894,-0.76675,-3.99754,2.15769,4.11849,0.01827,2.23389,-0.76926,80.947,802.0,124.0
1.3437132630004633,1.28195,1.40324,8.26896,0.0537,2.75194,-0.76894,-3.8937,1.96527,3.3416,0.00923,2.10443,-0.76241,80.893,802.0,303.272
1.3487132630004632,1.63932,1.37995,7.56025,0.03378,2.4524,-0.75671,-4.1553,1.7821,2.84973,0.00019,1.97497,-0.75557,80.731,802.0,412.0
1.3537132630004634,1.9967,1.35667,6.85154,0.01385,2.15285,-0.74448,-4.4169,1.59893,2.35786,-0.00885,1.84551,-0.74872,80.62,223.911,412.0
1.3587132630004632,2.35408,1.33338,6.14283,-0.00608,1.85331,-0.73225,-4.6785,1.41576,1.86599,-0.0179,1.71605,-0.74187,80.468,6.0,412.0
1.3637132630004634,2.71146,1.31009,5.43412,-0.026,1.55377,-0.72002,-4.9401,1.23258,1.37412,-0.02694,1.5866,-0.73503,80.356,6.0,412.0
1.3687132630004633,3.8962,0.87047,5.23037,-0.04976,1.31084,-0.60568,-5.2017,1.04941,0.88225,-0.03598,1.45714,-0.72818,80.268,6.0,194.07
1.3737132630004634,5.38733,0.27667,5.21362,-0.07493,1.08889,-0.45353,-5.4633,0.86624,0.39038,-0.08201,1.20473,-0.6162,80.244,3.818,113.0
1.3787132630004633,6.87846,-0.31713,5.19687,-0.1001,0.86693,-0.30138,-5.7249,0.68307,-0.10149,-0.14183,0.90651,-0.46505,80.18,3.0,113.0
1.3837132630004634,8.36959,-0.91093,5.18012,-0.12527,0.64498,-0.14922,-5.08554,0.59994,0.07105,-0.20165,0.60828,-0.3139,80.156,3.0,92.591
1.3887132630004633,8.56521,-1.02074,5.14901,-0.15045,0.42303,0.00293,-4.1082,0.55434,0.49283,-0.26146,0.31006,-0.16274,80.156,3.0,85.0
1.3937132630004632,8.28056,-0.95113,5.11259,-0.17562,0.20107,0.15508,-3.13086,0.50873,0.91461,-0.32128,0.01184,-0.01159,80.156,2.271,85.0
1.3987132630004633,7.9959,-0.88152,5.07616,-0.20079,-0.02088,0.30723,-2.15352,0.46313,1.33638,-0.3811,-0.28639,0.13957,80.156,2.0,85.0
1.4037132630004632,7.71125,-0.8119,5.03974,-0.22596,-0.24284,0.45939,-1.17619,0.41753,1.75816,-0.44091,-0.58461,0.29072,80.156,2.0,211.12
1.4087132630004633,7.42659,-0.74229,5.00331,-0.25114,-0.46479,0.61154,-1.01473,0.40073,1.92756,-0.46983,-0.76597,0.41365,80.156,2.0,258.0
1.4137132630004632,7.14194,-0.67268,4.96688,-0.27631,-0.68675,0.76369,-1.15595,0.39462,2.00332,-0.48727,-0.90399,0.52611,80.156,4.182,258.0
1.4187132630004633,6.85728,-0.60306,4.93046,-0.29625,-0.85786,0.86722,-1.29718,0.38851,2.07908,-0.50472,-1.042,0.63857,80.22,5.0,798.136
1.4237132630004632,6.57263,-0.53345,4.89403,-0.31422,-1.0098,0.95243,-1.4384,0.3824,2.15484,-0.52217,-1.18001,0.75102,80.244,5.0,1001.0
1.4287132630004633,6.00143,-0.30967,4.90663,-0.33219,-1.16174,1.03763,-1.57962,0.37629,2.23061,-0.53962,-1.31802,0.86348,80.244,4.27,1001.0
1.4337132630004632,5.32406,-0.02877,4.93739,-0.35016,-1.31368,1.12284,-1.72085,0.37018,2.30637,-0.55707,-1.45604,0.97594,80.244,4.0,1001.0
1.4387132630004633,4.6467,0.25213,4.96815,-0.36813,-1.46562,1.20804,-1.86207,0.36407,2.38213,-0.57451,-1.59405,1.0884,80.308,4.0,1050.487
1.4437132630004632,3.96933,0.53302,4.9989,-0.3861,-1.61757,1.29325,-2.0033,0.35796,2.45789,-0.59196,-1.73206,1.20085,80.332,4.0,1069.0
1.4487132630004633,3.29197,0.81392,5.02966,-0.40407,-1.76951,1.37846,-2.18121,0.35592,2.58788,-0.57578,-1.82252,1.19816,80.332,3.271,1069.0
1.4537132630004632,2.6146,1.09482,5.06042,-0.42204,-1.92145,1.46366,-2.37272,0.35539,2.73797,-0.54714,-1.89535,1.15278,80.332,3.0,1069.0
1.4587132630004633,2.06353,1.23497,5.251,-0.41813,-2.01637,1.43116,-2.56422,0.35485,2.88805,-0.5185,-1.96818,1.1074,80.332,3.0,2183.807
1.4637132630004632,1.55982,1.32234,5.50152,-0.406,-2.0899,1.3545,-2.75573,0.35432,3.03814,-0.48986,-2.04101,1.06202,80.396,3.0,2598.0
1.4687132630004633,1.05611,1.4097,5.75204,-0.39387,-2.16343,1.27785,-2.94724,0.35378,3.18823,-0.46121,-2.11384,1.01664,80.42,3.726,2598.0
1.4737132630004632,0.5524,1.49707,6.00257,-0.38175,-2.23696,1.2012,-3.30442,0.38503,3.30158,-0.43257,-2.18668,0.97126,80.42,4.0,2598.0
1.4787132630004634,0.45603,1.46526,6.19505,-0.36962,-2.3105,1.12455,-3.72462,0.42836,3.40096,-0.40393,-2.25951,0.92587,80.484,4.0,3426.309
1.4837132630004632,0.51208,1.38885,6.36581,-0.35749,-2.38403,1.04789,-4.14482,0.47169,3.50034,-0.37529,-2.33234,0.88049,80.508,4.0,3736.0
1.4887132630004634,0.56814,1.31245,6.53657,-0.34537,-2.45756,0.97124,-4.56502,0.51503,3.59972,-0.34665,-2.40517,0.83511,80.572,4.0,3736.0
1.4937132630004633,0.62419,1.23604,6.70733,-0.33324,-2.53109,0.89459,-4.98522,0.55836,3.6991,-0.33365,-2.52836,0.77398,80.596,4.0,3736.0
1.4987132630004631,0.68025,1.15964,6.87809,-0.32111,-2.60462,0.81793,-5.40542,0.6017,3.79847,-0.32647,-2.67026,0.70698,80.596,4.0,4837.523
1.5037132630004633,0.7363,1.08323,7.04885,-0.29942,-2.77448,0.76278,-5.82562,0.64503,3.89785,-0.31929,-2.81217,0.63999,80.66,4.0,5251.0
1.5087132630004632,0.79236,1.00683,7.21962,-0.27417,-2.98014,0.71561,-5.69442,0.60875,4.06331,-0.31211,-2.95407,0.57299,80.684,2.545,5251.0
1.5137132630004633,0.84841,0.93043,7.39038,-0.24891,-3.1858,0.66844,-5.35815,0.54284,4.25335,-0.30493,-3.09598,0.506,80.748,2.0,5251.0
1.5187132630004632,0.90447,0.85402,7.56114,-0.22366,-3.39146,0.62127,-5.02187,0.47694,4.44338,-0.29775,-3.23788,0.439,80.771,2.0,6533.96
1.5237132630004633,0.96052,0.77762,7.7319,-0.19841,-3.59712,0.5741,-4.68559,0.41104,4.63342,-0.29057,-3.37979,0.37201,80.835,2.0,7010.0
1.5287132630004632,0.77712,0.77727,8.2214,-0.18848,-3.68423,0.57306,-4.34932,0.34514,4.82345,-0.2778,-3.46367,0.37249,80.859,2.725,7010.0
1.5337132630004633,0.50011,0.80666,8.83552,-0.18454,-3.72498,0.59004,-4.01304,0.27924,5.01349,-0.26284,-3.52488,0.39934,80.923,3.0,7010.0
1.5387132630004632,0.22309,0.83605,9.44964,-0.18061,-3.76574,0.60703,-3.67676,0.21334,5.20352,-0.24788,-3.58608,0.4262,80.947,3.0,8122.073
1.5437132630004633,-0.05393,0.86544,10.06376,-0.17667,-3.80649,0.62401,-3.38098,0.15164,5.52603,-0.23293,-3.64728,0.45306,80.947,3.0,8535.0
1.5487132630004632,-0.19019,0.95898,10.40078,-0.17273,-3.84724,0.641,-3.1002,0.09151,5.89762,-0.21797,-3.70848,0.47991,80.947,3.0,9027.289
1.5537132630004633,-0.27412,1.07636,10.63478,-0.16879,-3.888,0.65799,-2.81942,0.03137,6.2692,-0.20301,-3.76969,0.50677,81.011,3.0,9213.0
1.5587132630004632,-0.35804,1.19375,10.86877,-0.16485,-3.92875,0.67497,-2.53863,-0.02877,6.64079,-0.18805,-3.83089,0.53362,81.035,3.0,9213.0
1.5637132630004633,-0.44196,1.31113,11.10276,-0.16091,-3.9695,0.69196,-2.25785,-0.0889,7.01238,-0.1731,-3.89209,0.56048,81.035,3.0,9213.0
1.5687132630004632,-0.52588,1.42852,11.33675,-0.15697,-4.01026,0.70895,-2.24349,-0.01192,7.30252,-0.16115,-3.95576,0.58428,81.099,3.0,10028.162
1.5737132630004633,-0.60981,1.5459,11.57074,-0.15304,-4.05101,0.72593,-2.32867,0.11628,7.56223,-0.15034,-4.02034,0.60693,81.123,3.0,10335.0
1.5787132630004632,-0.69373,1.66329,11.80474,-0.14718,-4.10301,0.7434,-2.41384,0.24449,7.82194,-0.13952,-4.08493,0.62958,81.123,3.0,10335.0
1.5837132630004633,-0.77765,1.78067,12.03873,-0.14061,-4.15924,0.76105,-2.49902,0.3727,8.08164,-0.12871,-4.14951,0.65223,81.187,3.0,10335.0
1.5887132630004632,-0.85857,1.88636,12.47957,-0.13403,-4.21547,0.77869,-2.58419,0.50091,8.34135,-0.11789,-4.2141,0.67488,81.211,3.0,10435.133
1.5937132630004633,-0.93834,1.98757,12.99971,-0.12745,-4.2717,0.79634,-2.66937,0.62911,8.60106,-0.10708,-4.27868,0.69753,81.211,3.0,10473.0
1.5987132630004632,-1.0181,2.08877,13.51985,-0.12088,-4.32793,0.81399,-2.75455,0.75732,8.86077,-0.09626,-4.34327,0.72018,81.211,3.0,10473.0
1.6037132630004631,-1.09786,2.18998,14.03999,-0.1143,-4.38416,0.83163,-2.80478,1.00079,9.15686,-0.09336,-4.37485,0.69973,81.211,3.0,10473.0
1.6087132630004632,-1.17763,2.29118,14.56014,-0.10772,-4.44039,0.84928,-2.84198,1.28725,9.46651,-0.0934,-4.39411,0.66321,81.211,3.0,10310.698
1.6137132630004631,-1.37901,2.37137,14.82951,-0.10499,-4.46357,0.81015,-2.87918,1.57372,9.77616,-0.09345,-4.41338,0.62669,81.211,2.283,10248.0
1.6187132630004633,-1.62788,2.44336,15.00097,-0.10375,-4.47385,0.74886,-2.91638,1.86018,10.08581,-0.09349,-4.43264,0.59017,81.211,2.0,10248.0
1.6237132630004631,-1.87675,2.51534,15.17243,-0.10251,-4.48413,0.68756,-2.95358,2.14664,10.39545,-0.09354,-4.45191,0.55365,81.211,2.0,10248.0
1.6287132630004633,-2.12561,2.58732,15.34389,-0.10127,-4.49441,0.62626,-3.0979,2.28731,10.61886,-0.09358,-4.47117,0.51712,81.211,2.0,9984.835
1.6337132630004632,-2.37448,2.65931,15.51535,-0.10003,-4.50469,0.56497,-3.28232,2.37341,10.80998,-0.09363,-4.49044,0.4806,81.211,2.0,9879.0
1.6387132630004633,-2.62335,2.73129,15.68681,-0.09879,-4.51497,0.50367,-3.46674,2.4595,11.0011,-0.09367,-4.5097,0.44408,81.211,2.726,9879.0
1.6437132630004632,-2.87222,2.80328,15.85827,-0.09756,-4.52525,0.44238,-3.65116,2.5456,11.19222,-0.09371,-4.52897,0.40756,81.211,3.0,9879.0
1.6487132630004633,-3.12109,2.87526,16.02972,-0.09632,-4.53553,0.38108,-3.83558,2.6317,11.38334,-0.09376,-4.54823,0.37104,81.211,3.0,9183.434
1.6537132630004632,-3.79678,2.93279,16.27301,-0.08867,-4.50692,0.28249,-4.02001,2.7178,11.57447,-0.08517,-4.52589,0.27681,81.211,3.0,8920.0
1.6587132630004633,-4.63466,2.98483,16.54358,-0.07858,-4.46354,0.16972,-4.20443,2.80389,11.76559,-0.0733,-4.48774,0.16065,81.211,2.272,8920.0
1.6637132630004632,-5.47254,3.03688,16.81416,-0.06849,-4.42016,0.05695,-4.31051,2.87282,11.93131,-0.06142,-4.44958,0.04449,81.211,2.0,8920.0
1.6687132630004633,-6.31043,3.08892,17.08473,-0.05841,-4.37678,-0.05581,-4.38737,2.93535,12.08755,-0.04955,-4.41143,-0.07167,81.147,2.0,8246.259
1.6737132630004632,-6.70667,3.0336,17.10511,-0.04832,-4.3334,-0.16858,-4.46422,2.99787,12.2438,-0.03768,-4.37327,-0.18784,81.123,2.728,7993.0
1.6787132630004633,-6.93682,2.93792,17.03139,-0.03823,-4.29002,-0.28134,-4.54107,3.06039,12.40004,-0.02581,-4.33512,-0.304,81.123,3.0,7993.0
1.6837132630004632,-7.16698,2.84223,16.95766,-0.02815,-4.24664,-0.39411,-4.61792,3.12291,12.55629,-0.01394,-4.29696,-0.42016,81.123,3.0,7635.956
1.6887132630004633,-7.39713,2.74654,16.88394,-0.01806,-4.20326,-0.50688,-4.69477,3.18544,12.71253,-0.00206,-4.25881,-0.53632,81.123,3.0,7502.0
1.6937132630004632,-7.62728,2.65085,16.81022,-0.00797,-4.15988,-0.61964,-4.56886,3.08377,12.7646,0.01863,-4.18007,-0.64265,81.059,3.726,7502.0
1.6987132630004633,-7.85744,2.55516,16.7365,0.01062,-4.08302,-0.70097,-4.36542,2.91931,12.77684,0.0427,-4.08582,-0.74521,81.035,4.0,7502.0
1.7037132630004632,-8.08759,2.45947,16.66278,0.03239,-3.99362,-0.77052,-4.16197,2.75486,12.78908,0.06677,-3.99156,-0.84777,81.035,4.0,6829.938
1.7087132630004633,-8.1657,2.32419,16.51084,0.05417,-3.90422,-0.84008,-3.95853,2.5904,12.80132,0.09085,-3.8973,-0.95034,81.035,4.725,6578.0
1.7137132630004632,-8.18677,2.17405,16.32955,0.07594,-3.81482,-0.90964,-3.75509,2.42595,12.81356,0.11492,-3.80305,-1.0529,81.035,5.0,6578.0
1.7187132630004631,-8.20784,2.02391,16.14826,0.09772,-3.72542,-0.97919,-3.55165,2.2615,12.8258,0.13899,-3.70879,-1.15546,81.035,5.0,5743.348
1.7237132630004632,-8.22891,1.87376,15.96697,0.11949,-3.63602,-1.04875,-3.34821,2.09704,12.83804,0.16306,-3.61454,-1.25802,81.035,5.0,5432.0
1.7287132630004631,-8.24998,1.72362,15.78569,0.14127,-3.54662,-1.11831,-3.05545,1.85866,12.70412,0.17709,-3.50692,-1.27671,81.035,5.0,5432.0
1.7337132630004632,-8.27105,1.57348,15.6044,0.16304,-3.45723,-1.18786,-2.72801,1.59159,12.51347,0.18722,-3.39412,-1.26284,81.035,3.545,5432.0
1.7387132630004631,-8.29212,1.42334,15.42311,0.18446,-3.31628,-1.17898,-2.40058,1.32451,12.32282,0.19736,-3.28133,-1.24897,81.035,3.0,6081.849
1.7437132630004633,-8.31319,1.2732,15.24183,0.20575,-3.15618,-1.14096,-2.07315,1.05743,12.13216,0.20749,-3.16853,-1.23509,81.035,3.0,6325.0
1.7487132630004631,-8.33426,1.12306,15.06054,0.22703,-2.99608,-1.10293,-1.74572,0.79036,11.94151,0.21763,-3.05573,-1.22122,81.035,3.0,6325.0
1.7537132630004633,-8.7384,1.02299,14.44492,0.24832,-2.83598,-1.0649,-1.58041,0.65163,11.77839,0.22776,-2.94293,-1.20735,81.035,3.0,6325.0
1.7587132630004632,-9.28681,0.94177,13.66572,0.2696,-2.67589,-1.02688,-1.47615,0.56124,11.62565,0.2379,-2.83013,-1.19348,81.035,3.0,6325.0
1.7637132630004633,-9.83521,0.86056,12.88652,0.29089,-2.51579,-0.98885,-1.3719,0.47086,11.47291,0.24803,-2.71733,-1.1796,81.035,3.0,6806.938
1.7687132630004632,-10.38362,0.77935,12.10732,0.31217,-2.35569,-0.95083,-1.26765,0.38047,11.32017,0.25816,-2.60453,-1.16573,81.035,3.0,6989.0
1.7737132630004633,-10.86977,0.69653,11.65216,0.31385,-2.12605,-0.8763,-1.1634,0.29008,11.16742,0.2683,-2.49173,-1.15186,81.035,4.454,6989.0
1.7787132630004632,-11.33257,0.61311,11.31845,0.30818,-1.87035,-0.78808,-1.05915,0.1997,11.01468,0.27562,-2.18224,-1.03638,81.035,5.0,7573.953
1.7837132630004633,-11.79538,0.52969,10.98475,0.30252,-1.61465,-0.69987,-0.9549,0.10931,10.86194,0.28188,-1.79878,-0.88271,81.035,5.0,7796.0
1.7887132630004632,-12.25818,0.44628,10.65104,0.29685,-1.35895,-0.61166,-0.85065,0.01892,10.7092,0.28814,-1.41533,-0.72903,81.035,4.273,7796.0
1.7937132630004633,-12.72099,0.36286,10.31734,0.29118,-1.10325,-0.52344,-0.7464,-0.07146,10.55646,0.2944,-1.03188,-0.57535,80.971,4.0,7796.0
1.7987132630004632,-13.18379,0.27944,9.98363,0.28552,-0.84755,-0.43523,-0.64215,-0.16185,10.40371,0.30066,-0.64842,-0.42167,80.947,4.0,8831.707
1.8037132630004633,-13.6466,0.19602,9.64993,0.27985,-0.59185,-0.34702,-0.50978,-0.36015,10.85753,0.28749,-0.38485,-0.28734,80.883,4.0,9223.0
1.8087132630004632,-14.1094,0.11261,9.31622,0.27418,-0.33615,-0.2588,-0.36675,-0.59936,11.54125,0.26697,-0.16671,-0.16034,80.795,4.0,9223.0
1.8137132630004633,-14.72157,-0.46327,10.26816,0.2439,-0.1138,-0.18488,-0.22373,-0.83856,12.22497,0.24644,0.05143,-0.03334,80.771,4.0,9223.0
1.8187132630004632,-15.38968,-1.22357,11.70158,0.20441,0.09606,-0.11631,-0.0807,-1.07776,12.90869,0.22592,0.26957,0.09366,80.708,4.0,9223.0
1.823713263000463,-16.05779,-1.98388,13.135,0.16491,0.30592,-0.04774,0.06233,-1.31697,13.59241,0.20539,0.4877,0.22066,80.62,4.0,17387.779
1.8287132630004632,-16.72589,-2.74418,14.56843,0.12541,0.51578,0.02083,0.26997,-1.31566,13.76843,0.18487,0.70584,0.34765,80.468,4.0,20551.0
1.8337132630004631,-17.394,-3.50448,16.00185,0.08592,0.72564,0.0894,0.50272,-1.22092,13.74726,0.16434,0.92398,0.47465,80.42,4.726,20551.0
1.8387132630004632,-16.1784,-3.55394,16.1221,0.04642,0.9355,0.15797,0.73546,-1.12618,13.72608,0.14381,1.14212,0.60165,80.293,5.0,20551.0
1.8437132630004631,-14.24976,-3.33432,15.74527,0.00692,1.14536,0.22654,0.96821,-1.03145,13.70491,0.12329,1.36026,0.72865,80.181,5.0,23558.425
1.8487132630004632,-12.32112,-3.1147,15.36845,-0.03257,1.35522,0.29511,1.20095,-0.93671,13.68373,0.10276,1.5784,0.85565,80.092,5.0,24711.0
1.8537132630004631,-10.39248,-2.89508,14.99163,-0.07207,1.56508,0.36368,1.4337,-0.84198,13.66255,0.08224,1.79653,0.98265,79.877,5.0,24711.0
1.8587132630004632,-8.46385,-2.67547,14.6148,-0.11157,1.77494,0.43225,1.68155,-0.63013,12.98445,0.06054,1.83356,0.89054,79.677,4.274,24711.0
1.8637132630004631,-6.53521,-2.45585,14.23798,-0.15106,1.9848,0.50082,1.93507,-0.37445,12.06049,0.03841,1.80279,0.71644,79.501,4.0,24711.0
1.8687132630004633,-4.60657,-2.23623,13.86116,-0.15895,2.09607,0.39682,2.18858,-0.11877,11.13652,0.01627,1.77203,0.54233,79.325,4.0,25606.042
1.8737132630004631,-2.67793,-2.01661,13.48433,-0.155,2.17044,0.22824,2.44209,0.13691,10.21255,-0.00586,1.74126,0.36822,79.15,4.0,25942.0
1.8787132630004633,-0.7493,-1.79699,13.10751,-0.15106,2.2448,0.05965,2.6956,0.39259,9.28858,-0.02799,1.7105,0.19412,78.974,4.0,25942.0
1.8837132630004632,1.17934,-1.57737,12.73069,-0.14712,2.31917,-0.10893,2.94911,0.64827,8.36461,-0.05013,1.67973,0.02001,78.862,4.0,25942.0
1.8887132630004633,3.10798,-1.35776,12.35386,-0.14317,2.39354,-0.27751,2.80539,0.59244,8.00132,-0.03939,1.66245,-0.03616,78.838,4.0,26020.802
1.8937132630004632,3.34597,-0.78391,11.48583,-0.11735,2.35539,-0.31653,2.51244,0.41959,7.84864,-0.01629,1.65023,-0.04802,78.774,4.0,26051.0
1.8987132630004633,2.93114,-0.07327,10.42812,-0.08307,2.27379,-0.30552,2.21949,0.24674,7.69596,0.0068,1.63802,-0.05989,78.686,4.0,26051.0
1.9037132630004632,2.51631,0.63736,9.37041,-0.04879,2.1922,-0.29452,1.92654,0.0739,7.54328,0.02989,1.6258,-0.07175,78.598,3.272,26051.0
1.9087132630004633,2.33116,0.85335,9.4062,-0.01451,2.1106,-0.28351,1.63359,-0.09895,7.3906,0.05298,1.61358,-0.08361,78.574,3.0,26051.0
1.9137132630004632,2.232,0.88415,9.8514,0.01977,2.02901,-0.2725,1.18463,-0.01626,7.51008,0.07607,1.60136,-0.09548,78.574,3.0,26034.982
1.9187132630004633,2.13284,0.91495,10.2966,0.05405,1.94741,-0.2615,0.67737,0.16193,7.73128,0.09916,1.58914,-0.10734,78.574,2.272,26029.0
1.9237132630004632,2.03368,0.94574,10.7418,0.08833,1.86581,-0.25049,0.1701,0.34012,7.95249,0.12226,1.57693,-0.11921,78.574,2.0,26029.0
1.928713263000463,1.93451,0.97654,11.187,0.12261,1.78422,-0.23948,-0.33717,0.51831,8.17369,0.14535,1.56471,-0.13107,78.638,2.0,26115.595
1.9337132630004632,1.83535,1.00733,11.63221,0.15689,1.70262,-0.22848,-0.84443,0.69651,8.39489,0.12725,1.4454,-0.22822,78.726,2.0,26148.0
1.938713263000463,1.71474,1.1061,11.89284,0.1674,1.53953,-0.23026,-1.3517,0.8747,8.61609,0.09373,1.28602,-0.3573,78.75,2.727,26148.0
1.9437132630004632,1.58606,1.2304,12.08413,0.16899,1.34582,-0.23685,-1.85897,1.05289,8.83729,0.06021,1.12663,-0.48637,78.814,3.0,26092.727
1.948713263000463,1.45739,1.3547,12.27541,0.17057,1.1521,-0.24343,-2.38182,1.37717,8.9201,0.02669,0.96725,-0.61545,78.902,3.0,26072.0
1.9537132630004632,1.32871,1.47901,12.4667,0.17216,0.95839,-0.25002,-2.91052,1.75619,8.95105,-0.00682,0.80787,-0.74453,78.926,3.0,26072.0
1.9587132630004631,1.20003,1.60331,12.65798,0.17374,0.76468,-0.25661,-3.43922,2.13522,8.98199,-0.02525,0.75376,-0.76024,78.99,3.0,26072.0
1.9637132630004632,1.07136,1.72762,12.84927,0.17533,0.57096,-0.26319,-3.96792,2.51425,9.01293,-0.03802,0.73919,-0.73338,79.078,3.0,26031.976
1.9687132630004631,0.94268,1.85192,13.04055,0.17691,0.37725,-0.26978,-4.49661,2.89327,9.04387,-0.05078,0.72462,-0.70652,79.102,3.0,26017.0
1.9737132630004632,0.91299,1.93868,12.55841,0.16412,0.32371,-0.26478,-5.02531,3.2723,9.07481,-0.06354,0.71005,-0.67966,79.165,636.209,26017.0
1.9787132630004631,0.92043,2.01136,11.8236,0.14594,0.32277,-0.25544,-5.55401,3.65133,9.10575,-0.0763,0.69548,-0.6528,79.253,874.0,26017.0
1.9837132630004632,0.92787,2.08404,11.08879,0.12775,0.32183,-0.24609,-4.52674,3.55582,9.13063,-0.08906,0.68091,-0.62594,79.341,874.0,26139.939
1.9887132630004631,0.93532,2.15672,10.35398,0.10957,0.32089,-0.23674,-2.9169,3.28264,9.15325,-0.10183,0.66634,-0.59908,79.429,874.0,26186.0
1.9937132630004633,0.91529,2.0955,10.16692,0.09138,0.31995,-0.2274,-1.30707,3.00946,9.17586,-0.11459,0.65177,-0.57222,79.517,1498.778,26186.0
1.9987132630004631,0.88494,1.98396,10.18572,0.0732,0.31901,-0.21805,0.30277,2.73628,9.19847,-0.12735,0.6372,-0.54536,79.605,1734.0,26186.0
2.003713263000463,0.85459,1.87242,10.20453,0.05502,0.31806,-0.2087,1.9126,2.46311,9.22108,-0.14011,0.62263,-0.5185,79.629,1734.0,26147.421
2.0087132630004634,0.82424,1.76087,10.22334,0.03683,0.31712,-0.19935,3.52244,2.18993,9.24369,-0.15287,0.60806,-0.49164,79.693,1734.0,26133.0
2.0137132630004633,0.79389,1.64933,10.24215,0.01865,0.31618,-0.19001,3.57935,1.81129,9.25285,-0.12647,0.59053,-0.45003,79.781,2363.142,26133.0
2.018713263000463,0.76354,1.53779,10.26096,0.02196,0.30178,-0.17976,3.05149,1.39293,9.25695,-0.08532,0.57188,-0.40287,79.869,2599.0,25954.877
2.023713263000463,0.73319,1.42625,10.27977,0.03331,0.28234,-0.16918,2.52363,0.97457,9.26104,-0.04417,0.55323,-0.35571,79.956,2599.0,25888.0
2.0287132630004634,0.70284,1.3147,10.29858,0.04466,0.26289,-0.15861,1.99577,0.55622,9.26514,-0.00303,0.53458,-0.30855,80.044,2599.0,25888.0
2.0337132630004633,0.68221,1.25768,10.31601,0.05601,0.24345,-0.14803,1.4679,0.13786,9.26924,0.03812,0.51593,-0.26139,80.131,2985.215,25888.0
2.038713263000463,0.66522,1.22116,10.33292,0.06736,0.22401,-0.13745,0.94004,-0.2805,9.27333,0.07927,0.49729,-0.21423,80.22,3138.0,25888.0
2.043713263000463,0.64824,1.18464,10.34983,0.07871,0.20457,-0.12687,0.41218,-0.69885,9.27743,0.12042,0.47864,-0.16707,80.308,3138.0,25968.63
2.048713263000463,0.63126,1.14812,10.36674,0.09006,0.18512,-0.11629,0.30629,-0.51973,9.36932,0.12902,0.46859,-0.15916,80.396,3138.0,25999.0
2.0537132630004633,0.61428,1.1116,10.38364,0.10142,0.16568,-0.10571,0.35967,-0.11507,9.49436,0.12532,0.46178,-0.16607,80.484,3937.624,25999.0
2.058713263000463,0.59729,1.07507,10.40055,0.10272,0.15707,-0.10256,0.41305,0.28959,9.61939,0.12163,0.45497,-0.17297,80.572,4238.0,26099.422
2.063713263000463,0.58031,1.03855,10.41746,0.10027,0.15251,-0.10219,0.46643,0.69425,9.74443,0.11794,0.44816,-0.17988,80.66,4238.0,26137.0
2.068713263000463,0.56333,1.00203,10.43437,0.09781,0.14795,-0.10183,0.51981,1.09891,9.86947,0.11425,0.44135,-0.18678,80.747,4916.822,26137.0
2.0737132630004633,0.49193,1.04782,10.46447,0.09536,0.14339,-0.10147,0.56662,1.2712,9.94499,0.11055,0.43454,-0.19369,80.771,5172.0,26137.0
2.078713263000463,0.40007,1.12455,10.49952,0.0929,0.13883,-0.1011,0.61097,1.35617,10.0019,0.10686,0.42773,-0.2006,80.835,5172.0,25906.21
2.083713263000463,0.30821,1.20127,10.53457,0.09045,0.13427,-0.10074,0.65531,1.44114,10.05881,0.10317,0.42092,-0.2075,80.923,5172.0,25820.0
2.088713263000463,0.21635,1.27799,10.56962,0.08799,0.12972,-0.10037,0.69966,1.5261,10.11573,0.09947,0.41411,-0.21441,81.011,5316.726,25820.0
2.0937132630004633,0.1245,1.35472,10.60466,0.08554,0.12516,-0.10001,0.74401,1.61107,10.17264,0.09274,0.41786,-0.20174,81.099,5371.0,25820.0
2.0987132630004632,0.12908,1.40697,10.62829,0.07189,0.12962,-0.09499,0.78835,1.69604,10.22955,0.08488,0.42555,-0.18174,81.187,5371.0,25820.0
2.103713263000463,0.16978,1.45006,10.64764,0.05406,0.13747,-0.08823,0.8327,1.781,10.28647,0.07701,0.43325,-0.16174,81.275,5371.0,25966.915
2.108713263000463,0.21047,1.49315,10.66698,0.03623,0.14532,-0.08147,0.88898,1.83186,10.31903,0.06914,0.44095,-0.14173,81.299,6339.811,26022.0
2.1137132630004634,0.25116,1.53625,10.68633,0.01839,0.15316,-0.07471,0.94974,1.86994,10.34247,0.06127,0.44864,-0.12173,81.427,6702.0,26111.52
2.1187132630004633,0.29186,1.57934,10.70568,0.00056,0.16101,-0.06795,1.01049,1.90801,10.36591,0.05341,0.45634,-0.10173,81.539,6702.0,26145.0
2.123713263000463,0.33255,1.62243,10.72503,-0.01727,0.16885,-0.06119,1.07124,1.94609,10.38935,0.04554,0.46404,-0.08173,81.626,6924.982,26145.0
2.128713263000463,0.37324,1.66552,10.74437,-0.0351,0.1767,-0.05443,1.132,1.98416,10.41279,0.03767,0.47173,-0.06173,81.778,7009.0,26145.0
2.1337132630004634,0.33658,1.63616,10.74097,-0.04077,0.17161,-0.04999,1.19275,2.02224,10.43623,0.03148,0.47525,-0.05005,81.89,7009.0,26113.014
2.1387132630004633,0.27071,1.57944,10.72898,-0.04184,0.16164,-0.04642,1.25351,2.06031,10.45967,0.02592,0.47719,-0.04153,82.042,7009.0,26101.0
2.143713263000463,0.20484,1.52271,10.71699,-0.04291,0.15167,-0.04285,1.31426,2.09839,10.48311,0.02036,0.47913,-0.033,82.09,8018.428,26101.0
2.148713263000463,0.13896,1.46599,10.705,-0.04399,0.14169,-0.03929,1.17683,2.00514,10.44232,0.0148,0.48107,-0.02447,82.218,8397.0,26101.0
2.153713263000463,0.11715,1.44832,10.69467,-0.04506,0.13172,-0.03572,0.96494,1.86255,10.3774,0.00924,0.48302,-0.01595,82.393,8397.0,25919.154
2.1587132630004633,0.11186,1.44529,10.68496,-0.04613,0.12175,-0.03215,0.75304,1.71997,10.31248,0.00368,0.48496,-0.00742,82.505,8397.0,25851.0
2.163713263000463,0.10656,1.44226,10.67526,-0.0472,0.11178,-0.02858,0.54115,1.57738,10.24756,-0.00188,0.4869,0.00111,82.657,8397.0,25851.0
2.168713263000463,0.10127,1.43923,10.66555,-0.04828,0.10181,-0.02502,0.32926,1.43479,10.18264,-0.00744,0.48884,0.00963,82.769,8561.976,25851.0
2.173713263000463,0.09598,1.4362,10.65585,-0.04935,0.09184,-0.02145,0.33237,1.41986,10.17854,-0.01041,0.49479,0.01463,82.921,8624.0,25851.0
2.1787132630004633,0.09068,1.43317,10.64614,-0.05431,0.09215,-0.019,0.41621,1.45285,10.19728,-0.01241,0.50224,0.0183,83.097,8624.0,25940.557
2.183713263000463,0.08539,1.43014,10.63643,-0.06072,0.09631,-0.01698,0.50005,1.48583,10.21602,-0.0144,0.5097,0.02196,83.208,8624.0,25974.0
2.188713263000463,0.08009,1.42711,10.62673,-0.06714,0.10047,-0.01495,0.58388,1.51882,10.23475,-0.0164,0.51715,0.02563,83.36,9200.946,25974.0
2.193713263000463,0.0748,1.42408,10.61702,-0.07355,0.10463,-0.01293,0.66772,1.55181,10.25349,-0.0184,0.52461,0.0293,83.472,9417.0,25974.0
2.1987132630004633,0.06951,1.42105,10.60732,-0.07997,0.1088,-0.0109,0.66471,1.56202,10.24816,-0.02039,0.53207,0.03297,83.624,9417.0,25718.414
2.203713263000463,0.08046,1.41268,10.58473,-0.08248,0.11308,-0.01327,0.62924,1.56372,10.23385,-0.02239,0.53952,0.03664,83.736,9417.0,25623.0
2.208713263000463,0.09748,1.40233,10.55733,-0.08354,0.11742,-0.01727,0.59377,1.56541,10.21953,-0.02439,0.54698,0.04031,83.824,10004.482,25623.0
2.213713263000463,0.1145,1.39197,10.52994,-0.0846,0.12176,-0.02128,0.55829,1.56711,10.20521,-0.02638,0.55443,0.04398,83.976,10225.0,25623.0
2.2187132630004633,0.13152,1.38162,10.50254,-0.08565,0.1261,-0.02529,0.52282,1.56881,10.19089,-0.02838,0.56189,0.04764,84.087,10225.0,25669.585
2.2237132630004632,0.14854,1.37127,10.47515,-0.08671,0.13044,-0.02929,0.48735,1.5705,10.17657,-0.02977,0.57362,0.03604,84.239,10225.0,25687.0
2.228713263000463,0.16198,1.37668,10.4614,-0.08777,0.13477,-0.0333,0.45188,1.5722,10.16225,-0.03094,0.58696,0.01873,84.415,11073.243,25687.0
2.233713263000463,0.17407,1.38803,10.45278,-0.08883,0.13911,-0.03731,0.41641,1.57389,10.14793,-0.0321,0.60029,0.00142,84.527,11392.0,25687.0
2.2387132630004634,0.18616,1.39937,10.44416,-0.08988,0.14345,-0.04132,0.38094,1.57559,10.13362,-0.03326,0.61363,-0.01589,84.679,11392.0,25494.384
2.2437132630004633,0.19825,1.41072,10.43555,-0.09094,0.14779,-0.04532,0.31626,1.55098,10.1208,-0.03494,0.61074,-0.02404,84.727,11523.478,25422.0
2.248713263000463,0.21034,1.42207,10.42693,-0.092,0.15212,-0.04933,0.24058,1.51645,10.10855,-0.03681,0.60175,-0.02874,84.727,11573.0,25422.0
2.253713263000463,0.22244,1.43341,10.41831,-0.09306,0.15646,-0.05334,0.1649,1.48193,10.09629,-0.03867,0.59276,-0.03344,84.918,11573.0,25422.0
2.258713263000463,0.2616,1.40204,10.42398,-0.09354,0.15848,-0.05538,0.08921,1.44741,10.08404,-0.04054,0.58376,-0.03814,85.054,11573.0,25480.161
2.2637132630004633,0.31097,1.35456,10.43503,-0.0938,0.15964,-0.05669,0.01353,1.41288,10.07179,-0.04241,0.57477,-0.04283,85.142,11573.0,25502.0
2.268713263000463,0.36034,1.30709,10.44608,-0.09406,0.16079,-0.058,-0.04725,1.39772,10.07564,-0.04428,0.56578,-0.04753,85.23,12402.696,25502.0
2.273713263000463,0.40971,1.25962,10.45713,-0.09432,0.16194,-0.05931,-0.1024,1.38988,10.08558,-0.04614,0.55678,-0.05223,85.318,12714.0,25502.0
2.278713263000463,0.42107,1.25522,10.45895,-0.09458,0.16309,-0.06062,-0.15756,1.38203,10.09552,-0.04801,0.54779,-0.05693,85.406,12714.0,25467.862
2.2837132630004633,0.41817,1.267,10.45731,-0.09484,0.16424,-0.06193,-0.21271,1.37418,10.10546,-0.04988,0.5388,-0.06162,85.43,12840.601,25455.0
2.288713263000463,0.41526,1.27878,10.45567,-0.0951,0.1654,-0.06324,-0.26786,1.36634,10.1154,-0.05175,0.52981,-0.06632,85.622,12888.0,25455.0
2.293713263000463,0.41236,1.29055,10.45402,-0.09536,0.16655,-0.06455,-0.26525,1.36123,10.12402,-0.05163,0.52213,-0.06543,85.757,12888.0,25538.675
2.298713263000463,0.40945,1.30233,10.45238,-0.09562,0.1677,-0.06586,-0.24106,1.35716,10.13213,-0.05077,0.51493,-0.06245,85.845,12888.0,25570.0
2.3037132630004633,0.40655,1.3141,10.45074,-0.09538,0.17187,-0.06715,-0.21687,1.35308,10.14025,-0.04991,0.50774,-0.05947,85.869,13364.56,25570.0
2.308713263000463,0.40364,1.32588,10.4491,-0.09494,0.17718,-0.06844,-0.19268,1.349,10.14837,-0.04906,0.50055,-0.05649,85.933,13543.0,25570.0
2.313713263000463,0.39209,1.31886,10.44954,-0.0945,0.18249,-0.06973,-0.16848,1.34492,10.15648,-0.0482,0.49336,-0.05351,85.957,13543.0,25297.868
2.318713263000463,0.37731,1.30481,10.45076,-0.09407,0.1878,-0.07102,-0.14429,1.34085,10.1646,-0.04734,0.48617,-0.05053,86.085,13543.0,25196.0
2.3237132630004633,0.36253,1.29075,10.45198,-0.09363,0.19311,-0.07231,-0.1201,1.33677,10.17272,-0.04648,0.47898,-0.04755,86.133,13736.978,25196.0
2.328713263000463,0.34775,1.27669,10.4532,-0.09319,0.19842,-0.0736,-0.09591,1.33269,10.18084,-0.04563,0.47179,-0.04457,86.197,13810.0,25196.0
2.333713263000463,0.33297,1.26264,10.45442,-0.09275,0.20373,-0.07489,-0.09082,1.32495,10.17564,-0.04576,0.4698,-0.042,86.285,13810.0,25339.982
2.338713263000463,0.31819,1.24858,10.45564,-0.09267,0.21076,-0.07477,-0.09288,1.31585,10.16546,-0.04625,0.46977,-0.03958,86.373,13810.0,25394.0
2.3437132630004633,0.3034,1.23453,10.45686,-0.09273,0.21842,-0.07413,-0.09494,1.30675,10.15529,-0.04675,0.46973,-0.03715,86.46,14382.249,25394.0
2.3487132630004632,0.27964,1.23668,10.45875,-0.09279,0.22609,-0.07349,-0.09701,1.29764,10.14511,-0.04725,0.4697,-0.03473,86.484,14597.0,25394.0
2.353713263000463,0.25251,1.24491,10.4609,-0.09284,0.23375,-0.07284,-0.08654,1.32147,10.15231,-0.04775,0.46966,-0.03231,86.548,14597.0,25221.706
2.358713263000463,0.22538,1.25314,10.46305,-0.0929,0.24142,-0.0722,-0.07139,1.35763,10.16603,-0.04825,0.46962,-0.02988,86.572,14597.0,25157.0
2.363713263000463,0.19825,1.26137,10.46519,-0.09296,0.24909,-0.07155,-0.05623,1.39379,10.17975,-0.04875,0.46959,-0.02746,86.636,14974.745,25157.0
2.3687132630004633,0.17112,1.2696,10.46734,-0.09301,0.25675,-0.07091,-0.04107,1.42995,10.19347,-0.04925,0.46955,-0.02504,86.66,15116.0,25157.0
2.373713263000463,0.14399,1.27783,10.46949,-0.09307,0.26442,-0.07026,-0.02592,1.46612,10.20719,-0.04975,0.46952,-0.02262,86.724,15116.0,24979.427
2.378713263000463,0.11685,1.28606,10.47164,-0.09681,0.28097,-0.07386,-0.01076,1.50228,10.22091,-0.06118,0.48751,-0.03203,86.812,15573.234,24913.0
2.383713263000463,0.08972,1.29429,10.47378,-0.10193,0.30086,-0.07906,0.0044,1.53844,10.23463,-0.07673,0.51229,-0.04589,86.9,15745.0,24913.0
2.3887132630004633,0.06259,1.30252,10.47593,-0.10705,0.32075,-0.08425,0.01956,1.5746,10.24835,-0.09227,0.53707,-0.05975,86.924,15745.0,24682.204
2.393713263000463,0.06316,1.28678,10.48031,-0.11218,0.34064,-0.08944,0.03471,1.61077,10.26206,-0.10781,0.56184,-0.07361,86.988,15745.0,24596.0
2.398713263000463,0.07408,1.26207,10.48552,-0.1173,0.36053,-0.09464,0.1033,1.63284,10.27343,-0.11277,0.57986,-0.07802,87.012,15994.491,24596.0
2.403713263000463,0.08501,1.23736,10.49074,-0.12242,0.38042,-0.09983,0.19198,1.64961,10.28391,-0.11375,0.59533,-0.07889,87.012,16088.0,24596.0
2.4087132630004633,0.09593,1.21265,10.49595,-0.12754,0.40032,-0.10503,0.28066,1.66639,10.29439,-0.11473,0.61081,-0.07976,87.076,16088.0,24381.299
2.413713263000463,0.10685,1.18794,10.50117,-0.13266,0.42021,-0.11022,0.36935,1.68316,10.30487,-0.11571,0.62628,-0.08062,87.1,16088.0,24301.0
2.418713263000463,0.10672,1.1859,10.48955,-0.134,0.44659,-0.1133,0.45803,1.69994,10.31534,-0.11669,0.64176,-0.08149,87.163,16681.747,24301.0
2.423713263000463,0.10244,1.19239,10.47159,-0.13391,0.47541,-0.11557,0.47212,1.64629,10.29296,-0.11767,0.65723,-0.08235,87.188,16908.0,23971.756
2.4287132630004633,0.09816,1.19888,10.45364,-0.13383,0.50424,-0.11784,0.45764,1.56567,10.25799,-0.11865,0.67271,-0.08322,87.188,16908.0,23848.0
2.433713263000463,0.09388,1.20537,10.43569,-0.13374,0.53306,-0.12011,0.44316,1.48505,10.22302,-0.11963,0.68818,-0.08409,87.251,16986.576,23848.0
2.438713263000463,0.08959,1.21186,10.41773,-0.13365,0.56189,-0.12239,0.42868,1.40443,10.18805,-0.1206,0.70366,-0.08495,87.275,17016.0,23848.0
2.443713263000463,0.08531,1.21835,10.39978,-0.13357,0.59071,-0.12466,0.4142,1.32381,10.15308,-0.12158,0.71913,-0.08582,87.275,17016.0,23665.104
2.4487132630004633,0.08103,1.22484,10.38183,-0.13348,0.61954,-0.12693,0.39973,1.24319,10.11811,-0.12256,0.73461,-0.08668,87.339,17016.0,23597.0
2.453713263000463,0.04375,1.1869,10.37594,-0.1341,0.64441,-0.12442,0.3369,1.23003,10.1126,-0.12736,0.75041,-0.08234,87.363,17279.101,23597.0
2.458713263000463,-0.00591,1.13228,10.37457,-0.13498,0.6678,-0.1201,0.25595,1.24216,10.11814,-0.13359,0.76633,-0.07604,87.363,17381.0,23597.0
2.463713263000463,-0.05557,1.07767,10.37321,-0.13586,0.69119,-0.11579,0.175,1.2543,10.12368,-0.13983,0.78226,-0.06975,87.363,17381.0,23476.836
2.468713263000463,-0.10522,1.02306,10.37184,-0.13674,0.71458,-0.11147,0.09405,1.26644,10.12922,-0.14606,0.79818,-0.06345,87.363,17381.0,23432.0
2.4737132630004632,-0.15488,0.96845,10.37047,-0.13762,0.73797,-0.10716,0.0131,1.27857,10.13476,-0.15229,0.8141,-0.05715,87.363,18072.716,23432.0
2.478713263000463,-0.18527,0.97634,10.36757,-0.1385,0.76136,-0.10284,-0.06785,1.29071,10.1403,-0.15852,0.83003,-0.05086,87.363,18332.0,23432.0
2.483713263000463,-0.20842,1.00772,10.36409,-0.13938,0.78475,-0.09852,-0.14881,1.30284,10.14584,-0.16476,0.84595,-0.04456,87.363,18332.0,22808.01
2.488713263000463,-0.23158,1.0391,10.36061,-0.14026,0.80814,-0.09421,-0.13352,1.33471,10.14098,-0.16856,0.86625,-0.03851,87.363,18332.0,22575.0
2.4937132630004633,-0.25473,1.07048,10.35713,-0.14114,0.83153,-0.08989,-0.08233,1.37394,10.13224,-0.17147,0.88817,-0.03255,87.363,18648.052,22575.0
2.498713263000463,-0.27788,1.10186,10.35365,-0.14486,0.85968,-0.08551,-0.03114,1.41317,10.1235,-0.17437,0.91009,-0.02659,87.363,18768.0,22575.0
2.503713263000463,-0.30103,1.13324,10.35017,-0.14964,0.88963,-0.08109,0.02005,1.4524,10.11475,-0.17727,0.93201,-0.02063,87.299,18768.0,21990.576
2.508713263000463,-0.32419,1.16462,10.34669,-0.15442,0.91957,-0.07667,0.07124,1.49163,10.10601,-0.18017,0.95394,-0.01467,87.275,18768.0,21773.0
2.5137132630004633,-0.35472,1.17296,10.40002,-0.15921,0.94952,-0.07226,0.03731,1.49787,10.16274,-0.18308,0.97586,-0.00871,87.275,19031.718,21773.0
2.518713263000463,-0.38802,1.17261,10.47474,-0.16399,0.97947,-0.06784,-0.02867,1.49168,10.24413,-0.18598,0.99778,-0.00275,87.275,19131.0,20838.563
2.523713263000463,-0.42133,1.17227,10.54946,-0.16877,1.00941,-0.06342,-0.09466,1.48549,10.32551,-0.18888,1.01971,0.00321,87.275,19131.0,20488.0
2.528713263000463,-0.45463,1.17193,10.62418,-0.17355,1.03936,-0.05901,-0.16064,1.4793,10.40689,-0.19179,1.04163,0.00917,87.275,19349.227,20488.0
2.5337132630004633,-0.48794,1.17158,10.6989,-0.17834,1.0693,-0.05459,-0.22662,1.47311,10.48828,-0.20006,1.07744,8e-05,87.275,19431.0,20488.0
2.538713263000463,-0.52125,1.17124,10.77362,-0.18312,1.09925,-0.05017,-0.2926,1.46693,10.56966,-0.21036,1.11847,-0.01467,87.275,19431.0,20488.0
2.543713263000463,-0.55455,1.17089,10.84834,-0.19048,1.12601,-0.05192,-0.36629,1.49596,10.64177,-0.22066,1.1595,-0.02941,87.275,19431.0,20360.563
2.548713263000463,-0.58786,1.17055,10.92306,-0.1988,1.15159,-0.05596,-0.44285,1.53813,10.71043,-0.23096,1.20052,-0.04416,87.275,19834.81,20313.0
2.5537132630004633,-0.67265,1.15821,11.03421,-0.20713,1.17716,-0.06001,-0.51941,1.5803,10.77909,-0.24126,1.24155,-0.05891,87.212,19988.0,20313.0
2.558713263000463,-0.77709,1.1413,11.15928,-0.21545,1.20273,-0.06405,-0.59596,1.62247,10.84775,-0.24732,1.26475,-0.06302,87.188,19988.0,19630.665
2.563713263000463,-0.88153,1.12439,11.28434,-0.22377,1.22831,-0.06809,-0.67252,1.66464,10.9164,-0.25178,1.28126,-0.06314,87.188,19988.0,19375.0
2.568713263000463,-0.98597,1.10747,11.40941,-0.2321,1.25388,-0.07214,-0.74908,1.70681,10.98506,-0.25624,1.29777,-0.06327,87.188,20227.999,19375.0
2.573713263000463,-1.09041,1.09056,11.53448,-0.24042,1.27946,-0.07618,-0.82564,1.74897,11.05372,-0.2607,1.31429,-0.06339,87.188,20318.0,19375.0
2.578713263000463,-1.19485,1.07365,11.65954,-0.24874,1.30503,-0.08023,-0.90219,1.79114,11.12238,-0.26516,1.3308,-0.06352,87.124,20318.0,18772.113
2.583713263000463,-1.14549,1.13552,11.75528,-0.26163,1.35173,-0.08989,-0.87803,1.81839,11.17592,-0.26962,1.34731,-0.06364,87.1,21010.446,18546.0
2.588713263000463,-1.03842,1.22695,11.84001,-0.27623,1.40634,-0.10167,-0.81608,1.84005,11.22379,-0.27409,1.36383,-0.06376,87.1,21271.0,18546.0
2.593713263000463,-0.93136,1.31839,11.92475,-0.29083,1.46096,-0.11344,-0.75413,1.8617,11.27166,-0.27855,1.38034,-0.06389,87.036,21271.0,17847.071
2.5987132630004632,-0.82429,1.40982,12.00948,-0.30543,1.51558,-0.12522,-0.69217,1.88335,11.31953,-0.28301,1.39685,-0.06401,87.012,21271.0,17578.0
2.603713263000463,-0.71722,1.50125,12.09422,-0.32003,1.5702,-0.13699,-0.63022,1.905,11.3674,-0.28747,1.41337,-0.06413,87.012,21697.706,17578.0
2.608713263000463,-0.59505,1.51682,12.16944,-0.32285,1.61083,-0.13062,-0.56827,1.92665,11.41527,-0.29193,1.42988,-0.06426,86.948,21858.0,17578.0
2.613713263000463,-0.46718,1.50384,12.24108,-0.32124,1.64619,-0.11741,-0.50632,1.94831,11.46314,-0.29639,1.44639,-0.06438,86.924,21858.0,16437.135
2.6187132630004633,-0.33931,1.49085,12.31272,-0.31962,1.68156,-0.10421,-0.32891,1.84368,11.50432,-0.29207,1.48165,-0.03823,86.86,21858.0,16010.0
2.623713263000463,-0.21144,1.47787,12.38435,-0.31801,1.71692,-0.091,-0.10835,1.69184,11.543,-0.28446,1.52392,-0.00225,86.772,22426.448,16010.0
2.628713263000463,-0.08358,1.46489,12.45599,-0.31639,1.75228,-0.0778,0.11221,1.54,11.58168,-0.27685,1.56618,0.03373,86.685,22641.0,16010.0
2.633713263000463,-0.11434,1.45058,12.48861,-0.31478,1.78765,-0.06459,0.33277,1.38816,11.62036,-0.26924,1.60845,0.0697,86.596,22641.0,14693.035
2.6387132630004633,-0.20617,1.43577,12.50621,-0.31316,1.82301,-0.05138,0.55333,1.23632,11.65904,-0.26163,1.65071,0.10568,86.508,22641.0,14196.0
2.643713263000463,-0.298,1.42096,12.52381,-0.31155,1.85838,-0.03818,0.54485,1.17366,11.62236,-0.24702,1.69328,0.10445,86.484,23020.661,14196.0
2.648713263000463,-0.38984,1.40615,12.54141,-0.30993,1.89374,-0.02497,0.45051,1.14441,11.55743,-0.22979,1.73596,0.08927,86.484,23164.0,14196.0
2.653713263000463,-0.48167,1.39134,12.55901,-0.30832,1.92911,-0.01177,0.35617,1.11517,11.4925,-0.21257,1.77863,0.07409,86.358,23164.0,12540.11
2.6587132630004633,-0.5735,1.37653,12.5766,-0.29665,1.97554,-0.01973,0.26182,1.08593,11.42758,-0.19534,1.82131,0.05891,86.247,23164.0,11886.0
2.663713263000463,-0.66534,1.36172,12.5942,-0.2809,2.02645,-0.03628,0.16748,1.05669,11.36265,-0.17811,1.86399,0.04374,86.157,23569.719,11886.0
2.668713263000463,-0.75717,1.34691,12.6118,-0.26515,2.07737,-0.05282,0.13055,0.97708,11.27772,-0.16088,1.90666,0.02856,86.069,23727.0,11886.0
2.673713263000463,-0.86204,1.34334,12.60071,-0.2494,2.12828,-0.06937,0.11511,0.8786,11.18529,-0.14366,1.94934,0.01338,85.918,23727.0,9269.5
2.678713263000463,-0.9718,1.34397,12.57888,-0.23365,2.1792,-0.08592,0.09968,0.78012,11.09286,-0.11919,1.99081,-0.00426,85.805,23727.0,8271.0
2.683713263000463,-1.08155,1.3446,12.55705,-0.2179,2.23011,-0.10246,0.08425,0.68164,11.00044,-0.09193,2.03183,-0.02284,85.717,23938.626,8271.0
2.688713263000463,-1.1913,1.34524,12.53522,-0.20215,2.28102,-0.11901,0.06882,0.58316,10.90801,-0.06467,2.07284,-0.04142,85.565,24018.0,8271.0
2.693713263000463,-1.30106,1.34587,12.51339,-0.18641,2.33194,-0.13556,0.05338,0.48468,10.81559,-0.03742,2.11385,-0.06,85.454,24018.0,5218.403
2.698713263000463,-1.41081,1.3465,12.49156,-0.16733,2.39838,-0.16507,0.03795,0.3862,10.72316,-0.01016,2.15486,-0.07858,85.302,24262.457,4080.0
2.703713263000463,-1.52057,1.34714,12.46973,-0.147,2.47061,-0.19943,0.0173,0.33671,10.5073,0.01709,2.19588,-0.09716,85.19,24354.0,4080.0
2.708713263000463,-1.6316,1.33234,12.41982,-0.12668,2.54285,-0.23378,-0.0053,0.3056,10.24513,0.04435,2.23689,-0.11575,85.038,24354.0,2909.653
2.713713263000463,-1.74311,1.31162,12.35912,-0.10636,2.61508,-0.26813,-0.02791,0.27448,9.98296,0.0716,2.2779,-0.13433,84.862,24439.866,2469.0
2.718713263000463,-1.85463,1.29089,12.29841,-0.08604,2.68731,-0.30248,-0.05051,0.24337,9.72079,0.09886,2.31892,-0.15291,84.751,24472.0,2469.0
2.7237132630004632,-1.96615,1.27016,12.23771,-0.06571,2.75954,-0.33683,-0.07312,0.21226,9.45862,0.12611,2.35993,-0.17149,84.663,24472.0,1694.993
2.728713263000463,-2.07767,1.24944,12.17701,-0.04539,2.83177,-0.37118,-0.19879,0.27073,9.41983,0.14325,2.4068,-0.19939,84.575,24472.0,1404.0
2.733713263000463,-2.18919,1.22871,12.1163,-0.02507,2.904,-0.40553,-0.36314,0.36282,9.46486,0.1566,2.45588,-0.23079,84.423,24515.666,1404.0
2.738713263000463,-2.3684,1.22537,12.22304,-0.00908,2.97255,-0.43401,-0.52749,0.45491,9.50989,0.16995,2.50496,-0.26219,84.311,24532.0,1404.0
2.7437132630004633,-2.57294,1.22854,12.39244,0.0053,3.03973,-0.46029,-0.69184,0.547,9.55492,0.18329,2.55403,-0.29359,84.096,24532.0,1285.093
2.748713263000463,-2.77749,1.2317,12.56184,0.01967,3.1069,-0.48657,-0.8562,0.63909,9.59995,0.19664,2.60311,-0.32499,83.96,24125.235,1240.0
2.753713263000463,-2.98203,1.23487,12.73123,0.03405,3.17407,-0.51286,-1.02055,0.73118,9.64498,0.20999,2.65219,-0.35639,83.936,23972.0,1240.0
2.758713263000463,-3.18657,1.23804,12.90063,0.04842,3.24124,-0.53914,-1.1849,0.82327,9.69001,0.22333,2.70127,-0.38779,83.68,23972.0,1237.093
2.7637132630004633,-3.39111,1.2412,13.07003,0.06279,3.30842,-0.56542,-1.34925,0.91536,9.73504,0.23668,2.75034,-0.4192,83.392,23972.0,1236.0
2.768713263000463,-3.59565,1.24437,13.23942,0.07717,3.37559,-0.59171,-1.5136,1.00745,9.78008,0.25003,2.79942,-0.4506,83.256,22931.844,1236.0
2.773713263000463,-3.72499,1.28201,13.62588,0.08715,3.40252,-0.59858,-1.92251,1.17828,10.13052,0.24526,2.81613,-0.46543,83.105,22542.0,1236.0
2.778713263000463,-3.82616,1.33257,14.09365,0.09548,3.41438,-0.59819,-2.42303,1.3786,10.59537,0.2337,2.82071,-0.47406,82.868,22542.0,1236.0
2.783713263000463,-3.92732,1.38313,14.56142,0.10381,3.42623,-0.5978,-2.92354,1.57893,11.06022,0.22214,2.8253,-0.48269,82.729,22542.0,701.877
2.788713263000463,-4.02849,1.43369,15.02919,0.11214,3.43809,-0.59741,-3.42406,1.77925,11.52507,0.21059,2.82988,-0.49132,82.451,22542.0,498.0
2.793713263000463,-4.12966,1.48425,15.49697,0.12047,3.44995,-0.59702,-3.65537,1.89964,11.3375,0.19903,2.83446,-0.49994,82.29,19903.102,498.0
2.798713263000463,-3.81407,1.42657,15.28642,0.1288,3.46181,-0.59663,-3.78293,1.9892,10.89847,0.18747,2.83905,-0.50857,82.074,18909.0,498.0
2.803713263000463,-3.34284,1.32848,14.82257,0.13713,3.47366,-0.59624,-3.91049,2.07877,10.45944,0.17592,2.84363,-0.5172,81.878,18909.0,258.052
2.808713263000463,-2.87161,1.23038,14.35871,0.14546,3.48552,-0.59585,-4.03805,2.16834,10.0204,0.16436,2.84822,-0.52583,81.573,18909.0,159.0
2.813713263000463,-2.40038,1.13229,13.89485,0.15379,3.49738,-0.59546,-4.16561,2.25791,9.58137,0.1528,2.8528,-0.53446,81.347,12597.233,159.0
2.818713263000463,-1.92915,1.03419,13.43099,0.1421,3.45605,-0.59812,-4.29317,2.34748,9.14234,0.11176,2.75409,-0.55657,81.108,10209.0,193.809
2.823713263000463,-1.45792,0.93609,12.96713,0.1228,3.39452,-0.60195,-4.42073,2.43705,8.70331,0.05952,2.61615,-0.58381,80.716,10209.0,207.0
2.828713263000463,-0.98669,0.838,12.50327,0.1035,3.333,-0.60578,-4.36321,2.39753,8.18356,0.00728,2.47821,-0.61104,80.532,4815.821,207.0
2.833713263000463,-0.68076,0.79401,11.9747,0.08421,3.27147,-0.6096,-4.23643,2.30971,7.63361,-0.04497,2.34026,-0.63828,80.316,2802.0,207.0
2.838713263000463,-0.43651,0.77022,11.42199,0.06491,3.20994,-0.61343,-4.10966,2.22189,7.08366,-0.09721,2.20232,-0.66551,80.053,2802.0,182.306
2.843713263000463,-0.19226,0.74643,10.86928,0.04561,3.14841,-0.61726,-3.98288,2.13407,6.53371,-0.12614,2.07003,-0.69014,79.726,2802.0,173.0
2.8487132630004632,0.05198,0.72264,10.31657,0.02631,3.08689,-0.62109,-3.85611,2.04625,5.98375,-0.14628,1.93988,-0.71377,79.437,956.477,173.0
2.853713263000463,0.29623,0.69885,9.76386,0.00701,3.02536,-0.62491,-3.72933,1.95843,5.4338,-0.16642,1.80973,-0.73741,79.237,261.0,173.0
2.858713263000463,0.54048,0.67505,9.21114,-0.01228,2.96383,-0.62874,-3.60256,1.87062,4.88385,-0.18656,1.67957,-0.76104,79.126,261.0,161.366
2.863713263000463,0.78473,0.65126,8.65843,-0.03573,2.71965,-0.6279,-4.07162,1.81039,4.33311,-0.2067,1.54942,-0.78468,79.038,261.0,157.0
2.8687132630004633,1.02898,0.62747,8.10572,-0.06074,2.40697,-0.62532,-4.76416,1.76051,3.78206,-0.22684,1.41927,-0.80832,78.95,76.177,157.0
2.873713263000463,1.98874,0.43651,7.75666,-0.08575,2.09429,-0.62273,-5.45671,1.71063,3.23102,-0.24698,1.28912,-0.83195,78.862,7.0,157.0
2.878713263000463,3.21636,0.18297,7.48383,-0.11076,1.78161,-0.62015,-6.14925,1.66075,2.67998,-0.26711,1.15896,-0.85559,78.71,7.0,106.111
2.883713263000463,4.44397,-0.07057,7.211,-0.13577,1.46893,-0.61756,-6.8418,1.61087,2.12894,-0.28725,1.02881,-0.87922,78.662,7.0,87.0
2.888713263000463,5.67159,-0.32412,6.93817,-0.16078,1.15624,-0.61498,-7.53434,1.56099,1.5779,-0.30739,0.89866,-0.90286,78.598,3.361,87.0
2.893713263000463,6.89921,-0.57766,6.66534,-0.18579,0.84356,-0.61239,-7.09204,1.44997,1.53662,-0.34683,0.67958,-0.77767,78.51,2.0,87.0
2.898713263000463,7.09004,-0.58659,6.4326,-0.22264,0.57592,-0.47168,-6.22558,1.31609,1.68588,-0.39348,0.42726,-0.59686,78.486,2.0,243.837
2.903713263000463,6.88906,-0.50309,6.215,-0.26396,0.32529,-0.27877,-5.35912,1.18222,1.83514,-0.44014,0.17494,-0.41605,78.486,2.0,303.0
2.908713263000463,6.68808,-0.41958,5.9974,-0.30529,0.07467,-0.08586,-4.49266,1.04834,1.98439,-0.48679,-0.07737,-0.23523,78.486,3.456,303.0
2.913713263000463,6.4871,-0.33607,5.7798,-0.34662,-0.17596,0.10705,-3.6262,0.91447,2.13365,-0.53344,-0.32969,-0.05442,78.486,4.0,303.0
2.918713263000463,6.28612,-0.25257,5.5622,-0.38795,-0.42658,0.29997,-2.75974,0.78059,2.28291,-0.5801,-0.58201,0.12639,78.486,4.0,718.505
2.923713263000463,6.08514,-0.16906,5.34459,-0.42927,-0.67721,0.49288,-1.89328,0.64672,2.43217,-0.62675,-0.83433,0.3072,78.55,4.0,875.0
2.928713263000463,5.88417,-0.08556,5.12699,-0.4706,-0.92783,0.68579,-1.40394,0.54597,2.41577,-0.62373,-0.95193,0.40639,78.574,3.273,875.0
2.933713263000463,5.33183,0.22025,4.93073,-0.47814,-1.04872,0.76723,-1.05728,0.45776,2.3367,-0.60192,-1.01857,0.4747,78.574,3.0,875.0
2.938713263000463,4.64753,0.60955,4.74247,-0.47298,-1.12089,0.8068,-0.71061,0.36955,2.25762,-0.58011,-1.0852,0.54301,78.574,3.0,872.819
2.943713263000463,3.96323,0.99885,4.55422,-0.46783,-1.19305,0.84638,-0.36395,0.28134,2.17855,-0.5583,-1.15184,0.61132,78.574,3.0,872.0
2.948713263000463,3.27893,1.38815,4.36596,-0.46268,-1.26522,0.88596,-0.01729,0.19313,2.09948,-0.53649,-1.21848,0.67962,78.638,0.815,872.0
2.953713263000463,2.59462,1.77744,4.17771,-0.45752,-1.33738,0.92553,-0.30534,0.18009,2.14533,-0.51468,-1.28511,0.74793,78.662,0.0,1680.431
2.958713263000463,2.41164,1.89779,4.24951,-0.45237,-1.40954,0.96511,-0.82887,0.19496,2.23753,-0.49287,-1.35175,0.81624,78.662,0.0,1982.0
2.963713263000463,2.41604,1.9176,4.41852,-0.44722,-1.48171,1.00468,-1.35241,0.20982,2.32972,-0.47106,-1.41839,0.88455,78.662,0.0,1982.0
2.968713263000463,2.42044,1.93741,4.58752,-0.44206,-1.55387,1.04426,-1.87595,0.22469,2.42192,-0.44925,-1.48502,0.95286,78.662,2.182,1982.0
2.9737132630004632,2.42484,1.95723,4.75653,-0.43691,-1.62604,1.08383,-2.39948,0.23955,2.51412,-0.42744,-1.55166,1.02116,78.726,3.0,1982.0
2.978713263000463,2.42924,1.97704,4.92553,-0.43176,-1.6982,1.12341,-2.92302,0.25441,2.60632,-0.4084,-1.68416,1.05463,78.75,3.0,3077.805
2.983713263000463,2.43363,1.99685,5.09454,-0.41213,-1.82452,1.1588,-3.44656,0.26928,2.69852,-0.39041,-1.84127,1.07508,78.814,3.0,3489.0
2.988713263000463,2.43803,2.01667,5.26354,-0.38707,-1.97118,1.19261,-3.66858,0.33942,2.77606,-0.37241,-1.99838,1.09553,78.838,3.0,3489.0
2.993713263000463,2.33716,2.03716,5.42787,-0.362,-2.11785,1.22643,-3.77784,0.43024,2.84813,-0.35442,-2.15549,1.11598,78.838,3.0,4589.343
2.998713263000463,2.19684,2.0579,5.59044,-0.33694,-2.26451,1.26024,-3.88711,0.52105,2.92019,-0.33642,-2.3126,1.13643,78.902,4.452,5008.0
3.003713263000463,2.05652,2.07865,5.75302,-0.31187,-2.41118,1.29406,-3.99637,0.61187,2.99226,-0.31842,-2.46971,1.15687,78.926,5.0,5008.0
3.008713263000463,1.9162,2.0994,5.91559,-0.28681,-2.55784,1.32787,-4.10563,0.70269,3.06432,-0.30043,-2.62682,1.17732,78.926,5.0,6158.215
3.013713263000463,1.77588,2.12014,6.07816,-0.26174,-2.70451,1.36169,-4.2149,0.7935,3.13639,-0.28986,-2.7443,1.19166,78.99,5.0,6590.0
3.018713263000463,1.63556,2.14089,6.24074,-0.23668,-2.85117,1.3955,-4.32416,0.88432,3.20845,-0.28208,-2.84691,1.20371,79.078,5.0,6590.0
3.023713263000463,1.49523,2.16163,6.40331,-0.22954,-2.95399,1.41056,-4.15978,0.88662,3.55664,-0.2743,-2.94952,1.21575,79.102,3.544,6590.0
3.028713263000463,1.35491,2.18238,6.56589,-0.22911,-3.04038,1.4186,-3.89286,0.85576,4.00828,-0.26652,-3.05212,1.2278,79.102,3.0,7718.599
3.033713263000463,1.0865,2.1413,6.9493,-0.22869,-3.12677,1.42663,-3.62595,0.82489,4.45992,-0.25874,-3.15473,1.23984,79.166,3.0,8140.0
3.038713263000463,0.77023,2.07712,7.41519,-0.22826,-3.21316,1.43466,-3.35904,0.79403,4.91156,-0.25096,-3.25733,1.25188,79.189,3.726,8140.0
3.043713263000463,0.45397,2.01294,7.88108,-0.22784,-3.29955,1.44269,-3.09212,0.76317,5.3632,-0.24319,-3.35994,1.26393,79.253,4.0,8140.0
3.048713263000463,0.13771,1.94877,8.34698,-0.22742,-3.38594,1.45072,-3.15481,0.82659,5.69395,-0.2382,-3.43606,1.21933,79.277,4.0,9320.132
3.053713263000463,-0.17855,1.88459,8.81287,-0.22699,-3.47233,1.45875,-3.34187,0.92559,5.97909,-0.23427,-3.5022,1.15337,79.277,4.0,9763.0
3.058713263000463,-0.49481,1.82041,9.27876,-0.22657,-3.55871,1.46679,-3.52894,1.02459,6.26423,-0.23034,-3.56833,1.0874,79.341,4.0,9763.0
3.063713263000463,-0.74778,1.85158,9.59708,-0.23009,-3.62511,1.40306,-3.716,1.1236,6.54937,-0.22641,-3.63446,1.02143,79.429,4.0,10303.815
3.068713263000463,-0.97681,1.9188,9.85961,-0.2351,-3.68394,1.3122,-3.90306,1.2226,6.83451,-0.22248,-3.70059,0.95546,79.453,4.0,10507.0
3.073713263000463,-1.20585,1.98602,10.12213,-0.24012,-3.74277,1.22134,-4.09013,1.3216,7.11965,-0.21855,-3.76672,0.8895,79.453,3.274,10507.0
3.078713263000463,-1.43488,2.05323,10.38466,-0.24513,-3.8016,1.13048,-4.27719,1.4206,7.40479,-0.21463,-3.83285,0.82353,79.516,3.0,10507.0
3.083713263000463,-1.66392,2.12045,10.64718,-0.25014,-3.86043,1.03962,-4.3147,1.49781,7.68605,-0.21184,-3.88303,0.77995,79.541,3.0,10734.613
3.088713263000463,-1.89295,2.18767,10.90971,-0.25516,-3.91926,0.94876,-4.2932,1.56642,7.96578,-0.2095,-3.92693,0.74521,79.541,3.0,10821.0
3.093713263000463,-2.12199,2.25488,11.17223,-0.26017,-3.97809,0.8579,-4.27171,1.63503,8.24551,-0.20717,-3.97082,0.71048,79.541,5.177,10821.0
3.098713263000463,-2.10342,2.33384,11.69351,-0.2572,-4.02463,0.80864,-4.25021,1.70364,8.52524,-0.20483,-4.01471,0.67574,79.541,6.0,10821.0
3.103713263000463,-1.99057,2.41726,12.3133,-0.25119,-4.0665,0.77521,-4.22872,1.77225,8.80497,-0.20249,-4.0586,0.641,79.541,6.0,10871.13
3.108713263000463,-1.87772,2.50068,12.93309,-0.24517,-4.10836,0.74178,-4.08235,1.86144,9.03036,-0.20016,-4.1025,0.60626,79.541,6.0,10890.0
3.113713263000463,-1.76488,2.5841,13.55289,-0.23916,-4.15023,0.70835,-3.88898,1.95839,9.23529,-0.19782,-4.14639,0.57152,79.541,4.545,10890.0
3.118713263000463,-1.80252,2.72897,13.9114,-0.23315,-4.19209,0.67492,-3.69561,2.05533,9.44021,-0.19548,-4.19028,0.53678,79.541,4.0,10749.936
3.123713263000463,-1.8965,2.89684,14.17209,-0.22714,-4.23396,0.6415,-3.50223,2.15227,9.64514,-0.19315,-4.23418,0.50204,79.605,4.0,10697.0
3.128713263000463,-1.99048,3.06471,14.43279,-0.22112,-4.27583,0.60807,-3.30886,2.24922,9.85007,-0.19081,-4.27807,0.4673,79.629,2.547,10697.0
3.133713263000463,-2.08446,3.23258,14.69349,-0.21511,-4.31769,0.57464,-3.11548,2.34616,10.055,-0.1748,-4.30511,0.42116,79.629,2.0,10697.0
3.138713263000463,-2.17844,3.40045,14.95418,-0.19533,-4.33998,0.53023,-2.92211,2.44311,10.25993,-0.15364,-4.3258,0.37072,79.629,2.0,10697.0
3.143713263000463,-2.27242,3.56832,15.21488,-0.16996,-4.35434,0.48136,-2.72873,2.54005,10.46486,-0.13247,-4.34649,0.32029,79.629,2.0,10599.505
3.148713263000463,-2.3664,3.73619,15.47558,-0.14459,-4.3687,0.43249,-2.76621,2.58358,10.57264,-0.11131,-4.36719,0.26985,79.629,3.453,10562.0
3.153713263000463,-2.54125,3.86186,15.57764,-0.11922,-4.38306,0.38363,-2.89001,2.60714,10.64409,-0.09015,-4.38788,0.21941,79.566,4.0,10195.065
3.158713263000463,-2.74659,3.97161,15.61987,-0.09386,-4.39742,0.33476,-3.01381,2.63071,10.71554,-0.06898,-4.40857,0.16898,79.605,4.0,10051.0
3.163713263000463,-2.95194,4.08137,15.66211,-0.06849,-4.41178,0.28589,-3.13761,2.65427,10.787,-0.04782,-4.42927,0.11854,79.565,4.0,10051.0
3.168713263000463,-3.15729,4.19112,15.70434,-0.04312,-4.42614,0.23703,-3.26141,2.67783,10.85845,-0.02666,-4.44996,0.0681,79.541,3.273,10051.0
3.173713263000463,-3.36263,4.30088,15.74658,-0.01776,-4.4405,0.18816,-3.27579,2.72667,10.96251,0.00943,-4.44311,-0.01663,79.541,3.0,9679.507
3.178713263000463,-3.56798,4.41063,15.78881,0.00761,-4.45486,0.13929,-3.24919,2.78498,11.07878,0.0511,-4.42594,-0.11421,79.541,3.0,9540.0
3.183713263000463,-3.77333,4.52039,15.83105,0.04349,-4.4431,0.05029,-3.2226,2.84329,11.19506,0.09277,-4.40878,-0.21179,79.541,2.274,9540.0
3.188713263000463,-3.97867,4.63014,15.87328,0.08333,-4.42153,-0.05382,-3.196,2.90159,11.31133,0.13444,-4.39162,-0.30937,79.541,2.0,9540.0
3.193713263000463,-4.13998,4.54388,15.99577,0.12317,-4.39995,-0.15793,-3.16941,2.9599,11.4276,0.17611,-4.37445,-0.40695,79.541,2.0,8975.61
3.198713263000463,-4.28478,4.38418,16.14831,0.163,-4.37837,-0.26204,-3.14281,3.01821,11.54387,0.21778,-4.35729,-0.50453,79.541,4.183,8764.0
3.2037132630004628,-4.42959,4.22448,16.30086,0.20284,-4.3568,-0.36615,-3.11622,3.07651,11.66014,0.25946,-4.34012,-0.60211,79.541,5.0,8764.0
3.208713263000463,-4.5744,4.06478,16.4534,0.24267,-4.33522,-0.47026,-3.08962,3.13482,11.77641,0.30113,-4.32296,-0.69969,79.477,5.0,8229.762
3.213713263000463,-4.7192,3.90508,16.60595,0.28251,-4.31365,-0.57437,-2.96187,3.04352,12.04717,0.3192,-4.28606,-0.77099,79.453,5.0,8030.0
3.218713263000463,-4.86401,3.74538,16.7585,0.32235,-4.29207,-0.67848,-2.79627,2.89625,12.37572,0.32845,-4.24179,-0.83245,79.517,5.0,8030.0
3.223713263000463,-4.98506,3.37601,16.84985,0.34675,-4.23856,-0.75249,-2.63067,2.74899,12.70428,0.3377,-4.19751,-0.89392,79.477,5.0,8030.0
3.228713263000463,-5.09719,2.92774,16.91818,0.36535,-4.17304,-0.81518,-2.46507,2.60172,13.03283,0.34695,-4.15324,-0.95538,79.517,5.0,7989.341
3.233713263000463,-5.20931,2.47947,16.98652,0.38394,-4.10752,-0.87787,-2.17852,2.34503,13.17983,0.3562,-4.10896,-1.01684,79.541,5.0,7974.0
3.238713263000463,-5.32143,2.0312,17.05485,0.40254,-4.042,-0.94055,-1.84621,2.04694,13.25814,0.36545,-4.06469,-1.07831,79.541,4.273,7974.0
3.243713263000463,-5.43356,1.58293,17.12318,0.42114,-3.97648,-1.00324,-1.51391,1.74885,13.33645,0.3747,-4.02041,-1.13977,79.541,4.0,7974.0
3.248713263000463,-5.54568,1.13466,17.19152,0.43973,-3.91096,-1.06593,-1.18161,1.45076,13.41476,0.38395,-3.97614,-1.20123,79.541,4.0,8483.309
3.253713263000463,-6.04863,0.79093,16.88196,0.44319,-3.77692,-1.04039,-0.8493,1.15267,13.49307,0.3932,-3.93186,-1.2627,79.541,4.0,8675.0
3.258713263000463,-6.69839,0.48646,16.43045,0.44095,-3.61713,-0.9817,-0.517,0.85458,13.57138,0.39722,-3.78336,-1.22577,79.541,3.273,8675.0
3.263713263000463,-7.34814,0.182,15.97894,0.43872,-3.45734,-0.92302,-0.18469,0.55649,13.64969,0.39928,-3.59579,-1.15196,79.605,3.0,8675.0
3.268713263000463,-7.9979,-0.12246,15.52743,0.43648,-3.29755,-0.86434,-0.03646,0.34187,13.46125,0.40135,-3.40821,-1.07815,79.629,3.0,9007.537
3.273713263000463,-8.64766,-0.42692,15.07592,0.43425,-3.13777,-0.80565,0.04251,0.15865,13.17247,0.40341,-3.22063,-1.00433,79.629,3.0,9132.0
3.278713263000463,-9.52073,-0.34194,14.39261,0.43201,-2.97798,-0.74697,0.12149,-0.02457,12.88368,0.40548,-3.03305,-0.93052,79.629,4.456,9132.0
3.283713263000463,-10.47736,-0.11126,13.62259,0.42978,-2.81819,-0.68829,0.20046,-0.20779,12.5949,0.40754,-2.84547,-0.8567,79.629,5.0,9132.0
3.288713263000463,-11.43398,0.11942,12.85256,0.42754,-2.6584,-0.6296,0.27944,-0.39101,12.30611,0.4096,-2.65789,-0.78289,79.629,5.0,9716.339
3.293713263000463,-12.39061,0.35011,12.08254,0.42531,-2.49862,-0.57092,0.35842,-0.57423,12.01733,0.40777,-2.38948,-0.71621,79.629,5.0,9935.0
3.298713263000463,-13.34723,0.58079,11.31251,0.42106,-2.23396,-0.51067,0.43739,-0.75745,11.72854,0.40447,-2.0908,-0.6522,79.629,3.545,9935.0
3.303713263000463,-14.30386,0.81147,10.54249,0.41606,-1.92995,-0.44984,0.51637,-0.94067,11.43976,0.40117,-1.79212,-0.58818,79.629,3.0,9935.0
3.308713263000463,-15.26048,1.04216,9.77246,0.41106,-1.62594,-0.38901,0.33201,-0.90132,11.45651,0.39787,-1.49344,-0.52417,79.693,3.0,9953.897
3.313713263000463,-15.61483,0.77129,9.59602,0.40605,-1.32194,-0.32818,0.04902,-0.77862,11.58771,0.39457,-1.19477,-0.46016,79.717,2.274,9961.0
3.318713263000463,-15.74253,0.31167,9.64296,0.40105,-1.01793,-0.26735,-0.23397,-0.65591,11.7189,0.39127,-0.89609,-0.39615,79.717,2.0,9961.0
3.323713263000463,-15.87023,-0.14795,9.6899,0.39605,-0.71392,-0.20652,-0.51697,-0.53321,11.85009,0.38798,-0.59741,-0.33214,79.717,2.0,10355.791
3.3287132630004628,-15.99792,-0.60757,9.73685,0.39105,-0.40991,-0.14569,-0.79996,-0.4105,11.98129,0.38468,-0.29873,-0.26813,79.717,2.0,10512.0
3.333713263000463,-16.12562,-1.06718,9.78379,0.38604,-0.10591,-0.08486,-0.58752,-0.68428,12.59404,0.35735,-0.01442,-0.07413,79.653,5.633,10512.0
3.338713263000463,-16.25332,-1.5268,9.83073,0.33479,0.17316,0.03732,-0.18929,-1.10674,13.38738,0.32101,0.26451,0.16861,79.629,7.0,10512.0
3.343713263000463,-16.38101,-1.98642,9.87768,0.2661,0.44284,0.18261,0.20893,-1.52919,14.18072,0.28467,0.54343,0.41135,79.566,7.0,14504.645
3.348713263000463,-16.50871,-2.44604,9.92462,0.19741,0.71251,0.3279,0.60716,-1.95165,14.97405,0.24833,0.82236,0.65409,79.478,7.0,16073.0
3.353713263000463,-15.41901,-2.59481,10.69848,0.12873,0.98218,0.4732,1.00538,-2.37411,15.76739,0.21199,1.10128,0.89683,79.453,4.102,16073.0
3.358713263000463,-13.84644,-2.62029,11.76066,0.06004,1.25186,0.61849,1.40361,-2.79656,16.56072,0.17565,1.38021,1.13957,79.389,3.0,20985.957
3.363713263000463,-12.27387,-2.64578,12.82284,-0.00865,1.52153,0.76378,1.80183,-3.21902,17.35406,0.13931,1.65913,1.38231,79.237,3.0,22827.0
3.368713263000463,-10.7013,-2.67126,13.88502,-0.07734,1.7912,0.90907,2.20006,-3.64147,18.14739,0.10296,1.93806,1.62505,79.189,3.0,22827.0
3.373713263000463,-9.12873,-2.69674,14.9472,-0.14602,2.06088,1.05436,2.17,-3.05686,17.10866,0.08697,2.00037,1.57419,79.062,3.0,22827.0
3.378713263000463,-7.55616,-2.72222,16.00938,-0.21471,2.33055,1.19966,1.97923,-2.09433,15.38241,0.0786,1.98139,1.41316,78.886,3.0,22827.0
3.383713263000463,-5.44096,-2.48804,15.35803,-0.24865,2.41191,1.11635,1.78846,-1.13179,13.65615,0.07023,1.96241,1.25212,78.774,3.0,24455.929
3.388713263000463,-3.11977,-2.15529,14.05621,-0.26939,2.42178,0.94627,1.59769,-0.16926,11.9299,0.06187,1.94344,1.09108,78.75,3.0,25069.0
3.393713263000463,-0.79857,-1.82253,12.75439,-0.29014,2.43165,0.77619,1.40691,0.79327,10.20365,0.0535,1.92446,0.93004,78.494,1.546,25069.0
3.398713263000463,1.52262,-1.48978,11.45258,-0.31088,2.44153,0.60611,1.26665,1.10619,9.6193,0.04514,1.90548,0.76901,78.271,1.0,25069.0
3.403713263000463,2.13335,-1.19489,11.06543,-0.33163,2.4514,0.43602,1.14538,1.175,9.46405,0.03677,1.8865,0.60797,78.095,1.0,25587.453
3.408713263000463,2.09988,-0.91425,11.02277,-0.35238,2.46127,0.26594,1.0241,1.24381,9.30879,0.0284,1.86752,0.44693,77.983,1.0,25782.0
3.413713263000463,2.06642,-0.63361,10.98011,-0.37312,2.47114,0.09586,0.90282,1.31261,9.15354,0.02004,1.84854,0.28589,77.895,3.911,25782.0
3.418713263000463,2.03295,-0.35297,10.93745,-0.39387,2.48102,-0.07422,0.78154,1.38142,8.99829,0.025,1.80313,0.19179,77.807,5.0,25782.0
3.423713263000463,1.99948,-0.07233,10.8948,-0.41461,2.49089,-0.2443,0.66026,1.45023,8.84304,0.03494,1.74785,0.1227,77.783,5.0,26083.689
3.428713263000463,1.96602,0.20831,10.85214,-0.34417,2.36297,-0.27282,0.53899,1.51904,8.68779,0.04488,1.69257,0.0536,77.783,5.0,26197.0
3.4337132630004628,1.93255,0.48895,10.80948,-0.23941,2.1832,-0.24804,0.41771,1.58785,8.53253,0.05482,1.63728,-0.0155,77.783,3.545,26197.0
3.438713263000463,1.89908,0.76959,10.76682,-0.13464,2.00343,-0.22327,0.29643,1.65665,8.37728,0.06476,1.582,-0.0846,77.783,3.0,26197.0
3.443713263000463,1.86562,1.05023,10.72416,-0.02988,1.82365,-0.1985,0.24034,1.26174,8.32477,0.0699,1.52989,-0.13216,77.783,3.0,26002.945
3.448713263000463,1.83215,1.33087,10.6815,0.07489,1.64388,-0.17373,0.20872,0.69267,8.31084,0.07322,1.47898,-0.17163,77.783,3.0,25930.0
3.4537132630004628,1.82596,1.30336,10.83525,0.11053,1.5155,-0.17419,0.17711,0.1236,8.29691,0.07655,1.42807,-0.2111,77.847,3.0,25930.0
3.458713263000463,1.83065,1.15303,11.06729,0.11861,1.40761,-0.18471,0.1455,-0.44547,8.28298,0.07988,1.37716,-0.25058,77.871,3.0,25930.0
3.463713263000463,1.83534,1.00271,11.29932,0.1267,1.29972,-0.19522,0.11388,-1.01454,8.26906,0.0832,1.32625,-0.29005,77.935,3.0,26129.726
3.468713263000463,1.84003,0.85238,11.53136,0.13478,1.19183,-0.20574,-0.38842,-0.78073,8.46719,0.08653,1.27533,-0.32953,78.023,3.0,26206.0
3.473713263000463,1.84471,0.70205,11.76339,0.14287,1.08394,-0.21625,-1.06626,-0.2475,8.74442,0.08986,1.22442,-0.369,78.111,2.272,26206.0
3.478713263000463,1.73537,0.82754,11.84978,0.15095,0.97605,-0.22677,-1.7441,0.28573,9.02164,0.09319,1.17351,-0.40847,78.199,2.0,26206.0
3.483713263000463,1.5833,1.05641,11.88158,0.15904,0.86816,-0.23729,-2.42194,0.81896,9.29887,0.09651,1.1226,-0.44795,78.223,2.0,25941.964
3.488713263000463,1.43122,1.28528,11.91338,0.16712,0.76027,-0.2478,-3.09979,1.3522,9.5761,0.09984,1.07169,-0.48742,78.287,2.0,25843.0
3.493713263000463,1.27915,1.51414,11.94518,0.17521,0.65238,-0.25832,-3.00032,1.76845,9.55973,0.09057,1.01385,-0.49886,78.374,4.182,25843.0
3.498713263000463,1.12707,1.74301,11.97698,0.16545,0.5904,-0.25094,-2.61103,2.14109,9.4339,0.07661,0.95344,-0.49984,78.398,5.0,25843.0
3.503713263000463,0.97499,1.97188,12.00878,0.14899,0.54569,-0.23683,-2.22174,2.51374,9.30806,0.06265,0.89302,-0.50082,78.462,5.0,26002.515
3.508713263000463,0.82292,2.20074,12.04058,0.13252,0.50098,-0.22272,-1.83246,2.88638,9.18223,0.04869,0.83261,-0.50181,78.55,5.0,26062.0
3.513713263000463,0.86875,2.27434,11.77163,0.11606,0.45627,-0.20861,-1.44317,3.25902,9.05639,0.03473,0.7722,-0.50279,78.638,2.817,26062.0
3.518713263000463,0.98896,2.28958,11.38963,0.09959,0.41155,-0.1945,-0.87797,3.15145,9.05476,0.02077,0.71178,-0.50377,78.726,2.0,25952.059
3.523713263000463,1.10917,2.30483,11.00763,0.08313,0.36684,-0.1804,-0.24711,2.86461,9.0995,0.00682,0.65137,-0.50475,78.814,2.0,25911.0
3.528713263000463,1.22939,2.32007,10.62563,0.06666,0.32213,-0.16629,0.38375,2.57778,9.14423,-0.00714,0.59095,-0.50574,78.902,5.641,25911.0
3.533713263000463,1.3496,2.33531,10.24363,0.0502,0.27742,-0.15218,1.01461,2.29095,9.18896,-0.0211,0.53054,-0.50672,78.989,7.0,25911.0
3.5387132630004627,1.33676,2.24644,10.16378,0.04704,0.25453,-0.14143,1.64547,2.00412,9.23369,-0.00601,0.50732,-0.45432,79.078,7.0,25958.246
3.543713263000463,1.27295,2.11769,10.19969,0.04899,0.24,-0.13197,2.27633,1.71728,9.27843,0.02022,0.49836,-0.38146,79.165,7.0,25976.0
3.548713263000463,1.20913,1.98894,10.2356,0.05094,0.22547,-0.1225,2.9072,1.43045,9.32316,0.04645,0.4894,-0.3086,79.253,4.097,25976.0
3.553713263000463,1.14532,1.86019,10.27151,0.05289,0.21094,-0.11304,2.77218,1.26065,9.37309,0.07268,0.48043,-0.23574,79.341,3.0,25976.0
3.5587132630004628,1.0815,1.73144,10.30742,0.05484,0.19641,-0.10358,2.35193,1.13442,9.42496,0.09891,0.47147,-0.16289,79.429,3.0,26043.692
3.563713263000463,1.01769,1.60269,10.34333,0.05678,0.18188,-0.09411,1.93168,1.0082,9.47683,0.10806,0.46076,-0.14338,79.453,3.0,26069.0
3.568713263000463,0.95387,1.47394,10.37924,0.05873,0.16735,-0.08465,1.51143,0.88198,9.5287,0.11083,0.44938,-0.14382,79.517,553.201,26069.0
3.573713263000463,0.88501,1.40194,10.41378,0.06148,0.15973,-0.08138,1.09118,0.75576,9.58057,0.11359,0.43801,-0.14425,79.605,759.0,26173.858
3.5787132630004628,0.81427,1.35113,10.44782,0.06453,0.15469,-0.08044,0.67093,0.62954,9.63243,0.11635,0.42664,-0.14469,79.629,759.0,26213.0
3.583713263000463,0.74353,1.30032,10.48186,0.06758,0.14965,-0.07949,0.25069,0.50332,9.6843,0.11912,0.41527,-0.14513,79.757,759.0,26213.0
3.588713263000463,0.67278,1.24951,10.51589,0.07063,0.14462,-0.07854,0.23636,0.58305,9.74103,0.12188,0.4039,-0.14557,79.805,1749.748,26213.0
3.593713263000463,0.60204,1.1987,10.54993,0.07368,0.13958,-0.07759,0.37407,0.73991,9.79957,0.12465,0.39253,-0.14601,79.869,2120.0,26247.965
3.598713263000463,0.55957,1.24069,10.57738,0.07673,0.13454,-0.07664,0.51178,0.89678,9.85811,0.12741,0.38116,-0.14645,79.957,2120.0,26261.0
3.603713263000463,0.52764,1.31727,10.60238,0.07977,0.1295,-0.0757,0.64949,1.05365,9.91665,0.13017,0.36979,-0.14689,80.044,2120.0,26261.0
3.608713263000463,0.49571,1.39385,10.62738,0.08282,0.12446,-0.07475,0.78721,1.21052,9.97519,0.13294,0.35842,-0.14733,80.068,2683.438,26261.0
3.613713263000463,0.46377,1.47043,10.65238,0.08587,0.11942,-0.0738,0.92492,1.36739,10.03374,0.1357,0.34704,-0.14777,80.132,2894.0,26261.0
3.618713263000463,0.43184,1.54701,10.67738,0.08892,0.11438,-0.07285,0.9313,1.50117,10.10467,0.12804,0.33812,-0.14078,80.156,2894.0,26295.219
3.623713263000463,0.39991,1.62359,10.70237,0.08315,0.11445,-0.07075,0.88849,1.62631,10.18025,0.11648,0.33011,-0.13101,80.22,2894.0,26308.0
3.628713263000463,0.36798,1.70017,10.72737,0.07409,0.11642,-0.06822,0.84568,1.75145,10.25582,0.10492,0.32211,-0.12124,80.244,3828.195,26308.0
3.633713263000463,0.33118,1.71491,10.74614,0.06502,0.1184,-0.06569,0.80287,1.87659,10.3314,0.09336,0.3141,-0.11147,80.308,4177.0,26187.21
3.638713263000463,0.29256,1.70654,10.76259,0.05596,0.12038,-0.06316,0.76006,2.00172,10.40697,0.0818,0.3061,-0.1017,80.332,4177.0,26142.0
3.6437132630004627,0.25394,1.69817,10.77903,0.0469,0.12235,-0.06063,0.71725,2.12686,10.48255,0.07024,0.29809,-0.09193,80.396,4177.0,26142.0
3.648713263000463,0.21533,1.6898,10.79547,0.03784,0.12433,-0.05811,0.67445,2.252,10.55812,0.05868,0.29008,-0.08216,80.42,4241.795,26142.0
3.653713263000463,0.17671,1.68143,10.81192,0.02877,0.12631,-0.05558,0.60103,2.22286,10.55551,0.05355,0.28857,-0.07578,80.484,4266.0,26142.0
3.658713263000463,0.13809,1.67306,10.82836,0.0245,0.12409,-0.05356,0.51617,2.13607,10.52367,0.05083,0.2895,-0.07068,80.572,4266.0,26203.841
3.6637132630004627,0.09948,1.66469,10.84481,0.02203,0.12029,-0.05173,0.43131,2.04927,10.49183,0.0481,0.29042,-0.06557,80.596,4266.0,26227.0
3.668713263000463,0.06086,1.65632,10.86125,0.01956,0.11649,-0.0499,0.34646,1.96248,10.46,0.04538,0.29134,-0.06046,80.66,4588.791,26227.0
3.673713263000463,0.01405,1.6503,10.85315,0.01709,0.11268,-0.04808,0.2616,1.87568,10.42816,0.04265,0.29226,-0.05536,80.747,4710.0,26114.314
3.678713263000463,-0.03585,1.64517,10.83581,0.01462,0.10888,-0.04625,0.33303,1.79575,10.41067,0.03993,0.29318,-0.05025,80.771,4710.0,26072.0
3.6837132630004628,-0.08575,1.64004,10.81846,0.01215,0.10508,-0.04443,0.46309,1.71839,10.39857,0.03721,0.29411,-0.04514,80.835,5003.739,26072.0
3.688713263000463,-0.13564,1.6349,10.80112,0.00968,0.10128,-0.0426,0.59315,1.64104,10.38647,0.03448,0.29503,-0.04004,80.923,5114.0,26072.0
3.693713263000463,-0.18554,1.62977,10.78377,0.00721,0.09748,-0.04077,0.72321,1.56368,10.37436,0.03192,0.30439,-0.0386,81.011,5114.0,26072.0
3.698713263000463,-0.23544,1.62464,10.76643,0.00474,0.09368,-0.03895,0.85327,1.48633,10.36226,0.02942,0.3171,-0.03862,81.099,5114.0,26084.379
3.7037132630004628,-0.2355,1.60924,10.75479,0.00241,0.09436,-0.03914,0.98333,1.40897,10.35015,0.02692,0.3298,-0.03864,81.187,5626.092,26089.0
3.708713263000463,-0.21697,1.59001,10.74527,0.00013,0.0967,-0.04009,1.01921,1.40967,10.34835,0.02441,0.34251,-0.03865,81.275,5819.0,25954.057
3.713713263000463,-0.19843,1.57077,10.73575,-0.00215,0.09905,-0.04104,1.01948,1.43986,10.35044,0.02191,0.35522,-0.03867,81.363,5819.0,25903.0
3.718713263000463,-0.1799,1.55154,10.72623,-0.00443,0.1014,-0.04199,1.01975,1.47005,10.35253,0.01941,0.36793,-0.03869,81.451,5819.0,25903.0
3.723713263000463,-0.16137,1.53231,10.71671,-0.00671,0.10374,-0.04294,1.02002,1.50025,10.35463,0.01691,0.38063,-0.03871,81.539,5997.363,25903.0
3.728713263000463,-0.14283,1.51307,10.7072,-0.00899,0.10609,-0.04389,1.02029,1.53044,10.35672,0.01441,0.39334,-0.03873,81.691,6064.0,25903.0
3.733713263000463,-0.1243,1.49384,10.69768,-0.01126,0.10844,-0.04484,1.02056,1.56064,10.35881,0.01191,0.40605,-0.03874,81.802,6064.0,25830.908
3.738713263000463,-0.08849,1.51194,10.68248,-0.01269,0.11675,-0.0483,1.02083,1.59083,10.3609,0.0106,0.42061,-0.04327,81.89,6064.0,25804.0
3.743713263000463,-0.04624,1.54397,10.66516,-0.01379,0.12729,-0.05269,1.0211,1.62103,10.36299,0.00974,0.43586,-0.04948,81.978,6331.097,25804.0
3.7487132630004627,-0.00398,1.576,10.64784,-0.01489,0.13782,-0.05708,1.02137,1.65122,10.36508,0.00888,0.45112,-0.05568,82.066,6431.0,25804.0
3.753713263000463,0.03827,1.60804,10.63052,-0.016,0.14836,-0.06147,1.03766,1.65706,10.36397,0.00802,0.46637,-0.06189,82.154,6431.0,25673.669
3.758713263000463,0.08302,1.60735,10.62547,-0.0171,0.1589,-0.06586,1.05998,1.65375,10.36167,0.00716,0.48162,-0.0681,82.242,6431.0,25625.0
3.763713263000463,0.1287,1.59448,10.62501,-0.01821,0.16944,-0.07025,1.08229,1.65045,10.35936,0.0063,0.49688,-0.07431,82.33,6971.023,25625.0
3.7687132630004627,0.17438,1.5816,10.62454,-0.01931,0.17998,-0.07464,1.10461,1.64714,10.35705,0.00544,0.51213,-0.08051,82.418,7173.0,25625.0
3.773713263000463,0.22006,1.56873,10.62408,-0.02041,0.19051,-0.07903,1.12692,1.64383,10.35474,0.00458,0.52738,-0.08672,82.569,7173.0,25350.361
3.778713263000463,0.26574,1.55586,10.62361,-0.02152,0.20105,-0.08342,1.08483,1.64194,10.35695,0.00317,0.53359,-0.08904,82.617,7173.0,25248.0
3.783713263000463,0.31141,1.54298,10.62315,-0.0228,0.20782,-0.08734,1.01872,1.64057,10.36085,0.00156,0.53642,-0.08991,82.681,7812.64,25248.0
3.7887132630004627,0.35709,1.53011,10.62268,-0.02416,0.21315,-0.09107,0.95262,1.63921,10.36475,-5e-05,0.53925,-0.09077,82.769,8053.0,25163.825
3.793713263000463,0.35293,1.53283,10.61989,-0.02552,0.21849,-0.09481,0.88651,1.63785,10.36865,-0.00167,0.54208,-0.09164,82.921,8053.0,25132.0
3.798713263000463,0.32986,1.54146,10.61622,-0.02687,0.22382,-0.09854,0.8204,1.63648,10.37255,-0.00328,0.54491,-0.0925,82.969,8270.48,25132.0
3.803713263000463,0.30678,1.55009,10.61254,-0.02823,0.22916,-0.10228,0.7543,1.63512,10.37645,-0.0049,0.54774,-0.09337,83.097,8352.0,25132.0
3.8087132630004628,0.28371,1.55872,10.60887,-0.02959,0.2345,-0.10601,0.68819,1.63376,10.38035,-0.00651,0.55057,-0.09424,83.209,8352.0,24758.439
3.813713263000463,0.26064,1.56735,10.6052,-0.03094,0.23983,-0.10975,0.57781,1.59222,10.36329,-0.00649,0.55092,-0.09389,83.232,8352.0,24619.0
3.818713263000463,0.23756,1.57598,10.60152,-0.03076,0.24118,-0.10954,0.45089,1.53569,10.33841,-0.00586,0.55035,-0.09309,83.296,9162.535,24619.0
3.823713263000463,0.21449,1.58461,10.59785,-0.03,0.24105,-0.10787,0.32398,1.47916,10.31353,-0.00524,0.54977,-0.09228,83.448,9473.0,24619.0
3.8287132630004628,0.19142,1.59324,10.59418,-0.02924,0.24091,-0.1062,0.19706,1.42263,10.28865,-0.00461,0.5492,-0.09148,83.56,9473.0,24553.578
3.833713263000463,0.18594,1.58583,10.599,-0.02849,0.24078,-0.10452,0.20572,1.43155,10.29482,-0.00398,0.54863,-0.09068,83.584,10380.702,24529.0
3.838713263000463,0.18709,1.57239,10.60702,-0.02773,0.24064,-0.10285,0.26543,1.46511,10.31269,-0.00335,0.54805,-0.08988,83.712,10721.0,24529.0
3.843713263000463,0.18824,1.55895,10.61505,-0.02697,0.24051,-0.10118,0.32514,1.49866,10.33056,-0.00272,0.54748,-0.08908,83.824,10721.0,24529.0
3.848713263000463,0.1894,1.54551,10.62307,-0.02621,0.24037,-0.09951,0.38485,1.53222,10.34843,-0.00209,0.54691,-0.08828,83.912,10721.0,24350.622
3.8537132630004627,0.19055,1.53207,10.6311,-0.02545,0.24024,-0.09783,0.44456,1.56578,10.36629,-0.00146,0.54634,-0.08748,84.0,10721.0,24284.0
3.858713263000463,0.1917,1.51863,10.63912,-0.0247,0.2401,-0.09616,0.50426,1.59934,10.38416,-0.00249,0.5538,-0.08462,84.087,11431.52,24284.0
3.863713263000463,0.1859,1.53036,10.63831,-0.02604,0.24751,-0.09588,0.56397,1.63289,10.40203,-0.00414,0.56427,-0.08101,84.175,11697.0,24284.0
3.868713263000463,0.1775,1.55149,10.63419,-0.02816,0.25773,-0.09612,0.62368,1.66645,10.4199,-0.00579,0.57474,-0.07739,84.263,11697.0,24133.346
3.8737132630004627,0.1691,1.57263,10.63008,-0.03028,0.26795,-0.09636,0.64591,1.6744,10.43061,-0.00743,0.58521,-0.07377,84.35,11862.798,24077.0
3.878713263000463,0.1607,1.59377,10.62597,-0.03241,0.27818,-0.09659,0.65414,1.67277,10.43864,-0.00908,0.59567,-0.07015,84.439,11927.0,24077.0
3.883713263000463,0.15231,1.61491,10.62185,-0.03453,0.2884,-0.09683,0.66236,1.67114,10.44668,-0.01073,0.60614,-0.06653,84.591,11927.0,23699.281
3.888713263000463,0.14391,1.63605,10.61774,-0.03666,0.29863,-0.09707,0.67058,1.66951,10.45472,-0.01237,0.61661,-0.06292,84.703,11927.0,23558.0
3.8937132630004627,0.12356,1.63028,10.61889,-0.0394,0.31039,-0.09731,0.6788,1.66788,10.46275,-0.01402,0.62708,-0.0593,84.79,12519.46,23558.0
3.898713263000463,0.09873,1.61441,10.62202,-0.04238,0.32273,-0.09755,0.65828,1.67476,10.47079,-0.01749,0.63991,-0.05514,84.878,12742.0,23558.0
3.903713263000463,0.0739,1.59854,10.62515,-0.04536,0.33507,-0.09779,0.62697,1.68483,10.47883,-0.02164,0.65362,-0.05077,84.902,12742.0,23297.055
3.908713263000463,0.04906,1.58266,10.62828,-0.04834,0.34741,-0.09803,0.59565,1.6949,10.48687,-0.02579,0.66734,-0.0464,85.03,13093.273,23198.0
3.9137132630004627,0.04009,1.57241,10.61515,-0.05132,0.35975,-0.09826,0.56434,1.70498,10.49492,-0.02994,0.68106,-0.04203,85.142,13225.0,22885.745
3.918713263000463,0.03706,1.56428,10.59593,-0.05429,0.37209,-0.0985,0.53303,1.71505,10.50296,-0.03409,0.69477,-0.03766,85.23,13225.0,22769.0
3.923713263000463,0.03404,1.55614,10.57671,-0.05727,0.38443,-0.09874,0.50171,1.72513,10.511,-0.03824,0.70849,-0.03329,85.318,13632.682,22769.0
3.928713263000463,0.03101,1.548,10.55749,-0.06025,0.39677,-0.09898,0.4704,1.7352,10.51904,-0.04239,0.7222,-0.02892,85.406,13785.0,22769.0
3.9337132630004628,0.02799,1.53987,10.53827,-0.06323,0.40911,-0.09922,0.42711,1.63756,10.47723,-0.04172,0.73211,-0.02854,85.494,13785.0,22766.088
3.938713263000463,0.02497,1.53173,10.51905,-0.06621,0.42145,-0.09946,0.37936,1.49973,10.41682,-0.03927,0.7406,-0.02964,85.582,13785.0,22765.0
3.943713263000463,0.02194,1.52359,10.49983,-0.06171,0.43529,-0.0979,0.3316,1.36191,10.35642,-0.03681,0.74908,-0.03074,85.669,14475.774,22765.0
3.948713263000463,0.01892,1.51545,10.48061,-0.05442,0.44968,-0.09567,0.28385,1.22408,10.29601,-0.03436,0.75757,-0.03185,85.693,14734.0,22765.0
3.9537132630004628,0.01589,1.50732,10.46139,-0.04712,0.46408,-0.09344,0.2361,1.08625,10.23561,-0.0319,0.76605,-0.03295,85.821,14734.0,22681.302
3.9587132630004627,0.01196,1.47762,10.45258,-0.03983,0.47848,-0.09122,0.23801,1.0854,10.23482,-0.02944,0.77454,-0.03405,85.869,14734.0,22650.0
3.963713263000463,0.00769,1.43984,10.44767,-0.03253,0.49288,-0.08899,0.25853,1.13585,10.25637,-0.02699,0.78302,-0.03515,85.869,14734.0,22650.0
3.968713263000463,0.00343,1.40207,10.44276,-0.02524,0.50728,-0.08676,0.27905,1.1863,10.27792,-0.02453,0.79151,-0.03626,85.997,15408.054,22650.0
3.973713263000463,-0.00084,1.36429,10.43785,-0.01795,0.52168,-0.08453,0.29957,1.23676,10.29946,-0.02208,0.79999,-0.03736,86.109,15660.0,22650.0
3.9787132630004627,-0.00511,1.32652,10.43294,-0.01065,0.53607,-0.0823,0.32008,1.28721,10.32101,-0.01962,0.80848,-0.03846,86.197,15660.0,22305.051
3.983713263000463,-0.00938,1.28874,10.42802,-0.01299,0.56268,-0.08201,0.3406,1.33766,10.34256,-0.01716,0.81696,-0.03957,86.221,15660.0,22176.0
3.988713263000463,-0.01365,1.25097,10.42311,-0.01894,0.59385,-0.08245,0.36112,1.38811,10.36411,-0.02674,0.83845,-0.03178,86.285,16136.135,22176.0
3.993713263000463,-0.01792,1.21319,10.4182,-0.02489,0.62503,-0.08288,0.38164,1.43857,10.38565,-0.04083,0.86482,-0.02065,86.309,16314.0,22176.0
3.9987132630004627,-0.07891,1.30896,10.40458,-0.03083,0.6562,-0.08332,0.40216,1.48902,10.4072,-0.05492,0.89118,-0.00953,86.372,16314.0,21389.744
4.003713263000463,-0.16266,1.45831,10.38746,-0.03678,0.68737,-0.08375,0.42268,1.53947,10.42875,-0.06901,0.91755,0.0016,86.396,16314.0,21090.0
4.0087132630004625,-0.24641,1.60766,10.37034,-0.04273,0.71854,-0.08419,0.30725,1.69066,10.42615,-0.07732,0.93366,-0.0023,86.396,16531.671,21090.0
4.013713263000463,-0.33016,1.75701,10.35323,-0.04867,0.74972,-0.08462,0.14078,1.87968,10.41448,-0.08346,0.94592,-0.01183,86.46,16613.0,21090.0
4.018713263000463,-0.37389,1.78901,10.35387,-0.0544,0.78789,-0.08965,-0.02569,2.06871,10.40282,-0.0896,0.95818,-0.02137,86.484,16613.0,20712.222
4.023713263000463,-0.40266,1.77712,10.36117,-0.06005,0.82868,-0.09639,-0.19216,2.25773,10.39115,-0.09574,0.97043,-0.0309,86.484,16613.0,20571.0
4.028713263000463,-0.43142,1.76522,10.36846,-0.06569,0.86947,-0.10314,-0.35863,2.44675,10.37949,-0.10188,0.98269,-0.04044,86.484,17216.569,20571.0
4.033713263000463,-0.46019,1.75332,10.37576,-0.07134,0.91026,-0.10989,-0.33603,2.38588,10.37798,-0.10802,0.99495,-0.04997,86.484,17446.0,20571.0
4.038713263000463,-0.48895,1.74142,10.38305,-0.07699,0.95105,-0.11663,-0.24263,2.23143,10.38027,-0.11416,1.00721,-0.0595,86.484,17446.0,19309.061
4.043713263000463,-0.51771,1.72952,10.39035,-0.08263,0.99184,-0.12338,-0.14923,2.07699,10.38257,-0.12029,1.01947,-0.06904,86.42,17446.0,18837.0
4.0487132630004625,-0.54648,1.71762,10.39765,-0.08828,1.03263,-0.13012,-0.05584,1.92255,10.38486,-0.12643,1.03173,-0.07857,86.396,17550.134,18837.0
4.053713263000463,-0.58458,1.66179,10.4578,-0.09203,1.06502,-0.13095,0.03756,1.76811,10.38715,-0.13257,1.04399,-0.08811,86.396,17589.0,17791.099
4.058713263000463,-0.62616,1.58959,10.53768,-0.09509,1.09427,-0.12957,0.02435,1.68961,10.43209,-0.13364,1.06902,-0.09036,86.396,17589.0,17400.0
4.063713263000463,-0.66775,1.51738,10.61755,-0.09814,1.12352,-0.12819,-0.02876,1.63955,10.49298,-0.13282,1.09882,-0.08988,86.396,18075.607,17400.0
4.068713263000463,-0.70933,1.44517,10.69742,-0.10119,1.15277,-0.12681,-0.08187,1.58948,10.55387,-0.132,1.12863,-0.08939,86.396,18258.0,16945.164
4.073713263000463,-0.78735,1.4387,10.81296,-0.10424,1.18202,-0.12543,-0.13498,1.53941,10.61477,-0.13117,1.15843,-0.08891,86.396,18258.0,16774.0
4.078713263000463,-0.8791,1.457,10.94193,-0.1073,1.21127,-0.12405,-0.18809,1.48935,10.67566,-0.13035,1.18824,-0.08843,86.396,18415.215,16774.0
4.083713263000463,-0.97084,1.4753,11.0709,-0.11035,1.24052,-0.12267,-0.2412,1.43928,10.73655,-0.12952,1.21804,-0.08795,86.396,18474.0,16774.0
4.088713263000463,-1.06259,1.49361,11.19987,-0.1134,1.26977,-0.12129,-0.29431,1.38921,10.79745,-0.1287,1.24784,-0.08747,86.396,18474.0,16217.008
4.0937132630004625,-1.15434,1.51191,11.32883,-0.11645,1.29902,-0.11991,-0.45384,1.43444,10.88134,-0.12892,1.27005,-0.0897,86.333,18474.0,16008.0
4.098713263000463,-1.24609,1.53022,11.4578,-0.11784,1.32374,-0.12358,-0.65313,1.51526,10.97384,-0.12954,1.28941,-0.09295,86.309,18765.018,16008.0
4.103713263000463,-1.33783,1.54852,11.58677,-0.11859,1.34677,-0.12915,-0.85242,1.59609,11.06633,-0.13016,1.30877,-0.09619,86.309,18874.0,16008.0
4.108713263000463,-1.42958,1.56683,11.71574,-0.11935,1.36979,-0.13472,-1.05172,1.67692,11.15882,-0.13078,1.32813,-0.09944,86.309,18874.0,15830.248
4.113713263000463,-1.41032,1.58963,11.75106,-0.1201,1.39281,-0.14029,-1.25101,1.75774,11.25131,-0.1314,1.34749,-0.10268,86.309,18874.0,15763.0
4.118713263000463,-1.34951,1.61411,11.75132,-0.12086,1.41583,-0.14586,-1.22132,1.77069,11.28316,-0.13201,1.36685,-0.10593,86.245,19329.278,15763.0
4.123713263000463,-1.2887,1.6386,11.75159,-0.12161,1.43886,-0.15143,-1.10606,1.75828,11.29233,-0.13263,1.38621,-0.10917,86.221,19499.0,15763.0
4.128713263000463,-1.22789,1.66308,11.75186,-0.12237,1.46188,-0.157,-0.99079,1.74586,11.30151,-0.13325,1.40558,-0.11242,86.221,19499.0,14706.546
4.1337132630004625,-1.16708,1.68756,11.75212,-0.12312,1.4849,-0.16257,-0.87553,1.73344,11.31069,-0.13387,1.42494,-0.11566,86.157,19499.0,14311.0
4.138713263000463,-1.10627,1.71204,11.75239,-0.12388,1.50793,-0.16814,-0.76026,1.72103,11.31987,-0.13193,1.45396,-0.09571,86.133,20411.796,14311.0
4.143713263000463,-1.04546,1.73653,11.75265,-0.12194,1.53877,-0.15965,-0.645,1.70861,11.32904,-0.12903,1.48661,-0.06703,86.069,20754.0,14311.0
4.148713263000463,-0.98465,1.76101,11.75292,-0.11899,1.57254,-0.14591,-0.52974,1.69619,11.33822,-0.12613,1.51927,-0.03834,85.981,20754.0,13574.151
4.153713263000463,-0.93168,1.7806,11.7556,-0.11604,1.6063,-0.13217,-0.44342,1.68456,11.33737,-0.12324,1.55192,-0.00966,85.957,21278.111,13298.0
4.158713263000463,-0.88164,1.79835,11.75919,-0.11309,1.64007,-0.11842,-0.36796,1.67322,11.33277,-0.12034,1.58458,0.01902,85.893,21474.0,13298.0
4.163713263000463,-0.83159,1.81611,11.76278,-0.11014,1.67384,-0.10468,-0.2925,1.66188,11.32816,-0.11774,1.60612,0.02743,85.869,21474.0,10939.568
4.168713263000463,-0.78155,1.83386,11.76637,-0.10719,1.70761,-0.09094,-0.21703,1.65054,11.32356,-0.11526,1.6235,0.02824,85.805,21474.0,10054.0
4.1737132630004625,-0.73151,1.85162,11.76996,-0.10424,1.74138,-0.0772,-0.14157,1.6392,11.31895,-0.11278,1.64089,0.02905,85.717,21755.491,10054.0
4.178713263000462,-0.68147,1.86937,11.77355,-0.10129,1.77515,-0.06345,-0.0661,1.62787,11.31434,-0.1103,1.65827,0.02987,85.629,21861.0,10054.0
4.183713263000463,-0.73236,1.86295,11.84158,-0.10278,1.81158,-0.06795,0.00936,1.61653,11.30974,-0.10782,1.67565,0.03068,85.542,21861.0,9196.474
4.188713263000463,-0.82105,1.84749,11.93373,-0.10594,1.84901,-0.07927,-0.04248,1.63906,11.29478,-0.10533,1.69303,0.03149,85.454,21861.0,8875.0
4.193713263000463,-0.90974,1.83202,12.02589,-0.10909,1.88644,-0.09059,-0.14206,1.67429,11.27594,-0.10285,1.71041,0.03231,85.43,12456.124,8875.0
4.198713263000463,-0.99843,1.81655,12.11804,-0.11225,1.92388,-0.10191,-0.24165,1.70952,11.2571,-0.10037,1.7278,0.03312,85.302,8875.0,6586.929
4.203713263000463,-1.07557,1.84392,12.17671,-0.1154,1.96131,-0.11323,-0.34124,1.74475,11.23826,-0.09789,1.74518,0.03393,85.19,8875.0,5725.0
4.208713263000463,-1.14839,1.88733,12.22284,-0.11856,1.99874,-0.12455,-0.44082,1.77998,11.21942,-0.09541,1.76256,0.03475,85.102,19066.492,5725.0
4.213713263000463,-1.22121,1.93073,12.26897,-0.12172,2.03617,-0.13587,-0.54041,1.81521,11.20058,-0.09293,1.77994,0.03556,84.95,22877.0,5725.0
4.2187132630004625,-1.29403,1.97414,12.3151,-0.12487,2.0736,-0.14719,-0.51446,1.78101,11.18614,-0.07969,1.81463,0.02164,84.838,22877.0,4193.664
4.223713263000463,-1.36685,2.01754,12.36124,-0.1176,2.12743,-0.16647,-0.44125,1.72066,11.17336,-0.06241,1.85583,0.00216,84.751,23381.786,3619.0
4.228713263000463,-1.43968,2.06094,12.40737,-0.10642,2.18739,-0.18873,-0.36803,1.66032,11.16058,-0.04512,1.89703,-0.01731,84.599,23571.0,3619.0
4.233713263000463,-1.5175,2.0692,12.42213,-0.09525,2.24736,-0.21099,-0.29482,1.59997,11.1478,-0.02783,1.93823,-0.03678,84.487,23571.0,2430.855
4.238713263000463,-1.59722,2.06421,12.42509,-0.08407,2.30732,-0.23325,-0.22161,1.53963,11.13501,-0.01055,1.97943,-0.05626,84.399,23571.0,1983.0
4.243713263000463,-1.67694,2.05923,12.42804,-0.07289,2.36729,-0.25552,-0.1484,1.47928,11.12223,0.00674,2.02063,-0.07573,84.247,23567.364,1983.0
4.248713263000463,-1.75665,2.05425,12.43099,-0.06171,2.42726,-0.27778,-0.07518,1.41894,11.10945,0.02402,2.06183,-0.0952,84.199,23566.0,1983.0
4.253713263000463,-1.83637,2.04926,12.43394,-0.05054,2.48722,-0.30004,0.06023,1.26177,10.95747,0.04965,2.11934,-0.11092,84.071,23566.0,1448.164
4.2587132630004625,-1.91608,2.04428,12.43689,-0.03936,2.54719,-0.3223,0.21909,1.06811,10.75301,0.07843,2.18299,-0.12522,83.96,23566.0,1247.0
4.263713263000463,-1.9958,2.03929,12.43985,-0.00786,2.64641,-0.33021,0.37795,0.87445,10.54854,0.1072,2.24664,-0.13952,83.872,24014.347,1247.0
4.268713263000463,-2.07551,2.03431,12.4428,0.03134,2.76048,-0.33268,0.5368,0.68078,10.34408,0.13598,2.31029,-0.15382,83.72,24183.0,1247.0
4.273713263000463,-2.15523,2.02932,12.44575,0.07054,2.87456,-0.33515,0.69566,0.48712,10.13962,0.16476,2.37394,-0.16812,83.608,24183.0,1154.812
4.278713263000463,-2.28127,1.94254,12.60729,0.10974,2.98863,-0.33761,0.70523,0.3473,10.24411,0.19353,2.4376,-0.18243,83.456,24183.0,1120.0
4.283713263000463,-2.42483,1.82483,12.82879,0.14894,3.10271,-0.34008,0.65834,0.22784,10.46541,0.22231,2.50125,-0.19673,83.28,24217.885,1120.0
4.288713263000463,-2.56839,1.70712,13.05028,0.17742,3.1737,-0.32933,0.61146,0.10837,10.68671,0.25108,2.5649,-0.21103,83.168,24231.0,1120.0
4.293713263000463,-2.71195,1.58941,13.27178,0.20185,3.22847,-0.31359,0.56458,-0.01109,10.90801,0.27986,2.62855,-0.22533,82.955,24231.0,780.361
4.2987132630004625,-2.8555,1.47171,13.49328,0.22629,3.28324,-0.29785,0.5177,-0.13056,11.12931,0.30538,2.70355,-0.19182,82.753,24231.0,648.0
4.303713263000462,-2.99906,1.354,13.71477,0.25072,3.33801,-0.28211,0.47082,-0.25002,11.3506,0.32962,2.78305,-0.13939,82.513,23637.845,648.0
4.308713263000463,-3.14262,1.23629,13.93627,0.27516,3.39278,-0.26638,0.42393,-0.36948,11.5719,0.35385,2.86255,-0.08696,82.314,23415.0,648.0
4.313713263000463,-3.37638,1.20088,14.15359,0.2996,3.44755,-0.25064,-0.0085,-0.2278,11.61117,0.37808,2.94205,-0.03452,82.202,23415.0,511.299
4.318713263000463,-3.64417,1.19651,14.36935,0.32403,3.50232,-0.2349,-0.58635,0.01238,11.58179,0.40232,3.02154,0.01791,82.05,22138.945,460.0
4.323713263000463,-3.91196,1.19213,14.5851,0.34847,3.55709,-0.21916,-1.1642,0.25256,11.5524,0.38887,3.01868,0.01083,81.81,21660.0,399.701
4.328713263000463,-4.17975,1.18776,14.80085,0.3729,3.61185,-0.20343,-1.74205,0.49274,11.52302,0.36128,2.98488,-0.0186,81.547,21660.0,377.0
4.333713263000463,-4.44754,1.18339,15.0166,0.39734,3.66662,-0.18769,-2.3199,0.73293,11.49363,0.33368,2.95109,-0.04803,81.475,19921.862,377.0
4.338713263000463,-4.71533,1.17902,15.23235,0.42177,3.72139,-0.17195,-2.89776,0.97311,11.46425,0.30608,2.91729,-0.07746,81.156,19260.0,377.0
4.3437132630004625,-4.47819,1.05488,15.14422,0.39884,3.68768,-0.17761,-3.47561,1.21329,11.43486,0.27849,2.88349,-0.10689,80.907,19260.0,241.912
4.348713263000463,-4.04963,0.88535,14.94088,0.35796,3.62042,-0.19139,-4.05346,1.45347,11.40548,0.25089,2.84969,-0.13632,80.731,12866.417,191.0
4.353713263000463,-3.62107,0.71581,14.73755,0.31707,3.55316,-0.20516,-4.34563,1.67573,11.14026,0.2233,2.8159,-0.16575,80.556,10479.0,191.0
4.358713263000463,-3.19251,0.54628,14.53422,0.27619,3.4859,-0.21894,-4.53141,1.89132,10.78721,0.1957,2.7821,-0.19518,80.316,10479.0,291.309
4.363713263000463,-2.76396,0.37674,14.33088,0.2353,3.41864,-0.23271,-4.71719,2.10691,10.43416,0.16811,2.7483,-0.22461,79.989,10479.0,329.0
4.368713263000463,-2.3354,0.20721,14.12755,0.19442,3.35138,-0.24648,-4.90297,2.3225,10.08111,0.14051,2.7145,-0.25404,79.829,5170.272,329.0
4.373713263000463,-1.5686,0.27928,13.21125,0.15023,3.25642,-0.26556,-5.08875,2.53809,9.72806,0.11291,2.68071,-0.28347,79.613,3172.0,329.0
4.378713263000463,-0.67508,0.44188,12.02784,0.10481,3.15108,-0.28663,-4.93528,2.57442,9.18293,0.08564,2.58482,-0.29408,79.349,3172.0,266.501
4.3837132630004625,0.21843,0.60448,10.84442,0.05939,3.04575,-0.30769,-4.65468,2.54357,8.56582,0.05848,2.46566,-0.29765,79.15,922.434,243.0
4.388713263000462,1.11195,0.76708,9.661,0.01397,2.94041,-0.32876,-4.37408,2.51272,7.94872,0.03133,2.3465,-0.30122,78.985,77.0,243.0
4.393713263000463,1.79211,0.69657,9.08461,-0.03145,2.83508,-0.34983,-4.09348,2.48187,7.33161,0.00417,2.22735,-0.30478,78.926,77.0,262.858
4.398713263000463,2.34645,0.4886,8.86613,-0.07687,2.72974,-0.37089,-3.81287,2.45102,6.7145,-0.02298,2.10819,-0.30835,78.862,77.0,271.0
4.403713263000463,2.9008,0.28063,8.64766,-0.12229,2.6244,-0.39196,-3.53227,2.42017,6.0974,-0.05014,1.98903,-0.31191,78.838,26.031,271.0
4.408713263000463,3.45514,0.07267,8.42919,-0.16772,2.51907,-0.41302,-3.25167,2.38932,5.48029,-0.0773,1.86988,-0.31548,78.71,7.0,271.0
4.413713263000463,4.00949,-0.1353,8.21072,-0.21314,2.41373,-0.43409,-4.08677,2.39883,5.00464,-0.1301,1.66844,-0.33859,78.598,7.0,108.056
4.418713263000463,4.56383,-0.34327,7.99225,-0.25856,2.3084,-0.45516,-5.34013,2.42347,4.58201,-0.19251,1.43616,-0.36904,78.574,7.0,47.0
4.4237132630004625,5.11818,-0.55124,7.77378,-0.29499,1.89735,-0.41918,-6.5935,2.44811,4.15939,-0.25492,1.20387,-0.39948,78.51,3.362,47.0
4.428713263000462,5.67252,-0.7592,7.55531,-0.32806,1.37164,-0.3618,-7.84687,2.47276,3.73677,-0.31734,0.97159,-0.42992,78.486,2.0,47.0
4.433713263000463,6.22687,-0.96717,7.33684,-0.36112,0.84592,-0.30443,-9.10024,2.4974,3.31414,-0.37975,0.73931,-0.46037,78.486,2.0,311.952
4.438713263000463,6.16609,-0.90762,7.04512,-0.39419,0.3202,-0.24705,-8.5733,2.43704,3.17124,-0.44216,0.50703,-0.49081,78.55,2.0,411.0
4.443713263000463,5.87511,-0.74794,6.72598,-0.42725,-0.20552,-0.18967,-7.38008,2.34487,3.13302,-0.50458,0.27474,-0.52126,78.574,2.728,411.0
4.448713263000463,5.58412,-0.58827,6.40684,-0.44969,-0.39314,-0.16013,-6.18685,2.2527,3.09479,-0.56699,0.04246,-0.5517,78.574,3.0,411.0
4.453713263000463,5.29314,-0.42859,6.0877,-0.46815,-0.45432,-0.141,-4.99363,2.16053,3.05657,-0.6294,-0.18982,-0.58214,78.638,3.0,846.057
4.458713263000463,5.00215,-0.26892,5.76857,-0.48661,-0.5155,-0.12186,-3.8004,2.06836,3.01835,-0.64981,-0.32258,-0.53235,78.662,3.0,1010.0
4.463713263000463,4.71117,-0.10925,5.44943,-0.50508,-0.57668,-0.10273,-2.60718,1.97619,2.98013,-0.65435,-0.41771,-0.45222,78.662,3.0,1010.0
4.4687132630004625,4.42018,0.05043,5.13029,-0.52354,-0.63787,-0.08359,-1.41396,1.88402,2.94191,-0.65889,-0.51285,-0.3721,78.662,3.0,1010.0
4.473713263000463,4.15686,0.24017,5.04522,-0.542,-0.69905,-0.06446,-1.20932,1.71075,3.036,-0.66342,-0.60798,-0.29197,78.662,3.0,1220.569
4.478713263000463,3.90391,0.4412,5.04796,-0.56046,-0.76023,-0.04533,-1.3755,1.50705,3.17971,-0.66796,-0.70312,-0.21185,78.662,3.728,1299.0
4.483713263000463,3.65095,0.64223,5.05069,-0.57893,-0.82142,-0.02619,-1.54168,1.30336,3.32343,-0.6725,-0.79825,-0.13173,78.726,4.0,1299.0
4.488713263000463,3.398,0.84325,5.05342,-0.59739,-0.8826,-0.00706,-1.70786,1.09966,3.46714,-0.67703,-0.89339,-0.0516,78.75,4.0,1299.0
4.493713263000463,3.14505,1.04428,5.05615,-0.61585,-0.94378,0.01208,-1.92598,1.03313,3.35615,-0.66887,-1.0397,0.02357,78.75,4.0,1369.563
4.498713263000463,2.8921,1.24531,5.05888,-0.63431,-1.00496,0.03121,-2.16362,1.01814,3.14946,-0.65593,-1.20523,0.09688,78.75,4.0,1396.0
4.503713263000463,2.63914,1.44634,5.06161,-0.65278,-1.06615,0.05035,-2.40126,1.00315,2.94276,-0.64299,-1.37076,0.17019,78.814,4.0,1396.0
4.5087132630004625,2.67005,1.55636,5.00709,-0.65216,-1.22465,0.11906,-2.6389,0.98816,2.73607,-0.63005,-1.5363,0.2435,78.838,4.0,2884.796
4.513713263000462,2.8078,1.63213,4.93102,-0.64437,-1.41979,0.20644,-2.87654,0.97318,2.52938,-0.61712,-1.70183,0.31681,78.838,4.0,3445.0
4.518713263000463,2.94555,1.7079,4.85496,-0.63658,-1.61493,0.29381,-3.11418,0.95819,2.32269,-0.60418,-1.86736,0.39012,78.838,4.0,3445.0
4.523713263000463,3.08331,1.78367,4.77889,-0.62878,-1.81007,0.38119,-3.35182,0.9432,2.116,-0.59124,-2.0329,0.46344,78.901,2.567,3445.0
4.528713263000463,3.22106,1.85944,4.70282,-0.62099,-2.00521,0.46857,-3.4133,0.94184,2.09924,-0.58209,-2.1652,0.52471,78.926,2.0,3940.83
4.533713263000463,3.35882,1.9352,4.62675,-0.61319,-2.20035,0.55595,-3.40374,0.94597,2.15909,-0.57446,-2.2841,0.58113,78.926,2.0,4131.0
4.538713263000463,3.25661,2.0466,4.81631,-0.59926,-2.343,0.63287,-3.39417,0.95011,2.21894,-0.56684,-2.40299,0.63755,78.99,3.455,4131.0
4.543713263000463,3.0638,2.17144,5.10616,-0.58301,-2.46583,0.70585,-3.38461,0.95425,2.27878,-0.55921,-2.52189,0.69398,79.078,4.0,4131.0
4.5487132630004625,2.871,2.29628,5.39602,-0.56677,-2.58865,0.77883,-3.37505,0.95839,2.33863,-0.55159,-2.64079,0.7504,79.102,4.0,5362.269
4.553713263000462,2.67819,2.42112,5.68587,-0.55052,-2.71148,0.85181,-3.36549,0.96253,2.39848,-0.54396,-2.75969,0.80682,79.102,4.0,5825.0
4.558713263000463,2.45293,2.43786,6.00762,-0.53427,-2.8343,0.92479,-3.35593,0.96666,2.45832,-0.53633,-2.87858,0.86324,79.166,2.544,5825.0
4.563713263000463,2.21551,2.4141,6.34132,-0.51802,-2.95713,0.99777,-3.34636,0.9708,2.51817,-0.52871,-2.99748,0.91966,79.189,2.0,5825.0
4.568713263000463,1.9781,2.39035,6.67502,-0.50177,-3.07996,1.07075,-3.3368,0.97494,2.57802,-0.52108,-3.11638,0.97609,79.253,2.0,6956.293
4.573713263000463,1.74068,2.36659,7.00872,-0.48553,-3.20278,1.14372,-3.32484,0.94415,2.89349,-0.51391,-3.20618,0.99528,79.277,2.0,7381.0
4.578713263000463,1.50327,2.34283,7.34242,-0.46928,-3.32561,1.2167,-3.31198,0.90024,3.30491,-0.5069,-3.28507,1.00051,79.34,4.154,7381.0
4.583713263000463,1.26585,2.31907,7.67611,-0.46561,-3.41831,1.23089,-3.29911,0.85633,3.71633,-0.4999,-3.36396,1.00573,79.365,5.0,7381.0
4.588713263000463,1.02843,2.29531,8.00981,-0.46697,-3.49897,1.22157,-3.28625,0.81243,4.12775,-0.49289,-3.44284,1.01096,79.429,5.0,9180.082
4.5937132630004625,0.79102,2.27156,8.34351,-0.46834,-3.57963,1.21224,-3.27339,0.76852,4.53917,-0.48589,-3.52173,1.01619,79.453,5.0,9853.0
4.598713263000462,0.50453,2.27765,8.70012,-0.4697,-3.66029,1.20292,-3.37737,0.82733,4.86929,-0.47888,-3.60061,1.02141,79.517,2.821,9853.0
4.603713263000463,0.19959,2.29497,9.06536,-0.47106,-3.74095,1.1936,-3.52532,0.92478,5.16884,-0.47188,-3.6795,1.02664,79.541,2.0,9853.0
4.608713263000463,-0.10535,2.31229,9.43059,-0.47243,-3.82162,1.18428,-3.67326,1.02223,5.46838,-0.46487,-3.75839,1.03186,79.541,2.0,10342.957
4.613713263000463,-0.41029,2.32961,9.79582,-0.47379,-3.90228,1.17496,-3.82121,1.11968,5.76792,-0.45787,-3.83727,1.03709,79.605,2.0,10528.0
4.618713263000463,-0.71523,2.34693,10.16105,-0.47515,-3.98294,1.16563,-3.96915,1.21712,6.06746,-0.45333,-3.91928,0.97807,79.629,4.908,10528.0
4.623713263000463,-1.02017,2.36425,10.52628,-0.47291,-4.06059,1.10904,-4.11709,1.31457,6.367,-0.44971,-4.00247,0.89485,79.629,6.0,10528.0
4.628713263000463,-1.32511,2.38157,10.89151,-0.46932,-4.13712,1.03472,-4.26504,1.41202,6.66654,-0.4461,-4.08566,0.81163,79.692,6.0,11358.542
4.6337132630004625,-1.4043,2.38283,11.28103,-0.46572,-4.21365,0.96039,-4.3943,1.5394,6.99026,-0.44249,-4.16885,0.7284,79.717,6.0,11679.0
4.638713263000462,-1.3954,2.37782,11.68002,-0.46213,-4.29018,0.88607,-4.51629,1.67846,7.32341,-0.43888,-4.25204,0.64518,79.717,3.091,11679.0
4.643713263000463,-1.3865,2.37282,12.07902,-0.45854,-4.36671,0.81174,-4.63827,1.81751,7.65656,-0.43527,-4.33523,0.56196,79.781,2.0,11679.0
4.648713263000463,-1.3776,2.36781,12.47801,-0.45494,-4.44324,0.73742,-4.76025,1.95657,7.98971,-0.43165,-4.41842,0.47874,79.805,2.0,11855.745
4.653713263000463,-1.3687,2.3628,12.87701,-0.45135,-4.51977,0.66309,-4.6133,1.98608,8.2021,-0.42309,-4.47281,0.43639,79.805,2.0,11922.0
4.658713263000463,-1.3598,2.35779,13.276,-0.44775,-4.5963,0.58876,-4.36561,1.97456,8.36926,-0.41268,-4.51641,0.40935,79.805,2.722,11922.0
4.663713263000463,-1.49137,2.45087,13.60864,-0.43712,-4.64072,0.53938,-4.11793,1.96304,8.53642,-0.40227,-4.56001,0.38231,79.869,3.0,11922.0
4.668713263000463,-1.67559,2.58071,13.91641,-0.42385,-4.6731,0.49934,-3.87025,1.95152,8.70358,-0.39185,-4.60361,0.35527,79.893,3.0,11923.455
4.6737132630004625,-1.85981,2.71056,14.22417,-0.41058,-4.70548,0.45929,-3.62257,1.94,8.87074,-0.38144,-4.64721,0.32823,79.893,3.0,11924.0
4.678713263000462,-2.04404,2.8404,14.53194,-0.3973,-4.73786,0.41925,-3.37489,1.92848,9.03789,-0.37103,-4.69081,0.30119,79.829,3.0,11924.0
4.683713263000463,-2.22826,2.97024,14.8397,-0.38403,-4.77024,0.37921,-3.12721,1.91696,9.20505,-0.36061,-4.73442,0.27415,79.869,4.454,11924.0
4.688713263000463,-2.41248,3.10009,15.14746,-0.37076,-4.80262,0.33917,-2.87953,1.90544,9.37221,-0.3502,-4.77802,0.24711,79.829,5.0,11924.0
4.693713263000463,-2.80683,3.29706,15.364,-0.34729,-4.78838,0.29503,-2.82729,1.96322,9.6734,-0.32403,-4.77448,0.21308,79.805,5.0,11060.892
4.698713263000463,-3.2807,3.51945,15.546,-0.31996,-4.7565,0.24933,-2.84902,2.04724,10.02531,-0.29189,-4.7531,0.17642,79.805,4.274,10734.0
4.703713263000463,-3.75457,3.74183,15.72801,-0.29262,-4.72461,0.20363,-2.87075,2.13126,10.37722,-0.25975,-4.73172,0.13975,79.805,4.0,10734.0
4.708713263000463,-4.22844,3.96421,15.91002,-0.26529,-4.69272,0.15793,-2.89248,2.21528,10.72913,-0.22761,-4.71034,0.10309,79.741,4.0,9521.549
4.713713263000463,-4.70232,4.1866,16.09203,-0.23796,-4.66084,0.11223,-3.09964,2.35545,11.04369,-0.19547,-4.68896,0.06642,79.717,4.0,9065.0
4.7187132630004625,-5.17619,4.40898,16.27403,-0.21063,-4.62895,0.06654,-3.37668,2.51678,11.34418,-0.16333,-4.66758,0.02976,79.717,2.546,9065.0
4.723713263000462,-5.62711,4.39036,16.46019,-0.1833,-4.59706,0.02084,-3.65372,2.67811,11.64467,-0.1312,-4.6462,-0.00691,79.717,2.0,8212.584
4.728713263000463,-6.06943,4.28127,16.64792,-0.15597,-4.56518,-0.02486,-3.93076,2.83944,11.94515,-0.09906,-4.62482,-0.04357,79.717,2.0,7893.0
4.733713263000463,-6.51174,4.17217,16.83564,-0.12864,-4.53329,-0.07056,-4.20779,3.00077,12.24564,-0.06692,-4.60344,-0.08024,79.717,4.896,7893.0
4.738713263000463,-6.95405,4.06307,17.02336,-0.10131,-4.5014,-0.11626,-4.48483,3.1621,12.54612,-0.0398,-4.51217,-0.24551,79.653,6.0,7893.0
4.743713263000463,-7.39637,3.95398,17.21108,-0.06017,-4.41196,-0.26332,-4.76187,3.32343,12.84661,-0.0146,-4.3941,-0.46009,79.629,6.0,7216.745
4.748713263000463,-7.83868,3.84488,17.3988,-0.01386,-4.30097,-0.44832,-4.80635,3.30796,13.05218,0.0106,-4.27604,-0.67467,79.629,6.0,6962.0
4.753713263000463,-8.28099,3.73579,17.58652,0.03244,-4.18998,-0.63332,-4.76301,3.22573,13.22192,0.03579,-4.15797,-0.88926,79.629,4.55,6962.0
4.7587132630004625,-8.58693,3.46565,17.61572,0.07875,-4.079,-0.81833,-4.71967,3.14351,13.39166,0.06099,-4.03991,-1.10384,79.629,4.0,6962.0
4.763713263000462,-8.84175,3.13513,17.58551,0.12505,-3.96801,-1.00333,-4.67632,3.06128,13.56139,0.06799,-3.92877,-1.16986,79.629,4.0,6895.176
4.768713263000463,-9.09656,2.80461,17.5553,0.13393,-3.85327,-1.06094,-4.63298,2.97905,13.73113,0.0681,-3.82025,-1.17971,79.629,4.0,6870.0
4.773713263000463,-9.35137,2.4741,17.52509,0.12872,-3.73711,-1.07062,-4.58964,2.89682,13.90086,0.06822,-3.71172,-1.18957,79.565,2.547,6870.0
4.778713263000463,-9.60619,2.14358,17.49487,0.12351,-3.62096,-1.08031,-4.5463,2.81459,14.0706,0.06834,-3.6032,-1.19942,79.541,2.0,6870.0
4.783713263000463,-9.861,1.81307,17.46466,0.1183,-3.5048,-1.08999,-4.50296,2.73236,14.24033,0.06845,-3.49468,-1.20928,79.541,2.0,6898.368
4.788713263000463,-10.11582,1.48255,17.43445,0.11309,-3.38865,-1.09968,-4.20528,2.54525,14.15286,0.06857,-3.38616,-1.21913,79.541,2.0,6909.0
4.793713263000463,-10.39654,1.32603,16.97116,0.10788,-3.27249,-1.10936,-3.81236,2.31888,13.96907,0.06868,-3.27764,-1.22899,79.541,3.452,6983.764
4.7987132630004625,-10.68704,1.23525,16.34423,0.10267,-3.15634,-1.11904,-3.41943,2.0925,13.78529,0.0688,-3.16911,-1.23885,79.541,4.0,7012.0
4.803713263000462,-10.97755,1.14447,15.7173,0.09746,-3.04018,-1.12873,-3.02651,1.86612,13.6015,0.06891,-3.06059,-1.2487,79.477,2.548,7012.0
4.808713263000462,-11.26806,1.0537,15.09037,0.09225,-2.92403,-1.13841,-2.63359,1.63975,13.41771,0.06903,-2.95207,-1.25856,79.453,2.0,7012.0
4.813713263000463,-11.55857,0.96292,14.46344,0.08704,-2.80787,-1.14809,-2.24066,1.41337,13.23393,0.06915,-2.84355,-1.26841,79.389,2.0,7405.589
4.818713263000463,-11.84907,0.87214,13.8365,0.08183,-2.69172,-1.15778,-2.00998,1.06988,12.92412,0.09083,-2.64267,-1.18523,79.365,2.0,7553.0
4.823713263000463,-12.37978,0.9938,13.37433,0.10071,-2.43292,-1.05161,-1.84007,0.68252,12.56711,0.1206,-2.40721,-1.0672,79.301,2.0,7553.0
4.828713263000463,-13.00054,1.1951,12.97394,0.12862,-2.12064,-0.90202,-1.67015,0.29516,12.21011,0.15037,-2.17174,-0.94916,79.277,2.726,7553.0
4.833713263000463,-13.6213,1.3964,12.57354,0.15653,-1.80835,-0.75242,-1.50024,-0.0922,11.8531,0.18014,-1.93627,-0.83113,79.213,3.0,8684.588
4.838713263000463,-14.24206,1.5977,12.17315,0.18445,-1.49607,-0.60282,-1.27615,-0.45097,12.19137,0.20991,-1.7008,-0.7131,79.126,3.0,9108.0
4.8437132630004625,-14.86282,1.799,11.77276,0.21236,-1.18379,-0.45322,-1.03182,-0.79906,12.78942,0.23968,-1.46534,-0.59506,79.102,5.179,9108.0
4.848713263000462,-15.48358,2.0003,11.37236,0.24027,-0.8715,-0.30362,-0.78748,-1.14716,13.38747,0.26945,-1.22987,-0.47703,78.974,6.0,9108.0
4.853713263000463,-16.10434,2.2016,10.97197,0.26818,-0.55922,-0.15403,-0.54315,-1.49525,13.98553,0.29922,-0.9944,-0.359,78.862,6.0,12616.108
4.858713263000463,-17.20937,1.48684,11.17978,0.25861,-0.26803,0.0117,-0.29882,-1.84334,14.58358,0.29789,-0.69327,-0.14327,78.838,6.0,13938.0
4.863713263000463,-18.49692,0.42683,11.61683,0.23492,0.01521,0.1835,-0.05448,-2.19143,15.18163,0.28484,-0.36739,0.10927,78.774,6.0,13938.0
4.868713263000463,-19.78446,-0.63318,12.05387,0.21122,0.29845,0.3553,0.18985,-2.53952,15.77968,0.27178,-0.04151,0.36181,78.622,6.0,13938.0
4.873713263000463,-21.07201,-1.69319,12.49091,0.18753,0.5817,0.5271,0.53856,-2.3781,15.48557,0.25873,0.28437,0.61435,78.446,6.0,19446.435
4.878713263000463,-19.17335,-1.93662,12.56497,0.16383,0.86494,0.6989,0.92651,-2.02516,14.85611,0.24568,0.61025,0.86689,78.398,6.0,21516.0
4.8837132630004625,-16.0778,-1.87331,12.50267,0.14013,1.14818,0.8707,1.31446,-1.67222,14.22664,0.23263,0.93613,1.11944,78.335,5.275,21516.0
4.888713263000462,-12.98226,-1.80999,12.44037,0.11644,1.43142,1.0425,1.70241,-1.31928,13.59718,0.21957,1.26201,1.37198,78.247,5.0,21516.0
4.893713263000463,-9.88672,-1.74667,12.37808,0.09274,1.71466,1.2143,2.09036,-0.96634,12.96771,0.20652,1.58789,1.62452,78.095,5.0,23579.416
4.898713263000463,-6.79117,-1.68336,12.31578,0.06904,1.9979,1.3861,2.47831,-0.6134,12.33825,0.1965,1.69167,1.57558,77.983,5.0,24355.0
4.903713263000463,-3.69563,-1.62004,12.25348,0.04902,2.09667,1.2837,2.86626,-0.26046,11.70878,0.18763,1.7121,1.41348,77.895,2.82,24355.0
4.908713263000463,-0.60009,-1.55673,12.19118,0.03038,2.12606,1.07817,3.25421,0.09248,11.07932,0.17875,1.73253,1.25139,77.743,2.0,24355.0
4.913713263000463,2.49546,-1.49341,12.12888,0.01173,2.15544,0.87264,2.82526,0.10176,10.29231,0.16987,1.75295,1.0893,77.631,2.0,25151.059
4.918713263000463,2.9853,-1.56696,11.83327,-0.00691,2.18483,0.66711,2.09049,-0.01761,9.44631,0.16099,1.77338,0.92721,77.48,2.0,25449.0
4.9237132630004625,2.49999,-1.69172,11.45034,-0.02555,2.21421,0.46158,1.35572,-0.13698,8.60032,0.15211,1.79381,0.76512,77.368,2.0,25449.0
4.928713263000462,2.01468,-1.81649,11.06741,-0.0442,2.2436,0.25605,0.62095,-0.25635,7.75433,0.14324,1.81423,0.60302,77.28,2.0,25449.0
4.933713263000462,1.52937,-1.94125,10.68449,-0.06284,2.27298,0.05052,0.43988,-0.31521,7.5659,0.14667,1.80322,0.49424,77.128,2.0,25764.648
4.938713263000463,1.04406,-2.06602,10.30156,-0.05458,2.23215,-0.01755,0.46721,-0.3513,7.62497,0.15474,1.78036,0.40552,77.08,2.0,25883.0
4.943713263000463,0.55876,-2.19078,9.91863,-0.03626,2.16503,-0.03415,0.49455,-0.38739,7.68404,0.16282,1.75751,0.31681,77.016,2.0,25883.0
4.948713263000463,0.07345,-2.31555,9.5357,-0.01793,2.0979,-0.05075,0.52189,-0.42348,7.74312,0.17089,1.73465,0.22809,76.928,2.0,25883.0
4.953713263000463,0.19055,-1.8772,9.83481,0.0004,2.03078,-0.06734,0.54922,-0.45957,7.80219,0.17896,1.7118,0.13937,76.968,2.0,25995.742
4.958713263000463,0.53527,-1.22609,10.39162,0.01873,1.96365,-0.08394,0.57656,-0.49566,7.86126,0.18703,1.68894,0.05065,77.056,1.273,26038.0
4.963713263000463,0.87998,-0.57498,10.94843,0.03706,1.89653,-0.10054,0.6039,-0.53175,7.92033,0.1951,1.66609,-0.03806,77.144,1.0,26038.0
4.9687132630004625,1.2247,0.07613,11.50525,0.05539,1.8294,-0.11714,0.63123,-0.56784,7.9794,0.20318,1.64323,-0.12678,77.296,1.0,25913.627
4.973713263000462,1.56941,0.72724,12.06206,0.07372,1.76228,-0.13374,-0.12465,-0.23016,8.19316,0.18339,1.5407,-0.21929,77.408,1.0,25867.0
4.978713263000463,1.91413,1.37835,12.61887,0.09205,1.69515,-0.15034,-1.17435,0.24773,8.46495,0.15315,1.40827,-0.31321,77.496,540.893,25867.0
4.983713263000463,1.81977,1.57653,12.62528,0.10989,1.57863,-0.16972,-2.22405,0.72562,8.73674,0.12291,1.27584,-0.40714,77.583,744.0,25867.0
4.988713263000463,1.56029,1.60439,12.42472,0.12755,1.44352,-0.19015,-3.27376,1.2035,9.00854,0.09268,1.14341,-0.50106,77.671,744.0,25974.454
4.993713263000463,1.30082,1.63225,12.22416,0.14521,1.30842,-0.21059,-4.32346,1.68139,9.28033,0.06244,1.01098,-0.59499,77.759,744.0,26015.0
4.998713263000463,1.04134,1.66011,12.0236,0.16287,1.17332,-0.23102,-5.37316,2.15928,9.55212,0.0322,0.87855,-0.68892,77.847,744.0,26015.0
5.003713263000463,0.78187,1.68797,11.82303,0.18053,1.03821,-0.25145,-6.42287,2.63717,9.82391,0.00196,0.74612,-0.78284,77.935,2449.332,26015.0
5.0087132630004625,0.83226,1.67433,11.63901,0.19819,0.90311,-0.27189,-7.47257,3.11506,10.0957,-0.02828,0.61369,-0.87677,78.023,3094.0,26020.804
5.013713263000462,1.00005,1.64498,11.46125,0.21585,0.768,-0.29232,-5.65576,2.95299,10.02748,-0.02024,0.61069,-0.83247,78.175,3094.0,26023.0
5.018713263000462,1.16783,1.61563,11.28349,0.23351,0.6329,-0.31275,-2.75486,2.54888,9.83068,0.00228,0.65664,-0.7359,78.35,3094.0,26023.0
5.023713263000463,1.33561,1.58628,11.10573,0.25117,0.4978,-0.33319,0.14603,2.14478,9.63387,0.02479,0.70258,-0.63933,78.462,4276.46,26023.0
5.028713263000463,1.50339,1.55692,10.92797,0.26883,0.36269,-0.35362,3.04693,1.74068,9.43706,0.04731,0.74853,-0.54276,78.55,4720.0,26023.0
5.033713263000463,1.67118,1.52757,10.75021,0.22399,0.3548,-0.3164,5.94782,1.33658,9.24026,0.06982,0.79447,-0.44619,78.638,4720.0,25914.663
5.038713263000463,1.83896,1.49822,10.57245,0.15564,0.39476,-0.25748,6.00724,1.08472,9.17876,0.09234,0.84042,-0.34962,78.79,4720.0,25874.0
5.043713263000463,2.00674,1.46887,10.39469,0.0873,0.43471,-0.19857,5.00105,0.88996,9.168,0.11485,0.88636,-0.25304,78.902,5978.233,25874.0
5.0487132630004625,2.17452,1.43952,10.21693,0.01895,0.47467,-0.13966,3.99487,0.6952,9.15724,0.13737,0.93231,-0.15647,79.054,6451.0,25874.0
5.053713263000462,2.02122,1.35568,10.19992,0.01188,0.46086,-0.12576,2.98868,0.50044,9.14648,0.15988,0.97825,-0.0599,79.165,6451.0,25768.593
5.058713263000462,1.74778,1.25147,10.24306,0.02775,0.42693,-0.12869,1.9825,0.30568,9.13573,0.16618,0.94831,-0.05919,79.253,6451.0,25729.0
5.063713263000463,1.47434,1.14725,10.28619,0.04361,0.39301,-0.13163,0.97631,0.11091,9.12497,0.16637,0.88983,-0.09453,79.341,7676.559,25729.0
5.068713263000463,1.2009,1.04304,10.32933,0.05948,0.35908,-0.13456,-0.02987,-0.08385,9.11421,0.16657,0.83135,-0.12987,79.493,8136.0,25729.0
5.073713263000463,0.92746,0.93882,10.37246,0.07534,0.32515,-0.1375,-0.36012,0.07551,9.22685,0.16677,0.77287,-0.16521,79.605,8136.0,25785.737
5.078713263000463,0.81074,0.95307,10.40045,0.0912,0.29122,-0.14043,-0.43773,0.36722,9.38561,0.16697,0.71438,-0.20055,79.693,8136.0,25807.0
5.083713263000463,0.75282,1.01176,10.42275,0.10707,0.2573,-0.14337,-0.51535,0.65893,9.54437,0.16716,0.6559,-0.2359,79.717,8287.255,25807.0
5.088713263000463,0.69489,1.07045,10.44505,0.12293,0.22337,-0.1463,-0.59296,0.95064,9.70313,0.16736,0.59742,-0.27124,79.845,8344.0,25807.0
5.0937132630004625,0.63697,1.12913,10.46735,0.1388,0.18944,-0.14924,-0.67058,1.24234,9.86189,0.16756,0.53894,-0.30658,79.956,8344.0,25720.454
5.098713263000462,0.57904,1.18782,10.48965,0.15466,0.15551,-0.15217,-0.49574,1.32247,9.93741,0.16636,0.52715,-0.2866,80.108,8344.0,25688.0
5.103713263000463,0.52112,1.24651,10.51195,0.14948,0.13798,-0.14297,-0.22623,1.32324,9.98171,0.16463,0.53288,-0.24586,80.284,8626.439,25688.0
5.108713263000463,0.4632,1.3052,10.53425,0.13643,0.12657,-0.12924,0.04328,1.32402,10.02602,0.1629,0.53861,-0.20513,80.46,8732.0,25688.0
5.113713263000463,0.35135,1.32666,10.55887,0.12338,0.11517,-0.11551,0.31279,1.3248,10.07032,0.16118,0.54434,-0.1644,80.571,8732.0,25435.892
5.118713263000463,0.21927,1.33415,10.58436,0.11033,0.10377,-0.10177,0.5823,1.32557,10.11462,0.15945,0.55007,-0.12367,80.723,8732.0,25339.0
5.123713263000463,0.0872,1.34165,10.60985,0.09728,0.09236,-0.08804,0.85182,1.32635,10.15893,0.15772,0.5558,-0.08294,80.898,8668.611,25339.0
5.128713263000463,-0.04488,1.34914,10.63534,0.08423,0.08096,-0.0743,1.12133,1.32713,10.20323,0.156,0.56153,-0.04221,81.075,8644.0,25339.0
5.1337132630004625,-0.17695,1.35663,10.66083,0.07118,0.06955,-0.06057,1.04258,1.46891,10.25441,0.14689,0.57031,-0.02176,81.246,8644.0,25315.947
5.138713263000462,-0.30903,1.36413,10.68632,0.05812,0.05815,-0.04684,0.83295,1.66368,10.30818,0.135,0.58025,-0.00893,81.425,8644.0,25306.0
5.143713263000462,-0.35814,1.37293,10.70379,0.03982,0.04893,-0.03635,0.62333,1.85846,10.36194,0.12311,0.59018,0.0039,81.602,9198.425,25306.0
5.148713263000463,-0.37609,1.38223,10.71824,0.01955,0.04054,-0.02708,0.41371,2.05323,10.41571,0.11123,0.60011,0.01673,81.842,9407.0,25183.143
5.153713263000463,-0.39404,1.39152,10.73269,-0.00073,0.03214,-0.01781,0.37653,2.07288,10.42189,0.09934,0.61004,0.02955,81.978,9632.226,25137.0
5.158713263000463,-0.41199,1.40081,10.74714,-0.021,0.02375,-0.00854,0.40406,2.0268,10.4102,0.08745,0.61997,0.04238,82.194,9717.0,25137.0
5.163713263000463,-0.42995,1.41011,10.7616,-0.04127,0.01536,0.00073,0.4316,1.98073,10.39852,0.07556,0.6299,0.05521,82.393,9717.0,24881.035
5.168713263000463,-0.4479,1.4194,10.77605,-0.06155,0.00696,0.01,0.45913,1.93465,10.38684,0.06368,0.63983,0.06804,82.631,9717.0,24785.0
5.1737132630004625,-0.44537,1.39874,10.76605,-0.06823,0.00774,0.0121,0.48667,1.88858,10.37515,0.05179,0.64976,0.08086,82.83,9843.747,24785.0
5.178713263000462,-0.43482,1.36634,10.74647,-0.06957,0.01212,0.01139,0.5142,1.8425,10.36347,0.0399,0.6597,0.09369,83.071,9896.0,24785.0
5.183713263000462,-0.42428,1.33394,10.72688,-0.07092,0.0165,0.01068,0.54173,1.79643,10.35179,0.03421,0.68166,0.09897,83.272,9896.0,25083.236
5.188713263000463,-0.41373,1.30154,10.7073,-0.07227,0.02087,0.00997,0.56927,1.75035,10.34011,0.03084,0.70812,0.10142,83.32,9896.0,25195.0
5.193713263000463,-0.40318,1.26914,10.68772,-0.07362,0.02525,0.00926,0.5968,1.70428,10.32842,0.02747,0.73458,0.10387,83.704,10064.872,25195.0
5.198713263000463,-0.37709,1.26393,10.67216,-0.07497,0.02962,0.00855,0.62434,1.6582,10.31674,0.0241,0.76104,0.10632,84.039,10128.0,25195.0
5.203713263000463,-0.34519,1.26889,10.6581,-0.07632,0.034,0.00784,0.65187,1.61213,10.30506,0.02072,0.78749,0.10877,84.238,10128.0,24970.271
5.208713263000463,-0.31329,1.27386,10.64405,-0.07767,0.03838,0.00713,0.63267,1.56994,10.29613,0.01528,0.80145,0.10337,84.415,10128.0,24883.0
5.213713263000463,-0.28139,1.27882,10.62999,-0.07902,0.04275,0.00642,0.59509,1.52928,10.28828,0.00902,0.81049,0.09489,84.463,10897.004,24883.0
5.2187132630004625,-0.24949,1.28378,10.61594,-0.08037,0.04713,0.00572,0.55752,1.48862,10.28044,0.00276,0.81952,0.08641,84.846,11185.0,24883.0
5.223713263000462,-0.21758,1.28875,10.60188,-0.08564,0.05846,0.00304,0.51994,1.44796,10.27259,-0.0035,0.82856,0.07793,85.118,11185.0,25202.879
5.228713263000463,-0.18568,1.29371,10.58783,-0.09239,0.07242,-0.00038,0.48237,1.4073,10.26474,-0.00976,0.8376,0.06945,85.358,11185.0,25323.0
5.233713263000463,-0.15378,1.29867,10.57377,-0.09914,0.08637,-0.0038,0.3678,1.46281,10.23846,-0.01602,0.84663,0.06097,85.494,11185.727,25323.0
5.238713263000463,-0.11538,1.28828,10.55608,-0.10589,0.10033,-0.00721,0.22444,1.55427,10.20529,-0.02228,0.85567,0.05249,85.708,11186.0,25323.0
5.243713263000463,-0.07453,1.27212,10.53702,-0.11263,0.11428,-0.01063,0.08108,1.64572,10.17213,-0.02854,0.86471,0.04401,85.909,11186.0,24894.969
5.248713263000463,-0.03368,1.25595,10.51796,-0.11938,0.12824,-0.01405,-0.06228,1.73718,10.13896,-0.0348,0.87375,0.03553,86.146,11186.0,24733.0
5.253713263000463,0.00716,1.23979,10.49891,-0.12613,0.14219,-0.01747,-0.21384,1.70252,10.1019,-0.03689,0.86249,0.02374,86.284,11544.186,24733.0
5.2587132630004625,0.04801,1.22362,10.47985,-0.13288,0.15615,-0.02089,-0.36871,1.61702,10.06328,-0.0373,0.84306,0.01063,86.437,11681.0,24733.0
5.263713263000462,0.08886,1.20746,10.46079,-0.13236,0.16072,-0.02503,-0.52358,1.53152,10.02466,-0.03771,0.82362,-0.00248,86.612,11681.0,24966.73
5.268713263000462,0.12971,1.19129,10.44174,-0.12913,0.16179,-0.02945,-0.67845,1.44602,9.98604,-0.03812,0.80419,-0.0156,86.788,11681.0,25055.0
5.273713263000463,0.17055,1.17513,10.42268,-0.1259,0.16286,-0.03387,-0.83332,1.36053,9.94742,-0.03853,0.78476,-0.02871,86.962,12418.614,25055.0
5.278713263000463,0.18257,1.16106,10.41233,-0.12266,0.16392,-0.03829,-0.98819,1.27503,9.90879,-0.03894,0.76532,-0.04182,87.075,12709.0,24845.265
5.283713263000463,0.183,1.14784,10.40548,-0.11943,0.16499,-0.04271,-1.14306,1.18953,9.87017,-0.03935,0.74589,-0.05494,87.227,12709.0,24765.0
5.288713263000463,0.18342,1.13462,10.39863,-0.1162,0.16605,-0.04713,-1.16658,1.1348,9.86644,-0.03835,0.72993,-0.05889,87.403,13051.274,24765.0
5.293713263000463,0.18385,1.1214,10.39178,-0.11296,0.16712,-0.05155,-1.14073,1.09164,9.87582,-0.03682,0.71528,-0.0594,87.515,13180.0,24765.0
5.2987132630004625,0.18428,1.10818,10.38493,-0.10973,0.16819,-0.05597,-1.11488,1.04847,9.88521,-0.03529,0.70063,-0.05991,87.667,13180.0,24765.0
5.303713263000462,0.18471,1.09495,10.37808,-0.1065,0.16925,-0.06039,-1.08904,1.00531,9.89459,-0.03376,0.68598,-0.06043,87.779,13180.0,24911.951
5.308713263000462,0.20542,1.07713,10.37901,-0.10194,0.17212,-0.06128,-1.06319,0.96215,9.90398,-0.03223,0.67133,-0.06094,87.867,13749.76,24967.0
5.313713263000463,0.23373,1.05759,10.38285,-0.09688,0.17567,-0.06086,-1.06865,0.9591,9.91525,-0.0307,0.65668,-0.06145,87.955,13963.0,24967.0
5.318713263000463,0.26204,1.03804,10.38669,-0.09183,0.17922,-0.06043,-1.08583,0.97106,9.92724,-0.02917,0.64203,-0.06196,88.106,13963.0,24961.911
5.323713263000463,0.29035,1.0185,10.39052,-0.08678,0.18276,-0.06,-1.10301,0.98303,9.93922,-0.02764,0.62738,-0.06247,88.217,14219.106,24960.0
5.328713263000463,0.31866,0.99895,10.39436,-0.08172,0.18631,-0.05957,-1.12019,0.995,9.9512,-0.02611,0.61274,-0.06298,88.306,14321.0,24960.0
5.333713263000463,0.30107,0.99186,10.39833,-0.07807,0.18778,-0.06,-1.13737,1.00696,9.96319,-0.02458,0.59809,-0.06349,88.394,14321.0,24827.681
5.338713263000463,0.26631,0.98943,10.40234,-0.07493,0.18848,-0.06076,-1.15456,1.01893,9.97517,-0.02349,0.57943,-0.06377,88.482,14321.0,24778.0
5.3437132630004625,0.23155,0.98699,10.40636,-0.07179,0.18917,-0.06152,-1.17174,1.0309,9.98716,-0.02257,0.55927,-0.06396,88.57,14715.689,24778.0
5.348713263000462,0.19679,0.98456,10.41038,-0.06866,0.18987,-0.06227,-1.18892,1.04286,9.99914,-0.02165,0.53911,-0.06416,88.594,14864.0,24778.0
5.353713263000462,0.16203,0.98213,10.41439,-0.06552,0.19057,-0.06303,-1.20755,1.0586,10.01534,-0.02072,0.51895,-0.06435,88.657,14864.0,24767.154
5.358713263000463,0.14297,0.98644,10.42235,-0.06239,0.19126,-0.06379,-1.22672,1.07574,10.03312,-0.0198,0.49879,-0.06454,88.744,14864.0,24763.0
5.363713263000463,0.12998,0.99336,10.43184,-0.05925,0.19196,-0.06455,-1.24589,1.09289,10.0509,-0.01888,0.47863,-0.06473,88.833,15167.703,24763.0
5.368713263000463,0.11699,1.00027,10.44133,-0.05611,0.19265,-0.0653,-1.26507,1.11003,10.06868,-0.01795,0.45847,-0.06492,88.857,15285.0,24763.0
5.373713263000463,0.104,1.00719,10.45082,-0.05298,0.19335,-0.06606,-1.28424,1.12718,10.08645,-0.01703,0.43831,-0.06512,88.921,15285.0,24644.398
5.378713263000463,0.09101,1.01411,10.46031,-0.04984,0.19405,-0.06682,-1.23832,1.15853,10.10716,-0.01863,0.43044,-0.06608,88.945,15285.0,24600.0
5.3837132630004625,0.07802,1.02103,10.4698,-0.04911,0.2039,-0.06906,-1.168,1.19521,10.12896,-0.02119,0.42718,-0.06733,88.945,15631.747,24600.0
5.388713263000462,0.06503,1.02795,10.47929,-0.04932,0.21732,-0.07188,-1.09769,1.23188,10.15076,-0.02374,0.42392,-0.06858,89.009,15763.0,24600.0
5.393713263000462,0.05204,1.03487,10.48877,-0.04952,0.23074,-0.07469,-1.02737,1.26856,10.17257,-0.02629,0.42066,-0.06983,89.033,15763.0,24483.668
5.398713263000463,0.04302,1.03319,10.49185,-0.04973,0.24416,-0.07751,-0.95705,1.30524,10.19437,-0.02885,0.4174,-0.07108,89.033,16142.283,24440.0
5.403713263000463,0.03549,1.02829,10.49253,-0.04994,0.25758,-0.08033,-0.88674,1.34191,10.21617,-0.0314,0.41414,-0.07234,89.097,16285.0,24440.0
5.408713263000463,0.02795,1.02339,10.49321,-0.05014,0.271,-0.08315,-0.81642,1.37859,10.23797,-0.03395,0.41089,-0.07359,89.121,16285.0,24095.364
5.413713263000463,0.02042,1.0185,10.49389,-0.05035,0.28442,-0.08596,-0.7461,1.41527,10.25977,-0.03651,0.40763,-0.07484,89.121,16285.0,23965.0
5.418713263000463,0.01288,1.0136,10.49457,-0.05056,0.29784,-0.08878,-0.57364,1.45711,10.29229,-0.04153,0.41964,-0.078,89.121,16554.015,23965.0
5.4237132630004625,0.00535,1.0087,10.49526,-0.05452,0.32516,-0.09347,-0.3625,1.50091,10.32886,-0.04748,0.43743,-0.08188,89.185,16655.0,23965.0
5.428713263000462,-0.00219,1.00381,10.49594,-0.0599,0.35769,-0.09885,-0.15136,1.54472,10.36543,-0.05344,0.45522,-0.08576,89.209,16655.0,23965.727
5.433713263000462,-0.00972,0.99891,10.49662,-0.06528,0.39022,-0.10424,0.05978,1.58852,10.402,-0.05939,0.47301,-0.08964,89.209,16655.0,23966.0
5.438713263000463,-0.01726,0.99401,10.4973,-0.07065,0.42275,-0.10963,0.15104,1.56536,10.40528,-0.06535,0.4908,-0.09353,89.209,17120.27,23966.0
5.443713263000463,-0.02479,0.98912,10.49798,-0.07603,0.45527,-0.11501,0.19311,1.51473,10.39491,-0.0713,0.5086,-0.09741,89.209,17298.0,23966.0
5.448713263000463,-0.03233,0.98422,10.49866,-0.0814,0.4878,-0.1204,0.23518,1.46409,10.38453,-0.07726,0.52639,-0.10129,89.209,17298.0,23508.167
5.453713263000463,-0.03987,0.97932,10.49934,-0.08678,0.52033,-0.12578,0.27725,1.41345,10.37416,-0.08321,0.54418,-0.10517,89.209,17298.0,23336.0
5.458713263000463,-0.0474,0.97443,10.50002,-0.09215,0.55286,-0.13117,0.31932,1.36282,10.36378,-0.08917,0.56197,-0.10905,89.209,17583.661,23336.0
5.463713263000463,-0.05703,0.96246,10.49365,-0.09508,0.59087,-0.12792,0.36139,1.31218,10.3534,-0.09638,0.59332,-0.10569,89.209,17692.0,23336.0
5.4687132630004625,-0.06746,0.9478,10.48459,-0.09707,0.63096,-0.12139,0.40346,1.26155,10.34303,-0.10406,0.62983,-0.09956,89.209,17692.0,23313.76
5.473713263000462,-0.0779,0.93315,10.47554,-0.09906,0.67106,-0.11486,0.42321,1.26952,10.34444,-0.11175,0.66633,-0.09344,89.209,17692.0,23305.0
5.478713263000462,-0.08833,0.91849,10.46648,-0.10105,0.71115,-0.10833,0.43401,1.30098,10.35058,-0.11943,0.70283,-0.08732,89.209,18003.976,23305.0
5.483713263000463,-0.09876,0.90384,10.45742,-0.10304,0.75125,-0.1018,0.44481,1.33245,10.35672,-0.12712,0.73933,-0.08119,89.209,18121.0,22796.299
5.488713263000463,-0.10919,0.88918,10.44837,-0.10503,0.79135,-0.09527,0.45561,1.36391,10.36286,-0.1348,0.77584,-0.07507,89.209,18121.0,22605.0
5.493713263000463,-0.11962,0.87453,10.43931,-0.10702,0.83144,-0.08874,0.46642,1.39538,10.36901,-0.14249,0.81234,-0.06895,89.209,18188.553,22605.0
5.498713263000463,-0.15085,0.90293,10.44678,-0.11475,0.86567,-0.08634,0.47722,1.42684,10.37515,-0.15184,0.84728,-0.06243,89.209,18214.0,22605.0
5.503713263000463,-0.18993,0.94759,10.46049,-0.12466,0.89768,-0.0855,0.48802,1.4583,10.38129,-0.16183,0.88164,-0.05576,89.145,18214.0,22605.0
5.5087132630004625,-0.22902,0.99225,10.4742,-0.13456,0.92969,-0.08466,0.44801,1.52517,10.38403,-0.17181,0.916,-0.04909,89.185,18214.0,22366.194
5.513713263000462,-0.2681,1.03692,10.48791,-0.14446,0.9617,-0.08382,0.38886,1.60539,10.3855,-0.1818,0.95036,-0.04242,89.145,18388.345,22277.0
5.518713263000462,-0.30257,1.08731,10.58124,-0.15436,0.99371,-0.08298,0.32971,1.6856,10.38696,-0.19178,0.98472,-0.03576,89.121,18453.0,22277.0
5.523713263000463,-0.33533,1.13983,10.70407,-0.16427,1.02572,-0.08214,0.27055,1.76581,10.38843,-0.20177,1.01908,-0.02909,89.121,18453.0,21592.436
5.528713263000463,-0.36809,1.19234,10.82689,-0.17417,1.05773,-0.0813,0.2114,1.84602,10.38989,-0.21175,1.05344,-0.02242,89.121,18453.0,21335.0
5.533713263000463,-0.40084,1.24485,10.94971,-0.18407,1.08974,-0.08046,0.15225,1.92623,10.39135,-0.22174,1.0878,-0.01575,89.121,18765.175,21335.0
5.538713263000463,-0.4336,1.29737,11.07254,-0.19398,1.12176,-0.07962,0.02915,1.93007,10.52146,-0.2296,1.12499,-0.02981,89.121,18882.0,21335.0
5.543713263000463,-0.46636,1.34988,11.19536,-0.20388,1.15377,-0.07878,-0.11787,1.90536,10.69967,-0.23667,1.16324,-0.05162,89.121,18882.0,20513.136
5.5487132630004625,-0.49911,1.4024,11.31819,-0.21395,1.18879,-0.08555,-0.26488,1.88065,10.87789,-0.24373,1.20149,-0.07343,89.121,18882.0,20202.0
5.553713263000462,-0.53187,1.45491,11.44101,-0.22408,1.22495,-0.0952,-0.4119,1.85594,11.0561,-0.2508,1.23974,-0.09523,89.057,19066.832,20202.0
5.558713263000462,-0.5673,1.41281,11.53113,-0.23421,1.26111,-0.10485,-0.55891,1.83123,11.23431,-0.25787,1.278,-0.11704,89.033,19136.0,20202.0
5.563713263000462,-0.60372,1.33533,11.60903,-0.24434,1.29727,-0.1145,-0.70592,1.80652,11.41253,-0.26494,1.31625,-0.13885,89.033,19136.0,19619.713
5.568713263000463,-0.64014,1.25784,11.68692,-0.25447,1.33344,-0.12415,-0.85294,1.78181,11.59074,-0.272,1.3545,-0.16066,89.033,19136.0,19401.0
5.573713263000463,-0.67657,1.18035,11.76482,-0.2646,1.3696,-0.1338,-0.79867,1.75445,11.66054,-0.27656,1.38155,-0.15513,89.033,19319.089,19401.0
5.578713263000463,-0.71299,1.10287,11.84271,-0.27473,1.40576,-0.14345,-0.66871,1.72609,11.68956,-0.28017,1.40439,-0.13931,89.033,19388.0,19401.0
5.583713263000463,-0.74941,1.02538,11.92061,-0.28204,1.44093,-0.14261,-0.53874,1.69774,11.71859,-0.28378,1.42723,-0.1235,88.969,19388.0,18886.234
5.588713263000463,-0.78584,0.94789,11.9985,-0.28829,1.47571,-0.13781,-0.40878,1.66938,11.74761,-0.28739,1.45007,-0.10768,88.945,19388.0,18693.0
5.5937132630004625,-0.82226,0.8704,12.0764,-0.29455,1.5105,-0.13302,-0.27881,1.64103,11.77664,-0.291,1.47291,-0.09186,88.881,20088.898,18693.0
5.598713263000462,-0.69705,0.97286,12.16538,-0.3008,1.54529,-0.12822,-0.17613,1.65243,11.84101,-0.29461,1.49575,-0.07605,88.857,20352.0,17135.145
5.603713263000462,-0.51106,1.14298,12.25854,-0.30705,1.58007,-0.12342,-0.0837,1.67879,11.91868,-0.29822,1.51859,-0.06023,88.794,20352.0,16549.0
5.608713263000463,-0.32508,1.31309,12.35169,-0.3133,1.61486,-0.11862,0.00872,1.70515,11.99635,-0.30184,1.54143,-0.04442,88.77,20352.0,16549.0
5.613713263000463,-0.13909,1.48321,12.44485,-0.31955,1.64965,-0.11383,0.10115,1.73151,12.07402,-0.30545,1.56426,-0.0286,88.707,20905.524,16549.0
5.618713263000463,0.04689,1.65333,12.53801,-0.3258,1.68443,-0.10903,0.19358,1.75786,12.15169,-0.30064,1.59031,-0.02105,88.618,21131.0,16549.0
5.623713263000463,0.23288,1.82345,12.63116,-0.33205,1.71922,-0.10423,0.286,1.78422,12.22936,-0.29228,1.6177,-0.01698,88.53,21131.0,15532.197
5.628713263000463,0.23042,1.8323,12.78249,-0.33286,1.78675,-0.11059,0.37843,1.81058,12.30703,-0.28393,1.64509,-0.01291,88.442,21935.632,15150.0
5.6337132630004625,0.15722,1.78061,12.95567,-0.33162,1.86656,-0.12113,0.374,1.71871,12.3244,-0.27558,1.67249,-0.00884,88.418,22236.0,13214.844
5.638713263000462,0.08401,1.72891,13.12885,-0.33039,1.94638,-0.13167,0.33349,1.58281,12.31931,-0.26722,1.69988,-0.00477,88.354,22236.0,12488.0
5.643713263000462,0.01081,1.67722,13.30202,-0.32915,2.0262,-0.14221,0.29299,1.44691,12.31422,-0.25887,1.72727,-0.0007,88.266,22280.235,12488.0
5.648713263000463,-0.06239,1.62553,13.4752,-0.32791,2.10602,-0.15275,0.25248,1.31101,12.30913,-0.25052,1.75467,0.00337,88.114,22297.0,12488.0
5.653713263000463,-0.28062,1.55106,13.48202,-0.31318,2.16949,-0.17271,0.21198,1.17511,12.30404,-0.24216,1.78206,0.00744,88.066,22297.0,11042.825
5.658713263000463,-0.55283,1.4681,13.42691,-0.29343,2.22688,-0.19618,0.17147,1.03921,12.29895,-0.23381,1.80945,0.01151,88.003,22297.0,10456.0
5.663713263000463,-0.82505,1.38515,13.3718,-0.27367,2.28427,-0.21965,0.12203,0.90884,12.17526,-0.20793,1.85125,-0.00863,87.851,22797.792,10456.0
5.668713263000463,-1.09726,1.3022,13.31668,-0.25392,2.34167,-0.24312,0.0692,0.78057,12.00669,-0.17542,1.8985,-0.03793,87.675,22986.0,10456.0
5.6737132630004625,-1.21774,1.26563,13.2584,-0.23416,2.39906,-0.2666,0.01638,0.65231,11.83812,-0.1429,1.94575,-0.06723,87.563,23125.574,5833.416
5.678713263000462,-1.28155,1.24638,13.19894,-0.21441,2.45645,-0.29007,-0.03645,0.52404,11.66954,-0.11039,1.99299,-0.09652,87.412,23179.0,4064.0
5.683713263000462,-1.34536,1.22714,13.13948,-0.19465,2.51384,-0.31354,-0.08928,0.39577,11.50097,-0.07787,2.04024,-0.12582,87.299,23179.0,3018.577
5.688713263000462,-1.40916,1.2079,13.08002,-0.1749,2.57123,-0.33701,-0.1421,0.2675,11.3324,-0.04536,2.08749,-0.15512,87.211,23179.0,2627.0
5.693713263000463,-1.47297,1.18865,13.02056,-0.15514,2.62862,-0.36048,-0.19493,0.13923,11.16383,-0.01285,2.13474,-0.18442,87.06,23306.289,2627.0
5.698713263000463,-1.53677,1.16941,12.96109,-0.13539,2.68601,-0.38395,-0.14243,0.12869,10.97927,0.01866,2.20908,-0.20645,86.948,23354.0,2627.0
5.703713263000463,-1.60058,1.15017,12.90163,-0.11984,2.74655,-0.40322,-0.05038,0.16237,10.78871,0.04979,2.29359,-0.22575,86.796,23354.0,1662.971
5.708713263000463,-1.66439,1.13092,12.84217,-0.10588,2.80828,-0.42091,0.04167,0.19605,10.59815,0.08092,2.3781,-0.24504,86.684,23354.0,1301.0
5.713713263000463,-1.72819,1.11168,12.78271,-0.09191,2.87,-0.4386,0.13372,0.22972,10.40759,0.11206,2.46261,-0.26433,86.596,23524.166,1301.0
5.7187132630004625,-1.92651,1.15047,12.83374,-0.07795,2.93173,-0.45628,0.22577,0.2634,10.21703,0.14319,2.54713,-0.28363,86.508,23588.0,1301.0
5.723713263000462,-2.17525,1.21102,12.92619,-0.06398,2.99345,-0.47397,0.31782,0.29708,10.02647,0.17432,2.63164,-0.30292,86.421,23588.0,1088.928
5.728713263000462,-2.424,1.27157,13.01863,-0.05002,3.05518,-0.49166,0.40987,0.33075,9.83591,0.20545,2.71615,-0.32222,86.269,23588.0,1008.0
5.733713263000463,-2.67274,1.33212,13.11108,-0.03605,3.1169,-0.50935,-0.0524,0.46158,9.85935,0.21353,2.75585,-0.35032,86.157,23181.417,1008.0
5.738713263000463,-2.92148,1.39267,13.20353,-0.02208,3.17862,-0.52704,-0.72744,0.6297,9.96494,0.21277,2.77834,-0.38181,86.005,23024.0,1008.0
5.743713263000463,-3.17022,1.45322,13.29597,-0.00614,3.2181,-0.54424,-1.40249,0.79783,10.07052,0.21201,2.80084,-0.41329,85.893,23024.0,636.911
5.748713263000463,-3.41896,1.51377,13.38842,0.01054,3.24924,-0.56126,-2.07753,0.96595,10.17611,0.21124,2.82333,-0.44478,85.679,23024.0,498.0
5.753713263000463,-3.49848,1.47983,13.55036,0.02722,3.28038,-0.57828,-2.75258,1.13407,10.28169,0.21048,2.84583,-0.47627,85.542,21577.483,498.0
5.7587132630004625,-3.51174,1.40891,13.7395,0.04391,3.31151,-0.5953,-3.2665,1.29527,10.32733,0.20972,2.86832,-0.50775,85.39,21025.0,516.184
5.763713263000462,-3.52501,1.33798,13.92865,0.06059,3.34265,-0.61232,-3.71945,1.45386,10.35028,0.20895,2.89082,-0.53924,85.214,21025.0,523.0
5.768713263000462,-3.53827,1.26706,14.11779,0.07727,3.37379,-0.62934,-4.1724,1.61245,10.37324,0.19557,2.86451,-0.56399,85.038,18572.381,523.0
5.773713263000462,-3.55154,1.19614,14.30693,0.09395,3.40493,-0.64636,-4.62536,1.77104,10.39619,0.17747,2.81994,-0.58621,84.799,17652.0,523.0
5.778713263000463,-3.5648,1.12521,14.49608,0.11063,3.43607,-0.66339,-5.07831,1.92962,10.41915,0.15937,2.77536,-0.60843,84.663,17652.0,252.012
5.783713263000463,-3.27896,1.04396,14.27037,0.10607,3.39965,-0.67747,-5.53126,2.08821,10.4421,0.14127,2.73079,-0.63066,84.447,17652.0,151.0
5.788713263000463,-2.88213,0.95888,13.8907,0.09362,3.33817,-0.69047,-5.51024,2.06227,10.08877,0.12317,2.68622,-0.65288,84.184,13140.693,151.0
5.793713263000463,-2.4853,0.87379,13.51104,0.08117,3.27669,-0.70347,-5.30909,1.9662,9.59243,0.10507,2.64165,-0.6751,83.984,11428.0,145.202
5.7987132630004625,-2.08847,0.78871,13.13138,0.06872,3.21521,-0.71646,-5.10793,1.87012,9.09609,0.08697,2.59707,-0.69733,83.745,11428.0,143.0
5.803713263000462,-1.69164,0.70363,12.75172,0.05626,3.15373,-0.72946,-4.90678,1.77405,8.59975,0.06887,2.5525,-0.71955,83.609,6687.828,143.0
5.808713263000462,-1.29481,0.61854,12.37205,0.04381,3.09225,-0.74246,-4.70562,1.67797,8.10341,0.05077,2.50793,-0.74177,83.33,4840.0,143.0
5.813713263000462,-0.72025,0.54389,11.62825,0.02939,3.00013,-0.72906,-4.50447,1.5819,7.60708,0.03267,2.46336,-0.764,83.105,4840.0,176.432
5.818713263000463,-0.07845,0.47318,10.74671,0.01423,2.89642,-0.70568,-4.30331,1.48583,7.11074,0.01457,2.41878,-0.78622,82.865,4840.0,189.0
5.823713263000463,0.56334,0.40248,9.86517,-0.00093,2.79272,-0.68231,-4.09591,1.36857,6.51843,-0.00344,2.31368,-0.76179,82.538,1335.693,189.0
5.828713263000463,1.20514,0.33177,8.98363,-0.0161,2.68901,-0.65893,-3.88617,1.24339,5.89021,-0.02142,2.18592,-0.71991,82.314,2.0,205.655
5.833713263000463,1.84694,0.26107,8.10209,-0.03126,2.58531,-0.63555,-3.67642,1.11821,5.26199,-0.03941,2.05815,-0.67803,82.138,2.0,212.0
5.838713263000463,2.59347,0.14934,7.68859,-0.04643,2.4816,-0.61217,-3.46668,0.99303,4.63377,-0.05739,1.93039,-0.63614,82.026,4.908,212.0
5.8437132630004625,3.37969,0.02207,7.45242,-0.06159,2.3779,-0.5888,-3.25694,0.86784,4.00555,-0.07537,1.80263,-0.59426,81.874,6.0,230.898
5.848713263000462,4.1659,-0.1052,7.21625,-0.07676,2.27419,-0.56542,-3.04719,0.74266,3.37733,-0.09336,1.67487,-0.55238,81.762,6.0,238.0
5.853713263000462,4.95212,-0.23247,6.98009,-0.09192,2.17048,-0.54204,-2.83745,0.61748,2.74911,-0.11134,1.54711,-0.51049,81.61,6.0,238.0
5.858713263000463,5.73834,-0.35974,6.74392,-0.10709,2.06678,-0.51866,-3.04794,0.47993,2.52724,-0.13541,1.37259,-0.43321,81.499,3.824,238.0
5.863713263000463,6.52456,-0.48701,6.50775,-0.12225,1.96307,-0.49528,-3.41508,0.33778,2.45684,-0.16176,1.18064,-0.34273,81.475,3.0,238.0
5.868713263000463,7.31077,-0.61428,6.27158,-0.12894,1.53961,-0.25635,-3.78222,0.19563,2.38645,-0.1881,0.98869,-0.25226,81.411,3.0,121.014
5.873713263000463,8.09699,-0.74155,6.03541,-0.13243,0.99571,0.06378,-4.14936,0.05347,2.31606,-0.21445,0.79674,-0.16178,81.323,3.0,77.0
5.878713263000463,8.02893,-0.6615,5.80233,-0.13592,0.45181,0.38391,-4.5165,-0.08868,2.24567,-0.24079,0.60479,-0.0713,81.235,2.275,77.0
5.8837132630004625,7.63958,-0.50347,5.57041,-0.13942,-0.09209,0.70405,-4.26755,-0.10744,2.17828,-0.26713,0.41284,0.01918,81.147,2.0,165.068
5.888713263000462,7.25023,-0.34544,5.33848,-0.14198,-0.31854,0.82643,-3.78472,-0.07936,2.11203,-0.29348,0.22088,0.10966,81.123,2.0,199.0
5.893713263000462,6.86087,-0.18741,5.10656,-0.14418,-0.42198,0.87219,-3.30188,-0.05128,2.04579,-0.31982,0.02893,0.20013,81.123,3.455,199.0
5.898713263000462,6.47152,-0.02938,4.87463,-0.14638,-0.52543,0.91794,-2.81905,-0.0232,1.97954,-0.34617,-0.16302,0.29061,81.187,4.0,199.0
5.903713263000463,6.08216,0.12865,4.64271,-0.14858,-0.62887,0.9637,-2.33622,0.00488,1.91329,-0.37251,-0.35497,0.38109,81.211,4.0,404.553
5.908713263000463,5.69281,0.28668,4.41079,-0.15078,-0.73231,1.00946,-1.85338,0.03296,1.84704,-0.36533,-0.57492,0.53664,81.211,4.0,482.0
5.913713263000463,5.3281,0.42357,4.33217,-0.15299,-0.83575,1.05522,-1.37055,0.06104,1.78079,-0.34547,-0.80546,0.7168,81.211,4.0,482.0
5.918713263000463,4.97283,0.55234,4.31232,-0.15519,-0.9392,1.10097,-0.88772,0.08912,1.71454,-0.32562,-1.036,0.89696,81.273,3.291,482.0
5.9237132630004625,4.61757,0.68112,4.29247,-0.15739,-1.04264,1.14673,-0.40489,0.1172,1.64829,-0.30576,-1.26654,1.07711,81.299,3.0,798.548
5.928713263000462,4.26231,0.8099,4.27263,-0.15959,-1.14608,1.19249,-0.67609,0.15444,1.7126,-0.29313,-1.3871,1.12495,81.299,3.0,920.0
5.933713263000462,3.90704,0.93868,4.25278,-0.16179,-1.24953,1.23824,-1.22909,0.19511,1.82569,-0.28321,-1.46656,1.12334,81.299,1.549,920.0
5.938713263000462,3.55178,1.06746,4.23293,-0.16399,-1.35297,1.284,-1.78209,0.23577,1.93879,-0.27328,-1.54602,1.12172,81.363,1.0,920.0
5.943713263000463,3.19652,1.19623,4.21308,-0.16619,-1.45641,1.32976,-2.33508,0.27644,2.05188,-0.26336,-1.62548,1.12011,81.387,1.0,1323.437
5.948713263000463,2.8709,1.28263,4.38831,-0.16358,-1.60365,1.31749,-2.88808,0.31711,2.16497,-0.25343,-1.70494,1.1185,81.387,1.0,1475.0
5.953713263000463,2.55642,1.3531,4.63683,-0.15915,-1.76735,1.28341,-3.13005,0.42397,2.36473,-0.24351,-1.7844,1.11688,81.387,3.187,1475.0
5.958713263000463,2.24194,1.42358,4.88535,-0.15472,-1.93104,1.24934,-3.25535,0.55567,2.59699,-0.23358,-1.86387,1.11527,81.387,4.0,1475.0
5.963713263000463,1.92746,1.49405,5.13387,-0.15029,-2.09474,1.21526,-3.38065,0.68737,2.82925,-0.22366,-1.94333,1.11366,81.45,4.0,2508.538
5.9687132630004625,1.61299,1.56452,5.38239,-0.14586,-2.25844,1.18119,-3.50594,0.81907,3.06151,-0.21373,-2.02279,1.11205,81.475,4.0,2910.0
5.973713263000462,1.33675,1.53262,5.74439,-0.14512,-2.36274,1.13968,-3.63124,0.95077,3.29378,-0.2038,-2.10225,1.11043,81.475,3.274,2910.0
5.978713263000462,1.07498,1.46201,6.14929,-0.14578,-2.44458,1.09535,-3.75654,1.08247,3.52604,-0.19388,-2.18171,1.10882,81.475,3.0,2910.0
5.983713263000462,0.81321,1.3914,6.55419,-0.14644,-2.52643,1.05103,-4.00276,1.13428,3.74753,-0.1918,-2.30695,1.04562,81.475,3.0,3527.428
5.988713263000463,0.55144,1.32079,6.95908,-0.14711,-2.60827,1.0067,-4.29489,1.15577,3.96493,-0.1927,-2.44956,0.95903,81.475,3.727,3759.0
5.993713263000463,0.28967,1.25019,7.36398,-0.14777,-2.69012,0.96238,-4.58701,1.17726,4.18233,-0.19361,-2.59217,0.87245,81.538,4.0,3759.0
5.998713263000463,0.08914,1.21451,7.65135,-0.14843,-2.77196,0.91806,-4.87914,1.19875,4.39973,-0.19451,-2.73478,0.78587,81.562,4.0,3834.6
6.003713263000463,-0.08835,1.19197,7.89454,-0.14909,-2.85381,0.87373,-5.17126,1.22024,4.61714,-0.19541,-2.8774,0.69929,81.562,4.0,3863.0
6.0087132630004625,-0.26585,1.16942,8.13773,-0.14976,-2.93565,0.82941,-5.46339,1.24173,4.83454,-0.19631,-3.02001,0.6127,81.626,4.0,3863.0
6.013713263000462,-0.44335,1.14688,8.38093,-0.15042,-3.0175,0.78508,-5.43232,1.23392,5.07166,-0.19549,-3.11346,0.55586,81.65,4.0,3996.885
6.018713263000462,-0.62085,1.12434,8.62412,-0.15108,-3.09934,0.74076,-5.27985,1.21512,5.3162,-0.19402,-3.18844,0.51018,81.714,4.0,4047.0
6.023713263000462,-0.79835,1.10179,8.86731,-0.15174,-3.18119,0.69643,-5.12738,1.19631,5.56073,-0.19255,-3.26342,0.4645,81.738,2.548,4047.0
6.028713263000463,-0.97585,1.07925,9.1105,-0.15303,-3.25358,0.65222,-4.9749,1.1775,5.80527,-0.19107,-3.33841,0.41882,81.738,2.0,4047.0
6.033713263000463,-1.15335,1.0567,9.35369,-0.15454,-3.32242,0.60804,-4.82243,1.1587,6.0498,-0.1896,-3.41339,0.37314,81.738,2.0,5004.545
6.038713263000463,-1.28858,1.1084,9.58565,-0.15606,-3.39126,0.56387,-4.63864,1.15521,6.30353,-0.18813,-3.48837,0.32747,81.738,2.0,5364.0
6.043713263000463,-1.40792,1.18802,9.81339,-0.15758,-3.4601,0.51969,-4.44307,1.15749,6.56071,-0.18666,-3.56335,0.28179,81.738,3.454,5364.0
6.0487132630004625,-1.52725,1.26764,10.04112,-0.15909,-3.52894,0.47552,-4.24751,1.15977,6.81789,-0.17615,-3.60289,0.27214,81.802,4.0,5364.0
6.053713263000462,-1.64659,1.34726,10.26886,-0.16061,-3.59779,0.43134,-4.05194,1.16205,7.07507,-0.16227,-3.62917,0.27598,81.826,4.0,5550.907
6.058713263000462,-1.76592,1.42688,10.49659,-0.16213,-3.66663,0.38717,-3.85637,1.16433,7.33225,-0.14838,-3.65545,0.27981,81.826,4.0,5622.0
6.063713263000462,-1.88526,1.5065,10.72433,-0.15741,-3.69425,0.37166,-3.6608,1.16661,7.58943,-0.13449,-3.68174,0.28364,81.826,4.0,5622.0
6.068713263000463,-2.00459,1.58611,10.95206,-0.15034,-3.70632,0.36697,-3.46524,1.16889,7.84661,-0.1206,-3.70802,0.28747,81.826,4.0,5622.0
6.073713263000463,-2.12393,1.66573,11.1798,-0.14327,-3.71838,0.36229,-3.36858,1.23462,8.04661,-0.10672,-3.7343,0.29131,81.826,4.0,5652.525
6.078713263000463,-2.21556,1.84039,11.46562,-0.1362,-3.73045,0.3576,-3.30881,1.32401,8.22529,-0.09283,-3.76058,0.29514,81.826,3.273,5664.0
6.083713263000463,-2.29676,2.05087,11.77333,-0.12913,-3.74251,0.35292,-3.24904,1.41341,8.40396,-0.07894,-3.78686,0.29897,81.826,3.0,5586.967
6.088713263000463,-2.37795,2.26135,12.08104,-0.12206,-3.75457,0.34823,-3.18927,1.5028,8.58264,-0.06848,-3.80475,0.28906,81.826,3.0,5558.0
6.0937132630004625,-2.45915,2.47183,12.38875,-0.11499,-3.76664,0.34355,-3.1295,1.59219,8.76132,-0.0593,-3.81949,0.27397,81.826,3.0,5558.0
6.098713263000462,-2.54035,2.68232,12.69646,-0.10792,-3.7787,0.33886,-3.06974,1.68159,8.93999,-0.05012,-3.83423,0.25888,81.826,3.0,5558.0
6.103713263000462,-2.62154,2.8928,13.00417,-0.10085,-3.79077,0.33418,-3.00997,1.77098,9.11867,-0.04095,-3.84896,0.2438,81.826,3.0,5558.0
6.108713263000462,-2.69181,3.0127,13.28455,-0.07901,-3.81459,0.32001,-2.9502,1.86037,9.29735,-0.03177,-3.8637,0.22871,81.826,3.0,5600.893
6.113713263000463,-2.75797,3.09854,13.55463,-0.05162,-3.84283,0.30227,-3.05943,1.98651,9.4904,-0.02259,-3.87843,0.21362,81.826,3.0,5617.0
6.118713263000463,-2.82413,3.18438,13.82472,-0.02423,-3.87107,0.28454,-3.2321,2.12643,9.68885,-0.01341,-3.89317,0.19853,81.826,3.0,5612.632
6.123713263000463,-2.89029,3.27021,14.09481,0.00317,-3.89931,0.2668,-3.40477,2.26635,9.88731,-0.00424,-3.9079,0.18345,81.826,3.0,5611.0
6.128713263000463,-2.95645,3.35605,14.3649,0.03056,-3.92755,0.24907,-3.57743,2.40628,10.08576,0.00494,-3.92264,0.16836,81.826,4.456,5611.0
6.1337132630004625,-3.02261,3.44189,14.63499,0.05795,-3.95579,0.23133,-3.7501,2.5462,10.28421,0.01412,-3.93738,0.15327,81.826,5.0,5611.0
6.138713263000462,-3.2288,3.50682,14.72274,0.08747,-3.95044,0.15035,-3.92276,2.68612,10.48266,0.02329,-3.95211,0.13818,81.826,5.0,5649.594
6.143713263000462,-3.48727,3.56394,14.74241,0.11778,-3.93254,0.04576,-4.01873,2.81569,10.55674,0.04272,-3.9453,0.07928,81.826,5.0,5664.0
6.148713263000462,-3.74575,3.62106,14.76207,0.14808,-3.91465,-0.05883,-4.08606,2.9414,10.5844,0.06597,-3.93044,0.00403,81.826,2.088,5664.0
6.153713263000463,-4.00422,3.67819,14.78174,0.17839,-3.89675,-0.16343,-4.15339,3.06711,10.61207,0.08922,-3.91558,-0.07122,81.826,1.0,5664.0
6.158713263000463,-4.26269,3.73531,14.8014,0.2087,-3.87885,-0.26802,-4.22072,3.19281,10.63973,0.11246,-3.90072,-0.14648,81.826,1.0,5422.403
6.163713263000463,-4.52116,3.79243,14.82107,0.23901,-3.86095,-0.37261,-4.22836,3.20938,10.65547,0.13571,-3.88586,-0.22173,81.826,1.0,5332.0
6.168713263000463,-4.77964,3.84955,14.84073,0.26931,-3.84306,-0.4772,-4.21364,3.18508,10.66673,0.15896,-3.871,-0.29698,81.826,3.183,5332.0
6.1737132630004625,-4.85808,3.66242,14.80075,0.28685,-3.82508,-0.55761,-4.19892,3.16077,10.678,0.18221,-3.85614,-0.37224,81.826,4.0,5332.0
6.178713263000462,-4.86923,3.38397,14.73847,0.29961,-3.80708,-0.62898,-4.1842,3.13646,10.68927,0.20546,-3.84128,-0.44749,81.826,4.0,5122.988
6.183713263000462,-4.88039,3.10553,14.6762,0.31237,-3.78908,-0.70034,-4.16948,3.11215,10.70054,0.22871,-3.82643,-0.52274,81.826,4.0,5042.0
6.188713263000462,-4.89154,2.82709,14.61392,0.32513,-3.77108,-0.77171,-4.15476,3.08784,10.7118,0.26174,-3.78652,-0.68397,81.826,3.273,5042.0
6.193713263000462,-4.82914,2.60597,14.59169,0.3379,-3.75308,-0.84308,-4.14004,3.06353,10.72307,0.29844,-3.73723,-0.87742,81.826,3.0,5042.0
6.198713263000463,-4.73918,2.40635,14.58447,0.35066,-3.73508,-0.91444,-4.12532,3.03922,10.73434,0.33515,-3.68794,-1.07087,81.826,3.0,5026.723
6.203713263000463,-4.64922,2.20673,14.57725,0.36342,-3.71708,-0.98581,-4.1106,3.01491,10.74561,0.37185,-3.63864,-1.26432,81.826,3.727,5021.0
6.208713263000463,-4.55926,2.0071,14.57002,0.37618,-3.69908,-1.05717,-3.7311,2.84558,10.82307,0.38464,-3.59112,-1.30734,81.826,4.0,5021.0
6.213713263000463,-4.4693,1.80748,14.5628,0.38894,-3.68108,-1.12854,-3.21443,2.62171,10.92542,0.38843,-3.54425,-1.29381,81.826,4.0,5001.364
6.2187132630004625,-4.37934,1.60785,14.55558,0.4017,-3.66308,-1.19991,-2.69777,2.39784,11.02777,0.39222,-3.49739,-1.28027,81.89,4.0,4994.0
6.223713263000462,-4.28938,1.40823,14.54836,0.40653,-3.61874,-1.20643,-2.1811,2.17398,11.13012,0.39602,-3.45053,-1.26673,81.914,4.0,4994.0
6.228713263000462,-4.19942,1.20861,14.54114,0.40836,-3.56447,-1.18852,-1.66443,1.95011,11.23247,0.39981,-3.40366,-1.25319,81.914,4.0,4994.0
6.233713263000462,-4.10946,1.00898,14.53391,0.41019,-3.5102,-1.1706,-1.31148,1.68799,11.2479,0.40361,-3.3568,-1.23965,81.914,4.0,5084.198
6.238713263000463,-4.07925,0.90283,14.42749,0.41202,-3.45593,-1.15269,-1.01993,1.41152,11.23074,0.4074,-3.30994,-1.22612,81.914,2.544,5118.0
6.243713263000463,-4.07144,0.83169,14.2839,0.41385,-3.40166,-1.13478,-0.72838,1.13506,11.21358,0.4112,-3.26307,-1.21258,81.914,2.0,5118.0
6.248713263000463,-4.06363,0.76055,14.1403,0.41569,-3.34739,-1.11686,-0.43684,0.85859,11.19642,0.41499,-3.21621,-1.19904,81.914,2.0,5156.565
6.253713263000463,-4.05581,0.68941,13.99671,0.41752,-3.29312,-1.09895,-0.14529,0.58212,11.17926,0.41879,-3.16935,-1.1855,81.914,1.272,5171.0
6.2587132630004625,-4.048,0.61828,13.85312,0.41935,-3.23885,-1.08103,-0.03219,0.46673,11.11456,0.43277,-3.09177,-1.13923,81.978,1.0,5171.0
6.263713263000462,-4.04019,0.54714,13.70953,0.42118,-3.18459,-1.06312,0.01416,0.41158,11.03208,0.45057,-3.0027,-1.08072,81.938,1.0,5171.0
6.268713263000462,-4.24342,0.61407,13.45252,0.44167,-3.06606,-0.99714,0.0605,0.35643,10.9496,0.46836,-2.91363,-1.02221,81.978,1.0,5814.746
6.273713263000462,-4.52555,0.73262,13.15311,0.46914,-2.92352,-0.9132,0.10685,0.30129,10.86712,0.48616,-2.82456,-0.9637,82.002,1.0,6055.0
6.278713263000463,-4.80769,0.85117,12.85371,0.49661,-2.78097,-0.82925,0.1532,0.24614,10.78464,0.50395,-2.73549,-0.90519,82.002,1.0,6400.386
6.283713263000463,-5.08982,0.96972,12.5543,0.52408,-2.63843,-0.7453,0.19955,0.19099,10.70216,0.52175,-2.64642,-0.84668,82.002,1.0,6530.0
6.288713263000463,-5.37196,1.08827,12.25489,0.55154,-2.49588,-0.66135,0.24589,0.13584,10.61969,0.53955,-2.55735,-0.78817,82.002,0.272,6530.0
6.293713263000463,-5.65409,1.20682,11.95548,0.57901,-2.35334,-0.57741,0.29224,0.08069,10.53721,0.55734,-2.46829,-0.72966,82.002,0.0,6530.0
6.2987132630004625,-6.37093,1.04663,11.59047,0.58128,-2.20082,-0.51491,0.33859,0.02554,10.45473,0.57514,-2.37922,-0.67115,82.002,0.0,6684.186
6.303713263000462,-7.25044,0.78213,11.20091,0.57413,-2.04458,-0.46044,0.32399,0.03244,10.46262,0.56608,-2.17242,-0.5958,82.002,0.0,6742.0
6.308713263000462,-8.12994,0.51764,10.81135,0.56697,-1.88833,-0.40596,0.28651,0.06261,10.50443,0.54695,-1.92144,-0.51414,82.002,1.453,6742.0
6.313713263000462,-9.00945,0.25314,10.42179,0.55981,-1.73208,-0.35149,0.24903,0.09279,10.54623,0.52782,-1.67046,-0.43247,82.002,2.0,6725.288
6.318713263000462,-9.74359,-0.00895,10.34706,0.55265,-1.57584,-0.29702,0.21155,0.12296,10.58804,0.50869,-1.41948,-0.3508,82.066,2.0,6719.0
6.323713263000463,-10.42296,-0.27014,10.39094,0.54549,-1.41959,-0.24255,0.17408,0.15314,10.62984,0.48956,-1.1685,-0.26914,82.09,2.725,6719.0
6.328713263000463,-11.10232,-0.53133,10.43482,0.53834,-1.26334,-0.18808,0.1366,0.18331,10.67165,0.47043,-0.91753,-0.18747,82.09,3.0,6719.0
6.333713263000463,-11.78169,-0.79252,10.4787,0.53118,-1.1071,-0.13361,0.27209,-0.01089,11.03775,0.4167,-0.57783,0.06041,82.09,3.0,6985.187
6.338713263000463,-12.46106,-1.05371,10.52258,0.52402,-0.95085,-0.07913,0.47277,-0.28967,11.52609,0.34994,-0.2047,0.37093,81.962,3.0,7085.0
6.3437132630004625,-13.14043,-1.3149,10.56646,0.51686,-0.7946,-0.02466,0.67345,-0.56845,12.01443,0.28318,0.16843,0.68146,81.914,3.0,7085.0
6.348713263000462,-13.8198,-1.57609,10.61034,0.45542,-0.46917,0.16478,0.87414,-0.84722,12.50276,0.21642,0.54156,0.99198,81.85,3.0,7085.0
6.353713263000462,-14.49916,-1.83728,10.65422,0.37351,-0.0799,0.40515,1.07482,-1.126,12.9911,0.14966,0.91469,1.30251,81.762,3.0,13069.674
6.358713263000462,-13.69101,-2.05557,11.07133,0.29159,0.30937,0.64552,1.73139,-1.30541,13.36589,0.0829,1.28782,1.61303,81.674,3.0,15316.0
6.363713263000463,-12.32384,-2.25773,11.62869,0.20967,0.69864,0.88588,2.55928,-1.44747,13.69802,0.01614,1.66095,1.92356,81.523,3.726,15316.0
6.368713263000463,-10.95668,-2.45989,12.18606,0.12775,1.08791,1.12625,3.38718,-1.58953,14.03015,0.00185,1.78013,1.91482,81.347,4.0,20792.7
6.373713263000463,-9.58952,-2.66205,12.74342,0.04583,1.47718,1.36662,4.21507,-1.7316,14.36227,0.00728,1.80383,1.78606,81.171,4.0,22852.0
6.378713263000463,-8.22236,-2.86421,13.30079,-0.03609,1.86645,1.60699,5.04296,-1.87366,14.6944,0.01272,1.82754,1.65731,81.059,4.0,22852.0
6.3837132630004625,-6.8552,-3.06637,13.85815,-0.11801,2.25572,1.84736,5.87086,-2.01573,15.02653,0.01815,1.85125,1.52855,80.907,5.453,22852.0
6.388713263000462,-5.48804,-3.26853,14.41552,-0.16429,2.39704,1.75098,6.69875,-2.15779,15.35865,0.02358,1.87496,1.39979,80.731,6.0,24437.29
6.393713263000462,-4.12088,-3.47069,14.97288,-0.19715,2.44504,1.52784,6.08556,-1.63372,14.36524,0.02902,1.89867,1.27103,80.556,6.0,25030.0
6.398713263000462,-3.07581,-3.32041,14.47491,-0.23001,2.49304,1.30471,4.93494,-0.86123,12.87747,0.03445,1.92237,1.14227,80.38,5.272,25030.0
6.403713263000462,-2.15122,-3.03832,13.58223,-0.26287,2.54103,1.08158,3.78431,-0.08874,11.3897,0.03988,1.94608,1.01352,80.141,5.0,25254.307
6.408713263000463,-1.22662,-2.75623,12.68955,-0.29573,2.58903,0.85845,2.63368,0.68375,9.90194,0.04532,1.96979,0.88476,79.94,5.0,25339.0
6.413713263000463,-0.30203,-2.47413,11.79686,-0.32859,2.63702,0.63531,1.48305,1.45624,8.41417,0.05075,1.9935,0.756,79.701,5.0,25339.0
6.418713263000463,0.62257,-2.19204,10.90418,-0.36145,2.68502,0.41218,1.00757,1.49273,7.87373,0.04479,1.98066,0.60981,79.437,5.0,25339.0
6.4237132630004625,1.54716,-1.90994,10.0115,-0.39431,2.73301,0.18905,0.78439,1.25418,7.68731,0.03458,1.95417,0.4571,79.238,5.0,25759.505
6.428713263000462,1.72347,-1.5957,9.79466,-0.35136,2.71481,0.04161,0.5612,1.01562,7.50089,0.02436,1.92768,0.3044,78.998,3.547,25918.0
6.433713263000462,1.61689,-1.2693,9.83332,-0.27975,2.67158,-0.07721,0.33802,0.77707,7.31447,0.01415,1.90119,0.15169,78.862,3.0,26102.364
6.438713263000462,1.51031,-0.9429,9.87199,-0.20813,2.62835,-0.19603,0.11483,0.53851,7.12804,0.00393,1.8747,-0.00102,78.646,3.0,26172.0
6.443713263000462,1.40373,-0.6165,9.91066,-0.13652,2.58512,-0.31485,-0.10835,0.29996,6.94162,-0.00628,1.84821,-0.15372,78.51,3.0,26172.0
6.448713263000463,1.29715,-0.2901,9.94933,-0.06491,2.54189,-0.43367,-0.33154,0.0614,6.7552,-0.0165,1.82172,-0.30643,78.422,2.273,26172.0
6.453713263000463,1.19057,0.03631,9.98799,0.0067,2.49866,-0.55249,-0.55472,-0.17715,6.56878,-0.02671,1.79523,-0.45914,78.398,2.0,26172.0
6.458713263000463,1.27047,0.37824,10.71569,0.03698,2.35476,-0.56863,-0.51779,-0.05759,6.96319,-0.0307,1.75999,-0.53479,78.462,2.0,26120.396
6.463713263000463,1.42043,0.72602,11.70218,0.05172,2.17305,-0.54619,-0.38316,0.19649,7.57576,-0.03235,1.72145,-0.58151,78.486,2.0,26101.0
6.4687132630004625,1.57038,1.07379,12.68867,0.06647,1.99134,-0.52376,-0.24853,0.45056,8.18834,-0.034,1.68291,-0.62823,78.742,2.727,26101.0
6.473713263000462,1.72034,1.42156,13.67516,0.08122,1.80962,-0.50133,-0.1139,0.70464,8.80091,-0.03565,1.64438,-0.67495,78.838,3.0,26101.0
6.478713263000462,1.87029,1.76933,14.66165,0.09597,1.62791,-0.4789,0.02073,0.95871,9.41348,-0.0373,1.60584,-0.72166,79.029,3.0,26111.171
6.483713263000462,1.75237,1.93762,14.5395,0.11072,1.4462,-0.45647,-0.66934,1.38723,9.53306,-0.03895,1.5673,-0.76838,79.165,3.0,26115.0
6.488713263000463,1.53339,2.03818,13.99908,0.12547,1.26449,-0.43404,-1.67056,1.88155,9.46663,-0.0406,1.52877,-0.8151,79.253,940.791,26115.0
6.493713263000463,1.3144,2.13875,13.45866,0.14022,1.08277,-0.4116,-2.67178,2.37588,9.40021,-0.04225,1.49023,-0.86182,79.341,1301.0,26115.0
6.498713263000463,1.09542,2.23932,12.91825,0.15496,0.90106,-0.38917,-3.67299,2.8702,9.33379,-0.0439,1.45169,-0.90853,79.493,1301.0,26178.108
6.503713263000463,0.87644,2.33989,12.37783,0.16971,0.71935,-0.36674,-4.67421,3.36453,9.26737,-0.04555,1.41316,-0.95525,79.605,1301.0,26202.0
6.5087132630004625,0.65745,2.44046,11.83742,0.14609,0.66548,-0.36657,-5.67542,3.85885,9.20095,-0.08233,1.37188,-0.92116,79.757,2441.596,26202.0
6.513713263000462,0.43847,2.54103,11.297,0.10809,0.65945,-0.37474,-6.67664,4.35318,9.13453,-0.13226,1.32959,-0.85682,79.932,2871.0,26202.0
6.518713263000462,0.49053,2.5406,11.08062,0.0701,0.65343,-0.3829,-5.72228,4.23912,9.13746,-0.18219,1.28729,-0.79248,80.108,2871.0,25931.425
6.523713263000462,0.64429,2.50229,10.9858,0.03211,0.6474,-0.39107,-4.0342,3.89681,9.16642,-0.23213,1.24499,-0.72814,80.284,3854.883,25830.0
6.528713263000462,0.79804,2.46397,10.89099,-0.00588,0.64138,-0.39923,-2.34613,3.55449,9.19538,-0.22206,1.20541,-0.66469,80.46,4224.0,25830.0
6.533713263000463,0.9518,2.42566,10.79617,-0.04387,0.63536,-0.4074,-0.65805,3.21218,9.22434,-0.18948,1.16685,-0.60156,80.7,4224.0,25547.681
6.538713263000463,1.10556,2.38734,10.70136,-0.08187,0.62933,-0.41556,1.03002,2.86986,9.2533,-0.15689,1.12829,-0.53844,80.771,4224.0,25442.0
6.543713263000463,1.25931,2.34903,10.60654,-0.11986,0.62331,-0.42372,2.7181,2.52755,9.28226,-0.12431,1.08973,-0.47532,81.027,5374.251,25442.0
6.5487132630004625,1.41307,2.31071,10.51173,-0.11849,0.58196,-0.39453,4.40617,2.18523,9.31122,-0.09172,1.05118,-0.4122,81.251,5805.0,25442.0
6.553713263000462,1.56682,2.2724,10.41691,-0.10237,0.52736,-0.35133,6.09425,1.84292,9.34018,-0.05914,1.01262,-0.34908,81.427,5805.0,25111.974
6.558713263000462,1.49055,2.10225,10.40998,-0.08625,0.47276,-0.30813,4.89132,1.30136,9.3108,-0.02655,0.97406,-0.28596,81.602,5805.0,24988.0
6.563713263000462,1.32785,1.88257,10.43607,-0.07012,0.41816,-0.26492,2.6021,0.68494,9.2595,0.00603,0.9355,-0.22284,81.778,6194.871,24988.0
6.568713263000462,1.16515,1.66289,10.46216,-0.054,0.36355,-0.22172,0.31289,0.06852,9.2082,0.03862,0.89694,-0.15972,81.954,6341.0,24988.0
6.573713263000463,1.00245,1.44321,10.48825,-0.03787,0.30895,-0.17852,-1.97633,-0.5479,9.1569,0.0712,0.85838,-0.0966,82.13,6341.0,25036.717
6.578713263000463,0.83975,1.22352,10.51435,-0.02175,0.25435,-0.13532,-2.38422,-0.57331,9.22146,0.08767,0.82823,-0.06506,82.37,7733.696,25055.0
6.583713263000463,0.67705,1.00384,10.54044,-0.00563,0.19975,-0.09211,-2.08556,-0.37676,9.32952,0.09809,0.80125,-0.04538,82.569,8255.0,25055.0
6.588713263000463,0.58498,0.99009,10.58171,0.00229,0.16791,-0.07063,-1.7869,-0.18021,9.43758,0.10851,0.77427,-0.02569,82.681,8255.0,25378.216
6.5937132630004625,0.51948,1.05381,10.6287,0.00713,0.14463,-0.05731,-1.48824,0.01635,9.54564,0.11892,0.74729,-0.00601,82.897,8255.0,25500.0
6.598713263000462,0.45398,1.11753,10.67568,0.01196,0.12135,-0.044,-1.18957,0.2129,9.65371,0.12934,0.72031,0.01367,83.096,8255.0,25500.0
6.603713263000462,0.38849,1.18125,10.72267,0.01679,0.09807,-0.03068,-0.89091,0.40945,9.76177,0.13976,0.69332,0.03335,83.336,8811.992,25500.0
6.608713263000462,0.32299,1.24497,10.76966,0.02163,0.07479,-0.01736,-0.59225,0.606,9.86983,0.15018,0.66634,0.05304,83.536,9022.0,25500.0
6.613713263000463,0.27062,1.29915,10.78394,0.02646,0.05151,-0.00405,-0.29358,0.80256,9.9779,0.16059,0.63936,0.07272,83.712,9022.0,25297.166
6.618713263000463,0.22323,1.34971,10.78584,0.03129,0.02823,0.00927,-0.07962,1.05995,10.0463,0.15723,0.6335,0.08709,83.888,9022.0,25221.0
6.623713263000463,0.17583,1.40028,10.78775,0.03612,0.00495,0.02259,0.10264,1.34012,10.09984,0.14871,0.63555,0.09946,84.127,9523.19,25221.0
6.628713263000463,0.12843,1.45084,10.78965,0.04096,-0.01833,0.0359,0.28489,1.6203,10.15339,0.1402,0.6376,0.11184,84.389,9712.0,25221.0
6.6337132630004625,0.08104,1.5014,10.79156,0.03078,-0.02449,0.04379,0.46714,1.90047,10.20694,0.13168,0.63965,0.12422,84.59,9712.0,25271.785
6.638713263000462,0.03364,1.55197,10.79346,0.01475,-0.02399,0.04958,0.40688,2.06918,10.2365,0.12316,0.6417,0.1366,84.703,9712.0,25291.0
6.643713263000462,-0.01376,1.60253,10.79537,-0.00128,-0.02348,0.05536,0.25587,2.19617,10.25708,0.11464,0.64375,0.14897,84.854,10425.366,25291.0
6.648713263000462,-0.06115,1.65309,10.79727,-0.01731,-0.02298,0.06114,0.10485,2.32317,10.27766,0.10612,0.6458,0.16135,85.029,10694.0,25291.0
6.653713263000462,-0.10855,1.70366,10.79918,-0.03334,-0.02247,0.06692,-0.04617,2.45016,10.29824,0.09761,0.64785,0.17373,85.205,10694.0,25211.31
6.658713263000463,-0.1284,1.70758,10.79763,-0.04098,-0.01665,0.0633,-0.19718,2.57716,10.31882,0.08909,0.6499,0.18611,85.381,11549.56,25181.0
6.663713263000463,-0.13795,1.69409,10.79479,-0.04548,-0.00884,0.05618,-0.3482,2.70415,10.3394,0.07573,0.63631,0.1802,85.557,11875.0,25181.0
6.668713263000463,-0.14751,1.6806,10.79194,-0.04999,-0.00103,0.04906,-0.49922,2.83115,10.35998,0.06052,0.61672,0.16728,85.668,11875.0,25181.0
6.6737132630004625,-0.15706,1.66711,10.7891,-0.0545,0.00677,0.04193,-0.64691,2.78519,10.31422,0.04532,0.59714,0.15437,85.82,11875.0,25235.153
6.678713263000462,-0.16662,1.65362,10.78626,-0.059,0.01458,0.03481,-0.79323,2.6681,10.24118,0.03011,0.57755,0.14145,85.933,12320.555,25256.0
6.683713263000462,-0.17782,1.64741,10.76166,-0.06351,0.02239,0.02768,-0.93955,2.55102,10.16814,0.0149,0.55796,0.12854,86.021,12487.0,25256.0
6.688713263000462,-0.18963,1.64393,10.72894,-0.06802,0.0302,0.02056,-1.08587,2.43394,10.0951,-0.00031,0.53838,0.11562,86.173,12487.0,24850.749
6.693713263000462,-0.20145,1.64044,10.69622,-0.07252,0.03801,0.01343,-1.23219,2.31685,10.02206,-0.01551,0.51879,0.10271,86.221,12487.0,24699.0
6.698713263000463,-0.21326,1.63696,10.66351,-0.07703,0.04581,0.00631,-1.37851,2.19977,9.94902,-0.03072,0.4992,0.0898,86.285,12487.0,24699.0
6.703713263000463,-0.22508,1.63347,10.63079,-0.07411,0.05612,-0.00091,-1.40587,2.09402,9.91978,-0.03599,0.47587,0.07028,86.372,12566.218,24699.0
6.708713263000463,-0.23689,1.62999,10.59807,-0.0684,0.06737,-0.00816,-1.3886,1.99252,9.90696,-0.03753,0.45113,0.04829,86.461,12596.0,24699.0
6.713713263000463,-0.24871,1.62651,10.56535,-0.0627,0.07861,-0.01541,-1.37133,1.89103,9.89415,-0.03907,0.42639,0.0263,86.484,12596.0,24715.755
6.7187132630004625,-0.22151,1.58338,10.54997,-0.05699,0.08986,-0.02266,-1.35406,1.78953,9.88133,-0.0406,0.40165,0.00431,86.484,13222.454,24722.0
6.723713263000462,-0.17974,1.52545,10.54106,-0.05129,0.1011,-0.02991,-1.33679,1.68804,9.86852,-0.04214,0.37691,-0.01768,86.548,13462.0,24722.0
6.728713263000462,-0.13798,1.46752,10.53214,-0.04558,0.11235,-0.03716,-1.31952,1.58654,9.8557,-0.04368,0.35217,-0.03967,86.572,13462.0,23998.734
6.733713263000462,-0.09621,1.4096,10.52323,-0.03988,0.12359,-0.04441,-1.30225,1.48505,9.84288,-0.04522,0.32743,-0.06166,86.572,13462.0,23725.0
6.738713263000462,-0.05444,1.35167,10.51432,-0.03417,0.13484,-0.05166,-1.13402,1.5095,9.84524,-0.04524,0.31804,-0.07481,86.572,13387.277,23725.0
6.743713263000463,-0.01268,1.29374,10.5054,-0.02847,0.14608,-0.05891,-0.90879,1.58151,9.85333,-0.04469,0.31446,-0.08462,86.572,13357.0,23725.0
6.748713263000463,0.014,1.30749,10.49845,-0.02716,0.16158,-0.0683,-0.68355,1.65352,9.86142,-0.04414,0.31087,-0.09443,86.572,13357.0,23785.331
6.753713263000463,0.03497,1.34829,10.49224,-0.02751,0.17868,-0.07849,-0.45832,1.72553,9.86951,-0.04359,0.30728,-0.10424,86.572,13357.0,23808.0
6.7587132630004625,0.05595,1.3891,10.48603,-0.02786,0.19577,-0.08867,-0.38684,1.72629,9.85652,-0.04304,0.30369,-0.11406,86.572,14236.059,23808.0
6.763713263000462,0.07692,1.4299,10.47982,-0.02821,0.21287,-0.09886,-0.37287,1.70041,9.83564,-0.04249,0.30011,-0.12387,86.636,14567.0,23808.0
6.768713263000462,0.0979,1.47071,10.47361,-0.02857,0.22997,-0.10905,-0.35889,1.67453,9.81477,-0.04194,0.29652,-0.13368,86.66,14567.0,23577.76
6.773713263000462,0.11888,1.51152,10.4674,-0.02892,0.24707,-0.11924,-0.34492,1.64865,9.79389,-0.04139,0.29293,-0.14349,86.66,14567.0,23491.0
6.778713263000462,0.13985,1.55232,10.46119,-0.02927,0.26416,-0.12943,-0.33094,1.62277,9.77301,-0.04084,0.28935,-0.1533,86.66,14835.963,23491.0
6.783713263000463,0.14589,1.52129,10.4405,-0.02914,0.26801,-0.13092,-0.31696,1.59688,9.75214,-0.03918,0.28932,-0.15443,86.66,14937.0,23491.0
6.788713263000463,0.14628,1.46312,10.41434,-0.02882,0.26684,-0.12913,-0.30299,1.571,9.73126,-0.0371,0.29063,-0.15228,86.66,14937.0,23376.539
6.793713263000463,0.14667,1.40496,10.38818,-0.02851,0.26568,-0.12734,-0.28901,1.54512,9.71039,-0.03503,0.29194,-0.15013,86.66,14937.0,23333.0
6.7987132630004625,0.14706,1.34679,10.36202,-0.0282,0.26451,-0.12555,-0.28425,1.52034,9.70355,-0.03295,0.29326,-0.14797,86.66,15064.564,23333.0
6.803713263000462,0.16052,1.3447,10.35906,-0.02789,0.26335,-0.12376,-0.28305,1.49599,9.70213,-0.03087,0.29457,-0.14582,86.66,15113.0,23333.0
6.808713263000462,0.1789,1.36376,10.36486,-0.02757,0.26218,-0.12196,-0.28185,1.47163,9.70071,-0.0288,0.29588,-0.14367,86.724,15113.0,23115.304
6.813713263000462,0.19728,1.38283,10.37067,-0.02726,0.26102,-0.12017,-0.28065,1.44728,9.69929,-0.02672,0.2972,-0.14152,86.748,15113.0,23034.0
6.818713263000462,0.21566,1.4019,10.37647,-0.02695,0.25986,-0.11838,-0.27944,1.42292,9.69787,-0.02464,0.29851,-0.13936,86.748,15759.945,23034.0
6.823713263000463,0.23405,1.42097,10.38228,-0.02664,0.25869,-0.11659,-0.27824,1.39857,9.69645,-0.02325,0.29898,-0.13223,86.748,16003.0,23176.972
6.828713263000463,0.25243,1.44003,10.38808,-0.02653,0.25798,-0.11324,-0.27704,1.37421,9.69503,-0.02212,0.29913,-0.12322,86.748,16003.0,23231.0
6.833713263000463,0.27081,1.4591,10.39388,-0.02651,0.25745,-0.1093,-0.27584,1.34985,9.69361,-0.02098,0.29929,-0.11422,86.812,16377.21,23231.0
6.838713263000463,0.27142,1.46503,10.39952,-0.02649,0.25692,-0.10536,-0.25557,1.38378,9.72778,-0.01985,0.29944,-0.10522,86.836,16519.0,23093.647
6.8437132630004625,0.26527,1.46595,10.40508,-0.02647,0.25638,-0.10142,-0.22805,1.43991,9.77551,-0.01872,0.29959,-0.09621,86.836,16519.0,23042.0
6.848713263000462,0.25911,1.46688,10.41065,-0.02645,0.25585,-0.09748,-0.20052,1.49604,9.82325,-0.01758,0.29974,-0.08721,86.836,16519.0,23042.0
6.853713263000462,0.25296,1.4678,10.41622,-0.02643,0.25532,-0.09354,-0.17299,1.55217,9.87098,-0.01645,0.2999,-0.0782,86.836,16714.463,23042.0
6.858713263000462,0.2468,1.46873,10.42179,-0.02641,0.25478,-0.0896,-0.14546,1.6083,9.91871,-0.01531,0.30005,-0.0692,86.836,16788.0,23042.0
6.863713263000462,0.24064,1.46965,10.42736,-0.02639,0.25425,-0.08566,-0.12503,1.6252,9.94284,-0.01592,0.30656,-0.0702,86.9,16788.0,23288.789
6.868713263000463,0.23449,1.47058,10.43292,-0.02533,0.26384,-0.08729,-0.10725,1.62742,9.95812,-0.01717,0.31544,-0.07495,86.924,16788.0,23381.0
6.873713263000463,0.22833,1.4715,10.43849,-0.0239,0.2772,-0.09098,-0.08947,1.62965,9.97341,-0.01843,0.32433,-0.0797,86.924,17165.162,23381.0
6.878713263000463,0.22218,1.47242,10.44406,-0.02246,0.29057,-0.09468,-0.0717,1.63187,9.9887,-0.01968,0.33322,-0.08445,86.924,17310.0,23381.0
6.8837132630004625,0.18475,1.46458,10.45559,-0.02103,0.30394,-0.09838,-0.05392,1.63409,10.00399,-0.02094,0.3421,-0.0892,86.924,17310.0,23084.057
6.888713263000462,0.13559,1.45344,10.46937,-0.01959,0.3173,-0.10208,-0.03614,1.63632,10.01928,-0.02219,0.35099,-0.09396,86.924,17310.0,22973.0
6.893713263000462,0.08644,1.44231,10.48314,-0.01815,0.33067,-0.10578,-0.01836,1.63854,10.03456,-0.02345,0.35988,-0.09871,86.924,17530.915,22973.0
6.898713263000462,0.03729,1.43118,10.49691,-0.01672,0.34404,-0.10947,0.06998,1.65915,10.06331,-0.02666,0.37684,-0.10017,86.924,17614.0,22973.0
6.903713263000462,0.01689,1.43285,10.50201,-0.01817,0.36669,-0.11171,0.1849,1.68668,10.09712,-0.0306,0.39684,-0.10039,86.924,17614.0,22836.365
6.908713263000463,0.00722,1.43931,10.50387,-0.02069,0.3928,-0.11339,0.29983,1.71421,10.13093,-0.03455,0.41684,-0.10061,86.924,17614.0,22785.0
6.913713263000463,-0.00245,1.44576,10.50574,-0.02322,0.41892,-0.11508,0.41475,1.74174,10.16474,-0.03849,0.43683,-0.10084,86.924,17942.393,22785.0
6.918713263000463,-0.01212,1.45222,10.5076,-0.02575,0.44504,-0.11676,0.52968,1.76927,10.19855,-0.04244,0.45683,-0.10106,86.924,18069.0,22471.838
6.9237132630004625,-0.0218,1.45868,10.50947,-0.02828,0.47115,-0.11845,0.55288,1.7739,10.20852,-0.04639,0.47683,-0.10128,86.924,18069.0,22353.0
6.928713263000462,-0.03147,1.46513,10.51133,-0.0308,0.49727,-0.12014,0.54161,1.76993,10.20954,-0.05033,0.49683,-0.10151,86.924,18069.0,22353.0
6.933713263000462,-0.04114,1.47159,10.51319,-0.03333,0.52338,-0.12182,0.53034,1.76595,10.21056,-0.05428,0.51683,-0.10173,86.924,18206.501,22353.0
6.938713263000462,-0.05081,1.47805,10.51506,-0.03586,0.5495,-0.12351,0.51907,1.76198,10.21158,-0.05822,0.53683,-0.10195,86.924,18259.0,22353.0
6.943713263000462,-0.07554,1.46046,10.50238,-0.03527,0.57338,-0.12516,0.50779,1.75801,10.2126,-0.06217,0.55683,-0.10218,86.924,18259.0,21860.975
6.948713263000462,-0.10594,1.4338,10.48421,-0.03351,0.59641,-0.1268,0.49652,1.75403,10.21361,-0.0644,0.58362,-0.10282,86.924,18259.0,21676.0
6.953713263000463,-0.13635,1.40714,10.46604,-0.03175,0.61944,-0.12844,0.48525,1.75006,10.21463,-0.06598,0.61296,-0.10361,86.924,18472.112,21676.0
6.958713263000463,-0.16676,1.38048,10.44787,-0.02999,0.64247,-0.13008,0.46633,1.70803,10.19324,-0.06757,0.64229,-0.10441,86.924,18552.0,21676.0
6.963713263000463,-0.19716,1.35383,10.42971,-0.02823,0.6655,-0.13172,0.44453,1.65169,10.16343,-0.06915,0.67163,-0.1052,86.988,18552.0,21169.66
6.9687132630004625,-0.2193,1.34443,10.41976,-0.02648,0.68853,-0.13336,0.42273,1.59536,10.13362,-0.07074,0.70097,-0.106,86.948,18552.0,20978.0
6.973713263000462,-0.23831,1.34156,10.41294,-0.02472,0.71157,-0.135,0.40093,1.53903,10.10381,-0.07233,0.73031,-0.10679,86.924,18670.481,20978.0
6.978713263000462,-0.25732,1.3387,10.40611,-0.02296,0.7346,-0.13664,0.37914,1.4827,10.07401,-0.07391,0.75965,-0.10759,86.924,18715.0,20978.0
6.983713263000462,-0.27632,1.33583,10.39929,-0.0212,0.75763,-0.13829,0.35734,1.42637,10.0442,-0.07871,0.78154,-0.10779,86.924,18715.0,20601.942
6.988713263000462,-0.29533,1.33297,10.39246,-0.02575,0.78068,-0.13854,0.33554,1.37004,10.01439,-0.08478,0.80049,-0.10775,86.924,18979.286,20459.0
6.993713263000463,-0.31434,1.33011,10.38563,-0.03267,0.80374,-0.13827,0.28166,1.43623,10.00619,-0.09086,0.81944,-0.1077,86.924,19078.0,20459.0
6.998713263000463,-0.35932,1.37589,10.38377,-0.03959,0.82681,-0.138,0.21581,1.54816,10.00606,-0.09693,0.83838,-0.10766,86.924,19078.0,19933.143
7.003713263000463,-0.41406,1.43992,10.38378,-0.0465,0.84987,-0.13773,0.14995,1.6601,10.00594,-0.10301,0.85733,-0.10762,86.924,19078.0,19735.0
7.0087132630004625,-0.46879,1.50395,10.38378,-0.05342,0.87293,-0.13747,0.08409,1.77203,10.00581,-0.10908,0.87627,-0.10758,86.924,18984.2,19735.0
7.013713263000462,-0.52352,1.56798,10.38378,-0.06034,0.89599,-0.1372,0.01824,1.88396,10.00568,-0.11515,0.89522,-0.10754,86.924,18949.0,19735.0
7.018713263000462,-0.57825,1.63201,10.38378,-0.06725,0.91905,-0.13693,-0.04762,1.99589,10.00555,-0.12123,0.91417,-0.1075,86.924,18949.0,19735.0
7.023713263000462,-0.63298,1.69604,10.38379,-0.07417,0.94212,-0.13666,-0.11348,2.10782,10.00542,-0.1273,0.93311,-0.10746,86.924,18949.0,19099.565
7.028713263000462,-0.68772,1.76007,10.38379,-0.08109,0.96518,-0.1364,-0.17933,2.21975,10.00529,-0.13338,0.95206,-0.10742,86.924,18949.0,18862.0
7.033713263000463,-0.71452,1.7544,10.47442,-0.08768,0.98825,-0.13757,-0.30168,2.17818,10.07801,-0.13808,0.98609,-0.11523,86.924,19350.028,18862.0
7.038713263000463,-0.73081,1.72251,10.59915,-0.09416,1.01133,-0.13929,-0.44528,2.07887,10.17813,-0.14227,1.02578,-0.12601,86.924,19501.0,18377.294
7.043713263000463,-0.74711,1.69062,10.72387,-0.10063,1.03442,-0.14101,-0.58888,1.97955,10.27824,-0.14645,1.06548,-0.13678,86.924,19501.0,18187.0
7.0487132630004625,-0.7634,1.65873,10.8486,-0.10711,1.0575,-0.14273,-0.73248,1.88024,10.37836,-0.15064,1.10518,-0.14756,86.924,19417.485,18187.0
7.053713263000462,-0.7797,1.62685,10.97332,-0.11358,1.08058,-0.14445,-0.77037,1.77275,10.43541,-0.15175,1.1296,-0.1482,86.924,19386.0,18187.0
7.058713263000462,-0.79599,1.59496,11.09805,-0.12006,1.10366,-0.14617,-0.76833,1.66217,10.4762,-0.15171,1.14824,-0.14502,86.924,19386.0,18011.436
7.063713263000462,-0.81229,1.56307,11.22277,-0.12654,1.12674,-0.14789,-0.76628,1.55159,10.51698,-0.15167,1.16688,-0.14183,86.924,19386.0,17946.0
7.068713263000462,-0.9075,1.51766,11.24218,-0.12871,1.14803,-0.14651,-0.76423,1.44101,10.55776,-0.15163,1.18552,-0.13864,86.924,20120.672,17946.0
7.073713263000462,-1.03217,1.46721,11.22227,-0.12927,1.16865,-0.14398,-0.76218,1.33042,10.59854,-0.15158,1.20416,-0.13546,86.924,20396.0,17946.0
7.078713263000463,-1.15685,1.41676,11.20235,-0.12984,1.18927,-0.14146,-0.81221,1.34876,10.63964,-0.15154,1.2228,-0.13227,86.924,20396.0,17699.539
7.083713263000463,-1.28152,1.3663,11.18244,-0.1304,1.2099,-0.13893,-0.88195,1.41586,10.68085,-0.1515,1.24144,-0.12909,86.924,20396.0,17607.0
7.088713263000463,-1.4062,1.31585,11.16253,-0.13096,1.23052,-0.1364,-0.95169,1.48296,10.72207,-0.15146,1.26008,-0.1259,86.86,20812.56,17607.0
7.0937132630004625,-1.43984,1.33922,11.19811,-0.13153,1.25114,-0.13387,-1.02143,1.55007,10.76328,-0.15141,1.27872,-0.12272,86.836,20969.0,17607.0
7.098713263000462,-1.43913,1.39046,11.25464,-0.13209,1.27176,-0.13134,-1.09117,1.61717,10.80449,-0.15137,1.29737,-0.11953,86.836,20969.0,17195.5
7.103713263000462,-1.43842,1.4417,11.31117,-0.13266,1.29239,-0.12881,-1.16091,1.68428,10.84571,-0.15427,1.31694,-0.11816,86.836,20969.0,17041.0
7.108713263000462,-1.43771,1.49294,11.3677,-0.13322,1.31301,-0.12628,-1.23065,1.75138,10.88692,-0.15828,1.33686,-0.11747,86.772,20969.0,17041.0
7.113713263000462,-1.437,1.54419,11.42423,-0.13379,1.33363,-0.12375,-1.30039,1.81849,10.92813,-0.16228,1.35678,-0.11678,86.748,21669.799,17041.0
7.118713263000463,-1.43628,1.59543,11.48076,-0.14517,1.38703,-0.13365,-1.21825,1.86593,10.99083,-0.16629,1.3767,-0.11609,86.748,21937.0,16320.871
7.123713263000463,-1.43557,1.64667,11.53728,-0.1607,1.45296,-0.14831,-1.07799,1.90585,11.06174,-0.17029,1.39662,-0.1154,86.684,21937.0,16050.0
7.128713263000463,-1.43486,1.69791,11.59381,-0.17622,1.5189,-0.16296,-0.93774,1.94576,11.13265,-0.1743,1.41654,-0.11471,86.596,22216.196,16050.0
7.1337132630004625,-1.43415,1.74915,11.65034,-0.19175,1.58484,-0.17761,-0.79748,1.98568,11.20357,-0.1783,1.43646,-0.11402,86.572,22321.0,16050.0
7.138713263000462,-1.27189,1.78633,11.74673,-0.19366,1.63128,-0.17194,-0.65722,2.0256,11.27448,-0.18231,1.45638,-0.11333,86.508,22321.0,15224.993
7.143713263000462,-1.04909,1.81825,11.85805,-0.19047,1.67042,-0.15864,-0.51696,2.06551,11.34539,-0.18631,1.4763,-0.11264,86.484,22321.0,14916.0
7.148713263000462,-0.8263,1.85017,11.96937,-0.18727,1.70956,-0.14534,-0.40945,1.99376,11.38825,-0.18277,1.50447,-0.09105,86.484,22987.15,14916.0
7.153713263000462,-0.60351,1.88209,12.08068,-0.18408,1.7487,-0.13204,-0.3142,1.88022,11.4206,-0.1764,1.53572,-0.06165,86.421,23238.0,14916.0
7.158713263000462,-0.58969,1.877,12.13159,-0.18089,1.78784,-0.11875,-0.21894,1.76668,11.45295,-0.17003,1.56698,-0.03224,86.333,23238.0,12954.789
7.163713263000463,-0.65497,1.85791,12.15963,-0.1777,1.82698,-0.10545,-0.12368,1.65314,11.48531,-0.16366,1.59823,-0.00284,86.245,23118.603,12221.0
7.168713263000463,-0.72025,1.83881,12.18767,-0.1745,1.86611,-0.09215,-0.02843,1.5396,11.51766,-0.1573,1.62948,0.02656,86.157,23074.0,12221.0
7.1737132630004625,-0.78553,1.81971,12.21571,-0.17131,1.90525,-0.07886,0.06683,1.42606,11.55001,-0.15093,1.66074,0.05597,86.069,23074.0,10311.915
7.178713263000462,-0.85081,1.80062,12.24375,-0.16533,1.94282,-0.08374,-0.02632,1.42261,11.46767,-0.1446,1.68571,0.05548,85.981,23074.0,9574.0
7.183713263000462,-0.91609,1.78152,12.2718,-0.15826,1.97978,-0.09566,-0.19246,1.46182,11.34089,-0.13828,1.70824,0.04342,85.894,23525.28,9574.0
7.188713263000462,-0.98137,1.76243,12.29984,-0.1512,2.01674,-0.10759,-0.35859,1.50103,11.21411,-0.13197,1.73078,0.03135,85.806,23703.0,9574.0
7.193713263000462,-1.04665,1.74333,12.32788,-0.14413,2.0537,-0.11951,-0.52473,1.54024,11.08733,-0.12566,1.75331,0.01928,85.717,23703.0,7920.216
7.198713263000462,-1.10579,1.73998,12.3253,-0.13706,2.09066,-0.13144,-0.69087,1.57945,10.96055,-0.11934,1.77585,0.00722,85.629,23703.0,7301.0
7.203713263000463,-1.16264,1.74252,12.31128,-0.13,2.12762,-0.14336,-0.59643,1.54816,10.9353,-0.11303,1.79839,-0.00485,85.478,24143.565,7301.0
7.208713263000463,-1.21949,1.74506,12.29725,-0.12293,2.16458,-0.15529,-0.40458,1.49051,10.948,-0.10672,1.82092,-0.01691,85.302,24309.0,7301.0
7.213713263000463,-1.27633,1.7476,12.28322,-0.11587,2.20154,-0.16721,-0.21272,1.43287,10.96071,-0.1004,1.84346,-0.02898,85.254,24309.0,4584.078
7.2187132630004625,-1.33318,1.75014,12.2692,-0.1088,2.2385,-0.17913,-0.02086,1.37523,10.97341,-0.09409,1.86599,-0.04105,85.062,24309.0,3568.0
7.223713263000462,-1.39003,1.75268,12.25517,-0.10174,2.27545,-0.19106,0.17099,1.31758,10.98612,-0.08777,1.88853,-0.05311,84.927,24353.838,3568.0
7.228713263000462,-1.48903,1.79888,12.30725,-0.09232,2.35759,-0.21647,0.36285,1.25994,10.99882,-0.06026,1.9482,-0.06558,84.839,24371.0,3568.0
7.233713263000462,-1.60433,1.86197,12.38489,-0.08199,2.45719,-0.2471,0.55471,1.20229,11.01153,-0.02455,2.02223,-0.0782,84.751,24371.0,2415.457
7.238713263000462,-1.71962,1.92505,12.46252,-0.07167,2.55679,-0.27772,0.53692,1.12137,10.9069,0.01116,2.09625,-0.09082,84.663,6635.82,1983.0
7.243713263000463,-1.83492,1.98813,12.54016,-0.06134,2.65639,-0.30835,0.44057,1.03171,10.7583,0.04686,2.17028,-0.10344,84.511,3.0,1983.0
7.248713263000463,-1.95022,2.05121,12.61779,-0.05102,2.75598,-0.33898,0.34421,0.94206,10.6097,0.08257,2.24431,-0.11606,84.399,3.0,1533.068
7.253713263000463,-2.06551,2.11429,12.69542,-0.04069,2.85558,-0.3696,0.24785,0.85241,10.4611,0.11828,2.31833,-0.12867,84.311,17858.048,1364.0
7.2587132630004625,-2.34095,2.0224,12.82278,-0.01923,2.92255,-0.37926,0.1515,0.76275,10.3125,0.15399,2.39236,-0.14129,84.095,24554.0,1364.0
7.263713263000462,-2.67641,1.87244,12.96877,0.00641,2.9773,-0.38107,0.05514,0.6731,10.1639,0.1783,2.45175,-0.15431,83.96,24554.0,1203.28
7.268713263000462,-3.01187,1.72248,13.11476,0.03204,3.03204,-0.38287,-0.04122,0.58345,10.0153,0.19835,2.50566,-0.16747,83.872,24554.0,1143.0
7.273713263000462,-3.34733,1.57252,13.26075,0.05767,3.08679,-0.38468,-0.13758,0.4938,9.8667,0.2184,2.55957,-0.18064,83.72,24554.0,1143.0
7.278713263000462,-3.68279,1.42255,13.40674,0.08331,3.14153,-0.38648,-0.40575,0.50496,10.09492,0.23844,2.61348,-0.1938,83.48,24434.571,1143.0
7.283713263000462,-3.84344,1.36297,13.60345,0.10894,3.19627,-0.38829,-0.73821,0.55383,10.46411,0.25849,2.6674,-0.20696,83.28,24390.0,676.816
7.288713263000463,-3.93892,1.33708,13.81908,0.13458,3.25102,-0.3901,-1.07067,0.60271,10.83331,0.27854,2.72131,-0.22013,83.105,23611.043,502.0
7.293713263000463,-4.03439,1.3112,14.0347,0.16021,3.30576,-0.3919,-1.40313,0.65159,11.20251,0.29859,2.77522,-0.23329,83.057,23318.0,502.0
7.2987132630004625,-4.12986,1.28531,14.25033,0.18584,3.36051,-0.39371,-1.73558,0.70047,11.57171,0.31864,2.82913,-0.24645,82.736,23318.0,450.997
7.303713263000462,-4.22533,1.25943,14.46595,0.21148,3.41525,-0.39551,-2.20718,0.91598,11.62217,0.29654,2.83822,-0.25215,82.426,23318.0,432.0
7.308713263000462,-4.32081,1.23354,14.68158,0.23711,3.46999,-0.39732,-2.73069,1.19368,11.55369,0.25872,2.83058,-0.25505,82.162,22290.754,432.0
7.313713263000462,-4.41628,1.20766,14.8972,0.22688,3.4873,-0.38558,-3.2542,1.47138,11.48521,0.2209,2.82294,-0.25796,82.026,21905.0,432.0
7.318713263000462,-4.51175,1.18177,15.11283,0.2032,3.49057,-0.36876,-3.77772,1.74907,11.41673,0.18308,2.8153,-0.26087,81.874,21905.0,393.556
7.323713263000462,-4.32464,1.03369,15.03572,0.17953,3.49384,-0.35195,-4.30123,2.02677,11.34825,0.14525,2.80767,-0.26378,81.571,18836.514,379.0
7.328713263000463,-4.03191,0.83994,14.84921,0.15585,3.4971,-0.33513,-4.82474,2.30447,11.27977,0.10743,2.80003,-0.26669,81.283,17683.0,379.0
7.333713263000463,-3.73919,0.64619,14.66271,0.13217,3.50037,-0.31832,-5.34826,2.58216,11.21129,0.06961,2.79239,-0.26959,81.019,17683.0,338.97
7.338713263000463,-3.44646,0.45244,14.4762,0.10849,3.50364,-0.3015,-5.28493,2.63797,10.68801,0.03249,2.73954,-0.26074,80.82,17683.0,324.0
7.3437132630004625,-3.15373,0.25869,14.28969,0.07419,3.45775,-0.28146,-5.0024,2.61091,9.99487,-0.00438,2.6698,-0.24749,80.644,12192.769,324.0
7.348713263000462,-2.86101,0.06494,14.10318,0.03579,3.39283,-0.26017,-4.71988,2.58385,9.30173,-0.04124,2.60007,-0.23424,80.404,10105.0,324.0
7.353713263000462,-2.56828,-0.12881,13.91668,-0.00262,3.32791,-0.23887,-4.43736,2.55679,8.60859,-0.07811,2.53033,-0.22099,80.141,10105.0,359.552
7.358713263000462,-2.01415,-0.12549,13.26648,-0.04102,3.26299,-0.21758,-4.15484,2.52972,7.91545,-0.11497,2.4606,-0.20774,79.877,10105.0,373.0
7.363713263000462,-1.36077,-0.04735,12.44022,-0.07943,3.19807,-0.19629,-3.84415,2.45367,7.22048,-0.15184,2.39086,-0.19449,79.613,4488.755,373.0
7.368713263000462,-0.70738,0.0308,11.61395,-0.11784,3.13315,-0.175,-3.52285,2.35914,6.52482,-0.1887,2.32113,-0.18125,79.541,2372.0,373.0
7.373713263000463,-0.054,0.10894,10.78769,-0.15624,3.06822,-0.15371,-3.20154,2.26461,5.82916,-0.22556,2.25139,-0.168,79.029,2372.0,517.204
7.378713263000463,0.59939,0.18709,9.96143,-0.19465,3.0033,-0.13242,-2.88023,2.17008,5.1335,-0.26243,2.18165,-0.15475,78.71,2372.0,571.0
7.3837132630004625,1.25277,0.26523,9.13517,-0.23306,2.93838,-0.11113,-2.55893,2.07556,4.43784,-0.29929,2.11192,-0.1415,78.662,814.512,571.0
7.388713263000462,2.04353,0.19795,8.49534,-0.27186,2.67399,-0.02607,-2.23762,1.98103,3.74219,-0.33728,1.96219,-0.10208,78.535,231.0,571.0
7.393713263000462,2.88555,0.0764,7.92509,-0.31081,2.33516,0.08278,-1.91631,1.8865,3.04653,-0.37568,1.7826,-0.05289,78.358,231.0,461.91
7.398713263000462,3.72758,-0.04516,7.35484,-0.34976,1.99632,0.19163,-2.42595,1.76742,2.76774,-0.41408,1.60302,-0.0037,78.247,64.924,421.0
7.403713263000462,4.5696,-0.16672,6.78459,-0.38872,1.65748,0.30049,-3.2432,1.63925,2.64327,-0.45248,1.42343,0.04549,78.16,3.0,421.0
7.408713263000462,5.41163,-0.28827,6.21434,-0.42767,1.31865,0.40934,-4.06045,1.51109,2.51881,-0.49088,1.24384,0.09468,78.008,3.0,238.973
7.413713263000463,6.25365,-0.40983,5.64408,-0.46662,0.97981,0.51819,-4.8777,1.38292,2.39434,-0.52928,1.06426,0.14388,77.895,3.0,169.0
7.418713263000463,6.41231,-0.51691,5.52577,-0.51002,0.76665,0.60176,-5.69495,1.25475,2.26988,-0.56768,0.88467,0.19307,77.871,3.0,169.0
7.4237132630004625,6.31441,-0.61857,5.57713,-0.5551,0.60068,0.67583,-6.5122,1.12658,2.14541,-0.60608,0.70509,0.24226,77.807,3.0,169.0
7.428713263000462,6.21651,-0.72022,5.6285,-0.60018,0.43471,0.7499,-6.20302,1.11695,2.16078,-0.65357,0.50636,0.34633,77.783,3.0,270.201
7.433713263000462,6.11861,-0.82188,5.67986,-0.64526,0.26874,0.82397,-5.47222,1.15169,2.22848,-0.70447,0.30047,0.47094,77.783,3.0,310.0
7.438713263000462,5.62589,-0.70578,5.58871,-0.69033,0.10277,0.89805,-4.74142,1.18643,2.29618,-0.75536,0.09458,0.59555,77.783,2.272,310.0
7.443713263000462,4.98534,-0.50815,5.4442,-0.73541,-0.0632,0.97212,-4.01062,1.22116,2.36388,-0.80625,-0.11131,0.72016,77.783,2.0,310.0
7.448713263000462,4.34478,-0.31052,5.29969,-0.78049,-0.22917,1.04619,-3.27982,1.2559,2.43158,-0.85715,-0.31721,0.84477,77.783,2.0,728.704
7.453713263000463,3.70423,-0.11289,5.15518,-0.82557,-0.39514,1.12026,-2.54901,1.29064,2.49928,-0.90804,-0.5231,0.96939,77.783,2.0,884.0
7.458713263000463,3.06368,0.08474,5.01067,-0.87064,-0.56111,1.19433,-1.81821,1.32538,2.56698,-0.95893,-0.72899,1.094,77.783,1.273,884.0
7.463713263000463,2.42312,0.28237,4.86617,-0.91572,-0.72708,1.2684,-2.01426,1.40929,2.63335,-0.97258,-0.85728,1.03795,77.783,1.0,899.263
7.4687132630004625,1.78257,0.48,4.72166,-0.93229,-0.84651,1.19019,-2.55943,1.51172,2.69921,-0.97219,-0.95634,0.91385,77.783,1.0,905.0
7.473713263000462,1.14202,0.67763,4.57715,-0.93816,-0.94846,1.05477,-3.10459,1.61415,2.76507,-0.9718,-1.0554,0.78976,77.847,1.0,905.0
7.478713263000462,0.50146,0.87526,4.43264,-0.94402,-1.05041,0.91935,-3.64976,1.71657,2.83093,-0.97141,-1.15446,0.66566,77.871,3.185,905.0
7.483713263000462,0.28608,0.93962,4.57432,-0.94989,-1.15237,0.78393,-4.19492,1.819,2.8968,-0.97102,-1.25353,0.54157,77.871,4.0,1512.517
7.488713263000462,0.2292,0.9543,4.82269,-0.95575,-1.25432,0.64852,-4.74009,1.92143,2.96266,-0.97063,-1.35259,0.41747,77.871,4.0,1741.0
7.493713263000462,0.17233,0.96897,5.07106,-0.96162,-1.35627,0.5131,-5.28525,2.02386,3.02852,-0.97024,-1.45165,0.29338,77.871,3.277,1741.0
7.498713263000463,0.11545,0.98365,5.31944,-0.96748,-1.45822,0.37768,-5.61279,1.91387,3.15439,-0.96274,-1.55202,0.2235,77.871,3.0,1741.0
7.503713263000463,0.05858,0.99832,5.56781,-0.97335,-1.56017,0.24226,-5.8556,1.72117,3.30363,-0.95247,-1.6529,0.17473,77.935,3.0,2814.557
7.5087132630004625,0.05242,1.1021,5.76336,-0.95682,-1.68685,0.17973,-6.09841,1.52848,3.45287,-0.94221,-1.75379,0.12597,77.959,3.0,3217.0
7.513713263000462,0.06507,1.2389,5.93932,-0.932,-1.8227,0.14421,-6.34122,1.33578,3.60211,-0.93194,-1.85467,0.0772,77.959,3.0,3217.0
7.518713263000462,0.07772,1.37571,6.11528,-0.90718,-1.95854,0.10869,-6.21274,1.26155,3.69614,-0.92167,-1.95555,0.02843,78.023,3.0,3838.198
7.523713263000462,0.09037,1.51251,6.29125,-0.88236,-2.09439,0.07317,-5.94549,1.23159,3.76953,-0.9114,-2.05643,-0.02033,78.047,3.0,4070.0
7.528713263000462,0.10301,1.64932,6.46721,-0.85754,-2.23024,0.03764,-5.67825,1.20164,3.84292,-0.90113,-2.15731,-0.0691,78.111,3.0,4070.0
7.533713263000462,0.11566,1.78612,6.64317,-0.83271,-2.36608,0.00212,-5.411,1.17168,3.91631,-0.89086,-2.2582,-0.11787,78.135,2.271,4070.0
7.538713263000463,0.12831,1.92293,6.81914,-0.80789,-2.50193,-0.0334,-5.14375,1.14172,3.9897,-0.8806,-2.35908,-0.16664,78.199,2.0,4070.0
7.543713263000463,0.14095,2.05973,6.9951,-0.78307,-2.63777,-0.06892,-4.8765,1.11176,4.06309,-0.87033,-2.45996,-0.2154,78.223,2.0,4817.728
7.5487132630004625,0.04554,2.23323,7.12393,-0.74281,-2.7265,-0.02684,-4.60926,1.0818,4.13648,-0.82874,-2.54271,-0.17891,78.286,2.0,5096.0
7.553713263000462,-0.09004,2.42038,7.23523,-0.6968,-2.7977,0.04409,-4.34201,1.05184,4.20987,-0.77552,-2.61871,-0.11073,78.311,2.0,5096.0
7.558713263000462,-0.22562,2.60752,7.34654,-0.65079,-2.86891,0.11502,-3.89935,0.89354,4.42237,-0.72229,-2.69472,-0.04255,78.375,2.0,7226.8
7.563713263000462,-0.3612,2.79467,7.45784,-0.60479,-2.94011,0.18595,-3.39099,0.68716,4.68698,-0.66907,-2.77072,0.02563,78.398,2.0,8018.0
7.568713263000462,-0.49678,2.98181,7.56915,-0.55878,-3.01132,0.25687,-2.88262,0.48078,4.95159,-0.61585,-2.84673,0.09381,78.398,3.458,8018.0
7.573713263000462,-0.63236,3.16896,7.68045,-0.51278,-3.08253,0.3278,-2.37425,0.27439,5.21621,-0.56262,-2.92274,0.162,78.462,4.0,8018.0
7.578713263000462,-0.76794,3.3561,7.79176,-0.46677,-3.15373,0.39873,-1.86588,0.06801,5.48082,-0.5094,-2.99874,0.23018,78.486,4.0,8692.376
7.583713263000463,-0.85419,3.4392,8.21066,-0.43113,-3.20417,0.46439,-1.80288,0.07072,5.67948,-0.4628,-3.05986,0.30161,78.486,4.0,8943.0
7.588713263000463,-0.92214,3.48371,8.74366,-0.39934,-3.2469,0.52811,-1.90509,0.151,5.85366,-0.41867,-3.11545,0.37425,78.55,1.815,8943.0
7.5937132630004625,-0.9901,3.52821,9.27665,-0.36754,-3.28964,0.59182,-2.0073,0.23128,6.02785,-0.37453,-3.17104,0.44689,78.574,1.0,8943.0
7.598713263000462,-1.05805,3.57272,9.80965,-0.33574,-3.33237,0.65554,-2.10951,0.31156,6.20204,-0.3304,-3.22663,0.51952,78.574,3.186,10020.578
7.603713263000462,-1.12341,3.61942,10.0544,-0.30395,-3.3751,0.71925,-2.21172,0.39183,6.37623,-0.28627,-3.28223,0.59216,78.638,4.0,10422.0
7.608713263000462,-1.18779,3.66693,10.19194,-0.27215,-3.41784,0.78297,-2.31394,0.47211,6.55041,-0.24213,-3.33782,0.6648,78.662,4.0,10456.189
7.613713263000462,-1.25218,3.71444,10.32948,-0.24035,-3.46057,0.84668,-2.41615,0.55239,6.7246,-0.198,-3.39341,0.73744,78.662,4.0,10469.0
7.618713263000462,-1.31657,3.76196,10.46701,-0.20856,-3.5033,0.9104,-2.51836,0.63267,6.89879,-0.15386,-3.44901,0.81007,78.662,4.728,10469.0
7.623713263000463,-1.38095,3.80947,10.60455,-0.17676,-3.54604,0.97411,-2.64134,0.80775,7.123,-0.12802,-3.49947,0.83562,78.662,5.0,10469.0
7.628713263000463,-1.44534,3.85698,10.74209,-0.1531,-3.6008,0.99606,-2.7721,1.0183,7.36592,-0.10903,-3.54801,0.84354,78.726,5.0,10774.034
7.6337132630004625,-1.50972,3.90449,10.87962,-0.13249,-3.66007,1.00235,-2.90285,1.22884,7.60883,-0.09003,-3.59655,0.85147,78.75,5.0,10890.0
7.638713263000462,-1.57411,3.95201,11.01716,-0.11187,-3.71935,1.00864,-3.03361,1.43939,7.85175,-0.07104,-3.64509,0.8594,78.75,4.271,10890.0
7.643713263000462,-1.61113,3.90575,11.24188,-0.09126,-3.77862,1.01494,-3.16436,1.64994,8.09467,-0.05204,-3.69363,0.86732,78.75,4.0,10890.0
7.648713263000462,-1.63796,3.82461,11.49904,-0.07065,-3.83789,1.02123,-3.2264,1.76404,8.2434,-0.03305,-3.74217,0.87525,78.75,4.0,10839.885
7.653713263000462,-1.6648,3.74347,11.75621,-0.05003,-3.89716,1.02753,-3.26273,1.84206,8.35689,-0.01405,-3.79071,0.88317,78.814,4.0,10821.0
7.658713263000462,-1.69163,3.66233,12.01337,-0.02942,-3.95643,1.03382,-3.29906,1.92007,8.47037,0.00494,-3.83925,0.8911,78.838,4.0,10821.0
7.663713263000463,-1.71847,3.58119,12.27053,-0.025,-3.99195,0.99505,-3.33539,1.99809,8.58386,0.02394,-3.88779,0.89903,78.838,4.0,10821.0
7.668713263000463,-1.7453,3.50005,12.52769,-0.02658,-4.01866,0.93956,-3.37171,2.0761,8.69735,0.02879,-3.94798,0.84377,78.838,4.0,10657.231
7.6737132630004625,-1.77214,3.4189,12.78485,-0.02817,-4.04536,0.88408,-3.40804,2.15412,8.81084,0.02832,-4.01254,0.76475,78.838,4.0,10596.0
7.678713263000462,-1.93682,3.29755,13.04407,-0.02975,-4.07207,0.8286,-3.44437,2.23213,8.92432,0.02785,-4.0771,0.68573,78.838,4.73,10596.0
7.683713263000462,-2.15248,3.16133,13.30404,-0.03133,-4.09878,0.77311,-3.4807,2.31015,9.03781,0.02738,-4.14167,0.60671,78.838,5.0,10596.0
7.688713263000462,-2.36813,3.0251,13.56401,-0.03292,-4.12549,0.71763,-3.51703,2.38816,9.1513,0.02691,-4.20623,0.52769,78.838,5.0,9813.279
7.693713263000462,-2.58379,2.88888,13.82399,-0.0345,-4.1522,0.66215,-3.58249,2.44223,9.42915,0.01791,-4.23281,0.45166,78.774,5.0,9507.0
7.698713263000462,-2.79945,2.75265,14.08396,-0.03609,-4.1789,0.60666,-3.65953,2.48678,9.77233,0.00551,-4.24429,0.37682,78.75,3.544,9507.0
7.703713263000462,-3.0151,2.61643,14.34393,-0.03767,-4.20561,0.55118,-3.73657,2.53133,10.11552,-0.00688,-4.25578,0.30198,78.75,3.0,9507.0
7.708713263000463,-3.24492,2.47773,14.58587,-0.0458,-4.22676,0.45361,-3.81362,2.57588,10.45871,-0.01927,-4.26726,0.22714,78.75,3.0,8909.839
7.713713263000463,-3.48005,2.3381,14.82106,-0.05637,-4.24582,0.34027,-3.92573,2.63213,10.7094,-0.03166,-4.27874,0.1523,78.75,3.0,8686.0
7.7187132630004625,-3.71518,2.19847,15.05625,-0.06695,-4.26488,0.22693,-4.05098,2.69276,10.92541,-0.04405,-4.29022,0.07746,78.75,4.454,8686.0
7.723713263000462,-3.9503,2.05883,15.29143,-0.07752,-4.28395,0.11359,-4.17624,2.75339,11.14142,-0.05644,-4.3017,0.00262,78.75,5.0,8686.0
7.728713263000462,-4.18543,1.9192,15.52662,-0.0881,-4.30301,0.00025,-4.3015,2.81402,11.35742,-0.06884,-4.31318,-0.07222,78.75,5.0,8686.0
7.733713263000462,-4.42056,1.77957,15.76181,-0.09867,-4.32207,-0.11309,-4.42675,2.87465,11.57343,-0.08123,-4.32466,-0.14706,78.75,5.0,8474.509
7.738713263000462,-4.69524,1.66656,16.11624,-0.1015,-4.31564,-0.18366,-4.55201,2.93527,11.78944,-0.09362,-4.33614,-0.2219,78.75,3.544,8396.0
7.743713263000462,-4.98461,1.56343,16.51497,-0.10144,-4.29973,-0.23835,-4.48866,2.91804,11.95213,-0.10476,-4.32144,-0.30268,78.75,3.0,8396.0
7.748713263000463,-5.27398,1.4603,16.9137,-0.10138,-4.28382,-0.29303,-4.3547,2.87166,12.09485,-0.11542,-4.29693,-0.38568,78.75,3.0,8519.132
7.753713263000463,-5.56334,1.35717,17.31244,-0.10132,-4.26792,-0.34771,-4.22074,2.82528,12.23758,-0.12609,-4.27243,-0.46869,78.75,3.0,8565.0
7.7587132630004625,-5.80098,1.46595,17.2688,-0.10126,-4.25201,-0.4024,-4.08678,2.7789,12.38031,-0.13676,-4.24793,-0.55169,78.75,4.458,8565.0
7.763713263000462,-6.01937,1.65355,17.06065,-0.1012,-4.2361,-0.45708,-3.95282,2.73252,12.52303,-0.14742,-4.22342,-0.6347,78.75,5.0,8570.086
7.768713263000462,-6.23776,1.84115,16.8525,-0.10114,-4.2202,-0.51176,-3.81886,2.68614,12.66576,-0.15809,-4.19892,-0.7177,78.75,5.0,8572.0
7.773713263000462,-6.45615,2.02874,16.64435,-0.10108,-4.20429,-0.56645,-3.6849,2.63976,12.80848,-0.16876,-4.17442,-0.80071,78.75,5.0,8572.0
7.778713263000462,-6.67454,2.21634,16.4362,-0.10102,-4.18839,-0.62113,-3.55095,2.59338,12.95121,-0.17943,-4.14991,-0.88371,78.75,5.0,8572.0
7.783713263000462,-6.89293,2.40393,16.22805,-0.10096,-4.17248,-0.67581,-3.13306,2.29157,12.79704,-0.14224,-4.06966,-0.90749,78.75,5.0,8572.0
7.788713263000463,-7.11132,2.59153,16.0199,-0.06403,-4.07945,-0.70179,-2.60905,1.89431,12.53191,-0.08717,-3.96857,-0.90912,78.75,5.0,8736.768
7.793713263000463,-7.32971,2.77912,15.81175,-0.01331,-3.95757,-0.71702,-2.08505,1.49704,12.26678,-0.0321,-3.86748,-0.91075,78.75,5.0,8798.0
7.7987132630004625,-7.5481,2.96672,15.60359,0.03741,-3.83569,-0.73225,-1.56105,1.09977,12.00166,0.02297,-3.76639,-0.91238,78.75,5.0,8798.0
7.803713263000462,-7.86128,3.01821,15.25011,0.08813,-3.7138,-0.74749,-1.41102,0.93796,11.84261,0.07804,-3.66531,-0.91402,78.75,5.0,8798.0
7.808713263000462,-8.20994,3.01875,14.84219,0.13885,-3.59192,-0.76272,-1.40103,0.8643,11.72329,0.13311,-3.56422,-0.91565,78.75,5.0,8973.132
7.813713263000462,-8.55861,3.01928,14.43428,0.18957,-3.47004,-0.77795,-1.39104,0.79065,11.60397,0.18818,-3.46313,-0.91728,78.75,5.0,9038.0
7.818713263000462,-8.90728,3.01982,14.02637,0.24029,-3.34816,-0.79319,-1.38105,0.71699,11.48465,0.24325,-3.36204,-0.91892,78.75,7.185,9038.0
7.823713263000462,-9.25595,3.02035,13.61846,0.29102,-3.22627,-0.80842,-1.37106,0.64334,11.36533,0.29832,-3.26095,-0.92055,78.75,8.0,9038.0
7.828713263000462,-9.60461,3.02088,13.21055,0.31126,-3.02705,-0.76112,-1.36107,0.56968,11.24601,0.31403,-2.96875,-0.85111,78.814,8.0,9339.221
7.833713263000463,-9.95328,3.02142,12.80264,0.32009,-2.79889,-0.69043,-1.35108,0.49603,11.12669,0.31502,-2.60503,-0.75507,78.838,8.0,9451.0
7.838713263000463,-10.30195,3.02195,12.39473,0.32892,-2.57073,-0.61974,-1.34109,0.42237,11.00737,0.316,-2.24131,-0.65903,78.838,5.087,9451.0
7.8437132630004625,-11.30394,2.51858,12.01162,0.33776,-2.34256,-0.54905,-1.25716,0.34902,11.24663,0.31699,-1.87758,-0.563,78.838,4.0,10338.065
7.848713263000462,-12.55045,1.82661,11.6378,0.34659,-2.1144,-0.47836,-1.14555,0.27578,11.6201,0.31797,-1.51386,-0.46696,78.838,4.0,10668.0
7.853713263000462,-13.79696,1.13463,11.26397,0.35543,-1.88624,-0.40767,-1.03394,0.20254,11.99356,0.30225,-1.18901,-0.36036,78.838,3.274,10668.0
7.858713263000462,-15.04348,0.44265,10.89015,0.36426,-1.65808,-0.33698,-0.92234,0.1293,12.36703,0.28011,-0.87908,-0.2497,78.774,3.0,10668.0
7.863713263000462,-16.28999,-0.24932,10.51632,0.3731,-1.42992,-0.26629,-0.81073,0.05605,12.74049,0.25797,-0.56914,-0.13904,78.686,3.0,12582.253
7.868713263000462,-17.41887,-0.60553,10.81082,0.32445,-0.98446,-0.18135,-0.69913,-0.01719,13.11396,0.23583,-0.25921,-0.02838,78.598,3.0,13292.0
7.873713263000463,-18.50422,-0.83753,11.35256,0.25454,-0.45861,-0.09113,-0.64481,-0.15544,13.5922,0.2137,0.05072,0.08228,78.51,5.185,13292.0
7.878713263000463,-19.58957,-1.06952,11.8943,0.18463,0.06724,-0.00091,-0.61171,-0.31775,14.10924,0.19156,0.36065,0.19295,78.486,6.0,19794.018
7.8837132630004625,-20.67492,-1.30152,12.43605,0.11472,0.59309,0.08931,-0.5786,-0.48007,14.62627,0.16942,0.67058,0.30361,78.423,6.0,22230.0
7.888713263000462,-21.76027,-1.53351,12.97779,0.04481,1.11894,0.17953,-0.54549,-0.64238,15.1433,0.14728,0.98051,0.41427,78.398,3.826,22230.0
7.893713263000462,-22.84562,-1.76551,13.51953,-0.0251,1.64478,0.26975,-0.51239,-0.8047,15.66033,0.12514,1.29045,0.52493,78.272,3.0,22230.0
7.898713263000462,-23.93097,-1.9975,14.06127,-0.09502,2.17063,0.35996,-0.47928,-0.96701,16.17737,0.10301,1.60038,0.63559,78.159,3.0,23639.876
7.903713263000462,-20.1759,-1.79308,14.04842,-0.13295,2.31391,0.30609,-0.44618,-1.12932,16.6944,0.08087,1.91031,0.74625,78.071,3.0,24170.0
7.908713263000462,-14.63364,-1.42752,13.8308,-0.15908,2.31594,0.19901,-0.24407,-0.88357,16.24063,0.06719,1.96618,0.66997,77.919,4.456,24170.0
7.913713263000462,-9.09137,-1.06195,13.61318,-0.18521,2.31797,0.09194,0.02049,-0.48703,15.42815,0.05663,1.92816,0.52461,77.807,5.0,24933.736
7.918713263000463,-3.5491,-0.69639,13.39555,-0.21134,2.31999,-0.01514,0.28505,-0.09049,14.61566,0.04608,1.89015,0.37925,77.591,5.0,25219.0
7.9237132630004625,1.99316,-0.33083,13.17793,-0.23748,2.32202,-0.12221,0.54961,0.30604,13.80318,0.03552,1.85214,0.2339,77.455,5.0,25219.0
7.928713263000462,3.43827,-0.04991,12.69518,-0.26361,2.32404,-0.22929,0.81416,0.70258,12.9907,0.02497,1.81413,0.08854,77.304,2.085,25219.0
7.933713263000462,3.36531,0.19966,12.11421,-0.28974,2.32607,-0.33636,1.07872,1.09912,12.17821,0.01441,1.77612,-0.05682,77.128,1.0,25219.0
7.938713263000462,3.29235,0.44923,11.53323,-0.31587,2.3281,-0.44344,1.34328,1.49566,11.36573,0.00386,1.73811,-0.20218,77.016,1.0,25620.11
7.943713263000462,3.21939,0.69879,10.95225,-0.342,2.33012,-0.55052,1.93455,1.39479,10.39483,0.01278,1.72602,-0.22016,76.928,3.918,25769.0
7.948713263000462,3.14643,0.94836,10.37128,-0.31058,2.27916,-0.54122,2.64674,1.10982,9.3653,0.02892,1.72352,-0.19101,76.904,5.0,25769.0
7.953713263000462,3.07347,1.19793,9.7903,-0.25779,2.20853,-0.48873,3.35894,0.82484,8.33577,0.04506,1.72102,-0.16185,76.84,5.0,25967.386
7.958713263000463,3.00051,1.44749,9.20932,-0.20501,2.1379,-0.43625,4.07114,0.53987,7.30624,0.06119,1.71852,-0.13269,76.816,5.0,26041.0
7.963713263000463,2.83617,1.45089,9.29973,-0.15223,2.06726,-0.38377,3.74952,0.36866,7.1693,0.07733,1.71603,-0.10353,76.816,3.544,26041.0
7.9687132630004625,2.63794,1.36301,9.63905,-0.09945,1.99663,-0.33128,3.04463,0.23962,7.36329,0.09347,1.71353,-0.07438,76.816,3.0,26041.0
7.973713263000462,2.43972,1.27514,9.97837,-0.04667,1.926,-0.2788,2.33974,0.11058,7.55728,0.1096,1.71103,-0.04522,76.816,3.0,25892.56
7.978713263000462,2.24149,1.18727,10.31769,0.00611,1.85537,-0.22632,1.63484,-0.01845,7.75127,0.12574,1.70853,-0.01606,76.88,3.0,25834.0
7.983713263000462,2.04327,1.09939,10.657,0.05889,1.78474,-0.17383,0.92995,-0.14749,7.94526,0.14188,1.70604,0.0131,76.968,3.0,25834.0
7.988713263000462,1.84504,1.01152,10.99632,0.08949,1.65058,-0.17026,0.22505,-0.27652,8.13924,0.13955,1.58934,-0.08858,76.992,3.729,25834.0
7.993713263000462,1.64682,0.92365,11.33564,0.11189,1.49292,-0.18478,-0.47984,-0.40556,8.33323,0.13038,1.43041,-0.23865,77.056,4.0,25834.0
7.998713263000463,1.44859,0.83577,11.67496,0.13429,1.33526,-0.1993,-1.18474,-0.5346,8.52722,0.12122,1.27148,-0.38871,77.144,4.0,25965.372
8.003713263000462,1.31156,0.89721,11.92934,0.15669,1.17761,-0.21382,-1.89862,-0.25196,8.69688,0.11205,1.11255,-0.53878,77.232,4.0,26014.0
8.008713263000462,1.19712,1.01376,12.15236,0.17908,1.01995,-0.22834,-2.61583,0.18265,8.85756,0.10289,0.95362,-0.68885,77.32,4.0,26014.0
8.013713263000461,1.08267,1.13031,12.37538,0.20148,0.86229,-0.24286,-3.33304,0.61726,9.01824,0.09395,0.89039,-0.70927,77.408,4.0,25931.639
8.018713263000462,0.96823,1.24686,12.5984,0.22388,0.70463,-0.25738,-4.05025,1.05187,9.17892,0.0851,0.86294,-0.68122,77.496,4.0,25901.0
8.023713263000463,0.85378,1.36342,12.82143,0.24628,0.54697,-0.2719,-4.76745,1.48648,9.3396,0.07624,0.83549,-0.65317,77.584,4.73,25901.0
8.028713263000462,0.92312,1.53942,12.37429,0.23949,0.48806,-0.26639,-5.48466,1.92108,9.50028,0.06739,0.80803,-0.62512,77.671,5.0,25901.0
8.033713263000463,1.06047,1.73743,11.67911,0.2219,0.46569,-0.25347,-6.20187,2.35569,9.66096,0.05854,0.78058,-0.59707,77.759,5.0,26100.009
8.038713263000462,1.19783,1.93545,10.98393,0.20431,0.44332,-0.24056,-5.19311,2.49971,9.64311,0.04968,0.75313,-0.56902,77.783,1382.071,26174.0
8.043713263000463,1.33518,2.13346,10.28875,0.18672,0.42095,-0.22764,-3.54359,2.53586,9.55899,0.04083,0.72568,-0.54096,77.911,1893.0,26174.0
8.048713263000462,1.32875,2.12347,10.11694,0.16913,0.39859,-0.21472,-1.89407,2.572,9.47487,0.03197,0.69823,-0.51291,78.023,1893.0,25906.813
8.053713263000462,1.26865,2.03586,10.14044,0.15154,0.37622,-0.2018,-0.24455,2.60815,9.39074,0.02312,0.67078,-0.48486,78.111,1893.0,25807.0
8.058713263000461,1.20855,1.94824,10.16395,0.13395,0.35385,-0.18888,1.40497,2.64429,9.30662,0.01427,0.64333,-0.45681,78.199,2488.539,25807.0
8.063713263000462,1.14846,1.86063,10.18745,0.11636,0.33148,-0.17596,3.05448,2.68044,9.2225,0.00541,0.61588,-0.42876,78.287,2709.0,25807.0
8.068713263000463,1.08836,1.77301,10.21095,0.09877,0.30911,-0.16304,3.11036,2.33112,9.20288,0.03036,0.58225,-0.39235,78.374,2709.0,25873.077
8.073713263000462,1.02827,1.6854,10.23446,0.1034,0.27238,-0.14969,2.57072,1.83775,9.20735,0.06794,0.54631,-0.35282,78.462,2709.0,25898.0
8.078713263000463,0.96817,1.59779,10.25796,0.11643,0.23021,-0.13618,2.03108,1.34438,9.21183,0.10552,0.51037,-0.31329,78.55,3375.794,25898.0
8.083713263000462,0.90807,1.51017,10.28146,0.12947,0.18805,-0.12267,1.49144,0.85101,9.2163,0.1431,0.47443,-0.27376,78.638,3629.0,25898.0
8.088713263000463,0.84798,1.42256,10.30497,0.1425,0.14588,-0.10915,0.9518,0.35764,9.22078,0.18068,0.4385,-0.23423,78.726,3629.0,25527.55
8.093713263000462,0.78788,1.33495,10.32847,0.15554,0.10371,-0.09564,0.41216,-0.13572,9.22525,0.21826,0.40256,-0.1947,78.75,3629.0,25389.0
8.098713263000462,0.72567,1.29659,10.37111,0.16226,0.08578,-0.09215,0.21284,0.01544,9.372,0.22599,0.37108,-0.18672,78.814,4316.501,25389.0
8.103713263000463,0.66267,1.27645,10.42084,0.16665,0.07682,-0.09238,0.13943,0.40508,9.57139,0.22268,0.34124,-0.19041,78.902,4573.0,25389.0
8.108713263000462,0.59967,1.25632,10.47056,0.17104,0.06786,-0.0926,0.06602,0.79472,9.77078,0.21937,0.3114,-0.19411,78.926,4573.0,25971.172
8.113713263000463,0.53667,1.23619,10.52029,0.17542,0.0589,-0.09283,-0.00739,1.18436,9.97017,0.21606,0.28156,-0.1978,78.99,4573.0,26188.0
8.118713263000462,0.47584,1.25966,10.54631,0.17981,0.04993,-0.09305,0.0123,1.30761,10.04704,0.21275,0.25172,-0.20149,79.078,4685.003,26188.0
8.123713263000463,0.41582,1.29931,10.56354,0.1842,0.04097,-0.09327,0.06657,1.33196,10.07842,0.20943,0.22189,-0.20518,79.102,4727.0,26188.0
8.128713263000462,0.3558,1.33897,10.58077,0.18859,0.03201,-0.0935,0.12084,1.3563,10.1098,0.20612,0.19205,-0.20888,79.166,4727.0,25958.679
8.133713263000462,0.29578,1.37863,10.598,0.19297,0.02305,-0.09372,0.17511,1.38065,10.14118,0.2001,0.18628,-0.19272,79.189,4727.0,25873.0
8.138713263000461,0.23577,1.41828,10.61523,0.19736,0.01409,-0.09395,0.22938,1.40499,10.17257,0.19308,0.18943,-0.1692,79.254,4727.0,25873.0
8.143713263000462,0.17575,1.45794,10.63246,0.20175,0.00512,-0.09417,0.28365,1.42934,10.20395,0.18606,0.19259,-0.14568,79.277,5303.787,25873.0
8.148713263000463,0.11573,1.4976,10.64969,0.20614,-0.00384,-0.0944,0.33792,1.45369,10.23533,0.17904,0.19574,-0.12216,79.341,5519.0,25873.0
8.153713263000462,0.05571,1.53726,10.66692,0.19515,-0.00351,-0.08594,0.39219,1.47803,10.26671,0.17202,0.19889,-0.09864,79.429,5519.0,26117.813
8.158713263000463,-0.00431,1.57691,10.68414,0.17847,0.00026,-0.07428,0.5243,1.59887,10.33603,0.165,0.20204,-0.07512,79.517,5767.275,26210.0
8.163713263000462,-0.03312,1.57988,10.71851,0.1618,0.00403,-0.06262,0.68591,1.75627,10.41972,0.15798,0.2052,-0.0516,79.541,5861.0,26210.0
8.168713263000463,-0.05016,1.56902,10.75932,0.14512,0.0078,-0.05096,0.84752,1.91368,10.50342,0.15095,0.20835,-0.02808,79.605,5861.0,25988.713
8.173713263000462,-0.0672,1.55816,10.80014,0.12844,0.01158,-0.03929,1.00914,2.07109,10.58711,0.14393,0.2115,-0.00456,79.629,5861.0,25904.0
8.178713263000462,-0.08424,1.5473,10.84096,0.11177,0.01535,-0.02763,1.17075,2.2285,10.6708,0.13691,0.21466,0.01896,79.693,5877.748,25904.0
8.183713263000461,-0.10128,1.53644,10.88178,0.09509,0.01912,-0.01597,1.19397,2.25773,10.677,0.12651,0.21811,0.0246,79.717,5884.0,25904.0
8.188713263000462,-0.11832,1.52557,10.9226,0.07841,0.02289,-0.00431,1.16534,2.23894,10.65417,0.11485,0.22167,0.02354,79.781,5884.0,26057.065
8.193713263000463,-0.11055,1.54924,10.91206,0.06877,0.02762,-0.00296,1.13671,2.22014,10.63133,0.10318,0.22524,0.02248,79.868,5884.0,26114.0
8.198713263000462,-0.09358,1.5857,10.88249,0.06174,0.03271,-0.00544,1.10808,2.20134,10.60849,0.09152,0.22881,0.02142,79.893,5902.831,26114.0
8.203713263000463,-0.07661,1.62217,10.85292,0.0547,0.0378,-0.00793,1.07945,2.18255,10.58565,0.07986,0.23237,0.02036,79.957,5910.0,26114.0
8.208713263000462,-0.05964,1.65863,10.82334,0.04767,0.04289,-0.01041,1.05081,2.16375,10.56281,0.06819,0.23594,0.0193,80.045,5910.0,25949.817
8.213713263000463,-0.04267,1.6951,10.79377,0.04063,0.04798,-0.01289,1.02218,2.14496,10.53998,0.05653,0.2395,0.01823,80.132,5910.0,25889.0
8.218713263000462,-0.0257,1.73156,10.7642,0.0336,0.05307,-0.01537,0.99355,2.12616,10.51714,0.04487,0.24307,0.01717,80.156,6030.174,25889.0
8.223713263000462,0.00338,1.72402,10.74477,0.02906,0.06935,-0.02488,1.10306,2.10282,10.51714,0.03571,0.25631,0.00317,80.22,6075.0,25889.0
8.228713263000461,0.03699,1.70006,10.72913,0.02547,0.0898,-0.03702,1.26408,2.07778,10.52565,0.02749,0.27316,-0.01565,80.244,6075.0,7028.746
8.233713263000462,0.0706,1.67611,10.71348,0.02187,0.11025,-0.04916,1.42511,2.05273,10.53417,0.01927,0.29002,-0.03447,80.308,6075.0,3.0
8.238713263000463,0.1042,1.65216,10.69784,0.01827,0.13071,-0.06129,1.58613,2.02769,10.54269,0.01105,0.30687,-0.0533,80.396,6360.532,3.0
8.243713263000462,0.14169,1.64487,10.68667,0.01467,0.15116,-0.07343,1.63811,2.00212,10.54315,0.00283,0.32372,-0.07212,80.42,6468.0,18626.922
8.248713263000463,0.18065,1.64388,10.67719,0.01107,0.17161,-0.08557,1.64892,1.97634,10.54059,-0.00539,0.34058,-0.09095,80.484,6468.0,25581.0
8.253713263000462,0.21961,1.64288,10.66772,0.00748,0.19206,-0.0977,1.65974,1.95057,10.53802,-0.01361,0.35743,-0.10977,80.508,6468.0,25581.0
8.258713263000462,0.25856,1.64189,10.65824,0.00621,0.21103,-0.10575,1.67055,1.92479,10.53545,-0.02183,0.37428,-0.1286,80.572,6466.543,25581.0
8.263713263000461,0.29752,1.64089,10.64876,0.00583,0.22944,-0.11226,1.68136,1.89901,10.53288,-0.03005,0.39114,-0.14742,80.66,6466.0,25581.0
8.268713263000462,0.33647,1.6399,10.63928,0.00544,0.24785,-0.11877,1.69217,1.87324,10.53032,-0.03284,0.40824,-0.15661,80.684,6466.0,25619.603
8.273713263000463,0.37543,1.6389,10.6298,0.00506,0.26627,-0.12528,1.70298,1.84746,10.52775,-0.03362,0.42543,-0.16223,80.748,6466.0,25634.0
8.278713263000462,0.38252,1.63229,10.63383,0.00467,0.28468,-0.13179,1.7138,1.82169,10.52518,-0.03439,0.44262,-0.16784,80.771,6914.945,25288.545
8.283713263000463,0.37772,1.62357,10.64291,0.00428,0.30309,-0.1383,1.68955,1.77281,10.53023,-0.03517,0.45981,-0.17346,80.836,7082.0,25160.0
8.288713263000462,0.37291,1.61486,10.65199,0.0039,0.3215,-0.14481,1.65228,1.71535,10.53811,-0.03595,0.477,-0.17907,80.923,7082.0,25160.0
8.293713263000463,0.3681,1.60615,10.66106,0.00351,0.33992,-0.15132,1.61501,1.65789,10.54599,-0.03672,0.4942,-0.18469,80.947,7490.064,25160.0
8.298713263000462,0.36329,1.59743,10.67014,0.00228,0.34279,-0.15143,1.57773,1.60044,10.55386,-0.0375,0.51139,-0.19031,81.011,7643.0,25160.0
8.303713263000462,0.35849,1.58872,10.67921,0.00074,0.33985,-0.14914,1.54046,1.54298,10.56174,-0.03828,0.52858,-0.19592,81.099,7643.0,24868.083
8.308713263000461,0.35368,1.58001,10.68829,-0.0008,0.33691,-0.14686,1.50319,1.48552,10.56962,-0.03969,0.53042,-0.19078,81.123,7643.0,24760.0
8.313713263000462,0.34887,1.57129,10.69737,-0.00234,0.33397,-0.14457,1.46592,1.42806,10.5775,-0.04134,0.52658,-0.18165,81.187,8563.64,24760.0
8.318713263000463,0.35082,1.56848,10.69095,-0.00389,0.33103,-0.14228,1.42865,1.3706,10.58538,-0.04299,0.52274,-0.17253,81.211,8908.0,24335.851
8.323713263000462,0.3553,1.56789,10.67874,-0.00543,0.32809,-0.14,1.24518,1.38195,10.57942,-0.04463,0.51889,-0.1634,81.275,8908.0,24178.0
8.328713263000463,0.35977,1.56729,10.66653,-0.00697,0.32515,-0.13771,1.00743,1.41886,10.56832,-0.04628,0.51505,-0.15428,81.299,9611.463,24178.0
8.333713263000462,0.36425,1.56669,10.65432,-0.00851,0.32221,-0.13543,0.76968,1.45577,10.55722,-0.04793,0.51121,-0.14516,81.363,9874.0,24178.0
8.338713263000463,0.36872,1.56609,10.64211,-0.01005,0.31927,-0.13314,0.53193,1.49267,10.54612,-0.04958,0.50737,-0.13603,81.451,9874.0,23787.783
8.343713263000462,0.3732,1.56549,10.6299,-0.0116,0.31633,-0.13086,0.48586,1.5113,10.55435,-0.05152,0.50486,-0.12804,81.475,9874.0,23643.0
8.348713263000462,0.35524,1.5725,10.62351,-0.01461,0.31551,-0.12858,0.51074,1.52316,10.56974,-0.05356,0.50285,-0.12047,81.539,10348.568,23643.0
8.353713263000461,0.32887,1.58237,10.61931,-0.01817,0.31549,-0.12632,0.53563,1.53503,10.58514,-0.05561,0.50083,-0.11291,81.562,10526.0,23643.0
8.358713263000462,0.3025,1.59223,10.61511,-0.02174,0.31547,-0.12405,0.56051,1.54689,10.60053,-0.05765,0.49882,-0.10534,81.626,10526.0,23412.473
8.363713263000463,0.27612,1.6021,10.61091,-0.0253,0.31544,-0.12179,0.58539,1.55876,10.61592,-0.0597,0.49681,-0.09777,81.65,10526.0,23326.0
8.368713263000462,0.24975,1.61196,10.60672,-0.02887,0.31542,-0.11952,0.61027,1.57062,10.63131,-0.06174,0.49479,-0.0902,81.714,10671.581,23326.0
8.373713263000463,0.22337,1.62183,10.60252,-0.03243,0.3154,-0.11726,0.63515,1.58248,10.6467,-0.06379,0.49278,-0.08264,81.738,10726.0,23326.0
8.378713263000462,0.197,1.63169,10.59832,-0.036,0.31538,-0.11499,0.63517,1.60892,10.66971,-0.06704,0.49717,-0.08172,81.802,10726.0,23281.529
8.383713263000462,0.15482,1.63991,10.59622,-0.04052,0.32028,-0.11592,0.62588,1.64081,10.69556,-0.07075,0.50396,-0.0833,81.89,10726.0,23265.0
8.388713263000461,0.10679,1.64753,10.59489,-0.04539,0.327,-0.11804,0.61658,1.6727,10.72141,-0.07446,0.51076,-0.08488,81.914,11676.841,23265.0
8.393713263000462,0.05876,1.65514,10.59356,-0.05026,0.33373,-0.12015,0.60729,1.7046,10.74727,-0.07817,0.51755,-0.08646,81.978,12037.0,23265.0
8.398713263000463,0.01073,1.66276,10.59224,-0.05513,0.34045,-0.12227,0.598,1.73649,10.77312,-0.08188,0.52435,-0.08803,82.002,12037.0,23212.445
8.403713263000462,-0.0373,1.67038,10.59091,-0.06,0.34717,-0.12438,0.60558,1.73592,10.76672,-0.08558,0.53114,-0.08961,82.066,12037.0,23193.0
8.408713263000463,-0.04481,1.6717,10.57531,-0.06487,0.3539,-0.1265,0.61941,1.72334,10.7484,-0.08929,0.53793,-0.09119,82.09,12431.295,23193.0
8.413713263000462,-0.03713,1.67068,10.55437,-0.06974,0.36062,-0.12861,0.63324,1.71077,10.73007,-0.093,0.54473,-0.09277,82.154,12578.0,23193.0
8.418713263000463,-0.02946,1.66965,10.53343,-0.07461,0.36734,-0.13073,0.64706,1.6982,10.71175,-0.09671,0.55152,-0.09435,82.178,12578.0,22981.434
8.423713263000462,-0.02178,1.66863,10.5125,-0.07949,0.37406,-0.13284,0.66089,1.68563,10.69342,-0.09744,0.56386,-0.09967,82.242,12578.0,22902.0
8.428713263000462,-0.01411,1.6676,10.49156,-0.08436,0.38079,-0.13496,0.67472,1.67305,10.6751,-0.09706,0.57829,-0.10641,82.266,12864.711,22902.0
8.433713263000461,-0.00643,1.66657,10.47062,-0.08493,0.39153,-0.13778,0.68855,1.66048,10.65678,-0.09668,0.59273,-0.11315,82.33,12971.0,22902.0
8.438713263000462,0.00124,1.66555,10.44968,-0.0839,0.40375,-0.14087,0.68986,1.59341,10.65559,-0.0963,0.60716,-0.11989,82.354,12971.0,22579.762
8.443713263000463,-0.01049,1.62855,10.44453,-0.08288,0.41598,-0.14396,0.68653,1.50617,10.66076,-0.09591,0.62159,-0.12663,82.417,13244.589,22460.0
8.448713263000462,-0.02945,1.57818,10.44525,-0.08186,0.4282,-0.14704,0.68321,1.41892,10.66593,-0.09553,0.63602,-0.13337,82.505,13352.0,22200.634
8.453713263000463,-0.04841,1.5278,10.44597,-0.08083,0.44042,-0.15013,0.67989,1.33167,10.67109,-0.09323,0.64483,-0.12909,82.529,13352.0,22102.0
8.458713263000462,-0.06737,1.47742,10.4467,-0.07981,0.45265,-0.15322,0.67656,1.24442,10.67626,-0.09021,0.65153,-0.1207,82.593,13352.0,22102.0
8.463713263000463,-0.08632,1.42704,10.44742,-0.07879,0.46487,-0.1563,0.67324,1.15718,10.68143,-0.08719,0.65823,-0.11231,82.617,13655.446,22102.0
8.468713263000462,-0.10528,1.37666,10.44814,-0.07776,0.4771,-0.15939,0.66991,1.06993,10.68659,-0.08417,0.66494,-0.10393,82.681,13769.0,22102.0
8.473713263000462,-0.12424,1.32628,10.44887,-0.07325,0.48671,-0.15443,0.66659,0.98268,10.69176,-0.08115,0.67164,-0.09554,82.705,13769.0,22604.487
8.478713263000461,-0.1432,1.2759,10.44959,-0.06745,0.49536,-0.14648,0.61312,0.95866,10.67819,-0.07814,0.67835,-0.08716,82.705,14249.377,22791.0
8.483713263000462,-0.16955,1.28424,10.4354,-0.06165,0.50401,-0.13853,0.54102,0.95812,10.65767,-0.07512,0.68505,-0.07877,82.769,14430.0,22791.0
8.488713263000463,-0.1987,1.31475,10.41559,-0.05584,0.51266,-0.13058,0.46893,0.95757,10.63715,-0.0721,0.69175,-0.07039,82.857,14430.0,22019.238
8.493713263000462,-0.22785,1.34526,10.39577,-0.05004,0.52131,-0.12263,0.39683,0.95703,10.61663,-0.06908,0.69846,-0.062,82.881,14430.0,21731.0
8.498713263000463,-0.257,1.37577,10.37595,-0.04424,0.52996,-0.11468,0.32474,0.95648,10.59611,-0.06606,0.70516,-0.05362,82.945,14590.768,21731.0
8.503713263000462,-0.28615,1.40628,10.35613,-0.03843,0.53861,-0.10673,0.25265,0.95594,10.57559,-0.06304,0.71186,-0.04523,82.969,14651.0,21731.0
8.508713263000462,-0.31529,1.43679,10.33632,-0.03263,0.54726,-0.09878,0.18543,1.14591,10.5956,-0.06709,0.72166,-0.047,83.033,14651.0,22073.546
8.513713263000461,-0.35212,1.478,10.32934,-0.03949,0.56396,-0.10345,0.12002,1.40642,10.63061,-0.07374,0.73261,-0.05252,83.057,14651.0,22201.0
8.518713263000462,-0.3918,1.52319,10.32716,-0.05107,0.58368,-0.11282,0.05461,1.66693,10.66562,-0.0804,0.74355,-0.05805,83.121,14867.083,22201.0
8.523713263000463,-0.43148,1.56837,10.32497,-0.06265,0.60339,-0.1222,-0.0108,1.92743,10.70063,-0.08705,0.75449,-0.06357,83.145,14948.0,21722.5
8.528713263000462,-0.47116,1.61356,10.32279,-0.07423,0.6231,-0.13158,-0.01463,1.97895,10.71109,-0.09371,0.76544,-0.0691,83.209,14948.0,21544.0
8.533713263000463,-0.51085,1.65875,10.32061,-0.08582,0.64282,-0.14095,0.00447,1.95262,10.7124,-0.10036,0.77638,-0.07463,83.232,15447.145,21544.0
8.538713263000462,-0.55053,1.70394,10.31842,-0.0974,0.66253,-0.15033,0.02358,1.9263,10.71372,-0.10702,0.78732,-0.08015,83.232,15632.0,21544.0
8.543713263000463,-0.58893,1.6854,10.31679,-0.10134,0.69353,-0.15377,0.04268,1.89998,10.71503,-0.11367,0.79827,-0.08568,83.232,15632.0,21242.1
8.548713263000462,-0.62685,1.64302,10.31537,-0.10241,0.72874,-0.155,0.06179,1.87365,10.71634,-0.12033,0.80921,-0.0912,83.232,15632.0,21130.0
8.553713263000462,-0.66477,1.60065,10.31394,-0.10349,0.76396,-0.15623,0.08089,1.84733,10.71765,-0.12702,0.83436,-0.09461,83.296,16177.008,21130.0
8.558713263000461,-0.70269,1.55827,10.31252,-0.10457,0.79917,-0.15746,0.1,1.821,10.71897,-0.13372,0.86477,-0.09722,83.32,16380.0,21130.0
8.563713263000462,-0.71727,1.54352,10.3217,-0.10565,0.83439,-0.15869,0.1191,1.79468,10.72028,-0.14042,0.89519,-0.09984,83.32,16380.0,20945.939
8.568713263000463,-0.7229,1.53934,10.33495,-0.10673,0.8696,-0.15991,0.13821,1.76835,10.72159,-0.14712,0.9256,-0.10245,83.32,16380.0,20877.0
8.573713263000462,-0.72854,1.53517,10.3482,-0.10781,0.90482,-0.16114,0.15731,1.74203,10.72291,-0.15382,0.95601,-0.10507,83.32,16621.197,20877.0
8.578713263000463,-0.73417,1.53099,10.36144,-0.1071,0.9311,-0.15917,0.24733,1.62886,10.74155,-0.15424,0.97883,-0.10315,83.32,16711.0,20877.0
8.583713263000462,-0.73981,1.52682,10.37469,-0.10573,0.95404,-0.15601,0.36378,1.48331,10.76665,-0.15232,0.99881,-0.09955,83.32,16711.0,19969.25
8.588713263000463,-0.74544,1.52264,10.38793,-0.10436,0.97698,-0.15284,0.48024,1.33777,10.79175,-0.1504,1.01878,-0.09594,83.32,16711.0,19625.0
8.593713263000462,-0.75108,1.51847,10.40118,-0.10298,0.99992,-0.14968,0.59669,1.19222,10.81686,-0.14848,1.03876,-0.09234,83.32,17321.735,19625.0
8.598713263000462,-0.75671,1.51429,10.41442,-0.10161,1.02286,-0.14651,0.5178,1.15748,10.84716,-0.14656,1.05874,-0.08874,83.32,17550.0,18985.893
8.603713263000461,-0.81139,1.507,10.47731,-0.10024,1.04581,-0.14335,0.36578,1.16423,10.87941,-0.14463,1.07872,-0.08513,83.32,17550.0,18747.0
8.608713263000462,-0.88439,1.49854,10.55875,-0.09886,1.06875,-0.14018,0.21376,1.17097,10.91167,-0.14271,1.0987,-0.08153,83.32,17474.357,18747.0
8.613713263000463,-0.95739,1.49007,10.64019,-0.09749,1.09169,-0.13702,0.06174,1.17771,10.94392,-0.14079,1.11868,-0.07792,83.32,17446.0,18747.0
8.618713263000462,-1.03039,1.48161,10.72162,-0.09611,1.11463,-0.13385,-0.09028,1.18446,10.97617,-0.13887,1.13866,-0.07432,83.32,17446.0,18247.813
8.623713263000463,-1.10339,1.47315,10.80306,-0.09474,1.13758,-0.13069,-0.1271,1.24475,11.07862,-0.14178,1.1661,-0.07424,83.32,17446.0,18062.0
8.628713263000462,-1.17639,1.46469,10.88449,-0.09337,1.16052,-0.12752,-0.12113,1.32494,11.20715,-0.1465,1.1963,-0.07547,83.32,18211.691,18062.0
8.633713263000462,-1.24939,1.45622,10.96593,-0.09812,1.18935,-0.12832,-0.11516,1.40512,11.33567,-0.15121,1.2265,-0.0767,83.32,18498.0,18062.0
8.638713263000461,-1.32239,1.44776,11.04737,-0.10516,1.2204,-0.1306,-0.10919,1.48531,11.46419,-0.15592,1.2567,-0.07793,83.256,18498.0,17877.716
8.643713263000462,-1.3332,1.50422,11.16394,-0.11221,1.25145,-0.13288,-0.10322,1.56549,11.59272,-0.16063,1.2869,-0.07916,83.232,18498.0,17809.0
8.648713263000461,-1.32092,1.5848,11.29356,-0.11926,1.28249,-0.13516,-0.09725,1.64568,11.72124,-0.16534,1.3171,-0.08038,83.232,18771.667,17809.0
8.653713263000462,-1.30863,1.66538,11.42319,-0.1263,1.31354,-0.13744,-0.09128,1.72586,11.84977,-0.17006,1.3473,-0.08161,83.232,18876.0,17809.0
8.658713263000463,-1.29635,1.74595,11.55281,-0.13335,1.34459,-0.13973,-0.08532,1.80605,11.97829,-0.17477,1.3775,-0.08284,83.232,18876.0,16977.123
8.663713263000462,-1.28406,1.82653,11.68243,-0.14039,1.37563,-0.14201,-0.09587,1.82585,12.01409,-0.17405,1.40171,-0.08016,83.232,19215.094,16668.0
8.668713263000463,-1.27178,1.9071,11.81206,-0.14744,1.40668,-0.14429,-0.11256,1.82325,12.01551,-0.17132,1.4237,-0.07603,83.169,19342.0,16668.0
8.673713263000462,-1.21243,1.92957,11.87295,-0.1513,1.44449,-0.14757,-0.12925,1.82066,12.01693,-0.16859,1.44568,-0.0719,83.145,19342.0,16018.081
8.678713263000462,-1.13544,1.93025,11.90808,-0.15396,1.48484,-0.15121,-0.14593,1.81806,12.01835,-0.16586,1.46767,-0.06777,83.145,19342.0,15777.0
8.683713263000461,-1.05846,1.93094,11.94321,-0.15662,1.52519,-0.15486,-0.16262,1.81547,12.01977,-0.16313,1.48966,-0.06364,83.145,19855.411,15777.0
8.688713263000462,-0.98147,1.93162,11.97834,-0.15928,1.56554,-0.15851,-0.1793,1.81287,12.02119,-0.1604,1.51164,-0.0595,83.081,20051.0,15777.0
8.693713263000463,-0.90448,1.93231,12.01347,-0.16194,1.60589,-0.16215,-0.19599,1.81028,12.02261,-0.15767,1.53363,-0.05537,82.993,20051.0,14054.831
8.698713263000462,-0.82749,1.93299,12.0486,-0.16461,1.64624,-0.1658,-0.04391,1.61426,12.05833,-0.15107,1.55421,-0.04055,82.969,20051.0,13406.0
8.703713263000463,-0.83002,1.87408,12.11137,-0.1628,1.68122,-0.16066,0.17172,1.3454,12.10697,-0.14301,1.57426,-0.0217,82.905,20636.834,13406.0
8.708713263000462,-0.86202,1.79308,12.18438,-0.15935,1.71422,-0.15226,0.38735,1.07654,12.15562,-0.13495,1.59431,-0.00284,82.817,20856.0,13406.0
8.713713263000463,-0.89402,1.71208,12.2574,-0.15589,1.74721,-0.14387,0.60298,0.80768,12.20426,-0.1269,1.61436,0.01601,82.793,20856.0,11518.525
8.718713263000462,-0.92602,1.63108,12.33041,-0.15244,1.78021,-0.13547,0.56709,0.76195,12.18233,-0.11884,1.63441,0.03486,82.729,20856.0,10820.0
8.723713263000462,-0.95802,1.55009,12.40343,-0.14898,1.8132,-0.12708,0.43818,0.79873,12.13431,-0.11078,1.65446,0.05371,82.641,21386.836,10820.0
8.728713263000461,-1.05318,1.53371,12.40343,-0.14552,1.8462,-0.11868,0.30927,0.83552,12.08629,-0.10272,1.67451,0.07256,82.553,21585.0,10820.0
8.733713263000462,-1.1719,1.54145,12.37619,-0.14207,1.8792,-0.11028,0.18036,0.8723,12.03827,-0.09467,1.69456,0.09141,82.529,21585.0,8610.578
8.738713263000463,-1.29062,1.54919,12.34896,-0.13861,1.91219,-0.10189,0.05145,0.90909,11.99025,-0.08661,1.71462,0.11027,82.465,21606.086,7787.0
8.743713263000462,-1.40933,1.55693,12.32172,-0.13515,1.94519,-0.09349,-0.07746,0.94587,11.94223,-0.07855,1.73467,0.12912,82.378,21614.0,7787.0
8.748713263000463,-1.52805,1.56467,12.29449,-0.1317,1.97818,-0.08509,-0.20638,0.98265,11.89421,-0.06553,1.77009,0.12163,82.289,21614.0,5534.129
8.753713263000462,-1.64677,1.57241,12.26725,-0.12206,2.02355,-0.09445,-0.33529,1.01944,11.84618,-0.05064,1.81129,0.10426,82.201,21614.0,4697.0
8.758713263000462,-1.76549,1.58014,12.24001,-0.11013,2.07349,-0.11037,-0.33297,1.02051,11.65203,-0.03576,1.85249,0.08688,82.114,22085.32,4697.0
8.763713263000461,-1.84716,1.59773,12.1804,-0.09821,2.12343,-0.12629,-0.28212,1.00837,11.40383,-0.02087,1.89368,0.06951,82.026,22261.0,4697.0
8.768713263000462,-1.91497,1.61901,12.10867,-0.08628,2.17337,-0.14221,-0.23128,0.99622,11.15563,-0.00599,1.93488,0.05214,81.938,22261.0,2922.774
8.773713263000461,-1.98278,1.64028,12.03695,-0.07435,2.22331,-0.15813,-0.18043,0.98408,10.90743,0.0089,1.97607,0.03476,81.786,22817.95,2262.0
8.778713263000462,-2.0506,1.66155,11.96523,-0.06243,2.27326,-0.17405,-0.12959,0.97194,10.65923,0.02378,2.01727,0.01739,81.738,23024.0,2262.0
8.783713263000463,-2.11841,1.68282,11.8935,-0.0505,2.3232,-0.18997,-0.00851,0.90673,10.52519,0.05026,2.0842,-0.00741,81.61,23024.0,1340.07
8.788713263000462,-2.18622,1.70409,11.82178,-0.03486,2.37847,-0.20848,0.1388,0.82171,10.43378,0.08106,2.16074,-0.03498,81.499,23024.0,996.0
8.793713263000463,-2.25404,1.72536,11.75006,-0.01785,2.43572,-0.22796,0.2861,0.73668,10.34238,0.11185,2.23728,-0.06256,81.475,23715.154,996.0
8.798713263000462,-2.32185,1.74664,11.67833,-0.00083,2.49298,-0.24743,0.43341,0.65166,10.25097,0.14265,2.31382,-0.09013,81.41,23972.0,996.0
8.803713263000462,-2.40984,1.75811,11.7132,0.01619,2.55024,-0.26691,0.58071,0.56663,10.15957,0.17345,2.39035,-0.11771,81.323,23972.0,849.264
8.808713263000461,-2.50529,1.76596,11.7875,0.03321,2.60749,-0.28639,0.72802,0.4816,10.06816,0.20425,2.46689,-0.14528,81.235,23742.106,795.0
8.813713263000462,-2.60075,1.7738,11.86179,0.05023,2.66475,-0.30587,0.87532,0.39658,9.97675,0.23505,2.54343,-0.17285,81.147,23657.0,795.0
8.818713263000463,-2.6962,1.78165,11.93609,0.06725,2.72201,-0.32534,0.76717,0.35984,10.12861,0.25804,2.59942,-0.16795,81.123,23657.0,908.813
8.823713263000462,-2.79165,1.7895,12.01038,0.08427,2.77926,-0.34482,0.56425,0.34101,10.37069,0.27813,2.64778,-0.151,81.123,23657.0,951.0
8.828713263000463,-2.88711,1.79735,12.08468,0.10129,2.83652,-0.3643,0.36134,0.32217,10.61278,0.29822,2.69614,-0.13405,80.995,23560.775,951.0
8.833713263000462,-3.10768,1.85593,12.40704,0.13988,2.9133,-0.35859,0.15842,0.30334,10.85486,0.31831,2.7445,-0.11709,80.883,23525.0,951.0
8.838713263000463,-3.3746,1.93329,12.82127,0.18646,2.99732,-0.34355,-0.04449,0.28451,11.09695,0.3384,2.79286,-0.10014,80.796,23525.0,657.935
8.843713263000462,-3.64152,2.01066,13.23551,0.23304,3.08133,-0.32852,-0.5488,0.48799,11.254,0.35849,2.84122,-0.08319,80.708,23525.0,546.0
8.848713263000462,-3.90844,2.08802,13.64974,0.27962,3.16534,-0.31348,-1.16875,0.77676,11.37842,0.37858,2.88959,-0.06624,80.62,23525.0,546.0
8.853713263000461,-4.17536,2.16538,14.06398,0.3262,3.24936,-0.29844,-1.7887,1.06553,11.50284,0.39866,2.93795,-0.04929,80.532,21955.211,546.0
8.858713263000462,-4.44228,2.24275,14.47821,0.37278,3.33337,-0.2834,-2.40865,1.3543,11.62726,0.41875,2.98631,-0.03234,80.444,21365.0,546.0
8.863713263000463,-4.46716,2.0372,14.76375,0.36803,3.34223,-0.29088,-3.0286,1.64308,11.75168,0.43884,3.03467,-0.01538,80.356,21365.0,420.786
8.868713263000462,-4.39936,1.72332,15.00001,0.34362,3.32231,-0.30697,-3.64856,1.93185,11.8761,0.41884,3.02379,-0.04656,80.268,21365.0,374.0
8.873713263000463,-4.33156,1.40943,15.23627,0.31921,3.30238,-0.32307,-4.26851,2.22062,12.00052,0.38399,2.99099,-0.09555,80.18,18357.44,374.0
8.878713263000462,-4.26376,1.09555,15.47253,0.2948,3.28246,-0.33916,-4.48323,2.40426,11.63468,0.34914,2.95818,-0.14454,80.092,17228.0,374.0
8.883713263000462,-3.93461,1.04634,15.13486,0.27038,3.26254,-0.35526,-4.54597,2.54848,11.08495,0.31429,2.92537,-0.19353,80.004,17228.0,202.603
8.888713263000461,-3.50826,1.09557,14.58374,0.24597,3.24261,-0.37135,-4.6087,2.69269,10.53522,0.27943,2.89256,-0.24251,79.853,13119.598,139.0
8.893713263000462,-3.08192,1.1448,14.03261,0.22156,3.22269,-0.38744,-4.67144,2.8369,9.98549,0.24458,2.85976,-0.2915,79.741,11579.0,139.0
8.898713263000461,-2.65557,1.19402,13.48149,0.19715,3.20276,-0.40354,-4.73417,2.98112,9.43576,0.20973,2.82695,-0.34049,79.653,11579.0,191.457
8.903713263000462,-2.22922,1.24325,12.93037,0.17274,3.18284,-0.41963,-4.70282,2.97517,8.95252,0.18132,2.74841,-0.36772,79.501,6243.226,211.0
8.908713263000463,-1.80288,1.29248,12.37925,0.14833,3.16292,-0.43573,-4.63656,2.91351,8.49393,0.1553,2.6529,-0.38688,79.325,4265.0,211.0
8.913713263000462,-1.37653,1.3417,11.82813,0.1291,3.10412,-0.45119,-4.57029,2.85186,8.03534,0.12928,2.55739,-0.40603,79.213,4265.0,356.585
8.918713263000463,-0.95019,1.39093,11.27701,0.11184,3.0306,-0.46641,-4.50403,2.7902,7.57676,0.10326,2.46188,-0.42519,79.125,1316.979,411.0
8.923713263000462,-0.56283,1.38199,10.77498,0.09458,2.95708,-0.48163,-4.43777,2.72855,7.11817,0.07724,2.36638,-0.44434,78.973,225.0,411.0
8.928713263000462,-0.18989,1.35154,10.29112,0.07732,2.88356,-0.49685,-4.37151,2.66689,6.65958,0.05122,2.27087,-0.4635,78.734,225.0,411.0
8.933713263000461,0.18305,1.3211,9.80726,0.06006,2.81004,-0.51207,-4.30525,2.60523,6.201,0.0252,2.17536,-0.48265,78.662,225.0,285.13
8.938713263000462,0.55599,1.29065,9.3234,0.04279,2.73652,-0.52729,-4.23899,2.54358,5.74241,-0.00082,2.07985,-0.50181,78.662,225.0,238.0
8.943713263000463,0.92893,1.2602,8.83953,0.02553,2.663,-0.54251,-4.79698,2.57151,5.2127,-0.04284,1.90805,-0.53611,78.662,68.191,238.0
8.948713263000462,1.30187,1.22975,8.35567,0.00827,2.58948,-0.55773,-5.587,2.63273,4.65654,-0.09081,1.70789,-0.57604,78.662,10.0,238.0
8.953713263000463,1.67481,1.1993,7.87181,-0.02152,2.29968,-0.55701,-6.37702,2.69396,4.10039,-0.13878,1.50773,-0.61596,78.598,10.0,112.683
8.958713263000462,2.04775,1.16885,7.38794,-0.05604,1.92833,-0.55028,-7.16704,2.75518,3.54424,-0.18675,1.30757,-0.65589,78.574,10.0,66.0
8.963713263000463,2.96636,0.87861,7.22419,-0.09057,1.55698,-0.54354,-7.95707,2.81641,2.98808,-0.23473,1.10741,-0.69582,78.574,4.189,66.0
8.968713263000462,4.08759,0.4919,7.17931,-0.12509,1.18563,-0.53681,-7.51378,2.71367,2.80041,-0.2827,0.90725,-0.73575,78.574,2.0,26.897
8.973713263000462,5.20883,0.10519,7.13443,-0.15961,0.81428,-0.53008,-6.60357,2.54886,2.75224,-0.33067,0.7071,-0.77567,78.574,2.0,12.0
8.978713263000461,6.33006,-0.28152,7.08954,-0.19413,0.44293,-0.52334,-5.69337,2.38405,2.70407,-0.37864,0.50694,-0.8156,78.574,2.0,12.0
8.983713263000462,7.45129,-0.66823,7.04466,-0.22865,0.07158,-0.51661,-4.78316,2.21924,2.6559,-0.42661,0.30678,-0.85553,78.638,2.0,12.0
8.988713263000463,7.37144,-0.6168,6.73989,-0.27549,-0.14279,-0.43505,-3.87296,2.05442,2.60773,-0.47458,0.10662,-0.89546,78.662,2.0,185.298
8.993713263000462,6.84623,-0.40291,6.33875,-0.32689,-0.29894,-0.32575,-2.96276,1.88961,2.55956,-0.50575,-0.05533,-0.80288,78.662,2.0,251.0
8.998713263000463,6.32101,-0.18901,5.93762,-0.3783,-0.45508,-0.21645,-2.05255,1.7248,2.51139,-0.53049,-0.20268,-0.65964,78.726,2.728,251.0
9.003713263000462,5.7958,0.02488,5.53648,-0.42971,-0.61123,-0.10715,-1.6664,1.58128,2.50935,-0.55523,-0.35002,-0.51641,78.75,3.0,251.0
9.008713263000462,5.27058,0.23878,5.13535,-0.48111,-0.76738,0.00215,-1.4749,1.44567,2.52446,-0.57997,-0.49737,-0.37317,78.75,3.0,659.693
9.013713263000461,4.74536,0.45267,4.73421,-0.53252,-0.92353,0.11145,-1.28339,1.31005,2.53956,-0.60471,-0.64471,-0.22994,78.813,3.0,815.0
9.018713263000462,4.22015,0.66657,4.33308,-0.58393,-1.07968,0.22075,-1.09189,1.17444,2.55467,-0.62945,-0.79205,-0.0867,78.838,3.0,815.0
9.023713263000461,3.93666,0.85563,4.25974,-0.59155,-1.20113,0.32022,-0.90038,1.03883,2.56977,-0.65419,-0.9394,0.05653,78.838,3.0,815.0
9.028713263000462,3.74252,1.03552,4.30756,-0.58298,-1.30976,0.41606,-0.70888,0.90321,2.58488,-0.64899,-1.05534,0.16144,78.838,3.0,865.941
9.033713263000463,3.54838,1.2154,4.35538,-0.57441,-1.41838,0.5119,-0.51737,0.7676,2.59998,-0.63269,-1.15964,0.25214,78.838,3.0,885.0
9.038713263000462,3.35423,1.39529,4.40321,-0.56585,-1.527,0.60774,-0.64927,0.71119,2.61421,-0.6164,-1.26395,0.34284,78.902,3.728,885.0
9.043713263000463,3.16009,1.57518,4.45103,-0.55728,-1.63563,0.70359,-0.90441,0.68497,2.62809,-0.60011,-1.36825,0.43354,78.926,4.0,1261.328
9.048713263000462,2.96595,1.75506,4.49885,-0.54871,-1.74425,0.79943,-1.15955,0.65874,2.64198,-0.58381,-1.47256,0.52424,78.926,4.0,1401.0
9.053713263000462,2.77181,1.93495,4.54668,-0.54014,-1.85288,0.89527,-1.41469,0.63251,2.65587,-0.56752,-1.57686,0.61494,78.926,4.0,1401.0
9.058713263000461,2.6921,2.05525,4.6893,-0.52619,-1.95911,0.9611,-1.66983,0.60629,2.66976,-0.55123,-1.68117,0.70564,78.926,3.272,1401.0
9.063713263000462,2.6561,2.15279,4.86815,-0.51018,-2.06444,1.01547,-1.92497,0.58006,2.68365,-0.53493,-1.78548,0.79634,78.99,3.0,1401.0
9.068713263000463,2.62011,2.25033,5.047,-0.49417,-2.16976,1.06984,-2.15329,0.60375,2.77846,-0.52028,-1.90542,0.86033,79.014,3.0,2282.293
9.073713263000462,2.58411,2.34787,5.22585,-0.47816,-2.27509,1.12421,-2.37153,0.64621,2.90372,-0.50624,-2.03125,0.91427,79.076,3.0,2612.0
9.078713263000463,2.54811,2.44541,5.40469,-0.46215,-2.38041,1.17858,-2.58976,0.68867,3.02897,-0.49221,-2.15709,0.96821,79.102,3.0,2612.0
9.083713263000462,2.4073,2.48373,5.62739,-0.44613,-2.48573,1.23295,-2.80799,0.73114,3.15423,-0.47817,-2.28292,1.02215,79.102,3.0,3703.877
9.088713263000463,2.22767,2.50013,5.86633,-0.43012,-2.59106,1.28732,-3.02622,0.7736,3.27948,-0.46414,-2.40875,1.07609,79.165,3.0,4112.0
9.093713263000462,2.04804,2.51652,6.10527,-0.41411,-2.69638,1.34169,-3.24445,0.81606,3.40473,-0.4501,-2.53458,1.13003,79.189,3.0,4112.0
9.098713263000462,1.86841,2.53291,6.34421,-0.3981,-2.80171,1.39606,-3.46268,0.85853,3.52999,-0.43607,-2.66041,1.18397,79.189,3.0,4112.0
9.103713263000461,1.68878,2.5493,6.58315,-0.38209,-2.90703,1.45042,-3.68091,0.90099,3.65524,-0.42203,-2.78625,1.23791,79.254,3.0,4681.903
9.108713263000462,1.50915,2.5657,6.82209,-0.37094,-2.9821,1.472,-3.62053,0.95535,3.89507,-0.40968,-2.86648,1.26308,79.277,3.0,4893.0
9.113713263000463,1.32952,2.58209,7.06103,-0.36159,-3.04596,1.48142,-3.4569,1.01413,4.17735,-0.39795,-2.92981,1.27759,79.341,3.0,4893.0
9.118713263000462,1.14989,2.59848,7.29996,-0.35223,-3.10981,1.49084,-3.29326,1.07291,4.45964,-0.38622,-2.99314,1.2921,79.365,3.0,6005.038
9.123713263000463,0.72358,2.6608,7.57636,-0.34288,-3.17367,1.50026,-3.12962,1.13169,4.74192,-0.37449,-3.05647,1.30661,79.365,3.0,6417.0
9.128713263000462,0.20584,2.74014,7.86665,-0.33353,-3.23753,1.50968,-3.17558,1.17355,5.08524,-0.36276,-3.1198,1.32112,79.365,3.0,6417.0
9.133713263000462,-0.31189,2.81947,8.15693,-0.32418,-3.30138,1.5191,-3.3002,1.20907,5.45145,-0.35103,-3.18313,1.33563,79.365,3.0,6417.0
9.138713263000461,-0.82963,2.89881,8.44722,-0.31483,-3.36524,1.52852,-3.42483,1.24459,5.81766,-0.3393,-3.24646,1.35014,79.429,3.0,7444.679
9.143713263000462,-1.34736,2.97815,8.7375,-0.30548,-3.4291,1.53794,-3.54945,1.28011,6.18388,-0.32757,-3.30979,1.36465,79.453,3.0,7825.0
9.148713263000461,-1.5533,2.96274,9.12522,-0.30932,-3.49146,1.48872,-3.67407,1.31563,6.55009,-0.31584,-3.37312,1.37916,79.453,2.272,7825.0
9.153713263000462,-1.64365,2.91221,9.54905,-0.31805,-3.55328,1.41776,-3.79869,1.35115,6.91631,-0.31149,-3.42807,1.34337,79.517,2.0,7825.0
9.158713263000463,-1.734,2.86168,9.97289,-0.32678,-3.61509,1.3468,-3.92331,1.38667,7.28252,-0.30989,-3.47987,1.28878,79.541,2.0,8042.98
9.163713263000462,-1.82436,2.81115,10.39672,-0.33551,-3.6769,1.27584,-4.02462,1.55307,7.56706,-0.30829,-3.53168,1.23419,79.541,2.0,8124.0
9.168713263000463,-1.91471,2.76062,10.82056,-0.34423,-3.73871,1.20488,-4.11727,1.76811,7.82125,-0.3067,-3.58349,1.17959,79.605,3.447,8124.0
9.173713263000462,-2.00506,2.71009,11.24439,-0.35296,-3.80053,1.13392,-4.20991,1.98315,8.07544,-0.3051,-3.6353,1.125,79.629,4.0,8124.0
9.178713263000462,-2.09541,2.65956,11.66823,-0.36169,-3.86234,1.06296,-4.30256,2.19819,8.32963,-0.3035,-3.68711,1.07041,79.629,4.0,8225.836
9.183713263000461,-2.05164,2.69603,12.12522,-0.36694,-3.90991,1.01017,-4.39521,2.41323,8.58382,-0.30191,-3.73891,1.01582,79.629,4.0,8265.0
9.188713263000462,-1.95785,2.76496,12.59459,-0.37088,-3.95218,0.96415,-4.48785,2.62826,8.83801,-0.30031,-3.79072,0.96123,79.629,4.0,8265.0
9.193713263000461,-1.86406,2.83388,13.06396,-0.37483,-3.99444,0.91814,-4.42228,2.71567,9.03011,-0.31015,-3.85882,0.88498,79.693,4.0,8296.241
9.198713263000462,-1.77026,2.9028,13.53332,-0.37877,-4.0367,0.87212,-4.29481,2.75313,9.19792,-0.32447,-3.93329,0.80025,79.717,4.0,8308.0
9.203713263000463,-1.88418,2.99211,13.75147,-0.38271,-4.07897,0.8261,-4.16733,2.79059,9.36572,-0.33879,-4.00776,0.71552,79.717,2.547,8308.0
9.208713263000462,-2.07549,3.08901,13.87602,-0.38666,-4.12123,0.78009,-4.03985,2.82805,9.53353,-0.35311,-4.08223,0.6308,79.717,2.0,8259.311
9.213713263000463,-2.2668,3.18591,14.00057,-0.3906,-4.1635,0.73407,-3.91237,2.86551,9.70134,-0.36742,-4.1567,0.54607,79.717,2.0,8241.0
9.218713263000462,-2.4581,3.28281,14.12512,-0.39455,-4.20576,0.68806,-3.7849,2.90298,9.86914,-0.38174,-4.23117,0.46134,79.717,4.915,8241.0
9.223713263000462,-2.64941,3.37971,14.24967,-0.39849,-4.24802,0.64204,-3.72925,2.87281,9.9529,-0.36441,-4.25542,0.39368,79.717,6.0,8241.0
9.228713263000461,-2.84072,3.47661,14.37422,-0.40243,-4.29029,0.59603,-3.7003,2.81751,10.0054,-0.3353,-4.26099,0.33235,79.717,6.0,8067.934
9.233713263000462,-3.03202,3.57351,14.49877,-0.38224,-4.29826,0.52295,-3.67136,2.76221,10.0579,-0.3062,-4.26657,0.27103,79.717,6.0,8003.0
9.238713263000463,-3.22333,3.67041,14.62332,-0.353,-4.29338,0.43972,-3.64241,2.70691,10.1104,-0.27709,-4.27215,0.20971,79.653,3.082,8003.0
9.243713263000462,-3.41885,3.74666,14.75032,-0.32376,-4.28851,0.3565,-3.61347,2.65161,10.16291,-0.24799,-4.27773,0.14838,79.693,2.0,8003.0
9.248713263000463,-3.61593,3.81525,14.87823,-0.29452,-4.28363,0.27328,-3.58452,2.59631,10.21541,-0.21888,-4.28331,0.08706,79.653,2.0,7787.999
9.253713263000462,-3.81301,3.88385,15.00614,-0.26528,-4.27875,0.19005,-3.55558,2.541,10.26791,-0.18978,-4.28889,0.02574,79.629,2.0,7708.0
9.258713263000462,-4.01009,3.95245,15.13405,-0.23604,-4.27387,0.10683,-3.52663,2.4857,10.32041,-0.16067,-4.29447,-0.03559,79.629,2.728,7708.0
9.263713263000461,-4.20717,4.02104,15.26196,-0.2068,-4.26899,0.0236,-3.67951,2.54592,10.60721,-0.14077,-4.28799,-0.10333,79.629,3.0,6996.992
9.268713263000462,-4.40425,4.08964,15.38986,-0.174,-4.26466,-0.04976,-3.90068,2.64952,10.98202,-0.12432,-4.27698,-0.1735,79.629,3.0,6730.0
9.273713263000461,-4.60133,4.15823,15.51777,-0.13987,-4.26054,-0.11943,-4.12185,2.75312,11.35682,-0.10787,-4.26597,-0.24366,79.629,1.542,6730.0
9.278713263000462,-4.7984,4.22683,15.64568,-0.10573,-4.25642,-0.18909,-4.34302,2.85672,11.73163,-0.09141,-4.25496,-0.31382,79.629,1.0,6730.0
9.283713263000463,-5.01826,3.98826,15.85273,-0.0716,-4.2523,-0.25875,-4.26965,2.80664,11.93998,-0.07496,-4.24395,-0.38398,79.629,1.0,6529.729
9.288713263000462,-5.24662,3.63492,16.08935,-0.03747,-4.24817,-0.32841,-4.08623,2.69912,12.08613,-0.05851,-4.23294,-0.45415,79.629,1.0,6454.0
9.293713263000463,-5.47498,3.28158,16.32597,-0.00334,-4.24405,-0.39808,-3.90282,2.59161,12.23229,-0.04206,-4.22193,-0.52431,79.693,1.0,6454.0
9.298713263000462,-5.70335,2.92824,16.56258,0.0308,-4.23993,-0.46774,-3.71941,2.4841,12.37844,-0.02561,-4.21092,-0.59447,79.717,1.0,6471.492
9.303713263000462,-5.93171,2.5749,16.7992,0.06493,-4.23581,-0.5374,-3.53599,2.37659,12.5246,-0.00916,-4.19991,-0.66463,79.717,1.0,6478.0
9.308713263000461,-6.28858,2.30423,16.78614,0.06689,-4.13626,-0.57705,-3.35258,2.26908,12.67075,0.00729,-4.1889,-0.73479,79.717,3.185,6478.0
9.313713263000462,-6.69422,2.06494,16.67833,0.05664,-4.0005,-0.60531,-3.16917,2.16157,12.81691,0.0152,-4.10617,-0.76188,79.717,4.0,6478.0
9.318713263000461,-7.09986,1.82564,16.57052,0.04638,-3.86475,-0.63356,-2.98575,2.05406,12.96306,0.01994,-3.99686,-0.77302,79.653,4.0,6502.757
9.323713263000462,-7.5055,1.58635,16.46271,0.03613,-3.72899,-0.66182,-2.7805,1.92388,13.06847,0.02467,-3.88755,-0.78415,79.629,4.726,6512.0
9.328713263000463,-7.91114,1.34705,16.35489,0.02588,-3.59323,-0.69007,-2.56707,1.78523,13.15863,0.02941,-3.77824,-0.79528,79.629,5.0,6512.0
9.333713263000462,-8.31678,1.10776,16.24708,0.01563,-3.45747,-0.71833,-2.35365,1.64657,13.24879,0.03415,-3.66893,-0.80641,79.629,5.0,7066.183
9.338713263000463,-8.72242,0.86846,16.13927,0.00537,-3.32171,-0.74658,-2.14023,1.50792,13.33895,0.03889,-3.55962,-0.81755,79.629,5.0,7273.0
9.343713263000462,-9.38614,0.8642,15.81557,0.00582,-3.06787,-0.72137,-1.92681,1.36927,13.42912,0.04363,-3.45031,-0.82868,79.629,4.272,7273.0
9.348713263000462,-10.14846,0.94974,15.40938,0.01037,-2.76891,-0.67574,-1.71339,1.23061,13.51928,0.04837,-3.341,-0.83981,79.629,4.0,7273.0
9.353713263000461,-10.91078,1.03527,15.0032,0.01491,-2.46994,-0.6301,-1.49996,1.09196,13.60944,0.05905,-3.15979,-0.80821,79.565,4.0,8030.398
9.358713263000462,-11.6731,1.12081,14.59701,0.01945,-2.17098,-0.58446,-1.28654,0.95331,13.69961,0.07195,-2.95186,-0.76074,79.541,4.0,8313.0
9.363713263000463,-12.43542,1.20634,14.19083,0.02399,-1.87202,-0.53882,-1.3076,0.7917,13.72242,0.08485,-2.74393,-0.71326,79.541,4.0,8313.0
9.368713263000462,-13.31524,1.21794,13.71138,0.02853,-1.57306,-0.49318,-1.41782,0.62136,13.71961,0.09774,-2.53601,-0.66579,79.477,4.0,8313.0
9.373713263000463,-14.23878,1.20202,13.20467,0.02439,-1.29341,-0.40793,-1.52805,0.45102,13.71681,0.11064,-2.32808,-0.61832,79.453,4.0,9536.76
9.378713263000462,-15.16232,1.18611,12.69797,0.01689,-1.02126,-0.30731,-1.63828,0.28068,13.71401,0.12353,-2.12016,-0.57084,79.39,3.277,9999.0
9.383713263000462,-16.08586,1.1702,12.19126,0.00939,-0.74911,-0.20668,-1.74851,0.11034,13.7112,0.13643,-1.91223,-0.52337,79.365,3.0,9999.0
9.388713263000461,-17.00939,1.15429,11.68456,0.00189,-0.47696,-0.10605,-1.85874,-0.06,13.7084,0.14933,-1.7043,-0.47589,79.237,3.0,9999.0
9.393713263000462,-17.93293,1.13837,11.17786,-0.00561,-0.20481,-0.00542,-2.06861,-0.22681,13.73345,0.14178,-1.25677,-0.2984,79.189,3.0,13589.064
9.398713263000461,-18.85647,1.12246,10.67115,-0.01311,0.06734,0.09521,-2.3158,-0.3923,13.76892,0.12658,-0.71953,-0.07222,79.125,4.456,14938.0
9.403713263000462,-18.9808,0.8561,10.76734,-0.02061,0.33949,0.19584,-2.56298,-0.5578,13.8044,0.11139,-0.18228,0.15396,78.973,5.0,14938.0
9.408713263000463,-18.80774,0.49655,11.08788,-0.02811,0.61164,0.29646,-2.81017,-0.72329,13.83988,0.09619,0.35496,0.38015,78.926,5.0,19198.16
9.413713263000462,-18.63468,0.137,11.40841,-0.03561,0.88379,0.39709,-3.05735,-0.88878,13.87536,0.08099,0.8922,0.60633,78.798,5.0,20785.0
9.418713263000463,-18.46162,-0.22256,11.72895,-0.04311,1.15594,0.49772,-2.50853,-0.77896,13.73528,0.07063,1.08724,0.63494,78.686,2.813,20785.0
9.423713263000462,-18.28856,-0.58211,12.04948,-0.05061,1.42809,0.59835,-1.65955,-0.56532,13.529,0.06208,1.15323,0.58906,78.534,2.0,20785.0
9.428713263000462,-18.1155,-0.94167,12.37002,-0.07349,1.55836,0.55688,-0.81058,-0.35169,13.32272,0.05354,1.21922,0.54317,78.422,2.0,23347.148
9.433713263000461,-17.94244,-1.30122,12.69055,-0.10207,1.63609,0.46276,0.0384,-0.13805,13.11644,0.045,1.28521,0.49729,78.398,2.0,24305.0
9.438713263000462,-17.76938,-1.66077,13.01108,-0.13065,1.71381,0.36865,0.88738,0.07559,12.91016,0.03646,1.3512,0.4514,78.27,1.271,24305.0
9.443713263000461,-14.71726,-1.67665,12.66745,-0.15922,1.79153,0.27454,1.35108,0.03989,12.33627,0.02792,1.41718,0.40552,78.159,1.0,25149.408
9.448713263000462,-10.59535,-1.56483,12.07702,-0.1878,1.86926,0.18043,1.67163,-0.08845,11.62577,0.01938,1.48317,0.35964,77.943,1.0,25463.0
9.453713263000463,-6.47344,-1.45301,11.48659,-0.21638,1.94698,0.08632,1.99217,-0.2168,10.91527,0.01084,1.54916,0.31375,77.807,1.728,25463.0
9.458713263000462,-2.35153,-1.34119,10.89617,-0.24495,2.0247,-0.00779,2.31271,-0.34514,10.20478,0.0023,1.61515,0.26787,77.719,2.0,25463.0
9.463713263000463,1.77038,-1.22936,10.30574,-0.27353,2.10243,-0.1019,2.63326,-0.47348,9.49428,-0.00624,1.68114,0.22198,77.568,2.0,25813.863
9.468713263000462,2.75498,-1.01653,10.15682,-0.2432,2.12262,-0.1398,2.9538,-0.60183,8.78378,-0.01478,1.74713,0.1761,77.456,2.0,25948.0
9.473713263000462,2.52759,-0.76468,10.17846,-0.19012,2.12058,-0.15597,3.27435,-0.73017,8.07329,-0.00016,1.76871,0.13158,77.305,3.446,25948.0
9.478713263000461,2.30019,-0.51283,10.20009,-0.13703,2.11854,-0.17215,3.59489,-0.85852,7.36279,0.02327,1.77337,0.08758,77.256,4.0,25948.0
9.483713263000462,2.0728,-0.26099,10.22173,-0.08395,2.11651,-0.18833,3.91543,-0.98686,6.65229,0.0467,1.77803,0.04358,77.256,4.0,26098.815
9.488713263000463,1.8454,-0.00914,10.24336,-0.03086,2.11447,-0.2045,3.13573,-0.85114,6.85669,0.07013,1.7827,-0.00042,77.32,4.0,26155.0
9.493713263000462,1.618,0.24271,10.265,0.02222,2.11244,-0.22068,1.94668,-0.61717,7.40148,0.09356,1.78736,-0.04442,77.471,4.727,26155.0
9.498713263000463,1.39061,0.49456,10.28664,0.07531,2.1104,-0.23685,0.75762,-0.3832,7.94627,0.117,1.79202,-0.08843,77.584,5.0,26155.0
9.503713263000462,1.23417,0.7273,10.75463,0.11447,1.92329,-0.25012,-0.43143,-0.14923,8.49106,0.14043,1.79669,-0.13243,77.735,5.0,26058.235
9.508713263000462,1.10418,0.9529,11.38907,0.14844,1.66716,-0.26231,-1.45046,0.15021,8.74398,0.1406,1.68791,-0.21248,77.847,5.0,26022.0
9.513713263000461,0.9742,1.1785,12.02352,0.1824,1.41102,-0.27449,-2.40574,0.4742,8.88743,0.13204,1.53659,-0.30605,77.935,1620.021,26022.0
9.518713263000462,0.84421,1.40411,12.65797,0.21637,1.15489,-0.28668,-3.36101,0.79819,9.03089,0.12348,1.38528,-0.39962,78.023,2226.0,26022.0
9.523713263000461,0.71423,1.62971,13.29242,0.25034,0.89876,-0.29886,-4.31628,1.12218,9.17435,0.11493,1.23396,-0.49319,78.111,2226.0,26103.393
9.528713263000462,0.58425,1.85531,13.92687,0.28431,0.64262,-0.31105,-5.27156,1.44617,9.3178,0.10637,1.08264,-0.58677,78.263,2226.0,26134.0
9.533713263000463,0.45426,2.08092,14.56131,0.31827,0.38649,-0.32323,-6.22683,1.77016,9.46126,0.09781,0.93132,-0.68034,78.375,3524.815,26134.0
9.538713263000462,0.63669,2.05138,14.08011,0.30191,0.33102,-0.31965,-7.18211,2.09414,9.60472,0.08925,0.78,-0.77391,78.462,4010.0,26134.0
9.543713263000463,0.93558,1.92675,13.18307,0.26679,0.35033,-0.31019,-8.13738,2.41813,9.74817,0.0807,0.62868,-0.86748,78.55,4010.0,26075.226
9.548713263000462,1.23446,1.80211,12.28603,0.23166,0.36965,-0.30073,-6.08121,2.44016,9.76671,0.07857,0.62295,-0.84044,78.702,4010.0,26053.0
9.553713263000462,1.53334,1.67747,11.38898,0.19654,0.38896,-0.29127,-2.88115,2.34749,9.7378,0.07889,0.67252,-0.76758,78.878,4912.587,26053.0
9.558713263000461,1.83222,1.55284,10.49194,0.16141,0.40828,-0.2818,0.31891,2.25482,9.70889,0.0792,0.72208,-0.69472,78.99,5251.0,26053.0
9.563713263000462,1.83547,1.52474,10.26212,0.12629,0.42759,-0.27234,3.51897,2.16215,9.67998,0.07952,0.77165,-0.62186,79.078,5251.0,26031.93
9.568713263000461,1.72806,1.53277,10.28205,0.09116,0.44691,-0.26288,6.71902,2.06948,9.65107,0.07984,0.82122,-0.54901,79.229,6059.931,26024.0
9.573713263000462,1.62065,1.54081,10.30198,0.05604,0.46623,-0.25342,6.64588,1.87086,9.6231,0.08015,0.87079,-0.47615,79.341,6363.0,26024.0
9.578713263000463,1.51324,1.54884,10.32191,0.02091,0.48554,-0.24396,5.3494,1.63264,9.59549,0.08047,0.92036,-0.40329,79.493,6363.0,25947.088
9.583713263000462,1.40582,1.55688,10.34184,-0.01421,0.50486,-0.2345,4.05293,1.39442,9.56787,0.08078,0.96992,-0.33043,79.605,6363.0,25918.0
9.588713263000463,1.29841,1.56491,10.36177,-0.04934,0.52417,-0.22504,2.75645,1.15621,9.54026,0.0811,1.01949,-0.25757,79.693,6363.0,25918.0
9.593713263000462,1.191,1.57294,10.3817,-0.04451,0.49687,-0.21199,1.45998,0.91799,9.51265,0.08668,0.98564,-0.23089,79.781,7516.463,25918.0
9.598713263000462,1.08359,1.58098,10.40163,-0.02472,0.45208,-0.19759,0.16351,0.67978,9.48504,0.09423,0.92052,-0.22153,79.932,7949.0,25918.0
9.603713263000461,0.97618,1.58901,10.42156,-0.00492,0.4073,-0.1832,-1.13297,0.44156,9.45742,0.10178,0.85539,-0.21216,80.044,7949.0,25696.19
9.608713263000462,0.89131,1.52672,10.45097,0.01487,0.36251,-0.1688,-1.35794,0.4515,9.50581,0.10933,0.79027,-0.20279,80.132,8455.338,25613.0
9.613713263000461,0.81487,1.43809,10.48392,0.03467,0.31773,-0.15441,-1.18172,0.55436,9.58267,0.11689,0.72515,-0.19342,80.22,8648.0,25613.0
9.618713263000462,0.73844,1.34946,10.51687,0.05446,0.27294,-0.14001,-1.0055,0.65721,9.65952,0.12444,0.66002,-0.18405,80.372,8648.0,25594.859
9.623713263000463,0.66201,1.26084,10.54982,0.07426,0.22816,-0.12562,-0.82928,0.76007,9.73637,0.13199,0.5949,-0.17468,80.484,8648.0,25588.0
9.628713263000462,0.58558,1.17221,10.58277,0.09405,0.18337,-0.11122,-0.65306,0.86293,9.81322,0.13407,0.56902,-0.14984,80.635,9538.525,25588.0
9.633713263000462,0.52351,1.17041,10.59679,0.0929,0.15562,-0.09467,-0.47684,0.96579,9.89007,0.13406,0.5582,-0.11907,80.747,9876.0,25588.0
9.638713263000461,0.46686,1.20136,10.60367,0.08386,0.13429,-0.0773,-0.30062,1.06864,9.96692,0.13405,0.54738,-0.08829,80.899,9876.0,25793.975
9.643713263000462,0.41021,1.2323,10.61055,0.07481,0.11296,-0.05993,-0.14756,1.14702,10.00711,0.13404,0.53656,-0.05751,81.075,11000.002,25871.0
9.648713263000461,0.35356,1.26325,10.61743,0.06576,0.09163,-0.04256,-0.00314,1.21625,10.03362,0.13403,0.52574,-0.02674,81.123,11423.0,25871.0
9.653713263000462,0.29691,1.29419,10.62431,0.05671,0.0703,-0.0252,0.14127,1.28549,10.06012,0.13402,0.51492,0.00404,81.315,11423.0,25378.174
9.658713263000463,0.24026,1.32514,10.63119,0.04767,0.04897,-0.00783,0.28569,1.35472,10.08662,0.13401,0.5041,0.03482,81.387,11423.0,25195.0
9.663713263000462,0.18361,1.35609,10.63807,0.03862,0.02764,0.00954,0.4301,1.42395,10.11313,0.134,0.49328,0.06559,81.643,12215.321,25195.0
9.668713263000463,0.11057,1.40878,10.65303,0.0276,0.02238,0.01548,0.47441,1.5455,10.14893,0.12308,0.49395,0.08093,81.802,12511.0,25195.0
9.673713263000462,0.0314,1.4696,10.67102,0.01584,0.02312,0.01715,0.4813,1.6866,10.18822,0.10809,0.4989,0.09049,82.018,12511.0,25423.768
9.678713263000462,-0.04777,1.53042,10.689,0.00409,0.02387,0.01882,0.48818,1.8277,10.2275,0.09311,0.50386,0.10006,82.154,12511.0,25510.0
9.683713263000461,-0.12693,1.59124,10.70698,-0.00767,0.02462,0.02049,0.49507,1.9688,10.26678,0.07812,0.50882,0.10963,82.306,12730.069,25510.0
9.688713263000462,-0.16536,1.59283,10.71057,-0.01942,0.02537,0.02216,0.50196,2.1099,10.30606,0.06313,0.51378,0.11919,82.481,12812.0,25510.0
9.693713263000461,-0.18858,1.5723,10.70879,-0.03118,0.02611,0.02384,0.50885,2.251,10.34535,0.04814,0.51873,0.12876,82.593,12812.0,25232.32
9.698713263000462,-0.2118,1.55177,10.70702,-0.04293,0.02686,0.02551,0.51574,2.3921,10.38463,0.03316,0.52369,0.13833,82.744,12812.0,25128.0
9.703713263000463,-0.23502,1.53124,10.70524,-0.05469,0.02761,0.02718,0.43346,2.36105,10.38033,0.02532,0.52545,0.13261,82.857,13357.507,25128.0
9.708713263000462,-0.25823,1.51071,10.70346,-0.06644,0.02835,0.02885,0.3167,2.26345,10.35919,0.02024,0.52597,0.12098,82.945,13564.0,25128.0
9.713713263000463,-0.28145,1.49018,10.70168,-0.06946,0.03577,0.02427,0.19994,2.16586,10.33804,0.01517,0.52649,0.10936,83.097,13564.0,25266.18
9.718713263000462,-0.30467,1.46965,10.6999,-0.06923,0.04568,0.01737,0.08319,2.06826,10.3169,0.0101,0.52702,0.09773,83.208,13564.0,25318.0
9.723713263000462,-0.32789,1.44912,10.69813,-0.069,0.05559,0.01046,-0.03357,1.97067,10.29576,0.00502,0.52754,0.08611,83.36,13939.899,25318.0
9.728713263000461,-0.32051,1.44967,10.68593,-0.06876,0.0655,0.00356,-0.03213,1.91138,10.27977,-5e-05,0.52806,0.07448,83.472,14081.0,25318.0
9.733713263000462,-0.30166,1.45813,10.66982,-0.06853,0.07541,-0.00335,0.01362,1.86645,10.26571,-0.00513,0.52858,0.06286,83.56,14081.0,25107.136
9.738713263000461,-0.28282,1.46658,10.65371,-0.06829,0.08532,-0.01025,0.05938,1.82152,10.25165,-0.0102,0.5291,0.05123,83.711,14081.0,25028.0
9.743713263000462,-0.26397,1.47504,10.6376,-0.06806,0.09523,-0.01716,0.10513,1.77659,10.23759,-0.01527,0.52963,0.03961,83.823,14728.188,25028.0
9.748713263000463,-0.24513,1.4835,10.62149,-0.06783,0.10514,-0.02406,0.15089,1.73166,10.22353,-0.02035,0.53015,0.02798,83.911,14974.0,25028.0
9.753713263000462,-0.22628,1.49196,10.60538,-0.06844,0.12273,-0.03204,0.19664,1.68673,10.20947,-0.02713,0.53819,0.00848,83.999,14974.0,24926.237
9.758713263000462,-0.20743,1.50042,10.58928,-0.06937,0.14323,-0.04041,0.2424,1.6418,10.19541,-0.03456,0.54906,-0.01398,84.087,14974.0,24888.0
9.763713263000461,-0.15743,1.48138,10.57715,-0.07031,0.16373,-0.04879,0.28815,1.59687,10.18136,-0.04199,0.55994,-0.03645,84.175,15179.855,24888.0
9.768713263000462,-0.09563,1.45191,10.56653,-0.07124,0.18422,-0.05716,0.31979,1.58637,10.18076,-0.04942,0.57082,-0.05892,84.263,15257.0,24888.0
9.773713263000461,-0.03382,1.42244,10.55591,-0.07218,0.20472,-0.06554,0.34617,1.58872,10.18518,-0.05685,0.5817,-0.08139,84.351,15257.0,24445.555
9.778713263000462,0.02799,1.39297,10.54529,-0.07311,0.22522,-0.07392,0.37255,1.59107,10.1896,-0.05788,0.58294,-0.09003,84.439,15257.0,24278.0
9.783713263000463,0.0898,1.36349,10.53468,-0.07404,0.24571,-0.08229,0.39893,1.59342,10.19402,-0.05649,0.58055,-0.09345,84.527,15257.0,24278.0
9.788713263000462,0.15161,1.33402,10.52406,-0.07498,0.26621,-0.09067,0.4253,1.59577,10.19844,-0.0551,0.57816,-0.09687,84.551,15411.895,24278.0
9.793713263000463,0.17887,1.33175,10.49592,-0.07401,0.27962,-0.09558,0.45168,1.59812,10.20286,-0.05372,0.57577,-0.1003,84.615,15470.0,24278.0
9.798713263000462,0.19315,1.33969,10.4612,-0.07232,0.29037,-0.09919,0.38217,1.55956,10.17034,-0.05233,0.57337,-0.10372,84.703,15470.0,24400.956
9.803713263000462,0.20743,1.34763,10.42649,-0.07064,0.30112,-0.1028,0.27643,1.50554,10.12387,-0.05094,0.57098,-0.10714,84.727,15763.602,24447.0
9.808713263000461,0.22171,1.35557,10.39177,-0.06895,0.31187,-0.10641,0.17069,1.45153,10.0774,-0.04956,0.56859,-0.11056,84.727,15874.0,24447.0
9.813713263000462,0.21297,1.34091,10.3815,-0.06727,0.32263,-0.11002,0.06496,1.39752,10.03093,-0.04817,0.5662,-0.11399,84.791,15874.0,24011.952
9.818713263000461,0.19558,1.31776,10.38042,-0.06559,0.33338,-0.11364,-0.04078,1.3435,9.98446,-0.04678,0.56381,-0.11741,84.878,15874.0,23849.0
9.823713263000462,0.17818,1.2946,10.37934,-0.0639,0.34413,-0.11725,-0.14652,1.28949,9.93799,-0.0454,0.56141,-0.12083,84.902,15874.0,23849.0
9.828713263000463,0.16078,1.27145,10.37826,-0.06222,0.35488,-0.12086,-0.25225,1.23548,9.89152,-0.04401,0.55902,-0.12425,84.966,15943.056,23849.0
9.833713263000462,0.14339,1.24829,10.37719,-0.06053,0.36563,-0.12447,-0.36033,1.21216,9.87528,-0.04336,0.55162,-0.12511,84.99,15969.0,23920.944
9.838713263000463,0.12599,1.22514,10.37611,-0.05786,0.35995,-0.12384,-0.4693,1.20039,9.8704,-0.04298,0.54232,-0.12499,85.054,15969.0,23948.0
9.843713263000462,0.10859,1.20198,10.37503,-0.05481,0.34808,-0.12163,-0.57826,1.18862,9.86553,-0.04261,0.53303,-0.12487,85.078,16407.926,23948.0
9.848713263000462,0.0912,1.17883,10.37395,-0.05176,0.33622,-0.11941,-0.68722,1.17685,9.86065,-0.04223,0.52374,-0.12476,85.142,16572.0,23948.0
9.853713263000461,0.0738,1.15567,10.37287,-0.04872,0.32436,-0.11719,-0.67719,1.17567,9.863,-0.04186,0.51444,-0.12464,85.166,16572.0,23786.511
9.858713263000462,0.06013,1.16786,10.37324,-0.04712,0.32382,-0.11658,-0.62217,1.17849,9.86808,-0.04149,0.50515,-0.12452,85.23,16572.0,23725.0
9.863713263000461,0.04789,1.19354,10.37417,-0.04608,0.32761,-0.1166,-0.56716,1.18131,9.87316,-0.04111,0.49586,-0.12441,85.254,16988.097,23725.0
9.868713263000462,0.03565,1.21922,10.37509,-0.04504,0.33141,-0.11661,-0.51214,1.18412,9.87824,-0.04074,0.48656,-0.12429,85.254,17144.0,23725.0
9.873713263000463,0.02341,1.2449,10.37602,-0.044,0.3352,-0.11662,-0.45712,1.18694,9.88332,-0.04036,0.47727,-0.12418,85.318,17144.0,23725.0
9.878713263000462,0.01117,1.27058,10.37694,-0.04296,0.33899,-0.11664,-0.4021,1.18976,9.8884,-0.03672,0.47949,-0.12067,85.342,17144.0,23685.702
9.883713263000462,-0.01062,1.27331,10.37442,-0.04192,0.34278,-0.11665,-0.34708,1.19258,9.89348,-0.03185,0.48604,-0.1159,85.406,17453.847,23671.0
9.888713263000461,-0.03597,1.26747,10.37062,-0.04088,0.34658,-0.11666,-0.29207,1.1954,9.89856,-0.02697,0.49259,-0.11113,85.494,17570.0,23671.0
9.893713263000462,-0.06133,1.26163,10.36682,-0.03984,0.35037,-0.11668,-0.23705,1.19821,9.90364,-0.0221,0.49915,-0.10635,85.518,17570.0,23556.287
9.898713263000461,-0.08669,1.2558,10.36301,-0.0388,0.35416,-0.11669,-0.18203,1.20103,9.90872,-0.01723,0.5057,-0.10158,85.581,17570.0,23513.0
9.903713263000462,-0.11205,1.24996,10.35921,-0.03776,0.35795,-0.1167,-0.18824,1.20445,9.92293,-0.01663,0.50894,-0.09837,85.605,17638.435,23513.0
9.908713263000463,-0.13741,1.24412,10.35541,-0.03714,0.36083,-0.11499,-0.21736,1.2081,9.94056,-0.01764,0.51095,-0.09575,85.669,17664.0,23513.0
9.913713263000462,-0.16276,1.23828,10.35161,-0.03667,0.36337,-0.11263,-0.24649,1.21174,9.95819,-0.01864,0.51297,-0.09313,85.693,17664.0,23548.341
9.918713263000463,-0.18812,1.23244,10.3478,-0.03621,0.36592,-0.11027,-0.27562,1.21538,9.97582,-0.01964,0.51498,-0.09051,85.757,17664.0,23562.0
9.923713263000462,-0.22758,1.23593,10.35529,-0.03574,0.36846,-0.10791,-0.30474,1.21903,9.99345,-0.02065,0.51699,-0.08789,85.781,17882.268,23562.0
9.928713263000462,-0.27231,1.2429,10.36701,-0.03528,0.371,-0.10555,-0.43258,1.28401,10.02802,-0.02165,0.519,-0.08527,85.845,17964.0,23562.0
9.933713263000461,-0.31704,1.24988,10.37872,-0.03482,0.37354,-0.10319,-0.59739,1.37197,10.06893,-0.02266,0.52101,-0.08264,85.869,17964.0,23562.0
9.938713263000462,-0.36178,1.25685,10.39044,-0.03435,0.37608,-0.10083,-0.76221,1.45992,10.10984,-0.02366,0.52302,-0.08002,85.933,17964.0,23391.101
9.943713263000461,-0.40651,1.26383,10.40215,-0.03389,0.37862,-0.09847,-0.74255,1.47392,10.12257,-0.02514,0.53301,-0.08252,85.957,17964.0,23327.0
9.948713263000462,-0.45124,1.2708,10.41387,-0.03342,0.38116,-0.09611,-0.65385,1.46024,10.12475,-0.02679,0.546,-0.08692,85.957,18276.514,23327.0
9.953713263000463,-0.46336,1.26452,10.4132,-0.03226,0.39301,-0.09866,-0.56514,1.44656,10.12693,-0.02845,0.55898,-0.09133,86.021,18394.0,23327.0
9.958713263000462,-0.46319,1.25324,10.40786,-0.03085,0.40837,-0.10306,-0.47643,1.43288,10.12911,-0.0301,0.57196,-0.09574,86.045,18394.0,23286.245
9.963713263000463,-0.46301,1.24196,10.40253,-0.02943,0.42372,-0.10746,-0.38773,1.4192,10.1313,-0.03175,0.58494,-0.10014,86.109,18394.0,23271.0
9.968713263000462,-0.46284,1.23068,10.3972,-0.02801,0.43907,-0.11186,-0.29902,1.40553,10.13348,-0.03341,0.59793,-0.10455,86.133,18439.146,23271.0
9.973713263000462,-0.46266,1.2194,10.39186,-0.0266,0.45443,-0.11626,-0.21031,1.39185,10.13566,-0.03506,0.61091,-0.10896,86.197,18456.0,23271.0
9.978713263000461,-0.46249,1.20812,10.38653,-0.02518,0.46978,-0.12065,-0.1216,1.37817,10.13784,-0.03672,0.62389,-0.11337,86.285,18456.0,23007.186
9.983713263000462,-0.46232,1.19684,10.38119,-0.02376,0.48514,-0.12505,-0.0329,1.36449,10.14002,-0.03837,0.63687,-0.11777,86.309,18456.0,22908.0
9.988713263000461,-0.46227,1.19376,10.37974,-0.02338,0.48933,-0.12625,-0.00867,1.36075,10.14062,-0.03882,0.64042,-0.11898,86.309,18606.263,22908.0
9.993713263000462,-0.46227,1.19376,10.37974,-0.02338,0.48933,-0.12625,-0.00867,1.36075,10.14062,-0.03882,0.64042,-0.11898,86.309,18663.0,22908.0
