time_s,foot_ax,foot_ay,foot_az,foot_gx,foot_gy,foot_gz,shank_ax,shank_ay,shank_az,shank_gx,shank_gy,shank_gz,ankle_encoder_deg,toe_fsr_raw,heel_fsr_raw
0.0020280010003261,3.81545,0.88442,4.24137,-0.43509,-1.19131,-0.16358,-0.53278,-1.00404,7.66218,0.0,0.0,0.0,79.98,3.0,0.0
0.0070280010003261,3.81545,0.88442,4.24137,-0.43509,-1.19131,-0.16358,-0.53278,-1.00404,7.66218,0.0,0.0,0.0,79.98,3.0,0.0
0.0120280010003261,3.81545,0.88442,4.24137,-0.43509,-1.19131,-0.16358,-0.53278,-1.00404,7.66218,0.0,0.0,0.0,79.929,3.0,0.0
0.0170280010003261,3.81545,0.88442,4.24137,-0.43509,-1.19131,-0.16358,-0.53278,-1.00404,7.66218,0.0,0.0,0.0,79.797,3.0,0.0
0.0220280010003261,3.81545,0.88442,4.24137,-0.43509,-1.19131,-0.16358,-0.55931,-0.88623,7.71163,0.00858,0.06804,-0.02078,79.717,3.0,0.0
0.027028001000326103,3.81545,0.88442,4.24137,-0.43509,-1.19131,-0.16358,-0.62692,-0.58599,7.83765,0.03046,0.24145,-0.07373,79.717,3.0,0.0
0.0320280010003261,3.81545,0.88442,4.24137,-0.43509,-1.19131,-0.16358,-0.69454,-0.28575,7.96368,0.05234,0.41485,-0.12669,79.717,3.0,5118.45
0.037028001000326105,3.81545,0.88442,4.24137,-0.43509,-1.19131,-0.16358,-0.76215,0.01449,8.0897,0.07421,0.58826,-0.17964,79.717,3.0,18165.335
0.0420280010003261,3.3915,0.77169,5.56183,-0.40985,-1.13478,-0.16716,-0.82976,0.31473,8.21572,0.09609,0.76166,-0.23259,79.734,3.0,26081.0
0.0470280010003261,2.31355,0.48507,8.9193,-0.34566,-0.99105,-0.17629,-0.89737,0.61496,8.34175,0.11797,0.93507,-0.28555,79.778,3.0,26081.0
0.052028001000326105,1.61198,0.54088,11.19401,-0.28147,-0.84731,-0.18541,-0.96498,0.9152,8.46777,0.13984,1.10847,-0.3385,79.822,3.0,26033.7
0.0570280010003261,1.49291,1.12667,11.79305,-0.21728,-0.70358,-0.19453,-1.0326,1.21544,8.5938,0.16172,1.28188,-0.39145,79.866,3.0,25913.198
0.0620280010003261,1.37385,1.71245,12.39209,-0.15309,-0.55985,-0.20365,-1.36483,1.56325,8.69214,0.16978,1.33181,-0.44483,79.91,3.196,25840.0
0.0670280010003261,1.25478,2.29823,12.99113,-0.0889,-0.41612,-0.21277,-2.10655,1.98466,8.74767,0.15647,1.19068,-0.49886,79.954,3.696,25840.0
0.07202800100032611,1.21748,2.61543,13.14411,-0.02471,-0.27239,-0.22189,-2.84826,2.40607,8.8032,0.14316,1.04955,-0.55289,79.998,4.0,25798.461
0.0770280010003261,1.3073,2.51511,12.60363,0.03948,-0.12865,-0.23101,-3.58997,2.82748,8.85872,0.12985,0.90842,-0.60693,80.042,4.0,25692.343
0.0820280010003261,1.39713,2.41478,12.06314,0.10367,0.01508,-0.24014,-4.33169,3.2489,8.91425,0.11654,0.76729,-0.66096,80.103,4.0,25628.0
0.08702800100032611,1.48695,2.31445,11.52266,0.16786,0.15881,-0.24926,-5.0734,3.67031,8.96978,0.10323,0.62616,-0.71499,80.191,4.0,25628.0
0.0920280010003261,1.57677,2.21412,10.98218,0.20101,0.24959,-0.2477,-4.49799,3.6894,9.02169,0.0872,0.54562,-0.69756,80.261,4.0,25694.089
0.0970280010003261,1.66659,2.1138,10.44169,0.18575,0.25777,-0.22948,-1.86834,3.08101,9.06797,0.06694,0.55959,-0.56869,80.305,4.0,25863.254
0.10202800100032611,1.68339,1.97735,10.13816,0.17049,0.26596,-0.21126,0.76132,2.47262,9.11425,0.04668,0.57355,-0.43981,80.349,339.344,25966.0
0.1070280010003261,1.58721,1.78502,10.20118,0.15524,0.27414,-0.19304,3.39098,1.86423,9.16053,0.02641,0.58751,-0.31094,80.393,1193.442,25966.0
0.1120280010003261,1.49104,1.5927,10.2642,0.13998,0.28233,-0.17482,4.77003,1.41339,9.19986,0.02067,0.58933,-0.22857,80.471,1714.0,25955.463
0.1170280010003261,1.39486,1.40038,10.32722,0.12472,0.29051,-0.1566,4.19726,1.20842,9.22834,0.03758,0.57219,-0.21877,80.603,1714.0,25928.482
0.1220280010003261,1.29869,1.20805,10.39024,0.10946,0.29869,-0.13838,3.62449,1.00346,9.25682,0.05449,0.55506,-0.20898,80.701,2089.598,25912.0
0.1270280010003261,1.20251,1.01573,10.45327,0.09421,0.30688,-0.12016,3.05172,0.7985,9.2853,0.0714,0.53792,-0.19918,80.745,3054.781,25912.0
0.1320280010003261,1.11247,0.91923,10.49808,0.08513,0.30762,-0.10832,2.47894,0.59354,9.31378,0.08831,0.52078,-0.18939,80.806,3641.0,25961.799
0.1370280010003261,1.03193,0.97098,10.51474,0.08561,0.29685,-0.10637,1.90617,0.38857,9.34226,0.10522,0.50364,-0.17959,80.894,3641.0,26088.631
0.14202800100032612,0.95138,1.02273,10.53141,0.08609,0.28608,-0.10442,1.3334,0.18361,9.37075,0.12213,0.48651,-0.1698,80.964,3893.646,26166.0
0.1470280010003261,0.87084,1.07448,10.54807,0.08657,0.27531,-0.10246,0.76063,-0.02135,9.39923,0.13904,0.46937,-0.16,81.008,4541.471,26166.0
0.1520280010003261,0.79029,1.12623,10.56473,0.08705,0.26454,-0.10051,0.37665,0.03265,9.4637,0.14533,0.4553,-0.15414,81.07,4935.0,26114.233
0.1570280010003261,0.70974,1.17798,10.58139,0.08753,0.25377,-0.09856,0.28483,0.48741,9.58387,0.13517,0.44599,-0.15438,81.157,4935.0,25982.355
0.1620280010003261,0.6292,1.22973,10.59805,0.08801,0.243,-0.09661,0.19301,0.94216,9.70405,0.12502,0.43668,-0.15461,81.228,5208.34,25902.0
0.1670280010003261,0.54865,1.28148,10.61471,0.08849,0.23223,-0.09465,0.10119,1.39692,9.82422,0.11486,0.42736,-0.15484,81.272,5907.989,25902.0
0.17202800100032611,0.46811,1.33322,10.63137,0.08897,0.22146,-0.0927,0.00937,1.85168,9.94439,0.10471,0.41805,-0.15507,81.316,6530.896,22063.906
0.17702800100032612,0.38756,1.38497,10.64804,0.08945,0.21069,-0.09075,-0.08245,2.30643,10.06456,0.09455,0.40873,-0.1553,81.36,7035.043,12286.26
0.1820280010003261,0.28886,1.43161,10.66734,0.0846,0.20418,-0.09124,-0.14171,2.5433,10.13853,0.0844,0.39942,-0.15554,81.387,7342.0,6333.0
0.1870280010003261,0.16189,1.47028,10.69075,0.07147,0.20432,-0.09554,-0.15031,2.44098,10.14057,0.07424,0.39011,-0.15577,81.387,7342.0,6333.0
0.1920280010003261,0.03492,1.50896,10.71416,0.05834,0.20446,-0.09984,-0.15891,2.33866,10.1426,0.06409,0.38079,-0.156,81.404,7342.0,10209.897
0.1970280010003261,-0.09205,1.54763,10.73757,0.0452,0.2046,-0.10414,-0.16751,2.23633,10.14464,0.05393,0.37148,-0.15623,81.448,7342.0,20098.503
0.2020280010003261,-0.20179,1.57638,10.74374,0.03682,0.20423,-0.10647,-0.17611,2.13401,10.14668,0.04378,0.36217,-0.15646,81.492,7446.166,26118.0
0.20702800100032612,-0.28474,1.5897,10.7231,0.03583,0.20306,-0.10573,-0.18471,2.03169,10.14872,0.03362,0.35285,-0.15669,81.536,7712.391,26118.0
0.2120280010003261,-0.36769,1.60302,10.70246,0.03484,0.2019,-0.105,-0.20287,1.94884,10.14555,0.02677,0.34361,-0.15478,81.562,7930.368,26052.793
0.2170280010003261,-0.45064,1.61633,10.68182,0.03385,0.20073,-0.10426,-0.23579,1.89606,10.13432,0.02502,0.33449,-0.14954,81.562,8073.815,25886.855
0.2220280010003261,-0.4898,1.61124,10.66608,0.03286,0.19956,-0.10353,-0.26872,1.84328,10.12309,0.02327,0.32538,-0.14431,81.58,8161.0,25786.0
0.2270280010003261,-0.46109,1.57761,10.65796,0.03187,0.19839,-0.1028,-0.30164,1.7905,10.11186,0.02152,0.31626,-0.13908,81.624,8161.0,25786.0
0.2320280010003261,-0.43239,1.54398,10.64983,0.03087,0.19723,-0.10206,-0.33456,1.73772,10.10063,0.01977,0.30714,-0.13385,81.65,8161.0,25798.506
0.23702800100032612,-0.40368,1.51035,10.6417,0.02988,0.19606,-0.10133,-0.36749,1.68495,10.0894,0.01802,0.29802,-0.12861,81.65,8161.0,25830.557
0.2420280010003261,-0.37497,1.47672,10.63358,0.02889,0.19489,-0.10059,-0.40041,1.63217,10.07817,0.01626,0.2889,-0.12338,81.65,8373.791,25850.0
0.2470280010003261,-0.34626,1.44309,10.62545,0.0279,0.19372,-0.09986,-0.43333,1.57939,10.06694,0.01451,0.27978,-0.11815,81.65,8914.719,25850.0
0.2520280010003261,-0.31756,1.40946,10.61733,0.02691,0.19255,-0.09912,-0.40466,1.53961,10.06442,0.01182,0.26969,-0.12029,81.65,9244.0,25783.742
0.2570280010003261,-0.28885,1.37583,10.6092,0.02592,0.19139,-0.09839,-0.28017,1.52004,10.07545,0.00767,0.2581,-0.13391,81.65,9244.0,25614.4
0.2620280010003261,-0.26561,1.36701,10.60062,0.0253,0.19056,-0.09942,-0.15567,1.50047,10.08647,0.00351,0.24651,-0.14753,81.668,9270.11,25511.0
0.2670280010003261,-0.25094,1.39708,10.59133,0.02528,0.19027,-0.10324,-0.03117,1.48091,10.0975,-0.00064,0.23492,-0.16115,81.711,9337.162,25511.0
0.2720280010003261,-0.23627,1.42715,10.58204,0.02525,0.18998,-0.10705,0.05775,1.47216,10.10386,-0.00334,0.22919,-0.17108,81.738,9378.0,25449.036
0.2770280010003261,-0.22159,1.45723,10.57275,0.02523,0.18969,-0.11086,0.09124,1.48026,10.10295,-0.00378,0.23258,-0.17527,81.738,9378.0,25290.543
0.2820280010003261,-0.20692,1.4873,10.56347,0.0252,0.18939,-0.11468,0.12474,1.48837,10.10203,-0.00422,0.23597,-0.17947,81.755,9568.211,25194.0
0.2870280010003261,-0.19225,1.51737,10.55418,0.02518,0.1891,-0.11849,0.15823,1.49648,10.10112,-0.00466,0.23936,-0.18367,81.799,10054.852,25194.0
0.29202800100032605,-0.17225,1.5294,10.5511,0.02478,0.18868,-0.12102,0.19173,1.50458,10.10021,-0.00509,0.24276,-0.18786,81.826,10518.866,25215.35
0.29702800100032606,-0.14397,1.5134,10.55767,0.02382,0.18804,-0.12155,0.22522,1.51269,10.0993,-0.00553,0.24615,-0.19206,81.826,10947.7,25269.893
0.30202800100032606,-0.11568,1.49739,10.56424,0.02287,0.18741,-0.12208,0.29163,1.5138,10.11252,-0.00597,0.24954,-0.19625,81.843,11208.0,25303.0
0.30702800100032607,-0.0874,1.48138,10.57081,0.02191,0.18677,-0.12261,0.40887,1.50413,10.14755,-0.00641,0.25293,-0.20045,81.887,11208.0,25303.0
0.31202800100032607,-0.05911,1.46537,10.57738,0.02095,0.18614,-0.12314,0.52612,1.49445,10.18259,-0.00685,0.25633,-0.20464,81.914,11208.0,25293.008
0.3170280010003261,-0.03083,1.44936,10.58395,0.01999,0.18551,-0.12366,0.64336,1.48478,10.21763,-0.00729,0.25972,-0.20884,81.914,11208.0,25267.49
0.3220280010003261,-0.00254,1.43335,10.59052,0.01903,0.18487,-0.12419,0.7606,1.4751,10.25267,-0.00772,0.26311,-0.21303,81.931,11297.137,25252.0
0.3270280010003261,0.02574,1.41735,10.59709,0.01807,0.18424,-0.12472,0.87785,1.46543,10.28771,-0.00816,0.2665,-0.21723,81.975,11523.964,25252.0
0.3320280010003261,0.05403,1.40134,10.60366,0.01711,0.1836,-0.12525,0.99509,1.45576,10.32274,-0.00868,0.27378,-0.2165,82.019,11662.0,25218.894
0.3370280010003261,0.08231,1.38533,10.61023,0.01615,0.18297,-0.12578,1.11234,1.44608,10.35778,-0.00933,0.28709,-0.20814,82.063,11662.0,25134.319
0.3420280010003261,0.11229,1.40769,10.62594,0.0128,0.19101,-0.12835,1.16417,1.45787,10.39171,-0.00998,0.3004,-0.19977,82.09,11662.0,25083.0
0.3470280010003261,0.1449,1.48926,10.65575,0.00575,0.21244,-0.13406,1.11508,1.50277,10.42391,-0.01063,0.3137,-0.1914,82.09,11662.0,25083.0
0.3520280010003261,0.1775,1.57082,10.68557,-0.0013,0.23388,-0.13978,1.06598,1.54768,10.45612,-0.01128,0.32701,-0.18303,82.107,11951.502,25083.0
0.35702800100032606,0.2101,1.65239,10.71538,-0.00835,0.25531,-0.1455,1.01688,1.59259,10.48832,-0.01192,0.34032,-0.17466,82.151,12691.511,25083.0
0.36202800100032606,0.20283,1.67588,10.74038,-0.01227,0.27147,-0.14858,0.96778,1.63749,10.52053,-0.01257,0.35363,-0.16629,82.195,13141.0,25018.7
0.36702800100032607,0.13385,1.60951,10.75791,-0.01134,0.27947,-0.14759,0.91869,1.6824,10.55274,-0.01322,0.36694,-0.15793,82.239,13141.0,24854.916
0.37202800100032607,0.06487,1.54314,10.77545,-0.01042,0.28747,-0.14661,0.87332,1.68907,10.57675,-0.01424,0.3771,-0.15318,82.266,13292.72,24745.042
0.3770280010003261,-0.00411,1.47678,10.79299,-0.0095,0.29547,-0.14562,0.83377,1.63591,10.58794,-0.01582,0.38233,-0.1541,82.266,13681.794,24719.504
0.3820280010003261,-0.03884,1.44292,10.8039,-0.00857,0.30348,-0.14463,0.79423,1.58275,10.59914,-0.01741,0.38756,-0.15502,82.266,13918.0,24704.0
0.3870280010003261,-0.02064,1.45929,10.80456,-0.00765,0.31148,-0.14364,0.75469,1.5296,10.61033,-0.019,0.39279,-0.15595,82.266,13918.0,24704.0
0.3920280010003261,-0.00244,1.47566,10.80523,-0.00673,0.31948,-0.14265,0.71515,1.47644,10.62153,-0.02059,0.39803,-0.15687,82.283,13990.282,24704.0
0.3970280010003261,0.01576,1.49203,10.8059,-0.0058,0.32748,-0.14167,0.67561,1.42328,10.63272,-0.02218,0.40326,-0.15779,82.327,14174.126,24704.0
0.4020280010003261,0.03396,1.50841,10.80657,-0.00652,0.33284,-0.14074,0.65279,1.41599,10.64059,-0.02491,0.41192,-0.15653,82.354,14286.0,24633.315
0.4070280010003261,0.05215,1.52478,10.80724,-0.00979,0.33409,-0.13992,0.65597,1.48,10.64329,-0.02943,0.42591,-0.15189,82.354,14286.0,24452.755
0.4120280010003261,0.07035,1.54115,10.8079,-0.01306,0.33534,-0.1391,0.65915,1.54401,10.64599,-0.03394,0.43991,-0.14725,82.371,14479.495,24343.0
0.4170280010003261,0.08855,1.55752,10.80857,-0.01633,0.33659,-0.13828,0.66233,1.60802,10.64869,-0.03845,0.4539,-0.14261,82.414,14972.928,24343.0
0.42202800100032606,0.08074,1.56519,10.80033,-0.0196,0.33784,-0.13745,0.66551,1.67203,10.65139,-0.04297,0.4679,-0.13798,82.458,15277.0,24324.115
0.42702800100032606,0.03117,1.5589,10.77778,-0.02287,0.3391,-0.13663,0.6687,1.73604,10.65409,-0.04748,0.48189,-0.13334,82.502,15277.0,24274.906
0.43202800100032607,-0.0184,1.5526,10.75523,-0.02614,0.34035,-0.13581,0.72579,1.72944,10.63504,-0.04901,0.50455,-0.12394,82.564,15374.626,24245.0
0.43702800100032607,-0.06797,1.5463,10.73268,-0.02941,0.3416,-0.13499,0.86639,1.61347,10.58229,-0.04592,0.54064,-0.10719,82.652,15623.495,24245.0
0.4420280010003261,-0.11754,1.54,10.71013,-0.03237,0.34567,-0.13223,1.007,1.4975,10.52954,-0.04283,0.57673,-0.09043,82.739,15775.0,24173.156
0.4470280010003261,-0.16712,1.5337,10.68758,-0.03484,0.35411,-0.12647,1.1476,1.38153,10.47679,-0.03973,0.61282,-0.07367,82.827,15775.0,23989.516
0.4520280010003261,-0.21669,1.5274,10.66503,-0.03732,0.36256,-0.12072,1.28821,1.26555,10.42404,-0.03664,0.64891,-0.05692,82.933,15982.696,23878.0
0.4570280010003261,-0.26626,1.52111,10.64248,-0.0398,0.37101,-0.11496,1.42881,1.14958,10.37129,-0.03355,0.685,-0.04016,83.064,16511.524,23878.0
0.4620280010003261,-0.28929,1.50836,10.63424,-0.04228,0.37946,-0.1092,1.48787,1.09764,10.35094,-0.03046,0.72109,-0.02341,83.179,16834.0,23837.947
0.4670280010003261,-0.27084,1.48553,10.64837,-0.04476,0.38791,-0.10344,1.41948,1.14576,10.38123,-0.02736,0.75718,-0.00665,83.267,16834.0,23735.3
0.4720280010003261,-0.2524,1.46271,10.66249,-0.04723,0.39636,-0.09768,1.35109,1.19389,10.41152,-0.0258,0.78432,0.00568,83.355,16855.997,23673.0
0.4770280010003261,-0.23395,1.43988,10.67662,-0.04971,0.4048,-0.09193,1.2827,1.24201,10.4418,-0.02659,0.79763,0.01116,83.443,16911.961,23673.0
0.48202800100032606,-0.21551,1.41705,10.69075,-0.05219,0.41325,-0.08617,1.21431,1.29014,10.47209,-0.02739,0.81093,0.01664,83.548,16946.0,23627.561
0.48702800100032606,-0.19706,1.39423,10.70488,-0.05467,0.4217,-0.08041,1.14593,1.33826,10.50238,-0.02818,0.82424,0.02213,83.68,16946.0,23511.579
0.49202800100032607,-0.19525,1.38772,10.70375,-0.05524,0.4325,-0.07613,1.07754,1.38639,10.53267,-0.02898,0.83755,0.02761,83.811,17148.258,23441.0
0.49702800100032607,-0.21931,1.4066,10.67889,-0.05286,0.44695,-0.07414,1.00915,1.43451,10.56295,-0.02977,0.85085,0.03309,83.943,17664.926,23441.0
0.5020280010003261,-0.24337,1.42548,10.65404,-0.05048,0.4614,-0.07215,0.87615,1.44509,10.55285,-0.03057,0.86416,0.03858,84.058,17981.0,23441.0
0.5070280010003261,-0.26743,1.44436,10.62918,-0.04809,0.47585,-0.07016,0.64136,1.39651,10.47912,-0.03136,0.87746,0.04406,84.146,17981.0,23441.0
0.5120280010003261,-0.29149,1.46324,10.60433,-0.04571,0.4903,-0.06817,0.40656,1.34792,10.40539,-0.03215,0.89077,0.04954,84.251,17981.0,23274.292
0.5170280010003261,-0.31556,1.48211,10.57947,-0.04333,0.50475,-0.06618,0.17177,1.29934,10.33166,-0.03295,0.90408,0.05503,84.382,17981.0,22849.54
0.5220280010003261,-0.33962,1.50099,10.55461,-0.04094,0.5192,-0.06419,0.02569,1.28734,10.29186,-0.03455,0.91616,0.05703,84.514,18091.317,22588.0
0.5270280010003261,-0.36368,1.51987,10.52976,-0.03856,0.53365,-0.0622,0.0218,1.33398,10.30645,-0.03744,0.92627,0.05345,84.647,18378.411,22588.0
0.5320280010003261,-0.3881,1.5174,10.50632,-0.03853,0.55502,-0.06187,0.0179,1.38062,10.32103,-0.04033,0.93638,0.04987,84.744,18551.0,22393.519
0.5370280010003261,-0.41309,1.48274,10.48501,-0.04205,0.58684,-0.06402,0.014,1.42726,10.33562,-0.04322,0.94649,0.04628,84.788,18551.0,21905.906
0.5420280010003261,-0.43807,1.44808,10.4637,-0.04557,0.61866,-0.06618,0.01011,1.47391,10.3502,-0.04611,0.95659,0.0427,84.849,18564.449,21608.0
0.5470280010003261,-0.46305,1.41343,10.44239,-0.04909,0.65047,-0.06834,0.00621,1.52055,10.36479,-0.049,0.9667,0.03912,84.937,18599.019,21608.0
0.5520280010003261,-0.48803,1.37877,10.42108,-0.05261,0.68229,-0.07049,0.00231,1.56719,10.37937,-0.05189,0.97681,0.03554,85.007,18620.0,21500.136
0.5570280010003261,-0.51301,1.34412,10.39977,-0.05613,0.7141,-0.07265,-0.00158,1.61383,10.39396,-0.05478,0.98692,0.03196,85.051,18620.0,21225.721
0.5620280010003261,-0.52969,1.37132,10.40027,-0.06141,0.75058,-0.07735,-0.00548,1.66047,10.40854,-0.05767,0.99703,0.02838,85.095,18749.892,21057.0
0.5670280010003261,-0.53311,1.49728,10.43559,-0.0695,0.79449,-0.08611,-0.00938,1.70711,10.42312,-0.06056,1.00714,0.0248,85.139,19087.136,21057.0
0.5720280010003261,-0.53654,1.62324,10.47091,-0.07759,0.8384,-0.09488,0.00332,1.77835,10.44461,-0.06625,1.02621,0.01627,85.183,19292.0,20750.171
0.5770280010003261,-0.53996,1.7492,10.50623,-0.08568,0.8823,-0.10364,0.0417,1.88767,10.47676,-0.07627,1.05915,8e-05,85.227,19292.0,19968.504
0.582028001000326,-0.5757,1.81612,10.54355,-0.09377,0.92621,-0.11241,0.08008,1.99699,10.50892,-0.0863,1.09208,-0.01611,85.254,19362.125,19492.0
0.587028001000326,-0.66191,1.79084,10.58399,-0.10186,0.97012,-0.12117,0.11846,2.1063,10.54107,-0.09632,1.12501,-0.03229,85.254,19541.749,19492.0
0.592028001000326,-0.74812,1.76555,10.62444,-0.10995,1.01403,-0.12993,0.07406,2.14893,10.58615,-0.10404,1.14887,-0.04688,85.254,19651.0,19293.807
0.597028001000326,-0.83432,1.74027,10.66488,-0.11804,1.05794,-0.1387,-0.09884,2.08801,10.6513,-0.10819,1.15864,-0.05899,85.254,19651.0,18787.924
0.602028001000326,-0.92053,1.71499,10.70533,-0.12274,1.0927,-0.14581,-0.27175,2.02709,10.71646,-0.11234,1.1684,-0.07111,85.254,19778.612,18480.0
0.6070280010003261,-1.00674,1.68971,10.74578,-0.12215,1.11321,-0.15035,-0.44465,1.96616,10.78161,-0.11649,1.17817,-0.08322,85.254,20104.724,18480.0
0.6120280010003261,-1.09295,1.66442,10.78622,-0.12156,1.13373,-0.15489,-0.61756,1.90524,10.84676,-0.12064,1.18793,-0.09533,85.271,20303.0,18246.888
0.6170280010003261,-1.17916,1.63914,10.82667,-0.12098,1.15425,-0.15943,-0.79046,1.84432,10.91191,-0.12479,1.1977,-0.10744,85.315,20303.0,17652.213
0.6220280010003261,-1.23081,1.63306,10.91766,-0.12039,1.17476,-0.16397,-0.89722,1.8121,10.97628,-0.12893,1.20747,-0.11955,85.325,20403.303,17290.0
0.6270280010003261,-1.22863,1.6569,11.0874,-0.1198,1.19528,-0.1685,-0.90093,1.82459,11.03942,-0.13308,1.21723,-0.13166,85.281,20659.895,17290.0
0.6320280010003261,-1.22644,1.68074,11.25714,-0.11922,1.2158,-0.17304,-0.90464,1.83708,11.10257,-0.13723,1.227,-0.14378,85.254,20816.0,17245.909
0.6370280010003261,-1.22426,1.70458,11.42689,-0.11863,1.23632,-0.17758,-0.90834,1.84957,11.16571,-0.14138,1.23676,-0.15589,85.254,20816.0,17133.323
0.6420280010003261,-1.22207,1.72842,11.59663,-0.11804,1.25683,-0.18212,-0.91205,1.86206,11.22886,-0.14553,1.24653,-0.168,85.254,20958.285,17065.0
0.6470280010003261,-1.21989,1.75225,11.76637,-0.11746,1.27735,-0.18666,-0.91575,1.87455,11.292,-0.14968,1.2563,-0.18011,85.254,21320.195,17065.0
0.6520280010003261,-1.16918,1.75115,11.87202,-0.12213,1.31132,-0.18987,-0.91946,1.88704,11.35514,-0.15232,1.26985,-0.18608,85.254,21683.692,16891.077
0.6570280010003261,-1.04341,1.71146,11.87853,-0.13493,1.36611,-0.19101,-0.92316,1.89952,11.41829,-0.15263,1.28926,-0.18253,85.254,22049.647,16448.133
0.6620280010003261,-0.91764,1.67177,11.88505,-0.14773,1.4209,-0.19216,-0.86806,1.88316,11.4547,-0.15294,1.30867,-0.17899,85.237,22272.0,16179.0
0.6670280010003261,-0.79187,1.63209,11.89156,-0.16052,1.47569,-0.19331,-0.72188,1.82213,11.44971,-0.15325,1.32808,-0.17545,85.193,22272.0,16179.0
0.6720280010003261,-0.72355,1.6191,11.89712,-0.16784,1.52002,-0.19093,-0.5757,1.7611,11.44473,-0.15356,1.34749,-0.17191,85.166,22272.0,16004.378
0.6770280010003261,-0.74834,1.64941,11.90116,-0.16627,1.5474,-0.18284,-0.42952,1.70006,11.43974,-0.15387,1.3669,-0.16836,85.166,22272.0,15546.708
0.6820280010003261,-0.77312,1.67971,11.90519,-0.16469,1.57478,-0.17475,-0.28334,1.63903,11.43476,-0.15419,1.38631,-0.16482,85.149,22414.15,15269.0
0.6870280010003261,-0.79791,1.71001,11.90922,-0.16312,1.60216,-0.16666,-0.13717,1.578,11.42977,-0.1545,1.40573,-0.16128,85.105,22775.66,15269.0
0.6920280010003261,-0.8227,1.74031,11.91326,-0.16155,1.62954,-0.15857,-0.01672,1.52456,11.42356,-0.14991,1.4393,-0.13984,85.061,22996.0,14969.166
0.6970280010003261,-0.84749,1.77062,11.91729,-0.15998,1.65692,-0.15048,0.06357,1.48298,11.41545,-0.1377,1.49497,-0.09047,85.017,22996.0,14201.346
0.7020280010003261,-0.87844,1.78747,11.93995,-0.1584,1.6843,-0.14239,0.14386,1.4414,11.40734,-0.12548,1.55064,-0.0411,84.973,23076.176,13735.0
0.707028001000326,-0.91891,1.78353,11.99142,-0.15683,1.71168,-0.1343,0.22415,1.39983,11.39923,-0.11326,1.60631,0.00827,84.929,23280.374,13735.0
0.712028001000326,-0.95939,1.77959,12.04289,-0.15526,1.73906,-0.12621,0.24164,1.38733,11.38671,-0.10355,1.64849,0.03554,84.885,23405.0,13320.035
0.717028001000326,-0.99987,1.77564,12.09437,-0.15368,1.76644,-0.11812,0.16077,1.4204,11.36726,-0.09776,1.66953,0.02819,84.841,23405.0,12255.147
0.722028001000326,-1.04035,1.7717,12.14584,-0.15211,1.79382,-0.11003,0.0799,1.45347,11.34781,-0.09197,1.69058,0.02084,84.78,23491.31,11609.0
0.727028001000326,-1.08083,1.76775,12.19731,-0.15054,1.8212,-0.10194,-0.00098,1.48653,11.32836,-0.08619,1.71163,0.01349,84.692,23710.803,11609.0
0.7320280010003261,-1.1213,1.76381,12.24878,-0.14623,1.85543,-0.1033,-0.08185,1.5196,11.30891,-0.0804,1.73268,0.00614,84.604,23845.0,11152.626
0.7370280010003261,-1.16178,1.75986,12.30026,-0.13762,1.90045,-0.11953,-0.16272,1.55267,11.28947,-0.07461,1.75373,-0.00121,84.516,23845.0,9978.232
0.7420280010003261,-1.22351,1.75355,12.29929,-0.12901,1.94547,-0.13577,-0.21603,1.53935,11.23277,-0.06882,1.77477,-0.00855,84.446,23908.137,8658.725
0.7470280010003261,-1.3181,1.74356,12.21723,-0.1204,1.99049,-0.152,-0.22671,1.45429,11.11848,-0.06304,1.79582,-0.0159,84.402,24068.923,7114.785
0.7520280010003261,-1.4127,1.73358,12.13516,-0.11179,2.03551,-0.16824,-0.23738,1.36923,11.00418,-0.05725,1.81687,-0.02325,84.324,24167.0,6173.0
0.7570280010003261,-1.50729,1.72359,12.0531,-0.10318,2.08053,-0.18447,-0.24806,1.28417,10.88988,-0.05146,1.83792,-0.0306,84.192,24167.0,6173.0
0.7620280010003261,-1.60189,1.7136,11.97104,-0.09457,2.12556,-0.2007,-0.25874,1.1991,10.77559,-0.04568,1.85897,-0.03795,84.06,24159.351,6173.0
0.7670280010003261,-1.69648,1.70362,11.88897,-0.08596,2.17058,-0.21694,-0.26941,1.11404,10.66129,-0.03989,1.88001,-0.0453,83.928,24139.868,6173.0
0.7720280010003261,-1.76781,1.70265,11.83859,-0.07591,2.21842,-0.23502,-0.28009,1.02898,10.547,-0.02696,1.91044,-0.05827,83.813,24128.0,5513.86
0.7770280010003261,-1.80288,1.71572,11.8376,-0.06362,2.27066,-0.25599,-0.29076,0.94392,10.4327,-0.00289,1.95547,-0.08,83.725,24128.0,3827.43
0.7820280010003261,-1.83794,1.7288,11.8366,-0.05133,2.3229,-0.27696,-0.2299,0.88366,10.32594,0.02117,2.0005,-0.10173,83.638,24175.903,2644.822
0.7870280010003261,-1.87301,1.74187,11.8356,-0.03905,2.37514,-0.29792,-0.05832,0.86179,10.23084,0.04524,2.04553,-0.12346,83.55,24297.935,2241.867
0.7920280010003261,-1.90808,1.75495,11.83461,-0.02676,2.42738,-0.31889,0.11326,0.83992,10.13574,0.0693,2.09056,-0.14519,83.445,24373.0,1994.0
0.7970280010003261,-1.94314,1.76803,11.83361,-0.01447,2.47962,-0.33985,0.28483,0.81804,10.04064,0.09337,2.13559,-0.16692,83.313,24373.0,1994.0
0.8020280010003261,-1.97821,1.7811,11.83261,-0.00218,2.53186,-0.36082,0.45641,0.79617,9.94554,0.11743,2.18062,-0.18865,83.198,24393.014,1994.0
0.8070280010003261,-2.01327,1.79418,11.83161,0.01011,2.5841,-0.38179,0.62799,0.7743,9.85044,0.1415,2.22565,-0.21038,83.11,24443.926,1994.0
0.8120280010003261,-2.04834,1.80725,11.83062,0.0224,2.63634,-0.40275,0.67617,0.76043,9.82402,0.16653,2.28029,-0.22639,83.022,24509.734,1753.597
0.8170280010003261,-2.08341,1.82033,11.82962,0.03468,2.68858,-0.42372,0.53109,0.75911,9.90518,0.19308,2.34998,-0.23344,82.934,24598.874,1136.628
0.8220280010003261,-2.22968,1.85842,11.97015,0.06311,2.76535,-0.44037,0.386,0.7578,9.98634,0.21962,2.41968,-0.24048,82.846,24653.0,762.0
0.8270280010003261,-2.54787,1.9352,12.32947,0.11648,2.88002,-0.45036,0.24091,0.75648,10.0675,0.24616,2.48937,-0.24753,82.758,24653.0,762.0
0.8320280010003261,-2.86606,2.01197,12.68879,0.16986,2.99469,-0.46035,0.09582,0.75516,10.14866,0.27271,2.55907,-0.25458,82.671,24653.0,734.098
0.837028001000326,-3.18425,2.08874,13.04811,0.22323,3.10936,-0.47034,-0.04927,0.75384,10.22983,0.29925,2.62876,-0.26162,82.583,24653.0,663.21
0.842028001000326,-3.50655,2.19898,13.49642,0.26109,3.18848,-0.48042,-0.19436,0.75253,10.31099,0.3258,2.69846,-0.26867,82.495,24418.981,620.0
0.847028001000326,-3.83524,2.36147,14.08366,0.27471,3.21213,-0.49064,-0.33944,0.75121,10.39215,0.35234,2.76815,-0.27571,82.407,23819.635,620.0
0.852028001000326,-4.16394,2.52395,14.67091,0.28834,3.23577,-0.50086,-0.59479,0.82186,10.53788,0.37741,2.8262,-0.28389,82.302,23111.17,675.056
0.8570280010003261,-4.49264,2.68643,15.25815,0.30196,3.25942,-0.51108,-1.02263,1.00512,10.78464,0.40018,2.866,-0.29382,82.17,22231.994,816.245
0.8620280010003261,-4.61558,2.71708,15.58055,0.31559,3.28306,-0.5213,-1.45046,1.18838,11.03139,0.42294,2.90581,-0.30376,82.038,21698.0,902.0
0.8670280010003261,-4.42023,2.54377,15.49322,0.32922,3.3067,-0.53152,-1.8783,1.37164,11.27815,0.44571,2.94562,-0.3137,81.906,21698.0,902.0
0.8720280010003261,-4.22487,2.37046,15.4059,0.34284,3.33035,-0.54174,-2.30613,1.5549,11.5249,0.46847,2.98543,-0.32363,81.757,21698.0,837.466
0.8770280010003261,-4.02951,2.19716,15.31858,0.35647,3.35399,-0.55196,-2.73397,1.73816,11.77166,0.49123,3.02524,-0.33357,81.582,21698.0,672.894
0.8820280010003261,-3.83415,2.02385,15.23126,0.3701,3.37764,-0.56218,-3.2494,1.97799,11.79304,0.48306,3.01117,-0.36222,81.406,20770.814,572.0
0.8870280010003261,-3.63879,1.85054,15.14394,0.38372,3.40128,-0.57241,-3.90363,2.30747,11.45731,0.42586,2.91175,-0.42051,81.23,18374.545,572.0
0.8920280010003261,-3.44343,1.67723,15.05662,0.39735,3.42492,-0.58263,-4.55785,2.63696,11.12158,0.36866,2.81233,-0.47881,81.054,16920.0,543.928
0.8970280010003261,-3.24807,1.50393,14.96929,0.41098,3.44857,-0.59285,-5.21208,2.96644,10.78585,0.31146,2.71291,-0.5371,80.878,16920.0,472.499
0.9020280010003261,-3.05271,1.33062,14.88197,0.39957,3.4198,-0.60967,-5.54082,3.14031,10.35838,0.25427,2.61349,-0.5954,80.703,14959.176,429.0
0.9070280010003261,-2.85735,1.15731,14.79465,0.34916,3.30939,-0.63679,-5.36268,3.07183,9.78805,0.19707,2.51408,-0.65369,80.527,9944.598,429.0
0.9120280010003261,-2.52161,1.03812,14.41497,0.29876,3.19898,-0.66391,-5.18453,3.00335,9.21772,0.15225,2.41499,-0.69364,80.334,6898.0,457.227
0.9170280010003261,-1.96854,1.00271,13.58269,0.24836,3.08857,-0.69103,-5.00638,2.93488,8.64739,0.12658,2.31641,-0.7052,80.114,6898.0,529.15
0.9220280010003261,-1.41548,0.9673,12.7504,0.20401,2.97155,-0.71817,-4.82823,2.8664,8.07706,0.10092,2.21783,-0.71676,79.843,5798.942,573.0
0.9270280010003261,-0.86241,0.93189,11.91812,0.16912,2.8442,-0.74534,-4.65009,2.79793,7.50673,0.07526,2.11925,-0.72831,79.492,2983.249,573.0
0.9320280010003261,-0.30935,0.89649,11.08584,0.13423,2.71685,-0.7725,-4.47194,2.72945,6.93639,0.04959,2.02068,-0.73987,79.192,1034.179,568.366
0.9370280010003261,0.24372,0.86108,10.25356,0.09935,2.5895,-0.79967,-4.29379,2.66097,6.36606,0.02393,1.9221,-0.75143,78.975,435.905,556.509
0.9420280010003261,0.83485,0.76918,9.51445,0.06446,2.46215,-0.82684,-4.28971,2.58697,5.63012,-0.00173,1.82352,-0.76299,78.805,57.0,549.0
0.9470280010003261,1.49174,0.57971,8.93629,0.02957,2.3348,-0.85401,-4.58629,2.50342,4.60811,-0.02739,1.72494,-0.77454,78.717,57.0,549.0
0.9520280010003261,2.14863,0.39024,8.35812,-0.00532,2.20744,-0.88118,-4.88287,2.41986,3.5861,-0.05306,1.62637,-0.7861,78.577,57.0,516.741
0.9570280010003261,2.80552,0.20077,7.77995,-0.04021,2.08009,-0.90835,-5.17945,2.33631,2.56409,-0.07872,1.52779,-0.79766,78.357,57.0,432.978
0.962028001000326,3.46241,0.0113,7.20179,-0.0751,1.95274,-0.93552,-5.32734,2.25523,1.99569,-0.11936,1.3823,-0.79511,78.188,46.621,382.0
0.967028001000326,4.1193,-0.17817,6.62362,-0.10999,1.82539,-0.96269,-5.24402,2.178,2.1326,-0.18329,1.16387,-0.77063,78.1,20.103,382.0
0.972028001000326,4.72598,-0.36966,6.30693,-0.15482,1.59338,-0.92126,-5.16071,2.10077,2.26952,-0.24723,0.94543,-0.74615,78.012,4.0,330.687
0.977028001000326,5.25503,-0.56425,6.39449,-0.21502,1.19957,-0.77378,-5.0774,2.02354,2.40644,-0.31116,0.727,-0.72168,77.925,4.0,200.043
0.9820280010003261,5.78408,-0.75884,6.48205,-0.27521,0.80577,-0.6263,-4.99408,1.94631,2.54336,-0.37509,0.50857,-0.6972,77.837,3.611,120.0
0.9870280010003261,6.31313,-0.95344,6.56961,-0.33541,0.41196,-0.47882,-4.91077,1.86908,2.68028,-0.43902,0.29013,-0.67272,77.749,2.608,120.0
0.9920280010003261,6.84217,-1.14803,6.65716,-0.3956,0.01815,-0.33135,-4.82746,1.79185,2.81719,-0.50296,0.0717,-0.64824,77.678,2.0,140.635
0.9970280010003261,7.37122,-1.34262,6.74472,-0.4558,-0.37566,-0.18387,-4.74415,1.71461,2.95411,-0.56689,-0.14673,-0.62376,77.634,2.0,193.083
1.0020280010003262,7.48479,-1.34728,6.68405,-0.49797,-0.67414,-0.0631,-4.66083,1.63738,3.09103,-0.63082,-0.36516,-0.59928,77.607,2.0,225.0
1.0070280010003263,6.95247,-1.05667,6.39295,-0.51211,-0.82442,0.01614,-4.57752,1.56015,3.22795,-0.69475,-0.5836,-0.57481,77.607,2.0,225.0
1.0120280010003262,6.42016,-0.76605,6.10184,-0.52626,-0.9747,0.09538,-4.16019,1.42229,3.15985,-0.73279,-0.76008,-0.51608,77.625,2.0,339.004
1.0170280010003263,5.88784,-0.47544,5.81073,-0.54041,-1.12498,0.17462,-3.22561,1.19054,2.7743,-0.73073,-0.87161,-0.40433,77.668,2.0,629.546
1.0220280010003262,5.35552,-0.18482,5.51963,-0.55455,-1.27526,0.25387,-2.29104,0.95878,2.38874,-0.72867,-0.98313,-0.29258,77.695,2.0,810.0
1.027028001000326,4.82321,0.10579,5.22852,-0.5687,-1.42554,0.33311,-1.35647,0.72703,2.00319,-0.72661,-1.09466,-0.18083,77.695,2.0,810.0
1.0320280010003262,4.29089,0.39641,4.93742,-0.58285,-1.57582,0.41235,-0.88745,0.56196,1.79419,-0.72455,-1.20619,-0.06907,77.712,2.0,859.402
1.037028001000326,3.75857,0.68702,4.64631,-0.597,-1.7261,0.49159,-1.17619,0.50542,1.87257,-0.72249,-1.31771,0.04268,77.756,2.0,989.213
1.0420280010003262,3.34887,0.95282,4.52148,-0.60369,-1.85817,0.55548,-1.46493,0.44889,1.95094,-0.72042,-1.42924,0.15443,77.783,2.393,1068.0
1.0470280010003261,3.12849,1.1803,4.6534,-0.59889,-1.96211,0.59565,-1.75367,0.39235,2.02932,-0.71836,-1.54076,0.26618,77.783,3.392,1068.0
1.0520280010003262,2.90811,1.40778,4.78532,-0.59409,-2.06606,0.63581,-2.0424,0.33581,2.1077,-0.69812,-1.69453,0.37293,77.8,4.0,1404.127
1.0570280010003261,2.68774,1.63526,4.91724,-0.58929,-2.17001,0.67598,-2.33114,0.27927,2.18607,-0.6496,-1.91402,0.47191,77.844,4.0,2263.319
1.0620280010003262,2.52026,1.79554,5.04812,-0.58449,-2.27395,0.71615,-2.51966,0.26831,2.26789,-0.60107,-2.13351,0.57088,77.871,4.0,2785.0
1.0670280010003261,2.43456,1.85194,5.17741,-0.57969,-2.3779,0.75632,-2.55328,0.32778,2.35502,-0.55255,-2.35301,0.66986,77.871,4.0,2785.0
1.0720280010003262,2.34886,1.90834,5.30671,-0.57489,-2.48184,0.79649,-2.5869,0.38725,2.44215,-0.5161,-2.52494,0.74159,77.888,4.0,2948.58
1.0770280010003261,2.26316,1.96473,5.436,-0.57009,-2.58579,0.83666,-2.62052,0.44673,2.52928,-0.49874,-2.62174,0.77028,77.932,4.0,3370.624
1.0820280010003263,2.17746,2.02113,5.56529,-0.55548,-2.69004,0.87904,-2.65414,0.5062,2.61641,-0.48139,-2.71853,0.79898,77.993,3.804,3627.0
1.0870280010003261,2.09176,2.07753,5.69458,-0.5257,-2.79477,0.92485,-2.68776,0.56567,2.70354,-0.46403,-2.81533,0.82767,78.081,3.304,3627.0
1.0920280010003263,2.00606,2.13393,5.82387,-0.49591,-2.8995,0.97066,-2.72138,0.62514,2.79067,-0.44667,-2.91212,0.85636,78.152,3.0,4237.984
1.0970280010003262,1.92036,2.19033,5.95316,-0.46612,-3.00423,1.01647,-2.755,0.68462,2.8778,-0.42931,-3.00891,0.88505,78.196,3.0,5799.733
1.1020280010003263,1.81518,2.26988,6.15704,-0.43634,-3.10896,1.06227,-2.86829,0.66983,3.02007,-0.41195,-3.10571,0.91374,78.24,2.804,6748.0
1.1070280010003262,1.6799,2.3852,6.4762,-0.40655,-3.21369,1.10808,-3.10472,0.54025,3.24756,-0.39459,-3.2025,0.94244,78.284,2.305,6748.0
1.1120280010003263,1.54461,2.50053,6.79537,-0.37677,-3.31842,1.15389,-3.34116,0.41068,3.47506,-0.37724,-3.2993,0.97113,78.328,2.0,7043.057
1.1170280010003262,1.40933,2.61585,7.11453,-0.34698,-3.42315,1.1997,-3.57759,0.28111,3.70255,-0.35988,-3.39609,0.99982,78.372,2.0,7801.428
1.1220280010003263,1.27405,2.73118,7.4337,-0.3172,-3.52788,1.24551,-3.66705,0.20841,3.92827,-0.33827,-3.4747,1.02471,78.416,2.196,8262.0
1.1270280010003262,1.13877,2.8465,7.75287,-0.28741,-3.63261,1.29131,-3.52917,0.22368,4.15122,-0.3101,-3.52517,1.04374,78.459,2.694,8262.0
1.1320280010003263,0.91179,2.93866,8.10816,-0.25946,-3.72139,1.32297,-3.3913,0.23895,4.37418,-0.28193,-3.57565,1.06276,78.503,3.0,8871.405
1.1370280010003262,0.53895,2.99395,8.52091,-0.23445,-3.78479,1.33212,-3.25343,0.25422,4.59714,-0.25377,-3.62612,1.08178,78.547,3.0,10450.2
1.1420280010003263,0.16611,3.04925,8.93365,-0.20943,-3.84819,1.34127,-3.11556,0.26949,4.8201,-0.2256,-3.6766,1.1008,78.591,3.0,11408.0
1.1470280010003262,-0.20673,3.10455,9.3464,-0.18442,-3.91159,1.35042,-2.97769,0.28476,5.04306,-0.19743,-3.72707,1.11982,78.635,3.0,11408.0
1.1520280010003263,-0.57957,3.15984,9.75915,-0.1594,-3.97498,1.35957,-2.83982,0.30003,5.26602,-0.16926,-3.77755,1.13885,78.662,3.0,11464.149
1.1570280010003262,-0.95241,3.21514,10.1719,-0.13439,-4.03838,1.36872,-2.70195,0.3153,5.48898,-0.14109,-3.82802,1.15787,78.662,3.0,11607.457
1.162028001000326,-1.20817,3.23657,10.60739,-0.11817,-4.09644,1.35997,-2.56408,0.33057,5.71193,-0.11292,-3.8785,1.17689,78.679,3.0,11695.0
1.1670280010003262,-1.28012,3.20484,11.07858,-0.11577,-4.14612,1.3231,-2.42621,0.34584,5.93489,-0.08475,-3.92897,1.19591,78.723,3.0,11695.0
1.1720280010003261,-1.35207,3.17312,11.54977,-0.11337,-4.19579,1.28623,-2.43859,0.48316,6.316,-0.06595,-3.98222,1.19163,78.767,3.0,11803.898
1.1770280010003262,-1.42402,3.14139,12.02095,-0.11097,-4.24546,1.24936,-2.68552,0.81101,6.944,-0.06178,-4.0398,1.15097,78.811,3.0,12082.797
1.1820280010003261,-1.49597,3.10966,12.49214,-0.10857,-4.29514,1.21249,-2.93246,1.13886,7.57201,-0.05761,-4.09738,1.11031,78.855,3.0,12252.0
1.1870280010003262,-1.56791,3.07793,12.96333,-0.10617,-4.34481,1.17562,-3.1794,1.46671,8.20001,-0.05344,-4.15496,1.06966,78.899,3.0,12252.0
1.1920280010003261,-1.6411,3.03404,13.41972,-0.10377,-4.39449,1.13875,-3.36494,1.73777,8.706,-0.04928,-4.21255,1.029,78.926,3.0,12366.747
1.1970280010003262,-1.71626,2.97076,13.85253,-0.10137,-4.44416,1.10189,-3.45264,1.91833,9.01751,-0.04511,-4.27013,0.98834,78.926,3.0,12664.385
1.2020280010003261,-1.79142,2.90748,14.28534,-0.09897,-4.49384,1.06502,-3.54033,2.09889,9.32903,-0.04094,-4.32771,0.94768,78.96,3.0,12845.0
1.2070280010003263,-1.86658,2.84421,14.71815,-0.09657,-4.54351,1.02815,-3.62802,2.27945,9.64054,-0.03677,-4.38529,0.90702,79.048,3.0,12845.0
1.2120280010003261,-1.94174,2.78093,15.15096,-0.10179,-4.593,0.96933,-3.71572,2.46001,9.95206,-0.04752,-4.44781,0.82852,79.102,3.0,12834.321
1.2170280010003263,-2.0169,2.71765,15.58377,-0.11905,-4.64221,0.87578,-3.80341,2.64057,10.26358,-0.08187,-4.51816,0.69017,79.102,3.0,12806.752
1.2220280010003262,-2.18902,2.69482,15.90383,-0.13631,-4.69142,0.78224,-3.84972,2.75805,10.5094,-0.11622,-4.5885,0.55181,79.119,3.0,12790.0
1.2270280010003263,-2.5113,2.73464,16.04929,-0.15358,-4.74062,0.68869,-3.83194,2.77785,10.65348,-0.15056,-4.65884,0.41346,79.162,3.0,12790.0
1.2320280010003262,-2.83358,2.77445,16.19475,-0.17084,-4.78983,0.59515,-3.81417,2.79766,10.79756,-0.16965,-4.69399,0.30298,79.223,3.0,12675.57
1.2370280010003263,-3.15586,2.81427,16.34021,-0.18811,-4.83904,0.50161,-3.79639,2.81746,10.94164,-0.16412,-4.67234,0.23749,79.312,3.0,12376.529
1.2420280010003262,-3.47815,2.85408,16.48567,-0.19651,-4.8562,0.41223,-3.77861,2.83727,11.08572,-0.15859,-4.6507,0.172,79.382,2.607,12195.0
1.2470280010003263,-3.80043,2.8939,16.63113,-0.19123,-4.82385,0.32929,-3.76083,2.85707,11.2298,-0.15306,-4.62906,0.10651,79.426,1.608,12195.0
1.2520280010003262,-4.12271,2.93371,16.77659,-0.18595,-4.79151,0.24634,-3.74305,2.87688,11.37388,-0.14752,-4.60741,0.04102,79.47,1.0,12129.154
1.2570280010003263,-4.44499,2.97353,16.92205,-0.18067,-4.75917,0.1634,-3.72528,2.89668,11.51797,-0.14199,-4.58577,-0.02448,79.514,1.0,11960.995
1.2620280010003262,-4.7836,2.987,17.05474,-0.17539,-4.72682,0.08045,-3.69811,2.90958,11.69488,-0.13646,-4.56413,-0.08997,79.541,1.787,11859.0
1.2670280010003263,-5.14737,2.95986,17.16773,-0.17011,-4.69448,-0.00249,-3.65647,2.91182,11.92241,-0.13093,-4.54248,-0.15546,79.541,3.787,11859.0
1.2720280010003262,-5.51114,2.93271,17.28073,-0.16483,-4.66214,-0.08543,-3.61484,2.91406,12.14994,-0.1254,-4.52084,-0.22095,79.558,5.0,11739.56
1.2770280010003263,-5.87492,2.90557,17.39373,-0.15955,-4.62979,-0.16838,-3.5732,2.9163,12.37747,-0.11986,-4.4992,-0.28644,79.602,5.0,11435.938
1.2820280010003262,-6.23869,2.87843,17.50672,-0.15427,-4.59745,-0.25132,-3.53156,2.91854,12.605,-0.11433,-4.47755,-0.35194,79.663,4.413,11251.0
1.287028001000326,-6.60246,2.85129,17.61972,-0.14899,-4.56511,-0.33427,-3.48993,2.92078,12.83253,-0.1088,-4.45591,-0.41743,79.751,2.912,11251.0
1.2920280010003262,-6.82244,2.78526,17.67511,-0.13625,-4.51607,-0.39822,-3.41041,2.83816,13.02307,-0.09692,-4.40691,-0.48281,79.822,2.393,11223.91
1.2970280010003261,-6.82023,2.65915,17.6415,-0.11199,-4.44125,-0.43281,-3.27235,2.62442,13.15644,-0.07521,-4.31564,-0.54801,79.866,3.392,11154.961
1.3020280010003262,-6.81801,2.53304,17.60789,-0.08772,-4.36642,-0.46741,-3.1343,2.41067,13.28981,-0.05351,-4.22437,-0.6132,79.893,4.0,11113.0
1.3070280010003261,-6.81579,2.40693,17.57428,-0.06346,-4.29159,-0.50201,-2.99624,2.19693,13.42318,-0.0318,-4.13309,-0.6784,79.893,4.0,11113.0
1.3120280010003262,-6.81357,2.28083,17.54066,-0.0392,-4.21676,-0.53661,-2.85818,1.98319,13.55655,-0.0101,-4.04182,-0.7436,79.91,4.0,11117.65
1.3170280010003261,-6.81136,2.15472,17.50705,-0.01494,-4.14194,-0.5712,-2.72013,1.76944,13.68992,0.01161,-3.95055,-0.8088,79.953,4.0,11129.502
1.3220280010003262,-6.80914,2.02861,17.47344,0.00932,-4.06711,-0.6058,-2.51964,1.56396,13.72785,0.04306,-3.81673,-0.83796,79.98,3.442,11137.0
1.3270280010003261,-6.80692,1.9025,17.43982,0.03358,-3.99228,-0.6404,-2.21166,1.3727,13.60144,0.09129,-3.60965,-0.80507,79.98,1.923,11137.0
1.3320280010003263,-7.07188,1.85934,17.09011,0.06239,-3.87996,-0.65381,-1.90368,1.18143,13.47504,0.13953,-3.40258,-0.77218,79.998,1.0,11328.4
1.3370280010003261,-7.75025,1.94453,16.25128,0.09823,-3.70963,-0.63445,-1.59571,0.99017,13.34864,0.18776,-3.1955,-0.73929,80.042,1.0,11815.958
1.3420280010003263,-8.42861,2.02971,15.41245,0.13407,-3.5393,-0.61509,-1.28773,0.7989,13.22223,0.236,-2.98843,-0.7064,80.068,1.395,12112.0
1.3470280010003262,-9.10698,2.1149,14.57363,0.1699,-3.36897,-0.59573,-0.97975,0.60764,13.09583,0.28423,-2.78135,-0.67351,80.068,2.402,12112.0
1.3520280010003263,-9.85539,2.13624,13.8291,0.20574,-3.19864,-0.57637,-0.82529,0.47738,12.90783,0.31274,-2.57301,-0.63131,80.068,3.0,12148.68
1.3570280010003262,-10.70651,2.06398,13.22283,0.24158,-3.02831,-0.55701,-0.89588,0.43656,12.62953,0.31232,-2.36282,-0.57544,80.068,3.0,12239.135
1.3620280010003263,-11.55763,1.99172,12.61657,0.27742,-2.85798,-0.53765,-0.96648,0.39574,12.35123,0.31189,-2.15262,-0.51957,80.086,3.0,12294.0
1.3670280010003262,-12.40874,1.91945,12.0103,0.31326,-2.68765,-0.51829,-1.03707,0.35492,12.07293,0.31147,-1.94243,-0.4637,80.129,3.0,12294.0
1.3720280010003263,-13.25986,1.84719,11.40403,0.32879,-2.4663,-0.48339,-1.10767,0.3141,11.79463,0.31105,-1.73223,-0.40783,80.139,3.0,12374.555
1.3770280010003262,-14.11098,1.77493,10.79776,0.31249,-2.16494,-0.42414,-1.17826,0.27328,11.51633,0.31063,-1.52204,-0.35197,80.095,3.0,12581.392
1.3820280010003263,-15.09056,1.53424,10.5986,0.29618,-1.86359,-0.36489,-1.06263,0.16249,11.69775,0.31021,-1.31184,-0.2961,80.051,2.215,13444.527
1.3870280010003262,-16.26878,1.03311,11.02896,0.27988,-1.56224,-0.30564,-0.65903,-0.0565,12.59004,0.30979,-1.10165,-0.24023,80.007,0.216,15322.511
1.3920280010003263,-17.447,0.53199,11.45932,0.26358,-1.26089,-0.24639,-0.25544,-0.2755,13.48234,0.30937,-0.89145,-0.18436,79.946,-1.0,16465.0
1.3970280010003262,-18.62523,0.03086,11.88969,0.24728,-0.95954,-0.18714,0.14816,-0.49449,14.37463,0.30895,-0.68126,-0.12849,79.858,-1.0,16465.0
1.4020280010003263,-19.80345,-0.47027,12.32005,0.23098,-0.65818,-0.12788,0.55175,-0.71348,15.26693,0.30853,-0.47106,-0.07262,79.787,-0.607,16465.0
1.4070280010003262,-20.98167,-0.9714,12.75041,0.21468,-0.35683,-0.06863,0.95535,-0.93248,16.15922,0.30811,-0.26087,-0.01676,79.744,0.392,16465.0
1.412028001000326,-22.1599,-1.47252,13.18077,0.19837,-0.05548,-0.00938,0.90648,-1.00865,16.27433,0.28984,0.06758,0.08796,79.7,1.588,17876.973
1.4170280010003262,-23.33812,-1.97365,13.61113,0.18207,0.24587,0.04987,0.15448,-0.86288,15.18165,0.24383,0.57981,0.26858,79.656,3.089,21483.196
1.4220280010003261,-22.52838,-2.16774,13.77003,0.1563,0.5373,0.10866,-0.59753,-0.7171,14.08898,0.19781,1.09203,0.44921,79.594,4.0,23672.0
1.4270280010003262,-18.6488,-1.8877,13.50974,0.11592,0.81342,0.16674,-1.34953,-0.57133,12.99631,0.15179,1.60425,0.62983,79.506,4.0,23672.0
1.4320280010003261,-14.76921,-1.60767,13.24944,0.07553,1.08954,0.22482,-1.6092,-0.42714,12.22663,0.11936,1.91204,0.71946,79.401,4.0,23901.127
1.4370280010003262,-10.88963,-1.32763,12.98915,0.03515,1.36565,0.28291,-1.10988,-0.2854,11.95488,0.10786,1.90467,0.66881,79.27,4.0,24483.478
1.4420280010003261,-7.01005,-1.04759,12.72885,-0.00524,1.64177,0.34099,-0.61055,-0.14365,11.68314,0.09637,1.8973,0.61816,79.121,4.0,24838.0
1.4470280010003262,-3.13046,-0.76755,12.46855,-0.04562,1.91788,0.39907,-0.11123,-0.00191,11.41139,0.08487,1.88993,0.56751,78.945,4.0,24838.0
1.4520280010003261,-0.58922,-0.57428,12.18897,-0.07247,2.1025,0.40444,0.38809,0.13984,11.13964,0.07338,1.88256,0.51686,78.771,3.622,25021.445
1.4570280010003263,-0.11732,-0.51517,11.87955,-0.07839,2.14566,0.32831,0.88742,0.28158,10.8679,0.06188,1.8752,0.46621,78.602,2.66,25488.536
1.4620280010003261,0.35457,-0.45606,11.57013,-0.0843,2.18881,0.25219,1.38674,0.42333,10.59615,0.05038,1.86783,0.41557,78.429,2.0,25809.0
1.4670280010003263,0.82646,-0.39696,11.26071,-0.09021,2.23196,0.17606,1.88607,0.56507,10.3244,0.03889,1.86046,0.36492,78.246,2.0,25809.0
1.4720280010003262,1.29836,-0.33785,10.95129,-0.09613,2.27511,0.09993,2.38539,0.70682,10.05266,0.02739,1.85309,0.31427,78.083,2.0,25861.767
1.4770280010003263,1.77025,-0.27874,10.64187,-0.10204,2.31827,0.0238,2.88471,0.84856,9.78091,0.01589,1.84572,0.26362,77.951,2.0,25996.068
1.4820280010003262,2.24215,-0.21963,10.33245,-0.10796,2.36142,-0.05233,2.86605,0.8836,9.42211,0.01683,1.8224,0.21104,77.854,1.805,26078.0
1.4870280010003263,2.71404,-0.16052,10.02303,-0.11387,2.40457,-0.12845,2.03697,0.7517,8.92709,0.03721,1.77412,0.15545,77.81,1.304,26078.0
1.4920280010003262,2.8587,-0.00424,9.98285,-0.1025,2.3952,-0.1793,1.2079,0.6198,8.43208,0.0576,1.72585,0.09987,77.749,1.0,26111.904
1.4970280010003263,2.49816,0.30207,10.35834,-0.06445,2.30475,-0.19111,0.37883,0.4879,7.93707,0.07798,1.67757,0.04428,77.661,1.0,26198.151
1.5020280010003262,2.13762,0.60837,10.73382,-0.02641,2.2143,-0.20293,-0.17336,0.40419,7.68102,0.09837,1.6293,-0.01131,77.573,1.585,26251.0
1.5070280010003263,1.77708,0.91468,11.1093,0.01164,2.12385,-0.21474,-0.28741,0.39671,7.80313,0.11875,1.58103,-0.06689,77.485,3.095,26251.0
1.5120280010003262,1.53213,1.09675,11.44845,0.04969,2.0334,-0.22656,-0.40146,0.38924,7.92523,0.13914,1.53275,-0.12248,77.414,4.0,26242.029
1.5170280010003263,1.45997,1.0931,11.73328,0.08774,1.94295,-0.23837,-0.5155,0.38177,8.04733,0.15952,1.48448,-0.17807,77.37,4.0,26219.646
1.5220280010003262,1.38782,1.08945,12.01811,0.12579,1.85249,-0.25019,-0.62955,0.3743,8.16943,0.1682,1.4229,-0.23249,77.395,4.0,26206.0
1.5270280010003263,1.31566,1.0858,12.30294,0.16384,1.76204,-0.262,-0.7436,0.36683,8.29153,0.15859,1.34053,-0.28509,77.527,4.0,26206.0
1.5320280010003262,1.24351,1.08215,12.58777,0.18818,1.65086,-0.26867,-0.85764,0.35936,8.41363,0.14898,1.25817,-0.33768,77.642,4.0,26217.178
1.5370280010003263,1.17135,1.0785,12.8726,0.19131,1.50763,-0.26737,-0.97169,0.35189,8.53574,0.13937,1.1758,-0.39028,77.73,4.0,26245.637
1.5420280010003262,1.13576,1.14404,12.92903,0.19445,1.3644,-0.26607,-1.36652,0.54882,8.65598,0.12976,1.09344,-0.44288,77.8,3.805,26263.0
1.5470280010003261,1.15738,1.31783,12.62809,0.19759,1.22117,-0.26477,-2.20069,1.06559,8.77332,0.12015,1.01107,-0.49547,77.844,3.305,26263.0
1.5520280010003262,1.17901,1.49162,12.32715,0.20072,1.07793,-0.26347,-3.03486,1.58237,8.89065,0.11054,0.92871,-0.54807,77.888,3.0,26253.847
1.5570280010003261,1.20063,1.66541,12.0262,0.20386,0.9347,-0.26217,-3.86903,2.09914,9.00799,0.10093,0.84634,-0.60067,77.932,3.0,26230.362
1.5620280010003262,1.22225,1.83919,11.72526,0.20699,0.79147,-0.26088,-4.70319,2.61591,9.12532,0.09132,0.76398,-0.65327,77.993,199.665,26216.0
1.5670280010003261,1.24387,2.01298,11.42432,0.21013,0.64824,-0.25958,-5.53736,3.13268,9.24266,0.08171,0.68161,-0.70586,78.081,705.915,26216.0
1.5720280010003262,1.26549,2.18677,11.12338,0.21327,0.50501,-0.25828,-4.94923,3.27267,9.28352,0.07122,0.63241,-0.6966,78.169,1013.0,26153.388
1.5770280010003261,1.28712,2.36056,10.82244,0.2164,0.36178,-0.25698,-2.16808,2.83172,9.20648,0.05937,0.63433,-0.59195,78.257,1013.0,25994.235
1.5820280010003263,1.33922,2.38515,10.61416,0.21138,0.27723,-0.24915,0.61308,2.39077,9.12944,0.04753,0.63626,-0.4873,78.328,1368.953,25897.0
1.5870280010003261,1.43921,2.17542,10.55141,0.19353,0.28483,-0.23108,3.39423,1.94982,9.0524,0.03568,0.63818,-0.38265,78.372,2283.894,25897.0
1.5920280010003263,1.53919,1.9657,10.48866,0.17569,0.29244,-0.213,4.79949,1.56188,9.03094,0.03214,0.63289,-0.31578,78.433,2840.0,25852.994
1.5970280010003262,1.63917,1.75598,10.42591,0.15784,0.30004,-0.19493,4.07245,1.25609,9.09561,0.04145,0.61642,-0.30746,78.52,2840.0,25740.791
1.6020280010003263,1.73916,1.54626,10.36316,0.14,0.30765,-0.17685,3.34541,0.95031,9.16029,0.05077,0.59994,-0.29914,78.625,2910.499,25672.0
1.6070280010003262,1.83914,1.33654,10.30041,0.12216,0.31525,-0.15877,2.61838,0.64452,9.22496,0.06008,0.58346,-0.29081,78.757,3092.707,25672.0
1.6120280010003263,1.80123,1.20648,10.28131,0.11126,0.30858,-0.14569,1.89134,0.33874,9.28964,0.06939,0.56699,-0.28249,78.855,3571.678,25703.777
1.6170280010003262,1.54692,1.20143,10.33073,0.11128,0.27951,-0.14044,1.1643,0.03295,9.35431,0.07871,0.55051,-0.27417,78.899,4516.387,25785.425
1.6220280010003263,1.29261,1.19639,10.38015,0.1113,0.25044,-0.13519,0.70054,-0.02943,9.43947,0.08802,0.53404,-0.26584,78.96,5090.0,25835.0
1.6270280010003262,1.0383,1.19135,10.42957,0.11132,0.22137,-0.12994,0.64374,0.28442,9.55629,0.09733,0.51756,-0.25752,79.048,5090.0,25835.0
1.6320280010003263,0.784,1.18631,10.47899,0.11133,0.1923,-0.12468,0.58693,0.59826,9.67311,0.10665,0.50109,-0.2492,79.136,5090.0,25873.973
1.6370280010003262,0.52969,1.18127,10.52841,0.11135,0.16322,-0.11943,0.53013,0.91211,9.78993,0.11596,0.48461,-0.24087,79.224,5090.0,25973.555
1.6420280010003263,0.34558,1.19283,10.57924,0.10764,0.1481,-0.11585,0.47333,1.22596,9.90675,0.12527,0.46813,-0.23255,79.295,5211.195,26034.0
1.6470280010003262,0.26988,1.23003,10.63225,0.09818,0.15454,-0.11485,0.41653,1.53981,10.02357,0.13459,0.45166,-0.22423,79.338,5519.564,26034.0
1.6520280010003263,0.19419,1.26724,10.68526,0.08872,0.16097,-0.11384,0.35973,1.85366,10.14039,0.13128,0.43823,-0.21383,79.382,5708.0,26047.641
1.6570280010003262,0.1185,1.30444,10.73827,0.07926,0.1674,-0.11283,0.30293,2.16751,10.25721,0.10814,0.4296,-0.20017,79.426,5708.0,26082.714
1.6620280010003263,0.04281,1.34165,10.79128,0.0698,0.17383,-0.11183,0.29318,2.34044,10.33547,0.085,0.42096,-0.18651,79.47,5914.203,26104.0
1.6670280010003262,-0.03289,1.37885,10.8443,0.06034,0.18026,-0.11082,0.35606,2.29583,10.35421,0.06186,0.41233,-0.17285,79.514,6438.75,26104.0
1.6720280010003261,-0.0924,1.41317,10.86902,0.05088,0.18669,-0.10981,0.41895,2.25122,10.37294,0.03872,0.40369,-0.15919,79.558,6758.0,26086.959
1.6770280010003262,-0.12677,1.44301,10.84976,0.04142,0.19312,-0.10881,0.48183,2.20662,10.39167,0.01558,0.39506,-0.14553,79.602,6758.0,26043.417
1.6820280010003261,-0.16114,1.47285,10.83049,0.03196,0.19956,-0.1078,0.54471,2.16201,10.41041,-0.00035,0.39251,-0.13235,79.663,6862.124,26017.0
1.6870280010003262,-0.1955,1.50268,10.81123,0.0225,0.20599,-0.1068,0.6076,2.1174,10.42914,-0.00516,0.39935,-0.11993,79.751,7126.872,26017.0
1.6920280010003261,-0.22987,1.53252,10.79196,0.01436,0.2098,-0.10493,0.67048,2.07279,10.44787,-0.00996,0.40618,-0.1075,79.822,7288.0,26018.958
1.6970280010003262,-0.26423,1.56236,10.7727,0.00827,0.20955,-0.10174,0.73336,2.02818,10.46661,-0.01477,0.41302,-0.09508,79.866,7288.0,26023.962
1.7020280010003261,-0.2986,1.5922,10.75343,0.00218,0.2093,-0.09854,0.74932,1.96753,10.45398,-0.01957,0.41986,-0.08265,79.927,7591.76,26027.0
1.7070280010003263,-0.33297,1.62203,10.73417,-0.00391,0.20905,-0.09535,0.69273,1.88208,10.39287,-0.02438,0.4267,-0.07022,80.015,8365.104,26027.0
1.7120280010003261,-0.36084,1.62874,10.71475,-0.01,0.2088,-0.09215,0.63615,1.79663,10.33177,-0.02918,0.43353,-0.0578,80.103,8836.0,25981.583
1.7170280010003263,-0.37862,1.59942,10.69509,-0.01609,0.20854,-0.08896,0.57956,1.71118,10.27066,-0.03399,0.44037,-0.04537,80.191,8836.0,25865.454
1.7220280010003262,-0.39639,1.5701,10.67543,-0.02218,0.20829,-0.08576,0.54229,1.64216,10.22819,-0.03811,0.44898,-0.0406,80.261,9014.382,25795.0
1.7270280010003263,-0.41417,1.54078,10.65577,-0.02827,0.20804,-0.08257,0.5348,1.59847,10.21447,-0.04118,0.46032,-0.04762,80.305,9467.913,25795.0
1.7320280010003262,-0.43194,1.51146,10.63611,-0.03435,0.20779,-0.07937,0.52731,1.55478,10.20075,-0.04425,0.47165,-0.05464,80.366,9744.0,25786.385
1.7370280010003263,-0.44972,1.48214,10.61645,-0.04044,0.20754,-0.07618,0.51982,1.5111,10.18703,-0.04731,0.48299,-0.06166,80.454,9744.0,25764.365
1.7420280010003262,-0.43971,1.45854,10.59661,-0.04576,0.20752,-0.07538,0.51234,1.46741,10.17331,-0.05038,0.49433,-0.06869,80.542,9943.386,25751.0
1.7470280010003263,-0.38679,1.44376,10.5765,-0.04988,0.20787,-0.0783,0.50485,1.42372,10.15959,-0.05345,0.50566,-0.07571,80.63,10450.64,25751.0
1.7520280010003262,-0.33388,1.42897,10.5564,-0.054,0.20822,-0.08121,0.51404,1.39037,10.14492,-0.05505,0.51411,-0.08189,80.735,10760.0,25700.425
1.7570280010003263,-0.28096,1.41419,10.53629,-0.05812,0.20857,-0.08413,0.5493,1.37318,10.12878,-0.05437,0.51805,-0.08675,80.867,10760.0,25570.79
1.7620280010003262,-0.22805,1.39941,10.51618,-0.06225,0.20892,-0.08704,0.58457,1.356,10.11264,-0.05369,0.52198,-0.09161,80.999,10814.22,25492.0
1.7670280010003263,-0.17513,1.38463,10.49607,-0.06637,0.20927,-0.08996,0.61983,1.33881,10.0965,-0.05301,0.52592,-0.09648,81.13,10952.462,25492.0
1.7720280010003262,-0.13369,1.37673,10.48192,-0.06861,0.20958,-0.09353,0.6551,1.32163,10.08036,-0.05233,0.52986,-0.10134,81.245,11037.0,25489.275
1.7770280010003263,-0.11032,1.37967,10.47714,-0.0679,0.20984,-0.09815,0.69037,1.30444,10.06421,-0.05165,0.53379,-0.1062,81.333,11037.0,25482.26
1.7820280010003262,-0.08694,1.38261,10.47236,-0.06718,0.2101,-0.10276,0.71459,1.28375,10.06118,-0.05096,0.53773,-0.11107,81.404,11179.642,25478.0
1.7870280010003263,-0.06357,1.38555,10.46759,-0.06647,0.21036,-0.10737,0.72175,1.25763,10.07841,-0.05028,0.54166,-0.11593,81.448,11542.85,25478.0
1.7920280010003262,-0.0402,1.38849,10.46281,-0.06575,0.21062,-0.11199,0.72892,1.2315,10.09564,-0.0496,0.5456,-0.12079,81.543,11764.0,25469.777
1.7970280010003261,-0.01682,1.39143,10.45804,-0.06504,0.21088,-0.1166,0.73608,1.20538,10.11287,-0.04892,0.54953,-0.12566,81.719,11764.0,25448.752
1.8020280010003262,0.02536,1.38095,10.4615,-0.06479,0.21144,-0.11819,0.74324,1.17926,10.1301,-0.04824,0.55347,-0.13052,81.861,12018.311,25436.0
1.8070280010003261,0.09652,1.34976,10.47766,-0.06525,0.21247,-0.11511,0.7504,1.15314,10.14733,-0.04756,0.55741,-0.13538,81.949,12664.641,25436.0
1.8120280010003262,0.16768,1.31858,10.49382,-0.0657,0.21351,-0.11203,0.75756,1.12702,10.16456,-0.04688,0.56134,-0.14025,82.054,13058.0,25408.189
1.8170280010003261,0.23884,1.2874,10.50998,-0.06616,0.21454,-0.10895,0.76472,1.10089,10.18179,-0.04619,0.56528,-0.14511,82.186,13058.0,25337.133
1.8220280010003262,0.27646,1.27129,10.51986,-0.06662,0.21557,-0.10587,0.76286,1.07822,10.19224,-0.03937,0.57908,-0.1305,82.3,13266.881,25270.442
1.8270280010003261,0.26226,1.27848,10.52003,-0.06708,0.21661,-0.1028,0.74706,1.06086,10.19223,-0.02306,0.60811,-0.08582,82.388,13798.425,25210.493
1.8320280010003263,0.24807,1.28567,10.5202,-0.06754,0.21764,-0.09972,0.73127,1.0435,10.19222,-0.01217,0.62423,-0.05815,82.493,14122.0,25174.0
1.8370280010003261,0.23387,1.29286,10.52037,-0.068,0.21867,-0.09664,0.71547,1.02615,10.19221,-0.00972,0.62023,-0.05695,82.625,14122.0,25174.0
1.8420280010003263,0.21968,1.30005,10.52054,-0.06845,0.21971,-0.09356,0.69968,1.00879,10.1922,-0.00727,0.61624,-0.05575,82.757,14201.534,25174.0
1.8470280010003262,0.20549,1.30724,10.52071,-0.06891,0.22074,-0.09048,0.68388,0.99144,10.19219,-0.00481,0.61225,-0.05455,82.889,14403.868,25174.0
1.8520280010003263,0.19129,1.31443,10.52088,-0.06937,0.22177,-0.0874,0.63227,0.98717,10.19505,-0.00236,0.60826,-0.05336,83.003,14527.0,25128.361
1.8570280010003262,0.1771,1.32162,10.52105,-0.06983,0.22281,-0.08433,0.52499,1.00325,10.2024,9e-05,0.60427,-0.05216,83.091,14527.0,25011.769
1.8620280010003263,0.16488,1.32284,10.52388,-0.0669,0.22039,-0.08072,0.4177,1.01934,10.20974,0.00255,0.60028,-0.05096,83.179,14742.206,24941.0
1.8670280010003262,0.15572,1.31483,10.5308,-0.05873,0.21263,-0.07631,0.31042,1.03542,10.21708,0.005,0.59629,-0.04976,83.267,15289.785,24941.0
1.8720280010003263,0.14656,1.30683,10.53773,-0.05057,0.20487,-0.0719,0.20313,1.0515,10.22442,0.00745,0.5923,-0.04856,83.389,15622.0,24887.157
1.8770280010003262,0.1374,1.29882,10.54465,-0.04241,0.19712,-0.06748,0.09585,1.06759,10.23176,0.00991,0.5883,-0.04736,83.565,15622.0,24750.256
1.8820280010003263,0.12824,1.29082,10.55158,-0.0385,0.19644,-0.0653,0.06807,1.10154,10.24784,0.00959,0.59139,-0.04545,83.724,15764.277,24667.0
1.8870280010003262,0.11909,1.28282,10.5585,-0.0412,0.20677,-0.06659,0.16367,1.16321,10.27746,0.00499,0.60545,-0.04244,83.855,16127.362,24667.0
1.8920280010003263,0.10993,1.27481,10.56543,-0.0439,0.2171,-0.06788,0.25927,1.22489,10.30709,0.00039,0.61951,-0.03943,83.97,16348.0,24654.648
1.8970280010003262,0.10077,1.26681,10.57235,-0.0466,0.22743,-0.06917,0.35487,1.28657,10.33671,-0.00422,0.63357,-0.03641,84.058,16348.0,24623.163
1.9020280010003263,0.08791,1.27313,10.57878,-0.0493,0.23776,-0.07045,0.45047,1.34825,10.36634,-0.00882,0.64763,-0.0334,84.146,16437.817,24604.0
1.9070280010003262,0.06932,1.30174,10.58445,-0.052,0.24808,-0.07174,0.54607,1.40992,10.39596,-0.01342,0.66169,-0.03039,84.233,16667.309,24604.0
1.9120280010003263,0.05072,1.33035,10.59012,-0.0547,0.25841,-0.07303,0.59934,1.47344,10.41851,-0.01798,0.67488,-0.0302,84.355,16809.0,24494.453
1.9170280010003262,0.03212,1.35896,10.59579,-0.0574,0.26874,-0.07432,0.5843,1.53994,10.42964,-0.02246,0.68665,-0.03458,84.531,16809.0,24208.121
1.9220280010003261,0.01353,1.38757,10.60146,-0.0601,0.27907,-0.0756,0.56926,1.60644,10.44077,-0.02693,0.69843,-0.03895,84.673,16899.978,24034.0
1.9270280010003262,-0.00507,1.41618,10.60713,-0.0628,0.2894,-0.07689,0.55421,1.67294,10.4519,-0.03141,0.7102,-0.04333,84.761,17132.128,24034.0
1.9320280010003261,-0.0179,1.42991,10.60813,-0.06593,0.30389,-0.07954,0.53917,1.73944,10.46302,-0.03589,0.72198,-0.0477,84.849,17273.0,23996.479
1.9370280010003262,-0.02181,1.4207,10.60194,-0.06974,0.3248,-0.08431,0.52413,1.80594,10.47415,-0.04037,0.73376,-0.05208,84.937,17273.0,23901.052
1.9420280010003261,-0.02573,1.41149,10.59575,-0.07354,0.34572,-0.08907,0.5145,1.8201,10.47777,-0.04485,0.74553,-0.05645,85.025,17381.19,23843.0
1.9470280010003262,-0.02965,1.40228,10.58956,-0.07734,0.36663,-0.09383,0.51328,1.75298,10.46972,-0.04932,0.75731,-0.06082,85.113,17657.418,23843.0
1.9520280010003261,-0.03357,1.39307,10.58337,-0.08114,0.38755,-0.09859,0.51206,1.68586,10.46167,-0.0538,0.76908,-0.0652,85.201,17822.0,23809.261
1.9570280010003263,-0.03748,1.38385,10.57718,-0.08494,0.40846,-0.10335,0.51084,1.61874,10.45363,-0.05828,0.78086,-0.06957,85.289,17822.0,23725.785
1.9620280010003261,-0.0414,1.37464,10.57099,-0.08874,0.42938,-0.10811,0.50962,1.55162,10.44558,-0.06247,0.79395,-0.07151,85.393,17873.347,23675.0
1.9670280010003263,-0.04532,1.36543,10.5648,-0.09254,0.45029,-0.11287,0.50841,1.4845,10.43753,-0.06621,0.80907,-0.06967,85.525,18004.465,23675.0
1.9720280010003262,-0.05965,1.33136,10.55847,-0.09472,0.47206,-0.1155,0.50719,1.41738,10.42948,-0.06996,0.8242,-0.06782,85.623,18084.0,23566.932
1.9770280010003263,-0.09003,1.25896,10.55192,-0.0944,0.49515,-0.11485,0.50597,1.35026,10.42143,-0.0737,0.83932,-0.06597,85.666,18084.0,23292.237
1.9820280010003262,-0.12042,1.18657,10.54537,-0.09407,0.51825,-0.11419,0.50589,1.31111,10.42158,-0.07744,0.85445,-0.06413,85.727,14583.749,23123.0
1.9870280010003263,-0.1508,1.11417,10.53883,-0.09375,0.54134,-0.11354,0.50766,1.31682,10.43487,-0.08118,0.86958,-0.06228,85.816,5466.398,23123.0
1.9920280010003262,-0.17625,1.07772,10.52961,-0.09343,0.56443,-0.11289,0.50943,1.32254,10.44817,-0.08493,0.8847,-0.06043,85.887,3.0,22957.076
1.9970280010003263,-0.19433,1.09503,10.51642,-0.0931,0.58752,-0.11223,0.51119,1.32826,10.46146,-0.08867,0.89983,-0.05859,85.93,3.0,22543.062
2.002028001000326,-0.2124,1.11233,10.50323,-0.09278,0.61061,-0.11158,0.51296,1.33398,10.47475,-0.09241,0.91495,-0.05674,85.991,3673.342,22291.0
2.007028001000326,-0.23048,1.12963,10.49003,-0.09246,0.63371,-0.11092,0.51473,1.3397,10.48805,-0.09616,0.93008,-0.05489,86.079,13056.206,22291.0
2.0120280010003264,-0.24855,1.14693,10.47684,-0.09214,0.6568,-0.11027,0.49968,1.37396,10.48828,-0.10303,0.94902,-0.05347,86.15,18756.0,22218.155
2.0170280010003263,-0.26663,1.16423,10.46365,-0.09181,0.67989,-0.10962,0.45859,1.45238,10.46831,-0.11477,0.97386,-0.05269,86.194,18756.0,22032.579
2.022028001000326,-0.2847,1.18154,10.45045,-0.09521,0.71233,-0.10882,0.41751,1.53081,10.44834,-0.1265,0.99869,-0.05192,86.238,18817.014,21921.0
2.027028001000326,-0.30278,1.19884,10.43726,-0.10422,0.75886,-0.10782,0.37643,1.60923,10.42836,-0.13823,1.02353,-0.05114,86.282,18970.029,21921.0
2.0320280010003264,-0.32492,1.23152,10.43251,-0.11323,0.80539,-0.10681,0.33535,1.68766,10.40839,-0.14996,1.04837,-0.05037,86.309,19063.0,21792.038
2.0370280010003263,-0.35335,1.28801,10.44084,-0.12225,0.85193,-0.10581,0.29426,1.76608,10.38842,-0.16169,1.07321,-0.0496,86.309,19063.0,21463.391
2.042028001000326,-0.38178,1.3445,10.44916,-0.13126,0.89846,-0.1048,0.21939,1.80353,10.37386,-0.16932,1.09258,-0.04786,86.309,19137.54,21264.0
2.047028001000326,-0.41021,1.401,10.45749,-0.14027,0.94499,-0.1038,0.09239,1.77777,10.36766,-0.17063,1.10351,-0.04462,86.309,19327.065,21264.0
2.052028001000326,-0.43864,1.45749,10.46581,-0.14781,0.98256,-0.10334,-0.03461,1.75201,10.36146,-0.17194,1.11444,-0.04139,86.309,19442.0,21092.388
2.0570280010003263,-0.46707,1.51398,10.47414,-0.1531,1.00634,-0.10374,-0.16161,1.72625,10.35526,-0.17325,1.12537,-0.03816,86.309,19442.0,20656.341
2.0620280010003262,-0.52232,1.53127,10.50811,-0.15839,1.03011,-0.10413,-0.28861,1.70049,10.34906,-0.17455,1.1363,-0.03493,86.309,19549.725,20391.0
2.067028001000326,-0.61925,1.48761,10.58195,-0.16367,1.05388,-0.10453,-0.41562,1.67473,10.34286,-0.17586,1.14723,-0.0317,86.309,19824.893,20391.0
2.072028001000326,-0.71617,1.44396,10.65579,-0.16896,1.07765,-0.10493,-0.56432,1.64137,10.41063,-0.17717,1.15816,-0.02847,86.309,19992.0,20157.783
2.0770280010003264,-0.8131,1.40031,10.72964,-0.17425,1.10143,-0.10532,-0.7466,1.59627,10.59279,-0.17848,1.16908,-0.02524,86.309,19992.0,19563.918
2.0820280010003263,-0.91002,1.35666,10.80348,-0.17953,1.1252,-0.10572,-0.92888,1.55118,10.77494,-0.17978,1.18001,-0.02201,86.309,20028.297,19203.0
2.087028001000326,-1.00695,1.313,10.87732,-0.18482,1.14897,-0.10612,-1.11115,1.50608,10.9571,-0.18109,1.19094,-0.01877,86.309,20120.832,19203.0
2.092028001000326,-1.10387,1.26935,10.95116,-0.19011,1.17274,-0.10651,-1.29343,1.46098,11.13925,-0.18326,1.20243,-0.0206,86.309,20177.0,18964.153
2.0970280010003264,-1.2008,1.2257,11.025,-0.19539,1.19652,-0.10691,-1.4757,1.41589,11.32141,-0.18677,1.21478,-0.03023,86.309,20177.0,18356.406
2.1020280010003263,-1.20888,1.23178,11.17452,-0.20107,1.22534,-0.11201,-1.49586,1.41137,11.45323,-0.19028,1.22713,-0.03987,86.309,20315.248,17986.0
2.107028001000326,-1.0783,1.31548,11.44214,-0.20735,1.26204,-0.12444,-1.26302,1.47019,11.5065,-0.19379,1.23949,-0.04951,86.309,20669.252,17986.0
2.112028001000326,-0.94771,1.39918,11.70976,-0.21364,1.29874,-0.13687,-1.03017,1.52901,11.55978,-0.19729,1.25184,-0.05914,86.291,20884.0,17738.328
2.1170280010003264,-0.81713,1.48289,11.97738,-0.21993,1.33545,-0.1493,-0.79732,1.58782,11.61305,-0.2008,1.26419,-0.06878,86.247,20884.0,17108.721
2.1220280010003263,-0.68268,1.53253,12.14436,-0.22329,1.3691,-0.15326,-0.56448,1.64664,11.66632,-0.20431,1.27654,-0.07841,86.221,20976.171,16725.0
2.127028001000326,-0.54219,1.52903,12.1543,-0.22208,1.398,-0.14399,-0.33163,1.70546,11.71959,-0.20782,1.28889,-0.08805,86.221,21212.181,16725.0
2.132028001000326,-0.40171,1.52552,12.16424,-0.22088,1.42691,-0.13473,-0.12495,1.71395,11.76157,-0.2088,1.30767,-0.08619,86.203,21356.0,16522.847
2.1370280010003264,-0.26122,1.52202,12.17417,-0.21968,1.45581,-0.12546,0.04093,1.64391,11.78594,-0.20585,1.33647,-0.0664,86.159,21356.0,16005.331
2.1420280010003263,-0.189,1.5279,12.20792,-0.21848,1.48471,-0.1162,0.2068,1.57388,11.8103,-0.2029,1.36527,-0.0466,86.115,21536.227,15466.136
2.147028001000326,-0.21986,1.54797,12.27761,-0.21727,1.51361,-0.10693,0.37267,1.50384,11.83467,-0.19995,1.39407,-0.02681,86.072,21988.591,14894.204
2.152028001000326,-0.25073,1.56803,12.3473,-0.21607,1.54251,-0.09767,0.53854,1.43381,11.85903,-0.197,1.42287,-0.00702,86.028,22264.0,14546.0
2.1570280010003264,-0.28159,1.5881,12.41699,-0.21487,1.57141,-0.0884,0.70441,1.36377,11.8834,-0.19405,1.45167,0.01277,85.984,22264.0,14546.0
2.1620280010003263,-0.31245,1.60817,12.48669,-0.21366,1.60031,-0.07913,0.87029,1.29374,11.90776,-0.1911,1.48047,0.03256,85.94,22348.992,14546.0
2.167028001000326,-0.34331,1.62823,12.55638,-0.21246,1.62922,-0.06987,1.03616,1.22371,11.93213,-0.18815,1.50928,0.05235,85.896,22565.328,14546.0
2.172028001000326,-0.37418,1.6483,12.62607,-0.21126,1.65812,-0.0606,1.11485,1.19379,11.96357,-0.18015,1.55035,0.062,85.852,22697.0,14074.911
2.1770280010003265,-0.40504,1.66836,12.69577,-0.21005,1.68702,-0.05134,1.05794,1.22625,12.00603,-0.16429,1.61053,0.05589,85.808,22697.0,12871.163
2.1820280010003263,-0.4359,1.68843,12.76546,-0.20481,1.75079,-0.05554,1.00104,1.25872,12.04849,-0.14843,1.6707,0.04977,85.747,22852.05,12141.0
2.1870280010003262,-0.46677,1.7085,12.83515,-0.19333,1.86831,-0.08051,0.94414,1.29119,12.09095,-0.13256,1.73087,0.04366,85.659,23246.151,12141.0
2.192028001000326,-0.54235,1.717,12.88356,-0.18185,1.98584,-0.10549,0.88724,1.32366,12.13341,-0.1167,1.79104,0.03754,85.571,23486.0,11536.128
2.197028001000326,-0.68747,1.70752,12.89888,-0.17037,2.10337,-0.13046,0.83033,1.35613,12.17587,-0.10084,1.85121,0.03142,85.483,23486.0,9990.733
2.2020280010003264,-0.83258,1.69805,12.9142,-0.15825,2.19353,-0.15161,0.7318,1.2945,12.11522,-0.08457,1.9016,0.02054,85.395,23544.86,9052.0
2.2070280010003263,-0.9777,1.68857,12.92951,-0.14517,2.24136,-0.16685,0.56886,1.08728,11.89501,-0.06768,1.93683,0.00227,85.307,23694.798,9052.0
2.212028001000326,-1.12282,1.6791,12.94483,-0.13208,2.28918,-0.1821,0.40592,0.88005,11.6748,-0.05078,1.97207,-0.01599,85.202,23786.0,8274.425
2.217028001000326,-1.26794,1.66962,12.96015,-0.11899,2.337,-0.19734,0.24298,0.67282,11.45458,-0.03388,2.00731,-0.03426,85.07,23786.0,6289.477
2.2220280010003264,-1.38029,1.63732,12.95754,-0.1059,2.38482,-0.21258,0.15633,0.53591,11.27397,-0.01699,2.04255,-0.05253,84.956,23869.49,5085.0
2.2270280010003263,-1.44208,1.56978,12.92728,-0.09281,2.43265,-0.22782,0.18743,0.5075,11.15446,-9e-05,2.07779,-0.07079,84.868,24081.828,5085.0
2.232028001000326,-1.50386,1.50225,12.89701,-0.07973,2.48047,-0.24307,0.21852,0.4791,11.03496,0.01681,2.11303,-0.08906,84.763,24211.0,4616.617
2.237028001000326,-1.56565,1.43472,12.86674,-0.06664,2.52829,-0.25831,0.24962,0.45069,10.91545,0.03371,2.14827,-0.10732,84.631,24211.0,3420.739
2.2420280010003264,-1.62743,1.36719,12.83648,-0.05355,2.57611,-0.27355,0.28071,0.42229,10.79595,0.0506,2.1835,-0.12559,84.499,24205.717,2693.0
2.2470280010003263,-1.68922,1.29965,12.80621,-0.04046,2.62394,-0.28879,0.31181,0.39388,10.67644,0.0675,2.21874,-0.14386,84.367,24192.22,2693.0
2.252028001000326,-1.751,1.23212,12.77595,-0.02738,2.67176,-0.30404,0.3429,0.36548,10.55694,0.09085,2.26664,-0.15928,84.253,24184.0,2333.865
2.257028001000326,-1.81279,1.16459,12.74568,-0.01429,2.71958,-0.31928,0.374,0.33707,10.43743,0.12424,2.33425,-0.17029,84.165,24184.0,1415.33
2.2620280010003264,-2.02574,1.24945,12.6893,0.00295,2.77125,-0.3337,0.31167,0.31898,10.32197,0.15763,2.40186,-0.1813,84.077,24208.578,855.0
2.2670280010003263,-2.47515,1.57271,12.59206,0.02669,2.82893,-0.34683,0.10321,0.317,10.21283,0.19102,2.46948,-0.1923,83.989,24271.602,855.0
2.272028001000326,-2.81599,1.75495,12.61905,0.05043,2.88661,-0.35996,-0.10525,0.31503,10.10369,0.22441,2.53709,-0.20331,83.884,24310.0,978.869
2.277028001000326,-2.98754,1.71731,12.83976,0.07417,2.94429,-0.3731,-0.31371,0.31306,9.99455,0.2578,2.6047,-0.21431,83.752,24310.0,1295.877
2.2820280010003264,-3.15909,1.67966,13.06046,0.0979,3.00197,-0.38623,-0.52218,0.31109,9.88541,0.29119,2.67231,-0.22532,83.62,24215.113,1489.0
2.2870280010003263,-3.33064,1.64202,13.28116,0.12164,3.05965,-0.39936,-0.73064,0.30912,9.77627,0.32458,2.73992,-0.23632,83.488,23972.308,1489.0
2.292028001000326,-3.50219,1.60438,13.50187,0.14538,3.11733,-0.4125,-1.02982,0.36201,9.77257,0.34712,2.78585,-0.24739,83.339,23825.0,1311.125
2.297028001000326,-3.67374,1.56674,13.72257,0.16912,3.17502,-0.42563,-1.46895,0.49952,9.93152,0.35293,2.79834,-0.25856,83.163,23825.0,858.874
2.3020280010003265,-3.84529,1.52909,13.94328,0.19621,3.2231,-0.4375,-1.90808,0.63704,10.09046,0.35874,2.81082,-0.26973,83.005,23307.148,584.0
2.3070280010003263,-4.01684,1.49145,14.16398,0.2285,3.25632,-0.44743,-2.34721,0.77455,10.24941,0.36455,2.8233,-0.2809,82.873,21986.799,584.0
2.3120280010003262,-4.05967,1.40932,14.29881,0.2608,3.28953,-0.45735,-2.78633,0.91207,10.40836,0.37036,2.83579,-0.29208,82.724,21186.0,562.565
2.317028001000326,-3.9041,1.25862,14.30127,0.29309,3.32275,-0.46728,-3.22546,1.04958,10.56731,0.37616,2.84827,-0.30325,82.548,21186.0,508.093
2.322028001000326,-3.74854,1.10793,14.30373,0.32538,3.35597,-0.4772,-3.66459,1.1871,10.72625,0.38197,2.86075,-0.31442,82.355,20505.539,475.0
2.3270280010003264,-3.59297,0.95723,14.3062,0.35768,3.38919,-0.48712,-4.10372,1.32461,10.8852,0.38778,2.87324,-0.32559,82.135,18771.779,475.0
2.3320280010003263,-3.4374,0.80653,14.30866,0.36753,3.38861,-0.49242,-4.4487,1.46988,10.81252,0.37317,2.84504,-0.34263,81.933,17720.0,441.682
2.337028001000326,-3.28184,0.65583,14.31112,0.34276,3.33591,-0.49059,-4.6485,1.62709,10.38263,0.32707,2.75409,-0.36874,81.758,17720.0,356.98
2.342028001000326,-3.12627,0.50513,14.31358,0.318,3.28321,-0.48875,-4.84829,1.78431,9.95273,0.28098,2.66314,-0.39484,81.565,15412.352,305.0
2.3470280010003264,-2.97071,0.35444,14.31605,0.29324,3.23051,-0.48692,-5.04809,1.94153,9.52283,0.23488,2.57219,-0.42094,81.345,9439.039,305.0
2.3520280010003263,-2.70618,0.26666,14.07685,0.26848,3.1778,-0.48508,-5.07155,2.01013,8.96971,0.18878,2.48124,-0.44704,81.125,5810.0,324.23
2.357028001000326,-2.27299,0.2763,13.46357,0.24371,3.1251,-0.48325,-4.82206,1.94155,8.22583,0.14269,2.39029,-0.47315,80.905,5810.0,373.228
2.362028001000326,-1.83979,0.28594,12.85028,0.21895,3.0724,-0.48141,-4.57257,1.87298,7.48196,0.09673,2.26514,-0.50731,80.668,4907.639,403.0
2.3670280010003264,-1.4066,0.29558,12.23699,0.19419,3.0197,-0.47958,-4.32307,1.8044,6.73808,0.051,2.08702,-0.55395,80.404,2607.969,403.0
2.3720280010003263,-0.9734,0.30522,11.62371,0.16389,2.90477,-0.49176,-4.07358,1.73582,5.99421,0.00527,1.9089,-0.60058,80.175,1212.0,409.518
2.377028001000326,-0.54021,0.31486,11.01042,0.12503,2.69369,-0.5256,-3.82408,1.66725,5.25033,-0.04046,1.73079,-0.64722,79.998,1212.0,426.104
2.382028001000326,-0.10701,0.3245,10.39713,0.08617,2.48261,-0.55943,-3.84905,1.6387,4.70755,-0.08619,1.55267,-0.69386,79.857,978.848,436.0
2.3870280010003264,0.32619,0.33413,9.78385,0.04731,2.27153,-0.59327,-4.28006,1.66937,4.46227,-0.13192,1.37455,-0.7405,79.77,400.766,436.0
2.3920280010003263,1.06191,0.23322,9.11288,0.00845,2.06045,-0.6271,-4.71107,1.70004,4.21699,-0.17368,1.20662,-0.75522,79.682,50.0,415.574
2.397028001000326,2.26446,-0.03829,8.35292,-0.03041,1.84937,-0.66094,-5.14208,1.73071,3.9717,-0.20932,1.05439,-0.72068,79.594,50.0,363.628
2.402028001000326,3.46701,-0.30979,7.59296,-0.06926,1.63829,-0.69478,-5.57309,1.76138,3.72642,-0.24495,0.90216,-0.68614,79.489,40.994,332.0
2.4070280010003264,4.66956,-0.5813,6.83299,-0.10812,1.42721,-0.72861,-6.0041,1.79205,3.48114,-0.28058,0.74993,-0.6516,79.357,17.969,332.0
2.4120280010003263,5.44075,-0.74457,6.34287,-0.14596,1.20806,-0.71438,-6.43511,1.82271,3.23586,-0.31621,0.59771,-0.61706,79.243,4.0,302.971
2.417028001000326,5.54652,-0.74087,6.26901,-0.18222,0.97645,-0.62601,-6.86612,1.85338,2.99058,-0.35184,0.44548,-0.58253,79.155,4.0,229.159
2.422028001000326,5.65229,-0.73717,6.19516,-0.21848,0.74485,-0.53763,-7.29713,1.88405,2.74529,-0.38748,0.29325,-0.54799,79.102,3.611,184.0
2.4270280010003265,5.75806,-0.73348,6.1213,-0.25474,0.51324,-0.44926,-7.72814,1.91472,2.50001,-0.42311,0.14102,-0.51345,79.102,2.608,184.0
2.4320280010003263,5.86382,-0.72978,6.04745,-0.29101,0.28164,-0.36088,-7.25746,1.83451,2.39217,-0.45874,-0.0112,-0.47891,79.102,2.0,200.08
2.4370280010003262,5.96959,-0.72608,5.97359,-0.32727,0.05003,-0.2725,-5.39477,1.58313,2.49649,-0.49437,-0.16343,-0.44437,79.102,2.0,240.984
2.442028001000326,6.07536,-0.72238,5.89973,-0.36353,-0.18157,-0.18413,-3.53207,1.33175,2.60081,-0.53001,-0.31566,-0.40984,79.102,2.195,266.0
2.447028001000326,6.18113,-0.71869,5.82588,-0.39979,-0.41317,-0.09575,-1.66938,1.08037,2.70513,-0.56564,-0.46789,-0.3753,79.102,2.696,266.0
2.4520280010003264,5.98291,-0.55957,5.64936,-0.42465,-0.59571,-0.01876,-0.60031,0.90606,2.73069,-0.58616,-0.61828,-0.30576,79.102,3.0,355.779
2.4570280010003263,5.31492,-0.16026,5.31418,-0.43189,-0.70243,0.04064,-0.7577,0.85086,2.63454,-0.58333,-0.76586,-0.18215,79.102,3.0,584.301
2.462028001000326,4.64692,0.23905,4.979,-0.43913,-0.80915,0.10003,-0.91508,0.79565,2.53838,-0.58049,-0.91343,-0.05853,79.119,3.196,723.0
2.467028001000326,3.97893,0.63836,4.64383,-0.44636,-0.91586,0.15943,-1.07247,0.74044,2.44223,-0.57766,-1.061,0.06508,79.163,3.696,723.0
2.4720280010003264,3.56185,0.93774,4.47505,-0.4536,-1.02258,0.21883,-1.22985,0.68524,2.34607,-0.57483,-1.20857,0.1887,79.207,4.0,816.91
2.4770280010003263,3.53585,1.08135,4.56566,-0.46084,-1.12929,0.27822,-1.38724,0.63003,2.24992,-0.57199,-1.35614,0.31232,79.251,4.0,1057.202
2.482028001000326,3.50986,1.22496,4.65627,-0.46808,-1.23601,0.33762,-1.58827,0.59102,2.21788,-0.56061,-1.49759,0.40893,79.277,3.804,1203.0
2.487028001000326,3.48386,1.36857,4.74688,-0.47532,-1.34272,0.39702,-1.85663,0.57699,2.28478,-0.53602,-1.6296,0.46388,79.277,3.304,1203.0
2.4920280010003264,3.45787,1.51218,4.83748,-0.48255,-1.44944,0.45641,-2.12499,0.56296,2.35168,-0.51144,-1.7616,0.51884,79.295,3.0,1378.232
2.4970280010003263,3.43188,1.65578,4.92809,-0.48979,-1.55616,0.51581,-2.39336,0.54893,2.41858,-0.48685,-1.8936,0.57379,79.338,3.0,1825.946
2.502028001000326,3.40588,1.79939,5.0187,-0.48718,-1.66998,0.57147,-2.66172,0.53491,2.48547,-0.46227,-2.0256,0.62874,79.365,2.419,2100.0
2.507028001000326,3.37989,1.943,5.10931,-0.46904,-1.79501,0.62124,-2.93008,0.52088,2.55237,-0.43769,-2.15761,0.6837,79.365,0.921,2100.0
2.5120280010003264,3.30318,2.06668,5.21971,-0.45089,-1.92004,0.67101,-3.09494,0.57232,2.64875,-0.4131,-2.28961,0.73865,79.382,0.0,2233.77
2.5170280010003263,3.14564,2.15861,5.36165,-0.43275,-2.04508,0.72078,-3.09481,0.7281,2.79213,-0.38852,-2.42161,0.7936,79.427,0.0,2580.746
2.522028001000326,2.9881,2.25053,5.5036,-0.4146,-2.17011,0.77055,-3.09468,0.88389,2.9355,-0.36919,-2.54286,0.82516,79.453,0.796,2789.0
2.527028001000326,2.83055,2.34245,5.64555,-0.39645,-2.29515,0.82032,-3.09456,1.03968,3.07888,-0.35774,-2.64796,0.82159,79.453,2.787,2789.0
2.5320280010003264,2.67301,2.43438,5.7875,-0.37831,-2.42018,0.87009,-3.09443,1.19546,3.22225,-0.3463,-2.75306,0.81802,79.47,4.0,2957.403
2.5370280010003263,2.51547,2.5263,5.92945,-0.36016,-2.54522,0.91986,-3.0943,1.35125,3.36563,-0.33486,-2.85816,0.81445,79.514,4.0,3388.703
2.542028001000326,2.35793,2.61823,6.0714,-0.34307,-2.66527,0.95093,-3.14013,1.43562,3.53016,-0.32341,-2.96326,0.81088,79.558,4.0,3650.0
2.547028001000326,2.20039,2.71015,6.21334,-0.3276,-2.77769,0.95326,-3.25657,1.41025,3.72721,-0.31197,-3.06836,0.80731,79.602,4.0,3650.0
2.5520280010003265,1.99379,2.7572,6.44026,-0.31212,-2.8901,0.9556,-3.37301,1.38488,3.92426,-0.30053,-3.17346,0.80373,79.646,4.0,4051.958
2.5570280010003263,1.71059,2.7342,6.79984,-0.29665,-3.00251,0.95793,-3.48946,1.3595,4.12131,-0.28908,-3.27855,0.80016,79.69,4.0,5081.559
2.5620280010003262,1.4274,2.71119,7.15941,-0.28117,-3.11492,0.96027,-3.6059,1.33413,4.31837,-0.27475,-3.36483,0.78466,79.717,4.197,5706.0
2.567028001000326,1.1442,2.68818,7.51899,-0.2657,-3.22733,0.9626,-3.72234,1.30875,4.51542,-0.25597,-3.42211,0.75078,79.717,4.696,5706.0
2.572028001000326,0.86101,2.66517,7.87857,-0.25023,-3.33975,0.96494,-3.83879,1.28338,4.71247,-0.23719,-3.47938,0.71689,79.734,4.805,5995.189
2.5770280010003264,0.57781,2.64216,8.23815,-0.23475,-3.45216,0.96727,-3.95523,1.258,4.90952,-0.21841,-3.53666,0.68301,79.778,4.305,6734.796
2.5820280010003263,0.22618,2.63908,8.67058,-0.20864,-3.57843,0.93334,-4.03561,1.23686,5.12756,-0.19963,-3.59393,0.64912,79.822,4.0,7186.0
2.587028001000326,-0.2325,2.66718,9.217,-0.16589,-3.72639,0.84267,-4.05955,1.22235,5.37844,-0.18085,-3.65121,0.61524,79.866,4.0,7186.0
2.592028001000326,-0.69119,2.69527,9.76342,-0.12313,-3.87435,0.752,-4.0835,1.20784,5.62932,-0.16206,-3.70848,0.58135,79.927,4.0,7356.809
2.5970280010003264,-1.14987,2.72337,10.30984,-0.08038,-4.02231,0.66134,-4.10745,1.19333,5.8802,-0.14328,-3.76575,0.54747,80.015,4.0,7793.257
2.6020280010003263,-1.43639,2.71208,10.82466,-0.05237,-4.1259,0.60171,-4.13139,1.17882,6.13108,-0.1245,-3.82303,0.51358,80.086,4.0,8058.0
2.607028001000326,-1.45745,2.64007,11.29078,-0.04711,-4.16107,0.58994,-4.15534,1.1643,6.38196,-0.10572,-3.8803,0.4797,80.13,4.0,8058.0
2.612028001000326,-1.47851,2.56805,11.7569,-0.04184,-4.19623,0.57817,-4.08491,1.17272,6.70104,-0.08821,-3.93856,0.44821,80.173,4.0,8306.818
2.6170280010003264,-1.49957,2.49604,12.22301,-0.03657,-4.2314,0.5664,-3.86774,1.21678,7.12618,-0.07268,-3.99834,0.42045,80.217,4.0,8942.499
2.6220280010003263,-1.52064,2.42403,12.68913,-0.03131,-4.26657,0.55463,-3.65057,1.26084,7.55131,-0.05714,-4.05812,0.39268,80.261,4.0,9328.0
2.627028001000326,-1.5417,2.35201,13.15525,-0.02604,-4.30174,0.54286,-3.4334,1.3049,7.97644,-0.04161,-4.11791,0.36492,80.305,4.0,9328.0
2.632028001000326,-1.58492,2.33225,13.53868,-0.02077,-4.33691,0.53109,-3.21622,1.34896,8.40157,-0.02607,-4.17769,0.33716,80.349,4.0,9493.155
2.6370280010003264,-1.66287,2.3944,13.79248,-0.01551,-4.37208,0.51932,-2.99905,1.39302,8.8267,-0.01054,-4.23747,0.30939,80.393,4.0,9917.237
2.6420280010003263,-1.74082,2.45655,14.04628,-0.01024,-4.40724,0.50755,-2.79025,1.43735,9.16702,0.00101,-4.27518,0.29705,80.437,3.409,10175.0
2.647028001000326,-1.81878,2.5187,14.30007,-0.00497,-4.44241,0.49578,-2.5944,1.48212,9.37588,0.00639,-4.27868,0.30862,80.481,1.901,10175.0
2.652028001000326,-1.89673,2.58085,14.55387,0.00073,-4.45997,0.49337,-2.39856,1.52688,9.58474,0.01177,-4.28218,0.32019,80.508,1.0,10258.329
2.6570280010003264,-1.97469,2.643,14.80767,0.00709,-4.4514,0.50485,-2.20272,1.57164,9.7936,0.01715,-4.28568,0.33175,80.508,1.0,10465.24
2.6620280010003263,-2.11588,2.68935,14.98642,0.01345,-4.44283,0.51633,-2.00687,1.61641,10.00246,0.02253,-4.28918,0.34332,80.525,1.98,10712.948
2.667028001000326,-2.35508,2.71123,15.04884,0.01981,-4.43426,0.5278,-1.81103,1.66117,10.21133,0.02791,-4.29268,0.35489,80.569,4.48,11023.881
2.672028001000326,-2.59427,2.7331,15.11126,0.02616,-4.42569,0.53928,-1.76685,1.69908,10.4059,0.03329,-4.29618,0.36645,80.596,6.0,11213.0
2.6770280010003265,-2.83347,2.75498,15.17369,0.03252,-4.41712,0.55076,-1.95814,1.72633,10.57829,0.03867,-4.29968,0.37802,80.596,6.0,11213.0
2.6820280010003263,-3.07266,2.77686,15.23611,0.03888,-4.40855,0.56224,-2.14943,1.75359,10.75067,0.04405,-4.30318,0.38959,80.613,5.413,11213.0
2.6870280010003262,-3.31186,2.79874,15.29854,0.04524,-4.39998,0.57372,-2.34072,1.78085,10.92306,0.04943,-4.30668,0.40115,80.657,3.911,11213.0
2.692028001000326,-3.55105,2.82061,15.36096,0.05159,-4.39142,0.5852,-2.53201,1.8081,11.09545,0.05481,-4.31018,0.41272,80.684,3.0,11247.98
2.697028001000326,-3.79024,2.84249,15.42339,0.05795,-4.38285,0.59668,-2.7233,1.83536,11.26784,0.06019,-4.31368,0.42428,80.684,3.0,11336.892
2.7020280010003264,-4.02944,2.86437,15.48581,0.06306,-4.37128,0.56397,-2.91298,1.89257,11.43577,0.07186,-4.26888,0.29265,80.701,3.0,11391.0
2.7070280010003263,-4.26863,2.88624,15.54824,0.06622,-4.35504,0.46257,-3.10016,1.99636,11.59679,0.09331,-4.14899,-0.06162,80.745,3.0,11391.0
2.712028001000326,-4.48671,2.82938,15.65628,0.06938,-4.33881,0.36117,-3.28734,2.10015,11.75781,0.10652,-4.06404,-0.30292,80.805,3.0,11392.354
2.717028001000326,-4.67196,2.65014,15.8352,0.07253,-4.32258,0.25976,-3.47452,2.20393,11.91883,0.10694,-4.03339,-0.36868,80.892,3.0,11395.813
2.7220280010003264,-4.85722,2.47091,16.01412,0.07569,-4.30635,0.15836,-3.6617,2.30772,12.07985,0.10737,-4.00273,-0.43445,80.98,2.628,11398.0
2.7270280010003263,-5.04247,2.29168,16.19305,0.07885,-4.29011,0.05696,-3.84888,2.41151,12.24087,0.1078,-3.97207,-0.50021,81.069,1.615,11398.0
2.732028001000326,-5.22773,2.11245,16.37197,0.08201,-4.27388,-0.04444,-4.03606,2.51529,12.40188,0.10822,-3.94141,-0.56597,81.158,1.393,11454.754
2.737028001000326,-5.41298,1.93322,16.55089,0.08517,-4.25765,-0.14584,-4.22324,2.61908,12.5629,0.10865,-3.91075,-0.63174,81.245,2.391,11599.049
2.7420280010003264,-5.51044,1.77108,16.66035,0.08616,-4.22763,-0.25329,-4.20455,2.62239,12.69973,0.10907,-3.88009,-0.6975,81.333,3.0,11687.0
2.7470280010003263,-5.47085,1.63561,16.66137,0.08377,-4.17611,-0.37017,-3.86451,2.46885,12.79881,0.1095,-3.84943,-0.76327,81.421,3.0,11687.0
2.752028001000326,-5.43127,1.50015,16.66238,0.08138,-4.12458,-0.48705,-3.52447,2.31532,12.89788,0.10992,-3.81878,-0.82903,81.509,3.0,11719.034
2.757028001000326,-5.39168,1.36469,16.6634,0.07899,-4.07306,-0.60393,-3.18443,2.16178,12.99695,0.11035,-3.78812,-0.89479,81.597,3.0,11800.482
2.7620280010003264,-5.35209,1.22922,16.66442,0.0766,-4.02153,-0.72082,-2.8444,2.00824,13.09602,0.11078,-3.75746,-0.96056,81.668,3.0,11850.0
2.7670280010003263,-5.31251,1.09376,16.66544,0.07421,-3.97001,-0.8377,-2.50436,1.85471,13.19509,0.1112,-3.7268,-1.02632,81.712,3.0,11850.0
2.772028001000326,-5.41971,1.06379,16.46833,0.08414,-3.88745,-0.9187,-2.1729,1.68086,13.2161,0.12939,-3.6453,-1.07372,81.773,3.0,11836.728
2.777028001000326,-5.75651,1.1988,15.96131,0.11334,-3.75636,-0.94358,-1.85485,1.47525,13.11502,0.17535,-3.48427,-1.0924,81.861,3.0,11802.697
2.7820280010003264,-6.09331,1.33382,15.45429,0.14253,-3.62526,-0.96847,-1.53681,1.26963,13.01393,0.22132,-3.32324,-1.11108,81.948,3.783,11782.0
2.7870280010003263,-6.43011,1.46884,14.94727,0.17172,-3.49417,-0.99335,-1.21876,1.06402,12.91285,0.26728,-3.16221,-1.12976,82.036,5.782,11782.0
2.792028001000326,-6.76961,1.51509,14.4851,0.20092,-3.36307,-1.01823,-0.90071,0.8584,12.81176,0.31325,-3.00118,-1.14844,82.09,7.0,11773.597
2.797028001000326,-7.11331,1.42276,14.09296,0.23011,-3.23198,-1.04312,-0.58267,0.65279,12.71068,0.35921,-2.84015,-1.16712,82.09,7.0,11752.076
2.8020280010003265,-7.45701,1.33042,13.70082,0.2593,-3.10088,-1.068,-0.28016,0.4933,12.53966,0.38505,-2.65649,-1.16004,82.124,6.019,11739.0
2.8070280010003263,-7.80071,1.23809,13.30867,0.2885,-2.96979,-1.09288,-0.00171,0.40523,12.26036,0.37973,-2.43779,-1.11307,82.212,3.52,11739.0
2.8120280010003262,-8.14441,1.14575,12.91653,0.30483,-2.81741,-1.09561,0.27673,0.31715,11.98105,0.3744,-2.21909,-1.0661,82.283,2.0,11741.743
2.817028001000326,-8.48811,1.05342,12.52439,0.30122,-2.63201,-1.06395,0.55518,0.22908,11.70175,0.36908,-2.00039,-1.01912,82.327,2.0,11748.745
2.822028001000326,-8.83181,0.96108,12.13225,0.29761,-2.44661,-1.03229,0.71409,0.16588,11.56975,0.36376,-1.78169,-0.97215,82.371,2.392,11753.0
2.8270280010003264,-9.17551,0.86875,11.74011,0.294,-2.26121,-1.00063,0.68778,0.14123,11.666,0.35843,-1.56299,-0.92518,82.415,3.39,11753.0
2.8320280010003263,-9.53406,0.70976,11.45534,0.29039,-2.07581,-0.96897,0.66147,0.11658,11.76225,0.35311,-1.34429,-0.87821,82.459,4.0,11772.321
2.837028001000326,-9.91588,0.44639,11.33871,0.28678,-1.89041,-0.9373,0.63516,0.09194,11.8585,0.34779,-1.12559,-0.83124,82.503,4.0,11821.895
2.842028001000326,-10.29769,0.18302,11.22208,0.28317,-1.70501,-0.90564,0.60885,0.06729,11.95475,0.32863,-0.89715,-0.75779,82.564,4.0,11852.0
2.8470280010003264,-10.6795,-0.08035,11.10545,0.27956,-1.51961,-0.87398,0.58254,0.04264,12.05099,0.28808,-0.65366,-0.64339,82.652,4.0,11852.0
2.8520280010003263,-11.06132,-0.34372,10.98881,0.27595,-1.33421,-0.84232,0.55624,0.01799,12.14724,0.24753,-0.41017,-0.52899,82.722,4.0,11919.668
2.857028001000326,-11.44313,-0.60709,10.87218,0.27234,-1.14881,-0.81066,0.52993,-0.00666,12.24349,0.20699,-0.16668,-0.41458,82.766,4.0,12092.858
2.862028001000326,-11.82494,-0.87046,10.75555,0.25781,-0.93301,-0.73659,0.72467,-0.27413,12.53555,0.16644,0.07681,-0.30018,82.81,3.804,12198.0
2.8670280010003264,-12.20676,-1.13383,10.63892,0.2264,-0.67024,-0.59699,1.26096,-0.91681,13.13017,0.12589,0.3203,-0.18578,82.854,3.304,12198.0
2.8720280010003263,-12.34369,-1.35376,10.71962,0.19499,-0.40747,-0.45739,1.79725,-1.55948,13.72479,0.08535,0.56379,-0.07138,82.846,3.0,12503.598
2.877028001000326,-12.09932,-1.50606,11.10758,0.16357,-0.1447,-0.31779,2.33354,-2.20215,14.31941,0.0448,0.80729,0.04303,82.758,3.0,13285.036
2.882028001000326,-11.85496,-1.65836,11.49555,0.13216,0.11807,-0.17819,2.71264,-2.50068,14.50658,0.02079,0.98354,0.16068,82.688,3.0,13759.0
2.8870280010003264,-11.6106,-1.81066,11.88351,0.10075,0.38084,-0.03859,2.84945,-2.2687,14.06565,0.02225,1.05617,0.28335,82.644,3.0,13759.0
2.8920280010003263,-11.36623,-1.96295,12.27147,0.06934,0.64361,0.10101,2.98626,-2.03672,13.62473,0.02372,1.12879,0.40601,82.6,3.588,15635.431
2.897028001000326,-11.12187,-2.11525,12.65944,0.03792,0.90638,0.24061,3.12307,-1.80474,13.1838,0.02519,1.20141,0.52868,82.556,5.089,20429.689
2.902028001000326,-10.06589,-2.08077,12.75372,0.00455,1.12531,0.36301,3.25987,-1.57276,12.74288,0.02666,1.27403,0.65134,82.512,6.0,23340.0
2.9070280010003264,-7.75616,-1.75776,12.39433,-0.03184,1.27651,0.45885,3.39668,-1.34078,12.30195,0.02813,1.34665,0.77401,82.468,6.0,23340.0
2.9120280010003263,-5.44642,-1.43475,12.03494,-0.06824,1.42772,0.55469,3.53349,-1.1088,11.86103,0.0296,1.41927,0.89668,82.39,6.0,23642.014
2.917028001000326,-3.13668,-1.11174,11.67555,-0.10464,1.57892,0.65052,3.6703,-0.87683,11.4201,0.03107,1.4919,1.01934,82.258,6.0,24417.919
2.922028001000326,-0.82694,-0.78873,11.31616,-0.14104,1.73012,0.74636,3.8071,-0.64485,10.97918,0.03254,1.56452,1.14201,82.109,5.215,24889.0
2.9270280010003265,1.4828,-0.46572,10.95677,-0.17743,1.88132,0.8422,3.94391,-0.41287,10.53825,0.03401,1.63714,1.26468,81.933,3.216,24889.0
2.9320280010003263,2.8345,-0.30324,10.81194,-0.20381,1.98482,0.85744,3.85973,-0.07166,10.27238,0.0257,1.68859,1.25704,81.775,2.0,25066.294
2.9370280010003262,2.69827,-0.39008,11.00036,-0.21463,2.01422,0.74748,3.43233,0.43918,10.27839,0.00223,1.70716,1.04702,81.643,2.0,25518.946
2.942028001000326,2.56203,-0.47692,11.18878,-0.22545,2.04363,0.63752,3.00493,0.95003,10.2844,-0.02124,1.72573,0.837,81.511,1.608,25794.0
2.947028001000326,2.4258,-0.56376,11.37719,-0.23628,2.07303,0.52757,2.57752,1.46087,10.29041,-0.04472,1.74429,0.62698,81.379,0.61,25794.0
2.9520280010003264,2.345,-0.54706,11.44634,-0.2471,2.10244,0.41761,2.23068,1.6835,10.12478,-0.06819,1.76286,0.41696,81.265,0.0,25826.584
2.9570280010003263,2.35138,-0.36757,11.32797,-0.25792,2.13184,0.30766,2.01049,1.45295,9.68925,-0.09167,1.78143,0.20694,81.176,0.0,25910.4
2.962028001000326,2.35777,-0.18807,11.2096,-0.26874,2.16124,0.1977,1.79029,1.2224,9.25373,-0.09492,1.78644,0.07857,81.088,1.186,25961.0
2.967028001000326,2.36415,-0.00857,11.09123,-0.27956,2.19065,0.08774,1.5701,0.99186,8.8182,-0.06736,1.77079,0.07458,81.001,4.179,25961.0
2.9720280010003264,2.37053,0.17093,10.97286,-0.29038,2.22005,-0.02221,1.34991,0.76131,8.38268,-0.0398,1.75514,0.07058,80.947,6.0,26019.179
2.9770280010003263,2.37691,0.35042,10.85448,-0.3012,2.24946,-0.13217,1.12972,0.53076,7.94715,-0.01224,1.73949,0.06659,80.947,6.0,26167.785
2.982028001000326,2.38329,0.52992,10.73611,-0.28322,2.2319,-0.19091,0.98378,0.35349,7.67374,0.01531,1.72384,0.0626,80.93,5.608,26258.0
2.987028001000326,2.38967,0.70942,10.61774,-0.22075,2.14179,-0.17053,0.95254,0.25852,7.65077,0.04287,1.70819,0.05861,80.886,4.611,26258.0
2.9920280010003264,2.35062,0.79415,10.53662,-0.15827,2.05167,-0.15016,0.9213,0.16354,7.62781,0.07043,1.69254,0.05461,80.842,4.0,26210.349
2.9970280010003263,2.23989,0.72933,10.5143,-0.0958,1.96156,-0.12978,0.89006,0.06857,7.60484,0.09798,1.67689,0.05062,80.798,4.0,26087.498
3.002028001000326,2.12915,0.66451,10.49199,-0.03332,1.87145,-0.1094,0.85882,-0.0264,7.58188,0.11467,1.65657,0.04206,80.771,4.0,26013.0
3.007028001000326,2.01841,0.59969,10.46967,0.02915,1.78133,-0.08902,0.82758,-0.12137,7.55891,0.11462,1.62907,0.02646,80.771,4.0,26013.0
3.0120280010003264,1.90767,0.53487,10.44735,0.06446,1.70669,-0.07828,0.79634,-0.21634,7.53595,0.11457,1.60158,0.01086,80.754,4.0,26044.199
3.0170280010003263,1.79693,0.47005,10.42503,0.05717,1.65633,-0.08264,0.7651,-0.31131,7.51298,0.11451,1.57408,-0.00474,80.71,4.0,26124.348
3.022028001000326,1.68619,0.40523,10.40271,0.04987,1.60597,-0.087,0.73386,-0.40628,7.49002,0.11446,1.54658,-0.02034,80.684,3.804,26108.946
3.027028001000326,1.57546,0.34041,10.38039,0.04257,1.5556,-0.09137,0.70263,-0.50125,7.46705,0.11441,1.51908,-0.03594,80.684,3.306,25945.948
3.0320280010003264,1.49885,0.44316,10.48296,0.03527,1.50524,-0.09573,0.515,-0.31218,7.51003,0.11435,1.49159,-0.05154,80.701,3.0,25846.0
3.0370280010003263,1.47635,0.81154,10.7835,0.02797,1.45488,-0.10009,0.07946,0.32718,7.65755,0.1143,1.46409,-0.06714,80.745,3.0,25846.0
3.042028001000326,1.45384,1.17992,11.08404,0.02068,1.40452,-0.10446,-0.35607,0.96653,7.80506,0.11424,1.43659,-0.08274,80.823,3.0,25846.0
3.047028001000326,1.43134,1.54829,11.38457,0.01338,1.35415,-0.10882,-0.79161,1.60588,7.95258,0.11419,1.40909,-0.09834,80.953,3.0,25846.0
3.0520280010003265,1.40225,1.79794,11.56452,0.01499,1.26951,-0.11695,-1.28879,2.06116,8.08125,0.10978,1.34947,-0.13162,81.068,3.0,25841.667
3.0570280010003263,1.36209,1.8479,11.54164,0.03159,1.12721,-0.13141,-1.88967,2.20686,8.17823,0.09806,1.23579,-0.19462,81.157,3.0,25830.047
3.0620280010003262,1.32193,1.89786,11.51875,0.04819,0.98492,-0.14588,-2.49054,2.35257,8.2752,0.08633,1.12212,-0.25763,81.245,3.196,25823.0
3.067028001000326,1.28176,1.94782,11.49587,0.06479,0.84262,-0.16034,-3.09142,2.49827,8.37217,0.0746,1.00845,-0.32064,81.333,3.695,25823.0
3.0720280010003265,1.2416,1.99778,11.47299,0.08139,0.70032,-0.17481,-3.69229,2.64397,8.46915,0.06288,0.89478,-0.38365,81.404,4.0,25868.472
3.0770280010003264,1.20144,2.04774,11.45011,0.09799,0.55802,-0.18927,-4.29317,2.78967,8.56612,0.05115,0.78111,-0.44665,81.448,4.0,25985.13
3.0820280010003263,1.16128,2.0977,11.42723,0.1146,0.41572,-0.20374,-4.89404,2.93538,8.6631,0.03942,0.66744,-0.50966,81.525,474.047,26056.0
3.087028001000326,1.12111,2.14765,11.40435,0.1312,0.27342,-0.2182,-5.49492,3.08108,8.76007,0.0277,0.55377,-0.57267,81.655,1671.61,26056.0
3.092028001000326,1.13321,2.10348,11.32005,0.14125,0.18507,-0.2227,-5.03551,2.97578,8.83993,0.02419,0.48753,-0.593,81.77,2447.0,26031.899
3.0970280010003264,1.24129,1.88642,11.12293,0.1393,0.19577,-0.20888,-2.62873,2.40949,8.88834,0.03577,0.50842,-0.53494,81.86,2447.0,25963.534
3.1020280010003263,1.34938,1.66936,10.92582,0.13734,0.20648,-0.19507,-0.22194,1.84319,8.93676,0.04735,0.52931,-0.47689,81.949,2826.528,25922.0
3.107028001000326,1.45746,1.4523,10.72871,0.13538,0.21719,-0.18126,2.18485,1.2769,8.98517,0.05892,0.55019,-0.41883,82.036,3793.549,25922.0
3.112028001000326,1.56554,1.23524,10.5316,0.13342,0.2279,-0.16745,3.52648,0.91187,9.03815,0.0705,0.57108,-0.36078,82.124,4384.0,25902.306
3.1170280010003264,1.67363,1.01818,10.33449,0.13146,0.23861,-0.15364,3.19797,0.86244,9.09829,0.08208,0.59197,-0.30272,82.212,4384.0,25851.731
3.1220280010003263,1.67078,0.90467,10.2399,0.12951,0.24932,-0.13982,2.86946,0.813,9.15843,0.09366,0.61286,-0.24467,82.283,4693.338,25821.0
3.127028001000326,1.49614,0.95151,10.30407,0.12755,0.26003,-0.12601,2.54094,0.76357,9.21857,0.10524,0.63374,-0.18661,82.327,5481.71,25821.0
3.132028001000326,1.3215,0.99835,10.36824,0.12559,0.27074,-0.1122,2.21243,0.71413,9.27871,0.1051,0.63967,-0.15387,82.388,5962.0,25832.933
3.1370280010003264,1.14687,1.04519,10.43242,0.12363,0.28145,-0.09839,1.88392,0.6647,9.33885,0.08669,0.62227,-0.16058,82.476,5962.0,25863.469
3.1420280010003263,0.97223,1.09203,10.49659,0.11578,0.28688,-0.09178,1.55541,0.61526,9.39899,0.06828,0.60488,-0.1673,82.564,5967.107,25882.0
3.147028001000326,0.79759,1.13886,10.56076,0.09884,0.28416,-0.0963,1.2269,0.56583,9.45913,0.04987,0.58748,-0.17401,82.652,5980.097,25882.0
3.152028001000326,0.66075,1.18341,10.60187,0.0819,0.28145,-0.10081,0.86554,0.80043,9.55769,0.03146,0.57009,-0.18073,82.722,5988.0,25836.95
3.1570280010003264,0.58261,1.22441,10.60714,0.06496,0.27873,-0.10533,0.45313,1.47634,9.71594,0.01305,0.55269,-0.18745,82.766,5988.0,25721.909
3.1620280010003263,0.50448,1.2654,10.61241,0.04802,0.27601,-0.10984,0.04072,2.15225,9.87418,-0.00536,0.5353,-0.19416,82.81,6205.661,25652.0
3.167028001000326,0.42634,1.30639,10.61768,0.03108,0.2733,-0.11436,-0.37168,2.82816,10.03243,-0.02377,0.5179,-0.20088,82.854,6760.467,25652.0
3.172028001000326,0.34821,1.34739,10.62295,0.01414,0.27058,-0.11887,-0.60063,3.13793,10.11665,-0.04024,0.50132,-0.2028,82.898,7098.0,25699.022
3.1770280010003265,0.27007,1.38838,10.62823,-0.0028,0.26787,-0.12338,-0.54456,2.87889,10.08587,-0.05371,0.48598,-0.19729,82.942,7098.0,25819.092
3.1820280010003263,0.19194,1.42937,10.6335,-0.01772,0.26793,-0.12658,-0.4885,2.61985,10.05509,-0.06718,0.47064,-0.19178,82.969,7410.032,25892.0
3.1870280010003262,0.11381,1.47037,10.63877,-0.0295,0.27227,-0.12773,-0.43244,2.36081,10.02431,-0.08065,0.45531,-0.18626,82.969,8204.427,25892.0
3.192028001000326,0.03843,1.48973,10.6345,-0.04129,0.27662,-0.12888,-0.37637,2.10177,9.99353,-0.09412,0.43997,-0.18075,82.986,8688.0,25892.0
3.1970280010003265,-0.03266,1.47545,10.61539,-0.05307,0.28097,-0.13002,-0.32031,1.84273,9.96275,-0.10759,0.42463,-0.17524,83.03,8688.0,25892.0
3.2020280010003264,-0.10375,1.46117,10.59628,-0.06485,0.28532,-0.13117,-0.33079,1.64395,9.93931,-0.11548,0.41082,-0.17138,83.057,8688.0,25847.479
3.2070280010003263,-0.17484,1.44689,10.57717,-0.07664,0.28966,-0.13232,-0.44442,1.53859,9.92724,-0.11474,0.39937,-0.1701,83.057,8688.0,25733.949
3.212028001000326,-0.24592,1.43261,10.55806,-0.08842,0.29401,-0.13347,-0.55805,1.43324,9.91517,-0.11399,0.38792,-0.16882,83.074,8822.789,25665.0
3.217028001000326,-0.31701,1.41832,10.53895,-0.10021,0.29836,-0.13462,-0.67168,1.32788,9.90311,-0.11324,0.37648,-0.16754,83.118,9166.034,25665.0
3.2220280010003264,-0.36157,1.38462,10.51993,-0.10532,0.29796,-0.13442,-0.7853,1.22252,9.89104,-0.1125,0.36503,-0.16626,83.145,9375.0,25665.0
3.2270280010003263,-0.36483,1.32069,10.50103,-0.10006,0.29018,-0.13211,-0.89893,1.11716,9.87897,-0.11175,0.35358,-0.16498,83.145,9375.0,25665.0
3.232028001000326,-0.36809,1.25676,10.48214,-0.0948,0.28241,-0.1298,-0.95263,1.0396,9.87171,-0.111,0.34213,-0.1637,83.145,9375.0,25650.078
3.237028001000326,-0.37135,1.19283,10.46325,-0.08953,0.27463,-0.12749,-0.91377,1.00496,9.87186,-0.11026,0.33068,-0.16242,83.145,9375.0,25612.111
3.2420280010003264,-0.37461,1.1289,10.44436,-0.08427,0.26685,-0.12518,-0.87491,0.97033,9.87201,-0.10951,0.31923,-0.16114,83.162,9548.286,25589.0
3.2470280010003263,-0.37787,1.06496,10.42546,-0.07901,0.25907,-0.12287,-0.83605,0.9357,9.87217,-0.10876,0.30778,-0.15985,83.206,9991.153,25589.0
3.252028001000326,-0.36404,1.03148,10.40726,-0.07452,0.25221,-0.12187,-0.79719,0.90106,9.87232,-0.10568,0.29906,-0.16023,83.232,10260.0,25539.495
3.257028001000326,-0.32379,1.04504,10.39011,-0.07122,0.24676,-0.12289,-0.75833,0.86643,9.87248,-0.09898,0.29455,-0.16317,83.232,10260.0,25413.509
3.2620280010003264,-0.28354,1.05859,10.37297,-0.06793,0.2413,-0.12391,-0.71947,0.8318,9.87263,-0.09227,0.29004,-0.1661,83.232,10347.963,25277.9
3.2670280010003263,-0.24329,1.07215,10.35582,-0.06463,0.23585,-0.12493,-0.68061,0.79716,9.87279,-0.08557,0.28553,-0.16904,83.232,10571.947,25127.411
3.272028001000326,-0.21106,1.08089,10.3464,-0.06134,0.2304,-0.12596,-0.61918,0.79033,9.87652,-0.07887,0.28102,-0.17197,83.25,10708.0,25036.0
3.277028001000326,-0.19123,1.08218,10.34892,-0.05804,0.22494,-0.12698,-0.52281,0.82653,9.88578,-0.07217,0.2765,-0.17491,83.293,10708.0,25036.0
3.2820280010003264,-0.1714,1.08347,10.35144,-0.05474,0.21949,-0.128,-0.42644,0.86273,9.89504,-0.06752,0.27776,-0.17501,83.337,10743.371,25036.0
3.2870280010003263,-0.15157,1.08475,10.35396,-0.05145,0.21404,-0.12902,-0.33007,0.89893,9.9043,-0.06614,0.28823,-0.1706,83.381,10835.236,25036.0
3.292028001000326,-0.13174,1.08604,10.35648,-0.04815,0.20858,-0.13004,-0.2337,0.93513,9.91356,-0.06477,0.2987,-0.16618,83.408,10891.0,25069.105
3.297028001000326,-0.11191,1.08733,10.359,-0.04486,0.20313,-0.13107,-0.13733,0.97132,9.92283,-0.06339,0.30917,-0.16176,83.408,10891.0,25153.346
3.3020280010003265,-0.09208,1.08862,10.36152,-0.04383,0.20185,-0.13115,0.00306,0.99449,9.96122,-0.06201,0.31964,-0.15734,83.425,11059.366,25145.645
3.3070280010003263,-0.07225,1.08991,10.36404,-0.04639,0.20719,-0.12975,0.21324,0.99701,10.04578,-0.06064,0.33011,-0.15292,83.469,11494.602,24992.21
3.3120280010003262,-0.04459,1.09073,10.37401,-0.04896,0.21253,-0.12834,0.42342,0.99953,10.13035,-0.05926,0.34058,-0.1485,83.513,11759.0,24899.0
3.317028001000326,-0.00484,1.09083,10.39552,-0.05152,0.21787,-0.12694,0.6336,1.00204,10.21491,-0.05788,0.35105,-0.14409,83.557,11759.0,24899.0
3.3220280010003265,0.03492,1.09093,10.41703,-0.05408,0.22321,-0.12554,0.73458,1.00504,10.26232,-0.05662,0.35906,-0.14102,83.601,11825.684,24899.0
3.3270280010003264,0.07468,1.09103,10.43854,-0.05665,0.22855,-0.12414,0.6643,1.00878,10.25147,-0.05554,0.3632,-0.14007,83.645,11996.953,24899.0
3.3320280010003263,0.11444,1.09113,10.46004,-0.05921,0.23389,-0.12273,0.59403,1.01252,10.24061,-0.05446,0.36734,-0.13912,83.689,12101.0,24915.077
3.337028001000326,0.1542,1.09124,10.48155,-0.06178,0.23923,-0.12133,0.52375,1.01626,10.22975,-0.05338,0.37149,-0.13817,83.733,12101.0,24956.037
3.342028001000326,0.16912,1.09279,10.49321,-0.06295,0.2401,-0.11951,0.45348,1.02,10.2189,-0.05229,0.37563,-0.13722,83.777,12409.819,24981.0
3.3470280010003264,0.1453,1.09659,10.48949,-0.06197,0.23399,-0.11702,0.3832,1.02374,10.20804,-0.05121,0.37977,-0.13628,83.821,13200.517,24981.0
3.3520280010003263,0.12147,1.1004,10.48578,-0.06099,0.22788,-0.11454,0.31293,1.02748,10.19718,-0.05013,0.38392,-0.13533,83.865,13681.0,24981.0
3.357028001000326,0.09764,1.1042,10.48206,-0.06001,0.22177,-0.11206,0.24265,1.03122,10.18633,-0.04905,0.38806,-0.13438,83.909,13681.0,24981.0
3.362028001000326,0.07382,1.10801,10.47835,-0.05902,0.21566,-0.10958,0.17237,1.03496,10.17547,-0.04797,0.3922,-0.13343,83.987,13681.0,24908.365
3.3670280010003264,0.04999,1.11181,10.47463,-0.05804,0.20955,-0.1071,0.1021,1.0387,10.16461,-0.04688,0.39635,-0.13248,84.119,13681.0,24722.789
3.3720280010003263,0.02616,1.11562,10.47092,-0.05706,0.20344,-0.10462,0.10398,1.05641,10.16311,-0.04682,0.40603,-0.12901,84.251,13815.486,24610.0
3.377028001000326,0.00234,1.11942,10.4672,-0.05607,0.19733,-0.10214,0.21768,1.09578,10.17609,-0.04832,0.42432,-0.12164,84.382,14158.367,24610.0
3.382028001000326,-0.01436,1.12459,10.47184,-0.05867,0.19267,-0.09797,0.33137,1.13514,10.18907,-0.04983,0.4426,-0.11427,84.497,14368.0,24643.491
3.3870280010003264,-0.01983,1.13189,10.48961,-0.06689,0.19028,-0.09114,0.44507,1.17451,10.20205,-0.05133,0.46089,-0.10689,84.585,14368.0,24729.671
3.3920280010003263,-0.02531,1.13919,10.50739,-0.0751,0.18789,-0.08431,0.54249,1.20285,10.2258,-0.05284,0.47917,-0.09952,84.69,14368.589,24782.0
3.397028001000326,-0.03078,1.14649,10.52516,-0.08332,0.18551,-0.07749,0.61474,1.21416,10.26617,-0.05434,0.49746,-0.09214,84.822,14370.088,24782.0
3.402028001000326,-0.03626,1.15379,10.54294,-0.09154,0.18312,-0.07066,0.687,1.22546,10.30654,-0.05585,0.51574,-0.08477,84.971,14371.0,24743.45
3.4070280010003264,-0.04173,1.16109,10.56071,-0.09976,0.18073,-0.06383,0.75926,1.23677,10.34692,-0.05735,0.53403,-0.0774,85.147,14371.0,24644.942
3.4120280010003263,-0.04344,1.16136,10.5764,-0.10679,0.18371,-0.06007,0.83151,1.24807,10.38729,-0.05886,0.55231,-0.07002,85.306,14487.311,24585.0
3.417028001000326,-0.03928,1.1507,10.58887,-0.11197,0.19502,-0.06106,0.90377,1.25938,10.42767,-0.06036,0.5706,-0.06265,85.437,14784.404,24585.0
3.422028001000326,-0.03512,1.14004,10.60133,-0.11715,0.20632,-0.06206,0.97602,1.27068,10.46804,-0.06451,0.60511,-0.05456,85.587,14965.0,24584.215
3.4270280010003265,-0.03096,1.12937,10.61379,-0.12233,0.21763,-0.06305,1.04828,1.28199,10.50842,-0.07275,0.66478,-0.04538,85.762,14965.0,24582.215
3.4320280010003263,-0.02693,1.11704,10.62036,-0.12751,0.22894,-0.06405,1.0784,1.29599,10.5362,-0.08098,0.72445,-0.03619,85.921,14965.0,24581.0
3.4370280010003262,-0.02311,1.10212,10.6178,-0.13269,0.24025,-0.06505,1.04343,1.31414,10.54453,-0.08922,0.78412,-0.027,86.053,14965.0,24581.0
3.442028001000326,-0.0193,1.0872,10.61525,-0.13788,0.25156,-0.06604,1.00846,1.33229,10.55286,-0.09641,0.83204,-0.02439,86.202,15042.568,24581.0
3.4470280010003265,-0.01548,1.07228,10.61269,-0.14306,0.26287,-0.06704,0.9735,1.35044,10.56119,-0.10198,0.8617,-0.03201,86.378,15240.767,24581.0
3.4520280010003264,-0.01166,1.05737,10.61014,-0.14824,0.27418,-0.06803,0.93853,1.36859,10.56953,-0.10755,0.89136,-0.03963,86.553,15361.0,24490.621
3.4570280010003263,-0.00784,1.04245,10.60758,-0.15342,0.28549,-0.06903,0.90356,1.38674,10.57786,-0.11312,0.92103,-0.04724,86.729,15361.0,24260.865
3.462028001000326,-0.00402,1.02753,10.60503,-0.15975,0.30293,-0.07253,0.89813,1.40844,10.57287,-0.11869,0.95069,-0.05486,86.905,15460.852,24067.354
3.467028001000326,-0.0002,1.01261,10.60247,-0.16785,0.32991,-0.07994,0.93867,1.43569,10.54715,-0.12425,0.98035,-0.06248,87.081,15716.069,23930.237
3.4720280010003264,0.0003,1.01138,10.59444,-0.17596,0.35688,-0.08735,0.97921,1.46293,10.52144,-0.12982,1.01001,-0.07009,87.257,15871.0,23847.0
3.4770280010003263,-0.00431,1.03128,10.57796,-0.18407,0.38386,-0.09476,1.01975,1.49017,10.49572,-0.13539,1.03967,-0.07771,87.432,15871.0,23847.0
3.482028001000326,-0.00891,1.05119,10.56148,-0.19218,0.41083,-0.10216,1.06029,1.51741,10.47,-0.14096,1.06934,-0.08533,87.625,15951.061,23847.0
3.487028001000326,-0.01352,1.0711,10.54499,-0.20029,0.43781,-0.10957,1.10083,1.54466,10.44429,-0.14653,1.099,-0.09294,87.843,16155.695,23847.0
3.4920280010003264,-0.01813,1.09101,10.52851,-0.2084,0.46479,-0.11698,1.09488,1.56908,10.4488,-0.15471,1.12896,-0.09418,88.045,16282.0,23789.126
3.4970280010003263,-0.02273,1.11091,10.51202,-0.21651,0.49176,-0.12439,1.01394,1.58895,10.50205,-0.16712,1.15941,-0.08512,88.22,16282.0,23637.929
3.502028001000326,-0.02666,1.11668,10.50128,-0.22713,0.53127,-0.12684,0.933,1.60882,10.5553,-0.17953,1.18985,-0.07607,88.363,16425.303,23542.0
3.507028001000326,-0.0294,1.09792,10.5005,-0.24214,0.59253,-0.12069,0.85206,1.6287,10.60855,-0.19193,1.2203,-0.06701,88.452,16817.34,23542.0
3.5120280010003264,-0.03214,1.07916,10.49972,-0.25714,0.65379,-0.11455,0.75236,1.61563,10.62875,-0.20434,1.25075,-0.05796,88.576,17051.0,23542.0
3.5170280010003263,-0.03488,1.06039,10.49893,-0.27214,0.71504,-0.10841,0.62499,1.55395,10.6002,-0.21675,1.28119,-0.04891,88.751,17051.0,23542.0
3.522028001000326,-0.03762,1.04163,10.49815,-0.28714,0.7763,-0.10226,0.49761,1.49227,10.57165,-0.22915,1.31164,-0.03985,88.892,17051.0,23338.557
3.527028001000326,-0.04036,1.02286,10.49737,-0.30214,0.83756,-0.09612,0.37023,1.43059,10.54311,-0.24156,1.34208,-0.0308,88.98,17051.0,22812.29
3.5320280010003264,-0.06839,1.00605,10.50571,-0.31195,0.89259,-0.08861,0.24285,1.36891,10.51456,-0.25163,1.36654,-0.0201,89.085,17166.246,22493.0
3.5370280010003263,-0.13544,0.99224,10.52814,-0.31374,0.93801,-0.079,0.11548,1.30723,10.48601,-0.25809,1.38175,-0.00687,89.216,17459.276,22493.0
3.542028001000326,-0.20248,0.97843,10.55057,-0.31553,0.98344,-0.06939,-0.0119,1.24555,10.45746,-0.26455,1.39696,0.00636,89.331,17694.228,22405.691
3.547028001000326,-0.26952,0.96462,10.57299,-0.31732,1.02886,-0.05978,-0.13928,1.18387,10.42892,-0.27102,1.41217,0.01959,89.419,17834.359,22175.836
3.5520280010003265,-0.33657,0.95081,10.59542,-0.31911,1.07429,-0.05017,-0.28998,1.1824,10.49123,-0.27748,1.42738,0.03283,89.473,17919.0,22037.0
3.5570280010003263,-0.40361,0.937,10.61785,-0.3209,1.11971,-0.04056,-0.47627,1.27278,10.69212,-0.28394,1.44259,0.04606,89.473,17919.0,22037.0
3.5620280010003262,-0.47066,0.92319,10.64027,-0.32269,1.16513,-0.03095,-0.66256,1.36316,10.89302,-0.2904,1.4578,0.05929,89.489,17919.0,21896.667
3.567028001000326,-0.5377,0.90938,10.6627,-0.32448,1.21056,-0.02134,-0.84885,1.45355,11.09392,-0.29687,1.47301,0.07252,89.534,17919.0,21518.828
3.5720280010003265,-0.54218,0.95375,10.9263,-0.32754,1.25508,-0.02208,-1.03515,1.54393,11.29482,-0.30171,1.48069,0.07409,89.578,17891.596,21289.0
3.5770280010003264,-0.4495,1.08844,11.56441,-0.33255,1.29821,-0.03887,-1.22144,1.63431,11.49572,-0.30404,1.47666,0.05755,89.622,17821.638,21289.0
3.5820280010003263,-0.35682,1.22314,12.20251,-0.33757,1.34135,-0.05566,-1.31999,1.6813,11.66005,-0.30637,1.47264,0.04101,89.631,17904.638,21030.115
3.587028001000326,-0.26414,1.35784,12.84062,-0.34259,1.38448,-0.07246,-1.28161,1.66059,11.76731,-0.3087,1.46862,0.02446,89.587,18226.363,20367.181
3.592028001000326,-0.1716,1.40963,13.20046,-0.34761,1.42761,-0.08925,-1.24323,1.63987,11.87457,-0.31102,1.4646,0.00792,89.561,18423.0,19962.0
3.5970280010003264,-0.0793,1.3311,13.12289,-0.35263,1.47074,-0.10605,-1.20485,1.61916,11.98183,-0.31335,1.46058,-0.00862,89.561,18423.0,19962.0
3.6020280010003263,0.01301,1.25258,13.04532,-0.3554,1.51612,-0.10711,-1.16647,1.59844,12.08909,-0.31568,1.45655,-0.02516,89.561,18423.0,19762.19
3.607028001000326,0.10531,1.17405,12.96775,-0.35467,1.56498,-0.08373,-1.1281,1.57772,12.19635,-0.31801,1.45253,-0.0417,89.561,18423.0,19251.945
3.612028001000326,0.19762,1.09553,12.89018,-0.35394,1.61385,-0.06035,-1.08972,1.55701,12.30361,-0.32034,1.44851,-0.05824,89.543,18551.019,18942.0
3.6170280010003264,0.28992,1.017,12.81261,-0.35322,1.66271,-0.03696,-1.05134,1.53629,12.41087,-0.32267,1.44449,-0.07478,89.499,18877.135,18942.0
3.6220280010003263,0.31275,0.96283,12.78708,-0.35249,1.71158,-0.01358,-0.91662,1.4618,12.46642,-0.32049,1.45857,-0.0648,89.456,19362.823,18537.52
3.627028001000326,0.22702,0.94673,12.84288,-0.35176,1.76044,0.0098,-0.63134,1.30325,12.44114,-0.31128,1.50094,-0.01336,89.412,20097.889,17500.928
3.632028001000326,0.14129,0.93062,12.89868,-0.35104,1.80931,0.03318,-0.34606,1.14471,12.41586,-0.30207,1.5433,0.03807,89.368,20546.0,16869.0
3.6370280010003264,0.05555,0.91451,12.95448,-0.35031,1.85817,0.05656,-0.06078,0.98617,12.39058,-0.29286,1.58567,0.08951,89.324,20546.0,16869.0
3.6420280010003263,-0.03018,0.89841,13.01027,-0.34577,1.90289,0.0687,0.2245,0.82763,12.3653,-0.28365,1.62804,0.14095,89.262,20803.069,16628.169
3.647028001000326,-0.11592,0.8823,13.06607,-0.3353,1.94115,0.06337,0.50978,0.66909,12.34002,-0.27444,1.6704,0.19238,89.175,21459.64,16013.071
3.652028001000326,-0.20165,0.8662,13.12187,-0.32484,1.97942,0.05805,0.58078,0.54955,12.25842,-0.26017,1.71396,0.22102,89.104,21860.0,15638.0
3.6570280010003264,-0.28739,0.85009,13.17767,-0.31437,2.01769,0.05272,0.31693,0.49097,12.0888,-0.238,1.75936,0.21404,89.06,21860.0,15638.0
3.6620280010003263,-0.37589,0.8254,13.18312,-0.3039,2.05596,0.0474,0.05307,0.43239,11.91918,-0.21583,1.80477,0.20705,88.999,22099.312,15110.652
3.667028001000326,-0.46869,0.78736,13.11037,-0.29344,2.09423,0.04207,-0.21078,0.3738,11.74957,-0.19366,1.85017,0.20006,88.911,22710.312,13764.255
3.672028001000326,-0.56148,0.74932,13.03762,-0.28297,2.13249,0.03674,-0.38165,0.32558,11.58199,-0.17149,1.89558,0.19308,88.823,23083.0,12252.068
3.6770280010003265,-0.65428,0.71128,12.96487,-0.27251,2.17076,0.03142,-0.4071,0.29355,11.41762,-0.14932,1.94098,0.18609,88.735,23083.0,10480.607
3.6820280010003263,-0.74708,0.67323,12.89212,-0.26204,2.20903,0.02609,-0.43255,0.26151,11.25325,-0.13099,1.98495,0.17731,88.613,23083.0,9404.0
3.6870280010003262,-0.83987,0.63519,12.81937,-0.25157,2.2473,0.02076,-0.458,0.22948,11.08888,-0.11859,2.02669,0.16575,88.437,23083.0,9404.0
3.692028001000326,-0.93267,0.59715,12.74661,-0.24111,2.28557,0.01544,-0.48346,0.19745,10.92451,-0.1062,2.06843,0.15419,88.296,23152.462,9404.0
3.6970280010003265,-1.02547,0.55911,12.67386,-0.23064,2.32383,0.01011,-0.50891,0.16542,10.76014,-0.09381,2.11017,0.14263,88.208,23330.503,9404.0
3.7020280010003264,-1.11966,0.53219,12.59206,-0.21792,2.38522,-0.00135,-0.53436,0.13339,10.59577,-0.08142,2.15191,0.13107,88.103,23545.427,8145.821
3.7070280010003263,-1.21603,0.52261,12.49615,-0.20167,2.48267,-0.02237,-0.55981,0.10136,10.4314,-0.06903,2.19365,0.11951,87.971,23817.894,4924.713
3.712028001000326,-1.3124,0.51303,12.40023,-0.18542,2.58012,-0.0434,-0.48387,0.11085,10.27501,-0.05663,2.23539,0.10796,87.839,23984.0,2961.0
3.717028001000326,-1.40876,0.50345,12.30431,-0.16917,2.67757,-0.06442,-0.24958,0.18517,10.13109,-0.04424,2.27713,0.0964,87.707,23984.0,2961.0
3.7220280010003264,-1.50513,0.49387,12.20839,-0.15293,2.77502,-0.08545,-0.0153,0.2595,9.98716,-0.03185,2.31887,0.08484,87.558,23984.0,2783.456
3.7270280010003263,-1.6015,0.48429,12.11248,-0.13668,2.87247,-0.10647,0.21899,0.33383,9.84323,-0.01946,2.36061,0.07328,87.383,23984.0,2330.744
3.732028001000326,-1.69255,0.55474,12.0861,-0.12555,2.97124,-0.137,0.45328,0.40816,9.69931,-0.006,2.4093,0.05076,87.207,24005.418,2054.0
3.737028001000326,-1.77523,0.75106,12.16908,-0.12247,3.07207,-0.18249,0.68757,0.48249,9.55538,0.00912,2.46891,0.01101,87.031,24060.519,2054.0
3.7420280010003264,-1.85792,0.94738,12.25206,-0.11938,3.17291,-0.22797,0.66864,0.59724,9.48122,0.02425,2.52853,-0.02874,86.855,24094.0,2011.277
3.7470280010003263,-1.9406,1.1437,12.33504,-0.1163,3.27375,-0.27346,0.25758,0.7746,9.51511,0.03937,2.58814,-0.06849,86.679,24094.0,1902.396
3.752028001000326,-2.07035,1.22923,12.54682,-0.11322,3.37458,-0.31894,-0.15347,0.95196,9.54899,0.0545,2.64775,-0.10824,86.486,24099.273,1836.0
3.757028001000326,-2.27367,1.14163,12.95991,-0.11014,3.47542,-0.36442,-0.56453,1.12932,9.58288,0.06963,2.70737,-0.14799,86.266,24112.787,1836.0
3.7620280010003264,-2.47698,1.05402,13.37299,-0.1039,3.54968,-0.38927,-0.97559,1.30668,9.61676,0.08475,2.76698,-0.18774,86.064,23926.208,1800.334
3.7670280010003263,-2.68029,0.96642,13.78608,-0.09279,3.58279,-0.38213,-1.38665,1.48405,9.65065,0.09988,2.82659,-0.22749,85.888,23429.647,1709.414
3.772028001000326,-2.8836,0.87881,14.19916,-0.08167,3.6159,-0.37499,-1.72597,1.56063,9.77237,0.10334,2.86921,-0.25166,85.678,23127.0,1654.0
3.777028001000326,-3.08691,0.79121,14.61224,-0.07056,3.649,-0.36785,-1.95335,1.47995,10.03118,0.08861,2.88531,-0.25152,85.414,23127.0,1654.0
3.7820280010003264,-3.20699,0.74113,14.86646,-0.05944,3.68211,-0.36072,-2.18072,1.39926,10.28999,0.07387,2.90141,-0.25137,85.151,22655.928,1567.941
3.7870280010003263,-3.19835,0.74907,14.87496,-0.04832,3.71522,-0.35358,-2.4081,1.31857,10.5488,0.05913,2.91751,-0.25123,84.887,21456.309,1348.784
3.792028001000326,-3.18971,0.75702,14.88346,-0.03721,3.74832,-0.34644,-2.63548,1.23788,10.80761,0.04439,2.93361,-0.25109,84.607,20724.0,1215.0
3.797028001000326,-3.18106,0.76496,14.89197,-0.02609,3.78143,-0.33931,-2.86285,1.15719,11.06643,0.02966,2.94971,-0.25094,84.299,20724.0,1215.0
3.8020280010003265,-3.17242,0.77291,14.90047,-0.01498,3.81454,-0.33217,-3.16594,1.14765,11.02738,0.01244,2.92668,-0.25852,83.956,20724.0,1136.61
3.8070280010003263,-3.16377,0.78085,14.90898,-0.00386,3.84764,-0.32503,-3.58628,1.24828,10.52714,-0.0086,2.84308,-0.27804,83.561,20724.0,936.843
3.8120280010003262,-3.15513,0.7888,14.91748,0.00726,3.88075,-0.3179,-4.00661,1.3489,10.02691,-0.02964,2.75948,-0.29756,83.183,19358.745,815.0
3.817028001000326,-3.14649,0.79674,14.92598,0.01837,3.91386,-0.31076,-4.42694,1.44953,9.52667,-0.05068,2.67588,-0.31708,82.832,15858.752,815.0
3.8220280010003265,-2.99762,0.78488,14.69162,0.02561,3.90687,-0.30755,-4.84727,1.55015,9.02644,-0.07172,2.59227,-0.33661,82.514,11514.473,719.06
3.8270280010003264,-2.62976,0.74207,14.07796,0.02679,3.83726,-0.31048,-5.2676,1.65077,8.5262,-0.09276,2.50867,-0.35613,82.25,5851.612,473.284
3.8320280010003263,-2.26189,0.69925,13.4643,0.02796,3.76765,-0.3134,-5.54216,1.70122,8.02116,-0.1138,2.42507,-0.37565,81.969,2412.0,336.927
3.837028001000326,-1.89403,0.65644,12.85064,0.02914,3.69804,-0.31632,-5.5912,1.67404,7.50867,-0.13484,2.34147,-0.39517,81.662,2412.0,369.855
3.842028001000326,-1.52616,0.61363,12.23698,0.03032,3.62843,-0.31925,-5.64025,1.64686,6.99619,-0.15619,2.24099,-0.40378,81.322,2412.0,390.0
3.8470280010003264,-1.1583,0.57082,11.62332,0.03149,3.55882,-0.32217,-5.68929,1.61968,6.48371,-0.17801,2.11393,-0.3952,80.927,2412.0,390.0
3.8520280010003263,-0.79044,0.52801,11.00966,0.03267,3.4892,-0.3251,-5.73833,1.59249,5.97122,-0.19984,1.98687,-0.38661,80.515,2002.189,390.0
3.857028001000326,-0.42257,0.4852,10.39601,0.03385,3.41959,-0.32802,-5.78737,1.56531,5.45874,-0.22167,1.85981,-0.37802,80.074,927.431,390.0
3.862028001000326,0.04406,0.42298,9.77483,0.01734,3.26096,-0.31638,-5.83641,1.53813,4.94625,-0.24349,1.73274,-0.36943,79.736,219.336,375.573
3.8670280010003264,0.66569,0.33028,9.14185,-0.02693,2.96262,-0.28187,-5.88546,1.51095,4.43377,-0.26532,1.60568,-0.36084,79.56,86.601,338.508
3.8720280010003263,1.28731,0.23759,8.50888,-0.0712,2.66427,-0.24736,-5.92801,1.48549,3.92149,-0.28715,1.47862,-0.35226,79.35,6.0,316.0
3.877028001000326,1.90894,0.1449,7.87591,-0.11547,2.36593,-0.21286,-5.96052,1.46269,3.40953,-0.30897,1.35156,-0.34367,79.086,6.0,316.0
3.882028001000326,2.53056,0.05221,7.24293,-0.15975,2.06759,-0.17835,-5.99304,1.43989,2.89757,-0.3308,1.22449,-0.33508,78.84,6.0,290.315
3.8870280010003264,3.15218,-0.04048,6.60996,-0.20402,1.76925,-0.14384,-6.02555,1.41709,2.3856,-0.35263,1.09743,-0.32649,78.62,6.0,224.797
3.8920280010003263,3.87053,-0.05552,6.21225,-0.23722,1.51916,-0.08668,-6.05807,1.39429,1.87364,-0.3747,0.93939,-0.27869,78.4,5.608,185.0
3.897028001000326,4.73852,0.04961,6.17857,-0.2533,1.34371,0.00556,-6.09058,1.37149,1.36168,-0.39717,0.73343,-0.17023,78.181,4.608,185.0
3.902028001000326,5.60651,0.15474,6.14489,-0.26938,1.16826,0.09779,-5.76216,1.33208,1.15807,-0.41963,0.52747,-0.06177,77.978,3.804,205.36
3.9070280010003264,6.4745,0.25986,6.1112,-0.28546,0.99281,0.19002,-4.87245,1.26686,1.43401,-0.4421,0.3215,0.04669,77.802,3.304,257.381
3.9120280010003263,6.82686,0.39967,6.01687,-0.30154,0.81736,0.28226,-3.98273,1.20164,1.70995,-0.46456,0.11554,0.15515,77.661,3.0,289.0
3.917028001000326,6.38016,0.59322,5.82855,-0.31763,0.64192,0.37449,-3.09301,1.13641,1.98588,-0.48703,-0.09043,0.26361,77.573,3.0,289.0
3.922028001000326,5.93345,0.78678,5.64023,-0.33371,0.46647,0.46672,-2.20329,1.07119,2.26182,-0.50949,-0.29639,0.37208,77.485,3.0,357.307
3.9270280010003265,5.48675,0.98033,5.45191,-0.34979,0.29102,0.55896,-1.31357,1.00596,2.53776,-0.53196,-0.50235,0.48054,77.397,3.0,531.616
3.9320280010003263,5.04004,1.17388,5.2636,-0.36587,0.11557,0.65119,-0.9399,1.00067,2.6453,-0.53868,-0.67718,0.552,77.344,3.0,638.0
3.9370280010003262,4.59334,1.36743,5.07528,-0.38195,-0.05988,0.74342,-1.37444,1.08924,2.48911,-0.52076,-0.80322,0.56551,77.344,3.0,638.0
3.942028001000326,4.14663,1.56099,4.88696,-0.38975,-0.2457,0.79898,-1.80899,1.17781,2.33293,-0.50284,-0.92927,0.57901,77.361,3.0,713.79
3.9470280010003265,3.69993,1.75454,4.69864,-0.38467,-0.44767,0.79746,-2.24354,1.26638,2.17674,-0.48492,-1.05532,0.59252,77.405,3.0,907.508
3.9520280010003264,3.37464,1.92076,4.5662,-0.37958,-0.64963,0.79595,-2.67809,1.35495,2.02056,-0.467,-1.18136,0.60603,77.432,3.393,1025.0
3.9570280010003263,3.23649,2.04486,4.51989,-0.3745,-0.8516,0.79444,-3.11264,1.44352,1.86437,-0.44908,-1.30741,0.61954,77.432,4.392,1025.0
3.962028001000326,3.09834,2.16896,4.47358,-0.36941,-1.05357,0.79293,-3.54718,1.53209,1.70818,-0.43116,-1.43346,0.63304,77.449,5.0,1274.917
3.9670280010003265,2.96019,2.29306,4.42727,-0.36433,-1.25554,0.79141,-3.98173,1.62066,1.552,-0.41324,-1.5595,0.64655,77.493,5.0,1913.974
3.9720280010003264,2.82205,2.41716,4.38096,-0.35925,-1.4575,0.7899,-4.24328,1.65407,1.4786,-0.39326,-1.67377,0.64419,77.52,5.0,2302.0
3.9770280010003263,2.6839,2.54125,4.33466,-0.35416,-1.65947,0.78839,-4.23743,1.60221,1.53316,-0.37011,-1.76983,0.61729,77.52,5.0,2302.0
3.982028001000326,2.54575,2.66535,4.28835,-0.33842,-1.84649,0.76938,-4.23158,1.55036,1.58772,-0.34696,-1.86589,0.59039,77.537,5.0,2531.355
3.987028001000326,2.40761,2.78945,4.24204,-0.306,-2.0101,0.72297,-4.22572,1.4985,1.64228,-0.32381,-1.96195,0.5635,77.581,5.0,3119.758
3.9920280010003264,2.24681,2.80765,4.37183,-0.27358,-2.17372,0.67656,-4.20911,1.44024,1.75776,-0.30066,-2.05801,0.5366,77.625,5.0,3478.0
3.9970280010003263,2.05077,2.66101,4.77572,-0.24116,-2.33734,0.63016,-4.17575,1.37202,1.96805,-0.2775,-2.15408,0.5097,77.669,5.0,3478.0
4.002028001000326,1.85473,2.51436,5.17961,-0.20874,-2.50095,0.58375,-4.14238,1.30379,2.17834,-0.25435,-2.25014,0.48281,77.713,4.804,3478.0
4.007028001000326,1.65869,2.36772,5.5835,-0.17632,-2.66457,0.53734,-4.10902,1.23556,2.38864,-0.2312,-2.3462,0.45591,77.756,4.304,3478.0
4.012028001000326,1.50722,2.25675,5.97048,-0.14103,-2.82923,0.51405,-4.07566,1.16734,2.59893,-0.20805,-2.44226,0.42901,77.8,4.0,4112.057
4.017028001000326,1.42507,2.20123,6.33117,-0.10128,-2.99551,0.5267,-4.0423,1.09911,2.80922,-0.18489,-2.53832,0.40212,77.844,4.0,5732.112
4.022028001000327,1.34291,2.14571,6.69186,-0.06152,-3.16179,0.53936,-4.00893,1.03089,3.01951,-0.16187,-2.64226,0.38244,77.888,3.803,6715.0
4.0270280010003265,1.26076,2.0902,7.05255,-0.02176,-3.32807,0.55201,-3.97557,0.96266,3.2298,-0.13903,-2.75835,0.3739,77.932,3.304,6715.0
4.032028001000326,1.17861,2.03468,7.41323,0.01799,-3.49435,0.56466,-3.93202,0.87363,3.43123,-0.11619,-2.87444,0.36537,77.976,3.0,7259.448
4.037028001000326,1.09645,1.97916,7.77392,0.05775,-3.66064,0.57732,-3.87268,0.75235,3.61891,-0.09335,-2.99053,0.35683,78.02,3.0,8648.139
4.042028001000326,0.94902,1.95473,8.12789,0.09287,-3.79041,0.57787,-3.81335,0.63107,3.80659,-0.07051,-3.10663,0.34829,78.064,3.196,9492.0
4.047028001000326,0.70048,1.97846,8.47146,0.1208,-3.86365,0.55968,-3.75401,0.50979,3.99428,-0.04767,-3.22272,0.33976,78.108,3.696,9492.0
4.052028001000326,0.45194,2.00218,8.81503,0.14874,-3.93688,0.54148,-3.69467,0.3885,4.18196,-0.02483,-3.33881,0.33122,78.169,3.804,9721.98
4.057028001000326,0.2034,2.0259,9.15859,0.17667,-4.01011,0.52329,-3.63533,0.26722,4.36964,-0.00199,-3.4549,0.32269,78.257,3.304,10309.546
4.062028001000327,-0.04514,2.04962,9.50216,0.20461,-4.08335,0.5051,-3.5694,0.19305,4.56121,0.02595,-3.55517,0.31298,78.328,3.0,10666.0
4.067028001000327,-0.29368,2.07335,9.84573,0.23254,-4.15658,0.4869,-3.4933,0.19156,4.75876,0.06176,-3.63104,0.30149,78.372,3.0,10666.0
4.0720280010003265,-0.46612,2.0672,10.1779,0.26048,-4.22981,0.46871,-3.41719,0.19006,4.95631,0.09758,-3.7069,0.28999,78.398,3.0,10966.581
4.077028001000326,-0.52012,2.01457,10.49234,0.28841,-4.30304,0.45052,-3.34109,0.18856,5.15386,0.13339,-3.78277,0.2785,78.398,3.0,11734.934
4.082028001000326,-0.57412,1.96194,10.80678,0.3072,-4.36093,0.4415,-3.26498,0.18706,5.35142,0.1692,-3.85864,0.267,78.416,3.196,12201.0
4.087028001000326,-0.62812,1.90931,11.12122,0.31187,-4.39517,0.44662,-3.18888,0.18557,5.54897,0.20502,-3.93451,0.25551,78.46,3.696,12201.0
4.092028001000326,-0.68212,1.85668,11.43566,0.31654,-4.4294,0.45175,-3.11278,0.18407,5.74652,0.24083,-4.01037,0.24401,78.503,4.0,12344.279
4.097028001000326,-0.73612,1.80405,11.75009,0.32122,-4.46364,0.45687,-3.03667,0.18257,5.94407,0.27664,-4.08624,0.23252,78.547,4.0,12711.464
4.102028001000326,-0.79012,1.75142,12.06453,0.32589,-4.49787,0.462,-2.96096,0.19602,6.20104,0.30423,-4.16543,0.22866,78.591,3.805,12936.0
4.107028001000327,-0.84412,1.69879,12.37897,0.33056,-4.5321,0.46713,-2.88588,0.233,6.55152,0.31887,-4.24985,0.23683,78.635,3.305,12936.0
4.1120280010003265,-0.93265,1.63582,12.77028,0.33524,-4.56634,0.47225,-2.8108,0.26998,6.902,0.33351,-4.33427,0.245,78.679,3.0,13054.25
4.117028001000326,-1.07472,1.55681,13.28081,0.33991,-4.60057,0.47738,-2.73572,0.30695,7.25248,0.34816,-4.41869,0.25317,78.723,3.0,13355.911
4.122028001000326,-1.2168,1.4778,13.79134,0.34458,-4.63481,0.4825,-2.66064,0.34393,7.60296,0.3628,-4.50312,0.26134,78.75,3.0,13539.0
4.127028001000326,-1.35887,1.3988,14.30187,0.34925,-4.66904,0.48763,-2.58556,0.3809,7.95344,0.37744,-4.58754,0.26952,78.75,3.0,13539.0
4.132028001000326,-1.50095,1.31979,14.8124,0.35393,-4.70327,0.49275,-2.47413,0.53638,8.44506,0.38087,-4.6411,0.26732,78.767,3.0,13519.989
4.137028001000326,-1.64302,1.24079,15.32293,0.3586,-4.73751,0.49788,-2.30635,0.87558,9.15553,0.3669,-4.64681,0.24905,78.811,3.0,13471.501
4.142028001000326,-1.8715,1.22198,15.71766,0.35198,-4.76105,0.48626,-2.13856,1.21479,9.86601,0.35293,-4.65252,0.23079,78.838,3.196,13317.561
4.147028001000327,-2.23423,1.29672,15.93248,0.32783,-4.768,0.44863,-1.97078,1.554,10.57648,0.33896,-4.65823,0.21252,78.838,3.696,12999.779
4.1520280010003265,-2.59697,1.37145,16.1473,0.30367,-4.77494,0.41101,-1.9787,1.83042,11.10799,0.32499,-4.66395,0.19425,78.855,4.0,12807.0
4.157028001000326,-2.9597,1.44619,16.36212,0.27951,-4.78189,0.37338,-2.25757,2.00999,11.36349,0.31102,-4.66966,0.17598,78.899,4.0,12807.0
4.162028001000326,-3.32243,1.52093,16.57694,0.25535,-4.78883,0.33575,-2.53645,2.18957,11.61899,0.29705,-4.67537,0.15772,78.943,3.607,12807.0
4.167028001000326,-3.68516,1.59566,16.79176,0.23119,-4.79578,0.29812,-2.81533,2.36915,11.8745,0.28308,-4.68108,0.13945,78.987,2.607,12807.0
4.172028001000326,-4.04789,1.6704,17.00658,0.20703,-4.80272,0.26049,-3.0942,2.54873,12.13,0.26911,-4.68679,0.12118,79.031,2.0,12662.766
4.177028001000326,-4.41062,1.74513,17.22141,0.18287,-4.80967,0.22287,-3.37308,2.72831,12.3855,0.25514,-4.6925,0.10292,79.075,2.0,12295.503
4.182028001000326,-4.81403,1.76753,17.41091,0.16319,-4.79296,0.12827,-3.54684,2.82265,12.59088,0.24094,-4.68273,0.0544,79.118,2.0,12068.0
4.187028001000327,-5.28365,1.70471,17.5592,0.15079,-4.73776,-0.05905,-3.54949,2.77822,12.71465,0.22636,-4.64776,-0.04335,79.163,2.0,12068.0
4.192028001000327,-5.75327,1.6419,17.7075,0.1384,-4.68256,-0.24638,-3.55214,2.7338,12.83842,0.21178,-4.6128,-0.1411,79.207,2.0,12035.022
4.1970280010003265,-6.22289,1.57909,17.85579,0.126,-4.62736,-0.4337,-3.55479,2.68937,12.9622,0.1972,-4.57783,-0.23886,79.251,2.0,11951.106
4.202028001000326,-6.53205,1.51441,17.90986,0.12304,-4.56548,-0.54676,-3.55744,2.64495,13.08597,0.18263,-4.54286,-0.33661,79.312,2.391,11900.0
4.207028001000326,-6.59126,1.44681,17.81718,0.13479,-4.49322,-0.54412,-3.56009,2.60052,13.20975,0.16805,-4.50789,-0.43436,79.4,3.392,11900.0
4.212028001000326,-6.65047,1.37922,17.7245,0.14654,-4.42096,-0.54148,-3.56274,2.5561,13.33352,0.15347,-4.47292,-0.53211,79.47,4.0,11888.031
4.217028001000326,-6.70968,1.31163,17.63182,0.15829,-4.3487,-0.53884,-3.56539,2.51167,13.45729,0.13889,-4.43796,-0.62987,79.514,4.0,11857.555
4.222028001000326,-6.76889,1.24404,17.53914,0.17004,-4.27644,-0.5362,-3.33429,2.26739,13.53646,0.14195,-4.35212,-0.69303,79.558,4.0,11839.0
4.227028001000326,-6.8281,1.17645,17.44646,0.18179,-4.20418,-0.53356,-2.73935,1.71204,13.5462,0.17247,-4.18712,-0.70235,79.602,4.0,11839.0
4.232028001000327,-6.96954,1.14564,17.26459,0.19353,-4.13192,-0.53092,-2.14442,1.15669,13.55594,0.20299,-4.02211,-0.71167,79.629,4.0,11756.211
4.2370280010003265,-7.2383,1.17179,16.94461,0.20528,-4.05965,-0.52828,-1.54949,0.60134,13.56568,0.23351,-3.8571,-0.72099,79.629,4.0,11545.238
4.242028001000326,-7.50707,1.19794,16.62464,0.21703,-3.98739,-0.52564,-1.12125,0.20136,13.54415,0.26205,-3.7004,-0.69622,79.646,4.192,11415.0
4.247028001000326,-7.77583,1.2241,16.30466,0.22878,-3.91513,-0.523,-0.96193,0.052,13.47216,0.2874,-3.5571,-0.61644,79.69,4.694,11415.0
4.252028001000326,-8.04459,1.25025,15.98468,0.24864,-3.79034,-0.48561,-0.8026,-0.09735,13.40017,0.31276,-3.41381,-0.53667,79.717,5.0,11437.422
4.257028001000326,-8.31336,1.2764,15.66471,0.28122,-3.58318,-0.39372,-0.64328,-0.24671,13.32818,0.33811,-3.27051,-0.4569,79.717,5.0,11495.002
4.262028001000326,-8.58212,1.30255,15.34473,0.31381,-3.37601,-0.30184,-0.48395,-0.39607,13.2562,0.36347,-3.12721,-0.37713,79.717,5.0,11530.0
4.267028001000326,-8.85089,1.3287,15.02475,0.34639,-3.16885,-0.20995,-0.32463,-0.54542,13.18421,0.38883,-2.98392,-0.29736,79.717,5.0,11530.0
4.272028001000327,-9.26844,1.32974,14.63171,0.37897,-2.96169,-0.11807,-0.1653,-0.69478,13.11222,0.41418,-2.84062,-0.21759,79.717,5.0,11492.022
4.2770280010003265,-9.91743,1.29171,14.12501,0.41155,-2.75452,-0.02618,-0.00597,-0.84413,13.04023,0.43954,-2.69732,-0.13782,79.717,5.0,11394.971
4.282028001000326,-10.56642,1.25368,13.6183,0.44414,-2.54736,0.0657,0.15335,-0.99349,12.96825,0.46489,-2.55403,-0.05805,79.734,4.608,11336.0
4.287028001000326,-11.21541,1.21565,13.1116,0.47672,-2.3402,0.15759,0.31268,-1.14285,12.89626,0.49025,-2.41073,0.02172,79.778,3.608,11336.0
4.292028001000326,-11.86439,1.17762,12.6049,0.48906,-2.12003,0.21907,0.27719,-1.12863,12.74645,0.49287,-2.16928,0.08554,79.805,3.0,11345.416
4.297028001000326,-12.51338,1.13958,12.0982,0.47003,-1.8797,0.23342,-0.0603,-0.86084,12.47598,0.46025,-1.77568,0.12464,79.805,3.0,11369.431
4.302028001000326,-13.16237,1.10155,11.5915,0.451,-1.63937,0.24778,-0.3978,-0.59304,12.20552,0.42763,-1.38207,0.16374,79.805,2.804,11384.0
4.307028001000326,-13.81136,1.06352,11.0848,0.43197,-1.39903,0.26213,-0.73529,-0.32524,11.93506,0.39501,-0.98846,0.20283,79.805,2.304,11384.0
4.312028001000327,-14.48459,0.88816,10.69006,0.41294,-1.1587,0.27648,-0.99354,-0.17598,11.9175,0.36239,-0.59485,0.24193,79.805,2.0,11384.0
4.317028001000327,-15.19566,0.49849,10.47003,0.39391,-0.91837,0.29083,-1.12813,-0.21168,12.2946,0.32977,-0.20125,0.28103,79.805,2.0,11384.0
4.3220280010003265,-15.90672,0.10882,10.25001,0.37488,-0.67804,0.30518,-1.26272,-0.24738,12.6717,0.30112,0.11264,0.33428,79.77,2.0,11451.202
4.327028001000326,-16.61779,-0.28085,10.02998,0.35585,-0.43771,0.31953,-1.39731,-0.28309,13.04881,0.2787,0.30116,0.40978,79.682,2.0,11624.097
4.332028001000326,-17.32885,-0.67052,9.80996,0.33682,-0.19738,0.33388,-1.5319,-0.31879,13.42591,0.25629,0.48968,0.48528,79.594,2.785,11729.0
4.337028001000326,-18.03992,-1.0602,9.58993,0.31779,0.04295,0.34823,-1.66649,-0.3545,13.80302,0.23387,0.6782,0.56078,79.507,4.782,11729.0
4.342028001000326,-17.94936,-1.37568,9.70734,0.28139,0.28767,0.36888,-1.40649,-0.37383,13.93773,0.21146,0.86672,0.63628,79.436,6.39,13812.663
4.347028001000326,-16.60458,-1.57509,10.3527,0.21782,0.53925,0.39938,-0.52914,-0.36756,13.69318,0.18904,1.05523,0.71178,79.392,7.391,19156.421
4.352028001000327,-15.2598,-1.7745,10.99805,0.15425,0.79083,0.42988,0.34822,-0.36128,13.44864,0.16662,1.24375,0.78728,79.313,8.0,22408.0
4.357028001000327,-13.91502,-1.97391,11.64341,0.09067,1.04242,0.46038,1.22558,-0.35501,13.2041,0.14421,1.43227,0.86278,79.181,8.0,22408.0
4.3620280010003265,-12.57025,-2.17332,12.28877,0.0271,1.294,0.49087,2.10293,-0.34874,12.95956,0.12179,1.62079,0.93828,79.032,8.0,22728.692
4.367028001000326,-11.22547,-2.37273,12.93412,-0.03648,1.54558,0.52137,2.98029,-0.34246,12.71502,0.09938,1.80931,1.01378,78.856,8.0,23534.578
4.372028001000326,-9.88069,-2.57214,13.57948,-0.10005,1.79717,0.55187,3.51304,-0.28915,12.40302,0.07875,1.93147,1.00709,78.664,7.019,24024.0
4.377028001000326,-8.53591,-2.77155,14.22483,-0.16362,2.04875,0.58237,3.51285,-0.16308,11.9867,0.06089,1.95101,0.87329,78.444,4.521,24024.0
4.382028001000326,-5.67244,-2.55707,13.9747,-0.20193,2.22442,0.55066,3.51267,-0.03702,11.57038,0.04304,1.97056,0.73949,78.242,3.0,24350.678
4.387028001000326,-0.44709,-1.69893,12.33191,-0.20094,2.28203,0.4222,3.51248,0.08905,11.15406,0.02518,1.9901,0.60568,78.066,3.0,25185.404
4.392028001000326,2.68634,-1.02341,11.30731,-0.19996,2.33965,0.29375,3.51229,0.21511,10.73774,0.00732,2.00964,0.47188,77.924,3.196,25692.0
4.397028001000327,2.5901,-0.62983,11.23713,-0.19897,2.39726,0.16529,3.5121,0.34118,10.32142,-0.01053,2.02918,0.33808,77.837,3.696,25692.0
4.4020280010003265,2.49385,-0.23625,11.16695,-0.19798,2.45487,0.03683,3.51192,0.46724,9.9051,-0.02839,2.04873,0.20427,77.732,4.0,25696.893
4.407028001000326,2.39761,0.15733,11.09678,-0.197,2.51249,-0.09162,3.51173,0.59331,9.48878,-0.04625,2.06827,0.07047,77.6,4.0,25709.407
4.412028001000326,2.30137,0.55091,11.0266,-0.19601,2.5701,-0.22008,3.27635,0.67522,9.07338,-0.0461,2.06524,-0.01657,77.502,4.196,25717.0
4.417028001000326,2.20513,0.94449,10.95642,-0.19502,2.62771,-0.34853,2.67801,0.68901,8.6594,-0.01816,2.02738,-0.03145,77.458,4.696,25717.0
4.422028001000326,2.10889,1.33807,10.88624,-0.18335,2.62337,-0.41249,2.07968,0.70279,8.24542,0.00977,1.98952,-0.04632,77.414,5.0,25799.563
4.427028001000326,2.01265,1.73165,10.81606,-0.15511,2.52291,-0.37639,1.48135,0.71657,7.83144,0.0377,1.95166,-0.0612,77.37,5.0,26010.195
4.432028001000326,1.91321,1.90146,10.98395,-0.12686,2.42245,-0.34029,0.66357,0.76317,7.76585,0.06564,1.9138,-0.07608,77.361,4.411,26070.05
4.437028001000327,1.80884,1.72599,11.51919,-0.09861,2.32199,-0.30419,-0.49281,0.86038,8.23784,0.09357,1.87594,-0.09095,77.405,2.913,25897.252
4.442028001000327,1.70447,1.55051,12.05443,-0.07036,2.22153,-0.26809,-1.6492,0.9576,8.70983,0.10546,1.79359,-0.13822,77.483,2.0,25792.0
4.4470280010003265,1.6001,1.37504,12.58968,-0.04212,2.12107,-0.23199,-2.80559,1.05481,9.18181,0.09236,1.64191,-0.23595,77.615,2.0,25792.0
4.452028001000326,1.49573,1.19957,13.12492,-0.01387,2.02061,-0.19589,-3.96197,1.15203,9.6538,0.07926,1.49023,-0.33369,77.747,2.393,25792.0
4.457028001000326,1.39136,1.0241,13.66016,0.01438,1.92015,-0.15979,-5.11836,1.24924,10.12579,0.06616,1.33854,-0.43143,77.879,3.392,25792.0
4.462028001000326,1.30143,0.9573,13.83011,0.04425,1.78304,-0.14772,-5.63656,1.33077,10.34241,0.05307,1.18686,-0.52916,77.976,4.0,25865.513
4.467028001000326,1.23391,1.05906,13.4334,0.07664,1.58906,-0.17293,-5.16475,1.38797,10.16291,0.03997,1.03518,-0.6269,78.02,4.0,26053.064
4.472028001000326,1.16638,1.16082,13.03668,0.10903,1.39508,-0.19814,-4.69294,1.44518,9.9834,0.02687,0.8835,-0.72463,78.081,4.0,26104.305
4.477028001000327,1.09886,1.26258,12.63996,0.14142,1.2011,-0.22335,-4.22113,1.50238,9.80389,0.01377,0.73181,-0.82237,78.169,4.0,25944.573
4.482028001000327,1.03134,1.36435,12.24324,0.17381,1.00712,-0.24856,-3.74933,1.55958,9.62438,0.01172,0.64115,-0.85672,78.274,4.0,25847.0
4.4870280010003265,0.96381,1.46611,11.84652,0.20619,0.81314,-0.27377,-3.27752,1.61678,9.44487,0.02703,0.64627,-0.79158,78.406,4.0,25847.0
4.492028001000326,0.89629,1.56787,11.4498,0.23858,0.61916,-0.29899,-2.80571,1.67398,9.26536,0.04234,0.65139,-0.72643,78.521,355.217,25847.0
4.497028001000326,0.82877,1.66963,11.05308,0.27097,0.42518,-0.3242,-2.3339,1.73119,9.08586,0.05765,0.65651,-0.66129,78.609,1248.874,25847.0
4.502028001000326,0.85964,1.71536,10.7772,0.27823,0.30418,-0.3284,-1.7157,1.65619,8.99826,0.07297,0.66164,-0.59615,78.697,2362.375,25845.431
4.507028001000326,1.04369,1.67386,10.68944,0.24636,0.2968,-0.29988,-0.86958,1.37539,9.05375,0.08828,0.66676,-0.531,78.785,3818.116,25841.421
4.512028001000326,1.22773,1.63236,10.60167,0.21449,0.28941,-0.27137,-0.02347,1.0946,9.10924,0.10359,0.67188,-0.46586,78.89,4697.0,25839.0
4.517028001000326,1.41178,1.59086,10.51391,0.18262,0.28203,-0.24285,0.82265,0.81381,9.16473,0.1189,0.677,-0.40072,79.021,4697.0,25839.0
4.522028001000327,1.59582,1.54936,10.42614,0.15075,0.27465,-0.21434,1.66876,0.53301,9.22021,0.13421,0.68212,-0.33558,79.136,4697.0,25793.976
4.5270280010003265,1.77987,1.50786,10.33838,0.11888,0.26726,-0.18582,2.51488,0.25222,9.2757,0.14952,0.68724,-0.27043,79.223,4697.0,25678.601
4.532028001000326,1.7911,1.46115,10.31787,0.09832,0.25797,-0.1651,2.83793,0.16291,9.36621,0.15715,0.67421,-0.22545,79.328,4836.747,25607.0
4.537028001000326,1.51963,1.4059,10.40739,0.09628,0.24555,-0.15711,2.30537,0.38684,9.51399,0.15223,0.63149,-0.21346,79.46,5205.086,25607.0
4.542028001000326,1.24817,1.35065,10.4969,0.09423,0.23313,-0.14912,1.77282,0.61077,9.66178,0.14731,0.58877,-0.20146,79.558,5430.0,25651.05
4.547028001000326,0.9767,1.29541,10.58642,0.09219,0.22071,-0.14113,1.24026,0.8347,9.80957,0.14239,0.54605,-0.18947,79.602,5430.0,25764.176
4.552028001000326,0.76479,1.27773,10.64568,0.09015,0.20829,-0.13314,0.70771,1.05862,9.95735,0.13746,0.50333,-0.17747,79.664,5641.976,25832.0
4.557028001000326,0.64203,1.31629,10.65963,0.0881,0.19587,-0.12515,0.17516,1.28255,10.10514,0.13254,0.46061,-0.16547,79.751,6171.305,25832.0
4.562028001000327,0.51927,1.35485,10.67357,0.08606,0.18346,-0.11716,-0.0948,1.46555,10.21172,0.12704,0.43401,-0.15002,79.839,6495.0,25844.248
4.567028001000327,0.39651,1.39342,10.68752,0.08402,0.17104,-0.10917,0.0486,1.58414,10.25345,0.12061,0.4328,-0.12912,79.927,6495.0,25875.774
4.5720280010003265,0.27375,1.43198,10.70147,0.08197,0.15862,-0.10118,0.192,1.70272,10.29517,0.11419,0.43158,-0.10823,80.032,6580.086,25895.0
4.577028001000326,0.151,1.47054,10.71542,0.07993,0.1462,-0.09318,0.3354,1.8213,10.33689,0.10777,0.43036,-0.08733,80.164,6798.157,25895.0
4.582028001000326,0.02824,1.50911,10.72937,0.07537,0.13401,-0.08503,0.4788,1.93988,10.37862,0.10134,0.42914,-0.06643,80.278,6931.0,25917.078
4.587028001000326,-0.09452,1.54767,10.74332,0.06689,0.12218,-0.07663,0.6222,2.05846,10.42034,0.09492,0.42792,-0.04553,80.366,6931.0,25973.569
4.592028001000326,-0.18556,1.56373,10.74868,0.0584,0.11035,-0.06824,0.68319,2.10829,10.44229,0.08849,0.42671,-0.02464,80.471,7303.903,26008.0
4.597028001000326,-0.2271,1.54468,10.74063,0.04992,0.09852,-0.05984,0.61555,2.0508,10.43337,0.08207,0.42549,-0.00374,80.603,8258.813,26008.0
4.602028001000327,-0.26864,1.52563,10.73258,0.04143,0.08668,-0.05144,0.54791,1.9933,10.42446,0.07541,0.42492,0.01263,80.735,8842.0,25943.988
4.607028001000327,-0.31019,1.50657,10.72454,0.03295,0.07485,-0.04304,0.48027,1.93581,10.41554,0.06839,0.42537,0.0219,80.867,8842.0,25779.549
4.6120280010003265,-0.35173,1.48752,10.71649,0.02446,0.06302,-0.03464,0.41263,1.87832,10.40662,0.06137,0.42582,0.03117,80.999,8892.719,25679.0
4.617028001000326,-0.39327,1.46847,10.70844,0.01598,0.05119,-0.02624,0.34499,1.82083,10.3977,0.05435,0.42627,0.04044,81.13,9023.259,25679.0
4.622028001000326,-0.42816,1.45388,10.7018,0.0086,0.04207,-0.01979,0.27735,1.76334,10.38879,0.04733,0.42672,0.04971,81.245,9148.807,25737.867
4.627028001000326,-0.45263,1.44632,10.69737,0.00296,0.03719,-0.01641,0.20971,1.70584,10.37987,0.04031,0.42716,0.05897,81.333,9266.517,25889.137
4.632028001000326,-0.47709,1.43876,10.69294,-0.00268,0.03232,-0.01303,0.10972,1.66111,10.37014,0.03329,0.42761,0.06824,81.438,9338.0,25981.0
4.637028001000326,-0.50155,1.4312,10.68851,-0.00833,0.02744,-0.00965,-0.04028,1.63612,10.35916,0.02626,0.42806,0.07751,81.569,9338.0,25981.0
4.642028001000326,-0.52602,1.42364,10.68408,-0.01397,0.02257,-0.00627,-0.19029,1.61112,10.34817,0.01924,0.42851,0.08678,81.7,9338.0,25943.288
4.647028001000327,-0.55048,1.41608,10.67965,-0.01961,0.01769,-0.00289,-0.34029,1.58613,10.33719,0.01222,0.42896,0.09605,81.833,9338.0,25842.29
4.6520280010003265,-0.57495,1.40851,10.67522,-0.02525,0.01282,0.00049,-0.41854,1.55714,10.32468,0.00786,0.42867,0.09911,81.966,9344.875,25781.0
4.657028001000326,-0.59941,1.40095,10.67079,-0.03089,0.00795,0.00387,-0.38603,1.522,10.30981,0.00759,0.42723,0.09258,82.098,9362.36,25781.0
4.662028001000326,-0.62387,1.39339,10.66636,-0.03653,0.00307,0.00725,-0.35353,1.48686,10.29493,0.00732,0.42579,0.08605,82.212,9475.27,25809.996
4.667028001000326,-0.64834,1.38583,10.66193,-0.04217,-0.0018,0.01062,-0.32102,1.45172,10.28006,0.00706,0.42435,0.07952,82.3,9736.493,25884.059
4.672028001000326,-0.631,1.3685,10.64423,-0.04504,-0.00016,0.0104,-0.28851,1.41658,10.26519,0.00679,0.42292,0.07299,82.405,9895.0,25929.0
4.677028001000326,-0.54916,1.33612,10.60605,-0.04362,0.01153,0.00462,-0.25601,1.38144,10.25032,0.00652,0.42148,0.06646,82.537,9895.0,25929.0
4.682028001000326,-0.46732,1.30373,10.56787,-0.0422,0.02322,-0.00116,-0.2235,1.3463,10.23544,0.00626,0.42004,0.05993,82.652,9895.0,25860.875
4.687028001000327,-0.38548,1.27134,10.52968,-0.04078,0.03492,-0.00694,-0.191,1.31116,10.22057,0.00599,0.4186,0.0534,82.74,9895.0,25686.648
4.692028001000327,-0.29791,1.25351,10.50355,-0.04048,0.04778,-0.01421,-0.15849,1.27602,10.2057,0.00572,0.41717,0.04687,82.828,9912.893,25581.0
4.6970280010003265,-0.20153,1.25809,10.49596,-0.04192,0.06243,-0.02379,-0.12598,1.24088,10.19082,0.00546,0.41573,0.04034,82.915,9958.349,25581.0
4.702028001000326,-0.10514,1.26268,10.48838,-0.04335,0.07709,-0.03336,-0.06237,1.25418,10.19142,0.00115,0.41849,0.02166,83.003,9986.0,25581.0
4.707028001000326,-0.00876,1.26726,10.4808,-0.04478,0.09174,-0.04294,0.04957,1.3427,10.21604,-0.00943,0.42778,-0.01588,83.091,9986.0,25581.0
4.712028001000326,0.05479,1.28249,10.47356,-0.04621,0.1064,-0.05251,0.1615,1.43122,10.24067,-0.02,0.43706,-0.05343,83.179,9986.0,25585.322
4.717028001000326,0.06769,1.31412,10.46685,-0.04764,0.12105,-0.06209,0.27344,1.51974,10.26529,-0.03058,0.44635,-0.09098,83.267,9986.0,25596.31
4.722028001000326,0.08059,1.34576,10.46014,-0.04907,0.1357,-0.07166,0.35751,1.56375,10.27418,-0.03579,0.45464,-0.11425,83.355,10133.643,25603.0
4.727028001000327,0.09349,1.37739,10.45342,-0.0505,0.15036,-0.08124,0.39819,1.53846,10.25857,-0.03262,0.46137,-0.11529,83.443,10511.118,25603.0
4.732028001000327,0.10639,1.40902,10.44671,-0.05098,0.16142,-0.08731,0.43887,1.51316,10.24296,-0.02946,0.46811,-0.11633,83.513,10739.0,25577.128
4.7370280010003265,0.11929,1.44066,10.44,-0.05,0.16701,-0.08806,0.47955,1.48787,10.22735,-0.02629,0.47484,-0.11737,83.557,10739.0,25511.844
4.742028001000326,0.13219,1.47229,10.43329,-0.04903,0.17259,-0.08881,0.52024,1.46258,10.21174,-0.02312,0.48157,-0.11842,83.635,10941.384,25508.3
4.747028001000326,0.14509,1.50393,10.42658,-0.04806,0.17818,-0.08956,0.56092,1.43729,10.19613,-0.01996,0.48831,-0.11946,83.767,11460.752,25601.456
4.752028001000326,0.15833,1.50514,10.42741,-0.04709,0.18376,-0.09031,0.57255,1.39936,10.18446,-0.01679,0.49504,-0.1205,83.865,11918.001,25658.0
4.757028001000326,0.17208,1.45935,10.4399,-0.04611,0.18935,-0.09106,0.53931,1.34192,10.17887,-0.01363,0.50178,-0.12154,83.909,12279.311,25658.0
4.762028001000326,0.18584,1.41357,10.45239,-0.04514,0.19493,-0.09181,0.50608,1.28449,10.17328,-0.01128,0.5056,-0.12099,83.97,12499.0,25658.0
4.767028001000326,0.19959,1.36779,10.46488,-0.04417,0.20052,-0.09256,0.47284,1.22705,10.16769,-0.01018,0.50489,-0.11796,84.058,12499.0,25658.0
4.772028001000327,0.21334,1.322,10.47737,-0.04319,0.2061,-0.09331,0.43961,1.16961,10.1621,-0.00909,0.50419,-0.11493,84.163,12499.0,25624.199
4.7770280010003265,0.2271,1.27622,10.48986,-0.04222,0.21169,-0.09406,0.40637,1.11217,10.15651,-0.008,0.50349,-0.1119,84.295,12499.0,25537.605
4.782028001000326,0.24085,1.23043,10.50235,-0.04128,0.21277,-0.09379,0.37314,1.05474,10.15092,-0.00691,0.50279,-0.10887,84.409,12613.717,25485.0
4.787028001000326,0.25461,1.18465,10.51484,-0.0404,0.20688,-0.09193,0.3399,0.9973,10.14533,-0.00582,0.50208,-0.10584,84.497,12905.986,25485.0
4.792028001000326,0.26621,1.16572,10.52319,-0.03952,0.20099,-0.09006,0.29464,0.99595,10.14912,-0.00473,0.50138,-0.10281,84.585,13084.0,25454.276
4.797028001000326,0.27448,1.18862,10.52509,-0.03864,0.1951,-0.0882,0.23065,1.08201,10.16753,-0.00364,0.50068,-0.09978,84.673,13084.0,25375.684
4.802028001000326,0.28274,1.21152,10.527,-0.03776,0.18921,-0.08634,0.16665,1.16806,10.18594,-0.00254,0.49998,-0.09675,84.761,13195.855,25328.0
4.807028001000326,0.291,1.23442,10.52891,-0.03688,0.18332,-0.08448,0.10266,1.25411,10.20434,-0.00145,0.49927,-0.09372,84.849,13480.275,25328.0
4.812028001000327,0.29926,1.25731,10.53081,-0.03599,0.17743,-0.08262,0.07038,1.30846,10.22108,-0.00102,0.49942,-0.08862,84.937,13654.0,25315.524
4.817028001000327,0.30752,1.28021,10.53272,-0.03511,0.17154,-0.08076,0.08787,1.31304,10.23518,-0.00161,0.50091,-0.08027,85.025,13654.0,25283.469
4.8220280010003265,0.31578,1.30311,10.53462,-0.03423,0.16565,-0.0789,0.10537,1.31763,10.24928,-0.0022,0.5024,-0.07191,85.113,13865.068,25236.93
4.827028001000326,0.32405,1.32601,10.53653,-0.03335,0.15976,-0.07704,0.12286,1.32222,10.26338,-0.00279,0.50388,-0.06356,85.2,14402.595,25167.991
4.832028001000326,0.31701,1.33407,10.54536,-0.03566,0.15679,-0.07352,0.14036,1.3268,10.27748,-0.00338,0.50537,-0.05521,85.305,14730.0,25126.0
4.837028001000326,0.28614,1.31901,10.56497,-0.04296,0.15839,-0.06742,0.15785,1.33139,10.29158,-0.00398,0.50685,-0.04686,85.437,14730.0,25126.0
4.842028001000326,0.25526,1.30394,10.58459,-0.05026,0.15998,-0.06133,0.17535,1.33597,10.30569,-0.00457,0.50834,-0.03851,85.569,14745.618,25126.0
4.847028001000326,0.22439,1.28888,10.6042,-0.05756,0.16158,-0.05523,0.19284,1.34056,10.31979,-0.00516,0.50983,-0.03015,85.701,14785.624,25126.0
4.852028001000327,0.18512,1.27177,10.61351,-0.06277,0.16522,-0.05185,0.21034,1.34515,10.33389,-0.00575,0.51131,-0.0218,85.816,14810.0,25079.832
4.857028001000327,0.13275,1.25148,10.60675,-0.06472,0.17207,-0.05269,0.22783,1.34973,10.34799,-0.00634,0.5128,-0.01345,85.904,14810.0,24961.663
4.8620280010003265,0.08037,1.23119,10.59999,-0.06668,0.17891,-0.05353,0.22212,1.34726,10.35647,-0.00858,0.52448,-0.00825,86.009,14948.24,24890.0
4.867028001000326,0.028,1.2109,10.59323,-0.06863,0.18575,-0.05437,0.18066,1.3339,10.35627,-0.01335,0.55188,-0.00792,86.14,15299.499,24890.0
4.872028001000326,-0.00601,1.20812,10.58792,-0.07058,0.1926,-0.05522,0.17526,1.34711,10.35612,-0.01812,0.57928,-0.00758,86.255,15537.273,24882.834
4.877028001000326,-0.01086,1.23314,10.58492,-0.07254,0.19944,-0.05606,0.2271,1.40247,10.35607,-0.02289,0.60668,-0.00725,86.343,15594.902,24864.292
4.882028001000326,-0.01571,1.25816,10.58191,-0.07449,0.20628,-0.0569,0.27895,1.45783,10.35602,-0.02791,0.63217,-0.00965,86.448,15630.0,24853.0
4.887028001000326,-0.02056,1.28318,10.57891,-0.07644,0.21313,-0.05775,0.33079,1.5132,10.35597,-0.03331,0.65467,-0.01631,86.58,15630.0,24853.0
4.892028001000326,-0.02541,1.3082,10.57591,-0.0784,0.21997,-0.05859,0.38264,1.56856,10.35592,-0.03871,0.67717,-0.02297,86.712,15630.0,24797.487
4.897028001000327,-0.03026,1.33322,10.5729,-0.08035,0.22682,-0.05943,0.43448,1.62392,10.35587,-0.04411,0.69968,-0.02964,86.844,15630.0,24655.358
4.9020280010003265,-0.03511,1.35824,10.5699,-0.08341,0.23897,-0.06209,0.48633,1.67928,10.35581,-0.04951,0.72218,-0.0363,86.975,15759.713,24530.849
4.907028001000326,-0.03996,1.38326,10.5669,-0.0882,0.25936,-0.06755,0.53818,1.73464,10.35576,-0.05491,0.74469,-0.04296,87.107,16090.28,24433.623
4.912028001000326,-0.04402,1.39131,10.56481,-0.09298,0.27974,-0.07301,0.58501,1.76199,10.36585,-0.06031,0.76719,-0.04963,87.222,16293.0,24374.0
4.917028001000326,-0.04683,1.37247,10.56418,-0.09777,0.30012,-0.07847,0.62391,1.74492,10.39202,-0.06571,0.78969,-0.05629,87.31,16293.0,24374.0
4.922028001000326,-0.04964,1.35363,10.56355,-0.10255,0.3205,-0.08393,0.66281,1.72785,10.41819,-0.07111,0.8122,-0.06295,87.415,16312.471,24374.0
4.927028001000326,-0.05245,1.33479,10.56293,-0.10734,0.34089,-0.08938,0.70171,1.71078,10.44436,-0.07651,0.8347,-0.06961,87.547,16362.014,24374.0
4.932028001000326,-0.05526,1.31595,10.5623,-0.11212,0.36127,-0.09484,0.7385,1.68687,10.46078,-0.08227,0.86205,-0.07322,87.679,16392.0,24288.649
4.937028001000327,-0.05807,1.2971,10.56167,-0.11691,0.38165,-0.1003,0.77204,1.6525,10.46224,-0.08861,0.89684,-0.07214,87.811,16392.0,24072.43
4.942028001000327,-0.06088,1.27826,10.56104,-0.12169,0.40203,-0.10576,0.80558,1.61813,10.46371,-0.09495,0.93163,-0.07105,87.925,16548.827,23903.95
4.9470280010003265,-0.06369,1.25942,10.56041,-0.12647,0.42242,-0.11122,0.83912,1.58376,10.46518,-0.10129,0.96641,-0.06997,88.013,16948.751,23809.467
4.952028001000326,-0.06456,1.24008,10.561,-0.13088,0.45567,-0.11476,0.87266,1.54939,10.46665,-0.10763,1.0012,-0.06889,88.101,17192.0,23752.0
4.957028001000326,-0.06242,1.21999,10.56346,-0.1347,0.50891,-0.1153,0.9062,1.51502,10.46812,-0.11397,1.03598,-0.06781,88.189,17192.0,23752.0
4.962028001000326,-0.06028,1.19989,10.56592,-0.13852,0.56216,-0.11585,0.93974,1.48065,10.46959,-0.12031,1.07077,-0.06672,88.277,17215.874,23752.0
4.967028001000326,-0.05813,1.17979,10.56839,-0.14234,0.6154,-0.11639,0.97328,1.44628,10.47105,-0.12664,1.10556,-0.06564,88.365,17276.325,23752.0
4.972028001000326,-0.05599,1.15969,10.57085,-0.14616,0.66864,-0.11694,0.92834,1.4016,10.46299,-0.13157,1.13355,-0.06068,88.469,17313.0,23609.969
4.977028001000327,-0.05384,1.13959,10.57331,-0.14998,0.72188,-0.11748,0.76232,1.34104,10.44023,-0.13434,1.15107,-0.04975,88.6,17313.0,23248.85
4.982028001000327,-0.05601,1.1179,10.57375,-0.15226,0.77617,-0.11315,0.59631,1.28048,10.41746,-0.1371,1.16859,-0.03882,88.698,17449.97,22917.681
4.9870280010003265,-0.0652,1.09362,10.57087,-0.15204,0.83218,-0.10085,0.43029,1.21992,10.3947,-0.13986,1.18611,-0.02788,88.743,17810.303,22635.353
4.992028001000326,-0.07439,1.06934,10.568,-0.15182,0.88819,-0.08856,0.28681,1.18966,10.38189,-0.14262,1.20363,-0.01695,88.787,18029.0,22464.0
4.997028001000326,-0.08358,1.04505,10.56512,-0.15159,0.94419,-0.07626,0.17813,1.20618,10.38444,-0.14538,1.22115,-0.00602,88.831,18029.0,22464.0
5.002028001000326,-0.09278,1.02077,10.56225,-0.15137,1.0002,-0.06397,0.06944,1.2227,10.38699,-0.14814,1.23867,0.00491,88.875,18016.468,22464.0
5.007028001000326,-0.10197,0.99649,10.55937,-0.15115,1.05621,-0.05168,-0.03924,1.23922,10.38954,-0.1509,1.25619,0.01585,88.919,17984.434,22464.0
5.012028001000326,-0.16981,1.00248,10.60217,-0.15252,1.10193,-0.0442,-0.14793,1.25574,10.39209,-0.15366,1.2737,0.02678,88.945,17965.0,22238.788
5.017028001000326,-0.32811,1.05519,10.7154,-0.15635,1.1318,-0.04415,-0.25661,1.27226,10.39464,-0.15642,1.29122,0.03771,88.945,17965.0,21666.197
5.022028001000327,-0.48641,1.10789,10.82863,-0.16019,1.16166,-0.04411,-0.3653,1.28878,10.39719,-0.15899,1.30881,0.04262,88.945,18122.581,21318.0
5.0270280010003265,-0.64471,1.1606,10.94186,-0.16402,1.19153,-0.04406,-0.47398,1.30529,10.39974,-0.16126,1.32651,0.03819,88.945,18524.682,21318.0
5.032028001000326,-0.74152,1.20927,11.08967,-0.16786,1.22139,-0.04402,-0.61163,1.34935,10.47744,-0.16353,1.3442,0.03375,88.945,18769.0,21186.463
5.037028001000326,-0.74311,1.25169,11.29102,-0.17169,1.25126,-0.04397,-0.79411,1.43605,10.67148,-0.1658,1.3619,0.02931,88.945,18769.0,20851.252
5.042028001000326,-0.74469,1.29411,11.49236,-0.17553,1.28112,-0.04393,-0.9766,1.52274,10.86552,-0.16807,1.3796,0.02488,88.945,18821.335,20645.0
5.047028001000326,-0.74628,1.33653,11.6937,-0.17936,1.31099,-0.04388,-1.15909,1.60944,11.05956,-0.17034,1.39729,0.02044,88.945,18957.374,20645.0
5.052028001000326,-0.74787,1.37895,11.89505,-0.1832,1.34085,-0.04383,-1.34158,1.69614,11.2536,-0.17223,1.41246,0.01629,88.945,19040.0,20434.788
5.057028001000326,-0.74946,1.42137,12.09639,-0.18703,1.37072,-0.04379,-1.52406,1.78283,11.44764,-0.17352,1.4237,0.01258,88.945,19040.0,19899.384
5.062028001000327,-0.75105,1.46379,12.29774,-0.19073,1.39881,-0.04576,-1.70655,1.86953,11.64168,-0.17481,1.43495,0.00887,88.928,19275.716,19573.0
5.067028001000327,-0.75263,1.50621,12.49908,-0.19421,1.42413,-0.05088,-1.88904,1.95623,11.83572,-0.1761,1.44619,0.00517,88.884,19879.504,19573.0
5.0720280010003265,-0.73177,1.52636,12.59046,-0.19769,1.44946,-0.056,-1.8737,1.96937,11.90269,-0.17738,1.45744,0.00146,88.857,20248.0,19200.351
5.077028001000326,-0.67575,1.51162,12.50964,-0.20118,1.47478,-0.06112,-1.54852,1.86732,11.77065,-0.17867,1.46868,-0.00225,88.857,20248.0,18244.084
5.082028001000326,-0.61973,1.49689,12.42881,-0.20466,1.5001,-0.06624,-1.22335,1.76527,11.6386,-0.17996,1.47993,-0.00596,88.84,20337.403,17663.0
5.087028001000326,-0.5637,1.48215,12.34798,-0.20814,1.52543,-0.07137,-0.89817,1.66322,11.50656,-0.18125,1.49117,-0.00967,88.796,20565.274,17663.0
5.092028001000326,-0.50768,1.46742,12.26715,-0.21162,1.55075,-0.07649,-0.6872,1.58365,11.43363,-0.18033,1.50607,-0.00314,88.752,20704.0,17315.364
5.097028001000326,-0.45166,1.45269,12.18632,-0.21511,1.57607,-0.08161,-0.65392,1.53905,11.45271,-0.17595,1.52664,0.01932,88.708,20704.0,16426.744
5.102028001000327,-0.42226,1.43983,12.1519,-0.21628,1.60454,-0.08027,-0.62065,1.49446,11.47179,-0.17158,1.54722,0.04178,88.647,20972.182,15654.131
5.107028001000327,-0.43407,1.4299,12.18928,-0.21386,1.63787,-0.06894,-0.58738,1.44986,11.49086,-0.16721,1.56779,0.06425,88.559,21655.267,15060.991
5.1120280010003265,-0.44588,1.41996,12.22667,-0.21145,1.67119,-0.05762,-0.55411,1.40527,11.50994,-0.16283,1.58837,0.08671,88.489,22071.0,14700.0
5.117028001000326,-0.45769,1.41003,12.26405,-0.20904,1.70452,-0.04629,-0.52084,1.36067,11.52902,-0.15846,1.60894,0.10917,88.446,22071.0,14700.0
5.122028001000326,-0.4695,1.40009,12.30144,-0.20663,1.73785,-0.03496,-0.48757,1.31608,11.5481,-0.15408,1.62952,0.13163,88.386,22199.933,14700.0
5.127028001000326,-0.48131,1.39015,12.33882,-0.20422,1.77118,-0.02363,-0.4543,1.27148,11.56717,-0.14971,1.65009,0.15409,88.296,22557.267,14700.0
5.132028001000326,-0.49312,1.38022,12.37621,-0.2018,1.8045,-0.01231,-0.48826,1.26497,11.48358,-0.14519,1.66797,0.1609,88.207,22771.0,14222.632
5.137028001000326,-0.50493,1.37028,12.41359,-0.19939,1.83783,-0.00098,-0.62228,1.31514,11.24717,-0.14045,1.68184,0.14441,88.12,22771.0,13034.756
5.142028001000326,-0.51674,1.36035,12.45098,-0.19698,1.87116,0.01035,-0.75631,1.36532,11.01075,-0.13571,1.69571,0.12792,88.015,22959.576,12308.0
5.147028001000327,-0.52854,1.35041,12.48836,-0.19457,1.90449,0.02168,-0.89033,1.41549,10.77434,-0.13096,1.70958,0.11144,87.883,23445.36,12308.0
5.1520280010003265,-0.56382,1.34532,12.46858,-0.1832,1.95336,0.01062,-0.93184,1.43668,10.63628,-0.12622,1.72345,0.09495,87.768,23741.0,11360.38
5.157028001000326,-0.63557,1.34777,12.3599,-0.15792,2.0264,-0.03523,-0.82949,1.41281,10.65115,-0.12148,1.73732,0.07846,87.68,23741.0,8939.372
5.162028001000326,-0.70733,1.35023,12.25123,-0.13263,2.09943,-0.08107,-0.72714,1.38894,10.66601,-0.11674,1.7512,0.06197,87.575,23725.175,7464.0
5.167028001000326,-0.77909,1.35268,12.14255,-0.10735,2.17247,-0.12692,-0.62479,1.36507,10.68087,-0.112,1.76507,0.04549,87.444,23684.66,7464.0
5.172028001000326,-0.87094,1.38677,12.11039,-0.09101,2.24054,-0.1637,-0.52245,1.3412,10.69574,-0.10725,1.77894,0.029,87.312,23660.0,6692.379
5.177028001000326,-0.99405,1.47007,12.19723,-0.08858,2.30087,-0.18639,-0.4201,1.31733,10.7106,-0.10251,1.79281,0.01251,87.18,23660.0,4720.568
5.182028001000326,-1.11715,1.55337,12.28407,-0.08615,2.36119,-0.20907,-0.31775,1.29347,10.72546,-0.09777,1.80668,-0.00398,87.048,23799.533,3520.0
5.187028001000327,-1.24026,1.63667,12.37091,-0.08373,2.42152,-0.23175,-0.21541,1.2696,10.74033,-0.09303,1.82055,-0.02046,86.916,24156.271,3520.0
5.192028001000327,-1.36337,1.71997,12.45774,-0.0813,2.48185,-0.25443,-0.11306,1.24573,10.75519,-0.07634,1.85913,-0.0404,86.784,24373.0,3316.837
5.1970280010003265,-1.48647,1.80327,12.54458,-0.07887,2.54218,-0.27711,-0.01071,1.22186,10.77005,-0.04115,1.93599,-0.06569,86.652,24373.0,2799.188
5.202028001000326,-1.58818,1.83286,12.60985,-0.07644,2.60251,-0.29979,0.09304,1.18252,10.73796,-0.00596,2.01284,-0.09098,86.538,24369.477,2484.0
5.207028001000326,-1.65655,1.77885,12.64154,-0.07402,2.66284,-0.32247,0.19899,1.11911,10.63277,0.02922,2.08969,-0.11627,86.45,24360.47,2484.0
5.212028001000326,-1.72493,1.72483,12.67323,-0.07159,2.72317,-0.34515,0.30493,1.0557,10.52759,0.06441,2.16655,-0.14155,86.345,24355.0,2188.757
5.217028001000326,-1.79331,1.67081,12.70492,-0.06916,2.7835,-0.36783,0.41087,0.99229,10.4224,0.0996,2.2434,-0.16684,86.213,24355.0,1437.007
5.222028001000326,-1.86169,1.61679,12.73661,-0.06024,2.84732,-0.38625,0.51681,0.92888,10.31721,0.12995,2.32406,-0.19393,86.064,24385.619,979.0
5.227028001000327,-1.93007,1.56277,12.7683,-0.0412,2.91661,-0.39803,0.62275,0.86546,10.21202,0.15276,2.41064,-0.22383,85.889,24463.98,979.0
5.232028001000327,-2.05622,1.51943,12.89589,-0.02216,2.9859,-0.40981,0.48467,0.85118,10.20519,0.17557,2.49723,-0.25373,85.747,24512.0,1001.496
5.2370280010003265,-2.2738,1.49299,13.17527,-0.00312,3.05518,-0.42158,-0.03965,0.91467,10.35403,0.19839,2.58381,-0.28362,85.66,24512.0,1059.598
5.242028001000326,-2.49138,1.46654,13.45465,0.01592,3.12447,-0.43336,-0.56396,0.97816,10.50286,0.2212,2.67039,-0.31352,85.506,24345.756,1096.0
5.247028001000326,-2.70895,1.4401,13.73403,0.03496,3.19375,-0.44514,-1.08828,1.04164,10.6517,0.24401,2.75698,-0.34342,85.24,23900.632,1096.0
5.252028001000326,-2.92653,1.41365,14.01341,0.054,3.26304,-0.45691,-1.59934,1.16043,10.79636,0.24893,2.80978,-0.36617,85.009,23630.0,1053.853
5.257028001000326,-3.14411,1.38721,14.29279,0.07303,3.33233,-0.46869,-2.08983,1.36498,10.93453,0.22608,2.81019,-0.37785,84.833,23630.0,946.336
5.262028001000326,-3.36169,1.36076,14.57217,0.08664,3.38468,-0.47601,-2.58033,1.56953,11.0727,0.20324,2.8106,-0.38952,84.623,23239.252,881.0
5.267028001000326,-3.57927,1.33432,14.85155,0.09181,3.41081,-0.47644,-3.07083,1.77408,11.21087,0.18039,2.81101,-0.40119,84.36,22243.242,881.0
5.272028001000327,-3.69063,1.29696,15.03553,0.09698,3.43694,-0.47686,-3.56132,1.97864,11.34904,0.15754,2.81142,-0.41286,84.113,21637.0,833.405
5.2770280010003265,-3.63678,1.24262,15.07112,0.10216,3.46307,-0.47729,-4.05182,2.18319,11.48722,0.1347,2.81183,-0.42453,83.893,21637.0,711.782
5.282028001000326,-3.58294,1.18828,15.10671,0.10733,3.4892,-0.47771,-4.39193,2.36776,11.33986,0.10748,2.78824,-0.43431,83.656,20709.181,638.0
5.287028001000326,-3.52909,1.13394,15.1423,0.11251,3.51533,-0.47814,-4.50012,2.52153,10.75215,0.07351,2.72767,-0.44117,83.393,18350.466,638.0
5.292028001000326,-3.47525,1.0796,15.17789,0.11768,3.54147,-0.47856,-4.60832,2.67529,10.16444,0.03955,2.66709,-0.44804,83.112,16914.0,636.63
5.297028001000326,-3.4214,1.02526,15.21348,0.12286,3.5676,-0.47899,-4.71651,2.82906,9.57674,0.00558,2.60651,-0.4549,82.804,16914.0,633.127
5.302028001000326,-3.14116,0.96386,14.90178,0.10665,3.54855,-0.47658,-4.8247,2.98283,8.98903,-0.02838,2.54593,-0.46177,82.514,14969.149,631.0
5.307028001000326,-2.51123,0.89156,14.05369,0.05742,3.45974,-0.4698,-4.93289,3.13659,8.40132,-0.06234,2.48535,-0.46863,82.25,10020.496,631.0
5.312028001000327,-1.8813,0.81927,13.20559,0.00819,3.37094,-0.46303,-4.88828,3.17967,7.82368,-0.09631,2.42477,-0.4755,81.987,7009.0,594.951
5.317028001000327,-1.25137,0.74697,12.3575,-0.04104,3.28213,-0.45625,-4.60613,3.05068,7.26168,-0.13027,2.36419,-0.48236,81.723,7009.0,502.861
5.3220280010003265,-0.62145,0.67467,11.5094,-0.09027,3.19332,-0.44947,-4.32397,2.92169,6.69969,-0.16424,2.30361,-0.48922,81.407,6122.418,447.0
5.327028001000326,0.00848,0.60238,10.66131,-0.1395,3.10451,-0.44269,-4.04182,2.7927,6.13769,-0.1982,2.24303,-0.49609,81.012,3868.797,447.0
5.332028001000326,0.53484,0.57023,9.90352,-0.17828,2.96267,-0.43943,-3.75966,2.66371,5.5757,-0.23217,2.18245,-0.50295,80.651,2497.0,459.729
5.337028001000326,0.9001,0.60054,9.28623,-0.2008,2.73834,-0.44164,-3.47751,2.53472,5.0137,-0.26613,2.12187,-0.50982,80.343,2497.0,492.26
5.342028001000326,1.26535,0.63086,8.66894,-0.22332,2.514,-0.44385,-3.19535,2.40573,4.4517,-0.29429,2.02132,-0.51581,80.087,2148.034,512.0
5.347028001000326,1.6306,0.66117,8.05164,-0.24584,2.28967,-0.44606,-2.91319,2.27674,3.88971,-0.31348,1.85909,-0.52045,79.912,1260.545,512.0
5.352028001000327,1.99585,0.69148,7.43435,-0.26836,2.06534,-0.44826,-3.06446,2.12808,3.34508,-0.33268,1.69686,-0.5251,79.719,720.0,499.475
5.357028001000327,2.36111,0.7218,6.81705,-0.29088,1.841,-0.45047,-3.891,1.94877,2.82754,-0.35187,1.53463,-0.52974,79.499,720.0,467.435
5.3620280010003265,2.72636,0.75211,6.19976,-0.3134,1.61667,-0.45268,-4.71755,1.76946,2.30999,-0.37107,1.37239,-0.53439,79.296,587.543,448.0
5.367028001000326,3.09161,0.78243,5.58247,-0.33592,1.39234,-0.45489,-5.54409,1.59014,1.79244,-0.39026,1.21016,-0.53903,79.121,250.845,448.0
5.372028001000326,3.84521,0.59053,5.288,-0.35851,1.17019,-0.4119,-6.37063,1.41083,1.27489,-0.40946,1.04793,-0.54368,78.962,46.0,386.497
5.377028001000326,5.20214,0.05341,5.49506,-0.3812,0.95145,-0.2987,-7.19718,1.23152,0.75734,-0.42865,0.88569,-0.54833,78.83,46.0,229.443
5.382028001000326,6.55907,-0.48372,5.70213,-0.4039,0.7327,-0.1855,-7.39725,1.08862,0.50753,-0.457,0.69507,-0.5068,78.716,37.563,230.138
5.387028001000326,7.91599,-1.02084,5.9092,-0.42659,0.51395,-0.0723,-6.62685,1.00215,0.6725,-0.49953,0.46047,-0.39377,78.628,16.057,475.208
5.392028001000326,8.42565,-1.22252,5.9082,-0.44928,0.2952,0.0409,-5.85645,0.91567,0.83746,-0.54206,0.22586,-0.28073,78.557,3.0,624.0
5.397028001000327,7.62589,-0.9058,5.58565,-0.47197,0.07646,0.1541,-5.08605,0.82919,1.00242,-0.58459,-0.00874,-0.16769,78.513,3.0,624.0
5.4020280010003265,6.82613,-0.58908,5.26311,-0.49466,-0.14229,0.2673,-4.31566,0.74272,1.16738,-0.62712,-0.24334,-0.05465,78.486,3.0,624.0
5.407028001000326,6.02637,-0.27235,4.94056,-0.51736,-0.36104,0.3805,-3.54526,0.65624,1.33235,-0.66965,-0.47795,0.05839,78.486,3.0,624.0
5.412028001000326,5.2266,0.04437,4.61801,-0.54005,-0.57979,0.49371,-2.77486,0.56976,1.49731,-0.71218,-0.71255,0.17142,78.486,3.0,743.282
5.417028001000326,4.42684,0.36109,4.29546,-0.56274,-0.79853,0.60691,-2.00446,0.48329,1.66227,-0.75471,-0.94715,0.28446,78.486,3.0,1048.676
5.422028001000326,3.82924,0.61267,4.14225,-0.57204,-0.97978,0.68371,-1.56452,0.37374,1.76857,-0.7556,-1.16049,0.38959,78.486,3.393,1234.0
5.427028001000326,3.54369,0.76368,4.2504,-0.56068,-1.10313,0.70433,-1.63466,0.22858,1.78434,-0.69223,-1.34101,0.48251,78.486,4.393,1234.0
5.432028001000326,3.25813,0.9147,4.35855,-0.54933,-1.22649,0.72495,-1.70479,0.08343,1.8001,-0.62887,-1.52153,0.57544,78.504,5.0,1344.206
5.437028001000327,2.97258,1.06571,4.4667,-0.53797,-1.34985,0.74557,-1.77493,-0.06173,1.81586,-0.5655,-1.70205,0.66836,78.547,5.0,1624.911
5.442028001000327,2.68702,1.21673,4.57485,-0.52661,-1.4732,0.76619,-1.98973,-0.16448,1.88504,-0.51768,-1.8418,0.71636,78.574,4.609,1796.0
5.4470280010003265,2.40147,1.36774,4.683,-0.51525,-1.59656,0.78681,-2.43031,-0.20103,2.03758,-0.49415,-1.9179,0.69423,78.574,3.608,1796.0
5.452028001000326,2.11591,1.51876,4.79115,-0.50389,-1.71992,0.80743,-2.87089,-0.23759,2.19013,-0.47061,-1.994,0.67211,78.591,3.0,2044.506
5.457028001000326,1.83035,1.66977,4.8993,-0.49253,-1.84327,0.82805,-3.31147,-0.27414,2.34267,-0.44707,-2.07011,0.64998,78.635,3.0,2677.183
5.462028001000326,1.58695,1.75916,5.03539,-0.46449,-1.98215,0.82879,-3.75206,-0.3107,2.49522,-0.42354,-2.14621,0.62786,78.679,2.803,3061.0
5.467028001000326,1.40854,1.75348,5.2146,-0.4107,-2.14496,0.79887,-4.19264,-0.34725,2.64776,-0.4,-2.22231,0.60573,78.723,2.304,3061.0
5.472028001000326,1.23014,1.74781,5.39381,-0.35692,-2.30777,0.76895,-4.46319,-0.35297,2.80556,-0.37646,-2.29842,0.58361,78.767,2.0,3704.879
5.477028001000327,1.05173,1.74214,5.57301,-0.30314,-2.47059,0.73903,-4.47079,-0.31101,2.9715,-0.35293,-2.37452,0.56148,78.811,2.0,5344.54
5.482028001000327,0.87333,1.73646,5.75222,-0.24936,-2.6334,0.70912,-4.47838,-0.26904,3.13743,-0.32939,-2.45062,0.53936,78.855,2.588,6342.0
5.4870280010003265,0.69492,1.73079,5.93143,-0.19557,-2.79621,0.6792,-4.48598,-0.22708,3.30336,-0.30585,-2.52673,0.51723,78.899,4.089,6342.0
5.492028001000326,0.46087,1.69191,6.2733,-0.15696,-2.91769,0.65656,-4.49357,-0.18512,3.46929,-0.28232,-2.60283,0.49511,78.943,5.0,6697.499
5.497028001000326,0.14088,1.60175,6.86639,-0.14177,-2.97535,0.64518,-4.50116,-0.14315,3.63522,-0.25878,-2.67893,0.47298,78.987,5.0,7601.993
5.502028001000326,-0.1791,1.51158,7.45949,-0.12658,-3.03302,0.63379,-4.50876,-0.10119,3.80116,-0.2227,-2.78175,0.45394,79.031,4.412,8152.0
5.507028001000326,-0.49909,1.42142,8.05258,-0.1114,-3.09068,0.6224,-4.51635,-0.05922,3.96709,-0.16715,-2.926,0.43967,79.075,2.911,8152.0
5.512028001000326,-0.73552,1.38388,8.52222,-0.09621,-3.14834,0.61102,-4.45474,-0.01782,4.21591,-0.1116,-3.07026,0.42541,79.102,2.0,8468.233
5.517028001000326,-0.843,1.42755,8.80136,-0.08102,-3.206,0.59963,-4.28635,0.02271,4.59264,-0.05605,-3.21452,0.41114,79.102,2.0,9272.441
5.522028001000327,-0.95049,1.47121,9.0805,-0.06584,-3.26366,0.58824,-4.11796,0.06325,4.96938,-0.01737,-3.32116,0.40265,79.136,2.195,9763.0
5.5270280010003265,-1.05798,1.51488,9.35965,-0.05065,-3.32132,0.57686,-3.94956,0.10378,5.34611,-0.0051,-3.36897,0.40318,79.224,2.696,9763.0
5.532028001000326,-1.16546,1.55854,9.63879,-0.03546,-3.37899,0.56547,-3.78117,0.14431,5.72284,0.00718,-3.41678,0.40372,79.295,3.0,9933.493
5.537028001000326,-1.27295,1.60221,9.91793,-0.02027,-3.43665,0.55408,-3.61278,0.18485,6.09958,0.01945,-3.46458,0.40425,79.339,3.0,10367.049
5.542028001000326,-1.38044,1.64587,10.19707,-0.00423,-3.49559,0.55122,-3.5107,0.24004,6.44057,0.03173,-3.51239,0.40479,79.382,3.0,10631.0
5.547028001000326,-1.48792,1.68954,10.47622,0.01314,-3.55652,0.56161,-3.51182,0.31806,6.72595,0.044,-3.5602,0.40532,79.426,3.0,10631.0
5.552028001000326,-1.58306,1.737,10.79947,0.03051,-3.61745,0.572,-3.51294,0.39608,7.01133,0.05628,-3.60801,0.40586,79.47,3.0,10863.546
5.557028001000326,-1.65915,1.79032,11.19085,0.04787,-3.67838,0.58239,-3.51406,0.47409,7.29671,0.06855,-3.65582,0.40639,79.514,3.0,11455.19
5.562028001000327,-1.73523,1.84364,11.58222,0.06524,-3.73931,0.59279,-3.51518,0.55211,7.58209,0.08083,-3.70362,0.40693,79.558,3.392,11815.0
5.567028001000327,-1.81131,1.89696,11.9736,0.08261,-3.80024,0.60318,-3.5163,0.63012,7.86747,0.0931,-3.75143,0.40746,79.602,4.393,11815.0
5.5720280010003265,-1.88739,1.95028,12.36498,0.09998,-3.86117,0.61357,-3.45521,0.74129,8.18877,0.10297,-3.78946,0.40491,79.629,5.0,12094.819
5.577028001000326,-1.96347,2.0036,12.75635,0.11735,-3.9221,0.62397,-3.29825,0.90354,8.56544,0.10912,-3.8124,0.39759,79.629,5.0,12805.866
5.582028001000326,-2.05357,2.04641,13.04617,0.12871,-3.96633,0.6235,-3.1413,1.06578,8.9421,0.11527,-3.83535,0.39026,79.646,4.413,13348.517
5.587028001000326,-2.16553,2.07283,13.17771,0.13069,-3.98453,0.60612,-2.98434,1.22803,9.31876,0.12142,-3.8583,0.38294,79.69,2.912,13628.72
5.592028001000326,-2.27748,2.09925,13.30925,0.13267,-4.00273,0.58874,-2.9022,1.3505,9.6082,0.12757,-3.88124,0.37562,79.734,2.588,13799.0
5.597028001000326,-2.38943,2.12568,13.44078,0.13466,-4.02093,0.57136,-2.93597,1.41134,9.76254,0.13372,-3.90419,0.3683,79.778,4.087,13799.0
5.602028001000327,-2.50138,2.1521,13.57232,0.13664,-4.03913,0.55398,-2.96973,1.47219,9.91688,0.13987,-3.92714,0.36098,79.805,5.0,13799.0
5.607028001000327,-2.61333,2.17852,13.70386,0.13863,-4.05733,0.5366,-3.0035,1.53303,10.07121,0.14603,-3.95008,0.35366,79.805,5.0,13799.0
5.6120280010003265,-2.72528,2.20494,13.8354,0.14061,-4.07554,0.51922,-3.03726,1.59387,10.22555,0.15218,-3.97303,0.34633,79.822,5.0,13855.928
5.617028001000326,-2.83723,2.23136,13.96694,0.14259,-4.09374,0.50183,-3.07102,1.65472,10.37988,0.15833,-3.99598,0.33901,79.866,5.0,14000.722
5.622028001000326,-2.93605,2.23643,14.12401,0.14738,-4.11942,0.47686,-3.10479,1.71556,10.53422,0.16339,-4.01997,0.31542,79.91,4.805,14229.275
5.627028001000326,-3.01438,2.20815,14.32097,0.15653,-4.15681,0.44004,-3.13855,1.77641,10.68855,0.16676,-4.04559,0.26643,79.954,4.304,14588.661
5.632028001000326,-3.0927,2.17987,14.51793,0.16568,-4.19419,0.40322,-3.19035,1.79813,10.80412,0.17013,-4.07122,0.21743,79.998,4.0,14807.0
5.637028001000326,-3.17103,2.15159,14.71488,0.17483,-4.23157,0.3664,-3.27006,1.75931,10.85968,0.17349,-4.09684,0.16844,80.042,4.0,14807.0
5.642028001000326,-3.24935,2.1233,14.91184,0.18398,-4.26896,0.32957,-3.34978,1.72049,10.91523,0.17686,-4.12247,0.11944,80.086,3.804,14807.0
5.647028001000327,-3.32768,2.09502,15.1088,0.19313,-4.30634,0.29275,-3.42949,1.68166,10.97079,0.18022,-4.14809,0.07045,80.13,3.304,14807.0
5.6520280010003265,-3.59307,2.02438,15.25544,0.19749,-4.31819,0.25706,-3.5092,1.64284,11.02634,0.18051,-4.15088,0.0239,80.173,3.0,14982.581
5.657028001000326,-4.14815,1.88816,15.32418,0.19442,-4.29051,0.22314,-3.58892,1.60402,11.0819,0.17604,-4.1183,-0.01885,80.217,3.0,15430.062
5.662028001000326,-4.70324,1.75194,15.39291,0.19135,-4.26282,0.18922,-3.66863,1.5652,11.13745,0.17156,-4.08573,-0.06161,80.261,3.391,15703.0
5.667028001000326,-5.25832,1.61571,15.46164,0.18828,-4.23514,0.15529,-3.74834,1.52637,11.19301,0.16709,-4.05316,-0.10436,80.305,4.392,15703.0
5.672028001000326,-5.63602,1.44583,15.54696,0.18521,-4.20745,0.12137,-3.71184,1.49038,11.38212,0.16261,-4.02058,-0.14711,80.349,5.0,15744.991
5.677028001000326,-5.7393,1.22389,15.65793,0.18214,-4.17977,0.08744,-3.49553,1.45878,11.77786,0.15814,-3.98801,-0.18986,80.393,5.0,15851.949
5.682028001000326,-5.84258,1.00194,15.76891,0.17907,-4.15209,0.05352,-3.27922,1.42717,12.17361,0.15366,-3.95543,-0.23262,80.437,4.804,15917.0
5.687028001000327,-5.94585,0.77999,15.87988,0.176,-4.1244,0.01959,-3.06291,1.39557,12.56935,0.14919,-3.92286,-0.27537,80.481,4.304,15917.0
5.692028001000327,-6.04913,0.55804,15.99086,0.17293,-4.09672,-0.01433,-2.83506,1.33428,12.86421,0.13789,-3.86503,-0.29028,80.542,4.0,15933.468
5.6970280010003265,-6.15241,0.3361,16.10183,0.16986,-4.06903,-0.04825,-2.58931,1.22698,13.0027,0.11601,-3.76805,-0.26204,80.63,4.0,15975.463
5.702028001000326,-6.25568,0.11415,16.2128,0.15482,-4.02666,-0.06615,-2.34356,1.11968,13.14119,0.09413,-3.67107,-0.2338,80.718,3.804,15955.923
5.707028001000326,-6.35896,-0.1078,16.32378,0.1212,-3.96149,-0.05918,-2.09781,1.01238,13.27968,0.07225,-3.5741,-0.20556,80.806,3.304,15840.896
5.712028001000326,-6.46,-0.19784,16.30678,0.08758,-3.89633,-0.05221,-1.85206,0.90508,13.41816,0.05037,-3.47712,-0.17732,80.894,3.0,15771.0
5.717028001000326,-6.55758,-0.08358,16.09159,0.05396,-3.83116,-0.04524,-1.60631,0.79777,13.55665,0.02849,-3.38014,-0.14908,80.982,3.0,15771.0
5.722028001000326,-6.65516,0.03068,15.8764,0.02034,-3.766,-0.03828,-1.36056,0.69047,13.69514,0.00662,-3.28316,-0.12084,81.07,2.608,15771.0
5.727028001000327,-6.75274,0.14493,15.66121,-0.01328,-3.70083,-0.03131,-1.11481,0.58317,13.83363,-0.01526,-3.18619,-0.09261,81.157,1.608,15771.0
5.732028001000327,-6.85033,0.25919,15.44602,-0.0469,-3.63567,-0.02434,-1.01759,0.48292,13.78417,-0.01445,-3.06799,-0.07043,81.263,1.0,15631.911
5.7370280010003265,-6.94791,0.37344,15.23083,-0.08051,-3.5705,-0.01737,-1.15132,0.39361,13.44251,0.02162,-2.91681,-0.0577,81.395,1.0,15276.574
5.742028001000326,-7.04549,0.4877,15.01564,-0.11413,-3.50533,-0.0104,-1.28504,0.30431,13.10084,0.0577,-2.76563,-0.04496,81.509,1.589,14949.491
5.747028001000326,-7.14307,0.60195,14.80045,-0.14775,-3.44017,-0.00343,-1.41876,0.21501,12.75918,0.09377,-2.61444,-0.03223,81.597,3.086,14665.987
5.752028001000326,-7.29026,0.82106,14.46538,-0.15228,-3.34316,-0.00032,-1.55666,0.20346,12.46269,0.12985,-2.46326,-0.01949,81.685,3.219,14493.0
5.757028001000326,-7.51511,1.20428,13.94267,-0.11126,-3.1963,-0.00324,-1.7011,0.31364,12.2369,0.16592,-2.31208,-0.00675,81.773,1.216,14493.0
5.762028001000326,-7.73996,1.5875,13.41996,-0.07025,-3.04945,-0.00617,-1.84554,0.42382,12.01112,0.18866,-2.16574,-0.01069,81.861,0.0,14493.0
5.767028001000326,-7.96481,1.97072,12.89726,-0.02923,-2.90259,-0.00909,-1.98998,0.53399,11.78533,0.19083,-2.02687,-0.04036,81.948,0.0,14493.0
5.772028001000327,-8.18966,2.35394,12.37455,0.01179,-2.75574,-0.01202,-2.13442,0.64417,11.55954,0.19299,-1.888,-0.07002,82.036,0.0,14388.753
5.7770280010003265,-8.41451,2.73716,11.85184,0.0528,-2.60888,-0.01494,-2.27886,0.75435,11.33376,0.19516,-1.74913,-0.09969,82.124,0.0,14120.813
5.782028001000326,-8.76149,2.86452,11.4435,0.07943,-2.41964,-0.03924,-2.4233,0.86452,11.10797,0.19732,-1.61026,-0.12935,82.212,0.588,13878.616
5.787028001000326,-9.29762,2.5956,11.21228,0.08378,-2.16478,-0.09663,-2.56774,0.9747,10.88219,0.19949,-1.47139,-0.15902,82.3,2.087,13676.287
5.792028001000326,-9.83374,2.32668,10.98106,0.08813,-1.90991,-0.15402,-2.64713,1.06888,10.7831,0.20165,-1.33252,-0.18868,82.371,3.0,13553.0
5.797028001000326,-10.36987,2.05776,10.74984,0.09248,-1.65504,-0.21141,-2.62507,1.13809,10.88164,0.20381,-1.19365,-0.21835,82.415,3.0,13553.0
5.802028001000326,-10.90599,1.78884,10.51863,0.09683,-1.40017,-0.2688,-2.603,1.20731,10.98018,0.20598,-1.05478,-0.24801,82.459,2.609,13553.0
5.807028001000326,-11.44211,1.51992,10.28741,0.10118,-1.1453,-0.32619,-2.58093,1.27653,11.07872,0.20814,-0.91592,-0.27768,82.503,1.609,13553.0
5.812028001000327,-11.98873,1.31005,10.17484,0.09964,-0.90038,-0.33892,-2.55886,1.34575,11.17725,0.20412,-0.74509,-0.26866,82.546,1.0,13430.538
5.817028001000327,-12.55167,1.19217,10.24709,0.0889,-0.67096,-0.28208,-2.53679,1.41497,11.27579,0.19047,-0.52449,-0.19939,82.59,1.0,13117.306
5.8220280010003265,-13.11462,1.07429,10.31934,0.07817,-0.44154,-0.22524,-2.51472,1.48419,11.37433,0.17682,-0.30389,-0.13011,82.583,0.804,12927.0
5.827028001000326,-13.67757,0.95641,10.39159,0.06743,-0.21212,-0.1684,-2.49265,1.55341,11.47287,0.16317,-0.08329,-0.06084,82.495,0.304,12927.0
5.832028001000326,-14.24052,0.83853,10.46384,0.0567,0.0173,-0.11157,-2.29886,1.42468,11.84079,0.14952,0.13732,0.00843,82.424,0.0,13928.6
5.837028001000326,-14.80347,0.72065,10.53609,0.04596,0.24672,-0.05473,-1.83811,0.98825,12.62748,0.13587,0.35792,0.07771,82.38,0.0,16487.199
5.842028001000326,-14.55461,0.62876,10.63594,0.03523,0.47614,0.00211,-1.37737,0.55181,13.41417,0.12221,0.57852,0.14698,82.336,2.542,18044.0
5.847028001000326,-13.04421,0.57726,10.77868,0.0245,0.70556,0.05895,-0.91662,0.11537,14.20086,0.10856,0.79912,0.21626,82.292,9.035,18044.0
5.852028001000327,-11.53381,0.52576,10.92143,0.01376,0.93498,0.11579,-0.45588,-0.32107,14.98755,0.09491,1.01973,0.28553,82.231,13.0,19036.209
5.857028001000327,-10.0234,0.47426,11.06417,0.00303,1.1644,0.17262,0.00486,-0.75751,15.77424,0.08126,1.24033,0.35481,82.143,13.0,21584.941
5.8620280010003265,-8.513,0.42276,11.20691,-0.00771,1.39383,0.22946,0.54368,-0.95533,15.88729,0.0817,1.40126,0.3976,82.038,11.048,23139.0
5.867028001000326,-7.00259,0.37126,11.34965,-0.01844,1.62325,0.2863,1.20446,-0.78034,14.94786,0.10416,1.46897,0.39902,81.907,6.047,23139.0
5.872028001000326,-5.49219,0.31976,11.49239,-0.0327,1.80122,0.30484,1.86525,-0.60535,14.00842,0.12661,1.53669,0.40044,81.757,3.0,23520.497
5.877028001000326,-3.98179,0.26825,11.63513,-0.05245,1.89899,0.26366,2.52603,-0.43036,13.06899,0.14907,1.6044,0.40186,81.581,3.0,24496.9
5.882028001000326,-2.63407,0.22258,11.67142,-0.0722,1.99675,0.22247,3.18682,-0.25537,12.12956,0.17152,1.67211,0.40328,81.406,3.196,25090.0
5.887028001000326,-1.53808,0.18593,11.54297,-0.09195,2.09451,0.18129,3.8476,-0.08038,11.19012,0.19398,1.73982,0.40469,81.23,3.696,25090.0
5.892028001000326,-0.44208,0.14928,11.41452,-0.1117,2.19227,0.14011,4.28648,0.14495,10.39348,0.20244,1.78588,0.39235,81.054,4.0,25243.659
5.897028001000327,0.65391,0.11262,11.28607,-0.13145,2.29003,0.09892,4.37974,0.44869,9.81924,0.18911,1.79822,0.35856,80.879,4.0,25636.632
5.9020280010003265,1.7499,0.07597,11.15762,-0.13623,2.34865,0.06067,4.473,0.75244,9.24499,0.17578,1.81055,0.32477,80.72,4.585,25876.0
5.907028001000326,2.84589,0.03932,11.02918,-0.11767,2.34626,0.02697,4.56627,1.05618,8.67075,0.16245,1.82289,0.29098,80.588,6.083,25876.0
5.912028001000326,3.36207,0.07424,10.91009,-0.0991,2.34388,-0.00672,4.35776,1.20937,8.27707,0.14912,1.83523,0.25719,80.474,7.0,25928.265
5.917028001000326,2.96273,0.22218,10.80579,-0.08054,2.34149,-0.04042,3.67277,1.12482,8.1685,0.13579,1.84756,0.2234,80.386,7.0,26063.056
5.922028001000326,2.5634,0.37011,10.70149,-0.06198,2.3391,-0.07411,2.98778,1.04027,8.05993,0.12247,1.8599,0.18961,80.315,6.412,26145.0
5.927028001000326,2.16406,0.51805,10.59719,-0.04342,2.33672,-0.10781,2.30278,0.95572,7.95136,0.10914,1.87223,0.15582,80.271,4.914,26145.0
5.932028001000326,1.76472,0.66598,10.49289,-0.02486,2.33433,-0.1415,1.61779,0.87118,7.84279,0.09581,1.88457,0.12203,80.227,4.0,26129.374
5.937028001000327,1.36538,0.81392,10.38859,-0.0063,2.33194,-0.1752,0.9328,0.78663,7.73422,0.08248,1.89691,0.08824,80.183,4.0,26089.328
5.942028001000327,1.1433,0.896,10.57064,0.01097,2.23708,-0.19638,0.2478,0.70208,7.62565,0.06915,1.90924,0.05445,80.191,4.0,26065.0
5.9470280010003265,1.19557,0.87616,11.19587,0.02625,1.99909,-0.1982,-0.43719,0.61753,7.51708,0.05582,1.92158,0.02066,80.279,4.0,26065.0
5.952028001000326,1.24784,0.85631,11.8211,0.04152,1.76111,-0.20003,-1.31699,0.68349,7.64863,0.05008,1.89944,-0.04169,80.384,4.0,26082.617
5.957028001000326,1.3001,0.83647,12.44633,0.0568,1.52312,-0.20185,-2.49998,0.9837,8.15391,0.05616,1.82365,-0.14851,80.516,4.0,26127.654
5.962028001000326,1.35237,0.81663,13.07157,0.07207,1.28514,-0.20367,-3.68297,1.28391,8.65918,0.06223,1.74785,-0.25533,80.63,231.396,26155.0
5.967028001000326,1.40463,0.79678,13.6968,0.08735,1.04715,-0.20549,-4.86597,1.58411,9.16445,0.06831,1.67205,-0.36215,80.718,810.297,26155.0
5.972028001000326,1.4095,0.87852,13.74956,0.09851,0.88746,-0.21196,-6.04896,1.88432,9.66972,0.07439,1.59626,-0.46897,80.823,1163.0,26113.735
5.977028001000327,1.34047,1.11863,12.90971,0.10326,0.84985,-0.22566,-7.23195,2.18453,10.17499,0.08047,1.52046,-0.57578,80.955,1163.0,26008.128
5.982028001000327,1.27143,1.35875,12.06986,0.108,0.81224,-0.23936,-7.2853,2.36528,10.40173,0.07457,1.43677,-0.65088,81.052,1763.205,25944.0
5.9870280010003265,1.2024,1.59887,11.23001,0.11275,0.77463,-0.25306,-5.59217,2.36136,10.19784,0.05017,1.34087,-0.67692,81.096,3291.35,25944.0
5.992028001000326,1.21389,1.72216,10.6883,0.1175,0.73702,-0.26677,-3.89904,2.35743,9.99395,0.02577,1.24496,-0.70297,81.173,4246.0,25971.639
5.997028001000326,1.35942,1.65098,10.64288,0.12224,0.69941,-0.28047,-2.20591,2.3535,9.79006,0.00136,1.14906,-0.72901,81.306,4246.0,26045.285
6.002028001000326,1.50496,1.5798,10.59746,0.12699,0.6618,-0.29417,-0.51278,2.34958,9.58617,-0.02304,1.05316,-0.75505,81.421,4473.209,26090.0
6.007028001000326,1.65049,1.50862,10.55204,0.13173,0.62419,-0.30787,1.18035,2.34565,9.38228,-0.04745,0.95726,-0.7811,81.509,5051.569,26090.0
6.012028001000326,1.79603,1.43744,10.50662,0.13648,0.58658,-0.32158,2.20065,2.16542,9.25832,-0.04937,0.88549,-0.76313,81.631,5404.0,26102.114
6.017028001000327,1.94157,1.36626,10.4612,0.14123,0.54897,-0.33528,2.1714,1.71017,9.25905,-0.01621,0.85135,-0.67652,81.807,5404.0,26133.124
6.022028001000327,2.0871,1.29509,10.41578,0.14216,0.51157,-0.3318,2.14214,1.25492,9.25978,0.01694,0.81722,-0.5899,81.948,5780.779,26152.0
6.0270280010003265,2.23264,1.22391,10.37037,0.13717,0.47448,-0.30159,2.11289,0.79967,9.2605,0.05009,0.78308,-0.50328,82.036,6743.63,26152.0
6.032028001000326,2.25344,1.18371,10.35147,0.13218,0.43739,-0.27138,2.08363,0.34442,9.26123,0.08324,0.74894,-0.41666,82.124,7329.0,26138.078
6.037028001000326,2.08082,1.19156,10.3737,0.12718,0.4003,-0.24117,2.05438,-0.11083,9.26196,0.1164,0.71481,-0.33005,82.212,7329.0,26102.567
6.042028001000326,1.9082,1.1994,10.39593,0.12219,0.36322,-0.21096,1.83451,-0.21914,9.31695,0.13432,0.69084,-0.27337,82.317,7534.763,26081.0
6.047028001000326,1.73558,1.20725,10.41817,0.1172,0.32613,-0.18076,1.31981,0.20918,9.45586,0.12871,0.6826,-0.26299,82.45,8058.786,26081.0
6.052028001000326,1.56296,1.21509,10.4404,0.11032,0.29721,-0.16016,0.80511,0.63749,9.59477,0.1231,0.67437,-0.25261,82.547,8375.0,26108.908
6.057028001000326,1.39034,1.22294,10.46263,0.10057,0.28071,-0.15418,0.29041,1.06581,9.73368,0.11748,0.66613,-0.24223,82.591,8375.0,26179.284
6.062028001000327,1.21772,1.23079,10.48486,0.09081,0.26422,-0.14821,-0.2243,1.49412,9.87259,0.11187,0.65789,-0.23185,82.669,8581.146,26222.0
6.067028001000327,1.04509,1.23863,10.50709,0.08106,0.24772,-0.14224,-0.739,1.92244,10.0115,0.10625,0.64965,-0.22147,82.801,9105.666,26222.0
6.0720280010003265,0.87142,1.25676,10.52959,0.07131,0.23123,-0.13626,-0.99419,2.15118,10.1023,0.10064,0.64141,-0.21109,82.932,9425.0,26222.0
6.077028001000326,0.69612,1.29089,10.5525,0.06156,0.21473,-0.13029,-0.84549,2.06932,10.11822,0.09502,0.63318,-0.20071,83.064,9425.0,26222.0
6.082028001000326,0.52082,1.32503,10.57541,0.0518,0.19824,-0.12431,-0.69679,1.98746,10.13415,0.08941,0.62494,-0.19033,83.196,9520.405,26222.0
6.087028001000326,0.34552,1.35916,10.59832,0.04205,0.18175,-0.11834,-0.54809,1.9056,10.15008,0.08379,0.6167,-0.17995,83.328,9763.487,26222.0
6.092028001000326,0.17022,1.3933,10.62123,0.0323,0.16525,-0.11236,-0.3994,1.82374,10.16601,0.07818,0.60846,-0.16957,83.477,9911.0,26196.676
6.097028001000326,-0.00508,1.42743,10.64414,0.02255,0.14876,-0.10639,-0.2507,1.74188,10.18193,0.07256,0.60022,-0.15919,83.653,9911.0,26132.264
6.102028001000327,-0.13809,1.4315,10.66133,0.01255,0.13524,-0.09726,-0.102,1.66002,10.19786,0.06695,0.59198,-0.14881,83.828,10065.227,26087.918
6.107028001000327,-0.20506,1.38864,10.6696,0.00216,0.12638,-0.08319,0.04669,1.57816,10.21379,0.06133,0.58375,-0.13843,84.004,10460.24,26074.901
6.1120280010003265,-0.27203,1.34577,10.67786,-0.00824,0.11751,-0.06913,0.1037,1.5334,10.22708,0.05516,0.58176,-0.12091,84.163,10700.0,26067.0
6.117028001000326,-0.33901,1.30291,10.68613,-0.01863,0.10865,-0.05506,0.01911,1.54592,10.23629,0.04811,0.58943,-0.09239,84.295,10700.0,26067.0
6.122028001000326,-0.40598,1.26005,10.69439,-0.02902,0.09979,-0.041,-0.06548,1.55844,10.2455,0.04107,0.59711,-0.06386,84.444,10875.125,26067.0
6.127028001000326,-0.47295,1.21719,10.70266,-0.03941,0.09092,-0.02693,-0.15007,1.57097,10.2547,0.03403,0.60478,-0.03533,84.62,11322.503,26067.0
6.132028001000326,-0.53993,1.17432,10.71092,-0.0498,0.08206,-0.01287,-0.23466,1.58349,10.26391,0.02699,0.61245,-0.0068,84.796,11594.0,26031.476
6.137028001000326,-0.6069,1.13146,10.71919,-0.06019,0.0732,0.0012,-0.31925,1.59601,10.27312,0.01994,0.62013,0.02173,84.971,11594.0,25941.116
6.142028001000327,-0.657,1.13355,10.70727,-0.06813,0.06836,0.00924,-0.40384,1.60854,10.28233,0.0129,0.6278,0.05026,85.164,11705.729,25886.0
6.147028001000327,-0.68071,1.20595,10.66378,-0.07223,0.06981,0.00787,-0.48843,1.62106,10.29154,0.00586,0.63547,0.07879,85.384,11992.181,25886.0
6.1520280010003265,-0.70442,1.27835,10.6203,-0.07634,0.07126,0.00651,-0.59426,1.62991,10.28238,-0.002,0.63972,0.09572,85.569,12166.0,25858.694
6.157028001000326,-0.72813,1.35074,10.57681,-0.08045,0.07272,0.00514,-0.73287,1.63309,10.24486,-0.01113,0.63869,0.09474,85.701,12166.0,25789.247
6.162028001000326,-0.71915,1.38148,10.54165,-0.08455,0.07417,0.00377,-0.87147,1.63627,10.20734,-0.02025,0.63766,0.09376,85.833,12207.115,25747.0
6.167028001000326,-0.65939,1.34751,10.51942,-0.08866,0.07563,0.0024,-1.01008,1.63945,10.16982,-0.02938,0.63663,0.09278,85.965,12312.09,25747.0
6.172028001000326,-0.59963,1.31355,10.4972,-0.09276,0.07708,0.00104,-1.10546,1.62101,10.13846,-0.03671,0.62946,0.08896,86.097,12376.0,25703.373
6.177028001000326,-0.53987,1.27958,10.47497,-0.09687,0.07853,-0.00033,-1.13357,1.56893,10.11668,-0.04127,0.61274,0.08071,86.228,12376.0,25591.848
6.182028001000326,-0.48011,1.24561,10.45275,-0.10098,0.07999,-0.0017,-1.16169,1.51684,10.0949,-0.04583,0.59601,0.07247,86.36,12529.27,25524.0
6.187028001000327,-0.42035,1.21164,10.43052,-0.10508,0.08144,-0.00307,-1.1898,1.46476,10.07312,-0.05038,0.57928,0.06422,86.492,12920.635,25524.0
6.192028001000327,-0.36059,1.17767,10.4083,-0.10845,0.08481,-0.0053,-1.22562,1.41555,10.04888,-0.05494,0.56255,0.05597,86.607,13158.0,25492.99
6.1970280010003265,-0.30083,1.1437,10.38607,-0.11066,0.09112,-0.00885,-1.27333,1.37077,10.02087,-0.0595,0.54583,0.04772,86.694,13158.0,25414.183
6.202028001000326,-0.25455,1.11914,10.36599,-0.11288,0.09743,-0.0124,-1.32103,1.32599,9.99286,-0.06406,0.5291,0.03948,86.799,13243.687,25366.0
6.207028001000326,-0.22947,1.10939,10.34928,-0.1151,0.10375,-0.01595,-1.36873,1.28121,9.96485,-0.06861,0.51237,0.03123,86.932,13464.191,25366.0
6.212028001000326,-0.2044,1.09964,10.33257,-0.11732,0.11006,-0.0195,-1.41643,1.23644,9.93684,-0.06894,0.49612,0.01977,87.046,13598.0,25336.544
6.217028001000326,-0.17933,1.08989,10.31586,-0.11954,0.11637,-0.02305,-1.46413,1.19166,9.90883,-0.06274,0.4806,0.00335,87.134,13598.0,25261.624
6.222028001000326,-0.15426,1.08014,10.29915,-0.11727,0.12315,-0.0281,-1.51183,1.14688,9.88083,-0.05654,0.46508,-0.01307,87.205,13734.711,25216.0
6.227028001000327,-0.12919,1.07039,10.28244,-0.10802,0.13065,-0.03549,-1.55953,1.1021,9.85282,-0.05034,0.44956,-0.02949,87.249,14084.332,25216.0
6.232028001000327,-0.1056,1.06543,10.2725,-0.09877,0.13815,-0.04287,-1.54844,1.06461,9.83824,-0.04414,0.43404,-0.04591,87.293,14298.0,25195.754
6.2370280010003265,-0.08437,1.06799,10.27322,-0.08952,0.14565,-0.05026,-1.44495,1.03857,9.84479,-0.03794,0.41852,-0.06233,87.337,14298.0,25143.688
6.242028001000326,-0.06313,1.07055,10.27394,-0.08027,0.15314,-0.05764,-1.34146,1.01253,9.85134,-0.03174,0.403,-0.07875,87.38,14395.938,25112.0
6.247028001000326,-0.04189,1.07312,10.27466,-0.07102,0.16064,-0.06503,-1.23797,0.98649,9.85789,-0.02554,0.38748,-0.09517,87.424,14646.172,25112.0
6.252028001000326,-0.02065,1.07568,10.27537,-0.06177,0.16814,-0.07242,-1.13448,0.96045,9.86444,-0.02144,0.37552,-0.10597,87.468,14798.0,25082.177
6.257028001000326,0.00059,1.07825,10.27609,-0.05252,0.17564,-0.0798,-1.03099,0.93441,9.87099,-0.02057,0.36906,-0.10809,87.512,14798.0,25006.341
6.262028001000326,0.02327,1.07459,10.28014,-0.0461,0.18357,-0.08491,-0.9275,0.90838,9.87755,-0.01971,0.36259,-0.11022,87.556,14926.803,24960.0
6.267028001000327,0.04822,1.06116,10.28942,-0.04414,0.19217,-0.08643,-0.82401,0.88234,9.8841,-0.01884,0.35613,-0.11234,87.6,15257.975,24960.0
6.272028001000327,0.07317,1.04773,10.2987,-0.04218,0.20078,-0.08796,-0.75947,0.89619,9.90501,-0.01798,0.34967,-0.11447,87.627,15459.0,24953.929
6.2770280010003265,0.09812,1.0343,10.30799,-0.04022,0.20938,-0.08948,-0.7551,0.97167,9.94813,-0.01711,0.34321,-0.11659,87.627,15459.0,24938.479
6.282028001000326,0.12306,1.02087,10.31727,-0.03825,0.21799,-0.09101,-0.75074,1.04715,9.99125,-0.01625,0.33674,-0.11872,87.644,15483.432,24929.0
6.287028001000326,0.14801,1.00745,10.32655,-0.03629,0.22659,-0.09253,-0.74637,1.12263,10.03436,-0.01538,0.33028,-0.12084,87.688,15546.657,24929.0
6.292028001000326,0.17296,0.99402,10.33583,-0.03433,0.2352,-0.09406,-0.73106,1.17101,10.05989,-0.01511,0.32691,-0.12139,87.715,15585.0,24894.015
6.297028001000326,0.19791,0.98059,10.34511,-0.03237,0.2438,-0.09558,-0.6989,1.17764,10.05832,-0.01577,0.32831,-0.11951,87.715,15585.0,24805.117
6.302028001000326,0.20724,0.98076,10.35607,-0.03116,0.25122,-0.09634,-0.66674,1.18426,10.05676,-0.01642,0.32971,-0.11763,87.715,15636.491,24701.663
6.307028001000326,0.19227,1.00209,10.36963,-0.03112,0.25681,-0.09591,-0.63458,1.19088,10.05519,-0.01707,0.3311,-0.11575,87.715,15768.098,24575.56
6.312028001000327,0.1773,1.02342,10.3832,-0.03108,0.26239,-0.09548,-0.60242,1.1975,10.05362,-0.01772,0.3325,-0.11387,87.732,15848.0,24499.0
6.317028001000327,0.16233,1.04476,10.39676,-0.03104,0.26798,-0.09504,-0.57026,1.20412,10.05206,-0.01837,0.3339,-0.11199,87.776,15848.0,24499.0
6.3220280010003265,0.14736,1.06609,10.41033,-0.031,0.27356,-0.09461,-0.5381,1.21074,10.05049,-0.01902,0.33529,-0.11011,87.803,15926.289,24499.0
6.327028001000326,0.1324,1.08742,10.4239,-0.03097,0.27914,-0.09418,-0.50594,1.21736,10.04892,-0.01967,0.33669,-0.10823,87.803,16125.666,24499.0
6.332028001000326,0.12959,1.08481,10.4394,-0.03238,0.28683,-0.09448,-0.47378,1.22398,10.04735,-0.02033,0.33809,-0.10635,87.803,16249.0,24464.852
6.337028001000326,0.14651,1.04338,10.45805,-0.03614,0.29793,-0.09599,-0.44162,1.23061,10.04579,-0.02098,0.33949,-0.10447,87.803,16249.0,24375.32
6.342028001000326,0.16343,1.00195,10.4767,-0.03991,0.30904,-0.0975,-0.40105,1.23819,10.06612,-0.02382,0.34506,-0.10202,87.82,16390.294,24321.0
6.347028001000326,0.18035,0.96052,10.49535,-0.04367,0.32014,-0.099,-0.3475,1.24727,10.12022,-0.03004,0.35706,-0.0987,87.864,16749.56,24321.0
6.352028001000327,0.17932,0.94272,10.50706,-0.04744,0.33124,-0.10051,-0.29394,1.25636,10.17432,-0.03625,0.36906,-0.09537,87.891,16971.0,24271.479
6.357028001000327,0.14943,0.96289,10.50762,-0.0512,0.34235,-0.10202,-0.24039,1.26544,10.22843,-0.04247,0.38106,-0.09205,87.891,16971.0,24142.394
6.3620280010003265,0.11954,0.98305,10.50819,-0.05497,0.35345,-0.10352,-0.21179,1.29701,10.26065,-0.04869,0.39307,-0.08872,87.891,16952.755,24064.0
6.367028001000326,0.08966,1.00322,10.50875,-0.05873,0.36455,-0.10503,-0.22179,1.36336,10.25903,-0.05491,0.40507,-0.0854,87.891,16906.293,24064.0
6.372028001000326,0.05977,1.02338,10.50931,-0.0625,0.37565,-0.10654,-0.23179,1.4297,10.25742,-0.06053,0.41929,-0.08457,87.891,16878.0,23981.798
6.377028001000326,0.02988,1.04355,10.50988,-0.06626,0.38676,-0.10805,-0.24179,1.49605,10.2558,-0.06521,0.43696,-0.08762,87.891,16878.0,23771.584
6.382028001000326,-0.0,1.06371,10.51044,-0.06978,0.40274,-0.10997,-0.25179,1.5624,10.25419,-0.0699,0.45464,-0.09067,87.891,17017.777,23644.0
6.387028001000326,-0.02989,1.08388,10.511,-0.07293,0.42625,-0.11254,-0.26179,1.62875,10.25257,-0.07459,0.47231,-0.09372,87.891,17373.375,23644.0
6.392028001000327,-0.05978,1.10404,10.51157,-0.07608,0.44975,-0.1151,-0.21052,1.64892,10.24948,-0.07927,0.48998,-0.09678,87.891,17585.0,23581.016
6.397028001000327,-0.08966,1.12421,10.51213,-0.07923,0.47326,-0.11767,-0.06921,1.60121,10.2442,-0.08396,0.50766,-0.09983,87.891,17585.0,23425.454
6.4020280010003265,-0.11096,1.13707,10.49902,-0.08238,0.49677,-0.12023,0.0721,1.55351,10.23893,-0.08865,0.52533,-0.10288,87.891,17580.293,23331.0
6.407028001000326,-0.11897,1.13865,10.46476,-0.08553,0.52028,-0.1228,0.21341,1.5058,10.23366,-0.09333,0.54301,-0.10593,87.891,17568.309,23331.0
6.412028001000326,-0.12698,1.14022,10.43051,-0.08867,0.54379,-0.12537,0.35472,1.45809,10.22839,-0.09802,0.56068,-0.10898,87.891,17561.0,23245.254
6.417028001000326,-0.135,1.1418,10.39626,-0.09182,0.5673,-0.12793,0.49603,1.41038,10.22312,-0.10271,0.57835,-0.11203,87.891,17561.0,23025.436
6.422028001000326,-0.14621,1.13004,10.37852,-0.09375,0.59347,-0.12852,0.58768,1.36701,10.22647,-0.10691,0.60384,-0.11356,87.891,17693.983,22818.732
6.427028001000326,-0.16237,1.09768,10.38627,-0.09379,0.62375,-0.12606,0.60262,1.33035,10.24313,-0.11038,0.64141,-0.11275,87.891,18032.385,22632.286
6.432028001000326,-0.17853,1.06533,10.39403,-0.09383,0.65403,-0.1236,0.61755,1.29368,10.25978,-0.11384,0.67897,-0.11193,87.891,18238.0,22519.0
6.437028001000327,-0.19469,1.03297,10.40178,-0.09387,0.6843,-0.12113,0.63249,1.25702,10.27644,-0.11731,0.71653,-0.11111,87.891,18238.0,22519.0
6.442028001000327,-0.21085,1.00061,10.40954,-0.09391,0.71458,-0.11867,0.64742,1.22035,10.2931,-0.12077,0.75409,-0.11029,87.891,18270.351,22519.0
6.4470280010003265,-0.22701,0.96825,10.41729,-0.09395,0.74486,-0.11621,0.66236,1.18369,10.30976,-0.12423,0.79165,-0.10947,87.891,18354.086,22519.0
6.452028001000326,-0.24317,0.93589,10.42504,-0.09399,0.77513,-0.11374,0.67729,1.14702,10.32642,-0.1277,0.82922,-0.10865,87.891,18408.0,22462.684
6.457028001000326,-0.25933,0.90353,10.4328,-0.09403,0.80541,-0.11128,0.69223,1.11036,10.34308,-0.13116,0.86678,-0.10783,87.891,18408.0,22304.552
6.462028001000326,-0.2755,0.87118,10.44055,-0.09407,0.83569,-0.10882,0.65309,1.11805,10.354,-0.13506,0.90403,-0.107,87.891,18427.821,22208.0
6.467028001000326,-0.29166,0.83882,10.44831,-0.09411,0.86597,-0.10635,0.52918,1.19529,10.35593,-0.13964,0.94079,-0.10616,87.891,18478.721,22208.0
6.472028001000326,-0.36863,0.86899,10.47521,-0.0977,0.90373,-0.10618,0.40527,1.27253,10.35786,-0.14421,0.97756,-0.10532,87.891,18509.0,22106.263
6.477028001000327,-0.53492,0.991,10.53024,-0.1065,0.9525,-0.10938,0.28136,1.34977,10.35979,-0.14879,1.01432,-0.10448,87.891,18509.0,21855.129
6.482028001000327,-0.66979,1.07257,10.64163,-0.11531,1.00126,-0.11257,0.15564,1.40597,10.40941,-0.15337,1.05108,-0.10364,87.891,18508.414,21702.0
6.4870280010003265,-0.75557,1.09094,10.84109,-0.12411,1.05003,-0.11576,0.02709,1.42931,10.53357,-0.15795,1.08784,-0.1028,87.891,18506.912,21702.0
6.492028001000326,-0.84135,1.10931,11.04055,-0.13292,1.0988,-0.11896,-0.10147,1.45266,10.65773,-0.16252,1.12461,-0.10196,87.891,18506.0,21678.443
6.497028001000326,-0.92713,1.12768,11.24001,-0.14173,1.14756,-0.12215,-0.23002,1.476,10.78188,-0.1671,1.16137,-0.10112,87.891,18506.0,21618.531
6.502028001000326,-1.01291,1.14605,11.43947,-0.14936,1.19057,-0.12385,-0.35857,1.49934,10.90604,-0.17215,1.19353,-0.10184,87.891,18610.147,21582.0
6.507028001000326,-1.09868,1.16442,11.63892,-0.15516,1.2246,-0.12322,-0.48712,1.52268,11.0302,-0.17793,1.2185,-0.10501,87.891,18877.015,21582.0
6.512028001000326,-1.15359,1.17784,11.7739,-0.16097,1.25862,-0.12259,-0.61568,1.54602,11.15435,-0.18371,1.24347,-0.10818,87.891,19040.0,21558.823
6.517028001000327,-1.16006,1.18351,11.80771,-0.16677,1.29264,-0.12197,-0.74423,1.56936,11.27851,-0.18949,1.26844,-0.11135,87.891,19040.0,21499.284
6.522028001000327,-1.16653,1.18918,11.84152,-0.17258,1.32666,-0.12134,-0.81066,1.57379,11.36516,-0.19526,1.29342,-0.11452,87.891,19045.863,21463.0
6.5270280010003265,-1.173,1.19484,11.87534,-0.17838,1.36069,-0.12071,-0.78015,1.54869,11.39331,-0.20104,1.31839,-0.11769,87.891,19060.875,21463.0
6.532028001000326,-1.17947,1.20051,11.90915,-0.18418,1.39471,-0.12008,-0.74964,1.52359,11.42145,-0.20682,1.34336,-0.12086,87.891,19070.0,21327.275
6.537028001000326,-1.18593,1.20617,11.94296,-0.18999,1.42873,-0.11945,-0.71913,1.49849,11.4496,-0.2126,1.36833,-0.12403,87.891,19070.0,20981.194
6.542028001000326,-1.1924,1.21184,11.97677,-0.19723,1.46358,-0.12009,-0.68862,1.47339,11.47774,-0.21838,1.3933,-0.1272,87.874,19235.715,20769.0
6.547028001000326,-1.19887,1.2175,12.01058,-0.20675,1.49973,-0.12275,-0.65811,1.4483,11.50588,-0.22416,1.41827,-0.13037,87.829,19664.068,20769.0
6.552028001000326,-1.14147,1.2515,12.07609,-0.21626,1.53589,-0.1254,-0.61047,1.44814,11.55459,-0.22776,1.4443,-0.12755,87.803,19924.0,20696.527
6.557028001000326,-0.98548,1.32924,12.19052,-0.22578,1.57205,-0.12806,-0.53639,1.48647,11.63503,-0.22798,1.47195,-0.11547,87.803,19924.0,20512.205
6.562028001000327,-0.8295,1.40697,12.30495,-0.2353,1.6082,-0.13072,-0.46231,1.52481,11.71547,-0.2282,1.49961,-0.1034,87.786,20092.528,20400.0
6.567028001000327,-0.67352,1.4847,12.41938,-0.24481,1.64436,-0.13337,-0.38823,1.56314,11.79591,-0.22843,1.52726,-0.09133,87.742,20523.262,20400.0
6.5720280010003265,-0.51753,1.56244,12.53381,-0.25433,1.68051,-0.13603,-0.31415,1.60148,11.87635,-0.22865,1.55491,-0.07925,87.698,20785.0,20102.367
6.577028001000326,-0.36155,1.64017,12.64824,-0.26385,1.71667,-0.13868,-0.24007,1.63981,11.95679,-0.22887,1.58257,-0.06718,87.654,20785.0,19343.77
6.582028001000326,-0.27351,1.6904,12.77362,-0.26879,1.76896,-0.13685,-0.16599,1.67815,12.03722,-0.22909,1.61022,-0.0551,87.593,21031.847,18882.0
6.587028001000326,-0.29118,1.69785,12.91606,-0.26661,1.84633,-0.12804,-0.0919,1.71648,12.11766,-0.22932,1.63787,-0.04303,87.505,21662.712,18882.0
6.592028001000326,-0.30885,1.7053,13.05849,-0.26443,1.92371,-0.11923,-0.00155,1.70323,12.20661,-0.22307,1.67224,-0.02602,87.434,22047.0,18401.779
6.597028001000326,-0.32652,1.71274,13.20092,-0.26225,2.00109,-0.11042,0.11416,1.60958,12.3088,-0.20674,1.71707,-0.00132,87.39,22047.0,17173.137
6.602028001000327,-0.34419,1.72019,13.34336,-0.26007,2.07847,-0.10161,0.22987,1.51592,12.411,-0.19041,1.76191,0.02337,87.329,22140.551,16425.0
6.607028001000327,-0.36186,1.72764,13.48579,-0.2579,2.15585,-0.0928,0.34558,1.42227,12.5132,-0.17408,1.80674,0.04807,87.241,22379.758,16425.0
6.6120280010003265,-0.41074,1.70961,13.57759,-0.24694,2.22887,-0.09889,0.46129,1.32862,12.61539,-0.15775,1.85157,0.07276,87.136,22525.0,15933.905
6.617028001000326,-0.50784,1.65222,13.59113,-0.22242,2.29518,-0.12802,0.577,1.23496,12.71759,-0.14142,1.8964,0.09746,87.004,22525.0,14683.728
6.622028001000326,-0.60494,1.59482,13.60466,-0.19789,2.36148,-0.15714,0.49038,1.03994,12.66871,-0.12268,1.93922,0.10079,86.889,22709.391,13924.0
6.627028001000326,-0.70204,1.53743,13.61819,-0.17337,2.42779,-0.18627,0.09033,0.68789,12.3858,-0.10021,1.97893,0.07102,86.802,23179.411,13924.0
6.632028001000326,-0.79914,1.48004,13.63173,-0.14884,2.49409,-0.21539,-0.11317,0.47741,12.17301,-0.07774,2.01865,0.04125,86.697,23467.0,13115.631
6.637028001000326,-0.89625,1.42264,13.64526,-0.12432,2.5604,-0.24451,-0.00686,0.49011,12.07075,-0.05527,2.05836,0.01149,86.565,23467.0,11032.939
6.642028001000327,-0.99335,1.36525,13.65879,-0.09979,2.6267,-0.27364,0.09946,0.5028,11.96849,-0.0328,2.09807,-0.01828,86.415,23523.895,9769.0
6.647028001000327,-1.09045,1.30786,13.67233,-0.07527,2.69301,-0.30276,0.20578,0.51549,11.86623,-0.01032,2.13778,-0.04805,86.24,23668.622,9769.0
6.6520280010003265,-1.19539,1.28794,13.65865,-0.05846,2.75373,-0.32621,0.31209,0.52818,11.76397,0.01215,2.17749,-0.07781,86.081,23757.0,8561.951
6.657028001000326,-1.31263,1.3268,13.60231,-0.05376,2.80571,-0.34074,0.41841,0.54087,11.66171,0.03462,2.21721,-0.10758,85.949,23757.0,5461.762
6.662028001000326,-1.42987,1.36566,13.54597,-0.04906,2.85768,-0.35528,0.52472,0.55356,11.55945,0.05851,2.27022,-0.13173,85.8,23826.676,3574.0
6.667028001000326,-1.54711,1.40452,13.48963,-0.04435,2.90965,-0.36982,0.63104,0.56625,11.45719,0.08461,2.34394,-0.14712,85.624,24004.837,3574.0
6.672028001000326,-1.71973,1.41373,13.44902,-0.03965,2.96162,-0.38435,0.6013,0.58723,11.29814,0.11072,2.41766,-0.16252,85.483,24113.0,3053.511
6.677028001000326,-1.97794,1.37713,13.4327,-0.03495,3.0136,-0.39889,0.36133,0.62102,11.05135,0.13682,2.49138,-0.17792,85.395,24113.0,1728.753
6.682028001000326,-2.23615,1.34053,13.41638,-0.03025,3.06557,-0.41343,0.12137,0.6548,10.80455,0.16293,2.5651,-0.19331,85.29,24067.772,923.0
6.687028001000327,-2.49437,1.30393,13.40006,-0.02554,3.11754,-0.42796,-0.1186,0.68859,10.55776,0.18904,2.63883,-0.20871,85.158,23952.329,923.0
6.692028001000327,-2.75258,1.26733,13.38374,-0.02084,3.16952,-0.4425,-0.35857,0.72238,10.31096,0.21514,2.71255,-0.2241,85.026,23882.0,886.04
6.6970280010003265,-3.01079,1.23073,13.36742,-0.01614,3.22149,-0.45704,-0.59853,0.75616,10.06417,0.24125,2.78627,-0.2395,84.894,23882.0,791.464
6.702028001000326,-3.269,1.19413,13.3511,-0.01144,3.27346,-0.47157,-0.8385,0.78995,9.81737,0.25507,2.83613,-0.25526,84.779,23450.882,735.0
6.707028001000326,-3.52721,1.15753,13.33478,-0.00674,3.32544,-0.48611,-1.07847,0.82374,9.57058,0.25069,2.85064,-0.27157,84.692,22381.079,735.0
6.712028001000326,-3.73149,1.13407,13.46553,0.00728,3.3574,-0.49427,-1.50828,0.88806,9.52076,0.24631,2.86515,-0.28787,84.587,21732.0,715.555
6.717028001000326,-3.85258,1.1309,13.82319,0.03566,3.3585,-0.4926,-2.23098,0.99948,9.77483,0.24193,2.87966,-0.30417,84.455,21732.0,666.112
6.722028001000326,-3.97366,1.12773,14.18085,0.06403,3.35959,-0.49093,-2.95368,1.1109,10.02891,0.23756,2.89417,-0.32048,84.306,21258.282,636.0
6.727028001000327,-4.09474,1.12455,14.53851,0.09241,3.36069,-0.48926,-3.67638,1.22233,10.28298,0.23318,2.90868,-0.33678,84.131,20046.631,636.0
6.732028001000327,-4.21582,1.12138,14.89617,0.12079,3.36178,-0.48759,-4.39908,1.33375,10.53706,0.2288,2.92319,-0.35308,83.972,19306.0,642.818
6.7370280010003265,-4.33691,1.1182,15.25383,0.14917,3.36288,-0.48591,-5.12177,1.44517,10.79113,0.22443,2.9377,-0.36939,83.84,19306.0,660.356
6.742028001000326,-4.21567,1.08344,15.26274,0.16163,3.34059,-0.4846,-5.54584,1.54476,10.75476,0.2062,2.90216,-0.38837,83.673,17410.787,671.0
6.747028001000326,-3.72025,0.99991,14.73311,0.14953,3.28218,-0.48383,-5.50879,1.62606,10.26991,0.1666,2.78934,-0.4115,83.454,12589.128,671.0
6.752028001000326,-3.22483,0.91637,14.20349,0.13743,3.22377,-0.48306,-5.47174,1.70736,9.78506,0.127,2.67652,-0.43463,83.251,9655.0,647.0
6.757028001000326,-2.72941,0.83284,13.67386,0.12532,3.16537,-0.48229,-5.43468,1.78866,9.3002,0.08739,2.5637,-0.45776,83.074,9655.0,585.693
6.762028001000326,-2.23399,0.74931,13.14424,0.11322,3.10696,-0.48153,-5.39763,1.86997,8.81535,0.04779,2.45087,-0.48089,82.881,8484.629,549.0
6.767028001000327,-1.73857,0.66577,12.61462,0.10112,3.04856,-0.48076,-5.36058,1.95127,8.3305,0.00819,2.33805,-0.50402,82.662,5569.484,549.0
6.772028001000327,-1.24315,0.58224,12.08499,0.08901,2.99015,-0.47999,-5.11676,1.91629,7.57394,-0.02155,2.22837,-0.51843,82.426,3794.0,512.602
6.7770280010003265,-0.74773,0.4987,11.55537,0.07691,2.93174,-0.47922,-4.55082,1.70015,6.39409,-0.03593,2.12359,-0.51925,82.162,3794.0,419.499
6.782028001000326,-0.16041,0.42622,10.73023,0.06015,2.83379,-0.48282,-3.98489,1.48402,5.21423,-0.05031,2.01881,-0.52007,81.898,3088.616,363.0
6.787028001000326,0.56878,0.3708,9.44898,0.03622,2.67479,-0.49318,-3.41895,1.26788,4.03438,-0.06469,1.91403,-0.52089,81.635,1294.477,363.0
6.792028001000326,1.29796,0.31537,8.16773,0.01228,2.5158,-0.50353,-3.28843,1.12045,3.22133,-0.07906,1.80925,-0.52171,81.44,203.0,359.865
6.797028001000326,2.02714,0.25994,6.88648,-0.01166,2.3568,-0.51388,-3.83424,1.07975,2.97804,-0.09344,1.70447,-0.52254,81.352,203.0,351.86
6.802028001000326,2.73876,0.15126,6.1126,-0.0356,2.19781,-0.52424,-4.38005,1.03904,2.73475,-0.10782,1.59969,-0.52336,81.23,163.944,347.0
6.807028001000326,3.42323,-0.03974,6.12297,-0.05953,2.03881,-0.53459,-4.92587,0.99834,2.49146,-0.1222,1.49491,-0.52418,81.054,64.517,347.0
6.812028001000327,4.1077,-0.23073,6.13335,-0.08347,1.87981,-0.54494,-5.47168,0.95764,2.24817,-0.13658,1.39013,-0.525,80.913,4.0,310.589
6.817028001000327,4.79217,-0.42173,6.14372,-0.10741,1.72082,-0.5553,-6.01749,0.91694,2.00488,-0.15096,1.28535,-0.52582,80.825,4.0,217.55
6.8220280010003265,5.47663,-0.61273,6.1541,-0.12806,1.5363,-0.52269,-6.56331,0.87623,1.76159,-0.17765,1.12303,-0.49612,80.72,3.216,161.0
6.827028001000326,6.1611,-0.80373,6.16447,-0.14363,1.31224,-0.4235,-7.10912,0.83553,1.5183,-0.22344,0.87156,-0.4191,80.588,1.217,161.0
6.832028001000326,6.84557,-0.99473,6.17485,-0.1592,1.08818,-0.32431,-7.02614,0.79355,1.40675,-0.26923,0.62009,-0.34208,80.491,0.0,162.371
6.837028001000326,7.53004,-1.18572,6.18522,-0.17478,0.86412,-0.22513,-5.9658,0.74959,1.49998,-0.31502,0.36862,-0.26506,80.447,0.0,165.872
6.842028001000326,7.758,-1.20771,6.08315,-0.19035,0.64006,-0.12594,-4.90545,0.70563,1.5932,-0.36081,0.11715,-0.18804,80.403,0.784,168.0
6.847028001000326,7.2787,-0.96786,5.80687,-0.20592,0.41599,-0.02675,-3.8451,0.66168,1.68643,-0.4066,-0.13432,-0.11102,80.359,2.783,168.0
6.852028001000327,6.79941,-0.728,5.53059,-0.22149,0.19193,0.07243,-2.78475,0.61772,1.77966,-0.45239,-0.38579,-0.034,80.332,4.0,246.927
6.857028001000327,6.32011,-0.48815,5.25431,-0.23706,-0.03213,0.17162,-1.72441,0.57376,1.87288,-0.49818,-0.63726,0.04302,80.332,4.0,448.56
6.8620280010003265,5.84081,-0.24829,4.97803,-0.25263,-0.25619,0.2708,-1.14957,0.53087,1.93294,-0.52043,-0.83327,0.11967,80.349,3.804,571.0
6.867028001000326,5.36151,-0.00844,4.70175,-0.2682,-0.48025,0.36999,-1.32538,0.48963,1.94172,-0.50626,-0.94353,0.19575,80.393,3.304,571.0
6.872028001000326,4.93954,0.21693,4.53816,-0.27778,-0.67422,0.45369,-1.5012,0.4484,1.9505,-0.4921,-1.05379,0.27183,80.42,3.0,703.978
6.877028001000326,4.60645,0.41984,4.54928,-0.27807,-0.82154,0.51338,-1.67701,0.40716,1.95928,-0.47794,-1.16406,0.34791,80.42,3.0,1043.126
6.882028001000326,4.27337,0.62275,4.5604,-0.27836,-0.96885,0.57307,-1.85282,0.36593,1.96805,-0.46378,-1.27432,0.42399,80.437,3.197,1249.0
6.887028001000326,3.94028,0.82565,4.57152,-0.27865,-1.11616,0.63275,-2.02863,0.32469,1.97683,-0.44961,-1.38458,0.50007,80.481,3.697,1249.0
6.892028001000327,3.6072,1.02856,4.58264,-0.27895,-1.26347,0.69244,-2.20444,0.28345,1.98561,-0.43545,-1.49484,0.57616,80.525,4.0,1329.394
6.897028001000327,3.27411,1.23147,4.59377,-0.27924,-1.41079,0.75213,-2.38025,0.24222,1.99439,-0.42129,-1.6051,0.65224,80.569,4.0,1533.827
6.9020280010003265,2.94103,1.43437,4.60489,-0.27953,-1.5581,0.81182,-2.55519,0.21801,2.03925,-0.39804,-1.72802,0.70383,80.596,3.608,1658.0
6.907028001000326,2.60794,1.63728,4.61601,-0.27982,-1.70541,0.8715,-2.72877,0.22015,2.13996,-0.36073,-1.87051,0.71754,80.596,2.608,1658.0
6.912028001000326,2.30623,1.75316,4.71081,-0.26683,-1.87709,0.90729,-2.90235,0.2223,2.24066,-0.32342,-2.01301,0.73125,80.613,2.0,2000.717
6.917028001000326,2.05328,1.73381,4.93566,-0.23321,-2.08664,0.90593,-3.07593,0.22444,2.34136,-0.2861,-2.1555,0.74496,80.657,2.0,2876.026
6.922028001000326,1.80033,1.71446,5.1605,-0.19959,-2.29618,0.90456,-3.24951,0.22658,2.44206,-0.24879,-2.29799,0.75867,80.701,2.0,3408.0
6.927028001000326,1.54737,1.69511,5.38534,-0.16597,-2.50573,0.9032,-3.42309,0.22872,2.54276,-0.21148,-2.44049,0.77238,80.745,2.0,3408.0
6.932028001000326,1.3505,1.64533,5.63202,-0.14339,-2.67866,0.9007,-3.54956,0.26782,2.76581,-0.18854,-2.55905,0.77545,80.771,2.0,3907.414
6.937028001000327,1.24038,1.54847,5.91248,-0.13792,-2.79495,0.89643,-3.60317,0.36407,3.17809,-0.18783,-2.64061,0.76207,80.771,2.0,5179.267
6.942028001000327,1.13025,1.45162,6.19294,-0.13244,-2.91125,0.89216,-3.65678,0.46032,3.59037,-0.18712,-2.72217,0.7487,80.806,2.39,6354.485
6.9470280010003265,1.02012,1.35477,6.4734,-0.12696,-3.02754,0.88789,-3.71038,0.55657,4.00265,-0.18641,-2.80373,0.73532,80.894,3.398,7376.591
6.952028001000326,0.90999,1.25791,6.75386,-0.12148,-3.14384,0.88362,-3.82595,0.60396,4.34839,-0.18569,-2.88528,0.72195,80.965,4.0,7987.0
6.957028001000326,0.79986,1.16106,7.03432,-0.116,-3.26013,0.87935,-4.03339,0.57891,4.59545,-0.18498,-2.96684,0.70857,81.009,4.0,7987.0
6.962028001000326,0.68973,1.06421,7.31478,-0.11052,-3.37643,0.87508,-4.24082,0.55385,4.84252,-0.18427,-3.0484,0.6952,81.052,3.609,7987.0
6.967028001000326,0.5796,0.96735,7.59524,-0.10505,-3.49272,0.87081,-4.44826,0.5288,5.08959,-0.18356,-3.12996,0.68182,81.096,2.607,7987.0
6.972028001000326,0.4123,0.88828,7.99161,-0.10236,-3.58623,0.85548,-4.65569,0.50375,5.33665,-0.18285,-3.21152,0.66845,81.158,2.0,8411.543
6.977028001000327,0.15729,0.83649,8.56578,-0.10396,-3.6448,0.82321,-4.86313,0.47869,5.58372,-0.18214,-3.29307,0.65507,81.245,2.0,9487.302
6.982028001000327,-0.09771,0.78469,9.13995,-0.10556,-3.70336,0.79094,-4.93563,0.48118,5.79665,-0.18139,-3.36497,0.63457,81.316,2.391,10143.0
6.9870280010003265,-0.35272,0.7329,9.71413,-0.10716,-3.76193,0.75866,-4.79752,0.52666,5.95629,-0.18059,-3.4218,0.60296,81.36,3.392,10143.0
6.992028001000326,-0.54288,0.73474,10.16597,-0.10876,-3.82049,0.72639,-4.6594,0.57214,6.11593,-0.17979,-3.47863,0.57134,81.404,4.393,10619.218
6.997028001000326,-0.63303,0.8193,10.42914,-0.11036,-3.87906,0.69412,-4.52128,0.61761,6.27557,-0.17899,-3.53545,0.53973,81.448,5.392,11829.939
7.002028001000326,-0.72317,0.90386,10.6923,-0.11196,-3.93762,0.66184,-4.38316,0.66309,6.43521,-0.17819,-3.59228,0.50811,81.509,6.0,12566.0
7.007028001000326,-0.81332,0.98842,10.95547,-0.11356,-3.99619,0.62957,-4.24505,0.70857,6.59485,-0.17739,-3.6491,0.4765,81.597,6.0,12566.0
7.012028001000326,-0.90347,1.07299,11.21864,-0.11516,-4.05475,0.5973,-4.10693,0.75404,6.75449,-0.17658,-3.70593,0.44488,81.685,6.0,12946.68
7.017028001000327,-0.99361,1.15755,11.4818,-0.11677,-4.11331,0.56502,-3.96881,0.79952,6.91413,-0.17578,-3.76276,0.41327,81.773,6.0,13914.837
7.022028001000327,-1.08376,1.24211,11.74497,-0.11889,-4.16629,0.5451,-3.83069,0.845,7.07377,-0.17498,-3.81958,0.38165,81.843,5.608,14504.0
7.0270280010003265,-1.1739,1.32667,12.00814,-0.12182,-4.21056,0.54437,-3.69258,0.89047,7.23341,-0.17418,-3.87641,0.35003,81.887,4.608,14504.0
7.032028001000326,-1.25464,1.41134,12.31733,-0.12475,-4.25484,0.54364,-3.54868,0.92274,7.52704,-0.17062,-3.95059,0.32633,81.931,4.0,14879.634
7.037028001000326,-1.3208,1.49616,12.69775,-0.12768,-4.29911,0.54292,-3.39582,0.93456,8.02805,-0.1628,-4.05165,0.31488,81.975,4.0,15836.654
7.042028001000326,-1.38696,1.58098,13.07817,-0.13061,-4.34339,0.54219,-3.24297,0.94639,8.52905,-0.15498,-4.1527,0.30342,82.019,3.609,16420.0
7.047028001000326,-1.45312,1.6658,13.45858,-0.13354,-4.38766,0.54146,-3.09012,0.95821,9.03006,-0.14716,-4.25376,0.29197,82.063,2.608,16420.0
7.052028001000326,-1.51929,1.75063,13.839,-0.13647,-4.43194,0.54074,-2.91218,1.02862,9.49119,-0.1378,-4.31141,0.28517,82.124,2.0,16487.735
7.057028001000326,-1.58545,1.83545,14.21942,-0.1394,-4.47621,0.54001,-2.69545,1.18959,9.89069,-0.12606,-4.30195,0.28557,82.212,2.0,16660.193
7.062028001000327,-1.77235,1.96281,14.53496,-0.14015,-4.498,0.52797,-2.47873,1.35056,10.29019,-0.11432,-4.29249,0.28598,82.283,2.0,16768.53
7.067028001000327,-2.1463,2.15609,14.74998,-0.13753,-4.48494,0.49839,-2.262,1.51153,10.6897,-0.10258,-4.28303,0.28639,82.327,2.0,16777.529
7.0720280010003265,-2.52025,2.34936,14.965,-0.13491,-4.47188,0.46881,-2.1951,1.63879,11.00627,-0.09084,-4.27357,0.28679,82.371,2.0,16783.0
7.077028001000326,-2.8942,2.54264,15.18001,-0.13229,-4.45883,0.43923,-2.36051,1.71377,11.19428,-0.0791,-4.26411,0.2872,82.415,2.0,16783.0
7.082028001000326,-3.26815,2.73591,15.39503,-0.12967,-4.44577,0.40966,-2.52593,1.78876,11.38228,-0.06736,-4.25465,0.2876,82.476,2.395,16783.0
7.087028001000326,-3.6421,2.92919,15.61005,-0.12704,-4.43271,0.38008,-2.69134,1.86374,11.57028,-0.05562,-4.2452,0.28801,82.564,3.4,16783.0
7.092028001000326,-4.04387,3.0671,15.79509,-0.12045,-4.40693,0.33432,-2.85675,1.93873,11.75828,-0.04388,-4.23574,0.28841,82.635,4.0,16558.491
7.097028001000326,-4.48695,3.12281,15.9356,-0.10795,-4.36225,0.26453,-3.02216,2.01371,11.94629,-0.03214,-4.22628,0.28882,82.679,4.0,16000.583
7.102028001000327,-4.93002,3.17852,16.07612,-0.09545,-4.31757,0.19474,-3.18758,2.0887,12.13429,-0.01858,-4.20266,0.26441,82.74,3.607,15662.0
7.107028001000327,-5.37309,3.23422,16.21663,-0.08296,-4.27289,0.12494,-3.35299,2.16368,12.32229,-0.0022,-4.15718,0.20167,82.827,2.608,15662.0
7.1120280010003265,-5.81617,3.28993,16.35714,-0.07046,-4.22821,0.05515,-3.51007,2.23484,12.46683,0.01418,-4.1117,0.13894,82.915,2.392,15306.436
7.117028001000326,-6.25924,3.34563,16.49766,-0.05796,-4.18353,-0.01464,-3.65421,2.30004,12.54379,0.03056,-4.06622,0.0762,83.003,3.393,14398.081
7.122028001000326,-6.60553,3.31061,16.54969,-0.04547,-4.13885,-0.08443,-3.79836,2.36524,12.62075,0.04694,-4.02074,0.01347,83.074,4.0,13847.0
7.127028001000326,-6.80253,3.13563,16.46523,-0.03297,-4.09417,-0.15422,-3.9425,2.43044,12.69771,0.06332,-3.97526,-0.04926,83.118,4.0,13847.0
7.132028001000326,-6.99953,2.96065,16.38078,-0.02047,-4.04949,-0.22402,-4.08664,2.49564,12.77467,0.07969,-3.92978,-0.112,83.162,4.0,13700.274
7.137028001000326,-7.19652,2.78567,16.29633,-0.00798,-4.00481,-0.29381,-4.23078,2.56084,12.85163,0.09607,-3.8843,-0.17473,83.206,4.0,13325.106
7.142028001000327,-7.39352,2.61069,16.21188,0.00381,-3.95083,-0.3663,-4.37492,2.62604,12.92859,0.11245,-3.83882,-0.23747,83.25,3.804,13097.0
7.147028001000327,-7.59052,2.43571,16.12742,0.01448,-3.88243,-0.44299,-4.51906,2.69124,13.00554,0.12883,-3.79334,-0.3002,83.294,3.304,13097.0
7.1520280010003265,-7.66751,2.26987,16.00658,0.02515,-3.81402,-0.51968,-4.6632,2.75644,13.0825,0.14634,-3.70298,-0.41652,83.338,3.0,12916.849
7.157028001000326,-7.55812,2.11822,15.82923,0.03582,-3.74562,-0.59637,-4.80734,2.82164,13.15946,0.16558,-3.54292,-0.61607,83.382,3.0,12456.938
7.162028001000326,-7.44874,1.96656,15.65189,0.04649,-3.67721,-0.67306,-4.59603,2.73333,13.16569,0.18483,-3.38285,-0.81561,83.425,3.393,12178.0
7.167028001000326,-7.33936,1.81491,15.47454,0.05716,-3.60881,-0.74975,-3.83684,2.4084,13.06288,0.20408,-3.22279,-1.01515,83.469,4.392,12178.0
7.172028001000326,-7.22998,1.66325,15.29719,0.06783,-3.5404,-0.82643,-3.2716,2.12639,12.92014,0.22218,-3.08397,-1.12678,83.513,5.0,12195.653
7.177028001000326,-7.12059,1.5116,15.11984,0.0785,-3.472,-0.90312,-3.00715,1.91093,12.71547,0.23851,-2.97809,-1.10206,83.557,5.0,12240.685
7.182028001000326,-7.01121,1.35994,14.94249,0.08917,-3.40359,-0.97981,-2.74271,1.69548,12.51079,0.25484,-2.87221,-1.07734,83.601,4.804,12434.407
7.187028001000327,-6.90183,1.20829,14.76514,0.09984,-3.33518,-1.0565,-2.47826,1.48002,12.30612,0.27116,-2.76634,-1.05262,83.645,4.304,12857.358
7.192028001000327,-6.83252,1.13494,14.47102,0.12012,-3.23981,-1.08601,-2.21382,1.26456,12.10144,0.28749,-2.66046,-1.0279,83.689,4.0,13115.0
7.1970280010003265,-6.82568,1.18364,13.99491,0.15538,-3.1024,-1.04198,-1.94937,1.0491,11.89677,0.30382,-2.55458,-1.00318,83.733,4.0,13115.0
7.202028001000326,-6.81884,1.23234,13.5188,0.19065,-2.96499,-0.99795,-1.68493,0.83365,11.69209,0.32014,-2.4487,-0.97846,83.777,3.607,13115.0
7.207028001000326,-6.812,1.28104,13.04269,0.22591,-2.82758,-0.95393,-1.42048,0.61819,11.48742,0.33647,-2.34282,-0.95373,83.821,2.608,13115.0
7.212028001000326,-6.80516,1.32974,12.56658,0.26117,-2.69018,-0.9099,-1.17085,0.39925,11.24376,0.35082,-2.23061,-0.9064,83.865,2.0,13327.132
7.217028001000326,-6.79832,1.37844,12.09047,0.29644,-2.55277,-0.86587,-0.94424,0.17491,10.93946,0.36209,-2.10856,-0.82389,83.909,2.0,13869.198
7.222028001000326,-6.89306,1.36404,11.69223,0.32748,-2.38325,-0.78827,-0.71764,-0.04944,10.63517,0.37337,-1.98651,-0.74137,83.953,2.391,14439.556
7.227028001000327,-7.14562,1.25161,11.41496,0.35198,-2.16384,-0.6585,-0.49104,-0.27379,10.33088,0.38464,-1.86446,-0.65886,83.997,3.391,15053.871
7.232028001000327,-7.39819,1.13918,11.13769,0.37648,-1.94443,-0.52873,-0.32777,-0.41653,10.19413,0.39591,-1.74241,-0.57635,84.041,4.0,15428.0
7.2370280010003265,-7.65076,1.02674,10.86043,0.40097,-1.72501,-0.39895,-0.26316,-0.43216,10.31836,0.40719,-1.62036,-0.49384,84.085,4.0,15428.0
7.242028001000326,-7.90332,0.91431,10.58316,0.42547,-1.5056,-0.26918,-0.19854,-0.44778,10.44259,0.41846,-1.49831,-0.41133,84.111,3.805,15428.0
7.247028001000326,-8.15589,0.80188,10.30589,0.44997,-1.28619,-0.13941,-0.13393,-0.46341,10.56681,0.42974,-1.37626,-0.32881,84.111,3.304,15428.0
7.252028001000326,-8.4065,0.63255,10.1151,0.46111,-1.10526,-0.04155,-0.06932,-0.47903,10.69104,0.44101,-1.25421,-0.2463,84.111,3.0,15448.967
7.257028001000326,-8.65408,0.37494,10.05849,0.45153,-0.98405,0.00679,-0.00471,-0.49466,10.81527,0.45228,-1.13216,-0.16379,84.111,3.0,15502.471
7.262028001000326,-8.90166,0.11732,10.00189,0.44196,-0.86283,0.05512,0.05991,-0.51029,10.9395,0.45347,-1.00223,-0.08938,84.129,2.213,15535.0
7.267028001000327,-9.14924,-0.14029,9.94528,0.43238,-0.74161,0.10346,0.12452,-0.52591,11.06373,0.43903,-0.86006,-0.02753,84.173,0.206,15535.0
7.272028001000327,-9.39682,-0.39791,9.88868,0.4228,-0.62039,0.1518,0.07062,-0.55605,11.10078,0.42459,-0.7179,0.03432,84.217,0.194,15650.578
7.2770280010003265,-9.6444,-0.65552,9.83207,0.41322,-0.49918,0.20014,-0.16166,-0.60804,11.00663,0.41015,-0.57574,0.09616,84.261,3.184,15940.109
7.282028001000326,-9.75041,-0.8629,9.79806,0.40365,-0.37796,0.24847,-0.39394,-0.66003,10.91248,0.39571,-0.43357,0.15801,84.287,5.0,16116.0
7.287028001000326,-9.63731,-0.9925,9.79904,0.39407,-0.25674,0.29681,-0.62622,-0.71202,10.81833,0.38127,-0.29141,0.21986,84.287,5.0,16116.0
7.292028001000326,-9.5242,-1.12211,9.80001,0.38449,-0.13553,0.34515,-0.8585,-0.76401,10.72418,0.36683,-0.14925,0.28171,84.287,5.0,16243.154
7.297028001000326,-9.41109,-1.25171,9.80098,0.37492,-0.01431,0.39349,-1.09078,-0.816,10.63003,0.35238,-0.00708,0.34355,84.287,5.0,16566.796
7.302028001000326,-9.29798,-1.38132,9.80195,0.36534,0.10691,0.44182,-1.32306,-0.86799,10.53588,0.33794,0.13508,0.4054,84.27,4.805,16764.0
7.307028001000326,-9.18488,-1.51093,9.80292,0.35576,0.22812,0.49016,-1.55534,-0.91998,10.44173,0.3235,0.27725,0.46725,84.226,4.304,16764.0
7.312028001000327,-9.07177,-1.64053,9.80389,0.33711,0.35654,0.5399,-1.21683,-1.09122,10.91024,0.31106,0.43027,0.58356,84.165,4.0,17903.809
7.317028001000327,-8.95866,-1.77014,9.80486,0.3044,0.49612,0.59183,0.00647,-1.44729,12.25095,0.30171,0.60014,0.7843,84.077,4.0,20810.461
7.3220280010003265,-8.00388,-1.90584,10.04852,0.27169,0.6357,0.64375,1.22977,-1.80337,13.59165,0.29237,0.77,0.98504,83.972,3.218,22584.0
7.327028001000326,-5.73173,-2.0511,10.67202,0.23898,0.77528,0.69567,2.45308,-2.15944,14.93236,0.28302,0.93987,1.18578,83.84,1.211,22584.0
7.332028001000326,-3.45958,-2.19635,11.29553,0.20627,0.91486,0.7476,3.17215,-2.22004,15.45665,0.26722,1.05351,1.21722,83.69,0.0,23015.478
7.337028001000326,-1.18743,-2.3416,11.91903,0.17356,1.05444,0.79952,3.12296,-1.83043,14.73705,0.24157,1.08148,0.9907,83.515,0.0,24104.37
7.342028001000326,1.08472,-2.48686,12.54253,0.14085,1.19403,0.85144,3.07377,-1.44081,14.01744,0.21592,1.10945,0.76419,83.34,0.195,24951.97
7.347028001000326,3.35687,-2.63211,13.16604,0.10814,1.33361,0.90336,3.02458,-1.0512,13.29784,0.19027,1.13742,0.53768,83.164,0.694,25423.028
7.352028001000327,4.56908,-2.58133,13.4168,0.06171,1.4728,0.81803,2.9754,-0.66159,12.57823,0.16462,1.1654,0.31116,82.971,1.0,25712.0
7.357028001000327,4.09917,-2.21946,13.07604,-0.0065,1.61138,0.51489,2.92621,-0.27198,11.85863,0.13897,1.19337,0.08465,82.751,1.0,25712.0
7.3620280010003265,3.62925,-1.85758,12.73527,-0.0747,1.74997,0.21174,2.87702,0.11763,11.13902,0.11333,1.22134,-0.14187,82.514,1.588,25712.0
7.367028001000326,3.15933,-1.4957,12.3945,-0.14291,1.88855,-0.09141,2.82783,0.50724,10.41942,0.08768,1.24932,-0.36838,82.25,3.087,25712.0
7.372028001000326,2.68942,-1.13383,12.05373,-0.21112,2.02713,-0.39456,2.89036,0.71818,9.83845,0.079,1.27238,-0.48577,81.987,4.0,25801.947
7.377028001000326,2.2195,-0.77195,11.71296,-0.27932,2.16571,-0.69771,3.12724,0.65033,9.47382,0.09681,1.28779,-0.43286,81.723,4.0,26032.249
7.382028001000326,2.08666,-0.33712,11.46032,-0.28369,2.21485,-0.83063,3.36411,0.58248,9.10919,0.11462,1.3032,-0.37996,81.528,4.0,26172.0
7.387028001000326,2.47404,0.2103,11.34367,-0.18954,2.12595,-0.70085,3.60098,0.51462,8.74456,0.13243,1.3186,-0.32705,81.44,4.0,26172.0
7.392028001000327,2.86142,0.75772,11.22703,-0.09539,2.03704,-0.57106,3.6578,0.48163,8.50833,0.15024,1.33401,-0.27415,81.353,4.0,26178.223
7.397028001000327,3.2488,1.30513,11.11038,-0.00123,1.94814,-0.44127,3.43052,0.50362,8.47469,0.16805,1.34942,-0.22125,81.264,4.0,26194.264
7.4020280010003265,3.63618,1.85255,10.99374,0.09292,1.85923,-0.31148,3.20324,0.52562,8.44104,0.18586,1.36483,-0.16834,81.176,3.607,26204.0
7.407028001000326,4.02356,2.39997,10.87709,0.18707,1.77033,-0.18169,2.97595,0.54761,8.40739,0.20367,1.38023,-0.11544,81.089,2.607,26204.0
7.412028001000326,4.06683,2.59311,10.79631,0.24257,1.70394,-0.11376,2.74867,0.56961,8.37374,0.22148,1.39564,-0.06254,81.018,2.0,26179.262
7.417028001000326,3.57749,2.2379,10.77104,0.23822,1.67242,-0.14158,2.52139,0.5916,8.3401,0.23929,1.41105,-0.00963,80.974,2.0,26116.234
7.422028001000326,3.08815,1.88268,10.74577,0.23387,1.64089,-0.1694,2.29411,0.6136,8.30645,0.24132,1.40664,0.00057,80.913,2.197,26078.0
7.427028001000326,2.5988,1.52747,10.7205,0.22952,1.60936,-0.19721,2.06683,0.6356,8.2728,0.21901,1.37169,-0.05509,80.825,2.697,26078.0
7.432028001000326,2.10946,1.17226,10.69523,0.22517,1.57784,-0.22503,1.79477,0.78581,8.24934,0.1967,1.33673,-0.11075,80.754,3.0,26044.255
7.437028001000327,1.62012,0.81704,10.66996,0.22082,1.54631,-0.25285,1.45351,1.13412,8.24163,0.17439,1.30177,-0.16641,80.71,3.0,25958.377
7.442028001000327,1.34426,0.73293,10.66243,0.21647,1.51478,-0.28066,1.11226,1.48242,8.23391,0.15208,1.26681,-0.22207,80.649,3.0,25906.0
7.4470280010003265,1.40217,1.07267,10.68263,0.21212,1.48325,-0.30848,0.77101,1.83073,8.22619,0.12976,1.23185,-0.27773,80.561,3.0,25906.0
7.452028001000326,1.46008,1.41241,10.70283,0.20777,1.45173,-0.33629,0.42976,2.17903,8.21847,0.10745,1.1969,-0.33339,80.491,3.0,25927.798
7.457028001000326,1.51799,1.75215,10.72303,0.20342,1.4202,-0.36411,0.0885,2.52734,8.21076,0.08514,1.16194,-0.38905,80.447,3.0,25983.249
7.462028001000326,1.5759,2.09189,10.74323,0.19907,1.38867,-0.39193,-0.25275,2.87565,8.20304,0.06283,1.12698,-0.44471,80.42,3.0,26017.0
7.467028001000326,1.63381,2.43163,10.76343,0.19472,1.35715,-0.41974,-0.594,3.22395,8.19532,0.04052,1.09202,-0.50037,80.42,3.0,26017.0
7.472028001000326,1.69172,2.77137,10.78363,0.17872,1.29645,-0.42137,-0.91208,3.43575,8.29597,0.02061,1.03088,-0.51979,80.437,3.0,26020.536
7.477028001000327,1.74963,3.11111,10.80383,0.14473,1.19075,-0.38258,-1.19442,3.43694,8.56382,0.00442,0.92932,-0.48329,80.481,3.0,26029.528
7.482028001000327,1.72061,3.21387,10.85609,0.11074,1.08505,-0.34379,-1.47676,3.43813,8.83167,-0.01177,0.82777,-0.44679,80.525,2.608,26035.0
7.4870280010003265,1.55644,2.94818,10.9582,0.07676,0.97934,-0.30499,-1.7591,3.43931,9.09952,-0.02796,0.72622,-0.41029,80.569,1.608,26035.0
7.492028001000326,1.39227,2.6825,11.06031,0.04277,0.87364,-0.2662,-1.84221,3.26004,9.23918,-0.03553,0.65729,-0.38559,80.613,1.0,26033.823
7.497028001000326,1.22809,2.41681,11.16242,0.00878,0.76794,-0.22741,-1.61738,2.80182,9.1807,-0.02977,0.63881,-0.37912,80.657,1.0,26030.825
7.502028001000326,1.06392,2.15112,11.26453,-0.02521,0.66224,-0.18862,-1.39254,2.34359,9.12221,-0.02402,0.62033,-0.37266,80.701,1.391,26029.0
7.507028001000326,0.89975,1.88544,11.36664,-0.05919,0.55653,-0.14983,-1.1677,1.88537,9.06373,-0.01827,0.60184,-0.36619,80.745,2.392,26029.0
7.512028001000326,0.83254,1.67892,11.3519,-0.07285,0.47669,-0.12363,-0.94287,1.42715,9.00524,-0.01251,0.58336,-0.35972,80.789,3.392,26075.313
7.517028001000327,0.91532,1.56394,11.15639,-0.05506,0.43685,-0.11689,-0.71803,0.96893,8.94675,-0.00676,0.56487,-0.35325,80.833,4.392,26193.266
7.522028001000327,0.9981,1.44896,10.96089,-0.03726,0.397,-0.11015,-0.39355,0.66286,8.93805,-0.00101,0.54639,-0.34678,80.877,5.0,26265.0
7.5270280010003265,1.08089,1.33398,10.76538,-0.01947,0.35716,-0.10342,0.08558,0.59295,9.00661,0.00475,0.52791,-0.34032,80.921,5.0,26265.0
7.532028001000326,1.16367,1.21899,10.56988,-0.00168,0.31731,-0.09668,0.5647,0.52303,9.07516,0.0105,0.50942,-0.33385,80.999,5.0,26225.894
7.537028001000326,1.24646,1.10401,10.37438,0.01612,0.27747,-0.08994,1.04383,0.45312,9.14372,0.01625,0.49094,-0.32738,81.132,5.0,26125.875
7.542028001000326,1.24651,1.04786,10.27694,0.03293,0.25078,-0.08518,1.52295,0.3832,9.21227,0.02201,0.47245,-0.32091,81.228,5.0,26066.0
7.547028001000326,1.12319,1.07943,10.32577,0.0483,0.24373,-0.08336,2.00208,0.31329,9.28083,0.02776,0.45397,-0.31444,81.272,5.0,26066.0
7.552028001000326,0.99986,1.11101,10.3746,0.06367,0.23668,-0.08154,2.19025,0.34939,9.35594,0.03542,0.44046,-0.30322,81.316,5.0,26039.195
7.557028001000326,0.87653,1.14259,10.42343,0.07903,0.22963,-0.07971,1.9256,0.5505,9.44124,0.04605,0.43467,-0.28459,81.36,5.0,25970.671
7.562028001000327,0.75321,1.17417,10.47226,0.0944,0.22257,-0.07789,1.66094,0.7516,9.52654,0.05668,0.42889,-0.26596,81.404,5.196,25929.0
7.567028001000327,0.62988,1.20575,10.52109,0.10976,0.21552,-0.07607,1.39629,0.9527,9.61184,0.06731,0.42311,-0.24733,81.448,5.695,25929.0
7.5720280010003265,0.5308,1.24896,10.55946,0.1156,0.21101,-0.07645,1.13164,1.15381,9.69714,0.07794,0.41733,-0.2287,81.492,6.0,20896.152
7.577028001000326,0.46993,1.31051,10.58137,0.10642,0.21052,-0.08032,0.86699,1.35491,9.78245,0.08857,0.41154,-0.21008,81.536,6.0,7932.906
7.582028001000326,0.40906,1.37206,10.60327,0.09724,0.21004,-0.08418,0.60234,1.55602,9.86775,0.09014,0.40581,-0.19973,81.58,42.064,6.0
7.587028001000326,0.34818,1.43361,10.62518,0.08806,0.20955,-0.08804,0.33769,1.75712,9.95305,0.07743,0.40017,-0.20241,81.623,134.889,6.0
7.592028001000326,0.28731,1.49516,10.64709,0.07887,0.20906,-0.0919,0.16794,1.90377,10.01853,0.06472,0.39452,-0.2051,81.667,588.293,5004.665
7.597028001000326,0.22644,1.55671,10.66899,0.06969,0.20857,-0.09576,0.14997,1.96335,10.05233,0.052,0.38888,-0.20778,81.711,1618.288,17996.558
7.602028001000327,0.18317,1.59881,10.67956,0.06051,0.20808,-0.09963,0.132,2.02293,10.08612,0.03929,0.38323,-0.21047,81.755,2244.0,25889.0
7.607028001000327,0.16715,1.6108,10.67258,0.05133,0.20759,-0.10349,0.11403,2.08251,10.11992,0.02658,0.37759,-0.21315,81.799,2244.0,25889.0
7.6120280010003265,0.15114,1.6228,10.6656,0.04215,0.2071,-0.10735,0.09605,2.14209,10.15371,0.01387,0.37194,-0.21583,81.843,2244.0,25909.634
7.617028001000326,0.13512,1.63479,10.65862,0.03297,0.20661,-0.11121,0.07808,2.20167,10.18751,0.00116,0.3663,-0.21852,81.887,2244.0,25962.776
7.622028001000326,0.11911,1.64678,10.65165,0.02379,0.20612,-0.11507,0.06011,2.26125,10.2213,-0.01155,0.36065,-0.2212,81.914,2673.296,25995.0
7.627028001000326,0.10309,1.65877,10.64467,0.01461,0.20563,-0.11894,0.04213,2.32083,10.2551,-0.02426,0.355,-0.22389,81.914,3763.919,25995.0
7.632028001000326,0.08707,1.67077,10.63769,0.0072,0.20844,-0.12062,0.07672,2.27827,10.27892,-0.03301,0.34925,-0.21814,81.931,4429.0,25938.727
7.637028001000326,0.07106,1.68276,10.63071,0.00256,0.21641,-0.11889,0.19345,2.07608,10.28716,-0.03557,0.34333,-0.1992,81.975,4429.0,25794.506
7.642028001000327,0.06621,1.66905,10.62656,-0.00207,0.22439,-0.11716,0.31018,1.87389,10.2954,-0.03813,0.33741,-0.18027,82.002,4473.759,25707.0
7.647028001000327,0.07859,1.61568,10.62677,-0.00671,0.23236,-0.11543,0.42691,1.6717,10.30364,-0.04069,0.33149,-0.16134,82.002,4587.577,25707.0
7.6520280010003265,0.09097,1.56232,10.62699,-0.01134,0.24033,-0.1137,0.48357,1.5354,10.30907,-0.0421,0.32819,-0.1501,82.019,4657.0,25677.894
7.657028001000326,0.10335,1.50895,10.6272,-0.01598,0.2483,-0.11197,0.44632,1.50214,10.31013,-0.04171,0.32899,-0.1509,82.063,4657.0,25603.271
7.662028001000326,0.11573,1.45558,10.62741,-0.01851,0.25217,-0.11142,0.40906,1.46888,10.31118,-0.04131,0.32979,-0.1517,82.09,4830.936,25558.0
7.667028001000326,0.12812,1.40222,10.62763,-0.0178,0.24969,-0.1127,0.3718,1.43562,10.31223,-0.04092,0.33059,-0.15249,82.09,5273.14,25558.0
7.672028001000326,0.13223,1.37037,10.62056,-0.01708,0.24722,-0.11399,0.33455,1.40236,10.31328,-0.04052,0.33139,-0.15329,82.09,5740.573,25524.284
7.677028001000326,0.12354,1.37192,10.60219,-0.01637,0.24475,-0.11527,0.29729,1.3691,10.31433,-0.04012,0.33219,-0.15408,82.09,6247.135,25438.273
7.682028001000326,0.11484,1.37346,10.58383,-0.01566,0.24227,-0.11655,0.30215,1.33355,10.30844,-0.03973,0.33299,-0.15488,82.124,6555.0,25386.0
7.687028001000327,0.10614,1.375,10.56547,-0.01494,0.2398,-0.11784,0.37228,1.29443,10.29178,-0.03933,0.33379,-0.15568,82.212,6555.0,25386.0
7.692028001000327,0.09745,1.37654,10.5471,-0.01423,0.23732,-0.11912,0.44241,1.25532,10.27511,-0.03894,0.33459,-0.15647,82.283,6555.0,25367.358
7.6970280010003265,0.08875,1.37809,10.52874,-0.01352,0.23485,-0.1204,0.51254,1.2162,10.25845,-0.03854,0.33539,-0.15727,82.327,6555.0,25319.825
7.702028001000326,0.08005,1.37963,10.51038,-0.0128,0.23237,-0.12169,0.58267,1.17708,10.24179,-0.03815,0.33619,-0.15807,82.371,6660.274,25291.0
7.707028001000326,0.07135,1.38117,10.49201,-0.01209,0.2299,-0.12297,0.6528,1.13797,10.22513,-0.03775,0.33699,-0.15886,82.415,6927.758,25291.0
7.712028001000326,0.07098,1.38912,10.48192,-0.0148,0.23083,-0.12153,0.72293,1.09885,10.20846,-0.03648,0.3449,-0.15489,82.459,7090.0,25188.324
7.717028001000326,0.08344,1.40694,10.48457,-0.02279,0.23699,-0.11589,0.79306,1.05974,10.1918,-0.03387,0.36374,-0.14355,82.502,7090.0,24927.361
7.722028001000326,0.0959,1.42477,10.48722,-0.03077,0.24316,-0.11025,0.84126,1.08279,10.20315,-0.03126,0.38259,-0.13222,82.563,7288.337,24767.0
7.727028001000327,0.10837,1.4426,10.48987,-0.03876,0.24933,-0.1046,0.85448,1.20494,10.25916,-0.02865,0.40144,-0.12088,82.652,7802.829,24767.0
7.732028001000327,0.12221,1.45996,10.49368,-0.04428,0.25393,-0.10166,0.86771,1.3271,10.31517,-0.02604,0.42029,-0.10955,82.723,8110.0,24762.193
7.7370280010003265,0.13811,1.47665,10.49921,-0.04615,0.25621,-0.10272,0.88093,1.44925,10.37118,-0.02342,0.43914,-0.09822,82.766,8110.0,24750.264
7.742028001000326,0.15401,1.49334,10.50474,-0.04802,0.25849,-0.10378,0.87597,1.5256,10.40599,-0.02264,0.45364,-0.09129,82.827,8288.705,24698.96
7.747028001000326,0.16991,1.51003,10.51027,-0.04989,0.26078,-0.10483,0.84271,1.53061,10.40778,-0.02469,0.46137,-0.09123,82.915,8745.714,24586.334
7.752028001000326,0.18582,1.52672,10.5158,-0.05176,0.26306,-0.10589,0.80944,1.53562,10.40956,-0.02674,0.46909,-0.09117,82.986,9023.0,24518.0
7.757028001000326,0.20172,1.54341,10.52133,-0.05363,0.26534,-0.10695,0.77617,1.54063,10.41135,-0.0288,0.47682,-0.09111,83.03,9023.0,24518.0
7.762028001000326,0.21762,1.5601,10.52686,-0.05549,0.26762,-0.108,0.7429,1.54564,10.41314,-0.03085,0.48455,-0.09104,83.091,9225.758,24518.0
7.767028001000327,0.23352,1.57679,10.53239,-0.05736,0.2699,-0.10906,0.70963,1.55065,10.41493,-0.03291,0.49228,-0.09098,83.179,9745.45,24518.0
7.772028001000327,0.23668,1.58018,10.53616,-0.05867,0.27231,-0.10924,0.67636,1.55566,10.41672,-0.03496,0.50001,-0.09092,83.267,10061.0,24501.131
7.7770280010003265,0.22017,1.56302,10.53719,-0.0591,0.27494,-0.10807,0.64309,1.56067,10.4185,-0.03701,0.50773,-0.09086,83.355,10061.0,24458.185
7.782028001000326,0.20365,1.54586,10.53822,-0.05954,0.27757,-0.1069,0.6171,1.52646,10.41787,-0.03702,0.51746,-0.08922,83.442,10389.293,24432.0
7.787028001000326,0.18714,1.52869,10.53925,-0.05997,0.2802,-0.10573,0.60249,1.43098,10.41347,-0.03382,0.5303,-0.0851,83.53,11230.509,24432.0
7.792028001000326,0.17062,1.51153,10.54028,-0.06041,0.28283,-0.10456,0.58787,1.3355,10.40906,-0.03062,0.54314,-0.08099,83.618,11746.0,24398.642
7.797028001000326,0.15411,1.49437,10.54132,-0.06084,0.28546,-0.10339,0.57326,1.24003,10.40465,-0.02743,0.55599,-0.07688,83.706,11746.0,24312.492
7.802028001000326,0.14436,1.47123,10.54296,-0.06128,0.28809,-0.10222,0.55761,1.18532,10.40511,-0.02423,0.56883,-0.07276,83.794,11965.821,24260.0
7.807028001000327,0.14518,1.43876,10.54554,-0.06171,0.29072,-0.10105,0.54035,1.19418,10.41318,-0.02103,0.58167,-0.06865,83.882,12528.463,24260.0
7.812028001000327,0.146,1.4063,10.54813,-0.06215,0.29335,-0.09988,0.52309,1.20305,10.42124,-0.01911,0.59193,-0.06614,83.97,12870.0,24221.28
7.817028001000327,0.14681,1.37383,10.55071,-0.06258,0.29598,-0.09871,0.50582,1.21191,10.4293,-0.01916,0.5982,-0.06612,84.058,12870.0,24122.751
7.8220280010003265,0.14763,1.34137,10.55329,-0.06303,0.30004,-0.0984,0.48856,1.22078,10.43737,-0.01921,0.60447,-0.0661,84.146,13024.439,24063.0
7.827028001000326,0.14845,1.3089,10.55588,-0.06349,0.3063,-0.09939,0.4713,1.22964,10.44543,-0.01926,0.61073,-0.06607,84.234,13416.845,24063.0
7.832028001000326,0.14304,1.29793,10.55485,-0.06395,0.31256,-0.10039,0.45417,1.24375,10.44755,-0.0193,0.617,-0.06605,84.322,13880.077,24017.985
7.837028001000326,0.128,1.32014,10.54826,-0.06441,0.31882,-0.10139,0.43722,1.26595,10.4405,-0.01935,0.62327,-0.06603,84.41,14452.66,23903.468
7.842028001000326,0.11297,1.34236,10.54166,-0.06487,0.32508,-0.10238,0.42028,1.28814,10.43344,-0.0194,0.62954,-0.066,84.497,14800.0,23834.0
7.847028001000326,0.09794,1.36457,10.53506,-0.06533,0.33134,-0.10338,0.40334,1.31034,10.42638,-0.01945,0.63581,-0.06598,84.585,14800.0,23834.0
7.852028001000327,0.08291,1.38678,10.52846,-0.06579,0.3376,-0.10437,0.3864,1.33253,10.41933,-0.0195,0.64207,-0.06596,84.69,14800.0,23827.354
7.857028001000327,0.06788,1.409,10.52186,-0.06625,0.34386,-0.10537,0.36946,1.35473,10.41227,-0.01954,0.64834,-0.06593,84.822,14800.0,23810.331
7.8620280010003265,0.04976,1.41052,10.51515,-0.06639,0.35045,-0.10514,0.35252,1.37692,10.40521,-0.01959,0.65461,-0.06591,84.937,14932.23,23800.0
7.867028001000326,0.02685,1.3801,10.50824,-0.06604,0.35755,-0.10302,0.33558,1.39912,10.39816,-0.01964,0.66088,-0.06589,85.025,15268.632,23800.0
7.872028001000326,0.00395,1.34967,10.50134,-0.06569,0.36464,-0.10089,0.30852,1.40219,10.39237,-0.02035,0.66861,-0.06466,85.112,15625.406,23705.761
7.877028001000326,-0.01895,1.31924,10.49444,-0.06534,0.37174,-0.09877,0.26563,1.37531,10.38856,-0.0221,0.67862,-0.06155,85.2,16014.11,23463.823
7.882028001000326,-0.04185,1.28882,10.48753,-0.06498,0.37883,-0.09664,0.22273,1.34842,10.38475,-0.02385,0.68864,-0.05844,85.288,16250.0,23317.0
7.887028001000326,-0.06475,1.25839,10.48063,-0.06463,0.38592,-0.09452,0.17983,1.32153,10.38094,-0.0256,0.69865,-0.05533,85.376,16250.0,23317.0
7.892028001000327,-0.08765,1.22796,10.47373,-0.06428,0.39302,-0.0924,0.13693,1.29464,10.37713,-0.02735,0.70867,-0.05222,85.481,16250.0,23310.147
7.897028001000327,-0.11055,1.19754,10.46682,-0.06393,0.40011,-0.09027,0.09404,1.26775,10.37332,-0.0291,0.71868,-0.04911,85.613,16250.0,23292.627
7.9020280010003265,-0.13285,1.20732,10.45408,-0.06325,0.409,-0.08846,0.05114,1.24086,10.36951,-0.03085,0.7287,-0.046,85.728,16337.62,23282.0
7.907028001000326,-0.15422,1.27911,10.43232,-0.06207,0.42067,-0.08715,0.00824,1.21398,10.3657,-0.03261,0.73872,-0.04289,85.816,16560.336,23282.0
7.912028001000326,-0.17559,1.3509,10.41056,-0.06089,0.43233,-0.08583,-0.02152,1.22437,10.3647,-0.03465,0.75393,-0.03852,85.904,16696.0,23190.849
7.917028001000326,-0.19696,1.42269,10.3888,-0.05971,0.44399,-0.08451,-0.03081,1.29287,10.36807,-0.03715,0.77726,-0.03218,85.991,16696.0,22957.649
7.922028001000326,-0.22288,1.45566,10.3768,-0.05853,0.45566,-0.08319,-0.0401,1.36136,10.37144,-0.03965,0.80058,-0.02584,86.079,16787.929,22816.0
7.927028001000326,-0.25584,1.42856,10.37993,-0.05735,0.46732,-0.08187,-0.04939,1.42986,10.37481,-0.04215,0.8239,-0.0195,86.167,17022.089,22816.0
7.932028001000327,-0.28881,1.40146,10.38305,-0.05617,0.47898,-0.08055,-0.03146,1.48779,10.38933,-0.04642,0.84521,-0.01599,86.255,17165.0,22739.112
7.937028001000327,-0.32177,1.37436,10.38618,-0.05498,0.49065,-0.07923,0.02908,1.52916,10.42132,-0.05347,0.86334,-0.01692,86.343,17165.0,22541.803
7.942028001000327,-0.35473,1.34726,10.3893,-0.0538,0.50231,-0.07792,0.08963,1.57053,10.4533,-0.06052,0.88148,-0.01784,86.414,17260.163,22422.0
7.9470280010003265,-0.3877,1.32016,10.39242,-0.05262,0.51397,-0.0766,0.15018,1.6119,10.48529,-0.06757,0.89962,-0.01876,86.458,17502.422,22422.0
7.952028001000326,-0.40416,1.31621,10.39504,-0.05348,0.53582,-0.07648,0.21073,1.65327,10.51727,-0.07461,0.91776,-0.01969,86.519,17725.717,22319.283
7.957028001000326,-0.3949,1.34834,10.39686,-0.05753,0.57355,-0.07826,0.27127,1.69464,10.54925,-0.08166,0.93589,-0.02061,86.607,17919.453,22056.463
7.962028001000326,-0.38564,1.38047,10.39868,-0.06158,0.61128,-0.08003,0.30506,1.72581,10.56917,-0.08871,0.95403,-0.02154,86.677,18037.0,21897.0
7.967028001000326,-0.37639,1.4126,10.40049,-0.06562,0.64901,-0.0818,0.29757,1.74123,10.57048,-0.09575,0.97217,-0.02246,86.721,18037.0,21897.0
7.972028001000326,-0.36713,1.44473,10.40231,-0.06967,0.68674,-0.08357,0.29008,1.75665,10.57178,-0.1028,0.99031,-0.02339,86.748,18037.0,21734.965
7.977028001000327,-0.35787,1.47686,10.40413,-0.07371,0.72446,-0.08534,0.28259,1.77207,10.57309,-0.10985,1.00844,-0.02431,86.748,18037.0,21312.465
7.982028001000327,-0.34861,1.50899,10.40595,-0.07776,0.76219,-0.08711,0.2751,1.78749,10.57439,-0.11573,1.02778,-0.02537,86.765,18115.459,21056.0
7.9870280010003265,-0.33935,1.54112,10.40777,-0.08181,0.79992,-0.08888,0.2676,1.80291,10.5757,-0.11981,1.04899,-0.02665,86.809,18315.109,21056.0
7.992028001000326,-0.36144,1.55385,10.42075,-0.08747,0.8407,-0.09078,0.26011,1.81834,10.577,-0.1239,1.07019,-0.02792,86.836,18529.915,20754.855
7.997028001000326,-0.43265,1.53618,10.45121,-0.09566,0.88626,-0.09289,0.25262,1.83376,10.5783,-0.12798,1.09139,-0.0292,86.836,18768.478,19981.65
8.002028001000326,-0.50387,1.5185,10.48168,-0.10385,0.93182,-0.095,0.21582,1.83626,10.59363,-0.13206,1.1126,-0.03047,86.836,18914.0,19510.0
8.007028001000327,-0.57508,1.50083,10.51214,-0.11204,0.97739,-0.09711,0.13318,1.81854,10.63089,-0.13615,1.1338,-0.03175,86.836,18914.0,19510.0
8.012028001000326,-0.6463,1.48315,10.54261,-0.12023,1.02295,-0.09922,0.05054,1.80083,10.66815,-0.14023,1.155,-0.03302,86.836,18914.0,19302.352
8.017028001000327,-0.71752,1.46548,10.57307,-0.12842,1.06851,-0.10133,-0.03209,1.78312,10.7054,-0.14431,1.17621,-0.0343,86.836,18914.0,18764.745
8.022028001000326,-0.78873,1.4478,10.60354,-0.13661,1.11407,-0.10345,-0.11473,1.76541,10.74266,-0.14772,1.19798,-0.03967,86.819,18962.369,18438.0
8.027028001000327,-0.85995,1.43013,10.634,-0.1448,1.15963,-0.10556,-0.19737,1.74769,10.77992,-0.15007,1.22064,-0.05141,86.775,19085.689,18438.0
8.032028001000326,-0.9169,1.44299,10.77118,-0.15237,1.20435,-0.11281,-0.28001,1.72998,10.81718,-0.15243,1.24331,-0.06314,86.748,19161.0,18243.544
8.037028001000326,-0.95146,1.50376,11.07574,-0.15897,1.24775,-0.12812,-0.36264,1.71227,10.85443,-0.15478,1.26597,-0.07488,86.748,19161.0,17744.049
8.042028001000327,-0.98603,1.56453,11.3803,-0.16557,1.29115,-0.14343,-0.42549,1.71619,10.96203,-0.15714,1.28863,-0.08661,86.748,19302.992,17434.0
8.047028001000326,-1.02059,1.6253,11.68486,-0.17217,1.33455,-0.15874,-0.45594,1.75551,11.18473,-0.15949,1.31129,-0.09835,86.748,19677.368,17434.0
8.052028001000327,-1.05516,1.68607,11.98942,-0.17877,1.37794,-0.17405,-0.4864,1.79483,11.40743,-0.16185,1.33396,-0.11008,86.748,19905.0,17340.647
8.057028001000326,-1.08972,1.74685,12.29399,-0.18537,1.42134,-0.18936,-0.51685,1.83415,11.63013,-0.1642,1.35662,-0.12182,86.748,19905.0,17102.481
8.062028001000327,-1.04526,1.75444,12.46406,-0.18792,1.46518,-0.19274,-0.54731,1.87347,11.85283,-0.16656,1.37928,-0.13355,86.731,20004.722,16958.0
8.067028001000326,-0.87891,1.68004,12.42672,-0.18425,1.50968,-0.1777,-0.57776,1.91279,12.07553,-0.16891,1.40194,-0.14529,86.687,20258.238,16958.0
8.072028001000326,-0.71256,1.60563,12.38939,-0.18058,1.55419,-0.16266,-0.52143,1.8677,12.19175,-0.16742,1.43266,-0.13931,86.643,20412.0,16490.54
8.077028001000325,-0.54622,1.53123,12.35205,-0.17691,1.5987,-0.14762,-0.33133,1.69252,12.14385,-0.16,1.47579,-0.10602,86.599,20412.0,15302.524
8.082028001000326,-0.45043,1.47709,12.35161,-0.17323,1.64321,-0.13258,-0.14122,1.51734,12.09594,-0.15257,1.51892,-0.07274,86.555,20623.125,14578.0
8.087028001000327,-0.46494,1.45465,12.40883,-0.16956,1.68771,-0.11754,0.04888,1.34216,12.04804,-0.14515,1.56206,-0.03945,86.511,21164.278,14578.0
8.092028001000326,-0.47944,1.4322,12.46605,-0.16589,1.73222,-0.1025,0.23898,1.16698,12.00014,-0.13772,1.60519,-0.00617,86.467,21493.0,14358.889
8.097028001000327,-0.49395,1.40975,12.52327,-0.16221,1.77673,-0.08746,0.42909,0.9918,11.95223,-0.1303,1.64832,0.02712,86.423,21493.0,13800.719
8.102028001000326,-0.50846,1.3873,12.58049,-0.15679,1.83234,-0.07745,0.55835,0.8896,11.94168,-0.12121,1.68862,0.05076,86.379,21594.055,13461.0
8.107028001000327,-0.52297,1.36486,12.63771,-0.14864,1.90521,-0.07526,0.59298,0.90089,11.98921,-0.10955,1.72451,0.05939,86.335,21852.263,13461.0
8.112028001000326,-0.53747,1.34241,12.69493,-0.1405,1.97808,-0.07306,0.62762,0.91218,12.03674,-0.09789,1.76041,0.06803,86.274,22009.0,13063.876
8.117028001000326,-0.55198,1.31996,12.75215,-0.13235,2.05096,-0.07087,0.66225,0.92347,12.08427,-0.08623,1.7963,0.07666,86.186,22009.0,12053.336
8.122028001000327,-0.60137,1.34538,12.79682,-0.1242,2.12383,-0.06868,0.61114,0.97374,12.07216,-0.07456,1.83219,0.0853,86.098,22132.922,11438.0
8.127028001000326,-0.70507,1.44532,12.82197,-0.11606,2.1967,-0.06648,0.42652,1.08468,11.9672,-0.0629,1.86808,0.09393,86.01,22449.792,11438.0
8.132028001000327,-0.80876,1.54526,12.84712,-0.10568,2.26365,-0.07804,0.24189,1.19562,11.86224,-0.05124,1.90397,0.10257,85.905,22642.0,11007.236
8.137028001000326,-0.91246,1.6452,12.87227,-0.09187,2.32147,-0.11079,0.05727,1.30656,11.75728,-0.03958,1.93986,0.1112,85.774,22642.0,9912.312
8.142028001000327,-1.01615,1.74514,12.89742,-0.07807,2.37929,-0.14354,-0.12735,1.4175,11.65232,-0.02596,1.97471,0.10512,85.659,22753.689,9246.0
8.147028001000326,-1.11985,1.84507,12.92256,-0.06426,2.43712,-0.17629,-0.31197,1.52843,11.54736,-0.00929,2.00794,0.07614,85.571,23039.005,9246.0
8.152028001000327,-1.2038,1.91689,12.92653,-0.05045,2.49494,-0.20904,-0.35058,1.57421,11.45709,0.00738,2.04118,0.04717,85.466,23212.0,8208.913
8.157028001000326,-1.25735,1.94539,12.89788,-0.03664,2.55276,-0.24179,-0.16431,1.51962,11.38942,0.02405,2.07441,0.01819,85.334,23212.0,5574.545
8.162028001000326,-1.31089,1.9739,12.86922,-0.02283,2.61058,-0.27454,0.02197,1.46504,11.32176,0.04072,2.10764,-0.01078,85.202,23342.609,3973.0
8.167028001000327,-1.36443,2.0024,12.84056,-0.00902,2.6684,-0.30729,0.20824,1.41045,11.25409,0.05739,2.14087,-0.03975,85.071,23675.748,3973.0
8.172028001000326,-1.41798,2.0309,12.81191,0.00478,2.72622,-0.34004,0.39452,1.35586,11.18643,0.07406,2.1741,-0.06873,84.939,23879.0,3798.162
8.177028001000327,-1.47152,2.05941,12.78325,0.01859,2.78404,-0.37279,0.58079,1.30128,11.11876,0.09073,2.20733,-0.0977,84.807,23879.0,3349.732
8.182028001000326,-1.51727,2.06534,12.78011,0.03196,2.84432,-0.39762,0.76706,1.24669,11.0511,0.10739,2.24056,-0.12667,84.675,23915.781,2752.266
8.187028001000327,-1.55091,2.03624,12.81656,0.04465,2.9084,-0.41017,0.95334,1.1921,10.98343,0.12406,2.27379,-0.15565,84.542,24009.656,1923.458
8.192028001000326,-1.58456,2.00713,12.85301,0.05733,2.97248,-0.42271,1.07467,1.12693,10.89877,0.145,2.32482,-0.18098,84.428,24066.0,1426.0
8.197028001000326,-1.6182,1.97803,12.88946,0.07001,3.03656,-0.43525,1.09849,1.04586,10.78858,0.17236,2.40258,-0.20083,84.341,24066.0,1426.0
8.202028001000325,-1.65184,1.94893,12.92592,0.0827,3.10064,-0.44779,1.1223,0.96479,10.67839,0.19972,2.48034,-0.22069,84.236,24164.282,1426.0
8.207028001000326,-1.68548,1.91982,12.96237,0.09538,3.16473,-0.46033,1.14612,0.88372,10.56821,0.22707,2.5581,-0.24055,84.104,24419.405,1426.0
8.212028001000327,-1.71913,1.89072,12.99882,0.10807,3.22881,-0.47288,1.16994,0.80265,10.45802,0.25443,2.63586,-0.2604,83.972,24575.0,1379.017
8.217028001000326,-1.75277,1.86161,13.03527,0.12075,3.29289,-0.48542,1.19376,0.72158,10.34783,0.28179,2.71362,-0.28026,83.84,24575.0,1258.582
8.222028001000327,-2.01095,1.86357,13.37776,0.14225,3.35486,-0.49118,1.21758,0.64051,10.23764,0.30915,2.79137,-0.30012,83.674,24282.217,1185.0
8.227028001000326,-2.62177,1.91432,14.20086,0.17761,3.41351,-0.48631,1.2414,0.55944,10.12746,0.3365,2.86913,-0.31997,83.454,23529.624,1185.0
8.232028001000327,-3.23259,1.96506,15.02397,0.21296,3.47216,-0.48143,0.90043,0.59044,10.32763,0.35866,2.94279,-0.32588,83.269,23073.0,1135.263
8.237028001000326,-3.84341,2.01581,15.84707,0.24831,3.53082,-0.47655,-0.00336,0.79436,11.00663,0.37279,3.01012,-0.31026,83.137,23073.0,1008.792
8.242028001000326,-4.17115,1.99089,16.35022,0.28366,3.58947,-0.47168,-0.90714,0.99827,11.68563,0.38692,3.07746,-0.29465,82.989,22686.097,931.0
8.247028001000327,-4.04652,1.84504,16.34208,0.31901,3.64812,-0.4668,-1.81093,1.20219,12.36463,0.40105,3.14479,-0.27903,82.812,21680.908,931.0
8.252028001000326,-3.92189,1.69919,16.33394,0.35437,3.70678,-0.46193,-2.74698,1.52103,12.64857,0.3957,3.16358,-0.27886,82.636,21071.0,852.598
8.257028001000327,-3.79726,1.55335,16.3258,0.38972,3.76543,-0.45705,-3.73282,2.01719,12.32293,0.36027,3.10748,-0.30253,82.46,21071.0,653.225
8.262028001000326,-3.67263,1.4075,16.31766,0.39857,3.77847,-0.45614,-4.71866,2.51335,11.9973,0.32484,3.05138,-0.3262,82.285,19891.08,532.0
8.267028001000327,-3.548,1.26166,16.30952,0.36632,3.72075,-0.46139,-5.70449,3.00952,11.67166,0.28942,2.99527,-0.34987,82.109,16880.877,532.0
8.272028001000326,-3.42338,1.11581,16.30137,0.33406,3.66303,-0.46663,-6.18927,3.30389,11.25084,0.25399,2.93917,-0.37354,81.916,13154.34,477.087
8.277028001000327,-3.29875,0.96997,16.29323,0.30181,3.60531,-0.47188,-5.89723,3.28543,10.68244,0.21856,2.88307,-0.39721,81.696,8317.26,337.041
8.282028001000326,-2.88374,0.867,15.86019,0.26956,3.54759,-0.47713,-5.6052,3.26697,10.11405,0.18314,2.82697,-0.42088,81.493,5380.0,252.0
8.287028001000326,-2.01979,0.83034,14.77022,0.23731,3.48987,-0.48237,-5.31317,3.24851,9.54566,0.14771,2.77087,-0.44455,81.318,5380.0,252.0
8.292028001000327,-1.15584,0.79368,13.68026,0.20505,3.43215,-0.48762,-5.02113,3.23005,8.97727,0.11229,2.71476,-0.46822,81.09,5380.0,284.605
8.297028001000326,-0.29189,0.75701,12.59029,0.1728,3.37443,-0.49286,-4.7291,3.21159,8.40887,0.07686,2.65866,-0.49189,80.783,5380.0,367.555
8.302028001000327,0.57206,0.72035,11.50032,0.14055,3.31671,-0.49811,-4.43706,3.19313,7.84048,0.04143,2.60256,-0.51556,80.475,4364.267,418.0
8.307028001000326,1.43601,0.68368,10.41035,0.1083,3.25899,-0.50336,-4.14503,3.17467,7.27209,0.00601,2.54646,-0.53923,80.168,1772.147,418.0
8.312028001000327,2.14796,0.62207,9.59002,0.06344,3.1588,-0.51433,-3.853,3.15621,6.7037,-0.03408,2.45977,-0.55498,79.929,154.517,446.094
8.317028001000326,2.62217,0.52142,9.19138,-0.00112,2.9922,-0.53426,-3.56096,3.13775,6.1353,-0.08145,2.32525,-0.55836,79.797,60.976,518.125
8.322028001000326,3.09638,0.42078,8.79275,-0.06568,2.8256,-0.55418,-3.48856,3.12607,5.54519,-0.12882,2.19073,-0.56174,79.665,4.0,562.0
8.327028001000325,3.57059,0.32014,8.39411,-0.13025,2.659,-0.57411,-3.75839,3.12498,4.92123,-0.17618,2.05621,-0.56511,79.533,4.0,562.0
8.332028001000326,4.0448,0.2195,7.99547,-0.19481,2.4924,-0.59404,-4.02822,3.12389,4.29727,-0.22355,1.92169,-0.56849,79.401,4.0,509.823
8.337028001000327,4.51901,0.11886,7.59684,-0.25937,2.32579,-0.61396,-4.29805,3.1228,3.67332,-0.27092,1.78717,-0.57186,79.27,4.0,376.898
8.342028001000326,4.99323,0.01822,7.1982,-0.32394,2.15919,-0.63389,-4.56788,3.12171,3.04936,-0.31829,1.65265,-0.57524,79.138,3.804,296.0
8.347028001000327,5.46744,-0.08242,6.79957,-0.3885,1.99259,-0.65382,-4.83771,3.12062,2.4254,-0.36566,1.51813,-0.57861,79.006,3.305,296.0
8.352028001000326,5.87216,-0.15347,6.45872,-0.44398,1.72742,-0.6166,-4.98509,3.00228,1.99245,-0.44371,1.21995,-0.54028,78.909,3.0,296.0
8.357028001000327,6.16848,-0.17837,6.20803,-0.48529,1.30847,-0.49023,-4.94145,2.70103,1.85746,-0.56961,0.66649,-0.4369,78.865,3.0,296.0
8.362028001000326,6.46481,-0.20326,5.95733,-0.5266,0.88953,-0.36385,-4.89781,2.39978,1.72248,-0.69551,0.11302,-0.33351,78.838,3.0,284.292
8.367028001000326,6.76113,-0.22816,5.70664,-0.56791,0.47059,-0.23748,-4.85418,2.09853,1.58749,-0.82142,-0.44045,-0.23012,78.838,3.0,254.246
8.372028001000327,7.05746,-0.25305,5.45595,-0.60922,0.05164,-0.11111,-4.61361,1.84588,1.48135,-0.89753,-0.80791,-0.14665,78.838,2.805,236.0
8.377028001000326,7.35378,-0.27794,5.20525,-0.65053,-0.3673,0.01526,-4.06853,1.66838,1.41981,-0.89666,-0.88777,-0.09398,78.838,2.307,236.0
8.382028001000327,7.15018,-0.1828,4.93137,-0.68115,-0.67103,0.11212,-3.52345,1.49089,1.35826,-0.8958,-0.96764,-0.0413,78.838,2.0,360.218
8.387028001000326,6.14345,0.10519,4.62023,-0.69457,-0.78968,0.16157,-2.97836,1.31339,1.29672,-0.89493,-1.0475,0.01138,78.838,2.0,683.988
8.392028001000327,5.13672,0.39317,4.3091,-0.70799,-0.90833,0.21102,-2.43328,1.1359,1.23518,-0.89406,-1.12736,0.06405,78.855,2.196,890.983
8.397028001000326,4.13,0.68115,3.99797,-0.72141,-1.02698,0.26047,-1.8882,0.9584,1.17363,-0.89319,-1.20722,0.11673,78.899,2.696,916.482
8.402028001000327,3.48076,0.89957,3.87094,-0.73484,-1.14563,0.30992,-1.59819,0.80322,1.18498,-0.89232,-1.28708,0.16941,78.926,3.0,932.0
8.407028001000326,3.38729,1.00983,4.03015,-0.74826,-1.26428,0.35937,-1.70472,0.68274,1.30964,-0.89145,-1.36694,0.22208,78.926,3.0,932.0
8.412028001000326,3.29382,1.12009,4.18936,-0.76168,-1.38293,0.40883,-1.81124,0.56225,1.4343,-0.89058,-1.4468,0.27476,78.926,3.196,932.0
8.417028001000327,3.20035,1.23035,4.34856,-0.77511,-1.50157,0.45828,-1.91777,0.44176,1.55896,-0.88971,-1.52667,0.32743,78.926,3.695,932.0
8.422028001000326,3.10688,1.3406,4.50777,-0.78853,-1.62022,0.50773,-2.02429,0.32127,1.68363,-0.88884,-1.60653,0.38011,78.943,4.0,1087.097
8.427028001000327,3.01342,1.45086,4.66697,-0.80195,-1.73887,0.55718,-2.13082,0.20078,1.80829,-0.88797,-1.68639,0.43279,78.987,4.0,1484.302
8.432028001000326,2.91995,1.56112,4.82618,-0.79961,-1.8609,0.60549,-2.23735,0.0803,1.93295,-0.87034,-1.7998,0.4867,79.031,4.0,2133.162
8.437028001000327,2.82648,1.67138,4.98539,-0.77275,-1.98817,0.65203,-2.34387,-0.04019,2.05761,-0.82666,-1.96536,0.54253,79.075,4.0,3173.159
8.442028001000326,2.69146,1.7704,5.17462,-0.74589,-2.11545,0.69856,-2.47841,-0.11425,2.17522,-0.78298,-2.13092,0.59836,79.119,4.0,3806.0
8.447028001000326,2.49186,1.85194,5.41051,-0.71903,-2.24273,0.7451,-2.65649,-0.11615,2.28185,-0.7393,-2.29648,0.65419,79.163,4.0,3806.0
8.452028001000325,2.29226,1.93348,5.6464,-0.69217,-2.37,0.79163,-2.83458,-0.11804,2.38848,-0.69562,-2.46204,0.71002,79.207,4.0,3806.0
8.457028001000326,2.09266,2.01502,5.88229,-0.66531,-2.49728,0.83817,-3.01266,-0.11994,2.49512,-0.65194,-2.6276,0.76585,79.251,4.0,3806.0
8.462028001000327,1.89307,2.09657,6.11819,-0.63845,-2.62456,0.88471,-3.19074,-0.12183,2.60175,-0.61188,-2.75339,0.80769,79.295,4.0,4116.427
8.467028001000326,1.69347,2.17811,6.35408,-0.61159,-2.75183,0.93124,-3.36882,-0.12373,2.70838,-0.57739,-2.81774,0.82792,79.339,4.0,4906.313
8.472028001000327,1.4315,2.27957,6.5637,-0.57381,-2.87307,0.97418,-3.5469,-0.12562,2.81502,-0.5429,-2.8821,0.84814,79.382,3.804,5387.0
8.477028001000326,1.07259,2.41199,6.73248,-0.51904,-2.98491,1.01154,-3.72498,-0.12752,2.92165,-0.50841,-2.94646,0.86837,79.426,3.304,5387.0
8.482028001000327,0.71367,2.54441,6.90126,-0.46427,-3.09676,1.0489,-3.76498,-0.13606,3.03216,-0.47393,-3.01081,0.88859,79.47,3.0,5858.44
8.487028001000326,0.35475,2.67684,7.07005,-0.4095,-3.20861,1.08626,-3.59093,-0.15489,3.14867,-0.43944,-3.07517,0.90882,79.514,3.0,7060.663
8.492028001000326,-0.00417,2.80926,7.23883,-0.35473,-3.32045,1.12361,-3.41688,-0.17373,3.26518,-0.40495,-3.13952,0.92905,79.558,3.0,7792.0
8.497028001000327,-0.36309,2.94168,7.40761,-0.29996,-3.4323,1.16097,-3.24284,-0.19257,3.38169,-0.37047,-3.20388,0.94927,79.602,3.0,7792.0
8.502028001000326,-0.62908,3.0172,7.65706,-0.25449,-3.52238,1.1828,-3.06879,-0.2114,3.4982,-0.33598,-3.26824,0.9695,79.629,3.0,8050.424
8.507028001000327,-0.75086,3.00441,8.0317,-0.22345,-3.5787,1.18053,-2.89474,-0.23024,3.61471,-0.30149,-3.33259,0.98973,79.629,3.0,8709.829
8.512028001000326,-0.87264,2.99163,8.40634,-0.19241,-3.63502,1.17827,-2.84082,-0.19643,3.86191,-0.26327,-3.40317,1.00169,79.646,3.0,9111.0
8.517028001000327,-0.99442,2.97885,8.78097,-0.16138,-3.69134,1.176,-2.97353,-0.08082,4.31213,-0.21926,-3.4834,1.00081,79.69,3.0,9111.0
8.522028001000326,-1.1162,2.96607,9.15561,-0.13034,-3.74766,1.17373,-3.10624,0.03478,4.76234,-0.17524,-3.56363,0.99992,79.734,3.194,9111.0
8.527028001000327,-1.23798,2.95329,9.53024,-0.0993,-3.80398,1.17147,-3.23895,0.15039,5.21256,-0.13123,-3.64387,0.99904,79.778,3.695,9111.0
8.532028001000326,-1.35976,2.94051,9.90488,-0.06826,-3.86029,1.1692,-3.37167,0.26599,5.66278,-0.08721,-3.7241,0.99816,79.805,4.0,9161.793
8.537028001000326,-1.48154,2.92773,10.27951,-0.03723,-3.91661,1.16694,-3.50438,0.3816,6.113,-0.0432,-3.80434,0.99728,79.805,4.0,9292.025
8.542028001000327,-1.6335,2.92247,10.73854,-0.01753,-3.96232,1.15308,-3.53895,0.55679,6.60463,-0.01491,-3.86324,0.99253,79.822,3.803,9371.0
8.547028001000326,-1.83197,2.9288,11.32761,-0.01532,-3.99168,1.12136,-3.42232,0.82379,7.16005,-0.01083,-3.88927,0.98183,79.866,3.304,9371.0
8.552028001000327,-2.03043,2.93513,11.91667,-0.0131,-4.02104,1.08964,-3.30569,1.09079,7.71548,-0.00676,-3.91531,0.97114,79.893,3.0,9357.861
8.557028001000326,-2.2289,2.94146,12.50573,-0.01089,-4.0504,1.05792,-3.18907,1.35779,8.27091,-0.00269,-3.94134,0.96044,79.893,3.0,9324.343
8.562028001000327,-2.41345,2.9262,13.00406,-0.00867,-4.07976,1.0262,-3.12554,1.57719,8.71175,0.00138,-3.96737,0.94974,79.893,3.196,9304.0
8.567028001000326,-2.57654,2.87762,13.3623,-0.00646,-4.10913,0.99448,-3.144,1.72309,8.97567,0.00546,-3.99341,0.93904,79.893,3.694,9304.0
8.572028001000326,-2.73963,2.82904,13.72055,-0.00871,-4.1344,0.95242,-3.16245,1.86898,9.23959,0.00953,-4.01944,0.92834,79.893,4.0,9232.677
8.577028001000327,-2.90271,2.78046,14.07879,-0.01806,-4.15317,0.89391,-3.18091,2.01488,9.50352,0.0136,-4.04548,0.91764,79.893,4.0,9047.892
8.582028001000326,-3.0658,2.73188,14.43703,-0.02742,-4.17194,0.83539,-3.19937,2.16078,9.76744,0.01768,-4.07151,0.90694,79.893,4.195,8935.0
8.587028001000327,-3.22889,2.6833,14.79527,-0.03678,-4.19071,0.77688,-3.21783,2.30667,10.03137,0.02175,-4.09754,0.89625,79.893,4.695,8935.0
8.592028001000326,-3.39864,2.65881,15.0633,-0.04613,-4.20948,0.71836,-3.23629,2.45257,10.29529,0.01671,-4.12249,0.85455,79.893,4.804,8904.673
8.597028001000327,-3.57876,2.67183,15.19083,-0.05549,-4.22825,0.65984,-3.25474,2.59847,10.55922,-0.0025,-4.14573,0.76456,79.893,4.304,8827.116
8.602028001000326,-3.75888,2.68486,15.31836,-0.06485,-4.24702,0.60133,-3.4229,2.69589,10.79717,-0.02171,-4.16897,0.67458,79.91,4.0,8780.0
8.607028001000327,-3.93901,2.69788,15.44589,-0.0742,-4.26579,0.54281,-3.82277,2.71829,10.99494,-0.04092,-4.19222,0.5846,79.954,4.0,8780.0
8.612028001000326,-4.11913,2.71091,15.57342,-0.07292,-4.2761,0.47717,-4.22263,2.7407,11.1927,-0.06014,-4.21546,0.49462,79.98,4.0,8777.843
8.617028001000326,-4.29926,2.72393,15.70095,-0.05513,-4.27328,0.40046,-4.6225,2.7631,11.39047,-0.07935,-4.23871,0.40463,79.98,4.0,8772.339
8.622028001000327,-4.47938,2.73696,15.82848,-0.03734,-4.27046,0.32375,-4.87577,2.74619,11.5125,-0.0872,-4.24736,0.31528,79.998,3.804,8769.0
8.627028001000326,-4.65951,2.74998,15.95601,-0.01955,-4.26764,0.24705,-4.90288,2.66862,11.51767,-0.07751,-4.23349,0.22691,80.042,3.304,8769.0
8.632028001000327,-4.9007,2.70272,16.02234,-0.00177,-4.26482,0.17034,-4.92999,2.59106,11.52284,-0.06782,-4.21962,0.13853,80.086,3.0,8955.554
8.637028001000326,-5.23688,2.56172,15.9935,0.01602,-4.262,0.09363,-4.95709,2.51349,11.52801,-0.05813,-4.20575,0.05015,80.13,3.0,9432.209
8.642028001000327,-5.57305,2.42071,15.96466,0.03381,-4.25918,0.01693,-4.9842,2.43592,11.53318,-0.04845,-4.19188,-0.03822,80.156,3.0,9722.0
8.647028001000326,-5.90922,2.27971,15.93582,0.0516,-4.25636,-0.05978,-5.01131,2.35835,11.53836,-0.03876,-4.17801,-0.1266,80.156,3.0,9722.0
8.652028001000327,-6.24539,2.1387,15.90698,0.06939,-4.25354,-0.13649,-5.03842,2.28079,11.54353,-0.02907,-4.16414,-0.21498,80.174,3.0,9794.026
8.657028001000326,-6.58156,1.9977,15.87814,0.08718,-4.25072,-0.21319,-5.06552,2.20322,11.5487,-0.01938,-4.15027,-0.30336,80.217,3.0,9976.861
8.662028001000326,-6.77706,1.82994,15.86656,0.0927,-4.22388,-0.28482,-5.09263,2.12565,11.55387,-0.0097,-4.1364,-0.39173,80.244,3.392,10088.0
8.667028001000327,-6.75448,1.62071,15.88176,0.0792,-4.15979,-0.34858,-5.11974,2.04808,11.55905,-1e-05,-4.12253,-0.48011,80.244,4.392,10088.0
8.672028001000326,-6.73191,1.41147,15.89695,0.06571,-4.09569,-0.41233,-4.88491,1.933,11.71294,0.00383,-4.05812,-0.58168,80.244,5.0,10140.301
8.677028001000327,-6.70933,1.20224,15.91214,0.05221,-4.0316,-0.47609,-4.24329,1.75967,12.09778,-0.00141,-3.91522,-0.70376,80.244,5.0,10273.822
8.682028001000326,-6.68675,0.99301,15.92733,0.03872,-3.96751,-0.53984,-3.60168,1.58633,12.48263,-0.00665,-3.77232,-0.82583,80.244,4.608,10355.0
8.687028001000327,-6.66418,0.78377,15.94252,0.02522,-3.90342,-0.6036,-2.96007,1.413,12.86748,-0.01189,-3.62942,-0.9479,80.244,3.609,10355.0
8.692028001000326,-6.6416,0.57454,15.95771,0.01173,-3.83933,-0.66736,-2.43968,1.25662,13.1134,-0.02051,-3.51523,-1.01188,80.244,3.0,10348.347
8.697028001000326,-6.61902,0.36531,15.9729,-0.00177,-3.77524,-0.73111,-2.10798,1.12665,13.14311,-0.0344,-3.4457,-0.98545,80.244,3.0,10331.338
8.702028001000327,-6.59645,0.15608,15.9881,-0.01526,-3.71115,-0.79487,-1.77627,0.99668,13.17281,-0.0483,-3.37617,-0.95901,80.244,3.197,10321.0
8.707028001000326,-6.57387,-0.05316,16.00329,-0.02876,-3.64706,-0.85862,-1.44457,0.86671,13.20252,-0.06219,-3.30664,-0.93258,80.244,3.7,10321.0
8.712028001000327,-6.31738,-0.27723,15.80976,-0.05433,-3.53845,-0.87208,-1.11286,0.73674,13.23223,-0.07608,-3.23711,-0.90614,80.262,4.0,10316.977
8.717028001000326,-5.71663,-0.52314,15.30905,-0.09767,-3.36432,-0.81151,-0.78116,0.60677,13.26193,-0.08997,-3.16758,-0.87971,80.306,4.0,10307.034
8.722028001000327,-5.48961,-0.52343,14.84512,-0.14102,-3.19019,-0.75094,-0.56234,0.49566,13.21685,-0.10387,-3.09805,-0.85328,80.332,4.784,10301.0
8.727028001000326,-5.83961,-0.14448,14.43796,-0.18437,-3.01606,-0.69038,-0.51782,0.41368,13.05628,-0.11776,-3.02852,-0.82684,80.332,6.777,10301.0
8.732028001000327,-6.18961,0.23446,14.0308,-0.18389,-2.84294,-0.65014,-0.4733,0.3317,12.89572,-0.13165,-2.95899,-0.80041,80.332,8.0,10303.708
8.737028001000326,-6.53961,0.61341,13.62364,-0.11377,-2.67143,-0.64222,-0.42878,0.24972,12.73516,-0.14554,-2.88946,-0.77397,80.332,8.0,10310.72
8.742028001000326,-6.88962,0.99235,13.21647,-0.04366,-2.49991,-0.63429,-0.38426,0.16774,12.5746,-0.13559,-2.79491,-0.75247,80.332,6.44,10315.0
8.747028001000327,-7.23962,1.3713,12.80931,0.02646,-2.3284,-0.62637,-0.33974,0.08575,12.41404,-0.08826,-2.66114,-0.7387,80.332,2.435,10315.0
8.752028001000326,-7.58962,1.75025,12.40215,0.09657,-2.15689,-0.61844,-0.29522,0.00377,12.25347,-0.04093,-2.52737,-0.72492,80.332,0.98,10332.452
8.757028001000327,-7.93962,2.12919,11.99499,0.16668,-1.98537,-0.61052,-0.2507,-0.07821,12.09291,0.0064,-2.3936,-0.71115,80.332,3.482,10376.981
8.762028001000326,-8.36785,2.34489,11.61772,0.2368,-1.81386,-0.6026,-0.28598,-0.08325,11.84018,0.05373,-2.25983,-0.69738,80.332,5.0,10404.0
8.767028001000327,-8.91679,2.3087,11.28657,0.30691,-1.64235,-0.59467,-0.44439,0.03042,11.44523,0.10106,-2.12606,-0.6836,80.332,5.0,10404.0
8.772028001000326,-9.46573,2.27251,10.95542,0.33648,-1.45718,-0.57803,-0.60279,0.14409,11.05028,0.14838,-1.99229,-0.66983,80.315,5.0,10351.494
8.777028001000327,-10.01467,2.23633,10.62427,0.30174,-1.25036,-0.54756,-0.7612,0.25776,10.65533,0.19571,-1.85852,-0.65606,80.271,5.0,10215.722
8.782028001000326,-10.56361,2.20014,10.29312,0.26701,-1.04354,-0.5171,-0.91961,0.37143,10.26037,0.24304,-1.72475,-0.64228,80.244,4.414,10133.0
8.787028001000326,-11.11255,2.16395,9.96197,0.23227,-0.83672,-0.48663,-1.07802,0.4851,9.86542,0.29037,-1.59098,-0.62851,80.244,2.913,10133.0
8.792028001000327,-11.66149,2.12776,9.63082,0.19753,-0.62989,-0.45617,-1.11921,0.57086,9.78304,0.30331,-1.4093,-0.60259,80.244,1.804,10206.906
8.797028001000326,-12.21043,2.09157,9.29967,0.1628,-0.42307,-0.4257,-0.97839,0.61327,10.18598,0.26287,-1.15325,-0.55781,80.244,1.304,10395.564
8.802028001000327,-12.76649,1.794,9.34742,0.12806,-0.21625,-0.39523,-0.83757,0.65569,10.58892,0.22242,-0.8972,-0.51303,80.227,1.0,10510.0
8.807028001000326,-13.33351,1.09344,9.97933,0.09332,-0.00943,-0.36477,-0.69675,0.69811,10.99186,0.18197,-0.64114,-0.46825,80.183,1.0,10510.0
8.812028001000327,-13.90053,0.39288,10.61124,0.05858,0.19739,-0.3343,-0.55594,0.74052,11.3948,0.14152,-0.38509,-0.42347,80.122,1.0,10809.845
8.817028001000326,-14.46755,-0.30769,11.24315,0.02385,0.40421,-0.30384,-0.41512,0.78294,11.79775,0.10108,-0.12904,-0.37869,80.034,1.0,11575.071
8.822028001000326,-14.15333,-0.64903,11.63759,0.00047,0.60301,-0.25312,-0.2743,0.82535,12.20069,0.06063,0.12702,-0.33391,79.946,1.391,12041.0
8.827028001000327,-12.46723,-0.43114,11.66235,-0.00521,0.78931,-0.17088,-0.13348,0.86777,12.60363,0.02018,0.38307,-0.28913,79.858,2.391,12041.0
8.832028001000326,-10.78114,-0.21325,11.68712,-0.0109,0.97562,-0.08864,0.64568,0.55375,13.29846,-0.00041,0.59087,-0.2206,79.77,2.804,14294.941
8.837028001000327,-9.09505,0.00464,11.71188,-0.01658,1.16192,-0.0064,2.41738,-0.31446,14.44713,0.00989,0.72365,-0.11513,79.682,2.304,20053.44
8.842028001000326,-7.40895,0.22253,11.73665,-0.02227,1.34822,0.07584,3.59738,-0.75958,14.89838,0.02018,0.85643,-0.00966,79.577,2.0,23557.0
8.847028001000327,-5.72286,0.44042,11.76141,-0.02795,1.53452,0.15808,3.85804,-0.54732,14.26604,0.03047,0.98921,0.09581,79.445,2.0,23557.0
8.852028001000326,-4.03677,0.65831,11.78618,-0.03364,1.72083,0.24032,4.11871,-0.33506,13.63369,0.04077,1.12199,0.20128,79.279,2.0,23752.124
8.857028001000327,-2.35067,0.87619,11.81094,-0.03932,1.90713,0.32256,4.37937,-0.1228,13.00135,0.05106,1.25477,0.30675,79.059,2.0,24248.81
8.862028001000326,-0.81861,1.00547,11.71625,-0.04789,2.04447,0.36106,4.64004,0.08946,12.369,0.06136,1.38755,0.41222,78.822,2.588,24551.0
8.867028001000326,0.47415,0.99708,11.43597,-0.06092,2.10574,0.33162,4.90071,0.30171,11.73666,0.07165,1.52033,0.51769,78.559,4.089,24551.0
8.872028001000327,1.76691,0.98868,11.15568,-0.07396,2.16701,0.30218,5.16137,0.51397,11.10431,0.07759,1.6202,0.5777,78.347,4.608,24785.456
8.877028001000326,3.05966,0.98028,10.87539,-0.087,2.22828,0.27274,5.42204,0.72623,10.47197,0.07682,1.66926,0.56748,78.215,3.609,25382.027
8.882028001000327,3.7141,0.95113,10.70223,-0.10003,2.28955,0.2433,5.39933,0.92724,9.95853,0.07606,1.71831,0.55726,78.083,3.0,25746.0
8.887028001000326,3.36967,0.88949,10.69669,-0.11307,2.35082,0.21386,4.93318,1.11066,9.63114,0.07529,1.76736,0.54703,77.951,3.0,25746.0
8.892028001000327,3.02525,0.82785,10.69115,-0.12611,2.41209,0.18442,4.46703,1.29408,9.30375,0.07452,1.81641,0.53681,77.819,3.0,25794.911
8.897028001000326,2.68083,0.76621,10.68562,-0.13914,2.47336,0.15497,4.00088,1.47749,8.97636,0.07375,1.86546,0.52659,77.688,3.0,25919.298
8.902028001000327,2.33641,0.70457,10.68008,-0.15218,2.53463,0.12553,3.53473,1.66091,8.64897,0.07298,1.91451,0.51637,77.556,3.196,25995.0
8.907028001000326,1.99198,0.64293,10.67454,-0.16522,2.5959,0.09609,3.06858,1.84433,8.32158,0.07221,1.96357,0.50615,77.424,3.696,25995.0
8.912028001000326,1.64756,0.58129,10.669,-0.13617,2.55751,0.04387,2.60243,2.02774,7.99419,0.07653,1.97414,0.46121,77.326,4.0,26010.728
8.917028001000327,1.30314,0.51965,10.66347,-0.04225,2.36549,-0.04346,2.13628,2.21116,7.6668,0.08872,1.9254,0.36273,77.283,4.0,26050.701
8.922028001000326,1.09479,0.48054,10.82307,0.05168,2.17347,-0.13079,1.58652,2.10318,7.50443,0.1009,1.87665,0.26426,77.256,4.0,26075.0
8.927028001000327,1.09741,0.47638,11.23871,0.1456,1.98144,-0.21812,0.90713,1.54342,7.59792,0.11308,1.82791,0.16579,77.256,4.0,26075.0
8.932028001000326,1.10003,0.47221,11.65436,0.20418,1.8033,-0.27043,0.22774,0.98366,7.6914,0.12526,1.77917,0.06732,77.29,4.0,26065.973
8.937028001000327,1.10265,0.46805,12.07,0.20812,1.64663,-0.2686,-0.45166,0.4239,7.78489,0.13744,1.73042,-0.03116,77.378,4.0,26042.988
8.942028001000326,1.10527,0.46389,12.48564,0.21206,1.48996,-0.26677,-1.13105,-0.13586,7.87837,0.14962,1.68168,-0.12963,77.466,3.412,26029.0
8.947028001000326,1.1079,0.45972,12.90128,0.216,1.33328,-0.26494,-1.81044,-0.69562,7.97185,0.16181,1.63294,-0.2281,77.554,1.911,26029.0
8.952028001000327,1.07617,0.60331,13.03008,0.21994,1.17661,-0.26311,-2.55719,-0.76358,8.15673,0.16362,1.53606,-0.31667,77.625,1.0,26025.858
8.957028001000326,0.99145,0.97484,12.71637,0.22388,1.01994,-0.26127,-3.40786,-0.07284,8.48258,0.14945,1.36492,-0.38996,77.669,1.0,26017.869
8.962028001000327,0.90673,1.34636,12.40265,0.22781,0.86326,-0.25944,-4.25853,0.61789,8.80844,0.13527,1.19378,-0.46325,77.73,1.586,26013.0
8.967028001000326,0.82202,1.71789,12.08894,0.23175,0.70659,-0.25761,-5.10919,1.30863,9.1343,0.1211,1.02264,-0.53654,77.818,3.088,26013.0
8.972028001000327,0.7373,2.08942,11.77522,0.23569,0.54992,-0.25578,-5.95986,1.99937,9.46016,0.10692,0.8515,-0.60983,77.906,4.0,25984.143
8.977028001000326,0.65258,2.46094,11.46151,0.23963,0.39325,-0.25395,-6.81053,2.69011,9.78601,0.09274,0.68037,-0.68312,77.994,4.0,25910.618
8.982028001000327,0.68565,2.62959,11.21646,0.2342,0.30276,-0.24713,-6.13679,3.06787,9.90683,0.08408,0.58341,-0.70495,78.081,489.007,25866.0
8.987028001000326,0.90051,2.4851,11.07739,0.2143,0.31443,-0.23261,-3.11007,2.96253,9.71117,0.08392,0.60094,-0.64735,78.169,1722.638,25866.0
8.992028001000326,1.11538,2.34061,10.93833,0.1944,0.3261,-0.21808,-0.08335,2.8572,9.51551,0.08376,0.61848,-0.58974,78.257,2925.076,25813.146
8.997028001000327,1.33025,2.19612,10.79926,0.1745,0.33777,-0.20356,2.94337,2.75187,9.31985,0.0836,0.63602,-0.53214,78.345,4079.409,25678.782
9.002028001000326,1.54511,2.05163,10.6602,0.1546,0.34944,-0.18904,4.62007,2.54591,9.20419,0.08345,0.65355,-0.47453,78.45,4782.0,25597.0
9.007028001000327,1.75998,1.90714,10.52113,0.13471,0.36111,-0.17452,4.19711,2.18344,9.21299,0.08329,0.67109,-0.41693,78.582,4782.0,25597.0
9.012028001000326,1.97484,1.76265,10.38207,0.11481,0.37278,-0.16,3.77415,1.82097,9.22178,0.08313,0.68863,-0.35932,78.697,4782.0,25562.025
9.017028001000327,2.18971,1.61816,10.243,0.09491,0.38445,-0.14548,3.35118,1.4585,9.23057,0.08297,0.70616,-0.30171,78.785,4782.0,25473.006
9.022028001000326,2.20506,1.5029,10.19358,0.08217,0.37893,-0.13589,2.92822,1.09604,9.23936,0.08281,0.7237,-0.24411,78.872,4913.451,25419.0
9.027028001000327,1.91264,1.43272,10.28242,0.08046,0.3469,-0.13391,2.50526,0.73357,9.24815,0.08266,0.74123,-0.1865,78.96,5247.661,25419.0
9.032028001000326,1.62023,1.36255,10.37126,0.07876,0.31487,-0.13192,2.08229,0.3711,9.25694,0.08465,0.73384,-0.15309,79.048,5613.001,25484.427
9.037028001000326,1.32781,1.29237,10.46011,0.07705,0.28284,-0.12993,1.65933,0.00864,9.26574,0.08999,0.68771,-0.15727,79.136,6026.711,25651.512
9.042028001000327,1.10844,1.26191,10.52249,0.07535,0.25081,-0.12795,1.30393,0.00516,9.36171,0.09533,0.64159,-0.16146,79.207,6278.0,25753.0
9.047028001000326,1.00207,1.29289,10.54393,0.07364,0.21878,-0.12596,1.05306,0.55711,9.59256,0.10066,0.59546,-0.16564,79.251,6278.0,25753.0
9.052028001000327,0.8957,1.32387,10.56536,0.07118,0.19714,-0.12324,0.8022,1.10905,9.82341,0.106,0.54933,-0.16982,79.312,6278.0,25750.459
9.057028001000326,0.78933,1.35485,10.5868,0.06753,0.19174,-0.11936,0.55133,1.66099,10.05426,0.11134,0.50321,-0.174,79.4,6278.0,25743.951
9.062028001000327,0.68296,1.38583,10.60824,0.06388,0.18634,-0.11548,0.38565,1.98562,10.19878,0.11231,0.46984,-0.17408,79.47,6563.525,25740.0
9.067028001000326,0.57659,1.41681,10.62968,0.06024,0.18094,-0.1116,0.35156,1.95908,10.20994,0.10654,0.4562,-0.16783,79.514,7290.137,25740.0
9.072028001000326,0.47023,1.44779,10.65112,0.05659,0.17554,-0.10772,0.31747,1.93254,10.2211,0.10077,0.44256,-0.16158,79.558,7989.555,25825.974
9.077028001000327,0.36386,1.47877,10.67256,0.05294,0.17015,-0.10383,0.28339,1.906,10.23226,0.09499,0.42892,-0.15533,79.602,8646.528,26046.133
9.082028001000326,0.26517,1.50298,10.68654,0.0493,0.16475,-0.09995,0.2493,1.87946,10.24342,0.08922,0.41527,-0.14907,79.664,9046.0,26180.0
9.087028001000327,0.17841,1.51669,10.68895,0.04565,0.15935,-0.09607,0.21521,1.85291,10.25458,0.08345,0.40163,-0.14282,79.752,9046.0,26180.0
9.092028001000326,0.09164,1.53041,10.69137,0.04032,0.15415,-0.09146,0.18113,1.82637,10.26574,0.07768,0.38799,-0.13657,79.822,9046.0,26073.636
9.097028001000327,0.00488,1.54412,10.69378,0.03248,0.14925,-0.08578,0.14704,1.79983,10.2769,0.0719,0.37435,-0.13031,79.866,9046.0,25809.325
9.102028001000326,-0.08189,1.55783,10.69619,0.02464,0.14434,-0.08009,0.11295,1.77329,10.28805,0.06613,0.36071,-0.12406,79.927,9178.965,25649.0
9.107028001000327,-0.16865,1.57155,10.6986,0.0168,0.13944,-0.0744,0.07887,1.74675,10.29921,0.06036,0.34706,-0.11781,80.015,9516.933,25649.0
9.112028001000326,-0.25542,1.58526,10.70101,0.00896,0.13454,-0.06871,0.07179,1.73596,10.31058,0.05147,0.3404,-0.10418,80.103,9723.0,25704.307
9.117028001000326,-0.34218,1.59897,10.70342,0.00112,0.12964,-0.06302,0.1069,1.74977,10.32226,0.0377,0.34463,-0.07901,80.191,9723.0,25846.021
9.122028001000327,-0.42171,1.59127,10.71219,-0.00672,0.12474,-0.05733,0.142,1.76358,10.33394,0.02394,0.34886,-0.05385,80.261,9807.633,25932.0
9.127028001000326,-0.49008,1.55052,10.73076,-0.01456,0.11983,-0.05164,0.17711,1.77739,10.34562,0.01018,0.35309,-0.02869,80.305,10022.825,25932.0
9.132028001000327,-0.55844,1.50978,10.74933,-0.0224,0.11493,-0.04596,0.21222,1.7912,10.3573,-0.00359,0.35733,-0.00353,80.366,10154.0,25901.613
9.137028001000326,-0.62681,1.46904,10.7679,-0.03024,0.11003,-0.04027,0.24733,1.80501,10.36898,-0.01735,0.36156,0.02163,80.453,10154.0,25823.784
9.142028001000327,-0.69517,1.42829,10.78647,-0.03808,0.10513,-0.03458,0.27493,1.80171,10.37567,-0.02811,0.37264,0.03299,80.557,10295.786,25775.0
9.147028001000326,-0.76354,1.38755,10.80504,-0.04592,0.10023,-0.02889,0.2899,1.76968,10.37398,-0.0338,0.39522,0.02115,80.69,10675.711,25775.0
9.152028001000327,-0.78977,1.36989,10.80534,-0.05176,0.1011,-0.02753,0.30487,1.73766,10.37229,-0.0395,0.4178,0.00931,80.806,11100.196,25721.563
9.157028001000326,-0.75045,1.38814,10.77721,-0.05447,0.11098,-0.03292,0.31985,1.70563,10.3706,-0.0452,0.44038,-0.00253,80.894,11594.019,25584.974
9.162028001000326,-0.71112,1.4064,10.74908,-0.05719,0.12085,-0.0383,0.36858,1.68604,10.36719,-0.0509,0.46296,-0.01437,80.982,11894.0,25502.0
9.167028001000327,-0.6718,1.42465,10.72096,-0.0599,0.13072,-0.04369,0.46957,1.6857,10.3611,-0.05659,0.48554,-0.02621,81.07,11894.0,25502.0
9.172028001000326,-0.63247,1.4429,10.69283,-0.06262,0.14059,-0.04907,0.57055,1.68536,10.355,-0.06063,0.50277,-0.03715,81.157,11894.0,25415.635
9.177028001000327,-0.59315,1.46116,10.6647,-0.06534,0.15046,-0.05445,0.67154,1.68502,10.34891,-0.0621,0.51168,-0.04669,81.245,11894.0,25195.004
9.182028001000326,-0.55382,1.47941,10.63657,-0.06805,0.16034,-0.05984,0.77252,1.68467,10.34282,-0.06356,0.52058,-0.05623,81.333,12136.709,25061.0
9.187028001000327,-0.5145,1.49767,10.60844,-0.07077,0.17021,-0.06522,0.87351,1.68433,10.33673,-0.06502,0.52949,-0.06578,81.421,12754.861,25061.0
9.192028001000326,-0.43099,1.49165,10.58672,-0.07399,0.19026,-0.07587,0.97449,1.68399,10.33064,-0.06648,0.5384,-0.07532,81.509,13131.0,25041.607
9.197028001000326,-0.27883,1.44792,10.57497,-0.078,0.22612,-0.09469,1.07547,1.68365,10.32455,-0.06795,0.5473,-0.08487,81.597,13131.0,24992.071
9.202028001000327,-0.12666,1.40419,10.56322,-0.082,0.26198,-0.11352,1.12594,1.64708,10.3141,-0.06941,0.55621,-0.09441,81.685,13345.62,24962.0
9.207028001000326,0.02551,1.36046,10.55146,-0.08601,0.29784,-0.13234,1.09836,1.55454,10.29692,-0.07087,0.56511,-0.10395,81.772,13891.832,24962.0
9.212028001000327,0.11517,1.33425,10.53991,-0.08732,0.32093,-0.14413,1.07078,1.462,10.27974,-0.07233,0.57402,-0.1135,81.86,14227.0,24907.526
9.217028001000326,0.10556,1.33587,10.52866,-0.08435,0.32377,-0.14474,1.04319,1.36945,10.26256,-0.0738,0.58293,-0.12304,81.948,14227.0,24766.54
9.222028001000327,0.09596,1.3375,10.51742,-0.08138,0.3266,-0.14535,1.01561,1.27691,10.24538,-0.07526,0.59183,-0.13259,82.019,14399.113,24681.0
9.227028001000326,0.08635,1.33912,10.50617,-0.0784,0.32943,-0.14596,0.98803,1.18437,10.2282,-0.07672,0.60074,-0.14213,82.063,14836.756,24681.0
9.232028001000327,0.07675,1.34074,10.49493,-0.07543,0.33226,-0.14657,0.9232,1.11844,10.20526,-0.07459,0.60508,-0.14856,82.124,15103.0,24601.615
9.237028001000326,0.06714,1.34236,10.48368,-0.07246,0.33509,-0.14718,0.80051,1.09385,10.17338,-0.06686,0.60232,-0.15016,82.212,15103.0,24398.916
9.242028001000326,0.06776,1.33744,10.47187,-0.06949,0.33792,-0.14779,0.67783,1.06925,10.1415,-0.05913,0.59956,-0.15176,82.283,15171.967,24276.0
9.247028001000327,0.08414,1.32245,10.45918,-0.06651,0.34076,-0.14841,0.55514,1.04466,10.10962,-0.0514,0.5968,-0.15335,82.327,15347.186,24276.0
9.252028001000326,0.10052,1.30745,10.4465,-0.06354,0.34359,-0.14902,0.43245,1.02007,10.07774,-0.04368,0.59405,-0.15495,82.388,15454.0,22551.554
9.257028001000327,0.1169,1.29246,10.43381,-0.06057,0.34642,-0.14963,0.30977,0.99548,10.04586,-0.03595,0.59129,-0.15655,82.476,15454.0,18134.361
9.262028001000326,0.13328,1.27746,10.42113,-0.05759,0.34925,-0.15024,0.17693,0.97452,10.02237,-0.03031,0.58719,-0.1554,82.564,15537.425,15454.0
9.267028001000327,0.14966,1.26247,10.40844,-0.05462,0.35208,-0.15085,0.02842,0.95917,10.01183,-0.0279,0.58104,-0.15,82.652,15749.594,15454.0
9.272028001000326,0.1463,1.25713,10.40558,-0.0516,0.35051,-0.149,-0.12009,0.94382,10.0013,-0.02548,0.57488,-0.14461,82.722,15905.565,17066.082
9.277028001000327,0.11208,1.26688,10.41807,-0.04852,0.34206,-0.14328,-0.2686,0.92847,9.99076,-0.02307,0.56872,-0.13922,82.766,15973.667,21198.76
9.282028001000326,0.07786,1.27664,10.43057,-0.04543,0.33361,-0.13757,-0.33069,0.94645,9.99902,-0.02065,0.56257,-0.13383,82.827,16015.0,23707.0
9.287028001000326,0.04363,1.28639,10.44306,-0.04234,0.32516,-0.13186,-0.25933,1.01589,10.03629,-0.01824,0.55641,-0.12844,82.915,16015.0,23707.0
9.292028001000327,0.00941,1.29615,10.45556,-0.03925,0.3167,-0.12615,-0.18798,1.08533,10.07357,-0.01582,0.55026,-0.12304,83.003,16015.0,23622.076
9.297028001000326,-0.02481,1.3059,10.46805,-0.03616,0.30825,-0.12044,-0.11663,1.15477,10.11085,-0.01341,0.5441,-0.11765,83.091,16015.0,23405.342
9.302028001000327,-0.05903,1.31566,10.48054,-0.03308,0.2998,-0.11472,-0.04527,1.2242,10.14812,-0.01099,0.53794,-0.11226,83.162,16132.601,23272.0
9.307028001000326,-0.09326,1.32541,10.49304,-0.02999,0.29135,-0.10901,0.02608,1.29364,10.1854,-0.00858,0.53179,-0.10687,83.206,16438.244,23272.0
9.312028001000327,-0.11063,1.33851,10.50562,-0.02913,0.28694,-0.10472,0.09743,1.36308,10.22268,-0.00721,0.52982,-0.10185,83.267,16678.932,23280.632
9.317028001000326,-0.1019,1.35677,10.51833,-0.03171,0.28882,-0.10264,0.16879,1.43252,10.25996,-0.00746,0.53435,-0.09742,83.355,16818.975,23302.639
9.322028001000326,-0.09316,1.37503,10.53104,-0.0343,0.29069,-0.10056,0.21439,1.45689,10.27916,-0.00772,0.53888,-0.09299,83.443,16904.0,23316.0
9.327028001000327,-0.08443,1.3933,10.54375,-0.03688,0.29256,-0.09848,0.22019,1.41159,10.27042,-0.00797,0.54341,-0.08857,83.53,16904.0,23316.0
9.332028001000326,-0.09015,1.38591,10.55107,-0.03881,0.29585,-0.09692,0.22599,1.3663,10.26169,-0.00823,0.54794,-0.08414,83.618,16904.0,23218.252
9.337028001000327,-0.11854,1.3383,10.54995,-0.0397,0.30135,-0.09618,0.23179,1.32101,10.25296,-0.00848,0.55247,-0.07971,83.706,16904.0,22967.312
9.342028001000326,-0.14692,1.2907,10.54882,-0.0406,0.30686,-0.09544,0.23759,1.27572,10.24423,-0.00873,0.557,-0.07528,83.794,17069.745,22873.256
9.347028001000327,-0.1753,1.2431,10.5477,-0.04149,0.31236,-0.09469,0.24339,1.23043,10.2355,-0.00899,0.56153,-0.07085,83.882,17491.454,23021.478
9.352028001000326,-0.20368,1.19549,10.54657,-0.04239,0.31786,-0.09395,0.26327,1.21851,10.24319,-0.01096,0.5703,-0.06704,83.953,17747.635,23112.0
9.357028001000327,-0.23206,1.14789,10.54545,-0.04328,0.32337,-0.09321,0.30523,1.25894,10.27667,-0.01562,0.58569,-0.06419,83.997,17744.128,23112.0
9.362028001000326,-0.25369,1.13309,10.54655,-0.04418,0.32887,-0.09247,0.34719,1.29937,10.31015,-0.02029,0.60109,-0.06135,84.058,17742.0,23112.0
9.367028001000326,-0.26489,1.16893,10.5511,-0.04507,0.33437,-0.09173,0.38915,1.3398,10.34363,-0.02495,0.61649,-0.0585,84.146,17742.0,23112.0
9.372028001000327,-0.27609,1.20477,10.55565,-0.04596,0.33988,-0.09099,0.43111,1.38023,10.3771,-0.02961,0.63189,-0.05566,84.251,17742.0,22963.82
9.377028001000326,-0.28729,1.24061,10.5602,-0.04686,0.34538,-0.09025,0.47307,1.42066,10.41058,-0.03428,0.64729,-0.05281,84.383,17742.0,22584.22
9.382028001000327,-0.29849,1.27645,10.56475,-0.04775,0.35088,-0.0895,0.51503,1.46108,10.44406,-0.03894,0.66268,-0.04996,84.497,17887.15,22354.0
9.387028001000326,-0.30969,1.31229,10.5693,-0.04865,0.35639,-0.08876,0.55699,1.50151,10.47753,-0.0436,0.67808,-0.04712,84.584,18256.002,22354.0
9.392028001000327,-0.32089,1.34814,10.57385,-0.04954,0.36189,-0.08802,0.60562,1.53046,10.49742,-0.04867,0.70122,-0.04459,84.672,18485.0,22335.489
9.397028001000326,-0.33209,1.38398,10.5784,-0.05044,0.36739,-0.08728,0.66517,1.54062,10.49506,-0.05441,0.73702,-0.04259,84.761,18485.0,22286.668
9.402028001000327,-0.33351,1.39933,10.57507,-0.05327,0.38649,-0.0879,0.72472,1.55077,10.49269,-0.06015,0.77283,-0.04059,84.849,18531.887,22257.0
9.407028001000326,-0.3198,1.38296,10.55955,-0.05912,0.42665,-0.09062,0.78427,1.56093,10.49033,-0.06588,0.80863,-0.03859,84.937,18651.407,22257.0
9.412028001000326,-0.30608,1.36659,10.54403,-0.06496,0.4668,-0.09334,0.84382,1.57108,10.48797,-0.07162,0.84444,-0.03659,85.007,18724.0,22207.348
9.417028001000327,-0.29237,1.35021,10.52851,-0.0708,0.50696,-0.09606,0.90337,1.58124,10.4856,-0.07736,0.88024,-0.03459,85.051,18724.0,22080.888
9.422028001000326,-0.27865,1.33384,10.51298,-0.07665,0.54712,-0.09878,0.94167,1.57587,10.4834,-0.08279,0.91158,-0.0295,85.113,18817.405,22004.0
9.427028001000327,-0.26493,1.31747,10.49746,-0.08249,0.58727,-0.10151,0.94703,1.54644,10.48145,-0.08775,0.93601,-0.01962,85.2,19055.683,22004.0
9.432028001000326,-0.25122,1.30109,10.48194,-0.08828,0.63227,-0.09862,0.95239,1.51701,10.4795,-0.09272,0.96044,-0.00974,85.271,19274.333,21905.049
9.437028001000327,-0.2375,1.28472,10.46642,-0.09399,0.68484,-0.08697,0.95775,1.48758,10.47754,-0.09768,0.98487,0.00014,85.315,19462.3,21651.42
9.442028001000326,-0.25975,1.2757,10.46224,-0.09971,0.73741,-0.07532,0.91189,1.47758,10.47007,-0.10264,1.0093,0.01001,85.359,19576.0,21498.0
9.447028001000326,-0.33706,1.27794,10.47542,-0.10542,0.78998,-0.06367,0.7876,1.49734,10.45415,-0.10761,1.03373,0.01989,85.403,19576.0,21498.0
9.452028001000327,-0.41437,1.28017,10.4886,-0.11113,0.84255,-0.05202,0.66332,1.5171,10.43823,-0.11257,1.05815,0.02977,85.464,19576.0,21319.131
9.457028001000326,-0.49168,1.28241,10.50178,-0.11684,0.89512,-0.04037,0.53903,1.53686,10.42231,-0.11753,1.08258,0.03965,85.552,19576.0,20860.414
9.462028001000327,-0.55559,1.29204,10.51501,-0.12227,0.93832,-0.03426,0.41475,1.55662,10.40638,-0.1225,1.10701,0.04953,85.623,19651.528,20582.0
9.467028001000326,-0.59883,1.3131,10.52832,-0.12725,0.96706,-0.03671,0.29046,1.57638,10.39046,-0.12746,1.13144,0.05941,85.667,19843.683,20582.0
9.472028001000327,-0.64206,1.33416,10.54163,-0.13223,0.9958,-0.03917,0.16618,1.59614,10.37454,-0.13215,1.15161,0.06345,85.693,20013.671,20452.664
9.477028001000326,-0.6853,1.35522,10.55495,-0.13721,1.02454,-0.04162,0.04189,1.6159,10.35862,-0.13642,1.16511,0.05833,85.693,20148.908,20120.58
9.482028001000327,-0.72854,1.37628,10.56826,-0.14219,1.05328,-0.04407,-0.108,1.62513,10.38074,-0.14068,1.17861,0.05321,85.711,20231.0,19919.0
9.487028001000326,-0.77177,1.39734,10.58157,-0.14717,1.08202,-0.04653,-0.29745,1.6181,10.46161,-0.14495,1.19212,0.04809,85.754,20231.0,19919.0
9.492028001000326,-0.81501,1.4184,10.59488,-0.15215,1.11077,-0.04898,-0.4869,1.61107,10.54249,-0.14921,1.20562,0.04297,85.781,20231.0,19735.515
9.497028001000327,-0.85824,1.43946,10.6082,-0.15713,1.13951,-0.05143,-0.67635,1.60404,10.62336,-0.15348,1.21912,0.03784,85.781,20231.0,19260.575
9.502028001000326,-0.97159,1.41588,10.71485,-0.16081,1.16616,-0.05386,-0.8658,1.59701,10.70424,-0.15775,1.23262,0.03272,85.781,20261.981,18972.0
9.507028001000327,-1.1935,1.32316,10.96605,-0.16246,1.18958,-0.05623,-1.05525,1.58998,10.78511,-0.16201,1.24612,0.0276,85.781,20340.933,18972.0
9.512028001000326,-1.4154,1.23044,11.21724,-0.16411,1.213,-0.05861,-1.18235,1.58651,10.85581,-0.16741,1.26019,0.02028,85.781,20389.0,19001.556
9.517028001000327,-1.63731,1.13773,11.46844,-0.16576,1.23642,-0.06099,-1.21244,1.58858,10.91065,-0.17457,1.27513,0.00953,85.781,20389.0,19077.108
9.522028001000326,-1.73612,1.1175,11.63224,-0.16741,1.25984,-0.06337,-1.24253,1.59066,10.96549,-0.18172,1.29008,-0.00121,85.781,20532.049,19123.0
9.527028001000327,-1.64448,1.20945,11.6608,-0.16906,1.28326,-0.06574,-1.27262,1.59273,11.02034,-0.18888,1.30502,-0.01196,85.781,20896.439,19123.0
9.532028001000326,-1.55284,1.30139,11.68937,-0.17071,1.30668,-0.06812,-1.3027,1.5948,11.07518,-0.19604,1.31997,-0.02271,85.781,21118.0,18929.007
9.537028001000326,-1.4612,1.39333,11.71793,-0.17237,1.3301,-0.0705,-1.33279,1.59688,11.13003,-0.20319,1.33491,-0.03346,85.781,21118.0,18434.088
9.542028001000327,-1.36956,1.48527,11.74649,-0.17402,1.35352,-0.07288,-1.36288,1.59895,11.18487,-0.21035,1.34986,-0.0442,85.764,21264.52,18132.0
9.547028001000326,-1.27792,1.57722,11.77506,-0.17567,1.37694,-0.07526,-1.39297,1.60102,11.23971,-0.21751,1.3648,-0.05495,85.72,21640.579,18132.0
9.552028001000327,-1.18628,1.66916,11.80362,-0.1792,1.40169,-0.07978,-1.32463,1.62354,11.26553,-0.22071,1.38765,-0.06078,85.693,21869.0,17974.845
9.557028001000326,-1.09464,1.7611,11.83219,-0.18564,1.42849,-0.08762,-1.10399,1.6777,11.24644,-0.21781,1.42274,-0.05902,85.693,21869.0,17574.543
9.562028001000327,-1.01071,1.79803,11.85303,-0.19209,1.45529,-0.09546,-0.88336,1.73185,11.22736,-0.2149,1.45782,-0.05725,85.676,22017.955,17329.0
9.567028001000326,-0.93901,1.74767,11.86163,-0.19853,1.48209,-0.1033,-0.66273,1.786,11.20827,-0.212,1.4929,-0.05548,85.632,22403.244,17329.0
9.572028001000326,-0.86732,1.69731,11.87022,-0.20497,1.50889,-0.11114,-0.48602,1.7761,11.21152,-0.20798,1.52087,-0.04942,85.588,22637.0,17230.188
9.577028001000327,-0.79562,1.64694,11.87882,-0.21142,1.53569,-0.11898,-0.37705,1.66738,11.24923,-0.20225,1.53788,-0.03673,85.544,22637.0,16978.949
9.582028001000326,-0.72392,1.59658,11.88742,-0.21786,1.56249,-0.12682,-0.26808,1.55867,11.28693,-0.19653,1.55488,-0.02405,85.5,22680.86,16826.0
9.587028001000327,-0.65222,1.54622,11.89601,-0.2243,1.58929,-0.13466,-0.15911,1.44995,11.32464,-0.1908,1.57188,-0.01136,85.456,22792.971,16826.0
9.592028001000326,-0.62597,1.52025,11.91106,-0.22658,1.62178,-0.13511,-0.05014,1.34123,11.36235,-0.18507,1.58889,0.00132,85.412,22861.0,16496.232
9.597028001000327,-0.66985,1.53192,11.93607,-0.22243,1.66307,-0.12415,0.05882,1.23252,11.40006,-0.17935,1.60589,0.014,85.369,22861.0,15657.545
9.602028001000326,-0.71372,1.54358,11.96108,-0.21827,1.70435,-0.11319,0.09826,1.17313,11.40277,-0.17362,1.62289,0.02669,85.325,23027.825,15147.0
9.607028001000327,-0.7576,1.55525,11.98609,-0.21412,1.74563,-0.10224,0.02952,1.19049,11.35103,-0.16789,1.63989,0.03937,85.281,23454.206,15147.0
9.612028001000326,-0.80148,1.56691,12.01109,-0.20996,1.78691,-0.09128,-0.03923,1.20786,11.29929,-0.16217,1.6569,0.05206,85.22,23714.0,14850.436
9.617028001000326,-0.84536,1.57858,12.0361,-0.20581,1.82819,-0.08032,-0.10797,1.22522,11.24754,-0.15644,1.6739,0.06474,85.132,23714.0,14091.38
9.622028001000327,-0.88924,1.59024,12.06111,-0.20166,1.86947,-0.06936,-0.17671,1.24258,11.1958,-0.15071,1.6909,0.07743,85.044,23728.342,13630.0
9.627028001000326,-0.93311,1.60191,12.08612,-0.1975,1.91075,-0.05841,-0.24546,1.25994,11.14406,-0.14499,1.70791,0.09011,84.956,23764.914,13630.0
9.632028001000327,-0.99567,1.5887,12.11592,-0.19275,1.95823,-0.06031,-0.3142,1.27731,11.09232,-0.13838,1.72967,0.09279,84.868,23787.0,12687.149
9.637028001000326,-1.0867,1.53756,12.15305,-0.18708,2.01517,-0.08184,-0.38294,1.29467,11.04058,-0.13044,1.75869,0.0802,84.78,23787.0,10306.681
9.642028001000327,-1.17773,1.48642,12.19017,-0.18141,2.07211,-0.10336,-0.42936,1.29086,11.01066,-0.1225,1.78772,0.06762,84.692,23873.881,8860.0
9.647028001000326,-1.26876,1.43527,12.22729,-0.17574,2.12905,-0.12488,-0.44118,1.25424,11.01457,-0.11456,1.81674,0.05504,84.604,24095.363,8860.0
9.652028001000327,-1.35979,1.38413,12.26441,-0.17007,2.18598,-0.1464,-0.453,1.21762,11.01848,-0.10661,1.84576,0.04246,84.482,24230.0,8312.957
9.657028001000326,-1.45082,1.33299,12.30153,-0.1644,2.24292,-0.16793,-0.46482,1.18101,11.02239,-0.09867,1.87479,0.02987,84.306,24230.0,6917.836
9.662028001000326,-1.56845,1.36882,12.35714,-0.15528,2.30606,-0.19154,-0.47664,1.14439,11.0263,-0.09073,1.90381,0.01729,84.165,24254.529,6070.0
9.667028001000327,-1.7273,1.5394,12.44138,-0.14083,2.37882,-0.21841,-0.48846,1.10777,11.03021,-0.08279,1.93283,0.00471,84.077,24317.057,6070.0
9.672028001000326,-1.88615,1.70998,12.52562,-0.12639,2.45157,-0.24527,-0.34622,1.03831,10.98021,-0.0539,2.00008,-0.01836,83.972,24391.282,5363.974
9.677028001000327,-2.045,1.88055,12.60986,-0.11194,2.52433,-0.27213,0.03379,0.91816,10.84701,0.0073,2.12632,-0.05761,83.84,24483.557,3568.358
9.682028001000326,-2.17897,1.95488,12.65543,-0.09749,2.59708,-0.299,0.41379,0.79801,10.71381,0.0685,2.25256,-0.09685,83.726,24540.0,2470.0
9.687028001000327,-2.27377,1.8776,12.64008,-0.08304,2.66984,-0.32586,0.7938,0.67786,10.5806,0.1297,2.3788,-0.1361,83.638,24540.0,2470.0
9.692028001000326,-2.36856,1.80031,12.62474,-0.06859,2.74259,-0.35273,0.87567,0.58975,10.44531,0.17015,2.46659,-0.16159,83.55,24540.0,2347.083
9.697028001000326,-2.46336,1.72303,12.60939,-0.05414,2.81534,-0.37959,0.48517,0.55242,10.30669,0.17771,2.49345,-0.16529,83.462,24540.0,2029.422
9.702028001000327,-2.55815,1.64574,12.59405,-0.03904,2.8761,-0.39511,0.09467,0.51509,10.16808,0.18528,2.52031,-0.16899,83.375,24537.703,1764.27
9.707028001000326,-2.65294,1.56846,12.57871,-0.02288,2.91743,-0.39225,-0.29582,0.47776,10.02946,0.19285,2.54717,-0.1727,83.286,24531.683,1584.191
9.712028001000327,-2.74774,1.49117,12.56336,-0.00672,2.95876,-0.3894,-0.68632,0.44043,9.89085,0.20041,2.57403,-0.1764,83.181,24528.0,1474.0
9.717028001000326,-2.84253,1.41389,12.54802,0.00944,3.00008,-0.38654,-1.07682,0.4031,9.75224,0.20798,2.60089,-0.1801,83.05,24528.0,1474.0
9.722028001000327,-2.98735,1.32448,12.61698,0.0256,3.04141,-0.38368,-1.45849,0.42605,9.71358,0.21555,2.62775,-0.1838,82.918,24443.386,1366.45
9.727028001000326,-3.21155,1.21583,12.81972,0.04176,3.08273,-0.38082,-1.82618,0.54467,9.83356,0.22311,2.65461,-0.1875,82.786,24224.5,1088.23
9.732028001000327,-3.43576,1.10718,13.02247,0.05792,3.12406,-0.37797,-2.19386,0.66329,9.95353,0.23068,2.68148,-0.19121,82.604,24089.0,916.0
9.737028001000326,-3.65996,0.99852,13.22522,0.07408,3.16539,-0.37511,-2.56155,0.78191,10.07351,0.23825,2.70834,-0.19491,82.339,24089.0,916.0
9.742028001000326,-3.88416,0.88987,13.42796,0.09024,3.20671,-0.37225,-2.92923,0.90052,10.19348,0.24581,2.7352,-0.19861,82.109,23884.086,916.0
9.747028001000327,-4.10836,0.78122,13.63071,0.1064,3.24804,-0.3694,-3.29691,1.01914,10.31346,0.25338,2.76206,-0.20231,81.934,23362.464,916.0
9.752028001000326,-4.23894,0.7114,13.75038,0.1166,3.27686,-0.36521,-3.6646,1.13776,10.43343,0.2494,2.76781,-0.20721,81.741,23041.0,878.051
9.757028001000327,-4.21917,0.70394,13.73663,0.11724,3.28561,-0.3589,-4.03228,1.25638,10.55341,0.22688,2.73965,-0.21404,81.519,23041.0,779.154
9.762028001000326,-4.1994,0.69648,13.72289,0.11787,3.29436,-0.35258,-4.32611,1.37974,10.53803,0.20437,2.7115,-0.22086,81.299,22377.498,694.411
9.767028001000327,-4.17962,0.68902,13.70914,0.1185,3.30311,-0.34627,-4.51002,1.51017,10.32119,0.18185,2.68334,-0.22768,81.08,20726.419,630.736
9.772028001000326,-4.15985,0.68156,13.69539,0.11913,3.31186,-0.33995,-4.69392,1.64059,10.10434,0.15933,2.65518,-0.23451,80.827,19722.0,592.0
9.777028001000327,-4.14008,0.6741,13.68164,0.11977,3.32061,-0.33363,-4.87783,1.77102,9.8875,0.13682,2.62703,-0.24133,80.519,19722.0,592.0
9.782028001000326,-4.1203,0.66664,13.6679,0.1204,3.32935,-0.32732,-5.06173,1.90144,9.67065,0.1143,2.59887,-0.24816,80.229,18835.55,592.0
9.787028001000326,-4.10053,0.65918,13.65415,0.12103,3.3381,-0.321,-5.24564,2.03187,9.45381,0.09178,2.57071,-0.25498,79.965,16577.764,592.0
9.792028001000327,-3.86777,0.64245,13.34541,0.10926,3.32139,-0.30848,-5.42954,2.16229,9.23697,0.06639,2.52339,-0.25209,79.685,15200.0,626.979
9.797028001000326,-3.30155,0.6112,12.57482,0.07807,3.2648,-0.28624,-5.61345,2.29272,9.02012,0.03649,2.44605,-0.23401,79.378,15200.0,716.722
9.802028001000327,-2.73533,0.57995,11.80424,0.04688,3.20822,-0.26401,-5.58939,2.31448,8.62427,0.00659,2.36871,-0.21592,79.071,13368.965,772.0
9.807028001000326,-2.16911,0.5487,11.03365,0.0157,3.15164,-0.24177,-5.23178,2.16196,7.94129,-0.02331,2.29137,-0.19783,78.763,8601.118,772.0
9.812028001000327,-1.60289,0.51744,10.26307,-0.01549,3.09506,-0.21953,-4.87417,2.00943,7.25831,-0.05321,2.21403,-0.17974,78.438,5681.0,782.483
9.817028001000326,-1.03667,0.48619,9.49248,-0.04668,3.03848,-0.1973,-4.51657,1.85691,6.57533,-0.08311,2.13669,-0.16165,78.086,5681.0,809.533
9.822028001000326,-0.66014,0.4515,8.80163,-0.07335,2.98025,-0.17352,-4.15896,1.70438,5.89235,-0.11301,2.05935,-0.14357,77.699,4784.556,826.0
9.827028001000327,-0.57874,0.41145,8.23485,-0.09298,2.91946,-0.14734,-3.80135,1.55185,5.20937,-0.14291,1.98201,-0.12548,77.261,2493.413,826.0
9.832028001000326,-0.49733,0.3714,7.66806,-0.11261,2.85866,-0.12116,-3.65284,1.45343,4.58611,-0.17268,1.86439,-0.09629,76.821,1092.0,809.07
9.837028001000327,-0.41593,0.33135,7.10127,-0.13224,2.79787,-0.09498,-3.83367,1.44022,4.0569,-0.20224,1.68332,-0.04963,76.381,1092.0,765.474
9.842028001000326,-0.33452,0.2913,6.53448,-0.15187,2.73708,-0.0688,-4.01451,1.42701,3.52769,-0.23181,1.50225,-0.00296,75.993,879.365,739.0
9.847028001000327,-0.25312,0.25125,5.96769,-0.17151,2.67629,-0.04262,-4.19534,1.41379,2.99848,-0.26137,1.32118,0.04371,75.686,337.974,739.0
9.852028001000326,0.30405,0.11148,5.60852,-0.19114,2.6155,-0.01644,-4.37617,1.40058,2.46928,-0.29093,1.14011,0.09037,75.379,6.0,682.147
9.857028001000327,1.61543,-0.18636,5.57846,-0.21077,2.5547,0.00974,-4.55701,1.38737,1.94007,-0.3205,0.95904,0.13704,75.07,6.0,535.17
9.862028001000326,2.92681,-0.48419,5.54841,-0.2304,2.49391,0.03592,-4.62449,1.28132,1.61875,-0.35254,0.78829,0.20861,74.745,5.804,446.0
9.867028001000326,4.23819,-0.78203,5.51835,-0.25003,2.43312,0.0621,-4.51711,1.03204,1.61813,-0.38842,0.63346,0.31858,74.394,5.305,446.0
9.872028001000327,5.54957,-1.07987,5.4883,-0.2861,2.21008,0.21623,-4.40974,0.78277,1.61751,-0.42429,0.47863,0.42855,74.042,5.0,397.048
9.877028001000326,6.86094,-1.37771,5.45824,-0.34796,1.73251,0.57108,-4.30237,0.5335,1.61688,-0.46016,0.32379,0.53852,73.688,5.0,271.302
9.882028001000327,7.3699,-1.40538,5.42379,-0.40981,1.25494,0.92594,-4.00242,0.43252,1.68218,-0.49604,0.16896,0.64849,73.371,4.601,196.0
9.887028001000326,6.68104,-1.02975,5.38277,-0.47167,0.77737,1.28079,-3.41501,0.5529,1.84587,-0.53191,0.01413,0.75846,73.109,3.606,196.0
9.892028001000327,5.99219,-0.65413,5.34175,-0.51447,0.43744,1.47745,-2.8276,0.67328,2.00956,-0.56778,-0.14071,0.86843,72.812,3.0,192.091
9.897028001000326,5.30333,-0.2785,5.30073,-0.52756,0.31219,1.42735,-2.24019,0.79366,2.17326,-0.60366,-0.29554,0.97841,72.46,3.0,182.084
9.902028001000327,4.61447,0.09712,5.25971,-0.54065,0.18695,1.37724,-1.65278,0.91404,2.33695,-0.63953,-0.45037,1.08838,72.125,3.588,176.0
9.907028001000326,3.92562,0.47275,5.21869,-0.55374,0.0617,1.32714,-1.06537,1.03442,2.50064,-0.6754,-0.60521,1.19835,71.818,5.088,176.0
9.912028001000326,3.23676,0.84837,5.17767,-0.56683,-0.06354,1.27703,-0.47796,1.1548,2.66434,-0.69407,-0.73601,1.24695,71.545,6.0,215.227
9.917028001000327,2.5479,1.224,5.13665,-0.57992,-0.18879,1.22693,0.10945,1.27518,2.82803,-0.68603,-0.82955,1.20038,71.325,6.0,315.297
9.922028001000326,1.999,1.44052,5.30507,-0.59301,-0.31403,1.17682,-0.16959,1.43974,3.00067,-0.678,-0.9231,1.1538,71.157,5.407,376.0
9.927028001000327,1.66589,1.41172,5.79644,-0.6061,-0.43928,1.12672,-1.78467,1.67243,3.18709,-0.66997,-1.01664,1.10722,71.068,3.899,376.0
9.932028001000326,1.33279,1.38291,6.28782,-0.61919,-0.56452,1.07661,-3.39974,1.90512,3.37351,-0.66194,-1.11018,1.06065,70.998,3.0,396.46
9.937028001000327,0.99968,1.35411,6.77919,-0.63228,-0.68977,1.02651,-5.01482,2.1378,3.55994,-0.65391,-1.20372,1.01407,70.954,3.0,447.179
9.942028001000326,0.67184,1.36779,7.09032,-0.6327,-0.85918,0.94172,-6.62989,2.37049,3.74636,-0.64587,-1.29726,0.96749,70.928,2.804,478.0
9.947028001000326,0.35214,1.44727,7.12228,-0.61349,-1.09702,0.80322,-8.24497,2.60318,3.93278,-0.63784,-1.3908,0.92092,70.928,2.304,478.0
9.952028001000327,0.03243,1.52676,7.15424,-0.59427,-1.33485,0.66471,-9.17784,2.75921,4.06084,-0.63787,-1.49886,0.82827,70.945,2.0,620.405
9.957028001000326,-0.28727,1.60624,7.18621,-0.57506,-1.57268,0.5262,-9.05824,2.797,4.09885,-0.65032,-1.62933,0.66454,70.989,2.0,982.51
9.962028001000327,-0.60697,1.68573,7.21817,-0.55584,-1.81052,0.3877,-8.93864,2.83479,4.13686,-0.66277,-1.75979,0.50081,71.016,2.0,1203.0
9.967028001000326,-0.92667,1.76521,7.25013,-0.53663,-2.04835,0.24919,-8.81903,2.87258,4.17487,-0.67523,-1.89026,0.33708,71.016,2.0,1203.0
9.972028001000327,-1.24637,1.8447,7.28209,-0.51741,-2.28618,0.11068,-8.69943,2.91037,4.21288,-0.68768,-2.02072,0.17335,71.033,2.0,1192.957
9.977028001000326,-1.56607,1.92418,7.31405,-0.4982,-2.52402,-0.02783,-8.57982,2.94815,4.25089,-0.70013,-2.15119,0.00962,71.077,2.0,1167.495
9.982028001000327,-1.76062,1.97255,7.3335,-0.48651,-2.66875,-0.11211,-8.46022,2.98594,4.2889,-0.71258,-2.28166,-0.15411,71.121,2.0,1152.0
9.987028001000326,-1.76062,1.97255,7.3335,-0.48651,-2.66875,-0.11211,-8.34061,3.02373,4.32691,-0.72504,-2.41212,-0.31783,71.165,2.0,1152.0
