time_s,foot_ax,foot_ay,foot_az,foot_gx,foot_gy,foot_gz,shank_ax,shank_ay,shank_az,shank_gx,shank_gy,shank_gz,ankle_encoder_deg,toe_fsr_raw,heel_fsr_raw
0.0033846520000224,0.9961,1.66663,5.5852,-0.22761,0.68154,1.0035,-4.72764,2.9842,9.13075,0.0,0.0,0.0,78.926,3.0,0.0
0.0083846520000224,0.9961,1.66663,5.5852,-0.22761,0.68154,1.0035,-4.72764,2.9842,9.13075,0.0,0.0,0.0,78.926,3.0,0.0
0.013384652000022399,0.9961,1.66663,5.5852,-0.22761,0.68154,1.0035,-4.08356,2.83631,9.14223,0.00073,0.04739,-0.01499,78.926,3.0,0.0
0.018384652000022397,0.9961,1.66663,5.5852,-0.22761,0.68154,1.0035,-3.10591,2.61184,9.15964,0.00183,0.11932,-0.03774,78.926,3.0,0.0
0.023384652000022398,0.9961,1.66663,5.5852,-0.22761,0.68154,1.0035,-2.12826,2.38736,9.17705,0.00294,0.19125,-0.06049,78.926,3.0,0.0
0.028384652000022395,0.9961,1.66663,5.5852,-0.22761,0.68154,1.0035,-1.15062,2.16289,9.19446,0.00405,0.26318,-0.08324,78.926,3.0,0.0
0.03338465200002239,0.9961,1.66663,5.5852,-0.22761,0.68154,1.0035,-0.17297,1.93842,9.21187,0.00515,0.33511,-0.10599,79.158,3.0,8476.328
0.0383846520000224,0.9961,1.66663,5.5852,-0.22761,0.68154,1.0035,0.80468,1.71394,9.22928,0.00626,0.40704,-0.12874,79.507,3.0,21234.833
0.043384652000022395,1.10202,1.56068,6.37558,-0.18202,0.62566,0.81068,1.78232,1.48947,9.2467,0.00736,0.47897,-0.15149,79.658,1487.914,25684.0
0.04838465200002239,1.26466,1.398,7.58915,-0.11201,0.53987,0.51461,2.75997,1.26499,9.26411,0.00847,0.5509,-0.17424,79.702,3767.913,25684.0
0.05338465200002239,1.4273,1.23532,8.80273,-0.04199,0.45408,0.21854,3.73762,1.04052,9.28152,0.00957,0.62283,-0.19699,79.775,4540.0,25758.854
0.058384652000022394,1.58994,1.07264,10.01631,0.02802,0.36829,-0.07753,4.71526,0.81604,9.29893,0.01068,0.69476,-0.21974,79.863,4540.0,25872.034
0.06338465200002238,1.51559,1.0422,10.44739,0.06581,0.30989,-0.16703,4.1955,0.68684,9.38336,0.03367,0.67311,-0.22899,79.951,5013.154,25910.0
0.06838465200002239,1.32163,1.07851,10.48349,0.08735,0.26532,-0.15227,2.91987,0.60572,9.50161,0.06771,0.60424,-0.23142,80.039,5725.144,25910.0
0.0733846520000224,1.12766,1.11482,10.51959,0.10889,0.22076,-0.13751,1.64425,0.5246,9.61986,0.10175,0.53537,-0.23385,80.127,5965.0,25904.03
0.07838465200002238,0.9337,1.15113,10.55568,0.13042,0.17619,-0.12275,0.36863,0.44349,9.73812,0.13578,0.46649,-0.23628,80.215,5965.0,25895.027
0.08338465200002239,0.73973,1.18744,10.59178,0.13374,0.15617,-0.11621,0.01738,0.59495,9.82994,0.14283,0.44311,-0.23191,80.302,6396.909,25892.0
0.08838465200002239,0.54576,1.22376,10.62788,0.12784,0.14859,-0.11384,0.13439,0.86422,9.90838,0.13619,0.44278,-0.22409,80.39,7047.611,25892.0
0.09338465200002238,0.43707,1.2654,10.64952,0.12193,0.141,-0.11147,0.2514,1.1335,9.98681,0.12955,0.44245,-0.21627,80.478,7266.0,25883.707
0.09838465200002239,0.37144,1.30973,10.66386,0.11603,0.13342,-0.10911,0.36841,1.40278,10.06525,0.12292,0.44211,-0.20844,80.566,7266.0,25871.224
0.10338465200002238,0.30582,1.35406,10.67819,0.11012,0.12584,-0.10674,0.48542,1.67205,10.14368,0.11628,0.44178,-0.20062,80.683,7260.367,25867.0
0.10838465200002238,0.24019,1.3984,10.69253,0.10421,0.11825,-0.10437,0.60242,1.94133,10.22212,0.10965,0.44145,-0.1928,80.815,7251.853,25867.0
0.11338465200002239,0.17457,1.44273,10.70686,0.09831,0.11067,-0.102,0.77035,2.07909,10.32714,0.10301,0.44111,-0.18498,80.976,7249.0,25834.444
0.11838465200002238,0.10894,1.48706,10.7212,0.0924,0.10309,-0.09963,0.96394,2.15055,10.44556,0.09638,0.44078,-0.17716,81.152,7249.0,25785.478
0.12338465200002238,0.04332,1.5314,10.73554,0.08649,0.09551,-0.09727,1.15754,2.22201,10.56398,0.08974,0.44044,-0.16934,81.269,7408.933,25728.356
0.1283846520000224,-0.02231,1.57573,10.74987,0.08059,0.08792,-0.0949,1.35113,2.29347,10.6824,0.08311,0.44011,-0.16152,81.357,7649.981,25667.098
0.13338465200002236,-0.07146,1.60166,10.75822,0.06669,0.08764,-0.09052,1.37641,2.30253,10.71228,0.06559,0.45818,-0.14596,81.445,7733.0,25646.0
0.13838465200002237,-0.11195,1.61792,10.76343,0.0486,0.0912,-0.08508,1.31327,2.27881,10.69563,0.04234,0.48593,-0.12635,81.533,7733.0,25646.0
0.14338465200002237,-0.15244,1.63418,10.76863,0.03051,0.09476,-0.07963,1.25012,2.25509,10.67899,0.0191,0.51367,-0.10673,81.708,7813.967,25646.0
0.14838465200002238,-0.19293,1.65044,10.77384,0.01243,0.09831,-0.07419,1.18697,2.23138,10.66235,-0.00414,0.54141,-0.08712,81.928,7935.854,25646.0
0.15338465200002235,-0.23343,1.6667,10.77904,-0.00566,0.10187,-0.06875,1.12383,2.20766,10.64571,-0.02739,0.56915,-0.0675,82.089,7977.0,25667.549
0.15838465200002236,-0.27392,1.68296,10.78425,-0.02375,0.10543,-0.06331,1.06068,2.18394,10.62907,-0.05063,0.5969,-0.04789,82.221,7977.0,25700.081
0.16338465200002236,-0.31441,1.69922,10.78945,-0.04184,0.10898,-0.05787,0.99754,2.16022,10.61243,-0.06034,0.62773,-0.03631,82.382,8202.434,25711.0
0.16838465200002237,-0.3549,1.71548,10.79466,-0.05993,0.11254,-0.05243,0.93439,2.1365,10.59579,-0.06322,0.66012,-0.02879,82.558,8541.764,25711.0
0.17338465200002237,-0.3272,1.68243,10.77961,-0.07719,0.12237,-0.04786,0.93395,2.05844,10.57889,-0.06609,0.69252,-0.02127,82.734,8656.0,25621.072
0.17838465200002235,-0.26488,1.62434,10.75428,-0.09404,0.13538,-0.04374,0.96534,1.95279,10.56187,-0.06897,0.72491,-0.01376,82.91,8656.0,25485.506
0.18338465200002235,-0.20257,1.56626,10.72895,-0.11088,0.14839,-0.03962,0.99672,1.84715,10.54484,-0.07184,0.7573,-0.00624,83.115,8738.328,25440.0
0.18838465200002236,-0.14025,1.50818,10.70362,-0.12772,0.1614,-0.0355,1.0281,1.7415,10.52782,-0.07472,0.78969,0.00128,83.334,8862.256,25440.0
0.19338465200002236,-0.08435,1.4381,10.68974,-0.13551,0.16745,-0.03594,1.05948,1.63586,10.5108,-0.07569,0.80765,0.00173,83.554,8904.0,25425.398
0.19838465200002237,-0.0317,1.36193,10.68168,-0.13872,0.16995,-0.03869,1.09086,1.53021,10.49377,-0.0757,0.81828,-0.0014,83.774,8904.0,25403.379
0.20338465200002234,0.02094,1.28575,10.67362,-0.14192,0.17246,-0.04144,1.12225,1.42457,10.47675,-0.07571,0.8289,-0.00453,83.992,8982.331,25396.0
0.20838465200002235,0.07359,1.20958,10.66555,-0.14512,0.17497,-0.0442,1.15363,1.31892,10.45973,-0.07571,0.83953,-0.00767,84.21,9100.144,25396.0
0.21338465200002235,0.10014,1.20349,10.64168,-0.14832,0.17748,-0.04695,1.06175,1.28006,10.42172,-0.07572,0.85015,-0.0108,84.401,9142.0,25312.367
0.21838465200002236,0.11232,1.23602,10.6091,-0.15152,0.17999,-0.04971,0.90195,1.278,10.37216,-0.07573,0.86078,-0.01393,84.578,9142.0,25182.649
0.22338465200002236,0.1245,1.26855,10.57652,-0.15473,0.1825,-0.05246,0.74215,1.27594,10.32259,-0.07573,0.8714,-0.01707,84.812,9252.571,25138.0
0.22838465200002236,0.13668,1.30107,10.54394,-0.15793,0.185,-0.05521,0.58235,1.27388,10.27303,-0.07574,0.88203,-0.0202,85.077,9421.175,25138.0
0.23338465200002234,0.14885,1.3336,10.51136,-0.16113,0.18751,-0.05797,0.48304,1.23617,10.23788,-0.07575,0.89265,-0.02333,85.311,9478.0,25222.389
0.23838465200002235,0.16103,1.36613,10.47877,-0.16433,0.19002,-0.06072,0.41449,1.18034,10.21007,-0.07575,0.90328,-0.02647,85.531,9478.0,25349.68
0.24338465200002235,0.17321,1.39866,10.44619,-0.16266,0.18617,-0.05852,0.34594,1.12451,10.18225,-0.07099,0.90709,-0.0228,85.721,9586.331,25393.0
0.24838465200002235,0.18539,1.43118,10.41361,-0.15847,0.17903,-0.05377,0.27739,1.06868,10.15443,-0.06377,0.90738,-0.01562,85.897,9750.55,25393.0
0.25338465200002236,0.20039,1.40197,10.41656,-0.15428,0.17189,-0.04902,0.20884,1.01285,10.12662,-0.05655,0.90768,-0.00843,86.102,9807.0,25443.407
0.25838465200002236,0.21686,1.34042,10.43813,-0.15009,0.16476,-0.04427,0.14029,0.95702,10.0988,-0.04933,0.90797,-0.00125,86.322,9807.0,25520.219
0.26338465200002237,0.23334,1.27887,10.4597,-0.1459,0.15762,-0.03952,0.07175,0.90119,10.07099,-0.04211,0.90827,0.00593,86.57,9951.56,25546.0
0.2683846520000224,0.24981,1.21732,10.48126,-0.14171,0.15048,-0.03477,0.0032,0.84536,10.04317,-0.03489,0.90856,0.01311,86.832,10169.154,25546.0
0.2733846520000224,0.26628,1.15576,10.50283,-0.13751,0.14334,-0.03002,-0.10454,0.88026,10.07189,-0.02767,0.90886,0.02029,87.067,10246.0,25478.121
0.2783846520000224,0.28276,1.09421,10.5244,-0.13332,0.13621,-0.02527,-0.23367,0.96469,10.13148,-0.02045,0.90915,0.02747,87.289,10246.0,25373.18
0.2833846520000224,0.28368,1.08418,10.52977,-0.13,0.13121,-0.02336,-0.36279,1.04913,10.19108,-0.0173,0.90485,0.02894,87.509,10474.794,25338.0
0.2883846520000224,0.27676,1.10013,10.52697,-0.12712,0.12729,-0.0229,-0.49192,1.13357,10.25067,-0.01622,0.89822,0.02752,87.728,10818.97,25338.0
0.2933846520000224,0.26985,1.11608,10.52417,-0.12424,0.12337,-0.02243,-0.53458,1.15298,10.26822,-0.01513,0.89159,0.02611,87.918,10937.0,25344.255
0.29838465200002234,0.26293,1.13202,10.52138,-0.12136,0.11945,-0.02196,-0.5321,1.13845,10.26384,-0.01404,0.88496,0.0247,88.095,10937.0,25353.775
0.30338465200002235,0.25601,1.14797,10.51858,-0.11848,0.11553,-0.02149,-0.52963,1.12392,10.25945,-0.01296,0.87833,0.02329,88.3,10721.19,25357.0
0.30838465200002235,0.24909,1.16392,10.51578,-0.1156,0.11161,-0.02103,-0.52715,1.10939,10.25507,-0.01187,0.87171,0.02188,88.52,10394.82,25357.0
0.31338465200002236,0.24217,1.17987,10.51299,-0.11271,0.10769,-0.02056,-0.52468,1.09486,10.25068,-0.01078,0.86508,0.02046,88.74,10285.0,25345.391
0.31838465200002236,0.23525,1.19582,10.51019,-0.10983,0.10377,-0.02009,-0.5222,1.08033,10.24629,-0.0097,0.85845,0.01905,88.959,10285.0,25327.896
0.32338465200002237,0.24439,1.19497,10.51329,-0.10748,0.10881,-0.02273,-0.51973,1.0658,10.24191,-0.00861,0.85182,0.01764,89.15,10508.561,25322.0
0.32838465200002237,0.26168,1.18558,10.5194,-0.10541,0.11841,-0.02695,-0.51725,1.05127,10.23752,-0.00752,0.84519,0.01623,89.326,10845.742,25322.0
0.3333846520000224,0.27898,1.1762,10.5255,-0.10333,0.12801,-0.03118,-0.53755,1.09121,10.26452,-0.00847,0.83971,0.01001,89.502,10959.0,25325.986
0.3383846520000224,0.29627,1.16681,10.53161,-0.10125,0.13761,-0.0354,-0.56935,1.1587,10.3074,-0.01046,0.83481,0.00137,89.677,10959.0,25331.988
0.3433846520000224,0.31357,1.15743,10.53771,-0.09917,0.14721,-0.03962,-0.60116,1.22619,10.35027,-0.01245,0.82991,-0.00727,89.882,11126.488,25334.0
0.3483846520000224,0.33086,1.14804,10.54382,-0.09709,0.1568,-0.04384,-0.63297,1.29367,10.39315,-0.01443,0.82501,-0.01591,90.102,11378.439,25334.0
0.35338465200002234,0.3264,1.13334,10.54959,-0.09818,0.17058,-0.04864,-0.66477,1.36116,10.43602,-0.01642,0.82011,-0.02455,90.292,11463.0,25214.842
0.35838465200002234,0.31094,1.11596,10.55519,-0.10087,0.18646,-0.05373,-0.69658,1.42865,10.47889,-0.0184,0.81521,-0.03319,90.468,11463.0,25035.488
0.36338465200002235,0.29549,1.09858,10.56079,-0.10356,0.20234,-0.05883,-0.68235,1.44747,10.49597,-0.0211,0.8145,-0.03902,90.615,11463.0,24975.0
0.36838465200002235,0.28003,1.0812,10.56639,-0.10626,0.21822,-0.06392,-0.6447,1.44152,10.4999,-0.02415,0.81591,-0.0434,90.747,11463.0,24975.0
0.37338465200002235,0.27787,1.06731,10.56423,-0.10895,0.2341,-0.06901,-0.60705,1.43558,10.50384,-0.02721,0.81732,-0.04779,90.849,11638.562,24975.0
0.37838465200002236,0.2824,1.05518,10.55815,-0.11164,0.24998,-0.0741,-0.56939,1.42963,10.50778,-0.03026,0.81873,-0.05218,90.937,11902.621,24975.0
0.38338465200002236,0.28693,1.04305,10.55208,-0.11433,0.26587,-0.0792,-0.53174,1.42369,10.51172,-0.03332,0.82014,-0.05657,91.083,11992.0,24871.698
0.38838465200002237,0.29146,1.03092,10.54601,-0.11702,0.28175,-0.08429,-0.49409,1.41774,10.51566,-0.03637,0.82155,-0.06095,91.259,11992.0,24715.54
0.3933846520000224,0.29599,1.01879,10.53993,-0.11971,0.29763,-0.08938,-0.51435,1.39988,10.50552,-0.03943,0.82296,-0.06534,91.434,12362.922,24663.0
0.3983846520000224,0.30052,1.00666,10.53386,-0.1224,0.31351,-0.09448,-0.56398,1.37597,10.48824,-0.04248,0.82437,-0.06973,91.609,12921.919,24663.0
0.4033846520000223,0.30505,0.99453,10.52779,-0.12201,0.33192,-0.09741,-0.61361,1.35206,10.47096,-0.04493,0.83207,-0.07189,91.728,13115.0,24595.703
0.40838465200002233,0.30958,0.9824,10.52172,-0.11999,0.35166,-0.0992,-0.66324,1.32815,10.45368,-0.04706,0.84309,-0.07286,91.816,13115.0,24492.896
0.41338465200002233,0.31411,0.97027,10.51564,-0.11798,0.3714,-0.10099,-0.71287,1.30424,10.4364,-0.04919,0.8541,-0.07384,91.904,13245.616,24458.0
0.41838465200002234,0.31864,0.95814,10.50957,-0.11596,0.39114,-0.10278,-0.7625,1.28034,10.41912,-0.05132,0.86511,-0.07482,91.992,13443.349,24458.0
0.42338465200002234,0.28811,0.9762,10.50435,-0.11395,0.41088,-0.10458,-0.71134,1.29159,10.42327,-0.05346,0.87613,-0.0758,92.08,13510.0,24282.857
0.42838465200002235,0.23975,1.00961,10.49957,-0.11193,0.43062,-0.10637,-0.60894,1.32071,10.43833,-0.05559,0.88714,-0.07678,92.168,13510.0,24018.657
0.43338465200002235,0.19139,1.04302,10.49478,-0.10992,0.45036,-0.10816,-0.50653,1.34984,10.45338,-0.05772,0.89815,-0.07776,92.285,13746.346,23930.0
0.43838465200002236,0.14303,1.07643,10.49,-0.1079,0.4701,-0.10995,-0.40413,1.37897,10.46844,-0.05985,0.90917,-0.07874,92.417,14102.058,23930.0
0.44338465200002236,0.09467,1.10984,10.48521,-0.10944,0.50164,-0.10603,-0.30173,1.4081,10.48349,-0.06688,0.92779,-0.07218,92.519,14222.0,23863.024
0.44838465200002237,0.04631,1.14325,10.48043,-0.11278,0.53918,-0.09921,-0.19932,1.43723,10.49855,-0.07641,0.95027,-0.06179,92.607,14222.0,23761.977
0.45338465200002237,0.04105,1.13568,10.47871,-0.11612,0.57673,-0.09238,-0.16845,1.45627,10.49523,-0.08593,0.97276,-0.0514,92.666,14403.32,23728.0
0.4583846520000223,0.05762,1.10736,10.47854,-0.11946,0.61427,-0.08555,-0.17383,1.4702,10.48261,-0.09546,0.99525,-0.041,92.71,14676.494,23728.0
0.4633846520000223,0.0742,1.07903,10.47837,-0.1228,0.65182,-0.07873,-0.1792,1.48413,10.46999,-0.10499,1.01774,-0.03061,92.783,14769.0,23602.502
0.46838465200002233,0.09077,1.05071,10.47819,-0.12614,0.68936,-0.0719,-0.18457,1.49806,10.45737,-0.11451,1.04023,-0.02022,92.871,14769.0,23412.746
0.47338465200002233,0.10734,1.02238,10.47802,-0.12949,0.72691,-0.06507,-0.18994,1.51199,10.44475,-0.12404,1.06271,-0.00983,92.959,14948.498,23349.0
0.47838465200002234,0.12392,0.99406,10.47785,-0.13283,0.76445,-0.05825,-0.19532,1.52592,10.43213,-0.13357,1.0852,0.00056,93.047,15218.802,23349.0
0.48338465200002234,0.11249,0.98718,10.47867,-0.13663,0.80341,-0.05424,-0.27009,1.55461,10.43402,-0.14186,1.10487,0.00407,93.105,15367.032,23229.631
0.48838465200002235,0.08681,0.99124,10.47999,-0.14067,0.84309,-0.05168,-0.3802,1.59082,10.4433,-0.14952,1.12311,0.00407,93.149,15453.104,23049.48
0.49338465200002235,0.06113,0.99529,10.48131,-0.14471,0.88277,-0.04912,-0.4903,1.62704,10.45258,-0.15718,1.14134,0.00407,93.164,15482.0,22989.0
0.49838465200002235,0.03544,0.99935,10.48264,-0.14875,0.92245,-0.04655,-0.60041,1.66325,10.46186,-0.16484,1.15958,0.00407,93.164,15482.0,22989.0
0.5033846520000224,0.00976,1.0034,10.48396,-0.15278,0.96212,-0.04399,-0.71052,1.69946,10.47114,-0.1725,1.17781,0.00407,93.164,15482.0,22835.8
0.5083846520000223,-0.01592,1.00745,10.48528,-0.15682,1.0018,-0.04143,-0.82063,1.73568,10.48042,-0.18016,1.19605,0.00407,93.164,15482.0,22605.264
0.5133846520000223,-0.04161,1.01151,10.4866,-0.16086,1.04148,-0.03886,-0.90431,1.74967,10.59845,-0.18782,1.21428,0.00407,93.164,15661.756,22528.0
0.5183846520000223,-0.06729,1.01556,10.48792,-0.1649,1.08116,-0.0363,-0.97468,1.75246,10.7713,-0.19548,1.23252,0.00407,93.164,15932.124,22528.0
0.5233846520000223,-0.15279,1.04012,10.64761,-0.17229,1.11672,-0.03666,-1.04504,1.75525,10.94415,-0.20277,1.25279,-0.00218,93.164,16023.0,22047.482
0.5283846520000223,-0.26857,1.07505,10.88747,-0.18136,1.15021,-0.03851,-1.11541,1.75804,11.117,-0.20987,1.27409,-0.0116,93.164,16023.0,21323.682
0.5333846520000223,-0.38435,1.10999,11.12733,-0.19044,1.18369,-0.04036,-1.18577,1.76083,11.28986,-0.21697,1.29539,-0.02102,93.164,16160.592,21079.0
0.5383846520000223,-0.50014,1.14492,11.36719,-0.19952,1.21717,-0.0422,-1.25614,1.76362,11.46271,-0.22407,1.3167,-0.03043,93.164,16368.451,21079.0
0.5433846520000223,-0.47691,1.20007,11.60187,-0.2086,1.25066,-0.04405,-1.3265,1.76641,11.63556,-0.23117,1.338,-0.03985,93.135,16439.0,20825.503
0.5483846520000223,-0.38225,1.26559,11.83388,-0.21768,1.28414,-0.04589,-1.39687,1.7692,11.80841,-0.23827,1.3593,-0.04927,93.091,16439.0,20441.759
0.5533846520000223,-0.28759,1.33112,12.0659,-0.22676,1.31762,-0.04774,-1.32017,1.82251,11.96926,-0.24538,1.3806,-0.05869,93.047,16849.886,20312.0
0.5583846520000223,-0.19294,1.39665,12.29791,-0.23584,1.3511,-0.04959,-1.16834,1.90162,12.12397,-0.25248,1.40191,-0.0681,93.003,17470.693,20312.0
0.5633846520000223,-0.09828,1.46217,12.52993,-0.24492,1.38459,-0.05143,-1.01651,1.98073,12.27868,-0.25394,1.42778,-0.06429,92.959,17679.0,19579.122
0.5683846520000223,-0.00363,1.5277,12.76194,-0.254,1.41807,-0.05328,-0.86468,2.05984,12.43338,-0.25256,1.45595,-0.0538,92.915,17679.0,18476.151
0.5733846520000223,0.09103,1.59323,12.99396,-0.26071,1.47472,-0.05631,-0.71285,2.13895,12.58809,-0.25118,1.48413,-0.04331,92.871,17978.191,18103.0
0.5783846520000223,0.18569,1.65875,13.22597,-0.26621,1.54322,-0.05994,-0.56102,2.21807,12.7428,-0.2498,1.51231,-0.03282,92.827,18430.355,18103.0
0.5833846520000223,0.22572,1.68377,13.30667,-0.27172,1.61172,-0.06358,-0.42016,2.1582,12.79274,-0.24843,1.54049,-0.02233,92.754,18582.0,17007.157
0.5883846520000223,0.23819,1.68835,13.31102,-0.27722,1.68023,-0.06722,-0.28484,2.02822,12.78982,-0.24705,1.56866,-0.01184,92.666,18582.0,15358.34
0.5933846520000222,0.25065,1.69293,13.31537,-0.28272,1.74873,-0.07085,-0.14952,1.89823,12.78689,-0.24567,1.59684,-0.00135,92.578,19186.536,14802.0
0.5983846520000222,0.26312,1.6975,13.31971,-0.28822,1.81723,-0.07449,-0.0142,1.76824,12.78396,-0.24429,1.62502,0.00914,92.49,20098.929,14802.0
0.6033846520000222,0.27559,1.70208,13.32406,-0.28323,1.88198,-0.07404,0.12112,1.63825,12.78103,-0.24291,1.65319,0.01963,92.403,20809.324,13845.632
0.6083846520000222,0.28806,1.70666,13.3284,-0.27296,1.94484,-0.07154,0.25644,1.50826,12.77811,-0.24153,1.68137,0.03012,92.315,21417.749,12406.49
0.6133846520000222,0.25544,1.61966,13.32899,-0.26268,2.00771,-0.06903,0.26065,1.36407,12.71724,-0.23182,1.71468,0.0375,92.227,21623.0,11921.0
0.6183846520000222,0.19988,1.48606,13.32767,-0.2524,2.07057,-0.06652,0.19812,1.21265,12.62688,-0.21787,1.7506,0.04331,92.139,21623.0,11921.0
0.6233846520000222,0.14431,1.35245,13.32635,-0.24212,2.13343,-0.06401,0.13558,1.06123,12.53651,-0.20392,1.78652,0.04911,91.993,21623.0,11079.252
0.6283846520000222,0.08874,1.21885,13.32502,-0.23184,2.1963,-0.0615,0.07305,0.90981,12.44615,-0.18998,1.82244,0.05492,91.817,21623.0,9812.702
0.6333846520000223,0.03318,1.08524,13.3237,-0.22157,2.25916,-0.05899,0.01051,0.75839,12.35579,-0.17603,1.85836,0.06072,91.641,21896.554,9384.0
0.6383846520000223,-0.02239,0.95163,13.32238,-0.21129,2.32202,-0.05648,-0.05202,0.60697,12.26543,-0.16208,1.89429,0.06653,91.465,22310.076,9384.0
0.6433846520000223,-0.08441,0.92247,13.30988,-0.19301,2.40322,-0.06306,-0.11456,0.45555,12.17506,-0.14813,1.93021,0.07233,91.29,22449.0,7525.634
0.6483846520000223,-0.1497,0.94615,13.29173,-0.17069,2.49369,-0.07423,-0.17709,0.30413,12.0847,-0.13419,1.96613,0.07814,91.114,22449.0,4727.094
0.6533846520000223,-0.21499,0.96983,13.27357,-0.14836,2.58417,-0.0854,-0.20005,0.26265,11.94833,-0.10545,2.01157,0.08331,90.938,22560.294,3784.0
0.6583846520000223,-0.28028,0.99351,13.25542,-0.12604,2.67464,-0.09657,-0.20288,0.27706,11.78858,-0.06921,2.06185,0.08816,90.763,22728.158,3784.0
0.6633846520000223,-0.34557,1.01719,13.23727,-0.10371,2.76511,-0.10774,-0.20571,0.29146,11.62882,-0.03296,2.11213,0.09301,90.558,22785.0,3377.044
0.6683846520000223,-0.41086,1.04086,13.21912,-0.08139,2.85558,-0.11891,-0.20855,0.30586,11.46907,0.00329,2.16241,0.09786,90.338,22785.0,2761.731
0.6733846520000223,-0.45142,1.03013,13.10884,-0.05936,2.92443,-0.13924,-0.21138,0.32027,11.30931,0.03954,2.21269,0.10271,90.118,22954.723,2554.0
0.6783846520000223,-0.47937,1.00187,12.95162,-0.03749,2.98224,-0.16425,-0.21421,0.33467,11.14956,0.07578,2.26297,0.10757,89.898,23210.949,2554.0
0.6833846520000223,-0.50733,0.9736,12.79439,-0.01561,3.04006,-0.18926,-0.49518,0.33261,10.78081,0.09896,2.28104,0.08257,89.679,23297.0,2554.0
0.6883846520000223,-0.53529,0.94533,12.63716,0.00626,3.09787,-0.21427,-0.91678,0.32223,10.30638,0.11554,2.28283,0.04248,89.46,23297.0,2554.0
0.6933846520000223,-0.56324,0.91706,12.47994,0.02814,3.15569,-0.23927,-1.33839,0.31186,9.83195,0.13211,2.28461,0.0024,89.067,23297.0,2418.866
0.6983846520000222,-0.5912,0.8888,12.32271,0.05002,3.21351,-0.26428,-1.75999,0.30148,9.35752,0.14869,2.2864,-0.03769,88.583,23297.0,2212.979
0.7033846520000222,-0.61916,0.86053,12.16548,0.07189,3.27132,-0.28929,-1.81574,0.3588,9.34237,0.16526,2.28818,-0.07778,88.244,23339.62,2143.0
0.7083846520000222,-0.64711,0.83226,12.00825,0.09377,3.32914,-0.3143,-1.68313,0.45099,9.56369,0.18184,2.28997,-0.11786,87.98,23404.184,2143.0
0.7133846520000222,-0.85295,0.74951,12.11777,0.10085,3.39803,-0.31591,-1.55051,0.54318,9.785,0.19841,2.29175,-0.15795,87.57,23426.0,1679.899
0.7183846520000222,-1.14955,0.63894,12.36341,0.10038,3.47256,-0.30557,-1.41789,0.63536,10.00632,0.21499,2.29354,-0.19804,87.087,23426.0,980.467
0.7233846520000222,-1.44616,0.52838,12.60905,0.09991,3.5471,-0.29523,-1.28527,0.72755,10.22764,0.19956,2.29357,-0.19101,86.632,23363.965,745.0
0.7283846520000222,-1.74277,0.41782,12.85469,0.09944,3.62163,-0.2849,-1.15265,0.81974,10.44896,0.16789,2.2927,-0.16009,86.193,23270.447,745.0
0.7333846520000222,-1.96477,0.34561,12.92806,0.09897,3.69617,-0.27456,-1.37314,0.92667,10.39037,0.13622,2.29183,-0.12916,85.783,23239.0,821.715
0.7383846520000222,-2.14897,0.29282,12.91414,0.0985,3.7707,-0.26422,-1.77254,1.04107,10.18996,0.10455,2.29097,-0.09823,85.389,23239.0,937.296
0.7433846520000222,-2.33318,0.24004,12.90023,0.09804,3.84524,-0.25389,-2.17193,1.15547,9.98956,0.07289,2.2901,-0.0673,84.733,22922.998,977.0
0.7483846520000222,-2.51738,0.18725,12.88632,0.09757,3.91977,-0.24355,-2.57133,1.26987,9.78915,0.04122,2.28923,-0.03637,83.939,22441.644,977.0
0.7533846520000222,-2.70159,0.13447,12.87241,0.0971,3.99431,-0.23321,-2.97073,1.38427,9.58875,0.0115,2.26123,-0.03125,83.351,22280.0,857.556
0.7583846520000223,-2.88579,0.08168,12.8585,0.09663,4.06884,-0.22288,-3.37012,1.49867,9.38835,-0.01724,2.21952,-0.03919,82.868,22280.0,677.723
0.7633846520000223,-3.07,0.0289,12.84458,0.09386,4.08219,-0.20632,-3.76952,1.61307,9.18794,-0.04598,2.1778,-0.04712,82.297,21340.378,617.0
0.7683846520000223,-3.2542,-0.02389,12.83067,0.08991,4.06434,-0.18658,-4.16891,1.72747,8.98754,-0.07471,2.13608,-0.05505,81.682,19921.739,617.0
0.7733846520000223,-3.32673,-0.02558,12.64067,0.08596,4.04649,-0.16685,-4.40603,1.80606,8.74025,-0.10345,2.09436,-0.06298,81.183,19445.0,526.718
0.7783846520000223,-3.34274,-0.00141,12.36155,0.08202,4.02865,-0.14711,-4.56102,1.86653,8.46923,-0.13219,2.05264,-0.07091,80.743,19445.0,390.739
0.7833846520000223,-3.35876,0.02275,12.08243,0.07807,4.0108,-0.12738,-4.716,1.927,8.19822,-0.16092,2.01093,-0.07884,80.129,17867.107,345.0
0.7883846520000223,-3.37477,0.04692,11.8033,0.07413,3.99295,-0.10765,-4.87099,1.98747,7.9272,-0.18966,1.96921,-0.08677,79.425,15489.425,345.0
0.7933846520000223,-3.39078,0.07108,11.52418,0.07018,3.9751,-0.08791,-5.02597,2.04794,7.65618,-0.2184,1.92749,-0.0947,78.693,14693.0,238.019
0.7983846520000223,-3.40679,0.09525,11.24505,0.06623,3.95725,-0.06818,-5.18095,2.1084,7.38517,-0.24713,1.88577,-0.10263,77.947,14693.0,77.156
0.8033846520000222,-3.20966,0.17313,10.82351,0.04538,3.91133,-0.04532,-5.33594,2.16887,7.11415,-0.27587,1.84405,-0.11056,77.287,11256.984,23.0
0.8083846520000222,-2.90436,0.27827,10.32968,0.01595,3.85115,-0.02087,-5.49092,2.22934,6.84314,-0.30461,1.80233,-0.1185,76.671,6077.102,23.0
0.8133846520000222,-2.59906,0.38341,9.83585,-0.01348,3.79097,0.00357,-5.43635,2.25388,6.48698,-0.3394,1.70312,-0.11308,75.998,4340.0,121.178
0.8183846520000222,-2.29376,0.48854,9.34203,-0.04292,3.7308,0.02802,-5.27603,2.26029,6.08786,-0.37725,1.57488,-0.10093,75.297,4340.0,268.893
0.8233846520000222,-1.98846,0.59368,8.8482,-0.07235,3.67062,0.05246,-5.11572,2.2667,5.68873,-0.4151,1.44665,-0.08877,74.535,3140.831,319.0
0.8283846520000222,-1.68316,0.69882,8.35437,-0.10178,3.61044,0.07691,-4.9554,2.27311,5.28961,-0.45295,1.31842,-0.07662,73.742,1326.068,319.0
0.8333846520000222,-1.41315,0.68559,7.70323,-0.12055,3.51004,0.10196,-4.79509,2.27952,4.89049,-0.4908,1.19019,-0.06447,72.893,718.0,316.011
0.8383846520000222,-1.16091,0.61271,6.97282,-0.13395,3.38936,0.12732,-4.63478,2.28593,4.49137,-0.52865,1.06196,-0.05231,72.015,718.0,311.517
0.8433846520000222,-0.90868,0.53983,6.2424,-0.14735,3.26868,0.15268,-4.80221,2.16251,3.92369,-0.5486,0.94493,-0.02797,71.253,493.931,310.0
0.8483846520000222,-0.65644,0.46696,5.51199,-0.16076,3.14801,0.17804,-5.13656,1.97297,3.27016,-0.55944,0.83361,0.00258,70.549,155.752,310.0
0.8533846520000222,0.01572,0.37157,5.32613,-0.17416,3.02733,0.20339,-5.4709,1.78343,2.61664,-0.57027,0.72229,0.03313,69.963,42.0,308.011
0.8583846520000222,0.90071,0.26478,5.41627,-0.18756,2.90666,0.22875,-5.80524,1.59389,1.96311,-0.58111,0.61097,0.06368,69.436,42.0,305.015
0.8633846520000222,1.7857,0.15799,5.50642,-0.20096,2.78598,0.25411,-5.79169,1.362,1.7037,-0.59194,0.49966,0.09422,68.821,32.067,304.0
0.8683846520000222,2.6707,0.0512,5.59656,-0.21436,2.6653,0.27947,-5.59998,1.10842,1.64611,-0.60278,0.38834,0.12477,68.161,17.047,304.0
0.8733846520000222,3.55569,-0.0556,5.68671,-0.22776,2.54463,0.30482,-5.40826,0.85484,1.58852,-0.61362,0.27702,0.15532,67.561,12.0,265.86
0.8783846520000222,4.44068,-0.16239,5.77685,-0.24116,2.42395,0.33018,-5.21655,0.60127,1.53093,-0.62445,0.1657,0.18587,66.99,12.0,208.421
0.8833846520000223,5.32567,-0.26918,5.867,-0.25278,2.18853,0.37947,-5.02484,0.34769,1.47335,-0.63529,0.05438,0.21642,66.448,8.688,189.0
0.8883846520000223,6.21067,-0.37597,5.95714,-0.26349,1.8945,0.44097,-4.83313,0.09411,1.41576,-0.64612,-0.05694,0.24697,65.92,3.683,189.0
0.8933846520000223,6.11667,-0.1759,5.97118,-0.2742,1.60047,0.50248,-4.64483,0.17,1.53796,-0.64801,-0.21044,0.26371,65.567,2.0,1407.64
0.8983846520000223,5.52642,0.17973,5.94665,-0.28491,1.30643,0.56398,-4.45825,0.4129,1.7513,-0.64536,-0.38532,0.27346,65.304,2.0,3244.006
0.9033846520000223,4.93617,0.53536,5.92211,-0.29562,1.0124,0.62549,-4.27167,0.6558,1.96465,-0.6427,-0.5602,0.28321,64.982,2.662,3865.0
0.9083846520000223,4.34592,0.89098,5.89758,-0.30633,0.71837,0.68699,-4.08509,0.89869,2.17799,-0.64005,-0.73508,0.29296,64.631,3.662,3865.0
0.9133846520000222,3.75567,1.24661,5.87304,-0.31704,0.42433,0.7485,-3.89851,1.14159,2.39133,-0.6374,-0.90996,0.30271,64.395,4.0,5256.32
0.9183846520000222,3.16543,1.60223,5.8485,-0.32775,0.1303,0.81,-3.71193,1.38449,2.60467,-0.63474,-1.08484,0.31246,64.219,4.0,7359.552
0.9233846520000222,2.57518,1.95786,5.82397,-0.31923,-0.09483,0.75293,-3.52535,1.62738,2.81802,-0.63209,-1.25972,0.32221,64.131,4.0,8069.0
0.9283846520000222,1.98493,2.31349,5.79943,-0.30092,-0.2849,0.6355,-3.33877,1.87028,3.03136,-0.62944,-1.4346,0.33196,64.087,4.0,8069.0
0.9333846520000222,1.52736,2.4238,5.71735,-0.28262,-0.47496,0.51807,-3.82407,1.92648,3.12916,-0.5968,-1.53836,0.21362,64.101,4.0,10235.024
0.9383846520000222,1.13751,2.40891,5.60589,-0.26431,-0.66502,0.40063,-4.65229,1.88738,3.16798,-0.54885,-1.60581,0.02991,64.145,4.0,13506.575
0.9433846520000222,0.74766,2.39403,5.49444,-0.246,-0.85508,0.2832,-5.4805,1.84828,3.2068,-0.50091,-1.67327,-0.1538,64.16,4.0,14625.0
0.9483846520000222,0.35781,2.37914,5.38298,-0.22769,-1.04514,0.16577,-6.30872,1.80918,3.24562,-0.45296,-1.74072,-0.33752,64.16,4.0,14625.0
0.9533846520000222,-0.03204,2.36425,5.27152,-0.20939,-1.23521,0.04834,-6.40141,1.62007,3.32908,-0.40501,-1.80818,-0.52123,64.247,4.0,15522.037
0.9583846520000222,-0.42189,2.34936,5.16007,-0.19108,-1.42527,-0.06909,-6.11523,1.35368,3.43553,-0.35707,-1.87563,-0.70495,64.38,4.0,16881.134
0.9633846520000222,-0.81174,2.33448,5.04861,-0.17277,-1.61533,-0.18653,-5.82905,1.08729,3.54198,-0.31168,-1.96046,-0.76917,64.482,3.668,17830.174
0.9683846520000222,-1.20159,2.31959,4.93716,-0.15447,-1.80539,-0.30396,-5.54287,0.82091,3.64843,-0.26759,-2.05405,-0.77308,64.57,3.169,18572.256
0.9733846520000222,-0.99179,2.05855,5.24583,-0.09806,-2.11066,-0.36488,-5.25669,0.55452,3.75489,-0.22349,-2.14765,-0.777,64.774,3.0,18824.0
0.9783846520000222,-0.47414,1.67114,5.7702,-0.02209,-2.47507,-0.39679,-4.97051,0.28813,3.86134,-0.1794,-2.24124,-0.78091,65.037,3.0,18824.0
0.9833846520000222,0.04351,1.28373,6.29457,0.05387,-2.83949,-0.4287,-4.68433,0.02174,3.96779,-0.13531,-2.33484,-0.78483,65.243,3.331,18824.0
0.9883846520000222,0.56117,0.89631,6.81894,0.12984,-3.2039,-0.46061,-4.39815,-0.24465,4.07424,-0.09121,-2.42843,-0.78874,65.419,3.831,18824.0
0.9933846520000222,0.69331,0.83388,7.30265,0.15552,-3.38382,-0.42561,-4.11197,-0.51103,4.18069,-0.04712,-2.52203,-0.79266,65.683,4.0,19231.953
0.9983846520000222,0.62938,0.93673,7.76567,0.15563,-3.46989,-0.35659,-3.82579,-0.77742,4.28714,-0.00303,-2.61562,-0.79657,65.99,4.0,19847.396
1.0033846520000222,0.56544,1.03959,8.2287,0.15573,-3.55596,-0.28757,-3.27344,-0.88909,4.55605,0.03423,-2.69013,-0.75007,66.21,4.0,20054.0
1.0083846520000224,0.50151,1.14244,8.69172,0.15584,-3.64203,-0.21855,-2.5866,-0.92258,4.90705,0.06803,-2.755,-0.6781,66.386,4.0,20054.0
1.0133846520000223,0.3197,1.19803,8.97363,0.15595,-3.7281,-0.14953,-1.89975,-0.95606,5.25805,0.10183,-2.81986,-0.60613,66.649,3.669,20412.39
1.0183846520000224,0.07806,1.22962,9.16361,0.15606,-3.81417,-0.08051,-1.2129,-0.98955,5.60905,0.13563,-2.88473,-0.53415,66.955,3.171,20952.697
1.0233846520000223,-0.16358,1.26121,9.35359,0.15616,-3.90024,-0.01149,-1.0619,-1.00769,5.87207,0.16942,-2.94959,-0.46218,67.263,3.0,21138.0
1.0283846520000224,-0.40522,1.29281,9.54356,0.15627,-3.98631,0.05753,-1.19058,-1.01781,6.08916,0.20322,-3.01446,-0.3902,67.572,3.0,21138.0
1.0333846520000223,-0.64687,1.3244,9.73354,0.15638,-4.07238,0.12655,-1.31926,-1.02794,6.30626,0.23702,-3.07932,-0.31823,67.88,3.0,21281.481
1.0383846520000224,-0.88851,1.35599,9.92352,0.15648,-4.15845,0.19557,-1.44794,-1.03807,6.52335,0.27082,-3.14419,-0.24626,68.187,3.0,21497.301
1.0433846520000223,-1.13015,1.38759,10.1135,0.15374,-4.23671,0.27735,-1.57663,-1.04819,6.74045,0.30462,-3.20905,-0.17428,68.524,3.332,21570.0
1.0483846520000224,-1.3718,1.41918,10.30347,0.14955,-4.31099,0.36561,-1.70531,-1.05832,6.95754,0.33842,-3.27392,-0.10231,68.876,3.832,21570.0
1.0533846520000223,-1.57599,1.43833,10.48809,0.14535,-4.38528,0.45386,-1.77012,-0.99575,7.1376,0.36345,-3.33349,-0.02362,69.14,4.0,21746.156
1.0583846520000224,-1.76121,1.45118,10.66999,0.14116,-4.45956,0.54212,-1.80258,-0.89636,7.2989,0.38405,-3.39038,0.05846,69.36,4.0,22011.54
1.0633846520000223,-1.94643,1.46403,10.85189,0.13697,-4.53385,0.63038,-1.83504,-0.79697,7.4602,0.40465,-3.44726,0.14055,69.725,3.668,22101.0
1.0683846520000224,-2.13165,1.47687,11.0338,0.13278,-4.60813,0.71864,-1.8675,-0.69757,7.62149,0.42524,-3.50415,0.22264,70.165,3.168,22101.0
1.0733846520000223,-2.31688,1.48972,11.2157,0.12859,-4.68241,0.80689,-1.89996,-0.59818,7.78279,0.44584,-3.56104,0.30472,70.575,3.0,22135.201
1.0783846520000222,-2.5021,1.50257,11.3976,0.12439,-4.7567,0.89515,-1.93243,-0.49879,7.94409,0.46644,-3.61793,0.38681,70.97,3.0,22186.646
1.0833846520000223,-2.68732,1.51541,11.5795,0.10917,-4.83137,0.92642,-1.96489,-0.3994,8.10539,0.48703,-3.67482,0.4689,71.366,3.332,22204.0
1.0883846520000222,-2.87254,1.52826,11.7614,0.08833,-4.90624,0.92868,-1.99735,-0.30001,8.26668,0.50763,-3.73171,0.55098,71.762,3.832,22204.0
1.0933846520000223,-2.96293,1.5095,12.07048,0.06749,-4.98111,0.93094,-2.09293,-0.01533,8.60799,0.49616,-3.79256,0.57993,72.069,4.0,22250.759
1.0983846520000222,-3.00539,1.47477,12.44382,0.04665,-5.05597,0.9332,-2.2204,0.36298,9.04028,0.46847,-3.8554,0.58202,72.333,4.0,22321.147
1.1033846520000223,-3.04785,1.44004,12.81716,0.02581,-5.13084,0.93546,-2.34788,0.74129,9.47256,0.44079,-3.91825,0.5841,72.742,3.669,22345.0
1.1083846520000222,-3.09031,1.40531,13.1905,0.00498,-5.20571,0.93772,-2.47536,1.1196,9.90484,0.41311,-3.9811,0.58619,73.226,3.168,22345.0
1.1133846520000223,-3.13277,1.37059,13.56384,-0.01586,-5.28058,0.93998,-2.52117,1.28336,10.15236,0.38543,-4.04395,0.58828,73.764,3.0,22276.398
1.1183846520000222,-3.17522,1.33586,13.93718,-0.0367,-5.35545,0.94224,-2.52569,1.33858,10.30643,0.35775,-4.10679,0.59037,74.328,3.0,22173.097
1.1233846520000224,-3.39694,1.36685,14.23909,-0.06286,-5.40212,0.87867,-2.5302,1.39381,10.46051,0.33475,-4.12974,0.55666,74.674,3.324,22006.334
1.1283846520000222,-3.71911,1.43468,14.50097,-0.092,-5.433,0.77821,-2.53471,1.44904,10.61458,0.31438,-4.13033,0.50289,74.896,3.83,21804.009
1.1333846520000224,-4.04128,1.50251,14.76285,-0.12115,-5.46388,0.67774,-2.53922,1.50427,10.76865,0.294,-4.13092,0.44912,75.291,4.0,21736.0
1.1383846520000223,-4.36345,1.57034,15.02474,-0.15029,-5.49476,0.57728,-2.54373,1.55949,10.92273,0.27363,-4.13151,0.39535,75.774,4.0,21736.0
1.1433846520000224,-4.68562,1.63817,15.28662,-0.17943,-5.52564,0.47682,-2.54825,1.61472,11.0768,0.25326,-4.1321,0.34158,76.229,4.0,21736.0
1.1483846520000223,-5.00779,1.706,15.5485,-0.20857,-5.55652,0.37636,-2.55276,1.66995,11.23087,0.23288,-4.13269,0.28781,76.669,4.0,21736.0
1.1533846520000224,-5.23901,1.77751,15.74188,-0.22057,-5.54673,0.30054,-2.55727,1.72518,11.38494,0.21251,-4.13328,0.23405,77.136,4.0,21369.005
1.1583846520000223,-5.42438,1.85089,15.9007,-0.22393,-5.51643,0.23716,-2.56178,1.78041,11.53902,0.19213,-4.13387,0.18028,77.617,4.0,20816.918
1.1633846520000224,-5.60974,1.92426,16.05952,-0.22728,-5.48612,0.17377,-2.72823,2.04999,11.98208,0.17849,-4.1149,0.12169,77.986,4.0,20626.0
1.1683846520000223,-5.7951,1.99763,16.21833,-0.23064,-5.45582,0.11038,-2.98028,2.43288,12.57791,0.16839,-4.08558,0.06055,78.295,4.0,20626.0
1.1733846520000224,-5.98046,2.07101,16.37715,-0.23399,-5.42551,0.047,-3.02636,2.56315,12.81621,0.1583,-4.05627,-0.00058,78.632,4.0,20258.541
1.1783846520000223,-6.16583,2.14438,16.53597,-0.23735,-5.39521,-0.01639,-2.96853,2.56596,12.87413,0.14821,-4.02695,-0.06171,78.983,4.0,19705.689
1.1833846520000222,-6.33514,2.16072,16.54124,-0.24071,-5.3649,-0.07977,-2.91069,2.56878,12.93205,0.13811,-3.99763,-0.12285,79.364,3.669,19519.0
1.1883846520000223,-6.49626,2.14798,16.46823,-0.24406,-5.3346,-0.14316,-2.85286,2.57159,12.98997,0.12802,-3.96832,-0.18398,79.76,3.168,19519.0
1.1933846520000222,-6.65738,2.13523,16.39521,-0.24742,-5.30429,-0.20654,-2.79503,2.57441,13.04789,0.11793,-3.939,-0.24512,80.095,3.0,19075.645
1.1983846520000223,-6.81851,2.12249,16.32219,-0.25077,-5.27399,-0.26993,-2.7372,2.57722,13.10581,0.10784,-3.90968,-0.30625,80.399,3.0,18407.788
1.2033846520000222,-6.97963,2.10974,16.24918,-0.24404,-5.17727,-0.29892,-2.67936,2.58003,13.16372,0.09774,-3.88037,-0.36739,80.736,4.949,18169.0
1.2083846520000223,-7.14075,2.097,16.17616,-0.23169,-5.04359,-0.30877,-2.62153,2.58285,13.22164,0.08765,-3.85105,-0.42852,81.092,7.983,18169.0
1.2133846520000222,-7.44351,2.12351,16.01193,-0.21934,-4.90991,-0.31862,-2.49532,2.43519,13.24301,0.08945,-3.77497,-0.44158,81.327,9.0,17685.487
1.2183846520000223,-7.81763,2.16979,15.80174,-0.20699,-4.77623,-0.32848,-2.33466,2.21169,13.24596,0.09723,-3.67532,-0.4304,81.503,9.0,16958.314
1.2233846520000222,-8.19175,2.21608,15.59155,-0.19464,-4.64255,-0.33833,-2.17399,1.9882,13.2489,0.10502,-3.57567,-0.41923,81.737,5.036,16710.0
1.2283846520000223,-8.56587,2.26237,15.38135,-0.18229,-4.50888,-0.34818,-2.01333,1.76471,13.25185,0.1128,-3.47602,-0.40806,82.001,-0.982,16710.0
1.2333846520000222,-8.93999,2.30866,15.17116,-0.16994,-4.3752,-0.35803,-1.85266,1.54122,13.2548,0.12059,-3.37637,-0.39688,82.177,-3.0,16726.265
1.2383846520000223,-9.31411,2.35495,14.96097,-0.15759,-4.24152,-0.36788,-1.692,1.31773,13.25774,0.12838,-3.27672,-0.38571,82.309,-3.0,16750.731
1.2433846520000222,-9.68823,2.40123,14.75078,-0.11858,-4.00076,-0.3399,-1.53133,1.09424,13.26069,0.13616,-3.17706,-0.37454,82.383,-1.343,16759.0
1.2483846520000224,-10.06235,2.44752,14.54058,-0.06596,-3.70534,-0.2926,-1.37067,0.87075,13.26364,0.14395,-3.07741,-0.36337,82.427,1.159,16759.0
1.2533846520000222,-11.08687,2.43602,14.35547,-0.01334,-3.40992,-0.2453,-1.33452,0.52823,13.39795,0.17199,-2.84273,-0.30397,82.441,2.0,17986.075
1.2583846520000224,-12.44039,2.39528,14.18303,0.03929,-3.1145,-0.198,-1.36136,0.12549,13.59871,0.21028,-2.53973,-0.22018,82.441,2.0,19833.881
1.2633846520000223,-13.79392,2.35454,14.0106,0.09191,-2.81909,-0.15071,-1.3882,-0.27725,13.79947,0.24857,-2.23674,-0.13639,82.412,1.341,20468.0
1.2683846520000224,-15.14744,2.3138,13.83816,0.14453,-2.52367,-0.10341,-1.41504,-0.67998,14.00023,0.28686,-1.93374,-0.0526,82.368,0.337,20468.0
1.2733846520000223,-16.50096,2.27306,13.66573,0.19715,-2.22825,-0.05611,-1.69928,-0.88428,14.3435,0.32515,-1.63075,0.03119,82.324,0.0,21022.818
1.2783846520000224,-17.85449,2.23232,13.4933,0.24977,-1.93283,-0.00881,-2.11365,-0.98825,14.75884,0.36345,-1.32776,0.11498,82.28,0.0,21858.152
1.2833846520000223,-19.20801,2.19158,13.32086,0.3024,-1.63741,0.03849,-2.52803,-1.09222,15.17417,0.40174,-1.02476,0.19877,82.236,5.965,22140.0
1.2883846520000222,-20.56153,2.15084,13.14843,0.35502,-1.34199,0.08578,-2.9424,-1.19619,15.5895,0.44003,-0.72177,0.28256,82.193,14.967,22140.0
1.2933846520000223,-21.77304,1.60458,13.18218,0.33341,-0.81972,0.12362,-3.35678,-1.30015,16.00484,0.42058,-0.32838,0.2925,82.12,18.0,22887.223
1.2983846520000222,-22.9124,0.80155,13.32068,0.2741,-0.18221,0.15666,-3.77115,-1.40412,16.42017,0.37179,0.11092,0.26493,82.032,18.0,24014.013
1.3033846520000223,-24.05176,-0.00149,13.45917,0.21478,0.45529,0.18969,-3.50062,-1.03059,15.93861,0.32301,0.55022,0.23735,81.944,12.385,24398.0
1.3083846520000222,-25.19112,-0.80452,13.59766,0.15547,1.0928,0.22273,-2.87603,-0.41021,14.99341,0.27423,0.98952,0.20978,81.856,3.867,24398.0
1.3133846520000223,-26.33048,-1.60756,13.73615,0.09616,1.7303,0.25576,-2.25144,0.21017,14.04821,0.22545,1.42882,0.18221,81.739,1.0,24802.8
1.3183846520000222,-27.46985,-2.4106,13.87465,0.03684,2.36781,0.28879,-1.62685,0.83055,13.10301,0.17666,1.86813,0.15463,81.607,1.0,25412.931
1.3233846520000223,-22.59384,-2.45159,13.3636,0.01372,2.56176,0.25185,-1.00226,1.45093,12.1578,0.16077,2.02535,0.14463,81.475,1.33,25621.0
1.3283846520000222,-14.60484,-2.09822,12.51642,0.00932,2.52617,0.17869,-0.37767,2.0713,11.2126,0.1619,2.03659,0.14371,81.343,1.831,25621.0
1.3333846520000223,-6.61585,-1.74485,11.66924,0.00493,2.49058,0.10553,-0.10536,1.99085,10.60367,0.16303,2.04784,0.1428,81.27,2.0,25613.71
1.3383846520000222,1.37314,-1.39148,10.82206,0.00053,2.45499,0.03236,-0.0115,1.55539,10.16508,0.16416,2.05909,0.14188,81.226,2.0,25602.727
1.3433846520000223,3.87112,-0.94839,10.69623,-0.00386,2.4194,-0.0408,0.08236,1.11993,9.7265,0.16529,2.07033,0.14096,81.24,2.993,25599.0
1.3483846520000222,3.54807,-0.45921,10.94099,-0.00826,2.38381,-0.11396,0.17622,0.68447,9.28791,0.16641,2.08158,0.14005,81.284,4.495,25599.0
1.3533846520000223,3.22502,0.02997,11.18575,0.00209,2.2683,-0.15073,0.27008,0.24901,8.84932,0.16754,2.09282,0.13913,81.299,5.0,25660.671
1.3583846520000222,2.90197,0.51915,11.43051,0.01988,2.11238,-0.16911,0.36393,-0.18646,8.41073,0.16867,2.10407,0.13822,81.299,5.0,25753.532
1.3633846520000223,2.57892,1.00833,11.67527,0.03768,1.95647,-0.18749,0.45779,-0.62192,7.97214,0.16388,2.02762,0.08745,81.299,5.0,25785.0
1.3683846520000222,2.25587,1.49751,11.92004,0.05548,1.80055,-0.20586,0.55165,-1.05738,7.53356,0.15604,1.90621,0.01112,81.299,5.0,25785.0
1.3733846520000224,2.0458,1.57811,12.08391,0.07328,1.64463,-0.22424,-0.11802,-0.90479,7.67802,0.14821,1.78481,-0.06521,81.357,5.0,25720.678
1.3783846520000222,1.89174,1.45614,12.20768,0.09108,1.48871,-0.24261,-1.16622,-0.46068,8.11154,0.14038,1.6634,-0.14154,81.445,5.0,25624.469
1.3833846520000224,1.73767,1.33417,12.33146,0.10887,1.33279,-0.26099,-2.21443,-0.01657,8.54506,0.13255,1.542,-0.21787,81.533,2.347,25592.0
1.3883846520000223,1.58361,1.21221,12.45523,0.12667,1.17687,-0.27936,-3.26263,0.42755,8.97859,0.12472,1.42059,-0.29419,81.621,-1.657,25592.0
1.3933846520000222,1.42954,1.09024,12.57901,0.13851,1.06497,-0.27865,-4.31083,0.87166,9.41211,0.11689,1.29919,-0.37052,81.709,-3.0,25639.491
1.3983846520000223,1.27548,0.96827,12.70278,0.14735,0.97528,-0.26831,-5.35903,1.31577,9.84563,0.10906,1.17778,-0.44685,81.797,-3.0,25710.942
1.4033846520000222,1.12141,0.84631,12.82655,0.15619,0.88559,-0.25797,-5.49939,1.47086,9.93395,0.10573,1.08931,-0.46962,81.884,-1.342,25714.114
1.4083846520000223,0.96735,0.72434,12.95033,0.16503,0.79591,-0.24763,-5.17891,1.47923,9.84703,0.10468,1.01756,-0.4652,81.972,1.157,25682.626
1.4133846520000222,0.95566,0.80781,12.7068,0.17386,0.70622,-0.23729,-4.85843,1.4876,9.76012,0.10363,0.9458,-0.46078,82.031,2.0,25672.0
1.4183846520000223,1.0165,0.99593,12.27619,0.1827,0.61653,-0.22695,-4.53795,1.49596,9.6732,0.10258,0.87405,-0.45636,82.075,2.0,25672.0
1.4233846520000222,1.07734,1.18404,11.84558,0.19154,0.52684,-0.21661,-4.21746,1.50433,9.58629,0.10153,0.80229,-0.45194,82.148,2.332,25672.0
1.4283846520000223,1.13817,1.37215,11.41496,0.20038,0.43715,-0.20626,-3.89698,1.5127,9.49937,0.10048,0.73054,-0.44752,82.236,2.832,25672.0
1.4333846520000222,1.19901,1.56027,10.98435,0.20921,0.34747,-0.19592,-3.5765,1.52107,9.41245,0.09943,0.65878,-0.4431,82.324,3.0,25750.641
1.4383846520000223,1.25985,1.74838,10.55374,0.21805,0.25778,-0.18558,-3.25601,1.52943,9.32554,0.09838,0.58703,-0.43868,82.412,3.0,25869.219
1.4433846520000222,1.27154,1.74206,10.39322,0.22362,0.22341,-0.17265,-2.59041,1.41136,9.31633,0.11149,0.54752,-0.41087,82.5,3.0,25919.296
1.4483846520000223,1.25842,1.63758,10.36907,0.22752,0.21698,-0.15841,-1.75057,1.22944,9.34635,0.13175,0.5243,-0.37124,82.588,3.0,25934.791
1.4533846520000222,1.2453,1.5331,10.34491,0.23143,0.21055,-0.14417,-0.91073,1.04753,9.37637,0.15201,0.50107,-0.33162,82.646,3.0,25940.0
1.4583846520000223,1.23218,1.42862,10.32076,0.23534,0.20412,-0.12993,-0.07088,0.86562,9.40639,0.17227,0.47785,-0.29199,82.69,3.0,25940.0
1.4633846520000222,1.21906,1.32413,10.2966,0.23925,0.19769,-0.11568,0.76896,0.6837,9.43641,0.19253,0.45462,-0.25237,82.734,268.145,25940.0
1.4683846520000223,1.20594,1.21965,10.27244,0.24316,0.19125,-0.10144,1.6088,0.50179,9.46643,0.21279,0.4314,-0.21274,82.778,665.372,25940.0
1.4733846520000222,1.19282,1.11517,10.24829,0.24707,0.18482,-0.0872,1.59642,0.46266,9.55894,0.23305,0.40817,-0.17312,82.851,804.0,25941.638
1.4783846520000223,1.1797,1.01069,10.22413,0.25098,0.17839,-0.07296,1.12719,0.50008,9.68496,0.25331,0.38495,-0.1335,82.939,804.0,25944.154
1.4833846520000222,1.08889,0.97624,10.25152,0.24317,0.17352,-0.06862,0.65796,0.5375,9.81097,0.25241,0.37595,-0.12222,82.998,1901.71,25945.0
1.4883846520000223,0.95874,0.97726,10.30502,0.22942,0.16945,-0.0693,0.18872,0.57492,9.93698,0.24079,0.37416,-0.12529,83.041,3555.329,25945.0
1.4933846520000222,0.82858,0.97829,10.35851,0.21567,0.16538,-0.06998,0.02854,0.72241,10.00727,0.22918,0.37238,-0.12837,83.113,4153.0,25983.81
1.4983846520000221,0.69843,0.97931,10.41201,0.20191,0.1613,-0.07066,0.04328,0.93221,10.04602,0.21756,0.37059,-0.13144,83.203,4153.0,26044.586
1.5033846520000222,0.56827,0.98033,10.4655,0.18816,0.15723,-0.07134,0.05801,1.14201,10.08477,0.20595,0.3688,-0.13452,83.262,4546.359,26065.0
1.5083846520000221,0.43812,0.98135,10.519,0.17441,0.15315,-0.07202,0.07275,1.3518,10.12352,0.19434,0.36701,-0.13759,83.305,5138.663,26065.0
1.5133846520000223,0.33489,1.09919,10.54431,0.16051,0.15126,-0.07163,0.08749,1.5616,10.16227,0.18272,0.36522,-0.14067,83.378,5341.0,26067.972
1.5183846520000222,0.24563,1.27765,10.555,0.14652,0.1505,-0.07067,0.10223,1.7714,10.20102,0.17111,0.36343,-0.14374,83.467,5341.0,26072.486
1.5233846520000223,0.15637,1.45611,10.56569,0.13254,0.14974,-0.06972,0.11696,1.98119,10.23977,0.15791,0.36922,-0.13849,83.555,5831.693,26074.0
1.5283846520000222,0.06712,1.63457,10.57638,0.11856,0.14897,-0.06877,0.1317,2.19099,10.27852,0.14393,0.37883,-0.12904,83.642,6570.01,26074.0
1.5333846520000223,0.02323,1.65782,10.59045,0.10457,0.14821,-0.06782,0.20084,2.24385,10.32573,0.12994,0.38844,-0.11959,83.701,6817.0,26034.421
1.5383846520000222,0.00215,1.60305,10.60621,0.09059,0.14745,-0.06687,0.29733,2.21781,10.3772,0.11595,0.39806,-0.11013,83.745,6817.0,25974.946
1.5433846520000223,-0.01894,1.54828,10.62198,0.07661,0.14669,-0.06591,0.39382,2.19178,10.42867,0.10196,0.40767,-0.10068,83.818,7008.329,25955.0
1.5483846520000222,-0.04002,1.49351,10.63775,0.06262,0.14593,-0.06496,0.4903,2.16574,10.48014,0.08797,0.41728,-0.09123,83.906,7296.203,25955.0
1.5533846520000223,-0.0611,1.43873,10.65351,0.04864,0.14516,-0.06401,0.49055,2.09833,10.48016,0.07399,0.4269,-0.08177,84.023,7394.0,25946.082
1.5583846520000222,-0.08218,1.38396,10.66928,0.03466,0.1444,-0.06306,0.44128,2.00964,10.45371,0.06,0.43651,-0.07232,84.155,7394.0,25932.576
1.5633846520000223,-0.07932,1.36648,10.66997,0.02769,0.14357,-0.06187,0.39201,1.92094,10.42725,0.05359,0.44443,-0.06552,84.228,7862.874,25910.463
1.5683846520000222,-0.06419,1.36811,10.66294,0.02432,0.14271,-0.06056,0.34275,1.83225,10.40079,0.05106,0.45149,-0.06008,84.272,8572.007,25883.939
1.5733846520000223,-0.04905,1.36973,10.65591,0.02095,0.14185,-0.05926,0.29348,1.74355,10.37434,0.04853,0.45855,-0.05464,84.374,8811.0,25875.0
1.5783846520000222,-0.03392,1.37135,10.64888,0.01758,0.14098,-0.05795,0.24421,1.65486,10.34788,0.046,0.4656,-0.0492,84.506,8811.0,25875.0
1.5833846520000223,-0.01879,1.37298,10.64185,0.01421,0.14012,-0.05664,0.19494,1.56616,10.32143,0.04348,0.47266,-0.04376,84.609,8872.66,25875.0
1.5883846520000222,-0.00366,1.3746,10.63482,0.01083,0.13926,-0.05534,0.14567,1.47747,10.29497,0.04095,0.47972,-0.03831,84.697,8965.727,25875.0
1.5933846520000223,0.01147,1.37623,10.62779,0.00746,0.1384,-0.05403,0.22667,1.44494,10.30608,0.03842,0.48677,-0.03287,84.814,8997.0,25816.709
1.5983846520000222,0.02661,1.37785,10.62076,0.00409,0.13753,-0.05273,0.37359,1.44083,10.33621,0.03589,0.49383,-0.02743,84.945,8997.0,25728.918
1.6033846520000221,0.04174,1.37947,10.61373,0.00072,0.13667,-0.05142,0.52051,1.43673,10.36634,0.03444,0.50124,-0.02607,85.077,9348.456,25670.923
1.6083846520000222,0.05687,1.3811,10.6067,-0.00265,0.13581,-0.05011,0.66743,1.43263,10.39647,0.03355,0.50883,-0.02683,85.209,9881.6,25628.332
1.6133846520000221,0.07158,1.37142,10.59915,-0.00661,0.14078,-0.04982,0.62834,1.41049,10.38217,0.03265,0.51642,-0.02758,85.312,10061.0,25614.0
1.6183846520000222,0.08607,1.35602,10.59133,-0.01087,0.1487,-0.05003,0.49492,1.3792,10.34534,0.03176,0.52402,-0.02833,85.4,10061.0,25614.0
1.6233846520000221,0.10057,1.34061,10.58352,-0.01514,0.15663,-0.05025,0.36151,1.34791,10.30851,0.03087,0.53161,-0.02908,85.517,10073.6,25614.0
1.6283846520000222,0.11507,1.3252,10.57571,-0.0194,0.16456,-0.05046,0.22809,1.31662,10.27168,0.02997,0.5392,-0.02983,85.649,10092.612,25614.0
1.6333846520000221,0.12956,1.3098,10.5679,-0.02366,0.17248,-0.05068,0.09467,1.28533,10.23485,0.02908,0.54679,-0.03058,85.752,10099.0,25522.096
1.6383846520000223,0.14406,1.29439,10.56008,-0.02792,0.18041,-0.0509,-0.03875,1.25405,10.19803,0.02819,0.55438,-0.03133,85.84,10099.0,25383.683
1.6433846520000222,0.1445,1.28425,10.52984,-0.0274,0.1823,-0.0528,-0.17217,1.22276,10.1612,0.02855,0.55858,-0.03504,85.957,10368.982,25337.0
1.6483846520000223,0.1378,1.27679,10.48819,-0.02445,0.18111,-0.05556,-0.30559,1.19147,10.12437,0.02955,0.56104,-0.04026,86.089,10776.364,25337.0
1.6533846520000222,0.1311,1.26933,10.44653,-0.0215,0.17993,-0.05833,-0.31482,1.19768,10.1235,0.03055,0.5635,-0.04547,86.191,10913.0,25284.213
1.6583846520000223,0.1244,1.26186,10.40487,-0.01854,0.17875,-0.06109,-0.26137,1.22282,10.14079,0.03155,0.56596,-0.05069,86.279,10913.0,25204.785
1.6633846520000222,0.15408,1.26683,10.40585,-0.01559,0.17756,-0.06386,-0.20792,1.24796,10.15807,0.03256,0.56842,-0.05591,86.396,11041.04,25178.0
1.6683846520000223,0.20228,1.27812,10.42851,-0.01264,0.17638,-0.06662,-0.15448,1.2731,10.17536,0.03356,0.57088,-0.06112,86.528,11234.228,25178.0
1.6733846520000222,0.25047,1.2894,10.45118,-0.00969,0.17519,-0.06939,-0.10103,1.29824,10.19264,0.03456,0.57334,-0.06634,86.66,11299.0,25083.357
1.6783846520000223,0.29866,1.30069,10.47385,-0.00673,0.17401,-0.07215,-0.04758,1.32338,10.20993,0.03556,0.57581,-0.07155,86.792,11299.0,24940.978
1.6833846520000222,0.34686,1.31198,10.49651,-0.00758,0.17496,-0.07355,0.00586,1.34852,10.22721,0.03656,0.57827,-0.07677,86.894,11525.573,24893.0
1.6883846520000223,0.39505,1.32327,10.51918,-0.01037,0.17699,-0.07425,0.05931,1.37366,10.24449,0.03757,0.58073,-0.08199,86.982,11867.296,24893.0
1.6933846520000222,0.40539,1.32145,10.52216,-0.01316,0.17902,-0.07496,0.01091,1.39769,10.27468,0.03587,0.57775,-0.0835,87.07,11982.0,24918.227
1.6983846520000223,0.39661,1.313,10.51518,-0.01594,0.18105,-0.07566,-0.08896,1.42118,10.31137,0.0328,0.57201,-0.08314,87.158,11982.0,24956.201
1.7033846520000222,0.38783,1.30456,10.50821,-0.01873,0.18308,-0.07636,-0.18883,1.44466,10.34807,0.02974,0.56628,-0.08278,87.275,12145.189,24969.0
1.7083846520000223,0.37905,1.29612,10.50124,-0.02151,0.18511,-0.07707,-0.28869,1.46814,10.38477,0.02668,0.56054,-0.08243,87.407,12391.344,24969.0
1.7133846520000222,0.37027,1.28768,10.49426,-0.0243,0.18714,-0.07777,-0.35245,1.45084,10.38841,0.02361,0.55481,-0.08207,87.509,12474.0,24909.739
1.718384652000022,0.36149,1.27923,10.48729,-0.02708,0.18917,-0.07847,-0.39794,1.41293,10.37533,0.02055,0.54908,-0.08171,87.597,12474.0,24820.52
1.7233846520000222,0.35271,1.27079,10.48032,-0.02987,0.1912,-0.07918,-0.44344,1.37502,10.36226,0.01748,0.54334,-0.08136,87.685,12650.151,24790.0
1.7283846520000221,0.34393,1.26235,10.47334,-0.03266,0.19323,-0.07988,-0.48893,1.33711,10.34918,0.01442,0.53761,-0.081,87.774,12917.889,24790.0
1.7333846520000222,0.32815,1.25756,10.47944,-0.03279,0.19444,-0.08009,-0.53443,1.2992,10.3361,0.01281,0.5329,-0.0787,87.861,13006.0,24705.155
1.7383846520000221,0.30894,1.25456,10.49195,-0.03162,0.19524,-0.08004,-0.57993,1.26129,10.32303,0.0119,0.52869,-0.07546,87.949,13006.0,24578.693
1.7433846520000222,0.28973,1.25157,10.50446,-0.03046,0.19604,-0.08,-0.58472,1.27558,10.34977,0.011,0.52448,-0.07221,88.037,13177.69,24536.0
1.7483846520000221,0.27053,1.24857,10.51697,-0.02929,0.19685,-0.07996,-0.56877,1.31647,10.39682,0.0101,0.52026,-0.06896,88.125,13436.879,24536.0
1.7533846520000222,0.25132,1.24558,10.52948,-0.02812,0.19765,-0.07992,-0.55282,1.35736,10.44386,0.00919,0.51605,-0.06571,88.213,13524.0,24453.801
1.7583846520000221,0.23211,1.24258,10.54199,-0.02696,0.19845,-0.07988,-0.53687,1.39826,10.49091,0.00829,0.51184,-0.06246,88.3,13524.0,24329.984
1.7633846520000223,0.20576,1.24466,10.55212,-0.02784,0.21137,-0.08279,-0.52092,1.43915,10.53795,0.00738,0.50763,-0.05922,88.359,13735.844,24223.454
1.7683846520000222,0.17575,1.24933,10.56103,-0.02977,0.23051,-0.08721,-0.50497,1.48004,10.58499,0.00648,0.50342,-0.05597,88.403,14056.372,24125.793
1.7733846520000223,0.14573,1.254,10.56994,-0.0317,0.24965,-0.09163,-0.51308,1.49265,10.59861,0.00312,0.50115,-0.0593,88.447,14164.0,24093.0
1.7783846520000222,0.11572,1.25867,10.57885,-0.03363,0.26879,-0.09606,-0.53335,1.49096,10.59533,-0.00149,0.49985,-0.06595,88.491,14164.0,24093.0
1.7833846520000223,0.0857,1.26334,10.58775,-0.03556,0.28794,-0.10048,-0.55362,1.48927,10.59204,-0.0061,0.49856,-0.0726,88.535,14168.965,24093.0
1.7883846520000222,0.05569,1.26801,10.59666,-0.03749,0.30708,-0.1049,-0.57389,1.48758,10.58876,-0.01071,0.49726,-0.07925,88.579,14176.475,24093.0
1.7933846520000223,0.05005,1.26899,10.58751,-0.03791,0.32279,-0.10861,-0.59417,1.48589,10.58548,-0.01531,0.49597,-0.08591,88.623,14179.0,23959.289
1.7983846520000222,0.05676,1.26809,10.5692,-0.03757,0.33677,-0.11194,-0.61444,1.4842,10.58219,-0.01992,0.49467,-0.09256,88.667,14179.0,23757.841
1.8033846520000223,0.06347,1.26719,10.55089,-0.03722,0.35076,-0.11527,-0.63471,1.48251,10.57891,-0.02259,0.49973,-0.09638,88.682,14583.327,23690.0
1.8083846520000222,0.07018,1.26629,10.53258,-0.03688,0.36474,-0.11861,-0.65498,1.48082,10.57562,-0.02429,0.50801,-0.09876,88.682,15192.96,23690.0
1.8133846520000223,0.07689,1.2654,10.51427,-0.03653,0.37872,-0.12194,-0.55175,1.48245,10.57453,-0.02598,0.51629,-0.10114,88.711,15398.0,23648.59
1.8183846520000222,0.0836,1.2645,10.49596,-0.03619,0.3927,-0.12528,-0.38593,1.48575,10.57454,-0.02767,0.52457,-0.10351,88.755,15398.0,23586.194
1.823384652000022,0.07561,1.26256,10.4895,-0.03584,0.40668,-0.12861,-0.2201,1.48905,10.57455,-0.02937,0.53285,-0.10589,88.77,15408.257,23565.0
1.8283846520000222,0.06004,1.26008,10.48913,-0.0355,0.42067,-0.13195,-0.05428,1.49236,10.57457,-0.03106,0.54113,-0.10827,88.77,15423.791,23565.0
1.833384652000022,0.04448,1.2576,10.48875,-0.03515,0.43465,-0.13528,-0.02096,1.49695,10.57285,-0.03275,0.54941,-0.11065,88.77,15429.0,23440.756
1.8383846520000222,0.02892,1.25512,10.48838,-0.03481,0.44863,-0.13862,-0.05449,1.50221,10.57026,-0.03444,0.55769,-0.11303,88.77,15429.0,23253.82
1.843384652000022,0.01336,1.25264,10.488,-0.03446,0.46261,-0.14195,-0.08803,1.50746,10.56767,-0.03614,0.56597,-0.11541,88.77,15712.025,23191.0
1.8483846520000222,-0.0022,1.25016,10.48763,-0.03412,0.47659,-0.14529,-0.12156,1.51271,10.56507,-0.03783,0.57425,-0.11779,88.77,16138.302,23191.0
1.8533846520000221,-0.01776,1.24768,10.48726,-0.03589,0.49752,-0.1479,-0.1551,1.51797,10.56248,-0.0411,0.58537,-0.1168,88.77,16282.0,23059.311
1.8583846520000222,-0.03333,1.2452,10.48688,-0.03874,0.52197,-0.15014,-0.18863,1.52322,10.55989,-0.04516,0.59793,-0.1141,88.77,16282.0,22860.653
1.8633846520000221,-0.06152,1.24374,10.47422,-0.0416,0.54643,-0.15239,-0.22216,1.52847,10.5573,-0.04923,0.61049,-0.11139,88.77,16298.942,22794.0
1.8683846520000222,-0.09609,1.24279,10.45534,-0.04445,0.57088,-0.15463,-0.2557,1.53373,10.55471,-0.0533,0.62306,-0.10869,88.77,16324.44,22794.0
1.8733846520000221,-0.13066,1.24184,10.43647,-0.04731,0.59533,-0.15688,-0.24807,1.52496,10.53911,-0.05737,0.63562,-0.10598,88.77,16333.0,22555.804
1.8783846520000222,-0.16523,1.24089,10.4176,-0.05016,0.61979,-0.15912,-0.21965,1.50911,10.51693,-0.06143,0.64818,-0.10328,88.77,16333.0,22197.219
1.8833846520000221,-0.1998,1.23994,10.39873,-0.05301,0.64424,-0.16137,-0.19122,1.49326,10.49475,-0.0655,0.66074,-0.10058,88.77,16511.632,22076.0
1.8883846520000223,-0.23437,1.23899,10.37985,-0.05587,0.6687,-0.16361,-0.1628,1.47741,10.47258,-0.06957,0.67331,-0.09787,88.77,16781.487,22076.0
1.8933846520000222,-0.24879,1.23905,10.38122,-0.0585,0.70096,-0.16132,-0.13437,1.46156,10.4504,-0.07364,0.68587,-0.09517,88.77,16872.0,21643.228
1.8983846520000223,-0.25303,1.23962,10.3928,-0.06103,0.73717,-0.15675,-0.10595,1.44571,10.42822,-0.0777,0.69843,-0.09247,88.77,16872.0,20992.041
1.9033846520000222,-0.25728,1.24018,10.40437,-0.06355,0.77338,-0.15218,-0.02908,1.4459,10.44641,-0.08369,0.72902,-0.08895,88.77,16950.87,20772.0
1.9083846520000223,-0.26152,1.24075,10.41595,-0.06608,0.80958,-0.1476,0.07252,1.45428,10.4852,-0.09066,0.76882,-0.08502,88.77,17069.991,20772.0
1.9133846520000222,-0.26576,1.24132,10.42753,-0.0686,0.84579,-0.14303,0.17411,1.46266,10.52399,-0.09762,0.80862,-0.08109,88.741,17110.0,20535.032
1.9183846520000223,-0.27001,1.24189,10.43911,-0.07112,0.882,-0.13846,0.27571,1.47104,10.56278,-0.10459,0.84841,-0.07716,88.697,17110.0,20178.224
1.9233846520000222,-0.30464,1.25949,10.4791,-0.07819,0.92742,-0.13439,0.3773,1.47942,10.60156,-0.11155,0.88821,-0.07323,88.682,17329.698,20054.0
1.928384652000022,-0.3555,1.2862,10.53426,-0.08767,0.97776,-0.1306,0.4789,1.4878,10.64035,-0.11852,0.92801,-0.0693,88.682,17666.738,20054.0
1.9333846520000222,-0.40636,1.31291,10.58942,-0.09716,1.02811,-0.1268,0.43634,1.50894,10.71691,-0.12351,0.97101,-0.06597,88.682,17780.0,19781.762
1.938384652000022,-0.45722,1.33962,10.64459,-0.10664,1.07845,-0.12301,0.32084,1.53654,10.81259,-0.12749,1.01565,-0.06293,88.682,17780.0,19371.735
1.9433846520000222,-0.50808,1.36632,10.69975,-0.11613,1.1288,-0.11922,0.20533,1.56415,10.90827,-0.13148,1.06028,-0.05989,88.682,17793.579,19233.0
1.948384652000022,-0.55894,1.39303,10.75492,-0.12561,1.17914,-0.11542,0.08982,1.59175,11.00395,-0.13546,1.10492,-0.05685,88.682,17814.101,19233.0
1.9533846520000222,-0.63397,1.40987,10.9191,-0.13309,1.21762,-0.1147,-0.02569,1.61936,11.09963,-0.13945,1.14955,-0.05382,88.682,17821.0,19052.543
1.958384652000022,-0.72123,1.4217,11.13848,-0.13955,1.25009,-0.11554,-0.1412,1.64696,11.19531,-0.14344,1.19419,-0.05078,88.682,17821.0,18780.701
1.9633846520000222,-0.8085,1.43354,11.35786,-0.14601,1.28256,-0.11637,-0.2567,1.67457,11.29099,-0.14952,1.23162,-0.05303,88.682,18126.383,18689.0
1.968384652000022,-0.89576,1.44537,11.57725,-0.15247,1.31503,-0.11721,-0.37221,1.70217,11.38667,-0.15668,1.26538,-0.05799,88.682,18587.221,18689.0
1.9733846520000222,-0.98303,1.45721,11.79663,-0.15893,1.3475,-0.11804,-0.41152,1.76926,11.4767,-0.16383,1.29915,-0.06294,88.682,18742.0,18462.616
1.9783846520000221,-1.0703,1.46904,12.01601,-0.16539,1.37997,-0.11888,-0.4123,1.85633,11.56386,-0.17099,1.33291,-0.06789,88.682,18742.0,18121.746
1.9833846520000222,-1.06551,1.50595,12.13151,-0.17185,1.41244,-0.11972,-0.41307,1.94339,11.65102,-0.17814,1.36668,-0.07284,88.652,18892.363,18007.0
1.9883846520000221,-1.01402,1.55557,12.19429,-0.17831,1.44491,-0.12055,-0.41385,2.03046,11.73817,-0.1853,1.40044,-0.07779,88.608,19119.027,18007.0
1.9933846520000222,-0.96253,1.6052,12.25707,-0.18477,1.47738,-0.12139,-0.41462,2.11752,11.82533,-0.19245,1.43421,-0.08274,88.565,19195.0,17460.965
1.9983846520000221,-0.91103,1.65483,12.31985,-0.19123,1.50985,-0.12222,-0.4154,2.20459,11.91249,-0.19961,1.46797,-0.08769,88.521,19195.0,16639.638
2.003384652000022,-0.85954,1.70445,12.38263,-0.19701,1.55471,-0.127,-0.26209,2.22378,12.02063,-0.20676,1.50174,-0.09265,88.506,19772.122,16363.0
2.0083846520000224,-0.80805,1.75408,12.44542,-0.20244,1.60586,-0.13379,-0.03053,2.20849,12.13942,-0.21392,1.53551,-0.0976,88.506,20642.353,16363.0
2.0133846520000223,-0.75655,1.80371,12.5082,-0.20787,1.65701,-0.14058,0.20104,2.19321,12.25821,-0.2126,1.58748,-0.09875,88.448,20935.0,15927.804
2.018384652000022,-0.70506,1.85333,12.57098,-0.2133,1.70815,-0.14737,0.4326,2.17792,12.37699,-0.20699,1.64867,-0.09798,88.36,20935.0,15272.104
2.023384652000022,-0.60588,1.87777,12.67102,-0.21873,1.7593,-0.15415,0.66416,2.16264,12.49578,-0.20138,1.70986,-0.0972,88.301,21212.994,15052.0
2.0283846520000224,-0.48261,1.88947,12.78988,-0.22416,1.81045,-0.16094,0.89572,2.14735,12.61457,-0.19577,1.77106,-0.09643,88.258,21631.458,15052.0
2.0333846520000223,-0.35933,1.90118,12.90875,-0.22959,1.8616,-0.16773,1.05219,1.90127,12.7074,-0.19016,1.83225,-0.09566,88.185,21779.0,14592.429
2.038384652000022,-0.23606,1.91288,13.02761,-0.23502,1.91275,-0.17452,1.16777,1.52949,12.78609,-0.18455,1.89344,-0.09489,88.098,21779.0,13882.579
2.043384652000022,-0.11278,1.92459,13.14648,-0.24045,1.96389,-0.1813,1.28335,1.15771,12.86479,-0.16954,1.94059,-0.09222,88.009,22071.825,13629.0
2.048384652000022,0.01049,1.93629,13.26534,-0.24588,2.01504,-0.18809,1.39892,0.78593,12.94348,-0.14931,1.97993,-0.08851,87.921,22527.391,13629.0
2.0533846520000223,0.01782,1.88094,13.35882,-0.23335,2.09538,-0.19465,1.38404,0.60378,12.91621,-0.12907,2.01928,-0.0848,87.861,22681.0,12607.328
2.058384652000022,-0.03384,1.79148,13.43938,-0.21168,2.19057,-0.20109,1.30279,0.5181,12.83502,-0.10884,2.05862,-0.08109,87.818,22681.0,11065.92
2.063384652000022,-0.08551,1.70201,13.51994,-0.19001,2.28577,-0.20753,1.22154,0.43242,12.75384,-0.0886,2.09796,-0.07738,87.715,22754.938,10548.0
2.068384652000022,-0.13717,1.61255,13.6005,-0.16834,2.38096,-0.21397,1.1403,0.34675,12.67265,-0.06837,2.1373,-0.07367,87.584,22866.291,10548.0
2.0733846520000223,-0.18883,1.52309,13.68106,-0.14667,2.47615,-0.22041,1.05905,0.26107,12.59147,-0.04813,2.17665,-0.06996,87.394,22904.0,9513.664
2.078384652000022,-0.24049,1.43362,13.76162,-0.125,2.57134,-0.22685,0.9778,0.17539,12.51029,-0.0279,2.21599,-0.06625,87.174,22904.0,7949.692
2.083384652000022,-0.29893,1.41384,13.85422,-0.09636,2.67955,-0.25003,0.89655,0.08971,12.4291,-0.00767,2.25533,-0.06254,87.041,23118.98,5808.662
2.088384652000022,-0.3608,1.42933,13.95292,-0.06419,2.79436,-0.28169,0.81531,0.00403,12.34792,0.01257,2.29467,-0.05883,86.953,23442.807,3375.462
2.0933846520000223,-0.42267,1.44482,14.05162,-0.03202,2.90916,-0.31334,0.93483,0.03335,12.33618,0.04696,2.36204,-0.06448,86.807,23552.0,2555.0
2.098384652000022,-0.48454,1.46032,14.15032,0.00015,3.02397,-0.345,1.15648,0.12117,12.35978,0.08856,2.44366,-0.07489,86.631,23552.0,2555.0
2.103384652000022,-0.54641,1.47581,14.24902,0.03232,3.13877,-0.37665,1.37814,0.209,12.38338,0.13015,2.52528,-0.08531,86.456,23623.338,2555.0
2.108384652000022,-0.60828,1.4913,14.34773,0.06449,3.25358,-0.40831,1.5998,0.29682,12.40697,0.17175,2.6069,-0.09572,86.28,23730.747,2555.0
2.1133846520000223,-0.72453,1.5685,14.46531,0.07868,3.33481,-0.41824,1.82146,0.38464,12.43057,0.21335,2.68852,-0.10613,86.074,23767.0,2144.081
2.1183846520000222,-0.86848,1.67714,14.59252,0.0837,3.39893,-0.41711,2.04311,0.47246,12.45417,0.25494,2.77015,-0.11655,85.853,23767.0,1523.8
2.123384652000022,-1.01244,1.78577,14.71973,0.08873,3.46306,-0.41599,1.94347,0.57007,12.46027,0.27353,2.82215,-0.11704,85.664,23903.53,1321.0
2.128384652000022,-1.15639,1.89441,14.84694,0.09375,3.52718,-0.41486,1.68775,0.67244,12.45786,0.28095,2.85977,-0.11272,85.489,24106.383,1321.0
2.1333846520000224,-1.39691,1.84846,14.98255,0.09877,3.59131,-0.41373,1.43203,0.77481,12.45546,0.28837,2.89739,-0.10839,85.284,24175.0,1258.391
2.1383846520000223,-1.68679,1.72349,15.12245,0.10379,3.65543,-0.4126,1.1763,0.87718,12.45306,0.29578,2.935,-0.10407,85.064,24175.0,1163.777
2.143384652000022,-1.97667,1.59852,15.26234,0.10882,3.71956,-0.41147,0.92058,0.97955,12.45065,0.3032,2.97262,-0.09975,84.757,24066.516,1132.0
2.148384652000022,-2.26655,1.47355,15.40224,0.11384,3.78368,-0.41034,0.66486,1.08192,12.44825,0.31061,3.01024,-0.09542,84.406,23903.173,1132.0
2.153384652000022,-2.55643,1.34858,15.54214,0.11886,3.84781,-0.40921,0.40914,1.18429,12.44584,0.31803,3.04786,-0.0911,84.056,23848.0,1043.467
2.1583846520000223,-2.84631,1.22361,15.68204,0.12388,3.91193,-0.40809,0.15341,1.28665,12.44344,0.32544,3.08547,-0.08677,83.706,23848.0,909.778
2.163384652000022,-3.13619,1.09864,15.82194,0.12891,3.97606,-0.40696,-0.57012,1.48295,12.2508,0.30069,3.06063,-0.10091,83.411,23092.657,863.0
2.168384652000022,-3.42607,0.97367,15.96183,0.13393,4.04018,-0.40583,-1.54543,1.7298,11.95577,0.25862,3.00216,-0.12498,83.146,21930.773,863.0
2.173384652000022,-3.4454,0.89924,15.73113,0.12727,4.04752,-0.39492,-2.52074,1.97666,11.66075,0.21654,2.94369,-0.14905,82.795,21539.0,735.5
2.1783846520000223,-3.3271,0.85051,15.3119,0.11468,4.02596,-0.37904,-3.49606,2.22351,11.36572,0.17447,2.88522,-0.17311,82.399,21539.0,543.138
2.183384652000022,-3.20881,0.80179,14.89267,0.10208,4.0044,-0.36316,-4.47137,2.47036,11.07069,0.1324,2.82675,-0.19718,82.033,20317.778,478.0
2.188384652000022,-3.09051,0.75307,14.47344,0.08948,3.98284,-0.34728,-5.44668,2.71721,10.77566,0.09033,2.76828,-0.22125,81.681,18471.3,478.0
2.193384652000022,-2.97221,0.70434,14.05421,0.07689,3.96128,-0.3314,-6.00124,2.84358,9.94281,0.04826,2.70981,-0.24532,81.3,17852.0,324.786
2.1983846520000223,-2.85391,0.65562,13.63498,0.06429,3.93973,-0.31552,-6.34346,2.90914,8.83855,0.00619,2.65134,-0.26939,80.904,17852.0,94.251
2.203384652000022,-2.73561,0.6069,13.21575,0.05375,3.87486,-0.30996,-6.68567,2.97471,7.73429,-0.03588,2.59287,-0.29346,80.519,14858.464,17.0
2.208384652000022,-2.61731,0.55817,12.79652,0.04424,3.78817,-0.30962,-7.02789,3.04027,6.63003,-0.07795,2.53441,-0.31753,80.139,10356.266,17.0
2.213384652000022,-2.30226,0.6084,12.19503,0.03474,3.70147,-0.30927,-6.9614,2.98752,5.84712,-0.1112,2.40708,-0.32902,79.767,6269.594,13.964
2.2183846520000223,-1.84688,0.7292,11.46355,0.02523,3.61478,-0.30892,-6.60342,2.85039,5.29339,-0.13816,2.23064,-0.33154,79.401,2479.28,8.762
2.223384652000022,-1.39149,0.85,10.73208,0.01572,3.52809,-0.30857,-6.24544,2.71326,4.73966,-0.16512,2.0542,-0.33407,78.9,1195.0,7.0
2.228384652000022,-0.93611,0.97079,10.0006,0.00622,3.4414,-0.30823,-5.88745,2.57612,4.18593,-0.19207,1.87776,-0.33659,78.329,1195.0,7.0
2.233384652000022,-0.48073,1.09159,9.26912,-0.00329,3.3547,-0.30788,-5.52947,2.43899,3.6322,-0.21903,1.70133,-0.33911,77.787,1195.0,6.01
2.2383846520000223,-0.02535,1.21239,8.53765,-0.01279,3.26801,-0.30753,-5.17149,2.30186,3.07848,-0.24599,1.52489,-0.34164,77.259,1195.0,4.508
2.2433846520000222,0.43003,1.33319,7.80617,-0.0223,3.18132,-0.30718,-4.8135,2.16473,2.52475,-0.26976,1.34163,-0.34521,76.818,848.898,4.0
2.248384652000022,0.88542,1.45399,7.07469,-0.0318,3.09463,-0.30684,-4.45552,2.0276,1.97102,-0.2919,1.15487,-0.34932,76.422,325.549,4.0
2.253384652000022,1.60448,1.32579,6.27165,-0.05498,2.77493,-0.29739,-4.56907,1.89842,1.57138,-0.31404,0.96812,-0.35343,76.114,150.0,3.336
2.258384652000022,2.45663,1.07192,5.43248,-0.08507,2.33763,-0.28334,-4.92062,1.77327,1.24952,-0.33618,0.78136,-0.35754,75.851,150.0,2.338
2.2633846520000223,3.30878,0.81804,4.59331,-0.11515,1.90032,-0.2693,-5.27218,1.64811,0.92766,-0.35832,0.59461,-0.36165,75.471,140.064,2.0
2.268384652000022,4.16093,0.56417,3.75414,-0.14524,1.46302,-0.25525,-5.62373,1.52295,0.60581,-0.38046,0.40785,-0.36576,75.031,125.044,2.0
2.273384652000022,4.90197,0.29435,3.86533,-0.167,1.18359,-0.1977,-5.97528,1.3978,0.28395,-0.40259,0.2211,-0.36987,74.65,120.0,2.0
2.278384652000022,5.58684,0.01646,4.45692,-0.18456,0.98397,-0.11815,-6.32683,1.27264,-0.03791,-0.42473,0.03434,-0.37398,74.298,120.0,2.0
2.2833846520000223,6.27171,-0.26142,5.04851,-0.20212,0.78435,-0.0386,-6.67838,1.14748,-0.35977,-0.44687,-0.15241,-0.37808,74.005,127.622,2.0
2.288384652000022,6.95658,-0.53931,5.64009,-0.21968,0.58473,0.04096,-7.02994,1.02233,-0.68163,-0.46901,-0.33917,-0.38219,73.741,139.135,2.0
2.293384652000022,6.72714,-0.44611,5.76119,-0.23724,0.38511,0.12051,-6.45035,1.00416,-0.27508,-0.48464,-0.50531,-0.33918,73.507,143.0,215.856
2.298384652000022,6.03563,-0.16538,5.64452,-0.2548,0.18549,0.20006,-5.4002,1.04006,0.49959,-0.49698,-0.66104,-0.27235,73.288,143.0,537.79
2.3033846520000223,5.34411,0.11536,5.52784,-0.27236,-0.01413,0.27961,-4.35005,1.07596,1.27427,-0.50932,-0.81677,-0.20551,73.039,130.792,648.0
2.308384652000022,4.6526,0.39609,5.41116,-0.28992,-0.21375,0.35916,-3.29989,1.11186,2.04894,-0.52166,-0.97249,-0.13868,72.774,112.228,648.0
2.313384652000022,3.96108,0.67682,5.29449,-0.30748,-0.41337,0.43871,-3.04126,1.17687,2.24093,-0.534,-1.12822,-0.07185,72.598,106.0,648.0
2.318384652000022,3.26957,0.95755,5.17781,-0.32504,-0.61299,0.51826,-3.18229,1.25658,2.13869,-0.54633,-1.28395,-0.00502,72.466,106.0,648.0
2.3233846520000223,2.57805,1.23829,5.06113,-0.31765,-0.79262,0.46848,-3.32332,1.33629,2.03646,-0.55867,-1.43968,0.06182,72.422,79.791,1955.806
2.328384652000022,1.88654,1.51902,4.94446,-0.29757,-0.96209,0.35296,-3.46434,1.416,1.93423,-0.57101,-1.5954,0.12865,72.422,40.262,3928.252
2.333384652000022,1.19503,1.79975,4.82778,-0.27749,-1.13156,0.23744,-3.60537,1.49571,1.832,-0.54062,-1.7001,0.06278,72.422,27.0,5366.761
2.338384652000022,0.50351,2.08048,4.7111,-0.25742,-1.30102,0.12193,-3.7464,1.57542,1.72977,-0.48866,-1.77903,-0.07009,72.422,27.0,6535.695
2.3433846520000223,0.19709,2.13519,4.59601,-0.23734,-1.47049,0.00641,-3.88742,1.65513,1.62753,-0.4367,-1.85796,-0.20295,72.422,19.473,6945.0
2.348384652000022,0.09816,2.06811,4.48177,-0.21727,-1.63996,-0.10911,-4.02845,1.73484,1.5253,-0.38474,-1.93689,-0.33582,72.422,7.889,6945.0
2.353384652000022,-0.00077,2.00104,4.36753,-0.19719,-1.80943,-0.22462,-4.33197,1.5216,1.55021,-0.33279,-2.01582,-0.46869,72.451,4.0,8257.61
2.358384652000022,-0.0997,1.93396,4.25329,-0.17711,-1.9789,-0.34014,-4.71764,1.16027,1.63939,-0.28083,-2.09475,-0.60156,72.495,4.0,10233.751
2.363384652000022,-0.19863,1.86688,4.13905,-0.15081,-2.12714,-0.3596,-5.10331,0.79893,1.72857,-0.24663,-2.17185,-0.62788,72.568,4.0,10901.0
2.3683846520000222,-0.29756,1.7998,4.02481,-0.12133,-2.26455,-0.33008,-5.48897,0.4376,1.81775,-0.22148,-2.24801,-0.5999,72.655,4.0,10901.0
2.373384652000022,-0.27428,1.69309,4.2417,-0.09185,-2.40197,-0.30057,-5.33827,0.24067,1.9847,-0.19634,-2.32417,-0.57192,72.743,4.0,12331.716
2.378384652000022,-0.18626,1.5654,4.634,-0.06237,-2.53938,-0.27106,-4.90344,0.13084,2.19285,-0.17119,-2.40034,-0.54394,72.831,4.0,14520.292
2.383384652000022,-0.09823,1.4377,5.02629,-0.03289,-2.67679,-0.24155,-4.46862,0.021,2.40099,-0.14605,-2.4765,-0.51595,72.919,3.669,15265.0
2.3883846520000223,-0.01021,1.31,5.41859,-0.00341,-2.81421,-0.21204,-4.0338,-0.08884,2.60914,-0.1209,-2.55266,-0.48797,73.008,3.168,15265.0
2.393384652000022,0.07781,1.1823,5.81088,0.02607,-2.95162,-0.18253,-3.59897,-0.19868,2.81728,-0.09576,-2.62882,-0.45999,73.095,3.0,15694.0
2.398384652000022,0.16583,1.0546,6.20318,0.05555,-3.08903,-0.15302,-3.16415,-0.30852,3.02543,-0.07062,-2.70499,-0.432,73.183,3.0,16339.543
2.403384652000022,0.10151,1.07971,6.55584,0.07739,-3.19343,-0.07543,-2.72933,-0.41836,3.23357,-0.04547,-2.78115,-0.40402,73.3,3.0,16558.0
2.4083846520000223,-0.04073,1.18299,6.88824,0.09532,-3.28095,0.02676,-2.2945,-0.5282,3.44172,-0.02033,-2.85731,-0.37604,73.432,3.0,16558.0
2.413384652000022,-0.18296,1.28626,7.22063,0.11326,-3.36846,0.12894,-2.1222,-0.55919,3.7615,0.01811,-2.94022,-0.29571,73.535,3.332,17132.232
2.418384652000022,-0.3252,1.38953,7.55302,0.13119,-3.45598,0.23112,-2.08259,-0.55033,4.1377,0.06327,-3.02654,-0.18893,73.623,3.831,17996.733
2.423384652000022,-0.46744,1.4928,7.88541,0.14912,-3.54349,0.3333,-2.04299,-0.54147,4.51391,0.10843,-3.11287,-0.08215,73.74,3.669,18290.0
2.4283846520000223,-0.60968,1.59607,8.2178,0.16705,-3.63101,0.43548,-2.00338,-0.5326,4.89012,0.15359,-3.19919,0.02464,73.872,3.168,18290.0
2.433384652000022,-0.77217,1.6928,8.48764,0.1811,-3.68771,0.50017,-1.96377,-0.52374,5.26633,0.19874,-3.28551,0.13142,73.945,3.0,18714.468
2.438384652000022,-0.94489,1.78622,8.72587,0.19318,-3.72884,0.54592,-1.92417,-0.51487,5.64254,0.2439,-3.37183,0.23821,73.989,3.0,19353.347
2.443384652000022,-1.11761,1.87964,8.9641,0.20525,-3.76998,0.59167,-1.92545,-0.45107,5.89157,0.27598,-3.42523,0.30045,74.062,2.669,19665.114
2.4483846520000223,-1.29033,1.97306,9.20234,0.21733,-3.81111,0.63742,-1.94758,-0.35928,6.07581,0.30141,-3.46185,0.34,74.15,2.168,19810.204
2.453384652000022,-1.46305,2.06647,9.44057,0.22941,-3.85224,0.68317,-1.9697,-0.26749,6.26004,0.32683,-3.49847,0.37955,74.267,2.0,19859.0
2.458384652000022,-1.63577,2.15989,9.67881,0.24149,-3.89338,0.72892,-1.99183,-0.1757,6.44427,0.35225,-3.53509,0.41911,74.398,2.0,19859.0
2.463384652000022,-1.80849,2.25331,9.91704,0.25357,-3.93451,0.77467,-2.01395,-0.08391,6.62851,0.37767,-3.57171,0.45866,74.53,2.329,19859.0
2.468384652000022,-1.98121,2.34673,10.15528,0.26565,-3.97565,0.82041,-2.03608,0.00788,6.81274,0.40309,-3.60833,0.49821,74.663,2.831,19859.0
2.473384652000022,-2.19483,2.40658,10.46111,0.27099,-4.00886,0.82922,-2.0582,0.09966,6.99697,0.42851,-3.64495,0.53776,74.795,3.0,19969.166
2.478384652000022,-2.42908,2.44949,10.80105,0.27293,-4.03808,0.8194,-2.08033,0.19145,7.18121,0.45393,-3.68157,0.57731,74.926,3.0,20134.916
2.483384652000022,-2.66333,2.49241,11.14099,0.27488,-4.0673,0.80957,-2.21061,0.3626,7.39395,0.46183,-3.70848,0.5815,75.029,3.663,20191.0
2.488384652000022,-2.89758,2.53532,11.48093,0.27682,-4.09652,0.79974,-2.39621,0.57433,7.62127,0.46075,-3.73042,0.56761,75.117,4.664,20191.0
2.4933846520000222,-3.03827,2.56875,11.73982,0.27877,-4.12574,0.78991,-2.5818,0.78607,7.84858,0.45968,-3.75237,0.55372,75.234,5.0,20280.16
2.498384652000022,-3.13171,2.5974,11.95778,0.28071,-4.15496,0.78008,-2.7674,0.9978,8.0759,0.45861,-3.77431,0.53983,75.365,5.0,20414.352
2.503384652000022,-3.22514,2.62604,12.17573,0.28265,-4.18418,0.77026,-2.95299,1.20953,8.30322,0.45754,-3.79626,0.52594,75.497,5.66,20460.0
2.508384652000022,-3.31858,2.65468,12.39369,0.2846,-4.2134,0.76043,-3.13859,1.42126,8.53054,0.45646,-3.8182,0.51205,75.629,6.661,20460.0
2.5133846520000223,-3.41202,2.68333,12.61165,0.28654,-4.24262,0.7506,-3.09535,1.62172,8.93949,0.45539,-3.84014,0.49816,75.79,7.0,20411.015
2.518384652000022,-3.50545,2.71197,12.8296,0.28849,-4.27184,0.74077,-2.93476,1.81639,9.44159,0.45432,-3.86209,0.48427,75.966,7.0,20336.909
2.523384652000022,-3.59889,2.74061,13.04756,0.29043,-4.30106,0.73094,-2.77417,2.01106,9.94369,0.45325,-3.88403,0.47038,76.113,6.668,20312.0
2.528384652000022,-3.69232,2.76926,13.26552,0.29237,-4.33028,0.72112,-2.61358,2.20573,10.44578,0.45217,-3.90598,0.45649,76.245,6.168,20312.0
2.5333846520000223,-3.78576,2.7979,13.48347,0.29161,-4.34009,0.68518,-2.56478,2.26899,10.68197,0.44666,-3.90791,0.39331,76.347,6.0,20075.53
2.538384652000022,-3.87919,2.82654,13.70143,0.28948,-4.34005,0.63598,-2.57272,2.26553,10.78317,0.43889,-3.89968,0.3051,76.435,6.0,19719.011
2.543384652000022,-4.00695,2.79909,13.8578,0.28734,-4.34001,0.58679,-2.58066,2.26207,10.88437,0.43112,-3.89145,0.2169,76.552,5.006,19599.0
2.548384652000022,-4.15212,2.74317,13.98292,0.28521,-4.33997,0.53759,-2.5886,2.25862,10.98557,0.42335,-3.88323,0.1287,76.684,3.507,19599.0
2.5533846520000223,-4.2973,2.68725,14.10803,0.28307,-4.33993,0.48839,-2.59655,2.25516,11.08677,0.41175,-3.85802,0.07949,76.816,3.0,19349.489
2.558384652000022,-4.44247,2.63133,14.23315,0.28093,-4.33989,0.4392,-2.60449,2.2517,11.18797,0.3982,-3.82412,0.05023,76.948,3.0,18972.376
2.563384652000022,-4.58764,2.57541,14.35827,0.2788,-4.33985,0.39,-2.61243,2.24825,11.28916,0.38464,-3.79023,0.02097,77.05,3.0,18845.0
2.568384652000022,-4.73282,2.51949,14.48338,0.27666,-4.33981,0.34081,-2.62037,2.24479,11.39036,0.37109,-3.75633,-0.00829,77.138,3.0,18845.0
2.573384652000022,-4.92255,2.29747,14.61226,0.2644,-4.28011,0.26325,-2.54908,2.19726,11.54001,0.35754,-3.72244,-0.03755,77.226,3.0,18386.58
2.578384652000022,-5.13499,1.99083,14.74305,0.24698,-4.19002,0.17126,-2.43741,2.12727,11.71434,0.34398,-3.68855,-0.06681,77.314,3.0,17694.634
2.583384652000022,-5.34742,1.6842,14.87383,0.22956,-4.09993,0.07926,-2.32575,2.05728,11.88867,0.33043,-3.65465,-0.09607,77.431,2.668,17462.0
2.588384652000022,-5.55985,1.37756,15.00462,0.21215,-4.00984,-0.01274,-2.21409,1.98729,12.063,0.31688,-3.62076,-0.12533,77.563,2.169,17462.0
2.593384652000022,-5.78789,1.20921,14.9831,0.20121,-3.91967,-0.03071,-2.10242,1.9173,12.23733,0.30332,-3.58686,-0.15459,77.666,2.0,17209.845
2.598384652000022,-6.02391,1.11153,14.88374,0.1936,-3.82945,-0.01085,-1.99076,1.84731,12.41166,0.28977,-3.55297,-0.18384,77.754,2.0,16828.841
2.603384652000022,-6.25992,1.01385,14.78438,0.18598,-3.73922,0.00901,-1.81628,1.71012,12.52461,0.28169,-3.49349,-0.16813,77.783,0.683,16701.0
2.608384652000022,-6.49594,0.91616,14.68503,0.17836,-3.649,0.02887,-1.61007,1.53899,12.60657,0.27637,-3.42108,-0.12972,77.783,-1.3,16701.0
2.613384652000022,-6.70141,0.93425,14.47946,0.17074,-3.55878,0.04874,-1.40387,1.36787,12.68852,0.27105,-3.34868,-0.0913,77.812,-2.0,16532.039
2.6183846520000222,-6.8902,1.01555,14.21589,0.16313,-3.46856,0.0686,-1.19766,1.19674,12.77048,0.26574,-3.27627,-0.05288,77.856,-2.0,16270.821
2.623384652000022,-7.07898,1.09685,13.95233,0.15551,-3.37834,0.08846,-0.99146,1.02562,12.85243,0.26042,-3.20387,-0.01446,77.871,-1.668,16183.0
2.628384652000022,-7.26777,1.17815,13.68877,0.14789,-3.28812,0.10832,-0.78526,0.85449,12.93439,0.2551,-3.13147,0.02396,77.871,-1.169,16183.0
2.633384652000022,-7.45656,1.25945,13.4252,0.14027,-3.1979,0.12818,-0.61888,0.6612,12.79551,0.24978,-3.05906,0.06238,77.871,-1.0,16002.421
2.6383846520000223,-7.64535,1.34074,13.16164,0.13266,-3.10768,0.14804,-0.47279,0.45663,12.54419,0.24447,-2.98666,0.1008,77.871,-1.0,15729.902
2.643384652000022,-7.83414,1.42204,12.89807,0.14469,-2.97935,0.19722,-0.32669,0.25206,12.29287,0.23915,-2.91425,0.13922,77.9,2.313,15638.0
2.648384652000022,-8.02293,1.50334,12.63451,0.16672,-2.83163,0.26131,-0.18059,0.04749,12.04155,0.23383,-2.84185,0.17763,77.944,7.311,15638.0
2.653384652000022,-8.3124,1.55269,12.36763,0.18875,-2.6839,0.32541,-0.23746,-0.00968,11.8796,0.24616,-2.68272,0.22967,77.959,9.0,15700.955
2.6583846520000223,-8.65326,1.58573,12.09905,0.21078,-2.53618,0.3895,-0.39791,0.00839,11.76325,0.26748,-2.47933,0.28865,77.959,9.0,15796.042
2.663384652000022,-8.99412,1.61878,11.83047,0.23281,-2.38846,0.45359,-0.55835,0.02645,11.64691,0.28881,-2.27594,0.34763,77.959,12.321,15828.0
2.668384652000022,-9.33497,1.65182,11.56189,0.25485,-2.24074,0.51769,-0.7188,0.04451,11.53057,0.31014,-2.07255,0.40661,77.959,17.323,15828.0
2.673384652000022,-9.67583,1.68486,11.29331,0.27688,-2.09302,0.58178,-0.87925,0.06258,11.41423,0.33146,-1.86916,0.46559,77.959,19.0,16105.347
2.678384652000022,-10.01669,1.71791,11.02473,0.29891,-1.9453,0.64588,-1.0397,0.08064,11.29789,0.35279,-1.66578,0.52458,77.959,19.0,16522.563
2.683384652000022,-10.35754,1.75095,10.75615,0.27608,-1.69366,0.65974,-1.20015,0.09871,11.18155,0.34547,-1.38456,0.57463,77.93,12.699,16663.0
2.688384652000022,-10.6984,1.78399,10.48756,0.2305,-1.38929,0.64811,-1.36059,0.11677,11.06521,0.32362,-1.06385,0.62016,77.886,3.201,16663.0
2.693384652000022,-11.03926,1.81704,10.21898,0.18491,-1.08492,0.63648,-1.52104,0.13483,10.94887,0.30176,-0.74314,0.66569,77.813,0.0,18082.783
2.698384652000022,-11.38011,1.85008,9.9504,0.13933,-0.78055,0.62485,-1.68149,0.1529,10.83252,0.2799,-0.42243,0.71122,77.725,0.0,20224.098
2.703384652000022,-13.2133,1.44543,10.57083,0.09375,-0.47618,0.61322,-1.64997,0.05983,12.01357,0.25805,-0.10173,0.75676,77.637,-0.663,20947.0
2.708384652000022,-15.80707,0.8177,11.64433,0.04816,-0.17181,0.60159,-1.5206,-0.08987,13.85582,0.23619,0.21898,0.80229,77.549,-1.664,20947.0
2.713384652000022,-18.40083,0.18997,12.71783,0.00258,0.13256,0.58996,-1.39123,-0.23958,15.69808,0.21434,0.53969,0.84782,77.433,-2.0,21945.162
2.718384652000022,-20.99459,-0.43776,13.79134,-0.04301,0.43693,0.57833,-1.26187,-0.38929,17.54034,0.19248,0.8604,0.89335,77.303,-2.0,23447.167
2.723384652000022,-23.58836,-1.06549,14.86484,-0.08859,0.7413,0.5667,-1.1325,-0.53899,19.3826,0.17063,1.18111,0.93888,77.199,2.211,23988.0
2.728384652000022,-26.18212,-1.69322,15.93835,-0.13418,1.04567,0.55507,-1.00314,-0.6887,21.22486,0.14877,1.50181,0.98441,77.11,8.791,23988.0
2.733384652000022,-24.45155,-1.8566,15.82313,-0.15828,1.25717,0.41754,-1.27271,-0.31219,20.60161,0.10943,1.63133,0.87779,76.993,11.0,24561.427
2.738384652000022,-20.53549,-1.78531,15.10715,-0.17153,1.42173,0.21639,-1.7439,0.33027,18.73231,0.06126,1.66423,0.69428,76.861,11.0,25424.659
2.7433846520000222,-16.61944,-1.71401,14.39117,-0.18477,1.58629,0.01523,-2.21509,0.97272,16.86302,0.01308,1.69712,0.51077,76.758,8.02,25717.0
2.748384652000022,-12.70338,-1.64272,13.67519,-0.19802,1.75085,-0.18592,-2.68628,1.61518,14.99372,-0.03509,1.73001,0.32726,76.67,3.513,25717.0
2.753384652000022,-8.78732,-1.57143,12.95921,-0.21127,1.91541,-0.38707,-3.15747,2.25764,13.12442,-0.08327,1.76291,0.14375,76.67,2.0,25707.732
2.758384652000022,-4.87126,-1.50013,12.24322,-0.22451,2.07997,-0.58822,-3.62866,2.90009,11.25512,-0.13144,1.7958,-0.03976,76.714,2.0,25693.782
2.7633846520000223,-2.23939,-0.92334,12.26194,-0.19267,2.00904,-0.62271,-2.99361,2.40221,10.44719,-0.17962,1.8287,-0.22327,76.844,1.014,25689.0
2.768384652000022,-0.27731,-0.08291,12.66384,-0.13731,1.81529,-0.57026,-1.78159,1.30956,10.19282,-0.22779,1.86159,-0.40678,77.02,-0.487,25689.0
2.773384652000022,1.68478,0.75753,13.06575,-0.08195,1.62153,-0.51782,-0.56957,0.21692,9.93845,-0.22094,1.79012,-0.50485,77.196,-1.0,25716.668
2.778384652000022,3.64687,1.59796,13.46765,-0.02659,1.42778,-0.46537,0.64245,-0.87572,9.68408,-0.18551,1.66445,-0.55855,77.372,-1.0,25758.703
2.783384652000022,3.99389,1.81096,13.44377,0.02877,1.23403,-0.41293,1.85447,-1.96837,9.42971,-0.15008,1.53879,-0.61226,77.548,0.653,25773.0
2.788384652000022,3.5085,1.70057,13.20043,0.08413,1.04028,-0.36048,3.06649,-3.06101,9.17534,-0.11466,1.41312,-0.66596,77.724,3.159,25773.0
2.793384652000022,3.02311,1.59018,12.9571,0.13949,0.84653,-0.30804,1.78155,-2.4801,9.24351,-0.07923,1.28746,-0.71966,77.871,4.0,25772.336
2.798384652000022,2.53772,1.47979,12.71376,0.19485,0.65278,-0.25559,-0.76476,-1.05377,9.47462,-0.0438,1.16179,-0.77337,78.002,4.0,25771.338
2.803384652000022,2.05233,1.3694,12.47043,0.20053,0.56906,-0.23294,-3.31107,0.37255,9.70573,-0.00837,1.03613,-0.82707,78.105,3.337,25771.0
2.808384652000022,1.56694,1.25901,12.22709,0.18086,0.5415,-0.22549,-5.85738,1.79888,9.93683,0.02706,0.91047,-0.88077,78.193,2.336,25771.0
2.813384652000022,1.08155,1.14862,11.98376,0.16119,0.51394,-0.21805,-6.12566,2.23736,9.99315,0.03715,0.84674,-0.84228,78.281,2.0,25762.04
2.818384652000022,0.59616,1.03823,11.74042,0.14152,0.48638,-0.2106,-5.2413,2.176,9.96102,0.03442,0.81437,-0.75714,78.369,2.0,25748.547
2.823384652000022,0.47943,1.11047,11.5073,0.12185,0.45883,-0.20315,-4.35695,2.11465,9.92889,0.03168,0.78199,-0.67199,78.486,0.343,25744.0
2.828384652000022,0.5501,1.27555,11.27936,0.10218,0.43127,-0.1957,-3.47259,2.05329,9.89676,0.02895,0.74961,-0.58685,78.618,-2.157,25744.0
2.833384652000022,0.62077,1.44063,11.05142,0.08251,0.40371,-0.18826,-2.58823,1.99193,9.86462,0.02622,0.71723,-0.5017,78.691,-3.0,25658.006
2.838384652000022,0.69144,1.6057,10.82349,0.06284,0.37615,-0.18081,-1.70387,1.93058,9.83249,0.02349,0.68485,-0.41656,78.735,-3.0,25528.226
2.843384652000022,0.7621,1.77078,10.59555,0.04317,0.34859,-0.17336,-0.81951,1.86922,9.80036,0.02076,0.65248,-0.33142,78.808,47.774,25484.0
2.848384652000022,0.83277,1.93586,10.36761,0.0235,0.32103,-0.16591,0.06485,1.80786,9.76823,0.01803,0.6201,-0.24627,78.895,124.794,25484.0
2.853384652000022,0.80125,1.92762,10.31423,0.02801,0.2745,-0.14827,0.27996,1.64902,9.78338,0.0286,0.57082,-0.20122,78.926,123.369,25619.021
2.858384652000022,0.7139,1.82472,10.35617,0.04574,0.21761,-0.12507,0.12956,1.43693,9.82434,0.04644,0.5123,-0.17806,78.926,79.101,25827.783
2.863384652000022,0.62656,1.72182,10.39812,0.06346,0.16072,-0.10186,-0.02084,1.22484,9.8653,0.06428,0.45379,-0.1549,78.984,64.0,25899.0
2.8683846520000222,0.53922,1.61891,10.44006,0.08118,0.10383,-0.07866,-0.17124,1.01275,9.90626,0.08212,0.39527,-0.13174,79.072,64.0,25899.0
2.873384652000022,0.45187,1.51601,10.482,0.0989,0.04693,-0.05545,-0.32164,0.80067,9.94722,0.09995,0.33676,-0.10858,79.131,64.0,25899.332
2.878384652000022,0.36453,1.41311,10.52395,0.11662,-0.00996,-0.03224,-0.47203,0.58858,9.98818,0.11779,0.27824,-0.08542,79.175,64.0,25899.832
2.883384652000022,0.28701,1.39436,10.55139,0.11532,-0.03232,-0.02142,-0.62243,0.37649,10.02914,0.13563,0.21973,-0.06226,79.248,195.061,25900.0
2.888384652000022,0.21447,1.41818,10.5715,0.10439,-0.03722,-0.01686,-0.77283,0.16441,10.0701,0.15347,0.16121,-0.0391,79.335,392.428,25900.0
2.893384652000022,0.14192,1.442,10.59161,0.09346,-0.04212,-0.0123,-0.57266,0.29303,10.1468,0.15518,0.14759,-0.03146,79.423,460.0,25934.959
2.898384652000022,0.06937,1.46582,10.61172,0.08252,-0.04702,-0.00775,-0.18998,0.59903,10.24209,0.14849,0.15734,-0.03189,79.511,460.0,25988.117
2.903384652000022,-0.00317,1.48964,10.63183,0.07159,-0.05192,-0.00319,0.19271,0.90502,10.33739,0.1418,0.16709,-0.03232,79.599,426.537,26006.0
2.908384652000022,-0.07572,1.51346,10.65194,0.06066,-0.05682,0.00137,0.57539,1.21102,10.43269,0.13512,0.17684,-0.03275,79.687,376.111,26006.0
2.913384652000022,-0.11356,1.5154,10.65422,0.05562,-0.05526,0.00227,0.95807,1.51702,10.52799,0.12843,0.18659,-0.03318,79.775,359.0,25983.163
2.918384652000022,-0.13357,1.50611,10.64734,0.05361,-0.05038,0.0013,1.34075,1.82302,10.62329,0.12175,0.19633,-0.03361,79.863,359.0,25948.597
2.923384652000022,-0.15359,1.49681,10.64046,0.0516,-0.04551,0.00032,1.47729,1.77729,10.62899,0.11506,0.20608,-0.03404,80.009,744.511,25937.0
2.928384652000022,-0.17361,1.48752,10.63358,0.04959,-0.04064,-0.00065,1.48955,1.55397,10.58946,0.10837,0.21583,-0.03447,80.185,1324.67,25937.0
2.933384652000022,-0.19363,1.47823,10.62669,0.04758,-0.03576,-0.00163,1.50182,1.33065,10.54993,0.10169,0.22558,-0.0349,80.331,1520.0,25973.095
2.938384652000022,-0.21364,1.46894,10.61981,0.04557,-0.03089,-0.00261,1.51408,1.10733,10.5104,0.095,0.23533,-0.03533,80.463,1520.0,26027.51
2.943384652000022,-0.20843,1.46051,10.62867,0.04356,-0.02601,-0.00358,1.53544,1.11433,10.51896,0.09344,0.26735,-0.02745,80.595,1672.374,26046.0
2.948384652000022,-0.19022,1.45253,10.64562,0.04155,-0.02114,-0.00456,1.56149,1.23986,10.55228,0.09452,0.31083,-0.01531,80.727,1903.169,26046.0
2.953384652000022,-0.17202,1.44455,10.66258,0.03954,-0.01626,-0.00553,1.58754,1.36539,10.58559,0.09559,0.3543,-0.00316,80.888,1981.0,26059.889
2.958384652000022,-0.15382,1.43657,10.67954,0.03753,-0.01139,-0.00651,1.61358,1.49092,10.61891,0.09667,0.39778,0.00899,81.063,1981.0,26080.846
2.963384652000022,-0.13561,1.4286,10.69649,0.02933,-0.00151,-0.00966,1.63963,1.61645,10.65222,0.09775,0.44126,0.02114,81.21,2206.905,26088.0
2.968384652000022,-0.11741,1.42062,10.71345,0.01791,0.01098,-0.01393,1.66568,1.74199,10.68553,0.09882,0.48474,0.03329,81.342,2549.896,26088.0
2.973384652000022,-0.0992,1.41264,10.73041,0.00649,0.02346,-0.01821,1.69173,1.86752,10.71885,0.09233,0.51331,0.03334,81.503,2665.0,26060.469
2.978384652000022,-0.081,1.40466,10.74736,-0.00493,0.03594,-0.02249,1.71778,1.99305,10.75216,0.08201,0.53436,0.02729,81.679,2665.0,26019.031
2.983384652000022,-0.04259,1.45228,10.7496,-0.01635,0.04842,-0.02676,1.73623,2.04109,10.75345,0.07168,0.5554,0.02124,81.855,3073.087,26005.0
2.988384652000022,0.00616,1.52836,10.74429,-0.02777,0.06091,-0.03104,1.75081,2.04944,10.73833,0.06136,0.57644,0.01519,82.03,3690.1,26005.0
2.993384652000022,0.05492,1.60445,10.73899,-0.03919,0.07339,-0.03532,1.76538,2.0578,10.72322,0.05104,0.59748,0.00914,82.206,3899.0,25947.391
2.998384652000022,0.10367,1.68053,10.73369,-0.05061,0.08587,-0.03959,1.77995,2.06616,10.7081,0.04072,0.61853,0.00308,82.382,3899.0,25860.293
3.003384652000022,0.15243,1.75661,10.72839,-0.05875,0.09612,-0.04,1.79452,2.07452,10.69299,0.03039,0.63957,-0.00297,82.558,4282.37,25831.0
3.008384652000022,0.20118,1.8327,10.72308,-0.06524,0.10524,-0.03845,1.8091,2.08288,10.67788,0.02007,0.66061,-0.00902,82.734,4860.018,25831.0
3.013384652000022,0.24912,1.81158,10.71787,-0.07173,0.11436,-0.03691,1.82367,2.09124,10.66276,0.00975,0.68165,-0.01507,82.939,5054.0,25817.724
3.018384652000022,0.29665,1.74132,10.71271,-0.07822,0.12348,-0.03536,1.83824,2.0996,10.64765,-0.00057,0.7027,-0.02112,83.158,5054.0,25797.737
3.023384652000022,0.34417,1.67106,10.70754,-0.08471,0.13261,-0.03381,1.82649,2.02434,10.62754,-0.00593,0.72542,-0.0146,83.349,5568.457,25791.0
3.028384652000022,0.3917,1.6008,10.70237,-0.09119,0.14173,-0.03226,1.80134,1.90658,10.60489,-0.00878,0.749,-0.00169,83.525,6344.466,25791.0
3.033384652000022,0.43923,1.53053,10.69721,-0.09768,0.15085,-0.03071,1.7762,1.78882,10.58224,-0.01162,0.77258,0.01122,83.73,6605.0,25751.498
3.038384652000022,0.48675,1.46027,10.69204,-0.10417,0.15997,-0.02917,1.75106,1.67106,10.55959,-0.01446,0.79616,0.02413,83.949,6605.0,25692.03
3.043384652000022,0.53428,1.39001,10.68688,-0.11066,0.16909,-0.02762,1.72591,1.5533,10.53695,-0.0173,0.81974,0.03704,84.169,6971.902,25672.0
3.048384652000022,0.58181,1.31975,10.68171,-0.11715,0.17821,-0.02607,1.70077,1.43554,10.5143,-0.02014,0.84331,0.04995,84.389,7525.146,25672.0
3.053384652000022,0.5828,1.28556,10.66118,-0.11618,0.17403,-0.02352,1.40671,1.31935,10.45524,-0.01822,0.84677,0.05608,84.609,7711.0,25729.061
3.058384652000022,0.56025,1.26962,10.63289,-0.11144,0.16312,-0.02047,0.97661,1.20395,10.37778,-0.0139,0.84005,0.05877,84.828,7711.0,25814.987
3.063384652000022,0.5377,1.25369,10.6046,-0.1067,0.15221,-0.01742,0.54651,1.08855,10.30031,-0.00958,0.83333,0.06147,85.048,7746.75,25844.0
3.068384652000022,0.51516,1.23775,10.5763,-0.10196,0.14129,-0.01436,0.11641,0.97315,10.22284,-0.00525,0.82661,0.06417,85.267,7800.725,25844.0
3.073384652000022,0.52266,1.24597,10.56851,-0.09722,0.13038,-0.01131,0.01636,0.97821,10.20453,-0.00093,0.81989,0.06687,85.487,7819.0,25828.451
3.078384652000022,0.54555,1.26655,10.5712,-0.09249,0.11947,-0.00826,0.08526,1.04493,10.2165,0.00339,0.81317,0.06957,85.707,7819.0,25804.943
3.083384652000022,0.56844,1.28713,10.5739,-0.08775,0.10856,-0.00521,0.15416,1.11165,10.22846,0.00772,0.80645,0.07227,85.927,7923.36,25797.0
3.088384652000022,0.59133,1.30772,10.57659,-0.08301,0.09765,-0.00216,0.22306,1.17837,10.24043,0.01204,0.79974,0.07497,86.147,8080.97,25797.0
3.093384652000022,0.61422,1.3283,10.57929,-0.08494,0.0932,0.00142,0.29196,1.24508,10.25239,0.01636,0.79302,0.07767,86.308,8134.0,25747.249
3.0983846520000218,0.63711,1.34888,10.58198,-0.09026,0.09203,0.00525,0.36086,1.3118,10.26436,0.02069,0.7863,0.08037,86.44,8134.0,25672.27
3.103384652000022,0.66,1.36947,10.58468,-0.09558,0.09086,0.00909,0.32419,1.3627,10.27032,0.01695,0.77651,0.08409,86.601,8389.328,25647.0
3.108384652000022,0.68289,1.39005,10.58737,-0.10089,0.08969,0.01292,0.23387,1.40555,10.27323,0.00911,0.76516,0.08834,86.777,8774.452,25647.0
3.113384652000022,0.67101,1.40014,10.58094,-0.10185,0.09346,0.01051,0.14354,1.44841,10.27613,0.00127,0.75382,0.09259,86.952,8904.0,25544.72
3.118384652000022,0.64149,1.40491,10.56989,-0.10059,0.09974,0.00494,0.05322,1.49126,10.27904,-0.00656,0.74247,0.09683,87.128,8904.0,25390.595
3.123384652000022,0.61197,1.40969,10.55884,-0.09933,0.10602,-0.00063,-0.03711,1.53412,10.28195,-0.01032,0.72917,0.09163,87.303,9068.289,25338.0
3.128384652000022,0.58245,1.41446,10.54778,-0.09808,0.11229,-0.00621,-0.12744,1.57697,10.28486,-0.01197,0.71485,0.08152,87.48,9317.685,25338.0
3.133384652000022,0.55294,1.41923,10.53673,-0.09682,0.11857,-0.01178,-0.21776,1.61982,10.28776,-0.01362,0.70053,0.07142,87.626,9767.233,25329.406
3.138384652000022,0.52342,1.424,10.52568,-0.09556,0.12485,-0.01735,-0.30809,1.66268,10.29067,-0.01527,0.68621,0.06132,87.758,10319.009,25316.423
3.143384652000022,0.49193,1.41648,10.5145,-0.09431,0.13113,-0.02292,-0.41269,1.67135,10.28802,-0.01692,0.67189,0.05121,87.89,10507.0,25312.0
3.148384652000022,0.45942,1.4026,10.50327,-0.09305,0.1374,-0.0285,-0.52466,1.66236,10.28249,-0.01857,0.65757,0.04111,88.022,10507.0,25312.0
3.153384652000022,0.42692,1.38872,10.49203,-0.09268,0.14493,-0.03314,-0.63664,1.65337,10.27696,-0.02022,0.64326,0.03101,88.154,10507.0,25231.123
3.158384652000022,0.39441,1.37484,10.4808,-0.09275,0.15309,-0.03732,-0.74861,1.64438,10.27143,-0.02187,0.62894,0.0209,88.286,10507.0,25109.106
3.163384652000022,0.3619,1.36096,10.46956,-0.09282,0.16124,-0.04149,-0.86059,1.63539,10.2659,-0.02352,0.61462,0.0108,88.388,10514.292,25068.0
3.168384652000022,0.32939,1.34708,10.45833,-0.09289,0.1694,-0.04567,-0.97256,1.6264,10.26037,-0.02517,0.6003,0.0007,88.476,10525.288,25068.0
3.173384652000022,0.32851,1.33202,10.4592,-0.09296,0.17756,-0.04984,-0.96797,1.60742,10.25799,-0.02599,0.59014,-0.00688,88.564,10739.316,25067.339
3.178384652000022,0.34374,1.31636,10.46625,-0.09303,0.18572,-0.05402,-0.90399,1.58335,10.25721,-0.02639,0.58211,-0.01316,88.652,11056.782,25066.34
3.183384652000022,0.35897,1.3007,10.47329,-0.0931,0.19388,-0.05819,-0.84001,1.55929,10.25643,-0.02679,0.57407,-0.01945,88.74,11165.0,25066.0
3.188384652000022,0.37419,1.28504,10.48033,-0.09318,0.20203,-0.06237,-0.77603,1.53522,10.25565,-0.02719,0.56604,-0.02574,88.828,11165.0,25066.0
3.193384652000022,0.38942,1.26938,10.48738,-0.09325,0.21019,-0.06654,-0.71205,1.51116,10.25487,-0.0276,0.558,-0.03202,88.887,11165.0,24985.998
3.198384652000022,0.40465,1.25371,10.49442,-0.09332,0.21835,-0.07072,-0.64807,1.48709,10.25409,-0.028,0.54997,-0.03831,88.931,11165.0,24865.45
3.2033846520000218,0.4012,1.24363,10.49042,-0.08998,0.23208,-0.0754,-0.58409,1.46303,10.2533,-0.0284,0.54193,-0.0446,89.003,11509.335,24825.0
3.208384652000022,0.38831,1.23636,10.48085,-0.08493,0.24863,-0.08035,-0.52011,1.43896,10.25252,-0.0288,0.53389,-0.05088,89.09,12027.558,24825.0
3.213384652000022,0.37543,1.22909,10.47128,-0.07987,0.26518,-0.08529,-0.51616,1.38946,10.24477,-0.02892,0.53256,-0.05857,89.15,12212.0,24765.452
3.218384652000022,0.36255,1.22183,10.4617,-0.07482,0.28173,-0.09024,-0.54538,1.3259,10.23316,-0.0289,0.53493,-0.06704,89.194,12212.0,24673.0
3.2233846520000218,0.34966,1.21456,10.45213,-0.06977,0.29828,-0.09518,-0.5746,1.26234,10.22155,-0.02888,0.5373,-0.0755,89.238,12314.965,24642.0
3.228384652000022,0.33678,1.20729,10.44256,-0.06471,0.31482,-0.10013,-0.60382,1.19877,10.20994,-0.02885,0.53967,-0.08396,89.282,12469.87,24642.0
3.233384652000022,0.3239,1.20002,10.43299,-0.05966,0.33137,-0.10508,-0.44025,1.24647,10.23779,-0.02883,0.54204,-0.09243,89.326,12522.0,24545.406
3.238384652000022,0.31101,1.19276,10.42341,-0.0546,0.34792,-0.11002,-0.17891,1.35061,10.28564,-0.0288,0.54441,-0.10089,89.37,12522.0,24399.817
3.243384652000022,0.3181,1.18831,10.44317,-0.05527,0.37003,-0.11432,0.08244,1.45475,10.3335,-0.02878,0.54678,-0.10936,89.414,12875.33,24351.0
3.248384652000022,0.33525,1.18528,10.47772,-0.05882,0.39495,-0.1183,0.34378,1.55889,10.38135,-0.02876,0.54915,-0.11782,89.458,13406.896,24351.0
3.253384652000022,0.35241,1.18225,10.51227,-0.06237,0.41987,-0.12228,0.4545,1.6088,10.41318,-0.03558,0.57332,-0.12156,89.473,13586.0,24262.084
3.258384652000022,0.36957,1.17922,10.54681,-0.06592,0.44478,-0.12626,0.48867,1.63115,10.43686,-0.04589,0.60858,-0.12291,89.473,13586.0,24127.985
3.263384652000022,0.35927,1.19688,10.55506,-0.06947,0.4697,-0.13024,0.52283,1.65351,10.46054,-0.0562,0.64383,-0.12426,89.502,13804.846,24083.0
3.268384652000022,0.33511,1.22497,10.55004,-0.07302,0.49462,-0.13422,0.557,1.67587,10.48422,-0.06651,0.67909,-0.1256,89.546,14134.167,24083.0
3.273384652000022,0.31095,1.25306,10.54501,-0.07657,0.51954,-0.1382,0.59117,1.69822,10.50789,-0.07681,0.71434,-0.12695,89.561,14245.0,23971.666
3.278384652000022,0.28679,1.28116,10.53998,-0.08012,0.54445,-0.14218,0.62534,1.72058,10.53157,-0.08712,0.7496,-0.12829,89.561,14245.0,23803.855
3.283384652000022,0.26263,1.30925,10.53496,-0.08367,0.56937,-0.14616,0.65951,1.74293,10.55525,-0.09267,0.77779,-0.12552,89.561,14576.226,23747.0
3.288384652000022,0.23847,1.33735,10.52993,-0.08722,0.59429,-0.15014,0.69368,1.76529,10.57893,-0.09578,0.80238,-0.12064,89.561,15077.177,23747.0
3.293384652000022,0.21431,1.36544,10.5249,-0.08754,0.63041,-0.15166,0.70765,1.73886,10.57578,-0.09889,0.82696,-0.11576,89.561,15246.0,23606.679
3.298384652000022,0.19015,1.39353,10.51988,-0.08622,0.67222,-0.15192,0.71136,1.68763,10.559,-0.10199,0.85154,-0.11088,89.561,15246.0,23395.031
3.303384652000022,0.16923,1.38353,10.51906,-0.08489,0.71403,-0.15218,0.71507,1.6364,10.54222,-0.1051,0.87612,-0.106,89.561,15449.1,23324.0
3.308384652000022,0.14995,1.35428,10.52037,-0.08357,0.75584,-0.15244,0.71879,1.58517,10.52544,-0.10821,0.90071,-0.10112,89.561,15754.794,23324.0
3.313384652000022,0.13068,1.32503,10.52167,-0.08225,0.79766,-0.15271,0.7225,1.53393,10.50866,-0.11132,0.92529,-0.09624,89.561,15858.0,23015.687
3.318384652000022,0.1114,1.29578,10.52298,-0.08093,0.83947,-0.15297,0.72621,1.4827,10.49188,-0.11443,0.94987,-0.09136,89.561,15858.0,22550.23
3.323384652000022,0.09213,1.26653,10.52429,-0.07961,0.88128,-0.15323,0.71077,1.41999,10.48148,-0.11753,0.97445,-0.08648,89.531,16125.491,22394.0
3.3283846520000218,0.07285,1.23728,10.52559,-0.07828,0.9231,-0.1535,0.68565,1.35147,10.47429,-0.12064,0.99903,-0.08161,89.487,16528.125,22394.0
3.333384652000022,0.0416,1.21513,10.54105,-0.07595,0.96491,-0.14993,0.66054,1.28296,10.46711,-0.11925,1.02354,-0.07596,89.473,16664.0,22394.0
3.338384652000022,0.00425,1.19658,10.5637,-0.0731,1.00672,-0.14442,0.63543,1.21444,10.45993,-0.11556,1.04801,-0.06993,89.473,16664.0,22394.0
3.343384652000022,-0.03309,1.17804,10.58636,-0.07025,1.04853,-0.13891,0.61031,1.14593,10.45275,-0.11188,1.07247,-0.0639,89.473,16664.0,21730.889
3.3483846520000218,-0.07044,1.1595,10.60901,-0.0674,1.09034,-0.13341,0.5852,1.07741,10.44556,-0.10819,1.09694,-0.05787,89.473,16664.0,20732.323
3.353384652000022,-0.10779,1.14096,10.63167,-0.06455,1.13216,-0.1279,0.56008,1.0089,10.43838,-0.10451,1.1214,-0.05184,89.473,16823.948,20394.0
3.358384652000022,-0.14513,1.12242,10.65433,-0.06171,1.17397,-0.12239,0.53497,0.94038,10.4312,-0.10083,1.14587,-0.04581,89.473,17065.856,20394.0
3.363384652000022,-0.18248,1.10387,10.67698,-0.05886,1.21578,-0.11688,0.28697,0.98784,10.53618,-0.09714,1.17034,-0.03978,89.473,17147.0,19870.703
3.368384652000022,-0.21983,1.08533,10.69964,-0.05601,1.25759,-0.11137,-0.07352,1.09383,10.69777,-0.09346,1.1948,-0.03375,89.473,17147.0,19083.282
3.373384652000022,-0.27712,1.09728,10.88971,-0.05929,1.30712,-0.11111,-0.43401,1.19982,10.85937,-0.08977,1.21927,-0.02772,89.473,17365.718,18824.0
3.378384652000022,-0.3442,1.12418,11.16198,-0.06559,1.36042,-0.11343,-0.7945,1.30581,11.02096,-0.08609,1.24374,-0.02169,89.473,17691.811,18824.0
3.383384652000022,-0.41129,1.15109,11.43425,-0.07189,1.41373,-0.11576,-0.78945,1.40973,11.11633,-0.09071,1.28754,-0.03389,89.444,17803.0,18539.528
3.388384652000022,-0.47837,1.178,11.70652,-0.07819,1.46704,-0.11808,-0.59527,1.51259,11.17742,-0.09964,1.34136,-0.05554,89.4,17803.0,18107.875
3.393384652000022,-0.53968,1.23813,11.83226,-0.08914,1.52925,-0.1215,-0.40109,1.61545,11.23852,-0.10857,1.39517,-0.07718,89.385,17990.751,17962.0
3.398384652000022,-0.59803,1.31522,11.88319,-0.10246,1.59599,-0.12549,-0.20691,1.71831,11.29961,-0.11749,1.44898,-0.09882,89.385,18274.339,17962.0
3.403384652000022,-0.65639,1.39231,11.93413,-0.11579,1.66273,-0.12947,-0.01273,1.82117,11.36071,-0.12642,1.5028,-0.12047,89.385,18370.0,17819.605
3.408384652000022,-0.71474,1.4694,11.98507,-0.12911,1.72948,-0.13346,0.18145,1.92403,11.42181,-0.13534,1.55661,-0.14211,89.385,18370.0,17604.727
3.413384652000022,-0.7731,1.54649,12.03601,-0.14244,1.79622,-0.13744,0.37563,2.02689,11.4829,-0.14457,1.62004,-0.14461,89.356,18868.26,17532.0
3.418384652000022,-0.83145,1.62358,12.08694,-0.15576,1.86297,-0.14143,0.56981,2.12975,11.544,-0.15395,1.68839,-0.13732,89.312,19621.437,17532.0
3.423384652000022,-0.88981,1.70067,12.13788,-0.16909,1.92971,-0.14541,0.6042,2.19285,11.63182,-0.16333,1.75673,-0.13004,89.268,19882.0,17032.988
3.428384652000022,-0.94816,1.77776,12.18882,-0.18241,1.99646,-0.1494,0.55408,2.23492,11.73378,-0.17271,1.82508,-0.12275,89.224,19882.0,16270.029
3.4333846520000217,-0.90674,1.84416,12.3212,-0.18542,2.04758,-0.15338,0.50395,2.27699,11.83573,-0.18209,1.89343,-0.11546,89.18,20361.431,16020.0
3.438384652000022,-0.81668,1.90535,12.49327,-0.18339,2.0911,-0.15737,0.45383,2.31906,11.93769,-0.19147,1.96178,-0.10817,89.136,21074.563,16020.0
3.443384652000022,-0.72662,1.96654,12.66534,-0.18136,2.13461,-0.16136,0.4037,2.36113,12.03965,-0.1861,2.0066,-0.10489,89.063,21316.0,15625.968
3.448384652000022,-0.63656,2.02773,12.83742,-0.17933,2.17812,-0.16535,0.35358,2.4032,12.1416,-0.17318,2.03938,-0.10365,88.975,21316.0,15030.25
3.4533846520000218,-0.5465,2.08891,13.00949,-0.1773,2.22164,-0.16934,0.30345,2.44527,12.24356,-0.16026,2.07216,-0.10242,88.916,21661.355,14829.0
3.458384652000022,-0.45644,2.1501,13.18156,-0.17527,2.26515,-0.17333,0.25333,2.48734,12.34552,-0.14735,2.10494,-0.10118,88.872,22182.906,14829.0
3.463384652000022,-0.40924,2.15472,13.30729,-0.17324,2.30866,-0.17732,0.30026,2.32719,12.46898,-0.13443,2.13772,-0.09995,88.799,22359.0,14254.691
3.468384652000022,-0.38389,2.13051,13.4094,-0.17121,2.35218,-0.18131,0.39667,2.06395,12.6034,-0.12151,2.1705,-0.09872,88.71,22359.0,13387.629
3.4733846520000218,-0.35854,2.10629,13.51151,-0.16918,2.39569,-0.18529,0.49309,1.8007,12.73783,-0.1086,2.20328,-0.09748,88.593,22467.208,13105.0
3.478384652000022,-0.33319,2.08207,13.61361,-0.16715,2.4392,-0.18928,0.5895,1.53746,12.87226,-0.09568,2.23607,-0.09625,88.462,22627.745,13105.0
3.483384652000022,-0.30784,2.05786,13.71572,-0.16512,2.48272,-0.19327,0.60944,1.34256,12.84383,-0.08276,2.26885,-0.09501,88.302,22682.0,11520.461
3.488384652000022,-0.28249,2.03364,13.81783,-0.16309,2.52623,-0.19726,0.59036,1.18254,12.73228,-0.06984,2.30163,-0.09378,88.126,22682.0,9127.032
3.493384652000022,-0.25714,2.00943,13.91994,-0.14082,2.60428,-0.21955,0.57127,1.02251,12.62072,-0.04953,2.33258,-0.10308,87.979,22901.61,8319.0
3.498384652000022,-0.23178,1.98521,14.02204,-0.10824,2.69994,-0.25117,0.55218,0.86249,12.50917,-0.02545,2.3626,-0.11776,87.847,23233.15,8319.0
3.503384652000022,-0.26368,1.92552,14.08627,-0.07566,2.7956,-0.28279,0.53309,0.70247,12.39761,-0.00137,2.39262,-0.13244,87.686,23345.0,6765.454
3.508384652000022,-0.32472,1.84777,14.13122,-0.04309,2.89125,-0.31441,0.514,0.54245,12.28606,0.02271,2.42264,-0.14712,87.511,23345.0,4420.95
3.513384652000022,-0.38577,1.77001,14.17617,-0.01051,2.98691,-0.34603,0.62836,0.49507,12.2461,0.0468,2.45266,-0.1618,87.306,23416.112,3626.0
3.518384652000022,-0.44681,1.69226,14.22112,0.02207,3.08257,-0.37765,0.81118,0.50548,12.24287,0.07088,2.48269,-0.17648,87.086,23523.706,3626.0
3.523384652000022,-0.49114,1.66105,14.23656,0.03515,3.17695,-0.3876,0.994,0.51589,12.23964,0.09496,2.51271,-0.19115,86.924,23560.0,2946.627
3.528384652000022,-0.52696,1.65353,14.23699,0.0383,3.2707,-0.38653,1.17683,0.5263,12.23641,0.11904,2.54273,-0.20583,86.791,23560.0,1921.433
3.533384652000022,-0.56278,1.64602,14.23741,0.04146,3.36444,-0.38545,1.35965,0.53672,12.23318,0.14312,2.57275,-0.22051,86.63,23704.207,1586.0
3.5383846520000217,-0.5986,1.6385,14.23784,0.04461,3.45818,-0.38438,1.54247,0.54713,12.22995,0.1672,2.60277,-0.23519,86.456,23918.542,1586.0
3.543384652000022,-0.63443,1.63099,14.23826,0.04776,3.55192,-0.3833,1.31708,0.6018,12.14396,0.19595,2.67817,-0.20687,86.222,23991.0,1378.812
3.548384652000022,-0.67025,1.62347,14.23869,0.05092,3.64566,-0.38223,0.88321,0.67908,12.0157,0.22707,2.77673,-0.1566,85.958,23991.0,1065.812
3.553384652000022,-1.00538,1.52585,14.35508,0.05825,3.68728,-0.37344,0.44934,0.75635,11.88744,0.25819,2.8753,-0.10633,85.664,23915.401,960.0
3.5583846520000217,-1.49338,1.3822,14.5307,0.06772,3.70227,-0.36071,0.01548,0.83363,11.75918,0.28931,2.97387,-0.05606,85.355,23801.194,960.0
3.563384652000022,-1.98137,1.23856,14.70631,0.07719,3.71727,-0.34798,-0.41839,0.91091,11.63092,0.28092,2.99353,-0.04942,85.136,23764.0,825.97
3.568384652000022,-2.46937,1.09491,14.88193,0.08666,3.73226,-0.33525,-0.85226,0.98818,11.50267,0.25344,2.97509,-0.06386,84.962,23764.0,627.21
3.573384652000022,-2.95737,0.95127,15.05755,0.09612,3.74726,-0.32252,-1.28613,1.06546,11.37441,0.22596,2.95666,-0.0783,84.729,23267.826,575.747
3.5783846520000218,-3.44536,0.80762,15.23317,0.10559,3.76226,-0.30979,-1.71999,1.14274,11.24615,0.19849,2.93822,-0.09274,84.466,22512.41,601.244
3.583384652000022,-3.59494,0.75016,15.15955,0.11506,3.77725,-0.29706,-2.61949,1.40441,11.08958,0.17101,2.91978,-0.10718,84.201,22253.0,610.0
3.588384652000022,-3.56753,0.73776,14.95558,0.12453,3.79225,-0.28433,-3.76252,1.76253,10.91821,0.14353,2.90134,-0.12162,83.937,22253.0,610.0
3.593384652000022,-3.54012,0.72537,14.75161,0.134,3.80724,-0.2716,-4.90554,2.12064,10.74684,0.11605,2.8829,-0.13606,83.673,21298.193,610.0
3.5983846520000218,-3.51271,0.71298,14.54764,0.14347,3.82224,-0.25887,-6.04856,2.47876,10.57547,0.08857,2.86446,-0.1505,83.41,19856.823,610.0
3.603384652000022,-3.4853,0.70058,14.34367,0.1363,3.7822,-0.25711,-6.39789,2.59603,10.19751,0.0611,2.84602,-0.16494,83.117,19368.0,453.573
3.608384652000022,-3.45789,0.68819,14.1397,0.12059,3.71391,-0.26098,-6.3399,2.58972,9.71354,0.03362,2.82758,-0.17938,82.809,19368.0,216.871
3.613384652000022,-3.43047,0.6758,13.93573,0.10488,3.64562,-0.26485,-6.28192,2.58341,9.22957,0.00838,2.76179,-0.19503,82.501,15737.912,93.288
3.618384652000022,-3.40306,0.6634,13.73176,0.08917,3.57734,-0.26872,-6.22393,2.5771,8.7456,-0.01571,2.67189,-0.2113,82.194,10259.068,27.314
3.623384652000022,-3.01842,0.66171,13.2187,0.07346,3.50905,-0.27259,-6.16595,2.57079,8.26162,-0.0398,2.58199,-0.22757,81.857,8406.0,5.0
3.628384652000022,-2.45121,0.66547,12.54768,0.05775,3.44076,-0.27646,-6.10796,2.56448,7.77765,-0.06389,2.4921,-0.24383,81.505,8406.0,5.0
3.633384652000022,-1.88399,0.66924,11.87666,0.04204,3.37247,-0.28033,-6.04998,2.55817,7.29368,-0.08798,2.4022,-0.2601,81.154,6393.349,5.0
3.638384652000022,-1.31678,0.67301,11.20564,0.02633,3.30419,-0.2842,-5.99199,2.55185,6.80971,-0.11207,2.3123,-0.27636,80.803,3357.442,5.0
3.6433846520000217,-0.74956,0.67677,10.53462,0.01062,3.2359,-0.28807,-5.47572,2.33408,5.93008,-0.13616,2.2224,-0.29263,80.393,2329.0,16.25
3.648384652000022,-0.18235,0.68054,9.86359,-0.00509,3.16761,-0.29194,-4.72467,2.00797,4.84776,-0.16025,2.1325,-0.30889,79.953,2329.0,33.262
3.653384652000022,0.38486,0.68431,9.19257,-0.02477,3.0297,-0.28996,-3.97361,1.68187,3.76544,-0.18434,2.0426,-0.32516,79.63,1699.426,39.0
3.658384652000022,0.95208,0.68807,8.52155,-0.04648,2.85636,-0.28499,-3.22256,1.35576,2.68312,-0.20843,1.9527,-0.34143,79.367,749.485,39.0
3.6633846520000217,1.66831,0.63538,7.88117,-0.06819,2.68301,-0.28003,-3.32868,1.20265,2.21231,-0.23033,1.75062,-0.35366,79.132,428.0,125.987
3.668384652000022,2.46078,0.55381,7.25645,-0.0899,2.50967,-0.27507,-3.87329,1.13803,2.05432,-0.25112,1.49117,-0.36384,78.912,428.0,257.471
3.673384652000022,3.25324,0.47224,6.63174,-0.11161,2.33632,-0.27011,-4.4179,1.0734,1.89632,-0.2719,1.23171,-0.37402,78.693,359.572,302.0
3.678384652000022,4.04571,0.39067,6.00703,-0.13332,2.16298,-0.26515,-4.9625,1.00878,1.73833,-0.29268,0.97225,-0.3842,78.473,256.102,302.0
3.6833846520000217,4.83817,0.3091,5.38232,-0.15503,1.98963,-0.26019,-5.50711,0.94416,1.58034,-0.31347,0.71279,-0.39437,78.253,221.0,347.634
3.688384652000022,5.63064,0.22752,4.7576,-0.17674,1.81629,-0.25523,-6.05172,0.87954,1.42234,-0.33425,0.45333,-0.40455,78.033,221.0,416.697
3.693384652000022,6.11661,0.13483,4.64392,-0.1906,1.49102,-0.16471,-6.59633,0.81492,1.26435,-0.35625,0.21846,-0.34968,77.843,176.282,440.0
3.698384652000022,6.44651,0.03648,4.79048,-0.20046,1.08838,-0.03062,-7.14094,0.7503,1.10635,-0.37886,-0.0039,-0.26168,77.667,108.792,440.0
3.7033846520000218,6.7764,-0.06188,4.93703,-0.21032,0.68575,0.10346,-6.74128,0.72504,1.14057,-0.40147,-0.22626,-0.17368,77.52,86.0,743.048
3.708384652000022,7.1063,-0.16023,5.08359,-0.22019,0.28312,0.23755,-5.86012,0.71987,1.2728,-0.42408,-0.44862,-0.08567,77.388,86.0,1200.627
3.713384652000022,7.43619,-0.25859,5.23015,-0.23005,-0.11952,0.37164,-4.97896,0.71469,1.40503,-0.44669,-0.67098,0.00233,77.315,59.846,1355.0
3.718384652000022,7.76608,-0.35695,5.37671,-0.23991,-0.52215,0.50573,-4.0978,0.70951,1.53726,-0.4693,-0.89334,0.09033,77.271,20.376,1355.0
3.7233846520000218,7.1397,-0.20251,5.38246,-0.24745,-0.76149,0.53732,-3.21664,0.70433,1.66949,-0.49191,-1.1157,0.17833,77.256,7.0,2287.544
3.728384652000022,6.02314,0.08151,5.31603,-0.2538,-0.91713,0.51638,-2.33548,0.69915,1.80172,-0.51452,-1.33805,0.26633,77.256,7.0,3698.095
3.733384652000022,4.90658,0.36553,5.2496,-0.26016,-1.07277,0.49543,-2.17365,0.6979,1.9182,-0.50879,-1.48049,0.27274,77.285,6.01,4175.0
3.738384652000022,3.79002,0.64955,5.18317,-0.26651,-1.22842,0.47449,-2.37925,0.69865,2.02663,-0.48857,-1.58209,0.23749,77.329,4.513,4175.0
3.743384652000022,3.21172,0.80316,5.16992,-0.27286,-1.38406,0.45355,-2.58485,0.6994,2.13506,-0.46836,-1.68369,0.20223,77.373,4.0,4930.595
3.7483846520000217,2.91457,0.88866,5.18444,-0.27921,-1.5397,0.43261,-2.79044,0.70015,2.24349,-0.44814,-1.7853,0.16697,77.417,4.0,6080.857
3.753384652000022,2.61741,0.97415,5.19897,-0.28556,-1.69534,0.41166,-2.99604,0.7009,2.35192,-0.42793,-1.8869,0.13171,77.432,4.662,6469.0
3.758384652000022,2.32026,1.05965,5.21349,-0.29191,-1.85098,0.39072,-3.20164,0.70165,2.46035,-0.40771,-1.98851,0.09645,77.432,5.662,6469.0
3.763384652000022,2.02311,1.14515,5.22802,-0.29826,-2.00662,0.36978,-3.28099,0.65583,2.5492,-0.3875,-2.09011,0.0612,77.49,6.0,7774.49
3.7683846520000217,1.72595,1.23064,5.24255,-0.30461,-2.16226,0.34884,-3.29592,0.58625,2.62805,-0.36728,-2.19171,0.02594,77.578,6.0,9746.136
3.773384652000022,1.4288,1.31614,5.25707,-0.29641,-2.28232,0.30082,-3.31085,0.51667,2.7069,-0.34101,-2.28992,-0.01628,77.637,5.338,10412.0
3.778384652000022,1.13165,1.40163,5.2716,-0.28078,-2.38424,0.239,-3.32579,0.44708,2.78574,-0.31164,-2.3864,-0.06205,77.68,4.338,10412.0
3.783384652000022,1.05398,1.36138,5.42409,-0.26515,-2.48616,0.17718,-3.34072,0.3775,2.86459,-0.28228,-2.48288,-0.10782,77.724,4.0,11777.719
3.7883846520000217,1.08818,1.25704,5.64689,-0.24953,-2.58807,0.11536,-3.35565,0.30791,2.94344,-0.25291,-2.57935,-0.15358,77.768,4.0,13839.489
3.793384652000022,1.12238,1.1527,5.8697,-0.2339,-2.68999,0.05354,-3.37058,0.23833,3.02229,-0.22355,-2.67583,-0.19935,77.841,3.669,14536.0
3.798384652000022,1.15657,1.04836,6.0925,-0.21827,-2.79191,-0.00828,-3.38551,0.16875,3.10114,-0.19418,-2.7723,-0.24512,77.929,3.169,14536.0
3.803384652000022,1.19077,0.94401,6.31531,-0.20265,-2.89382,-0.0701,-3.55305,0.09086,3.31223,-0.16482,-2.86878,-0.29089,78.017,3.0,15337.391
3.8083846520000217,1.22497,0.83967,6.53811,-0.18702,-2.99574,-0.13192,-3.79885,0.00872,3.59114,-0.13545,-2.96526,-0.33665,78.104,3.0,16549.759
3.813384652000022,1.25917,0.73533,6.76092,-0.16031,-3.1096,-0.13864,-4.04465,-0.07342,3.87004,-0.10936,-3.06943,-0.34121,78.164,3.0,16970.0
3.818384652000022,1.29337,0.63099,6.98372,-0.12772,-3.2298,-0.11611,-4.29046,-0.15556,4.14895,-0.08502,-3.17767,-0.32389,78.208,3.0,16970.0
3.823384652000022,1.26434,0.63034,7.30381,-0.09514,-3.35,-0.09359,-4.0385,-0.20744,4.40855,-0.06067,-3.28592,-0.30658,78.252,3.0,17261.373
3.8283846520000218,1.20332,0.68214,7.67312,-0.06255,-3.4702,-0.07106,-3.53473,-0.24401,4.65838,-0.03632,-3.39417,-0.28927,78.296,3.0,17700.153
3.833384652000022,1.1423,0.73395,8.04242,-0.02996,-3.59039,-0.04854,-3.03096,-0.28058,4.90822,-0.01197,-3.50242,-0.27196,78.369,2.669,17849.0
3.838384652000022,1.08128,0.78575,8.41173,0.00262,-3.71059,-0.02601,-2.52719,-0.31715,5.15805,0.01237,-3.61067,-0.25464,78.457,2.168,17849.0
3.843384652000022,1.02026,0.83756,8.78103,0.03521,-3.83079,-0.00348,-2.02342,-0.35372,5.40788,0.03672,-3.71891,-0.23733,78.515,2.0,18340.398
3.8483846520000218,0.95924,0.88936,9.15034,0.06779,-3.95099,0.01904,-1.51965,-0.39029,5.65772,0.06107,-3.82716,-0.22002,78.559,2.0,19080.68
3.8533846520000217,0.76277,1.02835,9.57655,0.10287,-4.07615,0.0845,-1.41537,-0.36335,5.87533,0.09244,-3.92334,-0.1667,78.603,2.331,19330.0
3.858384652000022,0.49751,1.21161,10.03165,0.13921,-4.20384,0.17177,-1.51396,-0.30414,6.07658,0.12737,-4.0134,-0.0951,78.647,2.831,19330.0
3.863384652000022,0.23224,1.39487,10.48675,0.17556,-4.33153,0.25904,-1.61256,-0.24494,6.27783,0.16231,-4.10345,-0.02349,78.72,3.0,19514.603
3.868384652000022,-0.03302,1.57813,10.94185,0.2119,-4.45921,0.34631,-1.71115,-0.18573,6.47908,0.19724,-4.19351,0.04811,78.808,3.0,19793.339
3.8733846520000217,-0.19381,1.66519,11.41931,0.22221,-4.51813,0.40153,-1.80975,-0.12653,6.68034,0.23218,-4.28357,0.11971,78.867,2.668,19887.0
3.878384652000022,-0.30174,1.70357,11.90808,0.21935,-4.54225,0.44052,-1.90834,-0.06732,6.88159,0.26711,-4.37362,0.19132,78.911,2.169,19887.0
3.883384652000022,-0.40967,1.74195,12.39685,0.21649,-4.56637,0.47952,-2.00694,-0.00812,7.08284,0.27625,-4.42154,0.24508,78.926,2.0,19994.252
3.888384652000022,-0.51759,1.78033,12.88562,0.21363,-4.59049,0.51852,-2.10553,0.05109,7.28409,0.27219,-4.44791,0.28973,78.926,2.0,20156.389
3.8933846520000217,-0.62552,1.81871,13.37439,0.21077,-4.61461,0.55752,-2.05115,0.20158,7.66326,0.26812,-4.47427,0.33437,78.984,2.663,20303.827
3.898384652000022,-0.73345,1.85709,13.86316,0.20791,-4.63873,0.59652,-1.91908,0.39843,8.13278,0.26406,-4.50063,0.37901,79.072,3.663,20443.801
3.903384652000022,-1.03434,1.93904,14.21537,0.20505,-4.66285,0.63551,-1.78701,0.59529,8.60231,0.25999,-4.52699,0.42366,79.102,4.0,20491.0
3.908384652000022,-1.4334,2.04316,14.4981,0.20219,-4.68697,0.67451,-1.65494,0.79214,9.07183,0.25593,-4.55335,0.4683,79.102,4.0,20491.0
3.9133846520000217,-1.83246,2.14728,14.78084,0.19933,-4.71109,0.71351,-1.52287,0.989,9.54136,0.25187,-4.57972,0.51294,79.13,3.342,20491.0
3.918384652000022,-2.23153,2.2514,15.06357,0.19646,-4.73521,0.75251,-1.3908,1.18585,10.01089,0.2478,-4.60608,0.55758,79.174,2.349,20491.0
3.923384652000022,-2.63059,2.35551,15.34631,0.1936,-4.75933,0.79151,-1.48341,1.36726,10.38399,0.24374,-4.63244,0.60223,79.189,2.0,20529.525
3.928384652000022,-3.02965,2.45963,15.62904,0.19074,-4.78345,0.8305,-1.69775,1.5403,10.70484,0.23967,-4.6588,0.64687,79.189,2.0,20588.924
3.9333846520000217,-3.42871,2.56375,15.91178,0.16807,-4.74935,0.78746,-1.91209,1.71334,11.0257,0.22691,-4.64995,0.62133,79.219,2.0,20609.0
3.938384652000022,-3.82778,2.66787,16.19451,0.13528,-4.68552,0.70252,-2.12644,1.88638,11.34656,0.20971,-4.62312,0.55996,79.262,2.0,20609.0
3.943384652000022,-4.27356,2.6937,16.40309,0.10249,-4.6217,0.61758,-2.34078,2.05942,11.66741,0.1925,-4.59629,0.49858,79.277,2.0,20500.382
3.948384652000022,-4.74326,2.67949,16.57373,0.0697,-4.55787,0.53264,-2.55513,2.23246,11.98827,0.1753,-4.56946,0.43721,79.277,2.0,20336.195
3.9533846520000218,-5.21295,2.66527,16.74437,0.05346,-4.50089,0.42566,-2.76947,2.4055,12.30912,0.1581,-4.54263,0.37584,79.277,2.0,20281.0
3.9583846520000217,-5.68265,2.65105,16.91502,0.04561,-4.44737,0.30752,-2.98381,2.57854,12.62998,0.14089,-4.51579,0.31447,79.277,2.0,20281.0
3.963384652000022,-6.15234,2.63683,17.08566,0.03776,-4.39385,0.18939,-3.38731,2.83623,13.01139,0.12369,-4.48896,0.25309,79.306,2.0,20288.951
3.968384652000022,-6.62204,2.62261,17.2563,0.02991,-4.34034,0.07125,-3.88718,3.13705,13.42365,0.10649,-4.46213,0.19172,79.35,2.0,20300.953
3.9733846520000218,-7.09173,2.6084,17.42694,0.02207,-4.28682,-0.04689,-4.38704,3.43787,13.83592,0.08929,-4.4353,0.13035,79.365,2.994,20158.159
3.9783846520000217,-7.56143,2.59418,17.59758,0.01422,-4.2333,-0.16503,-4.8869,3.73868,14.24818,0.07208,-4.40847,0.06897,79.365,4.495,19936.598
3.983384652000022,-7.82948,2.45977,17.52651,0.00637,-4.17978,-0.28317,-4.86356,3.68444,14.32521,0.06094,-4.33183,-0.06287,79.365,5.0,19862.0
3.988384652000022,-7.99517,2.26435,17.33275,-0.00148,-4.12627,-0.4013,-4.57463,3.44996,14.23207,0.05288,-4.2299,-0.23047,79.365,5.0,19862.0
3.993384652000022,-8.16087,2.06893,17.13899,-0.00933,-4.07275,-0.51944,-4.28571,3.21548,14.13893,0.04481,-4.12797,-0.39808,79.365,3.675,19862.0
3.9983846520000217,-8.32657,1.8735,16.94522,-0.01718,-4.01923,-0.63758,-3.99678,2.981,14.0458,0.03674,-4.02605,-0.56569,79.365,1.675,19862.0
4.003384652000022,-8.3236,1.8354,16.6701,-0.0044,-3.92719,-0.67511,-3.70786,2.74652,13.95266,0.02868,-3.92412,-0.7333,79.365,1.0,19814.972
4.0083846520000215,-8.23461,1.87756,16.35348,0.01891,-3.81549,-0.67152,-3.41893,2.51204,13.85952,0.02061,-3.82219,-0.90091,79.365,1.0,19743.955
4.013384652000022,-8.14561,1.91971,16.03685,0.04221,-3.70379,-0.66793,-3.13,2.27756,13.76639,0.04028,-3.70537,-0.93312,79.394,1.666,19701.354
4.018384652000022,-8.05661,1.96186,15.72022,0.06552,-3.5921,-0.66434,-2.84108,2.04308,13.67325,0.07406,-3.58096,-0.89642,79.439,2.671,19673.218
4.023384652000022,-7.96761,2.00401,15.4036,0.08882,-3.4804,-0.66075,-2.45082,1.75043,13.4841,0.10784,-3.45655,-0.85972,79.453,3.0,19664.0
4.028384652000022,-7.87862,2.04616,15.08697,0.11212,-3.3687,-0.65716,-2.01118,1.42943,13.24818,0.14162,-3.33214,-0.82302,79.453,3.0,19664.0
4.033384652000022,-7.78962,2.08832,14.77035,0.13543,-3.257,-0.65357,-1.57155,1.10844,13.01225,0.1754,-3.20773,-0.78632,79.453,-0.31,19664.0
4.038384652000022,-7.70062,2.13047,14.45372,0.15873,-3.14531,-0.64998,-1.13191,0.78744,12.77632,0.20918,-3.08332,-0.74962,79.453,-5.306,19664.0
4.043384652000022,-7.97384,2.16559,13.81546,0.1831,-3.00482,-0.60675,-0.69227,0.46645,12.54039,0.24296,-2.9589,-0.71292,79.453,-7.0,19506.611
4.0483846520000215,-8.4329,2.1971,13.01217,0.20802,-2.84957,-0.54317,-0.25264,0.14545,12.30447,0.27674,-2.83449,-0.67623,79.453,-7.0,19268.466
4.053384652000022,-8.89197,2.22861,12.20888,0.23294,-2.69432,-0.4796,0.00896,-0.00703,12.1606,0.29995,-2.61504,-0.58963,79.453,-3.037,19255.696
4.058384652000022,-9.35103,2.26012,11.40558,0.25785,-2.53906,-0.41602,0.17971,-0.07352,12.06371,0.31777,-2.34709,-0.47758,79.453,2.948,19357.939
4.063384652000022,-9.72427,2.08932,11.01987,0.28277,-2.38381,-0.35245,0.35046,-0.14,11.96683,0.3356,-2.07913,-0.36553,79.453,5.0,19393.0
4.068384652000022,-10.05272,1.81295,10.85209,0.30769,-2.22856,-0.28887,0.5212,-0.20649,11.86994,0.35342,-1.81118,-0.25348,79.453,5.0,19393.0
4.073384652000022,-10.38117,1.53657,10.68431,0.3326,-2.07331,-0.22529,0.69195,-0.27297,11.77305,0.37124,-1.54323,-0.14143,79.453,3.66,19393.0
4.078384652000022,-10.70962,1.26019,10.51653,0.35752,-1.91805,-0.16172,0.8627,-0.33946,11.67617,0.38906,-1.27527,-0.02938,79.453,1.674,19393.0
4.083384652000022,-11.03807,0.98382,10.34875,0.38243,-1.7628,-0.09814,0.82121,-0.33174,11.68505,0.38949,-1.05391,0.0713,79.453,1.0,19445.508
4.0883846520000215,-11.36652,0.70744,10.18096,0.40735,-1.60755,-0.03457,0.6707,-0.2859,11.74825,0.38099,-0.85646,0.16613,79.453,1.0,19524.985
4.093384652000021,-11.69497,0.43107,10.01318,0.40356,-1.37102,0.03867,0.5202,-0.24006,11.81146,0.37248,-0.65902,0.26096,79.395,1.66,19552.0
4.098384652000022,-12.02342,0.15469,9.8454,0.385,-1.09264,0.11689,0.36969,-0.19421,11.87467,0.36397,-0.46158,0.3558,79.307,2.66,19552.0
4.103384652000022,-12.72123,-0.04506,10.12973,0.36643,-0.81426,0.19512,0.21919,-0.14837,11.93788,0.35547,-0.26414,0.45063,79.219,3.0,19976.661
4.108384652000022,-13.6091,-0.20539,10.64671,0.34787,-0.53588,0.27334,0.06868,-0.10253,12.00108,0.34696,-0.0667,0.54547,79.131,3.0,20619.849
4.113384652000022,-14.49698,-0.36572,11.16369,0.3293,-0.2575,0.35156,0.25663,-0.21899,12.60005,0.33846,0.13074,0.6403,79.043,2.669,20837.0
4.118384652000022,-15.38485,-0.52604,11.68067,0.31074,0.02088,0.42978,0.61709,-0.41817,13.4721,0.32995,0.32818,0.73513,78.955,2.169,20837.0
4.123384652000022,-16.27273,-0.68637,12.19765,0.29217,0.29926,0.508,0.97755,-0.61735,14.34415,0.32144,0.52562,0.82997,78.838,2.0,21787.844
4.128384652000022,-17.1606,-0.8467,12.71464,0.27361,0.57764,0.58622,1.33801,-0.81654,15.2162,0.31294,0.72306,0.9248,78.707,2.0,23222.004
4.1333846520000215,-18.04848,-1.00702,13.23162,0.21641,0.80749,0.58364,1.69847,-1.01572,16.08825,0.30443,0.9205,1.01964,78.574,3.332,23708.0
4.138384652000022,-18.93635,-1.16735,13.7486,0.13941,1.01247,0.53964,2.05893,-1.2149,16.9603,0.29593,1.11794,1.11447,78.442,5.347,23708.0
4.143384652000022,-16.94873,-1.20026,13.90859,0.06241,1.21746,0.49564,1.90177,-0.7759,16.59622,0.24453,1.28703,0.94942,78.31,6.0,24113.054
4.148384652000022,-13.58108,-1.17201,13.89724,-0.01459,1.42244,0.45165,1.49619,-0.03061,15.63888,0.17255,1.44252,0.65964,78.179,6.0,24712.504
4.153384652000022,-10.21342,-1.14377,13.8859,-0.09159,1.62742,0.40765,1.09061,0.71468,14.68155,0.10057,1.598,0.36986,77.989,2.689,24915.0
4.158384652000022,-6.84577,-1.11552,13.87456,-0.16859,1.8324,0.36365,0.68502,1.45997,13.72421,0.02859,1.75349,0.08008,77.77,-2.311,24915.0
4.163384652000022,-3.47811,-1.08727,13.86322,-0.24559,2.03738,0.31966,0.27944,2.20525,12.76687,0.01139,1.80886,-0.02342,77.608,-4.0,25174.2
4.168384652000022,-0.11045,-1.05903,13.85187,-0.32259,2.24236,0.27566,-0.12614,2.95054,11.80953,0.02215,1.81314,-0.03187,77.476,-4.0,25565.679
4.1733846520000215,1.20865,-0.88299,13.42653,-0.31043,2.2913,0.21688,-0.03811,2.83546,11.18028,0.0329,1.81742,-0.04031,77.402,-2.009,25697.0
4.178384652000021,1.49372,-0.63234,12.79221,-0.25327,2.26148,0.15065,0.29908,2.2861,10.71663,0.04366,1.82171,-0.04876,77.359,0.987,25697.0
4.183384652000022,1.77878,-0.3817,12.1579,-0.1961,2.23165,0.08441,0.63627,1.73674,10.25298,0.05441,1.82599,-0.0572,77.344,2.0,25800.276
4.188384652000022,2.06384,-0.13105,11.52358,-0.13894,2.20182,0.01817,0.97346,1.18737,9.78933,0.06517,1.83027,-0.06565,77.344,2.0,25956.303
4.193384652000022,2.3489,0.11959,10.88926,-0.08178,2.172,-0.04806,1.31064,0.63801,9.32568,0.07592,1.83455,-0.0741,77.344,0.353,26009.0
4.198384652000022,2.63396,0.37024,10.25494,-0.02461,2.14217,-0.1143,1.64783,0.08864,8.86203,0.08668,1.83884,-0.08254,77.344,-2.133,26009.0
4.203384652000022,2.50504,0.50272,10.48225,0.00879,2.01848,-0.14423,1.98502,-0.46072,8.39838,0.09743,1.84312,-0.09099,77.401,-3.0,25922.5
4.208384652000022,2.15436,0.5719,11.17109,0.02947,1.84451,-0.15471,2.32221,-1.01008,7.93473,0.10819,1.8474,-0.09943,77.49,-3.0,25789.666
4.2133846520000215,1.80368,0.64108,11.85993,0.05016,1.67055,-0.16519,1.35686,-0.94939,8.14411,0.11282,1.77119,-0.14045,77.578,-3.0,25745.0
4.218384652000021,1.453,0.71026,12.54877,0.07084,1.49658,-0.17567,-0.26835,-0.57964,8.69444,0.11436,1.65419,-0.19797,77.666,-3.0,25745.0
4.223384652000022,1.30142,0.81769,12.67727,0.09152,1.32262,-0.18615,-1.89356,-0.20989,9.24477,0.1159,1.53719,-0.25549,77.784,-1.995,25745.0
4.228384652000022,1.2466,0.94371,12.53348,0.1122,1.14865,-0.19663,-3.51877,0.15985,9.7951,0.11743,1.4202,-0.31302,77.915,-0.502,25745.0
4.233384652000022,1.19177,1.06973,12.3897,0.13288,0.97469,-0.20711,-3.95098,0.46548,9.92531,0.11897,1.3032,-0.37054,78.017,0.0,25765.893
4.238384652000022,1.13694,1.19574,12.24591,0.15356,0.80072,-0.21759,-3.77962,0.73867,9.84295,0.1205,1.1862,-0.42806,78.105,0.0,25797.357
4.243384652000022,1.08212,1.32176,12.10213,0.1535,0.70534,-0.21247,-3.60825,1.01186,9.7606,0.12204,1.0692,-0.48558,78.222,1.325,25808.0
4.248384652000022,1.02729,1.44777,11.95834,0.14283,0.65012,-0.19938,-3.43688,1.28504,9.67824,0.12358,0.95221,-0.5431,78.354,3.327,25808.0
4.253384652000022,0.97246,1.57379,11.81456,0.13216,0.59491,-0.18629,-3.26551,1.55823,9.59588,0.11828,0.90054,-0.5378,78.457,4.0,25749.933
4.2583846520000215,0.91763,1.6998,11.67077,0.12149,0.53969,-0.17319,-3.09415,1.83142,9.51353,0.10953,0.88197,-0.50068,78.545,4.0,25662.449
4.263384652000022,0.96894,1.78419,11.4654,0.11082,0.48448,-0.1601,-2.92278,2.1046,9.43117,0.10077,0.8634,-0.46356,78.691,4.0,25633.0
4.268384652000022,1.0741,1.84745,11.22878,0.10015,0.42926,-0.147,-2.75141,2.37779,9.34881,0.09202,0.84483,-0.42643,78.866,4.0,25633.0
4.273384652000022,1.17925,1.91071,10.99216,0.08948,0.37405,-0.13391,-2.16507,2.40935,9.35024,0.08326,0.82626,-0.38931,78.984,4.0,25678.116
4.278384652000022,1.28441,1.97397,10.75554,0.07881,0.31883,-0.12081,-1.36662,2.3174,9.3945,0.07451,0.80769,-0.35219,79.071,4.0,25746.294
4.283384652000022,1.38957,2.03723,10.51892,0.07575,0.28481,-0.11557,-0.56817,2.22545,9.43876,0.06575,0.78912,-0.31506,79.159,3.672,25770.0
4.288384652000022,1.49473,2.10049,10.28231,0.07674,0.2621,-0.11451,0.23027,2.1335,9.48302,0.05699,0.77055,-0.27794,79.248,3.17,25770.0
4.293384652000022,1.43816,2.05608,10.21951,0.07774,0.23939,-0.11345,1.02872,2.04155,9.52728,0.04824,0.75197,-0.24082,79.336,3.331,25818.398
4.2983846520000215,1.29924,1.95685,10.24522,0.07873,0.21667,-0.11239,1.82717,1.9496,9.57154,0.03948,0.7334,-0.2037,79.424,3.832,25891.438
4.303384652000021,1.16032,1.85763,10.27092,0.07973,0.19396,-0.11133,1.86043,1.80261,9.6039,0.04813,0.68927,-0.19444,79.511,4.0,25916.0
4.308384652000022,1.02141,1.7584,10.29663,0.08072,0.17125,-0.11027,1.50597,1.62772,9.63022,0.06559,0.6322,-0.1993,79.599,4.0,25916.0
4.313384652000022,0.88249,1.65917,10.32233,0.08171,0.14853,-0.10921,1.15152,1.45283,9.65654,0.08305,0.57512,-0.20416,79.716,4.0,25987.098
4.318384652000022,0.74358,1.55994,10.34804,0.08271,0.12582,-0.10815,0.79707,1.27794,9.68287,0.1005,0.51804,-0.20903,79.848,4.0,26094.409
4.323384652000022,0.60466,1.46072,10.37374,0.0837,0.10311,-0.10708,0.44261,1.10305,9.70919,0.11796,0.46096,-0.21389,79.979,4.0,26131.0
4.328384652000022,0.46574,1.36149,10.39944,0.08469,0.08039,-0.10602,0.08816,0.92816,9.73552,0.13542,0.40388,-0.21875,80.111,4.0,26131.0
4.333384652000022,0.309,1.27391,10.45776,0.09019,0.06128,-0.09844,-0.26629,0.75328,9.76184,0.14488,0.391,-0.20936,80.214,4.0,26139.536
4.3383846520000215,0.14281,1.19252,10.53335,0.09807,0.04408,-0.08741,-0.62075,0.57839,9.78817,0.1501,0.40155,-0.19241,80.302,4.0,26152.596
4.343384652000021,-0.02338,1.11112,10.60895,0.10596,0.02688,-0.07637,-0.56203,0.53646,9.85914,0.15532,0.4121,-0.17547,80.419,4.0,26157.0
4.348384652000022,-0.18958,1.02973,10.68454,0.11384,0.00967,-0.06533,-0.29312,0.56218,9.95283,0.16053,0.42265,-0.15852,80.551,4.0,26157.0
4.353384652000022,-0.2624,1.02622,10.71656,0.11135,0.00115,-0.05773,-0.0242,0.58789,10.04652,0.16575,0.43319,-0.14157,80.712,3.337,26157.0
4.358384652000022,-0.28763,1.06243,10.72635,0.10358,-0.00294,-0.05187,0.24472,0.61361,10.14021,0.17097,0.44374,-0.12463,80.888,2.336,26157.0
4.363384652000022,-0.31286,1.09863,10.73615,0.0958,-0.00704,-0.04602,0.51363,0.63932,10.2339,0.17619,0.45429,-0.10768,81.035,2.0,26139.416
4.368384652000022,-0.3381,1.13483,10.74595,0.08803,-0.01113,-0.04017,0.78255,0.66504,10.32758,0.18141,0.46484,-0.09073,81.167,2.0,26112.93
4.373384652000022,-0.36333,1.17103,10.75575,0.08025,-0.01523,-0.03432,0.77864,0.8787,10.40673,0.16905,0.47848,-0.06737,81.298,2.0,26104.0
4.378384652000022,-0.38857,1.20723,10.76555,0.07248,-0.01932,-0.02846,0.63593,1.18797,10.47849,0.14774,0.4937,-0.04075,81.43,2.0,26104.0
4.3833846520000215,-0.38786,1.26287,10.7629,0.0647,-0.02342,-0.02261,0.49323,1.49724,10.55024,0.12644,0.50892,-0.01413,81.649,152.239,26104.0
4.388384652000021,-0.37388,1.32846,10.75388,0.05693,-0.02751,-0.01676,0.35053,1.80651,10.622,0.10514,0.52414,0.01249,81.913,379.366,26104.0
4.393384652000022,-0.3599,1.39404,10.74486,0.04915,-0.03161,-0.0109,0.40962,1.94653,10.63438,0.08383,0.53936,0.03912,82.148,456.0,26095.713
4.398384652000022,-0.34591,1.45963,10.73584,0.04138,-0.0357,-0.00505,0.57146,2.00034,10.61653,0.06253,0.55458,0.06574,82.367,456.0,26083.207
4.403384652000022,-0.33193,1.52522,10.72682,0.0336,-0.0398,0.0008,0.73331,2.05416,10.59868,0.05255,0.57064,0.07677,82.558,387.723,26079.0
4.408384652000022,-0.31795,1.59081,10.7178,0.02583,-0.04389,0.00666,0.89515,2.10798,10.58083,0.04831,0.58713,0.0799,82.734,284.836,26079.0
4.413384652000022,-0.30397,1.6564,10.70878,0.01101,-0.04272,0.01185,1.057,2.1618,10.56297,0.04407,0.60363,0.08303,82.938,250.0,26075.364
4.418384652000022,-0.28999,1.72198,10.69976,-0.00741,-0.03886,0.01671,1.21884,2.21562,10.54512,0.03983,0.62012,0.08615,83.158,250.0,26069.867
4.4233846520000215,-0.24404,1.72967,10.67684,-0.02583,-0.035,0.02157,1.24403,2.19124,10.52198,0.03559,0.63661,0.08928,83.349,312.776,26068.0
4.428384652000021,-0.18164,1.70757,10.64678,-0.04426,-0.03114,0.02643,1.19892,2.12663,10.49613,0.03134,0.6531,0.09241,83.524,407.847,26068.0
4.433384652000022,-0.11925,1.68547,10.61672,-0.06268,-0.02728,0.03129,1.1538,2.06202,10.47027,0.0271,0.66959,0.09554,83.729,440.0,26097.779
4.438384652000022,-0.05685,1.66337,10.58666,-0.0811,-0.02342,0.03615,1.10869,1.99741,10.44441,0.02286,0.68608,0.09866,83.949,440.0,26142.776
4.443384652000022,0.00555,1.64127,10.5566,-0.08756,-0.01762,0.03735,1.06357,1.9328,10.41855,0.01862,0.70258,0.10179,84.197,414.066,26158.0
4.448384652000022,0.06794,1.61917,10.52654,-0.0879,-0.01084,0.03668,1.01846,1.86819,10.3927,0.01438,0.71907,0.10492,84.458,374.87,26158.0
4.453384652000022,0.12914,1.57996,10.50549,-0.08824,-0.00405,0.03602,0.97334,1.80358,10.36684,0.01014,0.73556,0.10805,84.694,495.202,26128.684
4.458384652000022,0.18968,1.53138,10.48936,-0.08858,0.00273,0.03535,0.92823,1.73898,10.34098,0.0059,0.75205,0.11117,84.915,702.9,26083.313
4.4633846520000215,0.25022,1.48281,10.47324,-0.08893,0.00952,0.03469,0.88156,1.63289,10.31303,0.00805,0.76276,0.11187,85.107,773.0,26068.0
4.468384652000021,0.31076,1.43423,10.45712,-0.08927,0.0163,0.03402,0.83411,1.50566,10.28402,0.01347,0.77053,0.11132,85.283,773.0,26068.0
4.473384652000022,0.3713,1.38566,10.441,-0.08961,0.02308,0.03336,0.78666,1.37844,10.255,0.01889,0.7783,0.11077,85.546,773.0,26046.126
4.478384652000022,0.43184,1.33708,10.42488,-0.08995,0.02987,0.03269,0.73921,1.25122,10.22599,0.0243,0.78607,0.11022,85.853,773.0,26013.175
4.483384652000022,0.49238,1.28851,10.40876,-0.09029,0.03665,0.03202,0.69175,1.12399,10.19697,0.02972,0.79383,0.10967,86.102,1152.048,26002.0
4.488384652000022,0.55291,1.23993,10.39264,-0.09063,0.04344,0.03136,0.6443,0.99677,10.16796,0.03513,0.8016,0.10912,86.322,1725.621,26002.0
4.493384652000022,0.59788,1.23277,10.38655,-0.08576,0.0511,0.02511,0.58082,0.98009,10.15956,0.03721,0.79969,0.09617,86.455,2248.046,26039.038
4.498384652000022,0.63493,1.24668,10.38558,-0.07824,0.05922,0.01603,0.50919,1.01965,10.16165,0.03759,0.79286,0.0769,86.542,2744.456,26094.916
4.503384652000022,0.67197,1.26059,10.3846,-0.07071,0.06733,0.00694,0.43756,1.0592,10.16373,0.03797,0.78602,0.05764,86.717,2914.0,26114.0
4.5083846520000215,0.70902,1.2745,10.38362,-0.06319,0.07544,-0.00215,0.36593,1.09875,10.16582,0.03835,0.77919,0.03837,86.938,2914.0,26114.0
4.513384652000021,0.74606,1.2884,10.38265,-0.05566,0.08356,-0.01123,0.2943,1.1383,10.16791,0.03873,0.77236,0.01911,87.128,2914.0,26029.516
4.518384652000022,0.78311,1.30231,10.38167,-0.04814,0.09167,-0.02032,0.22267,1.17785,10.17,0.03911,0.76552,-0.00016,87.304,2914.0,25902.345
4.523384652000022,0.83071,1.30139,10.39512,-0.04668,0.1022,-0.02639,0.15104,1.21741,10.17208,0.03949,0.75869,-0.01942,87.479,3525.456,25859.0
4.528384652000022,0.88376,1.2928,10.41603,-0.04835,0.11397,-0.03092,0.07941,1.25696,10.17417,0.03987,0.75185,-0.03869,87.656,4453.088,25859.0
4.533384652000022,0.93682,1.28422,10.43694,-0.05003,0.12574,-0.03544,0.09753,1.30992,10.19924,0.03838,0.74578,-0.04892,87.802,4765.0,25876.576
4.538384652000022,0.98987,1.27563,10.45785,-0.0517,0.13751,-0.03996,0.16112,1.36969,10.23595,0.03596,0.74008,-0.05457,87.934,4765.0,25903.056
4.543384652000022,1.00243,1.27972,10.47294,-0.05338,0.14929,-0.04448,0.2247,1.42945,10.27266,0.03353,0.73439,-0.06022,88.065,4765.0,25912.0
4.5483846520000215,0.99432,1.29029,10.48506,-0.05505,0.16106,-0.049,0.28829,1.48921,10.30938,0.0311,0.7287,-0.06588,88.196,4765.0,25912.0
4.553384652000021,0.98622,1.30085,10.49718,-0.05673,0.17283,-0.05353,0.35188,1.54898,10.34609,0.02867,0.723,-0.07153,88.3,5770.673,25861.749
4.558384652000022,0.97812,1.31141,10.50931,-0.0584,0.1846,-0.05805,0.41546,1.60874,10.3828,0.02625,0.71731,-0.07718,88.388,7323.15,25784.176
4.563384652000022,0.97002,1.32197,10.52143,-0.06008,0.19638,-0.06257,0.32024,1.62094,10.40176,0.02382,0.71162,-0.08284,88.505,8269.094,25758.0
4.568384652000022,0.96191,1.33253,10.53355,-0.06176,0.20815,-0.06709,0.14413,1.60891,10.41169,0.02139,0.70592,-0.08849,88.636,8906.15,25758.0
4.573384652000022,0.95381,1.34309,10.54567,-0.06346,0.22446,-0.07514,-0.03198,1.59688,10.42161,0.01896,0.70023,-0.09414,88.739,9125.0,25694.6
4.578384652000022,0.94571,1.35366,10.55779,-0.06519,0.24315,-0.08503,-0.20809,1.58486,10.43153,0.01654,0.69454,-0.0998,88.827,9125.0,25598.023
4.583384652000022,0.93221,1.35894,10.56444,-0.06692,0.26184,-0.09493,-0.25596,1.57434,10.43857,0.01219,0.68323,-0.10397,88.915,9125.0,25565.0
4.5883846520000215,0.9159,1.36149,10.56823,-0.06865,0.28053,-0.10482,-0.2372,1.5646,10.4441,0.00685,0.669,-0.10739,89.004,9125.0,25565.0
4.593384652000021,0.8996,1.36404,10.57202,-0.06786,0.29105,-0.10772,-0.21844,1.55486,10.44964,0.00151,0.65478,-0.1108,89.091,9426.775,25565.0
4.598384652000021,0.88329,1.36658,10.57581,-0.06581,0.29744,-0.10707,-0.19967,1.54513,10.45518,-0.00384,0.64055,-0.11421,89.179,9881.348,25565.0
4.603384652000022,0.86698,1.36913,10.57961,-0.06375,0.30383,-0.10642,-0.18091,1.53539,10.46071,-0.00918,0.62632,-0.11763,89.267,10040.0,25498.852
4.608384652000022,0.85068,1.37168,10.5834,-0.06169,0.31022,-0.10577,-0.16215,1.52565,10.46625,-0.01452,0.6121,-0.12104,89.356,10040.0,25397.241
4.613384652000022,0.83437,1.37422,10.58719,-0.05964,0.31662,-0.10512,-0.17273,1.49928,10.46416,-0.01643,0.60716,-0.11904,89.414,10769.693,25354.971
4.618384652000022,0.81806,1.37677,10.59099,-0.05758,0.32301,-0.10447,-0.19757,1.46483,10.45836,-0.01667,0.60673,-0.1144,89.458,11854.162,25341.552
4.623384652000022,0.74626,1.34371,10.58891,-0.05553,0.3294,-0.10382,-0.22241,1.43037,10.45256,-0.01691,0.60631,-0.10976,89.531,12222.0,25337.0
4.628384652000022,0.64597,1.29238,10.58383,-0.05347,0.33579,-0.10318,-0.24725,1.39591,10.44677,-0.01715,0.60589,-0.10512,89.619,12222.0,25337.0
4.6333846520000215,0.54568,1.24104,10.57875,-0.05141,0.34218,-0.10253,-0.27209,1.36146,10.44097,-0.01739,0.60546,-0.10048,89.707,12221.008,25337.0
4.638384652000021,0.44539,1.18971,10.57367,-0.04936,0.34857,-0.10188,-0.29693,1.327,10.43517,-0.01763,0.60504,-0.09584,89.794,12219.507,25337.0
4.643384652000022,0.40187,1.18408,10.57363,-0.05147,0.35971,-0.10409,-0.32177,1.29254,10.42937,-0.01787,0.60461,-0.0912,89.853,12219.0,25158.743
4.648384652000022,0.38732,1.20178,10.57618,-0.0557,0.37326,-0.10777,-0.34661,1.25809,10.42358,-0.01812,0.60419,-0.08656,89.897,12219.0,24889.497
4.653384652000022,0.37278,1.21948,10.57873,-0.05994,0.38682,-0.11144,-0.34519,1.34727,10.43963,-0.02255,0.60971,-0.0867,89.941,12981.872,24799.0
4.658384652000022,0.35824,1.23719,10.58128,-0.06418,0.40037,-0.11512,-0.33048,1.49904,10.46675,-0.02912,0.61825,-0.08926,89.985,14130.973,24799.0
4.663384652000022,0.3437,1.25489,10.58382,-0.06841,0.41393,-0.11879,-0.31577,1.65082,10.49387,-0.03568,0.62679,-0.09182,90.029,14535.0,24756.846
4.668384652000022,0.32915,1.27259,10.58637,-0.07265,0.42749,-0.12246,-0.30106,1.80259,10.52098,-0.04224,0.63533,-0.09438,90.073,14535.0,24691.833
4.6733846520000215,0.31461,1.29029,10.58892,-0.07689,0.44104,-0.12614,-0.29777,1.81989,10.51575,-0.0488,0.64386,-0.09694,90.117,14544.297,24670.0
4.678384652000021,0.30007,1.30799,10.59146,-0.08112,0.4546,-0.12981,-0.30025,1.76919,10.49415,-0.05537,0.6524,-0.0995,90.161,14558.295,24670.0
4.683384652000022,0.28552,1.3257,10.59401,-0.08536,0.46815,-0.13349,-0.30273,1.71849,10.47255,-0.06193,0.66094,-0.10206,90.205,14563.0,24532.783
4.688384652000022,0.27098,1.3434,10.59656,-0.08959,0.48171,-0.13716,-0.30521,1.66779,10.45095,-0.06849,0.66948,-0.10462,90.249,14563.0,24326.082
4.693384652000022,0.24556,1.33578,10.58554,-0.0927,0.50549,-0.13744,-0.30769,1.61709,10.42935,-0.07647,0.68534,-0.10335,90.293,14978.19,24256.0
4.698384652000022,0.21456,1.31518,10.56756,-0.09523,0.53451,-0.13598,-0.31017,1.56639,10.40776,-0.08517,0.70495,-0.10011,90.337,15606.364,24256.0
4.703384652000022,0.18355,1.29458,10.54958,-0.09775,0.56353,-0.13451,-0.31586,1.55615,10.41057,-0.09386,0.72457,-0.09687,90.352,15818.0,24205.62
4.708384652000022,0.15255,1.27397,10.5316,-0.10028,0.59255,-0.13305,-0.32317,1.56646,10.42579,-0.10256,0.74419,-0.09363,90.352,15818.0,24129.643
4.7133846520000215,0.12155,1.25337,10.51362,-0.10281,0.62157,-0.13158,-0.33048,1.57676,10.44101,-0.11126,0.7638,-0.09039,90.381,16048.082,24104.0
4.718384652000021,0.09054,1.23277,10.49564,-0.10533,0.6506,-0.13012,-0.33779,1.58707,10.45623,-0.11996,0.78342,-0.08715,90.424,16395.379,24104.0
4.723384652000021,0.05027,1.20442,10.48712,-0.10855,0.68733,-0.12905,-0.34511,1.59738,10.47145,-0.12642,0.80179,-0.08415,90.439,16516.0,23890.823
4.728384652000022,0.00508,1.17194,10.48363,-0.11213,0.72816,-0.12819,-0.35242,1.60769,10.48667,-0.13169,0.81949,-0.08129,90.439,16516.0,23564.208
4.733384652000022,-0.04012,1.13946,10.48014,-0.11571,0.76899,-0.12733,-0.35973,1.61799,10.50189,-0.13697,0.83719,-0.07842,90.439,16721.906,23454.0
4.738384652000022,-0.08531,1.10698,10.47666,-0.11929,0.80982,-0.12647,-0.36704,1.6283,10.51711,-0.14224,0.85489,-0.07555,90.439,17032.673,23454.0
4.743384652000022,-0.10625,1.10364,10.46608,-0.12287,0.85066,-0.12562,-0.33955,1.61084,10.50625,-0.14752,0.87259,-0.07269,90.439,17137.0,23214.099
4.748384652000022,-0.11493,1.11503,10.45193,-0.12644,0.89149,-0.12476,-0.29447,1.57934,10.4822,-0.15279,0.8903,-0.06982,90.439,17137.0,22852.961
4.753384652000022,-0.12361,1.12641,10.43778,-0.13,0.92174,-0.12227,-0.24939,1.54785,10.45816,-0.15806,0.908,-0.06695,90.439,17122.761,22731.0
4.7583846520000215,-0.13229,1.1378,10.42363,-0.13355,0.9466,-0.11896,-0.2043,1.51635,10.43412,-0.16334,0.9257,-0.06409,90.439,17101.262,22731.0
4.763384652000021,-0.14097,1.14919,10.40948,-0.1371,0.97146,-0.11565,-0.15922,1.48486,10.41007,-0.16861,0.9434,-0.06122,90.439,17094.0,22491.602
4.768384652000022,-0.14965,1.16058,10.39534,-0.14065,0.99632,-0.11234,-0.11414,1.45336,10.38603,-0.17388,0.9611,-0.05835,90.439,17094.0,22130.1
4.773384652000022,-0.15832,1.17197,10.38119,-0.1442,1.02118,-0.10902,-0.11949,1.45187,10.38289,-0.17768,0.9845,-0.05549,90.41,17259.993,22008.0
4.778384652000022,-0.167,1.18335,10.36704,-0.14776,1.04604,-0.10571,-0.15056,1.46567,10.39043,-0.18072,1.01079,-0.05262,90.366,17510.647,22008.0
4.783384652000022,-0.1989,1.20445,10.4116,-0.15131,1.0709,-0.1024,-0.18163,1.47948,10.39796,-0.18376,1.03709,-0.04976,90.352,17595.0,21649.595
4.788384652000022,-0.24257,1.23047,10.48595,-0.15486,1.09576,-0.09909,-0.21271,1.49328,10.40549,-0.18679,1.06339,-0.0469,90.352,17595.0,21109.394
4.793384652000022,-0.28624,1.25649,10.56029,-0.15841,1.12061,-0.09578,-0.24378,1.50709,10.41302,-0.18983,1.08969,-0.04403,90.352,17572.134,20927.0
4.7983846520000215,-0.32992,1.28251,10.63464,-0.16196,1.14547,-0.09246,-0.27485,1.5209,10.42056,-0.19287,1.11598,-0.04117,90.352,17537.612,20927.0
4.803384652000021,-0.36956,1.31607,10.8192,-0.17286,1.17262,-0.09514,-0.30592,1.5347,10.42809,-0.19591,1.14228,-0.03831,90.352,17526.0,20559.692
4.808384652000021,-0.40715,1.35346,11.05961,-0.18749,1.20094,-0.10085,-0.33699,1.54851,10.43562,-0.19895,1.16858,-0.03544,90.352,17526.0,20006.217
4.813384652000022,-0.44475,1.39084,11.30003,-0.20213,1.22925,-0.10656,-0.46301,1.63925,10.63269,-0.20719,1.19299,-0.04212,90.322,17762.397,19820.0
4.818384652000022,-0.48234,1.42823,11.54045,-0.21676,1.25756,-0.11227,-0.63716,1.76901,10.92586,-0.21807,1.21645,-0.05364,90.279,18118.659,19820.0
4.823384652000022,-0.51994,1.46562,11.78087,-0.23139,1.28587,-0.11798,-0.81132,1.89877,11.21903,-0.22895,1.23992,-0.06516,90.264,18239.0,19351.982
4.828384652000022,-0.55753,1.503,12.02128,-0.24603,1.31418,-0.12369,-0.98547,2.02853,11.5122,-0.23983,1.26338,-0.07668,90.264,18239.0,18645.233
4.833384652000022,-0.59513,1.54039,12.2617,-0.26066,1.3425,-0.1294,-1.15963,2.15829,11.80537,-0.25071,1.28684,-0.0882,90.235,18448.219,18407.0
4.8383846520000215,-0.63272,1.57778,12.50212,-0.27529,1.37081,-0.13511,-1.33378,2.28805,12.09854,-0.26159,1.3103,-0.09972,90.191,18763.822,18407.0
4.843384652000021,-0.5427,1.69633,12.57433,-0.28433,1.42702,-0.13647,-1.16601,2.348,12.20474,-0.27247,1.33376,-0.11124,90.147,18871.0,17856.932
4.848384652000021,-0.38704,1.85663,12.56005,-0.29049,1.49758,-0.13558,-0.82242,2.37204,12.21479,-0.28335,1.35722,-0.12276,90.103,18871.0,17024.003
4.853384652000022,-0.23139,2.01692,12.54577,-0.29665,1.56814,-0.1347,-0.47882,2.39608,12.22484,-0.28319,1.39677,-0.11449,90.059,19235.449,16744.0
4.858384652000022,-0.07574,2.17722,12.53149,-0.30281,1.63869,-0.13382,-0.13522,2.42012,12.23489,-0.27742,1.44446,-0.0962,90.015,19784.455,16744.0
4.863384652000022,-0.04305,2.15514,12.55648,-0.30898,1.70925,-0.13293,0.02987,2.28871,12.24407,-0.27166,1.49215,-0.07791,89.942,19972.0,16744.0
4.868384652000022,-0.07416,2.03845,12.60185,-0.31514,1.77981,-0.13205,0.10234,2.07664,12.25281,-0.2659,1.53985,-0.05963,89.854,19972.0,16744.0
4.873384652000022,-0.10526,1.92175,12.64722,-0.31131,1.82829,-0.13242,0.17481,1.86458,12.26155,-0.26013,1.58754,-0.04134,89.766,19972.0,16013.574
4.878384652000022,-0.13637,1.80505,12.69259,-0.30243,1.86562,-0.13343,0.24728,1.65251,12.27029,-0.25437,1.63523,-0.02305,89.678,19972.0,14914.36
4.8833846520000215,-0.16748,1.68836,12.73797,-0.29356,1.90295,-0.13444,0.31976,1.44045,12.27903,-0.24236,1.67209,-0.01643,89.59,20470.44,14541.0
4.888384652000021,-0.19858,1.57166,12.78334,-0.28469,1.94028,-0.13544,0.39223,1.22838,12.28777,-0.22713,1.70336,-0.01581,89.502,21225.263,14541.0
4.893384652000022,-0.22969,1.45497,12.82871,-0.27582,1.97761,-0.13645,0.39514,1.03862,12.23483,-0.2119,1.73464,-0.01519,89.444,21797.615,12892.252
4.898384652000022,-0.2608,1.33827,12.87408,-0.26694,2.01494,-0.13745,0.36262,0.86023,12.15047,-0.19668,1.76592,-0.01457,89.4,22277.019,10403.657
4.903384652000022,-0.28516,1.26251,12.89292,-0.25807,2.05227,-0.13846,0.33011,0.68183,12.06611,-0.18145,1.7972,-0.01394,89.297,22438.0,9568.0
4.908384652000022,-0.30611,1.20746,12.89835,-0.2492,2.0896,-0.13947,0.29759,0.50344,11.98175,-0.16622,1.82848,-0.01332,89.165,22438.0,9568.0
4.913384652000022,-0.32706,1.1524,12.90378,-0.24032,2.12693,-0.14047,0.26508,0.32504,11.8974,-0.151,1.85976,-0.0127,89.034,22438.0,8636.069
4.918384652000022,-0.34801,1.09734,12.90921,-0.23145,2.16426,-0.14148,0.23256,0.14665,11.81304,-0.13577,1.89104,-0.01208,88.902,22438.0,7231.884
4.9233846520000215,-0.36896,1.04228,12.91463,-0.22258,2.20159,-0.14249,0.23154,0.10998,11.73465,-0.12054,1.92232,-0.01146,88.741,22583.99,6759.0
4.928384652000021,-0.38992,0.98723,12.92006,-0.21371,2.23892,-0.14349,0.24652,0.14528,11.65931,-0.10531,1.95359,-0.01084,88.565,22804.109,6759.0
4.933384652000021,-0.41087,0.93217,12.92549,-0.19648,2.29793,-0.15525,0.2615,0.18057,11.58396,-0.08415,1.98855,-0.01597,88.418,23020.709,5468.978
4.938384652000022,-0.43182,0.87711,12.93092,-0.17505,2.36789,-0.17243,0.27647,0.21587,11.50861,-0.05999,2.02536,-0.02401,88.287,23235.53,3527.093
4.943384652000022,-0.49354,0.9228,12.92338,-0.15361,2.43786,-0.18962,0.29145,0.25116,11.43326,-0.03582,2.06218,-0.03204,88.154,23308.0,2872.0
4.948384652000022,-0.57602,1.01977,12.90924,-0.13217,2.50782,-0.2068,0.30642,0.28646,11.35791,-0.01166,2.09899,-0.04008,88.022,23308.0,2872.0
4.953384652000022,-0.6585,1.11675,12.8951,-0.11073,2.57778,-0.22399,0.3214,0.32175,11.28256,0.01251,2.13581,-0.04811,87.861,23308.0,2545.085
4.958384652000022,-0.74098,1.21372,12.88096,-0.08929,2.64775,-0.24117,0.33638,0.35705,11.20722,0.03667,2.17262,-0.05615,87.686,23308.0,2058.94
4.9633846520000215,-0.82345,1.31069,12.86682,-0.06785,2.71771,-0.25836,0.20624,0.36374,10.9091,0.06084,2.20943,-0.06418,87.51,23358.732,1894.0
4.968384652000021,-0.90593,1.40767,12.85268,-0.04641,2.78768,-0.27554,0.00159,0.35575,10.49659,0.085,2.24625,-0.07222,87.334,23435.516,1894.0
4.973384652000021,-1.0093,1.37574,12.72805,-0.01327,2.89204,-0.2941,-0.20307,0.34776,10.08408,0.10917,2.28306,-0.08025,87.129,23461.0,1537.362
4.978384652000022,-1.12304,1.27977,12.54854,0.02569,3.01349,-0.31334,-0.40772,0.33977,9.67157,0.13333,2.31987,-0.08829,86.91,23461.0,1003.557
4.983384652000022,-1.23678,1.18381,12.36902,0.06465,3.13494,-0.33258,-0.57963,0.36151,9.61932,0.15579,2.35303,-0.10001,86.69,23592.228,823.0
4.988384652000022,-1.35052,1.08784,12.18951,0.10361,3.25639,-0.35182,-0.73481,0.39846,9.75122,0.17737,2.38433,-0.11363,86.47,23790.532,823.0
4.993384652000022,-1.47404,1.00373,12.21739,0.11993,3.3333,-0.34874,-0.88998,0.43541,9.88311,0.19895,2.41562,-0.12724,86.221,23857.0,864.502
4.998384652000022,-1.60248,0.9256,12.34985,0.12485,3.38775,-0.33441,-1.04516,0.47236,10.01501,0.22054,2.44692,-0.14086,85.958,23857.0,926.93
5.003384652000022,-1.73093,0.84747,12.48231,0.12976,3.4422,-0.32008,-1.20033,0.50931,10.1469,0.24212,2.47821,-0.15447,85.607,23640.496,948.0
5.0083846520000215,-1.85938,0.76934,12.61476,0.13467,3.49665,-0.30575,-1.35551,0.54626,10.2788,0.2637,2.50951,-0.16809,85.211,23313.687,948.0
5.013384652000021,-1.98782,0.69121,12.74722,0.13959,3.5511,-0.29142,-1.51069,0.58321,10.41069,0.24854,2.51315,-0.15846,84.874,23204.0,877.336
5.018384652000021,-2.11627,0.61308,12.87967,0.1445,3.60555,-0.27709,-1.66586,0.62016,10.54259,0.21482,2.50283,-0.13709,84.567,23204.0,770.973
5.023384652000022,-2.24471,0.53495,13.01213,0.14941,3.66,-0.26276,-1.98972,0.72166,10.45873,0.18109,2.4925,-0.11571,84.113,22983.032,735.0
5.028384652000022,-2.37316,0.45682,13.14458,0.15432,3.71445,-0.24843,-2.39978,0.85616,10.26462,0.14737,2.48218,-0.09434,83.586,22649.141,735.0
5.033384652000022,-2.50161,0.37869,13.27704,0.15924,3.7689,-0.2341,-2.80985,0.99066,10.07051,0.11364,2.47185,-0.07297,83.146,22537.0,672.962
5.038384652000022,-2.63005,0.30056,13.40949,0.16415,3.82334,-0.21977,-3.21991,1.12515,9.8764,0.07992,2.46153,-0.0516,82.751,22537.0,579.551
5.043384652000022,-2.92977,0.25197,13.30765,0.16006,3.82114,-0.21258,-3.62997,1.25965,9.68229,0.05191,2.42131,-0.05346,82.384,21419.86,548.0
5.0483846520000215,-3.31685,0.21846,13.08629,0.15139,3.79004,-0.20903,-4.04003,1.39415,9.48818,0.02682,2.36583,-0.06718,82.032,19732.942,548.0
5.053384652000021,-3.70393,0.18495,12.86494,0.14271,3.75895,-0.20548,-4.4501,1.52864,9.29407,0.00172,2.31036,-0.08089,81.623,17246.714,471.943
5.058384652000021,-4.091,0.15144,12.64359,0.13403,3.72785,-0.20193,-4.86016,1.66314,9.09996,-0.02337,2.25489,-0.09461,81.185,14354.793,357.283
5.063384652000022,-4.06523,0.19059,12.32036,0.12535,3.69675,-0.19838,-5.121,1.77894,8.61041,-0.04847,2.19942,-0.10833,80.745,13364.0,318.0
5.068384652000022,-3.82431,0.2676,11.94405,0.11667,3.66565,-0.19483,-5.30406,1.88499,7.9669,-0.07356,2.14395,-0.12204,80.304,13364.0,318.0
5.073384652000022,-3.58338,0.34462,11.56773,0.108,3.63455,-0.19128,-5.48713,1.99104,7.32338,-0.09865,2.08847,-0.13576,79.867,13364.0,235.035
5.078384652000022,-3.34245,0.42164,11.19141,0.09932,3.60346,-0.18772,-5.6702,2.09709,6.67986,-0.12375,2.033,-0.14947,79.432,13364.0,110.239
5.083384652000022,-3.10152,0.49865,10.81509,0.09064,3.57236,-0.18417,-5.67296,2.11978,6.2983,-0.14884,1.97753,-0.16319,78.905,11305.0,66.0
5.0883846520000215,-2.8606,0.57567,10.43877,0.08196,3.54126,-0.18062,-5.5767,2.09671,6.06061,-0.17394,1.92206,-0.1769,78.328,8115.265,66.0
5.093384652000021,-2.61967,0.65268,10.06245,0.06964,3.49417,-0.17434,-5.48044,2.07363,5.82292,-0.19489,1.84822,-0.18224,77.814,7046.0,50.087
5.098384652000021,-2.37874,0.7297,9.68614,0.05548,3.43901,-0.16668,-5.38418,2.05056,5.58523,-0.21376,1.76513,-0.18336,77.332,7046.0,26.149
5.103384652000022,-2.19351,0.7419,9.30111,0.04132,3.38385,-0.15902,-5.28792,2.02748,5.34754,-0.23262,1.68204,-0.18447,76.761,5072.211,18.0
5.108384652000022,-2.03702,0.72064,8.91159,0.02716,3.32869,-0.15136,-5.19167,2.0044,5.10985,-0.25149,1.59895,-0.18559,76.145,2079.758,18.0
5.113384652000022,-1.88052,0.69938,8.52206,0.013,3.27353,-0.14369,-5.09541,1.98133,4.87216,-0.27036,1.51586,-0.1867,75.53,1075.0,13.364
5.118384652000022,-1.72403,0.67812,8.13254,-0.00115,3.21837,-0.13603,-4.99915,1.95825,4.63447,-0.28922,1.43277,-0.18782,74.917,1075.0,6.385
5.123384652000022,-1.56754,0.65686,7.74302,-0.01531,3.16321,-0.12837,-4.87192,1.84163,4.11079,-0.30809,1.34968,-0.18893,74.33,747.514,4.0
5.128384652000022,-1.41105,0.6356,7.3535,-0.02947,3.10806,-0.12071,-4.72861,1.67643,3.43858,-0.32695,1.26658,-0.19005,73.758,249.961,4.0
5.1333846520000215,-0.44872,0.50066,6.87809,-0.07434,2.80958,-0.04979,-4.5853,1.51123,2.76637,-0.34582,1.18349,-0.19117,73.302,82.0,7.977
5.138384652000021,0.92427,0.30778,6.35892,-0.13487,2.38711,0.05338,-4.44199,1.34603,2.09416,-0.36469,1.1004,-0.19228,72.907,82.0,13.981
5.143384652000021,2.29727,0.11489,5.83975,-0.19539,1.96463,0.15654,-4.51312,1.24676,1.95251,-0.39947,0.89532,-0.16586,72.569,81.337,16.0
5.148384652000022,3.67026,-0.07799,5.32058,-0.25591,1.54216,0.2597,-4.69291,1.1809,2.07968,-0.44233,0.62843,-0.12549,72.262,80.337,16.0
5.153384652000022,4.39379,-0.14823,5.41222,-0.27853,1.29684,0.28346,-4.87271,1.11504,2.20686,-0.48518,0.36154,-0.08512,71.838,80.0,147.001
5.158384652000022,4.78667,-0.15605,5.81483,-0.28185,1.14171,0.26678,-5.0525,1.04918,2.33404,-0.52804,0.09465,-0.04474,71.354,80.0,344.694
5.163384652000022,5.17956,-0.16387,6.21744,-0.28517,0.98658,0.25011,-5.23229,0.98331,2.46121,-0.57089,-0.17223,-0.00437,70.958,67.717,411.0
5.168384652000022,5.57245,-0.17168,6.62005,-0.28849,0.83145,0.23344,-5.41209,0.91745,2.58839,-0.61374,-0.43912,0.036,70.607,49.236,411.0
5.1733846520000215,5.96534,-0.1795,7.02265,-0.29181,0.67632,0.21677,-5.59188,0.85159,2.71556,-0.62781,-0.61509,0.00411,70.343,43.0,1243.558
5.178384652000021,6.35822,-0.18732,7.42526,-0.29512,0.52118,0.2001,-5.77167,0.78573,2.84274,-0.62721,-0.74475,-0.06457,70.123,43.0,2500.099
5.183384652000021,6.0713,-0.01981,7.44507,-0.29844,0.36605,0.18343,-5.5643,0.93425,2.93437,-0.62661,-0.87442,-0.13326,69.991,43.0,2924.0
5.188384652000022,5.43828,0.23695,7.26998,-0.30176,0.21092,0.16676,-5.15982,1.19191,3.00791,-0.62601,-1.00408,-0.20195,69.903,43.0,2924.0
5.193384652000022,4.80527,0.49371,7.0949,-0.30508,0.05579,0.15009,-4.75534,1.44957,3.08144,-0.6254,-1.13374,-0.27064,69.786,43.0,4138.859
5.198384652000022,4.17225,0.75047,6.91982,-0.3084,-0.09934,0.13342,-4.35086,1.70724,3.15498,-0.6248,-1.26341,-0.33933,69.654,43.0,5971.606
5.203384652000022,3.53923,1.00723,6.74473,-0.31172,-0.25448,0.11675,-3.94638,1.9649,3.22851,-0.6242,-1.39307,-0.40801,69.609,43.0,6586.0
5.208384652000022,2.90621,1.26399,6.56965,-0.31503,-0.40961,0.10007,-3.54189,2.22256,3.30205,-0.6236,-1.52273,-0.4767,69.609,43.0,6586.0
5.2133846520000215,2.2732,1.52075,6.39457,-0.31835,-0.56474,0.0834,-3.5128,2.21514,3.30911,-0.59769,-1.63133,-0.566,69.638,32.412,8323.462
5.218384652000021,1.64018,1.77751,6.21948,-0.32167,-0.71987,0.06673,-3.67622,2.07176,3.28209,-0.5588,-1.72911,-0.66588,69.682,16.393,10951.999
5.223384652000021,1.00716,2.03427,6.0444,-0.24571,-1.2769,-0.31794,-3.83963,1.92838,3.25507,-0.51991,-1.8269,-0.76576,69.726,8.022,11837.0
5.228384652000022,0.37414,2.29103,5.86932,-0.1295,-2.03792,-0.88941,-4.00305,1.785,3.22804,-0.48102,-1.92469,-0.86563,69.77,3.532,11837.0
5.233384652000022,0.36521,2.30323,5.81783,-0.07758,-2.36613,-1.03447,-4.16647,1.64162,3.20102,-0.44212,-2.02247,-0.96551,69.843,2.0,12783.53
5.238384652000022,0.67952,2.18877,5.83036,-0.05895,-2.47015,-0.95866,-4.32989,1.49823,3.17399,-0.40323,-2.12026,-1.06539,69.931,2.0,14220.323
5.243384652000022,0.99383,2.0743,5.84289,-0.04033,-2.57418,-0.88286,-4.49331,1.35485,3.14697,-0.36434,-2.21805,-1.16526,70.019,2.332,14703.0
5.248384652000022,1.30814,1.95983,5.85541,-0.0217,-2.6782,-0.80705,-4.65673,1.21147,3.11995,-0.32545,-2.31583,-1.26514,70.107,2.831,14703.0
5.253384652000022,1.62246,1.84536,5.86794,-0.00308,-2.78222,-0.73125,-4.29086,0.9416,3.17111,-0.2758,-2.41597,-1.21465,70.224,3.0,15740.213
5.2583846520000215,1.93677,1.73089,5.88047,0.01555,-2.88624,-0.65545,-3.65558,0.60735,3.26208,-0.22069,-2.5173,-1.08763,70.356,3.0,17305.384
5.263384652000021,2.15417,1.70598,6.14372,0.03417,-2.99027,-0.57964,-3.02029,0.27309,3.35304,-0.16558,-2.61863,-0.9606,70.487,3.0,17839.0
5.268384652000021,2.32145,1.7274,6.53667,0.0528,-3.09429,-0.50384,-2.38501,-0.06117,3.44401,-0.11047,-2.71996,-0.83358,70.62,3.0,17839.0
5.273384652000022,2.48873,1.74882,6.92962,0.07142,-3.19831,-0.42803,-1.74972,-0.39542,3.53497,-0.05535,-2.82128,-0.70655,70.781,3.0,18240.217
5.278384652000022,2.65601,1.77025,7.32257,0.09005,-3.30234,-0.35223,-1.11443,-0.72968,3.62594,-0.00024,-2.92261,-0.57953,70.957,3.0,18845.104
5.283384652000022,2.82329,1.79167,7.71552,0.10867,-3.40636,-0.27643,-0.70486,-0.86505,3.93569,0.05487,-3.02394,-0.4525,71.132,3.0,19048.0
5.288384652000022,2.99057,1.81309,8.10846,0.1273,-3.51038,-0.20062,-0.40921,-0.90004,4.35586,0.10998,-3.12527,-0.32548,71.308,3.0,19048.0
5.293384652000022,2.88588,1.88702,8.46752,0.14009,-3.63724,-0.0417,-0.11355,-0.93503,4.77604,0.15677,-3.21667,-0.19091,71.484,3.0,19710.446
5.2983846520000215,2.6427,1.98768,8.80931,0.1499,-3.77572,0.15955,0.1821,-0.97002,5.19621,0.19932,-3.303,-0.0525,71.66,3.0,20710.201
5.303384652000021,2.39952,2.08834,9.15111,0.15972,-3.91421,0.3608,0.24742,-0.94646,5.51737,0.24188,-3.38934,0.08592,71.835,3.0,21046.0
5.308384652000021,2.15634,2.189,9.4929,0.16953,-4.05269,0.56204,0.19624,-0.89329,5.78844,0.28443,-3.47568,0.22433,72.011,3.0,21046.0
5.313384652000022,1.91316,2.28967,9.8347,0.17935,-4.19117,0.76329,0.14507,-0.84011,6.0595,0.32698,-3.56201,0.36274,72.274,3.0,21127.471
5.318384652000022,1.66998,2.39033,10.17649,0.18917,-4.32966,0.96454,0.09389,-0.78694,6.33057,0.36953,-3.64835,0.50115,72.582,3.0,21250.429
5.323384652000022,1.19358,2.48363,10.63909,0.1943,-4.41853,1.06177,0.04272,-0.73376,6.60164,0.41209,-3.73469,0.63957,72.802,2.669,21292.0
5.328384652000022,0.59805,2.57317,11.1634,0.19705,-4.48207,1.10589,-0.00846,-0.68059,6.87271,0.45464,-3.82102,0.77798,72.978,2.169,21292.0
5.333384652000022,0.00252,2.66271,11.68771,0.1998,-4.5456,1.15,-0.05963,-0.62742,7.14378,0.47574,-3.8884,0.84649,73.241,2.0,21574.227
5.3383846520000215,-0.59301,2.75225,12.21201,0.20255,-4.60914,1.19411,-0.11081,-0.57424,7.41485,0.48592,-3.94613,0.87943,73.549,2.0,22000.049
5.343384652000021,-0.91977,2.75529,12.58695,0.2053,-4.67267,1.23822,-0.36448,-0.4128,7.69378,0.4961,-4.00386,0.91237,73.74,2.333,22143.0
5.348384652000021,-1.1107,2.71461,12.88639,0.20804,-4.73621,1.28233,-0.72048,-0.19665,7.97669,0.50628,-4.06159,0.94531,73.872,2.834,22143.0
5.353384652000021,-1.30163,2.67392,13.18584,0.21079,-4.79974,1.32644,-1.07649,0.0195,8.25959,0.51646,-4.11932,0.97825,74.149,3.0,22172.219
5.358384652000022,-1.49257,2.63324,13.48529,0.21354,-4.86328,1.37056,-1.4325,0.23565,8.54249,0.52664,-4.17705,1.01119,74.498,3.0,22215.894
5.363384652000022,-1.6835,2.59256,13.78474,0.21629,-4.92681,1.41467,-1.7885,0.4518,8.8254,0.53682,-4.23478,1.04414,74.85,3.0,22231.0
5.368384652000022,-1.87443,2.55188,14.08419,0.21904,-4.99035,1.45878,-2.14451,0.66795,9.1083,0.547,-4.29251,1.07708,75.204,3.0,22231.0
5.373384652000022,-2.06536,2.5112,14.38364,0.21123,-5.0697,1.43537,-2.37561,0.91374,9.45385,0.53581,-4.33335,1.04651,75.497,3.0,22248.584
5.378384652000022,-2.25629,2.47051,14.68308,0.19809,-5.15706,1.37785,-2.54358,1.17451,9.83107,0.51382,-4.36565,0.98384,75.761,3.0,22275.055
5.3833846520000215,-2.50245,2.44433,15.0924,0.18494,-5.24441,1.32032,-2.71155,1.43528,10.20829,0.49182,-4.39795,0.92117,76.111,2.669,22284.0
5.388384652000021,-2.77679,2.42555,15.5578,0.1718,-5.33177,1.26279,-2.87952,1.69605,10.5855,0.46983,-4.43025,0.8585,76.506,2.17,22284.0
5.393384652000021,-3.05113,2.40677,16.0232,0.15866,-5.41912,1.20527,-3.0475,1.95682,10.96272,0.44784,-4.46255,0.79583,76.931,2.0,22288.959
5.398384652000022,-3.32546,2.388,16.4886,0.14552,-5.50648,1.14774,-3.21547,2.21759,11.33993,0.42584,-4.49485,0.73316,77.371,2.0,22296.471
5.403384652000022,-3.5998,2.36922,16.95399,0.13238,-5.59383,1.09021,-3.26508,2.3049,11.66082,0.40385,-4.52714,0.67049,77.84,2.331,22299.0
5.408384652000022,-3.87414,2.35044,17.41939,0.11924,-5.68119,1.03268,-3.25459,2.30414,11.9531,0.38186,-4.55944,0.60783,78.323,2.831,22299.0
5.413384652000022,-4.29192,2.28844,17.68947,0.09177,-5.70807,0.96348,-3.24411,2.30338,12.24537,0.35407,-4.535,0.54457,78.632,3.0,22283.445
5.418384652000022,-4.78286,2.2044,17.85992,0.057,-5.70411,0.88831,-3.23362,2.30262,12.53765,0.32332,-4.48161,0.48102,78.851,3.0,22259.954
5.4233846520000215,-5.2738,2.12036,18.03037,0.02222,-5.70016,0.81314,-3.22314,2.30186,12.82993,0.29257,-4.42821,0.41746,79.217,2.669,22252.0
5.428384652000021,-5.76474,2.03632,18.20081,-0.01255,-5.6962,0.73798,-3.21265,2.3011,13.12221,0.26183,-4.37482,0.35391,79.657,2.168,22252.0
5.433384652000021,-6.25569,1.95228,18.37126,-0.04732,-5.69224,0.66281,-3.20217,2.30034,13.41449,0.23108,-4.32143,0.29035,80.067,2.0,22176.324
5.438384652000022,-6.74663,1.86824,18.54171,-0.0821,-5.68829,0.58765,-3.19168,2.29958,13.70677,0.20033,-4.26804,0.2268,80.462,2.0,22062.408
5.443384652000022,-7.23757,1.7842,18.71216,-0.11687,-5.68433,0.51248,-3.15526,2.45737,14.0355,0.16959,-4.21465,0.16325,80.858,2.332,22024.0
5.448384652000022,-7.72851,1.70016,18.88261,-0.15164,-5.68037,0.43731,-3.10565,2.6958,14.38276,0.13884,-4.16126,0.09969,81.254,2.832,22024.0
5.453384652000022,-8.26048,1.71053,18.72694,-0.18041,-5.54697,0.30352,-3.05604,2.93424,14.73002,0.13001,-4.05339,0.02809,81.591,3.0,21735.973
5.458384652000022,-8.8132,1.76864,18.40638,-0.20614,-5.34812,0.14009,-3.00643,3.17268,15.07729,0.13227,-3.91797,-0.04759,81.898,3.0,21302.3
5.4633846520000215,-9.36591,1.82675,18.08581,-0.23187,-5.14927,-0.02334,-3.01102,3.05013,15.01433,0.13452,-3.78255,-0.12326,82.177,3.332,21156.0
5.468384652000021,-9.91863,1.88486,17.76524,-0.2576,-4.95042,-0.18677,-3.0432,2.74382,14.74254,0.13678,-3.64713,-0.19894,82.441,3.832,21156.0
5.473384652000021,-10.47134,1.94297,17.44467,-0.28333,-4.75157,-0.35021,-3.07538,2.4375,14.47074,0.13904,-3.51171,-0.27461,82.762,4.0,20835.61
5.478384652000021,-11.02406,2.00108,17.1241,-0.30906,-4.55271,-0.51364,-3.10756,2.13118,14.19894,0.14129,-3.37629,-0.35029,83.113,4.0,20353.376
5.483384652000022,-11.28834,2.30755,16.39262,-0.28326,-4.36936,-0.56165,-3.13974,1.82487,13.92715,0.14355,-3.24087,-0.42596,83.407,3.67,20189.0
5.488384652000022,-11.40348,2.74244,15.44865,-0.2308,-4.19403,-0.54998,-3.17192,1.51855,13.65535,0.1458,-3.10545,-0.50164,83.671,3.168,20189.0
5.493384652000022,-11.51861,3.17733,14.50468,-0.17835,-4.0187,-0.5383,-3.10774,1.32144,13.40733,0.17688,-2.94141,-0.50445,83.877,3.0,20189.0
5.498384652000022,-11.63374,3.61222,13.56071,-0.12589,-3.84337,-0.52662,-2.99477,1.17961,13.17133,0.22255,-2.76289,-0.47037,84.053,3.0,20189.0
5.503384652000022,-11.88973,3.56287,13.17283,-0.07344,-3.66804,-0.51494,-2.8818,1.03778,12.93533,0.26821,-2.58437,-0.4363,84.257,3.0,19412.082
5.5083846520000215,-12.2161,3.27158,13.06279,-0.02099,-3.49271,-0.50327,-2.76883,0.89595,12.69934,0.31388,-2.40585,-0.40222,84.477,3.0,18247.005
5.513384652000021,-12.54248,2.9803,12.95276,0.03147,-3.31738,-0.49159,-2.65587,0.75412,12.46334,0.35954,-2.22732,-0.36815,84.638,6.642,17852.0
5.518384652000021,-12.86885,2.68901,12.84272,0.08392,-3.14204,-0.47991,-2.5429,0.61229,12.22734,0.40521,-2.0488,-0.33408,84.77,12.152,17852.0
5.523384652000022,-13.19522,2.39772,12.73268,0.13638,-2.96671,-0.46824,-2.42993,0.47046,11.99135,0.45087,-1.87028,-0.3,84.844,14.0,17878.531
5.528384652000022,-13.52159,2.10643,12.62264,0.18883,-2.79138,-0.45656,-2.31697,0.32863,11.75535,0.49654,-1.69175,-0.26593,84.887,14.0,17918.454
5.533384652000022,-13.84796,1.81514,12.5126,0.20037,-2.50492,-0.38331,-2.10307,0.16313,12.24772,0.48342,-1.3806,-0.14167,84.902,9.038,17932.0
5.538384652000022,-14.17434,1.52386,12.40256,0.1909,-2.16138,-0.27843,-1.83734,-0.01454,13.11415,0.4401,-1.00134,0.02891,84.902,1.527,17932.0
5.543384652000022,-15.09902,1.06172,12.48777,0.18143,-1.81784,-0.17355,-1.57161,-0.1922,13.98057,0.39679,-0.62208,0.19949,84.902,-1.0,18969.753
5.5483846520000215,-16.32717,0.51294,12.672,0.17196,-1.4743,-0.06868,-1.30587,-0.36986,14.847,0.35348,-0.24281,0.37007,84.902,-1.0,20533.848
5.553384652000021,-17.55532,-0.03585,12.85623,0.16248,-1.13076,0.0362,-1.04014,-0.54753,15.71343,0.31017,0.13645,0.54065,84.873,-1.332,21062.0
5.558384652000021,-18.78347,-0.58464,13.04047,0.15301,-0.78722,0.14108,-0.77441,-0.72519,16.57986,0.26685,0.51571,0.71124,84.829,-1.832,21062.0
5.563384652000021,-20.01162,-1.13342,13.2247,0.14354,-0.44369,0.24595,-1.12274,-0.89732,16.28944,0.22354,0.89498,0.88182,84.785,-2.0,21797.751
5.568384652000022,-21.23977,-1.68221,13.40893,0.13407,-0.10015,0.35083,-1.78075,-1.06667,15.41562,0.18023,1.27424,1.0524,84.741,-2.0,22904.545
5.573384652000022,-22.46792,-2.231,13.59316,0.1246,0.24339,0.45571,-2.43875,-1.23601,14.54179,0.15215,1.44417,1.03936,84.668,-2.662,23280.0
5.578384652000022,-23.69607,-2.77978,13.7774,0.11513,0.58693,0.56059,-3.09676,-1.40535,13.66797,0.1319,1.50663,0.93206,84.58,-3.663,23280.0
5.583384652000022,-22.01921,-2.89343,13.78261,0.08387,0.82312,0.58231,-2.91874,-1.24836,13.05245,0.11165,1.56909,0.82476,84.493,-4.0,23781.2
5.5883846520000215,-18.86668,-2.78603,13.69689,0.04155,1.00478,0.5618,-2.31605,-0.92561,12.56814,0.09139,1.63156,0.71746,84.405,-4.0,24536.997
5.593384652000021,-15.71415,-2.67863,13.61116,-0.00077,1.18644,0.5413,-1.71335,-0.60286,12.08383,0.07114,1.69402,0.61016,84.288,-2.674,24792.0
5.598384652000021,-12.56161,-2.57122,13.52544,-0.04309,1.3681,0.52079,-1.11066,-0.2801,11.59952,0.05088,1.75648,0.50286,84.156,-0.672,24792.0
5.603384652000021,-9.40908,-2.46382,13.43972,-0.08541,1.54977,0.50028,-0.50797,0.04265,11.11521,0.03063,1.81895,0.39556,84.024,0.0,24883.27
5.608384652000022,-6.25655,-2.35642,13.35399,-0.12773,1.73143,0.47977,0.09473,0.36541,10.63089,0.01038,1.88141,0.28826,83.892,0.0,25020.694
5.613384652000022,-3.10401,-2.24902,13.26827,-0.17005,1.91309,0.45926,0.69742,0.68816,10.14658,0.01501,1.87924,0.2235,83.76,0.995,25067.0
5.618384652000022,0.04852,-2.14162,13.18255,-0.21237,2.09475,0.43875,1.30012,1.01091,9.66227,0.03229,1.84422,0.18035,83.628,2.495,25067.0
5.623384652000022,1.31217,-1.81051,12.59139,-0.18628,2.15221,0.34317,1.06703,0.94292,9.29002,0.04957,1.80921,0.1372,83.555,3.0,25147.468
5.628384652000022,1.61901,-1.36609,11.74421,-0.12554,2.14677,0.20957,0.41058,0.67699,8.97454,0.06685,1.77419,0.09406,83.511,3.0,25268.697
5.6333846520000215,1.92585,-0.92167,10.89703,-0.06479,2.14132,0.07596,-0.24587,0.41107,8.65905,0.08413,1.73918,0.05091,83.409,4.981,25310.0
5.638384652000021,2.23269,-0.47724,10.04986,-0.00404,2.13588,-0.05764,-0.90231,0.14514,8.34357,0.10141,1.70416,0.00777,83.277,7.986,25310.0
5.643384652000021,2.16009,-0.12821,9.95269,0.03563,2.06208,-0.111,-1.55876,-0.12078,8.02808,0.11869,1.66914,-0.03538,83.203,9.0,25450.787
5.648384652000022,1.89438,0.17228,10.23722,0.06458,1.95351,-0.12351,-2.21521,-0.38671,7.7126,0.13597,1.63413,-0.07853,83.159,9.0,25663.222
5.653384652000022,1.62868,0.47277,10.52175,0.09353,1.84494,-0.13603,-2.38146,-0.44415,7.69104,0.14828,1.58934,-0.11315,83.115,9.0,25735.0
5.658384652000022,1.36298,0.77326,10.80627,0.12249,1.73636,-0.14854,-2.29755,-0.39519,7.81948,0.15804,1.53956,-0.14344,83.071,9.0,25735.0
5.663384652000022,1.22217,0.90008,11.13261,0.15144,1.62779,-0.16106,-2.21364,-0.34624,7.94792,0.1678,1.48978,-0.17372,83.057,6.023,25735.0
5.668384652000022,1.14508,0.93831,11.48027,0.18039,1.51921,-0.17358,-2.12973,-0.29729,8.07636,0.17756,1.44,-0.204,83.057,1.528,25735.0
5.6733846520000215,1.06798,0.97653,11.82794,0.19838,1.41111,-0.17915,-2.04583,-0.24833,8.2048,0.18732,1.39022,-0.23428,83.115,0.0,25562.009
5.678384652000021,0.99089,1.01475,12.17561,0.21073,1.30325,-0.18115,-1.96192,-0.19938,8.33324,0.19708,1.34044,-0.26456,83.203,0.0,25299.969
5.683384652000021,0.9138,1.05298,12.52327,0.22308,1.19539,-0.18316,-1.87801,-0.15043,8.46168,0.20684,1.29066,-0.29485,83.291,1.657,25212.0
5.688384652000021,0.83671,1.0912,12.87094,0.23543,1.08753,-0.18516,-1.7941,-0.10147,8.59012,0.2166,1.24088,-0.32513,83.378,4.152,25212.0
5.693384652000022,0.75961,1.12943,13.2186,0.24778,0.97967,-0.18716,-2.43762,0.13002,8.70678,0.21186,1.16077,-0.36727,83.437,180.16,25317.888
5.698384652000022,0.68252,1.16765,13.56627,0.26013,0.87181,-0.18916,-3.45559,0.45548,8.81737,0.19967,1.06505,-0.41552,83.481,445.49,25478.285
5.703384652000022,0.7405,1.20838,13.39844,0.27248,0.76395,-0.19117,-4.47357,0.78095,8.92796,0.18747,0.96933,-0.46376,83.525,536.0,25533.0
5.708384652000022,0.86841,1.25039,12.96372,0.28483,0.65609,-0.19317,-5.49155,1.10641,9.03855,0.17527,0.87361,-0.51201,83.569,536.0,25533.0
5.7133846520000215,0.99632,1.29241,12.52901,0.29718,0.54823,-0.19517,-6.50952,1.43187,9.14914,0.16307,0.77789,-0.56026,83.641,536.0,25379.389
5.718384652000021,1.12423,1.33443,12.09429,0.30952,0.44037,-0.19717,-7.5275,1.75733,9.25973,0.15087,0.68216,-0.6085,83.73,536.0,25143.106
5.723384652000021,1.25214,1.37645,11.65957,0.32187,0.33251,-0.19917,-5.65408,1.9676,9.34613,0.13868,0.58644,-0.65675,83.789,1792.713,25063.0
5.728384652000021,1.38005,1.41847,11.22485,0.33422,0.22465,-0.20118,-2.29761,2.1188,9.42011,0.12648,0.49072,-0.705,83.833,3694.015,25063.0
5.733384652000022,1.50796,1.46049,10.79013,0.32331,0.1988,-0.19163,1.05886,2.26999,9.4941,0.12578,0.46204,-0.67341,83.907,4313.0,25263.223
5.738384652000022,1.63587,1.50251,10.35542,0.30117,0.21254,-0.1765,4.41532,2.42118,9.56808,0.13064,0.46571,-0.60328,83.994,4313.0,25560.096
5.743384652000022,1.71622,1.50643,10.22627,0.27903,0.22627,-0.16137,4.92365,2.35565,9.60019,0.13549,0.46938,-0.53316,84.052,5254.42,25661.0
5.748384652000022,1.77208,1.49074,10.25446,0.25689,0.24001,-0.14624,3.96548,2.17854,9.61073,0.14035,0.47306,-0.46303,84.096,6680.572,25661.0
5.753384652000022,1.82794,1.47504,10.28265,0.23475,0.25375,-0.13111,3.00731,2.00143,9.62128,0.1452,0.47673,-0.39291,84.17,7162.0,25589.516
5.7583846520000215,1.88381,1.45935,10.31084,0.21261,0.26749,-0.11598,2.04914,1.82432,9.63183,0.15006,0.48041,-0.32278,84.258,7162.0,25481.605
5.763384652000021,1.93967,1.44366,10.33903,0.19047,0.28122,-0.10085,1.09098,1.64721,9.64237,0.15491,0.48408,-0.25265,84.346,7359.781,25446.0
5.768384652000021,1.99553,1.42796,10.36722,0.16832,0.29496,-0.08572,0.13281,1.4701,9.65292,0.15977,0.48775,-0.18253,84.433,7654.951,25446.0
5.773384652000021,1.89653,1.41141,10.3931,0.15386,0.28821,-0.08175,-0.17495,1.44579,9.68946,0.15664,0.47989,-0.15674,84.492,7754.0,25616.802
5.778384652000022,1.71931,1.39442,10.41782,0.14328,0.27112,-0.0834,-0.15423,1.49865,9.73914,0.14947,0.4662,-0.15335,84.536,7754.0,25873.866
5.783384652000022,1.54209,1.37743,10.44253,0.1327,0.25402,-0.08505,-0.13351,1.55151,9.78881,0.14231,0.4525,-0.14995,84.58,7997.246,25961.0
5.788384652000022,1.36488,1.36044,10.46725,0.12212,0.23693,-0.0867,-0.11279,1.60436,9.83848,0.13515,0.43881,-0.14656,84.624,8365.221,25961.0
5.793384652000022,1.18766,1.34345,10.49197,0.11154,0.21983,-0.08836,-0.09207,1.65722,9.88815,0.12798,0.42512,-0.14316,84.668,8489.0,25922.838
5.7983846520000215,1.01045,1.32646,10.51668,0.10096,0.20274,-0.09001,-0.07134,1.71008,9.93783,0.12082,0.41142,-0.13977,84.712,8489.0,25865.333
5.803384652000021,0.88977,1.33334,10.52852,0.09326,0.19077,-0.09057,-0.05062,1.76294,9.9875,0.11366,0.39773,-0.13637,84.756,8635.504,25846.0
5.808384652000021,0.79773,1.3523,10.53385,0.08701,0.18141,-0.09059,-0.0299,1.8158,10.03717,0.10649,0.38404,-0.13298,84.8,8856.204,25846.0
5.813384652000021,0.70568,1.37126,10.53917,0.08077,0.17204,-0.0906,-0.0865,1.83688,10.05477,0.09933,0.37035,-0.12958,84.844,8931.0,25874.105
5.818384652000022,0.61364,1.39022,10.54449,0.07452,0.16267,-0.09061,-0.18274,1.84166,10.05592,0.09217,0.35665,-0.12619,84.887,8931.0,25916.617
5.823384652000022,0.52159,1.40918,10.54982,0.06828,0.1533,-0.09062,-0.27898,1.84645,10.05707,0.08614,0.34493,-0.12392,84.931,9293.092,25931.0
5.828384652000022,0.42955,1.42814,10.55514,0.06203,0.14393,-0.09063,-0.37522,1.85123,10.05822,0.08069,0.33421,-0.12222,84.975,9840.332,25931.0
5.833384652000022,0.3375,1.4471,10.56047,0.05579,0.13456,-0.09065,-0.47146,1.85602,10.05937,0.07524,0.3235,-0.12053,85.019,10025.0,25856.79
5.8383846520000215,0.24546,1.46606,10.56579,0.04954,0.12519,-0.09066,-0.5677,1.8608,10.06052,0.06979,0.31278,-0.11884,85.063,10025.0,25744.783
5.843384652000021,0.14612,1.44587,10.59126,0.04316,0.12417,-0.08948,-0.66394,1.86559,10.06167,0.06434,0.30206,-0.11714,85.078,10007.741,25705.0
5.848384652000021,0.04276,1.4041,10.62783,0.03671,0.12775,-0.08763,-0.76019,1.87037,10.06282,0.05889,0.29135,-0.11545,85.078,9980.976,25705.0
5.853384652000021,-0.0606,1.36233,10.6644,0.03026,0.13133,-0.08579,-0.77737,1.85406,10.13094,0.05344,0.28063,-0.11375,85.078,9972.0,25743.102
5.858384652000022,-0.16396,1.32056,10.70097,0.02381,0.13491,-0.08395,-0.75465,1.8271,10.23285,0.04799,0.26991,-0.11206,85.078,9972.0,25800.43
5.863384652000022,-0.22841,1.29234,10.70569,0.01736,0.13849,-0.08211,-0.73194,1.80014,10.33476,0.04254,0.2592,-0.11037,85.108,10164.67,25819.0
5.868384652000022,-0.27423,1.27062,10.69515,0.01091,0.14207,-0.08027,-0.70922,1.77318,10.43667,0.03709,0.24848,-0.10867,85.151,10449.652,25819.0
5.873384652000022,-0.32005,1.24889,10.68461,0.00446,0.14565,-0.07843,-0.74416,1.66966,10.43092,0.02955,0.23803,-0.10641,85.166,10546.0,25753.377
5.878384652000022,-0.36587,1.22717,10.67407,-0.00199,0.14923,-0.07659,-0.80855,1.52704,10.37018,0.02093,0.22772,-0.10385,85.166,10546.0,25654.235
5.8833846520000215,-0.41169,1.20544,10.66353,-0.00844,0.15281,-0.07475,-0.87294,1.38442,10.30944,0.01232,0.2174,-0.1013,85.166,10707.714,25621.0
5.888384652000021,-0.45751,1.18372,10.65298,-0.01489,0.15639,-0.0729,-0.93733,1.2418,10.2487,0.0037,0.20709,-0.09875,85.166,10950.976,25621.0
5.893384652000021,-0.50332,1.162,10.64244,-0.0128,0.15512,-0.07215,-1.00172,1.09917,10.18796,-0.00491,0.19678,-0.09619,85.166,11033.0,25600.586
5.898384652000021,-0.54914,1.14027,10.6319,-0.00636,0.15138,-0.07195,-1.0661,0.95655,10.12722,-0.01353,0.18646,-0.09364,85.166,11033.0,25569.787
5.903384652000022,-0.52765,1.13491,10.62424,8e-05,0.14764,-0.07175,-0.98793,0.93756,10.12616,-0.01479,0.18287,-0.0954,85.166,11130.124,25559.0
5.908384652000022,-0.46987,1.13836,10.61814,0.00651,0.14391,-0.07155,-0.83291,0.98521,10.15726,-0.01209,0.18289,-0.09948,85.166,11279.605,25559.0
5.913384652000022,-0.41209,1.14181,10.61203,0.01295,0.14017,-0.07135,-0.67789,1.03287,10.18837,-0.0094,0.18291,-0.10357,85.195,11330.0,25393.789
5.918384652000022,-0.35432,1.14527,10.60592,0.01939,0.13643,-0.07115,-0.52287,1.08052,10.21948,-0.0067,0.18294,-0.10766,85.239,11330.0,25144.549
5.9233846520000215,-0.29654,1.14872,10.59982,0.02582,0.13269,-0.07095,-0.36784,1.12817,10.25059,-0.004,0.18296,-0.11175,85.254,11327.348,25061.0
5.928384652000021,-0.23876,1.15217,10.59371,0.03226,0.12895,-0.07074,-0.21282,1.17582,10.2817,-0.0013,0.18298,-0.11583,85.254,11323.358,25061.0
5.933384652000021,-0.19483,1.1708,10.59509,0.0302,0.136,-0.07493,-0.0578,1.22347,10.3128,0.0014,0.18301,-0.11992,85.254,11322.0,25112.889
5.938384652000021,-0.15803,1.19725,10.60033,0.02375,0.14863,-0.08139,0.09722,1.27113,10.34391,0.0041,0.18303,-0.12401,85.254,11322.0,25191.562
5.943384652000022,-0.12124,1.2237,10.60557,0.0173,0.16125,-0.08785,0.17008,1.30956,10.35913,0.00235,0.19575,-0.13124,85.283,11387.364,25218.0
5.948384652000022,-0.08445,1.25016,10.61082,0.01085,0.17387,-0.0943,0.20136,1.34333,10.3663,-0.00165,0.21489,-0.14006,85.327,11485.812,25218.0
5.953384652000022,-0.04766,1.27661,10.61606,0.0044,0.1865,-0.10076,0.23264,1.3771,10.37347,-0.00565,0.23404,-0.14888,85.371,11519.0,25086.004
5.958384652000022,-0.01087,1.30306,10.6213,-0.00204,0.19912,-0.10721,0.26392,1.41087,10.38064,-0.00965,0.25318,-0.1577,85.415,11519.0,24886.881
5.9633846520000215,0.02222,1.32192,10.60943,-0.00379,0.20132,-0.10913,0.2952,1.44464,10.38782,-0.01365,0.27233,-0.16652,85.459,11698.47,24820.0
5.968384652000021,0.05344,1.33694,10.58889,-0.00317,0.19825,-0.10875,0.32648,1.4784,10.39499,-0.01765,0.29147,-0.17534,85.503,11968.705,24820.0
5.973384652000021,0.08465,1.35197,10.56836,-0.00254,0.19518,-0.10837,0.3137,1.46473,10.39386,-0.01821,0.30098,-0.1782,85.547,12060.0,24820.0
5.978384652000021,0.11586,1.36699,10.54782,-0.00191,0.19212,-0.10799,0.27846,1.42685,10.38849,-0.01702,0.30557,-0.17802,85.591,12060.0,24820.0
5.983384652000021,0.13534,1.37049,10.5529,-0.00129,0.18905,-0.10761,0.24321,1.38898,10.38312,-0.01582,0.31016,-0.17784,85.605,12060.0,24900.359
5.988384652000022,0.1489,1.36818,10.57089,-0.00066,0.18598,-0.10723,0.20797,1.3511,10.37775,-0.01463,0.31475,-0.17766,85.605,12060.0,25021.262
5.993384652000022,0.16246,1.36587,10.58888,-3e-05,0.18291,-0.10685,0.17272,1.31322,10.37239,-0.01343,0.31934,-0.17747,85.664,12130.329,25062.0
5.998384652000022,0.17602,1.36357,10.60687,0.0006,0.17984,-0.10647,0.13747,1.27535,10.36702,-0.01224,0.32393,-0.17729,85.752,12236.397,25062.0
6.003384652000022,0.18958,1.36126,10.62487,0.00122,0.17677,-0.10609,0.10223,1.23747,10.36165,-0.01104,0.32852,-0.17711,85.81,12272.0,25107.48
6.0083846520000215,0.20314,1.35895,10.64286,0.00185,0.1737,-0.10571,0.06698,1.19959,10.35628,-0.00985,0.33311,-0.17693,85.854,12272.0,25175.939
6.013384652000021,0.2167,1.35664,10.66085,-0.00206,0.17315,-0.10418,0.14553,1.24782,10.41025,-0.00865,0.3377,-0.17675,85.898,12528.696,25199.0
6.018384652000021,0.23026,1.35433,10.67884,-0.00826,0.17386,-0.10207,0.28187,1.33978,10.49436,-0.00745,0.34228,-0.17656,85.942,12915.784,25199.0
6.023384652000021,0.24381,1.35202,10.69684,-0.01447,0.17458,-0.09996,0.41822,1.43174,10.57847,-0.00626,0.34687,-0.17638,86.015,13046.0,25165.487
6.028384652000022,0.25737,1.34971,10.71483,-0.02068,0.17529,-0.09784,0.55456,1.5237,10.66258,-0.00506,0.35146,-0.1762,86.103,13046.0,25114.984
6.033384652000022,0.24596,1.33441,10.71988,-0.02689,0.17601,-0.09573,0.61907,1.53895,10.68411,-0.00898,0.38168,-0.15838,86.249,13173.107,25098.0
6.038384652000022,0.22188,1.31252,10.71838,-0.03309,0.17673,-0.09362,0.64716,1.51534,10.67393,-0.0155,0.42488,-0.13164,86.425,13364.622,25098.0
6.043384652000022,0.19781,1.29064,10.71688,-0.0393,0.17744,-0.09151,0.67526,1.49173,10.66374,-0.02201,0.46808,-0.10489,86.543,13429.0,25011.338
6.0483846520000215,0.17374,1.26875,10.71537,-0.04551,0.17816,-0.0894,0.70336,1.46811,10.65356,-0.02853,0.51129,-0.07814,86.63,13429.0,24880.794
6.053384652000021,0.14967,1.24686,10.71387,-0.05351,0.1811,-0.08617,0.73146,1.4445,10.64338,-0.03335,0.53631,-0.0645,86.776,13583.954,24836.0
6.058384652000021,0.1256,1.22498,10.71237,-0.06245,0.1852,-0.08236,0.75956,1.42089,10.63319,-0.03729,0.55184,-0.05772,86.953,13819.852,24836.0
6.063384652000021,0.12668,1.23319,10.71907,-0.07139,0.1893,-0.07854,0.74539,1.42275,10.63825,-0.04123,0.56737,-0.05094,87.07,13935.184,24836.664
6.068384652000022,0.14045,1.2566,10.7299,-0.08033,0.1934,-0.07473,0.70988,1.43749,10.65099,-0.04518,0.5829,-0.04416,87.158,13989.639,24837.663
6.073384652000022,0.15423,1.28001,10.74074,-0.08928,0.19751,-0.07092,0.67438,1.45222,10.66374,-0.04912,0.59843,-0.03737,87.275,14008.0,24838.0
6.078384652000022,0.16801,1.30342,10.75158,-0.09822,0.20161,-0.06711,0.63887,1.46696,10.67649,-0.05306,0.61396,-0.03059,87.407,14008.0,24838.0
6.083384652000022,0.18179,1.32683,10.76242,-0.10716,0.20571,-0.06329,0.60336,1.48169,10.68923,-0.057,0.62948,-0.02381,87.568,14008.0,24729.252
6.0883846520000215,0.19556,1.35024,10.77326,-0.1161,0.20981,-0.05948,0.56785,1.49642,10.70198,-0.06094,0.64501,-0.01702,87.743,14008.0,24565.64
6.093384652000021,0.19128,1.33404,10.76568,-0.11973,0.22173,-0.0564,0.53234,1.51116,10.71473,-0.06488,0.66054,-0.01024,87.89,14444.414,24538.412
6.098384652000021,0.17769,1.29744,10.7486,-0.12063,0.23767,-0.05369,0.49683,1.52589,10.72747,-0.06883,0.67607,-0.00346,88.022,15105.725,24581.464
6.103384652000021,0.16409,1.26083,10.73152,-0.12153,0.25362,-0.05098,0.51528,1.47923,10.72752,-0.07024,0.69885,0.00224,88.183,15329.0,24596.0
6.108384652000021,0.1505,1.22423,10.71444,-0.12243,0.26956,-0.04827,0.56123,1.40127,10.72109,-0.07038,0.72534,0.00739,88.359,15329.0,24596.0
6.113384652000022,0.13691,1.18762,10.69736,-0.12333,0.28551,-0.04556,0.60719,1.32331,10.71467,-0.07051,0.75182,0.01254,88.505,15403.67,24596.0
6.118384652000022,0.12332,1.15102,10.68029,-0.12423,0.30146,-0.04285,0.65314,1.24535,10.70824,-0.07064,0.7783,0.01769,88.637,15516.098,24596.0
6.123384652000022,0.13497,1.14922,10.67306,-0.12678,0.32372,-0.04359,0.69909,1.16739,10.70181,-0.07077,0.80478,0.02284,88.798,15554.0,24433.186
6.128384652000022,0.15946,1.16514,10.67085,-0.13016,0.3492,-0.04608,0.74504,1.08943,10.69539,-0.0709,0.83126,0.02798,88.974,15554.0,24187.568
6.1333846520000215,0.18394,1.18105,10.66864,-0.13355,0.37468,-0.04857,0.7113,1.13017,10.70379,-0.07103,0.85775,0.03313,89.091,15823.218,24105.0
6.138384652000021,0.20843,1.19696,10.66643,-0.13694,0.40016,-0.05106,0.63719,1.23101,10.7197,-0.07116,0.88423,0.03828,89.179,16228.768,24105.0
6.143384652000021,0.19451,1.19946,10.65114,-0.14032,0.42564,-0.05355,0.56309,1.33186,10.73562,-0.07668,0.90368,0.0398,89.296,16366.0,23972.49
6.148384652000021,0.16095,1.19509,10.62918,-0.14371,0.45112,-0.05604,0.48899,1.43271,10.75153,-0.08495,0.91953,0.03946,89.428,16366.0,23772.208
6.153384652000022,0.12739,1.19073,10.60721,-0.1471,0.4766,-0.05853,0.41489,1.53356,10.76744,-0.09323,0.93538,0.03912,89.56,16567.021,23705.0
6.158384652000022,0.09383,1.18637,10.58524,-0.15048,0.50207,-0.06102,0.34078,1.63441,10.78336,-0.1015,0.95123,0.03879,89.691,16869.568,23705.0
6.163384652000022,0.06027,1.182,10.56328,-0.15387,0.52755,-0.06351,0.19857,1.63139,10.74997,-0.10977,0.96708,0.03845,89.794,16973.0,23494.061
6.168384652000022,0.02671,1.17764,10.54131,-0.15726,0.55303,-0.066,0.02098,1.57441,10.69097,-0.11805,0.98293,0.03811,89.883,16973.0,23173.548
6.1733846520000215,-0.00685,1.17327,10.51934,-0.1583,0.57981,-0.0652,-0.15661,1.51743,10.63198,-0.12632,0.99878,0.03778,89.97,17155.545,23066.0
6.178384652000021,-0.04041,1.16891,10.49738,-0.15816,0.60725,-0.06275,-0.33421,1.46045,10.57298,-0.13459,1.01463,0.03744,90.057,17430.275,23066.0
6.183384652000021,-0.05285,1.14853,10.48358,-0.15802,0.63468,-0.06029,-0.38146,1.43182,10.55426,-0.14235,1.03328,0.03493,90.115,17526.0,22768.479
6.188384652000021,-0.054,1.11959,10.47415,-0.15787,0.66212,-0.05784,-0.359,1.41835,10.55707,-0.14983,1.05343,0.03126,90.158,17526.0,22311.855
6.193384652000021,-0.05515,1.09065,10.46472,-0.15773,0.68956,-0.05538,-0.33655,1.40489,10.55988,-0.15731,1.07357,0.02758,90.202,17464.778,22114.0
6.198384652000022,-0.0563,1.06171,10.4553,-0.15759,0.71699,-0.05293,-0.3141,1.39142,10.56269,-0.16479,1.09372,0.02391,90.248,17356.746,22114.0
6.203384652000022,-0.05744,1.03277,10.44587,-0.15745,0.74443,-0.05047,-0.29165,1.37795,10.5655,-0.17227,1.11386,0.02024,90.293,17320.0,21927.492
6.208384652000022,-0.05859,1.00383,10.43644,-0.1573,0.77186,-0.04802,-0.26919,1.36448,10.56831,-0.17975,1.13401,0.01657,90.337,17320.0,21644.843
6.2133846520000215,-0.05974,0.97489,10.42701,-0.15716,0.7993,-0.04556,-0.24674,1.35101,10.57112,-0.18802,1.1543,0.0122,90.352,17510.459,21550.0
6.218384652000021,-0.06089,0.94595,10.41758,-0.15702,0.82674,-0.04311,-0.22429,1.33754,10.57393,-0.19669,1.17465,0.00747,90.352,17797.099,21550.0
6.223384652000021,-0.11541,0.94774,10.44464,-0.16198,0.86973,-0.04697,-0.26815,1.3738,10.60969,-0.20536,1.19501,0.00274,90.352,17894.0,21247.803
6.228384652000021,-0.19719,0.96522,10.49033,-0.16954,0.92068,-0.05406,-0.34589,1.43547,10.66229,-0.21402,1.21537,-0.00199,90.352,17894.0,20791.272
6.233384652000021,-0.27897,0.98269,10.53602,-0.17711,0.97162,-0.06115,-0.42363,1.49713,10.71489,-0.22269,1.23573,-0.00672,90.352,17835.531,20638.0
6.238384652000022,-0.36075,1.00017,10.58172,-0.18467,1.02256,-0.06824,-0.50136,1.55879,10.76749,-0.23136,1.25609,-0.01144,90.352,17747.51,20638.0
6.243384652000022,-0.44252,1.01765,10.62741,-0.19224,1.07351,-0.07533,-0.5791,1.62045,10.82008,-0.24002,1.27644,-0.01617,90.352,17717.0,20297.325
6.248384652000022,-0.5243,1.03512,10.6731,-0.1998,1.12445,-0.08242,-0.65683,1.68212,10.87268,-0.24869,1.2968,-0.0209,90.352,17717.0,19775.915
6.253384652000022,-0.60608,1.0526,10.71879,-0.20736,1.17539,-0.08951,-0.72483,1.75538,11.0114,-0.25349,1.31819,-0.03255,90.352,17946.433,19606.0
6.2583846520000215,-0.68786,1.07008,10.76448,-0.21493,1.22634,-0.09661,-0.78812,1.83426,11.19176,-0.25643,1.34006,-0.04755,90.352,18286.775,19606.0
6.263384652000021,-0.65037,1.18436,11.10916,-0.2329,1.27944,-0.10572,-0.85141,1.91313,11.37212,-0.25936,1.36194,-0.06255,90.322,18402.0,19417.75
6.268384652000021,-0.55184,1.3482,11.60686,-0.25619,1.33365,-0.11588,-0.9147,1.99201,11.55247,-0.2623,1.38382,-0.07755,90.279,18402.0,19133.145
6.273384652000021,-0.4533,1.51204,12.10457,-0.27949,1.38786,-0.12603,-0.97799,2.07088,11.73283,-0.26523,1.4057,-0.09255,90.264,18507.928,19037.0
6.278384652000022,-0.35477,1.67588,12.60228,-0.30278,1.44207,-0.13618,-1.04128,2.14976,11.91319,-0.26817,1.42758,-0.10755,90.264,18667.897,19037.0
6.283384652000022,-0.26442,1.72268,12.72447,-0.30966,1.49031,-0.13534,-1.10457,2.22864,12.09354,-0.2711,1.44945,-0.12255,90.235,18722.0,18402.015
6.288384652000022,-0.17824,1.70967,12.65475,-0.30815,1.53549,-0.12888,-1.16786,2.30751,12.2739,-0.27404,1.47133,-0.13754,90.191,18722.0,17442.521
6.293384652000022,-0.09207,1.69666,12.58502,-0.30664,1.58067,-0.12242,-0.98609,2.23957,12.32176,-0.27076,1.50455,-0.12912,90.176,19220.079,17118.0
6.2983846520000215,-0.0059,1.68364,12.5153,-0.30513,1.62586,-0.11596,-0.67907,2.0966,12.30192,-0.26431,1.54356,-0.10873,90.176,19972.716,17118.0
6.303384652000021,-8e-05,1.64741,12.56869,-0.30362,1.67104,-0.1095,-0.37205,1.95364,12.28207,-0.25786,1.58258,-0.08835,90.147,20230.0,16364.233
6.308384652000021,-0.03599,1.59911,12.68602,-0.30211,1.71622,-0.10304,-0.06504,1.81067,12.26222,-0.2514,1.62159,-0.06796,90.103,20230.0,15218.962
6.313384652000021,-0.07191,1.55082,12.80335,-0.3006,1.76141,-0.09658,0.24198,1.6677,12.24238,-0.24495,1.66061,-0.04757,90.03,20505.889,14831.0
6.318384652000021,-0.10782,1.50252,12.92068,-0.29909,1.80659,-0.09012,0.549,1.52473,12.22253,-0.2385,1.69962,-0.02718,89.942,20923.114,14831.0
6.323384652000022,-0.14374,1.45422,13.03801,-0.29758,1.85178,-0.08366,0.73241,1.31855,12.31164,-0.23205,1.73864,-0.00679,89.883,21065.0,13928.231
6.328384652000022,-0.17966,1.40593,13.15534,-0.29607,1.89696,-0.0772,0.85212,1.07979,12.45689,-0.2256,1.77765,0.0136,89.839,21065.0,12560.255
6.333384652000022,-0.21557,1.35763,13.27266,-0.28496,1.96538,-0.07803,0.97183,0.84104,12.60214,-0.21914,1.81667,0.03399,89.737,21458.285,12097.0
6.3383846520000215,-0.25149,1.30933,13.38999,-0.26894,2.04571,-0.08261,1.09154,0.60229,12.7474,-0.21269,1.85568,0.05438,89.605,22052.949,12097.0
6.343384652000021,-0.30137,1.30132,13.49675,-0.25293,2.12604,-0.08718,1.06682,0.49654,12.78899,-0.19293,1.90633,0.05661,89.532,22254.0,10714.231
6.348384652000021,-0.35839,1.31388,13.59811,-0.23691,2.20636,-0.09175,0.96832,0.45873,12.77763,-0.16637,1.96292,0.04958,89.488,22254.0,8625.167
6.353384652000021,-0.41541,1.32644,13.69947,-0.22089,2.28669,-0.09632,0.86982,0.42093,12.76627,-0.13981,2.01952,0.04254,89.357,22244.436,7912.0
6.358384652000021,-0.47243,1.33901,13.80082,-0.20487,2.36701,-0.1009,0.77132,0.38312,12.75491,-0.11324,2.07611,0.0355,89.181,22229.916,7912.0
6.363384652000022,-0.52944,1.35157,13.90218,-0.18886,2.44734,-0.10547,0.67282,0.34531,12.74355,-0.08668,2.1327,0.02846,89.005,22225.0,7548.674
6.368384652000022,-0.58646,1.36413,14.00354,-0.17284,2.52766,-0.11004,0.57432,0.3075,12.73219,-0.06012,2.18929,0.02143,88.829,22225.0,6999.396
6.373384652000022,-0.64348,1.37669,14.1049,-0.14895,2.61246,-0.13418,0.47582,0.2697,12.72083,-0.03356,2.24588,0.01439,88.711,22588.407,6814.0
6.378384652000022,-0.7005,1.38925,14.20625,-0.12104,2.69953,-0.16829,0.37732,0.23189,12.70947,-0.007,2.30248,0.00735,88.623,23136.968,6814.0
6.3833846520000215,-0.7297,1.38264,14.21387,-0.09314,2.7866,-0.2024,0.38358,0.21335,12.6056,0.03104,2.36626,-0.00966,88.506,23322.0,5287.201
6.388384652000021,-0.74474,1.36628,14.17378,-0.06524,2.87366,-0.23651,0.44316,0.20461,12.45464,0.07492,2.43371,-0.03174,88.375,23322.0,2983.283
6.393384652000021,-0.75978,1.34992,14.13369,-0.03733,2.96073,-0.27062,0.50275,0.19586,12.30368,0.1188,2.50115,-0.05382,88.156,23293.199,2205.0
6.398384652000021,-0.77482,1.33355,14.0936,-0.00943,3.0478,-0.30473,0.56233,0.18712,12.15271,0.16268,2.5686,-0.0759,87.892,23249.705,2205.0
6.403384652000021,-0.78986,1.31719,14.05351,0.01847,3.13487,-0.33884,0.62191,0.17838,12.00175,0.20657,2.63605,-0.09798,87.687,23235.0,2002.706
6.408384652000022,-0.8049,1.30083,14.01341,0.04638,3.22194,-0.37295,0.68149,0.16964,11.85079,0.25045,2.70349,-0.12006,87.511,23235.0,1697.082
6.413384652000022,-0.82354,1.22704,13.98784,0.05152,3.30115,-0.37709,0.66546,0.22093,11.71277,0.26105,2.73351,-0.12219,87.306,23489.131,1593.0
6.418384652000022,-0.84405,1.1236,13.96976,0.04491,3.37629,-0.36574,0.61037,0.30321,11.58142,0.25447,2.74419,-0.11401,87.086,23874.501,1593.0
6.4233846520000215,-0.86456,1.02016,13.95169,0.0383,3.45144,-0.35439,0.55529,0.38549,11.45007,0.24788,2.75488,-0.10584,86.75,24005.0,1511.882
6.428384652000021,-0.88506,0.91672,13.93361,0.03169,3.52658,-0.34305,0.50021,0.46777,11.31872,0.2413,2.76557,-0.09767,86.354,24005.0,1389.229
6.433384652000021,-0.90557,0.81328,13.91554,0.02508,3.60173,-0.3317,0.44513,0.55005,11.18737,0.23472,2.77625,-0.08949,86.104,23895.862,1348.0
6.438384652000021,-0.92608,0.70984,13.89746,0.01847,3.67687,-0.32036,0.39004,0.63233,11.05602,0.22814,2.78694,-0.08132,85.928,23731.463,1348.0
6.443384652000021,-0.94659,0.6064,13.87939,0.01186,3.75202,-0.30901,0.33496,0.71461,10.92467,0.22155,2.79763,-0.07314,85.665,23676.0,1266.431
6.448384652000022,-0.9671,0.50296,13.86131,0.00525,3.82716,-0.29767,0.27988,0.79689,10.79332,0.21497,2.80831,-0.06497,85.357,23676.0,1143.333
6.453384652000022,-1.48867,0.49152,13.90317,0.01081,3.84322,-0.28618,-0.85272,1.06658,10.59354,0.20839,2.819,-0.0568,84.992,23112.236,1102.0
6.458384652000022,-2.26353,0.52658,13.97533,0.02252,3.8294,-0.27461,-2.53,1.43099,10.35916,0.20181,2.82968,-0.04862,84.597,22263.485,1102.0
6.4633846520000215,-3.03839,0.56164,14.04749,0.03423,3.81558,-0.26305,-4.20728,1.79541,10.12479,0.19522,2.84037,-0.04045,84.201,21976.0,873.87
6.468384652000021,-3.81325,0.5967,14.11965,0.04594,3.80176,-0.25149,-5.88456,2.15982,9.89042,0.18864,2.85106,-0.03227,83.806,21976.0,528.89
6.473384652000021,-3.94661,0.67754,13.83725,0.05766,3.78794,-0.23993,-6.48996,2.32585,9.501,0.14595,2.76774,-0.06894,83.381,20021.616,412.0
6.478384652000021,-3.75121,0.78184,13.37314,0.06937,3.77412,-0.22837,-6.54606,2.39021,9.03211,0.08474,2.63624,-0.12858,82.941,17065.667,412.0
6.483384652000021,-3.55581,0.88614,12.90903,0.075,3.72668,-0.23296,-6.60215,2.45458,8.56323,0.02354,2.50474,-0.18822,82.591,16068.0,338.964
6.488384652000022,-3.36042,0.99044,12.44493,0.07754,3.66212,-0.24579,-6.65825,2.51894,8.09435,-0.03766,2.37325,-0.24786,82.287,16068.0,228.72
6.493384652000022,-3.16502,1.09473,11.98082,0.08008,3.59756,-0.25861,-6.71435,2.5833,7.62546,-0.06765,2.26207,-0.28042,81.808,13959.708,189.0
6.498384652000022,-2.96962,1.19903,11.51671,0.08262,3.533,-0.27144,-6.77044,2.64766,7.15658,-0.08007,2.16234,-0.29773,81.231,10664.012,189.0
6.503384652000022,-2.77423,1.30333,11.05261,0.08516,3.46844,-0.28427,-6.82654,2.71203,6.68769,-0.09248,2.06261,-0.31503,80.802,9549.0,167.811
6.5083846520000215,-2.57883,1.40763,10.5885,0.0877,3.40387,-0.29709,-6.88264,2.77639,6.21881,-0.10489,1.96288,-0.33234,80.451,9549.0,135.788
6.513384652000021,-2.28836,1.44895,10.06773,0.09024,3.33931,-0.30992,-6.5345,2.70483,5.61309,-0.1173,1.86316,-0.34965,79.982,7099.984,125.0
6.518384652000021,-1.9496,1.45829,9.51819,0.09278,3.27475,-0.32275,-5.98101,2.56422,4.93786,-0.12971,1.76343,-0.36696,79.455,3406.865,125.0
6.523384652000021,-1.61083,1.46762,8.96864,0.08157,3.19497,-0.32588,-5.42753,2.42361,4.26264,-0.14212,1.6637,-0.38426,78.898,2163.0,85.514
6.528384652000021,-1.27207,1.47696,8.41909,0.06338,3.10745,-0.3241,-4.87404,2.283,3.58741,-0.15454,1.56397,-0.40157,78.327,2163.0,25.976
6.533384652000022,-0.9333,1.48629,7.86954,0.04519,3.01994,-0.32231,-4.68354,2.19694,3.1413,-0.18185,1.41963,-0.39471,77.814,1510.047,6.0
6.538384652000022,-0.59454,1.49562,7.31999,0.027,2.93243,-0.32053,-4.67633,2.1384,2.81089,-0.2167,1.25276,-0.37565,77.331,527.406,6.0
6.543384652000022,-0.0395,1.33717,6.85232,0.0088,2.84491,-0.31874,-4.66912,2.07987,2.48047,-0.25154,1.08589,-0.35659,76.935,196.0,99.546
6.5483846520000215,0.62561,1.09332,6.4263,-0.00939,2.7574,-0.31696,-4.66191,2.02134,2.15005,-0.28639,0.91902,-0.33752,76.583,196.0,240.696
6.553384652000021,1.29071,0.84947,6.00029,-0.02758,2.66988,-0.31517,-4.6547,1.96281,1.81964,-0.32123,0.75215,-0.31846,76.056,181.726,288.0
6.558384652000021,1.95582,0.60563,5.57427,-0.04577,2.58237,-0.31339,-4.64749,1.90428,1.48922,-0.35608,0.58528,-0.2994,75.442,160.258,288.0
6.563384652000021,2.62092,0.36178,5.14826,-0.06397,2.49486,-0.3116,-4.64028,1.84575,1.1588,-0.39092,0.41841,-0.28033,74.943,153.0,361.872
6.568384652000021,3.28603,0.11793,4.72225,-0.08216,2.40734,-0.30982,-4.63307,1.78722,0.82839,-0.42577,0.25154,-0.26127,74.503,153.0,473.475
6.573384652000022,3.81285,-0.02655,4.76784,-0.1088,2.20431,-0.22184,-4.43257,1.6263,0.97801,-0.45407,0.07952,-0.1954,74.151,134.764,511.0
6.578384652000022,4.26962,-0.12071,5.05234,-0.13973,1.94277,-0.0902,-4.13415,1.41353,1.37079,-0.47907,-0.09511,-0.10582,73.844,107.289,511.0
6.583384652000022,4.72639,-0.21486,5.33683,-0.17066,1.68123,0.04143,-3.83574,1.20075,1.76358,-0.50407,-0.26973,-0.01625,73.478,98.0,485.846
6.5883846520000215,5.18316,-0.30901,5.62133,-0.20159,1.41968,0.17307,-3.53733,0.98797,2.15636,-0.52907,-0.44436,0.07333,73.083,98.0,447.842
6.593384652000021,5.63993,-0.40317,5.90582,-0.23252,1.15814,0.30471,-3.23891,0.7752,2.54915,-0.55406,-0.61899,0.16291,72.716,86.413,435.0
6.598384652000021,6.0967,-0.49732,6.19032,-0.26345,0.89659,0.43634,-2.9405,0.56242,2.94194,-0.57906,-0.79361,0.25249,72.365,68.914,435.0
6.603384652000021,6.55347,-0.59147,6.47481,-0.29438,0.63505,0.56798,-2.82057,0.74874,2.97945,-0.60406,-0.96824,0.34206,72.071,63.0,927.8
6.608384652000021,7.01024,-0.68563,6.75931,-0.32531,0.37351,0.69962,-2.79175,1.13876,2.83564,-0.62906,-1.14287,0.43164,71.807,63.0,1672.138
6.613384652000022,6.26522,-0.3218,6.60092,-0.34568,0.09036,0.6612,-2.76292,1.52878,2.69182,-0.62906,-1.27988,0.39568,71.573,67.98,1922.0
6.618384652000022,4.91293,0.27345,6.21874,-0.36071,-0.2037,0.53685,-2.73409,1.91881,2.548,-0.61644,-1.39788,0.29628,71.353,75.476,1922.0
6.623384652000022,3.56064,0.8687,5.83656,-0.37575,-0.49776,0.4125,-3.13167,1.99511,2.53692,-0.60381,-1.51588,0.19688,71.25,78.0,2843.635
6.628384652000022,2.20835,1.46395,5.45438,-0.39079,-0.79181,0.28815,-3.74568,1.91217,2.59323,-0.59119,-1.63388,0.09748,71.206,78.0,4233.091
6.6333846520000215,1.66715,1.62509,5.45803,-0.40582,-1.08587,0.1638,-4.35969,1.82924,2.64953,-0.57856,-1.75188,-0.00192,71.191,70.03,4699.0
6.638384652000021,1.53512,1.56723,5.65633,-0.42086,-1.37993,0.03945,-4.9737,1.7463,2.70583,-0.56594,-1.86988,-0.10132,71.191,58.039,4699.0
6.643384652000021,1.40309,1.50937,5.85463,-0.40466,-1.57661,-0.03599,-5.58771,1.66336,2.76213,-0.55331,-1.98788,-0.20072,71.221,54.0,5649.019
6.648384652000021,1.27106,1.4515,6.05293,-0.3726,-1.72382,-0.08659,-6.20172,1.58042,2.81844,-0.54069,-2.10588,-0.30012,71.265,54.0,7081.514
6.653384652000021,1.13903,1.39364,6.25123,-0.34054,-1.87104,-0.13718,-6.81573,1.49748,2.87474,-0.51745,-2.19369,-0.36527,71.308,37.151,7562.0
6.658384652000022,1.007,1.33578,6.44953,-0.30847,-2.01826,-0.18778,-7.42975,1.41455,2.93104,-0.48886,-2.26626,-0.41313,71.352,11.797,7562.0
6.663384652000022,0.82543,1.36898,6.50613,-0.27641,-2.16547,-0.23837,-7.30397,1.3113,2.96388,-0.46026,-2.33883,-0.46099,71.367,3.0,9179.967
6.668384652000022,0.61754,1.45056,6.48744,-0.24435,-2.31269,-0.28897,-6.78507,1.19727,2.98424,-0.43167,-2.41139,-0.50885,71.367,3.0,11657.7
6.6733846520000215,0.40965,1.53214,6.46875,-0.21228,-2.45991,-0.33956,-6.26618,1.08323,3.0046,-0.40308,-2.48396,-0.55671,71.425,3.33,12489.0
6.678384652000021,0.20176,1.61373,6.45005,-0.18022,-2.60712,-0.39016,-5.74728,0.9692,3.02496,-0.37448,-2.55653,-0.60457,71.513,3.827,12489.0
6.683384652000021,-0.00613,1.69531,6.43136,-0.14816,-2.75434,-0.44075,-5.22838,0.85516,3.04533,-0.34589,-2.62909,-0.65244,71.601,4.0,13499.613
6.688384652000021,-0.21402,1.77689,6.41266,-0.1161,-2.90156,-0.49134,-4.70949,0.74113,3.06569,-0.31729,-2.70166,-0.7003,71.689,4.0,15047.644
6.693384652000021,-0.42191,1.85848,6.39397,-0.07996,-3.01299,-0.48543,-4.19059,0.62709,3.08605,-0.2887,-2.77423,-0.74816,71.806,3.668,15567.0
6.698384652000022,-0.6298,1.94006,6.37528,-0.04178,-3.10635,-0.45098,-3.6717,0.51306,3.10642,-0.26011,-2.8468,-0.79602,71.938,3.169,15567.0
6.703384652000022,-0.66152,1.99376,6.5713,-0.00359,-3.19972,-0.41653,-3.35102,0.32112,3.25708,-0.19284,-2.93524,-0.76312,72.041,3.0,16179.972
6.708384652000022,-0.60351,2.03325,6.8767,0.03459,-3.29308,-0.38208,-3.1313,0.08951,3.47412,-0.10588,-3.03177,-0.68907,72.128,3.0,17105.173
6.7133846520000215,-0.54549,2.07275,7.1821,0.07278,-3.38645,-0.34763,-2.91158,-0.14211,3.69115,-0.01892,-3.1283,-0.61503,72.245,3.33,17418.0
6.718384652000021,-0.48748,2.11224,7.4875,0.11096,-3.47981,-0.31318,-2.69186,-0.37373,3.90818,0.06804,-3.22483,-0.54098,72.377,3.829,17418.0
6.723384652000021,-0.42947,2.15174,7.7929,0.14915,-3.57318,-0.27873,-2.47214,-0.60534,4.12522,0.155,-3.32136,-0.46694,72.509,4.0,17754.991
6.728384652000021,-0.37146,2.19123,8.09829,0.18733,-3.66654,-0.24428,-2.25242,-0.83696,4.34225,0.24195,-3.4179,-0.3929,72.641,4.0,18267.121
6.733384652000021,-0.43089,2.27368,8.35905,0.22632,-3.73586,-0.15901,-2.12914,-0.88204,4.56795,0.29919,-3.47416,-0.31119,72.744,4.0,18439.0
6.738384652000021,-0.54966,2.37784,8.59726,0.2657,-3.79303,-0.04807,-2.05457,-0.83289,4.79802,0.34142,-3.51008,-0.2256,72.831,4.0,18439.0
6.743384652000022,-0.66842,2.482,8.83547,0.30509,-3.85019,0.06288,-1.98001,-0.78374,5.02808,0.38364,-3.546,-0.14002,72.919,4.0,18812.057
6.748384652000022,-0.78719,2.58615,9.07368,0.34448,-3.90736,0.17382,-1.90545,-0.73458,5.25815,0.42586,-3.58192,-0.05443,73.008,4.0,19382.884
6.753384652000022,-0.90596,2.69031,9.3119,0.38386,-3.96453,0.28477,-1.83088,-0.68543,5.48822,0.46809,-3.61784,0.03115,73.125,4.335,19569.0
6.7583846520000215,-1.02472,2.79446,9.55011,0.42325,-4.02169,0.39571,-1.75632,-0.63628,5.71829,0.51031,-3.65377,0.11674,73.257,4.832,19569.0
6.763384652000021,-1.14349,2.89862,9.78832,0.46264,-4.07886,0.50666,-1.571,-0.43265,6.22241,0.55254,-3.68969,0.20232,73.388,5.0,19663.188
6.768384652000021,-1.26225,3.00278,10.02653,0.50202,-4.13603,0.6176,-1.32934,-0.15041,6.86597,0.59476,-3.72561,0.28791,73.52,5.0,19805.298
6.773384652000021,-1.49837,3.06662,10.34883,0.51796,-4.1857,0.71172,-1.08767,0.13183,7.50954,0.63698,-3.76153,0.37349,73.623,4.005,19853.0
6.778384652000021,-1.79378,3.11009,10.71362,0.52206,-4.23159,0.79732,-0.84601,0.41407,8.1531,0.67921,-3.79745,0.45908,73.71,2.508,19853.0
6.783384652000022,-2.08919,3.15356,11.07842,0.52615,-4.27748,0.88293,-0.95386,0.65784,8.5056,0.70116,-3.83614,0.52699,73.828,2.0,20035.747
6.788384652000022,-2.38459,3.19704,11.44321,0.53024,-4.32337,0.96854,-1.24104,0.88188,8.70877,0.71271,-3.87625,0.58584,73.96,2.0,20312.248
6.793384652000022,-2.68,3.24051,11.80801,0.53433,-4.36926,1.05415,-1.52821,1.10592,8.91194,0.72426,-3.91636,0.6447,74.121,2.0,20405.0
6.7983846520000215,-2.97541,3.28398,12.1728,0.53843,-4.41515,1.13976,-1.81538,1.32996,9.11511,0.73581,-3.95647,0.70355,74.296,2.0,20405.0
6.803384652000021,-3.31287,3.35295,12.55121,0.5398,-4.44394,1.143,-2.10255,1.554,9.31828,0.74735,-3.99658,0.7624,74.472,2.0,20439.762
6.808384652000021,-3.67192,3.43501,12.9366,0.53978,-4.46396,1.10398,-2.38973,1.77805,9.52146,0.7589,-4.03669,0.82125,74.648,2.0,20492.362
6.813384652000021,-4.03096,3.51706,13.322,0.53976,-4.48398,1.06496,-2.6769,2.00209,9.72463,0.75666,-4.04241,0.80178,74.824,2.332,20510.0
6.818384652000021,-4.39,3.59912,13.70739,0.53974,-4.504,1.02594,-2.96407,2.22613,9.9278,0.74746,-4.03079,0.74279,75.0,2.832,20510.0
6.823384652000022,-4.80413,3.51323,13.94825,0.53972,-4.52402,0.98692,-3.20127,2.38478,10.14534,0.73826,-4.01916,0.6838,75.146,3.0,20548.131
6.828384652000022,-5.24613,3.3424,14.116,0.5397,-4.54404,0.9479,-3.41318,2.51035,10.37015,0.72905,-4.00753,0.62481,75.278,3.0,20605.549
6.833384652000022,-5.68813,3.17157,14.28375,0.53969,-4.56406,0.90887,-3.62509,2.63592,10.59496,0.71985,-3.99591,0.56582,75.497,2.669,20625.0
6.8383846520000215,-6.13012,3.00073,14.4515,0.53967,-4.58408,0.86985,-3.837,2.7615,10.81977,0.71065,-3.98428,0.50683,75.76,2.169,20625.0
6.843384652000021,-6.57212,2.8299,14.61925,0.53965,-4.6041,0.83083,-4.04891,2.88707,11.04458,0.70145,-3.97265,0.44784,76.053,2.0,20716.768
6.848384652000021,-7.01412,2.65907,14.787,0.53963,-4.62412,0.79181,-4.26082,3.01264,11.26939,0.69224,-3.96102,0.38886,76.361,2.0,20855.442
6.853384652000021,-7.21502,2.45563,14.84749,0.52841,-4.62358,0.69764,-4.36429,3.02092,11.41751,0.68304,-3.9494,0.32987,76.551,2.655,20902.0
6.858384652000021,-7.29406,2.23571,14.85376,0.51154,-4.61264,0.5756,-4.41296,2.96991,11.52688,0.67384,-3.93777,0.27088,76.681,3.641,20902.0
6.863384652000021,-7.3731,2.01579,14.86004,0.49467,-4.60169,0.45356,-4.46162,2.9189,11.63624,0.65528,-3.90369,0.18333,76.87,4.0,20984.544
6.868384652000022,-7.45214,1.79586,14.86631,0.4778,-4.59075,0.33152,-4.51028,2.86789,11.7456,0.63137,-3.85678,0.07946,77.093,4.0,21114.281
6.873384652000022,-7.53118,1.57594,14.87259,0.46093,-4.57981,0.20947,-4.55895,2.81689,11.85496,0.60746,-3.80987,-0.02441,77.372,3.336,21158.0
6.878384652000022,-7.61022,1.35602,14.87886,0.44406,-4.56887,0.08743,-4.60761,2.76588,11.96432,0.58355,-3.76296,-0.12829,77.68,2.336,21158.0
6.8833846520000215,-7.68926,1.1361,14.88514,0.42718,-4.55793,-0.03461,-4.65628,2.71487,12.07368,0.55963,-3.71605,-0.23216,77.988,2.0,21058.637
6.888384652000021,-7.7683,0.91618,14.89141,0.41031,-4.54699,-0.15665,-4.70494,2.66386,12.18304,0.53572,-3.66914,-0.33603,78.295,2.0,20909.106
6.893384652000021,-7.67907,0.72966,14.87778,0.38015,-4.48489,-0.22231,-3.9551,2.17379,12.37924,0.51181,-3.62223,-0.43991,78.544,2.332,20859.0
6.898384652000021,-7.50503,0.55997,14.85412,0.34328,-4.397,-0.25956,-2.80285,1.46244,12.61921,0.4879,-3.57531,-0.54378,78.764,2.832,20859.0
6.903384652000021,-7.331,0.39029,14.83046,0.30642,-4.30911,-0.29681,-2.21965,1.10204,12.72267,0.46271,-3.49379,-0.55733,78.984,3.0,20759.712
6.908384652000022,-7.15696,0.22061,14.80679,0.26955,-4.22122,-0.33406,-1.92453,0.91931,12.75702,0.43688,-3.39475,-0.52514,79.204,3.0,20610.157
6.913384652000022,-6.98293,0.05092,14.78313,0.23269,-4.13333,-0.37131,-1.62942,0.73657,12.79137,0.41105,-3.2957,-0.49296,79.423,-2.314,20560.0
6.918384652000022,-6.80889,-0.11876,14.75947,0.19582,-4.04544,-0.40856,-1.33431,0.55384,12.82572,0.38521,-3.19666,-0.46078,79.643,-10.31,20560.0
6.9233846520000215,-6.83447,-0.10144,14.61849,0.18269,-3.93916,-0.37484,-1.0392,0.37111,12.86007,0.35938,-3.09761,-0.42859,79.892,-13.0,20282.041
6.928384652000021,-6.96127,0.01072,14.41802,0.1816,-3.82356,-0.30512,-0.74409,0.18837,12.89442,0.33355,-2.99857,-0.39641,80.155,-13.0,19863.121
6.933384652000021,-7.08807,0.12288,14.21755,0.18051,-3.70797,-0.2354,-0.44898,0.00564,12.92877,0.33397,-2.86805,-0.31886,80.39,-8.689,19722.0
6.938384652000021,-7.21488,0.23504,14.01708,0.17942,-3.59237,-0.16569,-0.15387,-0.17709,12.96312,0.34772,-2.72154,-0.21827,80.61,-2.189,19722.0
6.943384652000021,-7.34168,0.3472,13.81661,0.17833,-3.47677,-0.09597,-0.05943,-0.31611,13.07232,0.36148,-2.57504,-0.11768,80.8,0.0,19627.894
6.948384652000021,-7.46848,0.45935,13.61614,0.17724,-3.36117,-0.02625,-0.06687,-0.43293,13.21951,0.37524,-2.42853,-0.01709,80.976,0.0,19486.014
6.953384652000022,-8.48828,0.56558,13.65446,0.17615,-3.24557,0.04347,-0.07431,-0.54976,13.36671,0.38899,-2.28203,0.08351,81.093,-0.662,19438.0
6.958384652000022,-9.96485,0.66878,13.81492,0.17506,-3.12997,0.11319,-0.08175,-0.66658,13.5139,0.40275,-2.13552,0.1841,81.181,-1.664,19438.0
6.9633846520000215,-11.44143,0.77198,13.97538,0.17397,-3.01437,0.18291,-0.0892,-0.7834,13.6611,0.41651,-1.98902,0.28469,81.211,-2.0,19693.675
6.968384652000021,-12.918,0.87517,14.13583,0.17288,-2.89877,0.25262,-0.09664,-0.90023,13.80829,0.43026,-1.84251,0.38528,81.211,-2.0,20078.627
6.973384652000021,-14.39457,0.97837,14.29629,0.14226,-2.51039,0.3632,-0.10408,-1.01705,13.95549,0.40841,-1.54356,0.49996,81.211,-2.99,20209.0
6.978384652000021,-15.87115,1.08157,14.45675,0.09651,-1.98231,0.4947,-0.11152,-1.13388,14.10268,0.36833,-1.16654,0.62185,81.211,-4.486,20209.0
6.983384652000021,-17.1098,0.74866,14.47316,0.05077,-1.45423,0.62619,-0.17133,-1.20964,14.55915,0.32825,-0.78952,0.74373,81.182,-5.0,21055.235
6.988384652000021,-18.22407,0.18775,14.41425,0.00503,-0.92615,0.75769,-0.25853,-1.26393,15.1773,0.28816,-0.41249,0.86562,81.138,-5.0,22343.889
6.993384652000022,-19.33834,-0.37316,14.35535,-0.04071,-0.39806,0.88919,-0.34572,-1.31822,15.79545,0.24808,-0.03547,0.98751,81.123,4.604,22779.0
6.998384652000022,-20.45261,-0.93406,14.29644,-0.08645,0.13002,1.02069,-0.43292,-1.37252,16.41361,0.208,0.34155,1.10939,81.123,19.103,22779.0
7.003384652000022,-21.56688,-1.49497,14.23754,-0.1322,0.6581,1.15218,-0.52012,-1.42681,17.03176,0.16792,0.71857,1.23128,81.094,24.0,23147.168
7.0083846520000215,-22.68115,-2.05588,14.17863,-0.17794,1.18618,1.28368,-0.60731,-1.48111,17.64991,0.12783,1.09559,1.35317,81.05,24.0,23703.087
7.013384652000021,-23.79541,-2.61678,14.11973,-0.1994,1.41065,1.20031,-0.69451,-1.5354,18.26807,0.08775,1.47261,1.47505,81.035,15.167,24266.026
7.018384652000021,-24.90968,-3.17769,14.06082,-0.20775,1.4712,1.00093,-0.78171,-1.58969,18.88622,0.04767,1.84963,1.59694,81.035,1.566,24832.756
7.023384652000021,-22.16123,-3.26377,13.70708,-0.21611,1.53174,0.80155,-1.22548,-0.98683,17.90252,0.0228,1.96995,1.4872,81.006,-3.0,25023.0
7.028384652000021,-17.46089,-3.10992,13.20436,-0.22446,1.59229,0.60218,-1.84944,-0.05189,16.10937,0.00563,1.96056,1.26043,80.962,-3.0,25023.0
7.033384652000022,-12.76054,-2.95607,12.70163,-0.23281,1.65283,0.4028,-2.47341,0.88305,14.31622,-0.01155,1.95116,1.03365,80.889,-0.677,25023.0
7.038384652000022,-8.06019,-2.80222,12.19891,-0.24117,1.71338,0.20342,-3.09737,1.81799,12.52307,-0.02872,1.94176,0.80687,80.801,2.826,25023.0
7.043384652000022,-3.35984,-2.64836,11.69618,-0.24952,1.77393,0.00404,-1.9199,1.37662,11.11958,-0.0459,1.93236,0.58009,80.771,4.0,25113.63
7.0483846520000215,1.34051,-2.49451,11.19346,-0.25787,1.83447,-0.19534,0.16616,0.24106,9.91261,-0.06307,1.92297,0.35331,80.771,4.0,25249.972
7.053384652000021,2.97631,-2.05794,10.87287,-0.22985,1.86286,-0.25489,2.25222,-0.89449,8.70565,-0.08024,1.91357,0.12654,80.743,4.319,25301.0
7.058384652000021,2.77913,-1.45227,10.66124,-0.18007,1.87201,-0.2308,4.33829,-2.03005,7.49868,-0.09742,1.90417,-0.10024,80.699,4.828,25301.0
7.063384652000021,2.58194,-0.8466,10.4496,-0.13029,1.88116,-0.20672,4.47818,-2.13769,7.25605,-0.07608,1.88085,-0.1425,80.684,5.0,25345.1
7.068384652000021,2.38476,-0.24094,10.23796,-0.0805,1.89031,-0.18263,3.63014,-1.72353,7.50294,-0.0352,1.85044,-0.09108,80.684,5.0,25411.586
7.073384652000021,2.18758,0.36473,10.02633,-0.03072,1.89947,-0.15855,2.78211,-1.30937,7.74983,0.00568,1.82004,-0.03967,80.654,4.668,25434.0
7.078384652000022,1.99039,0.9704,9.81469,0.01906,1.90862,-0.13446,1.93408,-0.89522,7.99672,0.04656,1.78964,0.01174,80.61,4.168,25434.0
7.083384652000022,1.78083,1.21786,10.18173,0.03988,1.83071,-0.12804,1.08604,-0.48106,8.2436,0.08745,1.75924,0.06315,80.654,4.0,25427.017
7.0883846520000215,1.56501,1.28429,10.84121,0.04607,1.70882,-0.13056,0.23801,-0.0669,8.49049,0.12833,1.72884,0.11456,80.742,4.0,25416.505
7.093384652000021,1.34919,1.35073,11.50068,0.05226,1.58692,-0.13307,-0.61002,0.34725,8.73738,0.13051,1.62722,0.04914,80.83,2.335,25413.0
7.098384652000021,1.13337,1.41717,12.16015,0.05846,1.46502,-0.13559,-1.45806,0.76141,8.98427,0.11333,1.48999,-0.07473,80.918,-0.162,25413.0
7.103384652000021,0.91756,1.48361,12.81963,0.06465,1.34312,-0.13811,-2.58272,1.1578,9.1614,0.09616,1.35275,-0.1986,81.006,0.66,25518.225
7.108384652000021,0.70174,1.55005,13.4791,0.07084,1.22122,-0.14062,-3.84709,1.54522,9.3033,0.07898,1.21551,-0.32247,81.093,3.158,25676.594
7.113384652000021,0.6171,1.6117,13.38423,0.07703,1.09932,-0.14314,-5.11147,1.93264,9.44519,0.0618,1.07828,-0.44633,81.211,4.0,25730.0
7.118384652000022,0.59921,1.67092,12.90556,0.08322,0.97743,-0.14565,-6.37584,2.32007,9.58709,0.04463,0.94104,-0.5702,81.342,4.0,25730.0
7.123384652000022,0.58132,1.73014,12.42688,0.08941,0.85553,-0.14817,-7.64022,2.70749,9.72899,0.02745,0.8038,-0.69407,81.416,4.0,25726.677
7.128384652000022,0.56343,1.78937,11.94821,0.0956,0.73363,-0.15068,-8.9046,3.09491,9.87088,0.01028,0.66657,-0.81794,81.46,4.0,25721.678
7.1333846520000215,0.54554,1.84859,11.46953,0.10179,0.61173,-0.1532,-8.15431,3.05274,9.89596,0.01666,0.6298,-0.8057,81.533,9.974,25626.74
7.138384652000021,0.52765,1.90781,10.99086,0.10799,0.48983,-0.15571,-6.3862,2.79355,9.862,0.03493,0.64378,-0.72469,81.621,18.966,25486.364
7.143384652000021,0.63991,1.87411,10.78324,0.10628,0.43969,-0.16199,-4.6181,2.53435,9.82805,0.05321,0.65776,-0.64369,81.767,146.301,25439.0
7.148384652000021,0.81844,1.79309,10.71366,0.10056,0.42609,-0.17019,-2.84999,2.27516,9.7941,0.07149,0.67175,-0.56269,81.943,333.899,25439.0
7.153384652000021,0.99697,1.71206,10.64408,0.09484,0.41248,-0.17839,-1.08188,2.01596,9.76015,0.08977,0.68573,-0.48168,82.089,397.0,25439.0
7.158384652000021,1.1755,1.63104,10.57449,0.08912,0.39888,-0.18658,0.68623,1.75677,9.7262,0.10805,0.69971,-0.40068,82.221,397.0,25439.0
7.163384652000022,1.35402,1.55002,10.50491,0.0834,0.38528,-0.19478,2.45434,1.49757,9.69225,0.12633,0.7137,-0.31968,82.353,397.0,25527.254
7.168384652000022,1.53255,1.46899,10.43533,0.07768,0.37167,-0.20298,4.22245,1.23838,9.6583,0.14461,0.72768,-0.23867,82.485,397.0,25660.359
7.1733846520000215,1.71108,1.38797,10.36575,0.07196,0.35807,-0.21118,4.32665,0.92,9.66739,0.15411,0.71441,-0.20372,82.588,1299.419,25880.904
7.178384652000021,1.88961,1.30695,10.29616,0.06624,0.34446,-0.21938,3.5912,0.57175,9.69821,0.15917,0.68739,-0.192,82.675,2657.22,26145.572
7.183384652000021,1.92436,1.24038,10.32403,0.07388,0.31923,-0.20751,2.85576,0.2235,9.72903,0.16423,0.66037,-0.18028,82.734,3116.0,26235.0
7.188384652000021,1.88573,1.18119,10.40163,0.08834,0.28807,-0.18541,2.12031,-0.12474,9.75984,0.16929,0.63334,-0.16857,82.778,3116.0,26235.0
7.193384652000021,1.84711,1.122,10.47923,0.1028,0.2569,-0.16331,1.38487,-0.47299,9.79066,0.17436,0.60632,-0.15685,82.88,3433.688,26235.0
7.198384652000021,1.80848,1.06281,10.55682,0.11726,0.22574,-0.14121,0.64942,-0.82124,9.82147,0.17942,0.5793,-0.14513,83.012,3911.79,26235.0
7.203384652000022,1.76985,1.00363,10.63442,0.13172,0.19457,-0.11911,0.41013,-0.33455,9.94856,0.18448,0.55227,-0.13341,83.144,4073.0,26199.212
7.208384652000022,1.73123,0.94444,10.71202,0.14619,0.16341,-0.09701,0.42324,0.57689,10.12462,0.18954,0.52525,-0.1217,83.276,4073.0,26145.219
7.2133846520000215,1.60871,1.00277,10.73495,0.14245,0.13931,-0.08549,0.43635,1.48833,10.30067,0.19461,0.49823,-0.10998,83.379,4629.127,26127.0
7.218384652000021,1.44346,1.12095,10.73003,0.12946,0.11881,-0.07936,0.44946,2.39977,10.47673,0.19967,0.47121,-0.09826,83.466,5468.466,26127.0
7.223384652000021,1.27821,1.23913,10.72512,0.11646,0.09832,-0.07322,0.44657,2.67804,10.53241,0.19014,0.4558,-0.08186,83.554,5752.0,26112.747
7.228384652000021,1.11296,1.35731,10.7202,0.10347,0.07782,-0.06709,0.43551,2.63331,10.52668,0.17318,0.44631,-0.06307,83.642,5752.0,26091.223
7.233384652000021,0.94772,1.47548,10.71528,0.09047,0.05732,-0.06095,0.42445,2.58858,10.52095,0.15621,0.43683,-0.04427,83.789,5732.412,26084.0
7.238384652000021,0.78247,1.59366,10.71037,0.07748,0.03682,-0.05482,0.41339,2.54385,10.51522,0.13924,0.42735,-0.02548,83.964,5702.93,26084.0
7.243384652000022,0.61722,1.71184,10.70545,0.06448,0.01632,-0.04868,0.40234,2.49912,10.50948,0.12227,0.41787,-0.00669,84.14,5693.0,26059.445
7.248384652000022,0.45198,1.83002,10.70054,0.05148,-0.00417,-0.04255,0.39128,2.45439,10.50375,0.10531,0.40838,0.0121,84.316,5693.0,26022.42
7.253384652000022,0.32752,1.81592,10.73088,0.03727,-0.00939,-0.03311,0.38022,2.40966,10.49802,0.09131,0.41052,0.02753,84.433,6223.09,26010.0
7.2583846520000215,0.22366,1.73504,10.77902,0.02244,-0.0069,-0.02201,0.36916,2.36493,10.49229,0.07881,0.41851,0.04125,84.52,7020.773,26010.0
7.263384652000021,0.11979,1.65416,10.82715,0.00762,-0.0044,-0.01091,0.35811,2.3202,10.48656,0.06632,0.42651,0.05497,84.636,7307.0,26045.348
7.268384652000021,0.01593,1.57329,10.87529,-0.00721,-0.00191,0.00019,0.34705,2.27547,10.48082,0.05382,0.43451,0.0687,84.77,7307.0,26100.477
7.273384652000021,-0.06758,1.53684,10.88284,-0.02204,0.00058,0.01129,0.31805,2.25025,10.50887,0.04133,0.44251,0.08242,84.931,7304.685,26119.0
7.278384652000021,-0.1408,1.52288,10.86986,-0.03686,0.00308,0.02239,0.27997,2.2349,10.55401,0.02883,0.4505,0.09615,85.106,7301.199,26119.0
7.283384652000021,-0.21401,1.50892,10.85687,-0.05169,0.00557,0.03349,0.24188,2.21956,10.59915,0.01633,0.4585,0.10987,85.253,7300.0,26054.443
7.288384652000022,-0.28723,1.49495,10.84389,-0.06652,0.00807,0.0446,0.2038,2.20421,10.64429,0.00384,0.4665,0.12359,85.385,7300.0,25956.038
7.293384652000022,-0.36045,1.48099,10.8309,-0.07397,0.01294,0.04497,0.16572,2.18886,10.68943,-0.00866,0.4745,0.13732,85.517,7438.182,25923.0
7.2983846520000215,-0.43366,1.46703,10.81792,-0.07769,0.01901,0.03993,0.12764,2.17352,10.73457,-0.02115,0.4825,0.15104,85.648,7646.206,25923.0
7.303384652000021,-0.45563,1.47129,10.791,-0.08141,0.02508,0.03488,0.01277,2.11699,10.67747,-0.02992,0.49428,0.14369,85.78,7718.0,25926.279
7.308384652000021,-0.45058,1.48515,10.75673,-0.08513,0.03115,0.02984,-0.14256,2.03875,10.56651,-0.03671,0.50805,0.12524,85.912,7718.0,25931.286
7.313384652000021,-0.44554,1.49901,10.72247,-0.08885,0.03723,0.02479,-0.29789,1.96052,10.45554,-0.04351,0.52183,0.10679,86.073,7754.347,25933.0
7.318384652000021,-0.4405,1.51287,10.6882,-0.09257,0.0433,0.01975,-0.45322,1.88228,10.34458,-0.0503,0.53561,0.08834,86.25,7809.605,25933.0
7.323384652000021,-0.43546,1.52674,10.65394,-0.09629,0.04937,0.0147,-0.47766,1.81825,10.28778,-0.0571,0.54938,0.06988,86.367,7828.0,25888.388
7.328384652000022,-0.43041,1.5406,10.61967,-0.10001,0.05544,0.00966,-0.43679,1.7613,10.25801,-0.0639,0.56316,0.05143,86.455,7828.0,25821.514
7.333384652000022,-0.42537,1.55446,10.58541,-0.10069,0.06662,0.00289,-0.39592,1.70436,10.22824,-0.0656,0.56659,0.03536,86.572,7900.606,25799.0
7.3383846520000215,-0.42033,1.56832,10.55114,-0.09982,0.08039,-0.00475,-0.35505,1.64741,10.19847,-0.06471,0.56476,0.02051,86.704,8010.063,25799.0
7.343384652000021,-0.36692,1.53085,10.52886,-0.09894,0.09417,-0.0124,-0.31418,1.59046,10.1687,-0.06382,0.56294,0.00565,86.806,8047.0,25767.164
7.348384652000021,-0.28889,1.46723,10.51269,-0.09807,0.10794,-0.02004,-0.27331,1.53352,10.13893,-0.06293,0.56112,-0.00921,86.894,8047.0,25719.113
7.353384652000021,-0.21086,1.40361,10.49651,-0.0972,0.12171,-0.02768,-0.26361,1.46685,10.12655,-0.06204,0.55929,-0.02407,87.011,8090.488,25703.0
7.358384652000021,-0.13283,1.33999,10.48034,-0.09633,0.13548,-0.03533,-0.26964,1.39528,10.12295,-0.06116,0.55747,-0.03893,87.143,8155.916,25703.0
7.363384652000021,-0.05479,1.27636,10.46417,-0.09546,0.14925,-0.04297,-0.27567,1.32371,10.11935,-0.06027,0.55564,-0.05378,87.246,8178.0,25625.826
7.368384652000021,0.02324,1.21274,10.44799,-0.09459,0.16303,-0.05061,-0.2817,1.25214,10.11575,-0.05938,0.55382,-0.06864,87.334,8178.0,25509.329
7.373384652000022,0.08164,1.20223,10.44374,-0.09102,0.17078,-0.05594,-0.28772,1.18057,10.11215,-0.05849,0.55199,-0.0835,87.422,8531.948,25470.0
7.378384652000022,0.13003,1.21877,10.44557,-0.08608,0.17548,-0.06008,-0.29375,1.109,10.10855,-0.0576,0.55017,-0.09836,87.51,9066.292,25470.0
7.3833846520000215,0.17842,1.23532,10.4474,-0.08113,0.18017,-0.06422,-0.29978,1.03743,10.10495,-0.05063,0.54747,-0.10403,87.598,9244.0,25483.641
7.388384652000021,0.22681,1.25186,10.44924,-0.07618,0.18486,-0.06836,-0.30581,0.96586,10.10135,-0.04063,0.54435,-0.10513,87.685,9244.0,25504.078
7.393384652000021,0.27519,1.26841,10.45107,-0.07124,0.18955,-0.07251,-0.30889,0.9806,10.09522,-0.03063,0.54122,-0.10624,87.803,9397.347,25511.0
7.398384652000021,0.32358,1.28495,10.4529,-0.06629,0.19424,-0.07665,-0.31046,1.03953,10.0878,-0.02062,0.53809,-0.10734,87.935,9629.221,25511.0
7.403384652000021,0.37197,1.3015,10.45473,-0.06134,0.19894,-0.08079,-0.31203,1.09847,10.08038,-0.01062,0.53497,-0.10844,88.037,9705.0,25445.411
7.408384652000021,0.42036,1.31804,10.45656,-0.0564,0.20363,-0.08494,-0.3136,1.1574,10.07296,-0.00062,0.53184,-0.10954,88.125,9705.0,25347.98
7.413384652000022,0.43735,1.3045,10.46592,-0.05221,0.20573,-0.08613,-0.30585,1.17562,10.08048,0.00461,0.53123,-0.10883,88.213,9814.314,25315.0
7.418384652000022,0.43828,1.27555,10.47913,-0.0484,0.20651,-0.08581,-0.29332,1.173,10.09566,0.0074,0.53192,-0.1072,88.301,9979.565,25315.0
7.4233846520000215,0.4392,1.2466,10.49234,-0.0446,0.20729,-0.0855,-0.2808,1.17039,10.11083,0.01019,0.5326,-0.10556,88.388,10258.418,25310.02
7.428384652000021,0.44012,1.21765,10.50556,-0.04079,0.20807,-0.08518,-0.26827,1.16777,10.12601,0.01298,0.53329,-0.10393,88.476,10594.616,25302.527
7.433384652000021,0.44407,1.21545,10.52846,-0.03699,0.20885,-0.08487,-0.25575,1.16515,10.14118,0.01576,0.53397,-0.10229,88.564,10708.0,25300.0
7.438384652000021,0.44955,1.22685,10.55629,-0.03318,0.20963,-0.08455,-0.24323,1.16253,10.15635,0.01855,0.53466,-0.10066,88.652,10708.0,25300.0
7.443384652000021,0.45504,1.23826,10.58412,-0.02937,0.21041,-0.08424,-0.2307,1.15991,10.17153,0.02134,0.53534,-0.09902,88.74,10708.0,25257.777
7.448384652000021,0.46052,1.24967,10.61195,-0.02557,0.21119,-0.08392,-0.21818,1.1573,10.1867,0.02413,0.53603,-0.09739,88.828,10708.0,25193.632
7.453384652000022,0.46601,1.26107,10.63978,-0.02176,0.21197,-0.08361,-0.20565,1.15468,10.20188,0.02692,0.53671,-0.09576,88.916,11269.188,25172.0
7.458384652000022,0.4715,1.27248,10.66762,-0.01796,0.21274,-0.08329,-0.19313,1.15206,10.21705,0.02971,0.5374,-0.09412,89.004,12115.935,25172.0
7.4633846520000215,0.44664,1.28926,10.68038,-0.0204,0.22411,-0.08464,-0.14521,1.24469,10.28188,0.0258,0.54382,-0.08839,89.062,12401.0,25088.751
7.468384652000021,0.40639,1.30877,10.6855,-0.02602,0.24084,-0.08682,-0.07933,1.38565,10.37192,0.01849,0.55315,-0.08057,89.106,12401.0,24963.251
7.473384652000021,0.36613,1.32828,10.69061,-0.03164,0.25757,-0.08901,-0.01346,1.52661,10.46195,0.01119,0.56248,-0.07275,89.179,12580.951,24921.0
7.478384652000021,0.32588,1.3478,10.69573,-0.03726,0.2743,-0.09119,0.05242,1.66758,10.55198,0.00388,0.57181,-0.06494,89.267,12852.23,24921.0
7.483384652000021,0.28563,1.36731,10.70085,-0.04288,0.29104,-0.09338,-0.00669,1.70384,10.54716,-0.00342,0.58114,-0.05712,89.355,12944.0,24819.284
7.488384652000021,0.24537,1.38682,10.70597,-0.0485,0.30777,-0.09556,-0.12969,1.68656,10.49384,-0.01073,0.59047,-0.04931,89.443,12944.0,24665.568
7.493384652000021,0.22572,1.37832,10.6989,-0.05148,0.3193,-0.09595,-0.25269,1.66929,10.44052,-0.01533,0.59988,-0.04764,89.531,13287.937,24556.954
7.498384652000022,0.21646,1.35568,10.68568,-0.05314,0.32821,-0.09543,-0.3757,1.65202,10.38721,-0.01856,0.60934,-0.04908,89.619,13805.505,24471.108
7.503384652000022,0.2072,1.33304,10.67247,-0.05479,0.33712,-0.09491,-0.39275,1.63689,10.37491,-0.02179,0.6188,-0.05051,89.678,13981.0,24442.0
7.5083846520000215,0.19795,1.3104,10.65925,-0.05645,0.34603,-0.09439,-0.35544,1.62286,10.38365,-0.02503,0.62826,-0.05195,89.722,13981.0,24442.0
7.513384652000021,0.18869,1.28776,10.64603,-0.0581,0.35494,-0.09387,-0.31814,1.60883,10.39239,-0.02826,0.63773,-0.05339,89.794,14120.475,24442.0
7.518384652000021,0.17943,1.26512,10.63282,-0.05975,0.36385,-0.09336,-0.28083,1.59481,10.40113,-0.03149,0.64719,-0.05482,89.882,14330.743,24442.0
7.523384652000021,0.17017,1.24248,10.6196,-0.06141,0.37275,-0.09284,-0.24353,1.58078,10.40987,-0.03472,0.65665,-0.05626,89.999,14403.0,24393.563
7.528384652000021,0.16091,1.21984,10.60639,-0.06306,0.38166,-0.09232,-0.20622,1.56675,10.41861,-0.03795,0.66611,-0.0577,90.131,14403.0,24319.765
7.533384652000021,0.15088,1.21775,10.59914,-0.06521,0.402,-0.09473,-0.16891,1.55272,10.42736,-0.04119,0.67557,-0.05914,90.205,14815.605,24295.0
7.538384652000022,0.14045,1.22603,10.59491,-0.06762,0.42811,-0.09863,-0.13161,1.53869,10.4361,-0.04442,0.68503,-0.06057,90.249,15436.606,24295.0
7.543384652000022,0.13001,1.2343,10.59068,-0.07002,0.45422,-0.10252,-0.0943,1.52466,10.44484,-0.04819,0.70053,-0.06325,90.293,15646.0,24193.185
7.5483846520000215,0.11958,1.24258,10.58645,-0.07242,0.48034,-0.10641,-0.057,1.51063,10.45358,-0.05223,0.71911,-0.06655,90.337,15646.0,24039.573
7.553384652000021,0.10915,1.25086,10.58222,-0.07482,0.50645,-0.11031,-0.10345,1.50291,10.44688,-0.05627,0.73769,-0.06985,90.41,15677.844,23988.0
7.558384652000021,0.09872,1.25914,10.578,-0.07723,0.53256,-0.1142,-0.19223,1.49838,10.43237,-0.06031,0.75627,-0.07315,90.498,15725.784,23988.0
7.563384652000021,0.04571,1.23125,10.56682,-0.07858,0.55746,-0.1172,-0.28101,1.49385,10.41785,-0.06435,0.77484,-0.07645,90.556,15742.0,23858.429
7.568384652000021,-0.02906,1.18487,10.5521,-0.0794,0.58175,-0.11973,-0.36979,1.48932,10.40334,-0.06839,0.79342,-0.07976,90.6,15742.0,23662.627
7.573384652000021,-0.10383,1.13849,10.53738,-0.08023,0.60603,-0.12226,-0.38781,1.51137,10.40689,-0.0752,0.81313,-0.08435,90.644,15944.199,23597.0
7.578384652000021,-0.1786,1.09211,10.52266,-0.08105,0.63031,-0.1248,-0.37015,1.54684,10.41955,-0.0834,0.83341,-0.08959,90.688,16248.335,23597.0
7.583384652000022,-0.20199,1.10826,10.51716,-0.08187,0.6546,-0.12733,-0.35249,1.5823,10.4322,-0.0916,0.85369,-0.09483,90.732,16509.163,23440.826
7.5883846520000215,-0.1992,1.15626,10.51635,-0.08269,0.67888,-0.12986,-0.33483,1.61776,10.44485,-0.0998,0.87397,-0.10007,90.776,16747.923,23205.07
7.593384652000021,-0.19641,1.20426,10.51554,-0.08351,0.70317,-0.13239,-0.31718,1.65322,10.45751,-0.108,0.89425,-0.10531,90.791,16828.0,23126.0
7.598384652000021,-0.19361,1.25226,10.51473,-0.08434,0.72745,-0.13493,-0.29952,1.68869,10.47016,-0.1162,0.91453,-0.11055,90.791,16828.0,23126.0
7.603384652000021,-0.19082,1.30026,10.51392,-0.08516,0.75173,-0.13746,-0.28186,1.72415,10.48282,-0.1244,0.93481,-0.11579,90.791,16828.0,23033.136
7.608384652000021,-0.18803,1.34826,10.51312,-0.08598,0.77602,-0.13999,-0.2642,1.75961,10.49547,-0.1326,0.95509,-0.12102,90.791,16828.0,22893.066
7.613384652000021,-0.18524,1.39626,10.51231,-0.09096,0.8108,-0.14221,-0.24655,1.79507,10.50813,-0.1408,0.97536,-0.12626,90.791,17000.979,22846.0
7.618384652000021,-0.18245,1.44427,10.5115,-0.09805,0.85088,-0.14428,-0.22889,1.83054,10.52078,-0.14901,0.99564,-0.1315,90.791,17261.496,22846.0
7.623384652000022,-0.23027,1.44888,10.52761,-0.10513,0.89097,-0.14634,-0.13473,1.85984,10.55246,-0.15723,1.0295,-0.12844,90.791,17350.0,22509.558
7.628384652000022,-0.30414,1.43118,10.55243,-0.11222,0.93106,-0.1484,-0.0012,1.88598,10.59392,-0.16546,1.07033,-0.12111,90.791,17350.0,22000.009
7.6333846520000215,-0.378,1.41347,10.57725,-0.11931,0.97115,-0.15047,0.13233,1.91212,10.63538,-0.17369,1.11117,-0.11378,90.791,17398.797,21829.0
7.638384652000021,-0.45187,1.39577,10.60207,-0.12639,1.01124,-0.15253,0.26585,1.93826,10.67684,-0.18192,1.152,-0.10645,90.791,17472.243,21829.0
7.643384652000021,-0.52573,1.37806,10.62689,-0.13348,1.05133,-0.15459,0.07101,1.87239,10.73292,-0.19016,1.19284,-0.09912,90.791,17497.0,21452.55
7.648384652000021,-0.5996,1.36036,10.65171,-0.14057,1.09141,-0.15666,-0.29079,1.75973,10.79643,-0.19839,1.23368,-0.09178,90.791,17497.0,20884.688
7.653384652000021,-0.67346,1.34266,10.67653,-0.14765,1.1315,-0.15872,-0.65259,1.64708,10.85995,-0.2031,1.26186,-0.09179,90.791,17714.244,20694.0
7.658384652000021,-0.74732,1.32495,10.70135,-0.15474,1.17159,-0.16078,-1.0144,1.53443,10.92346,-0.20602,1.28364,-0.0955,90.791,18041.322,20694.0
7.663384652000022,-0.77056,1.3424,10.93388,-0.16478,1.21164,-0.15823,-1.11528,1.55251,11.04567,-0.20895,1.30543,-0.09921,90.791,18279.874,20532.998
7.668384652000022,-0.7679,1.37782,11.27264,-0.17632,1.25166,-0.15331,-1.08273,1.63745,11.19789,-0.21188,1.32721,-0.10293,90.791,18473.149,20289.652
7.6733846520000215,-0.76525,1.41325,11.6114,-0.18787,1.29169,-0.1484,-1.05017,1.7224,11.35012,-0.21481,1.349,-0.10664,90.791,18538.0,20208.0
7.678384652000021,-0.76259,1.44867,11.95016,-0.19941,1.33171,-0.14348,-1.01761,1.80734,11.50235,-0.21773,1.37078,-0.11035,90.791,18538.0,20208.0
7.683384652000021,-0.75993,1.4841,12.28891,-0.21096,1.37174,-0.13857,-0.98506,1.89229,11.65458,-0.22066,1.39257,-0.11407,90.762,18538.0,20059.946
7.688384652000021,-0.75727,1.51953,12.62767,-0.2225,1.41176,-0.13365,-0.9525,1.97723,11.8068,-0.22359,1.41435,-0.11778,90.718,18538.0,19837.061
7.693384652000021,-0.68439,1.55884,12.70832,-0.22764,1.46631,-0.12963,-0.91994,2.06217,11.95903,-0.22651,1.43613,-0.12149,90.703,18833.026,19762.0
7.698384652000021,-0.57585,1.60014,12.65791,-0.22951,1.52822,-0.12606,-0.88738,2.14712,12.11126,-0.22944,1.45792,-0.12521,90.703,19277.859,19762.0
7.703384652000021,-0.46731,1.64143,12.60749,-0.23139,1.59013,-0.12249,-0.73674,2.07277,12.16122,-0.22615,1.4892,-0.1117,90.674,19427.0,19244.589
7.708384652000022,-0.35876,1.68273,12.55708,-0.23326,1.65204,-0.11892,-0.52653,1.91807,12.15961,-0.21972,1.52526,-0.08952,90.63,19427.0,18466.206
7.7133846520000215,-0.25022,1.72402,12.50666,-0.23514,1.71396,-0.11535,-0.31633,1.76337,12.15799,-0.21329,1.56133,-0.06733,90.586,19718.679,18204.0
7.718384652000021,-0.14168,1.76532,12.45625,-0.23702,1.77587,-0.11178,-0.10612,1.60867,12.15638,-0.20686,1.59739,-0.04515,90.542,20158.526,18204.0
7.723384652000021,-0.12742,1.71754,12.52051,-0.23166,1.82953,-0.10489,0.10408,1.45398,12.15476,-0.20043,1.63346,-0.02296,90.469,20306.0,17179.925
7.728384652000021,-0.16072,1.62484,12.64261,-0.22265,1.87902,-0.09631,0.31429,1.29928,12.15315,-0.194,1.66952,-0.00078,90.381,20306.0,15639.3
7.733384652000021,-0.19401,1.53213,12.76472,-0.21365,1.92851,-0.08773,0.34229,1.18491,12.1803,-0.18757,1.70559,0.02141,90.293,20849.66,15120.0
7.738384652000021,-0.22731,1.43943,12.88682,-0.20464,1.97801,-0.07915,0.27765,1.09105,12.22209,-0.18114,1.74165,0.0436,90.205,21669.748,15120.0
7.743384652000021,-0.26061,1.34673,13.00893,-0.19563,2.0275,-0.07058,0.21302,0.99719,12.26388,-0.17043,1.7702,0.05352,90.147,21945.0,14371.73
7.748384652000022,-0.2939,1.25403,13.13104,-0.18663,2.07699,-0.062,0.14838,0.90333,12.30566,-0.15756,1.79495,0.05725,90.103,21945.0,13245.432
7.753384652000022,-0.32816,1.21984,13.17733,-0.17762,2.12649,-0.05342,0.08374,0.80946,12.34745,-0.14468,1.81971,0.06099,90.0,22080.98,12866.0
7.7583846520000215,-0.36291,1.21538,13.18512,-0.16861,2.17598,-0.04484,0.0191,0.7156,12.38923,-0.13181,1.84446,0.06472,89.869,22286.042,12866.0
7.763384652000021,-0.39766,1.21093,13.1929,-0.15961,2.22547,-0.03627,-0.04553,0.62174,12.43102,-0.11894,1.86921,0.06845,89.737,22355.0,12095.173
7.768384652000021,-0.4324,1.20647,13.20069,-0.1506,2.27496,-0.02769,-0.11017,0.52788,12.47281,-0.10607,1.89397,0.07218,89.605,22355.0,10933.806
7.773384652000021,-0.46715,1.20201,13.20847,-0.13658,2.32806,-0.04024,-0.29471,0.56784,12.30402,-0.09319,1.91872,0.07591,89.473,22651.028,10539.0
7.778384652000021,-0.5019,1.19755,13.21626,-0.11998,2.383,-0.06366,-0.54101,0.67674,12.02678,-0.08032,1.94347,0.07964,89.341,23099.521,10539.0
7.783384652000021,-0.53665,1.1931,13.22404,-0.10338,2.43795,-0.08708,-0.7873,0.78563,11.74954,-0.06745,1.96823,0.08337,89.18,23250.0,8712.151
7.788384652000022,-0.57139,1.18864,13.23183,-0.08678,2.49289,-0.11051,-1.03359,0.89452,11.47231,-0.05458,1.99298,0.08711,89.005,23250.0,5962.859
7.793384652000022,-0.62564,1.25029,13.17988,-0.07018,2.54783,-0.13393,-0.92708,0.8842,11.30508,-0.02805,2.03269,0.06906,88.858,23335.894,5036.0
7.7983846520000215,-0.6898,1.34557,13.09754,-0.05358,2.60278,-0.15736,-0.64114,0.81326,11.19381,0.00543,2.08001,0.03995,88.726,23465.472,5036.0
7.803384652000021,-0.75396,1.44085,13.01521,-0.03698,2.65772,-0.18078,-0.35519,0.74232,11.08254,0.0389,2.12733,0.01083,88.565,23509.0,4236.996
7.808384652000021,-0.81812,1.53613,12.93288,-0.02039,2.71267,-0.20421,-0.06925,0.67138,10.97127,0.07238,2.17465,-0.01828,88.389,23509.0,3033.816
7.813384652000021,-0.88228,1.6314,12.85055,-0.00555,2.77617,-0.21922,0.2167,0.60044,10.86,0.10585,2.22197,-0.0474,88.185,23598.081,2627.0
7.818384652000021,-0.94644,1.72668,12.76822,0.00838,2.84403,-0.22994,0.50264,0.5295,10.74873,0.13933,2.26929,-0.07651,87.965,23732.669,2627.0
7.823384652000021,-0.97825,1.63264,12.65223,0.02231,2.9119,-0.24066,0.44176,0.49551,10.61566,0.15962,2.29499,-0.08616,87.745,23930.72,2218.531
7.828384652000021,-0.99362,1.44244,12.51915,0.03624,2.97977,-0.25137,0.20474,0.48029,10.47151,0.17323,2.3097,-0.08592,87.526,24161.002,1602.615
7.833384652000022,-1.009,1.25224,12.38607,0.05017,3.04763,-0.26209,-0.03227,0.46508,10.32735,0.18683,2.32442,-0.08568,87.277,24239.0,1394.0
7.8383846520000215,-1.02437,1.06205,12.25298,0.0641,3.1155,-0.27281,-0.26929,0.44986,10.1832,0.20044,2.33914,-0.08543,87.012,24239.0,1394.0
7.843384652000021,-1.03975,0.87185,12.1199,0.07803,3.18337,-0.28353,-0.50631,0.43465,10.03905,0.21404,2.35386,-0.08519,86.632,24239.0,1265.782
7.848384652000021,-1.05512,0.68165,11.98682,0.09196,3.25123,-0.29424,-0.74333,0.41943,9.8949,0.22764,2.36857,-0.08495,86.192,24239.0,1072.798
7.853384652000021,-1.31942,0.53288,12.07256,0.10092,3.32676,-0.27466,-0.98035,0.40422,9.75075,0.24125,2.38329,-0.08471,85.87,16196.337,1008.0
7.858384652000021,-1.70955,0.40505,12.26893,0.10736,3.40615,-0.23975,-1.21737,0.389,9.6066,0.25485,2.39801,-0.08447,85.606,4088.139,1008.0
7.863384652000021,-2.09968,0.27722,12.46529,0.1138,3.48554,-0.20485,-1.45438,0.37378,9.46245,0.23444,2.39318,-0.06394,85.285,3.0,984.467
7.868384652000021,-2.48981,0.14939,12.66165,0.12025,3.56494,-0.16995,-1.6914,0.35857,9.3183,0.19672,2.37841,-0.03309,84.933,3.0,948.952
7.873384652000022,-2.87994,0.02156,12.85801,0.12669,3.64433,-0.13504,-2.13042,0.48664,9.38134,0.159,2.36363,-0.00223,84.523,7776.162,937.0
7.878384652000022,-3.27008,-0.10628,13.05438,0.13313,3.72372,-0.10014,-2.67191,0.68739,9.54949,0.12127,2.34886,0.02862,84.084,19492.39,937.0
7.8833846520000215,-3.6342,-0.0724,12.95021,0.13358,3.74189,-0.07739,-3.2134,0.88815,9.71763,0.08355,2.33408,0.05947,83.615,23444.0,814.625
7.888384652000021,-3.9851,0.04378,12.69309,0.13098,3.7289,-0.06084,-3.75489,1.0889,9.88577,0.04582,2.31931,0.09033,83.131,23444.0,629.969
7.893384652000021,-4.33599,0.15995,12.43597,0.12838,3.71592,-0.04429,-4.20834,1.2607,9.70053,0.01985,2.28745,0.0957,82.736,22701.477,568.0
7.898384652000021,-4.68689,0.27613,12.17886,0.12578,3.70293,-0.02774,-4.61732,1.41787,9.33678,-0.0002,2.24696,0.0882,82.385,21583.904,568.0
7.903384652000021,-4.64957,0.37926,11.93574,0.12317,3.68994,-0.01118,-5.0263,1.57505,8.97304,-0.02024,2.20647,0.08069,81.946,21205.0,521.649
7.908384652000021,-4.41312,0.47571,11.6998,0.12057,3.67695,0.00537,-5.43528,1.73222,8.60929,-0.04028,2.16598,0.07319,81.461,21205.0,451.521
7.913384652000021,-4.17667,0.57216,11.46386,0.11797,3.66396,0.02192,-5.84426,1.8894,8.24555,-0.06032,2.12549,0.06569,80.949,20397.966,428.0
7.918384652000022,-3.94021,0.6686,11.22793,0.11537,3.65097,0.03848,-6.25324,2.04657,7.88181,-0.08036,2.085,0.05818,80.422,19183.651,428.0
7.9233846520000215,-3.70376,0.76505,10.99199,0.11277,3.63798,0.05503,-6.14635,2.14052,7.54704,-0.10041,2.04451,0.05068,79.865,18774.0,302.639
7.928384652000021,-3.46731,0.8615,10.75605,0.11016,3.62499,0.07158,-5.77685,2.20227,7.22702,-0.12045,2.00402,0.04318,79.293,18774.0,113.456
7.933384652000021,-3.23086,0.95794,10.52011,0.10448,3.59793,0.07458,-5.40734,2.26403,6.907,-0.14049,1.96353,0.03568,78.81,15979.012,50.0
7.938384652000021,-2.9944,1.05439,10.28418,0.09723,3.56378,0.07074,-5.03783,2.32578,6.58698,-0.16053,1.92304,0.02817,78.371,11773.336,50.0
7.943384652000021,-2.75795,1.15083,10.04824,0.08998,3.52962,0.06689,-4.66833,2.38754,6.26696,-0.1785,1.85252,0.01277,77.844,7931.379,60.947
7.948384652000021,-2.5215,1.24728,9.8123,0.08274,3.49546,0.06305,-4.29882,2.44929,5.94694,-0.19541,1.76673,-0.00664,77.272,4274.304,77.459
7.953384652000021,-2.39989,1.3184,9.50227,0.07549,3.4613,0.0592,-4.35144,2.50071,5.68915,-0.21232,1.68094,-0.02605,76.701,3047.0,83.0
7.958384652000022,-2.3363,1.37673,9.15483,0.06825,3.42714,0.05536,-4.61727,2.54691,5.46279,-0.22923,1.59516,-0.04547,76.13,3047.0,83.0
7.9633846520000215,-2.2727,1.43505,8.80738,0.061,3.39299,0.05151,-4.88311,2.59311,5.23643,-0.24614,1.50937,-0.06488,75.442,3047.0,78.028
7.968384652000021,-2.20911,1.49338,8.45993,0.05375,3.35883,0.04767,-5.14894,2.63931,5.01008,-0.26305,1.42358,-0.0843,74.695,3047.0,70.53
7.973384652000021,-2.14551,1.55171,8.11249,0.03965,3.29079,0.03538,-5.41478,2.68551,4.78372,-0.27996,1.3378,-0.10371,73.948,2101.174,68.0
7.978384652000021,-2.08191,1.61003,7.76504,0.02205,3.2055,0.0188,-5.68061,2.73171,4.55736,-0.29687,1.25201,-0.12312,73.2,673.767,68.0
7.983384652000021,-1.65431,1.49891,7.38753,0.00446,3.12021,0.00221,-5.94645,2.77791,4.33101,-0.32003,1.13652,-0.13273,72.657,195.0,243.607
7.988384652000021,-1.043,1.30226,6.99486,-0.01314,3.03492,-0.01437,-6.21228,2.82411,4.10465,-0.34635,1.00603,-0.1374,72.218,195.0,507.841
7.993384652000021,-0.43168,1.10561,6.60218,-0.03073,2.94963,-0.03095,-6.05381,2.72822,3.76521,-0.37266,0.87555,-0.14206,71.75,151.234,597.0
7.998384652000022,0.17963,0.90896,6.20951,-0.04833,2.86434,-0.04754,-5.67924,2.55998,3.36817,-0.39897,0.74507,-0.14672,71.266,85.179,597.0
8.00338465200002,0.79095,0.71231,5.81683,-0.06593,2.77905,-0.06412,-5.30467,2.39173,2.97114,-0.42528,0.61459,-0.15139,70.666,63.0,558.212
8.008384652000021,1.40226,0.51566,5.42415,-0.08352,2.69376,-0.0807,-4.9301,2.22348,2.57411,-0.45159,0.4841,-0.15605,70.008,63.0,499.818
8.01338465200002,2.10117,0.31278,5.5768,-0.12843,2.38265,-0.05328,-4.55554,2.05523,2.17708,-0.47791,0.35362,-0.16071,69.582,60.354,714.176
8.018384652000021,2.84506,0.10669,6.0096,-0.18737,1.95553,-0.00325,-4.18097,1.88699,1.78004,-0.50422,0.22314,-0.16538,69.274,56.349,1068.657
8.023384652000022,3.58896,-0.0994,6.4424,-0.24631,1.5284,0.04678,-4.1843,1.81664,1.90815,-0.5357,0.04504,-0.17724,68.966,55.0,1188.0
8.028384652000021,4.33286,-0.30549,6.8752,-0.30525,1.10127,0.09681,-4.37943,1.79599,2.3028,-0.56981,-0.15724,-0.19276,68.659,55.0,1188.0
8.033384652000022,5.07675,-0.51158,7.308,-0.3642,0.67415,0.14684,-4.57456,1.77533,2.69744,-0.60391,-0.35951,-0.20828,68.293,43.409,1188.0
8.03838465200002,5.82065,-0.71767,7.7408,-0.42314,0.24702,0.19687,-4.76969,1.75468,3.09208,-0.63802,-0.56178,-0.2238,67.897,25.879,1188.0
8.043384652000022,5.55554,-0.51374,7.61571,-0.43491,-0.03403,0.15677,-4.96482,1.73403,3.48673,-0.67213,-0.76405,-0.23932,67.647,20.0,2319.134
8.04838465200002,4.78129,-0.10292,7.20911,-0.42289,-0.24138,0.07119,-5.15995,1.71337,3.88137,-0.70623,-0.96632,-0.25484,67.471,20.0,4021.033
8.053384652000021,4.00704,0.30791,6.80251,-0.41087,-0.44873,-0.01438,-5.22472,1.71465,3.83255,-0.74034,-1.1686,-0.27036,67.354,13.698,4595.0
8.05838465200002,3.23278,0.71874,6.39592,-0.39885,-0.65607,-0.09996,-5.22316,1.72708,3.55807,-0.77445,-1.37087,-0.28588,67.266,4.19,4595.0
8.063384652000021,2.45853,1.12957,5.98932,-0.38683,-0.86342,-0.18554,-5.2216,1.73951,3.28359,-0.76903,-1.48674,-0.33734,67.236,1.0,5889.703
8.068384652000022,1.68428,1.54039,5.58272,-0.37481,-1.07077,-0.27112,-5.22004,1.75195,3.00911,-0.74365,-1.55901,-0.40694,67.236,1.0,7837.912
8.073384652000021,1.38006,1.71199,5.41528,-0.36279,-1.27811,-0.3567,-5.21848,1.76438,2.73462,-0.71828,-1.63127,-0.47654,67.265,1.331,8498.0
8.078384652000022,1.3167,1.761,5.37039,-0.35077,-1.48546,-0.44228,-5.21692,1.77681,2.46014,-0.6929,-1.70353,-0.54614,67.309,1.832,8498.0
8.08338465200002,1.25335,1.81,5.32549,-0.33875,-1.69281,-0.52785,-5.05729,1.60098,2.39099,-0.66753,-1.7758,-0.61574,67.353,2.0,10509.673
8.088384652000022,1.18999,1.85901,5.2806,-0.32673,-1.90016,-0.61343,-4.8178,1.33002,2.42559,-0.64215,-1.84806,-0.68534,67.397,2.0,13537.789
8.09338465200002,1.12663,1.90802,5.23571,-0.29483,-2.09954,-0.60458,-4.57831,1.05906,2.4602,-0.61678,-1.92033,-0.75494,67.47,2.0,14559.0
8.098384652000021,1.06328,1.95702,5.19082,-0.25281,-2.29486,-0.54769,-4.33882,0.7881,2.4948,-0.59141,-1.99259,-0.82454,67.558,2.0,14559.0
8.103384652000022,0.99992,2.00603,5.14593,-0.21079,-2.49019,-0.49079,-4.09933,0.51714,2.5294,-0.56603,-2.06485,-0.89414,67.675,2.0,15535.47
8.108384652000021,0.93656,2.05504,5.10104,-0.16877,-2.68551,-0.43389,-3.85984,0.24618,2.564,-0.54066,-2.13712,-0.96374,67.807,2.0,17012.781
8.113384652000022,0.91534,1.99506,5.46855,-0.12675,-2.88084,-0.377,-3.37292,-0.00372,2.89504,-0.45985,-2.26409,-0.88667,67.968,2.663,17510.0
8.118384652000021,0.91548,1.8798,6.04528,-0.08473,-3.07616,-0.3201,-2.76048,-0.24293,3.37646,-0.35093,-2.41881,-0.7352,68.144,3.662,17510.0
8.123384652000022,0.91563,1.76454,6.62201,-0.06243,-3.20516,-0.24298,-2.14805,-0.48215,3.85788,-0.24201,-2.57353,-0.58373,68.349,4.0,18001.862
8.12838465200002,0.91577,1.64928,7.19874,-0.05021,-3.30026,-0.15553,-1.53561,-0.72136,4.33931,-0.13308,-2.72825,-0.43225,68.569,4.0,18745.197
8.133384652000021,0.91592,1.53402,7.77547,-0.03799,-3.39535,-0.06807,-0.92317,-0.96058,4.82073,-0.06987,-2.83031,-0.33798,68.759,3.006,18995.0
8.13838465200002,0.91607,1.41876,8.3522,-0.02578,-3.49045,0.01938,-0.31073,-1.19979,5.30215,-0.0298,-2.90571,-0.27266,68.935,1.508,18995.0
8.143384652000021,0.85422,1.51356,8.56349,-0.01356,-3.58554,0.10684,-0.28462,-1.22351,5.45423,0.01027,-2.9811,-0.20734,69.111,1.0,19602.765
8.148384652000022,0.76058,1.71613,8.5873,-0.00134,-3.68064,0.19429,-0.55933,-1.13666,5.43734,0.05034,-3.0565,-0.14201,69.287,1.0,20522.346
8.153384652000021,0.66693,1.9187,8.61111,0.01088,-3.77573,0.28174,-0.83403,-1.04982,5.42045,0.09041,-3.1319,-0.07669,69.492,1.0,20831.0
8.158384652000022,0.57329,2.12127,8.63492,0.0231,-3.87083,0.3692,-1.10874,-0.96297,5.40356,0.13049,-3.2073,-0.01137,69.711,1.0,20831.0
8.16338465200002,0.47964,2.32384,8.65873,0.03532,-3.96592,0.45665,-1.38344,-0.87613,5.38666,0.17056,-3.2827,0.05395,69.96,1.0,20954.993
8.168384652000022,0.38599,2.52641,8.68254,0.04754,-4.06102,0.54411,-1.65815,-0.78928,5.36977,0.21063,-3.35809,0.11927,70.224,1.0,21142.129
8.17338465200002,0.17456,2.60874,8.8472,0.06586,-4.14478,0.60855,-1.93285,-0.70244,5.35288,0.2507,-3.43349,0.18459,70.458,1.663,21406.004
8.178384652000021,-0.09648,2.63024,9.08313,0.08726,-4.2228,0.66135,-2.20756,-0.61559,5.33599,0.29077,-3.50889,0.24991,70.678,2.662,21708.706
8.18338465200002,-0.36751,2.65173,9.31907,0.10867,-4.30083,0.71415,-2.22159,-0.50395,5.64082,0.33134,-3.58059,0.31799,70.898,3.0,21811.0
8.188384652000021,-0.63854,2.67322,9.555,0.13008,-4.37886,0.76695,-2.10257,-0.37966,6.10987,0.37217,-3.6504,0.38747,71.118,3.0,21811.0
8.193384652000022,-0.90958,2.69472,9.79093,0.15148,-4.45688,0.81975,-1.98355,-0.25537,6.57893,0.413,-3.72021,0.45696,71.454,3.0,21811.0
8.198384652000021,-1.18061,2.71621,10.02686,0.17289,-4.53491,0.87255,-1.86453,-0.13108,7.04798,0.45382,-3.79002,0.52644,71.849,3.0,21811.0
8.203384652000022,-1.45164,2.73771,10.26279,0.19429,-4.61294,0.92535,-1.87072,0.07811,7.54129,0.49465,-3.85983,0.59593,72.099,3.0,21859.72
8.20838465200002,-1.72268,2.7592,10.49872,0.2157,-4.69096,0.97815,-1.94083,0.33065,8.047,0.53548,-3.92964,0.66541,72.275,3.0,21933.317
8.213384652000022,-2.08773,2.71437,11.10407,0.2113,-4.74634,0.9846,-2.01095,0.58319,8.5527,0.54086,-3.96315,0.67017,72.538,2.668,21958.0
8.21838465200002,-2.50022,2.63609,11.89584,0.19388,-4.79028,0.96767,-2.08107,0.83572,9.0584,0.52837,-3.97834,0.64226,72.846,2.168,21958.0
8.223384652000021,-2.91272,2.5578,12.68761,0.17645,-4.83423,0.95074,-2.15119,1.08826,9.56411,0.51587,-3.99352,0.61435,73.182,3.327,21972.928
8.22838465200002,-3.32521,2.47951,13.47938,0.15903,-4.87817,0.93381,-2.2213,1.3408,10.06981,0.50337,-4.00871,0.58644,73.534,5.328,21995.445
8.233384652000021,-3.61511,2.45044,13.87331,0.14161,-4.92211,0.91687,-2.41642,1.56253,10.35341,0.49087,-4.0239,0.55853,73.827,6.0,22003.0
8.238384652000022,-3.84312,2.44623,14.06638,0.12418,-4.96606,0.89994,-2.67466,1.76869,10.52488,0.47837,-4.03909,0.53063,74.09,6.0,22003.0
8.243384652000021,-4.07113,2.44203,14.25944,0.10676,-5.01,0.88301,-2.9329,1.97485,10.69634,0.46588,-4.05428,0.50272,74.47,6.0,22045.68
8.248384652000022,-4.29914,2.43782,14.45251,0.08934,-5.05394,0.86608,-3.19113,2.18102,10.86781,0.45338,-4.06946,0.47481,74.911,6.0,22110.326
8.25338465200002,-4.52715,2.43361,14.64557,0.07191,-5.09789,0.84914,-3.44937,2.38718,11.03928,0.44088,-4.08465,0.4469,75.292,5.004,22132.0
8.258384652000021,-4.75516,2.4294,14.83864,0.05449,-5.14183,0.83221,-3.7076,2.59335,11.21074,0.42838,-4.09984,0.41899,75.643,3.507,22132.0
8.26338465200002,-4.98317,2.42519,15.0317,0.04395,-5.18475,0.7292,-3.96584,2.79951,11.38221,0.41561,-4.10122,0.34591,76.024,3.331,21930.544
8.268384652000021,-5.21118,2.42098,15.22477,0.03693,-5.22715,0.58221,-4.22408,3.00567,11.55368,0.40271,-4.09555,0.24975,76.42,3.832,21626.149
8.273384652000022,-5.44906,2.39349,15.29568,0.02991,-5.26955,0.43522,-4.33236,3.01716,11.609,0.3898,-4.08987,0.1536,76.757,4.0,21524.0
8.278384652000021,-5.69193,2.35423,15.30489,0.02289,-5.31194,0.28822,-4.3649,2.93033,11.60565,0.3769,-4.0842,0.05744,77.064,4.0,21524.0
8.283384652000022,-5.9348,2.31498,15.3141,0.01587,-5.35434,0.14123,-4.39745,2.84349,11.60231,0.36399,-4.07853,-0.03872,77.488,4.0,21418.906
8.28838465200002,-6.17767,2.27573,15.3233,0.00885,-5.39674,-0.00576,-4.42999,2.75666,11.59897,0.35109,-4.07285,-0.13488,77.972,4.0,21260.376
8.293384652000022,-6.42053,2.23647,15.33251,0.00719,-5.38466,-0.08087,-4.46254,2.66982,11.59563,0.33818,-4.06718,-0.23103,78.368,4.0,21207.0
8.29838465200002,-6.6634,2.19722,15.34172,0.00825,-5.34494,-0.11949,-4.49508,2.58299,11.59229,0.32528,-4.06151,-0.32719,78.719,4.0,21207.0
8.303384652000021,-6.90627,2.15797,15.35093,0.00931,-5.30521,-0.15811,-4.52763,2.49616,11.58895,0.31464,-4.01242,-0.36807,79.1,3.337,21013.518
8.30838465200002,-7.14914,2.11872,15.36014,0.01037,-5.26549,-0.19673,-4.56017,2.40932,11.58561,0.30516,-3.94116,-0.3807,79.496,2.336,20721.183
8.313384652000021,-7.37675,1.99113,15.37476,0.01143,-5.22576,-0.23535,-4.40563,2.28508,11.70154,0.29567,-3.8699,-0.39333,79.833,2.0,20623.0
8.318384652000022,-7.59665,1.81888,15.39211,0.01249,-5.18604,-0.27397,-4.15648,2.14192,11.87779,0.28619,-3.79864,-0.40596,80.14,2.0,20623.0
8.323384652000021,-7.81654,1.64663,15.40945,0.01355,-5.14631,-0.31259,-3.90732,1.99876,12.05404,0.27671,-3.72737,-0.41859,80.505,2.0,20578.066
8.328384652000022,-8.03644,1.47438,15.4268,0.01461,-5.10658,-0.35121,-3.65817,1.8556,12.23029,0.26723,-3.65611,-0.43122,80.902,2.0,20509.967
8.33338465200002,-8.25634,1.30213,15.44415,0.01566,-5.06686,-0.38983,-3.40901,1.71244,12.40653,0.25775,-3.58485,-0.44385,81.239,2.0,20487.0
8.338384652000022,-8.47624,1.12988,15.4615,0.01672,-5.02713,-0.42845,-3.15986,1.56928,12.58278,0.24827,-3.51358,-0.45648,81.546,2.0,20487.0
8.34338465200002,-8.69297,0.9285,15.32705,-0.00038,-4.81101,-0.35959,-2.8667,1.3357,12.71688,0.24179,-3.40559,-0.4029,81.825,2.0,20487.0
8.348384652000021,-8.90808,0.71225,15.11506,-0.02675,-4.5048,-0.23584,-2.55107,1.05594,12.82945,0.23683,-3.27884,-0.31549,82.089,2.0,20487.0
8.35338465200002,-9.1232,0.49599,14.90308,-0.05312,-4.19859,-0.1121,-2.23544,0.77618,12.94203,0.23188,-3.15208,-0.22809,82.411,2.0,20109.03
8.358384652000021,-9.33831,0.27974,14.69109,-0.07949,-3.89238,0.01165,-1.91981,0.49642,13.0546,0.22693,-3.02533,-0.14068,82.763,2.0,19540.468
8.363384652000022,-9.90846,0.38908,14.55036,-0.08422,-3.57452,0.10357,-1.60417,0.21665,13.16717,0.22198,-2.89858,-0.05328,83.027,1.336,19349.0
8.368384652000021,-10.65887,0.66373,14.44581,-0.07796,-3.25075,0.17932,-1.28854,-0.06311,13.27974,0.21702,-2.77183,0.03413,83.247,0.336,19349.0
8.373384652000022,-11.40928,0.93838,14.34126,-0.07169,-2.92697,0.25507,-1.27717,-0.30567,13.49334,0.21207,-2.64507,0.12154,83.349,0.0,19525.798
8.37838465200002,-12.15969,1.21303,14.2367,-0.06543,-2.6032,0.33082,-1.41928,-0.52948,13.7579,0.20712,-2.51832,0.20894,83.393,0.0,19791.773
8.383384652000021,-12.9101,1.48768,14.13215,-0.05917,-2.27943,0.40657,-1.56138,-0.75328,14.02246,0.21335,-2.22234,0.33292,83.408,0.0,20588.107
8.38838465200002,-13.66051,1.76233,14.0276,-0.0529,-1.95566,0.48232,-1.70348,-0.97709,14.28703,0.22531,-1.83947,0.47569,83.408,0.0,21656.718
8.393384652000021,-15.43462,1.70102,13.86575,-0.04664,-1.63189,0.55807,-1.9792,-0.99358,14.49178,0.23728,-1.4566,0.61845,83.408,0.0,22016.0
8.398384652000022,-17.72724,1.46955,13.67488,-0.04037,-1.30812,0.63382,-2.3226,-0.90507,14.66623,0.24924,-1.07374,0.76121,83.408,0.0,22016.0
8.403384652000021,-20.01985,1.23808,13.48401,-0.03411,-0.98435,0.70957,-2.66599,-0.81656,14.84068,0.26121,-0.69087,0.90397,83.379,1.325,22016.0
8.408384652000022,-22.31247,1.00661,13.29314,-0.02785,-0.66058,0.78532,-3.00939,-0.72805,15.01514,0.27317,-0.30801,1.04673,83.335,3.324,22016.0
8.41338465200002,-24.60508,0.77514,13.10227,-0.02532,-0.36096,0.76752,-3.35279,-0.63953,15.18959,0.28514,0.07486,1.18949,83.291,4.0,22674.714
8.418384652000022,-26.8977,0.54366,12.91141,-0.0247,-0.07371,0.70187,-3.69618,-0.55102,15.36404,0.29711,0.45772,1.33225,83.247,4.0,23670.345
8.42338465200002,-29.19032,0.31219,12.72054,-0.02408,0.21355,0.63622,-4.03958,-0.46251,15.5385,0.27392,0.6597,1.25892,83.232,3.337,24174.481
8.428384652000021,-31.48293,0.08072,12.52967,-0.02346,0.5008,0.57057,-4.38297,-0.374,15.71295,0.23292,0.7701,1.07618,83.232,2.337,24429.77
8.43338465200002,-29.57541,-0.13367,12.55159,-0.02284,0.78806,0.50492,-4.67647,0.06336,15.41522,0.19193,0.8805,0.89343,83.203,2.0,24516.0
8.438384652000021,-25.52558,-0.33935,12.68204,-0.02222,1.07532,0.43927,-4.94451,0.67866,14.87666,0.15094,0.9909,0.71069,83.159,2.0,24516.0
8.443384652000022,-21.47574,-0.54504,12.81249,-0.0216,1.36257,0.37361,-5.21255,1.29395,14.33809,0.10995,1.1013,0.52794,83.057,2.332,24516.0
8.448384652000021,-17.4259,-0.75072,12.94294,-0.02098,1.64983,0.30796,-5.4806,1.90925,13.79952,0.06896,1.2117,0.3452,82.925,2.831,24516.0
8.453384652000022,-13.37607,-0.95641,13.07339,-0.01658,1.76993,0.24913,-5.74864,2.52455,13.26095,0.02797,1.3221,0.16246,82.823,3.0,24865.693
8.45838465200002,-9.32623,-1.16209,13.20385,-0.01026,1.80478,0.19378,-6.01668,3.13984,12.72239,-0.01302,1.4325,-0.02029,82.735,3.0,25393.754
8.463384652000022,-5.2764,-1.36777,13.3343,-0.00393,1.83962,0.13843,-5.20284,2.84852,12.09583,-0.00678,1.48085,-0.0687,82.676,1.34,25684.514
8.46838465200002,-1.22656,-1.57346,13.46475,0.00239,1.87447,0.08308,-3.84238,2.09915,11.42482,0.02333,1.49784,-0.04924,82.632,-1.158,25855.38
8.473384652000021,0.57403,-1.39083,12.80512,0.00871,1.90931,0.02772,-2.48193,1.34977,10.75381,0.05344,1.51483,-0.02977,82.588,-2.0,25913.0
8.47838465200002,1.23021,-1.01062,11.7435,0.01503,1.94416,-0.02763,-1.12147,0.6004,10.08281,0.08354,1.53182,-0.01031,82.544,-2.0,25913.0
8.483384652000021,1.88639,-0.63042,10.68188,0.02136,1.979,-0.08298,0.23898,-0.14898,9.4118,0.11365,1.54881,0.00915,82.5,-0.673,25913.0
8.488384652000022,2.54257,-0.25022,9.62026,0.02768,2.01385,-0.13833,1.59943,-0.89836,8.74079,0.14375,1.56581,0.02861,82.456,1.325,25913.0
8.493384652000021,2.56357,0.0216,9.7253,0.0532,1.8794,-0.15395,2.95989,-1.64773,8.06978,0.17386,1.5828,0.04807,82.471,2.0,25879.867
8.498384652000022,2.26011,0.23805,10.42628,0.08853,1.65847,-0.14927,4.32034,-2.39711,7.39877,0.20397,1.59979,0.06753,82.515,2.0,25829.81
8.50338465200002,1.95666,0.45451,11.12726,0.12385,1.43755,-0.14459,3.79755,-2.30453,7.43456,0.21969,1.54103,0.02071,82.558,2.0,25813.0
8.508384652000021,1.65321,0.67096,11.82824,0.15918,1.21662,-0.13991,2.32255,-1.78623,7.82772,0.22814,1.44397,-0.05963,82.602,2.0,25813.0
8.51338465200002,1.34975,0.88741,12.52923,0.19451,0.99569,-0.13523,0.84754,-1.26793,8.22089,0.2366,1.34691,-0.13997,82.705,2.0,25813.0
8.518384652000021,1.0463,1.10386,13.23021,0.22983,0.77477,-0.13055,-0.62747,-0.74963,8.61405,0.24505,1.24985,-0.22031,82.837,2.0,25813.0
8.523384652000022,0.96616,1.16304,13.18099,0.2443,0.6787,-0.13318,-2.10247,-0.23133,9.00721,0.2535,1.15279,-0.30065,82.91,2.0,25741.532
8.528384652000021,0.99907,1.14258,12.75197,0.24821,0.64583,-0.13951,-3.57748,0.28697,9.40037,0.26195,1.05572,-0.38099,82.954,2.0,25633.882
8.533384652000022,1.03198,1.12213,12.32296,0.25213,0.61297,-0.14583,-4.52338,0.6417,9.47876,0.2704,0.95866,-0.46133,82.998,263.398,25598.0
8.53838465200002,1.06489,1.10168,11.89394,0.25604,0.58011,-0.15216,-5.20473,0.91464,9.39976,0.27886,0.8616,-0.54167,83.042,655.491,25598.0
8.543384652000022,1.09781,1.08122,11.46493,0.25995,0.54724,-0.15849,-5.88609,1.18758,9.32075,0.28731,0.76454,-0.622,83.115,1540.317,25598.664
8.54838465200002,1.13072,1.06077,11.03591,0.26386,0.51438,-0.16482,-6.56744,1.46053,9.24175,0.29576,0.66748,-0.70234,83.203,2673.809,25599.663
8.553384652000021,1.22171,1.06716,10.84882,0.26777,0.48152,-0.17114,-5.80382,1.48821,9.26026,0.29711,0.63218,-0.6498,83.262,3056.0,25600.0
8.55838465200002,1.34225,1.08721,10.7848,0.27169,0.44865,-0.17747,-4.30514,1.39112,9.32837,0.29485,0.6283,-0.52965,83.306,3056.0,25600.0
8.563384652000021,1.46279,1.10727,10.72077,0.2756,0.41579,-0.1838,-2.80645,1.29402,9.39648,0.29259,0.62441,-0.4095,83.379,3056.0,25646.775
8.568384652000022,1.58332,1.12732,10.65675,0.27951,0.38292,-0.19012,-1.30776,1.19693,9.46459,0.29033,0.62053,-0.28935,83.466,3056.0,25717.213
8.573384652000021,1.70386,1.14737,10.59272,0.28342,0.35006,-0.19645,0.19092,1.09984,9.5327,0.28807,0.61665,-0.1692,83.525,4101.009,25741.0
8.578384652000022,1.8244,1.16742,10.5287,0.28733,0.3172,-0.20278,1.68961,1.00275,9.60081,0.28581,0.61277,-0.04905,83.569,5678.868,25741.0
8.58338465200002,1.94494,1.18747,10.46468,0.28428,0.29509,-0.19195,3.1883,0.90566,9.66892,0.27822,0.58606,-0.01936,83.613,6265.399,25643.454
8.588384652000022,2.06547,1.20752,10.40065,0.27771,0.27841,-0.17246,4.68698,0.80857,9.73703,0.26793,0.54784,-0.0353,83.657,6351.76,25496.692
8.59338465200002,2.02263,1.24346,10.3874,0.27114,0.26173,-0.15297,4.51763,0.94347,9.75866,0.25765,0.50961,-0.05125,83.701,6381.0,25447.0
8.598384652000021,1.89614,1.28752,10.40014,0.26458,0.24505,-0.13349,3.4944,1.19713,9.75649,0.24736,0.47139,-0.06719,83.745,6381.0,25447.0
8.60338465200002,1.76965,1.33159,10.41288,0.25801,0.22837,-0.114,2.47116,1.4508,9.75432,0.23708,0.43316,-0.08314,83.789,6381.0,25534.296
8.608384652000021,1.64316,1.37566,10.42562,0.25144,0.21168,-0.09451,1.44792,1.70446,9.75215,0.2268,0.39494,-0.09909,83.833,6381.0,25665.695
8.613384652000022,1.51667,1.41972,10.43836,0.24487,0.195,-0.07502,0.42468,1.95812,9.74998,0.21651,0.35671,-0.11503,83.877,7011.781,25710.0
8.618384652000021,1.39018,1.46379,10.4511,0.23831,0.17832,-0.05554,-0.59856,2.21178,9.74781,0.20623,0.31849,-0.13098,83.921,7963.449,25710.0
8.623384652000022,1.2637,1.50785,10.46384,0.22276,0.17178,-0.05356,-0.70757,2.30354,9.81043,0.19719,0.30348,-0.13647,83.936,8285.0,25631.111
8.62838465200002,1.13721,1.55192,10.47658,0.20262,0.17041,-0.06053,-0.35003,2.31268,9.90612,0.18878,0.30033,-0.13663,83.936,8285.0,25511.965
8.633384652000021,0.97269,1.56803,10.49591,0.18249,0.16904,-0.06749,0.0075,2.32182,10.00181,0.18038,0.29717,-0.13679,83.964,8917.087,25469.0
8.63838465200002,0.78671,1.56838,10.51896,0.16235,0.16767,-0.07446,0.36503,2.33096,10.09749,0.17198,0.29401,-0.13695,84.009,9905.663,25469.0
8.643384652000021,0.60074,1.56874,10.54201,0.14222,0.16631,-0.08143,0.44877,2.29801,10.13495,0.16357,0.29085,-0.13711,84.053,10237.0,25443.363
8.64838465200002,0.41476,1.56909,10.56507,0.12208,0.16494,-0.08839,0.3945,2.24384,10.14305,0.15517,0.2877,-0.13727,84.097,10237.0,25404.802
8.653384652000021,0.31534,1.55896,10.57679,0.11133,0.16513,-0.09084,0.34022,2.18968,10.15115,0.14677,0.28454,-0.13743,84.141,10471.609,25339.346
8.658384652000022,0.25893,1.54362,10.58288,0.10524,0.16609,-0.09104,0.28595,2.13551,10.15926,0.13836,0.28138,-0.13759,84.184,10822.816,25260.524
8.66338465200002,0.20252,1.52828,10.58897,0.09914,0.16706,-0.09124,0.23167,2.08134,10.16736,0.1294,0.28236,-0.13586,84.228,10941.0,25234.0
8.668384652000022,0.14611,1.51295,10.59506,0.09305,0.16803,-0.09144,0.17739,2.02718,10.17546,0.12014,0.28543,-0.13317,84.272,10941.0,25234.0
8.67338465200002,0.08969,1.49761,10.60115,0.08695,0.16899,-0.09164,0.12312,1.97301,10.18356,0.11089,0.2885,-0.13049,84.287,11160.436,25234.0
8.678384652000021,0.03328,1.48227,10.60724,0.08086,0.16996,-0.09184,0.06884,1.91884,10.19166,0.10164,0.29158,-0.1278,84.287,11490.65,25234.0
8.68338465200002,-0.02313,1.46693,10.61333,0.07477,0.17093,-0.09204,0.01457,1.86468,10.19977,0.09238,0.29465,-0.12511,84.316,11602.0,25163.378
8.688384652000021,-0.07954,1.4516,10.61942,0.06867,0.17189,-0.09223,-0.03971,1.81051,10.20787,0.08313,0.29772,-0.12243,84.36,11602.0,25056.826
8.693384652000022,-0.10576,1.44087,10.63843,0.06381,0.17872,-0.09393,0.00461,1.8379,10.26659,0.07388,0.30079,-0.11974,84.404,11767.059,25021.0
8.698384652000021,-0.11669,1.43248,10.66399,0.05956,0.1885,-0.09638,0.09887,1.90661,10.35095,0.06462,0.30387,-0.11706,84.448,12015.73,25021.0
8.703384652000022,-0.12761,1.4241,10.68955,0.05531,0.19829,-0.09884,0.19314,1.97532,10.43532,0.05537,0.30694,-0.11437,84.492,12100.0,24942.219
8.70838465200002,-0.13854,1.41571,10.71511,0.05106,0.20808,-0.10129,0.2874,2.04402,10.51968,0.04612,0.31001,-0.11168,84.536,12100.0,24823.056
8.713384652000022,-0.12978,1.40771,10.71538,0.04682,0.21787,-0.10374,0.3537,2.00475,10.53274,0.04038,0.32195,-0.11067,84.58,12100.0,24783.0
8.71838465200002,-0.11105,1.39992,10.70284,0.04257,0.22766,-0.10619,0.40584,1.91079,10.50971,0.03642,0.33837,-0.1105,84.624,12100.0,24783.0
8.723384652000021,-0.09233,1.39212,10.69031,0.03832,0.23745,-0.10865,0.45798,1.81684,10.48667,0.03246,0.35479,-0.11033,84.668,12100.0,24738.928
8.72838465200002,-0.0736,1.38432,10.67777,0.03407,0.24724,-0.1111,0.51012,1.72288,10.46363,0.0285,0.37122,-0.11017,84.712,12100.0,24672.34
8.733384652000021,-0.05487,1.37653,10.66523,0.02983,0.25703,-0.11355,0.56227,1.62893,10.4406,0.02454,0.38764,-0.11,84.756,12536.239,24650.0
8.738384652000022,-0.03614,1.36873,10.65269,0.02558,0.26681,-0.11601,0.61441,1.53497,10.41756,0.02058,0.40406,-0.10983,84.8,13192.72,24650.0
8.743384652000021,-0.01741,1.36094,10.64016,0.02725,0.27698,-0.11517,0.66655,1.44102,10.39452,0.01662,0.42049,-0.10966,84.844,13666.402,24490.348
8.748384652000022,0.00132,1.35314,10.62762,0.03194,0.28735,-0.11266,0.71869,1.34706,10.37149,0.01266,0.43691,-0.1095,84.888,14046.503,24248.967
8.75338465200002,0.02687,1.34315,10.61745,0.03663,0.29771,-0.11014,0.69957,1.28924,10.35734,0.01291,0.45169,-0.10663,84.902,14174.0,24168.0
8.758384652000021,0.05586,1.33205,10.60849,0.04132,0.30808,-0.10763,0.64447,1.24966,10.34769,0.01529,0.46564,-0.10241,84.902,14174.0,24168.0
8.76338465200002,0.08485,1.32094,10.59952,0.04601,0.31844,-0.10512,0.58937,1.21008,10.33803,0.01767,0.47959,-0.09819,84.931,14174.0,24110.341
8.768384652000021,0.11384,1.30984,10.59056,0.0507,0.32881,-0.1026,0.53428,1.17049,10.32837,0.02005,0.49354,-0.09396,84.975,14174.0,24023.203
8.77338465200002,0.14283,1.29874,10.58159,0.0554,0.33917,-0.10009,0.48495,1.20661,10.33331,0.02243,0.50749,-0.08974,85.019,14281.119,23994.0
8.778384652000021,0.17182,1.28764,10.57263,0.06009,0.34954,-0.09757,0.43854,1.28089,10.3456,0.02481,0.52144,-0.08552,85.063,14442.235,23994.0
8.783384652000022,0.17963,1.30706,10.55742,0.05776,0.35939,-0.09813,0.39212,1.35517,10.35789,0.02319,0.52468,-0.08548,85.107,14698.021,23889.828
8.78838465200002,0.17682,1.34177,10.53908,0.05193,0.36898,-0.10022,0.34571,1.42945,10.37019,0.01957,0.52256,-0.08753,85.151,15001.219,23733.483
8.793384652000022,0.17401,1.37648,10.52073,0.04609,0.37857,-0.10231,0.29929,1.50373,10.38248,0.01594,0.52045,-0.08958,85.195,15103.0,23681.0
8.79838465200002,0.17121,1.41119,10.50239,0.04025,0.38816,-0.1044,0.25287,1.57801,10.39477,0.01232,0.51833,-0.09164,85.239,15103.0,23681.0
8.803384652000021,0.1684,1.44589,10.48405,0.03441,0.39775,-0.10648,0.20646,1.6523,10.40706,0.00869,0.51621,-0.09369,85.254,15103.0,23628.861
8.80838465200002,0.16559,1.4806,10.46571,0.02858,0.40734,-0.10857,0.16004,1.72658,10.41936,0.00507,0.51409,-0.09575,85.254,15103.0,23549.582
8.813384652000021,0.16278,1.51531,10.44737,0.02274,0.41694,-0.11066,-0.06209,1.76609,10.37944,0.00145,0.51197,-0.0978,85.283,15235.838,23523.0
8.818384652000022,0.15998,1.55002,10.42903,0.0169,0.42653,-0.11275,-0.37287,1.78806,10.31319,-0.00218,0.50986,-0.09985,85.327,15435.685,23523.0
8.823384652000021,0.11248,1.56924,10.40473,0.01327,0.41892,-0.11837,-0.68364,1.81003,10.24694,-0.0058,0.50774,-0.10191,85.342,15503.0,23447.796
8.828384652000022,0.04228,1.5806,10.3774,0.01077,0.40257,-0.12577,-0.99441,1.83201,10.18069,-0.00942,0.50562,-0.10396,85.342,15503.0,23334.395
8.83338465200002,-0.02792,1.59196,10.35007,0.00826,0.38623,-0.13318,-1.01443,1.79986,10.17558,-0.01314,0.49658,-0.11335,85.342,15713.535,23296.0
8.838384652000022,-0.09812,1.60332,10.32274,0.00575,0.36988,-0.14059,-0.88561,1.74001,10.20178,-0.01691,0.48399,-0.12648,85.342,16031.841,23296.0
8.84338465200002,-0.10961,1.58375,10.3196,0.00348,0.36612,-0.14162,-0.75679,1.68016,10.22797,-0.02068,0.47141,-0.13962,85.371,16139.0,23263.564
8.848384652000021,-0.09132,1.54847,10.32873,0.00132,0.36875,-0.13941,-0.62797,1.62032,10.25417,-0.02445,0.45883,-0.15275,85.414,16139.0,23214.666
8.85338465200002,-0.07302,1.5132,10.33785,-0.00084,0.37138,-0.13721,-0.49915,1.56047,10.28036,-0.02767,0.45123,-0.15379,85.43,16191.418,23197.0
8.858384652000021,-0.05472,1.47793,10.34698,-0.00299,0.37401,-0.13501,-0.37033,1.50062,10.30655,-0.03057,0.44645,-0.14799,85.43,16273.484,23197.0
8.863384652000022,-0.03643,1.44265,10.35611,-0.00515,0.37664,-0.1328,-0.36841,1.48329,10.32155,-0.03346,0.44166,-0.14219,85.43,16494.545,23188.036
8.868384652000021,-0.01813,1.40738,10.36524,-0.00731,0.37926,-0.1306,-0.43048,1.48742,10.3309,-0.03636,0.43688,-0.13638,85.43,16785.715,23174.552
8.873384652000022,-0.04204,1.39697,10.36722,-0.00947,0.38189,-0.1284,-0.49255,1.49155,10.34025,-0.03926,0.4321,-0.13058,85.43,16884.0,23170.0
8.87838465200002,-0.08746,1.39923,10.36556,-0.01163,0.38452,-0.12619,-0.55463,1.49567,10.3496,-0.04216,0.42732,-0.12478,85.43,16884.0,23170.0
8.883384652000021,-0.13288,1.40149,10.3639,-0.01378,0.38715,-0.12399,-0.6167,1.4998,10.35895,-0.04506,0.42254,-0.11898,85.43,16884.0,23138.454
8.88838465200002,-0.1783,1.40375,10.36224,-0.01594,0.38978,-0.12178,-0.67877,1.50393,10.3683,-0.04796,0.41776,-0.11317,85.43,16884.0,23091.002
8.893384652000021,-0.22372,1.40601,10.36058,-0.0181,0.39241,-0.11958,-0.74085,1.50805,10.37765,-0.05086,0.41298,-0.10737,85.459,16941.347,23075.0
8.89838465200002,-0.26913,1.40827,10.35892,-0.02026,0.39504,-0.11738,-0.80292,1.51218,10.387,-0.05376,0.4082,-0.10157,85.503,17027.872,23075.0
8.903384652000021,-0.31455,1.41053,10.35726,-0.02489,0.3928,-0.12016,-0.8484,1.54663,10.38077,-0.05823,0.40539,-0.10483,85.488,17186.632,22939.732
8.908384652000022,-0.35997,1.4128,10.35559,-0.03078,0.38809,-0.12547,-0.88544,1.59648,10.36665,-0.06349,0.40359,-0.1127,85.445,17382.051,22735.816
8.91338465200002,-0.37169,1.43451,10.34199,-0.03668,0.38339,-0.13079,-0.92249,1.64632,10.35253,-0.06875,0.4018,-0.12057,85.459,17448.0,22667.0
8.918384652000022,-0.36623,1.46614,10.3223,-0.04257,0.37868,-0.1361,-0.95954,1.69617,10.33841,-0.07401,0.4,-0.12844,85.503,17448.0,22667.0
8.92338465200002,-0.36078,1.49776,10.30261,-0.04846,0.37398,-0.14141,-0.99659,1.74601,10.32429,-0.07928,0.3982,-0.1363,85.518,17448.0,22631.193
8.928384652000021,-0.35533,1.52939,10.28292,-0.05435,0.36927,-0.14673,-1.03364,1.79586,10.31016,-0.08454,0.3964,-0.14417,85.518,17448.0,22577.288
8.93338465200002,-0.34988,1.56101,10.26324,-0.06024,0.36457,-0.15204,-1.07069,1.8457,10.29604,-0.0898,0.3946,-0.15204,85.518,17510.232,22559.0
8.938384652000021,-0.34443,1.59264,10.24355,-0.06613,0.35986,-0.15735,-1.10774,1.89555,10.28192,-0.09506,0.3928,-0.15991,85.518,17604.419,22559.0
8.943384652000022,-0.35342,1.57906,10.24293,-0.07125,0.36777,-0.16098,-0.9443,1.83318,10.30051,-0.09675,0.40308,-0.16358,85.518,17636.0,22559.0
8.948384652000021,-0.3697,1.54269,10.25193,-0.07599,0.38206,-0.16376,-0.67971,1.71421,10.33561,-0.09663,0.41945,-0.16513,85.518,17636.0,22559.0
8.953384652000022,-0.38598,1.50631,10.26092,-0.08072,0.39634,-0.16654,-0.41512,1.59524,10.3707,-0.09651,0.43582,-0.16668,85.546,17636.0,22434.495
8.95838465200002,-0.40225,1.46993,10.26992,-0.08545,0.41062,-0.16933,-0.15053,1.47628,10.40579,-0.09639,0.45219,-0.16823,85.59,17636.0,22246.049
8.963384652000022,-0.41853,1.43356,10.27892,-0.09018,0.4249,-0.17211,-0.03976,1.38019,10.43316,-0.09626,0.46856,-0.16978,85.605,17806.575,22180.0
8.96838465200002,-0.43481,1.39718,10.28792,-0.09491,0.43918,-0.17489,-0.01198,1.29646,10.45635,-0.09614,0.48493,-0.17133,85.605,18069.198,22180.0
8.973384652000021,-0.43511,1.367,10.2942,-0.09258,0.46277,-0.1714,0.01579,1.21273,10.47955,-0.09602,0.5013,-0.17288,85.605,18158.0,22194.907
8.97838465200002,-0.42724,1.33999,10.29911,-0.08663,0.49111,-0.16471,0.04356,1.12899,10.50274,-0.0959,0.51767,-0.17443,85.605,18158.0,22217.43
8.983384652000021,-0.41938,1.31299,10.30401,-0.08069,0.51945,-0.15801,0.07481,1.10947,10.52856,-0.0966,0.53806,-0.1679,85.605,18265.786,22225.0
8.988384652000022,-0.41151,1.28598,10.30891,-0.07474,0.5478,-0.15132,0.10781,1.12245,10.55571,-0.0977,0.56048,-0.15728,85.605,18428.141,22225.0
8.993384652000021,-0.40364,1.25897,10.31381,-0.0688,0.57614,-0.14463,0.1408,1.13543,10.58286,-0.09881,0.58291,-0.14667,85.635,18483.0,22172.304
8.998384652000022,-0.39578,1.23196,10.31871,-0.06285,0.60449,-0.13793,0.1738,1.14841,10.61001,-0.09992,0.60533,-0.13605,85.679,18483.0,22092.715
9.00338465200002,-0.42752,1.23263,10.33033,-0.06259,0.62793,-0.13285,0.2068,1.16138,10.63715,-0.10103,0.62775,-0.12544,85.693,18526.484,22066.0
9.008384652000021,-0.47929,1.24728,10.34534,-0.06519,0.6489,-0.12859,0.2398,1.17436,10.6643,-0.10213,0.65018,-0.11482,85.693,18591.938,22066.0
9.01338465200002,-0.53105,1.26193,10.36035,-0.06779,0.66988,-0.12432,0.2728,1.18734,10.69145,-0.10324,0.6726,-0.1042,85.693,18614.0,21692.317
9.018384652000021,-0.58281,1.27658,10.37536,-0.07039,0.69085,-0.12006,0.3058,1.20032,10.7186,-0.10435,0.69503,-0.09359,85.693,18614.0,21128.644
9.02338465200002,-0.63458,1.29123,10.39038,-0.07299,0.71182,-0.11579,0.30221,1.23617,10.72711,-0.10852,0.72122,-0.08323,85.693,18774.27,20708.384
9.028384652000021,-0.68634,1.30588,10.40539,-0.07559,0.73279,-0.11152,0.28005,1.28362,10.72617,-0.11425,0.74932,-0.073,85.693,19015.802,20360.838
9.033384652000022,-0.71709,1.32239,10.41465,-0.07819,0.75376,-0.10726,0.2579,1.33107,10.72523,-0.11998,0.77741,-0.06277,85.693,19097.0,20244.0
9.03838465200002,-0.7372,1.33985,10.42099,-0.08079,0.77474,-0.10299,0.23575,1.37851,10.72429,-0.12571,0.80551,-0.05254,85.693,19097.0,20244.0
9.043384652000022,-0.75731,1.35731,10.42733,-0.0834,0.79571,-0.09873,0.2136,1.42596,10.72335,-0.13144,0.83361,-0.04231,85.665,19170.469,20244.0
9.04838465200002,-0.77743,1.37476,10.43368,-0.086,0.81668,-0.09446,0.19145,1.4734,10.72241,-0.13716,0.86171,-0.03208,85.623,19281.162,20244.0
9.053384652000021,-0.79754,1.39222,10.44002,-0.0886,0.83765,-0.09019,0.1693,1.52085,10.72147,-0.14289,0.8898,-0.02185,85.605,19327.0,20052.845
9.05838465200002,-0.81765,1.40968,10.44637,-0.0912,0.85862,-0.08593,0.14715,1.5683,10.72053,-0.14862,0.9179,-0.01162,85.605,19327.0,19726.586
9.063384652000021,-0.83776,1.42714,10.45271,-0.09709,0.88453,-0.08587,0.08299,1.60224,10.79315,-0.15396,0.943,-0.01167,85.605,19454.943,19526.18
9.068384652000022,-0.85787,1.44459,10.45905,-0.10464,0.91293,-0.08795,-0.00241,1.62936,10.90298,-0.15909,0.96657,-0.01691,85.605,19647.596,19389.427
9.073384652000021,-0.90165,1.45065,10.54506,-0.11218,0.94134,-0.09003,-0.08781,1.65648,11.01282,-0.16423,0.99015,-0.02216,85.605,19713.0,19343.0
9.078384652000022,-0.95759,1.45084,10.67201,-0.11973,0.96974,-0.0921,-0.17321,1.6836,11.12265,-0.16937,1.01373,-0.0274,85.605,19713.0,19343.0
9.08338465200002,-1.01354,1.45104,10.79896,-0.12728,0.99814,-0.09418,-0.25861,1.71072,11.23248,-0.17451,1.0373,-0.03265,85.605,19831.209,19343.0
9.088384652000022,-1.06948,1.45123,10.92591,-0.13483,1.02655,-0.09626,-0.34401,1.73784,11.34231,-0.17965,1.06088,-0.03789,85.605,20009.862,19343.0
9.09338465200002,-1.12543,1.45143,11.05286,-0.14238,1.05495,-0.09833,-0.37463,1.73696,11.4601,-0.18479,1.08446,-0.04313,85.605,20070.0,19117.752
9.098384652000021,-1.18137,1.45162,11.17981,-0.14993,1.08335,-0.10041,-0.37747,1.72188,11.58194,-0.18992,1.10803,-0.04838,85.605,20070.0,18778.206
9.10338465200002,-1.23732,1.45182,11.30676,-0.15855,1.14902,-0.10643,-0.3803,1.7068,11.70377,-0.19506,1.13161,-0.05362,85.576,20363.713,18664.0
9.108384652000021,-1.29326,1.45201,11.43371,-0.16771,1.23358,-0.11445,-0.38313,1.69172,11.8256,-0.2002,1.15519,-0.05887,85.532,20806.286,18664.0
9.113384652000022,-1.34921,1.45221,11.56066,-0.17687,1.31814,-0.12247,-0.3566,1.68788,11.89098,-0.20333,1.19024,-0.06056,85.488,20955.0,18240.985
9.118384652000021,-1.40515,1.4524,11.68761,-0.18603,1.4027,-0.1305,-0.3152,1.68973,11.92779,-0.20544,1.2311,-0.06046,85.445,20955.0,17603.893
9.123384652000022,-1.4108,1.51433,11.75915,-0.19108,1.45456,-0.12982,-0.2738,1.69159,11.9646,-0.20756,1.27196,-0.06035,85.43,21156.679,17389.0
9.12838465200002,-1.39084,1.60768,11.8025,-0.19404,1.48978,-0.12472,-0.2324,1.69344,12.0014,-0.20967,1.31281,-0.06025,85.43,21461.011,17389.0
9.133384652000021,-1.37089,1.70104,11.84585,-0.19701,1.525,-0.11962,-0.191,1.69529,12.03821,-0.21179,1.35367,-0.06014,85.4,21563.0,16951.624
9.13838465200002,-1.35093,1.79439,11.8892,-0.19997,1.56022,-0.11452,-0.1496,1.69715,12.07502,-0.2139,1.39453,-0.06004,85.357,21563.0,16293.791
9.143384652000021,-1.26512,1.78722,11.94343,-0.20294,1.59544,-0.10942,-0.1082,1.699,12.11183,-0.21304,1.43818,-0.04503,85.313,21829.69,16072.0
9.14838465200002,-1.14582,1.72891,12.0032,-0.2059,1.63066,-0.10432,-0.0668,1.70086,12.14864,-0.21068,1.48324,-0.02243,85.269,22232.031,16072.0
9.153384652000021,-1.02651,1.67061,12.06297,-0.20886,1.66588,-0.09923,0.02077,1.6473,12.17927,-0.20832,1.52829,0.00016,85.196,22367.0,15452.25
9.158384652000022,-0.9072,1.61231,12.12274,-0.21183,1.7011,-0.09413,0.13166,1.56577,12.20679,-0.20595,1.57335,0.02276,85.108,22367.0,14519.652
9.16338465200002,-0.7879,1.55401,12.18252,-0.21479,1.73632,-0.08903,0.24255,1.48424,12.23431,-0.20359,1.61841,0.04535,85.049,22523.365,14200.0
9.168384652000022,-0.66859,1.49571,12.24229,-0.21775,1.77154,-0.08393,0.35344,1.40271,12.26182,-0.20122,1.66347,0.06795,85.005,22761.275,14200.0
9.17338465200002,-0.69225,1.48532,12.34667,-0.21614,1.81486,-0.08718,0.46432,1.32118,12.28934,-0.19315,1.70181,0.07024,84.932,22842.0,13411.991
9.178384652000021,-0.78934,1.49954,12.47398,-0.21218,1.86234,-0.09471,0.57521,1.23965,12.31685,-0.18214,1.73668,0.06211,84.844,22842.0,12219.285
9.18338465200002,-0.88642,1.51376,12.60128,-0.20822,1.90982,-0.10225,0.6861,1.15812,12.34437,-0.17114,1.77156,0.05397,84.756,22991.844,10548.826
9.188384652000021,-0.98351,1.52798,12.72858,-0.20426,1.9573,-0.10978,0.79699,1.07658,12.37189,-0.16014,1.80643,0.04584,84.668,23215.685,8642.438
9.19338465200002,-1.04506,1.57601,12.77563,-0.2003,2.00478,-0.11732,0.77538,1.07463,12.30875,-0.14913,1.84131,0.0377,84.58,23291.0,8001.0
9.198384652000021,-1.08859,1.64119,12.782,-0.19634,2.05227,-0.12486,0.6866,1.11304,12.19964,-0.13813,1.87619,0.02957,84.493,23291.0,8001.0
9.203384652000022,-1.13212,1.70637,12.78836,-0.19238,2.09975,-0.13239,0.59782,1.15144,12.09054,-0.12712,1.91106,0.02144,84.376,23387.575,8001.0
9.20838465200002,-1.17565,1.77155,12.79472,-0.18841,2.14723,-0.13993,0.50903,1.18984,11.98143,-0.11612,1.94594,0.0133,84.244,23533.691,8001.0
9.213384652000022,-1.21918,1.83672,12.80109,-0.18445,2.19471,-0.14747,0.50032,1.19293,11.94604,-0.10512,1.98082,0.00517,84.112,23583.0,6609.078
9.21838465200002,-1.26271,1.9019,12.80745,-0.18049,2.24219,-0.155,0.53239,1.17803,11.94819,-0.09411,2.01569,-0.00297,83.981,23583.0,4508.174
9.223384652000021,-1.30624,1.96708,12.81381,-0.1636,2.32223,-0.18883,0.56445,1.16313,11.95033,-0.07196,2.06621,-0.02857,83.849,23646.359,3789.0
9.22838465200002,-1.34977,2.03226,12.82017,-0.13998,2.41923,-0.23635,0.59652,1.14823,11.95248,-0.044,2.12487,-0.06327,83.716,23742.695,3789.0
9.233384652000021,-1.37136,2.07597,12.90028,-0.11636,2.51623,-0.28387,0.62859,1.13333,11.95463,-0.01605,2.18354,-0.09797,83.555,23775.0,3242.766
9.238384652000022,-1.38186,2.10886,13.0176,-0.09274,2.61323,-0.33139,0.66066,1.11843,11.95677,0.0119,2.2422,-0.13267,83.379,23775.0,2420.941
9.243384652000021,-1.39237,2.14174,13.13492,-0.06912,2.71023,-0.37891,0.69272,1.10353,11.95892,0.03986,2.30086,-0.16737,83.262,23864.911,2144.0
9.248384652000022,-1.40288,2.17462,13.25223,-0.04549,2.80723,-0.42643,0.72479,1.08863,11.96107,0.06781,2.35952,-0.20207,83.174,24000.521,2144.0
9.25338465200002,-1.41339,2.20751,13.36955,-0.02524,2.88595,-0.44938,0.9563,0.97113,11.85894,0.09577,2.41818,-0.23677,83.028,24046.0,2049.477
9.258384652000021,-1.4239,2.24039,13.48687,-0.00668,2.95545,-0.45993,1.28845,0.80185,11.70421,0.12372,2.47685,-0.27147,82.852,24046.0,1907.257
9.26338465200002,-1.52917,2.238,13.59151,0.01188,3.02494,-0.47048,1.62059,0.63258,11.54947,0.14713,2.53334,-0.27843,82.735,24123.423,1684.301
9.268384652000021,-1.68311,2.21749,13.68963,0.03044,3.09444,-0.48102,1.95274,0.46331,11.39473,0.1682,2.58872,-0.27114,82.647,24240.609,1419.881
9.27338465200002,-1.83705,2.19698,13.78776,0.04899,3.16393,-0.49157,1.82998,0.46135,11.42032,0.18928,2.64411,-0.26386,82.471,24280.0,1331.0
9.278384652000021,-1.991,2.17647,13.88588,0.06755,3.23343,-0.50212,1.4769,0.5441,11.53723,0.21035,2.69949,-0.25657,82.252,24280.0,1331.0
9.283384652000022,-2.14494,2.15597,13.98401,0.08611,3.30292,-0.51267,1.12381,0.62686,11.65413,0.23143,2.75487,-0.24928,82.032,24258.449,1331.0
9.28838465200002,-2.29888,2.13546,14.08214,0.10467,3.37242,-0.52321,0.77073,0.70962,11.77104,0.2525,2.81025,-0.242,81.812,24225.907,1331.0
9.293384652000022,-2.45282,2.11495,14.18026,0.12323,3.44191,-0.53376,0.41764,0.79238,11.88794,0.27357,2.86563,-0.23471,81.593,24215.0,1109.897
9.29838465200002,-2.60676,2.09444,14.27839,0.14178,3.51141,-0.54431,0.06456,0.87514,12.00485,0.29465,2.92102,-0.22742,81.373,24215.0,777.336
9.303384652000021,-2.88914,2.07165,14.45688,0.16513,3.57178,-0.54964,-0.28853,0.9579,12.12175,0.31572,2.9764,-0.22014,81.183,23446.988,664.0
9.30838465200002,-3.23792,2.04768,14.67691,0.19095,3.62743,-0.55229,-0.64161,1.04065,12.23866,0.3368,3.03178,-0.21285,81.007,22281.929,664.0
9.313384652000021,-3.5867,2.02371,14.89694,0.21677,3.68307,-0.55493,-1.63106,1.39947,12.16478,0.32521,3.04316,-0.24789,80.773,21887.0,593.207
9.31838465200002,-3.93548,1.99974,15.11698,0.24259,3.73872,-0.55757,-2.94685,1.89985,11.99306,0.29688,3.03198,-0.30463,80.509,21887.0,486.11
9.323384652000021,-4.28426,1.97577,15.33701,0.26841,3.79437,-0.56021,-4.26264,2.40023,11.82135,0.26855,3.0208,-0.36137,80.274,20873.473,450.0
9.328384652000022,-4.63304,1.9518,15.55704,0.29424,3.85002,-0.56285,-5.57842,2.90061,11.64963,0.24022,3.00962,-0.41811,80.054,19344.378,450.0
9.33338465200002,-4.30821,1.77275,15.42185,0.2863,3.8305,-0.57487,-5.90087,3.05467,11.28063,0.21189,2.99844,-0.47486,79.776,18832.0,388.559
9.338384652000022,-3.64393,1.51555,15.10763,0.26136,3.77311,-0.59161,-5.72272,3.03419,10.81221,0.18356,2.98726,-0.5316,79.469,18832.0,296.155
9.34338465200002,-2.97964,1.25835,14.79341,0.23641,3.71572,-0.60835,-5.54456,3.01371,10.34379,0.15101,2.91097,-0.56506,79.162,15664.616,253.441
9.348384652000021,-2.31535,1.00115,14.4792,0.21147,3.65832,-0.62509,-5.36641,2.99324,9.87536,0.1163,2.80156,-0.58667,78.856,10886.073,236.003
9.35338465200002,-1.76779,0.97119,13.89873,0.18652,3.60093,-0.64184,-5.18826,2.97276,9.40694,0.08159,2.69215,-0.60828,78.634,9241.0,230.0
9.358384652000021,-1.2815,1.06053,13.17849,0.16158,3.54353,-0.65858,-5.01011,2.95228,8.93852,0.04688,2.58274,-0.62989,78.458,9241.0,230.0
9.363384652000022,-0.79521,1.14987,12.45824,0.13664,3.48614,-0.67532,-4.83195,2.9318,8.4701,0.01218,2.47333,-0.6515,78.107,7326.372,230.0
9.368384652000021,-0.30892,1.23921,11.73799,0.11169,3.42875,-0.69206,-4.6538,2.91132,8.00167,-0.02253,2.36391,-0.67311,77.667,4437.218,230.0
9.373384652000022,0.17737,1.32855,11.01774,0.08675,3.37135,-0.7088,-4.48852,2.83413,7.41665,-0.05724,2.2545,-0.69472,77.228,3468.0,155.27
9.37838465200002,0.66366,1.41789,10.29749,0.0618,3.31396,-0.72554,-4.32975,2.72831,6.77277,-0.09195,2.14509,-0.71633,76.788,3468.0,42.816
9.383384652000021,1.14994,1.50723,9.57725,0.03904,3.18569,-0.7417,-4.17097,2.62249,6.12889,-0.11526,1.98569,-0.72351,76.495,2411.266,5.0
9.38838465200002,1.63623,1.59657,8.857,0.01738,3.02151,-0.75756,-4.01219,2.51667,5.48501,-0.1328,1.80095,-0.72337,76.275,819.126,5.0
9.393384652000021,2.23896,1.50055,8.26665,-0.00428,2.85733,-0.77342,-3.85341,2.41085,4.84113,-0.15034,1.61622,-0.72324,76.055,282.0,4.668
9.39838465200002,2.90097,1.31016,7.74244,-0.02594,2.69315,-0.78928,-3.69464,2.30503,4.19724,-0.16788,1.43149,-0.7231,75.836,282.0,4.168
9.403384652000021,3.56298,1.11977,7.21823,-0.0476,2.52896,-0.80513,-3.53586,2.19921,3.55336,-0.18542,1.24675,-0.72297,75.587,191.719,4.0
9.408384652000022,4.22499,0.92938,6.69402,-0.06926,2.36478,-0.82099,-3.37708,2.09338,2.90948,-0.20296,1.06202,-0.72284,75.323,55.754,4.0
9.41338465200002,4.887,0.73899,6.16981,-0.08466,2.1262,-0.74087,-3.8954,1.82597,2.65069,-0.2205,0.87729,-0.7227,75.03,10.0,24.572
9.418384652000022,5.54901,0.5486,5.6456,-0.09688,1.84987,-0.61208,-4.75711,1.4766,2.58721,-0.23804,0.69255,-0.72257,74.723,10.0,55.577
9.42338465200002,5.73337,0.42651,5.44903,-0.1091,1.57355,-0.48328,-5.61883,1.12723,2.52374,-0.25876,0.50282,-0.64999,74.474,33.194,66.0
9.428384652000021,5.67587,0.33899,5.41836,-0.12132,1.29723,-0.35449,-6.48055,0.77786,2.46026,-0.28109,0.31056,-0.54073,74.254,68.132,66.0
9.43338465200002,5.61837,0.25148,5.38769,-0.13354,1.02091,-0.22569,-6.28619,0.67801,2.35352,-0.30343,0.1183,-0.43146,74.034,80.0,81.9
9.438384652000021,5.56086,0.16397,5.35702,-0.14576,0.74458,-0.0969,-5.54852,0.70652,2.22453,-0.32576,-0.07397,-0.3222,73.814,80.0,105.98
9.44338465200002,5.50336,0.07646,5.32635,-0.15798,0.46826,0.0319,-4.81086,0.73503,2.09554,-0.3481,-0.26623,-0.21293,73.623,66.019,114.0
9.448384652000021,5.44586,-0.01105,5.29568,-0.17021,0.19194,0.16069,-4.07319,0.76354,1.96655,-0.37043,-0.45849,-0.10367,73.448,45.057,114.0
9.453384652000022,5.27519,-0.00684,5.26209,-0.19008,-0.05419,0.22114,-3.33552,0.79205,1.83755,-0.39277,-0.65075,0.00559,73.33,38.0,117.65
9.45838465200002,5.04711,0.04392,5.22701,-0.21384,-0.285,0.24691,-2.59786,0.82056,1.70856,-0.4151,-0.84301,0.11486,73.242,38.0,123.153
9.463384652000022,4.81902,0.09468,5.19194,-0.2376,-0.5158,0.27268,-1.86019,0.84907,1.57957,-0.4251,-1.0175,0.16121,73.213,26.071,125.0
9.46838465200002,4.59093,0.14544,5.15687,-0.26136,-0.74661,0.29844,-1.12253,0.87759,1.45058,-0.42888,-1.183,0.17579,73.213,8.115,125.0
9.473384652000021,4.36284,0.1962,5.1218,-0.28512,-0.97742,0.32421,-1.45492,0.84603,1.46446,-0.43265,-1.34851,0.19037,73.213,2.0,1034.429
9.47838465200002,4.13475,0.24696,5.08672,-0.30889,-1.20823,0.34998,-2.33993,0.78345,1.55213,-0.43642,-1.51402,0.20495,73.213,2.0,2413.517
9.483384652000021,3.90666,0.29771,5.05165,-0.33265,-1.43903,0.37574,-3.22494,0.72086,1.6398,-0.44019,-1.67952,0.21953,73.242,2.332,2876.0
9.488384652000022,3.67857,0.34847,5.01658,-0.35641,-1.66984,0.40151,-4.10995,0.65828,1.72747,-0.44396,-1.84503,0.23411,73.286,2.832,2876.0
9.493384652000021,3.30718,0.42375,5.17777,-0.35748,-1.82667,0.39339,-4.99496,0.5957,1.81514,-0.44773,-2.01054,0.24868,73.33,3.0,4013.104
9.498384652000022,2.86307,0.51147,5.43855,-0.34703,-1.94597,0.36808,-5.87997,0.53312,1.90281,-0.4515,-2.17604,0.26326,73.374,3.0,5727.196
9.50338465200002,2.41896,0.59919,5.69933,-0.33659,-2.06527,0.34276,-5.94953,0.52155,2.02131,-0.44117,-2.26735,0.24366,73.389,3.332,7726.332
9.508384652000021,1.97486,0.68691,5.96011,-0.32614,-2.18457,0.31745,-5.60766,0.53572,2.15537,-0.42373,-2.32123,0.2068,73.389,3.832,9869.282
9.51338465200002,1.61575,0.75586,6.08464,-0.3157,-2.30387,0.29213,-5.26579,0.54989,2.28943,-0.40629,-2.3751,0.16995,73.418,4.0,10592.0
9.518384652000021,1.29989,0.81525,6.13983,-0.30526,-2.42317,0.26682,-4.92392,0.56406,2.42349,-0.38884,-2.42898,0.13309,73.462,4.0,10592.0
9.52338465200002,0.98403,0.87464,6.19502,-0.29481,-2.54247,0.2415,-4.58206,0.57822,2.55755,-0.3714,-2.48285,0.09624,73.564,3.668,10592.0
9.528384652000021,0.66817,0.93402,6.25021,-0.28437,-2.66177,0.21619,-4.24019,0.59239,2.69161,-0.35396,-2.53673,0.05938,73.696,3.168,10592.0
9.533384652000022,0.35231,0.99341,6.3054,-0.27392,-2.78107,0.19087,-3.89832,0.60656,2.82567,-0.33652,-2.5906,0.02253,73.799,3.0,12300.664
9.53838465200002,0.03645,1.0528,6.36059,-0.26348,-2.90037,0.16556,-3.55645,0.62073,2.95973,-0.31907,-2.64448,-0.01432,73.887,3.0,14876.255
9.543384652000022,-0.2794,1.11219,6.41579,-0.22907,-3.01502,0.14853,-3.61748,0.40791,2.99019,-0.30163,-2.69835,-0.05118,73.974,3.332,15740.0
9.54838465200002,-0.59526,1.17158,6.47098,-0.18256,-3.12732,0.13568,-3.8818,0.08055,2.96836,-0.28419,-2.75223,-0.08803,74.062,3.831,15740.0
9.553384652000021,-0.65534,1.20538,6.61773,-0.13605,-3.23963,0.12283,-4.14611,-0.24681,2.94653,-0.26675,-2.8061,-0.12489,74.121,4.0,16534.361
9.55838465200002,-0.58518,1.22614,6.8111,-0.08954,-3.35193,0.10998,-4.41043,-0.57417,2.9247,-0.2493,-2.85998,-0.16174,74.165,4.0,17733.19
9.563384652000021,-0.51502,1.24691,7.00446,-0.04303,-3.46423,0.09713,-4.27823,-0.78673,3.10741,-0.18127,-3.01942,-0.18536,74.238,3.668,18136.0
9.56838465200002,-0.44486,1.26768,7.19783,0.00348,-3.57653,0.08427,-3.94538,-0.94119,3.39361,-0.08763,-3.23228,-0.20229,74.326,3.169,18136.0
9.573384652000021,-0.37469,1.28844,7.3912,0.04998,-3.68883,0.07142,-3.61253,-1.09566,3.67981,0.00601,-3.44515,-0.21922,74.414,3.0,18539.214
9.578384652000022,-0.30453,1.30921,7.58457,0.09649,-3.80114,0.05857,-3.27968,-1.25012,3.966,0.09965,-3.65801,-0.23615,74.502,3.0,19147.892
9.58338465200002,-0.23437,1.32998,7.77794,0.13685,-3.88029,0.08717,-2.94683,-1.40459,4.2522,0.15806,-3.75984,-0.20723,74.59,3.332,19639.145
9.588384652000022,-0.16421,1.35074,7.97131,0.17412,-3.94273,0.13667,-2.61398,-1.55906,4.5384,0.1987,-3.80565,-0.15518,74.677,3.831,20071.157
9.59338465200002,-0.23009,1.44257,8.28877,0.21138,-4.00516,0.18617,-2.40851,-1.53297,4.78925,0.23934,-3.85146,-0.10314,74.765,4.0,20217.0
9.598384652000021,-0.36531,1.5706,8.66948,0.24864,-4.0676,0.23567,-2.26795,-1.41487,5.02207,0.27997,-3.89726,-0.05109,74.853,4.0,20217.0
9.60338465200002,-0.50052,1.69864,9.05019,0.2859,-4.13003,0.28517,-2.12739,-1.29677,5.2549,0.32061,-3.94307,0.00096,74.941,3.668,20217.0
9.608384652000021,-0.63574,1.82668,9.4309,0.32316,-4.19247,0.33467,-1.98683,-1.17867,5.48772,0.36125,-3.98888,0.053,75.029,3.168,20217.0
9.61338465200002,-0.77096,1.95471,9.8116,0.36042,-4.2549,0.38418,-1.84627,-1.06056,5.72055,0.40189,-4.03469,0.10505,75.117,3.0,20515.393
9.618384652000021,-0.90617,2.08275,10.19231,0.39768,-4.31734,0.43368,-1.70571,-0.94246,5.95337,0.44253,-4.0805,0.15709,75.205,3.0,20964.875
9.623384652000022,-1.1698,2.10005,11.36576,0.41173,-4.38161,0.5019,-1.56515,-0.82436,6.18619,0.48317,-4.12631,0.20914,75.293,3.0,21117.0
9.62838465200002,-1.49911,2.06069,12.94476,0.41391,-4.44682,0.5797,-1.4246,-0.70626,6.41902,0.52381,-4.17212,0.26119,75.381,3.0,21117.0
9.633384652000021,-1.77197,2.06538,13.61334,0.41609,-4.51204,0.65751,-1.36293,-0.50151,6.91497,0.54787,-4.22017,0.34614,75.556,3.0,21281.045
9.63838465200002,-2.01636,2.09229,13.82279,0.41827,-4.57725,0.73531,-1.34105,-0.25307,7.54361,0.56357,-4.26934,0.44769,75.776,3.0,21527.82
9.643384652000021,-2.26075,2.1192,14.03225,0.42045,-4.64247,0.81311,-1.31917,-0.00462,8.17226,0.57927,-4.31852,0.54924,75.966,3.332,21611.0
9.64838465200002,-2.50514,2.14611,14.2417,0.42263,-4.70768,0.89091,-1.29729,0.24382,8.8009,0.59497,-4.3677,0.65079,76.142,3.832,21611.0
9.653384652000021,-2.74953,2.17302,14.45115,0.42481,-4.7729,0.96871,-1.44011,0.44039,9.15816,0.61067,-4.41687,0.75233,76.317,4.0,21643.294
9.658384652000022,-2.99392,2.19993,14.6606,0.42699,-4.83811,1.04652,-1.66625,0.61072,9.37812,0.62637,-4.46605,0.85388,76.491,4.0,21691.924
9.66338465200002,-3.23831,2.22684,14.87006,0.41576,-4.89504,1.0843,-1.89238,0.78105,9.59809,0.62254,-4.48472,0.8861,76.696,4.0,21783.529
9.668384652000022,-3.48269,2.25375,15.07951,0.39728,-4.94747,1.10044,-2.11852,0.95137,9.81805,0.60814,-4.4869,0.88079,76.918,4.0,21898.388
9.67338465200002,-3.76676,2.27702,15.22474,0.3788,-4.99991,1.11657,-2.34465,1.1217,10.03802,0.59375,-4.48907,0.87549,77.167,4.0,21937.0
9.678384652000021,-4.07092,2.29845,15.33744,0.36032,-5.05235,1.13271,-2.57079,1.29202,10.25798,0.57935,-4.49124,0.87019,77.43,4.0,21937.0
9.68338465200002,-4.37508,2.31987,15.45014,0.34184,-5.10479,1.14884,-2.79692,1.46235,10.47795,0.56496,-4.49341,0.86488,77.694,3.669,21937.0
9.688384652000021,-4.67924,2.34129,15.56285,0.32336,-5.15723,1.16497,-3.02306,1.63268,10.69791,0.55056,-4.49558,0.85958,77.958,3.168,21937.0
9.69338465200002,-4.98339,2.36272,15.67555,0.30488,-5.20967,1.18111,-3.2326,1.73484,10.98135,0.53617,-4.49776,0.85428,78.193,3.0,21874.642
9.698384652000021,-5.28755,2.38414,15.78826,0.2864,-5.26211,1.19724,-3.43372,1.80247,11.29694,0.52177,-4.49993,0.84897,78.412,3.0,21780.691
9.703384652000022,-5.59171,2.40556,15.90096,0.26509,-5.2436,1.13535,-3.63485,1.8701,11.61253,0.50738,-4.5021,0.84367,78.662,3.667,21749.0
9.70838465200002,-5.89587,2.42699,16.01367,0.24235,-5.18898,1.03374,-3.83598,1.93773,11.92813,0.49298,-4.50427,0.83836,78.928,4.673,21749.0
9.713384652000022,-6.20003,2.44841,16.12637,0.21961,-5.13436,0.93213,-4.0371,2.00536,12.24372,0.47859,-4.50644,0.83306,79.161,5.0,21524.186
9.71838465200002,-6.50419,2.46983,16.23907,0.19687,-5.07974,0.83052,-4.23823,2.07299,12.55931,0.46419,-4.50862,0.82776,79.379,5.0,21191.386
9.723384652000021,-6.80835,2.49126,16.35178,0.17413,-5.02511,0.72891,-4.2365,2.11476,12.95227,0.42376,-4.41348,0.73314,79.599,4.337,21079.0
9.72838465200002,-7.1125,2.51268,16.46448,0.15139,-4.97049,0.6273,-4.13134,2.14333,13.38468,0.37004,-4.26872,0.59299,79.819,3.337,21079.0
9.733384652000021,-7.63955,2.28289,16.68935,0.12074,-4.89271,0.56506,-4.02619,2.1719,13.81709,0.31633,-4.12396,0.45283,80.038,3.0,20864.742
9.73838465200002,-8.27958,1.92577,16.97108,0.08608,-4.80319,0.52277,-3.92103,2.20048,14.2495,0.26261,-3.9792,0.31267,80.258,3.0,20541.874
9.743384652000021,-8.91961,1.56864,17.2528,0.05142,-4.71366,0.48047,-3.81587,2.22905,14.68191,0.2278,-3.85686,0.25831,80.507,2.337,20433.0
9.748384652000022,-9.55963,1.21151,17.53453,0.01675,-4.62414,0.43818,-3.71071,2.25762,15.11432,0.20262,-3.74593,0.24759,80.771,1.336,20433.0
9.75338465200002,-9.66083,0.9967,17.56656,-0.01791,-4.53461,0.39589,-3.48407,2.06746,15.23256,0.17743,-3.63499,0.23687,80.976,1.0,20433.0
9.758384652000021,-9.48978,0.8538,17.47244,-0.05257,-4.44509,0.3536,-3.19606,1.76679,15.19206,0.15225,-3.52406,0.22615,81.152,1.0,20433.0
9.76338465200002,-9.31873,0.71089,17.37832,-0.08724,-4.35556,0.31131,-2.90805,1.46611,15.15156,0.12706,-3.41312,0.21543,81.357,1.0,19912.745
9.768384652000021,-9.14768,0.56799,17.2842,-0.1219,-4.26604,0.26902,-2.62004,1.16544,15.11106,0.10187,-3.30219,0.20472,81.576,1.0,19129.741
9.77338465200002,-8.97664,0.42508,17.19008,-0.15656,-4.17651,0.22673,-2.33202,0.86476,15.07056,0.07669,-3.19125,0.194,81.796,4.982,18866.0
9.778384652000021,-8.80559,0.28218,17.09596,-0.19123,-4.08699,0.18443,-2.04401,0.56409,15.03006,0.0515,-3.08032,0.18328,82.016,10.986,18866.0
9.783384652000022,-9.37592,0.80291,16.45432,-0.11298,-3.74962,0.20888,-1.90098,0.32092,14.87356,0.09382,-2.80744,0.22935,82.119,13.0,18866.0
9.78838465200002,-10.32055,1.65868,15.53625,0.02227,-3.28713,0.26703,-1.83114,0.10678,14.65849,0.17023,-2.4528,0.3041,82.163,13.0,18866.0
9.793384652000022,-11.26518,2.51446,14.61818,0.15752,-2.82464,0.32517,-1.7613,-0.10736,14.44343,0.24663,-2.09815,0.37884,82.207,13.0,19391.073
9.79838465200002,-12.20981,3.37024,13.7001,0.29277,-2.36215,0.38332,-1.69146,-0.3215,14.22836,0.32304,-1.74351,0.45359,82.251,13.0,20182.905
9.803384652000021,-14.458,3.27413,13.31236,0.324,-1.96883,0.41052,-1.62162,-0.53564,14.0133,0.39944,-1.38887,0.52834,82.266,8.036,20449.0
9.80838465200002,-17.36597,2.69624,13.19303,0.30257,-1.61052,0.42206,-1.55178,-0.74978,13.79823,0.47584,-1.03422,0.60308,82.266,0.559,20449.0
9.813384652000021,-20.27394,2.11835,13.0737,0.28114,-1.2522,0.4336,-1.74863,-0.71531,14.06006,0.47821,-0.7483,0.57925,82.237,-2.0,21184.232
9.81838465200002,-23.18191,1.54046,12.95437,0.25971,-0.89389,0.44514,-2.08421,-0.55151,14.56998,0.44207,-0.49812,0.50412,82.193,-2.0,22301.945
9.823384652000021,-26.08987,0.96257,12.83504,0.23829,-0.53558,0.45668,-2.41979,-0.3877,15.07991,0.40593,-0.24795,0.429,82.149,0.319,22677.0
9.828384652000022,-28.99784,0.38468,12.71571,0.21686,-0.17727,0.46822,-2.75538,-0.2239,15.58983,0.36978,0.00223,0.35388,82.105,3.809,22677.0
9.83338465200002,-27.69408,0.02621,12.93183,0.19543,0.18105,0.47976,-3.09096,-0.0601,16.09975,0.33364,0.2524,0.27876,82.061,5.0,23357.625
9.838384652000022,-24.20939,-0.21863,13.32166,0.174,0.53936,0.4913,-3.42654,0.10371,16.60967,0.29749,0.50258,0.20364,82.017,5.0,24390.693
9.84338465200002,-20.7247,-0.46347,13.71148,0.15258,0.89767,0.50284,-3.38367,0.53162,16.47698,0.26135,0.75275,0.12852,81.973,5.663,24737.0
9.848384652000021,-17.24001,-0.70831,14.1013,0.13115,1.25599,0.51438,-3.14995,1.09271,16.02025,0.2252,1.00293,0.05339,81.929,6.662,24737.0
9.85338465200002,-13.75532,-0.95315,14.49112,0.10972,1.6143,0.52592,-2.91624,1.65381,15.56351,0.18906,1.2531,-0.02173,81.856,7.0,25041.606
9.858384652000021,-10.27063,-1.19799,14.88094,0.08829,1.97261,0.53746,-2.68252,2.2149,15.10678,0.15292,1.50328,-0.09685,81.768,7.0,25502.501
9.86338465200002,-6.78594,-1.44283,15.27076,0.03518,2.10002,0.34718,-2.44881,2.776,14.65005,0.12494,1.60331,-0.10506,81.651,5.344,25659.0
9.868384652000021,-3.30125,-1.68767,15.66059,-0.03423,2.10872,0.05313,-2.2151,3.33709,14.19331,0.10115,1.62616,-0.07888,81.519,2.835,25659.0
9.873384652000022,-1.52501,-1.46411,15.20841,-0.10364,2.11741,-0.24091,-1.46522,3.18706,13.44411,0.07737,1.64901,-0.05269,81.445,2.0,25587.5
9.87838465200002,-0.60209,-1.0066,14.33569,-0.17305,2.1261,-0.53496,-0.45754,2.68184,12.54882,0.05359,1.67186,-0.02651,81.402,2.0,25480.289
9.883384652000021,0.32084,-0.54909,13.46296,-0.17781,2.08891,-0.59936,0.55014,2.17662,11.65354,0.0298,1.6947,-0.00032,81.358,2.988,25444.0
9.88838465200002,1.24377,-0.09158,12.59024,-0.14948,2.02823,-0.54625,1.55782,1.67141,10.75825,0.00602,1.71755,0.02586,81.314,4.483,25444.0
9.893384652000021,2.16669,0.36594,11.71752,-0.12116,1.96755,-0.49315,2.5655,1.16619,9.86297,0.00431,1.7008,0.02665,81.299,5.0,25576.086
9.89838465200002,3.08962,0.82345,10.84479,-0.09283,1.90687,-0.44004,3.57319,0.66097,8.96768,0.0143,1.66307,0.014,81.299,5.0,25778.149
9.903384652000021,4.01254,1.28096,9.97207,-0.0645,1.8462,-0.38694,4.58087,0.15576,8.0724,0.02428,1.62535,0.00134,81.299,4.337,25846.0
9.908384652000022,4.93547,1.73847,9.09934,-0.03618,1.78552,-0.33383,5.58855,-0.34946,7.17711,0.03427,1.58762,-0.01132,81.299,3.339,25846.0
9.91338465200002,4.83175,1.78272,9.02891,-0.00785,1.72484,-0.28073,5.2667,-0.45441,7.00212,0.04426,1.54989,-0.02398,81.27,3.0,25790.733
9.918384652000022,4.20008,1.61444,9.37105,0.02048,1.66416,-0.22762,4.26116,-0.35353,7.19754,0.05424,1.51216,-0.03664,81.226,3.0,25707.045
9.92338465200002,3.5684,1.44617,9.71319,0.0488,1.60349,-0.17452,3.25561,-0.25265,7.39296,0.06423,1.47444,-0.0493,81.211,2.003,25679.0
9.928384652000021,2.93673,1.2779,10.05533,0.07713,1.54281,-0.12141,2.25007,-0.15177,7.58838,0.07421,1.43671,-0.06195,81.211,0.505,25679.0
9.93338465200002,2.30506,1.10962,10.39747,0.10546,1.48213,-0.06831,1.24452,-0.05089,7.7838,0.0842,1.39898,-0.07461,81.182,0.0,25656.765
9.938384652000021,1.67339,0.94135,10.73961,0.13378,1.42145,-0.0152,0.23898,0.04999,7.97922,0.09418,1.36125,-0.08727,81.138,0.0,25623.24
9.94338465200002,1.42635,0.86938,10.81959,0.14525,1.35435,-0.01535,-0.76656,0.15087,8.17464,0.10417,1.32352,-0.09993,81.123,0.332,25612.0
9.948384652000021,1.37332,0.84599,10.76732,0.1482,1.28401,-0.04236,-1.77211,0.25175,8.37006,0.11416,1.2858,-0.11259,81.123,0.831,25612.0
9.953384652000022,1.32029,0.8226,10.71506,0.15116,1.21367,-0.06938,-1.96257,0.40948,8.46632,0.12206,1.22365,-0.11165,81.123,1.0,25755.74
9.95838465200002,1.26726,0.7992,10.6628,0.15412,1.14333,-0.09639,-1.73771,0.59617,8.51207,0.1289,1.14906,-0.10378,81.123,1.0,25972.722
9.963384652000022,1.21422,0.77581,10.61054,0.15707,1.07299,-0.12341,-1.51285,0.78286,8.55782,0.13574,1.07446,-0.09591,81.123,2.321,26046.0
9.96838465200002,1.16119,0.75241,10.55827,0.16003,1.00265,-0.15042,-1.288,0.96955,8.60356,0.14258,0.99987,-0.08804,81.123,4.316,26046.0
9.973384652000021,1.20004,0.95779,10.62481,0.16104,0.97855,-0.15968,-1.21095,1.03352,8.61924,0.14942,0.92528,-0.08017,81.123,5.0,25890.475
9.97838465200002,1.28677,1.2824,10.75326,0.16104,0.97855,-0.15968,-1.21095,1.03352,8.61924,0.15626,0.85069,-0.0723,81.123,5.0,25653.892
9.983384652000021,1.3735,1.60702,10.88171,0.16104,0.97855,-0.15968,-1.21095,1.03352,8.61924,0.15857,0.8255,-0.06965,81.152,5.331,25574.0
9.98838465200002,1.46023,1.93163,11.01016,0.16104,0.97855,-0.15968,-1.21095,1.03352,8.61924,0.15857,0.8255,-0.06965,81.196,5.831,25574.0
