time_s,foot_ax,foot_ay,foot_az,foot_gx,foot_gy,foot_gz,shank_ax,shank_ay,shank_az,shank_gx,shank_gy,shank_gz,ankle_encoder_deg,toe_fsr_raw,heel_fsr_raw
0.0044996130000072,0.15157,1.09489,10.56793,-0.04315,0.2271,-0.08525,-3.74243,1.57049,11.29386,0.0,0.0,0.0,169.541,21879.0,0.0
0.0094996130000072,0.15157,1.09489,10.56793,-0.04315,0.2271,-0.08525,-3.74243,1.57049,11.29386,0.0,0.0,0.0,169.541,21879.0,0.0
0.014499613000007199,0.15157,1.09489,10.56793,-0.04315,0.2271,-0.08525,-3.74243,1.57049,11.29386,0.0,0.0,0.0,169.464,21879.0,0.0
0.019499613000007198,0.15157,1.09489,10.56793,-0.04315,0.2271,-0.08525,-3.74243,1.57049,11.29386,0.0,0.0,0.0,169.375,21879.0,0.0
0.0244996130000072,0.15157,1.09489,10.56793,-0.04315,0.2271,-0.08525,-3.91925,1.6802,11.17465,0.0343,0.31704,-0.04595,169.365,21879.0,0.0
0.029499613000007197,0.15157,1.09489,10.56793,-0.04315,0.2271,-0.08525,-4.11873,1.80398,11.04015,0.07299,0.67474,-0.09779,169.365,21879.0,0.0
0.034499613000007194,0.15157,1.09489,10.56793,-0.04315,0.2271,-0.08525,-4.31822,1.92775,10.90566,0.11168,1.03244,-0.14964,169.092,21879.0,186.245
0.0394996130000072,0.15157,1.09489,10.56793,-0.04315,0.2271,-0.08525,-4.5177,2.05153,10.77116,0.15037,1.39013,-0.20148,168.785,21879.0,396.189
0.044499613000007196,0.04467,1.06537,10.66252,-0.03377,0.50658,-0.1382,-4.71719,2.17531,10.63666,0.18907,1.74783,-0.25333,168.633,21879.0,420.0
0.049499613000007193,-0.0759,1.03207,10.76921,-0.02319,0.82181,-0.19791,-4.91667,2.29908,10.50217,0.22776,2.10553,-0.30517,168.501,21879.0,420.0
0.05449961300000719,-0.19648,0.99878,10.8759,-0.01261,1.13704,-0.25763,-5.11616,2.42286,10.36767,0.26645,2.46323,-0.35701,168.33,15771.756,420.0
0.059499613000007195,-0.31705,0.96548,10.98259,-0.00203,1.45227,-0.31735,-5.31564,2.54664,10.23318,0.30514,2.82092,-0.40886,168.155,8885.696,420.0
0.06449961300000719,-0.43763,0.93218,11.08928,0.00855,1.76749,-0.37707,-4.91288,2.48604,9.30415,0.25384,2.72819,-0.43658,168.018,5054.232,445.718
0.06949961300000719,-0.5582,0.89889,11.19597,0.01913,2.08272,-0.43678,-4.43301,2.40184,8.27339,0.19102,2.57778,-0.46121,167.886,1613.926,474.729
0.0744996130000072,-0.18691,0.82238,10.57357,0.02971,2.39795,-0.4965,-3.95313,2.31763,7.24262,0.12819,2.42736,-0.48584,167.637,1226.0,408.851
0.07949961300000719,0.24689,0.74039,9.8585,0.04029,2.71318,-0.55622,-3.47325,2.23343,6.21186,0.06537,2.27695,-0.51048,167.374,1226.0,330.914
0.08449961300000719,0.68069,0.65839,9.14344,0.01977,2.56332,-0.57832,-3.7943,2.24685,5.63614,0.02246,2.10112,-0.55964,167.227,686.849,322.0
0.0894996130000072,1.11449,0.5764,8.42838,-0.00476,2.3534,-0.59555,-4.21878,2.27289,5.11918,-0.01787,1.92202,-0.61197,167.095,78.07,322.0
0.09449961300000718,1.54829,0.4944,7.71331,-0.02929,2.14348,-0.61279,-4.64326,2.29892,4.60222,-0.0582,1.74291,-0.6643,167.041,8.0,324.215
0.09949961300000719,1.98209,0.41241,6.99825,-0.05382,1.93356,-0.63003,-5.06775,2.32495,4.08527,-0.09853,1.5638,-0.71663,166.997,8.0,326.718
0.10449961300000718,2.68456,0.2178,6.95387,-0.07835,1.72364,-0.64727,-5.49223,2.35098,3.56831,-0.13886,1.38469,-0.76896,166.914,6.227,327.0
0.10949961300000718,3.42114,0.00889,6.99465,-0.10288,1.51372,-0.66451,-5.91672,2.37701,3.05135,-0.17919,1.20558,-0.82129,166.826,4.228,327.0
0.11449961300000719,4.15772,-0.20002,7.03543,-0.12741,1.3038,-0.68174,-6.3412,2.40305,2.5344,-0.21952,1.02648,-0.87362,166.738,4.0,246.335
0.11949961300000718,4.8943,-0.40893,7.07621,-0.15194,1.09388,-0.69898,-6.76568,2.42908,2.01744,-0.25985,0.84737,-0.92595,166.651,4.0,155.256
0.12449961300000718,5.63088,-0.61784,7.11699,-0.17647,0.88396,-0.71622,-6.16964,2.25298,2.20093,-0.32442,0.57961,-0.83039,166.602,2.67,145.0
0.12949961300000717,6.36746,-0.82675,7.15777,-0.201,0.67404,-0.73346,-5.44409,2.05124,2.4733,-0.39206,0.3006,-0.71606,166.558,1.172,145.0
0.13449961300000718,7.10404,-1.03566,7.19855,-0.23939,0.46043,-0.6431,-4.71855,1.84949,2.74568,-0.45971,0.02159,-0.60173,166.553,1.0,211.872
0.13949961300000718,7.84062,-1.24456,7.23933,-0.27958,0.24634,-0.53879,-3.993,1.64775,3.01805,-0.52735,-0.25742,-0.4874,166.553,1.0,287.412
0.1444996130000072,7.44843,-1.05299,6.94394,-0.31976,0.03224,-0.43448,-3.53484,1.48356,3.00211,-0.595,-0.53643,-0.37308,166.592,2.329,296.0
0.1494996130000072,6.91145,-0.81006,6.60543,-0.35995,-0.18185,-0.33017,-3.11097,1.32419,2.94917,-0.66264,-0.81544,-0.25875,166.636,3.829,296.0
0.15449961300000717,6.37447,-0.56712,6.26691,-0.40013,-0.39594,-0.22586,-2.68711,1.16482,2.89624,-0.6601,-0.9525,-0.15015,166.641,4.0,485.254
0.15949961300000717,5.83749,-0.32418,5.9284,-0.44032,-0.61003,-0.12155,-2.26324,1.00544,2.84331,-0.6485,-1.07126,-0.0423,166.641,4.0,698.919
0.16449961300000718,5.30051,-0.08124,5.58989,-0.4805,-0.82412,-0.01724,-1.83938,0.84607,2.79038,-0.6369,-1.19001,0.06556,166.68,4.0,723.0
0.16949961300000718,4.76353,0.1617,5.25137,-0.52068,-1.03821,0.08706,-1.41551,0.6867,2.73745,-0.6253,-1.30877,0.17341,166.723,4.0,723.0
0.1744996130000072,4.53606,0.34135,5.12175,-0.51904,-1.16604,0.18609,-0.99165,0.52733,2.68452,-0.6137,-1.42752,0.28127,166.767,4.0,1087.284
0.17949961300000716,4.34861,0.51282,5.01913,-0.51199,-1.28272,0.28444,-0.56778,0.36796,2.63159,-0.6021,-1.54628,0.38912,166.811,4.0,1498.673
0.18449961300000717,4.16116,0.68429,4.91652,-0.50494,-1.39939,0.38279,-0.64841,0.27865,2.54328,-0.5905,-1.66504,0.49698,166.816,3.557,1545.0
0.18949961300000717,3.97371,0.85576,4.81391,-0.49789,-1.51607,0.48113,-0.79305,0.19823,2.45049,-0.5789,-1.78379,0.60484,166.816,3.057,1545.0
0.19449961300000718,3.78626,1.02722,4.71129,-0.49084,-1.63274,0.57948,-0.93769,0.1178,2.3577,-0.56167,-1.86202,0.6578,166.855,3.0,1960.171
0.19949961300000718,3.59881,1.19869,4.60868,-0.48379,-1.74942,0.67782,-1.08234,0.03738,2.2649,-0.54372,-1.93503,0.70367,166.899,3.0,2428.907
0.20449961300000716,3.41136,1.37016,4.50606,-0.47674,-1.86609,0.77617,-1.22698,-0.04304,2.17211,-0.52577,-2.00803,0.74955,166.943,3.0,2482.0
0.20949961300000716,3.22391,1.54163,4.40345,-0.46969,-1.98277,0.87452,-1.37162,-0.12346,2.07931,-0.50782,-2.08103,0.79543,166.987,3.0,2482.0
0.21449961300000717,3.07191,1.66474,4.73655,-0.45703,-2.09911,0.93772,-1.51627,-0.20389,1.98652,-0.48986,-2.15404,0.8413,167.031,3.0,2977.244
0.21949961300000717,2.92457,1.7815,5.12689,-0.44363,-2.2154,0.9963,-1.66091,-0.28431,1.89372,-0.47191,-2.22704,0.88718,167.075,3.0,3537.558
0.22449961300000718,2.77723,1.89826,5.51723,-0.43022,-2.3317,1.05489,-1.83687,-0.22399,2.17705,-0.45396,-2.30005,0.93305,167.08,3.0,3599.0
0.22949961300000718,2.62989,2.01502,5.90757,-0.41682,-2.448,1.11347,-2.01669,-0.14634,2.50671,-0.43601,-2.37305,0.97893,167.08,3.0,3599.0
0.23449961300000716,2.43527,2.08324,6.15605,-0.40342,-2.56429,1.17205,-2.19651,-0.06869,2.83636,-0.41805,-2.44605,1.02481,167.119,3.0,4127.562
0.23949961300000716,2.23459,2.14524,6.38632,-0.39002,-2.68059,1.23064,-2.37633,0.00895,3.16602,-0.4001,-2.51906,1.07068,167.162,3.0,4723.93
0.24449961300000717,2.0339,2.20724,6.6166,-0.37662,-2.79688,1.28922,-2.55615,0.0866,3.49567,-0.38215,-2.59206,1.11656,167.207,3.441,4802.0
0.24949961300000717,1.83322,2.26924,6.84688,-0.36322,-2.91318,1.3478,-2.73596,0.16425,3.82533,-0.3642,-2.66506,1.16244,167.251,3.948,4802.0
0.2544996130000072,1.63253,2.33123,7.07716,-0.34318,-3.00727,1.36634,-3.00461,0.34744,3.88404,-0.3397,-2.86082,1.1922,167.256,4.0,5838.542
0.2594996130000071,1.43185,2.39323,7.30744,-0.32239,-3.09881,1.38026,-3.28347,0.54276,3.91163,-0.31446,-3.07069,1.22012,167.256,4.0,6994.189
0.2644996130000071,1.11858,2.42272,7.5559,-0.30159,-3.19036,1.39419,-3.56232,0.73808,3.93921,-0.28921,-3.28056,1.24803,167.295,4.0,7124.0
0.26949961300000713,0.79106,2.44809,7.80666,-0.28079,-3.2819,1.40812,-3.84117,0.93339,3.96679,-0.26396,-3.49042,1.27594,167.339,4.0,7124.0
0.27449961300000714,0.46354,2.47345,8.05743,-0.26,-3.37345,1.42205,-3.8647,0.9484,4.34901,-0.25309,-3.55068,1.24992,167.383,4.0,7368.102
0.27949961300000714,0.13602,2.49882,8.30819,-0.2392,-3.46499,1.43598,-3.85577,0.94048,4.77632,-0.24403,-3.59192,1.21705,167.427,4.0,7643.236
0.28449961300000715,-0.19149,2.52419,8.55896,-0.2184,-3.55653,1.4499,-3.84684,0.93257,5.20363,-0.23498,-3.63316,1.18417,167.471,4.443,7675.0
0.28949961300000715,-0.51901,2.54956,8.80972,-0.1976,-3.64808,1.46383,-3.83792,0.92465,5.63093,-0.22592,-3.6744,1.1513,167.515,4.943,7675.0
0.29449961300000715,-0.84653,2.57493,9.06049,-0.1916,-3.71554,1.4105,-3.82899,0.91673,6.05824,-0.21687,-3.71564,1.11842,167.558,5.0,8120.208
0.2994996130000071,-1.17405,2.6003,9.31125,-0.1875,-3.77992,1.34851,-3.82006,0.90882,6.48555,-0.20782,-3.75688,1.08554,167.602,5.0,8622.72
0.3044996130000071,-1.28458,2.58199,9.80227,-0.18339,-3.84429,1.28652,-3.91161,1.03961,6.7732,-0.19876,-3.79812,1.05267,167.607,4.56,8681.0
0.3094996130000071,-1.36665,2.55796,10.32481,-0.17929,-3.90866,1.22453,-4.01635,1.1886,7.04253,-0.18971,-3.83936,1.01979,167.607,4.062,8681.0
0.3144996130000071,-1.44872,2.53392,10.84734,-0.17519,-3.97303,1.16254,-4.12109,1.3376,7.31185,-0.18066,-3.8806,0.98692,167.646,4.0,8872.38
0.3194996130000071,-1.53079,2.50988,11.36988,-0.17108,-4.0374,1.10055,-4.22583,1.48659,7.58118,-0.1716,-3.92184,0.95404,167.69,4.0,9090.967
0.3244996130000071,-1.61286,2.48584,11.89241,-0.16698,-4.10177,1.03856,-4.33057,1.63558,7.85051,-0.16255,-3.96308,0.92116,167.734,3.116,9117.0
0.32949961300000713,-1.69493,2.4618,12.41495,-0.16288,-4.16614,0.97657,-4.43531,1.78457,8.11984,-0.1535,-4.00432,0.88829,167.778,2.113,9117.0
0.33449961300000713,-1.73912,2.4962,12.76686,-0.16846,-4.2225,0.92705,-4.54005,1.93356,8.38917,-0.15939,-4.05741,0.83515,167.861,2.0,9731.147
0.33949961300000714,-1.77851,2.53802,13.09711,-0.17528,-4.27784,0.8791,-4.64479,2.08255,8.6585,-0.16718,-4.11199,0.77944,167.949,2.0,10423.3
0.34449961300000714,-1.81789,2.57984,13.42736,-0.18209,-4.33319,0.83116,-4.49672,2.20603,8.95293,-0.17497,-4.16658,0.72373,167.959,2.0,10503.0
0.34949961300000715,-1.85727,2.62165,13.7576,-0.18891,-4.38853,0.78322,-4.31575,2.32619,9.25062,-0.18276,-4.22117,0.66801,167.959,2.0,10503.0
0.3544996130000071,-1.89665,2.66347,14.08785,-0.19572,-4.44388,0.73527,-4.13478,2.44635,9.54832,-0.19054,-4.27575,0.6123,167.998,2.0,10820.575
0.3594996130000071,-1.93603,2.70529,14.41809,-0.20254,-4.49922,0.68733,-3.95381,2.56651,9.84601,-0.19833,-4.33034,0.55659,168.042,2.0,11181.925
0.3644996130000071,-1.97541,2.74711,14.74834,-0.20935,-4.55457,0.63939,-3.77284,2.68667,10.14371,-0.20612,-4.38493,0.50088,168.086,2.0,11224.0
0.3694996130000071,-2.01479,2.78893,15.07859,-0.21617,-4.60991,0.59145,-3.59187,2.80682,10.4414,-0.21391,-4.43951,0.44517,168.13,2.0,11224.0
0.3744996130000071,-2.37017,2.84324,15.19104,-0.21107,-4.58198,0.52431,-3.51886,2.76146,10.55843,-0.20964,-4.443,0.40244,168.135,2.0,11317.991
0.3794996130000071,-2.76556,2.89913,15.2759,-0.20446,-4.54351,0.45473,-3.45953,2.69513,10.65258,-0.20384,-4.44001,0.36136,168.135,2.0,11423.885
0.3844996130000071,-3.16096,2.95502,15.36077,-0.19786,-4.50504,0.38516,-3.40019,2.62881,10.74673,-0.19804,-4.43702,0.32028,168.135,3.33,11436.0
0.3894996130000071,-3.55635,3.01091,15.44564,-0.19125,-4.46656,0.31559,-3.34086,2.56248,10.84088,-0.19224,-4.43404,0.2792,168.135,4.831,11436.0
0.39449961300000713,-3.95175,3.0668,15.53051,-0.18464,-4.42809,0.24602,-3.28153,2.49615,10.93502,-0.18644,-4.43105,0.23812,168.096,5.0,11152.436
0.39949961300000714,-4.34714,3.12269,15.61538,-0.17803,-4.38962,0.17645,-3.2222,2.42983,11.02917,-0.18064,-4.42807,0.19703,168.052,5.0,10832.904
0.4044996130000071,-4.7239,3.04222,15.81569,-0.1657,-4.35679,0.11198,-3.16286,2.3635,11.12332,-0.17484,-4.42508,0.15595,168.047,4.557,10797.0
0.4094996130000071,-5.0983,2.94449,16.03061,-0.15263,-4.32467,0.04816,-3.10353,2.29717,11.21747,-0.16904,-4.42209,0.11487,168.047,4.057,10797.0
0.4144996130000071,-5.47269,2.84676,16.24553,-0.13957,-4.29255,-0.01566,-3.30096,2.30012,11.48755,-0.14306,-4.35128,-0.03931,168.047,4.0,10713.407
0.4194996130000071,-5.84709,2.74903,16.46046,-0.1265,-4.26043,-0.07948,-3.53151,2.31201,11.78032,-0.11448,-4.27172,-0.20808,168.047,4.0,10619.03
0.4244996130000071,-6.03732,2.61503,16.46917,-0.11344,-4.22832,-0.14331,-3.76205,2.32389,12.07309,-0.08589,-4.19216,-0.37685,168.047,4.0,10608.0
0.4294996130000071,-6.20318,2.47624,16.4506,-0.10038,-4.1962,-0.20713,-3.9926,2.33578,12.36587,-0.05731,-4.11259,-0.54562,168.047,4.0,10608.0
0.4344996130000071,-6.36903,2.33745,16.43203,-0.08731,-4.16408,-0.27095,-3.90894,2.16924,12.44539,-0.04536,-4.04859,-0.57544,168.047,4.0,10524.681
0.4394996130000071,-6.53489,2.19866,16.41346,-0.07425,-4.13196,-0.33477,-3.78464,1.97964,12.49733,-0.03556,-3.98661,-0.58729,168.047,4.0,10430.587
0.4444996130000071,-6.70075,2.05987,16.39488,-0.06118,-4.09985,-0.39859,-3.66034,1.79003,12.54928,-0.02576,-3.92462,-0.59914,168.047,4.0,10420.0
0.4494996130000071,-6.8666,1.92108,16.37631,-0.04812,-4.06773,-0.46242,-3.53604,1.60043,12.60122,-0.01596,-3.86263,-0.61099,168.047,4.0,10420.0
0.45449961300000713,-7.03246,1.78229,16.35774,-0.03244,-3.97726,-0.47202,-3.41174,1.41082,12.65317,-0.00615,-3.80065,-0.62284,168.086,4.0,10564.017
0.4594996130000071,-7.19831,1.6435,16.33917,-0.01641,-3.87922,-0.47459,-3.28744,1.22121,12.70511,0.00365,-3.73866,-0.63469,168.13,4.0,10726.698
0.4644996130000071,-7.42314,1.57095,16.09569,-0.00039,-3.78118,-0.47716,-3.05225,1.06681,12.71159,0.01345,-3.67668,-0.64653,168.135,2.225,10745.0
0.4694996130000071,-7.65544,1.5068,15.82371,0.01563,-3.68314,-0.47974,-2.803,0.91688,12.7123,0.02325,-3.61469,-0.65838,168.135,0.225,10745.0
0.4744996130000071,-7.88773,1.44265,15.55173,0.03165,-3.58511,-0.48231,-2.55376,0.76694,12.71302,0.03305,-3.5527,-0.67023,168.135,0.0,10726.812
0.4794996130000071,-8.12003,1.3785,15.27974,0.04768,-3.48707,-0.48488,-2.30451,0.61701,12.71374,0.04285,-3.49072,-0.68208,168.135,0.0,10706.324
0.4844996130000071,-8.35233,1.31435,15.00776,0.0637,-3.38903,-0.48745,-2.05527,0.46707,12.71445,0.05265,-3.42873,-0.69393,168.135,-1.326,10704.0
0.4894996130000071,-8.58463,1.2502,14.73578,0.07972,-3.291,-0.49003,-1.80602,0.31713,12.71517,0.06245,-3.36674,-0.70578,168.135,-2.822,10704.0
0.4944996130000071,-8.92062,1.29459,14.34479,0.10232,-3.11667,-0.44372,-1.55678,0.1672,12.71588,0.0882,-3.20799,-0.64764,168.135,-3.0,10911.659
0.4994996130000071,-9.27065,1.35367,13.93769,0.1258,-2.93202,-0.3908,-1.30753,0.01726,12.7166,0.11612,-3.03614,-0.58004,168.135,-3.0,11147.419
0.5044996130000071,-9.62068,1.41275,13.53059,0.14928,-2.74737,-0.33788,-1.27124,-0.03639,12.49822,0.14403,-2.86429,-0.51244,168.135,-0.342,11174.0
0.5094996130000071,-9.9707,1.47183,13.12349,0.17277,-2.56272,-0.28497,-1.262,-0.0778,12.25199,0.17195,-2.69244,-0.44483,168.135,2.654,11174.0
0.5144996130000071,-10.32073,1.53091,12.71639,0.19625,-2.37807,-0.23205,-1.25276,-0.11922,12.00577,0.19986,-2.52059,-0.37723,168.096,3.0,11335.127
0.5194996130000071,-10.67076,1.58999,12.30929,0.21973,-2.19342,-0.17913,-1.24352,-0.16063,11.75955,0.22777,-2.34875,-0.30962,168.052,3.0,11517.279
0.5244996130000071,-11.02078,1.64907,11.90219,0.24322,-2.00877,-0.12621,-1.23429,-0.20204,11.51332,0.25569,-2.1769,-0.24202,167.969,3.884,11538.0
0.5294996130000071,-11.37081,1.70815,11.49509,0.2667,-1.82412,-0.07329,-1.22505,-0.24346,11.2671,0.2836,-2.00505,-0.17441,167.882,4.881,11538.0
0.5344996130000071,-12.71797,1.55592,11.65325,0.22765,-1.29719,0.0238,-1.13624,-0.2857,11.84901,0.2837,-1.68204,-0.06693,167.832,5.0,14444.877
0.5394996130000071,-14.20049,1.375,11.88813,0.18011,-0.72379,0.12688,-1.03663,-0.32806,12.54335,0.28002,-1.33851,0.04597,167.788,5.0,17746.358
0.5444996130000072,-15.68301,1.19408,12.12301,0.13256,-0.15039,0.22997,-0.93702,-0.37041,13.23768,0.27634,-0.99498,0.15887,167.666,3.669,18118.0
0.5494996130000072,-17.16553,1.01316,12.35789,0.08502,0.423,0.33305,-0.83741,-0.41277,13.93201,0.27266,-0.65145,0.27177,167.534,2.169,18118.0
0.5544996130000072,-18.64806,0.83224,12.59277,0.03748,0.9964,0.43614,-0.7378,-0.45512,14.62635,0.26898,-0.30792,0.38467,167.481,2.0,20056.669
0.5594996130000072,-20.13058,0.65133,12.82766,-0.01006,1.56979,0.53922,-0.63819,-0.49748,15.32068,0.2653,0.03561,0.49757,167.437,2.0,22241.447
0.5644996130000072,-18.40409,0.22588,12.90334,-0.04984,1.68358,0.42767,-0.53858,-0.53984,16.01501,0.26162,0.37913,0.61047,167.276,3.77,22497.0
0.5694996130000072,-16.25253,-0.23196,12.95793,-0.08859,1.73648,0.2877,-0.43897,-0.58219,16.70934,0.25794,0.72266,0.72337,167.1,5.775,22497.0
0.5744996130000072,-14.10097,-0.6898,13.01252,-0.12733,1.78938,0.14772,-1.0783,-0.12211,15.93173,0.20097,0.92834,0.52964,167.041,6.0,23699.636
0.5794996130000072,-11.94941,-1.14763,13.06711,-0.16608,1.84228,0.00774,-1.81123,0.40162,14.96768,0.13724,1.11656,0.29708,166.997,6.0,25054.598
0.5844996130000072,-9.42468,-1.03586,12.65169,-0.20483,1.89518,-0.13223,-2.54416,0.92534,14.00363,0.07351,1.30477,0.06452,166.876,5.559,25209.0
0.5894996130000072,-6.85196,-0.85082,12.17583,-0.24357,1.94808,-0.27221,-3.27709,1.44906,13.03959,0.00978,1.49299,-0.16804,166.745,5.061,25209.0
0.5944996130000071,-4.27925,-0.66579,11.69996,-0.28232,2.00098,-0.41219,-2.04056,1.355,12.19781,0.00738,1.53233,-0.17718,166.573,5.0,25392.012
0.5994996130000071,-1.70653,-0.48075,11.22409,-0.32107,2.05389,-0.55216,-0.53046,1.17512,11.37303,0.01349,1.55099,-0.15528,166.397,5.0,25600.445
0.6044996130000071,0.86619,-0.29572,10.74823,-0.28639,2.04927,-0.51575,0.97964,0.99525,10.54824,0.0196,1.56965,-0.13338,166.182,4.113,25624.0
0.6094996130000071,3.43891,-0.11068,10.27236,-0.24236,2.03732,-0.45687,2.48974,0.81537,9.72345,0.02571,1.58832,-0.11148,165.962,3.114,25624.0
0.6144996130000071,3.47478,0.19714,10.26126,-0.19833,2.02537,-0.39799,3.99984,0.6355,8.89866,0.03182,1.60698,-0.08958,165.899,3.0,25814.033
0.6194996130000071,3.18481,0.52073,10.30985,-0.1543,2.01342,-0.3391,5.50994,0.45562,8.07388,0.03793,1.62564,-0.06768,165.855,3.0,26028.474
0.6244996130000071,2.89485,0.84432,10.35844,-0.11027,2.00147,-0.28022,5.02217,0.33944,7.90587,0.04405,1.6443,-0.04578,165.811,3.0,26053.0
0.6294996130000071,2.60489,1.1679,10.40703,-0.06624,1.98952,-0.22133,4.2764,0.23148,7.82268,0.05016,1.66296,-0.02388,165.767,3.0,26053.0
0.6344996130000071,2.31492,1.49149,10.45562,-0.02221,1.97757,-0.16245,3.53063,0.12352,7.7395,0.05627,1.68162,-0.00198,165.684,3.0,26142.075
0.6394996130000071,2.02496,1.81508,10.50421,0.02182,1.96562,-0.10357,2.78487,0.01556,7.65631,0.06238,1.70028,0.01992,165.596,3.0,26242.479
0.6444996130000071,1.93102,1.70877,10.7475,0.03539,1.86983,-0.10399,2.0391,-0.0924,7.57312,0.06849,1.71895,0.04182,165.547,3.0,26254.0
0.6494996130000071,1.86249,1.54673,11.01603,0.04502,1.76317,-0.1121,1.29333,-0.20036,7.48993,0.0746,1.73761,0.06372,165.503,3.0,26254.0
0.6544996130000071,1.79396,1.38469,11.28457,0.05465,1.65651,-0.12022,0.66212,-0.04959,7.76259,0.08398,1.70682,0.0165,165.537,2.559,26202.894
0.6594996130000071,1.72542,1.22265,11.5531,0.06428,1.54985,-0.12833,0.04643,0.13622,8.08344,0.0938,1.66934,-0.04009,165.581,2.059,26144.868
0.6644996130000071,1.65689,1.06061,11.82163,0.07391,1.4432,-0.13644,-0.56926,0.32203,8.40428,0.10362,1.63185,-0.09668,165.664,2.442,26138.0
0.6694996130000072,1.58836,0.89856,12.09016,0.08354,1.33654,-0.14455,-1.18495,0.50784,8.72513,0.11344,1.59437,-0.15327,165.752,2.943,26138.0
0.6744996130000072,1.51983,0.73652,12.3587,0.09317,1.22988,-0.15266,-1.80064,0.69366,9.04597,0.12326,1.55689,-0.20986,165.878,3.0,26158.808
0.6794996130000072,1.4513,0.57448,12.62723,0.1028,1.12322,-0.16077,-2.41633,0.87947,9.36682,0.13308,1.5194,-0.26645,166.01,3.0,26182.271
0.6844996130000072,1.38277,0.41244,12.89576,0.11243,1.01656,-0.16889,-3.03202,1.06528,9.68767,0.1429,1.48192,-0.32304,166.064,802.163,26185.0
0.6894996130000072,1.31423,0.2504,13.16429,0.12206,0.90991,-0.177,-3.64771,1.25109,10.00851,0.15272,1.44444,-0.37963,166.108,1706.498,26185.0
0.6944996130000072,1.18039,1.11844,12.20406,0.12965,0.83792,-0.19175,-3.61827,1.51693,9.877,0.12962,1.3141,-0.45118,166.191,1810.0,26145.611
0.6994996130000071,1.03811,2.11961,11.08501,0.13697,0.77042,-0.20736,-3.50545,1.79311,9.68703,0.10226,1.17176,-0.52466,166.279,1810.0,26101.13
0.7044996130000071,1.10941,2.13951,10.89475,0.1443,0.70292,-0.22297,-3.39263,2.0693,9.49706,0.0749,1.02942,-0.59815,166.367,2295.407,26096.0
0.7094996130000071,1.20857,2.03147,10.82558,0.15162,0.63541,-0.23858,-3.27981,2.34548,9.30709,0.04755,0.88708,-0.67163,166.455,2844.102,26096.0
0.7144996130000071,1.30773,1.92343,10.75641,0.15894,0.56791,-0.25419,-3.16699,2.62167,9.11712,0.02019,0.74474,-0.74512,166.543,2906.0,26028.728
0.7194996130000071,1.40689,1.81539,10.68724,0.16626,0.50041,-0.2698,-3.05417,2.89785,8.92715,-0.00716,0.6024,-0.8186,166.63,2906.0,25952.902
0.7244996130000071,1.50604,1.70736,10.61807,0.17359,0.43291,-0.28541,-1.3782,2.15827,8.97576,0.0286,0.57926,-0.72896,166.718,3707.214,25944.0
0.7294996130000071,1.6052,1.59932,10.5489,0.18091,0.36541,-0.30102,0.50568,1.28358,9.05611,0.07277,0.57198,-0.61762,166.806,4614.997,25944.0
0.7344996130000071,1.70436,1.49128,10.47973,0.17861,0.3402,-0.28263,2.38956,0.40889,9.13646,0.11693,0.5647,-0.50628,166.894,4720.0,25925.88
0.7394996130000071,1.80352,1.38324,10.41056,0.17506,0.32053,-0.2598,4.27345,-0.4658,9.21681,0.1611,0.55742,-0.39495,166.982,4720.0,25905.391
0.7444996130000071,1.90267,1.2752,10.34139,0.1715,0.30086,-0.23697,3.87679,-0.35579,9.27889,0.20526,0.55013,-0.28361,167.07,5400.98,25903.0
0.7494996130000071,2.00183,1.16717,10.27222,0.16795,0.28119,-0.21413,3.17886,-0.1157,9.33856,0.24943,0.54285,-0.17227,167.158,6171.92,25903.0
0.7544996130000071,1.83733,1.13045,10.29846,0.16439,0.26152,-0.1913,2.48093,0.1244,9.39823,0.24767,0.52262,-0.16022,167.207,6259.0,25838.308
0.7594996130000071,1.63925,1.10281,10.33684,0.16084,0.24185,-0.16847,1.783,0.36449,9.4579,0.24006,0.50074,-0.16081,167.251,6259.0,25765.378
0.7644996130000071,1.44118,1.07517,10.37523,0.15728,0.22218,-0.14563,1.08507,0.60458,9.51758,0.23245,0.47885,-0.1614,167.334,6518.5,25757.0
0.7694996130000071,1.2431,1.04753,10.41362,0.15373,0.20251,-0.1228,0.38714,0.84467,9.57725,0.22484,0.45697,-0.16199,167.422,6811.679,25757.0
0.7744996130000071,1.04503,1.01989,10.452,0.15087,0.19363,-0.11801,-0.31079,1.08477,9.63692,0.21723,0.43509,-0.16258,167.471,6845.0,25783.13
0.7794996130000071,0.84695,0.99226,10.49039,0.1481,0.18614,-0.11553,-1.00872,1.32486,9.69659,0.20962,0.41321,-0.16317,167.514,6845.0,25812.611
0.7844996130000071,0.73536,1.05895,10.51782,0.14533,0.17864,-0.11306,-0.90265,1.45216,9.78335,0.20201,0.39132,-0.16376,167.52,7774.411,25816.0
0.7894996130000071,0.635,1.1379,10.54382,0.14255,0.17115,-0.11058,-0.69215,1.56481,9.87363,0.1944,0.36944,-0.16435,167.52,8824.543,25816.0
0.7944996130000072,0.53464,1.21685,10.56982,0.13978,0.16365,-0.10811,-0.48166,1.67745,9.9639,0.18679,0.34756,-0.16494,167.559,8943.0,25755.231
0.7994996130000072,0.43428,1.2958,10.59582,0.13701,0.15616,-0.10563,-0.27116,1.7901,10.05418,0.17918,0.32568,-0.16553,167.602,8943.0,25686.735
0.804499613000007,0.33392,1.37475,10.62182,0.13424,0.14866,-0.10316,-0.06067,1.90275,10.14446,0.17157,0.30379,-0.16613,167.646,9179.766,25679.0
0.8094996130000071,0.23356,1.4537,10.64782,0.13147,0.14117,-0.10068,0.14983,2.0154,10.23474,0.16396,0.28191,-0.16672,167.69,9446.672,25679.0
0.8144996130000071,0.1332,1.53266,10.67382,0.1287,0.13367,-0.09821,0.21402,2.05152,10.27479,0.15032,0.28001,-0.1599,167.695,9477.0,25623.575
0.8194996130000071,0.03285,1.61161,10.69982,0.12593,0.12618,-0.09573,0.25946,2.07782,10.3084,0.13591,0.28067,-0.15214,167.695,9477.0,25561.046
0.8244996130000071,-0.0839,1.55969,10.7382,0.10096,0.13625,-0.09486,0.3049,2.10413,10.34201,0.12149,0.28133,-0.14438,167.734,9830.669,25554.0
0.8294996130000071,-0.20272,1.49115,10.77816,0.07318,0.14855,-0.0942,0.35035,2.13044,10.37562,0.10708,0.28199,-0.13661,167.778,10229.25,25554.0
0.8344996130000071,-0.32155,1.42261,10.81811,0.0454,0.16085,-0.09354,0.39579,2.15674,10.40922,0.09266,0.28266,-0.12885,167.861,10275.0,25523.888
0.8394996130000071,-0.44037,1.35408,10.85806,0.01762,0.17315,-0.09287,0.44123,2.18305,10.44283,0.07825,0.28332,-0.12109,167.949,10275.0,25489.872
0.8444996130000071,-0.45055,1.37136,10.83954,0.00934,0.18018,-0.09356,0.48667,2.20936,10.47644,0.06383,0.28398,-0.11333,168.037,10734.975,25486.0
0.8494996130000071,-0.44677,1.39967,10.81351,0.00358,0.18654,-0.09443,0.53211,2.23567,10.51005,0.04942,0.28464,-0.10556,168.124,11254.031,25486.0
0.8544996130000071,-0.44299,1.42798,10.78748,-0.00219,0.1929,-0.09529,0.57755,2.26197,10.54366,0.035,0.2853,-0.0978,168.135,11315.0,25382.495
0.8594996130000071,-0.43922,1.45629,10.76145,-0.00796,0.19926,-0.09615,0.62299,2.28828,10.57727,0.02059,0.28596,-0.09004,168.135,11315.0,25265.213
0.8644996130000071,-0.43544,1.4846,10.73542,-0.01373,0.20562,-0.09702,0.6854,2.06516,10.4261,0.01243,0.30259,-0.08409,168.174,11782.683,25252.0
0.8694996130000071,-0.43166,1.51291,10.70939,-0.01949,0.21198,-0.09788,0.74997,1.81038,10.25147,0.00506,0.32125,-0.07837,168.218,12309.747,25252.0
0.8744996130000071,-0.42788,1.54122,10.68335,-0.02526,0.21834,-0.09875,0.77348,1.72676,10.24488,-0.0023,0.33991,-0.07265,168.301,12370.0,25118.245
0.8794996130000071,-0.4241,1.56953,10.65732,-0.03103,0.22469,-0.09961,0.79169,1.66524,10.25998,-0.00967,0.35857,-0.06692,168.388,12370.0,24967.227
0.8844996130000071,-0.39319,1.52502,10.65218,-0.03012,0.23554,-0.1035,0.80991,1.60371,10.27508,-0.01703,0.37723,-0.0612,168.437,12799.607,24950.0
0.8894996130000071,-0.35878,1.47112,10.64973,-0.02836,0.24696,-0.10779,0.82812,1.54219,10.29018,-0.0244,0.39589,-0.05548,168.481,13284.529,24950.0
0.8944996130000071,-0.32437,1.41723,10.64727,-0.0266,0.25838,-0.11207,0.84633,1.48067,10.30528,-0.02734,0.42459,-0.07319,168.525,13340.0,24950.0
0.8994996130000071,-0.28996,1.36333,10.64482,-0.02483,0.2698,-0.11635,0.86454,1.41915,10.32038,-0.0297,0.45458,-0.09391,168.569,13340.0,24950.0
0.9044996130000071,-0.26136,1.34681,10.63195,-0.02307,0.28122,-0.12064,0.86637,1.36597,10.29823,-0.03207,0.48457,-0.11464,168.613,13912.136,24835.218
0.9094996130000071,-0.23349,1.33501,10.61776,-0.0213,0.29264,-0.12492,0.86612,1.31384,10.27135,-0.03443,0.51457,-0.13537,168.657,14556.736,24705.899
0.914499613000007,-0.20562,1.32321,10.60357,-0.01954,0.30406,-0.12921,0.86586,1.26172,10.24447,-0.03147,0.522,-0.13976,168.74,14631.0,24586.055
0.919499613000007,-0.17775,1.31142,10.58938,-0.01778,0.31548,-0.13349,0.86561,1.20959,10.21759,-0.02782,0.52649,-0.14201,168.828,14631.0,24467.445
0.924499613000007,-0.14989,1.29962,10.57519,-0.01601,0.3269,-0.13777,0.86536,1.15747,10.19072,-0.02416,0.53098,-0.14427,168.877,14920.494,24454.0
0.929499613000007,-0.12202,1.28783,10.561,-0.01425,0.33832,-0.14206,0.86511,1.10534,10.16384,-0.02051,0.53547,-0.14653,168.921,15246.999,24454.0
0.9344996130000071,-0.09415,1.27603,10.54681,-0.01148,0.34417,-0.1435,0.86486,1.05322,10.13696,-0.01686,0.53996,-0.14879,168.965,15286.0,24260.926
0.9394996130000071,-0.06629,1.26424,10.53263,-0.00857,0.34926,-0.14456,0.86461,1.00109,10.11009,-0.0132,0.54445,-0.15104,169.009,15286.0,24041.661
0.9444996130000071,-0.03842,1.25244,10.51844,-0.00566,0.35435,-0.14562,0.84541,1.02113,10.10386,-0.00955,0.54894,-0.1533,169.053,15634.288,24017.0
0.9494996130000071,-0.01055,1.24065,10.50425,-0.00275,0.35944,-0.14668,0.82381,1.05031,10.10024,-0.0059,0.55343,-0.15556,169.096,16026.713,24017.0
0.9544996130000071,0.00349,1.26035,10.4994,0.00015,0.36453,-0.14774,0.80221,1.07949,10.09662,-0.00224,0.55792,-0.15782,169.179,16072.0,23986.149
0.9594996130000071,0.01573,1.28416,10.49578,0.00306,0.36962,-0.1488,0.78061,1.10868,10.09301,0.00141,0.56241,-0.16007,169.267,16072.0,23951.273
0.9644996130000071,0.02797,1.30798,10.49216,0.00597,0.37471,-0.14985,0.75901,1.13786,10.08939,0.00506,0.5669,-0.16233,169.316,16384.901,23947.0
0.9694996130000071,0.04021,1.33179,10.48853,0.00888,0.3798,-0.15091,0.73741,1.16704,10.08577,0.00872,0.57139,-0.16459,169.36,16741.49,23947.0
0.9744996130000071,0.05246,1.3556,10.48491,0.01179,0.38489,-0.15197,0.67134,1.17616,10.08517,0.00995,0.57148,-0.15841,169.404,16782.0,23847.688
0.9794996130000071,0.0647,1.37942,10.48128,0.01469,0.38998,-0.15303,0.59958,1.1827,10.08495,0.01087,0.571,-0.15114,169.448,16782.0,23735.648
0.9844996130000071,0.05116,1.359,10.48577,0.01158,0.37915,-0.14139,0.52781,1.18925,10.08473,0.01179,0.57053,-0.14387,169.492,17000.03,23723.0
0.9894996130000071,0.03434,1.33295,10.49129,0.0077,0.36631,-0.12813,0.45605,1.1958,10.08451,0.01271,0.57005,-0.13661,169.536,17245.806,23723.0
0.9944996130000071,0.01752,1.30691,10.49681,0.00382,0.35346,-0.11488,0.38428,1.20234,10.08429,0.01363,0.56957,-0.12934,169.619,17274.0,23608.814
0.9994996130000071,0.0007,1.28086,10.50232,-5e-05,0.34061,-0.10162,0.31252,1.20889,10.08407,0.01455,0.5691,-0.12208,169.707,17274.0,23479.832
1.004499613000007,-0.01924,1.29772,10.49477,-0.00337,0.33389,-0.09905,0.24075,1.21543,10.08385,0.01547,0.56862,-0.11481,169.756,17312.052,23465.0
1.0094996130000071,-0.03959,1.32015,10.48552,-0.00662,0.32797,-0.09787,0.16899,1.22198,10.08363,0.01639,0.56815,-0.10755,169.8,17355.048,23465.0
1.014499613000007,-0.05994,1.34259,10.47626,-0.00987,0.32205,-0.09668,0.11097,1.26974,10.08977,0.01209,0.56486,-0.10431,169.882,17360.0,23407.787
1.0194996130000071,-0.08029,1.36502,10.46701,-0.01311,0.31612,-0.0955,0.05474,1.32287,10.09675,0.00711,0.56121,-0.1016,169.969,17360.0,23343.126
1.024499613000007,-0.10064,1.38746,10.45776,-0.01636,0.3102,-0.09432,-0.0015,1.37599,10.10372,0.00213,0.55756,-0.09889,170.058,17428.274,23335.0
1.0294996130000071,-0.12099,1.40989,10.44851,-0.01961,0.30427,-0.09314,-0.05773,1.42912,10.1107,-0.00285,0.55392,-0.09618,170.146,17506.363,23335.0
1.034499613000007,-0.14784,1.41026,10.46386,-0.02285,0.29835,-0.09195,-0.11396,1.48224,10.11768,-0.00783,0.55027,-0.09347,170.195,17515.0,23217.813
1.0394996130000071,-0.1755,1.40789,10.48228,-0.0261,0.29242,-0.09077,-0.17019,1.53537,10.12465,-0.01282,0.54662,-0.09076,170.239,17515.0,23086.052
1.044499613000007,-0.20315,1.40551,10.5007,-0.0274,0.29801,-0.08944,-0.04689,1.52845,10.1664,-0.01584,0.55499,-0.08669,170.361,17720.425,23071.0
1.0494996130000072,-0.23081,1.40314,10.51912,-0.02845,0.30509,-0.08809,0.09955,1.51379,10.21263,-0.01862,0.56491,-0.08245,170.493,17952.345,23071.0
1.054499613000007,-0.25847,1.40076,10.53754,-0.0295,0.31216,-0.08674,0.246,1.49912,10.25886,-0.02139,0.57483,-0.0782,170.586,17979.0,12858.762
1.0594996130000072,-0.28613,1.39839,10.55596,-0.03055,0.31924,-0.08538,0.39245,1.48446,10.30509,-0.02417,0.58475,-0.07396,170.674,17979.0,1320.393
1.064499613000007,-0.29778,1.38683,10.5509,-0.0316,0.32631,-0.08403,0.41548,1.46459,10.31376,-0.02694,0.59467,-0.06972,170.684,18044.901,0.0
1.0694996130000072,-0.30735,1.37408,10.54281,-0.03265,0.33339,-0.08268,0.42256,1.44405,10.31759,-0.02972,0.60459,-0.06547,170.684,18119.317,0.0
1.074499613000007,-0.31693,1.36133,10.53472,-0.0337,0.34046,-0.08133,0.42964,1.42351,10.32142,-0.03249,0.61451,-0.06123,170.801,18128.0,10209.127
1.079499613000007,-0.32651,1.34859,10.52663,-0.03475,0.34754,-0.07998,0.43672,1.40296,10.32524,-0.03527,0.62443,-0.05699,170.934,18128.0,21766.851
1.084499613000007,-0.33608,1.33584,10.51854,-0.0358,0.35461,-0.07863,0.44379,1.38242,10.32907,-0.03804,0.63435,-0.05274,171.065,18238.192,22946.0
1.089499613000007,-0.34566,1.32309,10.51045,-0.03684,0.36169,-0.07728,0.45087,1.36188,10.33289,-0.04082,0.64427,-0.0485,171.196,18360.904,22946.0
1.094499613000007,-0.35523,1.31035,10.50236,-0.03729,0.37428,-0.07764,0.45795,1.34133,10.33672,-0.04201,0.66128,-0.04752,171.25,18375.0,22694.681
1.099499613000007,-0.36481,1.2976,10.49427,-0.03767,0.3876,-0.07822,0.46503,1.32079,10.34054,-0.04299,0.6792,-0.04695,171.294,18375.0,22410.747
1.104499613000007,-0.38537,1.29928,10.48559,-0.03804,0.40091,-0.0788,0.43362,1.33457,10.33804,-0.04398,0.69713,-0.04639,171.377,18447.561,22378.0
1.109499613000007,-0.40736,1.30284,10.47684,-0.03841,0.41423,-0.07938,0.3972,1.35283,10.3347,-0.04497,0.71505,-0.04583,171.465,18529.582,22378.0
1.114499613000007,-0.42934,1.3064,10.46808,-0.03878,0.42754,-0.07996,0.36078,1.37109,10.33137,-0.04595,0.73298,-0.04527,171.552,18539.0,22158.0
1.119499613000007,-0.45133,1.30996,10.45933,-0.03916,0.44085,-0.08054,0.32436,1.38934,10.32804,-0.04694,0.75091,-0.04471,171.64,18539.0,21909.462
1.1244996130000071,-0.47332,1.31352,10.45057,-0.03953,0.45417,-0.08112,0.28793,1.4076,10.32471,-0.04792,0.76883,-0.04414,171.728,18693.479,21881.0
1.129499613000007,-0.49531,1.31708,10.44182,-0.0399,0.46748,-0.0817,0.25151,1.42586,10.32138,-0.04891,0.78676,-0.04358,171.816,18867.936,21881.0
1.1344996130000071,-0.51729,1.32064,10.43306,-0.04027,0.48079,-0.08228,0.27378,1.48058,10.34487,-0.05775,0.81243,-0.03937,171.865,18888.0,21625.639
1.139499613000007,-0.53928,1.3242,10.42431,-0.04065,0.49411,-0.08286,0.30368,1.54004,10.37184,-0.06762,0.83911,-0.03469,171.909,18888.0,21337.093
1.1444996130000071,-0.5315,1.35701,10.43471,-0.05544,0.54874,-0.08172,0.33357,1.5995,10.39882,-0.07749,0.8658,-0.03,171.992,18938.457,21304.0
1.149499613000007,-0.51986,1.39362,10.4476,-0.07209,0.60872,-0.08035,0.36347,1.65896,10.42579,-0.08736,0.89248,-0.02532,172.08,18995.45,21304.0
1.1544996130000071,-0.50821,1.43023,10.46049,-0.08875,0.6687,-0.07898,0.39337,1.71842,10.45276,-0.09723,0.91916,-0.02064,172.129,19002.0,20955.57
1.159499613000007,-0.49657,1.46684,10.47337,-0.10541,0.72868,-0.07761,0.42327,1.77788,10.47974,-0.10709,0.94584,-0.01595,172.173,19002.0,20561.897
1.1644996130000071,-0.52382,1.45412,10.47027,-0.10858,0.76375,-0.07746,0.33715,1.71277,10.45906,-0.10952,0.96077,-0.01433,172.217,19098.072,20517.0
1.169499613000007,-0.55607,1.43506,10.46511,-0.11002,0.79561,-0.07747,0.23611,1.63162,10.43224,-0.11099,0.97419,-0.01311,172.261,19206.511,20517.0
1.1744996130000072,-0.58833,1.41599,10.45994,-0.11146,0.82747,-0.07747,0.13506,1.55048,10.40542,-0.11246,0.98761,-0.01189,172.266,19219.0,20204.389
1.179499613000007,-0.62058,1.39693,10.45478,-0.1129,0.85933,-0.07748,0.03401,1.46933,10.37861,-0.11392,1.00103,-0.01066,172.266,19219.0,19851.086
1.184499613000007,-0.65283,1.37786,10.44962,-0.11433,0.89119,-0.07749,-0.03327,1.4248,10.39374,-0.11539,1.01445,-0.00944,172.305,19344.629,19810.0
1.189499613000007,-0.68509,1.3588,10.44446,-0.11577,0.92304,-0.07749,-0.09611,1.38508,10.4144,-0.11686,1.02787,-0.00822,172.348,19486.789,19810.0
1.194499613000007,-0.71734,1.33973,10.43929,-0.11721,0.9549,-0.0775,-0.15895,1.34537,10.43505,-0.11832,1.04129,-0.00699,172.354,19503.0,19359.545
1.199499613000007,-0.74959,1.32066,10.43413,-0.11864,0.98676,-0.0775,-0.22179,1.30565,10.45571,-0.11979,1.05472,-0.00577,172.354,19503.0,18851.112
1.204499613000007,-0.82361,1.29445,10.5612,-0.11845,1.00835,-0.0807,-0.28463,1.26594,10.47636,-0.12126,1.06814,-0.00455,172.392,19651.181,18792.0
1.209499613000007,-0.90312,1.2673,10.70566,-0.11804,1.02859,-0.08432,-0.34747,1.22622,10.49702,-0.12273,1.08156,-0.00332,172.436,19818.857,18792.0
1.214499613000007,-0.98263,1.24015,10.85012,-0.11763,1.04883,-0.08794,-0.41031,1.18651,10.51767,-0.1232,1.09994,-0.01261,172.441,19838.0,18640.344
1.219499613000007,-1.06213,1.21299,10.99458,-0.11722,1.06907,-0.09156,-0.47315,1.14679,10.53833,-0.12354,1.11896,-0.02325,172.441,19838.0,18469.143
1.224499613000007,-1.14095,1.21145,11.04117,-0.11682,1.0893,-0.09518,-0.54531,1.1651,10.61765,-0.12388,1.13798,-0.0339,172.441,20091.063,18447.0
1.229499613000007,-1.21967,1.21372,11.07322,-0.11641,1.10954,-0.0988,-0.61886,1.19203,10.70569,-0.12423,1.157,-0.04454,172.441,20381.717,18447.0
1.234499613000007,-1.29839,1.21599,11.10526,-0.116,1.12978,-0.10241,-0.69241,1.21896,10.79372,-0.12457,1.17602,-0.05518,172.48,20415.0,18368.655
1.239499613000007,-1.37711,1.21826,11.13731,-0.11559,1.15002,-0.10603,-0.76596,1.24589,10.88176,-0.12491,1.19504,-0.06582,172.524,20415.0,18280.179
1.244499613000007,-1.45583,1.22052,11.16936,-0.11518,1.17026,-0.10965,-0.83952,1.27282,10.9698,-0.12525,1.21406,-0.07647,172.529,20415.0,18270.0
1.2494996130000071,-1.53454,1.22279,11.20141,-0.11478,1.1905,-0.11327,-0.91307,1.29975,11.05784,-0.12559,1.23309,-0.08711,172.529,20415.0,18270.0
1.254499613000007,-1.61326,1.22506,11.23346,-0.11437,1.21073,-0.11689,-0.89031,1.37193,11.10168,-0.12664,1.25616,-0.0887,172.491,20586.193,18220.467
1.2594996130000071,-1.69198,1.22733,11.2655,-0.11396,1.23097,-0.12051,-0.85154,1.45163,11.13817,-0.1278,1.27991,-0.08879,172.447,20785.857,18162.696
1.264499613000007,-1.63067,1.31307,11.34546,-0.11706,1.2703,-0.12727,-0.81276,1.53132,11.17466,-0.12897,1.30366,-0.08888,172.441,20809.0,18156.0
1.2694996130000071,-1.55101,1.40977,11.4317,-0.12062,1.31212,-0.13444,-0.77399,1.61102,11.21115,-0.13013,1.32741,-0.08897,172.441,20809.0,18156.0
1.274499613000007,-1.47134,1.50646,11.51794,-0.12418,1.35395,-0.14161,-0.73521,1.69072,11.24764,-0.13129,1.35115,-0.08906,172.441,21244.464,18156.0
1.2794996130000071,-1.39168,1.60315,11.60418,-0.12774,1.39577,-0.14878,-0.69644,1.77042,11.28413,-0.13246,1.3749,-0.08915,172.441,21737.479,18156.0
1.284499613000007,-1.31201,1.69984,11.69042,-0.1313,1.4376,-0.15596,-0.65766,1.85012,11.32062,-0.13362,1.39865,-0.08924,172.402,21789.0,18156.0
1.289499613000007,-1.23235,1.79654,11.77666,-0.13486,1.47943,-0.16313,-0.61889,1.92982,11.35711,-0.13478,1.4224,-0.08933,172.359,21789.0,18156.0
1.294499613000007,-1.17012,1.77322,11.82572,-0.13729,1.52249,-0.14954,-0.45163,1.83346,11.3792,-0.13471,1.46327,-0.06327,172.354,22176.703,17687.839
1.299499613000007,-1.11019,1.73416,11.86991,-0.13957,1.56572,-0.13323,-0.26753,1.71399,11.39942,-0.13448,1.50639,-0.03378,172.354,22615.259,17158.272
1.304499613000007,-1.05025,1.69511,11.9141,-0.14185,1.60895,-0.11692,-0.08342,1.59453,11.41963,-0.13425,1.54951,-0.00429,172.314,22666.0,16614.595
1.309499613000007,-0.99031,1.65605,11.95829,-0.14414,1.65218,-0.10061,0.10069,1.47507,11.43984,-0.13402,1.59262,0.02519,172.27,22666.0,16069.073
1.314499613000007,-0.93037,1.61699,12.00248,-0.14642,1.69541,-0.08431,0.28479,1.35561,11.46005,-0.13378,1.63574,0.05468,172.226,22622.294,16013.0
1.319499613000007,-0.87044,1.57794,12.04666,-0.1487,1.73864,-0.068,0.4689,1.23615,11.48026,-0.13355,1.67886,0.08417,172.183,22573.58,16013.0
1.324499613000007,-0.8105,1.53888,12.09085,-0.15098,1.78186,-0.05169,0.5419,1.28589,11.60339,-0.13112,1.70144,0.08621,172.139,22568.0,15524.854
1.329499613000007,-0.75056,1.49982,12.13504,-0.15327,1.82509,-0.03538,0.60052,1.35753,11.73985,-0.1284,1.72137,0.0847,172.095,22568.0,14973.56
1.334499613000007,-0.72979,1.54333,12.29576,-0.15339,1.87344,-0.04317,0.65915,1.42917,11.8763,-0.12568,1.74129,0.08319,172.051,23056.549,14910.0
1.339499613000007,-0.71412,1.59759,12.47167,-0.15324,1.92246,-0.05411,0.71777,1.50081,12.01275,-0.12296,1.76122,0.08168,172.007,23608.764,14910.0
1.344499613000007,-0.69845,1.65186,12.64758,-0.15308,1.97147,-0.06504,0.66105,1.53613,12.03875,-0.12024,1.78115,0.08017,171.886,23675.0,13837.533
1.349499613000007,-0.68278,1.70612,12.82349,-0.15293,2.02049,-0.07598,0.58861,1.56651,12.04969,-0.11752,1.80107,0.07866,171.754,23675.0,12618.894
1.354499613000007,-0.83415,1.77574,12.90491,-0.15277,2.06951,-0.08691,0.51617,1.59688,12.06063,-0.1148,1.821,0.07715,171.661,23632.968,12478.0
1.359499613000007,-1.00736,1.84736,12.97398,-0.15262,2.11852,-0.09785,0.44373,1.62726,12.07157,-0.11208,1.84093,0.07564,171.573,23585.442,12478.0
1.364499613000007,-1.18056,1.91899,13.04305,-0.15246,2.16754,-0.10878,0.37129,1.65763,12.08251,-0.10937,1.86085,0.07413,171.485,23580.0,10730.058
1.369499613000007,-1.35377,1.99061,13.11211,-0.15231,2.21656,-0.11972,0.29885,1.68801,12.09345,-0.10665,1.88078,0.07263,171.397,23580.0,8756.102
1.3744996130000071,-1.52697,2.06223,13.18118,-0.13523,2.28955,-0.15118,0.22641,1.71838,12.10439,-0.10393,1.90071,0.07112,171.348,23838.34,8528.0
1.379499613000007,-1.70018,2.13386,13.25025,-0.11594,2.36567,-0.18533,0.15397,1.74876,12.11533,-0.10121,1.92063,0.06961,171.304,24130.433,8528.0
1.3844996130000071,-1.77501,2.13353,13.27903,-0.09664,2.44179,-0.21948,0.23751,1.6317,12.09094,-0.08107,1.9677,0.0434,171.182,24164.0,6763.29
1.389499613000007,-1.83707,2.12386,13.30257,-0.07735,2.51792,-0.25363,0.34131,1.4955,12.06197,-0.05867,2.0183,0.01399,171.05,24164.0,4769.453
1.394499613000007,-1.89913,2.11419,13.32611,-0.05806,2.59404,-0.28778,0.44511,1.35929,12.033,-0.03627,2.0689,-0.01542,170.919,24171.947,4546.0
1.399499613000007,-1.96119,2.10452,13.34965,-0.03877,2.67016,-0.32193,0.54891,1.22309,12.00403,-0.01388,2.11949,-0.04483,170.788,24180.898,4546.0
1.404499613000007,-2.02326,2.09485,13.37319,-0.01947,2.74629,-0.35608,0.65271,1.08689,11.97506,0.00852,2.17009,-0.07425,170.694,24182.0,4546.0
1.409499613000007,-2.08532,2.08518,13.39673,-0.00018,2.82241,-0.39023,0.75651,0.95069,11.94609,0.03092,2.22068,-0.10366,170.606,24182.0,4546.0
1.414499613000007,-2.14738,2.07551,13.42028,0.01681,2.87444,-0.38621,0.86031,0.81448,11.91711,0.05332,2.27128,-0.13307,170.518,24331.271,3965.303
1.419499613000007,-2.20944,2.06584,13.44382,0.0335,2.92336,-0.37728,0.96411,0.67828,11.88814,0.07572,2.32187,-0.16248,170.43,24499.735,3309.945
1.424499613000007,-2.5561,1.89521,13.48215,0.05019,2.97229,-0.36836,0.6009,0.52415,11.48334,0.13599,2.45734,-0.15086,170.381,24519.0,2220.58
1.429499613000007,-2.93952,1.70381,13.5224,0.06689,3.02122,-0.35943,0.17739,0.3677,11.03,0.20114,2.60378,-0.13393,170.337,24519.0,1075.174
1.434499613000007,-3.32294,1.5124,13.56264,0.08358,3.07014,-0.3505,-0.24611,0.21125,10.57666,0.2663,2.75021,-0.11701,170.254,24139.15,943.0
1.439499613000007,-3.70635,1.321,13.60288,0.10027,3.11907,-0.34158,-0.66962,0.05481,10.12333,0.33146,2.89664,-0.10009,170.166,23709.75,943.0
1.444499613000007,-4.08977,1.12959,13.64313,0.11697,3.16799,-0.33265,-1.78927,0.41415,10.27389,0.30813,2.90126,-0.10795,170.079,23660.0,890.397
1.449499613000007,-4.47318,0.93819,13.68337,0.13366,3.21692,-0.32373,-3.00014,0.84108,10.5036,0.2732,2.88729,-0.11906,169.991,23660.0,830.901
1.454499613000007,-4.50724,0.85287,13.816,0.12687,3.19526,-0.31304,-4.21102,1.26801,10.7333,0.23827,2.87333,-0.13018,169.98,21860.079,824.0
1.459499613000007,-4.49546,0.78147,13.96074,0.11699,3.16434,-0.30213,-5.42189,1.69495,10.96301,0.20334,2.85936,-0.14129,169.98,19823.997,824.0
1.464499613000007,-4.48368,0.71007,14.10549,0.10711,3.13342,-0.29122,-5.57906,1.81704,10.77026,0.16841,2.8454,-0.1524,169.902,19588.0,672.204
1.469499613000007,-4.4719,0.63867,14.25023,0.09724,3.1025,-0.28031,-5.59808,1.89916,10.52213,0.13348,2.83143,-0.16352,169.814,19588.0,500.508
1.474499613000007,-4.46012,0.56727,14.39498,0.08736,3.07158,-0.2694,-5.6171,1.98129,10.274,0.10607,2.78096,-0.16344,169.726,17217.926,483.0
1.479499613000007,-4.44834,0.49587,14.53972,0.07749,3.04066,-0.25849,-5.63612,2.06341,10.02587,0.07952,2.72635,-0.1621,169.639,14578.734,483.0
1.484499613000007,-4.43656,0.42447,14.68447,0.06761,3.00974,-0.24758,-5.65515,2.14553,9.77774,0.05297,2.67174,-0.16075,169.551,14275.0,493.618
1.489499613000007,-4.42478,0.35307,14.82921,0.05774,2.97882,-0.23667,-5.67417,2.22766,9.52961,0.02643,2.61713,-0.1594,169.463,14275.0,505.616
1.494499613000007,-3.58499,0.33286,13.87249,0.02759,2.90494,-0.22256,-5.69319,2.30978,9.28148,-0.00012,2.56251,-0.15806,169.414,9221.209,507.0
1.499499613000007,-2.63726,0.31933,12.77218,-0.0052,2.82546,-0.20804,-5.71221,2.39191,9.03335,-0.02667,2.5079,-0.15671,169.37,3508.656,507.0
1.504499613000007,-1.68954,0.3058,11.67188,-0.03799,2.74598,-0.19352,-5.47974,2.35219,8.45631,-0.05322,2.45329,-0.15537,169.287,2855.0,411.837
1.509499613000007,-0.74181,0.29226,10.57158,-0.07078,2.6665,-0.17899,-5.21478,2.29673,7.83677,-0.07977,2.39868,-0.15402,169.2,2855.0,304.378
1.514499613000007,0.01428,0.22243,10.00726,-0.10357,2.58702,-0.16447,-4.94982,2.24126,7.21723,-0.10632,2.34406,-0.15268,169.112,1650.548,292.0
1.519499613000007,0.74543,0.14526,9.51273,-0.13636,2.50754,-0.14995,-4.68485,2.1858,6.59769,-0.13287,2.28945,-0.15133,169.024,289.296,292.0
1.524499613000007,1.47657,0.0681,9.0182,-0.16915,2.42806,-0.13543,-4.41989,2.13034,5.97815,-0.15942,2.23484,-0.14999,169.053,134.0,210.541
1.529499613000007,2.20772,-0.00907,8.52366,-0.20194,2.34858,-0.12091,-4.15492,2.07487,5.35861,-0.18597,2.18023,-0.14864,169.097,134.0,118.591
1.534499613000007,2.93887,-0.08623,8.02913,-0.22459,2.08361,-0.11385,-3.88996,2.01941,4.73907,-0.23931,1.90561,-0.19731,169.14,76.502,108.0
1.539499613000007,3.67001,-0.1634,7.53459,-0.24593,1.7945,-0.10776,-3.62499,1.96395,4.11953,-0.29614,1.60235,-0.2525,169.184,11.518,108.0
1.544499613000007,4.40116,-0.24057,7.04006,-0.26726,1.50539,-0.10168,-4.19757,1.86107,3.87425,-0.35296,1.29909,-0.30768,169.189,4.0,133.208
1.549499613000007,5.1323,-0.31773,6.54553,-0.28859,1.21628,-0.09559,-4.87972,1.75199,3.67795,-0.40979,0.99582,-0.36286,169.189,4.0,161.714
1.554499613000007,5.51379,-0.33315,6.39322,-0.30993,0.92717,-0.0895,-5.56187,1.64291,3.48164,-0.46662,0.69256,-0.41805,169.189,3.115,165.0
1.559499613000007,5.84972,-0.34052,6.28551,-0.33126,0.63806,-0.08342,-6.24403,1.53383,3.28533,-0.52344,0.3893,-0.47323,169.189,2.115,165.0
1.564499613000007,6.18566,-0.34789,6.1778,-0.3526,0.34895,-0.07733,-5.58532,1.42027,3.18768,-0.53701,0.23636,-0.40385,169.228,2.0,287.584
1.569499613000007,6.52159,-0.35526,6.07009,-0.37393,0.05983,-0.07124,-4.75258,1.30612,3.10284,-0.54497,0.10293,-0.3183,169.272,2.0,426.079
1.574499613000007,6.85752,-0.36263,5.96238,-0.39213,-0.05434,-0.03752,-3.91985,1.19197,3.018,-0.55292,-0.0305,-0.23275,169.277,2.886,442.0
1.579499613000007,7.19345,-0.37,5.85467,-0.40992,-0.1458,-0.0002,-3.08711,1.07783,2.93316,-0.56088,-0.16393,-0.1472,169.277,3.886,442.0
1.584499613000007,6.90009,-0.23904,5.64661,-0.42771,-0.23725,0.03712,-2.25438,0.96368,2.84832,-0.56883,-0.29736,-0.06166,169.316,4.0,591.701
1.589499613000007,6.52599,-0.09033,5.42569,-0.4455,-0.3287,0.07444,-1.42164,0.84953,2.76348,-0.57679,-0.4308,0.02389,169.36,4.0,760.606
1.594499613000007,6.1519,0.05837,5.20477,-0.46329,-0.42016,0.11175,-0.58891,0.73538,2.67863,-0.58474,-0.56423,0.10944,169.365,4.0,780.0
1.599499613000007,5.7778,0.20707,4.98384,-0.48108,-0.51161,0.14907,0.24383,0.62124,2.59379,-0.5927,-0.69766,0.19499,169.365,4.0,780.0
1.6044996130000069,5.40371,0.35578,4.76292,-0.49887,-0.60307,0.18639,-0.2996,0.54563,2.4986,-0.58438,-0.81152,0.23331,169.404,4.0,1141.097
1.609499613000007,5.02961,0.50448,4.54199,-0.51667,-0.69452,0.22371,-1.00507,0.47455,2.40219,-0.57414,-0.92309,0.26606,169.448,4.0,1544.712
1.6144996130000069,4.65552,0.65318,4.32107,-0.53446,-0.78597,0.26103,-1.71054,0.40348,2.30577,-0.56391,-1.03465,0.29881,169.453,4.0,1591.0
1.619499613000007,4.28143,0.80189,4.10014,-0.55225,-0.87743,0.29834,-2.41601,0.3324,2.20936,-0.55367,-1.14621,0.33157,169.453,4.0,1591.0
1.624499613000007,4.19106,0.87687,4.16286,-0.5373,-1.01399,0.34683,-2.53496,0.308,2.30636,-0.54343,-1.25777,0.36432,169.492,4.0,2392.244
1.629499613000007,4.13749,0.9423,4.26236,-0.51812,-1.1564,0.39676,-2.57786,0.28964,2.42844,-0.5332,-1.36934,0.39707,169.536,4.0,3297.382
1.634499613000007,4.08391,1.00772,4.36186,-0.49893,-1.29881,0.44669,-2.62075,0.27129,2.55052,-0.52296,-1.4809,0.42983,169.541,3.557,3401.0
1.639499613000007,4.03034,1.07315,4.46135,-0.47975,-1.44121,0.49662,-2.66364,0.25293,2.67261,-0.51273,-1.59246,0.46258,169.541,3.057,3401.0
1.644499613000007,3.97676,1.13858,4.56085,-0.46056,-1.58362,0.54656,-2.70654,0.23458,2.79469,-0.50249,-1.70402,0.49533,169.58,3.0,3563.912
1.649499613000007,3.92319,1.204,4.66035,-0.44137,-1.72603,0.59649,-2.74943,0.21622,2.91677,-0.49225,-1.81559,0.52809,169.624,3.0,3747.841
1.654499613000007,3.86962,1.26943,4.75985,-0.42219,-1.86844,0.64642,-2.79233,0.19787,3.03885,-0.47475,-1.93405,0.56665,169.668,2.557,3769.0
1.659499613000007,3.81604,1.33485,4.85934,-0.403,-2.01085,0.69635,-2.83522,0.17951,3.16093,-0.4563,-2.05341,0.60596,169.712,2.057,3769.0
1.664499613000007,3.30684,1.5858,5.74052,-0.36328,-2.22818,0.77823,-2.81361,0.2612,3.37054,-0.43785,-2.17277,0.64527,169.717,2.0,3778.743
1.669499613000007,2.73858,1.86079,6.72302,-0.32091,-2.45521,0.86425,-2.78365,0.35585,3.59149,-0.4194,-2.29213,0.68459,169.717,2.0,3789.749
1.674499613000007,2.30356,1.9668,6.9911,-0.27853,-2.68225,0.95027,-2.75368,0.4505,3.81245,-0.40096,-2.41149,0.7239,169.756,1.114,3791.0
1.679499613000007,1.88562,2.05114,7.16754,-0.23615,-2.90929,1.03629,-2.72371,0.54516,4.0334,-0.38251,-2.53085,0.76321,169.8,0.114,3791.0
1.684499613000007,1.46768,2.13547,7.34399,-0.22573,-2.97569,1.03982,-2.69374,0.63981,4.25435,-0.36406,-2.65021,0.80253,169.844,0.0,4876.377
1.689499613000007,1.04974,2.21981,7.52044,-0.21941,-3.02145,1.03275,-2.66377,0.73446,4.4753,-0.34561,-2.76957,0.84184,169.888,0.0,6101.205
1.694499613000007,0.6318,2.30414,7.69688,-0.21308,-3.06721,1.02568,-2.77845,0.79265,4.61666,-0.32801,-2.84714,0.85078,169.893,1.77,6242.0
1.699499613000007,0.21386,2.38848,7.87333,-0.20676,-3.11297,1.01862,-2.91191,0.84609,4.74767,-0.31053,-2.91928,0.85578,169.893,3.769,6242.0
1.704499613000007,0.05661,2.34843,8.19931,-0.20044,-3.15873,1.01155,-3.04537,0.89954,4.87869,-0.29304,-2.99141,0.86078,169.931,4.0,6562.766
1.709499613000007,-0.06658,2.29212,8.54484,-0.19412,-3.20449,1.00448,-3.17884,0.95298,5.0097,-0.27555,-3.06355,0.86577,169.975,4.0,6925.443
1.714499613000007,-0.18977,2.23582,8.89036,-0.1878,-3.25025,0.99742,-3.3123,1.00643,5.14072,-0.25806,-3.13568,0.87077,169.98,3.118,6967.0
1.7194996130000069,-0.31296,2.17952,9.23588,-0.18147,-3.29601,0.99035,-3.44576,1.05987,5.27173,-0.24057,-3.20782,0.87577,169.98,2.123,6967.0
1.724499613000007,-0.43615,2.12322,9.5814,-0.17515,-3.34177,0.98328,-3.57923,1.11332,5.40274,-0.22308,-3.27996,0.88077,170.019,2.0,7072.643
1.7294996130000069,-0.55934,2.06691,9.92692,-0.16883,-3.38753,0.97621,-3.71269,1.16677,5.53376,-0.2056,-3.35209,0.88576,170.063,2.0,7193.159
1.734499613000007,-0.68253,2.01061,10.27245,-0.16251,-3.43329,0.96915,-3.83419,1.37491,5.98664,-0.22298,-3.44024,0.82903,170.107,2.443,7207.0
1.7394996130000069,-0.80572,1.95431,10.61797,-0.15619,-3.47905,0.96208,-3.95415,1.60312,6.48128,-0.2449,-3.53047,0.76429,170.151,2.943,7207.0
1.744499613000007,-0.88471,1.98883,11.07805,-0.17612,-3.56638,0.90945,-4.0741,1.83134,6.97593,-0.26681,-3.62069,0.69955,170.156,3.0,7464.745
1.749499613000007,-0.95801,2.03504,11.55289,-0.19944,-3.65906,0.85095,-4.19405,2.05955,7.47057,-0.28873,-3.71092,0.6348,170.156,3.0,7755.672
1.754499613000007,-1.03131,2.08125,12.02772,-0.22275,-3.75175,0.79246,-4.314,2.28777,7.96521,-0.31064,-3.80115,0.57006,170.195,2.115,7789.0
1.759499613000007,-1.10461,2.12747,12.50256,-0.24607,-3.84443,0.73396,-4.43395,2.51598,8.45986,-0.33256,-3.89137,0.50532,170.239,1.116,7789.0
1.764499613000007,-1.17791,2.17368,12.97739,-0.26938,-3.93712,0.67546,-4.23526,2.60339,8.72794,-0.33135,-3.91587,0.47039,170.283,1.0,7789.0
1.769499613000007,-1.25121,2.2199,13.45222,-0.2927,-4.02981,0.61697,-3.99474,2.67232,8.96628,-0.32711,-3.93174,0.43936,170.327,1.0,7789.0
1.774499613000007,-1.44689,2.33998,13.58198,-0.291,-4.06004,0.54861,-3.75422,2.74125,9.20462,-0.32286,-3.9476,0.40834,170.332,2.329,7853.68
1.779499613000007,-1.65828,2.46953,13.66747,-0.2861,-4.08227,0.47898,-3.5137,2.81018,9.44295,-0.31862,-3.96347,0.37732,170.332,3.829,7926.66
1.784499613000007,-1.86966,2.59909,13.75295,-0.28119,-4.10449,0.40935,-3.44505,2.68147,9.49356,-0.31438,-3.97934,0.3463,170.332,4.0,8230.653
1.789499613000007,-2.08105,2.72865,13.83843,-0.27628,-4.12671,0.33973,-3.39856,2.52727,9.51995,-0.31014,-3.9952,0.31528,170.332,4.0,8564.452
1.794499613000007,-2.29244,2.85821,13.92392,-0.27137,-4.14894,0.2701,-3.35208,2.37307,9.54634,-0.3059,-4.01107,0.28425,170.371,3.558,8603.0
1.799499613000007,-2.50382,2.98777,14.0094,-0.26647,-4.17116,0.20048,-3.30559,2.21887,9.57273,-0.30165,-4.02694,0.25323,170.415,3.058,8603.0
1.804499613000007,-2.60445,3.03051,14.15333,-0.24477,-4.18205,0.17848,-3.25911,2.06467,9.59912,-0.29741,-4.0428,0.22221,170.42,3.0,8603.0
1.809499613000007,-2.69059,3.0619,14.30491,-0.22088,-4.19146,0.16271,-3.21263,1.91047,9.62551,-0.29317,-4.05867,0.19119,170.42,3.0,8603.0
1.814499613000007,-2.77674,3.09329,14.45648,-0.19698,-4.20087,0.14695,-3.16614,1.75626,9.65189,-0.28893,-4.07454,0.16017,170.459,1.673,8612.732
1.819499613000007,-2.86288,3.12468,14.60805,-0.17309,-4.21027,0.13118,-3.11966,1.60206,9.67828,-0.28468,-4.0904,0.12914,170.503,0.172,8623.739
1.8244996130000068,-2.94903,3.15607,14.75963,-0.1492,-4.21968,0.11541,-3.20229,1.61409,9.8366,-0.24605,-4.09908,0.09075,170.508,0.0,9109.03
1.829499613000007,-3.03517,3.18746,14.9112,-0.1253,-4.22909,0.09964,-3.30162,1.64763,10.01199,-0.20296,-4.10684,0.05141,170.508,0.0,9655.666
1.8344996130000069,-3.06986,2.95259,15.13637,-0.10141,-4.2385,0.08387,-3.40095,1.68116,10.18737,-0.15987,-4.11459,0.01206,170.585,1.762,9718.0
1.839499613000007,-3.09792,2.68346,15.37101,-0.07752,-4.2479,0.06811,-3.50028,1.71469,10.36276,-0.11679,-4.12234,-0.02729,170.673,3.75,9718.0
1.8444996130000069,-3.12598,2.41432,15.60565,-0.05362,-4.25731,0.05234,-3.59961,1.74822,10.53814,-0.0737,-4.13009,-0.06663,170.722,4.0,10008.593
1.849499613000007,-3.15404,2.14518,15.8403,-0.02973,-4.26672,0.03657,-3.69894,1.78176,10.71353,-0.03062,-4.13784,-0.10598,170.767,4.0,10340.897
1.8544996130000069,-3.1821,1.87604,16.07494,-0.00584,-4.27612,0.0208,-3.66203,1.76142,10.96254,-0.03041,-4.12338,-0.1835,170.811,3.109,10375.0
1.859499613000007,-3.21017,1.60691,16.30958,0.01806,-4.28553,0.00503,-3.60954,1.73492,11.21997,-0.03512,-4.10638,-0.26539,170.854,2.116,10375.0
1.8644996130000069,-3.56898,1.40076,16.33248,0.01984,-4.27894,-0.03251,-3.55705,1.70842,11.4774,-0.03982,-4.08938,-0.34728,170.938,2.0,11674.438
1.869499613000007,-3.97145,1.20294,16.32743,0.01871,-4.27024,-0.07292,-3.50455,1.68192,11.73483,-0.04452,-4.07238,-0.42917,171.026,2.0,13145.376
1.874499613000007,-4.37392,1.00511,16.32238,0.01758,-4.26154,-0.11333,-3.45206,1.65542,11.99225,-0.04922,-4.05537,-0.51106,171.074,2.446,13295.0
1.879499613000007,-4.77639,0.80728,16.31734,0.01646,-4.25283,-0.15375,-3.39957,1.62891,12.24968,-0.05392,-4.03837,-0.59295,171.118,2.943,13295.0
1.884499613000007,-5.17886,0.60945,16.31229,0.01533,-4.24413,-0.19416,-3.19811,1.53082,12.39029,-0.05224,-3.93755,-0.60722,171.162,3.0,13575.041
1.889499613000007,-5.58133,0.41163,16.30724,0.0142,-4.23543,-0.23458,-2.9773,1.42343,12.51571,-0.04974,-3.82583,-0.61271,171.206,3.0,13891.468
1.894499613000007,-5.9838,0.2138,16.30219,0.01307,-4.22673,-0.27499,-2.75649,1.31604,12.64113,-0.04724,-3.71411,-0.6182,171.25,3.0,13928.0
1.899499613000007,-6.38628,0.01597,16.29715,0.01194,-4.21802,-0.3154,-2.53568,1.20865,12.76655,-0.04473,-3.60239,-0.62368,171.294,3.0,13928.0
1.904499613000007,-6.66645,0.16316,16.10001,-0.00514,-4.07448,-0.35349,-2.31487,1.10125,12.89198,-0.04223,-3.49067,-0.62917,171.338,3.0,14128.991
1.909499613000007,-6.93076,0.35513,15.87796,-0.02429,-3.91344,-0.39128,-2.09406,0.99386,13.0174,-0.03972,-3.37896,-0.63466,171.382,3.0,14356.066
1.914499613000007,-7.19507,0.5471,15.6559,-0.04344,-3.75239,-0.42907,-1.87325,0.88647,13.14282,-0.03722,-3.26724,-0.64014,171.426,3.444,14382.0
1.919499613000007,-7.45938,0.73906,15.43384,-0.0626,-3.59135,-0.46686,-1.65244,0.77907,13.26825,-0.03472,-3.15552,-0.64563,171.47,3.946,14382.0
1.924499613000007,-7.72369,0.93103,15.21178,-0.08175,-3.43031,-0.50465,-1.90021,0.68414,13.16443,-0.01363,-3.01778,-0.64576,171.591,4.0,15008.023
1.9294996130000068,-7.98799,1.123,14.98972,-0.1009,-3.26926,-0.54243,-2.20484,0.59072,13.03279,0.0097,-2.87688,-0.64525,171.722,4.0,15710.006
1.934499613000007,-8.62273,1.26782,14.58652,-0.07466,-3.04917,-0.55585,-2.50947,0.4973,12.90116,0.03304,-2.73598,-0.64473,171.777,4.44,15796.0
1.9394996130000068,-9.30918,1.40606,14.15804,-0.04208,-2.82084,-0.56586,-2.8141,0.40388,12.76952,0.05638,-2.59508,-0.64422,171.821,4.942,15796.0
1.944499613000007,-9.99563,1.5443,13.72955,-0.00951,-2.5925,-0.57587,-2.71605,0.4468,12.6468,0.07971,-2.45418,-0.6437,171.943,5.0,16098.816
1.9494996130000068,-10.68208,1.68254,13.30106,0.02307,-2.36416,-0.58587,-2.56582,0.5074,12.52524,0.10305,-2.31328,-0.64319,172.075,5.0,16440.87
1.954499613000007,-11.36853,1.82078,12.87258,0.05564,-2.13583,-0.59588,-2.41559,0.56799,12.40368,0.12639,-2.17238,-0.64267,172.167,3.676,16480.0
1.9594996130000069,-12.05498,1.95902,12.44409,0.08822,-1.90749,-0.60589,-2.26536,0.62859,12.28211,0.14972,-2.03148,-0.64216,172.255,2.181,16480.0
1.964499613000007,-12.67393,1.77162,12.27787,0.08022,-1.66995,-0.58118,-2.11513,0.68918,12.16055,0.17306,-1.89059,-0.64164,172.344,2.0,16558.578
1.9694996130000069,-13.28359,1.53936,12.14778,0.06663,-1.43115,-0.55168,-1.9649,0.74978,12.03898,0.1964,-1.74969,-0.64113,172.432,2.0,16647.982
1.974499613000007,-13.89324,1.30709,12.0177,0.05304,-1.19234,-0.52218,-1.81483,0.57463,12.48736,0.19339,-1.48882,-0.58796,172.441,2.893,16657.0
1.9794996130000069,-14.50289,1.07483,11.88761,0.03945,-0.95353,-0.49268,-1.66477,0.37303,12.99969,0.18744,-1.21449,-0.52889,172.441,3.886,16657.0
1.984499613000007,-15.11255,0.84257,11.75752,0.02586,-0.71472,-0.46318,-1.51472,0.17143,13.51201,0.18148,-0.94017,-0.46983,172.403,4.0,17364.807
1.9894996130000069,-15.7222,0.6103,11.62744,0.01227,-0.47591,-0.43368,-1.36467,-0.03017,14.02433,0.17553,-0.66584,-0.41076,172.359,4.0,18164.372
1.994499613000007,-15.34771,0.3659,11.79944,-0.00132,-0.23711,-0.40418,-1.21461,-0.23176,14.53665,0.16957,-0.39151,-0.35169,172.315,4.443,18256.0
1.999499613000007,-14.84585,0.11992,12.01055,-0.01491,0.0017,-0.37468,-1.06456,-0.43336,15.04897,0.16362,-0.11719,-0.29262,172.271,4.942,18256.0
2.004499613000007,-14.34399,-0.12606,12.22165,-0.0285,0.24051,-0.34518,-0.91451,-0.63496,15.5613,0.15766,0.15714,-0.23355,172.266,5.0,19454.44
2.009499613000007,-13.84212,-0.37204,12.43276,-0.04209,0.47932,-0.31569,-0.76446,-0.83656,16.07362,0.15171,0.43146,-0.17449,172.266,5.0,20808.897
2.014499613000007,-13.34026,-0.61802,12.64386,-0.05568,0.71812,-0.28619,-0.74494,-0.81686,15.31918,0.13728,0.58962,-0.09946,172.227,5.442,20966.0
2.019499613000007,-12.83839,-0.86399,12.85496,-0.06927,0.95693,-0.25669,-0.74256,-0.76812,14.39853,0.12174,0.73253,-0.02233,172.183,5.942,20966.0
2.024499613000007,-12.33653,-1.10997,13.06607,-0.06843,1.03658,-0.21356,-0.74018,-0.71939,13.47788,0.10621,0.87544,0.05479,172.178,6.0,22416.222
2.029499613000007,-11.83467,-1.35595,13.27717,-0.06571,1.09549,-0.16865,-0.7378,-0.67065,12.55723,0.09067,1.01835,0.13192,172.178,6.0,24055.377
2.034499613000007,-9.3914,-1.2027,12.75267,-0.063,1.1544,-0.12375,-0.73541,-0.62191,11.63658,0.07513,1.16126,0.20904,172.139,4.229,24243.0
2.039499613000007,-6.69719,-0.99786,12.13308,-0.06028,1.21331,-0.07885,-0.73303,-0.57318,10.71593,0.0596,1.30417,0.28617,172.095,2.229,24243.0
2.044499613000007,-4.00298,-0.79301,11.5135,-0.05757,1.27222,-0.03394,-0.25614,-0.41561,10.45482,0.05342,1.33315,0.24161,172.012,2.0,24636.711
2.0494996130000067,-1.30877,-0.58816,10.89391,-0.05485,1.33113,0.01096,0.28218,-0.24395,10.27908,0.04845,1.34739,0.1813,171.924,2.0,25081.39
2.054499613000007,1.38544,-0.38331,10.27433,-0.05213,1.39004,0.05587,0.8205,-0.07229,10.10335,0.04349,1.36162,0.12099,171.875,2.44,25133.0
2.059499613000007,4.07965,-0.17846,9.65474,-0.04942,1.44895,0.10077,1.35881,0.09937,9.92762,0.03852,1.37586,0.06068,171.832,2.938,25133.0
2.064499613000007,4.1502,-0.02391,9.86231,-0.07828,1.48547,0.02861,1.89713,0.27102,9.75189,0.03356,1.39009,0.00037,171.749,3.0,25392.943
2.0694996130000067,3.84496,0.12344,10.18835,-0.11166,1.51878,-0.06032,2.43545,0.44268,9.57616,0.02859,1.40433,-0.05995,171.66,3.0,25690.117
2.074499613000007,3.53972,0.27078,10.5144,-0.14505,1.55209,-0.14925,2.24029,0.7483,9.53647,0.02363,1.41857,-0.12026,171.573,2.56,25724.0
2.079499613000007,3.23448,0.41813,10.84044,-0.17844,1.5854,-0.23818,1.95073,1.07116,9.51429,0.01866,1.4328,-0.18057,171.486,2.063,25724.0
2.084499613000007,2.92924,0.56548,11.16648,-0.21182,1.61871,-0.32711,1.66118,1.39402,9.4921,0.0137,1.44704,-0.24088,171.397,2.0,25788.044
2.0894996130000068,2.624,0.71283,11.49252,-0.24521,1.65203,-0.41604,1.37162,1.71688,9.46992,0.00873,1.46127,-0.30119,171.308,2.0,25861.323
2.094499613000007,2.31876,0.86017,11.81857,-0.27859,1.68534,-0.50497,1.08206,2.03974,9.44774,0.01919,1.43645,-0.24786,171.221,3.336,25869.0
2.099499613000007,2.01352,1.00752,12.14461,-0.31198,1.71865,-0.59389,0.79251,2.3626,9.42556,0.03145,1.40705,-0.18124,171.133,4.828,25869.0
2.104499613000007,2.24227,1.28779,11.61591,-0.24215,1.66834,-0.45063,0.9228,2.07108,9.19095,0.04371,1.37765,-0.11462,171.084,5.0,26019.029
2.1094996130000068,2.54061,1.58538,10.97582,-0.15887,1.60713,-0.27711,1.1078,1.69949,8.92866,0.05597,1.34825,-0.048,171.04,5.0,26188.609
2.114499613000007,2.83895,1.88296,10.33574,-0.07559,1.54593,-0.10359,1.2928,1.32791,8.66637,0.06823,1.31886,0.01863,170.957,4.115,26208.0
2.119499613000007,3.13729,2.18055,9.69565,0.00769,1.48472,0.06994,1.4778,0.95632,8.40409,0.08049,1.28946,0.08525,170.87,3.116,26208.0
2.124499613000007,2.87516,1.88415,9.74993,0.02402,1.45595,0.06435,1.6628,0.58474,8.1418,0.09275,1.26006,0.15187,170.859,3.0,26196.949
2.129499613000007,2.53912,1.50942,9.89577,0.03153,1.43146,0.03515,1.84781,0.21316,7.87951,0.10501,1.23066,0.21849,170.859,3.0,26184.441
2.134499613000007,2.20308,1.13468,10.04162,0.03903,1.40696,0.00595,1.57865,0.22183,7.88695,0.1075,1.20957,0.17507,170.82,3.443,26183.0
2.139499613000007,1.86704,0.75995,10.18746,0.04653,1.38247,-0.02325,1.25037,0.28,7.9295,0.10871,1.18955,0.11731,170.777,3.943,26183.0
2.144499613000007,1.53101,0.38522,10.33331,0.05403,1.35797,-0.05245,0.92209,0.33818,7.97205,0.10992,1.16954,0.05955,170.733,4.0,26211.33
2.149499613000007,1.19497,0.01048,10.47915,0.06153,1.33348,-0.08165,0.59381,0.39635,8.01461,0.11113,1.14953,0.0018,170.689,4.0,26243.329
2.1544996130000067,1.21736,0.12566,10.47498,0.06904,1.30899,-0.11085,0.26552,0.45453,8.05716,0.11234,1.12951,-0.05596,170.645,4.0,26247.0
2.159499613000007,1.28619,0.30432,10.45137,0.07654,1.28449,-0.14006,-0.06276,0.5127,8.09972,0.11355,1.1095,-0.11371,170.601,4.0,26247.0
2.164499613000007,1.35503,0.48299,10.42777,0.08404,1.26,-0.16926,-0.39104,0.57087,8.14227,0.11476,1.08948,-0.17147,170.557,4.0,26226.227
2.169499613000007,1.42387,0.66165,10.40416,0.09154,1.2355,-0.19846,-0.71932,0.62905,8.18482,0.11597,1.06947,-0.22923,170.513,4.0,26202.738
2.1744996130000067,1.49271,0.84031,10.38055,0.09904,1.21101,-0.22766,-0.56344,0.77022,8.21903,0.11804,1.04403,-0.23389,170.508,4.0,26200.0
2.179499613000007,1.56155,1.01898,10.35694,0.10655,1.18651,-0.25686,-0.34368,0.92234,8.25213,0.12022,1.01787,-0.23155,170.508,4.0,26200.0
2.184499613000007,1.63038,1.19764,10.33333,0.10065,1.12833,-0.2461,-0.12392,1.07445,8.28524,0.1224,0.99171,-0.22921,170.547,4.0,26144.204
2.189499613000007,1.69922,1.3763,10.30972,0.09304,1.06582,-0.2302,0.09584,1.22657,8.31834,0.12457,0.96555,-0.22687,170.591,4.0,26081.226
2.1944996130000067,1.6568,1.43146,10.52128,0.08542,1.0033,-0.2143,0.3156,1.37869,8.35144,0.12675,0.93939,-0.22453,170.673,3.557,26074.0
2.199499613000007,1.59995,1.47062,10.76331,0.0778,0.94078,-0.1984,0.53536,1.53081,8.38455,0.12893,0.91323,-0.22219,170.761,3.058,26074.0
2.204499613000007,1.54311,1.50977,11.00534,0.07018,0.87826,-0.1825,-0.42687,1.65393,8.44491,0.12806,0.85695,-0.23695,170.81,3.0,26002.798
2.209499613000007,1.48626,1.54893,11.24737,0.06256,0.81574,-0.16659,-1.54304,1.77329,8.50881,0.12679,0.79676,-0.25394,170.854,3.0,25922.323
2.2144996130000068,1.42941,1.58808,11.4894,0.05495,0.75323,-0.15069,-2.6592,1.89264,8.57272,0.12552,0.73656,-0.27092,170.898,892.221,25913.0
2.219499613000007,1.37257,1.62723,11.73143,0.04733,0.69071,-0.13479,-3.77537,2.01199,8.63662,0.12425,0.67637,-0.28791,170.943,1897.955,25913.0
2.224499613000007,1.41425,1.56073,11.57418,0.05917,0.62912,-0.13596,-3.17507,1.88312,8.66572,0.12298,0.61617,-0.3049,170.986,2006.0,26005.458
2.229499613000007,1.46778,1.48152,11.36887,0.07336,0.56764,-0.13919,-2.36818,1.72438,8.69063,0.1217,0.55597,-0.32188,171.03,2006.0,26109.044
2.2344996130000068,1.52132,1.4023,11.16357,0.08754,0.50616,-0.14242,-1.56129,1.56563,8.71554,0.12043,0.49578,-0.33887,171.074,2345.114,26121.0
2.239499613000007,1.57486,1.32308,10.95826,0.10172,0.44469,-0.14565,-0.7544,1.40688,8.74044,0.11916,0.43558,-0.35586,171.118,2728.474,26121.0
2.244499613000007,1.62839,1.24386,10.75295,0.11591,0.38321,-0.14888,0.05249,1.24814,8.76535,0.11789,0.37539,-0.37284,171.202,2769.0,26067.799
2.249499613000007,1.68193,1.16465,10.54764,0.13009,0.32173,-0.15211,0.85938,1.08939,8.79026,0.11662,0.31519,-0.38983,171.29,2769.0,26008.31
2.254499613000007,1.73547,1.08543,10.34234,0.14428,0.26026,-0.15534,1.66627,0.93064,8.81516,0.1265,0.32786,-0.36452,171.338,2769.0,26002.0
2.2594996130000067,1.789,1.00621,10.13703,0.15846,0.19878,-0.15857,2.47316,0.7719,8.84007,0.13769,0.34917,-0.33419,171.382,2769.0,26002.0
2.264499613000007,1.63136,0.98732,10.17992,0.16388,0.19877,-0.14223,2.3284,0.80405,8.91605,0.14889,0.37049,-0.30386,171.426,3415.424,26116.075
2.269499613000007,1.44596,0.97635,10.25543,0.16814,0.20684,-0.12333,2.05854,0.8613,8.99874,0.16009,0.3918,-0.27353,171.47,4146.817,26245.144
2.274499613000007,1.26056,0.96539,10.33095,0.17241,0.21491,-0.10443,1.78869,0.91855,9.08144,0.17128,0.41311,-0.24319,171.553,4689.23,26260.0
2.2794996130000067,1.07515,0.95443,10.40646,0.17668,0.22299,-0.08552,1.51884,0.9758,9.16413,0.18248,0.43443,-0.21286,171.641,5207.062,26260.0
2.284499613000007,0.997,1.00534,10.44551,0.16091,0.22335,-0.0843,1.24899,1.03305,9.24683,0.19368,0.45574,-0.18253,171.689,5263.0,26215.717
2.289499613000007,0.93183,1.06375,10.48013,0.14272,0.22278,-0.08521,0.97913,1.0903,9.32952,0.20488,0.47705,-0.1522,171.733,5263.0,26166.071
2.294499613000007,0.86666,1.12216,10.51476,0.12453,0.22221,-0.08613,0.8145,1.30184,9.40105,0.18508,0.46892,-0.15147,171.777,5384.581,26160.0
2.2994996130000067,0.8015,1.18057,10.54939,0.10634,0.22164,-0.08705,0.66452,1.53488,9.47103,0.16098,0.45668,-0.15487,171.822,5523.101,26160.0
2.304499613000007,0.73633,1.23898,10.58402,0.08816,0.22107,-0.08797,0.51454,1.76792,9.541,0.13687,0.44444,-0.15826,171.865,5537.0,26184.993
2.309499613000007,0.67116,1.29739,10.61865,0.06997,0.2205,-0.08889,0.36456,2.00096,9.61098,0.11276,0.4322,-0.16166,171.909,5537.0,26212.774
2.314499613000007,0.60599,1.3558,10.65327,0.05178,0.21993,-0.0898,0.21458,2.234,9.68096,0.08865,0.41996,-0.16506,171.953,5985.812,26216.0
2.3194996130000067,0.54083,1.41421,10.6879,0.03359,0.21936,-0.09072,0.0646,2.46704,9.75094,0.06454,0.40773,-0.16845,171.997,6493.586,26216.0
2.324499613000007,0.44635,1.4179,10.67858,0.02968,0.21679,-0.09155,-0.08538,2.70009,9.82091,0.04044,0.39549,-0.17185,172.041,6552.0,26158.922
2.329499613000007,0.34806,1.41448,10.66355,0.02763,0.21395,-0.09237,-0.23536,2.93313,9.89089,0.01633,0.38325,-0.17524,172.085,6552.0,26094.424
2.334499613000007,0.24977,1.41106,10.64851,0.02558,0.21112,-0.09319,-0.31513,2.74808,9.86785,0.01351,0.36697,-0.16923,172.129,6854.756,26087.0
2.3394996130000068,0.15147,1.40764,10.63348,0.02354,0.20829,-0.09401,-0.38576,2.50865,9.83271,0.01347,0.35016,-0.16199,172.173,7196.897,26087.0
2.344499613000007,0.05318,1.40421,10.61845,0.02149,0.20546,-0.09483,-0.45639,2.26921,9.79757,0.01342,0.33334,-0.15476,172.178,7236.0,26063.088
2.349499613000007,-0.04511,1.40079,10.60341,0.01944,0.20262,-0.09565,-0.52702,2.02978,9.76243,0.01338,0.31653,-0.14752,172.178,7236.0,26036.09
2.354499613000007,-0.05818,1.37231,10.57782,0.01739,0.19979,-0.09648,-0.59765,1.79035,9.72728,0.01333,0.29972,-0.14028,172.178,7505.15,26033.0
2.3594996130000068,-0.06025,1.3406,10.55087,0.01534,0.19696,-0.0973,-0.66828,1.55091,9.69214,0.01329,0.28291,-0.13304,172.178,7809.093,26033.0
2.3644996130000067,-0.06231,1.30888,10.52391,0.01329,0.19413,-0.09812,-0.70371,1.49316,9.68808,0.01307,0.27437,-0.13621,172.217,7844.0,25966.617
2.369499613000007,-0.06437,1.27717,10.49696,0.01124,0.1913,-0.09894,-0.73457,1.45899,9.68804,0.01283,0.2669,-0.14072,172.261,7844.0,25891.62
2.374499613000007,-0.06643,1.24545,10.47,0.01258,0.18827,-0.09943,-0.76543,1.42481,9.688,0.01259,0.25944,-0.14524,172.266,8323.177,25883.0
2.379499613000007,-0.0685,1.21373,10.44305,0.01437,0.18523,-0.09987,-0.7963,1.39063,9.68796,0.01234,0.25197,-0.14975,172.266,8864.584,25883.0
2.3844996130000067,-0.06046,1.18728,10.44404,0.01615,0.18218,-0.10032,-0.82716,1.35645,9.68793,0.0121,0.2445,-0.15426,172.266,8928.0,25872.391
2.389499613000007,-0.05109,1.16153,10.44873,0.01793,0.17913,-0.10076,-0.85802,1.32228,9.68789,0.01186,0.23703,-0.15878,172.266,8928.0,25860.374
2.394499613000007,-0.04172,1.13578,10.45343,0.01972,0.17609,-0.10121,-0.71923,1.27765,9.71871,0.01162,0.22957,-0.16329,172.266,8966.303,25859.0
2.399499613000007,-0.03235,1.11003,10.45813,0.0215,0.17304,-0.10166,-0.55854,1.23168,9.75351,0.01138,0.2221,-0.1678,172.266,9009.552,25859.0
2.4044996130000067,-0.02298,1.08427,10.46283,0.02329,0.17,-0.1021,-0.39786,1.18571,9.78831,0.01114,0.21463,-0.17232,172.305,9014.0,25859.0
2.409499613000007,-0.01361,1.05852,10.46752,0.02507,0.16695,-0.10255,-0.23717,1.13973,9.82311,0.0109,0.20717,-0.17683,172.348,9014.0,25859.0
2.414499613000007,-0.00423,1.03277,10.47222,0.02685,0.1639,-0.103,-0.19669,1.16181,9.83464,0.01234,0.20826,-0.1756,172.354,9347.087,25781.25
2.419499613000007,0.00514,1.00702,10.47692,0.02864,0.16086,-0.10344,-0.17206,1.19286,9.84311,0.01399,0.21049,-0.17362,172.354,9724.061,25693.256
2.4244996130000067,0.01176,1.08881,10.47442,0.02873,0.16535,-0.10607,-0.14743,1.2239,9.85158,0.01565,0.21271,-0.17164,172.392,9768.0,25683.0
2.429499613000007,0.01802,1.18479,10.47096,0.0286,0.17084,-0.10899,-0.1228,1.25495,9.86004,0.01731,0.21494,-0.16965,172.436,9768.0,25683.0
2.434499613000007,0.02428,1.28078,10.46751,0.02847,0.17632,-0.11191,-0.09816,1.286,9.86851,0.01896,0.21717,-0.16767,172.441,9768.0,25665.309
2.439499613000007,0.03053,1.37676,10.46406,0.02834,0.18181,-0.11484,-0.07353,1.31704,9.87698,0.02062,0.21939,-0.16569,172.441,9768.0,25645.297
2.4444996130000067,0.04102,1.38036,10.46761,0.02851,0.18418,-0.11657,-0.0489,1.34809,9.88545,0.02228,0.22162,-0.1637,172.48,10030.018,25643.0
2.449499613000007,0.05205,1.37198,10.47206,0.02871,0.18613,-0.11815,-0.02427,1.37913,9.89392,0.02394,0.22385,-0.16172,172.524,10326.003,25643.0
2.454499613000007,0.06309,1.36361,10.47652,0.02892,0.18809,-0.11974,0.00037,1.41018,9.90239,0.02559,0.22607,-0.15974,172.529,10360.0,25546.591
2.459499613000007,0.07412,1.35523,10.48097,0.02913,0.19005,-0.12132,0.025,1.44123,9.91086,0.02725,0.2283,-0.15775,172.529,10360.0,25437.672
2.4644996130000068,0.08515,1.34686,10.48543,0.02933,0.19201,-0.1229,0.06224,1.43888,9.92683,0.026,0.24417,-0.16787,172.568,10958.744,25425.0
2.4694996130000066,0.09619,1.33848,10.48988,0.02954,0.19397,-0.12448,0.10114,1.43215,9.94379,0.02437,0.26184,-0.17958,172.612,11636.323,25425.0
2.474499613000007,0.12516,1.31163,10.50228,0.02974,0.19593,-0.12606,0.14003,1.42541,9.96075,0.02274,0.2795,-0.19129,172.656,11716.0,25365.83
2.479499613000007,0.15653,1.28231,10.51573,0.02995,0.19789,-0.12765,0.17893,1.41867,9.97771,0.02111,0.29717,-0.203,172.701,11716.0,25298.776
2.4844996130000068,0.18789,1.25299,10.52919,0.03016,0.19985,-0.12923,0.26346,1.36516,10.0011,0.02373,0.31202,-0.19857,172.705,12008.197,25292.0
2.4894996130000067,0.21926,1.22367,10.54264,0.03036,0.20181,-0.13081,0.35312,1.3064,10.02522,0.02683,0.32656,-0.19233,172.705,12333.239,25292.0
2.494499613000007,0.25062,1.19436,10.5561,0.03057,0.20377,-0.13239,0.44277,1.24763,10.04934,0.02993,0.3411,-0.18609,172.744,12371.0,25228.351
2.499499613000007,0.28199,1.16504,10.56955,0.03078,0.20572,-0.13397,0.53243,1.18887,10.07346,0.03304,0.35564,-0.17985,172.788,12371.0,25156.336
2.504499613000007,0.31336,1.13572,10.583,0.03145,0.21458,-0.13342,0.62208,1.1301,10.09758,0.03614,0.37018,-0.17361,172.832,12549.214,25148.0
2.5094996130000067,0.34472,1.1064,10.59646,0.03219,0.22435,-0.13259,0.71174,1.07134,10.12169,0.03924,0.38471,-0.16736,172.876,12750.756,25148.0
2.514499613000007,0.33758,1.12166,10.61111,0.03293,0.23411,-0.13175,0.80139,1.01257,10.14581,0.04234,0.39925,-0.16112,172.92,12774.0,25027.274
2.519499613000007,0.32542,1.14273,10.62593,0.03367,0.24387,-0.13092,0.89105,0.95381,10.16993,0.04544,0.41379,-0.15488,172.964,12774.0,24890.808
2.524499613000007,0.31327,1.1638,10.64074,0.03441,0.25364,-0.13009,0.81921,1.06974,10.21132,0.04212,0.42931,-0.15386,173.047,12774.0,24875.0
2.5294996130000067,0.30111,1.18487,10.65555,0.03515,0.2634,-0.12925,0.72621,1.20856,10.25498,0.03795,0.44497,-0.15353,173.135,12774.0,24875.0
2.534499613000007,0.28895,1.20594,10.67036,0.03589,0.27317,-0.12842,0.63321,1.34738,10.29864,0.03379,0.46062,-0.1532,173.223,13414.631,24932.35
2.539499613000007,0.27679,1.22701,10.68517,0.03663,0.28293,-0.12758,0.5402,1.4862,10.34229,0.02963,0.47627,-0.15286,173.31,14132.138,24996.582
2.544499613000007,0.26463,1.24808,10.69999,0.03033,0.28726,-0.12837,0.57239,1.52552,10.35428,0.02547,0.49192,-0.15253,173.359,14573.979,25004.0
2.5494996130000067,0.25248,1.26915,10.7148,0.02312,0.29088,-0.12937,0.62091,1.55184,10.36213,0.0213,0.50758,-0.1522,173.403,14979.828,25004.0
2.554499613000007,0.21573,1.26602,10.72715,0.0159,0.29451,-0.13037,0.66944,1.57817,10.36997,0.01714,0.52323,-0.15186,173.486,15027.0,24880.855
2.559499613000007,0.17575,1.25972,10.73919,0.00869,0.29813,-0.13137,0.71797,1.6045,10.37782,0.01298,0.53888,-0.15153,173.573,15027.0,24741.515
2.564499613000007,0.13576,1.25341,10.75122,0.00148,0.30175,-0.13237,0.76649,1.63083,10.38567,0.00882,0.55453,-0.1512,173.7,15278.614,24724.0
2.5694996130000067,0.09578,1.24711,10.76326,-0.00574,0.30537,-0.13337,0.81502,1.65716,10.39352,0.00466,0.57019,-0.15086,173.832,15566.402,24724.0
2.5744996130000066,0.0558,1.2408,10.77529,-0.01295,0.309,-0.13437,0.86355,1.68349,10.40137,-0.00099,0.60388,-0.14269,173.964,15600.0,24584.362
2.579499613000007,0.01582,1.2345,10.78732,-0.02017,0.31262,-0.13537,0.91207,1.70982,10.40921,-0.00683,0.63997,-0.13348,174.096,15600.0,24426.266
2.584499613000007,0.00951,1.26819,10.78318,-0.02883,0.3287,-0.13521,0.95888,1.72353,10.40881,-0.01267,0.67605,-0.12427,174.15,16076.105,24408.0
2.5894996130000068,0.00759,1.30711,10.77693,-0.03768,0.34642,-0.1349,1.00546,1.73559,10.40733,-0.01851,0.71213,-0.11506,174.194,16614.404,24408.0
2.5944996130000066,0.00568,1.34603,10.77068,-0.04654,0.36413,-0.13459,1.05205,1.74765,10.40585,-0.02435,0.74821,-0.10585,174.355,16676.0,24350.444
2.599499613000007,0.00377,1.38495,10.76443,-0.05539,0.38184,-0.13427,1.09863,1.75971,10.40437,-0.03019,0.78429,-0.09664,174.531,16676.0,24285.452
2.604499613000007,0.00185,1.42387,10.75818,-0.06424,0.39955,-0.13396,1.14521,1.77177,10.40289,-0.03604,0.82038,-0.08743,174.668,17062.936,24278.0
2.6094996130000068,-6e-05,1.46278,10.75192,-0.0731,0.41727,-0.13365,1.1918,1.78383,10.40141,-0.04188,0.85646,-0.07822,174.799,17499.98,24278.0
2.6144996130000067,-0.00197,1.5017,10.74567,-0.08195,0.43498,-0.13334,1.04938,1.66191,10.39463,-0.04514,0.87993,-0.07039,174.931,17550.0,24020.505
2.619499613000007,-0.00388,1.54062,10.73942,-0.09081,0.45269,-0.13303,0.88254,1.52268,10.38715,-0.04807,0.90178,-0.06273,175.063,17550.0,23729.732
2.624499613000007,-0.07581,1.35048,10.70169,-0.09009,0.47736,-0.12725,0.7157,1.38345,10.37968,-0.051,0.92363,-0.05508,175.195,17774.601,23696.0
2.629499613000007,-0.15693,1.13028,10.65984,-0.08813,0.50294,-0.12076,0.54886,1.24421,10.37221,-0.05393,0.94547,-0.04742,175.327,18028.678,23696.0
2.6344996130000067,-0.16678,1.11814,10.64957,-0.08616,0.52852,-0.11426,0.50939,1.2722,10.37846,-0.05686,0.96732,-0.03977,175.458,18058.0,23352.731
2.639499613000007,-0.16733,1.13313,10.64342,-0.08419,0.5541,-0.10777,0.48653,1.322,10.38652,-0.05979,0.98916,-0.03211,175.59,18058.0,22964.677
2.644499613000007,-0.16788,1.14813,10.63726,-0.08222,0.57968,-0.10127,0.46367,1.3718,10.39457,-0.06272,1.01101,-0.02446,175.722,18058.0,22919.0
2.649499613000007,-0.16844,1.16312,10.63111,-0.08026,0.60526,-0.09478,0.44081,1.4216,10.40262,-0.06565,1.03286,-0.0168,175.854,18058.0,22919.0
2.6544996130000067,-0.16899,1.17812,10.62496,-0.07829,0.63084,-0.08828,0.41795,1.4714,10.41067,-0.06857,1.0547,-0.00915,175.947,18270.049,22919.0
2.659499613000007,-0.16954,1.19312,10.61881,-0.07632,0.65643,-0.08179,0.39509,1.5212,10.41872,-0.0715,1.07655,-0.00149,176.035,18509.888,22919.0
2.664499613000007,-0.1701,1.20811,10.61266,-0.0807,0.69555,-0.07804,0.37223,1.571,10.42677,-0.08704,1.11686,0.0076,176.084,18770.861,22744.799
2.669499613000007,-0.17065,1.22311,10.60651,-0.08592,0.73647,-0.07465,0.34937,1.6208,10.43482,-0.10424,1.15961,0.01688,176.128,19034.64,22547.468
2.6744996130000067,-0.22498,1.22885,10.60394,-0.09114,0.77739,-0.07127,0.32652,1.6706,10.44287,-0.12145,1.20237,0.02616,176.211,19062.0,21999.841
2.6794996130000066,-0.28554,1.23352,10.60178,-0.09636,0.81831,-0.06788,0.30366,1.7204,10.45092,-0.13866,1.24513,0.03544,176.298,19062.0,21411.675
2.684499613000007,-0.3461,1.23819,10.59962,-0.10158,0.85924,-0.0645,0.20172,1.69867,10.44675,-0.1434,1.2596,0.03704,176.348,19119.783,21343.0
2.689499613000007,-0.40665,1.24286,10.59747,-0.1068,0.90016,-0.06111,0.08934,1.66749,10.44096,-0.14651,1.27033,0.03763,176.392,19185.204,21343.0
2.6944996130000067,-0.46721,1.24753,10.59531,-0.11202,0.94108,-0.05773,-0.02305,1.63631,10.43517,-0.14961,1.28107,0.03821,176.396,19192.0,20769.99
2.6994996130000066,-0.52777,1.2522,10.59315,-0.11724,0.982,-0.05434,-0.13543,1.60513,10.42938,-0.15271,1.2918,0.0388,176.396,19192.0,20130.555
2.704499613000007,-0.58832,1.25687,10.591,-0.12438,1.02676,-0.05678,-0.38613,1.66277,10.53325,-0.15581,1.30253,0.03938,176.396,19368.114,20066.0
2.709499613000007,-0.64888,1.26154,10.58884,-0.13173,1.07194,-0.05987,-0.65235,1.73038,10.64943,-0.15891,1.31327,0.03997,176.396,19564.005,20066.0
2.7144996130000068,-0.6768,1.31512,10.76508,-0.13909,1.11713,-0.06296,-0.91858,1.79799,10.76561,-0.16202,1.324,0.04055,176.396,19587.0,19155.476
2.7194996130000066,-0.70037,1.3752,10.96504,-0.14645,1.16231,-0.06604,-1.18481,1.86561,10.88179,-0.16512,1.33474,0.04114,176.396,19587.0,18123.851
2.724499613000007,-0.72395,1.43528,11.16501,-0.1538,1.2075,-0.06913,-1.45103,1.93322,10.99797,-0.16822,1.34547,0.04172,176.396,19736.444,18005.0
2.729499613000007,-0.74752,1.49536,11.36497,-0.16116,1.25268,-0.07222,-1.71726,2.00083,11.11415,-0.17132,1.3562,0.04231,176.396,19905.346,18005.0
2.7344996130000068,-0.7711,1.55545,11.56493,-0.16851,1.29787,-0.07531,-1.6904,1.97691,11.16053,-0.17404,1.36381,0.02598,176.357,19925.0,17305.964
2.7394996130000067,-0.79468,1.61553,11.7649,-0.17587,1.34305,-0.0784,-1.62494,1.94094,11.19772,-0.1767,1.37101,0.00743,176.313,19925.0,16514.875
2.744499613000007,-0.75375,1.59721,11.82062,-0.17967,1.36394,-0.08436,-1.55949,1.90497,11.23492,-0.17937,1.37821,-0.01112,176.309,20206.59,16434.0
2.749499613000007,-0.70548,1.56997,11.85992,-0.18308,1.38205,-0.09066,-1.49403,1.869,11.27211,-0.18203,1.38541,-0.02967,176.309,20520.246,16434.0
2.754499613000007,-0.65721,1.54272,11.89922,-0.18648,1.40017,-0.09695,-1.42857,1.83303,11.3093,-0.1847,1.39261,-0.04822,176.309,20557.0,16030.291
2.7594996130000067,-0.60895,1.51548,11.93851,-0.18988,1.41829,-0.10324,-1.36311,1.79706,11.34649,-0.18736,1.39981,-0.06677,176.309,20557.0,15572.998
2.764499613000007,-0.56068,1.48824,11.97781,-0.19328,1.4364,-0.10953,-1.29766,1.76108,11.38369,-0.19003,1.40701,-0.08532,176.27,21041.299,15520.0
2.769499613000007,-0.51241,1.46099,12.01711,-0.19668,1.45452,-0.11583,-1.2322,1.72511,11.42088,-0.19269,1.41421,-0.10387,176.226,21589.082,15520.0
2.774499613000007,-0.46414,1.43375,12.0564,-0.20008,1.47264,-0.12212,-0.90821,1.65523,11.41987,-0.18615,1.44423,-0.07849,176.182,21652.0,15520.0
2.7794996130000067,-0.41587,1.4065,12.0957,-0.20348,1.49075,-0.12841,-0.55068,1.58095,11.4139,-0.17842,1.47721,-0.04741,176.138,21652.0,15520.0
2.7844996130000066,-0.38404,1.45634,12.10113,-0.20242,1.54208,-0.11843,-0.19315,1.50667,11.40794,-0.17069,1.5102,-0.01633,176.094,22214.408,14689.503
2.789499613000007,-0.35434,1.51623,12.10214,-0.20076,1.59774,-0.10632,0.16438,1.43239,11.40197,-0.16296,1.54318,0.01475,176.05,22850.157,13750.706
2.794499613000007,-0.32464,1.57612,12.10314,-0.19911,1.6534,-0.09421,0.09817,1.45753,11.41466,-0.15523,1.57616,0.04584,175.967,22917.0,12755.748
2.7994996130000067,-0.29495,1.63601,12.10415,-0.19746,1.70906,-0.0821,-0.01783,1.49434,11.42954,-0.1475,1.60915,0.07692,175.879,22917.0,11754.192
2.8044996130000066,-0.26525,1.6959,12.10516,-0.19581,1.76472,-0.06999,-0.13383,1.53116,11.44443,-0.14047,1.63931,0.07098,175.83,23113.004,11639.0
2.809499613000007,-0.23556,1.75579,12.10617,-0.19415,1.82038,-0.05788,-0.24983,1.56798,11.45931,-0.13352,1.6691,0.06023,175.786,23334.48,11639.0
2.814499613000007,-0.28066,1.64958,12.21196,-0.19184,1.85663,-0.06473,-0.36583,1.6048,11.47419,-0.12658,1.6989,0.04948,175.703,23360.0,10964.522
2.8194996130000067,-0.33551,1.52173,12.33139,-0.18944,1.89034,-0.07404,-0.48183,1.64162,11.48908,-0.11964,1.72869,0.03872,175.616,23360.0,10202.206
2.8244996130000066,-0.39035,1.39387,12.45082,-0.18705,1.92406,-0.08335,-0.45708,1.56341,11.47135,-0.1127,1.75849,0.02797,175.567,23529.954,10115.0
2.829499613000007,-0.4452,1.26602,12.57025,-0.18465,1.95778,-0.09266,-0.41415,1.47034,11.44941,-0.10575,1.78828,0.01722,175.523,23721.862,10115.0
2.834499613000007,-0.52173,1.29238,12.60604,-0.18225,1.99149,-0.10197,-0.37122,1.37728,11.42747,-0.09881,1.81808,0.00647,175.44,23744.0,8224.966
2.8394996130000068,-0.60108,1.33884,12.63092,-0.17985,2.02521,-0.11128,-0.32828,1.28421,11.40553,-0.09187,1.84787,-0.00428,175.353,23744.0,6088.472
2.8444996130000066,-0.68044,1.38531,12.6558,-0.17745,2.05892,-0.12059,-0.28535,1.19114,11.38359,-0.07439,1.88519,-0.01592,175.226,23862.842,5815.0
2.849499613000007,-0.7598,1.43177,12.68069,-0.17505,2.09264,-0.1299,-0.24242,1.09808,11.36165,-0.05537,1.92362,-0.02769,175.094,23999.129,5815.0
2.854499613000007,-0.83916,1.47824,12.70557,-0.17265,2.12635,-0.13921,-0.19949,1.00501,11.33971,-0.03634,1.96204,-0.03946,174.962,24015.0,4600.622
2.8594996130000068,-0.91852,1.5247,12.73046,-0.17026,2.16007,-0.14852,-0.15656,0.91194,11.31777,-0.01731,2.00047,-0.05122,174.83,24015.0,3226.192
2.8644996130000067,-0.99787,1.57117,12.75534,-0.15704,2.23007,-0.16743,-0.08884,0.85927,11.1561,0.00171,2.03889,-0.06299,174.698,24138.587,3067.0
2.869499613000007,-1.07723,1.61763,12.78023,-0.14242,2.30483,-0.1876,-0.01787,0.81189,10.97612,0.02074,2.07731,-0.07476,174.566,24278.364,3067.0
2.874499613000007,-1.20373,1.61338,12.71633,-0.12779,2.37958,-0.20777,0.05309,0.7645,10.79615,0.03976,2.11574,-0.08653,174.473,24294.0,2876.277
2.879499613000007,-1.33617,1.60273,12.64124,-0.11316,2.45434,-0.22794,0.12406,0.71712,10.61617,0.05879,2.15416,-0.0983,174.385,24294.0,2661.531
2.8844996130000067,-1.46861,1.59209,12.56616,-0.09853,2.52909,-0.24811,0.19503,0.66974,10.4362,0.07781,2.19258,-0.11007,174.258,24313.466,2637.0
2.8894996130000066,-1.60105,1.58145,12.49108,-0.0839,2.60385,-0.26828,0.266,0.62235,10.25622,0.09684,2.23101,-0.12184,174.127,24335.442,2637.0
2.894499613000007,-1.73349,1.5708,12.416,-0.06928,2.6786,-0.28845,0.13579,0.56685,10.16174,0.14089,2.31489,-0.14586,173.995,24338.0,2637.0
2.899499613000007,-1.86593,1.56016,12.34092,-0.05465,2.75336,-0.30862,-0.02092,0.51028,10.07853,0.18825,2.40477,-0.17149,173.863,24338.0,2637.0
2.9044996130000067,-2.07834,1.58331,12.44566,-0.01155,2.84425,-0.33113,-0.17763,0.45371,9.99532,0.2356,2.49464,-0.19713,173.77,24353.055,2188.905
2.9094996130000066,-2.3011,1.61082,12.57366,0.03522,2.93724,-0.35393,-0.33435,0.39714,9.91211,0.28295,2.58452,-0.22276,173.682,24370.055,1682.88
2.914499613000007,-2.52385,1.63834,12.70165,0.08199,3.03022,-0.37674,-0.49106,0.34057,9.8289,0.33031,2.6744,-0.2484,173.477,24372.0,1273.648
2.919499613000007,-2.74661,1.66585,12.82965,0.12877,3.12321,-0.39955,-0.64777,0.284,9.74569,0.37766,2.76427,-0.27404,173.258,24372.0,876.918
2.9244996130000067,-2.96936,1.69337,12.95764,0.17554,3.21619,-0.42236,-1.01706,0.38397,9.8909,0.38396,2.78034,-0.29342,173.038,23732.488,831.0
2.9294996130000066,-3.19211,1.72089,13.08564,0.22232,3.30918,-0.44517,-1.41417,0.50443,10.066,0.38489,2.78674,-0.31199,172.818,23009.272,831.0
2.934499613000007,-3.3139,1.68144,13.3151,0.24574,3.3455,-0.45692,-1.81128,0.62489,10.2411,0.38581,2.79314,-0.33055,172.637,22926.0,804.885
2.939499613000007,-3.42256,1.63327,13.55776,0.26613,3.37444,-0.46724,-2.20839,0.74535,10.4162,0.38674,2.79954,-0.34912,172.461,22926.0,775.371
2.9444996130000067,-3.53121,1.58511,13.80042,0.28652,3.40339,-0.47756,-2.6055,0.86581,10.5913,0.38767,2.80595,-0.36769,172.286,22092.74,772.0
2.9494996130000066,-3.63987,1.53695,14.04308,0.3069,3.43234,-0.48787,-3.00261,0.98627,10.7664,0.38859,2.81235,-0.38625,172.11,21152.017,772.0
2.954499613000007,-3.74852,1.48879,14.28574,0.32729,3.46128,-0.49819,-3.39973,1.10673,10.9415,0.38952,2.81875,-0.40482,171.818,21043.0,529.99
2.959499613000007,-3.85718,1.44062,14.5284,0.34768,3.49023,-0.5085,-3.79684,1.2272,11.1166,0.39045,2.82516,-0.42339,171.51,21043.0,256.258
2.9644996130000068,-3.96583,1.39246,14.77106,0.36807,3.51917,-0.51882,-4.25166,1.43692,10.86439,0.36407,2.77403,-0.44015,171.281,18628.936,225.0
2.9694996130000066,-4.07449,1.3443,15.01373,0.38846,3.54812,-0.52914,-4.71391,1.65815,10.55709,0.33417,2.71548,-0.45668,171.063,15903.666,225.0
2.974499613000007,-3.5986,1.11972,14.65447,0.37322,3.51414,-0.53099,-5.17617,1.87938,10.2498,0.30426,2.65693,-0.47322,170.804,15553.0,182.117
2.979499613000007,-3.0364,0.8691,14.20632,0.35272,3.47087,-0.53158,-5.63843,2.10061,9.9425,0.27436,2.59839,-0.48975,170.54,15553.0,132.901
2.9844996130000068,-2.47419,0.61847,13.75817,0.33222,3.42759,-0.53218,-5.48161,2.09075,9.52815,0.24446,2.53984,-0.50628,170.275,8693.337,127.0
2.9894996130000067,-1.91198,0.36784,13.31003,0.31172,3.38432,-0.53278,-5.24044,2.0494,9.09922,0.21456,2.48129,-0.52282,170.011,899.16,127.0
2.9944996130000066,-1.56879,0.32467,12.81533,0.29123,3.34105,-0.53338,-4.99928,2.00805,8.67029,0.18466,2.42275,-0.53935,169.708,0.0,97.346
2.999499613000007,-1.25417,0.30855,12.31456,0.27073,3.29777,-0.53398,-4.75812,1.9667,8.24136,0.15476,2.3642,-0.55588,169.4,0.0,63.824
3.004499613000007,-0.93954,0.29242,11.81379,0.25023,3.2545,-0.53458,-4.51695,1.92535,7.81243,0.12486,2.30565,-0.57242,169.054,1143.661,60.0
3.0094996130000067,-0.62491,0.2763,11.31302,0.22973,3.21122,-0.53517,-4.27579,1.884,7.3835,0.09496,2.2471,-0.58895,168.702,2434.59,60.0
3.0144996130000066,-0.31028,0.26018,10.81226,0.20923,3.16795,-0.53577,-4.03463,1.84265,6.95456,0.06803,2.14292,-0.57356,168.351,2582.0,132.517
3.019499613000007,0.00435,0.24406,10.31149,0.18874,3.12468,-0.53637,-3.79347,1.8013,6.52563,0.04148,2.03285,-0.55405,168.0,2582.0,214.383
3.024499613000007,0.31898,0.22794,9.81072,0.15536,2.98137,-0.53642,-3.75436,1.75129,5.80363,0.01494,1.92278,-0.53455,167.804,1442.956,224.0
3.0294996130000067,0.63361,0.21182,9.30995,0.12027,2.82474,-0.5364,-3.74215,1.70012,5.04262,-0.01161,1.81271,-0.51504,167.628,152.293,224.0
3.0344996130000066,1.41091,0.10863,8.77545,0.08519,2.66811,-0.53638,-3.72994,1.64895,4.28161,-0.03816,1.70265,-0.49554,167.412,3.0,204.393
3.039499613000007,2.24872,-0.00595,8.23653,0.0501,2.51148,-0.53636,-3.71774,1.59779,3.5206,-0.0647,1.59258,-0.47603,167.19,3.0,182.221
3.044499613000007,3.08654,-0.12053,7.69762,0.01501,2.35485,-0.53634,-3.70553,1.54662,2.75959,-0.09125,1.48251,-0.45652,166.972,20.421,180.0
3.0494996130000067,3.92435,-0.23511,7.1587,-0.02007,2.19822,-0.53632,-3.69332,1.49546,1.99858,-0.1178,1.37244,-0.43702,166.754,39.782,180.0
3.0544996130000066,4.76217,-0.34969,6.61979,-0.05516,2.04159,-0.5363,-3.92246,1.46717,2.04892,-0.19155,1.05365,-0.37057,166.573,42.0,145.054
3.059499613000007,5.59999,-0.46427,6.08087,-0.09025,1.88497,-0.53628,-4.18283,1.44184,2.20426,-0.27142,0.70785,-0.29805,166.397,42.0,105.586
3.064499613000007,5.85691,-0.51943,5.98244,-0.13683,1.54974,-0.40774,-4.4432,1.41651,2.35959,-0.35128,0.36206,-0.22552,166.221,24.311,101.0
3.0694996130000067,6.03747,-0.56677,5.94192,-0.18492,1.19103,-0.26231,-4.70356,1.39118,2.51493,-0.43114,0.01626,-0.153,166.046,4.298,101.0
3.0744996130000066,6.21803,-0.61411,5.9014,-0.23301,0.83232,-0.11687,-4.96393,1.36585,2.67026,-0.51101,-0.32954,-0.08047,165.948,2.0,186.849
3.079499613000007,6.39859,-0.66145,5.86088,-0.28109,0.47361,0.02856,-5.2243,1.34052,2.8256,-0.59087,-0.67534,-0.00795,165.86,2.0,283.832
3.084499613000007,6.57915,-0.70879,5.82035,-0.32918,0.1149,0.17399,-4.51906,1.30868,2.76357,-0.60167,-0.77228,0.04242,165.772,2.443,295.0
3.0894996130000068,6.75971,-0.75613,5.77983,-0.37727,-0.2438,0.31942,-3.68815,1.27599,2.67325,-0.60348,-0.83684,0.08991,165.684,2.943,295.0
3.0944996130000066,6.24229,-0.5092,5.63828,-0.41805,-0.47945,0.38023,-2.85724,1.2433,2.58294,-0.60529,-0.9014,0.13741,165.635,3.0,373.807
3.0994996130000065,5.63541,-0.22457,5.48379,-0.45789,-0.69933,0.43018,-2.02633,1.21061,2.49263,-0.6071,-0.96596,0.1849,165.591,3.0,462.715
3.104499613000007,5.02853,0.06007,5.32929,-0.49774,-0.91921,0.48014,-1.19542,1.17792,2.40231,-0.6089,-1.03052,0.23239,165.586,3.0,473.0
3.1094996130000068,4.42166,0.34471,5.17479,-0.53758,-1.13909,0.5301,-0.36451,1.14523,2.312,-0.61071,-1.09508,0.27988,165.586,3.0,473.0
3.1144996130000067,3.81478,0.62935,5.0203,-0.57742,-1.35897,0.58006,-0.86327,1.13722,2.2521,-0.61252,-1.15963,0.32737,165.625,3.0,601.825
3.1194996130000066,3.20791,0.91399,4.8658,-0.61727,-1.57885,0.63001,-1.53437,1.1324,2.19614,-0.61433,-1.22419,0.37486,165.669,3.0,747.347
3.124499613000007,3.04425,1.06966,4.89178,-0.60971,-1.6853,0.63478,-2.20546,1.12759,2.14019,-0.61614,-1.28875,0.42235,165.674,2.558,764.0
3.129499613000007,2.93787,1.20868,4.94108,-0.59603,-1.77709,0.63371,-2.87656,1.12277,2.08423,-0.61795,-1.35331,0.46985,165.674,2.058,764.0
3.1344996130000067,2.83148,1.34769,4.99037,-0.58235,-1.86889,0.63264,-3.54765,1.11796,2.02828,-0.61976,-1.41787,0.51734,165.674,2.0,989.654
3.1394996130000066,2.7251,1.4867,5.03967,-0.56866,-1.96068,0.63157,-4.21875,1.11314,1.97232,-0.62157,-1.48243,0.56483,165.674,2.0,1244.991
3.144499613000007,2.61872,1.62571,5.08897,-0.55498,-2.05247,0.6305,-4.2441,1.10286,2.10303,-0.61087,-1.60759,0.56152,165.713,2.886,1274.0
3.149499613000007,2.51233,1.76472,5.13827,-0.5413,-2.14427,0.62942,-4.18668,1.09188,2.25766,-0.59857,-1.74051,0.55171,165.757,3.886,1274.0
3.1544996130000067,2.35684,1.78359,5.44657,-0.52762,-2.23606,0.62835,-4.12926,1.08089,2.41228,-0.58627,-1.87344,0.5419,165.762,4.0,1471.939
3.1594996130000066,2.19504,1.78702,5.78818,-0.51394,-2.32786,0.62728,-4.07184,1.06991,2.56691,-0.57396,-2.00637,0.53208,165.762,4.0,1695.332
3.164499613000007,2.03323,1.79044,6.12979,-0.50025,-2.41965,0.62621,-4.01442,1.05892,2.72154,-0.56166,-2.1393,0.52227,165.801,3.557,1721.0
3.169499613000007,1.87142,1.79386,6.4714,-0.48657,-2.51144,0.62514,-3.957,1.04794,2.87617,-0.54936,-2.27222,0.51245,165.845,3.057,1721.0
3.1744996130000067,1.70962,1.79728,6.81301,-0.47289,-2.60324,0.62407,-3.89959,1.03695,3.0308,-0.53706,-2.40515,0.50264,165.889,3.0,2590.769
3.1794996130000066,1.54781,1.8007,7.15461,-0.45921,-2.69503,0.623,-3.84217,1.02597,3.18542,-0.52476,-2.53808,0.49282,165.932,3.0,3572.373
3.184499613000007,1.37791,1.84015,7.40799,-0.45583,-2.80736,0.64578,-3.81418,1.01648,3.40521,-0.51583,-2.65171,0.50637,165.938,3.0,3686.0
3.189499613000007,1.20695,1.88432,7.64982,-0.4538,-2.92237,0.67168,-3.79006,1.00719,3.63352,-0.50735,-2.76282,0.52298,165.938,3.0,3686.0
3.1944996130000067,1.03599,1.92848,7.89165,-0.45177,-3.03738,0.69758,-3.76593,0.9979,3.86183,-0.49887,-2.87393,0.5396,166.015,3.0,3686.0
3.1994996130000066,0.86503,1.97264,8.13348,-0.44974,-3.1524,0.72349,-3.7418,0.98861,4.09015,-0.49038,-2.98504,0.55621,166.103,3.0,3686.0
3.2044996130000065,0.69407,2.01681,8.37531,-0.44771,-3.26741,0.74939,-3.71767,0.97932,4.31846,-0.4819,-3.09614,0.57282,166.152,3.0,3924.703
3.209499613000007,0.52311,2.06097,8.61714,-0.44568,-3.38242,0.7753,-3.69354,0.97003,4.54677,-0.47342,-3.20725,0.58943,166.196,3.0,4194.87
3.2144996130000068,0.35215,2.10513,8.85897,-0.44365,-3.49744,0.8012,-3.66941,0.96074,4.77509,-0.46493,-3.31836,0.60604,166.24,3.0,4226.0
3.2194996130000066,0.18119,2.1493,9.1008,-0.44162,-3.61245,0.8271,-3.64528,0.95145,5.0034,-0.45645,-3.42947,0.62265,166.284,3.0,4226.0
3.2244996130000065,-0.21562,2.29299,9.24923,-0.39929,-3.67677,0.83449,-3.47914,0.77057,5.0446,-0.42621,-3.48534,0.63147,166.289,3.0,5326.183
3.229499613000007,-0.64181,2.44962,9.38551,-0.35171,-3.73449,0.83947,-3.29454,0.56737,5.06146,-0.39314,-3.53402,0.63927,166.289,3.0,6569.429
3.2344996130000068,-1.06799,2.60625,9.52179,-0.30414,-3.79221,0.84445,-3.23114,0.57178,5.43655,-0.36007,-3.58271,0.64708,166.328,3.886,6711.0
3.2394996130000067,-1.49417,2.76289,9.65807,-0.25657,-3.84994,0.84943,-3.18331,0.60286,5.85767,-0.32701,-3.63139,0.65489,166.372,4.885,6711.0
3.2444996130000066,-1.92036,2.91952,9.79435,-0.209,-3.90766,0.85441,-3.13548,0.63395,6.27879,-0.29394,-3.68008,0.6627,166.377,5.0,7206.252
3.249499613000007,-2.34654,3.07615,9.93062,-0.16142,-3.96538,0.85939,-3.08765,0.66504,6.69991,-0.26087,-3.72877,0.6705,166.377,5.0,7765.996
3.254499613000007,-2.39352,3.064,10.36437,-0.15226,-4.00376,0.8574,-3.03983,0.69612,7.12102,-0.2278,-3.77745,0.67831,166.455,3.668,7827.0
3.2594996130000067,-2.39411,3.0312,10.83449,-0.1478,-4.03976,0.85456,-2.992,0.72721,7.54214,-0.19473,-3.82614,0.68612,166.543,2.173,7827.0
3.2644996130000066,-2.3947,2.99839,11.30462,-0.14333,-4.07577,0.85171,-2.94417,0.75829,7.96326,-0.17546,-3.87293,0.68728,166.553,2.0,8061.905
3.269499613000007,-2.3953,2.96559,11.77474,-0.13886,-4.11177,0.84887,-2.89634,0.78938,8.38438,-0.158,-3.91947,0.68757,166.553,2.0,8327.594
3.274499613000007,-2.39589,2.93279,12.24487,-0.1344,-4.14778,0.84603,-2.93867,1.00509,8.65238,-0.14054,-3.96601,0.68787,166.592,1.558,8358.0
3.2794996130000067,-2.39648,2.89999,12.71499,-0.12993,-4.18378,0.84319,-2.99265,1.24465,8.90059,-0.12307,-4.01255,0.68816,166.636,1.058,8358.0
3.2844996130000066,-2.39708,2.86719,13.18512,-0.12547,-4.21979,0.84035,-3.04663,1.48422,9.14881,-0.10561,-4.05909,0.68845,166.68,1.0,9196.755
3.289499613000007,-2.39767,2.83439,13.65524,-0.121,-4.25579,0.8375,-3.10061,1.72378,9.39702,-0.08815,-4.10563,0.68875,166.723,1.0,10145.401
3.294499613000007,-2.59712,2.93667,13.99305,-0.11825,-4.25742,0.8128,-3.15459,1.96335,9.64523,-0.08929,-4.1183,0.65907,166.767,1.443,10254.0
3.2994996130000067,-2.82227,3.05641,14.31375,-0.11571,-4.25461,0.78528,-3.20857,2.20291,9.89344,-0.09282,-4.12659,0.62551,166.811,1.943,10254.0
3.3044996130000066,-3.04742,3.17615,14.63445,-0.11317,-4.2518,0.75775,-3.26255,2.44248,10.14165,-0.09636,-4.13488,0.59196,166.816,2.0,10547.754
3.309499613000007,-3.27257,3.29588,14.95515,-0.11064,-4.24898,0.73022,-3.31653,2.68204,10.38986,-0.0999,-4.14317,0.55841,166.816,2.0,10879.691
3.314499613000007,-3.64674,3.43756,14.97569,-0.1081,-4.24617,0.70269,-3.36629,2.77128,10.51727,-0.10344,-4.15147,0.52485,166.855,2.442,10918.0
3.3194996130000067,-4.04035,3.58209,14.95708,-0.10556,-4.24336,0.67517,-3.41551,2.8409,10.62891,-0.10698,-4.15976,0.4913,166.899,2.942,10918.0
3.3244996130000066,-4.43395,3.72663,14.93847,-0.10303,-4.24054,0.64764,-3.46473,2.91051,10.74055,-0.11052,-4.16805,0.45774,166.904,3.0,10960.441
3.3294996130000065,-4.82756,3.87117,14.91985,-0.10049,-4.23773,0.62011,-3.51394,2.98013,10.85219,-0.11406,-4.17634,0.42419,166.904,3.0,11008.433
3.334499613000007,-5.22117,4.0157,14.90124,-0.09795,-4.23492,0.59259,-3.63344,2.98399,10.96761,-0.06927,-4.11767,0.32357,166.904,3.0,11014.0
3.3394996130000068,-5.61478,4.16024,14.88263,-0.09542,-4.23211,0.56506,-3.76216,2.97922,11.08353,-0.01815,-4.05022,0.21415,166.904,3.0,11014.0
3.3444996130000066,-6.00839,4.30478,14.86401,-0.06371,-4.1732,0.47588,-3.89088,2.97445,11.19945,0.03298,-3.98277,0.10473,166.865,3.0,10677.857
3.3494996130000065,-6.402,4.44931,14.8454,-0.02821,-4.10702,0.37868,-4.0196,2.96968,11.31538,0.08411,-3.91532,-0.00469,166.821,3.0,10298.044
3.354499613000007,-6.66868,4.46707,14.86464,0.00728,-4.04083,0.28149,-4.14832,2.96491,11.4313,0.13523,-3.84787,-0.1141,166.816,3.442,10254.0
3.3594996130000068,-6.9187,4.4682,14.88885,0.04278,-3.97464,0.18429,-4.27705,2.96014,11.54722,0.18636,-3.78042,-0.22352,166.816,3.942,10254.0
3.3644996130000067,-7.16873,4.46933,14.91306,0.07827,-3.90845,0.0871,-4.37027,2.98827,11.69237,0.20236,-3.71473,-0.33675,166.816,4.0,9886.0
3.3694996130000066,-7.41876,4.47047,14.93727,0.11377,-3.84227,-0.0101,-4.45888,3.02068,11.84132,0.21378,-3.64926,-0.45048,166.816,4.0,9470.031
3.374499613000007,-7.66879,4.4716,14.96148,0.14927,-3.77608,-0.10729,-4.54748,3.0531,11.99028,0.22519,-3.5838,-0.5642,166.816,4.0,9426.0
3.379499613000007,-7.91881,4.47273,14.98569,0.18476,-3.70989,-0.20449,-4.63608,3.08551,12.13924,0.23661,-3.51834,-0.67793,166.816,4.0,9426.0
3.3844996130000067,-7.93759,4.19248,14.97428,0.20859,-3.6556,-0.2981,-4.72469,3.11792,12.2882,0.24803,-3.45287,-0.79165,166.816,4.0,9514.121
3.3894996130000066,-7.92587,3.87512,14.95818,0.23089,-3.60288,-0.39124,-4.81329,3.15034,12.43715,0.25945,-3.38741,-0.90538,166.816,4.0,9613.863
3.394499613000007,-7.91416,3.55777,14.94207,0.25318,-3.55016,-0.48437,-4.64125,3.04912,12.44964,0.27087,-3.32194,-1.01911,166.816,3.559,9625.0
3.399499613000007,-7.90244,3.24041,14.92597,0.27547,-3.49743,-0.57751,-4.43646,2.9311,12.44497,0.28229,-3.25648,-1.13283,166.816,3.063,9625.0
3.4044996130000067,-7.89073,2.92306,14.90987,0.29776,-3.44471,-0.67065,-4.23166,2.81309,12.44031,0.27503,-3.17482,-1.14225,166.855,3.0,9862.572
3.4094996130000066,-7.87901,2.6057,14.89377,0.32005,-3.39199,-0.76379,-4.02687,2.69507,12.43564,0.26504,-3.0908,-1.13641,166.9,3.0,10134.911
3.414499613000007,-7.86729,2.28835,14.87766,0.34234,-3.33927,-0.85693,-3.82207,2.57706,12.43098,0.25505,-3.00677,-1.13057,166.944,2.553,10163.0
3.419499613000007,-7.85558,1.97099,14.86156,0.36463,-3.28654,-0.95007,-3.61728,2.45904,12.42631,0.24506,-2.92275,-1.12473,166.987,2.055,10163.0
3.4244996130000067,-7.77972,1.09153,14.24636,0.35386,-3.20272,-0.93894,-3.41248,2.34103,12.42164,0.23507,-2.83872,-1.11888,167.031,2.0,11038.865
3.4294996130000066,-7.69588,0.14216,13.55665,0.33897,-3.11503,-0.91485,-3.20769,2.22301,12.41698,0.22508,-2.7547,-1.11304,167.075,2.0,12023.666
3.4344996130000065,-7.74617,0.09483,13.18001,0.32408,-3.02733,-0.89075,-2.71291,1.82354,12.31589,0.21509,-2.67067,-1.1072,167.158,2.442,12147.0
3.439499613000007,-7.81568,0.17665,12.84818,0.30919,-2.93964,-0.86666,-2.17662,1.38376,12.20099,0.2051,-2.58665,-1.10136,167.247,2.947,12147.0
3.4444996130000067,-7.88518,0.25846,12.51635,0.2943,-2.85195,-0.84256,-1.64034,0.94399,12.08609,0.19511,-2.50262,-1.09552,167.295,3.0,12445.126
3.4494996130000066,-7.95469,0.34027,12.18453,0.27941,-2.76426,-0.81847,-1.10405,0.50421,11.97119,0.18512,-2.4186,-1.08968,167.339,3.0,12778.034
3.4544996130000065,-8.02419,0.42209,11.8527,0.26452,-2.67657,-0.79437,-0.56776,0.06444,11.85629,0.20914,-2.26864,-0.93523,167.422,3.0,12817.0
3.459499613000007,-8.09369,0.5039,11.52087,0.24963,-2.58888,-0.77028,-0.03147,-0.37533,11.74139,0.23767,-2.10995,-0.76109,167.51,3.0,12817.0
3.4644996130000068,-8.1632,0.58571,11.18905,0.26527,-2.4275,-0.62269,0.20308,-0.69476,11.53751,0.26621,-1.95126,-0.58695,167.559,3.0,13647.612
3.4694996130000066,-8.2327,0.66753,10.85722,0.28461,-2.25717,-0.4601,0.40099,-0.99957,11.32282,0.29474,-1.79256,-0.41281,167.602,3.0,14579.107
3.4744996130000065,-8.36815,0.61351,10.57706,0.30395,-2.08684,-0.29751,0.59889,-1.30438,11.10814,0.32327,-1.63387,-0.23867,167.646,3.443,14686.0
3.479499613000007,-8.51216,0.54188,10.30361,0.32329,-1.91651,-0.13493,0.7968,-1.60919,10.89345,0.3518,-1.47518,-0.06453,167.69,3.943,14686.0
3.4844996130000068,-8.65616,0.47025,10.03015,0.34263,-1.74618,0.02766,0.9947,-1.914,10.67877,0.38033,-1.31649,0.10961,167.773,4.0,14914.201
3.4894996130000067,-8.80016,0.39862,9.7567,0.36198,-1.57585,0.19025,1.19261,-2.21881,10.46408,0.40886,-1.15779,0.28375,167.861,4.0,15171.938
3.4944996130000066,-8.94416,0.32699,9.48324,0.38132,-1.40552,0.35284,0.71388,-2.07346,10.60736,0.39148,-0.94679,0.44502,167.949,4.0,15202.0
3.499499613000007,-9.08816,0.25536,9.20978,0.40066,-1.23519,0.51543,0.1458,-1.86868,10.79791,0.36805,-0.72888,0.6046,168.037,4.0,15202.0
3.504499613000007,-9.51,0.11191,9.37086,0.39088,-1.08284,0.62916,-0.42228,-1.6639,10.98846,0.34462,-0.51097,0.76418,168.125,3.558,15202.0
3.5094996130000067,-9.96805,-0.04091,9.58855,0.37731,-0.93284,0.73652,-0.99035,-1.45912,11.17901,0.32118,-0.29306,0.92375,168.212,3.058,15202.0
3.5144996130000066,-10.4261,-0.19372,9.80625,0.36373,-0.78283,0.84388,-0.98928,-1.40628,11.92056,0.29775,-0.07515,1.08333,168.223,3.0,16208.376
3.519499613000007,-10.88415,-0.34654,10.02394,0.35016,-0.63283,0.95125,-0.91381,-1.3733,12.73412,0.27431,0.14276,1.2429,168.223,3.0,17346.279
3.524499613000007,-11.3422,-0.49935,10.24164,0.33659,-0.48282,1.05861,-0.83835,-1.34032,13.54768,0.25934,0.25064,1.21212,168.223,3.886,17474.0
3.5294996130000067,-11.80025,-0.65217,10.45933,0.32301,-0.33282,1.16597,-0.76288,-1.30735,14.36124,0.24543,0.3446,1.15727,168.223,4.885,17474.0
3.5344996130000066,-12.2583,-0.80499,10.67703,0.30944,-0.18282,1.27334,-0.68742,-1.27437,15.1748,0.23153,0.43856,1.10242,168.184,5.0,17474.0
3.5394996130000065,-12.71635,-0.9578,10.89472,0.29586,-0.03281,1.3807,-0.61196,-1.24139,15.98836,0.21762,0.53252,1.04758,168.139,5.0,17474.0
3.544499613000007,-11.43901,-1.18627,11.30279,0.21298,0.19891,1.19668,-0.53649,-1.20841,16.80192,0.20371,0.62649,0.99273,168.135,5.446,20420.092
3.5494996130000067,-9.9664,-1.42325,11.73228,0.1223,0.43982,0.97988,-0.46103,-1.17543,17.61548,0.18981,0.72045,0.93788,168.135,5.943,23697.685
3.5544996130000066,-8.49378,-1.66024,12.16177,0.03162,0.68073,0.76309,-0.43513,-0.73538,17.13313,0.1759,0.81441,0.88303,168.057,6.0,24770.701
3.5594996130000065,-7.02117,-1.89722,12.59127,-0.05906,0.92164,0.54629,-0.41565,-0.24253,16.48268,0.16199,0.90837,0.82818,167.969,6.0,25557.768
3.564499613000007,-5.54856,-2.1342,13.02076,-0.14974,1.16255,0.32949,-0.39617,0.25032,15.83224,0.14809,1.00233,0.77333,167.881,4.229,25648.0
3.5694996130000067,-4.07595,-2.37118,13.45025,-0.24042,1.40346,0.11269,-0.3767,0.74317,15.18179,0.13418,1.0963,0.71848,167.793,2.229,25648.0
3.5744996130000066,-2.84993,-1.97864,13.10634,-0.22013,1.48429,0.02304,-0.35722,1.23602,14.53135,0.12028,1.19026,0.66363,167.744,2.0,25851.831
3.5794996130000065,-1.65583,-1.50458,12.66228,-0.18547,1.54438,-0.05014,-0.33775,1.72887,13.8809,0.10637,1.28422,0.60878,167.7,2.0,26082.057
3.584499613000007,-0.46174,-1.03052,12.21822,-0.15081,1.60447,-0.12331,-0.31827,2.22172,13.23046,0.08685,1.3165,0.49861,167.618,2.442,26109.0
3.5894996130000068,0.73236,-0.55645,11.77416,-0.11616,1.66457,-0.19649,-0.2988,2.71457,12.58001,0.06658,1.34061,0.38111,167.53,2.943,26109.0
3.5944996130000066,1.92645,-0.08239,11.3301,-0.0815,1.72466,-0.26967,0.61721,2.3112,11.88027,0.04632,1.36472,0.26361,167.442,3.0,26215.183
3.5994996130000065,3.12055,0.39167,10.88605,-0.04684,1.78475,-0.34285,1.64956,1.79154,11.17413,0.02605,1.38882,0.14611,167.354,3.0,26335.144
3.604499613000007,3.30381,0.73744,10.74134,-0.03064,1.76753,-0.3461,2.6819,1.27187,10.46799,0.00578,1.41293,0.02861,167.305,3.0,26349.0
3.6094996130000068,3.35507,1.06645,10.63572,-0.01684,1.74022,-0.34023,3.71425,0.7522,9.76185,-0.01448,1.43704,-0.08889,167.26,3.0,26349.0
3.6144996130000067,3.40632,1.39547,10.53011,-0.00304,1.71291,-0.33435,4.7466,0.23254,9.05571,-0.03475,1.46114,-0.2064,167.256,3.0,26349.0
3.6194996130000066,3.45758,1.72448,10.42449,0.01075,1.6856,-0.32848,5.77895,-0.28713,8.34957,-0.05502,1.48525,-0.3239,167.256,3.0,26349.0
3.624499613000007,3.50884,2.05349,10.31887,0.02455,1.65828,-0.32261,4.75052,-0.25384,8.36748,-0.00313,1.48514,-0.27454,167.256,3.0,26310.519
3.629499613000007,3.5601,2.38251,10.21326,0.03835,1.63097,-0.31673,3.45367,-0.14853,8.47971,0.05816,1.48187,-0.20345,167.256,3.0,26267.026
3.6344996130000067,3.22948,2.15606,10.26638,0.05214,1.60366,-0.31086,2.15683,-0.04321,8.59194,0.11944,1.4786,-0.13236,167.217,2.558,26262.0
3.6394996130000066,2.84897,1.85705,10.34024,0.06594,1.57635,-0.30498,0.85998,0.0621,8.70416,0.18073,1.47533,-0.06127,167.173,2.058,26262.0
3.6444996130000065,2.46846,1.55804,10.4141,0.07974,1.54904,-0.29911,0.39753,0.3481,8.75108,0.17683,1.4194,-0.06915,167.168,2.0,26185.465
3.649499613000007,2.08795,1.25902,10.48795,0.09353,1.52172,-0.29324,0.04373,0.65762,8.78949,0.16444,1.35662,-0.08731,167.168,2.0,26098.965
3.6544996130000067,1.70744,0.96001,10.56181,0.10733,1.49441,-0.28736,-0.31007,0.96714,8.8279,0.15205,1.29383,-0.10548,167.168,2.89,26089.0
3.6594996130000066,1.32693,0.661,10.63567,0.12113,1.4671,-0.28149,-0.66387,1.27666,8.86632,0.13966,1.23105,-0.12364,167.168,3.897,26089.0
3.6644996130000065,0.94642,0.36198,10.70953,0.11219,1.39775,-0.25926,-1.01767,1.58618,8.90473,0.12728,1.16826,-0.14181,167.168,4.0,26148.07
3.669499613000007,0.56591,0.06297,10.78339,0.10066,1.32359,-0.23517,-1.37147,1.89571,8.94314,0.11489,1.10548,-0.15997,167.168,4.0,26213.896
3.6744996130000067,0.65945,0.4513,10.92428,0.08912,1.24943,-0.21107,-1.72527,2.20523,8.98156,0.1025,1.04269,-0.17813,167.207,4.0,26222.0
3.6794996130000066,0.81954,0.93613,11.07458,0.07759,1.17527,-0.18698,-2.07907,2.51475,9.01997,0.09012,0.9799,-0.1963,167.251,4.0,26222.0
3.6844996130000065,0.97963,1.42096,11.22488,0.06605,1.10111,-0.16288,-2.18079,2.61661,9.1566,0.0849,0.94389,-0.20987,167.334,4.0,26127.76
3.689499613000007,1.13973,1.90579,11.37518,0.05452,1.02695,-0.13879,-2.24974,2.69147,9.30599,0.08062,0.91135,-0.22285,167.422,4.0,26021.273
3.6944996130000067,1.29982,2.39061,11.52548,0.04298,0.95279,-0.11469,-2.31869,2.76634,9.45538,0.07634,0.87882,-0.23582,167.471,4.0,26009.0
3.6994996130000066,1.45991,2.87544,11.67578,0.03145,0.87864,-0.0906,-2.38765,2.84121,9.60477,0.07206,0.84628,-0.2488,167.514,4.0,26009.0
3.7044996130000065,1.46476,2.75888,11.55655,0.02833,0.81632,-0.08446,-2.4566,2.91607,9.75417,0.06778,0.81375,-0.26177,167.558,4.0,26051.478
3.709499613000007,1.44939,2.56397,11.4022,0.02631,0.75555,-0.08066,-2.52555,2.99094,9.90356,0.0635,0.78121,-0.27475,167.602,4.0,26099.49
3.7144996130000068,1.43401,2.36905,11.24785,0.02429,0.69478,-0.07686,-1.80971,2.58644,9.76873,0.05922,0.74868,-0.28772,167.646,5.77,26105.0
3.7194996130000066,1.41863,2.17413,11.0935,0.02227,0.63401,-0.07306,-0.99213,2.1198,9.59706,0.05494,0.71614,-0.3007,167.69,7.77,26105.0
3.7244996130000065,1.40326,1.97921,10.93915,0.02025,0.57323,-0.06926,-0.17455,1.65317,9.42539,0.05066,0.68361,-0.31367,167.812,8.0,26163.98
3.729499613000007,1.38788,1.78429,10.7848,0.01824,0.51246,-0.06546,0.64302,1.18653,9.25372,0.04638,0.65107,-0.32665,167.944,8.0,26230.643
3.7344996130000068,1.37251,1.58938,10.63046,0.01622,0.45169,-0.06166,1.4606,0.71989,9.08206,0.0421,0.61854,-0.33962,168.037,979.837,26238.0
3.7394996130000067,1.35713,1.39446,10.47611,0.0142,0.39092,-0.05786,2.27818,0.25325,8.91039,0.03782,0.586,-0.3526,168.125,2072.225,26238.0
3.7444996130000066,1.26417,1.18875,10.45324,0.0389,0.36322,-0.06754,2.10235,0.0362,8.98913,0.06734,0.57276,-0.35527,168.213,2198.0,26215.271
3.7494996130000064,1.16112,0.98163,10.44748,0.06709,0.33983,-0.07897,1.79727,-0.14837,9.10046,0.10127,0.56202,-0.3566,168.302,2198.0,26189.585
3.754499613000007,1.05806,0.77451,10.44173,0.09527,0.31644,-0.0904,1.49219,-0.33295,9.21179,0.1352,0.55129,-0.35793,168.428,2712.869,26187.0
3.7594996130000067,0.95501,0.56739,10.43597,0.12345,0.29305,-0.10183,1.1871,-0.51752,9.32312,0.16913,0.54055,-0.35925,168.559,3285.338,26187.0
3.7644996130000066,0.92858,0.6547,10.47243,0.15164,0.26965,-0.11326,0.88202,-0.7021,9.43445,0.20306,0.52981,-0.36058,168.652,3351.0,26184.345
3.7694996130000065,0.91207,0.78016,10.51435,0.17982,0.24626,-0.12469,0.57693,-0.88667,9.54577,0.23699,0.51908,-0.36191,168.74,3351.0,26181.346
3.774499613000007,0.89557,0.90562,10.55628,0.20801,0.22287,-0.13612,0.55664,-0.57411,9.64422,0.23406,0.51199,-0.34931,168.789,4221.242,26181.0
3.7794996130000067,0.87907,1.03108,10.59821,0.23619,0.19948,-0.14755,0.57348,-0.19674,9.74098,0.22633,0.50538,-0.33489,168.833,5204.945,26181.0
3.7844996130000066,0.86257,1.15654,10.64014,0.22755,0.20018,-0.14623,0.59031,0.18064,9.83774,0.2186,0.49878,-0.32048,168.877,5318.0,26135.901
3.7894996130000065,0.84606,1.28199,10.68206,0.21412,0.20401,-0.14327,0.60715,0.55802,9.93451,0.21087,0.49217,-0.30606,168.921,5318.0,26084.946
3.794499613000007,0.7753,1.3545,10.71274,0.2007,0.20784,-0.1403,0.62399,0.93539,10.03127,0.20314,0.48556,-0.29165,169.002,5965.776,26079.0
3.7994996130000067,0.69738,1.42001,10.74193,0.18728,0.21167,-0.13733,0.64083,1.31277,10.12804,0.19541,0.47895,-0.27723,169.089,6699.121,26079.0
3.8044996130000066,0.61946,1.48552,10.77112,0.17385,0.2155,-0.13436,0.65767,1.69015,10.2248,0.18768,0.47234,-0.26282,169.14,6806.0,26020.803
3.8094996130000065,0.54153,1.55103,10.80031,0.16043,0.21933,-0.13139,0.6745,2.06752,10.32156,0.17995,0.46573,-0.2484,169.184,6806.0,25952.676
3.814499613000007,0.46361,1.61654,10.8295,0.147,0.22316,-0.12842,0.69134,2.4449,10.41833,0.17222,0.45912,-0.23398,169.268,7358.049,25945.0
3.8194996130000067,0.38569,1.68205,10.85869,0.13358,0.22699,-0.12545,0.70818,2.82227,10.51509,0.16449,0.45252,-0.21957,169.356,7980.203,25945.0
3.8244996130000066,0.30776,1.74756,10.88788,0.12125,0.22311,-0.11801,0.6084,2.81671,10.53867,0.1496,0.44739,-0.19035,169.404,8047.0,25905.772
3.8294996130000065,0.22984,1.81307,10.91707,0.10906,0.2183,-0.11002,0.49459,2.76509,10.55346,0.13386,0.44245,-0.15935,169.448,8047.0,25861.827
3.834499613000007,0.14499,1.7921,10.89986,0.09687,0.2135,-0.10204,0.38078,2.71347,10.56824,0.11811,0.4375,-0.12835,169.532,8653.436,25857.0
3.8394996130000068,0.05928,1.76045,10.87693,0.08467,0.20869,-0.09406,0.26697,2.66185,10.58302,0.10236,0.43256,-0.09735,169.62,9334.695,25857.0
3.8444996130000066,-0.02643,1.7288,10.854,0.07248,0.20388,-0.08607,0.23335,2.48759,10.55244,0.08661,0.42761,-0.06635,169.707,9403.0,25748.135
3.8494996130000065,-0.11213,1.69715,10.83107,0.06029,0.19907,-0.07809,0.20866,2.29967,10.5168,0.07086,0.42267,-0.03535,169.795,9403.0,25627.137
3.8544996130000064,-0.19784,1.6655,10.80813,0.04809,0.19427,-0.0701,0.18398,2.11174,10.48117,0.06052,0.42066,-0.02928,169.843,9403.0,25613.0
3.8594996130000068,-0.28355,1.63385,10.7852,0.0359,0.18946,-0.06212,0.15929,1.92382,10.44553,0.0509,0.41903,-0.0265,169.887,9403.0,25613.0
3.8644996130000067,-0.28572,1.6119,10.77711,0.0308,0.18816,-0.06042,0.1346,1.73589,10.4099,0.04128,0.41741,-0.02373,169.97,9674.603,25510.1
3.8694996130000066,-0.27675,1.59125,10.77099,0.02665,0.18732,-0.05955,0.10992,1.54797,10.37426,0.03165,0.41579,-0.02095,170.058,9982.46,25393.465
3.8744996130000064,-0.26778,1.5706,10.76488,0.0225,0.18649,-0.05869,0.08377,1.56383,10.38229,0.02203,0.41416,-0.01817,170.107,10292.287,25380.0
3.879499613000007,-0.2588,1.54995,10.75876,0.01835,0.18565,-0.05783,0.05743,1.60628,10.39602,0.0124,0.41254,-0.0154,170.151,10602.371,25380.0
3.8844996130000067,-0.24983,1.52929,10.75265,0.0142,0.18482,-0.05696,0.03109,1.64874,10.40975,0.01068,0.40882,-0.01856,170.195,10638.0,25292.825
3.8894996130000066,-0.24086,1.50864,10.74654,0.01005,0.18398,-0.0561,0.00475,1.69119,10.42348,0.00997,0.40482,-0.0225,170.239,10638.0,25194.333
3.8944996130000065,-0.23188,1.48799,10.74042,0.0059,0.18315,-0.05524,-0.02159,1.73364,10.43721,0.00927,0.40083,-0.02643,170.283,10843.744,25183.0
3.899499613000007,-0.22291,1.46734,10.73431,0.00175,0.18232,-0.05438,-0.04793,1.7761,10.45095,0.00857,0.39683,-0.03037,170.327,11076.239,25183.0
3.9044996130000067,-0.21294,1.46399,10.6844,0.00389,0.18511,-0.05691,-0.07427,1.81855,10.46468,0.00786,0.39283,-0.0343,170.41,11103.0,24929.734
3.9094996130000066,-0.20285,1.46289,10.6288,0.00685,0.18838,-0.05989,-0.10061,1.86101,10.47841,0.00716,0.38884,-0.03824,170.498,11103.0,24643.523
3.9144996130000065,-0.19275,1.4618,10.5732,0.00981,0.19164,-0.06287,-0.13069,1.78038,10.44344,0.00646,0.38484,-0.04217,170.547,11276.262,24610.0
3.919499613000007,-0.18266,1.4607,10.5176,0.01278,0.19491,-0.06585,-0.16126,1.68343,10.40201,0.00575,0.38085,-0.04611,170.591,11472.51,24610.0
3.9244996130000067,-0.16224,1.47458,10.49913,0.01574,0.19817,-0.06883,-0.19182,1.58648,10.36058,0.00505,0.37685,-0.05004,170.596,11495.0,24459.053
3.9294996130000066,-0.14048,1.49041,10.48547,0.0187,0.20144,-0.07181,-0.22239,1.48953,10.31915,0.00434,0.37285,-0.05398,170.596,11495.0,24288.568
3.9344996130000065,-0.11872,1.50624,10.47182,0.02166,0.2047,-0.07478,-0.25296,1.39258,10.27773,0.00364,0.36886,-0.05791,170.635,12069.796,24269.0
3.939499613000007,-0.09696,1.52206,10.45816,0.02462,0.20797,-0.07776,-0.28353,1.29563,10.2363,0.00294,0.36486,-0.06185,170.679,12719.119,24269.0
3.9444996130000067,-0.07521,1.53789,10.4445,0.02395,0.21666,-0.08304,-0.228,1.37613,10.26685,0.00055,0.35938,-0.07226,170.684,12794.0,24163.178
3.9494996130000066,-0.05345,1.55371,10.43084,0.0228,0.22605,-0.08861,-0.16123,1.47977,10.30678,-0.00206,0.35371,-0.08353,170.684,12794.0,24043.561
3.9544996130000065,-0.04711,1.56352,10.43469,0.02165,0.23544,-0.09418,-0.09447,1.58341,10.34672,-0.00467,0.34803,-0.09479,170.684,13133.186,24031.0
3.9594996130000064,-0.04258,1.57263,10.44058,0.0205,0.24483,-0.09976,-0.02771,1.68704,10.38665,-0.00729,0.34236,-0.10605,170.684,13512.17,24031.0
3.9644996130000068,-0.03805,1.58173,10.44647,0.01936,0.25422,-0.10533,-0.03319,1.69728,10.38764,-0.0099,0.33669,-0.11731,170.684,13556.0,23938.112
3.9694996130000066,-0.03352,1.59084,10.45237,0.01821,0.26361,-0.1109,-0.04812,1.6953,10.38352,-0.01251,0.33101,-0.12858,170.684,13556.0,23833.076
3.9744996130000065,-0.02898,1.59994,10.45826,0.01706,0.273,-0.11648,-0.06305,1.69333,10.37941,-0.0136,0.32827,-0.13254,170.684,7523.307,23821.0
3.9794996130000064,-0.02445,1.60905,10.46416,0.01591,0.28239,-0.12205,-0.07798,1.69135,10.3753,-0.01449,0.32591,-0.13556,170.684,706.943,23821.0
3.9844996130000068,-0.01992,1.61815,10.47005,0.01439,0.28071,-0.12255,-0.09291,1.68938,10.37119,-0.01538,0.32355,-0.13857,170.723,0.0,23738.121
3.9894996130000067,-0.01539,1.62726,10.47594,0.01283,0.27775,-0.12245,-0.10784,1.6874,10.36708,-0.01627,0.32118,-0.14159,170.766,0.0,23645.653
3.9944996130000066,-0.02797,1.60189,10.46697,0.01126,0.27479,-0.12236,-0.12277,1.68543,10.36297,-0.01716,0.31882,-0.14461,170.771,6343.81,23635.0
3.9994996130000064,-0.04277,1.57203,10.45607,0.00969,0.27183,-0.12227,-0.1377,1.68345,10.35886,-0.01805,0.31646,-0.14762,170.771,13513.602,23635.0
4.004499613000006,-0.05758,1.54217,10.44516,0.00813,0.26887,-0.12218,-0.13098,1.6305,10.35409,-0.02054,0.32219,-0.15252,170.771,14339.0,23541.669
4.009499613000006,-0.07238,1.51231,10.43426,0.00656,0.2659,-0.12209,-0.12144,1.57091,10.34924,-0.02324,0.32897,-0.15767,170.771,14339.0,23436.196
4.014499613000007,-0.08719,1.48246,10.42335,0.005,0.26294,-0.122,-0.1119,1.51133,10.34438,-0.02594,0.33576,-0.16281,170.81,14482.299,23424.0
4.019499613000007,-0.102,1.4526,10.41245,0.00343,0.25998,-0.12191,-0.10235,1.45175,10.33953,-0.02864,0.34254,-0.16796,170.854,14644.335,23424.0
4.024499613000007,-0.09062,1.45959,10.42927,-0.00038,0.26593,-0.12629,0.0588,1.49164,10.40013,-0.03134,0.34932,-0.1731,170.898,14663.0,23457.139
4.029499613000007,-0.07583,1.47138,10.44971,-0.00447,0.27304,-0.13126,0.23969,1.54448,10.46925,-0.03404,0.3561,-0.17825,170.942,14663.0,23494.592
4.034499613000007,-0.06105,1.48317,10.47014,-0.00857,0.28015,-0.13623,0.42058,1.59733,10.53837,-0.03674,0.36288,-0.18339,170.947,14727.48,23499.0
4.0394996130000065,-0.04626,1.49495,10.49057,-0.01267,0.28726,-0.1412,0.60147,1.65017,10.6075,-0.03944,0.36967,-0.18854,170.947,14800.559,23499.0
4.044499613000006,-0.03148,1.50674,10.51101,-0.01676,0.29437,-0.14617,0.78236,1.70301,10.67662,-0.04214,0.37645,-0.19368,170.986,14809.0,23474.237
4.049499613000006,-0.01669,1.51853,10.53144,-0.02086,0.30148,-0.15114,0.96325,1.75586,10.74574,-0.04484,0.38323,-0.19883,171.03,14809.0,23446.241
4.054499613000007,-0.00191,1.53032,10.55187,-0.02496,0.30859,-0.1561,0.96891,1.70994,10.74173,-0.04357,0.39895,-0.19869,171.035,14988.22,23443.0
4.059499613000007,0.01288,1.54211,10.57231,-0.02906,0.3157,-0.16107,0.95164,1.6511,10.72814,-0.04177,0.41585,-0.19786,171.035,15190.905,23443.0
4.064499613000007,0.01185,1.54402,10.58294,-0.02786,0.33189,-0.16342,0.93437,1.59226,10.71455,-0.03997,0.43275,-0.19703,171.074,15217.0,23382.491
4.069499613000007,0.00848,1.54447,10.59213,-0.02587,0.34942,-0.16538,0.9171,1.53342,10.70097,-0.03817,0.44964,-0.19621,171.118,15217.0,23313.041
4.074499613000007,0.00511,1.54492,10.60132,-0.02389,0.36695,-0.16733,0.89982,1.47458,10.68738,-0.03637,0.46654,-0.19538,171.123,15374.832,23305.0
4.0794996130000065,0.00174,1.54537,10.61051,-0.02191,0.38448,-0.16929,0.88255,1.41574,10.67379,-0.03458,0.48344,-0.19455,171.123,15553.333,23305.0
4.084499613000006,-0.03488,1.50575,10.5947,-0.01993,0.40202,-0.17125,0.86528,1.3569,10.66021,-0.03278,0.50033,-0.19372,171.162,15574.0,23330.203
4.089499613000006,-0.07586,1.46088,10.57562,-0.01794,0.41955,-0.17321,0.848,1.29806,10.64662,-0.03098,0.51723,-0.1929,171.206,15574.0,23358.706
4.094499613000006,-0.11683,1.41601,10.55654,-0.01596,0.43708,-0.17516,0.83073,1.23922,10.63303,-0.02918,0.53412,-0.19207,171.25,15712.903,23362.0
4.099499613000007,-0.15781,1.37114,10.53746,-0.01398,0.45461,-0.17712,0.81346,1.18037,10.61945,-0.02739,0.55102,-0.19124,171.294,15869.955,23362.0
4.104499613000007,-0.19879,1.32627,10.51837,-0.00734,0.4663,-0.17409,0.68988,1.11573,10.60638,-0.02453,0.56464,-0.18762,171.299,15888.0,23336.621
4.109499613000007,-0.23977,1.2814,10.49929,-0.0001,0.47723,-0.17041,0.55251,1.05034,10.59339,-0.02154,0.57784,-0.18365,171.299,15888.0,23307.948
4.114499613000007,-0.26255,1.29252,10.50327,0.00714,0.48816,-0.16673,0.41514,0.98494,10.58039,-0.01854,0.59104,-0.17967,171.338,15871.058,23305.0
4.1194996130000066,-0.28325,1.31005,10.50989,0.01439,0.49909,-0.16305,0.27777,0.91954,10.56739,-0.01555,0.60424,-0.17569,171.382,15852.174,23305.0
4.1244996130000064,-0.30395,1.32757,10.51652,0.02163,0.51002,-0.15937,0.27419,0.9773,10.60171,-0.01256,0.61744,-0.17171,171.426,15850.0,23305.0
4.129499613000006,-0.32466,1.3451,10.52314,0.02887,0.52094,-0.15569,0.28802,1.05109,10.64218,-0.00957,0.63064,-0.16773,171.47,15850.0,23305.0
4.134499613000006,-0.34536,1.36263,10.52976,0.03611,0.53187,-0.15201,0.30185,1.12487,10.68266,-0.00657,0.64384,-0.16375,171.475,16040.527,23276.708
4.139499613000007,-0.36606,1.38016,10.53639,0.04335,0.5428,-0.14833,0.31568,1.19866,10.72313,-0.00358,0.65704,-0.15977,171.475,16255.703,23244.756
4.144499613000007,-0.38676,1.39769,10.54301,0.04237,0.56033,-0.14262,0.32952,1.27244,10.7636,-0.00802,0.69334,-0.13935,171.552,16281.0,23117.004
4.149499613000007,-0.40746,1.41522,10.54963,0.0403,0.57873,-0.13665,0.34335,1.34623,10.80408,-0.01344,0.73272,-0.11674,171.64,16281.0,22976.489
4.154499613000007,-0.49535,1.45697,10.55207,0.03822,0.59714,-0.13067,0.35753,1.38777,10.79259,-0.01887,0.7721,-0.09413,171.689,16460.903,22960.0
4.159499613000007,-0.59216,1.50195,10.55396,0.03615,0.61554,-0.1247,0.37175,1.42502,10.7742,-0.0243,0.81147,-0.07152,171.733,16664.722,22960.0
4.1644996130000065,-0.68898,1.54693,10.55584,0.03408,0.63395,-0.11872,0.38598,1.46227,10.7558,-0.02692,0.83417,-0.06116,133.087,16688.0,22795.862
4.169499613000006,-0.78579,1.59191,10.55773,0.032,0.65235,-0.11275,0.4002,1.49952,10.73741,-0.02917,0.85471,-0.05237,89.452,16688.0,22610.561
4.174499613000006,-0.79916,1.59411,10.54334,0.02674,0.66783,-0.10682,0.41443,1.53678,10.71901,-0.03143,0.87525,-0.04359,84.452,19281.037,22589.0
4.179499613000006,-0.80154,1.59068,10.52681,0.02105,0.68291,-0.1009,0.42866,1.57403,10.70062,-0.03369,0.89579,-0.03481,84.54,22215.514,22589.0
4.184499613000007,-0.80392,1.58725,10.51028,0.01536,0.698,-0.09497,0.44288,1.61128,10.68222,-0.03594,0.91633,-0.02602,84.628,22589.0,22394.929
4.189499613000007,-0.8063,1.58382,10.49374,0.00968,0.71308,-0.08905,0.45711,1.64854,10.66383,-0.0382,0.93687,-0.01724,84.716,22589.0,22172.555
4.194499613000007,-0.80868,1.58039,10.47721,0.00399,0.72817,-0.08313,0.41096,1.64337,10.65828,-0.04046,0.95741,-0.00845,84.765,20448.124,22147.0
4.199499613000007,-0.81106,1.57697,10.46068,-0.00169,0.74325,-0.0772,0.35698,1.6327,10.65441,-0.04272,0.97795,0.00033,84.808,18029.279,22147.0
4.2044996130000065,-0.81344,1.57354,10.44415,-0.00738,0.75834,-0.07128,0.303,1.62202,10.65053,-0.04497,0.99849,0.00911,84.891,17695.0,21814.357
4.209499613000006,-0.81582,1.57011,10.42762,-0.01306,0.77342,-0.06536,0.24902,1.61135,10.64665,-0.04723,1.01903,0.0179,84.98,17695.0,21428.373
4.214499613000006,-0.8182,1.56668,10.41109,-0.01875,0.78851,-0.05943,0.19504,1.60067,10.64278,-0.04949,1.03957,0.02668,85.029,17955.512,21384.0
4.219499613000006,-0.82058,1.56325,10.39456,-0.02443,0.80359,-0.05351,0.14105,1.59,10.6389,-0.05175,1.06011,0.03547,85.073,18249.862,21384.0
4.224499613000007,-0.86265,1.56352,10.40671,-0.03668,0.8468,-0.05788,-0.00176,1.63341,10.67521,-0.06,1.10113,0.03389,85.117,18284.0,20885.028
4.229499613000007,-0.90992,1.56427,10.42262,-0.04978,0.8937,-0.06359,-0.15623,1.68392,10.7168,-0.06905,1.14483,0.03095,85.161,18284.0,20320.594
4.234499613000007,-0.95719,1.56503,10.43854,-0.06288,0.94059,-0.0693,-0.3107,1.73443,10.75839,-0.07809,1.18853,0.02802,85.205,18410.421,20255.0
4.239499613000007,-1.00446,1.56578,10.45445,-0.07598,0.98749,-0.07502,-0.46517,1.78494,10.79997,-0.08714,1.23224,0.02508,85.249,18553.466,20255.0
4.2444996130000066,-1.05173,1.56654,10.47037,-0.08909,1.03438,-0.08073,-0.61431,1.86633,10.97746,-0.09133,1.24131,0.01219,85.254,18568.0,19524.387
4.2494996130000064,-1.099,1.5673,10.48628,-0.10219,1.08128,-0.08644,-0.76285,1.9512,11.17033,-0.09498,1.24646,-0.00182,85.254,18568.0,18711.143
4.254499613000006,-1.15697,1.66718,10.74235,-0.10503,1.11042,-0.09751,-0.91139,2.03608,11.36319,-0.09863,1.25162,-0.01583,85.293,18721.546,18611.0
4.259499613000006,-1.21644,1.78098,11.03213,-0.10643,1.13707,-0.10933,-1.05993,2.12096,11.55605,-0.10227,1.25678,-0.02984,85.337,18896.655,18611.0
4.264499613000007,-1.27591,1.89478,11.32192,-0.10782,1.16372,-0.12115,-1.20847,2.20584,11.74892,-0.10592,1.26193,-0.04385,85.303,18917.0,18025.591
4.269499613000007,-1.33537,2.00858,11.61171,-0.10922,1.19036,-0.13297,-1.35701,2.29072,11.94178,-0.10956,1.26709,-0.05787,85.259,18917.0,17363.224
4.274499613000007,-1.26626,2.02037,11.68586,-0.11062,1.21701,-0.1448,-1.22285,2.20059,11.94935,-0.11321,1.27225,-0.07188,85.254,18993.509,17287.0
4.279499613000007,-1.18042,2.01889,11.73197,-0.11202,1.24366,-0.15662,-1.05193,2.08769,11.93282,-0.11686,1.2774,-0.08589,85.254,19079.967,17287.0
4.284499613000007,-1.09459,2.0174,11.77808,-0.11341,1.27031,-0.16844,-0.88102,1.9748,11.91629,-0.1205,1.28256,-0.0999,85.254,19090.0,16702.084
4.2894996130000065,-1.00875,2.01592,11.82419,-0.11481,1.29695,-0.18026,-0.7101,1.86191,11.89976,-0.12415,1.28771,-0.11391,85.254,19090.0,16040.383
4.294499613000006,-0.92292,2.01444,11.8703,-0.11621,1.3236,-0.19208,-0.53918,1.74901,11.88324,-0.12779,1.29287,-0.12792,85.215,19525.52,15964.0
4.299499613000006,-0.83708,2.01296,11.91641,-0.11761,1.35025,-0.2039,-0.36826,1.63612,11.86671,-0.13144,1.29803,-0.14194,85.171,20017.874,15964.0
4.304499613000006,-0.81358,1.92922,11.93542,-0.11095,1.38925,-0.18681,-0.19734,1.52323,11.85018,-0.11591,1.35127,-0.09612,85.166,20075.0,15109.976
4.309499613000007,-0.79826,1.83469,11.95087,-0.10324,1.42987,-0.16593,-0.02642,1.41033,11.83365,-0.09786,1.41083,-0.04245,85.166,20075.0,14143.858
4.314499613000007,-0.78293,1.74015,11.96633,-0.09552,1.47049,-0.14504,0.08548,1.31852,11.83912,-0.07982,1.47039,0.01122,85.127,20587.456,14030.0
4.319499613000007,-0.76761,1.64562,11.98178,-0.08781,1.51111,-0.12416,0.18951,1.22951,11.84754,-0.06177,1.52995,0.06489,85.083,21168.374,14030.0
4.324499613000007,-0.75229,1.55108,11.99724,-0.0801,1.55173,-0.10328,0.29353,1.14051,11.85595,-0.05888,1.55305,0.07942,85.039,21235.0,13570.718
4.3294996130000065,-0.73697,1.45655,12.01269,-0.07238,1.59235,-0.08239,0.39755,1.05151,11.86436,-0.05795,1.57142,0.08887,84.995,21235.0,13051.936
4.334499613000006,-0.72165,1.36201,12.02815,-0.06467,1.63297,-0.06151,0.50157,0.96251,11.87278,-0.05702,1.5898,0.09833,84.912,21588.502,12992.0
4.339499613000006,-0.70633,1.26748,12.0436,-0.05696,1.67359,-0.04063,0.6056,0.87351,11.88119,-0.0561,1.60818,0.10778,84.825,21988.18,12992.0
4.344499613000006,-0.75448,1.30994,12.12027,-0.05802,1.72927,-0.03592,0.70962,0.78451,11.88961,-0.05517,1.62655,0.11723,84.776,22034.0,11808.803
4.349499613000007,-0.81086,1.37014,12.20487,-0.06022,1.7869,-0.03331,0.81364,0.69551,11.89802,-0.05424,1.64493,0.12669,84.732,22034.0,10472.395
4.354499613000007,-0.86723,1.43034,12.28947,-0.06242,1.84454,-0.03069,0.66991,0.85067,11.92909,-0.05331,1.66331,0.13614,84.688,22449.335,10315.0
4.359499613000007,-0.9236,1.49054,12.37406,-0.06462,1.90217,-0.02808,0.49311,1.03843,11.96319,-0.05239,1.68168,0.14559,84.644,22920.117,10315.0
4.364499613000007,-0.97998,1.55074,12.45866,-0.06682,1.9598,-0.02547,0.3163,1.22619,11.99729,-0.05146,1.70006,0.15505,84.522,22974.0,9026.655
4.3694996130000066,-1.03635,1.61094,12.54326,-0.06902,2.01744,-0.02286,0.1395,1.41395,12.03139,-0.05053,1.71844,0.1645,84.391,22974.0,7571.794
4.3744996130000064,-1.168,1.71014,12.56174,-0.05936,2.0788,-0.05531,-0.03731,1.60171,12.06549,-0.0496,1.73681,0.17395,84.297,23139.556,7399.0
4.379499613000006,-1.3098,1.8146,12.57131,-0.04809,2.14066,-0.0925,-0.21411,1.78947,12.09959,-0.04868,1.75519,0.18341,84.209,23327.426,7399.0
4.384499613000006,-1.4516,1.91907,12.58088,-0.03683,2.20252,-0.12968,-0.29666,1.85123,11.98895,-0.02564,1.83256,0.11792,84.121,23349.0,7399.0
4.389499613000006,-1.5934,2.02353,12.59045,-0.02557,2.26438,-0.16686,-0.36698,1.89664,11.85953,0.00026,1.91759,0.0427,84.034,23349.0,7399.0
4.394499613000007,-1.7352,2.12799,12.60003,-0.0143,2.32624,-0.20405,-0.4373,1.94205,11.73012,0.02617,2.00262,-0.03251,83.907,23349.0,5895.62
4.399499613000007,-1.877,2.23245,12.6096,-0.00304,2.3881,-0.24123,-0.50762,1.98746,11.6007,0.05207,2.08765,-0.10772,83.775,23349.0,4196.964
4.404499613000007,-2.0188,2.33691,12.61917,0.00822,2.44996,-0.27841,-0.24603,1.73742,11.39766,0.07921,2.15482,-0.11455,83.682,23665.591,4000.0
4.409499613000007,-2.16059,2.44138,12.62874,0.01949,2.51182,-0.3156,0.05911,1.44862,11.18495,0.10651,2.21964,-0.11241,83.594,24023.706,4000.0
4.4144996130000065,-2.24049,2.36195,12.53825,0.03673,2.57044,-0.31582,0.36424,1.15982,10.97224,0.13382,2.28446,-0.11026,83.506,24065.0,3406.414
4.419499613000006,-2.31232,2.25855,12.43472,0.05476,2.62864,-0.31124,0.66937,0.87102,10.75954,0.16112,2.34928,-0.10812,83.418,24065.0,2735.462
4.424499613000006,-2.38415,2.15515,12.33119,0.07278,2.68684,-0.30665,0.9745,0.58222,10.54683,0.18842,2.41411,-0.10597,83.33,24218.532,2658.0
4.429499613000006,-2.45598,2.05175,12.22766,0.09081,2.74504,-0.30206,1.27963,0.29342,10.33413,0.21572,2.47893,-0.10383,83.243,24392.102,2658.0
4.434499613000007,-2.5354,1.9118,12.40054,0.10883,2.80324,-0.29747,1.21958,0.1585,10.40759,0.24302,2.54375,-0.10169,83.194,24412.0,1767.855
4.439499613000007,-2.61579,1.76713,12.6092,0.12686,2.86145,-0.29288,1.11223,0.04351,10.51811,0.27032,2.60857,-0.09954,83.15,24412.0,762.45
4.444499613000007,-2.69618,1.62246,12.81787,0.14489,2.91965,-0.2883,1.00489,-0.07149,10.62863,0.29762,2.67339,-0.0974,82.989,24413.33,643.0
4.449499613000007,-2.77658,1.47778,13.02654,0.16291,2.97785,-0.28371,0.89755,-0.18648,10.73914,0.32492,2.73822,-0.09525,82.812,24414.84,643.0
4.4544996130000065,-2.85697,1.33311,13.2352,0.18094,3.03605,-0.27912,0.79021,-0.30148,10.84966,0.33956,2.78971,-0.05344,82.715,24415.0,759.496
4.459499613000006,-2.93737,1.18843,13.44387,0.19896,3.09425,-0.27453,0.68286,-0.41647,10.96018,0.3527,2.83964,-0.00694,82.627,24415.0,889.773
4.464499613000006,-3.01776,1.04376,13.65253,0.22139,3.15425,-0.2465,0.57552,-0.53147,11.0707,0.36584,2.88956,0.03956,82.461,24048.517,905.0
4.469499613000006,-3.09816,0.89909,13.8612,0.24439,3.21448,-0.21538,0.46818,-0.64646,11.18122,0.37897,2.93948,0.08606,82.283,23633.532,905.0
4.474499613000007,-3.26145,0.92487,14.06578,0.2674,3.27472,-0.18425,-0.28245,-0.2132,11.34748,0.39211,2.98941,0.13257,82.187,23592.0,905.0
4.479499613000007,-3.43397,0.96961,14.26991,0.2904,3.33495,-0.15312,-1.10462,0.28104,11.51994,0.40525,3.03933,0.17907,82.1,23592.0,905.0
4.484499613000007,-3.60649,1.01435,14.47404,0.31341,3.39519,-0.12199,-1.92679,0.77527,11.6924,0.41839,3.08925,0.22557,81.857,23592.0,786.139
4.489499613000007,-3.77901,1.05909,14.67817,0.33641,3.45542,-0.09086,-2.74896,1.2695,11.86486,0.43152,3.13917,0.27208,81.593,23592.0,651.535
4.4944996130000066,-3.95153,1.10383,14.8823,0.35942,3.51566,-0.05973,-3.07507,1.49258,11.80628,0.40578,3.1169,0.24754,81.407,21876.466,636.0
4.4994996130000064,-4.12405,1.14857,15.08643,0.38242,3.57589,-0.0286,-3.33646,1.68029,11.71756,0.37496,3.0852,0.21374,81.231,19937.107,636.0
4.504499613000006,-4.29656,1.19331,15.29056,0.40543,3.63613,0.00253,-3.59784,1.86799,11.62883,0.34414,3.0535,0.17993,81.133,19712.0,499.453
4.509499613000006,-4.46908,1.23806,15.49469,0.42844,3.69637,0.03366,-3.85923,2.05569,11.54011,0.31332,3.0218,0.14613,81.044,19712.0,344.975
4.514499613000006,-3.96333,1.04008,15.36207,0.3657,3.63229,0.00668,-4.12062,2.2434,11.45139,0.28251,2.99011,0.11233,80.878,17095.959,329.0
4.519499613000007,-3.37935,0.81412,15.1906,0.29307,3.55388,-0.027,-4.382,2.4311,11.36267,0.25169,2.95841,0.07852,80.704,14178.175,329.0
4.524499613000007,-2.79537,0.58815,15.01914,0.22044,3.47547,-0.06068,-4.64339,2.61881,11.27394,0.22087,2.92671,0.04472,80.489,13843.0,279.878
4.529499613000007,-2.21138,0.36219,14.84768,0.14782,3.39706,-0.09436,-4.90478,2.80651,11.18522,0.19005,2.89501,0.01092,80.269,13843.0,224.381
4.534499613000007,-1.80652,0.38962,14.38886,0.11243,3.34314,-0.09728,-5.16616,2.99421,11.0965,0.15923,2.86332,-0.02289,80.05,8895.02,218.0
4.5394996130000065,-1.42493,0.44997,13.89272,0.08189,3.29239,-0.0962,-5.42755,3.18192,11.00778,0.12841,2.83162,-0.05669,79.83,3304.224,218.0
4.544499613000006,-1.04335,0.51032,13.39657,0.05134,3.24165,-0.09512,-5.07654,3.14064,10.35228,0.08632,2.70029,-0.05408,79.65,2658.0,218.0
4.549499613000006,-0.66176,0.57067,12.90042,0.0208,3.19091,-0.09405,-4.64549,3.06943,9.62271,0.04274,2.55594,-0.04672,79.474,2658.0,218.0
4.554499613000006,-0.28017,0.63102,12.40428,-0.00975,3.14016,-0.09297,-4.21444,2.99823,8.89313,-0.00083,2.4116,-0.03935,79.259,2658.0,199.931
4.559499613000007,0.10142,0.69137,11.90813,-0.04029,3.08942,-0.09189,-3.78339,2.92702,8.16356,-0.0444,2.26725,-0.03198,79.039,2658.0,179.362
4.564499613000007,0.48301,0.75172,11.41199,-0.07084,3.03868,-0.09081,-3.35234,2.85582,7.43399,-0.08797,2.1229,-0.02461,78.975,1500.06,177.0
4.569499613000007,0.8646,0.81207,10.91584,-0.10138,2.98793,-0.08973,-2.9213,2.78461,6.70442,-0.13155,1.97855,-0.01725,78.931,191.907,177.0
4.574499613000007,1.24618,0.87243,10.41969,-0.13193,2.93719,-0.08866,-4.00625,2.96737,5.69675,-0.22219,1.62748,-0.15959,78.887,42.0,167.262
4.5794996130000065,1.62777,0.93278,9.92355,-0.16247,2.88644,-0.08758,-5.2874,3.18299,4.6531,-0.31892,1.24965,-0.3213,78.843,42.0,156.263
4.584499613000006,3.72222,0.333,8.73086,-0.19482,2.52261,-0.13509,-6.56856,3.3986,3.60944,-0.41565,0.87182,-0.48302,78.799,56.164,155.0
4.589499613000006,6.03881,-0.35239,7.44783,-0.2274,2.11818,-0.1889,-7.84972,3.61422,2.56578,-0.51238,0.494,-0.64473,78.755,72.164,155.0
4.594499613000006,6.26335,-0.41852,7.12227,-0.25997,1.71375,-0.24272,-7.73561,3.51353,2.52523,-0.60911,0.11617,-0.80645,78.711,74.0,224.445
4.599499613000006,6.21669,-0.40438,6.92082,-0.29255,1.30931,-0.29653,-7.44064,3.37184,2.61471,-0.70584,-0.26166,-0.96816,78.667,74.0,302.893
4.604499613000007,6.17004,-0.39024,6.71937,-0.32513,0.90488,-0.35034,-7.14567,3.23014,2.70418,-0.72846,-0.39212,-0.94064,78.662,91.231,312.0
4.609499613000007,6.12339,-0.37609,6.51792,-0.35771,0.50045,-0.40416,-6.8507,3.08845,2.79366,-0.74135,-0.49009,-0.88826,78.662,110.726,312.0
4.614499613000007,6.07673,-0.36195,6.31647,-0.39029,0.09602,-0.45797,-6.55573,2.94675,2.88313,-0.75423,-0.58805,-0.83588,78.701,113.0,344.268
4.6194996130000066,6.03008,-0.34781,6.11502,-0.42287,-0.30842,-0.51178,-6.26076,2.80506,2.97261,-0.76711,-0.68602,-0.7835,78.745,113.0,380.798
4.6244996130000064,5.98343,-0.33367,5.91357,-0.4525,-0.45215,-0.4993,-5.96579,2.66336,3.06209,-0.78,-0.78399,-0.73112,78.789,64.44,385.0
4.629499613000006,5.93678,-0.31952,5.71212,-0.48175,-0.562,-0.47819,-5.67082,2.52167,3.15156,-0.79288,-0.88195,-0.67874,78.833,9.567,385.0
4.634499613000006,5.62227,-0.14398,5.54379,-0.51099,-0.67184,-0.45709,-4.57232,2.21468,2.95535,-0.80576,-0.97992,-0.62636,78.838,3.0,853.347
4.639499613000006,5.27135,0.05351,5.37996,-0.54024,-0.78169,-0.43598,-3.36459,1.88522,2.72029,-0.81865,-1.07788,-0.57398,78.838,3.0,1385.37
4.644499613000007,4.92043,0.251,5.21614,-0.56949,-0.89153,-0.41488,-2.15685,1.55575,2.48523,-0.83153,-1.17585,-0.5216,78.838,2.558,1447.0
4.649499613000007,4.5695,0.44849,5.05232,-0.59873,-1.00138,-0.39377,-0.94911,1.22629,2.25017,-0.84441,-1.27382,-0.46921,78.838,2.058,1447.0
4.654499613000007,4.21858,0.64597,4.88849,-0.62798,-1.11122,-0.37267,-0.96169,1.08638,2.24347,-0.82249,-1.39481,-0.40543,78.877,2.0,1447.0
4.659499613000007,3.86766,0.84346,4.72467,-0.65723,-1.22107,-0.35156,-1.13326,0.97116,2.26651,-0.79604,-1.51881,-0.34016,78.921,2.0,1447.0
4.6644996130000065,3.51673,1.04095,4.56084,-0.68648,-1.33091,-0.33046,-1.30482,0.85593,2.28955,-0.76959,-1.64281,-0.2749,78.926,2.0,1714.845
4.669499613000006,3.16581,1.23844,4.39702,-0.71572,-1.44076,-0.30935,-1.47639,0.74071,2.31259,-0.74313,-1.76681,-0.20963,78.926,2.0,2017.738
4.674499613000006,3.1803,1.4233,4.54396,-0.69907,-1.67039,-0.20519,-1.64795,0.62549,2.33563,-0.71668,-1.8908,-0.14436,78.965,2.442,2053.0
4.679499613000006,3.24293,1.6065,4.73183,-0.67637,-1.91581,-0.09009,-1.81952,0.51027,2.35867,-0.69023,-2.0148,-0.07909,79.009,2.942,2053.0
4.684499613000007,3.30557,1.78969,4.91971,-0.65367,-2.16123,0.02501,-1.99108,0.39505,2.38171,-0.66377,-2.1388,-0.01382,79.053,3.0,2717.573
4.689499613000007,3.3682,1.97289,5.10759,-0.63097,-2.40665,0.14012,-2.16264,0.27982,2.40475,-0.63732,-2.2628,0.05145,79.096,3.0,3468.849
4.694499613000007,3.37393,2.03618,5.24885,-0.59417,-2.56454,0.24812,-2.37843,0.22975,2.37472,-0.61504,-2.37843,0.1167,79.14,2.558,3556.0
4.699499613000007,3.37219,2.08374,5.38399,-0.55552,-2.71095,0.3552,-2.60001,0.18822,2.33772,-0.5933,-2.49297,0.18195,79.184,2.057,3556.0
4.7044996130000065,3.37045,2.1313,5.51914,-0.51687,-2.85735,0.46227,-2.8216,0.1467,2.30073,-0.57156,-2.60751,0.24721,79.228,2.0,5338.774
4.709499613000006,3.36871,2.17886,5.65428,-0.47822,-3.00376,0.56935,-3.04318,0.10517,2.26373,-0.54982,-2.72205,0.31246,79.272,2.0,7352.744
4.714499613000006,3.36697,2.22642,5.78942,-0.43957,-3.15016,0.67642,-2.92877,0.08538,2.39483,-0.52808,-2.83659,0.37772,79.316,2.442,7585.0
4.719499613000006,3.36524,2.27398,5.92456,-0.40092,-3.29657,0.78349,-2.77056,0.06843,2.54784,-0.50634,-2.95113,0.44297,79.36,2.941,7585.0
4.724499613000006,3.3635,2.32154,6.05971,-0.36226,-3.44298,0.89057,-2.61235,0.05147,2.70085,-0.4846,-3.06567,0.50822,79.365,3.0,7807.244
4.729499613000007,3.36176,2.3691,6.19485,-0.32361,-3.58938,0.99764,-2.45414,0.03451,2.85385,-0.46286,-3.18021,0.57348,79.365,3.0,8059.018
4.734499613000007,2.74512,2.44248,6.53273,-0.30073,-3.66098,0.99018,-2.29593,0.01755,3.00686,-0.44112,-3.29475,0.63873,79.404,3.445,8086.0
4.739499613000007,2.05467,2.51897,6.89494,-0.27974,-3.7236,0.96897,-2.13772,0.0006,3.15987,-0.41938,-3.40929,0.70398,79.448,3.943,8086.0
4.7444996130000066,1.36422,2.59546,7.25716,-0.25876,-3.78621,0.94776,-1.97951,-0.01636,3.31288,-0.35245,-3.54803,0.72539,79.492,4.0,8719.402
4.7494996130000064,0.67378,2.67195,7.61937,-0.23777,-3.84883,0.92655,-1.8213,-0.03332,3.46589,-0.27963,-3.68994,0.74107,79.536,4.0,9435.447
4.754499613000006,0.47194,2.66782,7.94458,-0.21678,-3.91145,0.90534,-2.08673,0.06982,3.62553,-0.20681,-3.83184,0.75676,79.541,4.0,9524.0
4.759499613000006,0.33905,2.65231,8.26457,-0.19579,-3.97407,0.88413,-2.41195,0.18991,3.78612,-0.13399,-3.97374,0.77244,79.541,4.0,9524.0
4.764499613000006,0.20617,2.63681,8.58455,-0.17481,-4.03668,0.86292,-2.73716,0.30999,3.9467,-0.1166,-4.0472,0.73563,79.58,3.117,9524.0
4.769499613000007,0.07328,2.62131,8.90454,-0.15382,-4.0993,0.84171,-3.06238,0.43008,4.10729,-0.10649,-4.11168,0.69192,79.624,2.119,9524.0
4.774499613000007,-0.05961,2.6058,9.22453,-0.13978,-4.16772,0.81016,-3.3876,0.55016,4.26787,-0.09638,-4.17616,0.64822,79.668,2.0,10034.346
4.779499613000007,-0.19249,2.5903,9.54452,-0.12667,-4.23692,0.77722,-3.71282,0.67025,4.42846,-0.08627,-4.24064,0.60452,79.712,2.0,10613.437
4.784499613000007,-0.32538,2.57479,9.8645,-0.11357,-4.30612,0.74427,-4.03804,0.79033,4.58904,-0.07616,-4.30512,0.56081,79.717,3.327,10680.0
4.7894996130000065,-0.45826,2.55929,10.18449,-0.10046,-4.37531,0.71133,-4.36325,0.91042,4.74963,-0.06605,-4.36961,0.51711,79.717,4.827,10680.0
4.794499613000006,-0.50905,2.53281,10.72042,-0.08735,-4.44451,0.67838,-4.3702,1.03557,5.22568,-0.05594,-4.43409,0.47341,79.756,5.0,10780.835
4.799499613000006,-0.54916,2.5049,11.28443,-0.07425,-4.51371,0.64544,-4.33575,1.16138,5.74275,-0.04583,-4.49857,0.4297,79.8,5.0,10894.785
4.804499613000006,-0.58926,2.47699,11.84844,-0.06114,-4.58291,0.61249,-4.30131,1.28719,6.25983,-0.03572,-4.56305,0.386,79.843,3.681,10908.0
4.809499613000006,-0.62937,2.44909,12.41245,-0.04804,-4.65211,0.57954,-4.26686,1.413,6.77691,-0.02561,-4.62753,0.3423,79.887,2.19,10908.0
4.814499613000007,-0.66948,2.42118,12.97646,-0.03493,-4.72131,0.5466,-4.23241,1.53881,7.29399,-0.01551,-4.69201,0.2986,79.931,2.0,11052.057
4.819499613000007,-0.70958,2.39327,13.54047,-0.02183,-4.79051,0.51365,-4.19796,1.66462,7.81106,-0.0054,-4.75649,0.25489,79.975,2.0,11217.121
4.824499613000007,-0.74969,2.36537,14.10449,-0.00872,-4.8597,0.48071,-3.9578,1.88191,8.28199,-0.01592,-4.78781,0.22555,79.98,2.443,11236.0
4.8294996130000065,-0.7898,2.33746,14.6685,0.00439,-4.9289,0.44776,-3.69107,2.111,8.74695,-0.02911,-4.81485,0.19807,79.98,2.942,11236.0
4.834499613000006,-1.29662,2.42775,15.05642,-0.00772,-4.94611,0.41486,-3.42434,2.3401,9.21192,-0.0423,-4.84188,0.17059,80.019,3.0,11299.872
4.839499613000006,-1.86412,2.53341,15.42146,-0.02311,-4.95656,0.38197,-3.15761,2.56919,9.67689,-0.0555,-4.86892,0.1431,80.064,3.0,11372.048
4.844499613000006,-2.43162,2.63907,15.78649,-0.0385,-4.96701,0.34908,-2.89087,2.79829,10.14185,-0.06869,-4.89596,0.11562,80.068,3.444,11380.0
4.849499613000006,-2.99912,2.74473,16.15152,-0.05389,-4.97747,0.31618,-2.62414,3.02738,10.60682,-0.08188,-4.923,0.08813,80.068,3.943,11380.0
4.854499613000007,-3.56662,2.85038,16.51656,-0.06928,-4.98792,0.28329,-3.06595,3.37474,11.20676,-0.09673,-4.90217,-0.00621,80.068,4.0,11317.156
4.859499613000007,-4.13412,2.95604,16.88159,-0.08466,-4.99837,0.25039,-3.5997,3.73744,11.82423,-0.1118,-4.87513,-0.10923,80.068,4.0,11246.158
4.864499613000007,-4.80861,2.94099,17.34272,-0.11001,-4.94962,0.02088,-4.13345,4.10014,12.44169,-0.12687,-4.84809,-0.21224,80.107,4.0,11238.0
4.8694996130000066,-5.49699,2.91027,17.81633,-0.13664,-4.89319,-0.23417,-4.6672,4.46284,13.05915,-0.14194,-4.82105,-0.31526,80.151,4.0,11238.0
4.8744996130000064,-6.18536,2.87956,18.28994,-0.16328,-4.83676,-0.48921,-4.7651,4.45969,13.20326,-0.15701,-4.79401,-0.41828,80.195,4.0,11425.455
4.879499613000006,-6.87374,2.84884,18.76355,-0.18991,-4.78033,-0.74425,-4.80615,4.40881,13.28563,-0.17208,-4.76698,-0.5213,80.239,4.0,11637.361
4.884499613000006,-7.01106,2.84309,18.77505,-0.17082,-4.7297,-0.83604,-4.8472,4.35794,13.368,-0.18715,-4.73994,-0.62431,80.244,3.559,11662.0
4.889499613000006,-7.07588,2.84063,18.72576,-0.14572,-4.67983,-0.90634,-4.88825,4.30706,13.45038,-0.20222,-4.7129,-0.72733,80.244,3.06,11662.0
4.894499613000007,-7.1407,2.83816,18.67647,-0.12061,-4.62997,-0.97665,-4.9293,4.25618,13.53275,-0.21729,-4.68586,-0.83035,80.283,3.0,11753.699
4.899499613000007,-7.20552,2.8357,18.62717,-0.09551,-4.5801,-1.04695,-4.97035,4.20531,13.61512,-0.23236,-4.65882,-0.93337,80.327,3.0,11857.948
4.904499613000007,-7.27034,2.83323,18.57788,-0.0704,-4.53024,-1.11725,-5.0114,4.15443,13.69749,-0.20332,-4.58932,-1.03098,80.409,2.119,11870.0
4.909499613000007,-7.33516,2.83077,18.52858,-0.0453,-4.48037,-1.18756,-5.05245,4.10356,13.77986,-0.16851,-4.51426,-1.12789,80.497,1.122,11870.0
4.9144996130000065,-7.55141,2.76329,18.30999,-0.02019,-4.4305,-1.25786,-4.54732,3.72571,13.74904,-0.1337,-4.43921,-1.2248,80.547,1.0,11870.0
4.919499613000006,-7.78882,2.68673,18.06774,0.00491,-4.38064,-1.32817,-3.9659,3.30219,13.7024,-0.09889,-4.36415,-1.3217,80.591,1.0,11870.0
4.924499613000006,-8.02622,2.61018,17.82549,0.03002,-4.33077,-1.39847,-3.38447,2.87866,13.65576,-0.06408,-4.2891,-1.41861,80.674,1.0,12344.541
4.929499613000006,-8.26363,2.53362,17.58325,0.05512,-4.28091,-1.46878,-2.80304,2.45513,13.60912,-0.02927,-4.21404,-1.51552,80.761,1.0,12880.694
4.934499613000006,-8.50103,2.45706,17.341,0.07623,-4.14401,-1.41202,-2.22161,2.03161,13.56248,0.00554,-4.13899,-1.61243,80.849,2.328,12942.0
4.939499613000007,-8.73844,2.3805,17.09875,0.09683,-3.99587,-1.33885,-1.64019,1.60808,13.51584,0.04035,-4.06393,-1.70933,80.937,3.828,12942.0
4.944499613000007,-8.97584,2.30394,16.8565,0.11742,-3.84774,-1.26568,-1.4051,1.37159,13.4943,0.07842,-3.89571,-1.62653,80.986,4.0,13135.612
4.949499613000007,-9.21325,2.22738,16.61426,0.13802,-3.6996,-1.19251,-1.21498,1.1594,13.47601,0.11692,-3.7154,-1.5204,81.03,4.0,13354.367
4.9544996130000065,-9.66737,2.222,16.07922,0.15862,-3.55146,-1.11935,-1.02487,0.9472,13.45773,0.15542,-3.53508,-1.41426,81.074,3.114,13379.0
4.959499613000006,-10.14899,2.22565,15.50704,0.17921,-3.40333,-1.04618,-0.83476,0.735,13.43945,0.19392,-3.35477,-1.30812,81.118,2.115,13379.0
4.964499613000006,-10.63061,2.2293,14.93485,0.19981,-3.25519,-0.97301,-0.64465,0.52281,13.42117,0.23242,-3.17445,-1.20198,81.201,2.0,13485.74
4.969499613000006,-11.11223,2.23296,14.36266,0.2204,-3.10705,-0.89985,-0.45453,0.31061,13.40288,0.27092,-2.99414,-1.09585,81.288,2.0,13606.361
4.974499613000006,-11.59384,2.23661,13.79047,0.241,-2.95892,-0.82668,-0.26442,0.09841,13.3846,0.30942,-2.81382,-0.98971,81.376,2.881,13621.0
4.979499613000007,-12.07546,2.24026,13.21829,0.26159,-2.81078,-0.75351,-0.07431,-0.11378,13.36632,0.34792,-2.63351,-0.88357,81.464,3.884,13621.0
4.984499613000007,-12.65373,2.08559,12.90568,0.28766,-2.52786,-0.60138,-0.15195,-0.21059,13.1512,0.36745,-2.30481,-0.68557,81.475,4.0,13811.315
4.989499613000007,-13.2446,1.91029,12.62691,0.31443,-2.22737,-0.43896,-0.26449,-0.29236,12.91042,0.3845,-1.95678,-0.47559,81.475,4.0,14026.435
4.9944996130000066,-13.83546,1.73499,12.34814,0.3412,-1.92688,-0.27654,-0.37702,-0.37413,12.66965,0.40156,-1.60874,-0.26561,81.475,3.557,14051.0
4.9994996130000064,-14.42633,1.55969,12.06937,0.36798,-1.62639,-0.11412,-0.48956,-0.4559,12.42887,0.41861,-1.26071,-0.05563,81.475,3.057,14051.0
5.004499613000006,-15.0172,1.38439,11.7906,0.39475,-1.3259,0.0483,-0.6021,-0.53767,12.1881,0.43566,-0.91267,0.15435,81.436,3.0,15540.805
5.009499613000006,-15.60806,1.20908,11.51183,0.42153,-1.02541,0.21072,-0.71464,-0.61944,11.94733,0.45271,-0.56464,0.36433,81.392,3.0,17223.68
5.014499613000006,-16.19893,1.03378,11.23306,0.4483,-0.72492,0.37314,-0.09384,-1.33756,13.45045,0.43772,-0.3267,0.50809,81.387,3.0,17417.0
5.019499613000006,-16.78979,0.85848,10.95429,0.47507,-0.42443,0.53556,0.62212,-2.13827,15.1799,0.41857,-0.10305,0.64326,81.387,3.0,17417.0
5.024499613000007,-16.77225,0.18632,11.35195,0.43409,-0.07168,0.68931,1.33809,-2.93898,16.90936,0.39942,0.12059,0.77843,81.387,3.0,20244.571
5.029499613000007,-16.67388,-0.55184,11.83947,0.3841,0.28802,0.84191,2.05406,-3.73969,18.63881,0.38027,0.34424,0.9136,81.387,3.0,23447.784
5.034499613000007,-16.5755,-1.29,12.32699,0.33411,0.64772,0.99452,1.97585,-3.41578,17.72019,0.36112,0.56789,1.04878,81.309,3.886,23814.0
5.0394996130000065,-16.47713,-2.02817,12.81452,0.28412,1.00742,1.14712,1.79513,-2.9467,16.45975,0.34197,0.79154,1.18395,81.221,4.886,23814.0
5.044499613000006,-16.37876,-2.76633,13.30204,0.23413,1.36712,1.29972,1.6144,-2.47762,15.1993,0.32282,1.01518,1.31912,81.172,5.0,24243.2
5.049499613000006,-16.28039,-3.5045,13.78956,0.18414,1.72682,1.45232,1.43368,-2.00853,13.93886,0.30367,1.23883,1.45429,81.128,5.0,24727.636
5.054499613000006,-11.9772,-3.59854,12.99634,0.12595,1.81441,1.27528,1.25296,-1.53945,12.67842,0.28452,1.46248,1.58946,81.007,4.558,24783.0
5.059499613000006,-7.13145,-3.60947,12.03786,0.06672,1.86689,1.0557,1.07223,-1.07037,11.41797,0.26537,1.68613,1.72463,80.875,4.06,24783.0
5.064499613000007,-2.28571,-3.62039,11.07938,0.00748,1.91938,0.83613,0.89151,-0.60129,10.15753,0.22116,1.71897,1.45907,80.743,4.0,25196.967
5.069499613000007,2.56004,-3.63132,10.12089,-0.05176,1.97186,0.61655,0.71079,-0.1322,8.89708,0.17355,1.72585,1.13901,80.611,4.0,25667.233
5.074499613000007,2.90081,-3.25218,10.1215,-0.111,2.02434,0.39698,0.51017,0.43159,9.28408,0.12593,1.73274,0.81895,80.518,3.114,25721.0
5.0794996130000065,2.66002,-2.82268,10.24592,-0.17024,2.07682,0.1774,0.30699,1.00762,9.88375,0.07831,1.73963,0.49889,80.43,2.114,25721.0
5.084499613000006,2.41922,-2.39319,10.37034,-0.22948,2.1293,-0.04217,0.10381,1.58364,10.48342,0.0307,1.74652,0.17883,80.264,2.0,25771.501
5.089499613000006,2.17843,-1.96369,10.49476,-0.28872,2.18179,-0.26175,-0.09937,2.15967,11.08309,-0.01692,1.75341,-0.14123,80.088,2.0,25828.484
5.094499613000006,1.93763,-1.5342,10.61918,-0.34795,2.23427,-0.48133,0.36186,1.88531,10.68284,-0.00096,1.73071,-0.13378,79.952,3.327,25835.0
5.099499613000006,1.69684,-1.1047,10.7436,-0.40719,2.28675,-0.7009,0.90887,1.50115,10.15348,0.02321,1.70419,-0.08404,79.82,4.826,25835.0
5.104499613000007,1.45604,-0.67521,10.86802,-0.35661,2.25168,-0.635,1.45588,1.117,9.62412,0.04739,1.67768,-0.03429,79.727,5.0,25989.752
5.109499613000007,1.21525,-0.24571,10.99244,-0.29159,2.2051,-0.53156,2.0029,0.73284,9.09476,0.07156,1.65116,0.01545,79.639,5.0,26164.85
5.114499613000007,1.53978,0.26966,10.85382,-0.22657,2.15852,-0.42813,2.54991,0.34868,8.5654,0.09573,1.62464,0.06519,79.551,3.23,26185.0
5.1194996130000066,1.93782,0.7962,10.68099,-0.16155,2.11195,-0.32469,3.09692,-0.03547,8.03604,0.1199,1.59812,0.11493,79.463,1.23,26185.0
5.1244996130000064,2.33587,1.32274,10.50816,-0.09652,2.06537,-0.22125,3.64393,-0.41963,7.50668,0.14407,1.57161,0.16467,79.336,1.0,26153.579
5.129499613000006,2.73391,1.84929,10.33534,-0.0315,2.01879,-0.11782,4.19094,-0.80378,6.97733,0.16824,1.54509,0.21442,79.205,1.0,26118.072
5.134499613000006,3.13196,2.37583,10.16251,0.03352,1.97221,-0.01438,3.6013,-0.24189,7.14258,0.15842,1.53481,0.18754,79.151,1.0,26114.0
5.139499613000006,3.53001,2.90237,9.98968,0.09854,1.92563,0.08905,2.86444,0.44253,7.3978,0.14419,1.52663,0.15074,79.107,1.0,26114.0
5.144499613000006,3.27813,2.68239,10.19158,0.08436,1.86209,0.07515,2.12757,1.12696,7.65301,0.12996,1.51845,0.11394,79.062,2.336,26141.62
5.149499613000007,2.94183,2.36543,10.44217,0.05989,1.79634,0.04599,1.39071,1.81139,7.90823,0.11574,1.51027,0.07714,79.018,3.847,26172.828
5.154499613000007,2.60553,2.04847,10.69276,0.03541,1.73059,0.01684,0.33756,2.04632,8.16254,0.10151,1.5021,0.04034,79.053,2.662,26176.0
5.159499613000007,2.26923,1.73151,10.94334,0.01094,1.66485,-0.01231,-0.75137,2.2304,8.41675,0.08729,1.49392,0.00354,79.096,1.173,26176.0
5.1644996130000065,1.93293,1.41455,11.19393,-0.01353,1.5991,-0.04146,-1.8403,2.41448,8.67095,0.07306,1.48574,-0.03325,79.219,1.0,26060.703
5.169499613000006,1.59662,1.09759,11.44451,-0.038,1.53336,-0.07061,-2.92923,2.59856,8.92516,0.05883,1.47756,-0.07005,79.352,1.0,25930.258
5.174499613000006,1.26032,0.78063,11.6951,-0.06248,1.46761,-0.09976,-4.01816,2.78264,9.17936,0.04461,1.46938,-0.10685,79.443,331.629,25917.0
5.179499613000006,0.92402,0.46367,11.94568,-0.08695,1.40186,-0.12891,-5.10709,2.96671,9.43357,0.03038,1.4612,-0.14365,79.53,699.662,25917.0
5.184499613000006,0.84264,0.69791,11.95888,-0.06357,1.22628,-0.15332,-6.19601,3.15079,9.68777,0.01077,1.34999,-0.21213,79.58,745.0,25880.89
5.189499613000007,0.79708,1.00959,11.93872,-0.03346,1.03526,-0.17706,-7.28494,3.33487,9.94197,-0.00959,1.2243,-0.28506,79.624,745.0,25839.708
5.194499613000007,0.75153,1.32127,11.91857,-0.00335,0.84424,-0.2008,-6.0576,3.0761,9.81698,-0.02996,1.09861,-0.35798,79.668,1683.086,25835.0
5.199499613000007,0.70597,1.63295,11.89841,0.02676,0.65322,-0.22454,-4.53132,2.76017,9.64304,-0.05032,0.97292,-0.43091,79.712,2742.243,25835.0
5.2044996130000065,0.66041,1.94464,11.87826,0.05687,0.4622,-0.24829,-3.00504,2.44424,9.4691,-0.07069,0.84723,-0.50384,79.795,2864.0,25784.114
5.209499613000006,0.61485,2.25632,11.8581,0.08697,0.27119,-0.27203,-1.47876,2.12831,9.29517,-0.09105,0.72155,-0.57677,79.882,2864.0,25726.619
5.214499613000006,0.78248,2.08981,11.59919,0.09375,0.26093,-0.25984,0.04752,1.81238,9.12123,-0.11142,0.59586,-0.64969,80.009,2864.0,25720.0
5.219499613000006,0.97785,1.86108,11.30921,0.09749,0.27419,-0.24298,1.5738,1.49645,8.94729,-0.13178,0.47017,-0.72262,80.141,2864.0,25720.0
5.224499613000006,1.17322,1.63236,11.01923,0.10123,0.28746,-0.22612,1.89348,1.12286,8.96378,-0.09937,0.48689,-0.65648,80.195,3351.479,25720.0
5.229499613000007,1.36859,1.40363,10.72926,0.10497,0.30072,-0.20926,2.0574,0.74182,9.00484,-0.06014,0.522,-0.57239,80.239,3901.883,25720.0
5.234499613000007,1.56396,1.17491,10.43928,0.10871,0.31398,-0.1924,2.22132,0.36079,9.0459,-0.02092,0.55711,-0.48829,80.322,4317.861,25535.822
5.239499613000007,1.75933,0.94618,10.1493,0.11246,0.32725,-0.17554,2.38525,-0.02024,9.08696,0.01831,0.59223,-0.4042,80.41,4716.427,25327.787
5.2444996130000066,1.64254,0.89547,10.16778,0.1162,0.34051,-0.15868,2.54917,-0.40128,9.12802,0.05753,0.62734,-0.3201,80.498,4762.0,25453.23
5.2494996130000064,1.48546,0.86774,10.22608,0.11994,0.35377,-0.14182,2.71309,-0.78231,9.16908,0.09676,0.66245,-0.23601,80.586,4762.0,25621.727
5.254499613000006,1.32838,0.84001,10.28439,0.12368,0.36704,-0.12496,2.87701,-1.16335,9.21014,0.13598,0.69756,-0.15191,80.674,5215.428,25641.0
5.259499613000006,1.17129,0.81228,10.34269,0.12742,0.3803,-0.1081,3.04094,-1.54438,9.2512,0.17521,0.73267,-0.06782,80.761,5727.42,25641.0
5.264499613000006,1.01421,0.78455,10.40099,0.13116,0.39357,-0.09124,2.37674,-0.97123,9.33691,0.16155,0.69376,-0.08817,80.81,5786.0,25461.707
5.269499613000006,0.85713,0.75682,10.4593,0.1349,0.40683,-0.07438,1.60555,-0.2748,9.42839,0.14106,0.64528,-0.12202,80.854,5786.0,25259.249
5.274499613000007,0.74348,0.90635,10.47814,0.12454,0.38041,-0.08394,0.83435,0.42163,9.51987,0.12057,0.59681,-0.15586,80.937,6219.034,25236.0
5.279499613000007,0.63546,1.07887,10.49187,0.11235,0.34884,-0.09692,0.06316,1.11806,9.61135,0.10008,0.54833,-0.18971,81.025,6708.247,25236.0
5.284499613000007,0.52744,1.2514,10.5056,0.10015,0.31727,-0.10991,-0.70803,1.81449,9.70283,0.07959,0.49986,-0.22356,81.074,6764.0,25248.472
5.2894996130000065,0.41943,1.42393,10.51932,0.08796,0.2857,-0.1229,-1.47922,2.51092,9.79431,0.0591,0.45138,-0.25741,81.118,6764.0,25262.548
5.294499613000006,0.31141,1.59646,10.53305,0.07577,0.25414,-0.13588,-0.96703,2.47774,9.92532,0.04804,0.44953,-0.25334,81.162,7289.055,25264.0
5.299499613000006,0.2034,1.76899,10.54678,0.06357,0.22257,-0.14887,-0.30719,2.36061,10.06088,0.03807,0.45303,-0.24491,81.206,7874.515,25264.0
5.304499613000006,0.15728,1.7424,10.56962,0.05031,0.23218,-0.15099,0.35265,2.24349,10.19644,0.0281,0.45654,-0.23649,81.25,7942.0,25439.225
5.309499613000006,0.11922,1.68987,10.59364,0.03692,0.24716,-0.15168,1.01249,2.12636,10.332,0.01813,0.46005,-0.22806,81.294,7942.0,25637.279
5.314499613000007,0.08117,1.63735,10.61767,0.02352,0.26215,-0.15238,0.99284,2.05382,10.33845,0.00817,0.46356,-0.21963,81.338,7942.0,25660.0
5.319499613000007,0.04312,1.58482,10.64169,0.01012,0.27713,-0.15308,0.88515,1.98706,10.32817,-0.0018,0.46706,-0.21121,81.382,7942.0,25660.0
5.324499613000007,0.00506,1.53229,10.66572,-0.00328,0.29211,-0.15378,0.77746,1.9203,10.31788,-0.01177,0.47057,-0.20278,81.426,8582.535,25660.0
5.3294996130000065,-0.03299,1.47976,10.68974,-0.01668,0.30709,-0.15448,0.66976,1.85354,10.3076,-0.02174,0.47408,-0.19435,81.47,9306.887,25660.0
5.334499613000006,-0.07105,1.42723,10.71377,-0.03008,0.32207,-0.15518,0.56207,1.78677,10.29732,-0.03171,0.47759,-0.18593,81.513,9390.0,25660.0
5.339499613000006,-0.1091,1.3747,10.73779,-0.04348,0.33705,-0.15588,0.45438,1.72001,10.28703,-0.04168,0.48109,-0.1775,81.557,9390.0,25660.0
5.344499613000006,-0.1416,1.36455,10.71382,-0.04885,0.34147,-0.15455,0.50896,1.65099,10.27365,-0.04503,0.49702,-0.16903,81.64,10127.206,25588.757
5.349499613000006,-0.17338,1.35993,10.68359,-0.05318,0.34452,-0.15295,0.58473,1.58167,10.25987,-0.04751,0.51456,-0.16056,81.728,10960.659,25508.214
5.354499613000006,-0.20515,1.3553,10.65336,-0.05751,0.34756,-0.15136,0.6605,1.51236,10.24608,-0.04999,0.53211,-0.15209,81.777,11056.0,25408.913
5.359499613000007,-0.23693,1.35068,10.62312,-0.06183,0.35061,-0.14976,0.73627,1.44304,10.2323,-0.05247,0.54965,-0.14362,81.822,11056.0,25307.189
5.364499613000007,-0.23556,1.33225,10.61282,-0.06616,0.35365,-0.14816,0.81204,1.37372,10.21852,-0.05495,0.5672,-0.13515,81.944,11479.126,25297.0
5.3694996130000066,-0.2305,1.31227,10.60475,-0.07049,0.35669,-0.14656,0.88781,1.3044,10.20473,-0.05743,0.58474,-0.12668,82.075,11949.35,25297.0
5.3744996130000064,-0.22544,1.2923,10.59667,-0.07481,0.35974,-0.14496,0.96359,1.23509,10.19095,-0.05992,0.60229,-0.11821,82.129,12003.0,25070.272
5.379499613000006,-0.22038,1.27233,10.58859,-0.07914,0.36278,-0.14336,1.03936,1.16577,10.17716,-0.0624,0.61983,-0.10974,82.173,12003.0,24814.343
5.384499613000006,-0.21532,1.25236,10.58051,-0.08347,0.36583,-0.14177,0.93009,1.1509,10.15714,-0.06335,0.62642,-0.10609,82.256,12844.04,24785.0
5.389499613000006,-0.21026,1.23239,10.57243,-0.08779,0.36887,-0.14017,0.79686,1.14309,10.13631,-0.0641,0.63158,-0.10307,82.344,13793.995,24785.0
5.394499613000006,-0.2052,1.21242,10.56435,-0.09697,0.36525,-0.13098,0.66364,1.13527,10.11547,-0.06485,0.63675,-0.10004,82.431,13900.0,24730.475
5.399499613000007,-0.20014,1.19245,10.55628,-0.10675,0.36078,-0.12084,0.53041,1.12745,10.09464,-0.0656,0.64192,-0.09702,82.519,13900.0,24669.101
5.404499613000007,-0.19229,1.16072,10.52324,-0.10475,0.35175,-0.11841,0.39718,1.11964,10.07381,-0.06635,0.64708,-0.09399,82.607,13971.282,24662.0
5.409499613000007,-0.18408,1.12746,10.48694,-0.10122,0.34211,-0.11699,0.26396,1.11182,10.05297,-0.0671,0.65225,-0.09097,82.694,14051.891,24662.0
5.4144996130000065,-0.17586,1.0942,10.45064,-0.09769,0.33248,-0.11557,0.13073,1.10401,10.03214,-0.06785,0.65742,-0.08794,82.782,14062.0,24451.061
5.419499613000006,-0.16765,1.06093,10.41434,-0.09415,0.32285,-0.11415,-0.0025,1.09619,10.0113,-0.0686,0.66258,-0.08491,82.871,14062.0,24209.874
5.424499613000006,-0.15943,1.02767,10.37804,-0.09062,0.31321,-0.11273,-0.15228,1.05501,9.97546,-0.06502,0.64818,-0.08764,82.997,14616.895,24182.0
5.429499613000006,-0.15121,0.99441,10.34174,-0.08708,0.30358,-0.11131,-0.30422,1.00946,9.93765,-0.06087,0.63122,-0.09111,83.129,15244.298,24182.0
5.434499613000006,-0.17281,1.01684,10.32791,-0.08355,0.29395,-0.10989,-0.45616,0.96392,9.89985,-0.05672,0.61427,-0.09459,83.222,15318.0,24251.122
5.439499613000007,-0.19837,1.04669,10.31708,-0.08001,0.28431,-0.10847,-0.60811,0.91837,9.86204,-0.05257,0.59731,-0.09806,83.311,15318.0,24329.445
5.444499613000007,-0.22394,1.07653,10.30625,-0.07648,0.27468,-0.10705,-0.76005,0.87283,9.82423,-0.04842,0.58035,-0.10154,83.398,15228.303,24338.0
5.449499613000007,-0.2495,1.10638,10.29542,-0.07295,0.26505,-0.10563,-0.91199,0.82728,9.78643,-0.04427,0.56339,-0.10501,83.486,15127.609,24338.0
5.4544996130000065,-0.27507,1.13623,10.28458,-0.06941,0.25541,-0.10421,-0.87427,0.88904,9.8154,-0.04284,0.56037,-0.10449,83.574,15116.0,24084.962
5.459499613000006,-0.30063,1.16607,10.27375,-0.06588,0.24578,-0.10279,-0.81184,0.96477,9.85308,-0.04176,0.55917,-0.10344,83.661,15116.0,23798.951
5.464499613000006,-0.29993,1.16064,10.28346,-0.06576,0.24337,-0.10175,-0.74941,1.04051,9.89075,-0.04068,0.55797,-0.1024,83.749,15502.721,23765.0
5.469499613000006,-0.29569,1.15046,10.29593,-0.0661,0.24193,-0.10076,-0.68698,1.11625,9.92843,-0.0396,0.55677,-0.10136,83.838,15941.531,23765.0
5.474499613000006,-0.29145,1.14028,10.3084,-0.06644,0.24049,-0.09977,-0.60278,1.09462,9.95536,-0.03852,0.55556,-0.10031,83.925,15992.0,23765.0
5.479499613000006,-0.28722,1.1301,10.32087,-0.06677,0.23905,-0.09878,-0.51576,1.06034,9.9809,-0.03745,0.55436,-0.09927,84.013,15992.0,23765.0
5.484499613000007,-0.28298,1.11991,10.33334,-0.06711,0.23761,-0.09779,-0.42874,1.02606,10.00643,-0.03637,0.55316,-0.09822,84.14,15992.0,23666.742
5.489499613000007,-0.27874,1.10973,10.34581,-0.06745,0.23617,-0.0968,-0.34171,0.99177,10.03197,-0.03529,0.55195,-0.09718,84.272,15992.0,23555.882
5.4944996130000066,-0.2745,1.09955,10.35828,-0.06779,0.23473,-0.09582,-0.25469,0.95749,10.05751,-0.03421,0.55075,-0.09613,84.365,15992.0,23543.0
5.4994996130000064,-0.27027,1.08937,10.37075,-0.06813,0.23329,-0.09483,-0.16767,0.9232,10.08304,-0.03313,0.54955,-0.09509,84.453,15992.0,23543.0
5.504499613000006,-0.22252,1.08057,10.38987,-0.0683,0.23788,-0.09481,-0.12098,0.95154,10.11071,-0.03338,0.55356,-0.09342,84.541,16190.962,23418.926
5.509499613000006,-0.16918,1.07194,10.40984,-0.06845,0.24324,-0.09492,-0.07947,0.9879,10.13864,-0.03379,0.55824,-0.09166,84.629,16415.453,23278.931
5.514499613000006,-0.11585,1.06332,10.42981,-0.06859,0.24861,-0.09503,-0.03796,1.02427,10.16657,-0.03421,0.56292,-0.08991,84.678,16666.418,23263.0
5.519499613000006,-0.06251,1.0547,10.44978,-0.06874,0.25397,-0.09514,0.00355,1.06064,10.19451,-0.03462,0.5676,-0.08815,84.722,16920.783,23263.0
5.524499613000007,-0.08446,1.05812,10.4554,-0.06889,0.25934,-0.09525,0.04506,1.097,10.22244,-0.03504,0.57228,-0.0864,84.843,16950.0,23244.875
5.529499613000007,-0.11617,1.06311,10.45915,-0.06903,0.2647,-0.09535,0.08657,1.13337,10.25037,-0.03545,0.57696,-0.08465,84.975,16950.0,23224.398
5.534499613000007,-0.14788,1.06809,10.4629,-0.06918,0.27006,-0.09546,0.12808,1.16974,10.27831,-0.03587,0.58164,-0.08289,85.068,16938.943,23222.0
5.5394996130000065,-0.17959,1.07308,10.46665,-0.06933,0.27543,-0.09557,0.16959,1.2061,10.30624,-0.03628,0.58632,-0.08114,85.156,16926.42,23222.0
5.544499613000006,-0.21131,1.07807,10.4704,-0.06947,0.28079,-0.09568,0.15891,1.22359,10.31165,-0.04051,0.60505,-0.08779,85.205,16925.0,23176.787
5.549499613000006,-0.24302,1.08305,10.47415,-0.06962,0.28615,-0.09579,0.14154,1.23866,10.31419,-0.04522,0.62558,-0.09551,85.249,16925.0,23125.79
5.554499613000006,-0.27473,1.08804,10.4779,-0.07205,0.30648,-0.10165,0.12418,1.25373,10.31672,-0.04993,0.64611,-0.10324,85.332,17280.756,23120.0
5.559499613000006,-0.30644,1.09302,10.48165,-0.07477,0.32872,-0.10825,0.10682,1.26879,10.31925,-0.05464,0.66664,-0.11096,85.42,17682.073,23120.0
5.564499613000006,-0.30356,1.06927,10.48566,-0.07749,0.35096,-0.11485,0.08945,1.28386,10.32178,-0.05934,0.68717,-0.11869,85.547,17728.0,22839.543
5.569499613000007,-0.29621,1.04181,10.4897,-0.08021,0.3732,-0.12144,0.07209,1.29893,10.32431,-0.06405,0.7077,-0.12642,85.678,17728.0,22522.842
5.574499613000007,-0.28885,1.01434,10.49374,-0.08293,0.39543,-0.12804,0.19907,1.30194,10.36203,-0.07164,0.74875,-0.12732,85.732,17728.0,22487.0
5.5794996130000065,-0.2815,0.98687,10.49778,-0.08566,0.41767,-0.13464,0.34446,1.3034,10.40424,-0.07958,0.79242,-0.12736,85.776,17728.0,22487.0
5.584499613000006,-0.27414,0.95941,10.50182,-0.08895,0.45486,-0.13865,0.48986,1.30487,10.44644,-0.08753,0.8361,-0.1274,85.858,17861.503,22487.0
5.589499613000006,-0.26679,0.93194,10.50587,-0.09232,0.49398,-0.14232,0.63525,1.30633,10.48865,-0.09548,0.87977,-0.12744,85.945,18012.268,22487.0
5.594499613000006,-0.28655,0.96504,10.51443,-0.0957,0.5331,-0.146,0.78065,1.3078,10.53085,-0.10343,0.92345,-0.12748,85.995,18257.149,22427.487
5.599499613000006,-0.31063,1.0078,10.52371,-0.09907,0.57222,-0.14967,0.92605,1.30927,10.57306,-0.11137,0.96712,-0.12752,86.039,18517.036,22358.486
5.604499613000006,-0.33471,1.05056,10.53298,-0.10244,0.61134,-0.15334,0.96412,1.32326,10.58871,-0.11488,0.991,-0.11983,86.084,18549.0,22241.135
5.609499613000007,-0.35879,1.09332,10.54226,-0.10581,0.65046,-0.15702,0.98714,1.33901,10.60064,-0.11777,1.0121,-0.11107,86.128,18549.0,22117.003
5.614499613000007,-0.38287,1.13607,10.55154,-0.10918,0.68958,-0.16069,1.01016,1.35477,10.61257,-0.12066,1.0332,-0.1023,86.211,18570.7,22103.0
5.6194996130000066,-0.40695,1.17883,10.56082,-0.11255,0.7287,-0.16436,1.03318,1.37052,10.6245,-0.12354,1.0543,-0.09354,86.298,18595.159,22103.0
5.6244996130000064,-0.41669,1.16775,10.57349,-0.115,0.7785,-0.15533,1.0562,1.38627,10.63643,-0.12643,1.07541,-0.08477,86.348,18598.0,21930.861
5.629499613000006,-0.42453,1.14959,10.58661,-0.11732,0.8297,-0.14463,1.07922,1.40203,10.64836,-0.12932,1.09651,-0.07601,86.392,18598.0,21736.102
5.634499613000006,-0.43238,1.13143,10.59972,-0.11964,0.88091,-0.13393,1.04866,1.35681,10.64948,-0.1322,1.11761,-0.06724,86.436,18751.755,21715.0
5.639499613000006,-0.44023,1.11327,10.61283,-0.12196,0.93211,-0.12324,1.01158,1.30419,10.64928,-0.13509,1.13871,-0.05848,86.479,18924.193,21715.0
5.644499613000006,-0.44807,1.09511,10.62595,-0.12428,0.98331,-0.11254,0.9745,1.25157,10.64909,-0.13797,1.15981,-0.04971,86.484,18944.0,21253.063
5.649499613000007,-0.45592,1.07695,10.63906,-0.1266,1.03451,-0.10184,0.93742,1.19895,10.64889,-0.14086,1.18091,-0.04094,86.484,18944.0,20731.181
5.654499613000007,-0.46377,1.05879,10.65218,-0.12893,1.08571,-0.09114,0.90035,1.14632,10.6487,-0.14375,1.20201,-0.03218,86.523,19021.971,20672.0
5.659499613000007,-0.47161,1.04062,10.66529,-0.13125,1.13691,-0.08044,0.86327,1.0937,10.64851,-0.14663,1.22312,-0.02341,86.567,19109.916,20672.0
5.6644996130000065,-0.57507,1.07012,10.90694,-0.13877,1.17479,-0.07906,0.82619,1.04108,10.64831,-0.14952,1.24422,-0.01465,86.611,19120.0,20730.006
5.669499613000006,-0.69092,1.10578,11.17819,-0.14696,1.21095,-0.07889,0.78911,0.98846,10.64812,-0.15241,1.26532,-0.00588,86.655,19120.0,20795.524
5.674499613000006,-0.80676,1.14145,11.44944,-0.15516,1.2471,-0.07872,0.53026,1.08255,10.8171,-0.15887,1.301,-0.00933,86.66,19226.705,20803.0
5.679499613000006,-0.9226,1.17711,11.72069,-0.16335,1.28326,-0.07855,0.24285,1.19555,11.00789,-0.16579,1.33855,-0.01434,86.66,19347.155,20803.0
5.684499613000006,-1.02953,1.1779,11.82094,-0.17155,1.31941,-0.07838,-0.04457,1.30854,11.19867,-0.17271,1.37611,-0.01936,86.699,19361.0,20560.87
5.689499613000006,-1.1353,1.17417,11.89898,-0.17975,1.35557,-0.07821,-0.33198,1.42154,11.38945,-0.17963,1.41367,-0.02438,86.743,19361.0,20287.293
5.694499613000007,-1.24107,1.17043,11.97702,-0.18794,1.39172,-0.07804,-0.6194,1.53453,11.58023,-0.18655,1.45123,-0.0294,86.748,19760.6,20256.0
5.699499613000007,-1.34684,1.16669,12.05506,-0.19614,1.42788,-0.07786,-0.90681,1.64753,11.77101,-0.19347,1.48878,-0.03441,86.748,20211.812,20256.0
5.7044996130000065,-1.45261,1.16295,12.1331,-0.20075,1.47052,-0.07947,-0.82559,1.60837,11.8003,-0.19652,1.51842,-0.03062,86.709,20263.0,20129.723
5.709499613000006,-1.55838,1.15921,12.21114,-0.20491,1.51399,-0.0813,-0.6972,1.54975,11.80893,-0.19908,1.54703,-0.02569,86.665,20263.0,19987.287
5.714499613000006,-1.43054,1.20493,12.26909,-0.20907,1.55746,-0.08313,-0.56881,1.49113,11.81757,-0.20163,1.57565,-0.02077,86.66,20703.401,19971.0
5.719499613000006,-1.27253,1.25703,12.32446,-0.21323,1.60093,-0.08496,-0.44042,1.43251,11.8262,-0.20418,1.60427,-0.01584,86.66,21200.663,19971.0
5.724499613000006,-1.11453,1.30913,12.37982,-0.21739,1.64441,-0.08679,-0.29933,1.37625,11.86198,-0.20674,1.63289,-0.01091,86.66,21257.0,19534.198
5.729499613000006,-0.95652,1.36123,12.43518,-0.22155,1.68788,-0.08863,-0.15661,1.32029,11.90124,-0.20929,1.66151,-0.00599,86.66,21257.0,19041.586
5.734499613000007,-0.79851,1.41333,12.49054,-0.22571,1.73135,-0.09046,-0.0139,1.26434,11.94049,-0.21185,1.69013,-0.00106,86.621,21678.943,18984.0
5.739499613000007,-0.64051,1.46543,12.54591,-0.22987,1.77482,-0.09229,0.12881,1.20838,11.97975,-0.2144,1.71874,0.00386,86.577,22156.741,18984.0
5.7444996130000066,-0.4825,1.51753,12.60127,-0.22875,1.81948,-0.08319,0.27153,1.15243,12.01901,-0.20717,1.74844,0.02354,86.533,22208.0,18353.07
5.7494996130000064,-0.3245,1.56963,12.65663,-0.22698,1.86428,-0.07278,0.41424,1.09647,12.05826,-0.19876,1.77826,0.04499,86.489,22208.0,17646.319
5.754499613000006,-0.36654,1.56741,12.75552,-0.22521,1.90908,-0.06237,0.40365,1.09665,12.09419,-0.19035,1.80808,0.06644,86.445,22573.171,17565.0
5.759499613000006,-0.4346,1.55814,12.86007,-0.22345,1.95388,-0.05197,0.37313,1.10412,12.12968,-0.18194,1.8379,0.08788,86.402,22985.821,17565.0
5.764499613000006,-0.50266,1.54886,12.96462,-0.22168,1.99868,-0.04156,0.34261,1.1116,12.16517,-0.17353,1.86772,0.10933,86.32,23033.0,17118.683
5.769499613000006,-0.57071,1.53958,13.06917,-0.21992,2.04348,-0.03115,0.31209,1.11907,12.20066,-0.16512,1.89754,0.13078,86.233,23033.0,16614.749
5.774499613000006,-0.63877,1.53031,13.17372,-0.21815,2.08828,-0.02074,0.28156,1.12655,12.23615,-0.15671,1.92736,0.15223,86.145,23033.0,16541.0
5.779499613000007,-0.70682,1.52103,13.27827,-0.21639,2.13308,-0.01033,0.25104,1.13402,12.27164,-0.1483,1.95718,0.17368,86.055,23033.0,16541.0
5.784499613000007,-0.77652,1.53591,13.33595,-0.20732,2.18359,-0.03213,0.22052,1.14149,12.30713,-0.13161,1.99465,0.14949,85.968,23191.032,15005.769
5.7894996130000065,-0.84643,1.55403,13.38734,-0.19727,2.23485,-0.05825,0.19,1.14897,12.34262,-0.1138,2.03315,0.11918,85.881,23370.245,13264.773
5.794499613000006,-0.91634,1.57216,13.43874,-0.18722,2.28612,-0.08436,0.17385,1.14717,12.33596,-0.09599,2.07164,0.08888,85.831,23636.584,13034.0
5.799499613000006,-0.98625,1.59028,13.49013,-0.17717,2.33738,-0.11048,0.1599,1.14396,12.32287,-0.07818,2.11014,0.05857,85.786,23916.237,13034.0
5.804499613000006,-1.05616,1.6084,13.54153,-0.16712,2.38865,-0.1366,0.14595,1.14075,12.30977,-0.06038,2.14864,0.02826,85.664,23946.0,11871.748
5.809499613000006,-1.12607,1.62652,13.59292,-0.15707,2.43991,-0.16271,0.13199,1.13754,12.29667,-0.04257,2.18714,-0.00205,85.533,23946.0,10571.068
5.814499613000006,-1.19599,1.64464,13.64432,-0.14702,2.49118,-0.18883,0.11804,1.13433,12.28357,-0.02476,2.22564,-0.03236,85.362,23946.0,10421.0
5.819499613000007,-1.2659,1.66276,13.69571,-0.13697,2.54244,-0.21495,0.10409,1.13112,12.27047,-0.00695,2.26413,-0.06266,85.186,23946.0,10421.0
5.824499613000007,-1.33581,1.68088,13.74711,-0.12692,2.59371,-0.24107,0.28725,1.04392,12.14286,0.0281,2.33693,-0.08255,85.088,24077.487,7323.301
5.8294996130000065,-1.40572,1.699,13.7985,-0.11687,2.64497,-0.26718,0.49589,0.94587,12.00045,0.06538,2.41417,-0.10109,85.0,24225.971,3825.174
5.834499613000006,-1.47531,1.78851,13.85894,-0.08826,2.83011,-0.32116,0.70453,0.84782,11.85804,0.10266,2.4914,-0.11964,84.874,24373.154,3424.0
5.839499613000006,-1.54485,1.88726,13.92055,-0.05725,3.03258,-0.37874,0.91317,0.74977,11.71562,0.13994,2.56864,-0.13818,84.742,24520.168,3424.0
5.844499613000006,-1.61439,1.98602,13.98217,-0.02623,3.23506,-0.43632,1.12181,0.65171,11.57321,0.17722,2.64587,-0.15672,84.609,24537.0,2924.735
5.849499613000006,-1.68394,2.08477,14.04378,0.00478,3.43754,-0.49391,1.33045,0.55366,11.43079,0.2145,2.72311,-0.17526,84.476,24537.0,2360.918
5.854499613000006,-2.22543,1.8761,14.00238,0.034,3.46985,-0.50359,1.53909,0.45561,11.28838,0.25178,2.80034,-0.1938,84.345,24341.423,2304.0
5.859499613000007,-2.81992,1.63291,13.94943,0.06302,3.48307,-0.50789,1.74773,0.35756,11.14597,0.28906,2.87757,-0.21234,84.214,24123.885,2304.0
5.864499613000007,-3.4144,1.38971,13.89647,0.09204,3.49628,-0.5122,0.94442,0.43956,10.98037,0.29446,2.92064,-0.2514,84.122,24099.0,2151.012
5.8694996130000066,-4.00888,1.14652,13.84351,0.12105,3.50949,-0.5165,0.0104,0.54483,10.81178,0.29575,2.95929,-0.2931,84.035,24099.0,1978.263
5.8744996130000064,-4.12281,1.13972,14.1153,0.15007,3.52271,-0.52081,-0.92362,0.6501,10.64318,0.29704,2.99794,-0.3348,83.908,23482.468,1956.0
5.879499613000006,-4.16565,1.16788,14.43514,0.17909,3.53592,-0.52511,-1.85764,0.75536,10.47459,0.29833,3.03659,-0.3765,83.775,22774.728,1956.0
5.884499613000006,-4.20848,1.19605,14.75497,0.20811,3.54913,-0.52941,-2.79166,0.86063,10.30599,0.29963,3.07523,-0.41821,83.643,22693.0,1507.308
5.889499613000006,-4.25132,1.22421,15.07481,0.23712,3.56235,-0.53372,-3.72568,0.9659,10.1374,0.30092,3.11388,-0.45991,83.511,22693.0,1000.037
5.894499613000006,-4.29415,1.25237,15.39464,0.23297,3.51881,-0.5412,-4.38691,1.23444,10.49799,0.28442,3.07235,-0.48152,83.379,20515.264,942.0
5.899499613000006,-4.33699,1.28054,15.71448,0.22454,3.46795,-0.5491,-5.01289,1.52408,10.92694,0.26563,3.02046,-0.50053,83.248,18056.183,942.0
5.904499613000007,-4.37982,1.3087,16.03431,0.2161,3.41709,-0.55699,-5.63887,1.81371,11.3559,0.24684,2.96856,-0.51954,83.116,17774.0,635.203
5.909499613000007,-4.42266,1.33687,16.35415,0.20767,3.36622,-0.56489,-6.26486,2.10335,11.78485,0.22805,2.91667,-0.53854,82.984,17774.0,288.637
5.9144996130000065,-3.66989,1.23856,15.64656,0.19924,3.31536,-0.57279,-6.07765,2.11735,11.20034,0.20926,2.86477,-0.55755,82.852,17774.0,249.0
5.919499613000006,-2.81438,1.12393,14.8063,0.1908,3.2645,-0.58068,-5.78544,2.09576,10.48496,0.19046,2.81288,-0.57656,82.72,17774.0,249.0
5.924499613000006,-1.95886,1.00929,13.96603,0.18237,3.21363,-0.58858,-5.49322,2.07417,9.76957,0.17167,2.76099,-0.59557,82.511,13369.951,249.0
5.929499613000006,-1.10335,0.89466,13.12577,0.17393,3.16277,-0.59648,-5.201,2.05258,9.05418,0.15288,2.70909,-0.61458,82.291,8398.346,249.0
5.934499613000006,-0.24784,0.78002,12.2855,0.1655,3.1119,-0.60437,-4.90878,2.03099,8.3388,0.13409,2.6572,-0.63359,82.109,7822.0,495.135
5.939499613000006,0.60768,0.66538,11.44524,0.15706,3.06104,-0.61227,-4.61656,2.0094,7.62341,0.1153,2.60531,-0.6526,81.932,7822.0,773.545
5.944499613000007,1.11853,0.63158,10.7013,0.13001,2.94918,-0.63588,-4.32435,1.98781,6.90802,0.10373,2.48896,-0.65594,81.64,4762.679,802.0
5.949499613000007,1.59015,0.60697,9.96834,0.10083,2.83038,-0.66129,-4.03213,1.96621,6.19264,0.09299,2.36527,-0.6575,81.334,1355.077,802.0
5.9544996130000065,2.06176,0.58236,9.23537,0.07166,2.71157,-0.68669,-3.90719,1.85295,5.35005,0.08225,2.24158,-0.65905,81.26,964.0,721.003
5.959499613000006,2.53338,0.55776,8.5024,0.04248,2.59277,-0.7121,-3.80394,1.7278,4.49097,0.0715,2.11789,-0.66061,81.216,964.0,629.505
5.964499613000006,3.005,0.53315,7.76944,0.01331,2.47397,-0.7375,-3.7007,1.60265,3.63189,0.06076,1.9942,-0.66217,81.094,887.442,619.0
5.969499613000006,3.47661,0.50855,7.03647,-0.01587,2.35516,-0.76291,-3.59745,1.4775,2.7728,0.05002,1.87051,-0.66372,80.962,800.955,619.0
5.974499613000006,3.94823,0.48394,6.3035,-0.04504,2.23636,-0.78831,-3.4942,1.35235,1.91372,0.03928,1.74682,-0.66528,80.869,791.0,407.011
5.979499613000006,4.41985,0.45933,5.57054,-0.07422,2.11756,-0.81372,-3.39095,1.2272,1.05464,0.02853,1.62313,-0.66683,80.782,791.0,167.446
5.984499613000006,5.66374,0.12103,5.6856,-0.07976,1.7809,-0.732,-3.71705,1.13048,1.14204,-0.02505,1.25857,-0.63034,80.771,443.779,140.0
5.989499613000007,7.00756,-0.25786,5.91039,-0.08225,1.41605,-0.63642,-4.09871,1.03745,1.3519,-0.08418,0.86283,-0.58892,80.771,51.631,140.0
5.9944996130000066,8.35137,-0.63675,6.13518,-0.08474,1.0512,-0.54084,-4.48036,0.94442,1.56176,-0.14331,0.4671,-0.54751,80.733,7.0,139.114
5.9994996130000064,9.69519,-1.01563,6.35997,-0.08723,0.68635,-0.44525,-4.86202,0.85139,1.77162,-0.20244,0.07136,-0.50609,80.689,7.0,138.114
6.004499613000006,9.38092,-0.92554,6.15895,-0.08971,0.3215,-0.34967,-5.24367,0.75836,1.98147,-0.26157,-0.32437,-0.46467,80.723,4.786,138.0
6.009499613000006,8.85243,-0.77486,5.90292,-0.0922,-0.04334,-0.25409,-5.62533,0.66533,2.19133,-0.3207,-0.72011,-0.42326,80.766,2.285,138.0
6.014499613000006,8.32395,-0.62418,5.6469,-0.09469,-0.40819,-0.15851,-4.95641,0.63882,2.18312,-0.34167,-0.94937,-0.29134,80.771,2.0,382.076
6.019499613000006,7.79547,-0.4735,5.39087,-0.09718,-0.77304,-0.06293,-4.15225,0.62088,2.14683,-0.35773,-1.1572,-0.14778,80.771,2.0,657.573
6.024499613000006,7.26699,-0.32283,5.13484,-0.11835,-0.96229,0.03169,-3.34809,0.60293,2.11055,-0.37378,-1.36503,-0.00421,80.811,2.445,689.0
6.029499613000007,6.73851,-0.17215,4.87882,-0.14193,-1.12894,0.1262,-2.54393,0.58499,2.07426,-0.38984,-1.57286,0.13935,80.855,2.948,689.0
6.034499613000007,6.23388,0.07164,4.76799,-0.16551,-1.29558,0.2207,-1.73977,0.56705,2.03797,-0.40589,-1.78069,0.28292,80.899,3.0,1054.656
6.0394996130000065,5.73201,0.32621,4.67398,-0.18909,-1.46223,0.31521,-0.93561,0.5491,2.00168,-0.42195,-1.98852,0.42648,80.942,3.0,1462.658
6.044499613000006,5.23015,0.58078,4.57997,-0.21268,-1.62887,0.40971,-0.84598,0.48868,1.90956,-0.39386,-2.08005,0.46342,80.947,2.558,1510.0
6.049499613000006,4.72828,0.83535,4.48596,-0.23626,-1.79552,0.50422,-0.85014,0.42269,1.81011,-0.35997,-2.15632,0.48636,80.947,2.057,1510.0
6.054499613000006,4.22642,1.08992,4.39195,-0.25984,-1.96216,0.59872,-0.85429,0.3567,1.71067,-0.32609,-2.23259,0.5093,80.986,2.0,1510.0
6.059499613000006,3.72455,1.34449,4.29794,-0.28342,-2.1288,0.69323,-0.85845,0.2907,1.61122,-0.2922,-2.30886,0.53224,81.03,2.0,1510.0
6.064499613000006,3.22268,1.59906,4.20393,-0.26663,-2.23388,0.70591,-0.86261,0.22471,1.51177,-0.25832,-2.38513,0.55518,81.035,2.884,2270.16
6.069499613000007,2.72082,1.85363,4.10992,-0.24452,-2.33085,0.70783,-0.86677,0.15871,1.41232,-0.22443,-2.46139,0.57812,81.035,3.885,3130.366
6.074499613000007,2.70225,1.84504,4.43422,-0.22242,-2.42782,0.70975,-1.22902,0.15117,1.57579,-0.19055,-2.53766,0.60106,81.074,4.0,4296.109
6.0794996130000065,2.74628,1.80236,4.81269,-0.20031,-2.52479,0.71167,-1.63766,0.15119,1.77331,-0.15666,-2.61393,0.624,81.118,4.0,5501.422
6.084499613000006,2.7903,1.75967,5.19116,-0.1782,-2.62176,0.71359,-2.04629,0.15122,1.97084,-0.12278,-2.6902,0.64694,81.162,3.559,5646.0
6.089499613000006,2.83433,1.71699,5.56963,-0.1561,-2.71874,0.71551,-2.45492,0.15124,2.16836,-0.0889,-2.76647,0.66988,81.206,3.058,5646.0
6.094499613000006,2.87835,1.67431,5.9481,-0.13399,-2.81571,0.71743,-2.86355,0.15126,2.36588,-0.08022,-2.87279,0.68452,81.289,3.0,5646.0
6.099499613000006,2.92238,1.63163,6.32657,-0.11189,-2.91268,0.71935,-3.27218,0.15129,2.56341,-0.07483,-2.98303,0.69808,81.377,3.0,5646.0
6.104499613000006,2.82292,1.64942,6.61033,-0.08982,-3.05392,0.75522,-3.68081,0.15131,2.76093,-0.06945,-3.09328,0.71164,81.426,2.557,6567.353
6.109499613000006,2.70484,1.67506,6.8818,-0.06775,-3.2009,0.7955,-4.08944,0.15133,2.95845,-0.06406,-3.20352,0.72521,81.47,2.057,7608.248
6.114499613000007,2.58677,1.70069,7.15327,-0.04569,-3.34788,0.83578,-3.92919,0.20499,3.11907,-0.05868,-3.31377,0.73877,81.514,2.0,9243.405
6.1194996130000066,2.46869,1.72633,7.42474,-0.02363,-3.49486,0.87606,-3.69569,0.26555,3.27494,-0.05329,-3.42402,0.75233,81.557,2.0,10955.09
6.1244996130000064,2.35061,1.75197,7.69621,-0.00157,-3.64184,0.91634,-3.46219,0.32611,3.4308,-0.04791,-3.53426,0.76589,81.601,2.879,11150.0
6.129499613000006,2.23254,1.7776,7.96769,0.0205,-3.78882,0.95661,-3.22868,0.38667,3.58667,-0.04252,-3.64451,0.77945,81.645,3.872,11150.0
6.134499613000006,2.11446,1.80324,8.23916,0.04256,-3.9358,0.99689,-2.99518,0.44723,3.74254,-0.03713,-3.75476,0.79301,81.727,4.0,11968.408
6.139499613000006,1.99639,1.82887,8.51063,0.06462,-4.08278,1.03717,-2.76167,0.50779,3.8984,-0.03175,-3.865,0.80658,81.816,4.0,12908.196
6.144499613000006,1.60887,1.81356,8.91255,0.07191,-4.18244,0.98338,-2.93802,0.53946,4.41476,-0.01704,-3.94395,0.77777,81.865,3.114,13016.0
6.149499613000006,1.18645,1.79293,9.33138,0.07728,-4.27597,0.91739,-3.16748,0.56737,4.97782,-0.00112,-4.01885,0.74346,81.909,2.114,13016.0
6.154499613000007,0.76402,1.77231,9.7502,0.08265,-4.36949,0.8514,-3.39694,0.59529,5.54089,0.01479,-4.09375,0.70916,81.953,2.0,13267.144
6.159499613000007,0.3416,1.75169,10.16903,0.08802,-4.46302,0.78542,-3.62641,0.62321,6.10395,0.03071,-4.16864,0.67486,81.997,2.0,13550.497
6.1644996130000065,-0.08083,1.73106,10.58786,0.09338,-4.55655,0.71943,-3.76044,0.69285,6.39511,0.04663,-4.24354,0.64056,82.041,2.885,13583.0
6.169499613000006,-0.50325,1.71044,11.00668,0.09875,-4.65008,0.65345,-3.88211,0.7679,6.65105,0.06254,-4.31843,0.60626,82.085,3.885,13583.0
6.174499613000006,-0.55159,1.65831,11.8157,0.10238,-4.71789,0.61568,-4.00379,0.84294,6.90698,0.07846,-4.39333,0.57196,82.09,4.0,14239.187
6.179499613000006,-0.55144,1.60209,12.67529,0.10578,-4.78238,0.58157,-4.12546,0.91799,7.16291,0.09438,-4.46823,0.53766,82.09,4.0,14980.435
6.184499613000006,-0.55129,1.54587,13.53489,0.10918,-4.84686,0.54747,-4.24713,0.99303,7.41884,0.0958,-4.57039,0.4704,82.168,3.108,15056.0
6.189499613000006,-0.55114,1.48965,14.39448,0.11258,-4.91135,0.51336,-4.3688,1.06808,7.67477,0.09557,-4.67565,0.39939,82.256,2.115,15056.0
6.194499613000006,-0.73695,1.47927,14.84113,0.11599,-4.97584,0.47925,-4.49047,1.14313,7.93071,0.09535,-4.7809,0.32838,82.305,2.0,15666.566
6.199499613000007,-0.94698,1.47486,15.23395,0.11939,-5.04032,0.44514,-4.61215,1.21817,8.18664,0.09512,-4.88616,0.25738,82.348,2.0,16356.707
6.2044996130000065,-1.15702,1.47045,15.62678,0.12279,-5.10481,0.41103,-4.3305,1.30044,8.6111,0.0949,-4.99142,0.18637,82.392,2.443,16436.0
6.209499613000006,-1.36706,1.46604,16.01961,0.12619,-5.16929,0.37692,-3.99651,1.38364,9.05745,0.09467,-5.09668,0.11536,82.436,2.943,16436.0
6.214499613000006,-1.5771,1.46163,16.41243,0.12959,-5.23378,0.34281,-3.66252,1.46684,9.50379,0.0824,-5.08993,0.11026,82.519,3.0,16548.358
6.219499613000006,-1.78713,1.45722,16.80526,0.13299,-5.29826,0.3087,-3.32852,1.55005,9.95013,0.06858,-5.06879,0.11364,82.607,3.0,16675.161
6.224499613000006,-1.99717,1.45282,17.19809,0.11456,-5.29437,0.31081,-2.99453,1.63325,10.39647,0.05476,-5.04764,0.11701,82.656,3.442,16690.0
6.229499613000006,-2.20721,1.44841,17.59091,0.09323,-5.28141,0.31772,-2.66053,1.71645,10.84282,0.04095,-5.0265,0.12039,82.7,3.942,16690.0
6.234499613000006,-2.8901,1.51485,17.95839,0.0719,-5.26845,0.32463,-2.69112,1.8583,11.35424,0.02713,-5.00535,0.12376,82.783,4.0,16898.08
6.239499613000007,-3.63441,1.59049,18.32257,0.05057,-5.2555,0.33154,-2.76907,2.00777,11.87413,0.01331,-4.98421,0.12713,82.871,4.0,17133.189
6.2444996130000066,-4.37872,1.66614,18.68675,0.02925,-5.24254,0.33845,-2.84702,2.15724,12.39401,-0.00051,-4.96306,0.13051,82.998,4.0,17160.0
6.2494996130000064,-5.12303,1.74178,19.05093,0.00792,-5.22958,0.34536,-2.92496,2.3067,12.91389,-0.01433,-4.94192,0.13388,83.129,4.0,17160.0
6.254499613000006,-5.86735,1.81743,19.41512,-0.01341,-5.21663,0.35227,-3.00291,2.45617,13.43377,-0.02815,-4.92078,0.13725,83.3,4.0,17105.561
6.259499613000006,-6.61166,1.89307,19.7793,-0.03474,-5.20367,0.35918,-3.08086,2.60564,13.95365,-0.04197,-4.89963,0.14063,83.476,4.0,17044.054
6.264499613000006,-6.90788,1.94887,19.75532,-0.04147,-5.14149,0.26589,-3.22762,2.56377,14.07737,-0.03489,-4.81275,0.05374,83.613,3.558,17037.0
6.269499613000006,-7.14606,2.00209,19.68105,-0.0463,-5.07293,0.15963,-3.38331,2.49711,14.14976,-0.02511,-4.71735,-0.04483,83.744,3.058,17037.0
6.274499613000006,-7.38423,2.05531,19.60678,-0.05113,-5.00438,0.05336,-3.53899,2.43045,14.22214,-0.01532,-4.62195,-0.1434,83.876,3.0,17245.76
6.279499613000007,-7.6224,2.10854,19.53251,-0.05597,-4.93582,-0.0529,-3.69468,2.36379,14.29453,-0.00553,-4.52655,-0.24198,84.008,3.0,17481.918
6.284499613000007,-7.86058,2.16176,19.45824,-0.0608,-4.86727,-0.15917,-3.85036,2.29713,14.36692,0.00425,-4.43115,-0.34055,84.179,2.558,17509.0
6.2894996130000065,-8.09875,2.21498,19.38397,-0.06564,-4.79871,-0.26543,-4.00605,2.23047,14.43931,0.01404,-4.33575,-0.43912,84.355,2.058,17509.0
6.294499613000006,-8.33692,2.26821,19.3097,-0.07047,-4.73015,-0.3717,-4.16173,2.16381,14.5117,0.02382,-4.24035,-0.5377,84.531,2.0,17484.981
6.299499613000006,-8.5751,2.32143,19.23543,-0.07531,-4.6616,-0.47796,-4.31741,2.09715,14.58409,0.03361,-4.14494,-0.63627,84.708,2.0,17457.818
6.304499613000006,-9.12049,2.42592,18.63524,-0.0191,-4.40701,-0.5151,-3.85065,1.70234,14.25031,0.10113,-3.90607,-0.64629,84.805,2.446,17455.0
6.309499613000006,-9.70146,2.53635,17.97417,0.04417,-4.13089,-0.54424,-3.31182,1.26954,13.86951,0.17534,-3.6506,-0.64606,84.892,2.943,17455.0
6.314499613000006,-10.28242,2.64678,17.3131,0.10744,-3.85477,-0.57338,-2.773,0.83674,13.48872,0.24955,-3.39512,-0.64583,85.019,3.0,17586.535
6.319499613000006,-10.86338,2.7572,16.65203,0.17071,-3.57865,-0.60251,-2.23417,0.40394,13.10792,0.32376,-3.13964,-0.6456,85.151,3.0,17735.007
6.324499613000007,-11.44434,2.86763,15.99095,0.23398,-3.30253,-0.63165,-2.13899,0.17558,13.1091,0.39796,-2.88416,-0.64537,85.283,2.557,17752.0
6.3294996130000065,-12.02531,2.97806,15.32988,0.29725,-3.02641,-0.66079,-2.10115,-0.02636,13.15965,0.47217,-2.62868,-0.64514,85.415,2.058,17752.0
6.334499613000006,-13.18626,2.24234,14.69966,0.29446,-2.73635,-0.56852,-2.06331,-0.2283,13.2102,0.4628,-2.35183,-0.52731,85.507,2.0,17680.642
6.339499613000006,-14.42262,1.39663,14.07344,0.28309,-2.44448,-0.46048,-2.02547,-0.43024,13.26075,0.44256,-2.07221,-0.39419,85.595,2.0,17600.008
6.344499613000006,-15.65897,0.55093,13.44723,0.27171,-2.1526,-0.35244,-1.98763,-0.63219,13.3113,0.42232,-1.79258,-0.26108,85.605,2.0,17590.0
6.349499613000006,-16.89532,-0.29478,12.82101,0.26033,-1.86073,-0.24439,-1.94979,-0.83413,13.36185,0.40208,-1.51296,-0.12797,85.605,2.0,17590.0
6.354499613000006,-17.8447,-0.73826,12.94506,0.24896,-1.56886,-0.13635,-1.76252,-1.18002,13.79708,0.38184,-1.23333,0.00515,85.567,2.0,18649.502
6.359499613000006,-18.75673,-1.12939,13.16673,0.23758,-1.27698,-0.02831,-1.55581,-1.54464,14.28236,0.3616,-0.95371,0.13826,85.523,2.0,19846.879
6.364499613000007,-19.66876,-1.52053,13.38841,0.2262,-0.98511,0.07974,-1.3491,-1.90927,14.76765,0.34136,-0.67408,0.27138,85.518,3.327,19985.0
6.3694996130000066,-20.5808,-1.91166,13.61008,0.21483,-0.69323,0.18778,-1.14239,-2.27389,15.25294,0.32112,-0.39446,0.40449,85.518,4.826,19985.0
6.3744996130000064,-21.49283,-2.3028,13.83176,0.20345,-0.40136,0.29582,-0.93568,-2.63852,15.73822,0.30088,-0.11483,0.53761,85.479,5.0,19985.0
6.379499613000006,-22.40486,-2.69393,14.05343,0.19208,-0.10948,0.40387,-0.72897,-3.00314,16.22351,0.28064,0.16479,0.67072,85.435,5.0,19985.0
6.384499613000006,-23.31689,-3.08506,14.2751,0.1807,0.18239,0.51191,-0.52225,-3.36777,16.70879,0.26308,0.32299,0.68601,85.43,3.671,21481.277
6.389499613000006,-24.22892,-3.4762,14.49678,0.16932,0.47426,0.61995,-0.31554,-3.73239,17.19408,0.24586,0.46555,0.68612,85.43,2.171,23170.309
6.394499613000006,-21.15759,-3.42263,14.13444,0.15264,0.62444,0.61653,-0.52959,-3.17096,16.14565,0.22864,0.60811,0.68623,85.352,2.0,24173.418
6.399499613000006,-17.57331,-3.3118,13.6969,0.13528,0.75637,0.59876,-0.79782,-2.49027,14.89972,0.21142,0.75067,0.68634,85.264,2.0,25088.198
6.404499613000006,-13.98902,-3.20097,13.25936,0.11792,0.8883,0.58099,-1.06605,-1.80958,13.65379,0.19421,0.89322,0.68646,85.137,2.0,25193.0
6.409499613000007,-10.40473,-3.09014,12.82181,0.10056,1.02022,0.56321,-1.33427,-1.12889,12.40786,0.17699,1.03578,0.68657,85.005,2.0,25193.0
6.4144996130000065,-6.82045,-2.97931,12.38427,0.0832,1.15215,0.54544,-1.6025,-0.4482,11.16193,0.15977,1.17834,0.68668,84.835,2.0,25193.0
6.419499613000006,-3.23616,-2.86848,11.94672,0.06584,1.28408,0.52767,-1.87073,0.23249,9.91599,0.14255,1.3209,0.68679,84.659,2.0,25193.0
6.424499613000006,0.34813,-2.75765,11.50918,0.04847,1.41601,0.50989,-1.40493,0.51173,9.80979,0.11806,1.36731,0.57034,84.522,2.885,25354.101
6.429499613000006,3.93241,-2.64682,11.07164,0.03111,1.54794,0.49212,-0.84396,0.73893,9.85135,0.09262,1.40126,0.43878,84.39,3.885,25536.088
6.434499613000006,4.06746,-2.14951,10.99261,-0.00185,1.65045,0.33959,-0.28299,0.96613,9.89291,0.06718,1.43522,0.30722,84.258,4.0,25893.751
6.439499613000006,3.7547,-1.60202,10.96012,-0.03683,1.74915,0.16957,0.27797,1.19332,9.93447,0.04174,1.46917,0.17566,84.126,4.0,26274.221
6.444499613000006,3.44194,-1.05453,10.92764,-0.07182,1.84785,-0.00046,0.83894,1.42052,9.97603,0.0163,1.50312,0.0441,83.995,4.884,26318.0
6.449499613000007,3.12917,-0.50704,10.89515,-0.10681,1.94655,-0.17048,1.39991,1.64772,10.01759,-0.00914,1.53707,-0.08747,83.863,5.884,26318.0
6.4544996130000065,2.81641,0.04045,10.86266,-0.14179,2.04525,-0.34051,1.96087,1.87492,10.05914,-0.03458,1.57102,-0.21903,83.809,6.0,26245.919
6.459499613000006,2.50365,0.58794,10.83018,-0.17678,2.14395,-0.51054,2.52184,2.10212,10.1007,-0.06002,1.60497,-0.35059,83.765,6.0,26164.359
6.464499613000006,2.50768,0.83902,10.80113,-0.14176,2.08608,-0.46718,2.39497,1.56547,9.54203,-0.04383,1.59482,-0.32962,83.721,6.0,26155.0
6.469499613000006,2.55277,1.05167,10.77253,-0.09766,2.00792,-0.39616,2.17893,0.92981,8.90556,-0.02224,1.57895,-0.28888,83.677,6.0,26155.0
6.474499613000006,2.59786,1.26432,10.74392,-0.05356,1.92976,-0.32514,1.9629,0.29414,8.26908,-0.00065,1.56309,-0.24814,83.594,6.0,26212.537
6.479499613000006,2.64295,1.47697,10.71532,-0.00946,1.8516,-0.25412,1.74686,-0.34152,7.6326,0.02094,1.54722,-0.2074,83.506,6.0,26277.51
6.484499613000006,2.68804,1.68962,10.68672,0.03464,1.77344,-0.1831,1.42195,-0.16884,7.59479,0.04253,1.53135,-0.16666,83.379,4.229,26285.0
6.489499613000007,2.73313,1.90227,10.65811,0.07874,1.69528,-0.11209,1.08285,0.10917,7.63498,0.06412,1.51548,-0.12592,83.247,2.228,26285.0
6.4944996130000066,2.42601,1.53951,10.48834,0.07887,1.64314,-0.10459,0.74376,0.38718,7.67518,0.08571,1.49962,-0.08518,83.077,2.0,26245.146
6.4994996130000064,2.07355,1.10268,10.30039,0.07335,1.59434,-0.10526,0.40466,0.66519,7.71537,0.1073,1.48375,-0.04444,82.901,2.0,26200.162
6.504499613000006,1.72109,0.66585,10.11244,0.06782,1.54555,-0.10594,0.06556,0.9432,7.75556,0.12889,1.46788,-0.0037,82.803,3.328,26195.0
6.509499613000006,1.36863,0.22902,9.9245,0.06229,1.49676,-0.10661,-0.27354,1.22121,7.79576,0.15048,1.45202,0.03704,82.715,4.828,26195.0
6.514499613000006,1.29051,0.38789,10.2535,0.05677,1.44797,-0.10729,-0.61264,1.49923,7.83595,0.14556,1.40979,0.0126,82.705,5.0,26240.143
6.519499613000006,1.24789,0.62382,10.64938,0.05124,1.39918,-0.10796,-0.95173,1.77724,7.87614,0.13721,1.36414,-0.02028,82.705,5.0,26291.127
6.524499613000006,1.20526,0.85975,11.04526,0.04571,1.35038,-0.10864,-1.30971,1.87719,8.08569,0.12886,1.3185,-0.05315,82.744,4.116,26297.0
6.529499613000006,1.16263,1.09568,11.44113,0.04019,1.30159,-0.10932,-1.67015,1.95396,8.31728,0.12051,1.27286,-0.08603,82.788,3.116,26297.0
6.534499613000007,1.12001,1.33161,11.83701,0.05057,1.20197,-0.12063,-2.03059,2.03074,8.54887,0.11216,1.22722,-0.11891,82.832,3.0,26224.918
6.5394996130000065,1.07738,1.56754,12.23289,0.06304,1.09568,-0.13335,-2.39103,2.10751,8.78046,0.10381,1.18157,-0.15178,82.876,3.0,26143.378
6.544499613000006,1.03475,1.80347,12.62877,0.07551,0.9894,-0.14606,-2.75147,2.18428,9.01205,0.09546,1.13593,-0.18466,82.92,3.884,26134.0
6.549499613000006,0.99213,2.0394,13.02465,0.08798,0.88311,-0.15878,-3.1119,2.26106,9.24364,0.08711,1.09029,-0.21754,82.964,4.882,26134.0
6.554499613000006,1.00539,1.92558,12.65312,0.10045,0.77682,-0.17149,-3.16032,2.17582,9.20644,0.07794,1.00432,-0.26343,82.969,5.0,26170.641
6.559499613000006,1.02613,1.76499,12.17894,0.11292,0.67053,-0.1842,-3.16699,2.06891,9.13329,0.06865,0.91296,-0.31106,82.969,5.0,26212.183
6.564499613000006,1.04687,1.60439,11.70477,0.1254,0.56424,-0.19692,-3.17367,1.96201,9.06013,0.05937,0.8216,-0.35869,83.008,464.625,26217.0
6.569499613000006,1.06761,1.44379,11.23059,0.13787,0.45795,-0.20963,-3.18034,1.8551,8.98698,0.05009,0.73024,-0.40632,83.052,984.536,26217.0
6.574499613000007,1.08835,1.28319,10.75641,0.15034,0.35167,-0.22235,-3.18702,1.7482,8.91382,0.04081,0.63888,-0.45395,83.134,1044.0,26189.104
6.5794996130000065,1.10909,1.12259,10.28224,0.16281,0.24538,-0.23506,-3.19369,1.64129,8.84067,0.03153,0.54752,-0.50158,83.222,1044.0,26157.605
6.584499613000006,1.13323,1.04897,10.24326,0.16571,0.24377,-0.21967,-3.20037,1.53438,8.76752,0.02225,0.45616,-0.54921,83.271,1997.651,26154.0
6.589499613000006,1.1578,0.98659,10.26053,0.16736,0.2557,-0.20064,-3.20704,1.42748,8.69436,0.01296,0.3648,-0.59684,83.315,3074.564,26154.0
6.594499613000006,1.18238,0.9242,10.2778,0.16902,0.26762,-0.18162,-1.65711,0.94962,8.80328,0.0518,0.4011,-0.49866,83.359,3198.0,26047.786
6.599499613000006,1.20696,0.86182,10.29507,0.17068,0.27955,-0.16259,0.09434,0.42375,8.93578,0.09687,0.45393,-0.38161,83.403,3198.0,25927.823
6.604499613000006,1.23154,0.79944,10.31234,0.17234,0.29147,-0.14357,1.84579,-0.10213,9.06827,0.14193,0.50676,-0.26455,83.486,3439.041,25914.0
6.609499613000006,1.25612,0.73706,10.32961,0.174,0.3034,-0.12454,3.59724,-0.628,9.20077,0.187,0.55959,-0.14749,83.573,3711.471,25914.0
6.614499613000007,1.2807,0.67468,10.34689,0.17566,0.31532,-0.10552,3.20487,-0.30758,9.28643,0.18465,0.55705,-0.1334,83.661,3745.0,25881.856
6.6194996130000066,1.30527,0.61229,10.36416,0.17732,0.32725,-0.08649,2.51162,0.13161,9.36552,0.17565,0.54673,-0.13375,83.75,3745.0,25845.201
6.6244996130000064,1.15983,0.77456,10.39383,0.16696,0.32153,-0.08414,1.81838,0.57081,9.4446,0.16665,0.53641,-0.13411,83.799,4576.488,25841.0
6.629499613000006,0.99237,0.96591,10.42512,0.15505,0.31352,-0.08395,1.12513,1.01,9.52369,0.15765,0.5261,-0.13447,83.843,5515.618,25841.0
6.634499613000006,0.82492,1.15726,10.4564,0.14314,0.30552,-0.08376,0.43189,1.44919,9.60278,0.14866,0.51578,-0.13482,83.887,5624.0,25782.15
6.639499613000006,0.65746,1.34861,10.48768,0.13123,0.29752,-0.08357,-0.26136,1.88839,9.68186,0.13966,0.50546,-0.13518,83.931,5624.0,25715.622
6.644499613000006,0.57409,1.38458,10.49793,0.11931,0.28951,-0.08338,-0.30464,1.97107,9.72987,0.13066,0.49515,-0.13554,83.974,6157.696,25708.0
6.649499613000006,0.5016,1.40043,10.50546,0.1074,0.28151,-0.08319,-0.26381,2.00762,9.77386,0.12166,0.48483,-0.1359,84.018,6760.444,25708.0
6.654499613000006,0.42911,1.41629,10.51299,0.09549,0.27351,-0.083,-0.22299,2.04418,9.81785,0.11266,0.47451,-0.13625,84.062,6830.0,25660.659
6.659499613000007,0.35662,1.43214,10.52051,0.08358,0.2655,-0.08281,-0.18217,2.08073,9.86184,0.10366,0.46419,-0.13661,84.106,6830.0,25607.142
6.6644996130000065,0.28413,1.448,10.52804,0.07242,0.26621,-0.09168,-0.14135,2.11728,9.90583,0.09466,0.45388,-0.13697,84.15,7576.35,25601.0
6.669499613000006,0.21164,1.46385,10.53557,0.06137,0.26806,-0.10172,-0.10053,2.15384,9.94982,0.08566,0.44356,-0.13732,84.194,8419.46,25601.0
6.674499613000006,0.13915,1.47971,10.5431,0.05031,0.2699,-0.11176,-0.11903,2.10259,9.99365,0.07301,0.43761,-0.14734,84.238,8516.0,25576.22
6.679499613000006,0.06666,1.49557,10.55062,0.03925,0.27174,-0.1218,-0.14521,2.03998,10.03747,0.05989,0.43223,-0.1586,84.282,8516.0,25548.236
6.684499613000006,0.05445,1.42966,10.56569,0.02819,0.27358,-0.13185,-0.17138,1.97737,10.08128,0.04677,0.42685,-0.16986,84.287,8961.378,25545.0
6.689499613000006,0.05012,1.35307,10.58174,0.01714,0.27542,-0.14189,-0.19755,1.91477,10.1251,0.03365,0.42147,-0.18113,84.287,9464.982,25545.0
6.694499613000006,0.04579,1.27648,10.59779,0.01213,0.28103,-0.14238,-0.22373,1.85216,10.16891,0.02053,0.41609,-0.19239,84.326,9523.0,25545.0
6.699499613000007,0.04146,1.19989,10.61384,0.00791,0.28713,-0.14162,-0.2499,1.78956,10.21273,0.00741,0.41071,-0.20365,84.37,9523.0,25545.0
6.7044996130000065,0.03713,1.1233,10.62989,0.00369,0.29322,-0.14086,-0.22107,1.73932,10.20922,0.00157,0.41077,-0.19601,84.414,9976.983,25452.17
6.709499613000006,0.0328,1.04671,10.64594,-0.00053,0.29932,-0.1401,-0.18497,1.69072,10.19946,-0.00332,0.41154,-0.18587,84.458,10490.922,25347.08
6.714499613000006,0.01483,1.06225,10.63144,-0.00475,0.30542,-0.13935,-0.14886,1.64212,10.18969,-0.0082,0.41232,-0.17574,84.463,10550.0,25204.684
6.719499613000006,-0.00491,1.08976,10.61296,-0.00896,0.31152,-0.13859,-0.11276,1.59351,10.17993,-0.01308,0.41309,-0.1656,84.463,10550.0,25057.442
6.724499613000006,-0.02465,1.11727,10.59449,-0.01318,0.31762,-0.13783,-0.07666,1.54491,10.17017,-0.01796,0.41386,-0.15546,84.463,10655.905,25040.0
6.729499613000006,-0.04439,1.14478,10.57602,-0.0174,0.32372,-0.13707,-0.04056,1.49631,10.16041,-0.02285,0.41464,-0.14532,84.463,10776.041,25040.0
6.734499613000006,-0.06413,1.17229,10.55755,-0.02162,0.32981,-0.13632,-0.00446,1.44771,10.15064,-0.02773,0.41541,-0.13519,84.502,10790.0,25040.0
6.739499613000006,-0.08387,1.1998,10.53907,-0.02584,0.33591,-0.13556,0.03164,1.3991,10.14088,-0.03261,0.41619,-0.12505,84.546,10790.0,25040.0
6.7444996130000066,-0.10361,1.22731,10.5206,-0.03006,0.34201,-0.1348,-0.05646,1.3627,10.11468,-0.03427,0.40669,-0.12753,84.551,11818.747,24955.524
6.7494996130000064,-0.12335,1.25483,10.50213,-0.03428,0.34811,-0.13404,-0.16059,1.32787,10.08636,-0.03552,0.39586,-0.13165,84.551,12980.353,24860.139
6.754499613000006,-0.12041,1.21716,10.48489,-0.03444,0.34615,-0.13432,-0.26473,1.29304,10.05803,-0.03676,0.38503,-0.13577,84.551,13116.0,24864.017
6.759499613000006,-0.11446,1.17088,10.46781,-0.03408,0.34313,-0.13473,-0.36887,1.25821,10.02971,-0.03801,0.37421,-0.13988,84.551,13116.0,24881.019
6.764499613000006,-0.10852,1.1246,10.45074,-0.03371,0.34011,-0.13514,-0.47301,1.22338,10.00139,-0.03925,0.36338,-0.144,84.551,13503.662,24883.0
6.769499613000006,-0.10257,1.07833,10.43366,-0.03334,0.33709,-0.13555,-0.57715,1.18855,9.97307,-0.0405,0.35256,-0.14812,84.551,13942.442,24883.0
6.774499613000006,-0.09663,1.03205,10.41659,-0.03297,0.33407,-0.13596,-0.53986,1.13147,9.97026,-0.03952,0.35239,-0.1473,84.551,13993.0,24883.0
6.779499613000006,-0.09068,0.98577,10.39951,-0.0326,0.33105,-0.13637,-0.48415,1.07148,9.97077,-0.03824,0.35361,-0.14584,84.551,13993.0,24883.0
6.784499613000007,-0.05648,1.00927,10.39275,-0.03108,0.33286,-0.13507,-0.42843,1.0115,9.97129,-0.03697,0.35483,-0.14438,84.551,14407.782,24668.534
6.7894996130000065,-0.01859,1.04189,10.38734,-0.02942,0.3353,-0.13353,-0.37272,0.95152,9.9718,-0.0357,0.35605,-0.14292,84.551,14876.747,24426.052
6.794499613000006,0.01931,1.07451,10.38192,-0.02775,0.33774,-0.132,-0.31701,0.89153,9.97232,-0.03442,0.35727,-0.14146,84.59,14931.0,24206.443
6.799499613000006,0.0572,1.10713,10.37651,-0.02608,0.34018,-0.13047,-0.2613,0.83155,9.97283,-0.03315,0.35849,-0.14,84.634,14931.0,23989.826
6.804499613000006,0.04277,1.12701,10.3719,-0.02442,0.34262,-0.12894,-0.22496,0.90525,9.98654,-0.03188,0.35972,-0.13854,84.639,15067.407,23965.0
6.809499613000006,0.02157,1.14523,10.3674,-0.02275,0.34506,-0.1274,-0.19113,0.99626,10.00195,-0.03061,0.36094,-0.13707,84.639,15221.471,23965.0
6.814499613000006,0.00037,1.16346,10.3629,-0.02108,0.34751,-0.12587,-0.1573,1.08727,10.01737,-0.02933,0.36216,-0.13561,84.639,15239.0,23851.181
6.819499613000006,-0.02083,1.18168,10.3584,-0.01942,0.34995,-0.12434,-0.12347,1.17828,10.03278,-0.02806,0.36338,-0.13415,84.639,15239.0,23722.748
6.824499613000007,-0.04204,1.19991,10.3539,-0.02044,0.35246,-0.1241,-0.08965,1.26929,10.04819,-0.02679,0.3646,-0.13269,84.639,15239.0,23708.0
6.8294996130000065,-0.06324,1.21813,10.3494,-0.02181,0.35498,-0.12404,-0.05582,1.3603,10.06361,-0.02552,0.36582,-0.13123,84.639,15239.0,23708.0
6.834499613000006,-0.08444,1.23636,10.3449,-0.02319,0.3575,-0.12397,-0.07236,1.34818,10.06537,-0.02615,0.3691,-0.13019,84.639,15615.078,23680.159
6.839499613000006,-0.10564,1.25458,10.3404,-0.02456,0.36003,-0.1239,-0.09551,1.32254,10.06534,-0.02704,0.37265,-0.12921,84.639,16040.432,23648.67
6.844499613000006,-0.10091,1.23408,10.34822,-0.02594,0.36255,-0.12384,-0.11866,1.29691,10.06531,-0.02792,0.37621,-0.12822,84.677,16036.649,23645.0
6.849499613000006,-0.09277,1.20847,10.35767,-0.02731,0.36507,-0.12377,-0.14181,1.27127,10.06529,-0.02881,0.37976,-0.12724,84.721,15976.26,23645.0
6.854499613000006,-0.08462,1.18287,10.36712,-0.02674,0.36496,-0.12301,-0.16495,1.24564,10.06526,-0.02969,0.38331,-0.12625,84.727,15969.0,23503.386
6.859499613000006,-0.07647,1.15726,10.37657,-0.0259,0.36449,-0.12216,-0.1881,1.22001,10.06523,-0.03058,0.38686,-0.12527,84.727,15969.0,23342.419
6.864499613000006,-0.06833,1.13165,10.38602,-0.02506,0.36402,-0.12131,-0.21125,1.19437,10.0652,-0.03146,0.39041,-0.12428,84.727,16388.698,23324.0
6.8694996130000066,-0.06018,1.10604,10.39547,-0.02423,0.36355,-0.12046,-0.23439,1.16874,10.06517,-0.03235,0.39397,-0.1233,84.727,16862.628,23324.0
6.8744996130000064,-0.05203,1.08044,10.40492,-0.02339,0.36308,-0.11961,-0.29798,1.15791,10.07709,-0.03389,0.38968,-0.12119,84.727,16917.0,23332.414
6.879499613000006,-0.04388,1.05483,10.41436,-0.02255,0.36261,-0.11876,-0.36682,1.149,10.09055,-0.03552,0.38437,-0.11893,84.727,16917.0,23341.918
6.884499613000006,-0.0663,1.05563,10.41285,-0.02172,0.36214,-0.11791,-0.43565,1.14009,10.10401,-0.03716,0.37907,-0.11667,84.727,16961.45,23343.0
6.889499613000006,-0.09265,1.05983,10.40993,-0.02088,0.36167,-0.11706,-0.50448,1.13118,10.11747,-0.03879,0.37377,-0.11441,84.727,17011.613,23343.0
6.894499613000006,-0.119,1.06403,10.407,-0.02004,0.3612,-0.11621,-0.39351,1.11218,10.11721,-0.0392,0.38544,-0.10794,84.766,17017.0,23192.521
6.899499613000006,-0.14535,1.06822,10.40408,-0.01921,0.36073,-0.11536,-0.26091,1.09197,10.11529,-0.03947,0.39916,-0.10097,84.809,17017.0,23023.937
6.904499613000006,-0.1717,1.07242,10.40116,-0.01837,0.36026,-0.11451,-0.12831,1.07176,10.11338,-0.03974,0.41287,-0.09399,84.814,17367.307,23004.0
6.909499613000007,-0.19805,1.07662,10.39824,-0.01753,0.35979,-0.11366,0.0043,1.05155,10.11146,-0.04001,0.42659,-0.08701,84.814,17764.601,23004.0
6.9144996130000065,-0.20654,1.06485,10.39603,-0.01959,0.36332,-0.10876,0.1369,1.03134,10.10955,-0.04027,0.44031,-0.08004,84.853,17810.0,22970.346
6.919499613000006,-0.21273,1.05103,10.39392,-0.02202,0.36736,-0.10335,0.2695,1.01113,10.10763,-0.04054,0.45402,-0.07306,84.897,17810.0,22932.35
6.924499613000006,-0.21892,1.0372,10.39181,-0.02445,0.3714,-0.09793,0.30621,1.05098,10.13751,-0.04081,0.46774,-0.06609,84.941,17774.6,22928.0
6.929499613000006,-0.22511,1.02338,10.3897,-0.02688,0.37544,-0.09252,0.33051,1.09859,10.17151,-0.04108,0.48146,-0.05911,84.985,17734.624,22928.0
6.934499613000006,-0.2313,1.00955,10.38759,-0.02931,0.37948,-0.0871,0.35482,1.1462,10.2055,-0.04135,0.49517,-0.05214,85.029,17730.0,22751.466
6.939499613000006,-0.23749,0.99573,10.38548,-0.03173,0.38353,-0.08169,0.37913,1.19381,10.23949,-0.04162,0.50889,-0.04516,85.073,17730.0,22551.842
6.944499613000006,-0.24367,0.9819,10.38336,-0.03416,0.38757,-0.07627,0.40343,1.24142,10.27349,-0.04188,0.52261,-0.03819,85.117,17997.801,22529.0
6.949499613000006,-0.24986,0.96808,10.38125,-0.03659,0.39161,-0.07085,0.42774,1.28903,10.30748,-0.04215,0.53632,-0.03121,85.161,18300.205,22529.0
6.9544996130000065,-0.2654,1.00304,10.38664,-0.04461,0.42359,-0.0749,0.45205,1.33664,10.34147,-0.04966,0.56447,-0.03192,85.205,18336.0,22272.564
6.959499613000006,-0.28219,1.04456,10.39304,-0.05338,0.45933,-0.08021,0.47635,1.38425,10.37547,-0.05815,0.59454,-0.03367,85.249,18336.0,21981.698
6.964499613000006,-0.29898,1.08608,10.39944,-0.06214,0.49507,-0.08552,0.46181,1.39261,10.37541,-0.06664,0.62462,-0.03542,85.254,18187.826,21948.0
6.969499613000006,-0.31577,1.1276,10.40584,-0.07091,0.5308,-0.09083,0.44219,1.39582,10.37088,-0.07512,0.6547,-0.03716,85.254,18020.237,21948.0
6.974499613000006,-0.33256,1.16912,10.41223,-0.07968,0.56654,-0.09614,0.42256,1.39904,10.36636,-0.08361,0.68478,-0.03891,85.293,18001.0,21762.054
6.979499613000006,-0.34935,1.21064,10.41863,-0.08845,0.60227,-0.10146,0.40293,1.40225,10.36184,-0.09209,0.71486,-0.04065,85.337,18001.0,21551.996
6.984499613000006,-0.37382,1.18502,10.39414,-0.08941,0.62608,-0.09564,0.3833,1.40547,10.35732,-0.09416,0.74405,-0.03213,85.342,18331.034,21528.0
6.989499613000006,-0.39928,1.15075,10.36567,-0.08937,0.64835,-0.08839,0.36367,1.40868,10.35279,-0.09539,0.77312,-0.02228,85.342,18703.633,21528.0
6.9944996130000066,-0.42474,1.11648,10.33719,-0.08933,0.67061,-0.08114,0.30768,1.29932,10.30689,-0.09663,0.80219,-0.01243,85.342,18746.0,21288.367
6.9994996130000064,-0.4502,1.08221,10.30872,-0.08929,0.69288,-0.07389,0.24702,1.17551,10.25569,-0.09786,0.83126,-0.00259,85.342,18746.0,21017.99
7.004499613000006,-0.47462,1.05894,10.30466,-0.08925,0.71514,-0.06664,0.18637,1.05171,10.20448,-0.0991,0.86033,0.00726,85.381,18653.482,20987.0
7.009499613000006,-0.4989,1.0371,10.30377,-0.08921,0.73741,-0.05939,0.12572,0.9279,10.15327,-0.10034,0.88941,0.01711,85.425,18548.987,20987.0
7.014499613000006,-0.52318,1.01526,10.30288,-0.08917,0.75968,-0.05214,0.04359,0.99651,10.18643,-0.10679,0.90886,0.01236,85.43,18537.0,20744.486
7.019499613000006,-0.54746,0.99342,10.30199,-0.08912,0.78194,-0.04489,-0.04131,1.09005,10.23052,-0.11391,0.92707,0.00571,85.43,18537.0,20470.546
7.024499613000006,-0.57174,0.97157,10.3011,-0.08908,0.80421,-0.03764,-0.12621,1.18359,10.27461,-0.12104,0.94528,-0.00094,85.43,18804.309,20439.0
7.029499613000006,-0.59602,0.94973,10.30021,-0.08904,0.82647,-0.03039,-0.21112,1.27713,10.3187,-0.12817,0.96349,-0.00758,85.43,19106.406,20439.0
7.034499613000007,-0.65828,0.98531,10.40188,-0.09589,0.85029,-0.03377,-0.29602,1.37068,10.36279,-0.1353,0.98171,-0.01423,85.43,19142.0,20104.231
7.0394996130000065,-0.72562,1.02856,10.51726,-0.10366,0.87431,-0.03858,-0.38093,1.46422,10.40688,-0.14242,0.99992,-0.02088,85.43,19142.0,19724.75
7.044499613000006,-0.79295,1.07181,10.63264,-0.11143,0.89834,-0.04338,-0.46583,1.55776,10.45097,-0.14955,1.01813,-0.02752,85.43,19361.491,19681.0
7.049499613000006,-0.86029,1.11506,10.74802,-0.1192,0.92236,-0.04819,-0.55074,1.6513,10.49506,-0.15668,1.03634,-0.03417,85.43,19609.585,19681.0
7.054499613000006,-0.92763,1.15831,10.86339,-0.12696,0.94638,-0.05299,-0.59877,1.64557,10.60387,-0.16037,1.05909,-0.04021,85.43,19638.0,19612.815
7.059499613000006,-0.99496,1.20156,10.97877,-0.13473,0.97041,-0.0578,-0.64203,1.62701,10.72106,-0.16362,1.08242,-0.04618,85.43,19638.0,19535.81
7.064499613000006,-1.0623,1.24481,11.09415,-0.1425,0.99443,-0.06261,-0.68528,1.60844,10.83824,-0.16687,1.10575,-0.05214,85.43,19796.497,19527.0
7.069499613000006,-1.12963,1.28806,11.20953,-0.15027,1.01845,-0.06741,-0.72854,1.58987,10.95543,-0.17012,1.12909,-0.0581,85.43,19975.469,19527.0
7.074499613000006,-1.1742,1.27309,11.2153,-0.15496,1.05031,-0.07331,-0.6685,1.55565,10.98401,-0.17336,1.15242,-0.06407,85.43,19996.0,19686.351
7.0794996130000065,-1.21581,1.25059,11.20688,-0.15924,1.08317,-0.07936,-0.59508,1.51939,11.0011,-0.17661,1.17576,-0.07003,85.43,19996.0,19866.352
7.084499613000006,-1.25743,1.22809,11.19845,-0.16353,1.11604,-0.0854,-0.52166,1.48313,11.01819,-0.17986,1.19909,-0.07599,85.43,20314.882,19888.0
7.089499613000006,-1.29904,1.20558,11.19003,-0.16782,1.1489,-0.09145,-0.44823,1.44687,11.03528,-0.18311,1.22243,-0.08196,85.43,20677.359,19888.0
7.094499613000006,-1.34065,1.18308,11.18161,-0.17211,1.18177,-0.09749,-0.37481,1.41062,11.05237,-0.18636,1.24576,-0.08792,85.43,20719.0,19733.501
7.099499613000006,-1.38227,1.16058,11.17318,-0.17639,1.21464,-0.10354,-0.30138,1.37436,11.06947,-0.1896,1.2691,-0.09388,85.43,20719.0,19558.95
7.104499613000006,-1.42388,1.13807,11.16476,-0.18068,1.2475,-0.10958,-0.22796,1.3381,11.08656,-0.1947,1.2985,-0.08875,85.43,21110.839,19540.0
7.109499613000006,-1.46549,1.11557,11.15633,-0.18497,1.28037,-0.11563,-0.15453,1.30185,11.10365,-0.20002,1.32865,-0.08225,85.43,21550.398,19540.0
7.114499613000006,-1.3831,1.17608,11.29239,-0.20077,1.35944,-0.11546,-0.03993,1.36294,11.19643,-0.20533,1.3588,-0.07576,85.391,21601.0,19413.018
7.1194996130000066,-1.28458,1.24739,11.44725,-0.21808,1.44451,-0.11448,0.08003,1.4367,11.29906,-0.21065,1.38895,-0.06927,85.347,21601.0,19269.516
7.1244996130000064,-1.18605,1.31869,11.6021,-0.23538,1.52959,-0.11349,0.19999,1.51046,11.40168,-0.21597,1.4191,-0.06278,85.342,21971.199,19253.0
7.129499613000006,-1.08753,1.39,11.75696,-0.25268,1.61467,-0.11251,0.31995,1.58421,11.50431,-0.22129,1.44925,-0.05629,85.342,22389.545,19253.0
7.134499613000006,-0.89778,1.47953,11.94534,-0.25833,1.66765,-0.10179,0.43991,1.65797,11.60694,-0.2266,1.4794,-0.0498,85.303,22432.0,19253.0
7.139499613000006,-0.69773,1.57113,12.13751,-0.26266,1.717,-0.08998,0.55987,1.73173,11.70957,-0.23192,1.50955,-0.04331,85.259,22432.0,19253.0
7.144499613000006,-0.49768,1.66272,12.32968,-0.26698,1.76635,-0.07816,0.67983,1.80549,11.81219,-0.23724,1.5397,-0.03682,85.254,22773.777,18889.586
7.149499613000006,-0.29763,1.75431,12.52185,-0.27131,1.81571,-0.06634,0.79979,1.87925,11.91482,-0.24256,1.56985,-0.03032,85.254,23159.683,18479.249
7.154499613000006,-0.35574,1.74377,12.60984,-0.27564,1.86506,-0.05452,0.82859,1.8245,11.96503,-0.24214,1.60426,-0.01151,85.215,23206.0,17702.353
7.159499613000006,-0.44906,1.71929,12.68362,-0.27997,1.91441,-0.0427,0.84497,1.75222,12.00808,-0.24094,1.63925,0.00898,85.171,23206.0,16875.462
7.1644996130000065,-0.54238,1.69481,12.7574,-0.2843,1.96377,-0.03089,0.86134,1.67994,12.05113,-0.23974,1.67424,0.02947,85.127,23354.58,16781.0
7.169499613000006,-0.6357,1.67033,12.83118,-0.28863,2.01312,-0.01907,0.87772,1.60766,12.09419,-0.23853,1.70923,0.04997,85.084,23522.323,16781.0
7.174499613000006,-0.72903,1.64585,12.90496,-0.28342,2.05318,-0.03069,0.89409,1.53538,12.13724,-0.23733,1.74422,0.07046,85.001,23544.0,15848.603
7.179499613000006,-0.82235,1.62137,12.97875,-0.27679,2.09187,-0.04579,0.91046,1.46309,12.1803,-0.23613,1.77921,0.09095,84.912,23544.0,14777.832
7.184499613000006,-0.91567,1.5969,13.05253,-0.27016,2.13055,-0.06089,0.92684,1.39081,12.22335,-0.23493,1.81419,0.11145,84.825,23596.664,14655.0
7.189499613000006,-1.00899,1.57242,13.12631,-0.26353,2.16924,-0.076,0.94321,1.31853,12.2664,-0.23373,1.84918,0.13194,84.737,23656.153,14655.0
7.194499613000006,-1.10271,1.53091,13.1565,-0.2569,2.20792,-0.0911,0.68809,1.2327,12.20535,-0.20358,1.92088,0.10459,84.688,23663.0,13706.218
7.199499613000006,-1.19648,1.4872,13.18102,-0.25027,2.24661,-0.1062,0.39765,1.1451,12.13075,-0.16967,1.99736,0.07102,84.644,23663.0,12634.027
7.2044996130000065,-1.29025,1.44348,13.20554,-0.24364,2.28529,-0.1213,0.10721,1.0575,12.05615,-0.13576,2.07383,0.03745,84.522,23950.984,12510.0
7.209499613000006,-1.38402,1.39976,13.23005,-0.23701,2.32398,-0.13641,-0.18323,0.96991,11.98155,-0.10185,2.1503,0.00388,84.39,24276.639,12510.0
7.214499613000006,-1.47779,1.35605,13.25457,-0.23038,2.36266,-0.15151,-0.18326,0.88229,11.87388,-0.08486,2.19131,-0.01155,84.219,24314.0,12510.0
7.219499613000006,-1.57156,1.31233,13.27909,-0.22375,2.40135,-0.16661,-0.14566,0.79468,11.76193,-0.07007,2.22773,-0.02463,84.044,24314.0,12510.0
7.224499613000006,-1.66533,1.26861,13.30361,-0.21712,2.44003,-0.18171,-0.10807,0.70706,11.64998,-0.05528,2.26414,-0.03771,83.946,24336.137,10143.154
7.229499613000006,-1.7591,1.2249,13.32813,-0.21049,2.47872,-0.19681,-0.07047,0.61945,11.53803,-0.04049,2.30056,-0.0508,83.858,24361.131,7470.72
7.234499613000006,-1.81488,1.29611,13.30456,-0.19994,2.57845,-0.22759,0.02201,0.66267,11.37797,-0.0257,2.33698,-0.06388,83.77,24364.0,5641.51
7.239499613000006,-1.86575,1.38222,13.27476,-0.18889,2.6861,-0.2604,0.1216,0.72285,11.21167,-0.0109,2.37339,-0.07696,83.682,24364.0,3921.626
7.2444996130000066,-1.91661,1.46833,13.24495,-0.17783,2.79375,-0.29321,0.22119,0.78303,11.04538,0.00389,2.40981,-0.09004,83.555,24489.609,3725.0
7.2494996130000064,-1.96747,1.55444,13.21515,-0.16678,2.9014,-0.32602,0.32078,0.84321,10.87908,0.01868,2.44623,-0.10312,83.424,24631.432,3725.0
7.254499613000006,-2.01833,1.64055,13.18534,-0.15572,3.00905,-0.35883,0.42037,0.90339,10.71279,0.03347,2.48264,-0.1162,83.292,24648.0,3299.619
7.259499613000006,-2.06919,1.72666,13.15554,-0.14467,3.1167,-0.39164,0.51996,0.96357,10.54649,0.04826,2.51906,-0.12928,83.16,24648.0,2817.97
7.264499613000006,-2.6131,1.81113,13.34881,-0.12044,3.17741,-0.43913,0.61955,1.02375,10.3802,0.06305,2.55547,-0.14236,83.067,24382.267,2763.0
7.269499613000006,-3.22053,1.8954,13.57082,-0.09452,3.23208,-0.48851,0.71914,1.08393,10.2139,0.07785,2.59189,-0.15544,82.979,24082.299,2763.0
7.274499613000006,-3.82796,1.97966,13.79283,-0.06859,3.28674,-0.5379,0.10767,1.1675,10.21982,0.10144,2.67276,-0.20981,82.891,24048.0,1986.973
7.279499613000006,-4.43538,2.06392,14.01484,-0.04267,3.3414,-0.58728,-0.5956,1.25408,10.24796,0.12616,2.75938,-0.2695,82.803,24048.0,1110.758
7.284499613000006,-4.48446,2.04278,14.23023,-0.01675,3.39606,-0.63667,-1.29887,1.34067,10.27611,0.15089,2.84599,-0.32919,82.715,23551.804,1011.0
7.2894996130000065,-4.4618,2.0081,14.44478,0.00918,3.45072,-0.68605,-2.00214,1.42725,10.30426,0.17562,2.93261,-0.38889,82.627,22991.859,1011.0
7.294499613000006,-4.43915,1.97342,14.65932,0.02774,3.44833,-0.70037,-2.70541,1.51384,10.33241,0.20034,3.01922,-0.44858,82.462,22927.0,1011.0
7.299499613000006,-4.41649,1.93874,14.87387,0.04534,3.43846,-0.71009,-3.40868,1.60042,10.36056,0.22507,3.10584,-0.50827,82.286,22927.0,1011.0
7.304499613000006,-4.39383,1.90405,15.08842,0.06295,3.4286,-0.71982,-3.74334,1.68193,10.52424,0.21454,3.07988,-0.55165,82.188,22927.0,960.643
7.309499613000006,-4.37117,1.86937,15.30296,0.08055,3.41873,-0.72954,-4.02896,1.76276,10.70595,0.19931,3.03894,-0.59285,82.1,22927.0,903.587
7.314499613000006,-4.34852,1.83469,15.51751,0.09815,3.40887,-0.73926,-4.31458,1.84359,10.88767,0.18409,2.998,-0.63406,81.973,21452.799,897.0
7.319499613000006,-4.32586,1.80001,15.73205,0.11575,3.399,-0.74898,-4.60019,1.92442,11.06938,0.16886,2.95706,-0.67526,81.841,19786.189,897.0
7.324499613000006,-3.72499,1.7168,15.32886,0.13335,3.38913,-0.75871,-4.88581,2.00525,11.2511,0.15363,2.91613,-0.71647,81.632,19593.0,695.921
7.3294996130000065,-3.04832,1.62724,14.84467,0.15095,3.37927,-0.76843,-5.17142,2.08608,11.43281,0.13841,2.87519,-0.75767,81.412,19593.0,468.477
7.334499613000006,-2.37164,1.53768,14.36048,0.14225,3.33825,-0.77799,-4.93908,2.07245,10.70628,0.12212,2.79101,-0.76998,81.231,14341.127,442.0
7.339499613000006,-1.69496,1.44812,13.87629,0.13009,3.29312,-0.78752,-4.63849,2.04638,9.86008,0.10569,2.70114,-0.77847,81.056,8397.327,442.0
7.344499613000006,-1.01828,1.35855,13.3921,0.11793,3.248,-0.79706,-4.33791,2.02031,9.01389,0.08926,2.61126,-0.78697,80.88,7706.0,349.584
7.349499613000006,-0.3416,1.26899,12.90791,0.10576,3.20287,-0.8066,-4.03732,1.99424,8.1677,0.07283,2.52139,-0.79547,80.704,7706.0,245.005
7.354499613000006,0.10123,1.19809,12.19379,0.0936,3.15775,-0.81613,-3.73674,1.96817,7.3215,0.0564,2.43151,-0.80396,80.489,4859.994,233.0
7.359499613000006,0.51374,1.12962,11.44985,0.08144,3.11263,-0.82567,-3.43616,1.94209,6.47531,0.03996,2.34163,-0.81246,80.269,1644.912,233.0
7.364499613000006,0.92625,1.06114,10.70592,0.06928,3.0675,-0.8352,-3.47964,1.87292,5.83085,0.02353,2.25176,-0.82096,80.05,1279.0,243.629
7.369499613000006,1.33876,0.99266,9.96198,0.05711,3.02238,-0.84474,-3.56731,1.79821,5.21231,0.0071,2.16188,-0.82945,79.83,1279.0,255.622
7.3744996130000064,1.75127,0.92419,9.21804,0.04495,2.97725,-0.85428,-3.65498,1.7235,4.59376,-0.00933,2.07201,-0.83795,79.688,1074.944,257.0
7.379499613000006,2.16378,0.85571,8.4741,0.03279,2.93213,-0.86381,-3.74265,1.64879,3.97522,-0.02576,1.98213,-0.84645,79.556,844.401,257.0
7.384499613000006,2.57629,0.78724,7.73016,0.02063,2.88701,-0.87335,-3.83032,1.57408,3.35667,-0.05578,1.75855,-0.86188,79.463,818.0,226.02
7.389499613000006,2.9888,0.71876,6.98622,0.00846,2.84188,-0.88288,-3.91799,1.49938,2.73812,-0.08757,1.51767,-0.8782,79.375,818.0,191.033
7.394499613000006,3.57319,0.53538,6.94369,0.00327,2.55591,-0.84928,-4.00566,1.42467,2.11958,-0.11935,1.27679,-0.89453,79.249,456.903,187.0
7.399499613000006,4.17997,0.33704,6.99254,-0.00103,2.23856,-0.81005,-4.09333,1.34996,1.50103,-0.15113,1.03591,-0.91085,79.117,48.757,187.0
7.404499613000006,4.78675,0.13869,7.0414,-0.00532,1.9212,-0.77082,-4.24393,1.25281,1.58681,-0.18292,0.79503,-0.92718,79.063,2.0,124.142
7.409499613000006,5.39353,-0.05966,7.09025,-0.00961,1.60385,-0.73159,-4.40267,1.15276,1.76372,-0.2147,0.55415,-0.94351,79.019,2.0,53.152
7.4144996130000065,6.00031,-0.258,7.13911,-0.0139,1.28649,-0.69236,-4.56141,1.05272,1.94063,-0.24649,0.31328,-0.95983,78.975,5.984,45.0
7.419499613000006,6.60709,-0.45635,7.18796,-0.01819,0.96914,-0.65313,-4.72016,0.95267,2.11754,-0.27827,0.0724,-0.97616,78.931,10.484,45.0
7.424499613000006,7.21387,-0.6547,7.23682,-0.02248,0.65178,-0.6139,-4.8789,0.85262,2.29445,-0.29922,-0.09754,-0.83912,78.926,11.0,45.0
7.429499613000006,7.82065,-0.85304,7.28567,-0.02677,0.33443,-0.57467,-5.03764,0.75257,2.47136,-0.31877,-0.2583,-0.68224,78.926,11.0,45.0
7.434499613000006,7.59926,-0.75215,6.98007,-0.06543,0.04994,-0.40663,-5.19639,0.65252,2.64827,-0.33832,-0.41905,-0.52535,78.926,17.194,359.138
7.439499613000006,7.27106,-0.61266,6.62874,-0.10852,-0.23031,-0.22198,-5.35513,0.55247,2.82518,-0.35787,-0.57981,-0.36846,78.926,24.187,713.793
7.444499613000006,6.94286,-0.47317,6.27741,-0.15161,-0.51056,-0.03733,-4.36269,0.49848,2.64659,-0.37742,-0.74056,-0.21158,78.965,25.0,900.502
7.449499613000006,6.61466,-0.33367,5.92609,-0.1947,-0.79082,0.14732,-3.21891,0.45055,2.42126,-0.39697,-0.90132,-0.05469,79.008,25.0,1065.132
7.4544996130000065,6.28646,-0.19418,5.57476,-0.23779,-1.07107,0.33196,-2.07513,0.40262,2.19594,-0.41652,-1.06208,0.10219,79.052,15.298,1085.0
7.459499613000006,5.95826,-0.05469,5.22343,-0.28088,-1.35132,0.51661,-0.93134,0.35468,1.97061,-0.43606,-1.22283,0.25908,79.097,4.264,1085.0
7.464499613000006,5.29739,0.18977,5.06064,-0.27821,-1.46319,0.5723,-1.13699,0.15903,1.96319,-0.41445,-1.34495,0.33407,79.102,3.0,1468.266
7.469499613000006,4.5935,0.44781,4.92224,-0.26963,-1.55329,0.6113,-1.51719,-0.05574,1.98396,-0.38752,-1.46208,0.39848,79.102,3.0,1901.108
7.474499613000006,3.88961,0.70585,4.78384,-0.26105,-1.64339,0.6503,-1.89738,-0.2705,2.00473,-0.36058,-1.5792,0.46288,79.14,2.557,1951.0
7.479499613000006,3.18572,0.96389,4.64544,-0.25246,-1.73348,0.6893,-2.27758,-0.48526,2.0255,-0.33365,-1.69632,0.52729,79.184,2.057,1951.0
7.484499613000006,2.96643,1.0596,4.76851,-0.24388,-1.82358,0.7283,-2.46078,-0.46371,2.08638,-0.30671,-1.81344,0.59169,79.228,2.0,2517.09
7.489499613000006,2.80949,1.13443,4.92521,-0.2353,-1.91367,0.7673,-2.61863,-0.41176,2.15242,-0.27978,-1.93057,0.6561,79.272,2.0,3156.018
7.494499613000006,2.65255,1.20926,5.08192,-0.22672,-2.00377,0.8063,-2.77648,-0.3598,2.21845,-0.25284,-2.04769,0.7205,79.277,2.886,3229.0
7.4994996130000064,2.49561,1.28409,5.23862,-0.21813,-2.09386,0.8453,-2.93433,-0.30784,2.28449,-0.22591,-2.16481,0.78491,79.277,3.886,3229.0
7.504499613000006,2.33867,1.35892,5.39532,-0.20955,-2.18396,0.88431,-3.09218,-0.25589,2.35053,-0.20332,-2.33437,0.79227,79.316,4.0,4220.324
7.509499613000006,2.18174,1.43375,5.55203,-0.20097,-2.27405,0.92331,-3.25003,-0.20393,2.41657,-0.18129,-2.5107,0.79228,79.36,4.0,5339.528
7.514499613000006,2.08689,1.45847,5.7819,-0.17749,-2.45221,0.93568,-3.40788,-0.15197,2.48261,-0.15925,-2.68702,0.79229,79.404,4.0,5469.0
7.519499613000006,2.00016,1.47663,6.02134,-0.15207,-2.64189,0.94458,-3.56574,-0.10002,2.54865,-0.13722,-2.86334,0.7923,79.448,4.0,5469.0
7.524499613000006,1.91344,1.49479,6.26079,-0.12665,-2.83156,0.95347,-3.72359,-0.04806,2.61469,-0.11519,-3.03966,0.79231,79.492,4.0,6880.617
7.529499613000006,1.82671,1.51295,6.50023,-0.10123,-3.02124,0.96236,-3.88144,0.00389,2.68073,-0.09316,-3.21599,0.79232,79.536,4.0,8475.213
7.534499613000006,1.73999,1.53112,6.73967,-0.07581,-3.21092,0.97126,-4.14604,0.10422,2.7682,-0.07846,-3.31515,0.77067,79.619,3.558,8664.0
7.5394996130000065,1.65326,1.54928,6.97912,-0.05038,-3.4006,0.98015,-4.42497,0.21104,2.85856,-0.06475,-3.40396,0.74611,79.707,3.058,8664.0
7.544499613000006,1.43738,1.54371,7.2791,-0.03277,-3.52246,0.96806,-4.70391,0.31787,2.94891,-0.05103,-3.49276,0.72155,79.795,3.0,10950.124
7.549499613000006,1.20469,1.53505,7.58697,-0.01618,-3.63549,0.95323,-4.98284,0.42469,3.03926,-0.03732,-3.58157,0.69699,79.882,3.0,13533.804
7.554499613000006,0.97199,1.5264,7.89483,0.00042,-3.74853,0.93841,-5.03835,0.38703,3.33728,-0.0236,-3.67037,0.67243,80.009,3.0,13831.0
7.559499613000006,0.7393,1.51774,8.2027,0.01702,-3.86156,0.92359,-5.06481,0.33059,3.66229,-0.00988,-3.75918,0.64787,80.141,3.0,13831.0
7.564499613000006,0.50661,1.50909,8.51057,0.03361,-3.9746,0.90876,-5.09127,0.27415,3.9873,0.00383,-3.84798,0.62331,80.273,3.0,15298.903
7.569499613000006,0.27391,1.50043,8.81843,0.05021,-4.08763,0.89394,-5.11773,0.21771,4.31231,0.01755,-3.93679,0.59875,80.405,3.0,16956.287
7.574499613000006,0.04122,1.49177,9.1263,0.0668,-4.20067,0.87911,-5.14419,0.16128,4.63732,0.03126,-4.02559,0.57419,80.537,3.443,17140.0
7.579499613000006,-0.19147,1.48312,9.43416,0.0834,-4.3137,0.86429,-5.17065,0.10484,4.96233,0.04498,-4.1144,0.54964,80.668,3.942,17140.0
7.584499613000006,-0.42417,1.47446,9.74203,0.1,-4.42674,0.84946,-5.03091,0.19863,5.23091,0.06645,-4.17128,0.50468,80.8,4.0,18117.93
7.589499613000006,-0.65686,1.46581,10.04989,0.11659,-4.53977,0.83464,-4.86931,0.31218,5.49207,0.08895,-4.22395,0.45705,80.932,4.0,19224.425
7.594499613000006,-1.14991,1.53481,10.50607,0.13853,-4.65213,0.72909,-4.70771,0.42573,5.75323,0.11145,-4.27663,0.40942,81.064,3.558,19352.0
7.599499613000006,-1.67689,1.61394,10.98158,0.16117,-4.7644,0.61171,-4.54612,0.53928,6.01439,0.13395,-4.32931,0.36178,81.196,3.057,19352.0
7.604499613000006,-2.20387,1.69307,11.45709,0.18381,-4.87666,0.49433,-4.38452,0.65283,6.27555,0.15645,-4.38199,0.31415,81.328,3.0,19564.373
7.609499613000006,-2.73085,1.7722,11.9326,0.20645,-4.98893,0.37695,-4.22292,0.76638,6.53671,0.17895,-4.43467,0.26652,81.459,3.0,19804.249
7.614499613000006,-2.80034,1.69053,12.7037,0.19486,-5.00547,0.38633,-4.06133,0.87993,6.79787,0.20145,-4.48734,0.21889,81.63,4.327,19832.0
7.619499613000006,-2.80998,1.58782,13.51348,0.17879,-5.00949,0.41229,-3.89973,0.99348,7.05903,0.22395,-4.54002,0.17125,81.806,5.827,19832.0
7.6244996130000064,-2.81962,1.4851,14.32326,0.16273,-5.01351,0.43825,-3.61343,1.04013,7.58393,0.21657,-4.55476,0.22252,81.904,6.0,19946.65
7.629499613000006,-2.82926,1.38239,15.13303,0.14666,-5.01753,0.46422,-3.31091,1.07807,8.14314,0.20531,-4.56457,0.28665,81.992,6.0,20076.211
7.634499613000006,-3.09098,1.4485,15.44243,0.13059,-5.02155,0.49018,-3.00838,1.11601,8.70235,0.19404,-4.57437,0.35078,82.119,5.114,20091.0
7.639499613000006,-3.38517,1.53635,15.68734,0.11453,-5.02557,0.51614,-2.70586,1.15396,9.26156,0.18278,-4.58418,0.41491,82.251,4.114,20091.0
7.644499613000006,-3.67937,1.62421,15.93226,0.09846,-5.02959,0.5421,-2.40334,1.1919,9.82077,0.17152,-4.59398,0.47903,82.382,4.0,19899.904
7.649499613000006,-3.97357,1.71207,16.17718,0.08239,-5.0336,0.56806,-2.10082,1.22984,10.37998,0.16025,-4.60379,0.54316,82.514,4.0,19684.237
7.654499613000006,-4.26777,1.79993,16.4221,0.06633,-5.03762,0.59403,-2.06412,1.25425,10.75285,0.15334,-4.54625,0.57026,82.685,3.558,19659.0
7.659499613000006,-4.56197,1.88779,16.66702,0.05026,-5.04164,0.61999,-2.06265,1.27687,11.10103,0.14701,-4.47979,0.59245,82.861,3.058,19659.0
7.6644996130000065,-4.85616,1.97565,16.91193,0.0468,-5.00227,0.64136,-2.06117,1.29948,11.44921,0.14067,-4.41333,0.61464,83.036,3.0,19159.196
7.669499613000006,-5.15036,2.0635,17.15685,0.04498,-4.95725,0.66214,-2.0597,1.3221,11.79739,0.13434,-4.34687,0.63683,83.212,3.0,18594.364
7.674499613000006,-5.67027,2.15523,17.31491,0.04316,-4.91224,0.68292,-2.05823,1.34472,12.14557,0.128,-4.28041,0.65902,83.349,3.0,18529.0
7.679499613000006,-6.21972,2.24746,17.46159,0.04135,-4.86722,0.70369,-2.05676,1.36733,12.49374,0.12166,-4.21395,0.68121,83.481,3.0,18529.0
7.684499613000006,-6.76916,2.33969,17.60828,0.03953,-4.8222,0.72447,-2.44387,1.4693,12.68946,0.11533,-4.14749,0.7034,83.691,3.0,18377.685
7.689499613000006,-7.31861,2.43192,17.75496,0.03771,-4.77718,0.74525,-2.88113,1.5815,12.8655,0.10899,-4.08103,0.72559,83.91,3.0,18206.843
7.694499613000006,-7.86806,2.52415,17.90165,0.03589,-4.73217,0.76602,-3.31839,1.69371,13.04153,0.11517,-3.99449,0.66422,84.129,3.439,18187.0
7.699499613000006,-8.4175,2.61638,18.04834,0.03407,-4.68715,0.7868,-3.75565,1.80592,13.21757,0.12299,-3.90532,0.59187,84.347,3.936,18187.0
7.704499613000006,-8.69297,2.61163,17.87523,0.03781,-4.59317,0.72005,-4.19291,1.91812,13.39361,0.13082,-3.81615,0.51952,84.53,4.0,18001.307
7.709499613000006,-8.92827,2.59266,17.65525,0.04237,-4.49202,0.64047,-4.63017,2.03033,13.56965,0.13864,-3.72698,0.44717,84.708,4.0,17788.398
7.714499613000006,-9.16358,2.5737,17.43527,0.04693,-4.39087,0.56089,-5.06742,2.14253,13.74569,0.14646,-3.63781,0.37482,84.805,3.11,17766.0
7.719499613000006,-9.39888,2.55473,17.21529,0.05148,-4.28972,0.48131,-5.50468,2.25474,13.92172,0.15429,-3.54864,0.30247,84.892,2.114,17766.0
7.724499613000006,-9.63419,2.53576,16.99531,0.05604,-4.18857,0.40173,-5.43773,2.1838,13.7014,0.16211,-3.45947,0.23012,85.018,2.0,17192.453
7.729499613000006,-9.8695,2.5168,16.77533,0.06059,-4.08742,0.32215,-5.3053,2.08907,13.4296,0.16993,-3.3703,0.15777,85.148,2.0,16544.419
7.734499613000006,-10.1048,2.49783,16.55535,0.06515,-3.98626,0.24257,-5.17287,1.99435,13.1578,0.17775,-3.28112,0.08542,85.243,2.436,16455.0
7.739499613000006,-10.34011,2.47886,16.33537,0.06971,-3.88511,0.16299,-5.04044,1.89963,12.88601,0.18558,-3.19195,0.01307,85.331,2.941,16455.0
7.744499613000006,-10.57541,2.4599,16.11539,0.07426,-3.78396,0.08341,-4.89426,1.7726,12.70031,0.21136,-3.05876,-0.02229,85.381,3.0,15780.702
7.7494996130000064,-10.81072,2.44093,15.89541,0.07882,-3.68281,0.00383,-4.74627,1.64132,12.52593,0.23951,-2.91977,-0.05277,85.425,3.0,15017.72
7.754499613000006,-10.85498,2.40446,15.21535,0.1327,-3.33793,-0.0726,-4.59828,1.51005,12.35155,0.26766,-2.78078,-0.08326,85.468,1.234,14928.0
7.759499613000006,-10.87377,2.36566,14.47398,0.19316,-2.96057,-0.14861,-4.4503,1.37877,12.17718,0.29581,-2.6418,-0.11375,85.512,-0.768,14928.0
7.764499613000006,-10.89257,2.32685,13.73261,0.25362,-2.58321,-0.22462,-4.30231,1.24749,12.0028,0.32396,-2.50281,-0.14424,85.518,-1.0,14333.095
7.769499613000006,-10.91137,2.28805,12.99125,0.31407,-2.20585,-0.30063,-4.15432,1.11622,11.82842,0.35211,-2.36383,-0.17472,85.518,-1.0,13660.19
7.774499613000006,-10.93123,1.95585,12.51695,0.32823,-2.02573,-0.27266,-4.00634,0.98494,11.65405,0.38026,-2.22484,-0.20521,85.518,0.766,13582.0
7.779499613000006,-10.95123,1.58509,12.07777,0.3363,-1.87153,-0.23102,-3.85835,0.85367,11.47967,0.40841,-2.08586,-0.2357,85.518,2.764,13582.0
7.784499613000006,-10.97123,1.21432,11.63858,0.34438,-1.71734,-0.18938,-3.64607,0.76051,11.386,0.40813,-1.86639,-0.18775,85.479,3.0,12570.561
7.7894996130000065,-10.99123,0.84355,11.1994,0.35245,-1.56315,-0.14775,-3.4252,0.67246,11.30311,0.40404,-1.63616,-0.12931,85.435,3.0,11423.948
7.794499613000006,-11.04641,0.69004,11.05926,0.36052,-1.40895,-0.10611,-3.20433,0.5844,11.22023,0.39995,-1.40593,-0.07087,85.43,2.114,11293.0
7.799499613000006,-11.10614,0.56454,10.95767,0.36859,-1.25476,-0.06447,-2.98346,0.49634,11.13734,0.39586,-1.17571,-0.01244,85.43,1.115,11293.0
7.804499613000006,-11.16586,0.43903,10.85608,0.37666,-1.10057,-0.02283,-2.76259,0.40828,11.05445,0.39178,-0.94548,0.046,85.43,1.0,11089.11
7.809499613000006,-11.22558,0.31353,10.75449,0.38473,-0.94637,0.0188,-2.54172,0.32023,10.97157,0.38769,-0.71526,0.10443,85.43,1.0,10858.836
7.814499613000006,-11.2853,0.18803,10.6529,0.3928,-0.79218,0.06044,-2.43429,0.17353,11.04074,0.36318,-0.45721,0.29377,85.391,1.443,10833.0
7.819499613000006,-11.34502,0.06252,10.55132,0.40088,-0.63799,0.10208,-2.34118,0.01942,11.12913,0.3361,-0.19565,0.49966,85.347,1.943,10833.0
7.824499613000006,-11.40475,-0.06298,10.44973,0.39122,-0.39694,0.24699,-2.24808,-0.13468,11.21752,0.30901,0.06592,0.70554,85.264,2.0,11739.642
7.829499613000006,-11.46447,-0.18848,10.34814,0.37926,-0.14461,0.40532,-2.15498,-0.28879,11.30591,0.28193,0.32748,0.91142,85.176,2.0,12764.128
7.834499613000006,-11.20117,-0.45532,10.77092,0.36731,0.10772,0.56366,-2.06188,-0.4429,11.3943,0.25484,0.58904,1.1173,85.088,3.325,12886.0
7.839499613000006,-10.89426,-0.74124,11.2645,0.35535,0.36005,0.72199,-1.96878,-0.59701,11.48269,0.22775,0.8506,1.32319,85.0,4.828,12886.0
7.844499613000006,-10.58735,-1.02717,11.75808,0.34339,0.61238,0.88032,-1.26095,-0.75482,11.75376,0.20067,1.11217,1.52907,84.874,5.0,16611.886
7.849499613000006,-10.28044,-1.31309,12.25166,0.33144,0.86471,1.03866,-0.47395,-0.91312,12.04835,0.17358,1.37373,1.73495,84.742,5.0,20817.663
7.854499613000006,-9.97353,-1.59901,12.74524,0.31948,1.11704,1.19699,0.31305,-1.07141,12.34294,0.16981,1.43726,1.6324,84.57,4.555,21302.0
7.859499613000006,-9.66662,-1.88493,13.23882,0.30752,1.36938,1.35533,1.10005,-1.2297,12.63753,0.16907,1.47502,1.48971,84.393,4.052,21302.0
7.864499613000006,-9.35971,-2.17085,13.7324,0.29556,1.62171,1.51366,1.88704,-1.388,12.93212,0.16833,1.51277,1.34702,84.258,4.0,22694.972
7.869499613000006,-9.0528,-2.45677,14.22598,0.28361,1.87404,1.67199,2.67404,-1.54629,13.22671,0.16759,1.55053,1.20433,84.127,4.0,24249.882
7.8744996130000064,-7.85354,-2.5692,14.03692,0.22394,1.95649,1.49367,3.46104,-1.70459,13.5213,0.16685,1.58828,1.06164,83.995,2.676,24433.0
7.879499613000006,-6.53516,-2.65847,13.75673,0.1579,2.01626,1.27042,4.24804,-1.86288,13.81589,0.16611,1.62604,0.91895,83.863,1.175,24433.0
7.884499613000006,-5.21677,-2.74774,13.47654,0.09187,2.07603,1.04716,3.34709,-1.23446,12.9773,0.16537,1.6638,0.77627,83.692,1.0,24973.308
7.889499613000006,-3.89839,-2.83701,13.19635,0.02583,2.1358,0.8239,2.22382,-0.50243,11.98947,0.16463,1.70155,0.63358,83.515,1.0,25584.779
7.894499613000006,-2.58001,-2.92628,12.91617,-0.0402,2.19557,0.60065,1.10056,0.2296,11.00164,0.16389,1.73931,0.49089,83.379,1.889,25651.0
7.899499613000006,-1.26162,-3.01554,12.63598,-0.10624,2.25534,0.37739,-0.02271,0.96164,10.01381,0.16316,1.77706,0.3482,83.247,2.886,25651.0
7.904499613000006,0.05676,-3.10481,12.35579,-0.17227,2.31512,0.15413,-0.13529,0.88468,9.48096,0.16032,1.75766,0.21537,83.076,3.0,25791.307
7.909499613000006,1.37514,-3.19408,12.0756,-0.23831,2.37489,-0.06913,-0.11696,0.70292,9.00705,0.15722,1.73084,0.08383,82.899,3.0,25949.789
7.914499613000006,1.50219,-2.69549,11.727,-0.18102,2.34802,-0.14521,-0.09862,0.52116,8.53314,0.15411,1.70403,-0.04772,82.763,4.337,25966.0
7.919499613000006,1.49348,-2.12991,11.3706,-0.10968,2.31129,-0.20452,-0.08028,0.33941,8.05924,0.15101,1.67722,-0.17927,82.632,5.826,25966.0
7.924499613000006,1.48477,-1.56434,11.01421,-0.03835,2.27455,-0.26383,-0.06195,0.15765,7.58533,0.14791,1.65041,-0.31081,82.422,6.0,26045.608
7.929499613000006,1.47607,-0.99876,10.65781,0.03299,2.23782,-0.32314,-0.04361,-0.0241,7.11142,0.1448,1.62359,-0.44236,82.2,6.0,26135.737
7.934499613000006,1.46736,-0.43318,10.30142,0.10433,2.20108,-0.38245,-0.06764,0.10872,7.37098,0.13961,1.55682,-0.52606,82.178,5.109,26145.0
7.939499613000006,1.45866,0.13239,9.94502,0.17567,2.16435,-0.44176,-0.09652,0.27758,7.71455,0.13419,1.48548,-0.60429,82.178,4.115,26145.0
7.944499613000006,1.62009,0.45736,10.583,0.19641,2.0188,-0.44821,-0.12541,0.44643,8.05813,0.12876,1.41413,-0.68251,82.333,4.0,26058.327
7.949499613000006,1.80386,0.75072,11.35157,0.21051,1.85896,-0.44772,-0.15429,0.61529,8.40171,0.12334,1.34279,-0.76073,82.509,4.0,25960.271
7.954499613000006,1.98764,1.04409,12.12014,0.22461,1.69913,-0.44723,-0.18317,0.78415,8.74529,0.11792,1.27144,-0.83895,82.607,3.557,25949.0
7.959499613000006,2.17142,1.33745,12.88871,0.23872,1.53929,-0.44674,-0.21205,0.95301,9.08887,0.11249,1.20009,-0.91718,82.695,3.057,25949.0
7.964499613000006,2.0555,1.42438,12.81556,0.25282,1.37945,-0.44625,-0.94522,1.20935,9.11754,0.10707,1.12875,-0.9954,82.705,3.0,25839.221
7.969499613000006,1.90083,1.48462,12.63358,0.26692,1.21961,-0.44576,-1.76945,1.477,9.10549,0.10164,1.0574,-1.07362,82.705,3.0,25715.249
7.974499613000006,1.74616,1.54485,12.4516,0.28102,1.05977,-0.44527,-2.59368,1.74465,9.09345,0.09514,1.04446,-1.01731,82.783,1175.79,25701.0
7.979499613000006,1.5915,1.60509,12.26961,0.29512,0.89994,-0.44478,-3.41791,2.0123,9.0814,0.0885,1.0391,-0.94352,82.871,2500.886,25701.0
7.984499613000006,1.43683,1.66533,12.08763,0.30922,0.7401,-0.44429,-4.24214,2.27995,9.06936,0.08186,1.03375,-0.86973,82.959,2654.0,25849.564
7.989499613000006,1.28216,1.72556,11.90565,0.32332,0.58026,-0.44379,-5.06636,2.5476,9.05732,0.07522,1.02839,-0.79595,83.047,2654.0,26017.537
7.994499613000006,1.12749,1.7858,11.72367,0.29601,0.57772,-0.42004,-5.89059,2.81525,9.04527,0.06858,1.02303,-0.72216,83.135,3725.331,26035.0
7.9994996130000064,0.97283,1.84603,11.54169,0.26389,0.59343,-0.39359,-6.71482,3.0829,9.03323,0.06193,1.01767,-0.64838,83.222,4920.967,26035.0
8.004499613000005,1.11314,1.76072,11.33496,0.23177,0.60913,-0.36713,-3.93969,2.47904,9.16508,0.05529,1.01232,-0.57459,83.271,5058.0,25725.578
8.009499613000006,1.29164,1.65657,11.12504,0.19965,0.62484,-0.34068,-0.69864,1.76236,9.31557,0.04865,1.00696,-0.5008,83.315,5058.0,25376.103
8.014499613000005,1.47014,1.55242,10.91511,0.16753,0.64055,-0.31423,2.54241,1.04568,9.46605,0.04201,1.0016,-0.42702,83.437,5731.208,25336.0
8.019499613000006,1.64864,1.44826,10.70518,0.13541,0.65626,-0.28778,5.78346,0.32901,9.61653,0.03537,0.99625,-0.35323,83.569,6491.684,25336.0
8.024499613000007,1.82714,1.34411,10.49525,0.10329,0.67197,-0.26132,5.108,0.30724,9.56832,0.0489,0.94688,-0.33639,83.662,6579.0,25436.068
8.029499613000006,2.00564,1.23996,10.28533,0.07117,0.68768,-0.23487,3.92453,0.37561,9.49434,0.06504,0.8918,-0.32694,83.75,6579.0,25549.116
8.034499613000007,1.89091,1.18945,10.26359,0.07546,0.6415,-0.22451,2.74106,0.44399,9.42035,0.08119,0.83673,-0.31749,83.799,8124.897,25562.0
8.039499613000006,1.73846,1.14584,10.26607,0.08443,0.58736,-0.21623,1.55759,0.51236,9.34637,0.09733,0.78165,-0.30804,83.843,9869.639,25562.0
8.044499613000006,1.58602,1.10222,10.26855,0.0934,0.53322,-0.20795,0.37411,0.58073,9.27238,0.11347,0.72658,-0.29858,83.887,10069.0,25637.703
8.049499613000005,1.43357,1.05861,10.27102,0.10237,0.47908,-0.19966,-0.80936,0.64911,9.1984,0.12962,0.6715,-0.28913,83.93,10069.0,25723.173
8.054499613000006,1.28112,1.015,10.2735,0.11135,0.42495,-0.19138,-1.99283,0.71748,9.12441,0.14576,0.61643,-0.27968,84.052,10387.183,25733.0
8.059499613000005,1.12868,0.97139,10.27597,0.12032,0.37081,-0.1831,-3.17631,0.78585,9.05043,0.16191,0.56135,-0.27023,84.184,10746.703,25733.0
8.064499613000006,0.97623,0.92778,10.27845,0.12929,0.31667,-0.17481,-2.62743,0.91972,9.23667,0.15874,0.53381,-0.24059,84.238,10788.0,25619.276
8.069499613000007,0.82379,0.88417,10.28092,0.13826,0.26253,-0.16653,-1.85374,1.06208,9.45669,0.15308,0.50983,-0.20834,84.282,10788.0,25490.793
8.074499613000006,0.73699,0.90671,10.31526,0.13179,0.24103,-0.15131,-1.08005,1.20445,9.67671,0.14741,0.48586,-0.17609,84.365,11645.417,25476.0
8.079499613000007,0.65874,0.93786,10.35374,0.12332,0.22378,-0.13518,-0.30636,1.34681,9.89672,0.14175,0.46188,-0.14384,84.453,12614.401,25476.0
8.084499613000006,0.58049,0.96901,10.39223,0.11484,0.20652,-0.11906,-0.2361,1.40451,9.93372,0.13608,0.43791,-0.11159,84.54,12726.0,19872.503
8.089499613000006,0.50224,1.00016,10.43071,0.10637,0.18927,-0.10293,-0.2574,1.45118,9.94689,0.13041,0.41393,-0.07934,84.627,12726.0,13539.641
8.094499613000005,0.42399,1.0313,10.46919,0.09789,0.17202,-0.0868,-0.27871,1.49785,9.96007,0.12258,0.40844,-0.07028,84.677,13160.648,12726.0
8.099499613000006,0.34574,1.06245,10.50767,0.08941,0.15476,-0.07068,-0.30001,1.54452,9.97324,0.11442,0.40566,-0.06465,84.721,13659.372,12726.0
8.104499613000007,0.1801,1.12578,10.51539,0.08114,0.15178,-0.06717,-0.32132,1.59119,9.98642,0.10626,0.40289,-0.05901,84.804,13718.0,18202.407
8.109499613000006,0.00282,1.1934,10.51901,0.0729,0.15069,-0.06535,-0.34262,1.63786,9.99959,0.09811,0.40011,-0.05338,84.892,13718.0,24408.355
8.114499613000007,-0.17446,1.26102,10.52263,0.06466,0.14961,-0.06353,-0.36393,1.68453,10.01277,0.08995,0.39734,-0.04774,84.98,14118.405,25130.0
8.119499613000006,-0.35174,1.32864,10.52625,0.05642,0.14852,-0.06171,-0.38523,1.7312,10.02595,0.08179,0.39456,-0.04211,85.068,14571.496,25130.0
8.124499613000006,-0.37739,1.33717,10.52921,0.04817,0.14744,-0.05988,-0.45196,1.79292,10.03443,0.07364,0.39179,-0.03647,85.117,14623.0,24920.85
8.129499613000005,-0.38359,1.33813,10.5321,0.03993,0.14635,-0.05806,-0.52452,1.85657,10.04232,0.06548,0.38901,-0.03084,85.161,14623.0,24684.875
8.134499613000006,-0.38979,1.33908,10.53499,0.03169,0.14527,-0.05624,-0.59707,1.92021,10.05021,0.05732,0.38624,-0.0252,85.244,14830.991,24657.0
8.139499613000005,-0.39599,1.34004,10.53787,0.02345,0.14418,-0.05442,-0.66963,1.98386,10.0581,0.04916,0.38346,-0.01957,85.332,15066.842,24657.0
8.144499613000006,-0.40219,1.34099,10.54076,0.01521,0.1431,-0.05259,-0.74219,2.04751,10.06598,0.04372,0.37752,-0.01861,85.381,15094.0,24702.567
8.149499613000007,-0.40839,1.34195,10.54365,0.00696,0.14201,-0.05077,-0.81474,2.11116,10.07387,0.03864,0.37116,-0.01827,85.425,15094.0,24754.064
8.154499613000006,-0.41459,1.3429,10.54653,0.00252,0.14309,-0.05006,-0.8873,2.17481,10.08176,0.03355,0.36481,-0.01792,85.469,15374.173,24760.0
8.159499613000007,-0.42079,1.34386,10.54942,-0.00143,0.14445,-0.04949,-0.95986,2.23846,10.08964,0.02847,0.35845,-0.01757,85.513,15690.851,24760.0
8.164499613000006,-0.41557,1.33155,10.52856,-0.00537,0.14581,-0.04892,-0.98571,2.10066,10.06622,0.02338,0.35209,-0.01723,85.556,15727.0,24568.329
8.169499613000006,-0.40888,1.31753,10.50464,-0.00932,0.14717,-0.04835,-1.00554,1.93691,10.03875,0.0183,0.34573,-0.01688,85.6,15727.0,24351.96
8.174499613000005,-0.40219,1.3035,10.48072,-0.01327,0.14853,-0.04778,-1.02537,1.77315,10.01129,0.01321,0.33938,-0.01654,85.683,15727.0,24327.0
8.179499613000006,-0.39549,1.28948,10.4568,-0.01722,0.1499,-0.04722,-1.0452,1.6094,9.98382,0.00813,0.33302,-0.01619,85.771,15727.0,24327.0
8.184499613000005,-0.3888,1.27546,10.43288,-0.02116,0.15126,-0.04665,-1.06504,1.44564,9.95636,0.00304,0.32666,-0.01585,85.781,15791.534,24327.0
8.189499613000006,-0.38211,1.26144,10.40895,-0.02511,0.15262,-0.04608,-1.08487,1.28189,9.9289,-0.00205,0.32031,-0.0155,85.781,15864.499,24327.0
8.194499613000007,-0.35936,1.22197,10.39764,-0.02019,0.16158,-0.04908,-1.06432,1.24217,9.92794,-0.00186,0.31377,-0.02016,85.781,16124.881,24206.4
8.199499613000006,-0.33448,1.17915,10.38799,-0.01411,0.17155,-0.05256,-1.03845,1.21881,9.93048,-0.00098,0.3072,-0.02547,85.781,16409.979,24069.895
8.204499613000007,-0.30961,1.13632,10.37834,-0.00803,0.18152,-0.05603,-1.01259,1.19545,9.93302,-0.0001,0.30064,-0.03079,85.781,16439.0,23842.346
8.209499613000006,-0.28473,1.0935,10.36868,-0.00194,0.19149,-0.05951,-0.98672,1.17208,9.93556,0.00078,0.29407,-0.0361,85.781,16439.0,23604.48
8.214499613000006,-0.25986,1.05067,10.35903,0.00414,0.20145,-0.06298,-0.96085,1.14872,9.9381,0.00165,0.28751,-0.04142,85.781,16499.501,23577.0
8.219499613000005,-0.23498,1.00785,10.34938,0.01022,0.21142,-0.06646,-0.93498,1.12536,9.94064,0.00253,0.28094,-0.04673,85.781,16567.904,23577.0
8.224499613000006,-0.20457,0.99903,10.34528,0.01121,0.2204,-0.07127,-0.90911,1.102,9.94318,0.00341,0.27438,-0.05205,85.82,16575.0,23340.536
8.229499613000005,-0.17353,0.99414,10.34182,0.01161,0.22927,-0.07624,-0.88324,1.07863,9.94572,0.00429,0.26781,-0.05737,85.864,16575.0,23076.702
8.234499613000006,-0.14248,0.98926,10.33837,0.01201,0.23814,-0.08121,-0.58257,1.09906,9.9451,0.00409,0.27137,-0.06552,85.869,16765.045,23046.0
8.239499613000007,-0.11143,0.98438,10.33491,0.0124,0.24701,-0.08618,-0.24571,1.12525,9.94406,0.00375,0.27627,-0.07404,85.869,16980.117,23046.0
8.244499613000006,-0.08038,0.97949,10.33145,0.0128,0.25588,-0.09114,-0.1675,1.16067,9.94357,0.0034,0.28117,-0.08257,85.869,17002.0,22930.54
8.249499613000006,-0.04933,0.97461,10.328,0.0132,0.26475,-0.09611,-0.11859,1.19713,9.94313,0.00306,0.28606,-0.0911,85.869,17002.0,22802.001
8.254499613000005,-0.01829,0.96973,10.32454,0.0136,0.27361,-0.10108,-0.06968,1.2336,9.9427,0.00271,0.29096,-0.09962,85.869,17015.262,22787.0
8.259499613000006,0.01276,0.96484,10.32108,0.01399,0.28248,-0.10605,-0.02078,1.27006,9.94227,0.00237,0.29586,-0.10815,85.869,17030.276,22787.0
8.264499613000005,0.01271,1.04189,10.31648,0.00935,0.2895,-0.10771,0.02813,1.30653,9.94184,0.00202,0.30075,-0.11668,85.869,17032.0,22706.52
8.269499613000006,0.00863,1.12957,10.31173,0.00405,0.29629,-0.10894,0.07704,1.34299,9.9414,0.00168,0.30565,-0.1252,85.869,17032.0,22615.602
8.274499613000007,0.00456,1.21725,10.30698,-0.00124,0.30307,-0.11017,0.12595,1.37946,9.94097,-0.0005,0.3148,-0.12516,85.908,17137.609,22605.0
8.279499613000006,0.00048,1.30493,10.30223,-0.00654,0.30985,-0.11141,0.17486,1.41593,9.94054,-0.00292,0.32452,-0.12399,85.952,17257.158,22605.0
8.284499613000007,-0.00528,1.30762,10.30011,-0.01184,0.31663,-0.11264,0.08974,1.4285,9.93428,-0.00535,0.33423,-0.12281,85.957,17271.0,22368.318
8.289499613000006,-0.01125,1.29919,10.29833,-0.01713,0.32342,-0.11387,-0.01293,1.43795,9.92726,-0.00777,0.34394,-0.12164,85.957,17271.0,22100.643
8.294499613000006,-0.01722,1.29076,10.29656,-0.02243,0.3302,-0.1151,-0.11561,1.44739,9.92023,-0.01019,0.35366,-0.12047,85.957,17379.378,22068.0
8.299499613000005,-0.0232,1.28232,10.29478,-0.02773,0.33698,-0.11634,-0.21828,1.45684,9.91321,-0.01262,0.36337,-0.11929,85.957,17502.809,22068.0
8.304499613000006,-0.02917,1.27389,10.293,-0.0272,0.3367,-0.11624,-0.32095,1.46629,9.90619,-0.01504,0.37309,-0.11812,85.957,17517.0,22068.0
8.309499613000005,-0.03514,1.26546,10.29123,-0.02591,0.33551,-0.11597,-0.42362,1.47573,9.89916,-0.01746,0.3828,-0.11694,85.957,17517.0,22068.0
8.314499613000006,-0.04111,1.25702,10.28945,-0.02462,0.33431,-0.1157,-0.47073,1.44397,9.89477,-0.0181,0.38311,-0.11705,85.996,17597.121,22123.332
8.319499613000007,-0.04709,1.24859,10.28768,-0.02334,0.33312,-0.11543,-0.51064,1.40686,9.89071,-0.0185,0.3822,-0.11732,86.04,17687.641,22185.846
8.324499613000006,-0.06876,1.23343,10.28877,-0.02205,0.33192,-0.11516,-0.55054,1.36975,9.88666,-0.0189,0.38128,-0.11759,86.045,17698.0,22212.027
8.329499613000007,-0.09246,1.2174,10.29024,-0.02076,0.33073,-0.11489,-0.59044,1.33264,9.88261,-0.0193,0.38037,-0.11786,86.045,17698.0,22233.512
8.334499613000006,-0.11617,1.20136,10.2917,-0.01947,0.32953,-0.11462,-0.63034,1.29553,9.87855,-0.01971,0.37946,-0.11813,86.045,17768.319,22236.0
8.339499613000006,-0.13987,1.18533,10.29317,-0.01818,0.32834,-0.11435,-0.67024,1.25842,9.8745,-0.02011,0.37855,-0.1184,86.045,17847.846,22236.0
8.344499613000005,-0.16357,1.1693,10.29464,-0.0155,0.33435,-0.11346,-0.71014,1.22131,9.87045,-0.02051,0.37763,-0.11867,86.083,17857.0,22236.0
8.349499613000006,-0.18727,1.15327,10.2961,-0.01263,0.3413,-0.11249,-0.75004,1.18419,9.86639,-0.02091,0.37672,-0.11894,86.127,17857.0,22236.0
8.354499613000005,-0.21098,1.13723,10.29757,-0.00976,0.34825,-0.11152,-0.65713,1.14576,9.89132,-0.0183,0.39121,-0.11833,86.133,17994.987,22224.21
8.359499613000006,-0.23468,1.1212,10.29904,-0.00689,0.3552,-0.11054,-0.5435,1.10713,9.92076,-0.01522,0.4081,-0.11758,86.133,18154.488,22210.582
8.364499613000007,-0.24401,1.09498,10.30627,-0.00402,0.36215,-0.10957,-0.42988,1.06849,9.9502,-0.01214,0.42499,-0.11683,86.172,18173.0,22171.836
8.369499613000006,-0.25146,1.06742,10.31426,-0.00115,0.36911,-0.1086,-0.31625,1.02986,9.97964,-0.00906,0.44189,-0.11608,86.216,18173.0,22129.792
8.374499613000006,-0.25891,1.03985,10.32225,0.00172,0.37606,-0.10763,-0.22488,1.06869,10.02639,-0.01346,0.45898,-0.11365,86.221,18161.94,22125.0
8.379499613000005,-0.26636,1.01229,10.33024,0.00459,0.38301,-0.10666,-0.13636,1.11748,10.07537,-0.01883,0.47609,-0.11101,86.221,18149.457,22125.0
8.384499613000006,-0.27867,1.01075,10.34588,0.00094,0.41091,-0.10658,-0.04785,1.16627,10.12434,-0.0242,0.49321,-0.10837,86.221,18148.0,22285.248
8.389499613000005,-0.29162,1.01265,10.36253,-0.00357,0.44159,-0.10661,0.04067,1.21506,10.17332,-0.02957,0.51032,-0.10573,86.221,18148.0,22466.68
8.394499613000006,-0.30457,1.01455,10.37919,-0.00808,0.47226,-0.10665,0.12918,1.26386,10.2223,-0.03494,0.52744,-0.10309,86.259,18258.073,22489.0
8.399499613000007,-0.31753,1.01645,10.39584,-0.01259,0.50294,-0.10668,0.21769,1.31265,10.27127,-0.04031,0.54455,-0.10044,86.304,18383.587,22489.0
8.404499613000006,-0.33048,1.01835,10.4125,-0.0171,0.53361,-0.10672,0.24419,1.36692,10.28728,-0.04568,0.56167,-0.0978,86.309,18398.0,22449.334
8.409499613000007,-0.34343,1.02025,10.42915,-0.02161,0.56428,-0.10676,0.26263,1.4219,10.29901,-0.05104,0.57879,-0.09516,86.309,18398.0,22404.522
8.414499613000006,-0.34637,1.04622,10.43355,-0.02634,0.5881,-0.10714,0.28108,1.47687,10.31075,-0.05641,0.5959,-0.09252,86.309,18459.639,22399.0
8.419499613000006,-0.34789,1.07558,10.43624,-0.0311,0.61095,-0.10757,0.29952,1.53185,10.32248,-0.06178,0.61302,-0.08987,86.309,18529.94,22399.0
8.424499613000005,-0.34942,1.10494,10.43892,-0.03586,0.6338,-0.10801,0.31797,1.58683,10.33421,-0.06775,0.63955,-0.08724,86.309,18538.0,22182.176
8.429499613000006,-0.35094,1.13429,10.4416,-0.04062,0.65665,-0.10844,0.33642,1.64181,10.34594,-0.07381,0.6673,-0.0846,86.309,18538.0,21937.273
8.434499613000005,-0.35247,1.16365,10.44428,-0.04538,0.6795,-0.10888,0.35486,1.69679,10.35768,-0.07986,0.69506,-0.08197,86.309,18737.451,21909.0
8.439499613000006,-0.354,1.193,10.44697,-0.05014,0.70235,-0.10931,0.37331,1.75176,10.36941,-0.08591,0.72281,-0.07933,86.309,18962.932,21909.0
8.444499613000007,-0.35552,1.22236,10.44965,-0.0549,0.7252,-0.10974,0.35081,1.66005,10.34082,-0.09196,0.75056,-0.0767,86.309,18989.0,21473.789
8.449499613000006,-0.35705,1.25172,10.45233,-0.05966,0.74805,-0.11018,0.32296,1.54916,10.30695,-0.09801,0.77832,-0.07406,86.309,18989.0,20981.687
8.454499613000007,-0.40605,1.2518,10.45374,-0.06442,0.7709,-0.11061,0.29511,1.43826,10.27308,-0.10406,0.80607,-0.07143,86.309,19103.292,20917.0
8.459499613000006,-0.46223,1.24746,10.45495,-0.06918,0.79375,-0.11105,0.26726,1.32737,10.23922,-0.11011,0.83382,-0.06879,86.309,19234.881,20917.0
8.464499613000006,-0.51842,1.24311,10.45616,-0.07394,0.8166,-0.11148,0.21242,1.34125,10.27737,-0.11249,0.85845,-0.06841,86.27,19250.0,20912.58
8.469499613000005,-0.5746,1.23876,10.45737,-0.0787,0.83945,-0.11191,0.15407,1.37132,10.32486,-0.1144,0.88266,-0.06833,86.226,19250.0,20907.586
8.474499613000006,-0.63079,1.23442,10.45858,-0.08471,0.87762,-0.1111,0.09572,1.4014,10.37236,-0.11631,0.90688,-0.06825,86.221,19460.271,20907.0
8.479499613000005,-0.68697,1.23007,10.45979,-0.09089,0.91782,-0.11013,0.03738,1.43147,10.41986,-0.11821,0.9311,-0.06816,86.221,19698.519,20907.0
8.484499613000006,-0.76801,1.23982,10.63908,-0.09706,0.95802,-0.10916,-0.02097,1.46155,10.46735,-0.12012,0.95532,-0.06808,86.221,19725.0,20677.754
8.489499613000007,-0.85217,1.25132,10.84064,-0.10323,0.99822,-0.10818,-0.07932,1.49162,10.51485,-0.12202,0.97953,-0.06799,86.221,19725.0,20419.842
8.494499613000006,-0.93632,1.26282,11.0422,-0.10941,1.03842,-0.10721,-0.13766,1.5217,10.56234,-0.12393,1.00375,-0.06791,86.221,19835.987,20390.0
8.499499613000006,-1.02047,1.27432,11.24376,-0.11558,1.07862,-0.10623,-0.19601,1.55177,10.60984,-0.12583,1.02797,-0.06783,86.221,19961.496,20390.0
8.504499613000005,-1.05063,1.26881,11.2599,-0.11884,1.10412,-0.10476,-0.25436,1.58185,10.65734,-0.12774,1.05219,-0.06774,86.221,19976.0,20235.718
8.509499613000006,-1.07374,1.26107,11.25181,-0.12172,1.1277,-0.10322,-0.3127,1.61192,10.70483,-0.12964,1.0764,-0.06766,86.221,19976.0,20061.276
8.514499613000005,-1.09685,1.25334,11.24372,-0.1246,1.15128,-0.10169,-0.34215,1.56578,10.74361,-0.13807,1.13039,-0.06952,86.221,20315.184,20041.0
8.519499613000006,-1.11996,1.2456,11.23563,-0.12748,1.17485,-0.10015,-0.36779,1.50961,10.78124,-0.14735,1.18828,-0.07163,86.221,20698.977,20041.0
8.524499613000007,-1.14307,1.23786,11.22754,-0.13036,1.19843,-0.09861,-0.39343,1.45344,10.81887,-0.15664,1.24618,-0.07375,86.221,20743.0,20052.061
8.529499613000006,-1.16618,1.23012,11.21944,-0.13324,1.22201,-0.09707,-0.41907,1.39727,10.8565,-0.16592,1.30408,-0.07586,86.221,20743.0,20064.554
8.534499613000007,-1.18928,1.22239,11.21135,-0.13612,1.24558,-0.09554,-0.53151,1.37183,10.88892,-0.17045,1.32374,-0.06767,86.221,21024.852,20066.0
8.539499613000006,-1.21239,1.21465,11.20326,-0.139,1.26916,-0.094,-0.6553,1.35041,10.92066,-0.17436,1.3384,-0.05814,86.221,21343.587,20066.0
8.544499613000006,-1.2355,1.20691,11.19517,-0.14188,1.29274,-0.09246,-0.77909,1.32898,10.9524,-0.17827,1.35307,-0.0486,86.221,21382.0,19769.024
8.549499613000005,-1.25861,1.19917,11.18708,-0.14476,1.31631,-0.09093,-0.90289,1.30756,10.98413,-0.18219,1.36773,-0.03906,86.221,21382.0,19431.352
8.554499613000006,-1.34905,1.15975,11.2819,-0.15648,1.37319,-0.08055,-1.02668,1.28614,11.01587,-0.1861,1.38239,-0.02952,86.182,21382.0,19392.0
8.559499613000005,-1.44838,1.11615,11.3903,-0.16935,1.43446,-0.06901,-1.15047,1.26471,11.04761,-0.19001,1.39705,-0.01999,86.138,21382.0,19392.0
8.564499613000006,-1.5477,1.07255,11.49869,-0.18223,1.49573,-0.05746,-1.11051,1.31189,11.10584,-0.19392,1.41171,-0.01045,86.133,21797.03,19392.0
8.569499613000007,-1.64703,1.02895,11.60709,-0.19511,1.557,-0.04592,-1.0494,1.36793,11.16748,-0.19783,1.42637,-0.00091,86.133,22265.677,19392.0
8.574499613000006,-1.49031,1.15685,11.69935,-0.19948,1.58377,-0.04292,-0.98828,1.42396,11.22913,-0.20175,1.44103,0.00863,86.094,22320.0,18817.461
8.579499613000007,-1.30002,1.30723,11.78951,-0.20274,1.60602,-0.04104,-0.92716,1.48,11.29078,-0.20566,1.4557,0.01817,86.05,22320.0,18167.593
8.584499613000006,-1.10973,1.45762,11.87966,-0.206,1.62828,-0.03916,-0.86605,1.53604,11.35243,-0.20957,1.47036,0.0277,86.006,22686.493,18093.0
8.589499613000006,-0.91944,1.608,11.96981,-0.20926,1.65053,-0.03728,-0.80493,1.59208,11.41407,-0.21348,1.48502,0.03724,85.962,23100.508,18093.0
8.594499613000005,-0.72915,1.75839,12.05997,-0.21251,1.67278,-0.0354,-0.74381,1.64811,11.47572,-0.21132,1.50373,0.0521,85.879,23149.0,17542.643
8.599499613000006,-0.53886,1.90877,12.15012,-0.21577,1.69504,-0.03352,-0.6827,1.70415,11.53737,-0.20836,1.52297,0.06767,85.791,23149.0,16919.274
8.604499613000005,-0.55495,1.89253,12.2109,-0.21903,1.71729,-0.03164,-0.56471,1.73344,11.60827,-0.2054,1.54222,0.08324,85.742,23210.516,16848.0
8.609499613000006,-0.59768,1.85479,12.26788,-0.22229,1.73954,-0.02976,-0.43939,1.75927,11.68037,-0.20244,1.56146,0.09881,85.698,23279.973,16848.0
8.614499613000007,-0.64042,1.81704,12.32487,-0.22555,1.76179,-0.02788,-0.31407,1.78511,11.75247,-0.19948,1.5807,0.11438,85.616,23288.0,16493.005
8.619499613000006,-0.68315,1.77929,12.38185,-0.22881,1.78405,-0.026,-0.18874,1.81094,11.82457,-0.19652,1.59995,0.12995,85.528,23288.0,16091.622
8.624499613000006,-0.72588,1.74154,12.43884,-0.23207,1.8063,-0.02412,-0.20055,1.77062,11.82928,-0.18823,1.62346,0.11761,85.402,23479.411,16042.0
8.629499613000005,-0.76862,1.70379,12.49583,-0.23533,1.82855,-0.02224,-0.2317,1.72097,11.82448,-0.17919,1.64758,0.10134,85.269,23697.823,16042.0
8.634499613000006,-0.81135,1.66604,12.55281,-0.2286,1.87873,-0.04225,-0.26285,1.67132,11.81968,-0.17015,1.67169,0.08507,85.176,23723.0,14109.855
8.639499613000005,-0.85409,1.6283,12.6098,-0.22056,1.93255,-0.06511,-0.294,1.62166,11.81488,-0.16111,1.69581,0.06879,85.088,23723.0,11925.962
8.644499613000006,-1.00164,1.64627,12.64777,-0.21253,1.98637,-0.08797,-0.32515,1.57201,11.81008,-0.15207,1.71992,0.05252,85.0,23860.919,11676.0
8.649499613000005,-1.16275,1.67146,12.68327,-0.2045,2.04019,-0.11084,-0.35631,1.52236,11.80528,-0.14303,1.74404,0.03625,84.913,24016.664,11676.0
8.654499613000006,-1.32385,1.69664,12.71878,-0.19647,2.094,-0.1337,-0.38746,1.47271,11.80048,-0.13399,1.76815,0.01997,84.746,24035.0,10536.079
8.659499613000007,-1.48495,1.72182,12.75429,-0.18844,2.14782,-0.15656,-0.41861,1.42305,11.79568,-0.12495,1.79227,0.0037,84.569,24035.0,9244.049
8.664499613000006,-1.64606,1.747,12.7898,-0.1804,2.20164,-0.17942,-0.44976,1.3734,11.79088,-0.11591,1.81638,-0.01257,84.433,24035.0,9112.0
8.669499613000006,-1.80716,1.77218,12.82531,-0.17237,2.25546,-0.20229,-0.48091,1.32375,11.78608,-0.10687,1.8405,-0.02885,84.302,24035.0,9112.0
8.674499613000005,-1.8881,1.67647,12.82417,-0.15115,2.36012,-0.22655,-0.15678,1.05139,11.63915,-0.07693,1.90961,-0.04178,84.172,24084.738,6420.497
8.679499613000006,-1.95871,1.56518,12.81832,-0.12823,2.47133,-0.251,0.21316,0.75032,11.4739,-0.0443,1.98452,-0.05429,84.042,24140.887,3382.001
8.684499613000005,-2.02931,1.45388,12.81246,-0.10531,2.58254,-0.27545,0.58309,0.44926,11.30865,-0.01166,2.05943,-0.06679,83.947,24116.021,2943.0
8.689499613000006,-2.09992,1.34259,12.8066,-0.08239,2.69375,-0.2999,0.95303,0.14819,11.14339,0.02097,2.13434,-0.0793,83.858,24077.473,2943.0
8.694499613000007,-2.17052,1.23129,12.80074,-0.05948,2.80497,-0.32435,0.90998,0.00372,10.94266,0.0536,2.20925,-0.0918,83.731,24073.0,2387.144
8.699499613000006,-2.24113,1.12,12.79488,-0.03656,2.91618,-0.3488,0.81271,-0.1202,10.73727,0.08624,2.28416,-0.10431,83.6,24073.0,1758.317
8.704499613000007,-2.52879,1.09885,12.90131,0.01294,3.0038,-0.35904,0.71544,-0.24411,10.53188,0.11887,2.35907,-0.11681,83.506,24074.764,1684.0
8.709499613000006,-2.84554,1.08978,13.02279,0.06599,3.08827,-0.36737,0.61817,-0.36803,10.32649,0.1515,2.43398,-0.12932,83.419,24076.764,1684.0
8.714499613000006,-3.16229,1.0807,13.14428,0.11905,3.17273,-0.37571,0.5209,-0.49194,10.1211,0.17997,2.49824,-0.14479,83.331,24077.0,1404.432
8.719499613000005,-3.47904,1.07163,13.26576,0.1721,3.25719,-0.38405,0.42363,-0.61586,9.91571,0.20789,2.56107,-0.16065,83.243,24077.0,1087.52
8.724499613000006,-3.79579,1.06256,13.38724,0.22516,3.34166,-0.39238,0.02708,-0.4908,10.08733,0.2358,2.62391,-0.17652,83.077,23513.085,1050.0
8.729499613000005,-4.11254,1.05349,13.50872,0.27821,3.42612,-0.40072,-0.40967,-0.33231,10.30957,0.26372,2.68675,-0.19239,82.9,22873.442,1050.0
8.734499613000006,-4.18984,1.07923,13.86349,0.28773,3.43972,-0.40445,-0.84642,-0.17383,10.53181,0.29163,2.74958,-0.20825,82.764,22805.0,872.547
8.739499613000007,-4.23845,1.10915,14.2462,0.29203,3.44483,-0.40763,-1.28316,-0.01534,10.75405,0.31955,2.81242,-0.22412,82.632,22805.0,673.831
8.744499613000006,-4.28706,1.13906,14.62892,0.29633,3.44994,-0.41082,-1.71991,0.14315,10.9763,0.34746,2.87525,-0.23999,82.461,22048.967,651.0
8.749499613000006,-4.33567,1.16897,15.01163,0.30063,3.45505,-0.414,-2.15666,0.30164,11.19854,0.37538,2.93809,-0.25585,82.284,21194.796,651.0
8.754499613000005,-4.38428,1.19888,15.39435,0.30493,3.46016,-0.41718,-2.5934,0.46013,11.42078,0.36417,2.92473,-0.27791,82.07,21106.0,834.49
8.759499613000006,-4.43289,1.2288,15.77706,0.30923,3.46527,-0.42036,-3.03015,0.61862,11.64302,0.34842,2.90253,-0.30068,81.851,21106.0,1039.268
8.764499613000005,-3.95855,1.10827,15.46179,0.31353,3.47038,-0.42354,-3.58793,0.91703,11.54502,0.33267,2.88034,-0.32345,81.671,18837.442,1063.0
8.769499613000006,-3.41567,0.96802,15.05501,0.31783,3.47549,-0.42672,-4.16157,1.23378,11.40504,0.31692,2.85814,-0.34622,81.495,16271.508,1063.0
8.774499613000005,-2.87279,0.82777,14.64824,0.32213,3.4806,-0.42991,-4.73521,1.55054,11.26506,0.30117,2.83594,-0.36899,81.242,15975.0,862.777
8.779499613000006,-2.3299,0.68752,14.24147,0.32643,3.48571,-0.43309,-5.30885,1.86729,11.12508,0.28542,2.81375,-0.39176,80.978,15975.0,636.395
8.784499613000007,-1.78702,0.54728,13.8347,0.33073,3.49082,-0.43627,-4.91225,1.86672,10.19498,0.24831,2.70317,-0.40491,80.715,12102.153,610.0
8.789499613000006,-1.24414,0.40703,13.42792,0.33503,3.49593,-0.43945,-4.38759,1.82428,9.1606,0.20839,2.58093,-0.41679,80.451,7718.159,610.0
8.794499613000006,-0.81488,0.38848,12.84284,0.31278,3.43436,-0.44375,-3.86293,1.78183,8.12622,0.16847,2.4587,-0.42867,80.342,7198.0,541.172
8.799499613000005,-0.40093,0.38631,12.23375,0.28694,3.3638,-0.4482,-3.33827,1.73938,7.09184,0.12855,2.33646,-0.44055,80.254,7198.0,463.079
8.804499613000006,0.01303,0.38414,11.62467,0.26111,3.29325,-0.45265,-3.35214,1.71572,6.42342,0.08862,2.21422,-0.45243,79.972,5051.63,454.0
8.809499613000005,0.42699,0.38198,11.01558,0.23528,3.22269,-0.45709,-3.43686,1.69452,5.80315,0.0487,2.09198,-0.46431,79.665,2622.904,454.0
8.814499613000006,0.84094,0.37981,10.4065,0.20945,3.15214,-0.46154,-3.52158,1.67332,5.18289,0.01382,1.89282,-0.49598,79.356,2340.0,315.383
8.819499613000007,1.2549,0.37764,9.79741,0.18362,3.08158,-0.46599,-3.6063,1.65212,4.56262,-0.0204,1.68352,-0.53025,79.048,2340.0,158.491
8.824499613000006,1.66885,0.37548,9.18832,0.15779,3.01103,-0.47044,-3.69102,1.63093,3.94235,-0.05461,1.47422,-0.56453,78.858,1657.537,141.0
8.829499613000007,2.08281,0.37331,8.57924,0.13195,2.94047,-0.47489,-3.77574,1.60973,3.32208,-0.08883,1.26492,-0.59881,78.682,889.444,141.0
8.834499613000006,2.64947,0.27578,8.29266,0.11541,2.71262,-0.47353,-3.86046,1.58853,2.70181,-0.12305,1.05562,-0.63308,78.545,801.0,137.462
8.839499613000006,3.23601,0.16583,8.04805,0.10008,2.46429,-0.47141,-3.94518,1.56733,2.08154,-0.15726,0.84632,-0.66736,78.414,801.0,133.463
8.844499613000005,3.82254,0.05588,7.80345,0.08475,2.21597,-0.46929,-4.09314,1.53834,2.11451,-0.19148,0.63702,-0.70163,78.243,448.108,133.0
8.849499613000006,4.40907,-0.05406,7.55884,0.06942,1.96764,-0.46718,-4.24938,1.50833,2.23296,-0.2257,0.42773,-0.73591,78.067,49.033,133.0
8.854499613000005,4.99561,-0.16401,7.31423,0.05409,1.71932,-0.46506,-4.40562,1.47831,2.35141,-0.25097,0.29521,-0.66485,77.931,3.0,123.322
8.859499613000006,5.58214,-0.27396,7.06962,0.03876,1.47099,-0.46294,-4.56185,1.4483,2.46987,-0.27508,0.1727,-0.58005,77.8,3.0,112.382
8.864499613000007,6.16867,-0.3839,6.82502,0.02343,1.22267,-0.46082,-4.71809,1.41829,2.58832,-0.29919,0.05019,-0.49526,77.706,3.0,111.0
8.869499613000006,6.75521,-0.49385,6.58041,0.0081,0.97434,-0.4587,-4.87433,1.38828,2.70678,-0.32329,-0.07232,-0.41046,77.617,3.0,111.0
8.874499613000006,6.74836,-0.47067,6.4549,-0.04868,0.66946,-0.3149,-5.03056,1.35826,2.82523,-0.3474,-0.19483,-0.32567,77.529,3.0,220.083
8.879499613000005,6.67218,-0.43195,6.34332,-0.11031,0.35798,-0.15454,-5.1868,1.32825,2.94368,-0.37151,-0.31734,-0.24087,77.442,3.0,341.913
8.884499613000006,6.59599,-0.39322,6.23173,-0.17193,0.04649,0.00582,-4.67219,1.25467,2.94977,-0.39562,-0.43985,-0.15607,77.432,5.225,356.0
8.889499613000005,6.5198,-0.35449,6.12014,-0.23356,-0.265,0.16618,-4.06987,1.17539,2.94116,-0.41972,-0.56235,-0.07128,77.432,7.742,356.0
8.894499613000006,6.44362,-0.31576,6.00856,-0.29518,-0.57649,0.32654,-3.46754,1.09611,2.93255,-0.44383,-0.68486,0.01352,77.432,8.0,492.448
8.899499613000005,6.36743,-0.27703,5.89697,-0.35681,-0.88798,0.48689,-2.86522,1.01683,2.92394,-0.46794,-0.80737,0.09832,77.432,8.0,644.491
8.904499613000006,5.67192,-0.03351,5.7921,-0.38137,-1.07682,0.574,-2.2629,0.93755,2.91534,-0.49205,-0.92988,0.18311,77.47,4.906,662.0
8.909499613000007,4.89581,0.23666,5.6881,-0.40112,-1.2497,0.65158,-1.66058,0.85827,2.90673,-0.51616,-1.05239,0.26791,77.514,1.41,662.0
8.914499613000006,4.1197,0.50683,5.5841,-0.42086,-1.42258,0.72915,-1.62021,0.85902,2.883,-0.51751,-1.15939,0.33622,77.52,1.0,939.64
8.919499613000006,3.3436,0.777,5.4801,-0.4406,-1.59546,0.80673,-1.65442,0.87039,2.85727,-0.51585,-1.26434,0.40234,77.52,1.0,1254.126
8.924499613000005,2.97848,1.00701,5.376,-0.46034,-1.76834,0.8843,-1.68863,0.88176,2.83153,-0.51419,-1.36928,0.46846,77.558,1.885,1290.0
8.929499613000006,2.66628,1.23186,5.27189,-0.48008,-1.94122,0.96188,-1.72284,0.89313,2.8058,-0.51253,-1.47423,0.53458,77.602,2.884,1290.0
8.934499613000005,2.35408,1.45671,5.16778,-0.47362,-2.01512,0.95251,-1.75705,0.9045,2.78006,-0.51087,-1.57917,0.6007,77.607,3.0,1332.746
8.939499613000006,2.04189,1.68156,5.06367,-0.46372,-2.076,0.93171,-1.79126,0.91587,2.75433,-0.5092,-1.68412,0.66682,77.607,3.0,1381.118
8.944499613000007,1.72969,1.90641,4.95956,-0.45382,-2.13687,0.9109,-1.82547,0.92724,2.7286,-0.50754,-1.78906,0.73295,77.607,2.554,1386.0
8.949499613000006,1.41749,2.13126,4.85545,-0.44391,-2.19775,0.89009,-1.85968,0.93861,2.70286,-0.50588,-1.89401,0.79907,77.607,2.057,1386.0
8.954499613000007,1.1053,2.35611,4.75135,-0.43401,-2.25862,0.86928,-2.26753,0.94274,2.68966,-0.45988,-2.07593,0.77981,77.646,2.0,1983.578
8.959499613000006,0.7931,2.58096,4.64724,-0.4241,-2.3195,0.84848,-2.72415,0.94591,2.6781,-0.40809,-2.2679,0.74941,77.69,2.0,2659.151
8.964499613000006,0.83578,2.47737,4.87431,-0.4142,-2.38038,0.82767,-3.18077,0.94909,2.66653,-0.3563,-2.45987,0.719,77.695,1211.986,2737.0
8.969499613000005,0.92468,2.33101,5.14451,-0.4043,-2.44125,0.80686,-3.63739,0.95226,2.65497,-0.30451,-2.65184,0.6886,77.695,2579.564,2737.0
8.974499613000006,1.01358,2.18464,5.41471,-0.39439,-2.50213,0.78605,-4.00064,0.95332,2.79664,-0.29589,-2.7538,0.66853,77.734,2737.0,2985.898
8.979499613000005,1.10248,2.03828,5.68492,-0.38449,-2.563,0.76525,-4.35174,0.95411,2.95826,-0.29288,-2.84405,0.64979,77.778,2737.0,3267.178
8.984499613000006,1.19138,1.89191,5.95512,-0.37459,-2.62388,0.74444,-4.70285,0.9549,3.11987,-0.28988,-2.9343,0.63106,77.783,1527.82,3300.0
8.989499613000007,1.28027,1.74555,6.22532,-0.36468,-2.68475,0.72363,-5.05395,0.95568,3.28148,-0.28687,-3.02455,0.61233,77.783,158.9,3300.0
8.994499613000006,1.15133,1.74786,6.57174,-0.33496,-2.87067,0.72297,-5.40506,0.95647,3.44309,-0.28387,-3.1148,0.5936,77.822,1.0,3486.302
8.999499613000006,0.99397,1.76955,6.92809,-0.30265,-3.0729,0.72494,-5.75616,0.95726,3.60471,-0.28087,-3.20505,0.57486,77.866,1.0,3696.896
9.004499613000005,0.83662,1.79125,7.28444,-0.27034,-3.27512,0.72691,-5.59279,0.94214,3.74247,-0.27786,-3.2953,0.55613,77.91,1.441,3721.0
9.009499613000006,0.67927,1.81294,7.64079,-0.23803,-3.47735,0.72888,-5.36291,0.92497,3.87715,-0.27486,-3.38555,0.5374,77.954,1.94,3721.0
9.014499613000005,0.52192,1.83464,7.99714,-0.20572,-3.67957,0.73085,-5.13304,0.9078,4.01183,-0.27186,-3.47579,0.51867,77.998,2.0,4326.701
9.019499613000006,0.36457,1.85633,8.35349,-0.17341,-3.8818,0.73282,-4.90317,0.89063,4.14651,-0.26885,-3.56604,0.49994,78.042,2.0,5015.55
9.024499613000005,-0.05158,1.89002,8.75323,-0.16434,-3.9532,0.70051,-4.6733,0.87345,4.28119,-0.26585,-3.65629,0.4812,78.086,3.327,5095.0
9.029499613000006,-0.50146,1.92528,9.15863,-0.1583,-4.00756,0.66374,-4.44343,0.85628,4.41587,-0.26284,-3.74654,0.46247,78.13,4.827,5095.0
9.034499613000007,-0.95134,1.96053,9.56403,-0.15226,-4.06191,0.62696,-4.21355,0.83911,4.55055,-0.23617,-3.81114,0.44764,78.174,5.0,6158.85
9.039499613000006,-1.40122,1.99579,9.96943,-0.14623,-4.11626,0.59018,-3.98368,0.82194,4.68523,-0.20642,-3.87239,0.43331,78.218,5.0,7361.331
9.044499613000006,-1.8511,2.03104,10.37483,-0.14019,-4.17062,0.55341,-3.82381,0.88015,5.38459,-0.17666,-3.93364,0.41899,78.262,5.0,7497.0
9.049499613000005,-2.30099,2.0663,10.78022,-0.13415,-4.22497,0.51663,-3.67285,0.94794,6.15577,-0.14691,-3.99489,0.40466,78.306,5.0,7497.0
9.054499613000006,-2.42118,2.02631,11.22028,-0.13833,-4.27815,0.49081,-3.52189,1.01573,6.92694,-0.11715,-4.05615,0.39034,78.349,5.0,7746.57
9.059499613000005,-2.49868,1.97657,11.66482,-0.14383,-4.33118,0.46641,-3.37092,1.08352,7.69811,-0.08739,-4.1174,0.37601,78.393,5.0,8028.462
9.064499613000006,-2.57617,1.92684,12.10936,-0.14933,-4.38421,0.44202,-3.4515,1.203,7.92193,-0.09385,-4.15879,0.35104,78.398,4.557,8061.0
9.069499613000007,-2.65367,1.8771,12.5539,-0.15482,-4.43724,0.41762,-3.5623,1.32923,8.07432,-0.10504,-4.1976,0.32467,78.398,4.057,8061.0
9.074499613000006,-2.73116,1.82737,12.99845,-0.16032,-4.49027,0.39322,-3.67309,1.45545,8.22671,-0.11622,-4.2364,0.29831,78.437,4.0,8403.473
9.079499613000007,-2.80866,1.77763,13.44299,-0.16582,-4.54329,0.36882,-3.78389,1.58168,8.3791,-0.12741,-4.27521,0.27195,78.481,4.0,8790.129
9.084499613000006,-2.97372,1.81604,13.71002,-0.17132,-4.59632,0.34442,-3.89468,1.70791,8.5315,-0.13859,-4.31401,0.24558,78.525,4.0,8835.0
9.089499613000006,-3.15027,1.86602,13.95375,-0.17682,-4.64935,0.32002,-4.00547,1.83413,8.68389,-0.14977,-4.35282,0.21922,78.569,4.0,8835.0
9.094499613000005,-3.32682,1.916,14.19748,-0.17998,-4.64307,0.30108,-4.11627,1.96036,8.83628,-0.16096,-4.39162,0.19286,78.613,4.0,9041.459
9.099499613000006,-3.50338,1.96598,14.44121,-0.18282,-4.62894,0.28285,-4.22706,2.08658,8.98868,-0.17214,-4.43043,0.16649,78.657,4.0,9275.241
9.104499613000005,-3.67993,2.01597,14.68494,-0.18567,-4.61481,0.26463,-4.33785,2.21281,9.14107,-0.18333,-4.46923,0.14013,78.662,4.0,9302.0
9.109499613000006,-3.85648,2.06595,14.92867,-0.18852,-4.60069,0.24641,-4.44865,2.33903,9.29346,-0.19451,-4.50804,0.11377,78.662,4.0,9302.0
9.114499613000007,-4.03303,2.11593,15.1724,-0.19136,-4.58656,0.22819,-4.2551,2.39875,9.70087,-0.20428,-4.48545,0.05581,78.701,4.0,9714.572
9.119499613000006,-4.20959,2.16591,15.41613,-0.19421,-4.57243,0.20997,-4.02179,2.44978,10.14158,-0.21386,-4.45484,-0.00626,78.745,4.0,10181.033
9.124499613000006,-4.63139,2.28063,15.52062,-0.19705,-4.5583,0.19174,-3.78849,2.50081,10.58229,-0.22345,-4.42423,-0.06834,78.75,4.445,10234.0
9.129499613000005,-5.08461,2.40365,15.60727,-0.1999,-4.54417,0.17352,-3.55519,2.55184,11.02301,-0.23303,-4.39362,-0.13042,78.75,4.947,10234.0
9.134499613000006,-5.53783,2.52666,15.69391,-0.20275,-4.53004,0.1553,-3.68048,2.49835,11.20694,-0.21778,-4.3628,-0.18837,78.789,5.0,10347.985
9.139499613000005,-5.99105,2.64967,15.78056,-0.20559,-4.51591,0.13708,-3.84782,2.43259,11.36077,-0.19962,-4.33197,-0.24585,78.833,5.0,10475.333
9.144499613000006,-6.44427,2.77269,15.86721,-0.20844,-4.50179,0.11886,-4.01515,2.36684,11.5146,-0.18146,-4.30113,-0.30332,78.838,4.558,10490.0
9.149499613000005,-6.89748,2.8957,15.95386,-0.21129,-4.48766,0.10063,-4.18249,2.30108,11.66843,-0.1633,-4.2703,-0.36079,78.838,4.058,10490.0
9.154499613000006,-7.03225,2.87078,16.002,-0.17997,-4.42863,-0.00437,-4.34983,2.23533,11.82226,-0.14514,-4.23946,-0.41826,78.877,4.0,10532.032
9.159499613000007,-7.12516,2.82643,16.04509,-0.14417,-4.36369,-0.12077,-4.51716,2.16957,11.97609,-0.12698,-4.20863,-0.47573,78.921,4.0,10579.587
9.164499613000006,-7.21808,2.78208,16.08818,-0.10837,-4.29876,-0.23717,-4.33039,2.0742,12.10136,-0.10882,-4.17779,-0.5332,78.926,4.0,10585.0
9.169499613000006,-7.311,2.73773,16.13126,-0.07256,-4.23383,-0.35357,-4.09813,1.97503,12.22297,-0.09066,-4.14696,-0.59067,78.926,4.0,10585.0
9.174499613000005,-7.40392,2.69338,16.17435,-0.03676,-4.1689,-0.46997,-3.86588,1.87586,12.34457,-0.0725,-4.11612,-0.64814,78.926,4.0,10531.139
9.179499613000006,-7.49684,2.64903,16.21744,-0.00096,-4.10397,-0.58637,-3.63362,1.77668,12.46618,-0.05434,-4.08529,-0.70562,78.926,4.0,10470.061
9.184499613000005,-7.55946,2.52244,16.06456,0.02941,-3.98491,-0.63832,-3.40136,1.67751,12.58779,-0.03618,-4.05446,-0.76309,78.926,4.0,10463.0
9.189499613000006,-7.61813,2.38511,15.88606,0.05908,-3.85876,-0.68184,-3.16911,1.57834,12.70939,-0.01802,-4.02362,-0.82056,78.926,4.0,10463.0
9.194499613000005,-7.67679,2.24777,15.70757,0.08874,-3.73262,-0.72537,-2.97112,1.48306,12.73614,0.01328,-3.91244,-0.85325,78.926,4.0,10463.0
9.199499613000006,-7.73545,2.11044,15.52907,0.1184,-3.60648,-0.76889,-2.77759,1.3883,12.75054,0.04629,-3.79079,-0.88272,78.926,4.0,10463.0
9.204499613000007,-7.79412,1.9731,15.35057,0.14807,-3.48034,-0.81241,-2.58407,1.29353,12.76495,0.0793,-3.66915,-0.91219,78.926,4.0,10491.002
9.209499613000006,-7.85278,1.83576,15.17207,0.17773,-3.3542,-0.85594,-2.39054,1.19877,12.77935,0.11231,-3.54751,-0.94167,78.926,4.0,10525.855
9.214499613000006,-8.07539,1.77044,14.89426,0.19234,-3.25497,-0.86179,-2.19702,1.104,12.79376,0.14531,-3.42587,-0.97114,78.926,3.561,10530.0
9.219499613000005,-8.32013,1.71483,14.60304,0.20492,-3.15937,-0.86256,-2.00349,1.00924,12.80816,0.17832,-3.30423,-1.00061,78.926,3.064,10530.0
9.224499613000006,-8.56487,1.65922,14.31182,0.2175,-3.06378,-0.86332,-1.96154,0.94696,12.73558,0.20002,-3.1604,-1.00153,78.926,3.0,10674.695
9.229499613000005,-8.80961,1.60361,14.02061,0.23008,-2.96818,-0.86409,-1.9418,0.88944,12.65025,0.22006,-3.01331,-0.99827,78.926,3.0,10840.6
9.234499613000006,-9.05435,1.54801,13.72939,0.24265,-2.87258,-0.86486,-1.92207,0.83192,12.56493,0.24011,-2.86623,-0.99501,78.926,1.664,10858.0
9.239499613000007,-9.29909,1.4924,13.43817,0.25523,-2.77698,-0.86563,-1.90233,0.7744,12.4796,0.26015,-2.71915,-0.99175,78.926,0.17,10858.0
9.244499613000006,-9.67582,1.41947,13.07286,0.26781,-2.68139,-0.8664,-1.88259,0.71688,12.39427,0.28019,-2.57207,-0.98849,78.926,0.0,10952.733
9.249499613000006,-10.06955,1.34431,12.698,0.28039,-2.58579,-0.86717,-1.86286,0.65937,12.30894,0.30023,-2.42498,-0.98523,78.926,0.0,11059.673
9.254499613000005,-10.46328,1.26915,12.32315,0.29297,-2.49019,-0.86793,-1.84312,0.60185,12.22361,0.32027,-2.2779,-0.98197,78.926,2.211,11072.0
9.259499613000006,-10.85702,1.19399,11.94829,0.30555,-2.39459,-0.8687,-1.82339,0.54433,12.13828,0.34032,-2.13082,-0.97872,78.926,4.71,11072.0
9.264499613000005,-11.25075,1.11883,11.57344,0.31812,-2.299,-0.86947,-1.53382,0.24183,12.20477,0.33858,-1.9163,-0.86949,78.926,5.0,11176.767
9.269499613000006,-11.64448,1.04367,11.19858,0.3307,-2.2034,-0.87024,-1.2089,-0.09276,12.29114,0.334,-1.69296,-0.74638,78.926,5.0,11295.26
9.274499613000005,-12.03822,0.9685,10.82373,0.30024,-1.6309,-0.64765,-0.88398,-0.42735,12.37751,0.32941,-1.46961,-0.62327,78.887,4.558,11309.0
9.279499613000006,-12.43195,0.89334,10.44887,0.26413,-0.99584,-0.39576,-0.55906,-0.76194,12.46388,0.32482,-1.24626,-0.50017,78.843,4.058,11309.0
9.284499613000007,-13.18628,0.48941,10.77833,0.22803,-0.36079,-0.14387,-0.11367,-1.14057,13.08615,0.32024,-1.02292,-0.37706,78.76,4.0,14114.058
9.289499613000006,-13.98785,0.0424,11.20007,0.19192,0.27427,0.10802,0.3475,-1.52497,13.77864,0.31565,-0.79957,-0.25395,78.671,4.0,17286.656
9.294499613000006,-14.78942,-0.40461,11.62181,0.16686,0.45444,0.16527,0.80867,-1.90937,14.47112,0.31107,-0.57622,-0.13084,78.59,4.409,17609.0
9.299499613000005,-15.591,-0.85162,12.04355,0.14304,0.58318,0.20051,1.26984,-2.29376,15.16361,0.30648,-0.35287,-0.00773,78.51,4.864,17609.0
9.304499613000006,-16.39257,-1.29864,12.46529,0.11923,0.71191,0.23574,1.73101,-2.67816,15.8561,0.30189,-0.12953,0.11537,78.453,5.0,17609.0
9.309499613000005,-17.19414,-1.74565,12.88703,0.09541,0.84064,0.27098,2.19218,-3.06256,16.54858,0.29731,0.09382,0.23848,78.404,5.0,17609.0
9.314499613000006,-17.99571,-2.19266,13.30877,0.0716,0.96937,0.30622,2.65335,-3.44696,17.24107,0.27315,0.26886,0.30632,78.32,5.0,19831.695
9.319499613000005,-18.79729,-2.63967,13.73051,0.04778,1.09811,0.34145,3.11452,-3.83136,17.93355,0.24629,0.43723,0.36654,78.232,5.0,22360.941
9.324499613000006,-19.59886,-3.08668,14.15225,0.02397,1.22684,0.37669,2.81561,-3.3837,16.88069,0.21943,0.6056,0.42676,78.144,3.661,23465.616
9.329499613000007,-20.40043,-3.53369,14.57399,0.00016,1.35557,0.41193,2.42996,-2.84109,15.62865,0.19258,0.77398,0.48698,78.057,2.168,24407.729
9.334499613000006,-16.08235,-3.21764,13.88392,-0.02366,1.4843,0.44716,2.04431,-2.29849,14.37662,0.16572,0.94235,0.54721,77.93,2.0,24514.0
9.339499613000006,-11.11334,-2.80456,13.05249,-0.04747,1.61303,0.4824,1.65866,-1.75588,13.12458,0.13886,1.11073,0.60743,77.798,2.0,24514.0
9.344499613000005,-6.14433,-2.39149,12.22106,-0.07129,1.74177,0.51764,1.27301,-1.21327,11.87255,0.112,1.2791,0.66765,77.627,1.557,24902.59
9.349499613000006,-1.17532,-1.97841,11.38963,-0.0951,1.8705,0.55287,0.88736,-0.67066,10.62052,0.08515,1.44747,0.72787,77.452,1.057,25341.107
9.354499613000005,-0.08732,-1.80551,10.9815,-0.09714,1.92636,0.4419,1.03896,-0.48366,10.24538,0.07084,1.50056,0.65234,77.315,3.215,25391.0
9.359499613000006,0.50243,-1.66343,10.62771,-0.09638,1.97287,0.31216,1.25954,-0.34232,9.98283,0.05814,1.53883,0.5594,77.183,5.714,25391.0
9.364499613000007,1.09217,-1.52136,10.27392,-0.09562,2.01938,0.18241,1.48011,-0.20097,9.72028,0.04544,1.57711,0.46645,77.129,6.0,25596.295
9.369499613000006,1.68191,-1.37929,9.92013,-0.09486,2.06589,0.05267,1.70069,-0.05962,9.45772,0.03275,1.61539,0.3735,77.085,6.0,25828.137
9.374499613000006,1.82031,-0.75252,10.08673,-0.0941,2.1124,-0.07707,1.92127,0.08172,9.19517,0.02005,1.65367,0.28055,77.041,4.672,25855.0
9.379499613000005,1.89956,-0.06223,10.32153,-0.09334,2.15891,-0.20681,2.14184,0.22307,8.93262,0.00735,1.69195,0.18761,76.997,3.17,25855.0
9.384499613000006,1.9788,0.62806,10.55633,-0.09258,2.20542,-0.33656,2.36242,0.36441,8.67006,-0.00535,1.73023,0.09466,76.992,3.0,25962.067
9.389499613000005,2.05805,1.31835,10.79113,-0.09182,2.25193,-0.4663,2.583,0.50576,8.40751,-0.01804,1.76851,0.00171,76.992,3.0,26082.783
9.394499613000006,2.1373,2.00864,11.02593,-0.08639,2.16623,-0.43082,2.80357,0.64711,8.14496,-0.03074,1.80679,-0.09124,76.992,1.232,26097.0
9.399499613000005,2.21654,2.69893,11.26072,-0.08033,2.06288,-0.37328,3.02415,0.78845,7.8824,-0.04344,1.84507,-0.18419,76.992,-0.773,26097.0
9.404499613000006,2.06797,2.56779,11.55651,-0.07427,1.95952,-0.31574,2.55466,0.78024,7.96533,-0.01109,1.79005,-0.16094,77.07,-1.0,26159.907
9.409499613000007,1.89028,2.33165,11.86008,-0.06822,1.85617,-0.2582,1.99695,0.75291,8.09242,0.02702,1.7231,-0.12283,77.158,-1.0,26230.855
9.414499613000006,1.71258,2.09551,12.16366,-0.06216,1.75282,-0.20067,1.43925,0.72558,8.2195,0.06514,1.65616,-0.08473,77.285,0.329,26239.0
9.419499613000006,1.53489,1.85936,12.46724,-0.05611,1.64946,-0.14313,0.88154,0.69824,8.34659,0.10325,1.58921,-0.04662,77.417,1.831,26239.0
9.424499613000005,1.3572,1.62322,12.77082,-0.05005,1.54611,-0.08559,-0.873,1.07408,8.74793,0.09348,1.50657,-0.10618,77.549,2.0,26239.0
9.429499613000006,1.1795,1.38708,13.07439,-0.04399,1.44276,-0.02805,-2.77903,1.50095,9.18399,0.07765,1.42194,-0.17809,77.68,2.0,26239.0
9.434499613000005,1.00181,1.15093,13.37797,-0.01852,1.30799,-0.05217,-4.68506,1.92782,9.62004,0.06182,1.3373,-0.25001,77.812,2.0,26074.69
9.439499613000006,0.82411,0.91479,13.68155,0.00949,1.16914,-0.0869,-6.59109,2.35469,10.0561,0.046,1.25267,-0.32193,77.944,2.0,25889.006
9.444499613000005,0.82835,0.97362,13.33188,0.03749,1.03029,-0.12164,-5.73862,2.27362,10.02144,0.03017,1.16804,-0.39384,78.037,7.752,25868.0
9.449499613000006,0.8558,1.07008,12.89888,0.06549,0.89144,-0.15638,-4.53428,2.12776,9.92674,0.01434,1.08341,-0.46576,78.124,14.238,25868.0
9.454499613000007,0.88325,1.16653,12.46588,0.0935,0.75259,-0.19111,-3.32994,1.9819,9.83204,-0.00148,0.99878,-0.53768,78.213,15.0,25726.438
9.459499613000006,0.91069,1.26299,12.03288,0.1215,0.61374,-0.22585,-2.12559,1.83603,9.73734,-0.01731,0.91415,-0.6096,78.301,15.0,25566.033
9.464499613000006,0.93814,1.35945,11.59988,0.1495,0.47488,-0.26058,-0.92125,1.69017,9.64264,-0.03314,0.82952,-0.68151,78.388,826.808,25619.382
9.469499613000005,0.96559,1.4559,11.16688,0.17751,0.33603,-0.29532,0.28309,1.54431,9.54794,-0.04897,0.74489,-0.75343,78.476,1741.438,25699.806
9.474499613000006,0.99303,1.55236,10.73388,0.17317,0.31878,-0.281,1.48743,1.39844,9.45323,-0.02438,0.72721,-0.69468,78.564,2279.324,25709.0
9.479499613000005,1.02048,1.64882,10.30088,0.16466,0.31722,-0.26036,2.69177,1.25258,9.35853,0.00543,0.71816,-0.61906,78.652,2768.58,25709.0
9.484499613000006,1.03182,1.55484,10.26614,0.15615,0.31566,-0.23971,2.49181,0.90911,9.33834,0.03523,0.70912,-0.54344,78.74,2824.0,25709.0
9.489499613000007,1.04111,1.43654,10.28228,0.14763,0.3141,-0.21906,2.11247,0.54039,9.32767,0.06504,0.70008,-0.46782,78.828,2824.0,25709.0
9.494499613000006,1.0504,1.31824,10.29843,0.13912,0.31254,-0.19841,1.73312,0.17168,9.317,0.09484,0.69103,-0.3922,78.953,2824.0,25709.0
9.499499613000006,1.05968,1.19994,10.31457,0.13061,0.31099,-0.17776,1.35377,-0.19703,9.30633,0.12465,0.68199,-0.31658,79.084,2824.0,25709.0
9.504499613000005,1.06897,1.08164,10.33071,0.1221,0.30943,-0.15711,0.97442,-0.56575,9.29565,0.15445,0.67295,-0.24096,79.14,4029.279,25687.141
9.509499613000006,1.07825,0.96334,10.34685,0.11359,0.30787,-0.13646,0.59507,-0.93446,9.28498,0.18426,0.66391,-0.16534,79.184,5423.848,25661.85
9.514499613000005,0.98816,0.98165,10.38578,0.11603,0.29309,-0.13079,0.50575,-0.61269,9.39826,0.18905,0.62996,-0.15786,79.267,5581.0,25679.41
9.519499613000006,0.88545,1.01731,10.4276,0.11987,0.27663,-0.12701,0.45325,-0.20322,9.52728,0.19066,0.59285,-0.15903,79.355,5581.0,25702.412
9.524499613000005,0.78274,1.05297,10.46942,0.1237,0.26017,-0.12324,0.40076,0.20625,9.6563,0.19227,0.55574,-0.16021,79.443,5821.511,25705.0
9.529499613000006,0.68003,1.08862,10.51125,0.12754,0.24371,-0.11947,0.34826,0.61572,9.78533,0.19389,0.51863,-0.16138,79.531,6092.508,25705.0
9.534499613000007,0.61736,1.13505,10.52461,0.13137,0.22725,-0.11569,0.29577,1.02519,9.91435,0.1955,0.48153,-0.16255,79.619,6123.0,25726.288
9.539499613000006,0.55977,1.18284,10.53436,0.13521,0.21079,-0.11192,0.24327,1.43466,10.04337,0.19712,0.44442,-0.16372,79.707,6123.0,25750.274
9.544499613000006,0.50217,1.23063,10.54412,0.13904,0.19433,-0.10814,0.27305,1.48856,10.06454,0.19219,0.43502,-0.14387,79.756,6123.0,25753.0
9.549499613000005,0.44458,1.27842,10.55387,0.14288,0.17787,-0.10437,0.31339,1.49688,10.07188,0.18643,0.42918,-0.12132,79.8,6123.0,25753.0
9.554499613000006,0.38699,1.32621,10.56363,0.13528,0.16074,-0.09345,0.35372,1.50519,10.07922,0.18066,0.42334,-0.09877,79.882,6732.051,25738.509
9.559499613000005,0.32939,1.374,10.57338,0.12622,0.14353,-0.08161,0.39405,1.51351,10.08656,0.1749,0.41749,-0.07622,79.969,7418.91,25722.167
9.564499613000006,0.26737,1.39319,10.58084,0.11716,0.12632,-0.06977,0.43438,1.52182,10.0939,0.16914,0.41165,-0.05367,80.096,8232.434,25720.0
9.569499613000005,0.20466,1.40802,10.58795,0.1081,0.10911,-0.05793,0.47471,1.53014,10.10124,0.16337,0.40581,-0.03113,80.229,9065.324,25720.0
9.574499613000006,0.14196,1.42284,10.59507,0.09903,0.0919,-0.04609,0.51504,1.53845,10.10858,0.15761,0.39996,-0.00858,80.361,9159.0,25723.542
9.579499613000007,0.07925,1.43766,10.60218,0.08997,0.07469,-0.03426,0.55537,1.54677,10.11591,0.15185,0.39412,0.01397,80.492,9159.0,25727.532
9.584499613000006,0.01655,1.45248,10.60929,0.08091,0.05747,-0.02242,0.52704,1.60343,10.1392,0.14233,0.39159,0.02172,80.624,9296.091,25728.0
9.589499613000006,-0.04616,1.46731,10.6164,0.07185,0.04026,-0.01058,0.48959,1.66652,10.1646,0.13231,0.38949,0.0275,80.756,9451.378,25728.0
9.594499613000005,-0.10886,1.48213,10.62351,0.05241,0.02453,-0.0047,0.45215,1.7296,10.19,0.12229,0.38739,0.03327,80.85,9469.0,25815.238
9.599499613000006,-0.17157,1.49695,10.63062,0.03163,0.00899,0.00042,0.4147,1.79268,10.2154,0.11228,0.38529,0.03905,80.938,9469.0,25913.642
9.604499613000005,-0.18804,1.47387,10.6471,0.01086,-0.00655,0.00554,0.3939,1.79207,10.2397,0.10226,0.3832,0.04483,81.065,9729.101,25924.0
9.609499613000006,-0.19908,1.44632,10.66468,-0.00991,-0.02209,0.01066,0.37506,1.78396,10.26387,0.09224,0.3811,0.05061,81.196,10019.801,25924.0
9.614499613000005,-0.21012,1.41878,10.68226,-0.01417,-0.01706,0.00874,0.35623,1.77584,10.28804,0.08223,0.379,0.05639,81.328,10053.0,25733.17
9.619499613000006,-0.22116,1.39123,10.69985,-0.01631,-0.00938,0.00592,0.33739,1.76773,10.31221,0.07221,0.37691,0.06217,81.459,10053.0,25517.737
9.624499613000006,-0.23219,1.36369,10.71743,-0.01844,-0.0017,0.00309,0.31855,1.75962,10.33638,0.06219,0.37481,0.06795,81.591,10167.228,25493.0
9.629499613000005,-0.24323,1.33614,10.73501,-0.02057,0.00598,0.00027,0.29971,1.75151,10.36056,0.05217,0.37271,0.07373,81.723,10296.274,25493.0
9.634499613000006,-0.25427,1.3086,10.7526,-0.0227,0.01366,-0.00255,0.28087,1.7434,10.38473,0.04752,0.38533,0.06858,81.855,10311.0,25654.178
9.639499613000005,-0.26531,1.28105,10.77018,-0.02483,0.02134,-0.00538,0.26203,1.73529,10.4089,0.04355,0.39984,0.06203,81.987,10311.0,25836.119
9.644499613000006,-0.24059,1.28269,10.75475,-0.02696,0.02902,-0.0082,0.38221,1.70993,10.40875,0.03959,0.41435,0.05548,82.08,10339.316,25857.0
9.649499613000005,-0.21123,1.28811,10.73504,-0.02909,0.0367,-0.01102,0.52041,1.68233,10.40544,0.03562,0.42886,0.04892,82.168,10371.303,25857.0
9.654499613000006,-0.18187,1.29353,10.71533,-0.03122,0.04438,-0.01385,0.65862,1.65474,10.40214,0.03166,0.44337,0.04237,82.333,10375.0,25618.846
9.659499613000007,-0.15252,1.29895,10.69562,-0.03335,0.05206,-0.01667,0.79682,1.62714,10.39884,0.02769,0.45788,0.03582,82.509,10375.0,25349.57
9.664499613000006,-0.12532,1.31282,10.68364,-0.03631,0.06605,-0.02454,0.93502,1.59954,10.39553,0.02373,0.47239,0.02926,82.607,10562.547,25319.0
9.669499613000006,-0.0984,1.32777,10.67265,-0.03938,0.08086,-0.03305,1.07322,1.57194,10.39223,0.01976,0.4869,0.02271,82.695,10774.112,25319.0
9.674499613000005,-0.07148,1.34272,10.66166,-0.04245,0.09566,-0.04157,1.02826,1.62416,10.39335,0.0068,0.50318,-0.00077,82.783,10798.0,25441.305
9.679499613000006,-0.04456,1.35767,10.65067,-0.04552,0.11046,-0.05008,0.95999,1.68655,10.39504,-0.0073,0.51969,-0.0264,82.871,10798.0,25579.178
9.684499613000005,-0.01764,1.37262,10.63968,-0.04859,0.12526,-0.05859,0.89171,1.74893,10.39673,-0.0214,0.5362,-0.05203,82.998,11210.563,25595.0
9.689499613000006,0.00928,1.38757,10.62868,-0.05165,0.14006,-0.06711,0.82343,1.81131,10.39842,-0.0355,0.55271,-0.07766,83.129,11676.607,25595.0
9.694499613000005,0.03274,1.3635,10.61163,-0.05472,0.15486,-0.07562,0.75516,1.87369,10.40011,-0.04961,0.56921,-0.10329,83.222,11730.0,25515.161
9.699499613000006,0.05575,1.33437,10.5938,-0.05779,0.16967,-0.08414,0.68688,1.93607,10.4018,-0.06371,0.58572,-0.12893,83.31,11730.0,25424.992
9.704499613000007,0.07876,1.30525,10.57597,-0.06086,0.18447,-0.09265,0.6532,1.79636,10.35416,-0.06583,0.59016,-0.13051,83.437,12218.312,25414.0
9.709499613000006,0.10176,1.27613,10.55813,-0.06393,0.19927,-0.10116,0.62432,1.62859,10.29967,-0.06629,0.59292,-0.12877,83.569,12774.413,25414.0
9.714499613000006,0.12477,1.247,10.5403,-0.06628,0.20872,-0.10278,0.59545,1.46082,10.24517,-0.06674,0.59568,-0.12702,83.661,12837.0,25323.373
9.719499613000005,0.14778,1.21788,10.52246,-0.06854,0.21748,-0.10351,0.56657,1.29306,10.19068,-0.0672,0.59844,-0.12527,83.748,12837.0,25221.253
9.724499613000006,0.15771,1.22553,10.51759,-0.0708,0.22625,-0.10425,0.508,1.27003,10.17625,-0.06766,0.6012,-0.12352,83.837,13071.999,25208.0
9.729499613000005,0.16569,1.23866,10.51466,-0.07306,0.23501,-0.10499,0.445,1.26858,10.1678,-0.06812,0.60396,-0.12177,83.925,13342.045,25208.0
9.734499613000006,0.17367,1.25179,10.51172,-0.07532,0.24378,-0.10573,0.38201,1.26713,10.15935,-0.06857,0.60672,-0.12002,84.052,13373.0,25178.754
9.739499613000005,0.18165,1.26492,10.50879,-0.07758,0.25255,-0.10646,0.31901,1.26568,10.1509,-0.06903,0.60948,-0.11827,84.184,13373.0,25145.721
9.744499613000006,0.18963,1.27805,10.50585,-0.07984,0.26131,-0.1072,0.25601,1.26424,10.14245,-0.06949,0.61224,-0.11652,84.277,13373.0,25142.0
9.749499613000006,0.19761,1.29118,10.50291,-0.0821,0.27008,-0.10794,0.19302,1.26279,10.134,-0.06994,0.615,-0.11477,84.365,13373.0,25142.0
9.754499613000005,0.20558,1.30431,10.49998,-0.08142,0.26809,-0.10684,0.13002,1.26134,10.12555,-0.06386,0.60553,-0.11202,84.453,13544.404,25142.0
9.759499613000006,0.21356,1.31744,10.49704,-0.08036,0.26469,-0.10551,0.06703,1.2599,10.1171,-0.05692,0.59446,-0.10914,84.541,13738.151,25142.0
9.764499613000005,0.2201,1.27245,10.4949,-0.0793,0.2613,-0.10417,0.00403,1.25845,10.10865,-0.04999,0.58339,-0.10626,84.628,14051.372,25014.414
9.769499613000006,0.22645,1.22006,10.49286,-0.07824,0.25791,-0.10284,-0.05896,1.257,10.1002,-0.04305,0.57233,-0.10337,84.716,14379.779,24870.612
9.774499613000005,0.23281,1.16768,10.49081,-0.07718,0.25451,-0.1015,-0.06776,1.17176,10.10026,-0.04063,0.57023,-0.10021,84.804,14420.0,24860.938
9.779499613000006,0.23916,1.11529,10.48877,-0.07612,0.25112,-0.10016,-0.06899,1.07483,10.1015,-0.03884,0.56938,-0.097,84.892,14420.0,24869.985
9.784499613000007,0.24551,1.06291,10.48673,-0.07506,0.24772,-0.09883,-0.07022,0.9779,10.10275,-0.03705,0.56854,-0.09379,85.019,14707.25,24871.0
9.789499613000006,0.25187,1.01052,10.48468,-0.074,0.24433,-0.09749,-0.07145,0.88097,10.104,-0.03526,0.56769,-0.09059,85.151,15030.821,24871.0
9.794499613000006,0.22264,1.02192,10.48597,-0.07206,0.24276,-0.09523,-0.07268,0.78403,10.10525,-0.03347,0.56684,-0.08738,85.244,15068.0,24837.786
9.799499613000005,0.1888,1.04159,10.4877,-0.07,0.24142,-0.09285,-0.07391,0.6871,10.1065,-0.03168,0.566,-0.08417,85.332,15068.0,24800.261
9.804499613000006,0.15496,1.06127,10.48942,-0.06794,0.24009,-0.09047,-0.09199,0.72537,10.11479,-0.02989,0.56515,-0.08096,85.381,15265.718,24796.0
9.809499613000005,0.12112,1.08094,10.49115,-0.06589,0.23875,-0.08809,-0.11222,0.78096,10.12398,-0.0281,0.56431,-0.07776,85.425,15488.762,24796.0
9.814499613000006,0.08727,1.10062,10.49287,-0.06383,0.23742,-0.08571,-0.13246,0.83654,10.13318,-0.02631,0.56346,-0.07455,85.546,15514.0,24413.787
9.819499613000005,0.05343,1.12029,10.4946,-0.06178,0.23608,-0.08333,-0.1527,0.89213,10.14237,-0.02452,0.56261,-0.07134,85.678,15514.0,23982.807
9.824499613000006,0.01959,1.13997,10.49632,-0.05972,0.23475,-0.08095,-0.17293,0.94772,10.15157,-0.02273,0.56177,-0.06814,85.771,15514.0,23933.0
9.829499613000007,-0.01425,1.15964,10.49805,-0.05766,0.23341,-0.07857,-0.19317,1.0033,10.16076,-0.02094,0.56092,-0.06493,85.859,15514.0,23933.0
9.834499613000006,-0.03781,1.165,10.5038,-0.05974,0.23887,-0.0788,-0.21341,1.05889,10.16996,-0.01915,0.56007,-0.06172,85.947,15550.277,23891.857
9.839499613000006,-0.06001,1.16845,10.51008,-0.06237,0.24523,-0.07938,-0.23364,1.11448,10.17915,-0.01736,0.55923,-0.05851,86.035,15591.358,23845.264
9.844499613000005,-0.0822,1.17191,10.51636,-0.06499,0.25158,-0.07996,-0.2455,1.16778,10.19379,-0.01979,0.56413,-0.05627,86.123,15988.194,23840.0
9.849499613000006,-0.1044,1.17537,10.52264,-0.06762,0.25794,-0.08054,-0.25629,1.22079,10.20913,-0.02275,0.56975,-0.05415,86.211,16430.347,23840.0
9.854499613000005,-0.1266,1.17882,10.52892,-0.07024,0.2643,-0.08112,-0.26709,1.2738,10.22447,-0.02572,0.57538,-0.05202,86.338,16481.0,23817.403
9.859499613000006,-0.14879,1.18228,10.5352,-0.07287,0.27066,-0.0817,-0.27788,1.32681,10.23981,-0.02869,0.58101,-0.0499,86.469,16481.0,23791.882
9.864499613000005,-0.1472,1.15649,10.5387,-0.07334,0.28491,-0.08194,-0.28867,1.37982,10.25515,-0.03166,0.58664,-0.04778,86.523,16631.193,23789.0
9.869499613000006,-0.14257,1.12698,10.54184,-0.07354,0.30016,-0.08213,-0.29946,1.43283,10.27048,-0.03463,0.59227,-0.04566,86.567,16800.511,23789.0
9.874499613000006,-0.13794,1.09747,10.54498,-0.07374,0.31542,-0.08233,-0.19509,1.38786,10.28908,-0.03726,0.61218,-0.04421,86.69,16820.0,23476.816
9.879499613000005,-0.13331,1.06795,10.54813,-0.07395,0.33068,-0.08253,-0.07575,1.33014,10.30811,-0.03984,0.63395,-0.04285,86.822,16820.0,23124.023
9.884499613000006,-0.14285,1.05326,10.54488,-0.07415,0.34593,-0.08272,0.04359,1.27242,10.32713,-0.04243,0.65572,-0.04149,86.914,16609.882,23088.0
9.889499613000005,-0.15399,1.04026,10.54092,-0.07435,0.36119,-0.08292,0.16294,1.2147,10.34616,-0.04501,0.67749,-0.04012,87.002,16375.869,23088.0
9.894499613000006,-0.16514,1.02725,10.53695,-0.07455,0.37645,-0.08312,0.16335,1.19207,10.35982,-0.04759,0.69925,-0.03876,87.051,16349.0,22727.831
9.899499613000005,-0.17628,1.01425,10.53298,-0.07475,0.3917,-0.08331,0.14833,1.174,10.37278,-0.05018,0.72102,-0.0374,87.095,16349.0,22320.943
9.904499613000006,-0.18743,1.00124,10.52901,-0.07495,0.40696,-0.08351,0.13332,1.15592,10.38575,-0.05336,0.73593,-0.03617,87.139,16765.42,22275.0
9.909499613000007,-0.19857,0.98824,10.52505,-0.07515,0.42222,-0.08371,0.1183,1.13785,10.39871,-0.05661,0.74997,-0.03495,87.182,17234.844,22275.0
9.914499613000006,-0.20972,0.97523,10.52108,-0.07348,0.44296,-0.08404,0.10328,1.11977,10.41167,-0.05987,0.76401,-0.03373,87.265,17289.0,22184.798
9.919499613000006,-0.22087,0.96223,10.51711,-0.07157,0.46441,-0.08439,0.08827,1.1017,10.42464,-0.06312,0.77804,-0.03252,87.353,17289.0,22082.833
9.924499613000005,-0.22476,0.97434,10.50583,-0.06966,0.48586,-0.08474,0.02036,1.17958,10.40942,-0.06638,0.79208,-0.0313,87.402,17289.0,22071.0
9.929499613000006,-0.2277,0.98974,10.49358,-0.06775,0.50731,-0.08509,-0.05449,1.27007,10.39051,-0.06963,0.80612,-0.03008,87.446,17289.0,22071.0
9.934499613000005,-0.23065,1.00515,10.48133,-0.06584,0.52877,-0.08544,-0.12935,1.36055,10.3716,-0.07288,0.82015,-0.02886,87.49,17513.408,22071.0
9.939499613000006,-0.23359,1.02056,10.46909,-0.06392,0.55022,-0.08579,-0.2042,1.45103,10.35269,-0.07614,0.83419,-0.02764,87.534,17766.885,22071.0
9.944499613000005,-0.23653,1.03597,10.45684,-0.06201,0.57167,-0.08614,-0.19974,1.51454,10.36091,-0.08841,0.8523,-0.02306,87.578,17796.0,21976.755
9.949499613000006,-0.23948,1.05138,10.44459,-0.0601,0.59312,-0.08649,-0.18499,1.57456,10.37266,-0.10186,0.87095,-0.01803,87.622,17796.0,21870.28
9.954499613000007,-0.24242,1.06679,10.43235,-0.05819,0.61458,-0.08684,-0.17024,1.63457,10.38441,-0.1153,0.88959,-0.013,87.627,18106.022,21858.0
9.959499613000006,-0.24536,1.08219,10.4201,-0.05628,0.63603,-0.08719,-0.15549,1.69459,10.39615,-0.12874,0.90823,-0.00798,87.627,18456.462,21858.0
9.964499613000006,-0.2457,1.08398,10.41869,-0.05605,0.63851,-0.08723,-0.14074,1.7546,10.4079,-0.14219,0.92687,-0.00295,87.627,18497.0,21611.671
9.969499613000005,-0.2457,1.08398,10.41869,-0.05605,0.63851,-0.08723,-0.12599,1.81462,10.41965,-0.15563,0.94552,0.00207,87.627,18497.0,21333.119
9.974499613000006,-0.2457,1.08398,10.41869,-0.05605,0.63851,-0.08723,-0.11124,1.87463,10.43139,-0.16907,0.96416,0.0071,87.627,18216.219,21301.0
9.979499613000005,-0.2457,1.08398,10.41869,-0.05605,0.63851,-0.08723,-0.09649,1.93464,10.44314,-0.18252,0.9828,0.01212,87.627,17898.841,21301.0
9.984499613000006,-0.2457,1.08398,10.41869,-0.05605,0.63851,-0.08723,-0.09482,1.94142,10.44447,-0.18403,0.9849,0.01269,87.627,17863.0,20935.835
9.989499613000005,-0.2457,1.08398,10.41869,-0.05605,0.63851,-0.08723,-0.09482,1.94142,10.44447,-0.18403,0.9849,0.01269,87.627,17863.0,20524.183
