time_s,foot_ax,foot_ay,foot_az,foot_gx,foot_gy,foot_gz,shank_ax,shank_ay,shank_az,shank_gx,shank_gy,shank_gz,ankle_encoder_deg,toe_fsr_raw,heel_fsr_raw
0.0044996130000072,9.23133,-4.95829,-1.76103,-0.06307,0.09329,-0.21915,11.05557,3.99647,-2.41387,0.0,0.0,0.0,169.541,21879.0,0.0
0.0094996130000072,9.23133,-4.95829,-1.76103,-0.06307,0.09329,-0.21915,11.05557,3.99647,-2.41387,0.0,0.0,0.0,169.541,21879.0,0.0
0.014499613000007199,9.23133,-4.95829,-1.76103,-0.06307,0.09329,-0.21915,11.05557,3.99647,-2.41387,0.0,0.0,0.0,169.464,21879.0,0.0
0.019499613000007198,9.23133,-4.95829,-1.76103,-0.06307,0.09329,-0.21915,11.05557,3.99647,-2.41387,0.0,0.0,0.0,169.375,21879.0,0.0
0.0244996130000072,9.23133,-4.95829,-1.76103,-0.06307,0.09329,-0.21915,10.92453,4.17376,-2.50825,-0.07209,-0.02693,-0.31286,169.365,21879.0,0.0
0.029499613000007197,9.23133,-4.95829,-1.76103,-0.06307,0.09329,-0.21915,10.77669,4.37379,-2.61472,-0.15342,-0.05732,-0.66584,169.365,21879.0,0.0
0.034499613000007194,9.23133,-4.95829,-1.76103,-0.06307,0.09329,-0.21915,10.62885,4.57382,-2.72119,-0.23475,-0.0877,-1.01882,169.092,21879.0,186.245
0.0394996130000072,9.23133,-4.95829,-1.76103,-0.06307,0.09329,-0.21915,10.48101,4.77385,-2.82766,-0.31609,-0.11809,-1.3718,168.785,21879.0,396.189
0.044499613000007196,9.36583,-4.90975,-1.73274,-0.12391,0.12881,-0.49489,10.33317,4.97387,-2.93413,-0.39742,-0.14847,-1.72477,168.633,21879.0,420.0
0.049499613000007193,9.51753,-4.855,-1.70082,-0.19253,0.16887,-0.80591,10.18533,5.1739,-3.04061,-0.47875,-0.17886,-2.07775,168.501,21879.0,420.0
0.05449961300000719,9.66924,-4.80025,-1.66891,-0.26115,0.20892,-1.11693,10.03749,5.37393,-3.14708,-0.56008,-0.20925,-2.43073,168.33,15771.756,420.0
0.059499613000007195,9.82094,-4.7455,-1.63699,-0.32977,0.24898,-1.42795,9.88965,5.57396,-3.25355,-0.64141,-0.23963,-2.78371,168.155,8885.696,420.0
0.06449961300000719,9.97265,-4.69075,-1.60508,-0.39839,0.28904,-1.73897,8.976,5.15213,-3.12591,-0.66203,-0.19129,-2.6876,168.018,5054.232,445.718
0.06949961300000719,10.12435,-4.63601,-1.57316,-0.46702,0.3291,-2.04999,7.9643,4.65067,-2.9683,-0.67487,-0.13287,-2.53397,167.886,1613.926,474.729
0.0744996130000072,9.40368,-4.68067,-1.47451,-0.53564,0.36916,-2.36101,6.95259,4.14921,-2.81069,-0.68771,-0.07444,-2.38035,167.637,1226.0,408.851
0.07949961300000719,8.57213,-4.73798,-1.36738,-0.60426,0.40922,-2.67203,5.94088,3.64776,-2.65307,-0.70056,-0.01602,-2.22673,167.374,1226.0,330.914
0.08449961300000719,7.74059,-4.79528,-1.26024,-0.60903,0.42726,-2.52031,5.36078,3.95801,-2.60909,-0.73534,0.02136,-2.04627,167.227,686.849,322.0
0.0894996130000072,6.90905,-4.85258,-1.15311,-0.60556,0.44246,-2.30884,4.83642,4.3731,-2.57978,-0.77297,0.05603,-1.86235,167.095,78.07,322.0
0.09449961300000718,6.07751,-4.90988,-1.04598,-0.60208,0.45766,-2.09736,4.31206,4.78818,-2.55046,-0.81059,0.0907,-1.67843,167.041,8.0,324.215
0.09949961300000719,5.24596,-4.96719,-0.93884,-0.59861,0.47286,-1.88588,3.78769,5.20326,-2.52115,-0.84821,0.12537,-1.49451,166.997,8.0,326.718
0.10449961300000718,4.88571,-5.58054,-0.77353,-0.59514,0.48806,-1.67441,3.26333,5.61835,-2.49184,-0.88584,0.16004,-1.31059,166.914,6.227,327.0
0.10949961300000718,4.5853,-6.26449,-0.60083,-0.59166,0.50326,-1.46293,2.73897,6.03343,-2.46253,-0.92346,0.1947,-1.12666,166.826,4.228,327.0
0.11449961300000719,4.28489,-6.94844,-0.42813,-0.58819,0.51846,-1.25146,2.21461,6.44852,-2.43321,-0.96108,0.22937,-0.94274,166.738,4.0,246.335
0.11949961300000718,3.98448,-7.63239,-0.25543,-0.58471,0.53366,-1.03998,1.69024,6.8636,-2.4039,-0.99871,0.26404,-0.75882,166.651,4.0,155.256
0.12449961300000718,3.68406,-8.31634,-0.08273,-0.58124,0.54886,-0.82851,1.89799,6.2668,-2.26033,-0.88188,0.32345,-0.4984,166.602,2.67,145.0
0.12949961300000717,3.38365,-9.00029,0.08997,-0.57777,0.56406,-0.61703,2.19865,5.54159,-2.10226,-0.74546,0.38601,-0.22827,166.558,1.172,145.0
0.13449961300000718,3.08324,-9.68424,0.26267,-0.4726,0.54135,-0.408,2.4993,4.81638,-1.9442,-0.60903,0.44856,0.04185,166.553,1.0,211.872
0.13949961300000718,2.78283,-10.36819,0.43538,-0.35426,0.51374,-0.19928,2.79995,4.09118,-1.78613,-0.47261,0.51111,0.31198,166.553,1.0,287.412
0.1444996130000072,2.69813,-9.87159,0.28048,-0.23591,0.48613,0.00943,2.80569,3.62869,-1.63382,-0.33619,0.57367,0.58211,166.592,2.329,296.0
0.1494996130000072,2.64109,-9.22357,0.08357,-0.11757,0.45851,0.21815,2.77359,3.1999,-1.48225,-0.19976,0.63622,0.85223,166.636,3.829,296.0
0.15449961300000717,2.58406,-8.57555,-0.11334,0.00078,0.4309,0.42686,2.74149,2.77112,-1.33068,-0.07991,0.63219,0.97953,166.641,4.0,485.254
0.15949961300000717,2.52702,-7.92752,-0.31025,0.11913,0.40328,0.63558,2.70939,2.34233,-1.17911,0.03781,0.61958,1.08841,166.641,4.0,698.919
0.16449961300000718,2.46999,-7.2795,-0.50717,0.23747,0.37567,0.84429,2.6773,1.91355,-1.02753,0.15553,0.60696,1.19728,166.68,4.0,723.0
0.16949961300000718,2.41295,-6.63147,-0.70408,0.35582,0.34805,1.053,2.6452,1.48476,-0.87596,0.27324,0.59434,1.30616,166.723,4.0,723.0
0.1744996130000072,2.39831,-6.35806,-0.86487,0.447,0.29188,1.17417,2.6131,1.05597,-0.72439,0.39096,0.58172,1.41503,166.767,4.0,1087.284
0.17949961300000716,2.38915,-6.13309,-1.02098,0.53466,0.23202,1.28402,2.58101,0.62719,-0.57282,0.50868,0.56911,1.5239,166.811,4.0,1498.673
0.18449961300000717,2.37999,-5.90812,-1.1771,0.62233,0.17215,1.39386,2.49925,0.70377,-0.4742,0.6264,0.55649,1.63278,166.816,3.557,1545.0
0.18949961300000717,2.37083,-5.68315,-1.33322,0.70999,0.11229,1.50371,2.41119,0.84448,-0.3823,0.74411,0.54387,1.74165,166.816,3.057,1545.0
0.19449961300000718,2.36167,-5.45818,-1.48934,0.79766,0.05243,1.61355,2.32313,0.9852,-0.2904,0.8038,0.52564,1.81464,166.855,3.0,1960.171
0.19949961300000718,2.35251,-5.23321,-1.64545,0.88532,-0.00744,1.7234,2.23508,1.12591,-0.1985,0.856,0.50668,1.88299,166.899,3.0,2428.907
0.20449961300000716,2.34335,-5.00824,-1.80157,0.97299,-0.0673,1.83324,2.14702,1.26663,-0.1066,0.90819,0.48771,1.95135,166.943,3.0,2482.0
0.20949961300000716,2.33419,-4.78327,-1.95769,1.06065,-0.12717,1.94309,2.05896,1.40734,-0.0147,0.96039,0.46875,2.0197,166.987,3.0,2482.0
0.21449961300000717,2.69524,-4.79496,-2.0945,1.11463,-0.17567,2.05455,1.97091,1.54806,0.0772,1.01259,0.44979,2.08806,167.031,3.0,2977.244
0.21949961300000717,3.10493,-4.83774,-2.22878,1.16418,-0.22268,2.16623,1.88285,1.68877,0.1691,1.06479,0.43083,2.15641,167.075,3.0,3537.558
0.22449961300000718,3.51462,-4.88053,-2.36306,1.21372,-0.26969,2.2779,2.15705,1.8716,0.08996,1.11698,0.41187,2.22477,167.08,3.0,3599.0
0.22949961300000718,3.92431,-4.92332,-2.49734,1.26327,-0.31671,2.38958,2.47586,2.05963,-0.01024,1.16918,0.39291,2.29312,167.08,3.0,3599.0
0.23449961300000716,4.23236,-4.86191,-2.57222,1.31282,-0.36372,2.50125,2.79468,2.24765,-0.11044,1.22138,0.37394,2.36148,167.119,3.0,4127.562
0.23949961300000716,4.52737,-4.78713,-2.63947,1.36237,-0.41073,2.61293,3.1135,2.43567,-0.21065,1.27357,0.35498,2.42983,167.162,3.0,4723.93
0.24449961300000717,4.82239,-4.71236,-2.70672,1.41191,-0.45774,2.7246,3.43231,2.62369,-0.31085,1.32577,0.33602,2.49819,167.207,3.441,4802.0
0.24949961300000717,5.1174,-4.63758,-2.77398,1.46146,-0.50475,2.83627,3.75113,2.81171,-0.41106,1.37797,0.31706,2.56654,167.251,3.948,4802.0
0.2544996130000072,5.41241,-4.56281,-2.84123,1.47174,-0.53752,2.92803,3.78958,3.08609,-0.5911,1.42464,0.28807,2.75835,167.256,4.0,5838.542
0.2594996130000071,5.70742,-4.48803,-2.90848,1.47752,-0.56866,3.01749,3.79581,3.37039,-0.78032,1.47067,0.25793,2.96434,167.256,4.0,6994.189
0.2644996130000071,6.07216,-4.32447,-2.93941,1.48329,-0.59979,3.10696,3.80204,3.65469,-0.96954,1.5167,0.22778,3.17034,167.295,4.0,7124.0
0.26949961300000713,6.44573,-4.14968,-2.96574,1.48906,-0.63093,3.19642,3.80827,3.93899,-1.15875,1.56273,0.19764,3.37633,167.339,4.0,7124.0
0.27449961300000714,6.81929,-3.97489,-2.99207,1.49484,-0.66206,3.28589,4.1874,3.97018,-1.20529,1.5421,0.18471,3.43825,167.383,4.0,7368.102
0.27949961300000714,7.19286,-3.8001,-3.0184,1.50061,-0.6932,3.37535,4.61393,3.96919,-1.23368,1.51299,0.17396,3.48185,167.427,4.0,7643.236
0.28449961300000715,7.56642,-3.62531,-3.04473,1.50639,-0.72433,3.46482,5.04046,3.96821,-1.26207,1.48389,0.16322,3.52545,167.471,4.443,7675.0
0.28949961300000715,7.93999,-3.45052,-3.07106,1.51216,-0.75547,3.55428,5.46699,3.96722,-1.29046,1.45478,0.15247,3.56905,167.515,4.943,7675.0
0.29449961300000715,8.31355,-3.27573,-3.09739,1.46456,-0.7407,3.62463,5.89352,3.96624,-1.31885,1.42568,0.14173,3.61265,167.558,5.0,8120.208
0.2994996130000071,8.68712,-3.10094,-3.12373,1.41008,-0.72001,3.69251,6.32005,3.96525,-1.34724,1.39658,0.13098,3.65625,167.602,5.0,8622.72
0.3044996130000071,9.17328,-3.23222,-3.1313,1.35561,-0.69933,3.76039,6.59399,4.06563,-1.49926,1.36747,0.12024,3.69985,167.607,4.56,8681.0
0.3094996130000071,9.67422,-3.40366,-3.13642,1.30114,-0.67865,3.82827,6.84792,4.17932,-1.6675,1.33837,0.1095,3.74345,167.607,4.062,8681.0
0.3144996130000071,10.17517,-3.57509,-3.14153,1.24666,-0.65797,3.89615,7.10185,4.293,-1.83574,1.30927,0.09875,3.78706,167.646,4.0,8872.38
0.3194996130000071,10.67611,-3.74653,-3.14665,1.19219,-0.63728,3.96403,7.35577,4.40668,-2.00398,1.28016,0.08801,3.83066,167.69,4.0,9090.967
0.3244996130000071,11.17705,-3.91796,-3.15177,1.13771,-0.6166,4.03191,7.6097,4.52036,-2.17221,1.25106,0.07726,3.87426,167.734,3.116,9117.0
0.32949961300000713,11.67799,-4.0894,-3.15688,1.08324,-0.59592,4.09979,7.86363,4.63404,-2.34045,1.22195,0.06652,3.91786,167.778,2.113,9117.0
0.33449961300000713,12.00844,-4.21116,-3.21126,1.04403,-0.5719,4.15934,8.11755,4.74773,-2.50869,1.17342,0.07002,3.97537,167.861,2.0,9731.147
0.33949961300000714,12.31724,-4.32661,-3.27189,1.00675,-0.54747,4.21784,8.37148,4.86141,-2.67693,1.12241,0.07532,4.03466,167.949,2.0,10423.3
0.34449961300000714,12.62604,-4.44206,-3.33253,0.96947,-0.52303,4.27633,8.65683,4.72223,-2.82882,1.07141,0.08063,4.09394,167.959,2.0,10503.0
0.34949961300000715,12.93484,-4.55751,-3.39316,0.93219,-0.49859,4.33482,8.94626,4.55014,-2.97857,1.0204,0.08594,4.15322,167.959,2.0,10503.0
0.3544996130000071,13.24364,-4.67296,-3.4538,0.89492,-0.47416,4.39331,9.23569,4.37805,-3.12832,0.9694,0.09125,4.21251,167.998,2.0,10820.575
0.3594996130000071,13.55244,-4.78841,-3.51443,0.85764,-0.44972,4.4518,9.52513,4.20597,-3.27808,0.91839,0.09655,4.27179,168.042,2.0,11181.925
0.3644996130000071,13.86124,-4.90386,-3.57507,0.82036,-0.42528,4.51029,9.81456,4.03388,-3.42783,0.86739,0.10186,4.33107,168.086,2.0,11224.0
0.3694996130000071,14.17004,-5.01931,-3.6357,0.78309,-0.40085,4.56878,10.10399,3.86179,-3.57759,0.81638,0.10717,4.39036,168.13,2.0,11224.0
0.3744996130000071,14.43336,-4.75379,-3.68096,0.7204,-0.3723,4.54492,10.22566,3.78988,-3.54427,0.77418,0.10199,4.39731,168.135,2.0,11317.991
0.3794996130000071,14.69092,-4.44002,-3.72428,0.6545,-0.34323,4.51063,10.32607,3.73065,-3.48778,0.7331,0.09549,4.39764,168.135,2.0,11423.885
0.3844996130000071,14.94848,-4.12625,-3.7676,0.5886,-0.31416,4.47633,10.42649,3.67142,-3.43128,0.69201,0.08899,4.39797,168.135,3.33,11436.0
0.3894996130000071,15.20604,-3.81248,-3.81091,0.5227,-0.28509,4.44204,10.52691,3.6122,-3.37478,0.65093,0.08249,4.3983,168.135,4.831,11436.0
0.39449961300000713,15.4636,-3.49871,-3.85423,0.4568,-0.25602,4.40775,10.62732,3.55297,-3.31828,0.60985,0.07598,4.39863,168.096,5.0,11152.436
0.39949961300000714,15.72116,-3.18494,-3.89755,0.3909,-0.22695,4.37346,10.72774,3.49374,-3.26178,0.56876,0.06948,4.39896,168.052,5.0,10832.904
0.4044996130000071,16.07677,-2.95056,-3.81298,0.32703,-0.20569,4.34421,10.82816,3.43451,-3.20529,0.52768,0.06298,4.39929,168.047,4.557,10797.0
0.4094996130000071,16.44479,-2.72622,-3.71223,0.26342,-0.18543,4.31561,10.92857,3.37529,-3.14879,0.4866,0.05648,4.39962,168.047,4.057,10797.0
0.4144996130000071,16.81281,-2.50188,-3.61147,0.1998,-0.16517,4.287,11.19408,3.57783,-3.16908,0.32742,0.02941,4.34138,168.047,4.0,10713.407
0.4194996130000071,17.18083,-2.27754,-3.51072,0.13619,-0.1449,4.25839,11.48087,3.81415,-3.19927,0.15301,-0.00031,4.27558,168.047,4.0,10619.03
0.4244996130000071,17.28193,-2.12277,-3.36914,0.07258,-0.12464,4.22979,11.76767,4.05047,-3.22947,-0.02139,-0.03004,4.20977,168.047,4.0,10608.0
0.4294996130000071,17.3477,-1.97722,-3.22216,0.00896,-0.10438,4.20118,12.05447,4.28679,-3.25967,-0.1958,-0.05976,4.14397,168.047,4.0,10608.0
0.4344996130000071,17.41348,-1.83166,-3.07519,-0.05465,-0.08411,4.17258,12.14922,4.20036,-3.10279,-0.23073,-0.07061,4.08241,168.047,4.0,10524.681
0.4394996130000071,17.47925,-1.6861,-2.92821,-0.11826,-0.06385,4.14397,12.21914,4.0722,-2.92173,-0.24763,-0.07903,4.0214,168.047,4.0,10430.587
0.4444996130000071,17.54503,-1.54055,-2.78123,-0.18188,-0.04358,4.11536,12.28905,3.94404,-2.74066,-0.26452,-0.08744,3.96038,168.047,4.0,10420.0
0.4494996130000071,17.6108,-1.39499,-2.63425,-0.24549,-0.02332,4.08676,12.35897,3.81588,-2.55959,-0.28142,-0.09586,3.89937,168.047,4.0,10420.0
0.45449961300000713,17.67658,-1.24943,-2.48727,-0.26442,-0.02649,3.99645,12.42889,3.68772,-2.37852,-0.29832,-0.10427,3.83836,168.086,4.0,10564.017
0.4594996130000071,17.74235,-1.10388,-2.34029,-0.27756,-0.0327,3.89815,12.49881,3.55955,-2.19746,-0.31521,-0.11268,3.77735,168.13,4.0,10726.698
0.4644996130000071,17.63458,-0.79739,-2.24261,-0.2907,-0.0389,3.79985,12.5223,3.32061,-2.05067,-0.33211,-0.1211,3.71634,168.135,2.225,10745.0
0.4694996130000071,17.50481,-0.47051,-2.15119,-0.30385,-0.04511,3.70155,12.53992,3.06762,-1.90822,-0.349,-0.12951,3.65532,168.135,0.225,10745.0
0.4744996130000071,17.37504,-0.14362,-2.05976,-0.31699,-0.05132,3.60325,12.55753,2.81463,-1.76578,-0.3659,-0.13793,3.59431,168.135,0.0,10726.812
0.4794996130000071,17.24527,0.18326,-1.96833,-0.33013,-0.05752,3.50494,12.57515,2.56164,-1.62334,-0.3828,-0.14634,3.5333,168.135,0.0,10706.324
0.4844996130000071,17.1155,0.51014,-1.8769,-0.34327,-0.06373,3.40664,12.59276,2.30865,-1.48089,-0.39969,-0.15476,3.47229,168.135,-1.326,10704.0
0.4894996130000071,16.98573,0.83703,-1.78547,-0.35641,-0.06994,3.30834,12.61038,2.05566,-1.33845,-0.41659,-0.16317,3.41127,168.135,-2.822,10704.0
0.4944996130000071,16.7954,1.31817,-1.79015,-0.33206,-0.09936,3.13062,12.62799,1.80267,-1.19601,-0.3717,-0.18369,3.24754,168.135,-3.0,10911.659
0.4994996130000071,16.59688,1.82018,-1.80783,-0.30264,-0.13191,2.94215,12.64561,1.54968,-1.05357,-0.31845,-0.20584,3.0699,168.135,-3.0,11147.419
0.5044996130000071,16.39836,2.3222,-1.82552,-0.27322,-0.16447,2.75367,12.4332,1.50785,-0.98271,-0.26521,-0.228,2.89226,168.135,-0.342,11174.0
0.5094996130000071,16.19984,2.82421,-1.8432,-0.24379,-0.19703,2.5652,12.19157,1.49285,-0.92095,-0.21196,-0.25015,2.71462,168.135,2.654,11174.0
0.5144996130000071,16.00133,3.32622,-1.86088,-0.21437,-0.22959,2.37673,11.94993,1.47785,-0.85919,-0.15871,-0.27231,2.53698,168.096,3.0,11335.127
0.5194996130000071,15.80281,3.82824,-1.87857,-0.18495,-0.26215,2.18826,11.7083,1.46285,-0.79743,-0.10546,-0.29446,2.35935,168.052,3.0,11517.279
0.5244996130000071,15.60429,4.33025,-1.89625,-0.15552,-0.29471,1.99979,11.46666,1.44785,-0.73567,-0.05222,-0.31661,2.18171,167.969,3.884,11538.0
0.5294996130000071,15.40577,4.83227,-1.91393,-0.1261,-0.32727,1.81132,11.22503,1.43285,-0.67391,0.00103,-0.33877,2.00407,167.882,4.881,11538.0
0.5344996130000071,16.17938,5.93845,-1.71166,-0.0403,-0.30149,1.28162,11.80984,1.35409,-0.68334,0.08072,-0.32844,1.67327,167.832,5.0,14444.877
0.5394996130000071,17.08496,7.12666,-1.47954,0.05315,-0.26778,0.7056,12.50684,1.26666,-0.70243,0.16401,-0.3137,1.32167,167.788,5.0,17746.358
0.5444996130000072,17.99054,8.31486,-1.24741,0.1466,-0.23408,0.12958,13.20384,1.17924,-0.72153,0.24729,-0.29897,0.97008,167.666,3.669,18118.0
0.5494996130000072,18.89612,9.50306,-1.01528,0.24004,-0.20038,-0.44644,13.90084,1.09182,-0.74062,0.33058,-0.28423,0.61849,167.534,2.169,18118.0
0.5544996130000072,19.8017,10.69127,-0.78315,0.33349,-0.16668,-1.02245,14.59784,1.00439,-0.75971,0.41386,-0.26949,0.26689,167.481,2.0,20056.669
0.5594996130000072,20.70727,11.87947,-0.55102,0.42694,-0.13298,-1.59847,15.29484,0.91697,-0.7788,0.49715,-0.25476,-0.0847,167.437,2.0,22241.447
0.5644996130000072,19.98332,10.29,-0.20901,0.34298,-0.03829,-1.70314,15.99184,0.82955,-0.79789,0.58043,-0.24002,-0.4363,167.276,3.77,22497.0
0.5694996130000072,19.04351,8.33259,0.14757,0.23552,0.06449,-1.74537,16.68885,0.74213,-0.81698,0.66372,-0.22528,-0.78789,167.1,5.775,22497.0
0.5744996130000072,18.10371,6.37518,0.50414,0.12806,0.16726,-1.7876,15.86439,1.37824,-1.19214,0.45232,-0.16669,-0.97486,167.041,6.0,23699.636
0.5794996130000072,17.1639,4.41777,0.86072,0.02059,0.27003,-1.82983,14.84722,2.10599,-1.61239,0.20359,-0.10255,-1.14097,166.997,6.0,25054.598
0.5844996130000072,15.61487,2.38788,0.66211,-0.08687,0.3728,-1.87206,13.83005,2.83374,-2.03264,-0.04513,-0.03841,-1.30709,166.876,5.559,25209.0
0.5894996130000072,13.98749,0.34868,0.3921,-0.19433,0.47557,-1.91429,12.81288,3.56149,-2.45289,-0.29386,0.02573,-1.47321,166.745,5.061,25209.0
0.5944996130000071,12.36012,-1.69052,0.1221,-0.3018,0.57834,-1.95652,12.00301,2.30712,-2.32217,-0.30633,0.02898,-1.51156,166.573,5.0,25392.012
0.5994996130000071,10.73274,-3.72973,-0.14791,-0.40926,0.68112,-1.99875,11.22193,0.77742,-2.11491,-0.286,0.02378,-1.53216,166.397,5.0,25600.445
0.6044996130000071,9.10536,-5.76893,-0.41792,-0.3931,0.63329,-1.99798,10.44085,-0.75228,-1.90765,-0.26566,0.01857,-1.55276,166.182,4.113,25624.0
0.6094996130000071,7.47798,-7.80813,-0.68792,-0.36119,0.56627,-1.99173,9.65977,-2.28197,-1.70038,-0.24532,0.01336,-1.57336,165.962,3.114,25624.0
0.6144996130000071,7.44078,-7.81346,-0.99574,-0.32928,0.49925,-1.98548,8.87869,-3.81167,-1.49312,-0.22498,0.00816,-1.59397,165.899,3.0,25814.033
0.6194996130000071,7.60783,-7.55756,-1.30841,-0.29737,0.43223,-1.97924,8.09761,-5.34137,-1.28586,-0.20464,0.00295,-1.61457,165.855,3.0,26028.474
0.6244996130000071,7.77487,-7.30166,-1.62108,-0.26545,0.36521,-1.97299,7.93189,-4.86008,-1.14258,-0.1843,-0.00226,-1.63517,165.811,3.0,26053.0
0.6294996130000071,7.94191,-7.04576,-1.93375,-0.23354,0.2982,-1.96674,7.84564,-4.11908,-1.00756,-0.16397,-0.00746,-1.65577,165.767,3.0,26053.0
0.6344996130000071,8.10895,-6.78986,-2.24642,-0.20163,0.23118,-1.96049,7.75939,-3.37808,-0.87254,-0.14363,-0.01267,-1.67638,165.684,3.0,26142.075
0.6394996130000071,8.27599,-6.53396,-2.55909,-0.16972,0.16416,-1.95425,7.67314,-2.63708,-0.73752,-0.12329,-0.01788,-1.69698,165.596,3.0,26242.479
0.6444996130000071,8.53853,-6.57111,-2.46413,-0.17312,0.14576,-1.85932,7.58689,-1.89609,-0.6025,-0.10295,-0.02308,-1.71758,165.547,3.0,26254.0
0.6494996130000071,8.81344,-6.64624,-2.31634,-0.18109,0.13367,-1.75291,7.50064,-1.15509,-0.46748,-0.08261,-0.02829,-1.73818,165.503,3.0,26254.0
0.6544996130000071,9.08835,-6.72137,-2.16854,-0.18906,0.12158,-1.64649,7.74889,-0.51511,-0.62332,-0.12689,-0.03936,-1.70379,165.537,2.559,26202.894
0.6594996130000071,9.36326,-6.7965,-2.02075,-0.19703,0.10948,-1.54007,8.04243,0.11119,-0.81856,-0.17993,-0.05123,-1.66195,165.581,2.059,26144.868
0.6644996130000071,9.63817,-6.87163,-1.87296,-0.20501,0.09739,-1.43366,8.33598,0.7375,-1.01379,-0.23296,-0.06309,-1.62012,165.664,2.442,26138.0
0.6694996130000072,9.91308,-6.94676,-1.72516,-0.21298,0.0853,-1.32724,8.62953,1.3638,-1.20902,-0.28599,-0.07496,-1.57828,165.752,2.943,26138.0
0.6744996130000072,10.18799,-7.0219,-1.57737,-0.22095,0.0732,-1.22082,8.92307,1.9901,-1.40425,-0.33903,-0.08682,-1.53644,165.878,3.0,26158.808
0.6794996130000072,10.46291,-7.09703,-1.42958,-0.22892,0.06111,-1.1144,9.21662,2.61641,-1.59948,-0.39206,-0.09869,-1.4946,166.01,3.0,26182.271
0.6844996130000072,10.73782,-7.17216,-1.28178,-0.2369,0.04902,-1.00799,9.51016,3.24271,-1.79472,-0.4451,-0.11055,-1.45277,166.064,802.163,26185.0
0.6894996130000072,11.01273,-7.24729,-1.13399,-0.24487,0.03692,-0.90157,9.80371,3.86901,-1.98995,-0.49813,-0.12242,-1.41093,166.108,1706.498,26185.0
0.6944996130000072,10.19649,-6.62405,-1.93323,-0.25895,0.0321,-0.82922,9.65064,3.84397,-2.24446,-0.55875,-0.10407,-1.27444,166.191,1810.0,26145.611
0.6994996130000071,9.23923,-5.91055,-2.85487,-0.27383,0.02822,-0.76126,9.43986,3.73475,-2.50664,-0.62035,-0.08182,-1.12571,166.279,1810.0,26101.13
0.7044996130000071,9.03711,-5.88395,-2.86598,-0.28871,0.02434,-0.69331,9.22907,3.62554,-2.76881,-0.68195,-0.05957,-0.97698,166.367,2295.407,26096.0
0.7094996130000071,8.93345,-5.94691,-2.75837,-0.30359,0.02046,-0.62536,9.01829,3.51632,-3.03098,-0.74355,-0.03732,-0.82826,166.455,2844.102,26096.0
0.7144996130000071,8.82979,-6.00987,-2.65077,-0.31846,0.01658,-0.55741,8.8075,3.4071,-3.29316,-0.80515,-0.01507,-0.67953,166.543,2906.0,26028.728
0.7194996130000071,8.72613,-6.07283,-2.54316,-0.33334,0.0127,-0.48946,8.59671,3.29788,-3.55533,-0.86675,0.00718,-0.53081,166.63,2906.0,25952.902
0.7244996130000071,8.62247,-6.1358,-2.43555,-0.34822,0.00882,-0.42151,8.73602,1.60453,-2.86877,-0.77488,-0.02746,-0.5163,166.718,3707.214,25944.0
0.7294996130000071,8.51881,-6.19876,-2.32795,-0.36309,0.00494,-0.35356,8.92189,-0.29952,-2.05601,-0.66259,-0.06967,-0.51965,166.806,4614.997,25944.0
0.7344996130000071,8.41515,-6.26172,-2.22034,-0.3449,-0.0033,-0.32948,9.10776,-2.20358,-1.24326,-0.55031,-0.11188,-0.52299,166.894,4720.0,25925.88
0.7394996130000071,8.31149,-6.32468,-2.11273,-0.32238,-0.0121,-0.31114,9.29363,-4.10763,-0.4305,-0.43803,-0.15409,-0.52634,166.982,4720.0,25905.391
0.7444996130000071,8.20783,-6.38764,-2.00512,-0.29986,-0.0209,-0.2928,9.33949,-3.70714,-0.53443,-0.32575,-0.1963,-0.52969,167.07,5400.98,25903.0
0.7494996130000071,8.10417,-6.45061,-1.89752,-0.27734,-0.0297,-0.27446,9.36685,-3.00221,-0.75945,-0.21347,-0.23851,-0.53303,167.158,6171.92,25903.0
0.7544996130000071,8.20538,-6.31999,-1.85518,-0.25482,-0.0385,-0.25612,9.39422,-2.29728,-0.98447,-0.19978,-0.23704,-0.51385,167.207,6259.0,25838.308
0.7594996130000071,8.33268,-6.16472,-1.82115,-0.2323,-0.0473,-0.23778,9.42158,-1.59235,-1.20949,-0.19864,-0.23001,-0.49179,167.251,6259.0,25765.378
0.7644996130000071,8.45999,-6.00946,-1.78712,-0.20978,-0.05611,-0.21944,9.44894,-0.88742,-1.43451,-0.1975,-0.22299,-0.46974,167.334,6518.5,25757.0
0.7694996130000071,8.58729,-5.85419,-1.75308,-0.18727,-0.06491,-0.2011,9.4763,-0.1825,-1.65953,-0.19636,-0.21596,-0.44768,167.422,6811.679,25757.0
0.7744996130000071,8.71459,-5.69892,-1.71905,-0.18139,-0.06521,-0.19242,9.50367,0.52243,-1.88455,-0.19522,-0.20893,-0.42563,167.471,6845.0,25783.13
0.7794996130000071,8.8419,-5.54366,-1.68502,-0.17765,-0.06443,-0.18498,9.53103,1.22736,-2.10957,-0.19408,-0.20191,-0.40357,167.514,6845.0,25812.611
0.7844996130000071,8.91589,-5.4532,-1.74824,-0.17391,-0.06365,-0.17754,9.60845,1.12631,-2.24659,-0.19294,-0.19488,-0.38152,167.52,7774.411,25816.0
0.7894996130000071,8.98297,-5.37117,-1.82408,-0.17017,-0.06286,-0.1701,9.69238,0.92056,-2.37219,-0.1918,-0.18785,-0.35946,167.52,8824.543,25816.0
0.7944996130000072,9.05004,-5.28914,-1.89993,-0.16643,-0.06208,-0.16265,9.7763,0.71482,-2.49778,-0.19066,-0.18083,-0.33741,167.559,8943.0,25755.231
0.7994996130000072,9.11712,-5.2071,-1.97577,-0.16269,-0.06129,-0.15521,9.86022,0.50907,-2.62337,-0.18952,-0.1738,-0.31535,167.602,8943.0,25686.735
0.804499613000007,9.18419,-5.12507,-2.05162,-0.15895,-0.06051,-0.14777,9.94415,0.30333,-2.74897,-0.18838,-0.16677,-0.2933,167.646,9179.766,25679.0
0.8094996130000071,9.25127,-5.04303,-2.12746,-0.15521,-0.05973,-0.14033,10.02807,0.09758,-2.87456,-0.18724,-0.15975,-0.27124,167.69,9446.672,25679.0
0.8144996130000071,9.31834,-4.961,-2.20331,-0.15147,-0.05894,-0.13289,10.06599,0.03512,-2.91568,-0.18052,-0.14603,-0.26955,167.695,9477.0,25623.575
0.8194996130000071,9.38542,-4.87896,-2.27915,-0.14773,-0.05816,-0.12545,10.098,-0.00897,-2.94596,-0.17309,-0.13146,-0.27047,167.695,9477.0,25561.046
0.8244996130000071,9.47561,-4.79721,-2.22456,-0.13566,-0.03581,-0.13442,10.13002,-0.05307,-2.97625,-0.16565,-0.11689,-0.27139,167.734,9830.669,25554.0
0.8294996130000071,9.56873,-4.71549,-2.15341,-0.12254,-0.01073,-0.14548,10.16204,-0.09716,-3.00653,-0.15822,-0.10231,-0.2723,167.778,10229.25,25554.0
0.8344996130000071,9.66185,-4.63378,-2.08225,-0.10942,0.01435,-0.15654,10.19405,-0.14126,-3.03682,-0.15078,-0.08774,-0.27322,167.861,10275.0,25523.888
0.8394996130000071,9.75498,-4.55206,-2.0111,-0.09629,0.03943,-0.1676,10.22607,-0.18535,-3.0671,-0.14335,-0.07317,-0.27414,167.949,10275.0,25489.872
0.8444996130000071,9.74276,-4.53329,-2.02671,-0.09328,0.04754,-0.1742,10.25808,-0.22944,-3.09739,-0.13591,-0.0586,-0.27506,168.037,10734.975,25486.0
0.8494996130000071,9.71701,-4.52261,-2.05348,-0.09158,0.05347,-0.18023,10.2901,-0.27354,-3.12767,-0.12848,-0.04402,-0.27597,168.124,11254.031,25486.0
0.8544996130000071,9.69126,-4.51193,-2.08024,-0.08987,0.05941,-0.18625,10.32212,-0.31763,-3.15796,-0.12104,-0.02945,-0.27689,168.135,11315.0,25382.495
0.8594996130000071,9.66551,-4.50124,-2.107,-0.08816,0.06534,-0.19228,10.35413,-0.36173,-3.18824,-0.1136,-0.01488,-0.27781,168.135,11315.0,25265.213
0.8644996130000071,9.63977,-4.49056,-2.13377,-0.08645,0.07127,-0.19831,10.2235,-0.43278,-2.95497,-0.10922,-0.00618,-0.29465,168.174,11782.683,25252.0
0.8694996130000071,9.61402,-4.47988,-2.16053,-0.08475,0.07721,-0.20433,10.07221,-0.50725,-2.68823,-0.10523,0.00178,-0.31352,168.218,12309.747,25252.0
0.8744996130000071,9.58827,-4.4692,-2.18729,-0.08304,0.08314,-0.21036,10.07313,-0.53304,-2.60504,-0.10124,0.00973,-0.33238,168.301,12370.0,25118.245
0.8794996130000071,9.56252,-4.45851,-2.21405,-0.08133,0.08907,-0.21639,10.0937,-0.55255,-2.54553,-0.09724,0.01769,-0.35125,168.388,12370.0,24967.227
0.8844996130000071,9.54509,-4.48651,-2.17073,-0.08557,0.09082,-0.22699,10.11426,-0.57206,-2.48602,-0.09325,0.02564,-0.37012,168.437,12799.607,24950.0
0.8894996130000071,9.52873,-4.51948,-2.11839,-0.09057,0.09204,-0.23819,10.13483,-0.59157,-2.42652,-0.08926,0.03359,-0.38898,168.481,13284.529,24950.0
0.8944996130000071,9.51237,-4.55245,-2.06604,-0.09558,0.09325,-0.24939,10.1554,-0.61108,-2.36701,-0.10938,0.03694,-0.41599,168.525,13340.0,24950.0
0.8994996130000071,9.49601,-4.58542,-2.0137,-0.10058,0.09447,-0.26059,10.17597,-0.63059,-2.3075,-0.13261,0.03968,-0.44406,168.569,13340.0,24950.0
0.9044996130000071,9.47186,-4.60585,-1.9977,-0.10559,0.09568,-0.27178,10.15843,-0.63421,-2.25271,-0.15584,0.04243,-0.47212,168.613,13912.136,24835.218
0.9094996130000071,9.44673,-4.6247,-1.9863,-0.11059,0.0969,-0.28298,10.13607,-0.63583,-2.19852,-0.17908,0.04517,-0.50018,168.657,14556.736,24705.899
0.914499613000007,9.42159,-4.64355,-1.9749,-0.11559,0.09811,-0.29418,10.11371,-0.63744,-2.14433,-0.18403,0.04232,-0.50729,168.74,14631.0,24586.055
0.919499613000007,9.39646,-4.6624,-1.96349,-0.1206,0.09933,-0.30537,10.09135,-0.63905,-2.09013,-0.1866,0.03875,-0.51167,168.828,14631.0,24467.445
0.924499613000007,9.37132,-4.68125,-1.95209,-0.1256,0.10054,-0.31657,10.06899,-0.64066,-2.03594,-0.18916,0.03517,-0.51606,168.877,14920.494,24454.0
0.929499613000007,9.34619,-4.7001,-1.94069,-0.13061,0.10176,-0.32777,10.04663,-0.64228,-1.98175,-0.19173,0.03159,-0.52044,168.921,15246.999,24454.0
0.9344996130000071,9.32106,-4.71895,-1.92929,-0.13338,0.10038,-0.33363,10.02427,-0.64389,-1.92756,-0.1943,0.02801,-0.52482,168.965,15286.0,24260.926
0.9394996130000071,9.29592,-4.7378,-1.91789,-0.13585,0.09866,-0.33877,10.00191,-0.6455,-1.87336,-0.19687,0.02444,-0.52921,169.009,15286.0,24041.661
0.9444996130000071,9.27079,-4.75665,-1.90649,-0.13832,0.09693,-0.34391,9.99368,-0.62591,-1.89227,-0.19944,0.02086,-0.53359,169.053,15634.288,24017.0
0.9494996130000071,9.24565,-4.7755,-1.89509,-0.14079,0.0952,-0.34905,9.98724,-0.60364,-1.92044,-0.20201,0.01728,-0.53797,169.096,16026.713,24017.0
0.9544996130000071,9.23414,-4.78431,-1.91506,-0.14325,0.09347,-0.35418,9.9808,-0.58136,-1.94861,-0.20458,0.0137,-0.54235,169.179,16072.0,23986.149
0.9594996130000071,9.2244,-4.7918,-1.93913,-0.14572,0.09175,-0.35932,9.97436,-0.55908,-1.97678,-0.20714,0.01012,-0.54674,169.267,16072.0,23951.273
0.9644996130000071,9.21466,-4.79929,-1.96319,-0.14819,0.09002,-0.36446,9.96792,-0.5368,-2.00495,-0.20971,0.00655,-0.55112,169.316,16384.901,23947.0
0.9694996130000071,9.20492,-4.80678,-1.98726,-0.15066,0.08829,-0.3696,9.96148,-0.51453,-2.03312,-0.21228,0.00297,-0.5555,169.36,16741.49,23947.0
0.9744996130000071,9.19518,-4.81428,-2.01132,-0.15313,0.08657,-0.37474,9.95899,-0.44827,-2.04033,-0.20611,0.00186,-0.55614,169.404,16782.0,23847.688
0.9794996130000071,9.18544,-4.82177,-2.03538,-0.1556,0.08484,-0.37988,9.95701,-0.37638,-2.04486,-0.19881,0.00106,-0.55631,169.448,16782.0,23735.648
0.9844996130000071,9.19643,-4.8133,-2.0147,-0.14348,0.08144,-0.36968,9.95503,-0.30448,-2.0494,-0.19152,0.00027,-0.55647,169.492,17000.03,23723.0
0.9894996130000071,9.21006,-4.80279,-1.98832,-0.12951,0.07784,-0.35753,9.95305,-0.23259,-2.05393,-0.18423,-0.00052,-0.55663,169.536,17245.806,23723.0
0.9944996130000071,9.22368,-4.79229,-1.96195,-0.11554,0.07423,-0.34538,9.95107,-0.1607,-2.05846,-0.17693,-0.00132,-0.5568,169.619,17274.0,23608.814
0.9994996130000071,9.23731,-4.78179,-1.93557,-0.10157,0.07063,-0.33323,9.94909,-0.0888,-2.06299,-0.16964,-0.00211,-0.55696,169.707,17274.0,23479.832
1.004499613000007,9.23935,-4.75951,-1.95101,-0.09752,0.07191,-0.32654,9.94711,-0.01691,-2.06752,-0.16234,-0.00291,-0.55713,169.756,17312.052,23465.0
1.0094996130000071,9.23989,-4.73569,-1.97189,-0.09475,0.07382,-0.32056,9.94513,0.05498,-2.07205,-0.15505,-0.0037,-0.55729,169.8,17355.048,23465.0
1.014499613000007,9.24044,-4.71188,-1.99276,-0.09199,0.07573,-0.31458,9.94623,0.11433,-2.11855,-0.15162,0.00058,-0.55417,169.882,17360.0,23407.787
1.0194996130000071,9.24098,-4.68807,-2.01364,-0.08922,0.07764,-0.3086,9.94773,0.17204,-2.17051,-0.14869,0.00551,-0.55063,169.969,17360.0,23343.126
1.024499613000007,9.24152,-4.66426,-2.03451,-0.08646,0.07955,-0.30263,9.94923,0.22975,-2.22248,-0.14577,0.01045,-0.54709,170.058,17428.274,23335.0
1.0294996130000071,9.24206,-4.64045,-2.05539,-0.08369,0.08146,-0.29665,9.95073,0.28746,-2.27444,-0.14284,0.01538,-0.54354,170.146,17506.363,23335.0
1.034499613000007,9.26815,-4.62383,-2.05551,-0.08093,0.08337,-0.29067,9.95223,0.34518,-2.3264,-0.13991,0.02032,-0.54,170.195,17515.0,23217.813
1.0394996130000071,9.29741,-4.6081,-2.05306,-0.07816,0.08528,-0.28469,9.95373,0.40289,-2.37836,-0.13699,0.02525,-0.53646,170.239,17515.0,23086.052
1.044499613000007,9.32668,-4.59237,-2.05061,-0.07657,0.0862,-0.29029,9.99798,0.28027,-2.37837,-0.13369,0.02857,-0.54506,170.361,17720.425,23071.0
1.0494996130000072,9.35595,-4.57664,-2.04815,-0.07513,0.08699,-0.29738,10.04774,0.1344,-2.37168,-0.13036,0.03168,-0.55522,170.493,17952.345,23071.0
1.054499613000007,9.38521,-4.56092,-2.0457,-0.07369,0.08778,-0.30447,10.0975,-0.01147,-2.365,-0.12702,0.0348,-0.56538,170.586,17979.0,12858.762
1.0594996130000072,9.41448,-4.54519,-2.04325,-0.07226,0.08857,-0.31156,10.14726,-0.15734,-2.35831,-0.12368,0.03791,-0.57554,170.674,17979.0,1320.393
1.064499613000007,9.41584,-4.53335,-2.03088,-0.07082,0.08935,-0.31866,10.15797,-0.18071,-2.33988,-0.12034,0.04102,-0.58571,170.684,18044.901,0.0
1.0694996130000072,9.4136,-4.52202,-2.01724,-0.06938,0.09014,-0.32575,10.16365,-0.18824,-2.31994,-0.117,0.04413,-0.59587,170.684,18119.317,0.0
1.074499613000007,9.41136,-4.51069,-2.00359,-0.06794,0.09093,-0.33284,10.16932,-0.19578,-2.29999,-0.11366,0.04724,-0.60603,170.801,18128.0,10209.127
1.079499613000007,9.40912,-4.49935,-1.98995,-0.0665,0.09172,-0.33993,10.17499,-0.20331,-2.28005,-0.11032,0.05035,-0.6162,170.934,18128.0,21766.851
1.084499613000007,9.40688,-4.48802,-1.9763,-0.06506,0.09251,-0.34702,10.18066,-0.21084,-2.2601,-0.10698,0.05347,-0.62636,171.065,18238.192,22946.0
1.089499613000007,9.40464,-4.47669,-1.96266,-0.06362,0.09329,-0.35411,10.18633,-0.21838,-2.24016,-0.10364,0.05658,-0.63652,171.196,18360.904,22946.0
1.094499613000007,9.4024,-4.46536,-1.94901,-0.06417,0.09473,-0.36663,10.19201,-0.22591,-2.22021,-0.10412,0.05823,-0.65351,171.25,18375.0,22694.681
1.099499613000007,9.40015,-4.45402,-1.93537,-0.06497,0.09624,-0.37985,10.19768,-0.23345,-2.20027,-0.1051,0.05969,-0.67139,171.294,18375.0,22410.747
1.104499613000007,9.40202,-4.43173,-1.93557,-0.06577,0.09776,-0.39307,10.19348,-0.20175,-2.21292,-0.10607,0.06115,-0.68926,171.377,18447.561,22378.0
1.109499613000007,9.40442,-4.408,-1.93759,-0.06657,0.09927,-0.40629,10.18801,-0.16494,-2.22983,-0.10705,0.06261,-0.70714,171.465,18529.582,22378.0
1.114499613000007,9.40682,-4.38427,-1.9396,-0.06737,0.10079,-0.41951,10.18253,-0.12812,-2.24673,-0.10803,0.06407,-0.72501,171.552,18539.0,22158.0
1.119499613000007,9.40921,-4.36055,-1.94162,-0.06817,0.1023,-0.43273,10.17705,-0.09131,-2.26363,-0.109,0.06553,-0.74289,171.64,18539.0,21909.462
1.1244996130000071,9.41161,-4.33682,-1.94363,-0.06897,0.10382,-0.44595,10.17157,-0.05449,-2.28054,-0.10998,0.06699,-0.76076,171.728,18693.479,21881.0
1.129499613000007,9.41401,-4.31309,-1.94564,-0.06977,0.10533,-0.45918,10.16609,-0.01768,-2.29744,-0.11096,0.06845,-0.77864,171.816,18867.936,21881.0
1.1344996130000071,9.41641,-4.28936,-1.94766,-0.07057,0.10685,-0.4724,10.18522,-0.03807,-2.35454,-0.10909,0.07804,-0.80433,171.865,18888.0,21625.639
1.139499613000007,9.41881,-4.26564,-1.94967,-0.07137,0.10836,-0.48562,10.20756,-0.0659,-2.41686,-0.10685,0.08868,-0.83103,171.909,18888.0,21337.093
1.1444996130000071,9.42324,-4.27508,-1.98339,-0.06534,0.12466,-0.53949,10.22989,-0.09372,-2.47918,-0.10461,0.09933,-0.85773,171.992,18938.457,21304.0
1.149499613000007,9.42793,-4.28881,-2.02122,-0.05844,0.14287,-0.59864,10.25222,-0.12155,-2.5415,-0.10237,0.10997,-0.88443,172.08,18995.45,21304.0
1.1544996130000071,9.43262,-4.30255,-2.05905,-0.05153,0.16109,-0.65778,10.27456,-0.14938,-2.60382,-0.10014,0.12062,-0.91113,172.129,19002.0,20955.57
1.159499613000007,9.43731,-4.31629,-2.09688,-0.04462,0.1793,-0.71692,10.29689,-0.1772,-2.66615,-0.0979,0.13126,-0.93783,172.173,19002.0,20561.897
1.1644996130000071,9.44772,-4.29165,-2.08279,-0.04422,0.18445,-0.75175,10.28036,-0.09322,-2.59718,-0.09759,0.1341,-0.95277,172.217,19098.072,20517.0
1.169499613000007,9.45887,-4.26208,-2.06201,-0.04466,0.18791,-0.78345,10.25883,0.00516,-2.51132,-0.09754,0.13594,-0.9662,172.261,19206.511,20517.0
1.1744996130000072,9.47001,-4.23251,-2.04123,-0.0451,0.19138,-0.81515,10.2373,0.10354,-2.42546,-0.09748,0.13778,-0.97963,172.266,19219.0,20204.389
1.179499613000007,9.48116,-4.20294,-2.02045,-0.04553,0.19485,-0.84685,10.21576,0.20192,-2.3396,-0.09742,0.13962,-0.99306,172.266,19219.0,19851.086
1.184499613000007,9.4923,-4.17337,-1.99967,-0.04597,0.19831,-0.87854,10.23349,0.2683,-2.29467,-0.09737,0.14145,-1.00649,172.305,19344.629,19810.0
1.189499613000007,9.50345,-4.1438,-1.97889,-0.04641,0.20178,-0.91024,10.25638,0.33047,-2.25513,-0.09731,0.14329,-1.01992,172.348,19486.789,19810.0
1.194499613000007,9.51459,-4.11423,-1.95812,-0.04685,0.20525,-0.94194,10.27927,0.39264,-2.21559,-0.09726,0.14513,-1.03335,172.354,19503.0,19359.545
1.199499613000007,9.52574,-4.08466,-1.93734,-0.04728,0.20871,-0.97364,10.30216,0.45481,-2.17604,-0.0972,0.14697,-1.04678,172.354,19503.0,18851.112
1.204499613000007,9.67348,-4.08,-1.91585,-0.05095,0.21151,-0.99498,10.32505,0.51699,-2.1365,-0.09714,0.14881,-1.06021,172.392,19651.181,18792.0
1.209499613000007,9.8392,-4.07862,-1.89427,-0.05504,0.21423,-1.01495,10.34794,0.57916,-2.09696,-0.09709,0.15064,-1.07364,172.436,19818.857,18792.0
1.214499613000007,10.00491,-4.07723,-1.87269,-0.05912,0.21694,-1.03491,10.37083,0.64133,-2.05742,-0.10791,0.15142,-1.09116,172.441,19838.0,18640.344
1.219499613000007,10.17062,-4.07585,-1.85111,-0.06321,0.21965,-1.05488,10.39372,0.7035,-2.01788,-0.12013,0.15205,-1.1092,172.441,19838.0,18469.143
1.224499613000007,10.24863,-4.02793,-1.84897,-0.0673,0.22236,-1.07485,10.46998,0.77761,-2.04082,-0.13235,0.15268,-1.12724,172.441,20091.063,18447.0
1.229499613000007,10.3136,-3.9731,-1.84971,-0.07139,0.22507,-1.09482,10.55416,0.8535,-2.07305,-0.14457,0.15331,-1.14528,172.441,20381.717,18447.0
1.234499613000007,10.37858,-3.91827,-1.85045,-0.07548,0.22778,-1.11479,10.63835,0.92939,-2.10528,-0.15679,0.15395,-1.16332,172.48,20415.0,18368.655
1.239499613000007,10.44355,-3.86343,-1.85119,-0.07957,0.23049,-1.13476,10.72254,1.00528,-2.13751,-0.16902,0.15458,-1.18136,172.524,20415.0,18280.179
1.244499613000007,10.50852,-3.8086,-1.85193,-0.08366,0.23321,-1.15473,10.80673,1.08117,-2.16973,-0.18124,0.15521,-1.1994,172.529,20415.0,18270.0
1.2494996130000071,10.5735,-3.75377,-1.85267,-0.08775,0.23592,-1.1747,10.89092,1.15706,-2.20196,-0.19346,0.15584,-1.21743,172.529,20415.0,18270.0
1.254499613000007,10.63847,-3.69894,-1.85341,-0.09184,0.23863,-1.19467,10.92886,1.13702,-2.27817,-0.19702,0.15746,-1.24026,172.491,20586.193,18220.467
1.2594996130000071,10.70345,-3.64411,-1.85415,-0.09592,0.24134,-1.21464,10.95911,1.10103,-2.3617,-0.19914,0.15923,-1.26387,172.447,20785.857,18162.696
1.264499613000007,10.74254,-3.72943,-1.9474,-0.10181,0.24992,-1.25328,10.98935,1.06503,-2.44523,-0.20127,0.16101,-1.28749,172.441,20809.0,18156.0
1.2694996130000071,10.77824,-3.83312,-2.05279,-0.10794,0.25927,-1.29437,11.0196,1.02904,-2.52876,-0.20339,0.16279,-1.3111,172.441,20809.0,18156.0
1.274499613000007,10.81395,-3.93682,-2.15817,-0.11406,0.26862,-1.33547,11.04985,0.99305,-2.61228,-0.20551,0.16456,-1.33472,172.441,21244.464,18156.0
1.2794996130000071,10.84965,-4.04051,-2.26355,-0.12019,0.27797,-1.37656,11.08009,0.95706,-2.69581,-0.20763,0.16634,-1.35833,172.441,21737.479,18156.0
1.284499613000007,10.88535,-4.14421,-2.36894,-0.12631,0.28733,-1.41765,11.11034,0.92107,-2.77934,-0.20976,0.16811,-1.38195,172.402,21789.0,18156.0
1.289499613000007,10.92105,-4.2479,-2.47432,-0.13244,0.29668,-1.45874,11.14058,0.88507,-2.86286,-0.21188,0.16989,-1.40556,172.359,21789.0,18156.0
1.294499613000007,10.93619,-4.32722,-2.45694,-0.12079,0.29549,-1.50242,11.17358,0.71583,-2.77333,-0.18938,0.17138,-1.44847,172.354,22176.703,17687.839
1.299499613000007,10.94863,-4.40335,-2.42346,-0.1068,0.29292,-1.54644,11.20694,0.52911,-2.6611,-0.16366,0.17283,-1.49391,172.354,22615.259,17158.272
1.304499613000007,10.96107,-4.47947,-2.38998,-0.09282,0.29036,-1.59046,11.2403,0.34238,-2.54886,-0.13793,0.17427,-1.53935,172.314,22666.0,16614.595
1.309499613000007,10.9735,-4.55559,-2.35649,-0.07884,0.28779,-1.63448,11.27366,0.15566,-2.43663,-0.11221,0.17572,-1.58479,172.27,22666.0,16069.073
1.314499613000007,10.98594,-4.63172,-2.32301,-0.06485,0.28522,-1.6785,11.30701,-0.03107,-2.32439,-0.08648,0.17717,-1.63023,172.226,22622.294,16013.0
1.319499613000007,10.99838,-4.70784,-2.28953,-0.05087,0.28265,-1.72252,11.34037,-0.21779,-2.21216,-0.06076,0.17862,-1.67567,172.183,22573.58,16013.0
1.324499613000007,11.01082,-4.78396,-2.25605,-0.03689,0.28009,-1.76654,11.46006,-0.28711,-2.2741,-0.0606,0.17681,-1.69841,172.139,22568.0,15524.854
1.329499613000007,11.02326,-4.86009,-2.22256,-0.0229,0.27752,-1.81056,11.59091,-0.34125,-2.35857,-0.06374,0.17458,-1.7182,172.095,22568.0,14973.56
1.334499613000007,11.15411,-4.94996,-2.27695,-0.03141,0.28458,-1.85827,11.72176,-0.39538,-2.44304,-0.06689,0.17235,-1.738,172.051,23056.549,14910.0
1.339499613000007,11.30039,-5.04162,-2.34278,-0.04284,0.29289,-1.90647,11.85262,-0.44952,-2.52751,-0.07004,0.17012,-1.75779,172.007,23608.764,14910.0
1.344499613000007,11.44667,-5.13328,-2.40862,-0.05427,0.3012,-1.95466,11.87457,-0.39142,-2.56333,-0.07319,0.16789,-1.77759,171.886,23675.0,13837.533
1.349499613000007,11.59295,-5.22495,-2.47445,-0.0657,0.30951,-2.00285,11.88167,-0.31802,-2.59252,-0.07634,0.16566,-1.79738,171.754,23675.0,12618.894
1.354499613000007,11.73312,-5.12419,-2.54218,-0.07713,0.31782,-2.05104,11.88878,-0.24462,-2.62171,-0.07948,0.16343,-1.81718,171.661,23632.968,12478.0
1.359499613000007,11.8725,-4.99828,-2.61016,-0.08857,0.32613,-2.09923,11.89589,-0.17122,-2.6509,-0.08263,0.1612,-1.83697,171.573,23585.442,12478.0
1.364499613000007,12.01189,-4.87237,-2.67813,-0.1,0.33444,-2.14742,11.90299,-0.09782,-2.68009,-0.08578,0.15897,-1.85677,171.485,23580.0,10730.058
1.369499613000007,12.15127,-4.74646,-2.7461,-0.11143,0.34275,-2.19561,11.9101,-0.02442,-2.70928,-0.08893,0.15674,-1.87657,171.397,23580.0,8756.102
1.3744996130000071,12.29065,-4.62055,-2.81408,-0.14974,0.34728,-2.26718,11.9172,0.04898,-2.73847,-0.09208,0.15451,-1.89636,171.348,23838.34,8528.0
1.379499613000007,12.43003,-4.49464,-2.88205,-0.19155,0.35131,-2.3418,11.92431,0.12238,-2.76766,-0.09522,0.15228,-1.91616,171.304,24130.433,8528.0
1.3844996130000071,12.49039,-4.4419,-2.88017,-0.23337,0.35535,-2.41642,11.91135,0.03537,-2.6513,-0.12498,0.13288,-1.96139,171.182,24164.0,6763.29
1.389499613000007,12.54048,-4.39866,-2.86923,-0.27519,0.35938,-2.49104,11.89578,-0.07246,-2.51604,-0.1582,0.11124,-2.00992,171.05,24164.0,4769.453
1.394499613000007,12.59058,-4.35542,-2.85828,-0.317,0.36342,-2.56566,11.88021,-0.18028,-2.38078,-0.19142,0.08961,-2.05845,170.919,24171.947,4546.0
1.399499613000007,12.64068,-4.31218,-2.84733,-0.35882,0.36745,-2.64028,11.86464,-0.28811,-2.24552,-0.22463,0.06797,-2.10698,170.788,24180.898,4546.0
1.404499613000007,12.69078,-4.26894,-2.83638,-0.40064,0.37149,-2.7149,11.84907,-0.39594,-2.11026,-0.25785,0.04634,-2.15551,170.694,24182.0,4546.0
1.409499613000007,12.74087,-4.2257,-2.82543,-0.44245,0.37552,-2.78953,11.8335,-0.50377,-1.975,-0.29107,0.0247,-2.20404,170.606,24182.0,4546.0
1.414499613000007,12.79097,-4.18246,-2.81448,-0.44863,0.36224,-2.84241,11.81793,-0.6116,-1.83974,-0.32428,0.00306,-2.25257,170.518,24331.271,3965.303
1.419499613000007,12.84107,-4.13923,-2.80354,-0.45022,0.34672,-2.8925,11.80236,-0.71943,-1.70448,-0.3575,-0.01857,-2.3011,170.43,24499.735,3309.945
1.424499613000007,13.0426,-3.86253,-2.62028,-0.45181,0.33121,-2.94259,11.40604,-0.36812,-1.50685,-0.35639,-0.07507,-2.43867,170.381,24519.0,2220.58
1.429499613000007,13.26369,-3.55569,-2.41478,-0.45341,0.3157,-2.99267,10.96055,0.04246,-1.30117,-0.35085,-0.13608,-2.58774,170.337,24519.0,1075.174
1.434499613000007,13.48478,-3.24885,-2.20927,-0.455,0.30018,-3.04276,10.51506,0.45305,-1.09549,-0.34532,-0.19708,-2.73681,170.254,24139.15,943.0
1.439499613000007,13.70587,-2.942,-2.00377,-0.45659,0.28467,-3.09285,10.06957,0.86364,-0.88981,-0.33978,-0.25808,-2.88588,170.166,23709.75,943.0
1.444499613000007,13.92696,-2.63516,-1.79827,-0.45819,0.26916,-3.14294,10.17029,1.9949,-1.2297,-0.3484,-0.23479,-2.88918,170.079,23660.0,890.397
1.449499613000007,14.14805,-2.32832,-1.59276,-0.45978,0.25364,-3.19303,10.34259,3.22059,-1.64108,-0.35887,-0.20046,-2.87337,169.991,23660.0,830.901
1.454499613000007,14.2841,-2.36561,-1.51449,-0.44642,0.2532,-3.1718,10.51489,4.44628,-2.05246,-0.36935,-0.16612,-2.85757,169.98,21860.079,824.0
1.459499613000007,14.409,-2.44804,-1.4529,-0.4311,0.25473,-3.14121,10.68719,5.67198,-2.46384,-0.37982,-0.13178,-2.84176,169.98,19823.997,824.0
1.464499613000007,14.5339,-2.53048,-1.39132,-0.41578,0.25627,-3.11063,10.48217,5.82855,-2.56488,-0.39029,-0.09744,-2.82596,169.902,19588.0,672.204
1.469499613000007,14.6588,-2.61291,-1.32974,-0.40046,0.2578,-3.08004,10.22768,5.84497,-2.62524,-0.40077,-0.06311,-2.81015,169.814,19588.0,500.508
1.474499613000007,14.7837,-2.69535,-1.26815,-0.38513,0.25934,-3.04946,9.9732,5.86138,-2.68559,-0.39687,-0.03702,-2.75914,169.726,17217.926,483.0
1.479499613000007,14.9086,-2.77779,-1.20657,-0.36981,0.26087,-3.01887,9.71871,5.87779,-2.74595,-0.39135,-0.01188,-2.70412,169.639,14578.734,483.0
1.484499613000007,15.0335,-2.86022,-1.14498,-0.35449,0.26241,-2.98828,9.46422,5.8942,-2.80631,-0.38582,0.01327,-2.64911,169.551,14275.0,493.618
1.489499613000007,15.1584,-2.94266,-1.0834,-0.33917,0.26394,-2.9577,9.20974,5.91062,-2.86666,-0.3803,0.03841,-2.5941,169.463,14275.0,505.616
1.494499613000007,13.9217,-3.24229,-1.04092,-0.31008,0.27894,-2.88357,8.95525,5.92703,-2.92702,-0.37477,0.06356,-2.53909,169.414,9221.209,507.0
1.499499613000007,12.50752,-3.57023,-1.00094,-0.2792,0.2957,-2.80377,8.70077,5.94344,-2.98738,-0.36925,0.0887,-2.48407,169.37,3508.656,507.0
1.504499613000007,11.09335,-3.89817,-0.96095,-0.24831,0.31245,-2.72396,8.13316,5.69906,-2.90554,-0.36372,0.11385,-2.42906,169.287,2855.0,411.837
1.509499613000007,9.67917,-4.22611,-0.92097,-0.21743,0.32921,-2.64416,7.52509,5.42099,-2.80533,-0.35819,0.13899,-2.37405,169.2,2855.0,304.378
1.514499613000007,8.83006,-4.63716,-0.84986,-0.18655,0.34596,-2.56435,6.91702,5.14292,-2.70512,-0.35267,0.16414,-2.31904,169.112,1650.548,292.0
1.519499613000007,8.05452,-5.05904,-0.7747,-0.15566,0.36272,-2.48455,6.30895,4.86484,-2.60491,-0.34714,0.18928,-2.26402,169.024,289.296,292.0
1.524499613000007,7.27897,-5.48091,-0.69954,-0.12478,0.37948,-2.40475,5.70088,4.58677,-2.50469,-0.34162,0.21443,-2.20901,169.053,134.0,210.541
1.529499613000007,6.50343,-5.90279,-0.62439,-0.09389,0.39623,-2.32494,5.09281,4.3087,-2.40448,-0.33609,0.23957,-2.154,169.097,134.0,118.591
1.534499613000007,5.72788,-6.32466,-0.54923,-0.06792,0.39472,-2.0602,4.48475,4.03063,-2.30427,-0.36219,0.28484,-1.87489,169.14,76.502,108.0
1.539499613000007,4.95234,-6.74654,-0.47407,-0.04258,0.39082,-1.77137,3.87668,3.75255,-2.20406,-0.39241,0.33272,-1.56661,169.184,11.518,108.0
1.544499613000007,4.17679,-7.16841,-0.39891,-0.01725,0.38693,-1.48255,3.63143,4.31749,-2.06519,-0.42262,0.3806,-1.25833,169.189,4.0,133.208
1.549499613000007,3.40125,-7.59029,-0.32375,0.00809,0.38304,-1.19372,3.43364,4.99272,-1.92126,-0.45284,0.42848,-0.95006,169.189,4.0,161.714
1.554499613000007,3.08918,-7.85772,-0.31594,0.03343,0.37914,-0.9049,3.23586,5.66794,-1.77734,-0.48305,0.47636,-0.64178,169.189,3.115,165.0
1.559499613000007,2.8375,-8.10503,-0.3169,0.05876,0.37525,-0.61607,3.03807,6.34317,-1.63341,-0.51327,0.52424,-0.3335,169.189,2.115,165.0
1.564499613000007,2.58581,-8.35234,-0.31786,0.0841,0.37136,-0.32725,2.96149,5.68,-1.53014,-0.4314,0.53516,-0.18664,169.228,2.0,287.584
1.569499613000007,2.33413,-8.59965,-0.31883,0.10944,0.36746,-0.03842,2.90063,4.84312,-1.43215,-0.33499,0.54129,-0.06073,169.272,2.0,426.079
1.574499613000007,2.08245,-8.84696,-0.31979,0.15169,0.36004,0.07412,2.83978,4.00624,-1.33415,-0.23858,0.54741,0.06518,169.277,2.886,442.0
1.579499613000007,1.83076,-9.09427,-0.32075,0.19613,0.35215,0.16375,2.77893,3.16936,-1.23616,-0.14217,0.55353,0.1911,169.277,3.886,442.0
1.584499613000007,1.77924,-8.72964,-0.42512,0.24058,0.34426,0.25339,2.71807,2.33248,-1.13817,-0.04576,0.55965,0.31701,169.316,4.0,591.701
1.589499613000007,1.75339,-8.28651,-0.54275,0.28503,0.33637,0.34303,2.65722,1.4956,-1.04018,0.05065,0.56577,0.44292,169.36,4.0,760.606
1.594499613000007,1.72754,-7.84339,-0.66039,0.32947,0.32849,0.43267,2.59636,0.65872,-0.94218,0.14706,0.5719,0.56883,169.365,4.0,780.0
1.599499613000007,1.70169,-7.40026,-0.77802,0.37392,0.3206,0.52231,2.53551,-0.17816,-0.84419,0.24346,0.57802,0.69474,169.365,4.0,780.0
1.6044996130000069,1.67584,-6.95713,-0.89565,0.41837,0.31271,0.61195,2.43795,0.36122,-0.74593,0.29143,0.56748,0.8047,169.404,4.0,1141.097
1.609499613000007,1.64999,-6.514,-1.01329,0.46282,0.30482,0.70159,2.33607,1.06264,-0.64765,0.3337,0.55498,0.91278,169.448,4.0,1544.712
1.6144996130000069,1.62414,-6.07087,-1.13092,0.50726,0.29694,0.79123,2.2342,1.76406,-0.54936,0.37596,0.54248,1.02086,169.453,4.0,1591.0
1.619499613000007,1.59829,-5.62774,-1.24856,0.55171,0.28905,0.88087,2.13232,2.46549,-0.45107,0.41822,0.52998,1.12894,169.453,4.0,1591.0
1.624499613000007,1.69329,-5.57183,-1.3232,0.59231,0.24396,1.01331,2.22903,2.58559,-0.43167,0.46049,0.51748,1.23702,169.492,4.0,2392.244
1.629499613000007,1.80396,-5.56614,-1.39226,0.63242,0.19405,1.15131,2.35149,2.63031,-0.42251,0.50275,0.50498,1.3451,169.536,4.0,3297.382
1.634499613000007,1.91463,-5.56044,-1.46133,0.67252,0.14414,1.2893,2.47395,2.67504,-0.41334,0.54501,0.49248,1.45318,169.541,3.557,3401.0
1.639499613000007,2.0253,-5.55474,-1.5304,0.71263,0.09423,1.42729,2.59641,2.71976,-0.40417,0.58728,0.47998,1.56126,169.541,3.057,3401.0
1.644499613000007,2.13597,-5.54904,-1.59947,0.75273,0.04432,1.56529,2.71887,2.76448,-0.39501,0.62954,0.46748,1.66934,169.58,3.0,3563.912
1.649499613000007,2.24664,-5.54334,-1.66853,0.79284,-0.00559,1.70328,2.84134,2.8092,-0.38584,0.6718,0.45498,1.77742,169.624,3.0,3747.841
1.654499613000007,2.35731,-5.53764,-1.7376,0.83294,-0.0555,1.84127,2.9638,2.85393,-0.37667,0.72056,0.43515,1.89168,169.668,2.557,3769.0
1.659499613000007,2.46798,-5.53194,-1.80667,0.87305,-0.10541,1.97927,3.08626,2.89865,-0.36751,0.77016,0.41437,2.00675,169.712,2.057,3769.0
1.664499613000007,3.47567,-5.47341,-2.08928,0.9344,-0.19342,2.18903,3.28852,2.88317,-0.46714,0.81975,0.39358,2.12182,169.717,2.0,3778.743
1.669499613000007,4.59963,-5.40804,-2.39958,0.99851,-0.28638,2.4081,3.50112,2.85988,-0.58087,0.86935,0.3728,2.23689,169.717,2.0,3789.749
1.674499613000007,5.03587,-5.14075,-2.50257,1.06261,-0.37933,2.62716,3.71372,2.83659,-0.69461,0.91895,0.35202,2.35196,169.756,1.114,3791.0
1.679499613000007,5.3839,-4.84757,-2.57898,1.12672,-0.47229,2.84623,3.92633,2.8133,-0.80834,0.96855,0.33123,2.46703,169.8,0.114,3791.0
1.684499613000007,5.73193,-4.55439,-2.65539,1.12727,-0.48771,2.91174,4.13893,2.79002,-0.92207,1.01815,0.31045,2.5821,169.844,0.0,4876.377
1.689499613000007,6.07996,-4.2612,-2.73179,1.11966,-0.49317,2.95753,4.35153,2.76673,-1.03581,1.06774,0.28966,2.69717,169.888,0.0,6101.205
1.694499613000007,6.42799,-3.96802,-2.8082,1.11205,-0.49863,3.00331,4.4855,2.88555,-1.10253,1.08353,0.27023,2.77319,169.893,1.77,6242.0
1.699499613000007,6.77602,-3.67484,-2.88461,1.10443,-0.50409,3.04909,4.60925,3.02283,-1.16315,1.09492,0.25098,2.84414,169.893,3.769,6242.0
1.704499613000007,7.13889,-3.68983,-2.85806,1.09682,-0.50955,3.09488,4.733,3.1601,-1.22377,1.10631,0.23172,2.91509,169.931,4.0,6562.766
1.709499613000007,7.50369,-3.74509,-2.81807,1.08921,-0.51501,3.14066,4.85675,3.29738,-1.28439,1.1177,0.21247,2.98604,169.975,4.0,6925.443
1.714499613000007,7.86849,-3.80035,-2.77807,1.0816,-0.52047,3.18644,4.9805,3.43466,-1.34501,1.12908,0.19321,3.05699,169.98,3.118,6967.0
1.7194996130000069,8.23329,-3.85562,-2.73808,1.07399,-0.52593,3.23223,5.10425,3.57193,-1.40562,1.14047,0.17396,3.12794,169.98,2.123,6967.0
1.724499613000007,8.59809,-3.91088,-2.69808,1.06637,-0.53139,3.27801,5.228,3.70921,-1.46624,1.15186,0.15471,3.19889,170.019,2.0,7072.643
1.7294996130000069,8.96288,-3.96614,-2.65809,1.05876,-0.53685,3.32379,5.35175,3.84649,-1.52686,1.16325,0.13545,3.26984,170.063,2.0,7193.159
1.734499613000007,9.32768,-4.0214,-2.61809,1.05115,-0.54231,3.36958,5.78324,3.98196,-1.76904,1.11392,0.14946,3.3629,170.107,2.443,7207.0
1.7394996130000069,9.69248,-4.07666,-2.5781,1.04354,-0.54777,3.41536,6.25467,4.11719,-2.03477,1.0567,0.16779,3.45884,170.151,2.943,7207.0
1.744499613000007,10.13477,-4.21783,-2.63782,1.00934,-0.51178,3.50663,6.7261,4.25243,-2.3005,0.99948,0.18612,3.55477,170.156,3.0,7464.745
1.749499613000007,10.58703,-4.37005,-2.71039,0.97173,-0.47045,3.60375,7.19752,4.38766,-2.56623,0.94227,0.20445,3.6507,170.156,3.0,7755.672
1.754499613000007,11.03929,-4.52228,-2.78295,0.93412,-0.42911,3.70087,7.66895,4.52289,-2.83196,0.88505,0.22278,3.74663,170.195,2.115,7789.0
1.759499613000007,11.49155,-4.6745,-2.85551,0.8965,-0.38778,3.79799,8.14037,4.65813,-3.09769,0.82783,0.24111,3.84256,170.239,1.116,7789.0
1.764499613000007,11.94381,-4.82673,-2.92807,0.85889,-0.34645,3.89511,8.40337,4.46692,-3.21282,0.79513,0.2386,3.86987,170.283,1.0,7789.0
1.769499613000007,12.39607,-4.97895,-3.00063,0.82128,-0.30512,3.99224,8.63902,4.23285,-3.30817,0.76564,0.23336,3.88818,170.327,1.0,7789.0
1.774499613000007,12.5979,-4.85799,-3.11971,0.76111,-0.277,4.02659,8.87466,3.99879,-3.40353,0.73615,0.22812,3.90648,170.332,2.329,7853.68
1.779499613000007,12.7676,-4.70197,-3.24477,0.69806,-0.25059,4.0529,9.1103,3.76473,-3.49888,0.70666,0.22288,3.92478,170.332,3.829,7926.66
1.784499613000007,12.9373,-4.54596,-3.36982,0.635,-0.22417,4.0792,9.17279,3.69373,-3.37684,0.67717,0.21763,3.94309,170.332,4.0,8230.653
1.789499613000007,13.10699,-4.38994,-3.49488,0.57195,-0.19775,4.1055,9.21294,3.64378,-3.22675,0.64768,0.21239,3.96139,170.332,4.0,8564.452
1.794499613000007,13.27669,-4.23392,-3.61993,0.50889,-0.17134,4.13181,9.25309,3.59382,-3.07665,0.61819,0.20715,3.97969,170.371,3.558,8603.0
1.799499613000007,13.44639,-4.0779,-3.74498,0.44583,-0.14492,4.15811,9.29323,3.54387,-2.92656,0.5887,0.2019,3.998,170.415,3.058,8603.0
1.804499613000007,13.61907,-4.05281,-3.79211,0.41665,-0.15464,4.16937,9.33338,3.49391,-2.77647,0.55921,0.19666,4.0163,170.42,3.0,8603.0
1.809499613000007,13.79214,-4.04483,-3.82905,0.39189,-0.16908,4.17867,9.37353,3.44396,-2.62637,0.52972,0.19142,4.03461,170.42,3.0,8603.0
1.814499613000007,13.96521,-4.03685,-3.86598,0.36713,-0.18353,4.18797,9.41367,3.394,-2.47628,0.50023,0.18618,4.05291,170.459,1.673,8612.732
1.819499613000007,14.13828,-4.02887,-3.90292,0.34237,-0.19797,4.19726,9.45382,3.34405,-2.32619,0.47074,0.18093,4.07121,170.503,0.172,8623.739
1.8244996130000068,14.31135,-4.02089,-3.93986,0.31761,-0.21241,4.20656,9.60914,3.42996,-2.34925,0.43388,0.14136,4.08204,170.508,0.0,9109.03
1.829499613000007,14.48441,-4.01291,-3.9768,0.29286,-0.22685,4.21586,9.77936,3.53345,-2.39472,0.39606,0.09734,4.09189,170.508,0.0,9655.666
1.8344996130000069,14.70773,-4.10285,-3.75519,0.2681,-0.2413,4.22515,9.94958,3.63695,-2.44018,0.35825,0.05333,4.10175,170.585,1.762,9718.0
1.839499613000007,14.93751,-4.20539,-3.50031,0.24334,-0.25574,4.23445,10.11979,3.74044,-2.48564,0.32043,0.00932,4.1116,170.673,3.75,9718.0
1.8444996130000069,15.16729,-4.30794,-3.24543,0.21858,-0.27018,4.24375,10.29001,3.84393,-2.5311,0.28261,-0.0347,4.12146,170.722,4.0,10008.593
1.849499613000007,15.39707,-4.41048,-2.99055,0.19382,-0.28463,4.25304,10.46023,3.94742,-2.57656,0.24479,-0.07871,4.13132,170.767,4.0,10340.897
1.8544996130000069,15.62686,-4.51302,-2.73567,0.16906,-0.29907,4.26234,10.71065,3.91475,-2.57831,0.16634,-0.08002,4.12344,170.811,3.109,10375.0
1.859499613000007,15.85664,-4.61557,-2.48079,0.1443,-0.31351,4.27164,10.97024,3.8665,-2.57507,0.08323,-0.07644,4.11354,170.854,2.116,10375.0
1.8644996130000069,16.05143,-4.32343,-2.2606,0.11006,-0.29723,4.26734,11.22984,3.81825,-2.57182,0.00013,-0.07286,4.10364,170.938,2.0,11674.438
1.869499613000007,16.2416,-3.9792,-2.045,0.07457,-0.2769,4.26125,11.48943,3.77001,-2.56857,-0.08297,-0.06928,4.09374,171.026,2.0,13145.376
1.874499613000007,16.43177,-3.63497,-1.8294,0.03908,-0.25656,4.25515,11.74903,3.72176,-2.56532,-0.16608,-0.0657,4.08384,171.074,2.446,13295.0
1.879499613000007,16.62195,-3.29074,-1.6138,0.00359,-0.23623,4.24906,12.00863,3.67352,-2.56207,-0.24918,-0.06212,4.07394,171.118,2.943,13295.0
1.884499613000007,16.81212,-2.94651,-1.3982,-0.0319,-0.21589,4.24297,12.1604,3.4723,-2.48175,-0.27192,-0.06146,3.97467,171.162,3.0,13575.041
1.889499613000007,17.00229,-2.60228,-1.1826,-0.0674,-0.19556,4.23688,12.29817,3.25121,-2.39142,-0.28682,-0.06117,3.86378,171.206,3.0,13891.468
1.894499613000007,17.19246,-2.25805,-0.96699,-0.10289,-0.17522,4.23079,12.43594,3.03012,-2.30109,-0.30172,-0.06088,3.7529,171.25,3.0,13928.0
1.899499613000007,17.38264,-1.91382,-0.75139,-0.13838,-0.15489,4.2247,12.57371,2.80903,-2.21075,-0.31662,-0.06059,3.64202,171.294,3.0,13928.0
1.904499613000007,17.33405,-1.56479,-0.87322,-0.16904,-0.11225,4.08473,12.71149,2.58794,-2.12042,-0.33152,-0.0603,3.53113,171.338,3.0,14128.991
1.909499613000007,17.25447,-1.21513,-1.03884,-0.19908,-0.06672,3.9274,12.84926,2.36685,-2.03009,-0.34641,-0.06001,3.42025,171.382,3.0,14356.066
1.914499613000007,17.1749,-0.86547,-1.20446,-0.22911,-0.02119,3.77006,12.98703,2.14577,-1.93976,-0.36131,-0.05972,3.30936,171.426,3.444,14382.0
1.919499613000007,17.09533,-0.51582,-1.37008,-0.25914,0.02434,3.61273,13.1248,1.92468,-1.84942,-0.37621,-0.05943,3.19848,171.47,3.946,14382.0
1.924499613000007,17.01575,-0.16616,-1.5357,-0.28918,0.06988,3.45539,13.02525,2.16788,-1.73931,-0.38767,-0.07693,3.06071,171.591,4.0,15008.023
1.9294996130000068,16.93618,0.18349,-1.70132,-0.31921,0.11541,3.29806,12.89692,2.46742,-1.62679,-0.39871,-0.09659,2.91969,171.722,4.0,15710.006
1.934499613000007,16.87098,0.9411,-1.79197,-0.35092,0.11361,3.07828,12.76858,2.76695,-1.51428,-0.40976,-0.11626,2.77866,171.777,4.44,15796.0
1.9394996130000068,16.80779,1.75566,-1.87216,-0.38287,0.10521,2.8498,12.64024,3.06649,-1.40177,-0.4208,-0.13592,2.63763,171.821,4.942,15796.0
1.944499613000007,16.7446,2.57022,-1.95234,-0.41481,0.0968,2.62131,12.51599,2.96727,-1.43687,-0.43184,-0.15558,2.4966,171.943,5.0,16098.816
1.9494996130000068,16.68142,3.38478,-2.03252,-0.44676,0.0884,2.39282,12.39226,2.81637,-1.4911,-0.44288,-0.17524,2.35557,172.075,5.0,16440.87
1.954499613000007,16.61823,4.19934,-2.1127,-0.47871,0.07999,2.16433,12.26854,2.66547,-1.54533,-0.45393,-0.1949,2.21455,172.167,3.676,16480.0
1.9594996130000069,16.55504,5.0139,-2.19288,-0.51065,0.07159,1.93584,12.14481,2.51458,-1.59956,-0.46497,-0.21456,2.07352,172.255,2.181,16480.0
1.964499613000007,16.70341,5.62481,-1.96787,-0.4933,0.08356,1.69782,12.02109,2.36368,-1.65379,-0.47601,-0.23422,1.93249,172.344,2.0,16558.578
1.9694996130000069,16.88094,6.20765,-1.7008,-0.46915,0.09834,1.45848,11.89736,2.21278,-1.70802,-0.48705,-0.25388,1.79146,172.432,2.0,16647.982
1.974499613000007,17.05846,6.7905,-1.43374,-0.445,0.11312,1.21915,12.36144,2.06679,-1.57548,-0.45626,-0.24311,1.52722,172.441,2.893,16657.0
1.9794996130000069,17.23599,7.37334,-1.16667,-0.42085,0.12789,0.97981,12.89147,1.92136,-1.422,-0.42078,-0.22891,1.24916,172.441,3.886,16657.0
1.984499613000007,17.41351,7.95619,-0.89961,-0.3967,0.14267,0.74047,13.42149,1.77592,-1.26851,-0.38529,-0.21472,0.9711,172.403,4.0,17364.807
1.9894996130000069,17.59104,8.53903,-0.63254,-0.37255,0.15745,0.50114,13.95151,1.63048,-1.11502,-0.34981,-0.20053,0.69303,172.359,4.0,18164.372
1.994499613000007,17.57678,8.11164,-0.41644,-0.3484,0.17223,0.2618,14.48153,1.48504,-0.96154,-0.31433,-0.18634,0.41497,172.315,4.443,18256.0
1.999499613000007,17.5377,7.5535,-0.20693,-0.32425,0.18701,0.02247,15.01155,1.3396,-0.80805,-0.27884,-0.17215,0.13691,172.271,4.942,18256.0
2.004499613000007,17.49862,6.99536,0.00257,-0.3001,0.20179,-0.21687,15.54158,1.19417,-0.65457,-0.24336,-0.15796,-0.14115,172.266,5.0,19454.44
2.009499613000007,17.45954,6.43722,0.21208,-0.27595,0.21657,-0.45621,16.0716,1.04873,-0.50108,-0.20787,-0.14376,-0.41922,172.266,5.0,20808.897
2.014499613000007,17.42046,5.87908,0.42158,-0.2518,0.23134,-0.69554,15.31864,1.01536,-0.45763,-0.14678,-0.12381,-0.58268,172.227,5.442,20966.0
2.019499613000007,17.38138,5.32094,0.63109,-0.22765,0.24612,-0.93488,14.39734,0.99669,-0.42861,-0.08232,-0.10311,-0.7311,172.183,5.942,20966.0
2.024499613000007,17.3423,4.7628,0.84059,-0.19268,0.23087,-1.01703,13.47604,0.97803,-0.39959,-0.01786,-0.08241,-0.87952,172.178,6.0,22416.222
2.029499613000007,17.30322,4.20466,1.0501,-0.1563,0.21171,-1.0787,12.55474,0.95936,-0.37057,0.04659,-0.0617,-1.02795,172.178,6.0,24055.377
2.034499613000007,15.69436,2.30017,0.82064,-0.11992,0.19255,-1.14037,11.63344,0.9407,-0.34155,0.11105,-0.041,-1.17637,172.139,4.229,24243.0
2.039499613000007,13.88259,0.22165,0.53444,-0.08354,0.17339,-1.20205,10.71214,0.92203,-0.31253,0.1755,-0.02029,-1.32479,172.095,2.229,24243.0
2.044499613000007,12.07082,-1.85687,0.24824,-0.04716,0.15423,-1.26372,10.44666,0.4445,-0.46055,0.12855,-0.01422,-1.34974,172.012,2.0,24636.711
2.0494996130000067,10.25905,-3.93539,-0.03796,-0.01078,0.13507,-1.32539,10.26607,-0.09244,-0.63149,0.06717,-0.01003,-1.3587,171.924,2.0,25081.39
2.054499613000007,8.44728,-6.01391,-0.32416,0.0256,0.11591,-1.38706,10.08548,-0.62937,-0.80243,0.0058,-0.00585,-1.36765,171.875,2.44,25133.0
2.059499613000007,6.63551,-8.09243,-0.61035,0.06198,0.09675,-1.44873,9.90489,-1.16631,-0.97337,-0.05558,-0.00167,-1.37661,171.832,2.938,25133.0
2.064499613000007,6.7807,-8.24034,-0.78062,0.01041,0.15822,-1.47932,9.72431,-1.70325,-1.14431,-0.11695,0.00251,-1.38557,171.749,3.0,25392.943
2.0694996130000067,7.20618,-8.11173,-0.93429,-0.05376,0.23123,-1.50546,9.54372,-2.24018,-1.31525,-0.17833,0.00669,-1.39453,171.66,3.0,25690.117
2.074499613000007,7.63166,-7.98312,-1.08795,-0.11793,0.30425,-1.5316,9.47498,-2.03795,-1.61096,-0.2397,0.01088,-1.40349,171.573,2.56,25724.0
2.079499613000007,8.05714,-7.85451,-1.24162,-0.1821,0.37727,-1.55774,9.42064,-1.7406,-1.92273,-0.30108,0.01506,-1.41244,171.486,2.063,25724.0
2.084499613000007,8.48262,-7.7259,-1.39528,-0.24627,0.45029,-1.58388,9.3663,-1.44325,-2.2345,-0.36246,0.01924,-1.4214,171.397,2.0,25788.044
2.0894996130000068,8.9081,-7.59728,-1.54894,-0.31044,0.5233,-1.61002,9.31196,-1.14589,-2.54627,-0.42383,0.02342,-1.43036,171.308,2.0,25861.323
2.094499613000007,9.33358,-7.46867,-1.70261,-0.37461,0.59632,-1.63616,9.25761,-0.84854,-2.85804,-0.36842,0.01334,-1.41042,171.221,3.336,25869.0
2.099499613000007,9.75906,-7.34006,-1.85627,-0.43878,0.66934,-1.6623,9.20327,-0.55118,-3.16981,-0.29935,0.0016,-1.38709,171.133,4.828,25869.0
2.104499613000007,9.17536,-7.27769,-2.11281,-0.34301,0.53776,-1.62426,8.99645,-0.69344,-2.86323,-0.23028,-0.01015,-1.36376,171.084,5.0,26019.029
2.1094996130000068,8.46016,-7.22395,-2.38276,-0.22639,0.37953,-1.57785,8.76976,-0.89298,-2.47607,-0.16121,-0.02189,-1.34043,171.04,5.0,26188.609
2.114499613000007,7.74495,-7.1702,-2.6527,-0.10977,0.2213,-1.53144,8.54307,-1.09252,-2.08891,-0.09214,-0.03364,-1.3171,170.957,4.115,26208.0
2.119499613000007,7.02974,-7.11646,-2.92265,0.00685,0.06306,-1.48503,8.31638,-1.29205,-1.70175,-0.02306,-0.04539,-1.29378,170.87,3.116,26208.0
2.124499613000007,7.21027,-6.9305,-2.61878,-0.00471,0.04924,-1.45673,8.0897,-1.49159,-1.3146,0.04601,-0.05713,-1.27045,170.859,3.0,26196.949
2.129499613000007,7.50893,-6.7271,-2.23924,-0.03317,0.05447,-1.43081,7.86301,-1.69113,-0.92744,0.11508,-0.06888,-1.24712,170.859,3.0,26184.441
2.134499613000007,7.80758,-6.5237,-1.8597,-0.06163,0.05969,-1.40489,7.86516,-1.42175,-0.92931,0.07365,-0.07274,-1.22252,170.82,3.443,26183.0
2.139499613000007,8.10624,-6.3203,-1.48016,-0.09009,0.06492,-1.37898,7.89711,-1.09132,-0.98184,0.01782,-0.07557,-1.19774,170.777,3.943,26183.0
2.144499613000007,8.4049,-6.1169,-1.10062,-0.11855,0.07014,-1.35306,7.92905,-0.76089,-1.03436,-0.038,-0.0784,-1.17297,170.733,4.0,26211.33
2.149499613000007,8.70355,-5.9135,-0.72108,-0.14701,0.07537,-1.32715,7.961,-0.43046,-1.08688,-0.09382,-0.08123,-1.1482,170.689,4.0,26243.329
2.1544996130000067,8.68544,-5.92341,-0.83665,-0.17548,0.08059,-1.30123,7.99294,-0.10003,-1.1394,-0.14964,-0.08406,-1.12343,170.645,4.0,26247.0
2.159499613000007,8.62627,-5.96096,-1.01639,-0.20394,0.08582,-1.27531,8.02489,0.2304,-1.19193,-0.20547,-0.08689,-1.09866,170.601,4.0,26247.0
2.164499613000007,8.5671,-5.99852,-1.19613,-0.2324,0.09104,-1.2494,8.05684,0.56083,-1.24445,-0.26129,-0.08972,-1.07388,170.557,4.0,26226.227
2.169499613000007,8.50794,-6.03607,-1.37586,-0.26086,0.09627,-1.22348,8.08878,0.89126,-1.29697,-0.31711,-0.09255,-1.04911,170.513,4.0,26202.738
2.1744996130000067,8.44877,-6.07362,-1.5556,-0.28932,0.10149,-1.19757,8.11351,0.73978,-1.44474,-0.31957,-0.09536,-1.02343,170.508,4.0,26200.0
2.179499613000007,8.38961,-6.11117,-1.73534,-0.31778,0.10672,-1.17165,8.13728,0.52471,-1.60509,-0.31498,-0.09818,-0.99763,170.508,4.0,26200.0
2.184499613000007,8.33044,-6.14873,-1.91508,-0.30351,0.10293,-1.11405,8.16105,0.30964,-1.76543,-0.31039,-0.10099,-0.97183,170.547,4.0,26144.204
2.189499613000007,8.27127,-6.18628,-2.09481,-0.28374,0.09798,-1.05238,8.18483,0.09457,-1.92577,-0.30581,-0.1038,-0.94603,170.591,4.0,26081.226
2.1944996130000067,8.47613,-6.24309,-2.16117,-0.26397,0.09302,-0.9907,8.2086,-0.1205,-2.08611,-0.30122,-0.10661,-0.92023,170.673,3.557,26074.0
2.199499613000007,8.71521,-6.3024,-2.21284,-0.2442,0.08807,-0.92902,8.23237,-0.33557,-2.24646,-0.29663,-0.10942,-0.89443,170.761,3.058,26074.0
2.204499613000007,8.95428,-6.3617,-2.2645,-0.22442,0.08312,-0.86735,8.2659,0.63049,-2.34778,-0.30658,-0.11029,-0.83711,170.81,3.0,26002.798
2.209499613000007,9.19336,-6.42101,-2.31616,-0.20465,0.07817,-0.80567,8.30069,1.75039,-2.44141,-0.31842,-0.1109,-0.77569,170.854,3.0,25922.323
2.2144996130000068,9.43243,-6.48032,-2.36783,-0.18488,0.07322,-0.744,8.33549,2.87029,-2.53504,-0.33026,-0.11152,-0.71426,170.898,892.221,25913.0
2.219499613000007,9.67151,-6.53962,-2.41949,-0.16511,0.06827,-0.68232,8.37028,3.99019,-2.62867,-0.3421,-0.11213,-0.65283,170.943,1897.955,25913.0
2.224499613000007,9.51538,-6.50811,-2.3452,-0.16954,0.05411,-0.62137,8.42028,3.38742,-2.51924,-0.35394,-0.11275,-0.59141,170.986,2006.0,26005.458
2.229499613000007,9.3117,-6.46567,-2.25574,-0.17689,0.03884,-0.56051,8.47211,2.57731,-2.38537,-0.36578,-0.11336,-0.52998,171.03,2006.0,26109.044
2.2344996130000068,9.10801,-6.42323,-2.16629,-0.18423,0.02358,-0.49965,8.52394,1.7672,-2.2515,-0.37762,-0.11397,-0.46856,171.074,2345.114,26121.0
2.239499613000007,8.90432,-6.38078,-2.07684,-0.19158,0.00831,-0.43879,8.57578,0.95708,-2.11762,-0.38946,-0.11459,-0.40713,171.118,2728.474,26121.0
2.244499613000007,8.70063,-6.33834,-1.98738,-0.19892,-0.00696,-0.37793,8.62761,0.14697,-1.98375,-0.4013,-0.1152,-0.34571,171.202,2769.0,26067.799
2.249499613000007,8.49694,-6.2959,-1.89793,-0.20627,-0.02223,-0.31707,8.67944,-0.66314,-1.84988,-0.41314,-0.11582,-0.28428,171.29,2769.0,26008.31
2.254499613000007,8.29325,-6.25346,-1.80848,-0.21361,-0.03749,-0.25621,8.73127,-1.47325,-1.71601,-0.38883,-0.12488,-0.2993,171.338,2769.0,26002.0
2.2594996130000067,8.08956,-6.21101,-1.71902,-0.22096,-0.05276,-0.19535,8.7831,-2.28337,-1.58214,-0.36023,-0.13494,-0.3234,171.382,2769.0,26002.0
2.264499613000007,8.20167,-6.09295,-1.69581,-0.20905,-0.06512,-0.19661,8.85364,-2.1364,-1.6166,-0.33164,-0.145,-0.34749,171.426,3415.424,26116.075
2.269499613000007,8.3553,-5.96494,-1.6813,-0.19461,-0.0771,-0.20603,8.92663,-1.86362,-1.67319,-0.30304,-0.15506,-0.37159,171.47,4146.817,26245.144
2.274499613000007,8.50893,-5.83694,-1.66679,-0.18017,-0.08907,-0.21546,8.99963,-1.59085,-1.72978,-0.27444,-0.16512,-0.39568,171.553,4689.23,26260.0
2.2794996130000067,8.66255,-5.70893,-1.65228,-0.16573,-0.10105,-0.22488,9.07263,-1.31808,-1.78636,-0.24584,-0.17518,-0.41977,171.641,5207.062,26260.0
2.284499613000007,8.73176,-5.65449,-1.70199,-0.15731,-0.08767,-0.22461,9.14562,-1.04531,-1.84295,-0.21724,-0.18524,-0.44387,171.689,5263.0,26215.717
2.289499613000007,8.79075,-5.60896,-1.75947,-0.14961,-0.07122,-0.22317,9.21862,-0.77253,-1.89954,-0.18864,-0.1953,-0.46796,171.733,5263.0,26166.071
2.294499613000007,8.84974,-5.56342,-1.81696,-0.14192,-0.05476,-0.22173,9.26918,-0.60113,-2.11177,-0.18756,-0.17572,-0.45938,171.777,5384.581,26160.0
2.2994996130000067,8.90873,-5.51789,-1.87444,-0.13422,-0.03831,-0.22029,9.31661,-0.44385,-2.34567,-0.19031,-0.152,-0.44624,171.822,5523.101,26160.0
2.304499613000007,8.96772,-5.47236,-1.93193,-0.12653,-0.02186,-0.21885,9.36405,-0.28657,-2.57958,-0.19306,-0.12829,-0.4331,171.865,5537.0,26184.993
2.309499613000007,9.02671,-5.42682,-1.98941,-0.11883,-0.0054,-0.21741,9.41148,-0.1293,-2.81348,-0.19581,-0.10458,-0.41996,171.909,5537.0,26212.774
2.314499613000007,9.0857,-5.38129,-2.0469,-0.11114,0.01105,-0.21596,9.45891,0.02798,-3.04739,-0.19856,-0.08086,-0.40683,171.953,5985.812,26216.0
2.3194996130000067,9.14469,-5.33576,-2.10438,-0.10344,0.0275,-0.21452,9.50635,0.18526,-3.2813,-0.20131,-0.05715,-0.39369,171.997,6493.586,26216.0
2.324499613000007,9.18041,-5.24772,-2.10324,-0.10226,0.03116,-0.21173,9.55378,0.34254,-3.5152,-0.20406,-0.03343,-0.38055,172.041,6552.0,26158.922
2.329499613000007,9.2131,-5.15416,-2.09448,-0.10193,0.03316,-0.20876,9.60121,0.49982,-3.74911,-0.20681,-0.00972,-0.36741,172.085,6552.0,26094.424
2.334499613000007,9.2458,-5.0606,-2.08571,-0.10161,0.03515,-0.2058,9.59261,0.5743,-3.56066,-0.19949,-0.00721,-0.35162,172.129,6854.756,26087.0
2.3394996130000068,9.27849,-4.96704,-2.07695,-0.10128,0.03715,-0.20283,9.57672,0.63802,-3.31727,-0.19086,-0.00747,-0.33549,172.173,7196.897,26087.0
2.344499613000007,9.31118,-4.87349,-2.06819,-0.10095,0.03914,-0.19986,9.56083,0.70174,-3.07388,-0.18222,-0.00772,-0.31935,172.178,7236.0,26063.088
2.349499613000007,9.34387,-4.77993,-2.05943,-0.10062,0.04114,-0.1969,9.54493,0.76545,-2.83048,-0.17359,-0.00797,-0.30322,172.178,7236.0,26036.09
2.354499613000007,9.32835,-4.75847,-2.02884,-0.10029,0.04313,-0.19393,9.52904,0.82917,-2.58709,-0.16495,-0.00823,-0.28708,172.178,7505.15,26033.0
2.3594996130000068,9.30658,-4.74634,-1.99544,-0.09996,0.04513,-0.19096,9.51315,0.89288,-2.3437,-0.15631,-0.00848,-0.27094,172.178,7809.093,26033.0
2.3644996130000067,9.28482,-4.7342,-1.96204,-0.09963,0.04713,-0.18799,9.5134,0.92672,-2.28486,-0.15875,-0.00854,-0.26216,172.217,7844.0,25966.617
2.369499613000007,9.26306,-4.72207,-1.92863,-0.0993,0.04912,-0.18503,9.51574,0.95668,-2.24997,-0.16261,-0.00858,-0.25434,172.261,7844.0,25891.62
2.374499613000007,9.24129,-4.70993,-1.89523,-0.10026,0.04795,-0.18204,9.51809,0.98663,-2.21508,-0.16648,-0.00862,-0.24651,172.266,8323.177,25883.0
2.379499613000007,9.21953,-4.6978,-1.86183,-0.10138,0.04637,-0.17906,9.52043,1.01659,-2.18018,-0.17035,-0.00866,-0.23869,172.266,8864.584,25883.0
2.3844996130000067,9.21757,-4.70718,-1.83588,-0.1025,0.0448,-0.17607,9.52277,1.04655,-2.14529,-0.17422,-0.0087,-0.23086,172.266,8928.0,25872.391
2.389499613000007,9.21824,-4.71941,-1.81091,-0.10362,0.04322,-0.17309,9.52511,1.07651,-2.1104,-0.17808,-0.00874,-0.22304,172.266,8928.0,25860.374
2.394499613000007,9.21891,-4.73164,-1.78595,-0.10474,0.04164,-0.1701,9.56193,0.93723,-2.07236,-0.18195,-0.00878,-0.21521,172.266,8966.303,25859.0
2.399499613000007,9.21958,-4.74387,-1.76099,-0.10586,0.04006,-0.16712,9.6032,0.77609,-2.03391,-0.18582,-0.00881,-0.20739,172.266,9009.552,25859.0
2.4044996130000067,9.22025,-4.7561,-1.73603,-0.10699,0.03848,-0.16413,9.64447,0.61496,-1.99546,-0.18969,-0.00885,-0.19956,172.305,9014.0,25859.0
2.409499613000007,9.22092,-4.76833,-1.71107,-0.10811,0.0369,-0.16115,9.68573,0.45382,-1.95702,-0.19355,-0.00889,-0.19174,172.348,9014.0,25859.0
2.414499613000007,9.22159,-4.78056,-1.68611,-0.10923,0.03533,-0.15816,9.69603,0.41416,-1.98109,-0.1924,-0.01028,-0.19297,172.354,9347.087,25781.25
2.419499613000007,9.22226,-4.79279,-1.66115,-0.11035,0.03375,-0.15518,9.70225,0.39051,-2.01341,-0.19059,-0.01184,-0.1954,172.354,9724.061,25693.256
2.4244996130000067,9.21413,-4.79184,-1.74284,-0.11287,0.03519,-0.15949,9.70847,0.36686,-2.04572,-0.18877,-0.0134,-0.19783,172.392,9768.0,25683.0
2.429499613000007,9.20484,-4.78916,-1.8386,-0.11558,0.03704,-0.16478,9.71469,0.3432,-2.07803,-0.18696,-0.01496,-0.20026,172.436,9768.0,25683.0
2.434499613000007,9.19555,-4.78647,-1.93436,-0.1183,0.03889,-0.17006,9.7209,0.31955,-2.11035,-0.18514,-0.01652,-0.20269,172.441,9768.0,25665.309
2.439499613000007,9.18626,-4.78379,-2.03012,-0.12101,0.04073,-0.17534,9.72712,0.2959,-2.14266,-0.18333,-0.01808,-0.20512,172.441,9768.0,25645.297
2.4444996130000067,9.18437,-4.79445,-2.0344,-0.1227,0.04155,-0.1776,9.73334,0.27225,-2.17498,-0.18151,-0.01964,-0.20755,172.48,10030.018,25643.0
2.449499613000007,9.18345,-4.80684,-2.02683,-0.12426,0.04224,-0.17946,9.73956,0.24859,-2.20729,-0.1797,-0.0212,-0.20998,172.524,10326.003,25643.0
2.454499613000007,9.18253,-4.81923,-2.01925,-0.12582,0.04293,-0.18132,9.74578,0.22494,-2.2396,-0.17788,-0.02276,-0.21241,172.529,10360.0,25546.591
2.459499613000007,9.18161,-4.83161,-2.01168,-0.12739,0.04361,-0.18319,9.75199,0.20129,-2.27192,-0.17607,-0.02432,-0.21484,172.529,10360.0,25437.672
2.4644996130000068,9.18069,-4.844,-2.0041,-0.12895,0.0443,-0.18505,9.76873,0.16431,-2.27195,-0.18751,-0.02286,-0.22976,172.568,10958.744,25425.0
2.4694996130000066,9.17977,-4.85639,-1.99652,-0.13051,0.04499,-0.18691,9.78685,0.12558,-2.26774,-0.2007,-0.02099,-0.24633,172.612,11636.323,25425.0
2.474499613000007,9.17813,-4.88958,-1.97182,-0.13207,0.04567,-0.18878,9.80497,0.08685,-2.26353,-0.2139,-0.01913,-0.2629,172.656,11716.0,25365.83
2.479499613000007,9.1764,-4.92555,-1.94484,-0.13364,0.04636,-0.19064,9.82309,0.04812,-2.25931,-0.22709,-0.01726,-0.27946,172.701,11716.0,25298.776
2.4844996130000068,9.17467,-4.96151,-1.91786,-0.1352,0.04705,-0.1925,9.85236,-0.0373,-2.21031,-0.22389,-0.01942,-0.2947,172.705,12008.197,25292.0
2.4894996130000067,9.17294,-4.99748,-1.89088,-0.13676,0.04773,-0.19436,9.88288,-0.12798,-2.15627,-0.21885,-0.02202,-0.30979,172.705,12333.239,25292.0
2.494499613000007,9.17121,-5.03344,-1.8639,-0.13832,0.04842,-0.19623,9.91339,-0.21865,-2.10223,-0.21382,-0.02462,-0.32489,172.744,12371.0,25228.351
2.499499613000007,9.16948,-5.06941,-1.83692,-0.13988,0.0491,-0.19809,9.94391,-0.30932,-2.04819,-0.20878,-0.02722,-0.33998,172.788,12371.0,25156.336
2.504499613000007,9.16775,-5.10537,-1.80994,-0.14002,0.04886,-0.20699,9.97443,-0.4,-1.99415,-0.20374,-0.02983,-0.35507,172.832,12549.214,25148.0
2.5094996130000067,9.16602,-5.14133,-1.78296,-0.13996,0.04849,-0.21681,10.00495,-0.49067,-1.94011,-0.1987,-0.03243,-0.37016,172.876,12750.756,25148.0
2.514499613000007,9.18178,-5.14077,-1.79877,-0.13991,0.04813,-0.22663,10.03547,-0.58134,-1.88608,-0.19366,-0.03503,-0.38525,172.92,12774.0,25027.274
2.519499613000007,9.19981,-5.13545,-1.82016,-0.13985,0.04776,-0.23645,10.06598,-0.67201,-1.83204,-0.18863,-0.03764,-0.40035,172.964,12774.0,24890.808
2.524499613000007,9.21785,-5.13012,-1.84155,-0.1398,0.04739,-0.24627,10.09618,-0.59641,-1.94903,-0.18898,-0.03389,-0.4158,173.047,12774.0,24875.0
2.5294996130000067,9.23588,-5.1248,-1.86294,-0.13975,0.04703,-0.25609,10.12634,-0.49903,-2.08843,-0.19005,-0.02932,-0.43131,173.135,12774.0,24875.0
2.534499613000007,9.25392,-5.11948,-1.88433,-0.13969,0.04666,-0.26591,10.1565,-0.40165,-2.22783,-0.19112,-0.02475,-0.44681,173.223,13414.631,24932.35
2.539499613000007,9.27195,-5.11415,-1.90572,-0.13964,0.04629,-0.27573,10.18666,-0.30426,-2.36723,-0.19218,-0.02018,-0.46232,173.31,14132.138,24996.582
2.544499613000007,9.28999,-5.10883,-1.92711,-0.13755,0.05252,-0.27972,10.1958,-0.33518,-2.40829,-0.19325,-0.01561,-0.47782,173.359,14573.979,25004.0
2.5494996130000067,9.30802,-5.10351,-1.94851,-0.13519,0.0596,-0.28294,10.20221,-0.38285,-2.43651,-0.19431,-0.01103,-0.49333,173.403,14979.828,25004.0
2.554499613000007,9.3362,-5.07699,-1.94452,-0.13283,0.06669,-0.28617,10.20861,-0.43052,-2.46473,-0.19538,-0.00646,-0.50883,173.486,15027.0,24880.855
2.559499613000007,9.36571,-5.04769,-1.93719,-0.13048,0.07377,-0.28939,10.21501,-0.47819,-2.49295,-0.19644,-0.00189,-0.52434,173.573,15027.0,24741.515
2.564499613000007,9.39522,-5.01838,-1.92987,-0.12812,0.08086,-0.29262,10.22141,-0.52586,-2.52116,-0.19751,0.00268,-0.53984,173.7,15278.614,24724.0
2.5694996130000067,9.42473,-4.98908,-1.92254,-0.12576,0.08794,-0.29584,10.22781,-0.57353,-2.54938,-0.19857,0.00726,-0.55535,173.832,15566.402,24724.0
2.5744996130000066,9.45423,-4.95977,-1.91522,-0.1234,0.09503,-0.29907,10.23421,-0.6212,-2.5776,-0.19338,0.01393,-0.58945,173.964,15600.0,24584.362
2.579499613000007,9.48374,-4.93047,-1.90789,-0.12105,0.10211,-0.3023,10.24061,-0.66886,-2.60582,-0.18736,0.02088,-0.626,174.096,15600.0,24426.266
2.584499613000007,9.48186,-4.92065,-1.94094,-0.11742,0.1108,-0.31795,10.23984,-0.7153,-2.62073,-0.18135,0.02783,-0.66256,174.15,16076.105,24408.0
2.5894996130000068,9.47588,-4.91339,-1.97927,-0.11363,0.1197,-0.33524,10.23812,-0.76157,-2.63389,-0.17533,0.03478,-0.69911,174.194,16614.404,24408.0
2.5944996130000066,9.4699,-4.90612,-2.01759,-0.10983,0.12859,-0.35252,10.23641,-0.80785,-2.64706,-0.16931,0.04172,-0.73567,174.355,16676.0,24350.444
2.599499613000007,9.46392,-4.89885,-2.05592,-0.10604,0.13749,-0.3698,10.23469,-0.85412,-2.66023,-0.16329,0.04867,-0.77223,174.531,16676.0,24285.452
2.604499613000007,9.45794,-4.89158,-2.09424,-0.10224,0.14639,-0.38708,10.23298,-0.9004,-2.6734,-0.15728,0.05562,-0.80878,174.668,17062.936,24278.0
2.6094996130000068,9.45197,-4.88431,-2.13257,-0.09845,0.15528,-0.40436,10.23127,-0.94667,-2.68657,-0.15126,0.06257,-0.84534,174.799,17499.98,24278.0
2.6144996130000067,9.44599,-4.87704,-2.17089,-0.09466,0.16418,-0.42165,10.23245,-0.80762,-2.56065,-0.1455,0.06659,-0.86929,174.931,17550.0,24020.505
2.619499613000007,9.44001,-4.86977,-2.20922,-0.09086,0.17308,-0.43893,10.23401,-0.64462,-2.41675,-0.13978,0.07023,-0.89162,175.063,17550.0,23729.732
2.624499613000007,9.4468,-4.80184,-2.01405,-0.08694,0.17147,-0.46392,10.23557,-0.48162,-2.27286,-0.13405,0.07387,-0.91394,175.195,17774.601,23696.0
2.629499613000007,9.45528,-4.72595,-1.78825,-0.08301,0.16848,-0.48992,10.23712,-0.31862,-2.12896,-0.12833,0.07751,-0.93627,175.327,18028.678,23696.0
2.6344996130000067,9.45122,-4.71332,-1.77505,-0.07907,0.16549,-0.51592,10.24032,-0.27832,-2.15628,-0.1226,0.08115,-0.95859,175.458,18058.0,23352.731
2.639499613000007,9.44552,-4.70895,-1.78959,-0.07513,0.16251,-0.54192,10.24374,-0.25403,-2.20593,-0.11688,0.08479,-0.98092,175.59,18058.0,22964.677
2.644499613000007,9.43982,-4.70457,-1.80414,-0.0712,0.15952,-0.56792,10.24715,-0.22974,-2.25559,-0.11115,0.08843,-1.00324,175.722,18058.0,22919.0
2.649499613000007,9.43413,-4.7002,-1.81868,-0.06726,0.15653,-0.59392,10.25057,-0.20545,-2.30524,-0.10543,0.09207,-1.02557,175.854,18058.0,22919.0
2.6544996130000067,9.42843,-4.69583,-1.83322,-0.06332,0.15355,-0.61992,10.25398,-0.18115,-2.3549,-0.0997,0.09571,-1.04789,175.947,18270.049,22919.0
2.659499613000007,9.42273,-4.69145,-1.84776,-0.05938,0.15056,-0.64592,10.25739,-0.15686,-2.40456,-0.09398,0.09935,-1.07022,176.035,18509.888,22919.0
2.664499613000007,9.41703,-4.68708,-1.8623,-0.05538,0.15538,-0.68496,10.26081,-0.13257,-2.45421,-0.0886,0.1161,-1.11071,176.084,18770.861,22744.799
2.669499613000007,9.41134,-4.68271,-1.87684,-0.05137,0.16124,-0.72574,10.26422,-0.10828,-2.50387,-0.08327,0.13458,-1.15361,176.128,19034.64,22547.468
2.6744996130000067,9.43422,-4.63312,-1.87997,-0.04736,0.1671,-0.76652,10.26763,-0.08399,-2.55352,-0.07794,0.15306,-1.19651,176.211,19062.0,21999.841
2.6794996130000066,9.4604,-4.57831,-1.88177,-0.04335,0.17297,-0.8073,10.27105,-0.05969,-2.60318,-0.0726,0.17155,-1.2394,176.298,19062.0,21411.675
2.684499613000007,9.48659,-4.5235,-1.88358,-0.03934,0.17883,-0.84808,10.26702,0.04154,-2.57839,-0.07232,0.1767,-1.25383,176.348,19119.783,21343.0
2.689499613000007,9.51278,-4.46868,-1.88538,-0.03533,0.18469,-0.88886,10.26201,0.15295,-2.54376,-0.0727,0.18009,-1.26448,176.392,19185.204,21343.0
2.6944996130000067,9.53897,-4.41387,-1.88719,-0.03132,0.19055,-0.92963,10.25699,0.26436,-2.50913,-0.07308,0.18348,-1.27514,176.396,19192.0,20769.99
2.6994996130000066,9.56515,-4.35905,-1.88899,-0.02731,0.19641,-0.97041,10.25198,0.37577,-2.47449,-0.07346,0.18687,-1.28579,176.396,19192.0,20130.555
2.704499613000007,9.59134,-4.30424,-1.8908,-0.02767,0.20693,-1.01456,10.34636,0.62981,-2.53378,-0.07384,0.19026,-1.29645,176.396,19368.114,20066.0
2.709499613000007,9.61753,-4.24943,-1.8926,-0.02853,0.21797,-1.05909,10.4519,0.89986,-2.60362,-0.07421,0.19365,-1.3071,176.396,19564.005,20066.0
2.7144996130000068,9.78446,-4.30279,-1.95582,-0.0294,0.22901,-1.10361,10.55744,1.16992,-2.67345,-0.07459,0.19704,-1.31776,176.396,19587.0,19155.476
2.7194996130000066,9.97011,-4.37054,-2.0272,-0.03026,0.24005,-1.14814,10.66298,1.43997,-2.74328,-0.07497,0.20043,-1.32841,176.396,19587.0,18123.851
2.724499613000007,10.15576,-4.43829,-2.09859,-0.03112,0.2511,-1.19267,10.76852,1.71003,-2.81312,-0.07535,0.20381,-1.33907,176.396,19736.444,18005.0
2.729499613000007,10.34141,-4.50604,-2.16997,-0.03198,0.26214,-1.23719,10.87406,1.98008,-2.88295,-0.07573,0.2072,-1.34972,176.396,19905.346,18005.0
2.7344996130000068,10.52706,-4.57378,-2.24136,-0.03284,0.27318,-1.28172,10.92275,1.9535,-2.86378,-0.09269,0.20981,-1.35585,176.357,19925.0,17305.964
2.7394996130000067,10.71271,-4.64153,-2.31274,-0.0337,0.28422,-1.32625,10.96395,1.88785,-2.83288,-0.11183,0.2123,-1.36139,176.313,19925.0,16514.875
2.744499613000007,10.74349,-4.70478,-2.29981,-0.03792,0.29179,-1.34653,11.00516,1.82221,-2.80198,-0.13096,0.2148,-1.36692,176.309,20206.59,16434.0
2.749499613000007,10.75665,-4.76751,-2.27727,-0.04252,0.29896,-1.36404,11.04636,1.75656,-2.77109,-0.1501,0.2173,-1.37245,176.309,20520.246,16434.0
2.754499613000007,10.7698,-4.83025,-2.25474,-0.04712,0.30613,-1.38156,11.08756,1.69091,-2.74019,-0.16924,0.21979,-1.37799,176.309,20557.0,16030.291
2.7594996130000067,10.78295,-4.89298,-2.2322,-0.05172,0.3133,-1.39907,11.12877,1.62527,-2.70929,-0.18837,0.22229,-1.38352,176.309,20557.0,15572.998
2.764499613000007,10.7961,-4.95572,-2.20967,-0.05632,0.32047,-1.41659,11.16997,1.55962,-2.6784,-0.20751,0.22479,-1.38905,176.27,21041.299,15520.0
2.769499613000007,10.80925,-5.01845,-2.18713,-0.06092,0.32764,-1.43411,11.21117,1.49397,-2.6475,-0.22665,0.22728,-1.39459,176.226,21589.082,15520.0
2.774499613000007,10.82241,-5.08119,-2.1646,-0.06552,0.33481,-1.45162,11.22154,1.16833,-2.5867,-0.2038,0.22201,-1.42681,176.182,21652.0,15520.0
2.7794996130000067,10.83556,-5.14392,-2.14206,-0.07013,0.34198,-1.46914,11.2279,0.80894,-2.52203,-0.1755,0.21573,-1.4625,176.138,21652.0,15520.0
2.7844996130000066,10.82377,-5.17113,-2.19352,-0.06358,0.33994,-1.52099,11.23426,0.44955,-2.45735,-0.1472,0.20945,-1.49818,176.094,22214.408,14689.503
2.789499613000007,10.80874,-5.1937,-2.25463,-0.05557,0.3367,-1.57731,11.24062,0.09016,-2.39267,-0.1189,0.20317,-1.53387,176.05,22850.157,13750.706
2.794499613000007,10.7937,-5.21627,-2.31574,-0.04757,0.33347,-1.63364,11.25002,0.15724,-2.41696,-0.0906,0.19689,-1.56956,175.967,22917.0,12755.748
2.7994996130000067,10.77866,-5.23885,-2.37684,-0.03956,0.33023,-1.68997,11.25978,0.27441,-2.45171,-0.0623,0.19061,-1.60524,175.879,22917.0,11754.192
2.8044996130000066,10.76363,-5.26142,-2.43795,-0.03156,0.32699,-1.7463,11.26953,0.39159,-2.48645,-0.07066,0.18425,-1.63498,175.83,23113.004,11639.0
2.809499613000007,10.74859,-5.28399,-2.49906,-0.02355,0.32375,-1.80262,11.27929,0.50877,-2.52119,-0.08378,0.17788,-1.66394,175.786,23334.48,11639.0
2.814499613000007,10.8668,-5.30051,-2.39776,-0.03193,0.32738,-1.83844,11.28905,0.62595,-2.55594,-0.0969,0.17151,-1.6929,175.703,23360.0,10964.522
2.8194996130000067,11.00237,-5.31625,-2.27532,-0.04245,0.3319,-1.87157,11.2988,0.74313,-2.59068,-0.11002,0.16514,-1.72186,175.616,23360.0,10202.206
2.8244996130000066,11.13794,-5.33198,-2.15288,-0.05296,0.33642,-1.90471,11.28819,0.71602,-2.51197,-0.12314,0.15877,-1.75083,175.567,23529.954,10115.0
2.829499613000007,11.2735,-5.34772,-2.03044,-0.06347,0.34094,-1.93785,11.27495,0.67028,-2.41859,-0.13626,0.1524,-1.77979,175.523,23721.862,10115.0
2.834499613000007,11.33993,-5.2949,-2.05553,-0.07399,0.34546,-1.97099,11.2617,0.62454,-2.32522,-0.14939,0.14603,-1.80875,175.44,23744.0,8224.966
2.8394996130000068,11.39734,-5.23313,-2.09986,-0.0845,0.34998,-2.00413,11.24846,0.5788,-2.23185,-0.16251,0.13966,-1.83771,175.353,23744.0,6088.472
2.8444996130000066,11.45476,-5.17137,-2.14419,-0.09502,0.3545,-2.03727,11.23521,0.53306,-2.13848,-0.17697,0.12293,-1.87438,175.226,23862.842,5815.0
2.849499613000007,11.51217,-5.10961,-2.18852,-0.10553,0.35902,-2.07041,11.22197,0.48732,-2.04511,-0.19164,0.10469,-1.91218,175.094,23999.129,5815.0
2.854499613000007,11.56958,-5.04784,-2.23284,-0.11604,0.36354,-2.10355,11.20873,0.44158,-1.95174,-0.2063,0.08644,-1.94999,174.962,24015.0,4600.622
2.8594996130000068,11.62699,-4.98608,-2.27717,-0.12656,0.36806,-2.13669,11.19548,0.39584,-1.85837,-0.22096,0.0682,-1.98779,174.83,24015.0,3226.192
2.8644996130000067,11.68441,-4.92432,-2.3215,-0.15186,0.36998,-2.20589,11.04002,0.32371,-1.79413,-0.23563,0.04996,-2.02559,174.698,24138.587,3067.0
2.869499613000007,11.74182,-4.86255,-2.36583,-0.1791,0.37156,-2.27981,10.86593,0.24812,-1.7337,-0.25029,0.03171,-2.06339,174.566,24278.364,3067.0
2.874499613000007,11.74452,-4.72147,-2.35191,-0.20634,0.37314,-2.35373,10.69183,0.17253,-1.67328,-0.26495,0.01347,-2.1012,174.473,24294.0,2876.277
2.879499613000007,11.74032,-4.57041,-2.33065,-0.23357,0.37472,-2.42766,10.51774,0.09694,-1.61286,-0.27962,-0.00477,-2.139,174.385,24294.0,2661.531
2.8844996130000067,11.73613,-4.41934,-2.30939,-0.26081,0.3763,-2.50158,10.34365,0.02135,-1.55243,-0.29428,-0.02302,-2.1768,174.258,24313.466,2637.0
2.8894996130000066,11.73193,-4.26827,-2.28813,-0.28805,0.37788,-2.5755,10.16955,-0.05424,-1.49201,-0.30894,-0.04126,-2.2146,174.127,24335.442,2637.0
2.894499613000007,11.72774,-4.1172,-2.26688,-0.31529,0.37946,-2.64943,10.07795,0.07266,-1.42519,-0.33925,-0.08357,-2.29734,173.995,24338.0,2637.0
2.899499613000007,11.72354,-3.96614,-2.24562,-0.34253,0.38104,-2.72335,9.99722,0.22624,-1.35752,-0.37161,-0.12906,-2.386,173.863,24338.0,2637.0
2.9044996130000067,11.91443,-3.82547,-2.26574,-0.38567,0.35967,-2.8145,9.91648,0.37982,-1.28985,-0.40398,-0.17455,-2.47466,173.77,24353.055,2188.905
2.9094996130000066,12.13053,-3.68616,-2.29121,-0.43087,0.33534,-2.90787,9.83575,0.5334,-1.22219,-0.43635,-0.22003,-2.56332,173.682,24370.055,1682.88
2.914499613000007,12.34664,-3.54684,-2.31668,-0.47607,0.311,-3.00125,9.75501,0.68697,-1.15452,-0.46871,-0.26552,-2.65198,173.477,24372.0,1273.648
2.919499613000007,12.56274,-3.40752,-2.34215,-0.52127,0.28666,-3.09462,9.67428,0.84055,-1.08686,-0.50108,-0.31101,-2.74064,173.258,24372.0,876.918
2.9244996130000067,12.77885,-3.2682,-2.36762,-0.56647,0.26233,-3.188,9.80426,1.21501,-1.18854,-0.52164,-0.31726,-2.75518,173.038,23732.488,831.0
2.9294996130000066,12.99495,-3.12888,-2.39309,-0.61167,0.23799,-3.28137,9.96182,1.61837,-1.31239,-0.54067,-0.31837,-2.76002,172.818,23009.272,831.0
2.934499613000007,13.25594,-3.13041,-2.36269,-0.63424,0.22525,-3.3179,10.11938,2.02174,-1.43624,-0.55969,-0.31949,-2.76485,172.637,22926.0,804.885
2.939499613000007,13.52277,-3.15025,-2.32501,-0.65387,0.21402,-3.34703,10.27694,2.4251,-1.56009,-0.57872,-0.3206,-2.76969,172.461,22926.0,775.371
2.9444996130000067,13.7896,-3.1701,-2.28733,-0.67351,0.20279,-3.37615,10.43449,2.82847,-1.68394,-0.59774,-0.32171,-2.77453,172.286,22092.74,772.0
2.9494996130000066,14.05642,-3.18995,-2.24966,-0.69314,0.19155,-3.40528,10.59205,3.23183,-1.80779,-0.61677,-0.32283,-2.77937,172.11,21152.017,772.0
2.954499613000007,14.32325,-3.2098,-2.21198,-0.71277,0.18032,-3.43441,10.74961,3.6352,-1.93164,-0.63579,-0.32394,-2.78421,171.818,21043.0,529.99
2.959499613000007,14.59008,-3.22965,-2.17431,-0.7324,0.16909,-3.46353,10.90717,4.03857,-2.05549,-0.65482,-0.32506,-2.78904,171.51,21043.0,256.258
2.9644996130000068,14.85691,-3.2495,-2.13663,-0.75203,0.15786,-3.49266,10.63048,4.49378,-2.23064,-0.66763,-0.30034,-2.73598,171.281,18628.936,225.0
2.9694996130000066,15.12373,-3.26935,-2.09895,-0.77167,0.14663,-3.52179,10.29781,4.95568,-2.41239,-0.67963,-0.27228,-2.67545,171.063,15903.666,225.0
2.974499613000007,14.59195,-3.53862,-1.87386,-0.76502,0.1586,-3.48711,9.96513,5.41757,-2.59415,-0.69164,-0.24423,-2.61491,170.804,15553.0,182.117
2.979499613000007,13.94223,-3.84472,-1.62109,-0.75448,0.17401,-3.44301,9.63246,5.87947,-2.77591,-0.70365,-0.21618,-2.55438,170.54,15553.0,132.901
2.9844996130000068,13.29251,-4.15082,-1.36832,-0.74395,0.18941,-3.39891,9.22313,5.71458,-2.73545,-0.71566,-0.18813,-2.49385,170.275,8693.337,127.0
2.9894996130000067,12.64279,-4.45692,-1.11555,-0.73342,0.20481,-3.35481,8.80336,5.46429,-2.66472,-0.72767,-0.16008,-2.43332,170.011,899.16,127.0
2.9944996130000066,12.04694,-4.53368,-1.05688,-0.72288,0.22021,-3.31071,8.38359,5.21401,-2.59398,-0.73968,-0.13202,-2.37279,169.708,0.0,97.346
2.999499613000007,11.45811,-4.58054,-1.02351,-0.71235,0.23562,-3.2666,7.96382,4.96372,-2.52325,-0.75169,-0.10397,-2.31226,169.4,0.0,63.824
3.004499613000007,10.86929,-4.62739,-0.99015,-0.70182,0.25102,-3.2225,7.54405,4.71344,-2.45252,-0.7637,-0.07592,-2.25173,169.054,1143.661,60.0
3.0094996130000067,10.28047,-4.67424,-0.95679,-0.69129,0.26642,-3.1784,7.12429,4.46315,-2.38178,-0.77571,-0.04787,-2.1912,168.702,2434.59,60.0
3.0144996130000066,9.69164,-4.7211,-0.92342,-0.68075,0.28183,-3.1343,6.70452,4.21286,-2.31105,-0.75199,-0.02336,-2.08798,168.351,2582.0,132.517
3.019499613000007,9.10282,-4.76795,-0.89006,-0.67022,0.29723,-3.0902,6.28475,3.96258,-2.24031,-0.72367,0.00069,-1.97926,168.0,2582.0,214.383
3.024499613000007,8.51399,-4.8148,-0.8567,-0.64974,0.31686,-2.94581,5.57035,3.90844,-2.13069,-0.69535,0.02474,-1.87054,167.804,1442.956,224.0
3.0294996130000067,7.92517,-4.86166,-0.82333,-0.62793,0.33706,-2.78808,4.81672,3.8804,-2.01589,-0.66703,0.04879,-1.76183,167.628,152.293,224.0
3.0344996130000066,7.09367,-5.30756,-0.72179,-0.60612,0.35725,-2.63035,4.0631,3.85237,-1.9011,-0.63871,0.07284,-1.65311,167.412,3.0,204.393
3.039499613000007,6.23042,-5.80566,-0.61133,-0.58431,0.37744,-2.47261,3.30948,3.82434,-1.7863,-0.61039,0.09689,-1.54439,167.19,3.0,182.221
3.044499613000007,5.36718,-6.30377,-0.50087,-0.5625,0.39764,-2.31488,2.55586,3.7963,-1.6715,-0.58207,0.12094,-1.43567,166.972,20.421,180.0
3.0494996130000067,4.50393,-6.80187,-0.39041,-0.54069,0.41783,-2.15714,1.80224,3.76827,-1.5567,-0.55375,0.145,-1.32695,166.754,39.782,180.0
3.0544996130000066,3.64069,-7.29997,-0.27995,-0.51888,0.43803,-1.99941,1.85095,3.99751,-1.52648,-0.46175,0.21171,-1.013,166.573,42.0,145.054
3.059499613000007,2.77744,-7.79807,-0.16948,-0.49707,0.45822,-1.84168,2.00348,4.26005,-1.5072,-0.36152,0.28395,-0.67248,166.397,42.0,105.586
3.064499613000007,2.57248,-7.98318,-0.11985,-0.35014,0.41667,-1.51342,2.156,4.52259,-1.48792,-0.26128,0.35619,-0.33197,166.221,24.311,101.0
3.0694996130000067,2.45406,-8.12715,-0.0782,-0.18676,0.36701,-1.16274,2.30853,4.78513,-1.46864,-0.16105,0.42843,0.00854,166.046,4.298,101.0
3.0744996130000066,2.33563,-8.27112,-0.03656,-0.02337,0.31735,-0.81206,2.46106,5.04766,-1.44936,-0.06081,0.50066,0.34906,165.948,2.0,186.849
3.079499613000007,2.21721,-8.41509,0.00509,0.14001,0.26769,-0.46139,2.61358,5.3102,-1.43008,0.03942,0.5729,0.68957,165.86,2.0,283.832
3.084499613000007,2.09879,-8.55906,0.04673,0.30339,0.21802,-0.11071,2.56634,4.60332,-1.4125,0.09765,0.58214,0.78218,165.772,2.443,295.0
3.0894996130000068,1.98036,-8.70303,0.08838,0.46677,0.16836,0.23997,2.49309,3.77027,-1.39513,0.1504,0.58318,0.84253,165.684,2.943,295.0
3.0944996130000066,2.08814,-8.16333,-0.12574,0.54769,0.15996,0.47293,2.41985,2.93723,-1.37776,0.20316,0.58422,0.90288,165.635,3.0,373.807
3.0994996130000065,2.22491,-7.53601,-0.37263,0.61804,0.15684,0.69081,2.3466,2.10418,-1.36039,0.25592,0.58526,0.96323,165.591,3.0,462.715
3.104499613000007,2.36168,-6.90869,-0.61952,0.68839,0.15373,0.90869,2.27336,1.27113,-1.34303,0.30868,0.5863,1.02358,165.586,3.0,473.0
3.1094996130000068,2.49845,-6.28137,-0.86641,0.75874,0.15061,1.12656,2.20011,0.43809,-1.32566,0.36144,0.58733,1.08393,165.586,3.0,473.0
3.1144996130000067,2.63522,-5.65405,-1.1133,0.82909,0.1475,1.34444,2.13274,0.93523,-1.29894,0.41419,0.58837,1.14428,165.625,3.0,601.825
3.1194996130000066,2.77199,-5.02673,-1.36019,0.89944,0.14438,1.56232,2.06613,1.60479,-1.271,0.46695,0.58941,1.20462,165.669,3.0,747.347
3.124499613000007,2.86593,-4.88349,-1.5097,0.90382,0.12816,1.66782,1.99951,2.27434,-1.24307,0.51971,0.59045,1.26497,165.674,2.558,764.0
3.129499613000007,2.95432,-4.8028,-1.64661,0.89966,0.11025,1.75879,1.9329,2.9439,-1.21513,0.57247,0.59149,1.32532,165.674,2.058,764.0
3.1344996130000067,3.04272,-4.72211,-1.78353,0.89551,0.09234,1.84976,1.86629,3.61345,-1.1872,0.62523,0.59253,1.38567,165.674,2.0,989.654
3.1394996130000066,3.13112,-4.64141,-1.92045,0.89135,0.07443,1.94074,1.79968,4.28301,-1.15926,0.67798,0.59357,1.44602,165.674,2.0,1244.991
3.144499613000007,3.21952,-4.56072,-2.05737,0.8872,0.05651,2.03171,1.93034,4.31057,-1.15934,0.68548,0.57957,1.57067,165.713,2.886,1274.0
3.149499613000007,3.30791,-4.48003,-2.19429,0.88304,0.0386,2.12268,2.08629,4.25584,-1.16301,0.68719,0.56364,1.70357,165.757,3.886,1274.0
3.1544996130000067,3.65229,-4.48432,-2.22546,0.87889,0.02069,2.21366,2.24223,4.20112,-1.16669,0.68889,0.54771,1.83646,165.762,4.0,1471.939
3.1594996130000066,4.02958,-4.49954,-2.24303,0.87473,0.00277,2.30463,2.39818,4.14639,-1.17036,0.69059,0.53178,1.96935,165.762,4.0,1695.332
3.164499613000007,4.40687,-4.51477,-2.26061,0.87058,-0.01514,2.39561,2.55412,4.09167,-1.17403,0.69229,0.51585,2.10225,165.801,3.557,1721.0
3.169499613000007,4.78417,-4.52999,-2.27819,0.86642,-0.03305,2.48658,2.71007,4.03694,-1.17771,0.69399,0.49993,2.23514,165.845,3.057,1721.0
3.1744996130000067,5.16146,-4.54521,-2.29576,0.86227,-0.05096,2.57755,2.86602,3.98221,-1.18138,0.69569,0.484,2.36803,165.889,3.0,2590.769
3.1794996130000066,5.53875,-4.56043,-2.31334,0.85811,-0.06888,2.66853,3.02196,3.92749,-1.18505,0.69739,0.46807,2.50093,165.932,3.0,3572.373
3.184499613000007,5.8406,-4.52511,-2.36094,0.88056,-0.09016,2.77894,3.2422,3.90346,-1.1949,0.72068,0.45646,2.61273,165.938,3.0,3686.0
3.189499613000007,6.13257,-4.48318,-2.41246,0.90648,-0.11189,2.89189,3.47085,3.88346,-1.20556,0.74679,0.44542,2.72176,165.938,3.0,3686.0
3.1944996130000067,6.42453,-4.44124,-2.46399,0.93241,-0.13362,3.00485,3.6995,3.86345,-1.21622,0.77291,0.43437,2.8308,166.015,3.0,3686.0
3.1994996130000066,6.7165,-4.39931,-2.51552,0.95834,-0.15534,3.11781,3.92815,3.84344,-1.22689,0.79902,0.42333,2.93984,166.103,3.0,3686.0
3.2044996130000065,7.00847,-4.35738,-2.56705,0.98426,-0.17707,3.23076,4.15681,3.82344,-1.23755,0.82513,0.41229,3.04887,166.152,3.0,3924.703
3.209499613000007,7.30044,-4.31544,-2.61858,1.01019,-0.1988,3.34372,4.38546,3.80343,-1.24821,0.85124,0.40124,3.15791,166.196,3.0,4194.87
3.2144996130000068,7.59241,-4.27351,-2.67011,1.03611,-0.22052,3.45667,4.61411,3.78343,-1.25887,0.87736,0.3902,3.26695,166.24,3.0,4226.0
3.2194996130000066,7.88438,-4.23158,-2.72164,1.06204,-0.24225,3.56963,4.84276,3.76342,-1.26953,0.90347,0.37916,3.37599,166.284,3.0,4226.0
3.2244996130000065,8.19574,-3.93997,-2.85641,1.05104,-0.2875,3.63139,4.90194,3.59347,-1.09739,0.9175,0.34765,3.43006,166.289,3.0,5326.183
3.229499613000007,8.50961,-3.6159,-3.00201,1.03524,-0.33581,3.6865,4.93907,3.40401,-0.90148,0.92996,0.31349,3.47699,166.289,3.0,6569.429
3.2344996130000068,8.82349,-3.29183,-3.14761,1.01944,-0.38411,3.7416,5.31344,3.3479,-0.93924,0.94243,0.27932,3.52392,166.328,3.886,6711.0
3.2394996130000067,9.13737,-2.96776,-3.29321,1.00365,-0.43242,3.79671,5.73116,3.30893,-1.00702,0.95489,0.24516,3.57084,166.372,4.885,6711.0
3.2444996130000066,9.45125,-2.64369,-3.43881,0.98785,-0.48073,3.85181,6.14887,3.26996,-1.07481,0.96735,0.21099,3.61777,166.377,5.0,7206.252
3.249499613000007,9.76512,-2.31963,-3.58441,0.97205,-0.52904,3.90692,6.56658,3.23099,-1.1426,0.97981,0.17683,3.6647,166.377,5.0,7765.996
3.254499613000007,10.1708,-2.48007,-3.59739,0.96734,-0.53885,3.94489,6.98429,3.19202,-1.21038,0.99227,0.14266,3.71163,166.455,3.668,7827.0
3.2594996130000067,10.58771,-2.69978,-3.59413,0.96399,-0.54396,3.98077,7.402,3.15305,-1.27817,1.00474,0.1085,3.75855,166.543,2.173,7827.0
3.2644996130000066,11.00462,-2.91949,-3.59088,0.96064,-0.54907,4.01664,7.81972,3.11408,-1.34595,1.01019,0.08804,3.80453,166.553,2.0,8061.905
3.269499613000007,11.42153,-3.1392,-3.58763,0.95729,-0.55417,4.05252,8.23743,3.07511,-1.41374,1.01472,0.06939,3.85038,166.553,2.0,8327.594
3.274499613000007,11.83844,-3.35891,-3.58438,0.95394,-0.55928,4.0884,8.48542,3.12812,-1.65003,1.01925,0.05074,3.89624,166.592,1.558,8358.0
3.2794996130000067,12.25535,-3.57862,-3.58112,0.95059,-0.56439,4.12427,8.71148,3.19301,-1.9081,1.02378,0.03208,3.94209,166.636,1.058,8358.0
3.2844996130000066,12.67225,-3.79832,-3.57787,0.94725,-0.5695,4.16015,8.93754,3.25791,-2.16617,1.02832,0.01343,3.98795,166.68,1.0,9196.755
3.289499613000007,13.08916,-4.01803,-3.57462,0.9439,-0.5746,4.19602,9.16361,3.3228,-2.42424,1.03285,-0.00523,4.0338,166.723,1.0,10145.401
3.294499613000007,13.47723,-3.99143,-3.68883,0.92084,-0.5657,4.19907,9.38967,3.3877,-2.6823,1.00433,-0.00499,4.04895,166.767,1.443,10254.0
3.2994996130000067,13.86158,-3.93299,-3.81822,0.89523,-0.55498,4.19788,9.61573,3.45259,-2.94037,0.97155,-0.0023,4.06014,166.811,1.943,10254.0
3.3044996130000066,14.24592,-3.87455,-3.94761,0.86962,-0.54427,4.19669,9.84179,3.51749,-3.19844,0.93876,0.00038,4.07132,166.816,2.0,10547.754
3.309499613000007,14.63027,-3.81611,-4.07701,0.84401,-0.53355,4.1955,10.06785,3.58238,-3.45651,0.90598,0.00306,4.08251,166.816,2.0,10879.691
3.314499613000007,14.81811,-3.48536,-4.20277,0.8184,-0.52283,4.1943,10.18637,3.63686,-3.55477,0.8732,0.00574,4.09369,166.855,2.442,10918.0
3.3194996130000067,14.98031,-3.11908,-4.32806,0.79279,-0.51212,4.19311,10.29086,3.68999,-3.63218,0.84041,0.00843,4.10488,166.899,2.942,10918.0
3.3244996130000066,15.14251,-2.7528,-4.45335,0.76718,-0.5014,4.19192,10.39536,3.74311,-3.70958,0.80763,0.01111,4.11606,166.904,3.0,10960.441
3.3294996130000065,15.30472,-2.38652,-4.57864,0.74157,-0.49068,4.19073,10.49985,3.79623,-3.78699,0.77484,0.01379,4.12725,166.904,3.0,11008.433
3.334499613000007,15.46692,-2.02025,-4.70393,0.71596,-0.47997,4.18954,10.61251,3.91797,-3.79729,0.67038,-0.03137,4.07607,166.904,3.0,11014.0
3.3394996130000068,15.62912,-1.65397,-4.82922,0.69035,-0.46925,4.18834,10.72624,4.04871,-3.79878,0.55651,-0.0828,4.01671,166.904,3.0,11014.0
3.3444996130000066,15.79133,-1.28769,-4.9545,0.5947,-0.45185,4.13379,10.83997,4.17945,-3.80027,0.44264,-0.13424,3.95735,166.865,3.0,10677.857
3.3494996130000065,15.95353,-0.92141,-5.07979,0.48995,-0.43358,4.0723,10.9537,4.31019,-3.80176,0.32876,-0.18568,3.89798,166.821,3.0,10298.044
3.354499613000007,16.09435,-0.69355,-5.08675,0.38519,-0.41532,4.01081,11.06743,4.44093,-3.80324,0.21489,-0.23711,3.83862,166.816,3.442,10254.0
3.3594996130000068,16.23237,-0.48383,-5.07818,0.28044,-0.39705,3.94932,11.18116,4.57167,-3.80473,0.10102,-0.28855,3.77926,166.816,3.942,10254.0
3.3644996130000067,16.37038,-0.27412,-5.06962,0.17569,-0.37878,3.88784,11.32181,4.66834,-3.84243,-0.01708,-0.30499,3.72293,166.816,4.0,9886.0
3.3694996130000066,16.5084,-0.06441,-5.06105,0.07093,-0.36051,3.82635,11.46598,4.76058,-3.88484,-0.13574,-0.31688,3.667,166.816,4.0,9470.031
3.374499613000007,16.64641,0.14531,-5.05249,-0.03382,-0.34224,3.76486,11.61014,4.85282,-3.92726,-0.2544,-0.32876,3.61107,166.816,4.0,9426.0
3.379499613000007,16.78443,0.35502,-5.04392,-0.13857,-0.32397,3.70337,11.7543,4.94505,-3.96967,-0.37306,-0.34064,3.55514,166.816,4.0,9426.0
3.3844996130000067,16.79281,0.35759,-4.76295,-0.2343,-0.29788,3.65404,11.89846,5.03729,-4.01209,-0.49172,-0.35253,3.49921,166.816,4.0,9514.121
3.3894996130000066,16.78409,0.33284,-4.44606,-0.32884,-0.27076,3.60632,12.04263,5.12953,-4.0545,-0.61038,-0.36441,3.44328,166.816,4.0,9613.863
3.394499613000007,16.77537,0.3081,-4.12916,-0.42338,-0.24363,3.55859,12.06654,4.95519,-3.95946,-0.72904,-0.37629,3.38735,166.816,3.559,9625.0
3.399499613000007,16.76666,0.28335,-3.81227,-0.51792,-0.21651,3.51087,12.07534,4.74735,-3.84714,-0.8477,-0.38818,3.33142,166.816,3.063,9625.0
3.4044996130000067,16.75794,0.2586,-3.49537,-0.61247,-0.18938,3.46314,12.08414,4.53952,-3.73481,-0.86414,-0.37899,3.25108,166.855,3.0,9862.572
3.4094996130000066,16.74922,0.23386,-3.17848,-0.70701,-0.16226,3.41542,12.09294,4.33168,-3.62249,-0.86561,-0.36671,3.16716,166.9,3.0,10134.911
3.414499613000007,16.7405,0.20911,-2.86159,-0.80155,-0.13513,3.36769,12.10174,4.12384,-3.51017,-0.86708,-0.35444,3.08325,166.944,2.553,10163.0
3.419499613000007,16.73178,0.18436,-2.54469,-0.89609,-0.10801,3.31997,12.11054,3.916,-3.39785,-0.86855,-0.34216,2.99934,166.987,2.055,10163.0
3.4244996130000067,16.18311,0.342,-1.63268,-0.88413,-0.09787,3.23618,12.11934,3.70817,-3.28553,-0.87003,-0.32989,2.91543,167.031,2.0,11038.865
3.4294996130000066,15.56727,0.52233,-0.64666,-0.85892,-0.08985,3.14791,12.12814,3.50033,-3.1732,-0.8715,-0.31761,2.83152,167.075,2.0,12023.666
3.4344996130000065,15.2595,0.73813,-0.5736,-0.83371,-0.08183,3.05963,12.06961,2.99353,-2.78036,-0.87297,-0.30534,2.7476,167.158,2.442,12147.0
3.439499613000007,14.99583,0.95901,-0.63124,-0.8085,-0.0738,2.97136,12.00144,2.44392,-2.34735,-0.87445,-0.29306,2.66369,167.247,2.947,12147.0
3.4444996130000067,14.73216,1.1799,-0.68889,-0.7833,-0.06578,2.88308,11.93328,1.89432,-1.91434,-0.87592,-0.28079,2.57978,167.295,3.0,12445.126
3.4494996130000066,14.46849,1.40078,-0.74654,-0.75809,-0.05776,2.79481,11.86511,1.34472,-1.48133,-0.87739,-0.26851,2.49587,167.339,3.0,12778.034
3.4544996130000065,14.20482,1.62166,-0.80419,-0.73288,-0.04974,2.70654,11.79694,0.79512,-1.04832,-0.73584,-0.28569,2.33282,167.422,3.0,12817.0
3.459499613000007,13.94115,1.84255,-0.86184,-0.70767,-0.04172,2.61826,11.72878,0.24552,-0.61532,-0.57533,-0.30677,2.15929,167.51,3.0,12817.0
3.4644996130000068,13.67748,2.06343,-0.91948,-0.59011,-0.11284,2.44741,11.55669,-0.00108,-0.2864,-0.41482,-0.32785,1.98575,167.559,3.0,13647.612
3.4694996130000066,13.41381,2.28431,-0.97713,-0.46134,-0.19358,2.26653,11.37198,-0.21088,0.02988,-0.25431,-0.34893,1.81222,167.602,3.0,14579.107
3.4744996130000065,13.23128,2.53013,-0.89963,-0.33256,-0.27431,2.08564,11.18727,-0.42068,0.34616,-0.0938,-0.37001,1.63869,167.646,3.443,14686.0
3.479499613000007,13.05927,2.77919,-0.80462,-0.20378,-0.35505,1.90476,11.00256,-0.63048,0.66244,0.06671,-0.39109,1.46515,167.69,3.943,14686.0
3.4844996130000068,12.88725,3.02824,-0.7096,-0.075,-0.43578,1.72388,10.81784,-0.84028,0.97872,0.22723,-0.41218,1.29162,167.773,4.0,14914.201
3.4894996130000067,12.71524,3.2773,-0.61458,0.05377,-0.51652,1.54299,10.63313,-1.05008,1.295,0.38774,-0.43326,1.11808,167.861,4.0,15171.938
3.4944996130000066,12.54323,3.52636,-0.51956,0.18255,-0.59726,1.36211,10.75551,-0.56509,1.15129,0.53022,-0.40735,0.89479,167.949,4.0,15202.0
3.499499613000007,12.37121,3.77541,-0.42454,0.31133,-0.67799,1.18123,10.91844,0.01163,0.94684,0.67033,-0.37523,0.66493,168.037,4.0,15202.0
3.504499613000007,12.71536,4.06348,-0.2727,0.41113,-0.71159,1.02264,11.08137,0.58835,0.74239,0.81044,-0.34312,0.43506,168.125,3.558,15202.0
3.5094996130000067,13.12677,4.35663,-0.11345,0.50716,-0.73904,0.86696,11.2443,1.16508,0.53794,0.95054,-0.31101,0.2052,168.212,3.058,15202.0
3.5144996130000066,13.53818,4.64978,0.0458,0.6032,-0.7665,0.71128,11.97861,1.1795,0.42276,1.09065,-0.27889,-0.02467,168.223,3.0,16208.376
3.519499613000007,13.94958,4.94293,0.20505,0.69923,-0.79395,0.5556,12.7876,1.12044,0.31924,1.23076,-0.24678,-0.25453,168.223,3.0,17346.279
3.524499613000007,14.36099,5.23608,0.3643,0.79526,-0.82141,0.39992,13.59659,1.06138,0.21572,1.19069,-0.2296,-0.35898,168.223,3.886,17474.0
3.5294996130000067,14.7724,5.52923,0.52355,0.89129,-0.84886,0.24424,14.40558,1.00231,0.1122,1.12785,-0.21431,-0.44756,168.223,4.885,17474.0
3.5344996130000066,15.18381,5.82239,0.6828,0.98732,-0.87631,0.08856,15.21457,0.94325,0.00868,1.065,-0.19902,-0.53615,168.184,5.0,17474.0
3.5394996130000065,15.59521,6.11554,0.84205,1.08335,-0.90377,-0.06712,16.02355,0.88419,-0.09484,1.00216,-0.18373,-0.62473,168.139,5.0,17474.0
3.544499613000007,15.36778,4.78227,0.98698,0.95137,-0.72928,-0.2829,16.83254,0.82512,-0.19836,0.93931,-0.16844,-0.71332,168.135,5.446,20420.092
3.5494996130000067,15.06846,3.26599,1.13029,0.79374,-0.53206,-0.50543,17.64153,0.76606,-0.30188,0.87647,-0.15315,-0.8019,168.135,5.943,23697.685
3.5544996130000066,14.76914,1.74972,1.27361,0.63611,-0.33484,-0.72796,17.1241,0.74239,-0.70024,0.81362,-0.13786,-0.89049,168.057,6.0,24770.701
3.5594996130000065,14.46981,0.23344,1.41692,0.47847,-0.13763,-0.9505,16.43462,0.72331,-1.13684,0.75077,-0.12257,-0.97907,167.969,6.0,25557.768
3.564499613000007,14.17049,-1.28283,1.56024,0.32084,0.05959,-1.17303,15.74514,0.70422,-1.57343,0.68793,-0.10728,-1.06766,167.881,4.229,25648.0
3.5694996130000067,13.87117,-2.79911,1.70355,0.16321,0.25681,-1.39557,15.05566,0.68514,-2.01003,0.62508,-0.09199,-1.15624,167.793,2.229,25648.0
3.5744996130000066,12.98159,-3.69561,1.27877,0.07172,0.28602,-1.47144,14.36618,0.66606,-2.44663,0.56224,-0.0767,-1.24483,167.744,2.0,25851.831
3.5794996130000065,12.01558,-4.51185,0.78042,-0.01121,0.29347,-1.52832,13.67671,0.64697,-2.88323,0.49939,-0.06141,-1.33341,167.7,2.0,26082.057
3.584499613000007,11.04956,-5.3281,0.28207,-0.09413,0.30093,-1.5852,12.98723,0.62789,-3.31982,0.38657,-0.04316,-1.35574,167.618,2.442,26109.0
3.5894996130000068,10.08355,-6.14435,-0.21628,-0.17705,0.30838,-1.64208,12.29775,0.60881,-3.75642,0.26712,-0.02452,-1.36929,167.53,2.943,26109.0
3.5944996130000066,9.11753,-6.96059,-0.71463,-0.25998,0.31584,-1.69896,11.65022,-0.33052,-3.32078,0.14768,-0.00588,-1.38284,167.442,3.0,26215.183
3.5994996130000065,8.15152,-7.77684,-1.21298,-0.3429,0.32329,-1.75584,11.00813,-1.38927,-2.77196,0.02823,0.01276,-1.39639,167.354,3.0,26335.144
3.604499613000007,7.92616,-7.84781,-1.55687,-0.35275,0.3093,-1.73919,10.36604,-2.44801,-2.22314,-0.09122,0.0314,-1.40993,167.305,3.0,26349.0
3.6094996130000068,7.79751,-7.82145,-1.88057,-0.35305,0.29251,-1.71295,9.72395,-3.50675,-1.67431,-0.21067,0.05004,-1.42348,167.26,3.0,26349.0
3.6144996130000067,7.66887,-7.79509,-2.20428,-0.35335,0.27572,-1.6867,9.08187,-4.5655,-1.12549,-0.33011,0.06868,-1.43703,167.256,3.0,26349.0
3.6194996130000066,7.54022,-7.76874,-2.52799,-0.35365,0.25892,-1.66046,8.43978,-5.62424,-0.57667,-0.44956,0.08733,-1.45058,167.256,3.0,26349.0
3.624499613000007,7.41158,-7.74238,-2.8517,-0.35395,0.24213,-1.63422,8.43752,-4.59515,-0.58311,-0.39951,0.0364,-1.45605,167.256,3.0,26310.519
3.629499613000007,7.28294,-7.71602,-3.17541,-0.35425,0.22534,-1.60797,8.51861,-3.29411,-0.66187,-0.32737,-0.02358,-1.46047,167.256,3.0,26267.026
3.6344996130000067,7.49198,-7.4642,-2.93815,-0.35455,0.20855,-1.58173,8.5997,-1.99306,-0.74063,-0.25524,-0.08356,-1.46489,167.217,2.558,26262.0
3.6394996130000066,7.74515,-7.18293,-2.6276,-0.35485,0.19175,-1.55548,8.68079,-0.69202,-0.8194,-0.18311,-0.14355,-1.46932,167.173,2.058,26262.0
3.6444996130000065,7.99831,-6.90165,-2.31704,-0.35515,0.17496,-1.52924,8.69551,-0.22151,-1.09553,-0.18628,-0.14125,-1.41284,167.168,2.0,26185.465
3.649499613000007,8.25148,-6.62038,-2.00649,-0.35545,0.15817,-1.503,8.70159,0.14087,-1.39736,-0.19926,-0.13084,-1.34842,167.168,2.0,26098.965
3.6544996130000067,8.50464,-6.3391,-1.69594,-0.35576,0.14138,-1.47675,8.70766,0.50324,-1.69919,-0.21225,-0.12043,-1.28401,167.168,2.89,26089.0
3.6594996130000066,8.75781,-6.05782,-1.38538,-0.35606,0.12458,-1.45051,8.71374,0.86562,-2.00102,-0.22523,-0.11003,-1.2196,167.168,3.897,26089.0
3.6644996130000065,9.01097,-5.77655,-1.07483,-0.32985,0.11739,-1.38236,8.71982,1.22799,-2.30285,-0.23821,-0.09962,-1.15519,167.168,4.0,26148.07
3.669499613000007,9.26414,-5.49527,-0.76427,-0.3006,0.1113,-1.30941,8.7259,1.59037,-2.60468,-0.25119,-0.08921,-1.09078,167.168,4.0,26213.896
3.6744996130000067,9.33157,-5.61647,-1.16448,-0.27136,0.10521,-1.23647,8.73198,1.95274,-2.90651,-0.26417,-0.07881,-1.02637,167.207,4.0,26222.0
3.6794996130000066,9.37293,-5.79417,-1.66446,-0.24212,0.09912,-1.16352,8.73805,2.31512,-3.20834,-0.27715,-0.0684,-0.96196,167.251,4.0,26222.0
3.6844996130000065,9.4143,-5.97188,-2.16445,-0.21287,0.09303,-1.09058,8.86383,2.42203,-3.31852,-0.2877,-0.06438,-0.9248,167.334,4.0,26127.76
3.689499613000007,9.45566,-6.14958,-2.66444,-0.18363,0.08694,-1.01764,9.00515,2.49573,-3.40379,-0.29794,-0.0612,-0.89119,167.422,4.0,26021.273
3.6944996130000067,9.49702,-6.32728,-3.16442,-0.15439,0.08085,-0.94469,9.14648,2.56944,-3.48907,-0.30818,-0.05801,-0.85757,167.471,4.0,26009.0
3.6994996130000066,9.53838,-6.50498,-3.66441,-0.12514,0.07476,-0.87175,9.28781,2.64315,-3.57434,-0.31842,-0.05482,-0.82395,167.514,4.0,26009.0
3.7044996130000065,9.43478,-6.46202,-3.54094,-0.11611,0.07037,-0.80986,9.42913,2.71685,-3.65962,-0.32866,-0.05163,-0.79033,167.558,4.0,26051.478
3.709499613000007,9.31228,-6.3903,-3.33623,-0.1097,0.0662,-0.74942,9.57046,2.79056,-3.7449,-0.3389,-0.04845,-0.75671,167.602,4.0,26099.49
3.7144996130000068,9.18979,-6.31858,-3.13153,-0.1033,0.06204,-0.68898,9.48246,2.06203,-3.35027,-0.34914,-0.04526,-0.72309,167.646,5.77,26105.0
3.7194996130000066,9.06729,-6.24686,-2.92683,-0.0969,0.05788,-0.62853,9.36474,1.2295,-2.89344,-0.35938,-0.04207,-0.68948,167.69,7.77,26105.0
3.7244996130000065,8.9448,-6.17515,-2.72212,-0.0905,0.05371,-0.56809,9.24702,0.39698,-2.43661,-0.36962,-0.03888,-0.65586,167.812,8.0,26163.98
3.729499613000007,8.8223,-6.10343,-2.51742,-0.08409,0.04955,-0.50765,9.1293,-0.43555,-1.97978,-0.37986,-0.0357,-0.62224,167.944,8.0,26230.643
3.7344996130000068,8.69981,-6.03171,-2.31271,-0.07769,0.04538,-0.44721,9.01158,-1.26807,-1.52295,-0.3901,-0.03251,-0.58862,168.037,979.837,26238.0
3.7394996130000067,8.57731,-5.95999,-2.10801,-0.07129,0.04122,-0.38676,8.89386,-2.10059,-1.06612,-0.40034,-0.02932,-0.555,168.125,2072.225,26238.0
3.7444996130000066,8.60759,-5.88145,-1.89731,-0.09041,0.02197,-0.35965,8.98776,-1.92899,-0.85173,-0.40138,-0.05923,-0.54239,168.213,2198.0,26215.271
3.7494996130000064,8.65776,-5.80201,-1.68582,-0.11285,0.00076,-0.33688,9.1092,-1.62673,-0.6689,-0.40122,-0.09344,-0.53252,168.302,2198.0,26189.585
3.754499613000007,8.70792,-5.72258,-1.47434,-0.13529,-0.02044,-0.3141,9.23064,-1.32447,-0.48606,-0.40106,-0.12766,-0.52264,168.428,2712.869,26187.0
3.7594996130000067,8.75808,-5.64315,-1.26286,-0.15774,-0.04165,-0.29132,9.35208,-1.0222,-0.30323,-0.40091,-0.16187,-0.51277,168.559,3285.338,26187.0
3.7644996130000066,8.79961,-5.63069,-1.35101,-0.18018,-0.06286,-0.26855,9.47352,-0.71994,-0.12039,-0.40075,-0.19609,-0.5029,168.652,3351.0,26184.345
3.7694996130000065,8.84003,-5.62691,-1.47798,-0.20262,-0.08407,-0.24577,9.59496,-0.41768,0.06244,-0.40059,-0.2303,-0.49302,168.74,3351.0,26181.346
3.774499613000007,8.88044,-5.62313,-1.60496,-0.22507,-0.10528,-0.223,9.66618,-0.38742,-0.25663,-0.38749,-0.22732,-0.48695,168.789,4221.242,26181.0
3.7794996130000067,8.92086,-5.61935,-1.73193,-0.24751,-0.12648,-0.20022,9.73087,-0.39262,-0.64114,-0.3727,-0.21949,-0.48137,168.833,5204.945,26181.0
3.7844996130000066,8.96127,-5.61556,-1.8589,-0.24234,-0.11941,-0.20062,9.79555,-0.39782,-1.02565,-0.3579,-0.21166,-0.47579,168.877,5318.0,26135.901
3.7894996130000065,9.00169,-5.61178,-1.98588,-0.23359,-0.10866,-0.20402,9.86023,-0.40302,-1.41016,-0.34311,-0.20383,-0.47021,168.921,5318.0,26084.946
3.794499613000007,9.05931,-5.55851,-2.05692,-0.22483,-0.09792,-0.20742,9.92492,-0.40822,-1.79467,-0.32832,-0.196,-0.46463,169.002,5965.776,26079.0
3.7994996130000067,9.11919,-5.4987,-2.12057,-0.21608,-0.08717,-0.21083,9.9896,-0.41341,-2.17918,-0.31353,-0.18818,-0.45905,169.089,6699.121,26079.0
3.8044996130000066,9.17908,-5.43888,-2.18422,-0.20732,-0.07643,-0.21423,10.05428,-0.41861,-2.56369,-0.29873,-0.18035,-0.45347,169.14,6806.0,26020.803
3.8094996130000065,9.23897,-5.37907,-2.24787,-0.19857,-0.06568,-0.21763,10.11897,-0.42381,-2.9482,-0.28394,-0.17252,-0.44789,169.184,6806.0,25952.676
3.814499613000007,9.29886,-5.31926,-2.31152,-0.18981,-0.05494,-0.22103,10.18365,-0.42901,-3.33272,-0.26915,-0.16469,-0.44231,169.268,7358.049,25945.0
3.8194996130000067,9.35875,-5.25945,-2.37517,-0.18106,-0.04419,-0.22444,10.24833,-0.43421,-3.71723,-0.25436,-0.15686,-0.43673,169.356,7980.203,25945.0
3.8244996130000066,9.41864,-5.19964,-2.43883,-0.16859,-0.03702,-0.22048,10.27062,-0.33418,-3.71094,-0.22506,-0.14155,-0.43369,169.404,8047.0,25905.772
3.8294996130000065,9.47853,-5.13982,-2.50248,-0.15568,-0.03028,-0.21564,10.28781,-0.22148,-3.65764,-0.19402,-0.12535,-0.43094,169.448,8047.0,25861.827
3.834499613000007,9.50364,-5.05834,-2.47668,-0.14277,-0.02355,-0.21081,10.30501,-0.10879,-3.60434,-0.16299,-0.10915,-0.4282,169.532,8653.436,25857.0
3.8394996130000068,9.52446,-4.97418,-2.43984,-0.12985,-0.01681,-0.20597,10.3222,0.0039,-3.55105,-0.13195,-0.09294,-0.42545,169.62,9334.695,25857.0
3.8444996130000066,9.54528,-4.89002,-2.40301,-0.11694,-0.01007,-0.20113,10.30595,0.0324,-3.37398,-0.10091,-0.07674,-0.42271,169.707,9403.0,25748.135
3.8494996130000065,9.56609,-4.80586,-2.36617,-0.10403,-0.00333,-0.19629,10.28596,0.05153,-3.18311,-0.06987,-0.06054,-0.41997,169.795,9403.0,25627.137
3.8544996130000064,9.58691,-4.7217,-2.32934,-0.09112,0.0034,-0.19145,10.26598,0.07065,-2.99224,-0.06382,-0.05014,-0.41819,169.843,9403.0,25613.0
3.8594996130000068,9.60773,-4.63754,-2.2925,-0.07821,0.01014,-0.18661,10.246,0.08977,-2.80138,-0.06108,-0.04051,-0.41654,169.887,9403.0,25613.0
3.8644996130000067,9.60235,-4.63337,-2.27001,-0.07428,0.01377,-0.18519,10.22602,0.10889,-2.61051,-0.05834,-0.03088,-0.4149,169.97,9674.603,25510.1
3.8694996130000066,9.59347,-4.63989,-2.24944,-0.07155,0.01697,-0.18423,10.20604,0.12801,-2.41965,-0.0556,-0.02125,-0.41325,170.058,9982.46,25393.465
3.8744996130000064,9.5846,-4.6464,-2.22887,-0.06882,0.02018,-0.18326,10.21226,0.15471,-2.4354,-0.05286,-0.01162,-0.4116,170.107,10292.287,25380.0
3.879499613000007,9.57572,-4.65291,-2.2083,-0.06609,0.02339,-0.1823,10.22189,0.1824,-2.47812,-0.05012,-0.00199,-0.40996,170.151,10602.371,25380.0
3.8844996130000067,9.56685,-4.65943,-2.18772,-0.06336,0.0266,-0.18133,10.23153,0.21009,-2.52084,-0.05298,-0.00042,-0.40594,170.195,10638.0,25292.825
3.8894996130000066,9.55797,-4.66594,-2.16715,-0.06064,0.02981,-0.18037,10.24117,0.23778,-2.56356,-0.05657,0.0001,-0.4016,170.239,10638.0,25194.333
3.8944996130000065,9.54909,-4.67246,-2.14658,-0.05791,0.03302,-0.17941,10.2508,0.26547,-2.60629,-0.06017,0.00063,-0.39727,170.283,10843.744,25183.0
3.899499613000007,9.54022,-4.67897,-2.12601,-0.05518,0.03623,-0.17844,10.26044,0.29316,-2.64901,-0.06376,0.00115,-0.39294,170.327,11076.239,25183.0
3.9044996130000067,9.49158,-4.66487,-2.11999,-0.05852,0.0357,-0.18116,10.27008,0.32085,-2.69173,-0.06735,0.00167,-0.38861,170.41,11103.0,24929.734
3.9094996130000066,9.43776,-4.64808,-2.11586,-0.06265,0.03469,-0.18437,10.27971,0.34853,-2.73445,-0.07095,0.0022,-0.38428,170.498,11103.0,24643.523
3.9144996130000065,9.38395,-4.63129,-2.11174,-0.06677,0.03368,-0.18757,10.25121,0.37584,-2.65037,-0.07454,0.00272,-0.37995,170.547,11276.262,24610.0
3.919499613000007,9.33014,-4.61451,-2.10761,-0.0709,0.03267,-0.19077,10.21764,0.40309,-2.54947,-0.07813,0.00325,-0.37562,170.591,11472.51,24610.0
3.9244996130000067,9.30381,-4.62303,-2.12121,-0.07503,0.03166,-0.19397,10.18408,0.43034,-2.44857,-0.08173,0.00377,-0.37128,170.596,11495.0,24459.053
3.9294996130000066,9.28104,-4.63482,-2.13711,-0.07916,0.03065,-0.19717,10.15051,0.45759,-2.34767,-0.08532,0.0043,-0.36695,170.596,11495.0,24288.568
3.9344996130000065,9.25827,-4.64662,-2.15301,-0.08328,0.02964,-0.20038,10.11695,0.48483,-2.24677,-0.08891,0.00482,-0.36262,170.635,12069.796,24269.0
3.939499613000007,9.2355,-4.65842,-2.1689,-0.08741,0.02863,-0.20358,10.08338,0.51208,-2.14587,-0.0925,0.00535,-0.35829,170.679,12719.119,24269.0
3.9444996130000067,9.21273,-4.67021,-2.1848,-0.09206,0.03227,-0.21188,10.10793,0.45925,-2.23015,-0.10246,0.00739,-0.35189,170.684,12794.0,24163.178
3.9494996130000066,9.18996,-4.68201,-2.2007,-0.09677,0.03652,-0.22084,10.14004,0.39597,-2.33858,-0.11324,0.00964,-0.34521,170.684,12794.0,24043.561
3.9544996130000065,9.19006,-4.68872,-2.21101,-0.10149,0.04076,-0.2298,10.17216,0.33269,-2.44701,-0.12403,0.01189,-0.33854,170.684,13133.186,24031.0
3.9594996130000064,9.19284,-4.69483,-2.22066,-0.1062,0.04501,-0.23876,10.20428,0.26941,-2.55544,-0.13481,0.01414,-0.33187,170.684,13512.17,24031.0
3.9644996130000068,9.19562,-4.70093,-2.23031,-0.11092,0.04925,-0.24773,10.2043,0.27517,-2.56557,-0.14559,0.01639,-0.3252,170.684,13556.0,23938.112
3.9694996130000066,9.1984,-4.70704,-2.23996,-0.11563,0.0535,-0.25669,10.20012,0.28997,-2.56284,-0.15637,0.01863,-0.31852,170.684,13556.0,23833.076
3.9744996130000065,9.20118,-4.71315,-2.24961,-0.12035,0.05774,-0.26565,10.19594,0.30476,-2.56012,-0.16011,0.01958,-0.31543,170.684,7523.307,23821.0
3.9794996130000064,9.20396,-4.71926,-2.25926,-0.12506,0.06198,-0.27461,10.19176,0.31955,-2.55739,-0.16293,0.02035,-0.3128,170.684,706.943,23821.0
3.9844996130000068,9.20674,-4.72537,-2.26891,-0.12473,0.06344,-0.27284,10.18758,0.33434,-2.55467,-0.16575,0.02112,-0.31017,170.723,0.0,23738.121
3.9894996130000067,9.20952,-4.73148,-2.27856,-0.12382,0.06458,-0.26982,10.1834,0.34913,-2.55195,-0.16857,0.02189,-0.30753,170.766,0.0,23645.653
3.9944996130000066,9.20834,-4.71795,-2.25214,-0.12291,0.06572,-0.2668,10.17922,0.36393,-2.54922,-0.17139,0.02266,-0.3049,170.771,6343.81,23635.0
3.9994996130000064,9.20664,-4.70188,-2.22102,-0.12199,0.06686,-0.26379,10.17505,0.37872,-2.5465,-0.17421,0.02343,-0.30227,170.771,13513.602,23635.0
4.004499613000006,9.20494,-4.6858,-2.18991,-0.12108,0.06799,-0.26077,10.1749,0.37054,-2.49354,-0.17962,0.02598,-0.3075,170.771,14339.0,23541.669
4.009499613000006,9.20325,-4.66972,-2.15879,-0.12017,0.06913,-0.25775,10.17528,0.35936,-2.43404,-0.18537,0.02875,-0.31374,170.771,14339.0,23436.196
4.014499613000007,9.20155,-4.65364,-2.12767,-0.11925,0.07027,-0.25473,10.17566,0.34819,-2.37454,-0.19111,0.03153,-0.31999,170.81,14482.299,23424.0
4.019499613000007,9.19985,-4.63756,-2.09656,-0.11834,0.0714,-0.25172,10.17603,0.33702,-2.31505,-0.19686,0.03431,-0.32624,170.854,14644.335,23424.0
4.024499613000007,9.20917,-4.65493,-2.10509,-0.12064,0.07721,-0.2572,10.23573,0.17814,-2.36432,-0.2026,0.03708,-0.33249,170.898,14663.0,23457.139
4.029499613000007,9.21992,-4.67666,-2.11879,-0.12337,0.08362,-0.2638,10.30315,3e-05,-2.42774,-0.20835,0.03986,-0.33873,170.942,14663.0,23494.592
4.034499613000007,9.23068,-4.69838,-2.13249,-0.12609,0.09003,-0.27039,10.37057,-0.17808,-2.49117,-0.21409,0.04264,-0.34498,170.947,14727.48,23499.0
4.0394996130000065,9.24143,-4.7201,-2.14618,-0.12882,0.09645,-0.27698,10.43799,-0.35619,-2.5546,-0.21984,0.04541,-0.35123,170.947,14800.559,23499.0
4.044499613000006,9.25218,-4.74182,-2.15988,-0.13155,0.10286,-0.28357,10.50541,-0.53429,-2.61803,-0.22559,0.04819,-0.35748,170.986,14809.0,23474.237
4.049499613000006,9.26293,-4.76355,-2.17358,-0.13427,0.10927,-0.29017,10.57283,-0.7124,-2.68146,-0.23133,0.05097,-0.36372,171.03,14809.0,23446.241
4.054499613000007,9.27369,-4.78527,-2.18727,-0.137,0.11568,-0.29676,10.57283,-0.71933,-2.63555,-0.23251,0.0501,-0.37943,171.035,14988.22,23443.0
4.059499613000007,9.28444,-4.80699,-2.20097,-0.13972,0.1221,-0.30335,10.56399,-0.70386,-2.57532,-0.23309,0.04876,-0.39638,171.035,15190.905,23443.0
4.064499613000007,9.29425,-4.81088,-2.2035,-0.14291,0.12324,-0.3194,10.55515,-0.68838,-2.51509,-0.23367,0.04741,-0.41333,171.074,15217.0,23382.491
4.069499613000007,9.30393,-4.81213,-2.20437,-0.14618,0.1236,-0.33685,10.54632,-0.6729,-2.45486,-0.23424,0.04607,-0.43028,171.118,15217.0,23313.041
4.074499613000007,9.31361,-4.81339,-2.20524,-0.14944,0.12397,-0.35429,10.53748,-0.65742,-2.39463,-0.23482,0.04473,-0.44723,171.123,15374.832,23305.0
4.0794996130000065,9.32329,-4.81464,-2.20612,-0.1527,0.12433,-0.37174,10.52865,-0.64194,-2.3344,-0.2354,0.04339,-0.46418,171.123,15553.333,23305.0
4.084499613000006,9.32777,-4.77769,-2.16398,-0.15596,0.12469,-0.38919,10.51981,-0.62646,-2.27417,-0.23598,0.04204,-0.48113,171.162,15574.0,23330.203
4.089499613000006,9.33158,-4.73574,-2.11621,-0.15922,0.12506,-0.40663,10.51097,-0.61098,-2.21394,-0.23656,0.0407,-0.49807,171.206,15574.0,23358.706
4.094499613000006,9.33539,-4.69379,-2.06845,-0.16249,0.12542,-0.42408,10.50214,-0.5955,-2.15371,-0.23713,0.03936,-0.51502,171.25,15712.903,23362.0
4.099499613000007,9.33919,-4.65183,-2.02068,-0.16575,0.12579,-0.44153,10.4933,-0.58002,-2.09348,-0.23771,0.03801,-0.53197,171.294,15869.955,23362.0
4.104499613000007,9.343,-4.60988,-1.97291,-0.16657,0.11932,-0.45367,10.48369,-0.45844,-2.0246,-0.23522,0.03558,-0.54593,171.299,15888.0,23336.621
4.109499613000007,9.34681,-4.56793,-1.92514,-0.16707,0.11197,-0.46512,10.47398,-0.32308,-1.9546,-0.23232,0.03301,-0.55949,171.299,15888.0,23307.948
4.114499613000007,9.36057,-4.54888,-1.93545,-0.16758,0.10462,-0.47657,10.46427,-0.18772,-1.88459,-0.22943,0.03044,-0.57305,171.338,15871.058,23305.0
4.1194996130000066,9.37548,-4.53246,-1.95241,-0.16808,0.09727,-0.48802,10.45456,-0.05237,-1.81459,-0.22653,0.02786,-0.58662,171.382,15852.174,23305.0
4.1244996130000064,9.39039,-4.51603,-1.96937,-0.16859,0.08992,-0.49947,10.48379,-0.04664,-1.87492,-0.22364,0.02529,-0.60018,171.426,15850.0,23305.0
4.129499613000006,9.40529,-4.49961,-1.98634,-0.16909,0.08257,-0.51092,10.51809,-0.05778,-1.9522,-0.22074,0.02272,-0.61375,171.47,15850.0,23305.0
4.134499613000006,9.4202,-4.48319,-2.0033,-0.1696,0.07522,-0.52238,10.55239,-0.06892,-2.02949,-0.21785,0.02014,-0.62731,171.475,16040.527,23276.708
4.139499613000007,9.4351,-4.46676,-2.02026,-0.1701,0.06787,-0.53383,10.58668,-0.08006,-2.10677,-0.21495,0.01757,-0.64088,171.475,16255.703,23244.756
4.144499613000007,9.45001,-4.45034,-2.03723,-0.16521,0.0673,-0.55162,10.62098,-0.0912,-2.18406,-0.19776,0.02333,-0.67864,171.552,16281.0,23117.004
4.149499613000007,9.46492,-4.43392,-2.05419,-0.1596,0.06763,-0.57025,10.65528,-0.10233,-2.26135,-0.17866,0.03021,-0.71962,171.64,16281.0,22976.489
4.154499613000007,9.50663,-4.35454,-2.09203,-0.15399,0.06796,-0.58888,10.64055,-0.11565,-2.30214,-0.15957,0.03709,-0.7606,171.689,16460.903,22960.0
4.159499613000007,9.55192,-4.26679,-2.13266,-0.14837,0.06829,-0.60751,10.6193,-0.12925,-2.33809,-0.14047,0.04396,-0.80158,171.733,16664.722,22960.0
4.1644996130000065,9.5972,-4.17905,-2.17328,-0.14276,0.06862,-0.62614,10.59806,-0.14285,-2.37403,-0.13212,0.04737,-0.82498,133.087,16688.0,22795.862
4.169499613000006,9.64248,-4.0913,-2.2139,-0.13715,0.06895,-0.64478,10.57681,-0.15646,-2.40998,-0.12515,0.05032,-0.84612,89.452,16688.0,22610.561
4.174499613000006,9.63593,-4.07267,-2.21459,-0.12999,0.07192,-0.66034,10.55557,-0.17006,-2.44593,-0.11818,0.05328,-0.86726,84.452,19281.037,22589.0
4.179499613000006,9.62255,-4.06314,-2.21003,-0.12262,0.07523,-0.67549,10.53432,-0.18367,-2.48187,-0.1112,0.05623,-0.8884,84.54,22215.514,22589.0
4.184499613000007,9.60916,-4.05361,-2.20547,-0.11526,0.07855,-0.69065,10.51307,-0.19727,-2.51782,-0.10423,0.05919,-0.90954,84.628,22589.0,22394.929
4.189499613000007,9.59578,-4.04408,-2.20091,-0.10789,0.08186,-0.70581,10.49183,-0.21087,-2.55376,-0.09726,0.06215,-0.93068,84.716,22589.0,22172.555
4.194499613000007,9.5824,-4.03454,-2.19635,-0.10053,0.08518,-0.72096,10.48597,-0.16499,-2.54688,-0.09029,0.0651,-0.95181,84.765,20448.124,22147.0
4.199499613000007,9.56902,-4.02501,-2.19178,-0.09316,0.08849,-0.73612,10.4821,-0.11139,-2.53444,-0.08332,0.06806,-0.97295,84.808,18029.279,22147.0
4.2044996130000065,9.55564,-4.01548,-2.18722,-0.08579,0.09181,-0.75128,10.47824,-0.05779,-2.522,-0.07635,0.07101,-0.99409,84.891,17695.0,21814.357
4.209499613000006,9.54226,-4.00595,-2.18266,-0.07843,0.09512,-0.76643,10.47438,-0.00418,-2.50956,-0.06938,0.07397,-1.01523,84.98,17695.0,21428.373
4.214499613000006,9.52888,-3.99642,-2.1781,-0.07106,0.09844,-0.78159,10.47051,0.04942,-2.49712,-0.0624,0.07693,-1.03637,85.029,17955.512,21384.0
4.219499613000006,9.5155,-3.98689,-2.17353,-0.0637,0.10175,-0.79675,10.46665,0.10303,-2.48468,-0.05543,0.07988,-1.0575,85.073,18249.862,21384.0
4.224499613000007,9.54586,-3.95535,-2.17268,-0.06334,0.11757,-0.839,10.49675,0.24758,-2.52706,-0.06062,0.08917,-1.098,85.117,18284.0,20885.028
4.229499613000007,9.58195,-3.92092,-2.17231,-0.0639,0.13502,-0.88481,10.5313,0.40408,-2.57664,-0.0674,0.09929,-1.14103,85.161,18284.0,20320.594
4.234499613000007,9.61805,-3.88649,-2.17194,-0.06445,0.15248,-0.93062,10.56585,0.56057,-2.62621,-0.07419,0.10941,-1.18407,85.205,18410.421,20255.0
4.239499613000007,9.65414,-3.85206,-2.17157,-0.06501,0.16993,-0.97643,10.6004,0.71706,-2.67579,-0.08097,0.11952,-1.2271,85.249,18553.466,20255.0
4.2444996130000066,9.69024,-3.81763,-2.1712,-0.06557,0.18738,-1.02224,10.76782,0.87162,-2.76773,-0.09465,0.12371,-1.23494,85.254,18568.0,19524.387
4.2494996130000064,9.72633,-3.7832,-2.17084,-0.06613,0.20484,-1.06805,10.95027,1.02596,-2.86446,-0.10911,0.12722,-1.23879,85.254,18568.0,18711.143
4.254499613000006,9.97623,-3.84384,-2.28387,-0.0756,0.21448,-1.09629,11.13272,1.1803,-2.96119,-0.12356,0.13073,-1.24265,85.293,18721.546,18611.0
4.259499613000006,10.25616,-3.91783,-2.41284,-0.08631,0.22303,-1.12205,11.31517,1.33463,-3.05792,-0.13802,0.13424,-1.2465,85.337,18896.655,18611.0
4.264499613000007,10.53608,-3.99182,-2.54181,-0.09703,0.23159,-1.14782,11.49762,1.48897,-3.15465,-0.15248,0.13775,-1.25036,85.303,18917.0,18025.591
4.269499613000007,10.816,-4.06581,-2.67077,-0.10775,0.24014,-1.17358,11.68007,1.64331,-3.25138,-0.16694,0.14126,-1.25421,85.259,18917.0,17363.224
4.274499613000007,10.84888,-4.16043,-2.69027,-0.11847,0.24869,-1.19934,11.6975,1.50703,-3.16592,-0.1814,0.14477,-1.25806,85.254,18993.509,17287.0
4.279499613000007,10.84964,-4.25773,-2.69553,-0.12918,0.25724,-1.22511,11.69348,1.33296,-3.05677,-0.19585,0.14828,-1.26192,85.254,19079.967,17287.0
4.284499613000007,10.85039,-4.35504,-2.7008,-0.1399,0.26579,-1.25087,11.68946,1.15889,-2.94762,-0.21031,0.15179,-1.26577,85.254,19090.0,16702.084
4.2894996130000065,10.85114,-4.45234,-2.70606,-0.15062,0.27434,-1.27664,11.68544,0.98482,-2.83847,-0.22477,0.1553,-1.26963,85.254,19090.0,16040.383
4.294499613000006,10.85189,-4.54964,-2.71132,-0.16133,0.28289,-1.3024,11.68142,0.81075,-2.72932,-0.23923,0.15881,-1.27348,85.215,19525.52,15964.0
4.299499613000006,10.85265,-4.64694,-2.71659,-0.17205,0.29144,-1.32817,11.6774,0.63667,-2.62017,-0.25369,0.16232,-1.27734,85.171,20017.874,15964.0
4.304499613000006,10.86138,-4.68229,-2.63534,-0.1614,0.28033,-1.36842,11.67337,0.4626,-2.51102,-0.21229,0.14905,-1.33466,85.166,20075.0,15109.976
4.309499613000007,10.87116,-4.7095,-2.54275,-0.14795,0.26663,-1.41057,11.66935,0.28853,-2.40186,-0.16357,0.13359,-1.39901,85.166,20075.0,14143.858
4.314499613000007,10.88094,-4.73671,-2.45015,-0.1345,0.25293,-1.45273,11.68447,0.1744,-2.31394,-0.11485,0.11812,-1.46335,85.127,20587.456,14030.0
4.319499613000007,10.89072,-4.76392,-2.35755,-0.12105,0.23923,-1.49488,11.70215,0.06829,-2.22886,-0.06613,0.10265,-1.5277,85.083,21168.374,14030.0
4.324499613000007,10.9005,-4.79114,-2.26495,-0.10759,0.22553,-1.53704,11.71983,-0.03783,-2.14377,-0.05357,0.10063,-1.55201,85.039,21235.0,13570.718
4.3294996130000065,10.91029,-4.81835,-2.17236,-0.09414,0.21184,-1.57919,11.7375,-0.14394,-2.05868,-0.04569,0.10036,-1.57114,84.995,21235.0,13051.936
4.334499613000006,10.92007,-4.84556,-2.07976,-0.08069,0.19814,-1.62134,11.75518,-0.25006,-1.9736,-0.03782,0.10009,-1.59026,84.912,21588.502,12992.0
4.339499613000006,10.92985,-4.87277,-1.98716,-0.06724,0.18444,-1.6635,11.77286,-0.35618,-1.88851,-0.02994,0.09982,-1.60939,84.825,21988.18,12992.0
4.344499613000006,11.01861,-4.86286,-2.03214,-0.06451,0.18703,-1.71926,11.79053,-0.46229,-1.80343,-0.02206,0.09955,-1.62852,84.776,22034.0,11808.803
4.349499613000007,11.1176,-4.84814,-2.09494,-0.06317,0.19174,-1.77679,11.80821,-0.56841,-1.71834,-0.01419,0.09928,-1.64764,84.732,22034.0,10472.395
4.354499613000007,11.21658,-4.83342,-2.15774,-0.06182,0.19644,-1.83432,11.8236,-0.42014,-1.87157,-0.00631,0.09901,-1.66677,84.688,22449.335,10315.0
4.359499613000007,11.31557,-4.8187,-2.22053,-0.06048,0.20114,-1.89184,11.83867,-0.23791,-2.05661,0.00156,0.09874,-1.6859,84.644,22920.117,10315.0
4.364499613000007,11.41456,-4.80397,-2.28333,-0.05914,0.20584,-1.94937,11.85375,-0.05568,-2.24165,0.00944,0.09847,-1.70502,84.522,22974.0,9026.655
4.3694996130000066,11.51354,-4.78925,-2.34613,-0.0578,0.21055,-2.0069,11.86883,0.12656,-2.4267,0.01731,0.0982,-1.72415,84.391,22974.0,7571.794
4.3744996130000064,11.58787,-4.67469,-2.44029,-0.09312,0.22128,-2.06647,11.88391,0.30879,-2.61174,0.02519,0.09793,-1.74328,84.297,23139.556,7399.0
4.379499613000006,11.65888,-4.54668,-2.53869,-0.13338,0.23284,-2.12632,11.89899,0.49102,-2.79678,0.03306,0.09766,-1.7624,84.209,23327.426,7399.0
4.384499613000006,11.72989,-4.41866,-2.63708,-0.17363,0.24439,-2.18617,11.78214,0.57302,-2.8467,-0.03836,0.07539,-1.83458,84.121,23349.0,7399.0
4.389499613000006,11.80089,-4.29065,-2.73547,-0.21389,0.25594,-2.24602,11.64818,0.64201,-2.87909,-0.12006,0.05027,-1.91365,84.034,23349.0,7399.0
4.394499613000007,11.8719,-4.16263,-2.83386,-0.25415,0.26749,-2.30587,11.51422,0.71101,-2.91148,-0.20177,0.02515,-1.99271,83.907,23349.0,5895.62
4.399499613000007,11.94291,-4.03462,-2.93226,-0.29441,0.27905,-2.36572,11.38025,0.78,-2.94387,-0.28348,3e-05,-2.07177,83.775,23349.0,4196.964
4.404499613000007,12.01391,-3.9066,-3.03065,-0.33467,0.2906,-2.42557,11.20356,0.50819,-2.68487,-0.29552,-0.02548,-2.13884,83.682,23665.591,4000.0
4.409499613000007,12.08492,-3.77859,-3.12904,-0.37492,0.30215,-2.48542,11.02127,0.19167,-2.38765,-0.29842,-0.05105,-2.20434,83.594,24023.706,4000.0
4.4144996130000065,12.04498,-3.67153,-3.04059,-0.3852,0.29106,-2.54463,10.83898,-0.12484,-2.09043,-0.30132,-0.07661,-2.26984,83.506,24065.0,3406.414
4.419499613000006,11.99057,-3.5672,-2.92779,-0.39157,0.27702,-2.60375,10.65668,-0.44136,-1.7932,-0.30423,-0.10218,-2.33533,83.418,24065.0,2735.462
4.424499613000006,11.93616,-3.46287,-2.81498,-0.39794,0.26298,-2.66287,10.47439,-0.75787,-1.49598,-0.30713,-0.12774,-2.40083,83.33,24218.532,2658.0
4.429499613000006,11.88175,-3.35854,-2.70218,-0.40431,0.24894,-2.722,10.29209,-1.07439,-1.19876,-0.31003,-0.15331,-2.46633,83.243,24392.102,2658.0
4.434499613000007,12.07644,-3.37819,-2.56993,-0.41068,0.2349,-2.78112,10.37571,-1.01646,-1.06892,-0.31293,-0.17887,-2.53182,83.194,24412.0,1767.855
4.439499613000007,12.30337,-3.41389,-2.43517,-0.41705,0.22086,-2.84024,10.49377,-0.91005,-0.96075,-0.31584,-0.20444,-2.59732,83.15,24412.0,762.45
4.444499613000007,12.53031,-3.44959,-2.3004,-0.42342,0.20682,-2.89937,10.61182,-0.80364,-0.85258,-0.31874,-0.23,-2.66282,82.989,24413.33,643.0
4.449499613000007,12.75724,-3.48529,-2.16564,-0.42979,0.19278,-2.95849,10.72987,-0.69723,-0.74441,-0.32164,-0.25557,-2.72831,82.812,24414.84,643.0
4.4544996130000065,12.98418,-3.52099,-2.03088,-0.43616,0.17874,-3.01761,10.84793,-0.59082,-0.63624,-0.28411,-0.26806,-2.78354,82.715,24415.0,759.496
4.459499613000006,13.21112,-3.55668,-1.89611,-0.44253,0.1647,-3.07674,10.96598,-0.48441,-0.52808,-0.24179,-0.27901,-2.83755,82.627,24415.0,889.773
4.464499613000006,13.43805,-3.59238,-1.76135,-0.43029,0.13603,-3.13932,11.08403,-0.378,-0.41991,-0.19947,-0.28996,-2.89155,82.461,24048.517,905.0
4.469499613000006,13.66499,-3.62808,-1.62658,-0.4156,0.10542,-3.20236,11.20208,-0.27158,-0.31174,-0.15716,-0.30091,-2.94556,82.283,23633.532,905.0
4.474499613000007,13.9211,-3.57691,-1.65779,-0.40091,0.07482,-3.2654,11.31837,0.49306,-0.73671,-0.11484,-0.31186,-2.99957,82.187,23592.0,905.0
4.479499613000007,14.18046,-3.51608,-1.70747,-0.38621,0.04421,-3.32844,11.43446,1.3309,-1.22097,-0.07253,-0.32281,-3.05358,82.1,23592.0,905.0
4.484499613000007,14.43981,-3.45525,-1.75714,-0.37152,0.01361,-3.39148,11.55055,2.16875,-1.70523,-0.03021,-0.33376,-3.10758,81.857,23592.0,786.139
4.489499613000007,14.69917,-3.39442,-1.80681,-0.35683,-0.017,-3.45451,11.66665,3.00659,-2.18949,0.01211,-0.34471,-3.16159,81.593,23592.0,651.535
4.4944996130000066,14.95853,-3.33359,-1.85648,-0.34213,-0.0476,-3.51755,11.58389,3.3372,-2.3978,-0.01088,-0.32003,-3.13663,81.407,21876.466,636.0
4.4994996130000064,15.21788,-3.27276,-1.90615,-0.32744,-0.07821,-3.58059,11.47519,3.60163,-2.57011,-0.04239,-0.29069,-3.10136,81.231,19937.107,636.0
4.504499613000006,15.47724,-3.21193,-1.95582,-0.31275,-0.10881,-3.64363,11.36649,3.86605,-2.74241,-0.07389,-0.26136,-3.06609,81.133,19712.0,499.453
4.509499613000006,15.7366,-3.1511,-2.00549,-0.29805,-0.13942,-3.70667,11.25779,4.13048,-2.91472,-0.1054,-0.23202,-3.03082,81.044,19712.0,344.975
4.514499613000006,15.39026,-3.55,-1.82247,-0.29041,-0.0759,-3.63829,11.14909,4.39491,-3.08703,-0.13691,-0.20268,-2.99555,80.878,17095.959,329.0
4.519499613000007,14.97406,-4.00192,-1.61261,-0.28357,-0.00153,-3.55474,11.04039,4.65934,-3.25934,-0.16841,-0.17335,-2.96028,80.704,14178.175,329.0
4.524499613000007,14.55785,-4.45385,-1.40276,-0.27674,0.07283,-3.4712,10.93169,4.92376,-3.43164,-0.19992,-0.14401,-2.92501,80.489,13843.0,279.878
4.529499613000007,14.14165,-4.90577,-1.1929,-0.2699,0.1472,-3.38765,10.823,5.18819,-3.60395,-0.23143,-0.11468,-2.88974,80.269,13843.0,224.381
4.534499613000007,13.5463,-5.04878,-1.20964,-0.25411,0.1761,-3.33212,10.7143,5.45262,-3.77626,-0.26294,-0.08534,-2.85448,80.05,8895.02,218.0
4.5394996130000065,12.92767,-5.15166,-1.25581,-0.23715,0.19908,-3.28022,10.6056,5.71704,-3.94857,-0.29444,-0.056,-2.81921,79.83,3304.224,218.0
4.544499613000006,12.30905,-5.25453,-1.30198,-0.22019,0.22207,-3.22833,9.96195,5.35265,-3.86182,-0.28141,-0.01728,-2.68746,79.65,2658.0,218.0
4.549499613000006,11.69042,-5.35741,-1.34815,-0.20323,0.24505,-3.17643,9.24838,4.90607,-3.74121,-0.26257,0.02266,-2.54311,79.474,2658.0,218.0
4.554499613000006,11.07179,-5.46029,-1.39433,-0.18627,0.26804,-3.12454,8.53482,4.4595,-3.6206,-0.24372,0.06261,-2.39875,79.259,2658.0,199.931
4.559499613000007,10.45316,-5.56316,-1.4405,-0.16931,0.29103,-3.07264,7.82126,4.01292,-3.49999,-0.22487,0.10256,-2.2544,79.039,2658.0,179.362
4.564499613000007,9.83454,-5.66604,-1.48667,-0.15235,0.31401,-3.02075,7.10769,3.56634,-3.37938,-0.20602,0.14251,-2.11005,78.975,1500.06,177.0
4.569499613000007,9.21591,-5.76892,-1.53285,-0.13539,0.337,-2.96886,6.39413,3.11977,-3.25877,-0.18717,0.18245,-1.96569,78.931,191.907,177.0
4.574499613000007,8.59728,-5.87179,-1.57902,-0.11843,0.35998,-2.91696,5.35651,4.18969,-3.32605,-0.30073,0.26123,-1.60151,78.887,42.0,167.262
4.5794996130000065,7.97866,-5.97467,-1.62519,-0.10147,0.38297,-2.86507,4.27695,5.45588,-3.41765,-0.43143,0.34503,-1.20888,78.843,42.0,156.263
4.584499613000006,5.96806,-7.31311,-1.04633,-0.11578,0.40851,-2.49789,3.19739,6.72207,-3.50926,-0.56212,0.42883,-0.81625,78.799,56.164,155.0
4.589499613000006,3.77694,-8.81179,-0.38642,-0.13414,0.43437,-2.08983,2.11783,7.98826,-3.60086,-0.69282,0.51264,-0.42362,78.755,72.164,155.0
4.594499613000006,3.38673,-8.86374,-0.31014,-0.15251,0.46024,-1.68177,2.08788,7.87083,-3.50027,-0.82352,0.59644,-0.03099,78.711,74.0,224.445
4.599499613000006,3.22996,-8.72815,-0.30952,-0.17087,0.48611,-1.2737,2.19399,7.57404,-3.37478,-0.95421,0.68024,0.36164,78.667,74.0,302.893
4.604499613000007,3.0732,-8.59256,-0.3089,-0.18924,0.51198,-0.86564,2.30011,7.27726,-3.24928,-0.91611,0.69999,0.48989,78.662,91.231,312.0
4.609499613000007,2.91644,-8.45697,-0.30827,-0.20761,0.53784,-0.45758,2.40622,6.98047,-3.12379,-0.85583,0.71132,0.5834,78.662,110.726,312.0
4.614499613000007,2.75967,-8.32139,-0.30765,-0.22597,0.56371,-0.04951,2.51233,6.68368,-2.99829,-0.79556,0.72266,0.67692,78.701,113.0,344.268
4.6194996130000066,2.60291,-8.1858,-0.30703,-0.24434,0.58958,0.35855,2.61844,6.3869,-2.8728,-0.73528,0.73399,0.77044,78.745,113.0,380.798
4.6244996130000064,2.44615,-8.05021,-0.30641,-0.2145,0.60006,0.5024,2.72456,6.09011,-2.7473,-0.675,0.74533,0.86395,78.789,64.44,385.0
4.629499613000006,2.28938,-7.91463,-0.30578,-0.1784,0.60854,0.6119,2.83067,5.79332,-2.62181,-0.61473,0.75666,0.95747,78.833,9.567,385.0
4.634499613000006,2.28129,-7.54667,-0.45615,-0.1423,0.61703,0.72141,2.67967,4.6837,-2.32964,-0.55445,0.768,1.05099,78.838,3.0,853.347
4.639499613000006,2.2934,-7.14713,-0.62704,-0.1062,0.62551,0.83092,2.49372,3.46357,-2.0148,-0.49418,0.77933,1.14451,78.838,3.0,1385.37
4.644499613000007,2.30552,-6.74758,-0.79793,-0.07011,0.63399,0.94042,2.30777,2.24343,-1.69997,-0.4339,0.79067,1.23802,78.838,2.558,1447.0
4.649499613000007,2.31764,-6.34803,-0.96883,-0.03401,0.64247,1.04993,2.12182,1.0233,-1.38514,-0.37363,0.802,1.33154,78.838,2.058,1447.0
4.654499613000007,2.32975,-5.94849,-1.13972,0.00209,0.65096,1.15943,2.12679,1.03212,-1.24487,-0.29945,0.77817,1.44608,78.877,2.0,1447.0
4.659499613000007,2.34187,-5.54894,-1.31061,0.03819,0.65944,1.26894,2.15664,1.20105,-1.12733,-0.22347,0.74976,1.56336,78.921,2.0,1447.0
4.6644996130000065,2.35398,-5.1494,-1.48151,0.07429,0.66792,1.37845,2.18648,1.36998,-1.0098,-0.14749,0.72135,1.68064,78.926,2.0,1714.845
4.669499613000006,2.3661,-4.74985,-1.6524,0.11039,0.6764,1.48795,2.21632,1.5389,-0.89226,-0.0715,0.69294,1.79792,78.926,2.0,2017.738
4.674499613000006,2.4828,-4.81804,-1.84657,0.20262,0.59758,1.70963,2.24617,1.70783,-0.77473,0.00448,0.66453,1.9152,78.965,2.442,2053.0
4.679499613000006,2.61329,-4.94786,-2.04381,0.30225,0.50726,1.94608,2.27601,1.87676,-0.65719,0.08046,0.63612,2.03248,79.009,2.942,2053.0
4.684499613000007,2.74377,-5.07767,-2.24105,0.40188,0.41693,2.18253,2.30585,2.04568,-0.53966,0.15645,0.60771,2.14976,79.053,3.0,2717.573
4.689499613000007,2.87426,-5.20749,-2.43829,0.50151,0.3266,2.41898,2.3357,2.21461,-0.42213,0.23243,0.5793,2.26704,79.096,3.0,3468.849
4.694499613000007,2.99424,-5.27368,-2.5105,0.58526,0.23314,2.56798,2.3064,2.42841,-0.36379,0.30762,0.55527,2.3761,79.14,2.558,3556.0
4.699499613000007,3.11285,-5.33153,-2.56632,0.66692,0.13927,2.70551,2.26934,2.6481,-0.31323,0.38271,0.53181,2.48409,79.184,2.057,3556.0
4.7044996130000065,3.23145,-5.38938,-2.62213,0.74859,0.0454,2.84303,2.23228,2.86779,-0.26267,0.4578,0.50836,2.59208,79.228,2.0,5338.774
4.709499613000006,3.35006,-5.44722,-2.67794,0.83025,-0.04848,2.98055,2.19522,3.08747,-0.2121,0.53289,0.4849,2.70007,79.272,2.0,7352.744
4.714499613000006,3.46866,-5.50507,-2.73376,0.91191,-0.14235,3.11807,2.32943,2.97511,-0.20658,0.60797,0.46145,2.80806,79.316,2.442,7585.0
4.719499613000006,3.58727,-5.56292,-2.78957,0.99358,-0.23622,3.2556,2.48596,2.81946,-0.20694,0.68306,0.438,2.91605,79.36,2.941,7585.0
4.724499613000006,3.70587,-5.62076,-2.84538,1.07524,-0.3301,3.39312,2.64249,2.6638,-0.20729,0.75815,0.41454,3.02404,79.365,3.0,7807.244
4.729499613000007,3.82448,-5.67861,-2.9012,1.1569,-0.42397,3.53064,2.79903,2.50815,-0.20765,0.83324,0.39109,3.13203,79.365,3.0,8059.018
4.734499613000007,4.40827,-5.28551,-2.9679,1.14211,-0.44565,3.60147,2.95556,2.3525,-0.208,0.90832,0.36763,3.24002,79.404,3.445,8086.0
4.739499613000007,5.04791,-4.83828,-3.03591,1.11574,-0.45867,3.66429,3.11209,2.19685,-0.20835,0.98341,0.34418,3.34801,79.448,3.943,8086.0
4.7444996130000066,5.68754,-4.39105,-3.10392,1.08937,-0.47169,3.72711,3.26862,2.0412,-0.20871,1.01763,0.2741,3.48257,79.492,4.0,8719.402
4.7494996130000064,6.32717,-3.94382,-3.17193,1.063,-0.48471,3.78993,3.42515,1.88554,-0.20906,1.04651,0.19793,3.62059,79.536,4.0,9435.447
4.754499613000006,6.70891,-3.9166,-3.17916,1.03663,-0.49773,3.85275,3.571,2.15656,-0.31797,1.07539,0.12177,3.75861,79.541,4.0,9524.0
4.759499613000006,7.05426,-3.94865,-3.1778,1.01025,-0.51075,3.91557,3.71533,2.48778,-0.44219,1.10428,0.0456,3.89663,79.541,4.0,9524.0
4.764499613000006,7.3996,-3.98069,-3.17645,0.98388,-0.52377,3.97839,3.85967,2.819,-0.56642,1.07412,0.02562,3.97243,79.58,3.117,9524.0
4.769499613000007,7.74494,-4.01274,-3.17509,0.95751,-0.53679,4.04121,4.00401,3.15023,-0.69065,1.03622,0.01301,4.04006,79.624,2.119,9524.0
4.774499613000007,8.09029,-4.04479,-3.17374,0.92544,-0.53928,4.11077,4.14835,3.48145,-0.81487,0.99832,0.0004,4.1077,79.668,2.0,10034.346
4.779499613000007,8.43563,-4.07683,-3.17239,0.8926,-0.54034,4.18124,4.29268,3.81267,-0.9391,0.96041,-0.01221,4.17533,79.712,2.0,10613.437
4.784499613000007,8.78098,-4.10888,-3.17103,0.85977,-0.54141,4.25171,4.43702,4.1439,-1.06332,0.92251,-0.02482,4.24297,79.717,3.327,10680.0
4.7894996130000065,9.12632,-4.14093,-3.16968,0.82693,-0.54248,4.32218,4.58136,4.47512,-1.18755,0.88461,-0.03743,4.3106,79.717,4.827,10680.0
4.794499613000006,9.62459,-4.34637,-3.1746,0.79409,-0.54355,4.39265,5.0449,4.49438,-1.35216,0.84671,-0.05004,4.37823,79.756,5.0,10780.835
4.799499613000006,10.14274,-4.57437,-3.18035,0.76125,-0.54462,4.46312,5.54995,4.47307,-1.52202,0.80881,-0.06265,4.44587,79.8,5.0,10894.785
4.804499613000006,10.66089,-4.80237,-3.18609,0.72842,-0.54569,4.53359,6.055,4.45176,-1.69188,0.7709,-0.07526,4.5135,79.843,3.681,10908.0
4.809499613000006,11.17904,-5.03037,-3.19183,0.69558,-0.54676,4.60406,6.56006,4.43045,-1.86174,0.733,-0.08787,4.58114,79.887,2.19,10908.0
4.814499613000007,11.6972,-5.25837,-3.19757,0.66274,-0.54783,4.67453,7.06511,4.40913,-2.0316,0.6951,-0.10048,4.64877,79.931,2.0,11052.057
4.819499613000007,12.21535,-5.48637,-3.20331,0.6299,-0.54889,4.745,7.57016,4.38782,-2.20146,0.6572,-0.11309,4.7164,79.975,2.0,11217.121
4.824499613000007,12.7335,-5.71436,-3.20905,0.59707,-0.54996,4.81547,8.02494,4.16239,-2.46419,0.63045,-0.10394,4.75036,79.98,2.443,11236.0
4.8294996130000065,13.25165,-5.94236,-3.2148,0.56423,-0.55103,4.88594,8.47322,3.9106,-2.73891,0.60514,-0.09198,4.77997,79.98,2.942,11236.0
4.834499613000006,13.82786,-5.6683,-3.30642,0.5414,-0.52627,4.90571,8.9215,3.65881,-3.01363,0.57983,-0.08002,4.80958,80.019,3.0,11299.872
4.839499613000006,14.41161,-5.32898,-3.4092,0.51987,-0.49814,4.91888,9.36978,3.40702,-3.28835,0.55452,-0.06806,4.8392,80.064,3.0,11372.048
4.844499613000006,14.99536,-4.98965,-3.51198,0.49834,-0.47002,4.93205,9.81806,3.15523,-3.56307,0.52921,-0.0561,4.86881,80.068,3.444,11380.0
4.849499613000006,15.57911,-4.65033,-3.61477,0.47681,-0.44189,4.94522,10.26634,2.90344,-3.83779,0.5039,-0.04414,4.89842,80.068,3.943,11380.0
4.854499613000007,16.16286,-4.311,-3.71755,0.45528,-0.41377,4.9584,10.82716,3.36547,-4.22224,0.40789,-0.03055,4.88603,80.068,4.0,11317.156
4.859499613000007,16.74661,-3.97167,-3.82033,0.43375,-0.38565,4.97157,11.40259,3.92011,-4.62092,0.30272,-0.01675,4.8682,80.068,4.0,11246.158
4.864499613000007,17.46939,-3.59071,-3.804,0.24104,-0.25349,4.9385,11.97802,4.47476,-5.01961,0.19754,-0.00295,4.85037,80.107,4.0,11238.0
4.8694996130000066,18.21022,-3.20435,-3.7722,0.0261,-0.10782,4.89942,12.55345,5.02941,-5.41829,0.09236,0.01085,4.83254,80.151,4.0,11238.0
4.8744996130000064,18.95105,-2.81798,-3.7404,-0.18883,0.03785,4.86034,12.69565,5.12992,-5.42461,-0.01282,0.02465,4.81471,80.195,4.0,11425.455
4.879499613000006,19.69187,-2.43161,-3.70861,-0.40376,0.18351,4.82126,12.78133,5.1712,-5.37976,-0.118,0.03845,4.79687,80.239,4.0,11637.361
4.884499613000006,19.76631,-2.31604,-3.69744,-0.49554,0.21269,4.77568,12.86702,5.21248,-5.3349,-0.22318,0.05225,4.77904,80.244,3.559,11662.0
4.889499613000006,19.75308,-2.2361,-3.68898,-0.57111,0.22655,4.72925,12.95271,5.25375,-5.29004,-0.32836,0.06605,4.76121,80.244,3.06,11662.0
4.894499613000007,19.73984,-2.15615,-3.68053,-0.64669,0.24041,4.68281,13.0384,5.29503,-5.24519,-0.43353,0.07985,4.74338,80.283,3.0,11753.699
4.899499613000007,19.7266,-2.07621,-3.67208,-0.72226,0.25426,4.63638,13.12409,5.33631,-5.20033,-0.53871,0.09365,4.72555,80.327,3.0,11857.948
4.904499613000007,19.71337,-1.99627,-3.66362,-0.79783,0.26812,4.58994,13.20978,5.37759,-5.15547,-0.64137,0.06456,4.66375,80.409,2.119,11870.0
4.909499613000007,19.70013,-1.91632,-3.65517,-0.87341,0.28197,4.54351,13.29546,5.41887,-5.11062,-0.74369,0.02987,4.5962,80.497,1.122,11870.0
4.9144996130000065,19.61017,-1.6286,-3.56449,-0.94898,0.29583,4.49708,13.30528,4.90362,-4.74553,-0.84602,-0.00482,4.52866,80.547,1.0,11870.0
4.919499613000006,19.50949,-1.31185,-3.46232,-1.02456,0.30968,4.45064,13.3045,4.31063,-4.3357,-0.94834,-0.03951,4.46112,80.591,1.0,11870.0
4.924499613000006,19.40881,-0.99509,-3.36016,-1.10013,0.32354,4.40421,13.30372,3.71763,-3.92587,-1.05067,-0.07421,4.39357,80.674,1.0,12344.541
4.929499613000006,19.30814,-0.67834,-3.25799,-1.17571,0.3374,4.35777,13.30293,3.12464,-3.51604,-1.15299,-0.1089,4.32603,80.761,1.0,12880.694
4.934499613000006,19.20746,-0.36159,-3.15583,-1.14013,0.30186,4.21677,13.30215,2.53164,-3.10621,-1.25532,-0.14359,4.25849,80.849,2.328,12942.0
4.939499613000007,19.10678,-0.04483,-3.05366,-1.0902,0.25995,4.06357,13.30137,1.93864,-2.69638,-1.35764,-0.17828,4.19094,80.937,3.828,12942.0
4.944499613000007,19.0061,0.27192,-2.9515,-1.04027,0.21804,3.91036,13.30391,1.69713,-2.46546,-1.28878,-0.2104,4.01536,80.986,4.0,13135.612
4.949499613000007,18.90542,0.58867,-2.84933,-0.99034,0.17613,3.75716,13.30688,1.50127,-2.25777,-1.19768,-0.24218,3.82575,81.03,4.0,13354.367
4.9544996130000065,18.64463,1.23751,-2.79006,-0.94041,0.13421,3.60395,13.30986,1.3054,-2.05009,-1.10658,-0.27396,3.63614,81.074,3.114,13379.0
4.959499613000006,18.36353,1.92849,-2.73623,-0.89048,0.0923,3.45074,13.31283,1.10954,-1.84241,-1.01549,-0.30574,3.44653,81.118,2.115,13379.0
4.964499613000006,18.08242,2.61947,-2.6824,-0.84055,0.05039,3.29754,13.31581,0.91367,-1.63472,-0.92439,-0.33753,3.25692,81.201,2.0,13485.74
4.969499613000006,17.80131,3.31045,-2.62857,-0.79062,0.00848,3.14433,13.31878,0.71781,-1.42704,-0.83329,-0.36931,3.0673,81.288,2.0,13606.361
4.974499613000006,17.52021,4.00143,-2.57474,-0.74069,-0.03343,2.99113,13.32176,0.52194,-1.21936,-0.7422,-0.40109,2.87769,81.376,2.881,13621.0
4.979499613000007,17.2391,4.69241,-2.52091,-0.69076,-0.07535,2.83792,13.32473,0.32608,-1.01167,-0.6511,-0.43287,2.68808,81.464,3.884,13621.0
4.984499613000007,17.23799,5.3375,-2.32117,-0.57826,-0.14941,2.54513,13.11732,0.39707,-0.89497,-0.48138,-0.44009,2.34345,81.475,4.0,13811.315
4.989499613000007,17.27337,5.97662,-2.10242,-0.4576,-0.22767,2.23416,12.88249,0.50284,-0.79014,-0.30142,-0.44411,1.97861,81.475,4.0,14026.435
4.9944996130000066,17.30875,6.61573,-1.88366,-0.33694,-0.30592,1.92318,12.64766,0.60861,-0.6853,-0.12145,-0.44812,1.61378,81.475,3.557,14051.0
4.9994996130000064,17.34413,7.25484,-1.66491,-0.21628,-0.38418,1.6122,12.41283,0.71438,-0.58046,0.05852,-0.45214,1.24894,81.475,3.057,14051.0
5.004499613000006,17.37951,7.89395,-1.44616,-0.09562,-0.46244,1.30122,12.178,0.82015,-0.47562,0.23849,-0.45616,0.8841,81.436,3.0,15540.805
5.009499613000006,17.41489,8.53306,-1.22741,0.02503,-0.54069,0.99024,11.94316,0.92592,-0.37078,0.41845,-0.46018,0.51927,81.392,3.0,17223.68
5.014499613000006,17.45027,9.17217,-1.00866,0.14569,-0.61895,0.67926,13.51199,0.31548,0.20073,0.54125,-0.43628,0.27056,81.387,3.0,17417.0
5.019499613000006,17.48565,9.81128,-0.7899,0.26635,-0.6972,0.36829,15.31491,-0.38792,0.8328,0.65663,-0.40877,0.03692,81.387,3.0,17417.0
5.024499613000007,17.85217,9.5651,-0.14547,0.40916,-0.70798,0.00878,17.11782,-1.09131,1.46488,0.77201,-0.38125,-0.19672,81.387,3.0,20244.571
5.029499613000007,18.26268,9.20131,0.55552,0.5549,-0.7098,-0.35718,18.92073,-1.7947,2.09695,0.88738,-0.35373,-0.43036,81.387,3.0,23447.784
5.034499613000007,18.6732,8.83753,1.2565,0.70065,-0.71161,-0.72313,17.97677,-1.72565,1.85392,1.00276,-0.32622,-0.664,81.309,3.886,23814.0
5.0394996130000065,19.08371,8.47374,1.95749,0.8464,-0.71343,-1.08908,16.67823,-1.55688,1.49793,1.11814,-0.2987,-0.89764,81.221,4.886,23814.0
5.044499613000006,19.49422,8.10995,2.65848,0.99215,-0.71525,-1.45504,15.37968,-1.38811,1.14193,1.23352,-0.27119,-1.13127,81.172,5.0,24243.2
5.049499613000006,19.90474,7.74616,3.35946,1.1379,-0.71706,-1.82099,14.08114,-1.21934,0.78594,1.3489,-0.24367,-1.36491,81.128,5.0,24727.636
5.054499613000006,17.19912,4.30628,3.31,1.00554,-0.57755,-1.89461,12.78259,-1.05057,0.42995,1.46428,-0.21615,-1.59855,81.007,4.558,24783.0
5.059499613000006,14.09141,0.46949,3.16371,0.83731,-0.4198,-1.93052,11.48405,-0.88181,0.07396,1.57965,-0.18864,-1.83219,80.875,4.06,24783.0
5.064499613000007,10.98371,-3.36731,3.01742,0.66907,-0.26205,-1.96642,10.1855,-0.71304,-0.28204,1.31156,-0.14866,-1.84129,80.743,4.0,25196.967
5.069499613000007,7.876,-7.2041,2.87113,0.50083,-0.1043,-2.00232,8.88696,-0.54427,-0.63803,0.99131,-0.10699,-1.81986,80.611,4.0,25667.233
5.074499613000007,7.70442,-7.47928,2.4778,0.3326,0.05345,-2.03822,9.22133,-0.32176,-1.22673,0.67106,-0.06532,-1.79842,80.518,3.114,25721.0
5.0794996130000065,7.91187,-7.29467,2.05258,0.16436,0.2112,-2.07412,9.7665,-0.09232,-1.84547,0.35082,-0.02366,-1.77699,80.43,2.114,25721.0
5.084499613000006,8.11933,-7.11007,1.62736,-0.00388,0.36895,-2.11003,10.31166,0.13712,-2.46422,0.03057,0.01801,-1.75556,80.264,2.0,25771.501
5.089499613000006,8.32678,-6.92547,1.20214,-0.17211,0.5267,-2.14593,10.85683,0.36656,-3.08296,-0.28968,0.05968,-1.73412,80.088,2.0,25828.484
5.094499613000006,8.53424,-6.74086,0.77692,-0.34035,0.68445,-2.18183,10.48909,-0.10917,-2.78859,-0.28006,0.04328,-1.71258,79.952,3.327,25835.0
5.099499613000006,8.74169,-6.55626,0.3517,-0.50859,0.8422,-2.21773,10.00348,-0.67595,-2.37633,-0.22785,0.01939,-1.69103,79.82,4.826,25835.0
5.104499613000007,8.94914,-6.37165,-0.07352,-0.47273,0.76454,-2.18917,9.51786,-1.24273,-1.96407,-0.17564,-0.00451,-1.66947,79.727,5.0,25989.752
5.109499613000007,9.1566,-6.18705,-0.49874,-0.41004,0.65594,-2.15213,9.03225,-1.80951,-1.5518,-0.12343,-0.02841,-1.64792,79.639,5.0,26164.85
5.114499613000007,8.86483,-6.37394,-1.01844,-0.34735,0.54734,-2.11509,8.54664,-2.37628,-1.13954,-0.07122,-0.05231,-1.62637,79.551,3.23,26185.0
5.1194996130000066,8.50814,-6.60915,-1.55042,-0.28466,0.43873,-2.07805,8.06102,-2.94306,-0.72728,-0.019,-0.07621,-1.60481,79.463,1.23,26185.0
5.1244996130000064,8.15146,-6.84435,-2.0824,-0.22197,0.33013,-2.04101,7.57541,-3.50984,-0.31502,0.03321,-0.1001,-1.58326,79.336,1.0,26153.579
5.129499613000006,7.79477,-7.07956,-2.61439,-0.15928,0.22153,-2.00397,7.0898,-4.07662,0.09725,0.08542,-0.124,-1.5617,79.205,1.0,26118.072
5.134499613000006,7.43808,-7.31476,-3.14637,-0.09659,0.11292,-1.96693,7.19688,-3.46956,-0.46018,0.05935,-0.11496,-1.54892,79.151,1.0,26114.0
5.139499613000006,7.08139,-7.54997,-3.67836,-0.0339,0.00432,-1.92989,7.38072,-2.71047,-1.1432,0.02314,-0.10166,-1.53729,79.107,1.0,26114.0
5.144499613000006,7.38497,-7.43624,-3.4604,-0.03737,0.01892,-1.86503,7.56457,-1.95138,-1.82623,-0.01307,-0.08835,-1.52565,79.062,2.336,26141.62
5.149499613000007,7.77432,-7.2772,-3.14502,-0.04945,0.04953,-1.79656,7.74842,-1.19228,-2.50925,-0.04927,-0.07505,-1.51401,79.018,3.847,26172.828
5.154499613000007,8.16367,-7.11815,-2.82963,-0.06152,0.08013,-1.72808,7.96416,-0.12874,-2.73579,-0.08548,-0.06174,-1.50237,79.053,2.662,26176.0
5.159499613000007,8.55302,-6.9591,-2.51425,-0.07359,0.11073,-1.65961,8.18351,0.96924,-2.91068,-0.12169,-0.04843,-1.49073,79.096,1.173,26176.0
5.1644996130000065,8.94236,-6.80005,-2.19887,-0.08566,0.14134,-1.59113,8.40286,2.06722,-3.08558,-0.15789,-0.03513,-1.47909,79.219,1.0,26060.703
5.169499613000006,9.33171,-6.641,-1.88349,-0.09773,0.17194,-1.52266,8.62221,3.1652,-3.26048,-0.1941,-0.02182,-1.46745,79.352,1.0,25930.258
5.174499613000006,9.72106,-6.48195,-1.5681,-0.1098,0.20255,-1.45418,8.84156,4.26318,-3.43538,-0.23031,-0.00852,-1.45581,79.443,331.629,25917.0
5.179499613000006,10.11041,-6.3229,-1.25272,-0.12187,0.23315,-1.38571,9.06091,5.36116,-3.61027,-0.26651,0.00479,-1.44417,79.53,699.662,25917.0
5.184499613000006,10.15194,-6.241,-1.48344,-0.14828,0.21172,-1.21016,9.28026,6.45914,-3.78517,-0.32563,0.0202,-1.32708,79.58,745.0,25880.89
5.189499613000007,10.1446,-6.16994,-1.79088,-0.1767,0.18297,-1.01957,9.49961,7.55712,-3.96007,-0.38797,0.0359,-1.19518,79.624,745.0,25839.708
5.194499613000007,10.13726,-6.09887,-2.09833,-0.20512,0.15422,-0.82899,9.41764,6.32133,-3.72547,-0.45031,0.05161,-1.06328,79.668,1683.086,25835.0
5.199499613000007,10.12992,-6.02781,-2.40577,-0.23354,0.12547,-0.6384,9.29679,4.78433,-3.43801,-0.51265,0.06731,-0.93137,79.712,2742.243,25835.0
5.2044996130000065,10.12258,-5.95675,-2.71322,-0.26196,0.09673,-0.44781,9.17593,3.24734,-3.15056,-0.57499,0.08302,-0.79947,79.795,2864.0,25784.114
5.209499613000006,10.11524,-5.88569,-3.02067,-0.29038,0.06798,-0.25722,9.05508,1.71034,-2.8631,-0.63733,0.09872,-0.66757,79.882,2864.0,25726.619
5.214499613000006,9.81396,-5.92519,-2.84594,-0.28242,0.05564,-0.24806,8.93423,0.17335,-2.57565,-0.69967,0.11443,-0.53567,80.009,2864.0,25720.0
5.219499613000006,9.47443,-5.97908,-2.60847,-0.26972,0.04543,-0.26251,8.81337,-1.36365,-2.28819,-0.762,0.13013,-0.40377,80.141,2864.0,25720.0
5.224499613000006,9.13491,-6.03297,-2.37101,-0.25702,0.03522,-0.27696,8.86684,-1.69253,-1.92624,-0.69698,0.09943,-0.42689,80.195,3351.479,25720.0
5.229499613000007,8.79538,-6.08685,-2.13354,-0.24433,0.02501,-0.29141,8.94282,-1.86546,-1.55466,-0.61552,0.06274,-0.47003,80.239,3901.883,25720.0
5.234499613000007,8.45586,-6.14074,-1.89608,-0.23163,0.0148,-0.30586,9.01879,-2.0384,-1.18309,-0.53406,0.02605,-0.51317,80.322,4317.861,25535.822
5.239499613000007,8.11633,-6.19462,-1.65861,-0.21893,0.0046,-0.32031,9.09476,-2.21133,-0.81152,-0.4526,-0.01064,-0.55631,80.41,4716.427,25327.787
5.2444996130000066,8.18891,-6.10353,-1.60397,-0.20624,-0.00561,-0.33476,9.17073,-2.38427,-0.43995,-0.37114,-0.04734,-0.59945,80.498,4762.0,25453.23
5.2494996130000064,8.31469,-5.99371,-1.57293,-0.19354,-0.01582,-0.34921,9.24671,-2.5572,-0.06838,-0.28967,-0.08403,-0.64259,80.586,4762.0,25621.727
5.254499613000006,8.44047,-5.8839,-1.5419,-0.18084,-0.02603,-0.36366,9.32268,-2.73014,0.30319,-0.20821,-0.12072,-0.68573,80.674,5215.428,25641.0
5.259499613000006,8.56625,-5.77408,-1.51086,-0.16815,-0.03624,-0.3781,9.39865,-2.90307,0.67476,-0.12675,-0.15741,-0.72887,80.761,5727.42,25641.0
5.264499613000006,8.69203,-5.66427,-1.47983,-0.15545,-0.04644,-0.39255,9.42428,-2.22272,0.11487,-0.14396,-0.14516,-0.68802,80.81,5786.0,25461.707
5.269499613000006,8.81781,-5.55445,-1.44879,-0.14276,-0.05665,-0.407,9.4434,-1.43213,-0.56536,-0.17391,-0.12658,-0.63632,80.854,5786.0,25259.249
5.274499613000007,8.88232,-5.4525,-1.59396,-0.14545,-0.04489,-0.3796,9.46253,-0.64154,-1.24559,-0.20387,-0.108,-0.58462,80.937,6219.034,25236.0
5.279499613000007,8.93889,-5.35156,-1.76199,-0.15015,-0.03027,-0.34676,9.48165,0.14905,-1.92582,-0.23382,-0.08942,-0.53292,81.025,6708.247,25236.0
5.284499613000007,8.99545,-5.25062,-1.93003,-0.15485,-0.01565,-0.31393,9.50078,0.93965,-2.60605,-0.26377,-0.07084,-0.48122,81.074,6764.0,25248.472
5.2894996130000065,9.05201,-5.14969,-2.09806,-0.15954,-0.00104,-0.28109,9.5199,1.73024,-3.28628,-0.29373,-0.05227,-0.42952,81.118,6764.0,25262.548
5.294499613000006,9.10857,-5.04875,-2.26609,-0.16424,0.01358,-0.24826,9.66184,1.21995,-3.27833,-0.28971,-0.04119,-0.42771,81.162,7289.055,25264.0
5.299499613000006,9.16513,-4.94782,-2.43412,-0.16893,0.0282,-0.21542,9.81791,0.56,-3.19121,-0.28178,-0.03097,-0.43164,81.206,7874.515,25264.0
5.304499613000006,9.20775,-4.9195,-2.40698,-0.16495,0.04155,-0.22428,9.97398,-0.09995,-3.10409,-0.27385,-0.02076,-0.43557,81.25,7942.0,25439.225
5.309499613000006,9.24856,-4.90064,-2.3544,-0.15984,0.05475,-0.23857,10.13006,-0.7599,-3.01697,-0.26591,-0.01054,-0.4395,81.294,7942.0,25637.279
5.314499613000007,9.28937,-4.88178,-2.30183,-0.15472,0.06794,-0.25286,10.1423,-0.74202,-2.94472,-0.25798,-0.00033,-0.44343,81.338,7942.0,25660.0
5.319499613000007,9.33017,-4.86293,-2.24926,-0.14961,0.08113,-0.26716,10.13591,-0.63631,-2.8744,-0.25005,0.00989,-0.44736,81.382,7942.0,25660.0
5.324499613000007,9.37098,-4.84407,-2.19669,-0.14449,0.09432,-0.28145,10.12951,-0.5306,-2.80408,-0.24212,0.0201,-0.4513,81.426,8582.535,25660.0
5.3294996130000065,9.41179,-4.82521,-2.14412,-0.13938,0.10752,-0.29574,10.12312,-0.42489,-2.73375,-0.23419,0.03032,-0.45523,81.47,9306.887,25660.0
5.334499613000006,9.45259,-4.80636,-2.09155,-0.13426,0.12071,-0.31003,10.11673,-0.31918,-2.66343,-0.22626,0.04053,-0.45916,81.513,9390.0,25660.0
5.339499613000006,9.4934,-4.7875,-2.03898,-0.12915,0.1339,-0.32432,10.11034,-0.21347,-2.59311,-0.21833,0.05075,-0.46309,81.557,9390.0,25660.0
5.344499613000006,9.48773,-4.74838,-2.02589,-0.12561,0.13834,-0.32857,10.10378,-0.27007,-2.52473,-0.2113,0.05467,-0.47957,81.64,10127.206,25588.757
5.349499613000006,9.476,-4.70661,-2.01796,-0.12229,0.14163,-0.33152,10.09719,-0.34786,-2.4566,-0.2044,0.05776,-0.49769,81.728,10960.659,25508.214
5.354499613000006,9.46426,-4.66484,-2.01003,-0.11896,0.14492,-0.33446,10.09061,-0.42565,-2.38848,-0.19749,0.06086,-0.51581,81.777,11056.0,25408.913
5.359499613000007,9.45253,-4.62308,-2.0021,-0.11564,0.14821,-0.3374,10.08403,-0.50344,-2.32035,-0.19058,0.06396,-0.53394,81.822,11056.0,25307.189
5.364499613000007,9.44343,-4.62078,-1.98314,-0.11231,0.1515,-0.34034,10.07745,-0.58124,-2.25222,-0.18367,0.06706,-0.55206,81.944,11479.126,25297.0
5.3694996130000066,9.43462,-4.62288,-1.96295,-0.10898,0.15479,-0.34328,10.07087,-0.65903,-2.1841,-0.17676,0.07015,-0.57018,82.075,11949.35,25297.0
5.3744996130000064,9.42581,-4.62498,-1.94275,-0.10566,0.15808,-0.34622,10.06429,-0.73682,-2.11597,-0.16985,0.07325,-0.5883,82.129,12003.0,25070.272
5.379499613000006,9.417,-4.62708,-1.92256,-0.10233,0.16137,-0.34916,10.05771,-0.81461,-2.04784,-0.16294,0.07635,-0.60642,82.173,12003.0,24814.343
5.384499613000006,9.40819,-4.62918,-1.90237,-0.09901,0.16466,-0.35211,10.03718,-0.70617,-2.02835,-0.15988,0.07753,-0.61326,82.256,12844.04,24785.0
5.389499613000006,9.39938,-4.63128,-1.88218,-0.09568,0.16795,-0.35505,10.01485,-0.57361,-2.01515,-0.15732,0.07848,-0.61865,82.344,13793.995,24785.0
5.394499613000006,9.39057,-4.63338,-1.86199,-0.08316,0.17154,-0.3516,9.99252,-0.44105,-2.00195,-0.15475,0.07942,-0.62403,82.431,13900.0,24730.475
5.399499613000007,9.38176,-4.63548,-1.8418,-0.06947,0.17518,-0.34734,9.97019,-0.3085,-1.98875,-0.15219,0.08036,-0.62941,82.519,13900.0,24669.101
5.404499613000007,9.35,-4.62928,-1.80845,-0.06794,0.17167,-0.33858,9.94786,-0.17594,-1.97555,-0.14963,0.0813,-0.63479,82.607,13971.282,24662.0
5.409499613000007,9.31524,-4.622,-1.77338,-0.068,0.16722,-0.32922,9.92553,-0.04338,-1.96236,-0.14706,0.08224,-0.64017,82.694,14051.891,24662.0
5.4144996130000065,9.28047,-4.61472,-1.7383,-0.06807,0.16278,-0.31986,9.90319,0.08918,-1.94916,-0.1445,0.08318,-0.64555,82.782,14062.0,24451.061
5.419499613000006,9.24571,-4.60743,-1.70323,-0.06813,0.15833,-0.31051,9.88086,0.22174,-1.93596,-0.14194,0.08413,-0.65093,82.871,14062.0,24209.874
5.424499613000006,9.21094,-4.60015,-1.66816,-0.06819,0.15389,-0.30115,9.84613,0.36969,-1.8878,-0.14337,0.08012,-0.63645,82.997,14616.895,24182.0
5.429499613000006,9.17618,-4.59287,-1.63309,-0.06825,0.14945,-0.29179,9.80977,0.51965,-1.83508,-0.14532,0.07547,-0.61938,83.129,15244.298,24182.0
5.434499613000006,9.17326,-4.56584,-1.65362,-0.06831,0.145,-0.28243,9.77342,0.66961,-1.78235,-0.14728,0.07081,-0.60231,83.222,15318.0,24251.122
5.439499613000007,9.17458,-4.53618,-1.68155,-0.06837,0.14056,-0.27308,9.73706,0.81957,-1.72963,-0.14923,0.06616,-0.58524,83.311,15318.0,24329.445
5.444499613000007,9.1759,-4.50652,-1.70949,-0.06843,0.13611,-0.26372,9.70071,0.96954,-1.6769,-0.15119,0.06151,-0.56817,83.398,15228.303,24338.0
5.449499613000007,9.17722,-4.47686,-1.73742,-0.06849,0.13167,-0.25436,9.66435,1.1195,-1.62418,-0.15314,0.05686,-0.5511,83.486,15127.609,24338.0
5.4544996130000065,9.17854,-4.4472,-1.76535,-0.06855,0.12722,-0.245,9.68861,1.08395,-1.68917,-0.15234,0.05536,-0.54818,83.574,15116.0,24084.962
5.459499613000006,9.17987,-4.41754,-1.79328,-0.06861,0.12278,-0.23565,9.72077,1.02424,-1.7695,-0.15118,0.05427,-0.5471,83.661,15116.0,23798.951
5.464499613000006,9.1883,-4.42303,-1.78851,-0.06766,0.12203,-0.23331,9.75294,0.96452,-1.84983,-0.15002,0.05318,-0.54602,83.749,15502.721,23765.0
5.469499613000006,9.1977,-4.43325,-1.77933,-0.06658,0.12177,-0.23192,9.7851,0.9048,-1.93016,-0.14886,0.05209,-0.54494,83.838,15941.531,23765.0
5.474499613000006,9.2071,-4.44348,-1.77015,-0.0655,0.12151,-0.23054,9.81518,0.8206,-1.9132,-0.14769,0.051,-0.54386,83.925,15992.0,23765.0
5.479499613000006,9.21649,-4.45371,-1.76097,-0.06442,0.12125,-0.22915,9.84499,0.73322,-1.88359,-0.14653,0.04991,-0.54278,84.013,15992.0,23765.0
5.484499613000007,9.22589,-4.46393,-1.75179,-0.06334,0.12099,-0.22776,9.8748,0.64584,-1.85399,-0.14537,0.04882,-0.5417,84.14,15992.0,23666.742
5.489499613000007,9.23529,-4.47416,-1.74261,-0.06226,0.12074,-0.22637,9.90461,0.55846,-1.82438,-0.14421,0.04773,-0.54062,84.272,15992.0,23555.882
5.4944996130000066,9.24468,-4.48439,-1.73343,-0.06117,0.12048,-0.22498,9.93442,0.47108,-1.79477,-0.14305,0.04664,-0.53954,84.365,15992.0,23543.0
5.4994996130000064,9.25408,-4.49461,-1.72425,-0.06009,0.12022,-0.22359,9.96423,0.3837,-1.76517,-0.14189,0.04555,-0.53846,84.453,15992.0,23543.0
5.504499613000006,9.249,-4.54627,-1.71881,-0.06016,0.12068,-0.22816,9.99017,0.3383,-1.797,-0.14057,0.04593,-0.54259,84.541,16190.962,23418.926
5.509499613000006,9.24207,-4.60323,-1.71386,-0.06037,0.12123,-0.2335,10.01561,0.29829,-1.83672,-0.13923,0.0465,-0.54739,84.629,16415.453,23278.931
5.514499613000006,9.23513,-4.6602,-1.70891,-0.06058,0.12178,-0.23883,10.04105,0.25827,-1.87644,-0.13788,0.04707,-0.55218,84.678,16666.418,23263.0
5.519499613000006,9.22819,-4.71717,-1.70395,-0.0608,0.12233,-0.24417,10.0665,0.21826,-1.91616,-0.13654,0.04764,-0.55698,84.722,16920.783,23263.0
5.524499613000007,9.24328,-4.70015,-1.70673,-0.06101,0.12288,-0.2495,10.09194,0.17825,-1.95588,-0.13519,0.04821,-0.56178,84.843,16950.0,23244.875
5.529499613000007,9.26121,-4.67353,-1.71052,-0.06122,0.12343,-0.25484,10.11738,0.13823,-1.99559,-0.13385,0.04878,-0.56658,84.975,16950.0,23224.398
5.534499613000007,9.27915,-4.64691,-1.7143,-0.06144,0.12398,-0.26017,10.14283,0.09822,-2.03531,-0.13251,0.04935,-0.57138,85.068,16938.943,23222.0
5.5394996130000065,9.29709,-4.6203,-1.71809,-0.06165,0.12452,-0.2655,10.16827,0.05821,-2.07503,-0.13116,0.04992,-0.57618,85.156,16926.42,23222.0
5.544499613000006,9.31503,-4.59368,-1.72187,-0.06186,0.12507,-0.27084,10.172,0.06945,-2.09261,-0.13945,0.0545,-0.59416,85.205,16925.0,23176.787
5.549499613000006,9.33297,-4.56706,-1.72566,-0.06207,0.12562,-0.27617,10.17295,0.08724,-2.10735,-0.14897,0.05959,-0.61382,85.249,16925.0,23125.79
5.554499613000006,9.35091,-4.54044,-1.72944,-0.06682,0.13189,-0.29596,10.1739,0.10503,-2.1221,-0.15848,0.06469,-0.63349,85.332,17280.756,23120.0
5.559499613000006,9.36885,-4.51383,-1.73323,-0.07216,0.13888,-0.3176,10.17486,0.12282,-2.13685,-0.168,0.06978,-0.65316,85.42,17682.073,23120.0
5.564499613000006,9.37187,-4.51987,-1.70992,-0.07749,0.14588,-0.33923,10.17581,0.14062,-2.15159,-0.17751,0.07487,-0.67282,85.547,17728.0,22839.543
5.569499613000007,9.37296,-4.53013,-1.68312,-0.08282,0.15287,-0.36087,10.17676,0.15841,-2.16634,-0.18703,0.07996,-0.69249,85.678,17728.0,22522.842
5.574499613000007,9.37405,-4.54039,-1.65632,-0.08815,0.15987,-0.38251,10.21621,0.0323,-2.176,-0.19155,0.08859,-0.7331,85.732,17728.0,22487.0
5.5794996130000065,9.37514,-4.55065,-1.62952,-0.09348,0.16686,-0.40415,10.26058,-0.11218,-2.18501,-0.19542,0.09766,-0.77638,85.776,17728.0,22487.0
5.584499613000006,9.37623,-4.56092,-1.60272,-0.09677,0.1742,-0.44082,10.30495,-0.25666,-2.19402,-0.1993,0.10674,-0.81966,85.858,17861.503,22487.0
5.589499613000006,9.37732,-4.57118,-1.57592,-0.0998,0.18157,-0.47945,10.34931,-0.40114,-2.20303,-0.20317,0.11581,-0.86294,85.945,18012.268,22487.0
5.594499613000006,9.39296,-4.55541,-1.60857,-0.10283,0.18895,-0.51807,10.39368,-0.54562,-2.21204,-0.20705,0.12489,-0.90622,85.995,18257.149,22427.487
5.599499613000006,9.41092,-4.5355,-1.6507,-0.10585,0.19632,-0.55669,10.43805,-0.69009,-2.22105,-0.21092,0.13396,-0.9495,86.039,18517.036,22358.486
5.604499613000006,9.42888,-4.51558,-1.69284,-0.10888,0.2037,-0.59531,10.4531,-0.72749,-2.23735,-0.20535,0.13824,-0.97384,86.084,18549.0,22241.135
5.609499613000007,9.44683,-4.49567,-1.73497,-0.11191,0.21108,-0.63394,10.46403,-0.74986,-2.25468,-0.19846,0.14184,-0.99552,86.128,18549.0,22117.003
5.614499613000007,9.46479,-4.47575,-1.7771,-0.11493,0.21845,-0.67256,10.47497,-0.77223,-2.27201,-0.19156,0.14543,-1.01719,86.211,18570.7,22103.0
5.6194996130000066,9.48275,-4.45584,-1.81924,-0.11796,0.22583,-0.71118,10.4859,-0.7946,-2.28934,-0.18467,0.14903,-1.03887,86.298,18595.159,22103.0
5.6244996130000064,9.49887,-4.45388,-1.80854,-0.11056,0.22723,-0.76129,10.49684,-0.81698,-2.30667,-0.17777,0.15263,-1.06055,86.348,18598.0,21930.861
5.629499613000006,9.51475,-4.45428,-1.79091,-0.10179,0.22785,-0.8129,10.50777,-0.83935,-2.324,-0.17088,0.15623,-1.08223,86.392,18598.0,21736.102
5.634499613000006,9.53063,-4.45468,-1.77327,-0.09303,0.22847,-0.86452,10.51221,-0.80995,-2.27822,-0.16398,0.15983,-1.10391,86.436,18751.755,21715.0
5.639499613000006,9.54651,-4.45508,-1.75563,-0.08426,0.22908,-0.91613,10.51586,-0.77426,-2.22477,-0.15709,0.16343,-1.12558,86.479,18924.193,21715.0
5.644499613000006,9.56239,-4.45548,-1.738,-0.07549,0.2297,-0.96775,10.5195,-0.73857,-2.17132,-0.15019,0.16703,-1.14726,86.484,18944.0,21253.063
5.649499613000007,9.57827,-4.45588,-1.72036,-0.06673,0.23032,-1.01937,10.52315,-0.70288,-2.11787,-0.1433,0.17063,-1.16894,86.484,18944.0,20731.181
5.654499613000007,9.59415,-4.45628,-1.70273,-0.05796,0.23094,-1.07098,10.52679,-0.66719,-2.06442,-0.1364,0.17423,-1.19062,86.523,19021.971,20672.0
5.659499613000007,9.61003,-4.45668,-1.68509,-0.04919,0.23155,-1.1226,10.53044,-0.6315,-2.01097,-0.12951,0.17783,-1.2123,86.567,19109.916,20672.0
5.6644996130000065,9.87085,-4.4753,-1.72501,-0.04577,0.24017,-1.16011,10.53408,-0.59581,-1.95752,-0.12262,0.18143,-1.23398,86.611,19120.0,20730.006
5.669499613000006,10.1634,-4.49628,-1.77238,-0.04305,0.24982,-1.1958,10.53773,-0.56012,-1.90407,-0.11572,0.18503,-1.25565,86.655,19120.0,20795.524
5.674499613000006,10.45595,-4.51726,-1.81975,-0.04033,0.25947,-1.23149,10.69376,-0.29574,-2.00494,-0.12229,0.19234,-1.29072,86.66,19226.705,20803.0
5.679499613000006,10.7485,-4.53824,-1.86712,-0.0376,0.26912,-1.26718,10.86941,-0.00191,-2.12569,-0.13059,0.20014,-1.32752,86.66,19347.155,20803.0
5.684499613000006,10.88696,-4.49021,-1.8694,-0.03488,0.27877,-1.30287,11.04507,0.29192,-2.24644,-0.13889,0.20793,-1.36432,86.699,19361.0,20560.87
5.689499613000006,11.00541,-4.43322,-1.86583,-0.03215,0.28842,-1.33856,11.22073,0.58575,-2.36718,-0.14718,0.21573,-1.40111,86.743,19361.0,20287.293
5.694499613000007,11.12386,-4.37623,-1.86225,-0.02943,0.29807,-1.37425,11.39638,0.87958,-2.48793,-0.15548,0.22353,-1.43791,86.748,19760.6,20256.0
5.699499613000007,11.24231,-4.31924,-1.85867,-0.02671,0.30772,-1.40994,11.57204,1.17341,-2.60868,-0.16378,0.23132,-1.47471,86.748,20211.812,20256.0
5.7044996130000065,11.36077,-4.26225,-1.8551,-0.02744,0.31548,-1.45215,11.60591,1.09178,-2.57438,-0.16256,0.23521,-1.50446,86.709,20263.0,20129.723
5.709499613000006,11.47922,-4.20526,-1.85152,-0.02863,0.323,-1.49519,11.62164,0.9621,-2.52024,-0.16013,0.2386,-1.53331,86.665,20263.0,19987.287
5.714499613000006,11.46921,-4.34191,-1.90646,-0.02981,0.33052,-1.53823,11.63736,0.83242,-2.4661,-0.15769,0.24199,-1.56216,86.66,20703.401,19971.0
5.719499613000006,11.44261,-4.50356,-1.96896,-0.03099,0.33804,-1.58127,11.65309,0.70274,-2.41196,-0.15525,0.24538,-1.59101,86.66,21200.663,19971.0
5.724499613000006,11.41601,-4.66521,-2.03147,-0.03217,0.34556,-1.62432,11.69588,0.56095,-2.36281,-0.15282,0.24876,-1.61986,86.66,21257.0,19534.198
5.729499613000006,11.38942,-4.82686,-2.09397,-0.03335,0.35308,-1.66736,11.74214,0.41761,-2.3143,-0.15038,0.25215,-1.64871,86.66,21257.0,19041.586
5.734499613000007,11.36282,-4.98852,-2.15647,-0.03453,0.3606,-1.7104,11.78839,0.27426,-2.2658,-0.14794,0.25554,-1.67756,86.621,21678.943,18984.0
5.739499613000007,11.33622,-5.15017,-2.21897,-0.03572,0.36811,-1.75344,11.83464,0.13092,-2.21729,-0.14551,0.25893,-1.70641,86.577,22156.741,18984.0
5.7444996130000066,11.30963,-5.31182,-2.28147,-0.02975,0.36598,-1.79858,11.88089,-0.01242,-2.16878,-0.1283,0.25284,-1.73784,86.533,22208.0,18353.07
5.7494996130000064,11.28303,-5.47347,-2.34397,-0.02292,0.36268,-1.84398,11.92714,-0.15577,-2.12028,-0.10932,0.24562,-1.76959,86.489,22208.0,17646.319
5.754499613000006,11.39012,-5.48234,-2.34608,-0.0161,0.35938,-1.88938,11.96274,-0.14449,-2.12319,-0.09034,0.2384,-1.80133,86.445,22573.171,17565.0
5.759499613000006,11.5146,-5.47133,-2.34033,-0.00927,0.35608,-1.93478,11.99695,-0.11312,-2.13279,-0.07135,0.23118,-1.83307,86.402,22985.821,17565.0
5.764499613000006,11.63908,-5.46033,-2.33459,-0.00245,0.35278,-1.98018,12.03116,-0.08174,-2.14239,-0.05237,0.22395,-1.86481,86.32,23033.0,17118.683
5.769499613000006,11.76355,-5.44933,-2.32884,0.00438,0.34948,-2.02558,12.06537,-0.05036,-2.15199,-0.03339,0.21673,-1.89655,86.233,23033.0,16614.749
5.774499613000006,11.88803,-5.43832,-2.3231,0.01121,0.34618,-2.07098,12.09959,-0.01899,-2.16159,-0.01441,0.20951,-1.9283,86.145,23033.0,16541.0
5.779499613000007,12.0125,-5.42732,-2.31735,0.01803,0.34288,-2.11638,12.1338,0.01239,-2.17119,0.00457,0.20229,-1.96004,86.055,23033.0,16541.0
5.784499613000007,12.09548,-5.39148,-2.33268,-0.00721,0.34846,-2.16577,12.16801,0.04377,-2.18079,-0.02243,0.18611,-1.99578,85.968,23191.032,15005.769
5.7894996130000065,12.1729,-5.3523,-2.35084,-0.03676,0.35522,-2.21569,12.20222,0.07514,-2.19039,-0.05559,0.16873,-2.03206,85.881,23370.245,13264.773
5.794499613000006,12.25031,-5.31313,-2.36899,-0.06631,0.36198,-2.26562,12.19547,0.09111,-2.18759,-0.08875,0.15135,-2.06834,85.831,23636.584,13034.0
5.799499613000006,12.32773,-5.27395,-2.38714,-0.09585,0.36875,-2.31554,12.18246,0.10472,-2.18291,-0.12191,0.13398,-2.10462,85.786,23916.237,13034.0
5.804499613000006,12.40515,-5.23478,-2.4053,-0.1254,0.37551,-2.36547,12.16944,0.11833,-2.17822,-0.15507,0.1166,-2.1409,85.664,23946.0,11871.748
5.809499613000006,12.48256,-5.1956,-2.42345,-0.15494,0.38227,-2.4154,12.15643,0.13195,-2.17354,-0.18823,0.09922,-2.17718,85.533,23946.0,10571.068
5.814499613000006,12.55998,-5.15643,-2.44161,-0.18449,0.38904,-2.46532,12.14342,0.14556,-2.16885,-0.22139,0.08184,-2.21346,85.362,23946.0,10421.0
5.819499613000007,12.6374,-5.11725,-2.45976,-0.21403,0.3958,-2.51525,12.13041,0.15917,-2.16416,-0.25455,0.06447,-2.24974,85.186,23946.0,10421.0
5.824499613000007,12.71481,-5.07808,-2.47791,-0.24358,0.40256,-2.56517,12.01375,-0.02859,-2.07158,-0.27994,0.03094,-2.32154,85.088,24077.487,7323.301
5.8294996130000065,12.79223,-5.0389,-2.49607,-0.27312,0.40933,-2.6151,11.88369,-0.24237,-1.96763,-0.30434,-0.00467,-2.39793,85.0,24225.971,3825.174
5.834499613000006,12.87502,-4.99929,-2.58598,-0.34058,0.42184,-2.79758,11.75363,-0.45616,-1.86369,-0.32873,-0.04028,-2.47432,84.874,24373.154,3424.0
5.839499613000006,12.9585,-4.95962,-2.68519,-0.41295,0.43509,-2.99723,11.62357,-0.66995,-1.75974,-0.35313,-0.07589,-2.55071,84.742,24520.168,3424.0
5.844499613000006,13.04198,-4.91995,-2.78439,-0.48532,0.44834,-3.19688,11.49351,-0.88374,-1.65579,-0.37753,-0.1115,-2.6271,84.609,24537.0,2924.735
5.849499613000006,13.12547,-4.88029,-2.8836,-0.55769,0.46159,-3.39654,11.36344,-1.09753,-1.55184,-0.40192,-0.14711,-2.70349,84.476,24537.0,2360.918
5.854499613000006,13.34876,-4.39715,-2.64867,-0.58099,0.44249,-3.42946,11.23338,-1.31131,-1.4479,-0.42632,-0.18273,-2.77988,84.345,24341.423,2304.0
5.859499613000007,13.58775,-3.86422,-2.37622,-0.59879,0.41977,-3.44367,11.10332,-1.5251,-1.34395,-0.45071,-0.21834,-2.85627,84.214,24123.885,2304.0
5.864499613000007,13.82674,-3.33128,-2.10378,-0.61659,0.39704,-3.45787,10.91789,-0.72324,-1.38962,-0.49318,-0.22337,-2.89602,84.122,24099.0,2151.012
5.8694996130000066,14.06573,-2.79835,-1.83133,-0.63439,0.37431,-3.47208,10.72531,0.20981,-1.45462,-0.53798,-0.22445,-2.93103,84.035,24099.0,1978.263
5.8744996130000064,14.35933,-2.8242,-1.83648,-0.65219,0.35159,-3.48628,10.53273,1.14286,-1.51962,-0.58278,-0.22553,-2.96605,83.908,23482.468,1956.0
5.879499613000006,14.66101,-2.93271,-1.8827,-0.66999,0.32886,-3.50049,10.34015,2.07591,-1.58461,-0.62759,-0.22662,-3.00106,83.775,22774.728,1956.0
5.884499613000006,14.9627,-3.04123,-1.92891,-0.68779,0.30613,-3.5147,10.14757,3.00896,-1.64961,-0.67239,-0.2277,-3.03608,83.643,22693.0,1507.308
5.889499613000006,15.26438,-3.14974,-1.97512,-0.70559,0.28341,-3.5289,9.95499,3.94201,-1.71461,-0.71719,-0.22878,-3.0711,83.511,22693.0,1000.037
5.894499613000006,15.56606,-3.25825,-2.02134,-0.70877,0.28755,-3.48484,10.28035,4.61672,-1.99435,-0.73547,-0.21379,-3.02745,83.379,20515.264,942.0
5.899499613000006,15.86774,-3.36677,-2.06755,-0.71005,0.29515,-3.43326,10.67262,5.25807,-2.30183,-0.75033,-0.19671,-2.97364,83.248,18056.183,942.0
5.904499613000007,16.16943,-3.47528,-2.11376,-0.71134,0.30276,-3.38167,11.06489,5.89942,-2.60931,-0.76518,-0.17964,-2.91983,83.116,17774.0,635.203
5.909499613000007,16.47111,-3.58379,-2.15998,-0.71262,0.31037,-3.33008,11.45716,6.54076,-2.91679,-0.78003,-0.16256,-2.86603,82.984,17774.0,288.637
5.9144996130000065,15.49791,-3.92745,-2.05136,-0.7139,0.31797,-3.2785,10.8768,6.34288,-2.88659,-0.79489,-0.14549,-2.81222,82.852,17774.0,249.0
5.919499613000006,14.36008,-4.30146,-1.92274,-0.71519,0.32558,-3.22691,10.17083,6.03661,-2.81279,-0.80974,-0.12842,-2.75841,82.72,17774.0,249.0
5.924499613000006,13.22224,-4.67548,-1.79412,-0.71647,0.33319,-3.17533,9.46486,5.73035,-2.73898,-0.82459,-0.11134,-2.7046,82.511,13369.951,249.0
5.929499613000006,12.08441,-5.0495,-1.6655,-0.71775,0.3408,-3.12374,8.75889,5.42409,-2.66517,-0.83945,-0.09427,-2.65079,82.291,8398.346,249.0
5.934499613000006,10.94658,-5.42351,-1.53688,-0.71904,0.3484,-3.07216,8.05292,5.11783,-2.59137,-0.8543,-0.0772,-2.59699,82.109,7822.0,495.135
5.939499613000006,9.80874,-5.79753,-1.40827,-0.72032,0.35601,-3.02057,7.34694,4.81157,-2.51756,-0.86915,-0.06012,-2.54318,81.932,7822.0,773.545
5.944499613000007,8.91406,-5.90619,-1.35082,-0.7247,0.38315,-2.90635,6.64097,4.50531,-2.44375,-0.86281,-0.05164,-2.42669,81.64,4762.679,802.0
5.949499613000007,8.04707,-5.98465,-1.30148,-0.72943,0.41252,-2.785,5.935,4.19905,-2.36995,-0.85405,-0.04414,-2.30306,81.334,1355.077,802.0
5.9544996130000065,7.18007,-6.0631,-1.25214,-0.73416,0.44189,-2.66365,5.10727,4.05518,-2.18951,-0.84529,-0.03664,-2.17943,81.26,964.0,721.003
5.959499613000006,6.31308,-6.14155,-1.20279,-0.73888,0.47125,-2.5423,4.26375,3.93236,-1.99525,-0.83654,-0.02914,-2.0558,81.216,964.0,629.505
5.964499613000006,5.44608,-6.22,-1.15345,-0.74361,0.50062,-2.42095,3.42023,3.80955,-1.80099,-0.82778,-0.02164,-1.93218,81.094,887.442,619.0
5.969499613000006,4.57908,-6.29846,-1.10411,-0.74834,0.52999,-2.2996,2.57671,3.68674,-1.60673,-0.81902,-0.01414,-1.80855,80.962,800.955,619.0
5.974499613000006,3.71209,-6.37691,-1.05476,-0.75307,0.55935,-2.17825,1.73318,3.56392,-1.41247,-0.81026,-0.00664,-1.68492,80.869,791.0,407.011
5.979499613000006,2.84509,-6.45536,-1.00542,-0.7578,0.58872,-2.0569,0.88966,3.44111,-1.21821,-0.8015,0.00086,-1.56129,80.782,791.0,167.446
5.984499613000006,2.3781,-7.6308,-0.73112,-0.67134,0.53253,-1.72612,0.97946,3.7662,-1.12029,-0.73513,0.04566,-1.19977,80.771,443.779,140.0
5.989499613000007,1.96287,-8.94817,-0.42771,-0.57308,0.46528,-1.36824,1.19001,4.14924,-1.03485,-0.6613,0.09529,-0.80746,80.771,51.631,140.0
5.9944996130000066,1.54763,-10.26554,-0.1243,-0.47482,0.39803,-1.01036,1.40056,4.53229,-0.9494,-0.58748,0.14492,-0.41516,80.733,7.0,139.114
5.9994996130000064,1.1324,-11.58292,0.17911,-0.37657,0.33078,-0.65248,1.61111,4.91533,-0.86396,-0.51365,0.19454,-0.02285,80.689,7.0,138.114
6.004499613000006,1.09826,-11.2059,0.11598,-0.27831,0.26352,-0.2946,1.82166,5.29838,-0.77851,-0.43982,0.24417,0.36946,80.723,4.786,138.0
6.009499613000006,1.11336,-10.60998,0.0055,-0.18005,0.19627,0.06328,2.03221,5.68142,-0.69306,-0.366,0.2938,0.76176,80.766,2.285,138.0
6.014499613000006,1.12845,-10.01407,-0.10498,-0.08179,0.12902,0.42116,2.03752,5.01201,-0.68433,-0.21549,0.31132,0.97957,80.771,2.0,382.076
6.019499613000006,1.14355,-9.41815,-0.21546,0.01647,0.06176,0.77904,2.0164,4.20711,-0.68547,-0.0551,0.32472,1.17492,80.771,2.0,657.573
6.024499613000006,1.15864,-8.82223,-0.32594,0.11653,0.02356,0.96275,1.99528,3.40221,-0.68661,0.10528,0.33811,1.37027,80.811,2.445,689.0
6.029499613000007,1.17373,-8.22632,-0.43642,0.21682,-0.01091,1.12403,1.97416,2.59731,-0.68775,0.26566,0.35151,1.56561,80.855,2.948,689.0
6.034499613000007,1.30281,-7.71238,-0.64991,0.31711,-0.04538,1.28531,1.95303,1.79241,-0.6889,0.42604,0.3649,1.76096,80.899,3.0,1054.656
6.0394996130000065,1.44508,-7.20794,-0.87532,0.4174,-0.07984,1.44659,1.93191,0.98751,-0.69004,0.58643,0.37829,1.95631,80.942,3.0,1462.658
6.044499613000006,1.58735,-6.70349,-1.10074,0.51769,-0.11431,1.60787,1.84677,0.8946,-0.62455,0.63146,0.34855,2.0436,80.947,2.558,1510.0
6.049499613000006,1.72962,-6.19905,-1.32615,0.61799,-0.14878,1.76914,1.75322,0.89515,-0.55032,0.66135,0.31314,2.1167,80.947,2.057,1510.0
6.054499613000006,1.87189,-5.69461,-1.55156,0.71828,-0.18324,1.93042,1.65967,0.8957,-0.47608,0.69124,0.27773,2.1898,80.986,2.0,1510.0
6.059499613000006,2.01416,-5.19016,-1.77698,0.81857,-0.21771,2.0917,1.56612,0.89625,-0.40185,0.72113,0.24233,2.2629,81.03,2.0,1510.0
6.064499613000006,2.15644,-4.68572,-2.00239,0.82558,-0.24567,2.19492,1.47257,0.8968,-0.32762,0.75102,0.20692,2.33601,81.035,2.884,2270.16
6.069499613000007,2.29871,-4.18128,-2.2278,0.82032,-0.27276,2.29049,1.37902,0.89736,-0.25338,0.78091,0.17151,2.40911,81.035,3.885,3130.366
6.074499613000007,2.59428,-4.31583,-2.23873,0.81506,-0.29986,2.38606,1.53643,1.26234,-0.24971,0.8108,0.1361,2.48221,81.074,4.0,4296.109
6.0794996130000065,2.90971,-4.53313,-2.22188,0.8098,-0.32696,2.48163,1.72635,1.67452,-0.25517,0.84069,0.1007,2.55532,81.118,4.0,5501.422
6.084499613000006,3.22513,-4.75044,-2.20503,0.80453,-0.35406,2.5772,1.91627,2.08671,-0.26063,0.87058,0.06529,2.62842,81.162,3.559,5646.0
6.089499613000006,3.54056,-4.96775,-2.18818,0.79927,-0.38115,2.67277,2.10618,2.49889,-0.26609,0.90047,0.02988,2.70152,81.206,3.058,5646.0
6.094499613000006,3.85599,-5.18506,-2.17133,0.79401,-0.40825,2.76834,2.2961,2.91107,-0.27155,0.92423,0.01873,2.80595,81.289,3.0,5646.0
6.099499613000006,4.17141,-5.40236,-2.15448,0.78875,-0.43535,2.86391,2.48602,3.32326,-0.27701,0.94718,0.01075,2.91447,81.377,3.0,5646.0
6.104499613000006,4.46799,-5.44485,-2.18555,0.81504,-0.4812,3.00149,2.67594,3.73544,-0.28248,0.97013,0.00276,3.02299,81.426,2.557,6567.353
6.109499613000006,4.76213,-5.46465,-2.22284,0.84543,-0.52949,3.14452,2.86585,4.14763,-0.28794,0.99308,-0.00522,3.13151,81.47,2.057,7608.248
6.114499613000007,5.05626,-5.48445,-2.26013,0.87582,-0.57778,3.28755,3.02401,3.99192,-0.35932,1.01603,-0.0132,3.24003,81.514,2.0,9243.405
6.1194996130000066,5.35039,-5.50425,-2.29741,0.90621,-0.62607,3.43057,3.17808,3.76307,-0.4392,1.03898,-0.02118,3.34855,81.557,2.0,10955.09
6.1244996130000064,5.64452,-5.52405,-2.3347,0.9366,-0.67436,3.5736,3.33215,3.53423,-0.51907,1.06193,-0.02917,3.45707,81.601,2.879,11150.0
6.129499613000006,5.93866,-5.54385,-2.37198,0.96699,-0.72265,3.71663,3.48622,3.30539,-0.59895,1.08488,-0.03715,3.56559,81.645,3.872,11150.0
6.134499613000006,6.23279,-5.56365,-2.40927,0.99737,-0.77094,3.85966,3.64029,3.07655,-0.67882,1.10783,-0.04513,3.67411,81.727,4.0,11968.408
6.139499613000006,6.52692,-5.58345,-2.44656,1.02776,-0.81923,4.00269,3.79436,2.84771,-0.7587,1.13078,-0.05311,3.78264,81.816,4.0,12908.196
6.144499613000006,7.06348,-5.42855,-2.43911,0.98027,-0.80759,4.1051,4.30314,3.03463,-0.82893,1.10902,-0.07041,3.8633,81.865,3.114,13016.0
6.149499613000006,7.63145,-5.25101,-2.42587,0.92268,-0.78818,4.20224,4.85788,3.27543,-0.89792,1.08146,-0.08891,3.94036,81.909,2.114,13016.0
6.154499613000007,8.19942,-5.07348,-2.41262,0.86509,-0.76877,4.29938,5.41261,3.51622,-0.96691,1.05391,-0.10742,4.01741,81.953,2.0,13267.144
6.159499613000007,8.7674,-4.89594,-2.39938,0.80751,-0.74937,4.39653,5.96735,3.75702,-1.0359,1.02636,-0.12592,4.09447,81.997,2.0,13550.497
6.1644996130000065,9.33537,-4.71841,-2.38614,0.74992,-0.72996,4.49367,6.24927,3.89834,-1.12613,0.9988,-0.14443,4.17153,82.041,2.885,13583.0
6.169499613000006,9.90334,-4.54087,-2.3729,0.69233,-0.71055,4.59082,6.49583,4.02677,-1.21912,0.97125,-0.16293,4.24858,82.085,3.885,13583.0
6.174499613000006,10.64271,-4.87686,-2.36947,0.65961,-0.70091,4.66064,6.7424,4.15521,-1.31211,0.9437,-0.18144,4.32564,82.09,4.0,14239.187
6.179499613000006,11.40429,-5.27942,-2.36733,0.63011,-0.69255,4.72692,6.98897,4.28364,-1.4051,0.91614,-0.19994,4.4027,82.09,4.0,14980.435
6.184499613000006,12.16587,-5.68197,-2.36518,0.60061,-0.68418,4.7932,7.23553,4.41207,-1.4981,0.85782,-0.20529,4.51009,82.168,3.108,15056.0
6.189499613000006,12.92746,-6.08453,-2.36303,0.57111,-0.67581,4.85948,7.4821,4.54051,-1.59109,0.796,-0.20915,4.62092,82.256,2.115,15056.0
6.194499613000006,13.40926,-6.12821,-2.37235,0.5416,-0.66744,4.92576,7.72867,4.66894,-1.68408,0.73418,-0.21301,4.73176,82.305,2.0,15666.566
6.199499613000007,13.85459,-6.12511,-2.38317,0.5121,-0.65908,4.99204,7.97524,4.79737,-1.77707,0.67236,-0.21687,4.8426,82.348,2.0,16356.707
6.2044996130000065,14.29992,-6.12201,-2.39399,0.4826,-0.65071,5.05832,8.39587,4.5261,-1.90253,0.61054,-0.22072,4.95343,82.392,2.443,16436.0
6.209499613000006,14.74526,-6.11892,-2.4048,0.4531,-0.64234,5.1246,8.8391,4.20294,-2.03221,0.54872,-0.22458,5.06427,82.436,2.943,16436.0
6.214499613000006,15.19059,-6.11582,-2.41562,0.4236,-0.63397,5.19088,9.28233,3.87979,-2.16189,0.54286,-0.21224,5.05832,82.519,3.0,16548.358
6.219499613000006,15.63593,-6.11272,-2.42644,0.3941,-0.62561,5.25716,9.72555,3.55663,-2.29157,0.5442,-0.19782,5.03735,82.607,3.0,16675.161
6.224499613000006,16.08126,-6.10963,-2.43725,0.40443,-0.61003,5.25397,10.16878,3.23348,-2.42125,0.54553,-0.18339,5.01638,82.656,3.442,16690.0
6.229499613000006,16.52659,-6.10653,-2.44807,0.42004,-0.5935,5.24157,10.61201,2.91032,-2.55092,0.54687,-0.16897,4.99542,82.7,3.942,16690.0
6.234499613000006,17.1677,-5.66911,-2.50673,0.43565,-0.57697,5.22918,11.10898,2.95432,-2.7345,0.54821,-0.15454,4.97445,82.783,4.0,16898.08
6.239499613000007,17.83424,-5.17527,-2.57161,0.45126,-0.56044,5.21678,11.61294,3.04601,-2.92507,0.54954,-0.14012,4.95349,82.871,4.0,17133.189
6.2444996130000066,18.50077,-4.68143,-2.63649,0.46687,-0.54391,5.20439,12.11689,3.1377,-3.11565,0.55088,-0.12569,4.93252,82.998,4.0,17160.0
6.2494996130000064,19.16731,-4.18759,-2.70137,0.48248,-0.52739,5.19199,12.62084,3.22939,-3.30622,0.55221,-0.11127,4.91155,83.129,4.0,17160.0
6.254499613000006,19.83384,-3.69375,-2.76625,0.49809,-0.51086,5.1796,13.1248,3.32108,-3.4968,0.55355,-0.09684,4.89059,83.3,4.0,17105.561
6.259499613000006,20.50038,-3.19992,-2.83112,0.5137,-0.49433,5.1672,13.62875,3.41277,-3.68738,0.55488,-0.08242,4.86962,83.476,4.0,17044.054
6.264499613000006,20.61547,-2.92329,-2.87197,0.43224,-0.44085,5.11136,13.75309,3.56074,-3.65207,0.46108,-0.0889,4.79021,83.613,3.558,17037.0
6.269499613000006,20.65912,-2.6748,-2.9097,0.33821,-0.38259,5.04988,13.82824,3.71599,-3.58751,0.35495,-0.09808,4.70323,83.744,3.058,17037.0
6.274499613000006,20.70277,-2.42631,-2.94742,0.24417,-0.32432,4.98841,13.9034,3.87125,-3.52294,0.24882,-0.10727,4.61625,83.876,3.0,17245.76
6.279499613000007,20.74641,-2.17782,-2.98515,0.15014,-0.26606,4.92694,13.97855,4.0265,-3.45837,0.14269,-0.11645,4.52927,84.008,3.0,17481.918
6.284499613000007,20.79006,-1.92933,-3.02288,0.05611,-0.2078,4.86547,14.05371,4.18176,-3.39381,0.03656,-0.12564,4.44229,84.179,2.558,17509.0
6.2894996130000065,20.83371,-1.68084,-3.06061,-0.03793,-0.14953,4.80399,14.12886,4.33701,-3.32924,-0.06957,-0.13483,4.3553,84.355,2.058,17509.0
6.294499613000006,20.87736,-1.43235,-3.09834,-0.13196,-0.09127,4.74252,14.20402,4.49227,-3.26468,-0.1757,-0.14401,4.26832,84.531,2.0,17484.981
6.299499613000006,20.92101,-1.18386,-3.13607,-0.226,-0.03301,4.68105,14.27918,4.64752,-3.20011,-0.28183,-0.1532,4.18134,84.708,2.0,17457.818
6.304499613000006,20.64142,-0.41661,-3.17816,-0.29385,-0.0479,4.42703,13.98797,4.1644,-2.79152,-0.31094,-0.21468,3.9424,84.805,2.446,17455.0
6.309499613000006,20.32442,0.41069,-3.22076,-0.35868,-0.07126,4.15073,13.65435,3.60737,-2.34311,-0.33113,-0.28222,3.68588,84.892,2.943,17455.0
6.314499613000006,20.00741,1.23799,-3.26336,-0.4235,-0.09462,3.87442,13.32073,3.05035,-1.8947,-0.35132,-0.34976,3.42935,85.019,3.0,17586.535
6.319499613000006,19.69041,2.06529,-3.30596,-0.48833,-0.11797,3.59811,12.98711,2.49332,-1.44628,-0.3715,-0.4173,3.17282,85.151,3.0,17735.007
6.324499613000007,19.3734,2.89259,-3.34855,-0.55316,-0.14133,3.3218,13.00925,2.39229,-1.22153,-0.39169,-0.48484,2.91629,85.283,2.557,17752.0
6.3294996130000065,19.0564,3.71989,-3.39115,-0.61798,-0.16469,3.0455,13.07737,2.3502,-1.02569,-0.41188,-0.55238,2.65976,85.415,2.058,17752.0
6.334499613000006,19.06655,4.98693,-2.56606,-0.54518,-0.18502,2.75064,13.14549,2.3081,-0.82984,-0.31813,-0.53359,2.37433,85.507,2.0,17680.642
6.339499613000006,19.11923,6.31114,-1.62817,-0.45448,-0.20496,2.45337,13.21361,2.26601,-0.634,-0.20956,-0.50357,2.08513,85.595,2.0,17600.008
6.344499613000006,19.17192,7.63534,-0.69028,-0.36378,-0.2249,2.1561,13.28173,2.22392,-0.43815,-0.101,-0.47355,1.79594,85.605,2.0,17590.0
6.349499613000006,19.2246,8.95955,0.24761,-0.27308,-0.24484,1.85883,13.34985,2.18182,-0.24231,0.00757,-0.44354,1.50675,85.605,2.0,17590.0
6.354499613000006,19.79254,9.7101,0.72456,-0.18238,-0.26477,1.56157,13.81593,1.99398,0.06038,0.11613,-0.41352,1.21756,85.567,2.0,18649.502
6.359499613000006,20.42754,10.38601,1.14153,-0.09169,-0.28471,1.2643,14.3338,1.78717,0.37698,0.2247,-0.3835,0.92837,85.523,2.0,19846.879
6.364499613000007,21.06253,11.06192,1.55849,-0.00099,-0.30465,0.96703,14.85166,1.58036,0.69357,0.33326,-0.35349,0.63917,85.518,3.327,19985.0
6.3694996130000066,21.69753,11.73783,1.97546,0.08971,-0.32459,0.66976,15.36952,1.37355,1.01017,0.44182,-0.32347,0.34998,85.518,4.826,19985.0
6.3744996130000064,22.33252,12.41374,2.39242,0.18041,-0.34453,0.37249,15.88739,1.16674,1.32676,0.55039,-0.29345,0.06079,85.479,5.0,19985.0
6.379499613000006,22.96752,13.08965,2.80939,0.27111,-0.36446,0.07522,16.40525,0.95994,1.64335,0.65895,-0.26344,-0.2284,85.435,5.0,19985.0
6.384499613000006,23.60251,13.76556,3.22635,0.3618,-0.3844,-0.22205,16.92312,0.75313,1.95995,0.66047,-0.24149,-0.38679,85.43,3.671,21481.277
6.389499613000006,24.2375,14.44147,3.64332,0.4525,-0.40434,-0.51931,17.44098,0.54632,2.27654,0.64821,-0.22058,-0.52832,85.43,2.171,23170.309
6.394499613000006,22.48237,11.90013,3.47491,0.45207,-0.37767,-0.66808,16.34527,0.75483,1.8116,0.63594,-0.19967,-0.66985,85.352,2.0,24173.418
6.399499613000006,20.41944,8.94449,3.23113,0.43989,-0.34501,-0.79772,15.04177,1.01682,1.24601,0.62367,-0.17877,-0.81139,85.264,2.0,25088.198
6.404499613000006,18.35651,5.98885,2.98734,0.42772,-0.31234,-0.92736,13.73827,1.27881,0.68042,0.61141,-0.15786,-0.95292,85.137,2.0,25193.0
6.409499613000007,16.29358,3.03321,2.74355,0.41555,-0.27968,-1.05701,12.43477,1.5408,0.11484,0.59914,-0.13695,-1.09445,85.005,2.0,25193.0
6.4144996130000065,14.23065,0.07756,2.49977,0.40338,-0.24701,-1.18665,11.13127,1.80279,-0.45075,0.58687,-0.11604,-1.23598,84.835,2.0,25193.0
6.419499613000006,12.16772,-2.87808,2.25598,0.39121,-0.21435,-1.31629,9.82777,2.06478,-1.01634,0.5746,-0.09514,-1.37752,84.659,2.0,25193.0
6.424499613000006,10.1048,-5.83372,2.0122,0.37903,-0.18168,-1.44593,9.70611,1.60444,-1.29831,0.45424,-0.07167,-1.41326,84.522,2.885,25354.101
6.429499613000006,8.04187,-8.78936,1.76841,0.36686,-0.14902,-1.57557,9.73767,1.05045,-1.54352,0.31987,-0.04787,-1.43528,84.39,3.885,25536.088
6.434499613000006,7.8918,-8.83775,1.27148,0.24389,-0.04212,-1.66674,9.76923,0.49646,-1.78872,0.18549,-0.02407,-1.45731,84.258,4.0,25893.751
6.439499613000006,7.99008,-8.5087,0.74168,0.10653,0.07442,-1.75292,9.80079,-0.05754,-2.03393,0.05112,-0.00027,-1.47933,84.126,4.0,26274.221
6.444499613000006,8.08836,-8.17964,0.21189,-0.03083,0.19095,-1.8391,9.83235,-0.61153,-2.27913,-0.08326,0.02353,-1.50136,83.995,4.884,26318.0
6.449499613000007,8.18664,-7.85059,-0.31791,-0.16819,0.30749,-1.92527,9.86391,-1.16552,-2.52434,-0.21764,0.04733,-1.52339,83.863,5.884,26318.0
6.4544996130000065,8.28491,-7.52154,-0.84771,-0.30555,0.42403,-2.01145,9.89547,-1.71951,-2.76954,-0.35201,0.07113,-1.54541,83.809,6.0,26245.919
6.459499613000006,8.38319,-7.19248,-1.37751,-0.44291,0.54056,-2.09762,9.92703,-2.2735,-3.01475,-0.48639,0.09493,-1.56744,83.765,6.0,26164.359
6.464499613000006,8.34695,-7.16527,-1.62619,-0.41893,0.48554,-2.04422,9.41383,-2.17126,-2.42963,-0.46436,0.07888,-1.55954,83.721,6.0,26155.0
6.469499613000006,8.29328,-7.17719,-1.83844,-0.37403,0.40827,-1.97272,8.83001,-1.98395,-1.73687,-0.42207,0.05767,-1.54776,83.677,6.0,26155.0
6.474499613000006,8.2396,-7.18911,-2.05068,-0.32914,0.331,-1.90122,8.24619,-1.79664,-1.04411,-0.37977,0.03645,-1.53599,83.594,6.0,26212.537
6.479499613000006,8.18593,-7.20103,-2.26293,-0.28425,0.25374,-1.82972,7.66237,-1.60933,-0.35136,-0.33748,0.01524,-1.52421,83.506,6.0,26277.51
6.484499613000006,8.13225,-7.21295,-2.47517,-0.23935,0.17647,-1.75823,7.60459,-1.28083,-0.51125,-0.29518,-0.00598,-1.51243,83.379,4.229,26285.0
6.489499613000007,8.07857,-7.22487,-2.68742,-0.19446,0.0992,-1.68673,7.61536,-0.93394,-0.78225,-0.25288,-0.02719,-1.50066,83.247,2.228,26285.0
6.4944996130000066,8.08438,-6.89985,-2.30132,-0.18609,0.09202,-1.63522,7.62613,-0.58704,-1.05324,-0.21059,-0.0484,-1.48888,83.077,2.0,26245.146
6.4994996130000064,8.09784,-6.53146,-1.83821,-0.18242,0.09385,-1.58628,7.6369,-0.24014,-1.32424,-0.16829,-0.06962,-1.4771,82.901,2.0,26200.162
6.504499613000006,8.1113,-6.16307,-1.37509,-0.17875,0.09568,-1.53735,7.64767,0.10675,-1.59524,-0.12599,-0.09083,-1.46533,82.803,3.328,26195.0
6.509499613000006,8.12476,-5.79468,-0.91198,-0.17508,0.09752,-1.48841,7.65844,0.45365,-1.86623,-0.0837,-0.11204,-1.45355,82.715,4.828,26195.0
6.514499613000006,8.44648,-5.86728,-1.0875,-0.17141,0.09935,-1.43947,7.66922,0.80055,-2.13723,-0.10455,-0.10869,-1.40929,82.705,5.0,26240.143
6.519499613000006,8.80808,-5.99692,-1.34563,-0.16774,0.10119,-1.39053,7.67999,1.14744,-2.40823,-0.13358,-0.10215,-1.36082,82.705,5.0,26291.127
6.524499613000006,9.16969,-6.12656,-1.60377,-0.16407,0.10302,-1.3416,7.87426,1.51182,-2.51563,-0.1626,-0.09562,-1.31236,82.744,4.116,26297.0
6.529499613000006,9.53129,-6.2562,-1.86191,-0.1604,0.10485,-1.29266,8.09242,1.87848,-2.60173,-0.19162,-0.08908,-1.2639,82.788,3.116,26297.0
6.534499613000007,9.89289,-6.38584,-2.12004,-0.1718,0.09407,-1.19309,8.31058,2.24513,-2.68784,-0.22065,-0.08254,-1.21543,82.832,3.0,26224.918
6.5394996130000065,10.2545,-6.51549,-2.37818,-0.18518,0.08162,-1.08688,8.52874,2.61179,-2.77394,-0.24967,-0.07601,-1.16697,82.876,3.0,26143.378
6.544499613000006,10.6161,-6.64513,-2.63632,-0.19856,0.06918,-0.98068,8.7469,2.97844,-2.86005,-0.27869,-0.06947,-1.1185,82.92,3.884,26134.0
6.549499613000006,10.9777,-6.77477,-2.89445,-0.21193,0.05673,-0.87447,8.96505,3.3451,-2.94615,-0.30772,-0.06294,-1.07004,82.964,4.882,26134.0
6.554499613000006,10.6471,-6.62207,-2.75828,-0.22531,0.04429,-0.76826,8.93441,3.39057,-2.85678,-0.3463,-0.05687,-0.98029,82.969,5.0,26170.641
6.559499613000006,10.2239,-6.4316,-2.56936,-0.23869,0.03185,-0.66205,8.87048,3.39307,-2.74395,-0.38616,-0.05087,-0.88502,82.969,5.0,26212.183
6.564499613000006,9.8007,-6.24113,-2.38044,-0.25207,0.0194,-0.55584,8.80655,3.39558,-2.63111,-0.42602,-0.04487,-0.78975,83.008,464.625,26217.0
6.569499613000006,9.3775,-6.05066,-2.19152,-0.26544,0.00696,-0.44963,8.74263,3.39808,-2.51827,-0.46588,-0.03887,-0.69448,83.052,984.536,26217.0
6.574499613000007,8.95431,-5.86019,-2.0026,-0.27882,-0.00548,-0.34342,8.6787,3.40059,-2.40544,-0.50574,-0.03287,-0.5992,83.134,1044.0,26189.104
6.5794996130000065,8.53111,-5.66972,-1.81367,-0.2922,-0.01793,-0.23721,8.61477,3.40309,-2.2926,-0.54561,-0.02687,-0.50393,83.222,1044.0,26157.605
6.584499613000006,8.48794,-5.67805,-1.73891,-0.27989,-0.02773,-0.2367,8.55084,3.4056,-2.17976,-0.58547,-0.02087,-0.40866,83.271,1997.651,26154.0
6.589499613000006,8.4939,-5.71206,-1.6789,-0.26427,-0.0372,-0.24986,8.48692,3.4081,-2.06693,-0.62533,-0.01487,-0.31339,83.315,3074.564,26154.0
6.594499613000006,8.49985,-5.74608,-1.61889,-0.24864,-0.04666,-0.26302,8.66199,1.84866,-1.64269,-0.52994,-0.05088,-0.35889,83.359,3198.0,26047.786
6.599499613000006,8.50581,-5.7801,-1.55888,-0.23301,-0.05613,-0.27617,8.86801,0.08701,-1.17813,-0.41704,-0.09232,-0.42262,83.403,3198.0,25927.823
6.604499613000006,8.51176,-5.81411,-1.49886,-0.21738,-0.06559,-0.28933,9.07403,-1.67464,-0.71358,-0.30415,-0.13376,-0.48635,83.486,3439.041,25914.0
6.609499613000006,8.51772,-5.84813,-1.43885,-0.20175,-0.07506,-0.30249,9.28005,-3.43629,-0.24903,-0.19125,-0.1752,-0.55008,83.573,3711.471,25914.0
6.614499613000007,8.52367,-5.88214,-1.37884,-0.18613,-0.08452,-0.31564,9.33162,-3.03418,-0.56464,-0.17703,-0.17266,-0.54867,83.661,3745.0,25881.856
6.6194996130000066,8.52963,-5.91616,-1.31883,-0.1705,-0.09399,-0.3288,9.36152,-2.3284,-0.98974,-0.17667,-0.16393,-0.53812,83.75,3745.0,25845.201
6.6244996130000064,8.61811,-5.79026,-1.47595,-0.16339,-0.08632,-0.32278,9.39142,-1.62262,-1.41484,-0.1763,-0.15521,-0.52757,83.799,4576.488,25841.0
6.629499613000006,8.71727,-5.64366,-1.66119,-0.15739,-0.07644,-0.31428,9.42132,-0.91684,-1.83994,-0.17593,-0.14649,-0.51701,83.843,5515.618,25841.0
6.634499613000006,8.81643,-5.49707,-1.84642,-0.15139,-0.06656,-0.30578,9.45123,-0.21105,-2.26504,-0.17556,-0.13777,-0.50646,83.887,5624.0,25782.15
6.639499613000006,8.91559,-5.35047,-2.03165,-0.14538,-0.05667,-0.29728,9.48113,0.49473,-2.69015,-0.17519,-0.12905,-0.49591,83.931,5624.0,25715.622
6.644499613000006,8.9623,-5.2791,-2.06441,-0.13938,-0.04679,-0.28877,9.52122,0.54104,-2.77536,-0.17483,-0.12033,-0.48535,83.974,6157.696,25708.0
6.649499613000006,9.00223,-5.21746,-2.07744,-0.13338,-0.03691,-0.28027,9.56263,0.50202,-2.8166,-0.17446,-0.11161,-0.4748,84.018,6760.444,25708.0
6.654499613000006,9.04216,-5.15583,-2.09047,-0.12737,-0.02703,-0.27177,9.60404,0.46301,-2.85784,-0.17409,-0.10289,-0.46425,84.062,6830.0,25660.659
6.659499613000007,9.08208,-5.09419,-2.1035,-0.12137,-0.01715,-0.26327,9.64545,0.424,-2.89908,-0.17372,-0.09417,-0.45369,84.106,6830.0,25607.142
6.6644996130000065,9.12201,-5.03255,-2.11653,-0.12403,-0.00313,-0.26292,9.68686,0.38498,-2.94032,-0.17335,-0.08545,-0.44314,84.15,7576.35,25601.0
6.669499613000006,9.16194,-4.97092,-2.12956,-0.12781,0.01142,-0.26363,9.72827,0.34597,-2.98156,-0.17299,-0.07673,-0.43258,84.194,8419.46,25601.0
6.674499613000006,9.20187,-4.90928,-2.14259,-0.13159,0.02597,-0.26434,9.77598,0.36397,-2.9337,-0.18267,-0.06443,-0.42547,84.238,8516.0,25576.22
6.679499613000006,9.24179,-4.84765,-2.15562,-0.13537,0.04052,-0.26505,9.8245,0.38934,-2.87432,-0.19365,-0.05168,-0.4188,84.282,8516.0,25548.236
6.684499613000006,9.26309,-4.84839,-2.09031,-0.13915,0.05507,-0.26576,9.87302,0.41471,-2.81493,-0.20464,-0.03892,-0.41213,84.287,8961.378,25545.0
6.689499613000006,9.28194,-4.85728,-2.01476,-0.14293,0.06962,-0.26647,9.92154,0.44009,-2.75555,-0.21562,-0.02616,-0.40546,84.287,9464.982,25545.0
6.694499613000006,9.3008,-4.86617,-1.93921,-0.14122,0.07466,-0.27181,9.97006,0.46546,-2.69617,-0.22661,-0.0134,-0.39879,84.326,9523.0,25545.0
6.699499613000007,9.31965,-4.87507,-1.86366,-0.13879,0.07845,-0.27775,10.01858,0.49083,-2.63678,-0.23759,-0.00064,-0.39212,84.37,9523.0,25545.0
6.7044996130000065,9.33851,-4.88396,-1.78811,-0.13636,0.08225,-0.28368,10.01983,0.46064,-2.58724,-0.23008,0.00535,-0.39266,84.414,9976.983,25452.17
6.709499613000006,9.35736,-4.89286,-1.71256,-0.13393,0.08604,-0.28962,10.01483,0.42311,-2.539,-0.22013,0.01044,-0.39416,84.458,10490.922,25347.08
6.714499613000006,9.35239,-4.86919,-1.72634,-0.13151,0.08984,-0.29556,10.00983,0.38558,-2.49076,-0.21018,0.01554,-0.39565,84.463,10550.0,25204.684
6.719499613000006,9.34432,-4.84129,-1.75173,-0.12908,0.09364,-0.3015,10.00483,0.34805,-2.44251,-0.20023,0.02063,-0.39714,84.463,10550.0,25057.442
6.724499613000006,9.33625,-4.81339,-1.77711,-0.12665,0.09743,-0.30744,9.99984,0.31052,-2.39427,-0.19028,0.02572,-0.39863,84.463,10655.905,25040.0
6.729499613000006,9.32819,-4.7855,-1.8025,-0.12423,0.10123,-0.31338,9.99484,0.27299,-2.34603,-0.18032,0.03082,-0.40012,84.463,10776.041,25040.0
6.734499613000006,9.32012,-4.7576,-1.82788,-0.1218,0.10502,-0.31932,9.98984,0.23547,-2.29778,-0.17037,0.03591,-0.40161,84.502,10790.0,25040.0
6.739499613000006,9.31205,-4.7297,-1.85327,-0.11937,0.10882,-0.32525,9.98484,0.19794,-2.24954,-0.16042,0.041,-0.40311,84.546,10790.0,25040.0
6.7444996130000066,9.30399,-4.7018,-1.87865,-0.11695,0.11261,-0.33119,9.96035,0.28455,-2.20865,-0.16212,0.04237,-0.39339,84.551,11818.747,24955.524
6.7494996130000064,9.29592,-4.6739,-1.90404,-0.11452,0.11641,-0.33713,9.93333,0.38719,-2.16871,-0.16532,0.04325,-0.38222,84.551,12980.353,24860.139
6.754499613000006,9.28061,-4.67111,-1.86554,-0.11462,0.11655,-0.33516,9.90632,0.48983,-2.12877,-0.16853,0.04414,-0.37106,84.551,13116.0,24864.017
6.759499613000006,9.26435,-4.67163,-1.81859,-0.11505,0.11621,-0.33213,9.87931,0.59247,-2.08883,-0.17173,0.04503,-0.3599,84.551,13116.0,24881.019
6.764499613000006,9.24808,-4.67215,-1.77165,-0.11548,0.11586,-0.32911,9.85229,0.69512,-2.04889,-0.17494,0.04591,-0.34873,84.551,13503.662,24883.0
6.769499613000006,9.23182,-4.67267,-1.7247,-0.11591,0.11552,-0.32609,9.82528,0.79776,-2.00896,-0.17814,0.0468,-0.33757,84.551,13942.442,24883.0
6.774499613000006,9.21555,-4.6732,-1.67776,-0.11634,0.11518,-0.32307,9.82795,0.75895,-1.95288,-0.1773,0.04582,-0.3375,84.551,13993.0,24883.0
6.779499613000006,9.19929,-4.67372,-1.63081,-0.11677,0.11483,-0.32005,9.83449,0.70172,-1.89471,-0.17592,0.04461,-0.33887,84.551,13993.0,24883.0
6.784499613000007,9.17654,-4.69918,-1.65536,-0.11639,0.11301,-0.322,9.84102,0.64449,-1.83653,-0.17455,0.0434,-0.34024,84.551,14407.782,24668.534
6.7894996130000065,9.15295,-4.72789,-1.68924,-0.11589,0.111,-0.32461,9.84756,0.58726,-1.77836,-0.17318,0.04219,-0.34162,84.551,14876.747,24426.052
6.794499613000006,9.12936,-4.75661,-1.72312,-0.1154,0.10898,-0.32721,9.85409,0.53004,-1.72018,-0.1718,0.04097,-0.34299,84.59,14931.0,24206.443
6.799499613000006,9.10576,-4.78532,-1.75701,-0.11491,0.10697,-0.32982,9.86063,0.47281,-1.66201,-0.17043,0.03976,-0.34437,84.634,14931.0,23989.826
6.804499613000006,9.10774,-4.76907,-1.77589,-0.11442,0.10495,-0.33242,9.86864,0.43866,-1.73758,-0.16906,0.03855,-0.34574,84.639,15067.407,23965.0
6.809499613000006,9.11302,-4.747,-1.79282,-0.11392,0.10294,-0.33503,9.87685,0.4075,-1.83046,-0.16768,0.03734,-0.34712,84.639,15221.471,23965.0
6.814499613000006,9.11831,-4.72493,-1.80976,-0.11343,0.10092,-0.33763,9.88506,0.37635,-1.92333,-0.16631,0.03612,-0.34849,84.639,15239.0,23851.181
6.819499613000006,9.12359,-4.70286,-1.8267,-0.11294,0.09891,-0.34024,9.89326,0.34519,-2.01621,-0.16494,0.03491,-0.34986,84.639,15239.0,23722.748
6.824499613000007,9.12888,-4.68079,-1.84364,-0.11234,0.09988,-0.34271,9.90147,0.31403,-2.10909,-0.16356,0.0337,-0.35124,84.639,15239.0,23708.0
6.8294996130000065,9.13416,-4.65872,-1.86057,-0.11173,0.10123,-0.34517,9.90968,0.28287,-2.20197,-0.16219,0.03249,-0.35261,84.639,15239.0,23708.0
6.834499613000006,9.13944,-4.63665,-1.87751,-0.11112,0.10259,-0.34763,9.91218,0.29913,-2.18959,-0.16144,0.03323,-0.35595,84.639,15615.078,23680.159
6.839499613000006,9.14473,-4.61458,-1.89445,-0.1105,0.10395,-0.35008,9.91394,0.3216,-2.16342,-0.16078,0.03422,-0.35955,84.639,16040.432,23648.67
6.844499613000006,9.15015,-4.6238,-1.87471,-0.10989,0.1053,-0.35254,9.9157,0.34407,-2.13725,-0.16011,0.03522,-0.36315,84.677,16036.649,23645.0
6.849499613000006,9.15558,-4.63714,-1.85014,-0.10928,0.10666,-0.355,9.91745,0.36654,-2.11108,-0.15945,0.03621,-0.36674,84.721,15976.26,23645.0
6.854499613000006,9.16102,-4.65048,-1.82557,-0.10887,0.1058,-0.35496,9.91921,0.38901,-2.08491,-0.15878,0.03721,-0.37034,84.727,15969.0,23503.386
6.859499613000006,9.16645,-4.66382,-1.80099,-0.1085,0.10463,-0.35458,9.92097,0.41148,-2.05874,-0.15812,0.0382,-0.37394,84.727,15969.0,23342.419
6.864499613000006,9.17189,-4.67716,-1.77642,-0.10812,0.10346,-0.35421,9.92273,0.43395,-2.03257,-0.15745,0.0392,-0.37753,84.727,16388.698,23324.0
6.8694996130000066,9.17732,-4.6905,-1.75185,-0.10774,0.1023,-0.35383,9.92448,0.45642,-2.00639,-0.15679,0.04019,-0.38113,84.727,16862.628,23324.0
6.8744996130000064,9.18276,-4.70385,-1.72727,-0.10736,0.10113,-0.35345,9.9362,0.51992,-1.99487,-0.15435,0.04167,-0.37699,84.727,16917.0,23332.414
6.879499613000006,9.18819,-4.71719,-1.7027,-0.10698,0.09997,-0.35307,9.94921,0.58874,-1.98524,-0.15167,0.04321,-0.37186,84.727,16917.0,23341.918
6.884499613000006,9.19729,-4.69663,-1.7024,-0.10661,0.0988,-0.35269,9.96222,0.65757,-1.97561,-0.149,0.04474,-0.36672,84.727,16961.45,23343.0
6.889499613000006,9.20686,-4.67171,-1.70522,-0.10623,0.09764,-0.35232,9.97524,0.72639,-1.96598,-0.14633,0.04628,-0.36158,84.727,17011.613,23343.0
6.894499613000006,9.21642,-4.64679,-1.70804,-0.10585,0.09647,-0.35194,9.97845,0.61498,-1.95008,-0.14088,0.04712,-0.37374,84.766,17017.0,23192.521
6.899499613000006,9.22599,-4.62187,-1.71086,-0.10547,0.0953,-0.35156,9.98048,0.48188,-1.93343,-0.1351,0.04788,-0.38799,84.809,17017.0,23023.937
6.904499613000006,9.23555,-4.59695,-1.71368,-0.1051,0.09414,-0.35118,9.98251,0.34879,-1.91678,-0.12932,0.04863,-0.40223,84.814,17367.307,23004.0
6.909499613000007,9.24512,-4.57203,-1.7165,-0.10472,0.09297,-0.35081,9.98455,0.2157,-1.90013,-0.12354,0.04939,-0.41647,84.814,17764.601,23004.0
6.9144996130000065,9.24754,-4.56431,-1.70425,-0.09956,0.09276,-0.35454,9.98658,0.0826,-1.88348,-0.11775,0.05015,-0.43072,84.853,17810.0,22970.346
6.919499613000006,9.24904,-4.55882,-1.69006,-0.09378,0.09268,-0.3588,9.98861,-0.05049,-1.86682,-0.11197,0.0509,-0.44496,84.897,17810.0,22932.35
6.924499613000006,9.25054,-4.55333,-1.67586,-0.088,0.09259,-0.36306,10.01562,-0.08557,-1.91004,-0.10619,0.05166,-0.4592,84.941,17774.6,22928.0
6.929499613000006,9.25204,-4.54784,-1.66167,-0.08222,0.0925,-0.36732,10.04586,-0.10799,-1.961,-0.10041,0.05241,-0.47345,84.985,17734.624,22928.0
6.934499613000006,9.25354,-4.54234,-1.64747,-0.07644,0.09241,-0.37158,10.0761,-0.1304,-2.01195,-0.09463,0.05317,-0.48769,85.029,17730.0,22751.466
6.939499613000006,9.25504,-4.53685,-1.63328,-0.07066,0.09233,-0.37584,10.10633,-0.15281,-2.06291,-0.08885,0.05393,-0.50193,85.073,17730.0,22551.842
6.944499613000006,9.25654,-4.53136,-1.61909,-0.06488,0.09224,-0.3801,10.13657,-0.17522,-2.11387,-0.08306,0.05468,-0.51618,85.117,17997.801,22529.0
6.949499613000006,9.25804,-4.52586,-1.60489,-0.0591,0.09215,-0.38436,10.16681,-0.19763,-2.16482,-0.07728,0.05544,-0.53042,85.161,18300.205,22529.0
6.9544996130000065,9.26884,-4.51223,-1.6394,-0.06004,0.10331,-0.41563,10.19704,-0.22004,-2.21578,-0.08051,0.06367,-0.55819,85.205,18336.0,22272.564
6.959499613000006,9.2809,-4.49751,-1.68044,-0.06188,0.11598,-0.45054,10.22728,-0.24246,-2.26674,-0.08494,0.07289,-0.58777,85.249,18336.0,21981.698
6.964499613000006,9.29295,-4.48278,-1.72148,-0.06372,0.12865,-0.48544,10.22627,-0.22771,-2.27466,-0.08937,0.08212,-0.61735,85.254,18187.826,21948.0
6.969499613000006,9.305,-4.46805,-1.76253,-0.06556,0.14132,-0.52035,10.22116,-0.20809,-2.27694,-0.0938,0.09135,-0.64693,85.254,18020.237,21948.0
6.974499613000006,9.31705,-4.45333,-1.80357,-0.0674,0.15399,-0.55525,10.21605,-0.18848,-2.27922,-0.09824,0.10058,-0.67651,85.293,18001.0,21762.054
6.979499613000006,9.3291,-4.4386,-1.84461,-0.06924,0.16666,-0.59015,10.21094,-0.16886,-2.2815,-0.10267,0.10981,-0.70609,85.337,18001.0,21551.996
6.984499613000006,9.31976,-4.40739,-1.81644,-0.06447,0.16646,-0.61421,10.20584,-0.14924,-2.28378,-0.09669,0.11279,-0.73582,85.342,18331.034,21528.0
6.989499613000006,9.30766,-4.37406,-1.77935,-0.05885,0.16459,-0.63686,10.20073,-0.12963,-2.28606,-0.08936,0.11496,-0.76558,85.342,18703.633,21528.0
6.9944996130000066,9.29556,-4.34073,-1.74225,-0.05323,0.16273,-0.65952,10.16333,-0.07738,-2.17172,-0.08204,0.11714,-0.79533,85.342,18746.0,21288.367
6.9994996130000064,9.28346,-4.3074,-1.70515,-0.04762,0.16086,-0.68218,10.1218,-0.02094,-2.04242,-0.07471,0.11932,-0.82508,85.342,18746.0,21017.99
7.004499613000006,9.29208,-4.28556,-1.68061,-0.042,0.159,-0.70483,10.08026,0.03549,-1.91312,-0.06738,0.12149,-0.85484,85.381,18653.482,20987.0
7.009499613000006,9.30337,-4.2652,-1.65769,-0.03638,0.15713,-0.72749,10.03872,0.09193,-1.78382,-0.06006,0.12367,-0.88459,85.425,18548.987,20987.0
7.014499613000006,9.31467,-4.24484,-1.63476,-0.03076,0.15527,-0.75014,10.06456,0.17642,-1.8527,-0.06655,0.13053,-0.90339,85.43,18537.0,20744.486
7.019499613000006,9.32596,-4.22449,-1.61184,-0.02514,0.15341,-0.7728,10.09913,0.26455,-1.94726,-0.07484,0.138,-0.92078,85.43,18537.0,20470.546
7.024499613000006,9.33726,-4.20413,-1.58892,-0.01952,0.15154,-0.79546,10.13369,0.35267,-2.04182,-0.08313,0.14547,-0.93816,85.43,18804.309,20439.0
7.029499613000006,9.34856,-4.18378,-1.566,-0.0139,0.14968,-0.81811,10.16826,0.4408,-2.13638,-0.09141,0.15294,-0.95554,85.43,19106.406,20439.0
7.034499613000007,9.46624,-4.17347,-1.60505,-0.01453,0.15894,-0.84134,10.20282,0.52893,-2.23094,-0.0997,0.16041,-0.97292,85.43,19142.0,20104.231
7.0394996130000065,9.59813,-4.1645,-1.65239,-0.01598,0.16968,-0.86464,10.23739,0.61705,-2.3255,-0.10798,0.16788,-0.99031,85.43,19142.0,19724.75
7.044499613000006,9.73003,-4.15554,-1.69973,-0.01743,0.18043,-0.88794,10.27196,0.70518,-2.42006,-0.11627,0.17535,-1.00769,85.43,19361.491,19681.0
7.049499613000006,9.86192,-4.14657,-1.74706,-0.01889,0.19117,-0.91125,10.30652,0.79331,-2.51462,-0.12456,0.18282,-1.02507,85.43,19609.585,19681.0
7.054499613000006,9.99381,-4.13761,-1.7944,-0.02034,0.20192,-0.93455,10.41461,0.84324,-2.51677,-0.13257,0.18698,-1.04712,85.43,19638.0,19612.815
7.059499613000006,10.1257,-4.12864,-1.84173,-0.02179,0.21267,-0.95785,10.5322,0.88822,-2.50697,-0.14054,0.19072,-1.06977,85.43,19638.0,19535.81
7.064499613000006,10.2576,-4.11968,-1.88907,-0.02325,0.22341,-0.98115,10.6498,0.93321,-2.49717,-0.14852,0.19446,-1.09242,85.43,19796.497,19527.0
7.069499613000006,10.38949,-4.11071,-1.9364,-0.0247,0.23416,-1.00445,10.7674,0.9782,-2.48737,-0.15649,0.1982,-1.11507,85.43,19975.469,19527.0
7.074499613000006,10.41591,-4.07505,-1.91985,-0.02883,0.24323,-1.03563,10.79978,0.91785,-2.45734,-0.16446,0.20194,-1.13772,85.43,19996.0,19686.351
7.0794996130000065,10.42866,-4.03594,-1.89502,-0.03331,0.25208,-1.06783,10.82111,0.84385,-2.42468,-0.17244,0.20567,-1.16037,85.43,19996.0,19866.352
7.084499613000006,10.44141,-3.99683,-1.87019,-0.03779,0.26094,-1.10002,10.84245,0.76985,-2.39202,-0.18041,0.20941,-1.18302,85.43,20314.882,19888.0
7.089499613000006,10.45416,-3.95771,-1.84536,-0.04227,0.26979,-1.13222,10.86378,0.69585,-2.35936,-0.18839,0.21315,-1.20567,85.43,20677.359,19888.0
7.094499613000006,10.4669,-3.9186,-1.82053,-0.04675,0.27864,-1.16442,10.88512,0.62185,-2.32671,-0.19636,0.21689,-1.22832,85.43,20719.0,19733.501
7.099499613000006,10.47965,-3.87948,-1.7957,-0.05123,0.2875,-1.19662,10.90646,0.54785,-2.29405,-0.20434,0.22062,-1.25097,85.43,20719.0,19558.95
7.104499613000006,10.4924,-3.84037,-1.77086,-0.05571,0.29635,-1.22881,10.92779,0.47385,-2.26139,-0.2018,0.22658,-1.28056,85.43,21110.839,19540.0
7.109499613000006,10.50515,-3.80125,-1.74603,-0.06019,0.30521,-1.26101,10.94913,0.39985,-2.22874,-0.19798,0.2328,-1.31099,85.43,21550.398,19540.0
7.114499613000006,10.58487,-3.93295,-1.81859,-0.0554,0.32453,-1.33914,11.03831,0.28866,-2.30056,-0.19416,0.23902,-1.34143,85.391,21601.0,19413.018
7.1194996130000066,10.67329,-4.08687,-1.90381,-0.0494,0.34522,-1.42325,11.13631,0.17263,-2.38597,-0.19034,0.24524,-1.37186,85.347,21601.0,19269.516
7.1244996130000064,10.76171,-4.24078,-1.98903,-0.04341,0.36591,-1.50736,11.23432,0.0566,-2.47139,-0.18651,0.25146,-1.40229,85.342,21971.199,19253.0
7.129499613000006,10.85014,-4.3947,-2.07426,-0.03741,0.3866,-1.59147,11.33232,-0.05943,-2.5568,-0.18269,0.25768,-1.43272,85.342,22389.545,19253.0
7.134499613000006,10.925,-4.64349,-2.18384,-0.02713,0.39027,-1.64471,11.43032,-0.17546,-2.64221,-0.17887,0.2639,-1.46315,85.303,22432.0,19253.0
7.139499613000006,10.99833,-4.90299,-2.29618,-0.01638,0.39202,-1.69447,11.52833,-0.29149,-2.72763,-0.17505,0.27012,-1.49358,85.259,22432.0,19253.0
7.144499613000006,11.07165,-5.16249,-2.40852,-0.00562,0.39376,-1.74422,11.62633,-0.40752,-2.81304,-0.17123,0.27634,-1.52402,85.254,22773.777,18889.586
7.149499613000006,11.14498,-5.42199,-2.52086,0.00514,0.39551,-1.79397,11.72434,-0.52355,-2.89846,-0.16741,0.28256,-1.55445,85.254,23159.683,18479.249
7.154499613000006,11.25023,-5.41218,-2.51325,0.01589,0.39725,-1.84372,11.77948,-0.5528,-2.84894,-0.15158,0.28339,-1.59032,85.215,23206.0,17702.353
7.159499613000006,11.35982,-5.36565,-2.48929,0.02665,0.39899,-1.89348,11.82878,-0.57022,-2.78103,-0.13411,0.28349,-1.62693,85.171,23206.0,16875.462
7.1644996130000065,11.46942,-5.31911,-2.46533,0.03741,0.40074,-1.94323,11.87807,-0.58764,-2.71311,-0.11664,0.28359,-1.66354,85.127,23354.58,16781.0
7.169499613000006,11.57902,-5.27257,-2.44136,0.04817,0.40248,-1.99298,11.92737,-0.60506,-2.6452,-0.09917,0.28368,-1.70016,85.084,23522.323,16781.0
7.174499613000006,11.68862,-5.22603,-2.4174,0.03408,0.40603,-2.03243,11.97667,-0.62248,-2.57728,-0.0817,0.28378,-1.73677,85.001,23544.0,15848.603
7.179499613000006,11.79821,-5.17949,-2.39344,0.0163,0.40984,-2.07035,12.02597,-0.6399,-2.50937,-0.06423,0.28388,-1.77338,84.912,23544.0,14777.832
7.184499613000006,11.90781,-5.13295,-2.36947,-0.00148,0.41365,-2.10827,12.07526,-0.65732,-2.44145,-0.04676,0.28398,-1.81,84.825,23596.664,14655.0
7.189499613000006,12.01741,-5.08641,-2.34551,-0.01926,0.41746,-2.14619,12.12456,-0.67473,-2.37353,-0.02929,0.28407,-1.84661,84.737,23656.153,14655.0
7.194499613000006,12.08926,-5.02048,-2.30182,-0.03704,0.42127,-2.18411,12.06672,-0.42313,-2.27589,-0.06211,0.25528,-1.91655,84.688,23663.0,13706.218
7.199499613000006,12.15619,-4.95203,-2.25557,-0.05482,0.42508,-2.22203,11.99495,-0.13654,-2.17437,-0.10147,0.22273,-1.99082,84.644,23663.0,12634.027
7.2044996130000065,12.22312,-4.88358,-2.20931,-0.0726,0.42889,-2.25995,11.92318,0.15006,-2.07285,-0.14083,0.19018,-2.06509,84.522,23950.984,12510.0
7.209499613000006,12.29006,-4.81513,-2.16306,-0.09038,0.4327,-2.29787,11.85141,0.43665,-1.97134,-0.18019,0.15763,-2.13936,84.39,24276.639,12510.0
7.214499613000006,12.35699,-4.74668,-2.1168,-0.10816,0.43651,-2.33579,11.75158,0.43236,-1.87499,-0.19876,0.14142,-2.17937,84.219,24314.0,12510.0
7.219499613000006,12.42393,-4.67822,-2.07055,-0.12594,0.44032,-2.37371,11.6481,0.39038,-1.77931,-0.21463,0.12733,-2.21495,84.044,24314.0,12510.0
7.224499613000006,12.49086,-4.60977,-2.0243,-0.14372,0.44414,-2.41163,11.54463,0.34839,-1.68364,-0.2305,0.11324,-2.25053,83.946,24336.137,10143.154
7.229499613000006,12.5578,-4.54132,-1.97804,-0.1615,0.44795,-2.44955,11.44116,0.30641,-1.58796,-0.24637,0.09915,-2.2861,83.858,24361.131,7470.72
7.234499613000006,12.56053,-4.47621,-2.04506,-0.19707,0.45977,-2.54753,11.27959,0.21205,-1.62005,-0.26224,0.08506,-2.32168,83.77,24364.0,5641.51
7.239499613000006,12.55494,-4.41153,-2.12677,-0.23495,0.47263,-2.6533,11.11049,0.1109,-1.66871,-0.27812,0.07097,-2.35725,83.682,24364.0,3921.626
7.2444996130000066,12.54935,-4.34685,-2.20847,-0.27283,0.4855,-2.75907,10.94138,0.00976,-1.71736,-0.29399,0.05689,-2.39283,83.555,24489.609,3725.0
7.2494996130000064,12.54377,-4.28217,-2.29018,-0.31071,0.49836,-2.86484,10.77228,-0.09139,-1.76602,-0.30986,0.0428,-2.4284,83.424,24631.432,3725.0
7.254499613000006,12.53818,-4.21749,-2.37188,-0.34859,0.51122,-2.97061,10.60317,-0.19254,-1.81467,-0.32573,0.02871,-2.46398,83.292,24648.0,3299.619
7.259499613000006,12.53259,-4.15281,-2.45358,-0.38647,0.52408,-3.07637,10.43407,-0.29368,-1.86333,-0.3416,0.01462,-2.49956,83.16,24648.0,2817.97
7.264499613000006,12.95426,-3.75615,-2.52554,-0.44184,0.52888,-3.13501,10.26497,-0.39483,-1.91198,-0.35747,0.00053,-2.53513,83.067,24382.267,2763.0
7.269499613000006,13.43097,-3.31671,-2.59623,-0.49948,0.53265,-3.18758,10.09586,-0.49598,-1.96064,-0.37335,-0.01356,-2.57071,82.979,24082.299,2763.0
7.274499613000006,13.90769,-2.87728,-2.66693,-0.55711,0.53641,-3.24014,10.0844,0.11745,-2.02759,-0.43397,-0.03608,-2.64733,82.891,24048.0,1986.973
7.279499613000006,14.38441,-2.43785,-2.73762,-0.61474,0.54017,-3.29271,10.09328,0.82314,-2.0969,-0.50037,-0.05968,-2.72925,82.803,24048.0,1110.758
7.284499613000006,14.5984,-2.49582,-2.72785,-0.67238,0.54394,-3.34527,10.10217,1.52882,-2.16621,-0.56677,-0.08329,-2.81116,82.715,23551.804,1011.0
7.2894996130000065,14.77865,-2.61769,-2.70774,-0.73001,0.5477,-3.39784,10.11105,2.23451,-2.23552,-0.63317,-0.1069,-2.89308,82.627,22991.859,1011.0
7.294499613000006,14.95889,-2.73957,-2.68763,-0.75124,0.53777,-3.39539,10.11994,2.9402,-2.30484,-0.69957,-0.1305,-2.975,82.462,22927.0,1011.0
7.299499613000006,15.13914,-2.86145,-2.66751,-0.76771,0.52606,-3.38573,10.12883,3.64588,-2.37415,-0.76597,-0.15411,-3.05692,82.286,22927.0,1011.0
7.304499613000006,15.31938,-2.98333,-2.6474,-0.78417,0.51434,-3.37607,10.27936,3.9856,-2.45995,-0.80716,-0.14508,-3.02712,82.188,22927.0,960.643
7.309499613000006,15.49962,-3.1052,-2.62729,-0.80064,0.50262,-3.36641,10.44874,4.27663,-2.54794,-0.84499,-0.13171,-2.98245,82.1,22927.0,903.587
7.314499613000006,15.67987,-3.22708,-2.60718,-0.8171,0.4909,-3.35676,10.61813,4.56765,-2.63594,-0.88283,-0.11834,-2.93778,81.973,21452.799,897.0
7.319499613000006,15.86011,-3.34896,-2.58707,-0.83356,0.47918,-3.3471,10.78751,4.85868,-2.72393,-0.92066,-0.10497,-2.89311,81.841,19786.189,897.0
7.324499613000006,15.22629,-3.69852,-2.50578,-0.85003,0.46746,-3.33744,10.95689,5.14971,-2.81193,-0.95849,-0.09159,-2.84844,81.632,19593.0,695.921
7.3294996130000065,14.48573,-4.07793,-2.41647,-0.86649,0.45574,-3.32778,11.12627,5.44074,-2.89992,-0.99633,-0.07822,-2.80377,81.412,19593.0,468.477
7.334499613000006,13.74517,-4.45734,-2.32715,-0.86946,0.46503,-3.2859,10.40752,5.19431,-2.83146,-1.00172,-0.06436,-2.71844,81.231,14341.127,442.0
7.339499613000006,13.00461,-4.83676,-2.23784,-0.87065,0.47709,-3.23976,9.57175,4.87708,-2.7424,-1.00284,-0.05043,-2.62775,81.056,8397.327,442.0
7.344499613000006,12.26405,-5.21617,-2.14853,-0.87185,0.48914,-3.19363,8.73598,4.55985,-2.65333,-1.00396,-0.0365,-2.53707,80.88,7706.0,349.584
7.349499613000006,11.52349,-5.59558,-2.05922,-0.87304,0.5012,-3.1475,7.90021,4.24261,-2.56426,-1.00508,-0.02257,-2.44638,80.704,7706.0,245.005
7.354499613000006,10.68819,-5.66054,-1.96361,-0.87423,0.51325,-3.10137,7.06444,3.92538,-2.47519,-1.0062,-0.00864,-2.35569,80.489,4859.994,233.0
7.359499613000006,9.84059,-5.68472,-1.86719,-0.87542,0.52531,-3.05523,6.22867,3.60815,-2.38612,-1.00732,0.00529,-2.265,80.269,1644.912,233.0
7.364499613000006,8.99299,-5.70889,-1.77077,-0.87661,0.53737,-3.0091,5.59176,3.63753,-2.26168,-1.00844,0.01922,-2.17431,80.05,1279.0,243.629
7.369499613000006,8.1454,-5.73307,-1.67435,-0.87781,0.54942,-2.96297,4.98039,3.71143,-2.13271,-1.00956,0.03315,-2.08362,79.83,1279.0,255.622
7.3744996130000064,7.2978,-5.75725,-1.57793,-0.879,0.56148,-2.91683,4.36902,3.78532,-2.00373,-1.01068,0.04708,-1.99293,79.688,1074.944,257.0
7.379499613000006,6.4502,-5.78142,-1.48151,-0.88019,0.57354,-2.8707,3.75765,3.85922,-1.87475,-1.0118,0.06101,-1.90224,79.556,844.401,257.0
7.384499613000006,5.60261,-5.8056,-1.38509,-0.88138,0.58559,-2.82457,3.14628,3.93312,-1.74577,-1.00871,0.08493,-1.67741,79.463,818.0,226.02
7.389499613000006,4.75501,-5.82978,-1.28867,-0.88257,0.59765,-2.77844,2.53491,4.00702,-1.6168,-1.00509,0.11014,-1.43524,79.375,818.0,191.033
7.394499613000006,4.45109,-6.3389,-1.12938,-0.84055,0.56696,-2.49519,1.92354,4.08091,-1.48782,-1.00146,0.13535,-1.19306,79.249,456.903,187.0
7.399499613000006,4.21802,-6.91121,-0.96189,-0.7929,0.5307,-2.18105,1.31217,4.15481,-1.35884,-0.99783,0.16056,-0.95088,79.117,48.757,187.0
7.404499613000006,3.98494,-7.48352,-0.79441,-0.74524,0.49444,-1.86691,1.40334,4.30445,-1.26518,-0.9942,0.18577,-0.7087,79.063,2.0,124.142
7.409499613000006,3.75186,-8.05583,-0.62693,-0.69759,0.45818,-1.55277,1.58541,4.46389,-1.17609,-0.99058,0.21098,-0.46652,79.019,2.0,53.152
7.4144996130000065,3.51879,-8.62814,-0.45944,-0.64993,0.42192,-1.23863,1.76747,4.62333,-1.08699,-0.98695,0.23619,-0.22434,78.975,5.984,45.0
7.419499613000006,3.28571,-9.20045,-0.29196,-0.60228,0.38565,-0.92448,1.94954,4.78277,-0.9979,-0.98332,0.2614,0.01784,78.931,10.484,45.0
7.424499613000006,3.05263,-9.77275,-0.12447,-0.55463,0.34939,-0.61034,2.1316,4.9422,-0.9088,-0.83274,0.28054,0.17612,78.926,11.0,45.0
7.429499613000006,2.81956,-10.34506,0.04301,-0.50697,0.31313,-0.2962,2.31366,5.10164,-0.81971,-0.66314,0.2989,0.32355,78.926,11.0,45.0
7.434499613000006,2.64927,-10.00086,-0.02849,-0.33058,0.24977,-0.02136,2.49573,5.26108,-0.73061,-0.49353,0.31726,0.47099,78.926,17.194,359.138
7.439499613000006,2.48707,-9.53844,-0.13083,-0.13759,0.18291,0.24841,2.67779,5.42052,-0.64152,-0.32393,0.33562,0.61842,78.926,24.187,713.793
7.444499613000006,2.32488,-9.07603,-0.23316,0.05541,0.11606,0.51818,2.52112,4.42379,-0.59992,-0.15433,0.35399,0.76585,78.965,25.0,900.502
7.449499613000006,2.16268,-8.61361,-0.33549,0.2484,0.0492,0.78795,2.31992,3.27507,-0.56458,0.01527,0.37235,0.91328,79.008,25.0,1065.132
7.4544996130000065,2.00049,-8.15119,-0.43782,0.4414,-0.01765,1.05772,2.11872,2.12634,-0.52923,0.18488,0.39071,1.06071,79.052,15.298,1085.0
7.459499613000006,1.8383,-7.68878,-0.54015,0.63439,-0.08451,1.3275,1.91752,0.97762,-0.49388,0.35448,0.40907,1.20814,79.097,4.264,1085.0
7.464499613000006,1.99432,-7.01269,-0.74404,0.68623,-0.12039,1.43543,1.92326,1.17794,-0.29273,0.43991,0.38573,1.32286,79.102,3.0,1468.266
7.469499613000006,2.1915,-6.30897,-0.96107,0.71982,-0.15226,1.52242,1.95578,1.55277,-0.07012,0.51446,0.357,1.43335,79.102,3.0,1901.108
7.474499613000006,2.38869,-5.60525,-1.1781,0.7534,-0.18413,1.60942,1.98829,1.92759,0.15248,0.58901,0.32827,1.54384,79.14,2.557,1951.0
7.479499613000006,2.58587,-4.90153,-1.39513,0.78698,-0.216,1.69642,2.02081,2.30242,0.37508,0.66356,0.29954,1.65434,79.184,2.057,1951.0
7.484499613000006,2.79364,-4.75829,-1.48844,0.82056,-0.24787,1.78341,2.07655,2.48724,0.35351,0.73811,0.27081,1.76483,79.228,2.0,2517.09
7.489499613000006,3.00277,-4.68716,-1.56584,0.85414,-0.27974,1.87041,2.13529,2.64762,0.30052,0.81265,0.24208,1.87532,79.272,2.0,3156.018
7.494499613000006,3.2119,-4.61603,-1.64324,0.88772,-0.31161,1.95741,2.19402,2.80799,0.24754,0.8872,0.21335,1.98581,79.277,2.886,3229.0
7.4994996130000064,3.42103,-4.5449,-1.72063,0.92131,-0.34348,2.0444,2.25276,2.96837,0.19455,0.96175,0.18462,2.0963,79.277,3.886,3229.0
7.504499613000006,3.63017,-4.47377,-1.79803,0.95489,-0.37536,2.1314,2.31149,3.12874,0.14156,0.98385,0.15778,2.26395,79.316,4.0,4220.324
7.509499613000006,3.8393,-4.40264,-1.87542,0.98847,-0.40723,2.2184,2.37023,3.28912,0.08858,0.99918,0.13119,2.43897,79.36,4.0,5339.528
7.514499613000006,4.08586,-4.42374,-1.91023,0.99462,-0.44597,2.39419,2.42896,3.44949,0.03559,1.01451,0.1046,2.614,79.404,4.0,5469.0
7.519499613000006,4.33732,-4.4569,-1.93946,0.99718,-0.48562,2.58161,2.4877,3.60987,-0.0174,1.02984,0.07801,2.78902,79.448,4.0,5469.0
7.524499613000006,4.58877,-4.49005,-1.96869,0.99974,-0.52527,2.76902,2.54643,3.77024,-0.07039,1.04517,0.05141,2.96404,79.492,4.0,6880.617
7.529499613000006,4.84023,-4.52321,-1.99792,1.0023,-0.56491,2.95644,2.60517,3.93062,-0.12337,1.0605,0.02482,3.13907,79.536,4.0,8475.213
7.534499613000006,5.09169,-4.55637,-2.02715,1.00487,-0.60456,3.14385,2.67936,4.19935,-0.22342,1.04759,0.00715,3.23926,79.619,3.558,8664.0
7.5394996130000065,5.34314,-4.58953,-2.05638,1.00743,-0.64421,3.33127,2.75563,4.48263,-0.32978,1.03088,-0.00933,3.32941,79.707,3.058,8664.0
7.544499613000006,5.70919,-4.53831,-2.05996,0.99274,-0.66255,3.45273,2.8319,4.76591,-0.43614,1.01418,-0.02581,3.41956,79.795,3.0,10950.124
7.549499613000006,6.09016,-4.4761,-2.0602,0.9758,-0.67813,3.56562,2.90817,5.04919,-0.54251,0.99747,-0.04229,3.50971,79.882,3.0,13533.804
7.554499613000006,6.47112,-4.41389,-2.06044,0.95887,-0.6937,3.6785,3.20733,5.10937,-0.5286,0.98077,-0.05877,3.59986,80.009,3.0,13831.0
7.559499613000006,6.85208,-4.35168,-2.06068,0.94194,-0.70928,3.79138,3.53547,5.14055,-0.49906,0.96406,-0.07525,3.69001,80.141,3.0,13831.0
7.564499613000006,7.23305,-4.28947,-2.06092,0.925,-0.72485,3.90427,3.8636,5.17173,-0.46953,0.94735,-0.09173,3.78016,80.273,3.0,15298.903
7.569499613000006,7.61401,-4.22726,-2.06116,0.90807,-0.74042,4.01715,4.19174,5.20291,-0.43999,0.93065,-0.10821,3.87031,80.405,3.0,16956.287
7.574499613000006,7.99497,-4.16505,-2.06139,0.89113,-0.756,4.13003,4.51988,5.23409,-0.41045,0.91394,-0.12468,3.96046,80.537,3.443,17140.0
7.579499613000006,8.37594,-4.10284,-2.06163,0.8742,-0.77157,4.24292,4.84801,5.26526,-0.38091,0.89724,-0.14116,4.05061,80.668,3.942,17140.0
7.584499613000006,8.7569,-4.04063,-2.06187,0.85727,-0.78714,4.3558,5.10998,5.13314,-0.50082,0.85764,-0.16496,4.11046,80.8,4.0,18117.93
7.589499613000006,9.13786,-3.97842,-2.06211,0.84033,-0.80272,4.46869,5.36325,4.97955,-0.64038,0.81503,-0.18972,4.16633,80.932,4.0,19224.425
7.594499613000006,9.7687,-3.74965,-2.13741,0.74069,-0.7809,4.58634,5.61652,4.82596,-0.77994,0.77242,-0.21448,4.2222,81.064,3.558,19352.0
7.599499613000006,10.4321,-3.49916,-2.22249,0.63027,-0.75421,4.70462,5.86979,4.67237,-0.9195,0.72981,-0.23924,4.27807,81.196,3.057,19352.0
7.604499613000006,11.0955,-3.24868,-2.30757,0.51986,-0.72752,4.82289,6.12306,4.51878,-1.05906,0.6872,-0.26401,4.33394,81.328,3.0,19564.373
7.609499613000006,11.75889,-2.9982,-2.39265,0.40944,-0.70083,4.94117,6.37632,4.36519,-1.19862,0.64459,-0.28877,4.38981,81.459,3.0,19804.249
7.614499613000006,12.47565,-3.29996,-2.35645,0.42371,-0.69608,4.95759,6.62959,4.2116,-1.33818,0.60198,-0.31353,4.44568,81.63,4.327,19832.0
7.619499613000006,13.19938,-3.67397,-2.30438,0.45429,-0.6942,4.96069,6.88286,4.05801,-1.47774,0.55937,-0.33829,4.50155,81.806,5.827,19832.0
7.6244996130000064,13.92311,-4.04799,-2.25231,0.48487,-0.69232,4.96379,7.40666,3.78307,-1.57632,0.61157,-0.33032,4.51211,81.904,6.0,19946.65
7.629499613000006,14.64685,-4.422,-2.20025,0.51545,-0.69044,4.96689,7.96564,3.49235,-1.66957,0.6761,-0.3181,4.51678,81.992,6.0,20076.211
7.634499613000006,15.04012,-4.32971,-2.27382,0.54603,-0.68856,4.96999,8.52462,3.20163,-1.76282,0.74063,-0.30587,4.52145,82.119,5.114,20091.0
7.639499613000006,15.39081,-4.17734,-2.36358,0.57661,-0.68669,4.97309,9.08361,2.9109,-1.85607,0.80516,-0.29364,4.52611,82.251,4.114,20091.0
7.644499613000006,15.74149,-4.02496,-2.45334,0.60719,-0.68481,4.97619,9.64259,2.62018,-1.94932,0.86969,-0.28142,4.53078,82.382,4.0,19899.904
7.649499613000006,16.09218,-3.87259,-2.5431,0.63777,-0.68293,4.97929,10.20157,2.32946,-2.04257,0.93423,-0.26919,4.53545,82.514,4.0,19684.237
7.654499613000006,16.44287,-3.72022,-2.63286,0.66835,-0.68105,4.98239,10.5716,2.30052,-2.09933,0.95623,-0.26028,4.47605,82.685,3.558,19659.0
7.659499613000006,16.79356,-3.56784,-2.72262,0.69893,-0.67917,4.98549,10.91658,2.30627,-2.15126,0.97259,-0.2518,4.40815,82.861,3.058,19659.0
7.6644996130000065,17.14425,-3.41547,-2.81239,0.71808,-0.68331,4.94505,11.26156,2.31202,-2.20318,0.98896,-0.24332,4.34025,83.036,3.0,19159.196
7.669499613000006,17.49494,-3.2631,-2.90215,0.73573,-0.68824,4.89895,11.60655,2.31777,-2.25511,1.00532,-0.23484,4.27236,83.212,3.0,18594.364
7.674499613000006,17.87403,-2.87081,-2.9802,0.75338,-0.69317,4.85284,11.95153,2.32352,-2.30703,1.02168,-0.22636,4.20446,83.349,3.0,18529.0
7.679499613000006,18.25685,-2.44711,-3.05671,0.77104,-0.69809,4.80674,12.29651,2.32927,-2.35896,1.03805,-0.21788,4.13657,83.481,3.0,18529.0
7.684499613000006,18.63967,-2.02342,-3.13323,0.78869,-0.70302,4.76063,12.47635,2.72256,-2.4664,1.05441,-0.20941,4.06867,83.691,3.0,18377.685
7.689499613000006,19.02248,-1.59973,-3.20974,0.80635,-0.70794,4.71453,12.63486,3.16586,-2.581,1.07078,-0.20093,4.00077,83.91,3.0,18206.843
7.694499613000006,19.4053,-1.17604,-3.28626,0.824,-0.71287,4.66842,12.79338,3.60915,-2.69561,1.0024,-0.20603,3.91959,84.129,3.439,18187.0
7.699499613000006,19.78812,-0.75235,-3.36278,0.84165,-0.7178,4.62232,12.9519,4.05245,-2.81021,0.92289,-0.21291,3.83665,84.347,3.936,18187.0
7.704499613000006,19.76381,-0.42909,-3.33483,0.77766,-0.68368,4.53264,13.11042,4.49575,-2.92482,0.84338,-0.2198,3.75372,84.53,4.0,18001.307
7.709499613000006,19.67984,-0.12055,-3.29158,0.7017,-0.64384,4.43658,13.26894,4.93904,-3.03942,0.76387,-0.22669,3.67078,84.708,4.0,17788.398
7.714499613000006,19.59587,0.188,-3.24832,0.62574,-0.604,4.34051,13.42746,5.38234,-3.15403,0.68436,-0.23357,3.58785,84.805,3.11,17766.0
7.719499613000006,19.5119,0.49654,-3.20507,0.54979,-0.56415,4.24445,13.58598,5.82563,-3.26863,0.60485,-0.24046,3.50492,84.892,2.114,17766.0
7.724499613000006,19.42793,0.80508,-3.16182,0.47383,-0.52431,4.14838,13.37362,5.75268,-3.18123,0.52534,-0.24734,3.42198,85.018,2.0,17192.453
7.729499613000006,19.34396,1.11362,-3.11856,0.39787,-0.48447,4.05232,13.11309,5.61268,-3.0676,0.44583,-0.25423,3.33905,85.148,2.0,16544.419
7.734499613000006,19.25999,1.42216,-3.07531,0.32191,-0.44463,3.95626,12.85257,5.47268,-2.95396,0.36632,-0.26111,3.25611,85.243,2.436,16455.0
7.739499613000006,19.17602,1.73071,-3.03206,0.24595,-0.40479,3.86019,12.59204,5.33268,-2.84033,0.28681,-0.268,3.17318,85.331,2.941,16455.0
7.744499613000006,19.09205,2.03925,-2.9888,0.16999,-0.36495,3.76413,12.42027,5.17974,-2.70216,0.24073,-0.29099,3.04278,85.381,3.0,15780.702
7.7494996130000064,19.00808,2.34779,-2.94555,0.09404,-0.32511,3.66806,12.26016,5.02511,-2.56076,0.19904,-0.31611,2.90614,85.425,3.0,15017.72
7.754499613000006,18.42896,2.69968,-2.86456,-0.01059,-0.31351,3.32659,12.10006,4.87047,-2.41936,0.15736,-0.34122,2.7695,85.468,1.234,14928.0
7.759499613000006,17.78385,3.05735,-2.77855,-0.11903,-0.30568,2.95241,11.93995,4.71583,-2.27796,0.11567,-0.36633,2.63286,85.512,-0.768,14928.0
7.764499613000006,17.13874,3.41501,-2.69253,-0.22747,-0.29784,2.57822,11.77984,4.56119,-2.13656,0.07399,-0.39144,2.49622,85.518,-1.0,14333.095
7.769499613000006,16.49363,3.77268,-2.60652,-0.33591,-0.29001,2.20404,11.61974,4.40656,-1.99516,0.0323,-0.41655,2.35958,85.518,-1.0,13660.19
7.774499613000006,16.09521,3.98725,-2.24468,-0.32404,-0.30307,2.02207,11.45963,4.25192,-1.85376,-0.00939,-0.44167,2.22294,85.518,0.766,13582.0
7.779499613000006,15.72922,4.183,-1.84659,-0.29634,-0.31889,1.86536,11.29953,4.09728,-1.71236,-0.05107,-0.46678,2.0863,85.518,2.764,13582.0
7.784499613000006,15.36323,4.37875,-1.44849,-0.26864,-0.3347,1.70865,11.21767,3.88091,-1.6175,-0.02192,-0.45989,1.86366,85.479,3.0,12570.561
7.7894996130000065,14.99724,4.5745,-1.0504,-0.24094,-0.35051,1.55195,11.14627,3.65629,-1.52886,0.01671,-0.44872,1.62953,85.435,3.0,11423.948
7.794499613000006,14.90444,4.67765,-0.88608,-0.21324,-0.36633,1.39524,11.07487,3.43168,-1.44023,0.05533,-0.43755,1.39539,85.43,2.114,11293.0
7.799499613000006,14.84687,4.76886,-0.7519,-0.18554,-0.38214,1.23854,11.00347,3.20706,-1.35159,0.09396,-0.42638,1.16126,85.43,1.115,11293.0
7.804499613000006,14.78929,4.86007,-0.61772,-0.15785,-0.39795,1.08183,10.93208,2.98244,-1.26295,0.13258,-0.41521,0.92713,85.43,1.0,11089.11
7.809499613000006,14.73172,4.95128,-0.48355,-0.13015,-0.41376,0.92512,10.86068,2.75782,-1.17432,0.17121,-0.40405,0.69299,85.43,1.0,10858.836
7.814499613000006,14.67414,5.04249,-0.34937,-0.10245,-0.42958,0.76842,10.94384,2.64796,-1.03698,0.33755,-0.36925,0.42067,85.391,1.443,10833.0
7.819499613000006,14.61656,5.1337,-0.21519,-0.07475,-0.44539,0.61171,11.04653,2.55259,-0.89349,0.52002,-0.33147,0.14352,85.347,1.943,10833.0
7.824499613000006,14.55899,5.22491,-0.08102,0.04948,-0.48744,0.36273,11.14922,2.45723,-0.75,0.7025,-0.29369,-0.13363,85.264,2.0,11739.642
7.829499613000006,14.50141,5.31612,0.05316,0.18627,-0.53291,0.10176,11.25191,2.36186,-0.60651,0.88498,-0.25592,-0.41078,85.176,2.0,12764.128
7.834499613000006,14.76145,4.86914,0.28089,0.32305,-0.57838,-0.15921,11.35461,2.2665,-0.46301,1.06746,-0.21814,-0.68793,85.088,3.325,12886.0
7.839499613000006,15.06437,4.34949,0.52125,0.45983,-0.62384,-0.42018,11.4573,2.17113,-0.31952,1.24993,-0.18036,-0.96508,85.0,4.828,12886.0
7.844499613000006,15.36728,3.82984,0.76161,0.59662,-0.66931,-0.68115,11.75262,1.46475,-0.20461,1.43241,-0.14258,-1.24222,84.874,5.0,16611.886
7.849499613000006,15.6702,3.31019,1.00197,0.7334,-0.71477,-0.94212,12.07276,0.67967,-0.09339,1.61489,-0.1048,-1.51937,84.742,5.0,20817.663
7.854499613000006,15.97312,2.79053,1.24233,0.87019,-0.76024,-1.20309,12.39289,-0.10541,0.01784,1.50727,-0.10134,-1.5739,84.57,4.555,21302.0
7.859499613000006,16.27604,2.27088,1.48269,1.00697,-0.80571,-1.46406,12.71302,-0.89049,0.12907,1.3619,-0.10234,-1.59946,84.393,4.052,21302.0
7.864499613000006,16.57896,1.75123,1.72305,1.14375,-0.85117,-1.72503,13.03315,-1.67557,0.24029,1.21653,-0.10334,-1.62501,84.258,4.0,22694.972
7.869499613000006,16.88187,1.23158,1.96341,1.28054,-0.89664,-1.986,13.35329,-2.46065,0.35152,1.07116,-0.10434,-1.65057,84.127,4.0,24249.882
7.8744996130000064,16.1591,0.25214,2.03358,1.14793,-0.75558,-2.05435,13.67342,-3.24573,0.46275,0.92579,-0.10535,-1.67612,83.995,2.676,24433.0
7.879499613000006,15.29942,-0.78869,2.08104,0.97936,-0.58961,-2.09699,13.99355,-4.03081,0.57397,0.78042,-0.10635,-1.70168,83.863,1.175,24433.0
7.884499613000006,14.43973,-1.82951,2.12849,0.81078,-0.42365,-2.13962,13.08968,-3.13001,0.04347,0.63505,-0.10735,-1.72724,83.692,1.0,24973.308
7.889499613000006,13.58005,-2.87033,2.17595,0.64221,-0.25769,-2.18225,12.0246,-2.00718,-0.57155,0.48968,-0.10835,-1.75279,83.515,1.0,25584.779
7.894499613000006,12.72036,-3.91115,2.2234,0.47364,-0.09172,-2.22489,10.95951,-0.88434,-1.18657,0.34431,-0.10935,-1.77835,83.379,1.889,25651.0
7.899499613000006,11.86068,-4.95197,2.27085,0.30507,0.07424,-2.26752,9.89443,0.2385,-1.80159,0.19894,-0.11035,-1.8039,83.247,2.886,25651.0
7.904499613000006,11.00099,-5.99279,2.31831,0.1365,0.2402,-2.31016,9.36821,0.33887,-1.67691,0.06821,-0.11056,-1.77329,83.076,3.0,25791.307
7.909499613000006,10.1413,-7.03361,2.36576,-0.03207,0.40616,-2.35279,8.91179,0.3068,-1.45641,-0.06062,-0.11066,-1.73541,82.899,3.0,25949.789
7.914499613000006,9.75668,-6.94986,1.88482,-0.12511,0.38899,-2.32381,8.45538,0.27473,-1.23592,-0.18946,-0.11076,-1.69752,82.763,4.337,25966.0
7.919499613000006,9.42619,-6.73796,1.34366,-0.20955,0.35094,-2.28666,7.99896,0.24265,-1.01542,-0.31829,-0.11086,-1.65964,82.632,5.826,25966.0
7.924499613000006,9.0957,-6.52606,0.80251,-0.29398,0.31289,-2.24951,7.54255,0.21058,-0.79493,-0.44712,-0.11096,-1.62176,82.422,6.0,26045.608
7.929499613000006,8.76521,-6.31417,0.26135,-0.37841,0.27484,-2.21237,7.08613,0.17851,-0.57443,-0.57595,-0.11106,-1.58387,82.2,6.0,26135.737
7.934499613000006,8.43472,-6.10227,-0.2798,-0.46285,0.2368,-2.17522,7.33305,0.21092,-0.72795,-0.65377,-0.1092,-1.51016,82.178,5.109,26145.0
7.939499613000006,8.10423,-5.89038,-0.82096,-0.54728,0.19875,-2.13808,7.66054,0.25071,-0.92432,-0.72574,-0.10712,-1.43236,82.178,4.115,26145.0
7.944499613000006,8.58151,-6.30639,-1.19219,-0.55763,0.17339,-1.99349,7.98803,0.2905,-1.12069,-0.79771,-0.10504,-1.35455,82.333,4.0,26058.327
7.949499613000006,9.16488,-6.80486,-1.54111,-0.55824,0.1497,-1.83479,8.31552,0.3303,-1.31706,-0.86968,-0.10296,-1.27674,82.509,4.0,25960.271
7.954499613000006,9.74824,-7.30334,-1.89004,-0.55886,0.126,-1.67609,8.64301,0.37009,-1.51343,-0.94165,-0.10088,-1.19893,82.607,3.557,25949.0
7.959499613000006,10.33161,-7.80181,-2.23896,-0.55947,0.10231,-1.51739,8.9705,0.40989,-1.7098,-1.01362,-0.09879,-1.12112,82.695,3.057,25949.0
7.964499613000006,10.31803,-7.65951,-2.31584,-0.56009,0.07861,-1.35869,8.965,1.14987,-1.94743,-1.0856,-0.09671,-1.04331,82.705,3.0,25839.221
7.969499613000006,10.22728,-7.43436,-2.35755,-0.5607,0.05492,-1.2,8.91646,1.98038,-2.19038,-1.15757,-0.09463,-0.9655,82.705,3.0,25715.249
7.974499613000006,10.13653,-7.20921,-2.39926,-0.56132,0.03122,-1.0413,8.86792,2.81089,-2.43334,-1.10047,-0.0874,-0.95718,82.783,1175.79,25701.0
7.979499613000006,10.04577,-6.98406,-2.44097,-0.56193,0.00753,-0.8826,8.81938,3.6414,-2.67629,-1.02662,-0.07949,-0.95788,82.871,2500.886,25701.0
7.984499613000006,9.95502,-6.75891,-2.48268,-0.56255,-0.01617,-0.7239,8.77083,4.47191,-2.91925,-0.95277,-0.07159,-0.95858,82.959,2654.0,25849.564
7.989499613000006,9.86427,-6.53377,-2.5244,-0.56316,-0.03986,-0.5652,8.72229,5.30242,-3.1622,-0.87892,-0.06368,-0.95929,83.047,2654.0,26017.537
7.994499613000006,9.77351,-6.30862,-2.56611,-0.52933,-0.02692,-0.56293,8.67375,6.13293,-3.40516,-0.80506,-0.05578,-0.95999,83.135,3725.331,26035.0
7.9994996130000064,9.68276,-6.08347,-2.60782,-0.49151,-0.00973,-0.57881,8.62521,6.96344,-3.64811,-0.73121,-0.04787,-0.96069,83.222,4920.967,26035.0
8.004499613000005,9.43754,-6.11744,-2.51609,-0.45369,0.00746,-0.59469,8.8544,4.17661,-3.13392,-0.65736,-0.03997,-0.9614,83.271,5058.0,25725.578
8.009499613000006,9.17232,-6.18496,-2.40709,-0.41587,0.02465,-0.61057,9.11954,0.92153,-2.52173,-0.5835,-0.03206,-0.9621,83.315,5058.0,25376.103
8.014499613000005,8.90711,-6.25248,-2.29809,-0.37805,0.04184,-0.62645,9.38469,-2.33355,-1.90953,-0.50965,-0.02416,-0.9628,83.437,5731.208,25336.0
8.019499613000006,8.64189,-6.31999,-2.18909,-0.34022,0.05903,-0.64233,9.64983,-5.58863,-1.29733,-0.4358,-0.01625,-0.96351,83.569,6491.684,25336.0
8.024499613000007,8.37668,-6.38751,-2.08009,-0.3024,0.07622,-0.65821,9.5923,-4.91501,-1.25305,-0.41461,-0.03073,-0.91613,83.662,6579.0,25436.068
8.029499613000006,8.11146,-6.45503,-1.97108,-0.26458,0.0934,-0.67409,9.49291,-3.73179,-1.28243,-0.40025,-0.04812,-0.86251,83.75,6579.0,25549.116
8.034499613000007,8.14753,-6.34709,-1.91422,-0.25583,0.08163,-0.62889,9.39352,-2.54857,-1.3118,-0.38589,-0.0655,-0.80889,83.799,8124.897,25562.0
8.039499613000006,8.22236,-6.21658,-1.86406,-0.25082,0.06614,-0.57584,9.29413,-1.36535,-1.34118,-0.37153,-0.08288,-0.75527,83.843,9869.639,25562.0
8.044499613000006,8.29719,-6.08607,-1.81389,-0.24581,0.05064,-0.52278,9.19474,-0.18213,-1.37056,-0.35717,-0.10027,-0.70165,83.887,10069.0,25637.703
8.049499613000005,8.37201,-5.95556,-1.76373,-0.24081,0.03515,-0.46973,9.09536,1.00109,-1.39994,-0.34282,-0.11765,-0.64804,83.93,10069.0,25723.173
8.054499613000006,8.44684,-5.82505,-1.71357,-0.2358,0.01965,-0.41667,8.99597,2.18431,-1.42932,-0.32846,-0.13503,-0.59442,84.052,10387.183,25733.0
8.059499613000005,8.52166,-5.69454,-1.66341,-0.23079,0.00416,-0.36362,8.89658,3.36753,-1.4587,-0.3141,-0.15242,-0.5408,84.184,10746.703,25733.0
8.064499613000006,8.59649,-5.56403,-1.61325,-0.22578,-0.01134,-0.31056,9.08,2.82596,-1.62281,-0.28229,-0.14941,-0.51577,84.238,10788.0,25619.276
8.069499613000007,8.67132,-5.43352,-1.56309,-0.22077,-0.02684,-0.25751,9.30011,2.06056,-1.8044,-0.24823,-0.14375,-0.49446,84.282,10788.0,25490.793
8.074499613000006,8.74138,-5.37122,-1.58382,-0.20356,-0.02966,-0.23673,9.52023,1.29516,-1.986,-0.21416,-0.13809,-0.47314,84.365,11645.417,25476.0
8.079499613000007,8.81083,-5.3178,-1.61378,-0.18475,-0.03084,-0.22016,9.74035,0.52975,-2.16759,-0.18009,-0.13244,-0.45183,84.453,12614.401,25476.0
8.084499613000006,8.88027,-5.26437,-1.64374,-0.16595,-0.03202,-0.20359,9.7735,0.46173,-2.2301,-0.14602,-0.12678,-0.43051,84.54,12726.0,19872.503
8.089499613000006,8.94971,-5.21094,-1.6737,-0.14715,-0.0332,-0.18702,9.78231,0.48449,-2.27711,-0.11195,-0.12112,-0.40919,84.627,12726.0,13539.641
8.094499613000005,9.01916,-5.15752,-1.70366,-0.12834,-0.03437,-0.17045,9.79112,0.50724,-2.32413,-0.10259,-0.11326,-0.40426,84.677,13160.648,12726.0
8.099499613000006,9.0886,-5.10409,-1.73362,-0.10954,-0.03555,-0.15388,9.79993,0.53,-2.37114,-0.09688,-0.10507,-0.40175,84.721,13659.372,12726.0
8.104499613000007,9.17052,-4.95699,-1.78982,-0.10248,-0.03008,-0.15075,9.80874,0.55275,-2.41815,-0.09117,-0.09689,-0.39924,84.804,13718.0,18202.407
8.109499613000006,9.25409,-4.79741,-1.84951,-0.09699,-0.02372,-0.14941,9.81755,0.57551,-2.46516,-0.08546,-0.0887,-0.39673,84.892,13718.0,24408.355
8.114499613000007,9.33767,-4.63783,-1.90921,-0.09149,-0.01735,-0.14808,9.82636,0.59826,-2.51218,-0.07975,-0.08051,-0.39422,84.98,14118.405,25130.0
8.119499613000006,9.42124,-4.47826,-1.9689,-0.086,-0.01099,-0.14674,9.83517,0.62102,-2.55919,-0.07403,-0.07232,-0.3917,85.068,14571.496,25130.0
8.124499613000006,9.43554,-4.45639,-1.97645,-0.0805,-0.00463,-0.1454,9.83727,0.68947,-2.61955,-0.06832,-0.06413,-0.38919,85.117,14623.0,24920.85
8.129499613000005,9.44095,-4.45219,-1.9773,-0.07501,0.00173,-0.14407,9.83851,0.76379,-2.68162,-0.06261,-0.05594,-0.38668,85.161,14623.0,24684.875
8.134499613000006,9.44636,-4.44798,-1.97816,-0.06952,0.00809,-0.14273,9.83976,0.83811,-2.74369,-0.0569,-0.04776,-0.38417,85.244,14830.991,24657.0
8.139499613000005,9.45177,-4.44378,-1.97901,-0.06402,0.01445,-0.14139,9.841,0.91243,-2.80576,-0.05118,-0.03957,-0.38165,85.332,15066.842,24657.0
8.144499613000006,9.45718,-4.43957,-1.97987,-0.05853,0.02081,-0.14005,9.84224,0.98675,-2.86784,-0.04982,-0.03427,-0.37566,85.381,15094.0,24702.567
8.149499613000007,9.46259,-4.43537,-1.98073,-0.05303,0.02717,-0.13872,9.84348,1.06107,-2.92991,-0.04902,-0.02934,-0.36922,85.425,15094.0,24754.064
8.154499613000006,9.468,-4.43117,-1.98158,-0.05037,0.03084,-0.13964,9.84472,1.13539,-2.99198,-0.04822,-0.02442,-0.36278,85.469,15374.173,24760.0
8.159499613000007,9.47341,-4.42696,-1.98244,-0.04807,0.03416,-0.14085,9.84596,1.20971,-3.05405,-0.04743,-0.01949,-0.35634,85.513,15690.851,24760.0
8.164499613000006,9.45297,-4.42275,-1.96909,-0.04577,0.03747,-0.14207,9.83387,1.23153,-2.91411,-0.04663,-0.01457,-0.34989,85.556,15727.0,24568.329
8.169499613000006,9.42919,-4.41853,-1.95391,-0.04348,0.04079,-0.14328,9.82006,1.24658,-2.74814,-0.04583,-0.00964,-0.34345,85.6,15727.0,24351.96
8.174499613000005,9.40541,-4.41432,-1.93873,-0.04118,0.04411,-0.1445,9.80626,1.26163,-2.58217,-0.04503,-0.00472,-0.33701,85.683,15727.0,24327.0
8.179499613000006,9.38163,-4.4101,-1.92355,-0.03888,0.04742,-0.14572,9.79245,1.27668,-2.4162,-0.04423,0.00021,-0.33057,85.771,15727.0,24327.0
8.184499613000005,9.35786,-4.40589,-1.90837,-0.03659,0.05074,-0.14693,9.77864,1.29174,-2.25023,-0.04344,0.00513,-0.32412,85.781,15791.534,24327.0
8.189499613000006,9.33408,-4.40167,-1.89319,-0.03429,0.05406,-0.14815,9.76483,1.30679,-2.08426,-0.04264,0.01005,-0.31768,85.781,15864.499,24327.0
8.194499613000007,9.31483,-4.41925,-1.85415,-0.03955,0.05173,-0.15712,9.76759,1.28521,-2.04518,-0.04672,0.00961,-0.31078,85.781,16124.881,24206.4
8.199499613000006,9.29617,-4.4397,-1.81196,-0.0458,0.04865,-0.16711,9.77254,1.25879,-2.02284,-0.05144,0.00846,-0.30382,85.781,16409.979,24069.895
8.204499613000007,9.27752,-4.46015,-1.76977,-0.05206,0.04558,-0.1771,9.77749,1.23238,-2.00049,-0.05617,0.00731,-0.29685,85.781,16439.0,23842.346
8.209499613000006,9.25886,-4.48059,-1.72759,-0.05831,0.0425,-0.1871,9.78243,1.20597,-1.97815,-0.06089,0.00616,-0.28989,85.781,16439.0,23604.48
8.214499613000006,9.24021,-4.50104,-1.6854,-0.06457,0.03942,-0.19709,9.78738,1.17955,-1.9558,-0.06562,0.00501,-0.28293,85.781,16499.501,23577.0
8.219499613000005,9.22155,-4.52149,-1.64321,-0.07082,0.03635,-0.20708,9.79232,1.15314,-1.93345,-0.07034,0.00386,-0.27596,85.781,16567.904,23577.0
8.224499613000006,9.20404,-4.54706,-1.63553,-0.07585,0.03833,-0.21578,9.79727,1.12673,-1.91111,-0.07506,0.00271,-0.269,85.82,16575.0,23340.536
8.229499613000005,9.18667,-4.57322,-1.63183,-0.08073,0.04089,-0.22433,9.80222,1.10031,-1.88876,-0.07979,0.00156,-0.26204,85.864,16575.0,23076.702
8.234499613000006,9.1693,-4.59938,-1.62814,-0.08561,0.04345,-0.23288,9.80492,0.80032,-1.91731,-0.08822,0.0017,-0.26489,85.869,16765.045,23046.0
8.239499613000007,9.15193,-4.62554,-1.62445,-0.0905,0.04601,-0.24143,9.80732,0.46429,-1.95255,-0.09713,0.00201,-0.26904,85.869,16980.117,23046.0
8.244499613000006,9.13455,-4.6517,-1.62075,-0.09538,0.04858,-0.24997,9.80514,0.38704,-1.98994,-0.10605,0.00232,-0.27319,85.869,17002.0,22930.54
8.249499613000006,9.11718,-4.67786,-1.61706,-0.10026,0.05114,-0.25852,9.80244,0.33909,-2.02757,-0.11496,0.00263,-0.27734,85.869,17002.0,22802.001
8.254499613000005,9.09981,-4.70402,-1.61337,-0.10515,0.0537,-0.26707,9.79974,0.29114,-2.06519,-0.12388,0.00293,-0.28149,85.869,17015.262,22787.0
8.259499613000006,9.08243,-4.73017,-1.60967,-0.11003,0.05627,-0.27562,9.79703,0.2432,-2.10282,-0.13279,0.00324,-0.28564,85.869,17030.276,22787.0
8.264499613000005,9.07572,-4.72269,-1.6862,-0.10957,0.06162,-0.28231,9.79433,0.19525,-2.14045,-0.14171,0.00355,-0.28979,85.869,17032.0,22706.52
8.269499613000006,9.07039,-4.71084,-1.77314,-0.10843,0.06734,-0.28876,9.79163,0.14731,-2.17808,-0.15062,0.00386,-0.29394,85.869,17032.0,22615.602
8.274499613000007,9.06507,-4.699,-1.86008,-0.10728,0.07306,-0.2952,9.78893,0.09936,-2.2157,-0.1514,0.00628,-0.303,85.908,17137.609,22605.0
8.279499613000006,9.05974,-4.68715,-1.94701,-0.10613,0.07878,-0.30165,9.78623,0.05141,-2.25333,-0.15109,0.00897,-0.3127,85.952,17257.158,22605.0
8.284499613000007,9.06045,-4.6809,-1.94931,-0.10498,0.08449,-0.3081,9.77749,0.1367,-2.26299,-0.15079,0.01167,-0.32241,85.957,17271.0,22368.318
8.289499613000006,9.06196,-4.67538,-1.94052,-0.10384,0.09021,-0.31454,9.76797,0.23943,-2.26899,-0.15048,0.01437,-0.33212,85.957,17271.0,22100.643
8.294499613000006,9.06347,-4.66986,-1.93173,-0.10269,0.09593,-0.32099,9.75845,0.34216,-2.27499,-0.15018,0.01706,-0.34183,85.957,17379.378,22068.0
8.299499613000005,9.06498,-4.66435,-1.92294,-0.10154,0.10165,-0.32744,9.74893,0.44489,-2.28099,-0.14987,0.01976,-0.35154,85.957,17502.809,22068.0
8.304499613000006,9.06649,-4.65883,-1.91416,-0.10169,0.10112,-0.32719,9.7394,0.54762,-2.28699,-0.14957,0.02246,-0.36124,85.957,17517.0,22068.0
8.309499613000005,9.068,-4.65331,-1.90537,-0.10201,0.09977,-0.32607,9.72988,0.65035,-2.29299,-0.14926,0.02515,-0.37095,85.957,17517.0,22068.0
8.314499613000006,9.06951,-4.64779,-1.89658,-0.10233,0.09843,-0.32496,9.72741,0.69653,-2.25969,-0.1494,0.02579,-0.37123,85.996,17597.121,22123.332
8.319499613000007,9.07102,-4.64227,-1.8878,-0.10265,0.09708,-0.32384,9.72584,0.73537,-2.22128,-0.1496,0.02616,-0.37029,86.04,17687.641,22185.846
8.324499613000006,9.08262,-4.62468,-1.87177,-0.10298,0.09574,-0.32272,9.72428,0.77421,-2.18288,-0.1498,0.02654,-0.36935,86.045,17698.0,22212.027
8.329499613000007,9.09553,-4.60553,-1.85482,-0.1033,0.09439,-0.32161,9.72272,0.81305,-2.14448,-0.15,0.02691,-0.3684,86.045,17698.0,22233.512
8.334499613000006,9.10844,-4.58637,-1.83786,-0.10362,0.09305,-0.32049,9.72116,0.85189,-2.10608,-0.1502,0.02728,-0.36746,86.045,17768.319,22236.0
8.339499613000006,9.12135,-4.56722,-1.82091,-0.10394,0.0917,-0.31937,9.71959,0.89073,-2.06768,-0.1504,0.02766,-0.36652,86.045,17847.846,22236.0
8.344499613000005,9.13426,-4.54807,-1.80395,-0.10461,0.08933,-0.32554,9.71803,0.92957,-2.02928,-0.1506,0.02803,-0.36558,86.083,17857.0,22236.0
8.349499613000006,9.14717,-4.52891,-1.787,-0.10533,0.08682,-0.33266,9.71647,0.96841,-1.99087,-0.1508,0.0284,-0.36463,86.127,17857.0,22236.0
8.354499613000005,9.16008,-4.50976,-1.77004,-0.10605,0.08432,-0.33978,9.74612,0.87502,-1.95725,-0.15137,0.02618,-0.37919,86.133,17994.987,22224.21
8.359499613000006,9.17299,-4.49061,-1.75309,-0.10677,0.08181,-0.34691,9.78064,0.76102,-1.92437,-0.152,0.02355,-0.39616,86.133,18154.488,22210.582
8.364499613000007,9.18465,-4.48752,-1.72698,-0.10749,0.0793,-0.35403,9.81516,0.64701,-1.89148,-0.15264,0.02093,-0.41314,86.172,18173.0,22171.836
8.369499613000006,9.19614,-4.48654,-1.69966,-0.10822,0.0768,-0.36115,9.84967,0.533,-1.8586,-0.15327,0.0183,-0.43011,86.216,18173.0,22129.792
8.374499613000006,9.20763,-4.48557,-1.67235,-0.10894,0.07429,-0.36827,9.89449,0.44357,-1.90373,-0.15238,0.02319,-0.44722,86.221,18161.94,22125.0
8.379499613000005,9.21912,-4.48459,-1.64504,-0.10966,0.07179,-0.37539,9.94063,0.3573,-1.95889,-0.15129,0.02905,-0.46434,86.221,18149.457,22125.0
8.384499613000006,9.23874,-4.48108,-1.64393,-0.10885,0.07689,-0.40305,9.98678,0.27103,-2.01405,-0.1502,0.03491,-0.48146,86.221,18148.0,22285.248
8.389499613000005,9.25944,-4.47723,-1.64629,-0.10784,0.08301,-0.43343,10.03292,0.18477,-2.06921,-0.1491,0.04077,-0.49859,86.221,18148.0,22466.68
8.394499613000006,9.28013,-4.47338,-1.64865,-0.10683,0.08912,-0.4638,10.07906,0.0985,-2.12437,-0.14801,0.04663,-0.51571,86.259,18258.073,22489.0
8.399499613000007,9.30083,-4.46953,-1.651,-0.10581,0.09523,-0.49418,10.1252,0.01223,-2.17953,-0.14692,0.05249,-0.53283,86.304,18383.587,22489.0
8.404499613000006,9.32153,-4.46567,-1.65336,-0.1048,0.10135,-0.52456,10.137,-0.01254,-2.23566,-0.14583,0.05835,-0.54996,86.309,18398.0,22449.334
8.409499613000007,9.34222,-4.46182,-1.65572,-0.10379,0.10746,-0.55494,10.14433,-0.02933,-2.29191,-0.14474,0.06421,-0.56708,86.309,18398.0,22404.522
8.414499613000006,9.34659,-4.45948,-1.68176,-0.10275,0.11346,-0.57845,10.15167,-0.04611,-2.34817,-0.14365,0.07007,-0.5842,86.309,18459.639,22399.0
8.419499613000006,9.34865,-4.45736,-1.71113,-0.1017,0.11944,-0.60099,10.159,-0.0629,-2.40443,-0.14256,0.07593,-0.60133,86.309,18529.94,22399.0
8.424499613000005,9.35072,-4.45523,-1.7405,-0.10066,0.12542,-0.62353,10.16634,-0.07969,-2.46069,-0.14228,0.08264,-0.62781,86.309,18538.0,22182.176
8.429499613000006,9.35279,-4.4531,-1.76986,-0.09961,0.1314,-0.64607,10.17368,-0.09648,-2.51694,-0.14211,0.08946,-0.65551,86.309,18538.0,21937.273
8.434499613000005,9.35486,-4.45098,-1.79923,-0.09856,0.13738,-0.66861,10.18101,-0.11326,-2.5732,-0.14194,0.09628,-0.68321,86.309,18737.451,21909.0
8.439499613000006,9.35692,-4.44885,-1.8286,-0.09751,0.14336,-0.69116,10.18835,-0.13005,-2.62946,-0.14177,0.10309,-0.71091,86.309,18962.932,21909.0
8.444499613000007,9.35899,-4.44672,-1.85797,-0.09647,0.14934,-0.7137,10.16726,-0.11049,-2.53507,-0.1416,0.10991,-0.73861,86.309,18989.0,21473.789
8.449499613000006,9.36106,-4.4446,-1.88734,-0.09542,0.15532,-0.73624,10.14246,-0.08617,-2.421,-0.14143,0.11673,-0.76631,86.309,18989.0,20981.687
8.454499613000007,9.38516,-4.40196,-1.88531,-0.09437,0.1613,-0.75878,10.11766,-0.06186,-2.30692,-0.14126,0.12355,-0.79401,86.309,19103.292,20917.0
8.459499613000006,9.41259,-4.35319,-1.87854,-0.09333,0.16728,-0.78132,10.09285,-0.03754,-2.19285,-0.14109,0.13036,-0.82171,86.309,19234.881,20917.0
8.464499613000006,9.44003,-4.30442,-1.87176,-0.09228,0.17326,-0.80386,10.12876,0.01836,-2.20838,-0.14284,0.13339,-0.84621,86.27,19250.0,20912.58
8.469499613000005,9.46746,-4.25565,-1.86498,-0.09123,0.17924,-0.82641,10.17255,0.07836,-2.24074,-0.14485,0.13593,-0.87028,86.226,19250.0,20907.586
8.474499613000006,9.4949,-4.20688,-1.85821,-0.08903,0.1868,-0.86424,10.21634,0.13836,-2.2731,-0.14685,0.13846,-0.89436,86.221,19460.271,20907.0
8.479499613000005,9.52233,-4.15811,-1.85143,-0.08668,0.19457,-0.9041,10.26012,0.19836,-2.30546,-0.14885,0.14099,-0.91844,86.221,19698.519,20907.0
8.484499613000006,9.71827,-4.16898,-1.86875,-0.08433,0.20234,-0.94397,10.30391,0.25836,-2.33782,-0.15085,0.14353,-0.94251,86.221,19725.0,20677.754
8.489499613000007,9.93528,-4.18731,-1.88909,-0.08198,0.21012,-0.98383,10.3477,0.31837,-2.37018,-0.15285,0.14606,-0.96659,86.221,19725.0,20419.842
8.494499613000006,10.15228,-4.20563,-1.90942,-0.07963,0.21789,-1.0237,10.39149,0.37837,-2.40254,-0.15486,0.1486,-0.99067,86.221,19835.987,20390.0
8.499499613000006,10.36929,-4.22396,-1.92975,-0.07728,0.22566,-1.06357,10.43528,0.43837,-2.4349,-0.15686,0.15113,-1.01475,86.221,19961.496,20390.0
8.504499613000005,10.39781,-4.20518,-1.92391,-0.07534,0.22961,-1.08893,10.47907,0.49837,-2.46726,-0.15886,0.15366,-1.03882,86.221,19976.0,20235.718
8.509499613000006,10.40171,-4.18155,-1.91466,-0.07345,0.23307,-1.11241,10.52285,0.55837,-2.49962,-0.16086,0.1562,-1.0629,86.221,19976.0,20061.276
8.514499613000005,10.40561,-4.15792,-1.9054,-0.07157,0.23652,-1.13588,10.5649,0.58734,-2.45612,-0.16743,0.16598,-1.11628,86.221,20315.184,20041.0
8.519499613000006,10.40951,-4.13429,-1.89614,-0.06968,0.23998,-1.15936,10.60672,0.61223,-2.40264,-0.17461,0.17672,-1.17352,86.221,20698.977,20041.0
8.524499613000007,10.41341,-4.11065,-1.88688,-0.06779,0.24344,-1.18283,10.64855,0.63712,-2.34916,-0.18178,0.18746,-1.23075,86.221,20743.0,20052.061
8.529499613000006,10.41731,-4.08702,-1.87762,-0.06591,0.24689,-1.2063,10.69037,0.66201,-2.29569,-0.18895,0.1982,-1.28799,86.221,20743.0,20064.554
8.534499613000007,10.42121,-4.06339,-1.86837,-0.06402,0.25035,-1.22978,10.72293,0.77435,-2.26999,-0.18254,0.2034,-1.30814,86.221,21024.852,20066.0
8.539499613000006,10.42511,-4.03976,-1.85911,-0.06213,0.2538,-1.25325,10.75429,0.89812,-2.24793,-0.17435,0.20787,-1.32344,86.221,21343.587,20066.0
8.544499613000006,10.42901,-4.01613,-1.84985,-0.06025,0.25726,-1.27672,10.78565,1.0219,-2.22587,-0.16615,0.21234,-1.33874,86.221,21382.0,19769.024
8.549499613000005,10.43291,-3.9925,-1.84059,-0.05836,0.26072,-1.3002,10.817,1.14568,-2.20381,-0.15796,0.21681,-1.35404,86.221,21382.0,19431.352
8.554499613000006,10.56027,-3.95928,-1.80318,-0.04569,0.27017,-1.35703,10.84836,1.26946,-2.18174,-0.14977,0.22128,-1.36934,86.182,21382.0,19392.0
8.559499613000005,10.70392,-3.92481,-1.76205,-0.0316,0.28041,-1.41826,10.87972,1.39324,-2.15968,-0.14157,0.22576,-1.38464,86.138,21382.0,19392.0
8.564499613000006,10.84758,-3.89033,-1.72092,-0.01751,0.29065,-1.4795,10.9344,1.35563,-2.21268,-0.13338,0.23023,-1.39995,86.133,21797.03,19392.0
8.569499613000007,10.99123,-3.85585,-1.67979,-0.00342,0.3009,-1.54073,10.99209,1.29717,-2.27537,-0.12519,0.2347,-1.41525,86.133,22265.677,19392.0
8.574499613000006,10.99523,-4.02826,-1.82013,0.00034,0.30521,-1.56742,11.04978,1.23872,-2.33806,-0.11699,0.23917,-1.43055,86.094,22320.0,18817.461
8.579499613000007,10.98091,-4.22779,-1.98425,0.00276,0.30875,-1.58957,11.10747,1.18026,-2.40076,-0.1088,0.24364,-1.44585,86.05,22320.0,18167.593
8.584499613000006,10.9666,-4.42732,-2.14837,0.00517,0.31229,-1.61173,11.16516,1.1218,-2.46345,-0.10061,0.24811,-1.46115,86.006,22686.493,18093.0
8.589499613000006,10.95228,-4.62685,-2.31249,0.00758,0.31583,-1.63389,11.22285,1.06335,-2.52614,-0.09241,0.25259,-1.47645,85.962,23100.508,18093.0
8.594499613000005,10.93797,-4.82638,-2.47661,0.00999,0.31937,-1.65605,11.28055,1.00489,-2.58884,-0.07916,0.2512,-1.4964,85.879,23149.0,17542.643
8.599499613000006,10.92366,-5.02591,-2.64073,0.01241,0.32291,-1.67821,11.33824,0.94643,-2.65153,-0.06523,0.24903,-1.51696,85.791,23149.0,16919.274
8.604499613000005,10.98544,-5.041,-2.62763,0.01482,0.32645,-1.70037,11.40838,0.83062,-2.68992,-0.0513,0.24687,-1.53752,85.742,23210.516,16848.0
8.609499613000006,11.05705,-5.03227,-2.59165,0.01723,0.32999,-1.72252,11.48012,0.70741,-2.72517,-0.03737,0.24471,-1.55808,85.698,23279.973,16848.0
8.614499613000007,11.12866,-5.02354,-2.55568,0.01964,0.33353,-1.74468,11.55186,0.58419,-2.76042,-0.02344,0.24254,-1.57865,85.616,23288.0,16493.005
8.619499613000006,11.20027,-5.01482,-2.5197,0.02205,0.33707,-1.76684,11.62361,0.46098,-2.79567,-0.00951,0.24038,-1.59921,85.528,23288.0,16091.622
8.624499613000006,11.27188,-5.00609,-2.48372,0.02447,0.34061,-1.789,11.63152,0.47182,-2.75559,-0.02366,0.23247,-1.62182,85.402,23479.411,16042.0
8.629499613000005,11.34349,-4.99736,-2.44774,0.02688,0.34415,-1.81116,11.63042,0.50158,-2.70487,-0.04176,0.22375,-1.64471,85.269,23697.823,16042.0
8.634499613000006,11.4151,-4.98864,-2.41176,0.00432,0.35094,-1.86023,11.62933,0.53134,-2.65415,-0.05987,0.21503,-1.66761,85.176,23723.0,14109.855
8.639499613000005,11.48671,-4.97991,-2.37578,-0.0215,0.35816,-1.91282,11.62824,0.56109,-2.60344,-0.07798,0.20631,-1.6905,85.088,23723.0,11925.962
8.644499613000006,11.58849,-4.86593,-2.38947,-0.04731,0.36537,-1.9654,11.62714,0.59085,-2.55272,-0.09608,0.19759,-1.7134,85.0,23860.919,11676.0
8.649499613000005,11.69417,-4.73835,-2.40958,-0.07313,0.37258,-2.01799,11.62605,0.6206,-2.502,-0.11419,0.18887,-1.7363,84.913,24016.664,11676.0
8.654499613000006,11.79985,-4.61077,-2.42969,-0.09895,0.37979,-2.07057,11.62495,0.65036,-2.45129,-0.13229,0.18015,-1.75919,84.746,24035.0,10536.079
8.659499613000007,11.90553,-4.48319,-2.4498,-0.12476,0.38701,-2.12316,11.62386,0.68012,-2.40057,-0.1504,0.17143,-1.78209,84.569,24035.0,9244.049
8.664499613000006,12.01121,-4.35561,-2.46991,-0.15058,0.39422,-2.17574,11.62277,0.70987,-2.34985,-0.1685,0.16271,-1.80498,84.433,24035.0,9112.0
8.669499613000006,12.11689,-4.22803,-2.49002,-0.17639,0.40143,-2.22832,11.62167,0.73963,-2.29914,-0.18661,0.15399,-1.82788,84.302,24035.0,9112.0
8.674499613000005,12.15697,-4.1626,-2.39089,-0.21136,0.40115,-2.3321,11.50383,0.4058,-2.02436,-0.20485,0.12561,-1.89645,84.172,24084.738,6420.497
8.679499613000006,12.18858,-4.10518,-2.27639,-0.24751,0.3999,-2.44248,11.37094,0.0251,-1.7207,-0.22311,0.0947,-1.97091,84.042,24140.887,3382.001
8.684499613000005,12.2202,-4.04777,-2.1619,-0.28366,0.39865,-2.55285,11.23805,-0.3556,-1.41704,-0.24138,0.06379,-2.04536,83.947,24116.021,2943.0
8.689499613000006,12.25182,-3.99035,-2.0474,-0.31981,0.3974,-2.66323,11.10516,-0.7363,-1.11338,-0.25964,0.03287,-2.11982,83.858,24077.473,2943.0
8.694499613000007,12.28343,-3.93293,-1.9329,-0.35596,0.39616,-2.7736,10.91671,-0.70084,-0.95136,-0.2779,0.00196,-2.19428,83.731,24073.0,2387.144
8.699499613000006,12.31505,-3.87551,-1.81841,-0.39211,0.39491,-2.88398,10.72096,-0.61075,-0.80795,-0.29616,-0.02895,-2.26873,83.6,24073.0,1758.317
8.704499613000007,12.54407,-3.67221,-1.79109,-0.42729,0.36197,-2.97292,10.52521,-0.52066,-0.66453,-0.31443,-0.05986,-2.34319,83.506,24074.764,1684.0
8.709499613000006,12.79954,-3.44937,-1.77546,-0.46233,0.32479,-3.05899,10.32946,-0.43057,-0.52112,-0.33269,-0.09077,-2.41765,83.419,24076.764,1684.0
8.714499613000006,13.05501,-3.22652,-1.75983,-0.49738,0.28761,-3.14506,10.13372,-0.34048,-0.3777,-0.35307,-0.11786,-2.48113,83.331,24077.0,1404.432
8.719499613000005,13.31048,-3.00367,-1.7442,-0.53242,0.25043,-3.23112,9.93797,-0.25039,-0.23429,-0.37374,-0.14443,-2.54314,83.243,24077.0,1087.52
8.724499613000006,13.56596,-2.78082,-1.72857,-0.56747,0.21325,-3.31719,10.09168,0.15247,-0.36244,-0.39441,-0.17101,-2.60516,83.077,23513.085,1050.0
8.729499613000005,13.82143,-2.55797,-1.71294,-0.60251,0.17607,-3.40326,10.29231,0.59734,-0.52705,-0.41507,-0.19758,-2.66718,82.9,22873.442,1050.0
8.734499613000006,14.17015,-2.6524,-1.75739,-0.61072,0.17033,-3.41701,10.49294,1.0422,-0.69167,-0.43574,-0.22415,-2.72919,82.764,22805.0,872.547
8.739499613000007,14.53004,-2.78485,-1.80903,-0.61572,0.16835,-3.4221,10.69358,1.48707,-0.85628,-0.45641,-0.25073,-2.79121,82.632,22805.0,673.831
8.744499613000006,14.88992,-2.9173,-1.86067,-0.62071,0.16638,-3.42719,10.89421,1.93194,-1.0209,-0.47707,-0.2773,-2.85323,82.461,22048.967,651.0
8.749499613000006,15.24981,-3.04974,-1.91231,-0.62571,0.16441,-3.43228,11.09484,2.3768,-1.18552,-0.49774,-0.30387,-2.91524,82.284,21194.796,651.0
8.754499613000005,15.6097,-3.18219,-1.96395,-0.6307,0.16244,-3.43737,11.29548,2.82167,-1.35013,-0.51877,-0.29344,-2.89977,82.07,21106.0,834.49
8.759499613000006,15.96959,-3.31464,-2.01559,-0.6357,0.16047,-3.44245,11.49611,3.26653,-1.51475,-0.53983,-0.2787,-2.87531,81.851,21106.0,1039.268
8.764499613000005,15.4738,-3.59576,-1.89692,-0.64069,0.1585,-3.44754,11.3638,3.82989,-1.78841,-0.5609,-0.26397,-2.85085,81.671,18837.442,1063.0
8.769499613000006,14.86585,-3.89637,-1.75593,-0.64569,0.15653,-3.45263,11.18785,4.40878,-2.07636,-0.58197,-0.24924,-2.82638,81.495,16271.508,1063.0
8.774499613000005,14.25789,-4.19698,-1.61493,-0.65068,0.15455,-3.45772,11.01189,4.98767,-2.36431,-0.60304,-0.23451,-2.80192,81.242,15975.0,862.777
8.779499613000006,13.64993,-4.4976,-1.47394,-0.65568,0.15258,-3.46281,10.83594,5.56656,-2.65227,-0.6241,-0.21978,-2.77746,80.978,15975.0,636.395
8.784499613000007,13.04197,-4.79821,-1.33295,-0.66067,0.15061,-3.4679,9.91603,5.15241,-2.58417,-0.62845,-0.18581,-2.6652,80.715,12102.153,610.0
8.789499613000006,12.43402,-5.09882,-1.19196,-0.66567,0.14864,-3.47298,8.89793,4.60721,-2.46907,-0.63059,-0.1493,-2.54134,80.451,7718.159,610.0
8.794499613000006,11.71728,-5.208,-1.15603,-0.65695,0.16605,-3.41032,7.87983,4.06201,-2.35397,-0.63273,-0.1128,-2.41749,80.342,7198.0,541.172
8.799499613000005,10.98589,-5.29141,-1.13424,-0.64639,0.18607,-3.33854,6.86173,3.5168,-2.23888,-0.63487,-0.07629,-2.29363,80.254,7198.0,463.079
8.804499613000006,10.25451,-5.37482,-1.11245,-0.63583,0.20609,-3.26676,6.19759,3.51732,-2.15856,-0.63701,-0.03979,-2.16978,79.972,5051.63,454.0
8.809499613000005,9.52313,-5.45823,-1.09066,-0.62527,0.22611,-3.19498,5.58002,3.58962,-2.08282,-0.63916,-0.00328,-2.04593,79.665,2622.904,454.0
8.814499613000006,8.79174,-5.54164,-1.06887,-0.6147,0.24613,-3.1232,4.96244,3.66192,-2.00708,-0.6544,0.02581,-1.84392,79.356,2340.0,315.383
8.819499613000007,8.06036,-5.62505,-1.04709,-0.60414,0.26615,-3.05141,4.34487,3.73423,-1.93134,-0.67138,0.05393,-1.63162,79.048,2340.0,158.491
8.824499613000006,7.32898,-5.70847,-1.0253,-0.59358,0.28617,-2.97963,3.72729,3.80653,-1.8556,-0.68835,0.08205,-1.41931,78.858,1657.537,141.0
8.829499613000007,6.59759,-5.79188,-1.00351,-0.58302,0.30619,-2.90785,3.10972,3.87884,-1.77986,-0.70532,0.11017,-1.20701,78.682,889.444,141.0
8.834499613000006,6.08329,-6.16628,-0.91371,-0.56621,0.30447,-2.68002,2.49214,3.95114,-1.70412,-0.7223,0.13829,-0.99471,78.545,801.0,137.462
8.839499613000006,5.59724,-6.57855,-0.81505,-0.5486,0.29993,-2.43188,1.87457,4.02345,-1.62838,-0.73927,0.16641,-0.7824,78.414,801.0,133.463
8.844499613000005,5.11119,-6.99082,-0.7164,-0.53098,0.29538,-2.18374,1.90738,4.17121,-1.59822,-0.75625,0.19453,-0.5701,78.243,448.108,133.0
8.849499613000006,4.62514,-7.40309,-0.61774,-0.51336,0.29083,-1.9356,2.02531,4.32884,-1.57402,-0.77322,0.22264,-0.35779,78.067,49.033,133.0
8.854499613000005,4.13909,-7.81536,-0.51909,-0.49574,0.28629,-1.68746,2.14324,4.48648,-1.54983,-0.69161,0.24582,-0.23109,77.931,3.0,123.322
8.859499613000006,3.65304,-8.22763,-0.42043,-0.47813,0.28174,-1.43932,2.26118,4.64411,-1.52563,-0.59715,0.26836,-0.11556,77.8,3.0,112.382
8.864499613000007,3.16699,-8.6399,-0.32177,-0.46051,0.27719,-1.19118,2.37911,4.80175,-1.50144,-0.50269,0.29089,-2e-05,77.706,3.0,111.0
8.869499613000006,2.68094,-9.05217,-0.22312,-0.44289,0.27265,-0.94304,2.49704,4.95938,-1.47724,-0.40822,0.31343,0.11552,77.617,3.0,111.0
8.874499613000006,2.57241,-8.98634,-0.23805,-0.27876,0.23513,-0.64554,2.61497,5.11702,-1.45304,-0.31376,0.33596,0.23106,77.529,3.0,220.083
8.879499613000005,2.508,-8.86464,-0.26625,-0.0975,0.19375,-0.34227,2.7329,5.27465,-1.42885,-0.2193,0.3585,0.34659,77.442,3.0,341.913
8.884499613000006,2.44358,-8.74293,-0.29445,0.08375,0.15238,-0.03901,2.75385,4.75852,-1.3702,-0.12484,0.38103,0.46213,77.432,5.225,356.0
8.889499613000005,2.37917,-8.62123,-0.32265,0.26501,0.11101,0.26426,2.76211,4.15429,-1.30704,-0.03037,0.40357,0.57767,77.432,7.742,356.0
8.894499613000006,2.31476,-8.49952,-0.35085,0.44627,0.06964,0.56753,2.77038,3.55006,-1.24388,0.06409,0.4261,0.69321,77.432,8.0,492.448
8.899499613000005,2.25035,-8.37782,-0.37905,0.62753,0.02826,0.8708,2.77865,2.94583,-1.18072,0.15855,0.44864,0.80874,77.432,8.0,644.491
8.904499613000006,2.47375,-7.69805,-0.58408,0.72251,-0.00343,1.05472,2.78691,2.3416,-1.11756,0.25301,0.47117,0.92428,77.47,4.906,662.0
8.909499613000007,2.73461,-6.94565,-0.81212,0.80626,-0.03387,1.22311,2.79518,1.73737,-1.0544,0.34748,0.4937,1.03982,77.514,1.41,662.0
8.914499613000006,2.99548,-6.19325,-1.04017,0.89001,-0.06431,1.39149,2.77215,1.69659,-1.05426,0.42458,0.49359,1.14068,77.52,1.0,939.64
8.919499613000006,3.25634,-5.44085,-1.26821,0.97377,-0.09475,1.55988,2.74498,1.73059,-1.06247,0.49938,0.49047,1.23959,77.52,1.0,1254.126
8.924499613000005,3.32674,-5.05422,-1.47464,1.05752,-0.12519,1.72826,2.7178,1.76458,-1.07069,0.57418,0.48735,1.3385,77.558,1.885,1290.0
8.929499613000006,3.37261,-4.71468,-1.6783,1.14127,-0.15563,1.89665,2.69062,1.79858,-1.07891,0.64899,0.48422,1.43741,77.602,2.884,1290.0
8.934499613000005,3.41849,-4.37515,-1.88195,1.13254,-0.16208,1.97063,2.66345,1.83258,-1.08712,0.72379,0.4811,1.53632,77.607,3.0,1332.746
8.939499613000006,3.46437,-4.03561,-2.0856,1.11164,-0.16538,2.03219,2.63627,1.86657,-1.09534,0.79859,0.47798,1.63523,77.607,3.0,1381.118
8.944499613000007,3.51024,-3.69607,-2.28925,1.09073,-0.16867,2.09374,2.60909,1.90057,-1.10356,0.87339,0.47486,1.73414,77.607,2.554,1386.0
8.949499613000006,3.55612,-3.35654,-2.49291,1.06983,-0.17197,2.1553,2.58191,1.93456,-1.11177,0.94819,0.47174,1.83305,77.607,2.057,1386.0
8.954499613000007,3.602,-3.017,-2.69656,1.04892,-0.17526,2.21685,2.56156,2.34206,-1.10357,0.9452,0.42067,2.01462,77.646,2.0,1983.578
8.959499613000006,3.64787,-2.67746,-2.90021,1.02802,-0.17856,2.27841,2.5421,2.7983,-1.09322,0.93207,0.36335,2.20698,77.69,2.0,2659.151
8.964499613000006,3.83223,-2.82758,-2.81308,1.00712,-0.18185,2.33996,2.52264,3.25455,-1.08288,0.91893,0.30603,2.39933,77.695,1211.986,2737.0
8.969499613000005,4.03462,-3.04147,-2.68808,0.98621,-0.18515,2.40151,2.50318,3.71079,-1.07253,0.90579,0.24871,2.59169,77.695,2579.564,2737.0
8.974499613000006,4.23701,-3.25536,-2.56308,0.96531,-0.18844,2.46307,2.63813,4.07658,-1.07556,0.89458,0.23707,2.6947,77.734,2737.0,2985.898
8.979499613000005,4.4394,-3.46926,-2.43808,0.9444,-0.19174,2.52462,2.79318,4.4306,-1.08034,0.88362,0.23137,2.7861,77.778,2737.0,3267.178
8.984499613000006,4.64179,-3.68315,-2.31308,0.9235,-0.19503,2.58618,2.94822,4.78463,-1.08511,0.87266,0.22567,2.87749,77.783,1527.82,3300.0
8.989499613000007,4.84418,-3.89704,-2.18808,0.9026,-0.19832,2.64773,3.10326,5.13865,-1.08988,0.8617,0.21997,2.96888,77.783,158.9,3300.0
8.994499613000006,5.21043,-3.94359,-2.20633,0.89458,-0.23709,2.83181,3.2583,5.49267,-1.09465,0.85074,0.21427,3.06027,77.822,1.0,3486.302
8.999499613000006,5.59804,-3.96832,-2.24324,0.88824,-0.28047,3.03186,3.41335,5.8467,-1.09943,0.83978,0.20857,3.15166,77.866,1.0,3696.896
9.004499613000005,5.98565,-3.99305,-2.28016,0.8819,-0.32385,3.23191,3.55462,5.68564,-1.10047,0.82883,0.20287,3.24305,77.91,1.441,3721.0
9.009499613000006,6.37326,-4.01779,-2.31708,0.87556,-0.36724,3.43196,3.69411,5.45801,-1.10103,0.81787,0.19717,3.33444,77.954,1.94,3721.0
9.014499613000005,6.76087,-4.04252,-2.35399,0.86922,-0.41062,3.63201,3.83361,5.23038,-1.1016,0.80691,0.19147,3.42583,77.998,2.0,4326.701
9.019499613000006,7.14848,-4.06725,-2.39091,0.86289,-0.45401,3.83206,3.9731,5.00275,-1.10216,0.79595,0.18577,3.51722,78.042,2.0,5015.55
9.024499613000005,7.69478,-3.88267,-2.43091,0.83257,-0.45196,3.90487,4.1126,4.77512,-1.10272,0.78499,0.18007,3.60861,78.086,3.327,5095.0
9.029499613000006,8.26176,-3.67081,-2.4713,0.79913,-0.44399,3.9611,4.25209,4.54748,-1.10328,0.77403,0.17437,3.7,78.13,4.827,5095.0
9.034499613000007,8.82874,-3.45894,-2.5117,0.76569,-0.43601,4.01732,4.39159,4.31985,-1.10385,0.76518,0.14576,3.76486,78.174,5.0,6158.85
9.039499613000006,9.39572,-3.24708,-2.55209,0.73225,-0.42804,4.07355,4.53108,4.09222,-1.10441,0.7566,0.11416,3.82626,78.218,5.0,7361.331
9.044499613000006,9.9627,-3.03521,-2.59249,0.69882,-0.42007,4.12977,5.22558,3.94728,-1.22575,0.74803,0.08256,3.88766,78.262,5.0,7497.0
9.049499613000005,10.52969,-2.82335,-2.63289,0.66538,-0.4121,4.186,5.99065,3.81285,-1.36244,0.73945,0.05095,3.94907,78.306,5.0,7497.0
9.054499613000006,10.97607,-2.92396,-2.61522,0.64635,-0.4001,4.24083,6.75573,3.67842,-1.49913,0.73087,0.01935,4.01047,78.349,5.0,7746.57
9.059499613000005,11.40684,-3.06505,-2.59003,0.62918,-0.38758,4.29548,7.5208,3.54399,-1.63583,0.72229,-0.01225,4.07187,78.393,5.0,8028.462
9.064499613000006,11.8376,-3.20613,-2.56484,0.61202,-0.37506,4.35012,7.7323,3.6319,-1.7715,0.70081,-0.00734,4.11538,78.398,4.557,8061.0
9.069499613000007,12.26837,-3.34721,-2.53965,0.59486,-0.36255,4.40477,7.87156,3.74881,-1.90703,0.67765,0.00233,4.15657,78.398,4.057,8061.0
9.074499613000006,12.69913,-3.4883,-2.51446,0.57769,-0.35003,4.45942,8.01081,3.86572,-2.04257,0.65449,0.012,4.19775,78.437,4.0,8403.473
9.079499613000007,13.1299,-3.62938,-2.48927,0.56053,-0.33751,4.51407,8.15007,3.98264,-2.17811,0.63133,0.02167,4.23893,78.481,4.0,8790.129
9.084499613000006,13.44159,-3.60474,-2.5369,0.54337,-0.32499,4.56871,8.28933,4.09955,-2.31364,0.60816,0.03134,4.28011,78.525,4.0,8835.0
9.089499613000006,13.73765,-3.55835,-2.5941,0.5262,-0.31248,4.62336,8.42859,4.21646,-2.44918,0.585,0.04101,4.32129,78.569,4.0,8835.0
9.094499613000005,14.0337,-3.51195,-2.6513,0.51072,-0.30047,4.61843,8.56784,4.33338,-2.58472,0.56184,0.05068,4.36248,78.613,4.0,9041.459
9.099499613000006,14.32976,-3.46556,-2.7085,0.49545,-0.28854,4.60561,8.7071,4.45029,-2.72025,0.53868,0.06035,4.40366,78.657,4.0,9275.241
9.104499613000005,14.62582,-3.41917,-2.7657,0.48019,-0.2766,4.5928,8.84636,4.56721,-2.85579,0.51552,0.07002,4.44484,78.662,4.0,9302.0
9.109499613000006,14.92188,-3.37277,-2.82289,0.46492,-0.26466,4.57998,8.98562,4.68412,-2.99132,0.49235,0.07969,4.48602,78.662,4.0,9302.0
9.114499613000007,15.21793,-3.32638,-2.88009,0.44966,-0.25273,4.56716,9.38969,4.49998,-3.09047,0.43254,0.08893,4.46867,78.701,4.0,9714.572
9.119499613000006,15.51399,-3.27998,-2.93729,0.43439,-0.24079,4.55435,9.82834,4.27652,-3.18487,0.36794,0.09812,4.44368,78.745,4.0,10181.033
9.124499613000006,15.79917,-2.94793,-3.03931,0.41912,-0.22886,4.54153,10.267,4.05307,-3.27926,0.30333,0.10731,4.41869,78.75,4.445,10234.0
9.129499613000005,16.08296,-2.57928,-3.14706,0.40386,-0.21692,4.52871,10.70566,3.82961,-3.37366,0.23873,0.11649,4.3937,78.75,4.947,10234.0
9.134499613000006,16.36675,-2.21064,-3.25482,0.38859,-0.20498,4.5159,10.89133,3.95695,-3.33244,0.17864,0.10095,4.36748,78.789,5.0,10347.985
9.139499613000005,16.65054,-1.84199,-3.36258,0.37333,-0.19305,4.50308,11.04735,4.12543,-3.27532,0.11907,0.0825,4.34111,78.833,5.0,10475.333
9.144499613000006,16.93433,-1.47334,-3.47034,0.35806,-0.18111,4.49026,11.20337,4.29391,-3.21821,0.05951,0.06406,4.31474,78.838,4.558,10490.0
9.149499613000005,17.21812,-1.1047,-3.57809,0.3428,-0.16918,4.47745,11.35939,4.46238,-3.16109,-6e-05,0.04561,4.28838,78.838,4.058,10490.0
9.154499613000006,17.32442,-1.0097,-3.55023,0.23334,-0.14409,4.42377,11.51541,4.63086,-3.10397,-0.05963,0.02716,4.26201,78.877,4.0,10532.032
9.159499613000007,17.40739,-0.95065,-3.50455,0.11152,-0.11727,4.36473,11.67143,4.79934,-3.04685,-0.11919,0.00872,4.23565,78.921,4.0,10579.587
9.164499613000006,17.49036,-0.8916,-3.45886,-0.01031,-0.09045,4.30568,11.80746,4.61257,-2.96755,-0.17876,-0.00973,4.20928,78.926,4.0,10585.0
9.169499613000006,17.57333,-0.83256,-3.41318,-0.13214,-0.06364,4.24664,11.94092,4.38018,-2.8854,-0.23833,-0.02818,4.18291,78.926,4.0,10585.0
9.174499613000005,17.6563,-0.77351,-3.36749,-0.25396,-0.03682,4.18759,12.07438,4.14779,-2.80324,-0.29789,-0.04662,4.15655,78.926,4.0,10531.139
9.179499613000006,17.73927,-0.71447,-3.32181,-0.37579,-0.01,4.12855,12.20785,3.9154,-2.72109,-0.35746,-0.06507,4.13018,78.926,4.0,10470.061
9.184499613000005,17.63775,-0.59699,-3.18321,-0.43999,-0.00455,4.01173,12.34131,3.68301,-2.63893,-0.41702,-0.08352,4.10382,78.926,4.0,10463.0
9.189499613000006,17.51212,-0.47187,-3.03246,-0.49666,-0.00188,3.88737,12.47478,3.45062,-2.55678,-0.47659,-0.10196,4.07745,78.926,4.0,10463.0
9.194499613000005,17.38649,-0.34675,-2.88171,-0.55333,0.00079,3.763,12.51283,3.25078,-2.46957,-0.51806,-0.13099,3.9686,78.926,4.0,10463.0
9.199499613000006,17.26086,-0.22163,-2.73096,-0.61001,0.00345,3.63864,12.53847,3.05517,-2.38171,-0.55719,-0.16138,3.84902,78.926,4.0,10463.0
9.204499613000007,17.13522,-0.09651,-2.58021,-0.66668,0.00612,3.51427,12.5641,2.85956,-2.29384,-0.59631,-0.19178,3.72944,78.926,4.0,10491.002
9.209499613000006,17.00959,0.02861,-2.42946,-0.72335,0.00879,3.3899,12.58974,2.66396,-2.20598,-0.63543,-0.22218,3.60985,78.926,4.0,10525.855
9.214499613000006,16.87019,0.34956,-2.33693,-0.73877,0.00543,3.29068,12.61538,2.46835,-2.11811,-0.67455,-0.25258,3.49027,78.926,3.561,10530.0
9.219499613000005,16.72893,0.69694,-2.25226,-0.74863,0.00126,3.19485,12.64102,2.27274,-2.03025,-0.71367,-0.28298,3.37068,78.926,3.064,10530.0
9.224499613000006,16.58766,1.04432,-2.16758,-0.75848,-0.00291,3.09902,12.5747,2.22781,-1.96325,-0.72642,-0.30096,3.2269,78.926,3.0,10674.695
9.229499613000005,16.4464,1.3917,-2.0829,-0.76834,-0.00708,3.0032,12.4949,2.20497,-1.8993,-0.73531,-0.31711,3.07958,78.926,3.0,10840.6
9.234499613000006,16.30514,1.73908,-1.99823,-0.77819,-0.01125,2.90737,12.4151,2.18213,-1.83536,-0.7442,-0.33327,2.93225,78.926,1.664,10858.0
9.239499613000007,16.16388,2.08646,-1.91355,-0.78805,-0.01542,2.81154,12.33529,2.15928,-1.77141,-0.75309,-0.34942,2.78492,78.926,0.17,10858.0
9.244499613000006,16.01932,2.58359,-1.80104,-0.7979,-0.01958,2.71571,12.25549,2.13644,-1.70747,-0.76198,-0.36558,2.63759,78.926,0.0,10952.733
9.249499613000006,15.87433,3.10002,-1.68495,-0.80776,-0.02375,2.61988,12.17569,2.1136,-1.64352,-0.77087,-0.38173,2.49026,78.926,0.0,11059.673
9.254499613000005,15.72935,3.61644,-1.56885,-0.81761,-0.02792,2.52405,12.09589,2.09075,-1.57958,-0.77976,-0.39789,2.34293,78.926,2.211,11072.0
9.259499613000006,15.58437,4.13286,-1.45276,-0.82747,-0.03209,2.42822,12.01609,2.06791,-1.51563,-0.78864,-0.41405,2.1956,78.926,4.71,11072.0
9.264499613000005,15.43938,4.64929,-1.33666,-0.83733,-0.03626,2.3324,12.11284,1.77191,-1.22788,-0.69805,-0.40467,1.97277,78.926,5.0,11176.767
9.269499613000006,15.2944,5.16571,-1.22057,-0.84718,-0.04043,2.23657,12.23273,1.44013,-0.91081,-0.59442,-0.39195,1.74005,78.926,5.0,11295.26
9.274499613000005,15.14941,5.68214,-1.10447,-0.65605,-0.07729,1.65318,12.35261,1.10835,-0.59374,-0.49079,-0.37923,1.50733,78.887,4.558,11309.0
9.279499613000006,15.00443,6.19856,-0.98838,-0.43856,-0.11843,1.00584,12.47249,0.77657,-0.27667,-0.38716,-0.3665,1.27461,78.843,4.058,11309.0
9.284499613000007,15.66154,6.68431,-0.57248,-0.22106,-0.15958,0.35851,13.13202,0.33346,0.03577,-0.28352,-0.35378,1.04189,78.76,4.0,14114.058
9.289499613000006,16.42374,7.16603,-0.1173,-0.00357,-0.20072,-0.28883,13.86226,-0.12424,0.3476,-0.17989,-0.34106,0.80917,78.671,4.0,17286.656
9.294499613000006,17.18595,7.64776,0.33788,0.05249,-0.19271,-0.47093,14.5925,-0.58194,0.65944,-0.07626,-0.32834,0.57645,78.59,4.409,17609.0
9.299499613000005,17.94816,8.12949,0.79306,0.09029,-0.17915,-0.60042,15.32274,-1.03964,0.97127,0.02737,-0.31562,0.34372,78.51,4.864,17609.0
9.304499613000006,18.71036,8.61122,1.24823,0.12809,-0.16558,-0.72991,16.05298,-1.49734,1.28311,0.131,-0.3029,0.111,78.453,5.0,17609.0
9.309499613000005,19.47257,9.09294,1.70341,0.16589,-0.15201,-0.8594,16.78322,-1.95504,1.59494,0.23463,-0.29018,-0.12172,78.404,5.0,17609.0
9.314499613000006,20.23478,9.57467,2.15859,0.20369,-0.13844,-0.98889,17.51346,-2.41274,1.90678,0.28697,-0.2602,-0.30112,78.32,5.0,19831.695
9.319499613000005,20.99698,10.0564,2.61377,0.24149,-0.12488,-1.11838,18.2437,-2.87044,2.21862,0.33223,-0.22784,-0.47318,78.232,5.0,22360.941
9.324499613000006,21.75919,10.53813,3.06895,0.27929,-0.11131,-1.24788,17.15179,-2.58014,1.8697,0.3775,-0.19548,-0.64523,78.144,3.661,23465.616
9.329499613000007,22.5214,11.01985,3.52413,0.31709,-0.09774,-1.37737,15.85195,-2.20448,1.44539,0.42277,-0.16313,-0.81728,78.057,2.168,24407.729
9.334499613000006,19.8858,7.54724,3.05866,0.35488,-0.08417,-1.50686,14.55211,-1.82883,1.02108,0.46803,-0.13077,-0.98933,77.93,2.0,24514.0
9.339499613000006,16.8182,3.57187,2.47614,0.39268,-0.07061,-1.63635,13.25226,-1.45317,0.59677,0.5133,-0.09841,-1.16138,77.798,2.0,24514.0
9.344499613000005,13.7506,-0.40351,1.89361,0.43048,-0.05704,-1.76584,11.95242,-1.07751,0.17245,0.55856,-0.06605,-1.33343,77.627,1.557,24902.59
9.349499613000006,10.683,-4.37889,1.31109,0.46828,-0.04347,-1.89533,10.65258,-0.70186,-0.25186,0.60383,-0.0337,-1.50548,77.452,1.057,25341.107
9.354499613000005,9.80866,-5.13882,1.1155,0.36922,0.01363,-1.94398,10.26554,-0.85568,-0.41065,0.52385,-0.01946,-1.55159,77.315,3.215,25391.0
9.359499613000006,9.2159,-5.48594,0.96959,0.25259,0.07631,-1.98225,9.99568,-1.07748,-0.53536,0.42779,-0.00755,-1.58154,77.183,5.714,25391.0
9.364499613000007,8.62313,-5.83307,0.82368,0.13596,0.139,-2.02052,9.72583,-1.29929,-0.66006,0.33173,0.00436,-1.61148,77.129,6.0,25596.295
9.369499613000006,8.03037,-6.18019,0.67777,0.01933,0.20169,-2.05879,9.45598,-1.52109,-0.78477,0.23567,0.01628,-1.64142,77.085,6.0,25828.137
9.374499613000006,8.09135,-6.33651,0.03621,-0.0973,0.26438,-2.09706,9.18613,-1.74289,-0.90947,0.13961,0.02819,-1.67136,77.041,4.672,25855.0
9.379499613000005,8.23801,-6.46782,-0.67029,-0.21393,0.32707,-2.13533,8.91628,-1.96469,-1.03418,0.04355,0.0401,-1.7013,76.997,3.17,25855.0
9.384499613000006,8.38466,-6.59913,-1.3768,-0.33056,0.38975,-2.1736,8.64642,-2.18649,-1.15889,-0.05251,0.05201,-1.73125,76.992,3.0,25962.067
9.389499613000005,8.53132,-6.73044,-2.08331,-0.44719,0.45244,-2.21187,8.37657,-2.40829,-1.28359,-0.14857,0.06392,-1.76119,76.992,3.0,26082.783
9.394499613000006,8.67797,-6.86176,-2.78981,-0.4154,0.42529,-2.12889,8.10672,-2.63009,-1.4083,-0.24463,0.07584,-1.79113,76.992,1.232,26097.0
9.399499613000005,8.82463,-6.99307,-3.49632,-0.3638,0.38614,-2.02972,7.83687,-2.85189,-1.533,-0.34069,0.08775,-1.82107,76.992,-0.773,26097.0
9.404499613000006,9.1599,-7.008,-3.37746,-0.3122,0.34699,-1.93056,7.91229,-2.38128,-1.51893,-0.31232,0.05443,-1.76912,77.07,-1.0,26159.907
9.409499613000007,9.51928,-7.00806,-3.15309,-0.26059,0.30785,-1.83139,8.03185,-1.82215,-1.48711,-0.26804,0.01533,-1.7067,77.158,-1.0,26230.855
9.414499613000006,9.87866,-7.00812,-2.92871,-0.20899,0.2687,-1.73222,8.15141,-1.26302,-1.45529,-0.22376,-0.02377,-1.64427,77.285,0.329,26239.0
9.419499613000006,10.23805,-7.00817,-2.70434,-0.15739,0.22955,-1.63306,8.27097,-0.70389,-1.42348,-0.17948,-0.06287,-1.58185,77.417,1.831,26239.0
9.424499613000005,10.59743,-7.00823,-2.47997,-0.10579,0.19041,-1.53389,8.60947,1.06713,-1.78351,-0.23197,-0.05639,-1.49424,77.549,2.0,26239.0
9.429499613000006,10.95681,-7.00829,-2.2556,-0.05418,0.15126,-1.43473,8.97567,2.99155,-2.19315,-0.2967,-0.04414,-1.40345,77.68,2.0,26239.0
9.434499613000005,11.3162,-7.00835,-2.03122,-0.08272,0.13065,-1.29999,9.34187,4.91597,-2.60278,-0.36144,-0.03188,-1.31265,77.812,2.0,26074.69
9.439499613000006,11.67558,-7.0084,-1.80685,-0.12168,0.11246,-1.16063,9.70808,6.84039,-3.01242,-0.42618,-0.01963,-1.22186,77.944,2.0,25889.006
9.444499613000005,11.36252,-6.84597,-1.84377,-0.16064,0.09426,-1.02127,9.69475,5.9856,-2.95215,-0.49092,-0.00737,-1.13106,78.037,7.752,25868.0
9.449499613000006,10.96369,-6.66281,-1.91402,-0.19961,0.07606,-0.88191,9.633,4.7763,-2.83193,-0.55565,0.00488,-1.04026,78.124,14.238,25868.0
9.454499613000007,10.56487,-6.47965,-1.98427,-0.23857,0.05787,-0.74255,9.57126,3.56699,-2.71172,-0.62039,0.01713,-0.94947,78.213,15.0,25726.438
9.459499613000006,10.16604,-6.29649,-2.05452,-0.27753,0.03967,-0.60319,9.50951,2.35769,-2.5915,-0.68513,0.02939,-0.85867,78.301,15.0,25566.033
9.464499613000006,9.76721,-6.11333,-2.12477,-0.31649,0.02147,-0.46383,9.44777,1.14839,-2.47129,-0.74986,0.04164,-0.76788,78.388,826.808,25619.382
9.469499613000005,9.36838,-5.93017,-2.19503,-0.35545,0.00328,-0.32447,9.38602,-0.06091,-2.35107,-0.8146,0.05389,-0.67708,78.476,1741.438,25699.806
9.474499613000006,8.96955,-5.74701,-2.26528,-0.34018,-0.00072,-0.30798,9.32428,-1.27022,-2.23086,-0.75416,0.02998,-0.6651,78.564,2279.324,25709.0
9.479499613000005,8.57072,-5.56385,-2.33553,-0.31791,-0.00288,-0.30733,9.26254,-2.47952,-2.11065,-0.67755,0.0014,-0.66328,78.652,2768.58,25709.0
9.484499613000006,8.53798,-5.56424,-2.24016,-0.29563,-0.00504,-0.30669,9.26819,-2.28896,-1.76134,-0.60095,-0.02718,-0.66147,78.74,2824.0,25709.0
9.489499613000007,8.55201,-5.58807,-2.12365,-0.27336,-0.00721,-0.30605,9.28245,-1.91957,-1.38276,-0.52434,-0.05577,-0.65966,78.828,2824.0,25709.0
9.494499613000006,8.56603,-5.61191,-2.00713,-0.25108,-0.00937,-0.30541,9.29671,-1.55018,-1.00419,-0.44774,-0.08435,-0.65784,78.953,2824.0,25709.0
9.499499613000006,8.58006,-5.63574,-1.89061,-0.22881,-0.01153,-0.30477,9.31097,-1.1808,-0.62561,-0.37114,-0.11293,-0.65603,79.084,2824.0,25709.0
9.504499613000005,8.59409,-5.65958,-1.77409,-0.20653,-0.01369,-0.30413,9.32523,-0.81141,-0.24704,-0.29453,-0.14151,-0.65422,79.14,4029.279,25687.141
9.509499613000006,8.60812,-5.68342,-1.65757,-0.18426,-0.01586,-0.30349,9.3395,-0.44202,0.13154,-0.21793,-0.1701,-0.65241,79.184,5423.848,25661.85
9.514499613000005,8.68392,-5.62062,-1.67422,-0.17987,-0.02167,-0.28922,9.42356,-0.34224,-0.19607,-0.20752,-0.17562,-0.61936,79.267,5581.0,25679.41
9.519499613000006,8.76757,-5.54683,-1.70779,-0.17776,-0.02794,-0.27322,9.5165,-0.27669,-0.61337,-0.20551,-0.17822,-0.58234,79.355,5581.0,25702.412
9.524499613000005,8.85123,-5.47304,-1.74136,-0.17564,-0.03421,-0.25721,9.60943,-0.21115,-1.03066,-0.2035,-0.18082,-0.54532,79.443,5821.511,25705.0
9.529499613000006,8.93488,-5.39924,-1.77493,-0.17352,-0.04048,-0.24121,9.70237,-0.14561,-1.44795,-0.2015,-0.18342,-0.50831,79.531,6092.508,25705.0
9.534499613000007,8.97432,-5.34688,-1.81924,-0.17141,-0.04675,-0.22521,9.7953,-0.08006,-1.86524,-0.19949,-0.18601,-0.47129,79.619,6123.0,25726.288
9.539499613000006,9.00816,-5.29724,-1.86492,-0.16929,-0.05302,-0.20921,9.88824,-0.01452,-2.28254,-0.19749,-0.18861,-0.43427,79.707,6123.0,25750.274
9.544499613000006,9.042,-5.24759,-1.9106,-0.16718,-0.05929,-0.1932,9.90525,-0.04248,-2.33883,-0.17699,-0.18355,-0.42645,79.756,6123.0,25753.0
9.549499613000005,9.07584,-5.19795,-1.95627,-0.16506,-0.06557,-0.1772,9.91254,-0.08244,-2.34884,-0.15413,-0.17751,-0.42238,79.8,6123.0,25753.0
9.554499613000006,9.10968,-5.14831,-2.00195,-0.15127,-0.0651,-0.16047,9.91982,-0.12239,-2.35885,-0.13127,-0.17148,-0.4183,79.882,6732.051,25738.509
9.559499613000005,9.14352,-5.09866,-2.04763,-0.13598,-0.06377,-0.14365,9.92711,-0.16235,-2.36886,-0.1084,-0.16544,-0.41422,79.969,7418.91,25722.167
9.564499613000006,9.1784,-5.04601,-2.06445,-0.1207,-0.06244,-0.12682,9.93439,-0.2023,-2.37887,-0.08554,-0.1594,-0.41014,80.096,8232.434,25720.0
9.569499613000005,9.21342,-4.99289,-2.07686,-0.10541,-0.06111,-0.11,9.94168,-0.24226,-2.38888,-0.06268,-0.15336,-0.40607,80.229,9065.324,25720.0
9.574499613000006,9.24845,-4.93978,-2.08927,-0.09013,-0.05978,-0.09317,9.94896,-0.28221,-2.39888,-0.03981,-0.14732,-0.40199,80.361,9159.0,25723.542
9.579499613000007,9.28348,-4.88666,-2.10169,-0.07484,-0.05845,-0.07635,9.95625,-0.32217,-2.40889,-0.01695,-0.14128,-0.39791,80.492,9159.0,25727.532
9.584499613000006,9.31851,-4.83355,-2.1141,-0.05955,-0.05712,-0.05953,9.97416,-0.29194,-2.46652,-0.00918,-0.13169,-0.39578,80.624,9296.091,25728.0
9.589499613000006,9.35354,-4.78044,-2.12651,-0.04427,-0.05579,-0.0427,9.99349,-0.25239,-2.53047,-0.00341,-0.12162,-0.3939,80.756,9451.378,25728.0
9.594499613000005,9.38857,-4.72732,-2.13893,-0.02945,-0.04242,-0.02652,10.01281,-0.21284,-2.59442,0.00235,-0.11155,-0.39203,80.85,9469.0,25815.238
9.599499613000006,9.4236,-4.67421,-2.15134,-0.0147,-0.02752,-0.01041,10.03214,-0.17329,-2.65836,0.00812,-0.10148,-0.39015,80.938,9469.0,25913.642
9.604499613000005,9.44665,-4.66889,-2.12862,6e-05,-0.01261,0.00569,10.05605,-0.15206,-2.65923,0.01389,-0.09142,-0.38827,81.065,9729.101,25924.0
9.609499613000006,9.46829,-4.66919,-2.10176,0.01481,0.00229,0.0218,10.0805,-0.13298,-2.65267,0.01965,-0.08135,-0.3864,81.196,10019.801,25924.0
9.614499613000005,9.48993,-4.66949,-2.0749,0.01493,0.00729,0.0171,10.10496,-0.1139,-2.64611,0.02542,-0.07128,-0.38452,81.328,10053.0,25733.17
9.619499613000006,9.51158,-4.66979,-2.04805,0.01316,0.01101,0.00971,10.12941,-0.09482,-2.63956,0.03119,-0.06121,-0.38265,81.459,10053.0,25517.737
9.624499613000006,9.53322,-4.67009,-2.02119,0.0114,0.01473,0.00233,10.15386,-0.07574,-2.633,0.03695,-0.05114,-0.38077,81.591,10167.228,25493.0
9.629499613000005,9.55486,-4.67039,-1.99434,0.00963,0.01845,-0.00506,10.17831,-0.05666,-2.62644,0.04272,-0.04108,-0.37889,81.723,10296.274,25493.0
9.634499613000006,9.57651,-4.67069,-1.96748,0.00786,0.02217,-0.01244,10.20277,-0.03759,-2.61989,0.03645,-0.03619,-0.3909,81.855,10311.0,25654.178
9.639499613000005,9.59815,-4.67099,-1.94063,0.0061,0.0259,-0.01983,10.22722,-0.01851,-2.61333,0.02862,-0.03198,-0.40469,81.987,10311.0,25836.119
9.644499613000006,9.57292,-4.68556,-1.9424,0.00433,0.02962,-0.02721,10.23124,-0.13928,-2.59135,0.0208,-0.02777,-0.41848,82.08,10339.316,25857.0
9.649499613000005,9.54162,-4.70198,-1.94789,0.00256,0.03334,-0.03459,10.23261,-0.27819,-2.56738,0.01297,-0.02355,-0.43227,82.168,10371.303,25857.0
9.654499613000006,9.51031,-4.7184,-1.95337,0.0008,0.03706,-0.04198,10.23398,-0.4171,-2.5434,0.00515,-0.01934,-0.44606,82.333,10375.0,25618.846
9.659499613000007,9.47901,-4.73482,-1.95886,-0.00097,0.04078,-0.04936,10.23535,-0.55601,-2.51943,-0.00268,-0.01512,-0.45985,82.509,10375.0,25349.57
9.664499613000006,9.45525,-4.75233,-1.97315,-0.00703,0.04801,-0.06269,10.23672,-0.69492,-2.49546,-0.01051,-0.01091,-0.47364,82.607,10562.547,25319.0
9.669499613000006,9.43246,-4.76998,-1.98858,-0.01363,0.05568,-0.07678,10.23809,-0.83383,-2.47148,-0.01833,-0.00669,-0.48744,82.695,10774.112,25319.0
9.674499613000005,9.40967,-4.78764,-2.004,-0.02024,0.06336,-0.09086,10.23403,-0.78751,-2.52236,-0.04332,0.00623,-0.50132,82.783,10798.0,25441.305
9.679499613000006,9.38688,-4.80529,-2.01943,-0.02684,0.07104,-0.10495,10.22927,-0.71762,-2.58276,-0.07049,0.02027,-0.51521,82.871,10798.0,25579.178
9.684499613000005,9.36408,-4.82294,-2.03485,-0.03345,0.07871,-0.11904,10.22452,-0.64773,-2.64317,-0.09767,0.0343,-0.52911,82.998,11210.563,25595.0
9.689499613000006,9.34129,-4.8406,-2.05027,-0.04005,0.08639,-0.13312,10.21977,-0.57785,-2.70357,-0.12484,0.04834,-0.543,83.129,11676.607,25595.0
9.694499613000005,9.31611,-4.85507,-2.02625,-0.04666,0.09407,-0.14721,10.21501,-0.50796,-2.76397,-0.15201,0.06237,-0.5569,83.222,11730.0,25515.161
9.699499613000006,9.29062,-4.86913,-1.99713,-0.05327,0.10175,-0.16129,10.21026,-0.43807,-2.82438,-0.17918,0.07641,-0.5708,83.31,11730.0,25424.992
9.704499613000007,9.26513,-4.8832,-1.96801,-0.05987,0.10942,-0.17538,10.17408,-0.40893,-2.68027,-0.18118,0.07861,-0.57502,83.437,12218.312,25414.0
9.709499613000006,9.23964,-4.89726,-1.93888,-0.06648,0.1171,-0.18947,10.13353,-0.38546,-2.50778,-0.17968,0.07917,-0.57791,83.569,12774.413,25414.0
9.714499613000006,9.21415,-4.91132,-1.90976,-0.06713,0.12058,-0.19868,10.09298,-0.36198,-2.33529,-0.17818,0.07974,-0.58079,83.661,12837.0,25323.373
9.719499613000005,9.18866,-4.92538,-1.88063,-0.06703,0.12352,-0.20727,10.05243,-0.33851,-2.16279,-0.17668,0.0803,-0.58367,83.748,12837.0,25221.253
9.724499613000006,9.17946,-4.93137,-1.8884,-0.06693,0.12646,-0.21586,10.03903,-0.28084,-2.13703,-0.17518,0.08086,-0.58656,83.837,13071.999,25208.0
9.729499613000005,9.17269,-4.93615,-1.90166,-0.06683,0.1294,-0.22445,10.02968,-0.21808,-2.13315,-0.17367,0.08142,-0.58944,83.925,13342.045,25208.0
9.734499613000006,9.16592,-4.94093,-1.91493,-0.06673,0.13235,-0.23305,10.02032,-0.15531,-2.12926,-0.17217,0.08198,-0.59233,84.052,13373.0,25178.754
9.739499613000005,9.15914,-4.94572,-1.9282,-0.06663,0.13529,-0.24164,10.01097,-0.09255,-2.12538,-0.17067,0.08254,-0.59521,84.184,13373.0,25145.721
9.744499613000006,9.15237,-4.9505,-1.94146,-0.06654,0.13823,-0.25023,10.00161,-0.02978,-2.1215,-0.16917,0.0831,-0.5981,84.277,13373.0,25142.0
9.749499613000006,9.1456,-4.95528,-1.95473,-0.06644,0.14117,-0.25882,9.99226,0.03298,-2.11761,-0.16767,0.08367,-0.60098,84.365,13373.0,25142.0
9.754499613000005,9.13883,-4.96006,-1.96799,-0.06571,0.13993,-0.25694,9.9829,0.09574,-2.11373,-0.16402,0.07739,-0.59194,84.453,13544.404,25142.0
9.759499613000006,9.13206,-4.96484,-1.98126,-0.06491,0.13814,-0.25369,9.97355,0.15851,-2.10985,-0.1601,0.07023,-0.58135,84.541,13738.151,25142.0
9.764499613000005,9.12867,-4.97272,-1.93655,-0.06411,0.13635,-0.25043,9.96419,0.22127,-2.10596,-0.15617,0.06306,-0.57076,84.628,14051.372,25014.414
9.769499613000006,9.12571,-4.981,-1.88448,-0.0633,0.13456,-0.24718,9.95484,0.28404,-2.10208,-0.15224,0.0559,-0.56017,84.716,14379.779,24870.612
9.774499613000005,9.12275,-4.98927,-1.83241,-0.0625,0.13277,-0.24393,9.96198,0.29062,-2.01694,-0.14887,0.05349,-0.55842,84.804,14420.0,24860.938
9.779499613000006,9.1198,-4.99754,-1.78034,-0.0617,0.13098,-0.24068,9.97142,0.28936,-1.92046,-0.14557,0.05174,-0.55789,84.892,14420.0,24869.985
9.784499613000007,9.11684,-5.00582,-1.72827,-0.06089,0.12919,-0.23742,9.98086,0.2881,-1.82398,-0.14228,0.04999,-0.55737,85.019,14707.25,24871.0
9.789499613000006,9.11388,-5.01409,-1.6762,-0.06009,0.1274,-0.23417,9.99031,0.28684,-1.7275,-0.13898,0.04824,-0.55685,85.151,15030.821,24871.0
9.794499613000006,9.12826,-4.98809,-1.68633,-0.05894,0.12453,-0.23283,9.99975,0.28558,-1.63102,-0.13568,0.04649,-0.55632,85.244,15068.0,24837.786
9.799499613000005,9.1449,-4.95764,-1.70453,-0.05775,0.12152,-0.23174,10.00919,0.28432,-1.53454,-0.13239,0.04473,-0.5558,85.332,15068.0,24800.261
9.804499613000006,9.16153,-4.92719,-1.72274,-0.05656,0.1185,-0.23065,10.0139,0.30353,-1.57287,-0.12909,0.04298,-0.55528,85.381,15265.718,24796.0
9.809499613000005,9.17816,-4.89674,-1.74095,-0.05537,0.11549,-0.22956,10.01801,0.32538,-1.62845,-0.12579,0.04123,-0.55475,85.425,15488.762,24796.0
9.814499613000006,9.1948,-4.86629,-1.75916,-0.05418,0.11248,-0.22847,10.02212,0.34722,-1.68404,-0.12249,0.03948,-0.55423,85.546,15514.0,24413.787
9.819499613000005,9.21143,-4.83584,-1.77736,-0.05299,0.10947,-0.22738,10.02622,0.36906,-1.73963,-0.1192,0.03773,-0.55371,85.678,15514.0,23982.807
9.824499613000006,9.22807,-4.80539,-1.79557,-0.0518,0.10646,-0.22629,10.03033,0.39091,-1.79522,-0.1159,0.03598,-0.55318,85.771,15514.0,23933.0
9.829499613000007,9.2447,-4.77494,-1.81378,-0.05061,0.10344,-0.2252,10.03444,0.41275,-1.8508,-0.1126,0.03423,-0.55266,85.859,15514.0,23933.0
9.834499613000006,9.26059,-4.75643,-1.81842,-0.05003,0.10576,-0.23054,10.03854,0.43459,-1.90639,-0.10931,0.03248,-0.55214,85.947,15550.277,23891.857
9.839499613000006,9.27638,-4.7395,-1.82126,-0.04954,0.10879,-0.23672,10.04265,0.45644,-1.96198,-0.10601,0.03073,-0.55161,86.035,15591.358,23845.264
9.844499613000005,9.29217,-4.72256,-1.82411,-0.04905,0.11181,-0.24291,10.05252,0.46995,-2.01598,-0.10423,0.03333,-0.55661,86.123,15988.194,23840.0
9.849499613000006,9.30795,-4.70563,-1.82695,-0.04856,0.11484,-0.24909,10.06312,0.4824,-2.06978,-0.10264,0.03648,-0.56232,86.211,16430.347,23840.0
9.854499613000005,9.32374,-4.6887,-1.8298,-0.04806,0.11787,-0.25527,10.07373,0.49485,-2.12358,-0.10105,0.03964,-0.56802,86.338,16481.0,23817.403
9.859499613000006,9.33953,-4.67176,-1.83264,-0.04757,0.12089,-0.26146,10.08433,0.50731,-2.17738,-0.09947,0.04279,-0.57373,86.469,16481.0,23791.882
9.864499613000005,9.34277,-4.67657,-1.80722,-0.04805,0.1224,-0.27563,10.09493,0.51976,-2.23118,-0.09788,0.04594,-0.57943,86.523,16631.193,23789.0
9.869499613000006,9.34441,-4.68415,-1.7782,-0.04866,0.12372,-0.29082,10.10554,0.53221,-2.28497,-0.09629,0.0491,-0.58514,86.567,16800.511,23789.0
9.874499613000006,9.34605,-4.69173,-1.74918,-0.04927,0.12504,-0.30601,10.12964,0.42709,-2.24461,-0.09658,0.05227,-0.60502,86.69,16820.0,23476.816
9.879499613000005,9.34768,-4.69931,-1.72016,-0.04988,0.12636,-0.3212,10.15549,0.30667,-2.192,-0.09711,0.05544,-0.62674,86.822,16820.0,23124.023
9.884499613000006,9.34978,-4.69039,-1.70488,-0.05048,0.12768,-0.33639,10.18134,0.18626,-2.13939,-0.09765,0.05862,-0.64847,86.914,16609.882,23088.0
9.889499613000005,9.35192,-4.6796,-1.69117,-0.05109,0.129,-0.35158,10.20719,0.06584,-2.08678,-0.09818,0.06179,-0.6702,87.002,16375.869,23088.0
9.894499613000006,9.35406,-4.66881,-1.67745,-0.0517,0.13032,-0.36677,10.22273,0.06511,-2.0654,-0.09872,0.06496,-0.69192,87.051,16349.0,22727.831
9.899499613000005,9.35621,-4.65803,-1.66374,-0.05231,0.13164,-0.38196,10.23692,0.07989,-2.04808,-0.09925,0.06814,-0.71365,87.095,16349.0,22320.943
9.904499613000006,9.35835,-4.64724,-1.65002,-0.05292,0.13296,-0.39715,10.25112,0.09468,-2.03075,-0.09934,0.07172,-0.72852,87.139,16765.42,22275.0
9.909499613000007,9.3605,-4.63645,-1.63631,-0.05352,0.13428,-0.41234,10.26532,0.10947,-2.01343,-0.09937,0.07536,-0.74251,87.182,17234.844,22275.0
9.914499613000006,9.36264,-4.62566,-1.62259,-0.05531,0.13439,-0.43307,10.27951,0.12425,-1.99611,-0.0994,0.079,-0.75651,87.265,17289.0,22184.798
9.919499613000006,9.36478,-4.61487,-1.60888,-0.05726,0.13434,-0.45452,10.29371,0.13904,-1.97879,-0.09943,0.08264,-0.7705,87.353,17289.0,22082.833
9.924499613000005,9.35621,-4.60536,-1.62007,-0.0592,0.13429,-0.47598,10.27081,0.20864,-2.05322,-0.09946,0.08628,-0.7845,87.402,17289.0,22071.0
9.929499613000006,9.34622,-4.59603,-1.63453,-0.06115,0.13425,-0.49743,10.24303,0.28544,-2.13969,-0.0995,0.08992,-0.79849,87.446,17289.0,22071.0
9.934499613000005,9.33624,-4.58669,-1.64899,-0.06309,0.1342,-0.51888,10.21526,0.36224,-2.22617,-0.09953,0.09356,-0.81249,87.49,17513.408,22071.0
9.939499613000006,9.32626,-4.57735,-1.66346,-0.06503,0.13415,-0.54033,10.18749,0.43904,-2.31265,-0.09956,0.0972,-0.82648,87.534,17766.885,22071.0
9.944499613000005,9.31627,-4.56801,-1.67792,-0.06698,0.1341,-0.56179,10.19037,0.43639,-2.37673,-0.09673,0.11003,-0.84457,87.578,17796.0,21976.755
9.949499613000006,9.30629,-4.55867,-1.69238,-0.06892,0.13405,-0.58324,10.19723,0.42342,-2.4379,-0.09353,0.12404,-0.8632,87.622,17796.0,21870.28
9.954499613000007,9.29631,-4.54933,-1.70685,-0.07087,0.134,-0.60469,10.2041,0.41046,-2.49907,-0.09033,0.13806,-0.88182,87.627,18106.022,21858.0
9.959499613000006,9.28633,-4.53999,-1.72131,-0.07281,0.13395,-0.62614,10.21096,0.3975,-2.56025,-0.08713,0.15207,-0.90045,87.627,18456.462,21858.0
9.964499613000006,9.28517,-4.53891,-1.72298,-0.07303,0.13395,-0.62862,10.21782,0.38454,-2.62142,-0.08393,0.16609,-0.91907,87.627,18497.0,21611.671
9.969499613000005,9.28517,-4.53891,-1.72298,-0.07303,0.13395,-0.62862,10.22468,0.37157,-2.68259,-0.08073,0.1801,-0.93769,87.627,18497.0,21333.119
9.974499613000006,9.28517,-4.53891,-1.72298,-0.07303,0.13395,-0.62862,10.23154,0.35861,-2.74377,-0.07753,0.19412,-0.95632,87.627,18216.219,21301.0
9.979499613000005,9.28517,-4.53891,-1.72298,-0.07303,0.13395,-0.62862,10.2384,0.34565,-2.80494,-0.07433,0.20814,-0.97494,87.627,17898.841,21301.0
9.984499613000006,9.28517,-4.53891,-1.72298,-0.07303,0.13395,-0.62862,10.23918,0.34418,-2.81185,-0.07397,0.20972,-0.97704,87.627,17863.0,20935.835
9.989499613000005,9.28517,-4.53891,-1.72298,-0.07303,0.13395,-0.62862,10.23918,0.34418,-2.81185,-0.07397,0.20972,-0.97704,87.627,17863.0,20524.183
