time_s,foot_ax,foot_ay,foot_az,foot_gx,foot_gy,foot_gz,shank_ax,shank_ay,shank_az,shank_gx,shank_gy,shank_gz,ankle_encoder_deg,toe_fsr_raw,heel_fsr_raw
0.0037132630004634,9.55224,-4.53428,-1.75004,-0.11219,0.16763,-1.02285,4.01376,4.04063,-0.84955,1.3658,0.32023,2.9498,79.541,3.0,0.0
0.008713263000463399,9.55224,-4.53428,-1.75004,-0.11219,0.16763,-1.02285,4.01376,4.04063,-0.84955,1.3658,0.32023,2.9498,79.541,3.0,0.0
0.013713263000463398,9.55224,-4.53428,-1.75004,-0.11219,0.16763,-1.02285,4.01376,4.04063,-0.84955,1.3658,0.32023,2.9498,79.541,3.0,0.0
0.018713263000463397,9.55224,-4.53428,-1.75004,-0.11219,0.16763,-1.02285,4.01376,4.04063,-0.84955,1.3658,0.32023,2.9498,79.605,3.0,0.0
0.0237132630004634,9.55224,-4.53428,-1.75004,-0.11219,0.16763,-1.02285,4.01376,4.04063,-0.84955,1.3658,0.32023,2.9498,79.629,3.0,0.0
0.028713263000463396,9.55224,-4.53428,-1.75004,-0.11219,0.16763,-1.02285,4.01376,4.04063,-0.84955,1.3658,0.32023,2.9498,79.629,3.0,0.0
0.033713263000463393,9.55224,-4.53428,-1.75004,-0.11219,0.16763,-1.02285,4.01376,4.04063,-0.84955,1.3658,0.32023,2.9498,79.629,3.0,0.0
0.0387132630004634,9.55224,-4.53428,-1.75004,-0.11219,0.16763,-1.02285,4.01376,4.04063,-0.84955,1.3658,0.32023,2.9498,79.629,3.0,0.0
0.043713263000463395,9.55224,-4.53428,-1.75004,-0.11219,0.16763,-1.02285,4.01376,4.04063,-0.84955,1.3658,0.32023,2.9498,79.69,3.0,3304.574
0.04871326300046339,9.46972,-4.40488,-1.9161,-0.01017,0.11596,-0.70227,4.01376,4.04063,-0.84955,1.3658,0.32023,2.9498,79.717,3.0,4723.0
0.05371326300046339,9.34952,-4.2164,-2.15799,0.13842,0.04069,-0.2353,4.22171,3.84465,-0.91102,1.37645,0.30453,3.02137,79.781,2.27,4723.0
0.058713263000463395,9.22932,-4.02791,-2.39988,0.28702,-0.03458,0.23166,4.50732,3.57548,-0.99544,1.39107,0.28296,3.11967,79.805,2.0,4723.0
0.06371326300046339,9.10912,-3.83943,-2.64176,0.43561,-0.10986,0.69862,4.79294,3.30631,-1.07985,1.4057,0.26139,3.21798,79.869,2.0,6989.409
0.06871326300046339,8.98891,-3.65094,-2.88365,0.58421,-0.18513,1.16559,5.07855,3.03714,-1.16427,1.42033,0.23983,3.31628,79.893,2.0,7832.0
0.0737132630004634,8.86871,-3.46246,-3.12554,0.7328,-0.2604,1.63255,5.36416,2.76797,-1.24869,1.43495,0.21826,3.41458,79.893,3.455,7832.0
0.07871326300046338,9.04842,-3.40991,-3.20633,0.8814,-0.33567,2.09952,5.66136,2.93446,-1.35502,1.40613,0.21375,3.4734,79.893,4.0,7832.0
0.08371326300046339,9.34024,-3.40818,-3.2269,1.02999,-0.41094,2.56648,5.96288,3.26381,-1.46955,1.36107,0.21561,3.51746,79.956,4.0,7832.0
0.0887132630004634,9.63206,-3.40646,-3.24747,1.17859,-0.48621,3.03345,6.26441,3.59316,-1.58407,1.31601,0.21747,3.56152,79.98,4.0,8045.552
0.09371326300046338,9.92389,-3.40473,-3.26804,1.32718,-0.56148,3.50041,6.56593,3.92252,-1.69859,1.27095,0.21933,3.60558,79.98,4.0,8125.0
0.09871326300046339,10.21571,-3.403,-3.28861,1.30721,-0.53824,3.67001,6.86745,4.25187,-1.81312,1.22589,0.22119,3.64964,79.98,3.271,8125.0
0.10371326300046338,10.50753,-3.40127,-3.30918,1.22467,-0.47844,3.72926,7.29595,4.32679,-2.12889,1.18083,0.22305,3.6937,79.98,3.0,8125.0
0.10871326300046338,10.79935,-3.39954,-3.32975,1.14214,-0.41864,3.78851,7.77167,4.30709,-2.5195,1.13577,0.22491,3.73776,80.044,3.0,8107.547
0.11371326300046339,11.09117,-3.39781,-3.35032,1.05961,-0.35884,3.84776,8.24739,4.28739,-2.91011,1.09071,0.22677,3.78182,80.068,3.0,8101.0
0.11871326300046338,11.38299,-3.39609,-3.37089,0.97708,-0.29904,3.907,8.72311,4.26769,-3.30073,1.04565,0.22863,3.82588,80.068,3.727,8101.0
0.12371326300046338,11.86105,-3.45325,-3.48207,0.91585,-0.26405,3.94444,9.12079,4.28727,-3.57514,0.95811,0.23336,3.8728,80.068,4.0,7994.711
0.12871326300046337,12.40948,-3.53267,-3.6275,0.86267,-0.23845,3.97363,9.48899,4.3217,-3.80563,0.85452,0.23917,3.92079,80.068,4.0,7954.0
0.13371326300046338,12.95791,-3.6121,-3.77292,0.80949,-0.21284,4.00283,9.85719,4.35613,-4.03613,0.75092,0.24499,3.96879,80.131,3.284,7954.0
0.13871326300046338,13.50634,-3.69152,-3.91835,0.75631,-0.18724,4.03202,10.22539,4.39055,-4.26662,0.64733,0.2508,4.01678,80.156,3.0,7954.0
0.1437132630004634,13.79043,-3.72042,-4.01286,0.70313,-0.16163,4.06122,10.30447,4.419,-4.27875,0.54373,0.25661,4.06478,80.156,3.0,8266.251
0.1487132630004634,13.97605,-3.7305,-4.0884,0.64995,-0.13603,4.09041,10.27585,4.44522,-4.20953,0.44013,0.26243,4.11278,80.156,3.0,8383.0
0.15371326300046337,14.16167,-3.74058,-4.16393,0.59678,-0.11042,4.1196,10.24724,4.47145,-4.14031,0.36727,0.24442,4.12732,80.156,5.189,8383.0
0.15871326300046337,14.3473,-3.75066,-4.23947,0.5436,-0.08481,4.1488,10.21863,4.49767,-4.0711,0.30593,0.21749,4.12934,80.156,6.0,8383.0
0.16371326300046338,14.53292,-3.76074,-4.31501,0.49042,-0.05921,4.17799,10.19001,4.52389,-4.00188,0.24458,0.19055,4.13136,80.156,6.0,8456.093
0.16871326300046338,14.71854,-3.77083,-4.39055,0.43724,-0.0336,4.20718,10.1614,4.55011,-3.93266,0.18323,0.16362,4.13338,80.156,6.0,8485.0
0.17371326300046339,14.81141,-3.59111,-4.47728,0.34209,-0.02309,4.20432,10.13278,4.57633,-3.86344,0.12189,0.13669,4.13539,80.156,3.814,8485.0
0.17871326300046336,14.86958,-3.3404,-4.56818,0.23124,-0.01822,4.18946,10.13196,4.51793,-3.81788,0.06054,0.10976,4.13741,80.156,3.0,8485.0
0.18371326300046337,14.92775,-3.0897,-4.65909,0.12039,-0.01334,4.1746,10.14145,4.42809,-3.78111,-0.00081,0.08282,4.13943,80.156,3.0,8267.512
0.18871326300046337,14.98592,-2.83899,-4.75,0.00954,-0.00847,4.15974,10.15094,4.33826,-3.74434,-0.06215,0.05589,4.14144,80.156,3.0,8186.0
0.19371326300046338,15.0441,-2.58828,-4.8409,-0.10131,-0.0036,4.14488,10.16044,4.24843,-3.70757,-0.1235,0.02896,4.14346,80.156,3.0,8186.0
0.19871326300046338,15.10227,-2.33758,-4.93181,-0.21216,0.00127,4.13002,10.16993,4.1586,-3.67079,-0.18485,0.00202,4.14548,80.156,3.0,8186.0
0.20371326300046336,15.16044,-2.08687,-5.02272,-0.32301,0.00614,4.11516,10.17942,4.06877,-3.63402,-0.24619,-0.02491,4.14749,80.156,3.0,7967.88
0.20871326300046336,15.2748,-1.9785,-4.85747,-0.39446,0.00613,4.08575,10.18891,3.97894,-3.59725,-0.31051,-0.05804,4.12242,80.156,3.0,7886.0
0.21371326300046337,15.41036,-1.92383,-4.59556,-0.45105,0.00428,4.05085,10.19841,3.8891,-3.56048,-0.37595,-0.09351,4.08712,80.156,3.728,7886.0
0.21871326300046337,15.54593,-1.86917,-4.33365,-0.50763,0.00243,4.01596,10.2079,3.79927,-3.5237,-0.44138,-0.12898,4.05183,80.156,4.0,7791.228
0.22371326300046337,15.68149,-1.81451,-4.07174,-0.56422,0.00058,3.98106,10.37571,3.67701,-3.47925,-0.50682,-0.16445,4.01653,80.156,4.0,7756.0
0.22871326300046338,15.73482,-1.82825,-3.77861,-0.6208,-0.00128,3.94616,10.60219,3.54273,-3.43195,-0.57225,-0.19991,3.98124,80.156,4.0,7756.0
0.23371326300046336,15.75724,-1.86768,-3.47375,-0.67739,-0.00313,3.91126,10.82867,3.40845,-3.38466,-0.63769,-0.23538,3.94594,80.156,4.0,7756.0
0.23871326300046336,15.77967,-1.90711,-3.1689,-0.73398,-0.00498,3.87636,11.05515,3.27417,-3.33736,-0.70313,-0.27085,3.91064,80.156,4.0,7781.526
0.24371326300046336,15.80209,-1.94654,-2.86404,-0.79056,-0.00683,3.84146,11.28163,3.13989,-3.29006,-0.76856,-0.30632,3.87535,80.156,4.0,7791.0
0.24871326300046337,15.82452,-1.98597,-2.55918,-0.84715,-0.00869,3.80656,11.5183,2.80918,-3.14496,-0.77695,-0.31033,3.81387,80.156,4.0,7791.0
0.2537132630004634,15.84694,-2.0254,-2.25433,-0.8339,-0.00824,3.73189,11.75877,2.40513,-2.96335,-0.76404,-0.30258,3.74261,80.156,4.0,7791.0
0.2587132630004633,15.86937,-2.06483,-1.94947,-0.79485,-0.00694,3.64254,11.99925,2.00108,-2.78174,-0.75112,-0.29484,3.67136,80.156,4.0,7740.001
0.2637132630004633,15.8918,-2.10426,-1.64462,-0.7558,-0.00564,3.55319,12.23972,1.59704,-2.60012,-0.73821,-0.28709,3.6001,80.156,4.0,7721.0
0.26871326300046333,15.8646,-1.90942,-1.46942,-0.71676,-0.00435,3.46383,12.48019,1.19299,-2.41851,-0.72529,-0.27935,3.52884,80.156,3.27,7721.0
0.27371326300046334,15.81889,-1.62716,-1.3426,-0.67771,-0.00305,3.37448,12.50637,0.9498,-2.18911,-0.71238,-0.2716,3.45759,80.22,3.0,7721.0
0.27871326300046334,15.77318,-1.34489,-1.21578,-0.63866,-0.00175,3.28513,12.45338,0.76604,-1.94205,-0.69946,-0.26386,3.38633,80.244,3.0,7888.311
0.28371326300046334,15.72747,-1.06263,-1.08896,-0.59962,-0.00046,3.19577,12.40039,0.58228,-1.695,-0.68655,-0.25611,3.31507,80.244,3.0,7953.0
0.28871326300046335,15.68175,-0.78037,-0.96214,-0.56057,0.00084,3.10642,12.34741,0.39852,-1.44794,-0.67364,-0.24837,3.24382,80.244,5.911,7953.0
0.29371326300046335,15.63604,-0.49811,-0.83532,-0.50914,-0.04331,2.95415,12.29442,0.21477,-1.20088,-0.54455,-0.27783,2.98575,80.244,7.0,8410.427
0.2987132630004633,15.59033,-0.21584,-0.7085,-0.45308,-0.10443,2.77839,12.24143,0.03101,-0.95383,-0.3721,-0.32119,2.65794,80.244,7.0,8580.0
0.3037132630004633,15.36893,0.49668,-0.88713,-0.39703,-0.16555,2.60264,12.18844,-0.15275,-0.70677,-0.19965,-0.36455,2.33012,80.244,5.544,8580.0
0.3087132630004633,15.08116,1.37171,-1.18114,-0.34098,-0.22667,2.42688,12.13545,-0.33651,-0.45971,-0.02721,-0.40791,2.00231,80.244,5.0,8580.0
0.3137132630004633,14.79339,2.24674,-1.47514,-0.28492,-0.28778,2.25113,11.85739,-0.16996,-0.36562,0.07474,-0.40755,1.73297,80.244,5.0,8652.765
0.3187132630004633,14.50563,3.12178,-1.76915,-0.22887,-0.3489,2.07537,11.49562,0.12687,-0.32842,0.15047,-0.39094,1.48537,80.244,5.0,8680.0
0.3237132630004633,14.21786,3.99681,-2.06316,-0.17281,-0.41002,1.89961,11.13385,0.4237,-0.29121,0.22619,-0.37433,1.23777,80.244,4.272,8680.0
0.32871326300046333,13.9301,4.87184,-2.35716,-0.11676,-0.47114,1.72386,10.77209,0.72053,-0.25401,0.30192,-0.35772,0.99017,80.244,4.0,8680.0
0.33371326300046333,14.18903,5.43845,-2.14992,-0.03605,-0.50034,1.44203,10.41032,1.01736,-0.2168,0.37764,-0.34111,0.74258,80.244,4.0,8869.518
0.33871326300046334,14.6504,5.89085,-1.75706,0.0538,-0.51772,1.12093,10.95078,0.91339,-0.19221,0.45337,-0.3245,0.49498,80.181,4.0,8940.0
0.34371326300046334,15.11178,6.34324,-1.3642,0.14364,-0.53511,0.79983,11.82731,0.66011,-0.17232,0.52909,-0.30789,0.24738,80.156,4.0,8940.0
0.34871326300046335,15.57315,6.79564,-0.97134,0.23348,-0.55249,0.47872,12.70384,0.40684,-0.15243,0.60481,-0.29128,-0.00022,80.028,4.0,11532.628
0.3537132630004633,16.03453,7.24804,-0.57847,0.32333,-0.56988,0.15762,13.58037,0.15357,-0.13254,0.62069,-0.26642,-0.16097,79.917,4.0,12496.0
0.3587132630004633,16.4959,7.70043,-0.18561,0.41317,-0.58726,-0.16348,14.4569,-0.09971,-0.11265,0.61434,-0.23851,-0.28946,79.829,3.276,12496.0
0.3637132630004633,16.95728,8.15283,0.20725,0.50301,-0.60464,-0.48459,15.33343,-0.35298,-0.09275,0.60799,-0.2106,-0.41795,79.805,3.0,12496.0
0.3687132630004633,17.41865,8.60523,0.60011,0.59286,-0.62203,-0.80569,16.20996,-0.60625,-0.07286,0.60163,-0.18269,-0.54644,79.741,3.0,18495.068
0.3737132630004633,17.39461,7.69796,0.98862,0.59661,-0.56078,-0.97784,17.08649,-0.85953,-0.05297,0.59528,-0.15478,-0.67493,79.653,3.0,20736.0
0.3787132630004633,17.19009,6.28518,1.37552,0.56835,-0.47031,-1.09461,16.70871,-0.71052,-0.28102,0.58893,-0.12687,-0.80342,79.565,3.0,20736.0
0.3837132630004633,16.98558,4.87241,1.76242,0.5401,-0.37983,-1.21137,15.85712,-0.40956,-0.60272,0.58257,-0.09895,-0.93191,79.477,3.0,20736.0
0.3887132630004633,16.78106,3.45964,2.14932,0.51184,-0.28935,-1.32814,15.00554,-0.1086,-0.92443,0.57622,-0.07104,-1.0604,79.389,3.0,23331.108
0.39371326300046333,15.87866,1.94846,2.05708,0.48359,-0.19887,-1.44491,14.15395,0.19237,-1.24613,0.56987,-0.04313,-1.18889,79.301,3.0,24295.0
0.39871326300046334,14.71692,0.40071,1.78679,0.45533,-0.1084,-1.56167,13.30236,0.49333,-1.56784,0.56351,-0.01522,-1.31738,79.149,3.0,24295.0
0.4037132630004633,13.55519,-1.14703,1.51651,0.42708,-0.01792,-1.67844,12.45077,0.79429,-1.88954,0.55716,0.01269,-1.44587,78.974,3.0,24783.794
0.4087132630004633,12.39346,-2.69477,1.24623,0.39882,0.07256,-1.79521,11.59918,1.09526,-2.21125,0.55081,0.0406,-1.57436,78.862,3.0,24966.0
0.4137132630004633,11.23173,-4.24252,0.97595,0.37057,0.16304,-1.91197,10.995,0.45725,-2.11703,0.42685,0.06152,-1.64801,78.774,3.0,24966.0
0.4187132630004633,10.07,-5.79026,0.70567,0.28949,0.20965,-1.96879,10.48412,-0.53487,-1.86596,0.25854,0.07979,-1.70098,78.686,3.0,24966.0
0.4237132630004633,8.90827,-7.33801,0.43538,0.18862,0.23982,-2.00313,9.97325,-1.52698,-1.61489,0.09023,0.09806,-1.75394,78.598,3.0,25421.173
0.4287132630004633,8.52967,-7.60601,0.14274,0.08774,0.27,-2.03747,9.46237,-2.5191,-1.36382,-0.07808,0.11633,-1.80691,78.51,3.0,25590.0
0.4337132630004633,8.44185,-7.39883,-0.1582,-0.01313,0.30017,-2.07181,8.9515,-3.51122,-1.11275,-0.24639,0.13461,-1.85987,78.422,4.454,25590.0
0.4387132630004633,8.35403,-7.19165,-0.45914,-0.11401,0.33034,-2.10615,8.59573,-3.4431,-0.92193,-0.2762,0.11557,-1.86687,78.334,5.0,25590.0
0.4437132630004633,8.26621,-6.98448,-0.76009,-0.21488,0.36051,-2.1405,8.29814,-2.97736,-0.75371,-0.25408,0.08255,-1.85663,78.311,5.0,25694.207
0.4487132630004633,8.17839,-6.7773,-1.06103,-0.31576,0.39068,-2.17484,8.00055,-2.51161,-0.58549,-0.23195,0.04953,-1.84638,78.247,4.273,25733.0
0.45371326300046333,8.09056,-6.57013,-1.36197,-0.32632,0.37854,-2.14353,7.70296,-2.04587,-0.41726,-0.20982,0.0165,-1.83614,78.223,4.0,25733.0
0.4587132630004633,8.00274,-6.36295,-1.66291,-0.30292,0.35048,-2.08755,7.40537,-1.58012,-0.24904,-0.1877,-0.01652,-1.8259,78.223,4.0,25756.35
0.4637132630004633,7.91492,-6.15577,-1.96386,-0.27952,0.32243,-2.03156,7.54777,-1.06496,-0.34873,-0.16557,-0.04955,-1.81566,78.223,4.0,25765.0
0.4687132630004633,8.19519,-6.20172,-1.98367,-0.25612,0.29437,-1.97558,7.85276,-0.53154,-0.54741,-0.14345,-0.08257,-1.80542,78.35,3.273,25765.0
0.4737132630004633,8.61257,-6.34196,-1.89877,-0.23272,0.26632,-1.91959,8.15775,0.00188,-0.7461,-0.12132,-0.11559,-1.79518,78.462,3.0,25525.535
0.4787132630004633,9.02995,-6.48219,-1.81386,-0.20932,0.23826,-1.86361,8.46274,0.5353,-0.94479,-0.16608,-0.11648,-1.70328,78.614,3.0,25434.0
0.4837132630004633,9.44733,-6.62242,-1.72896,-0.18592,0.21021,-1.80762,8.76773,1.06873,-1.14347,-0.23655,-0.105,-1.58,78.79,3.0,25434.0
0.4887132630004633,9.86471,-6.76266,-1.64406,-0.16252,0.18215,-1.75164,9.07272,1.60215,-1.34216,-0.30702,-0.09352,-1.45671,78.902,3.728,25434.0
0.4937132630004633,10.28209,-6.90289,-1.55915,-0.13912,0.1541,-1.69565,9.37772,2.13557,-1.54084,-0.37749,-0.08205,-1.33343,78.99,4.0,25434.0
0.4987132630004633,10.37149,-6.6505,-1.80191,-0.15296,0.13154,-1.56418,9.68271,2.66899,-1.73953,-0.44796,-0.07057,-1.21014,79.078,4.0,25797.716
0.5037132630004634,10.33976,-6.2531,-2.16568,-0.18055,0.11102,-1.40483,9.59294,3.33906,-2.09514,-0.51843,-0.0591,-1.08686,79.166,1589.982,25932.0
0.5087132630004633,10.30804,-5.85571,-2.52945,-0.20814,0.09049,-1.24548,9.35745,4.05956,-2.50868,-0.5889,-0.04762,-0.96357,79.253,2183.0,25932.0
0.5137132630004633,10.27632,-5.45831,-2.89321,-0.23574,0.06996,-1.08613,9.12196,4.78006,-2.92222,-0.65937,-0.03615,-0.84029,79.341,2183.0,25932.0
0.5187132630004633,10.10763,-5.3992,-2.92635,-0.26333,0.04944,-0.92678,8.88647,5.50057,-3.33577,-0.72985,-0.02467,-0.717,79.429,2183.0,25852.555
0.5237132630004633,9.88732,-5.46756,-2.83491,-0.29093,0.02891,-0.76743,8.65097,6.22107,-3.74931,-0.80032,-0.01319,-0.59372,79.517,2183.0,25823.0
0.5287132630004633,9.66702,-5.53591,-2.74347,-0.31852,0.00838,-0.60808,8.69607,5.24216,-3.60212,-0.7556,-0.01052,-0.58137,79.605,2734.448,25823.0
0.5337132630004633,9.44672,-5.60427,-2.65203,-0.34611,-0.01214,-0.44873,8.84639,3.62591,-3.24463,-0.66769,-0.01115,-0.61063,79.693,2946.0,25823.0
0.5387132630004633,9.22642,-5.67262,-2.56059,-0.37371,-0.03267,-0.28938,8.99672,2.00966,-2.88715,-0.57978,-0.01178,-0.63989,79.781,2946.0,25603.224
0.5437132630004633,9.00612,-5.74098,-2.46915,-0.33231,-0.01614,-0.27626,9.14705,0.39341,-2.52966,-0.49187,-0.0124,-0.66914,79.869,2946.0,25522.0
0.5487132630004633,8.78582,-5.80934,-2.37771,-0.26542,0.01408,-0.31716,9.29737,-1.22285,-2.17218,-0.40396,-0.01303,-0.6984,80.02,3808.004,25522.0
0.5537132630004633,8.56551,-5.87769,-2.28627,-0.19853,0.0443,-0.35806,9.4477,-2.8391,-1.81469,-0.31605,-0.01366,-0.72766,80.132,4132.0,25522.0
0.5587132630004633,8.34521,-5.94605,-2.19483,-0.13164,0.07453,-0.39897,9.59802,-4.45535,-1.45721,-0.22814,-0.01429,-0.75692,80.22,4132.0,25536.523
0.5637132630004633,8.35908,-5.8876,-2.08234,-0.11703,0.07247,-0.39017,9.59186,-4.00588,-1.2454,-0.20674,-0.02607,-0.73826,80.244,4701.526,25542.0
0.5687132630004633,8.46125,-5.78133,-1.96193,-0.12214,0.05825,-0.36265,9.5267,-2.77752,-1.08852,-0.21042,-0.04206,-0.70153,80.244,4915.0,25542.0
0.5737132630004633,8.56342,-5.67507,-1.84151,-0.12725,0.04402,-0.33512,9.46154,-1.54917,-0.93164,-0.2141,-0.05806,-0.66481,80.436,4915.0,25542.0
0.5787132630004633,8.66559,-5.5688,-1.72109,-0.13236,0.0298,-0.30759,9.39638,-0.32081,-0.77475,-0.21778,-0.07405,-0.62808,80.508,4915.0,25385.224
0.5837132630004633,8.76776,-5.46254,-1.60068,-0.13748,0.01557,-0.28006,9.33122,0.90755,-0.61787,-0.22146,-0.09004,-0.59135,80.636,4915.0,25327.0
0.5887132630004633,8.79975,-5.43023,-1.60704,-0.14259,0.00135,-0.25253,9.35107,1.13252,-0.74282,-0.22513,-0.10603,-0.55463,80.748,5629.843,25327.0
0.5937132630004632,8.80533,-5.42574,-1.66108,-0.1477,-0.01287,-0.22501,9.4029,0.98014,-0.97375,-0.22881,-0.12202,-0.5179,80.836,5897.0,25370.024
0.5987132630004632,8.81092,-5.42124,-1.71512,-0.15281,-0.0271,-0.19748,9.45472,0.82777,-1.20468,-0.23249,-0.13802,-0.48117,80.923,5897.0,25386.0
0.6037132630004632,8.81651,-5.41675,-1.76916,-0.15792,-0.04132,-0.16995,9.50655,0.6754,-1.43561,-0.23617,-0.15401,-0.44445,81.011,6644.521,25386.0
0.6087132630004632,8.8221,-5.41225,-1.8232,-0.16303,-0.05555,-0.14242,9.55837,0.52303,-1.66654,-0.22238,-0.15963,-0.43141,81.099,6925.0,25386.0
0.6137132630004632,8.82769,-5.40776,-1.87724,-0.16814,-0.06977,-0.11489,9.61019,0.37066,-1.89747,-0.20204,-0.16136,-0.42725,81.251,6925.0,25520.982
0.6187132630004633,8.83328,-5.40326,-1.93128,-0.15893,-0.07259,-0.09943,9.66202,0.21829,-2.1284,-0.18169,-0.16309,-0.42308,81.363,6925.0,25571.0
0.6237132630004633,8.83886,-5.39876,-1.98532,-0.14442,-0.07118,-0.08845,9.70873,0.04763,-2.20101,-0.16135,-0.16482,-0.41892,81.451,7543.734,25571.0
0.6287132630004633,8.88177,-5.3654,-2.00185,-0.1299,-0.06978,-0.07746,9.75352,-0.12987,-2.21425,-0.14101,-0.16656,-0.41476,81.539,7776.0,25571.0
0.6337132630004633,8.93869,-5.3212,-2.00429,-0.11538,-0.06837,-0.06647,9.79832,-0.30738,-2.22748,-0.12067,-0.16829,-0.4106,81.691,7776.0,25667.982
0.6387132630004633,8.99561,-5.277,-2.00672,-0.10086,-0.06696,-0.05549,9.84311,-0.48489,-2.24072,-0.10033,-0.17002,-0.40644,81.738,7776.0,25704.0
0.6437132630004633,9.05252,-5.23279,-2.00916,-0.08635,-0.06555,-0.0445,9.88791,-0.66239,-2.25396,-0.07999,-0.17175,-0.40228,81.993,7748.462,25704.0
0.6487132630004633,9.10944,-5.18859,-2.0116,-0.07183,-0.06414,-0.03351,9.9327,-0.8399,-2.26719,-0.06596,-0.16348,-0.40805,82.154,7738.0,25704.0
0.6537132630004633,9.16636,-5.14439,-2.01403,-0.05731,-0.06273,-0.02253,9.9775,-1.01741,-2.28043,-0.05431,-0.15142,-0.41757,82.242,7738.0,25680.722
0.6587132630004633,9.20119,-5.10545,-2.05555,-0.04467,-0.05267,-0.01899,10.02229,-1.19491,-2.29367,-0.04266,-0.13937,-0.4271,82.392,8209.943,25672.0
0.6637132630004633,9.22773,-5.06849,-2.11175,-0.03274,-0.03936,-0.01825,10.05243,-1.11739,-2.45125,-0.03102,-0.12731,-0.43663,82.505,8395.0,25672.0
0.6687132630004633,9.25426,-5.03153,-2.16796,-0.02081,-0.02605,-0.01751,10.07672,-0.93822,-2.66638,-0.01937,-0.11525,-0.44615,82.657,8395.0,25672.0
0.6737132630004633,9.28079,-4.99457,-2.22416,-0.00888,-0.01274,-0.01676,10.10101,-0.75905,-2.8815,-0.00773,-0.10319,-0.45568,82.769,8395.0,25672.0
0.6787132630004633,9.30733,-4.95761,-2.28037,0.00305,0.00057,-0.01602,10.1253,-0.57988,-3.09662,0.00392,-0.09114,-0.4652,82.985,8395.0,25398.378
0.6837132630004633,9.33386,-4.92065,-2.33657,0.01498,0.01388,-0.01528,10.14959,-0.40071,-3.31175,0.01556,-0.07908,-0.47473,83.118,8395.0,25296.0
0.6887132630004633,9.37383,-4.89317,-2.31118,0.01823,0.02262,-0.02165,10.17506,-0.36116,-3.30456,0.01869,-0.06771,-0.48557,83.207,9211.868,25296.0
0.6937132630004633,9.42011,-4.87014,-2.24756,0.01741,0.02922,-0.03136,10.20109,-0.38702,-3.19324,0.01782,-0.05666,-0.49702,83.232,9536.0,25296.0
0.6987132630004632,9.46638,-4.84711,-2.18394,0.0166,0.03581,-0.04107,10.22712,-0.41288,-3.08192,0.01695,-0.04561,-0.50847,83.488,9536.0,25579.962
0.7037132630004632,9.51265,-4.82408,-2.12033,0.01578,0.04241,-0.05077,10.25315,-0.43874,-2.9706,0.01609,-0.03456,-0.51992,83.584,9536.0,25687.0
0.7087132630004632,9.55892,-4.80105,-2.05671,0.01497,0.04901,-0.06048,10.27918,-0.46459,-2.85929,0.01522,-0.02351,-0.53137,83.776,10189.308,25687.0
0.7137132630004632,9.54595,-4.80036,-2.04888,0.01415,0.05561,-0.07018,10.27417,-0.45446,-2.82135,0.01436,-0.01246,-0.54282,83.912,10432.0,25687.0
0.7187132630004632,9.51105,-4.80794,-2.06169,0.01333,0.0622,-0.07989,10.25769,-0.43101,-2.81058,0.01349,-0.00141,-0.55427,84.064,10432.0,25453.96
0.7237132630004632,9.47615,-4.81552,-2.0745,0.01252,0.0688,-0.0896,10.2412,-0.40756,-2.7998,0.01262,0.00964,-0.56572,84.175,10432.0,25367.0
0.7287132630004632,9.44124,-4.82311,-2.08731,0.0117,0.0754,-0.0993,10.22471,-0.38411,-2.78903,0.01176,0.02069,-0.57717,84.39,10380.498,25367.0
0.7337132630004632,9.40634,-4.83069,-2.10012,0.01088,0.08199,-0.10901,10.20822,-0.36066,-2.77825,0.01089,0.03174,-0.58862,84.463,10361.0,25367.0
0.7387132630004632,9.37144,-4.83827,-2.11293,0.00653,0.09032,-0.12498,10.19174,-0.33721,-2.76748,-0.0134,0.0458,-0.60229,84.59,10361.0,25372.763
0.7437132630004633,9.33654,-4.84586,-2.12574,0.00085,0.09929,-0.14328,10.17525,-0.31376,-2.7567,-0.04644,0.06099,-0.61679,84.702,10361.0,25375.0
0.7487132630004633,9.30378,-4.86182,-2.10673,-0.00483,0.10826,-0.16159,10.15876,-0.29031,-2.74593,-0.07948,0.07617,-0.63129,84.791,11644.14,25375.0
0.7537132630004633,9.2718,-4.88091,-2.07587,-0.01051,0.11724,-0.17989,10.14227,-0.26687,-2.73515,-0.11252,0.09136,-0.64579,84.942,12121.0,25375.0
0.7587132630004633,9.23983,-4.9,-2.04501,-0.01619,0.12621,-0.1982,10.11958,-0.24495,-2.66077,-0.12232,0.09311,-0.64857,85.054,12121.0,25130.702
0.7637132630004633,9.20786,-4.91908,-2.01415,-0.02187,0.13518,-0.2165,10.09455,-0.22361,-2.56245,-0.12339,0.08982,-0.64693,85.142,12121.0,25039.0
0.7687132630004633,9.17589,-4.93817,-1.9833,-0.02755,0.14415,-0.23481,10.06952,-0.20227,-2.46412,-0.12446,0.08652,-0.6453,85.23,12881.705,25039.0
0.7737132630004633,9.14392,-4.95726,-1.95244,-0.03323,0.15313,-0.25312,10.04449,-0.18093,-2.3658,-0.12553,0.08322,-0.64366,85.318,13163.0,25039.0
0.7787132630004633,9.12556,-4.95655,-1.93162,-0.03802,0.15309,-0.26538,10.01947,-0.1596,-2.26748,-0.1266,0.07992,-0.64203,85.406,13163.0,24914.537
0.7837132630004633,9.11233,-4.94838,-1.9146,-0.04248,0.14966,-0.27537,9.98074,-0.02897,-2.15371,-0.12766,0.07662,-0.64039,85.494,14024.409,24868.0
0.7887132630004633,9.0991,-4.9402,-1.89757,-0.04694,0.14623,-0.28536,9.9369,0.14241,-2.03417,-0.12873,0.07332,-0.63875,85.582,14345.0,24868.0
0.7937132630004633,9.08587,-4.93203,-1.88054,-0.05139,0.1428,-0.29534,9.89307,0.31379,-1.91463,-0.1298,0.07002,-0.63712,85.669,14345.0,24677.348
0.7987132630004633,9.07264,-4.92386,-1.86351,-0.05585,0.13937,-0.30533,9.84924,0.48517,-1.7951,-0.13087,0.06672,-0.63548,85.757,14345.0,24606.0
0.8037132630004632,9.05941,-4.91569,-1.84648,-0.0603,0.13593,-0.31532,9.8054,0.65654,-1.67556,-0.13193,0.06343,-0.63385,85.845,14341.359,24606.0
0.8087132630004632,9.04619,-4.90752,-1.82945,-0.06476,0.1325,-0.32531,9.80161,0.70296,-1.69048,-0.13411,0.06157,-0.62651,85.869,14340.0,24606.0
0.8137132630004632,9.04498,-4.91001,-1.83294,-0.06819,0.13095,-0.33123,9.81266,0.70307,-1.75524,-0.1367,0.06024,-0.61706,85.932,14340.0,24372.057
0.8187132630004632,9.04823,-4.91644,-1.84404,-0.07124,0.13009,-0.33564,9.82371,0.70317,-1.82,-0.13929,0.05891,-0.60761,86.02,14909.599,24280.0
0.8237132630004632,9.05148,-4.92288,-1.85513,-0.07429,0.12923,-0.34005,9.83477,0.70327,-1.88475,-0.14189,0.05759,-0.59815,86.045,15131.0,24280.0
0.8287132630004632,9.05473,-4.92932,-1.86622,-0.07735,0.12838,-0.34446,9.84582,0.70338,-1.94951,-0.14448,0.05626,-0.5887,86.109,15131.0,23930.743
0.8337132630004632,9.05798,-4.93576,-1.87731,-0.0804,0.12752,-0.34887,9.85687,0.70348,-2.01427,-0.14707,0.05493,-0.57925,86.133,15131.0,23801.0
0.8387132630004632,9.06122,-4.9422,-1.8884,-0.08345,0.12666,-0.35328,9.86792,0.70359,-2.07902,-0.14966,0.05361,-0.5698,86.197,15355.474,23801.0
0.8437132630004632,9.06447,-4.94864,-1.89949,-0.0865,0.1258,-0.35769,9.87897,0.70369,-2.14378,-0.15225,0.05228,-0.56034,86.285,15440.0,23801.0
0.8487132630004632,9.07046,-4.91731,-1.89972,-0.08824,0.12472,-0.35889,9.89002,0.7038,-2.20854,-0.15484,0.05095,-0.55089,86.309,15440.0,23771.811
0.8537132630004632,9.07746,-4.87202,-1.89594,-0.08949,0.12356,-0.35889,9.87761,0.73143,-2.18989,-0.15485,0.04807,-0.54086,86.373,15440.0,23761.0
0.8587132630004632,9.08447,-4.82673,-1.89215,-0.09074,0.12239,-0.3589,9.85649,0.76926,-2.14032,-0.15389,0.04461,-0.53061,86.396,15746.534,23761.0
0.8637132630004632,9.09147,-4.78144,-1.88837,-0.09199,0.12123,-0.35891,9.83537,0.8071,-2.09076,-0.15294,0.04115,-0.52037,86.459,15882.0,23761.0
0.8687132630004633,9.09847,-4.73615,-1.88458,-0.09324,0.12006,-0.35891,9.81426,0.84493,-2.04119,-0.15199,0.03768,-0.51012,86.484,15882.0,23674.174
0.8737132630004633,9.11439,-4.70866,-1.87789,-0.09448,0.1189,-0.35892,9.79314,0.88277,-1.99162,-0.15104,0.03422,-0.49988,86.484,15882.0,23642.0
0.8787132630004633,9.13362,-4.68776,-1.87013,-0.09573,0.11773,-0.35893,9.79488,0.97085,-2.02717,-0.15065,0.03651,-0.4914,86.484,16067.414,23642.0
0.8837132630004633,9.15285,-4.66685,-1.86237,-0.09698,0.11657,-0.35893,9.80516,1.07773,-2.09454,-0.15047,0.04094,-0.4836,86.548,16137.0,23642.0
0.8887132630004633,9.17208,-4.64595,-1.85461,-0.09823,0.11541,-0.35894,9.81544,1.18461,-2.16191,-0.15028,0.04537,-0.47579,86.572,16137.0,23512.815
0.8937132630004633,9.1913,-4.62505,-1.84685,-0.09868,0.1177,-0.35984,9.82572,1.29148,-2.22928,-0.1501,0.04981,-0.46798,86.572,16137.0,23464.0
0.8987132630004633,9.21053,-4.60415,-1.83909,-0.09882,0.12132,-0.36108,9.836,1.39836,-2.29665,-0.14992,0.05424,-0.46017,86.572,16898.544,23464.0
0.9037132630004633,9.22976,-4.58325,-1.83133,-0.09895,0.12493,-0.36232,9.86439,1.35408,-2.31899,-0.14973,0.05867,-0.45236,86.636,17184.0,23285.535
0.9087132630004633,9.23848,-4.57804,-1.82955,-0.09909,0.12854,-0.36356,9.89958,1.25304,-2.32444,-0.14955,0.06311,-0.44456,86.66,17184.0,23219.0
0.9137132630004632,9.24331,-4.57866,-1.82998,-0.09923,0.13215,-0.3648,9.93478,1.15201,-2.32988,-0.14937,0.06754,-0.43675,86.66,17138.147,23219.0
0.9187132630004632,9.24813,-4.57929,-1.83042,-0.09937,0.13577,-0.36604,9.96997,1.05097,-2.33532,-0.15012,0.07033,-0.44245,86.66,17121.0,23219.0
0.9237132630004632,9.25295,-4.57991,-1.83085,-0.09951,0.13938,-0.36729,10.00516,0.94993,-2.34076,-0.15123,0.07251,-0.45319,86.66,17121.0,23016.973
0.9287132630004632,9.25778,-4.58054,-1.83129,-0.09964,0.14299,-0.36853,10.04035,0.84889,-2.34621,-0.15234,0.07469,-0.46393,86.66,17121.0,22942.0
0.9337132630004632,9.2626,-4.58116,-1.83172,-0.10175,0.14512,-0.38341,10.07554,0.74785,-2.35165,-0.15344,0.07688,-0.47467,86.66,17605.256,22942.0
0.9387132630004632,9.26742,-4.58179,-1.83216,-0.10459,0.14669,-0.40342,10.08192,0.61228,-2.31678,-0.15455,0.07906,-0.48541,86.66,17791.0,22942.0
0.9437132630004632,9.27225,-4.58241,-1.8326,-0.10743,0.14826,-0.42342,10.07716,0.46334,-2.26632,-0.15566,0.08124,-0.49615,86.66,17791.0,22645.198
0.9487132630004632,9.26911,-4.57587,-1.8213,-0.11027,0.14982,-0.44343,10.0724,0.31441,-2.21586,-0.15677,0.08342,-0.5069,86.724,17865.203,22535.0
0.9537132630004632,9.26303,-4.56666,-1.80564,-0.11311,0.15139,-0.46343,10.06764,0.16547,-2.1654,-0.15787,0.0856,-0.51764,86.748,17893.0,22535.0
0.9587132630004632,9.25694,-4.55745,-1.78998,-0.11594,0.15296,-0.48344,10.06288,0.01654,-2.11494,-0.15898,0.08778,-0.52838,86.748,17893.0,22535.0
0.9637132630004632,9.25085,-4.54825,-1.77433,-0.11878,0.15453,-0.50345,10.07929,-0.09004,-2.12524,-0.16286,0.09276,-0.55566,86.748,17893.0,22272.028
0.9687132630004632,9.24476,-4.53904,-1.75867,-0.12162,0.1561,-0.52345,10.10355,-0.18094,-2.15802,-0.16776,0.09877,-0.58907,86.748,17893.0,22174.0
0.9737132630004632,9.25127,-4.53017,-1.75246,-0.12225,0.16166,-0.56042,10.1278,-0.27185,-2.1908,-0.17266,0.10479,-0.62247,86.748,18204.412,22174.0
0.9787132630004632,9.26253,-4.52144,-1.74981,-0.12203,0.16873,-0.60379,10.15206,-0.36275,-2.22359,-0.17756,0.1108,-0.65587,86.748,18322.0,21882.599
0.9837132630004632,9.27379,-4.5127,-1.74716,-0.12182,0.17579,-0.64715,10.17631,-0.45365,-2.25637,-0.18246,0.11682,-0.68928,86.748,18322.0,21774.0
0.9887132630004632,9.28505,-4.50397,-1.74451,-0.12161,0.18286,-0.69052,10.20057,-0.54455,-2.28915,-0.18736,0.12283,-0.72268,86.748,18549.594,21774.0
0.9937132630004633,9.29631,-4.49523,-1.74186,-0.1214,0.18993,-0.73389,10.22482,-0.63546,-2.32193,-0.19226,0.12884,-0.75608,86.748,18635.0,21774.0
0.9987132630004633,9.30757,-4.4865,-1.73921,-0.12118,0.19699,-0.77725,10.24908,-0.72636,-2.35471,-0.19716,0.13486,-0.78949,86.748,18635.0,21774.0
1.0037132630004633,9.31883,-4.47776,-1.73656,-0.12097,0.20406,-0.82062,10.27333,-0.81726,-2.38749,-0.20206,0.14087,-0.82289,86.748,18635.0,21485.286
1.0087132630004634,9.33009,-4.46903,-1.73391,-0.12076,0.21113,-0.86398,10.30257,-0.79852,-2.43782,-0.2061,0.1467,-0.85869,86.748,19143.682,21378.0
1.0137132630004633,9.3953,-4.43029,-1.79795,-0.12113,0.21901,-0.90151,10.33366,-0.73897,-2.49468,-0.2098,0.15247,-0.89538,86.684,19334.0,21378.0
1.0187132630004634,9.48074,-4.3803,-1.88699,-0.12172,0.22721,-0.93684,10.36475,-0.67942,-2.55155,-0.21351,0.15824,-0.93208,86.66,19334.0,20672.721
1.0237132630004633,9.56617,-4.33032,-1.97603,-0.12231,0.2354,-0.97218,10.39584,-0.61987,-2.60841,-0.21722,0.16401,-0.96877,86.66,19334.0,20410.0
1.0287132630004634,9.65161,-4.28033,-2.06508,-0.12291,0.24359,-1.00751,10.48839,-0.50583,-2.61908,-0.22093,0.16977,-1.00546,86.66,19334.0,20410.0
1.0337132630004633,9.78557,-4.29491,-2.07011,-0.1235,0.25179,-1.04284,10.60383,-0.3715,-2.61254,-0.22464,0.17554,-1.04215,86.66,19640.941,20410.0
1.0387132630004634,9.93773,-4.3337,-2.04362,-0.12409,0.25998,-1.07818,10.71927,-0.23717,-2.60601,-0.22835,0.18131,-1.07885,86.66,19756.0,20410.0
1.0437132630004633,10.08989,-4.3725,-2.01714,-0.12468,0.26817,-1.11351,10.83471,-0.10283,-2.59947,-0.23205,0.18707,-1.11554,86.724,19756.0,19767.743
1.0487132630004634,10.24206,-4.41129,-1.99065,-0.12527,0.27637,-1.14885,10.95016,0.0315,-2.59293,-0.23576,0.19284,-1.15223,86.684,19950.809,19529.0
1.0537132630004633,10.39422,-4.45008,-1.96416,-0.12586,0.28456,-1.18418,11.0656,0.16583,-2.5864,-0.24398,0.20173,-1.19543,86.66,20024.0,19529.0
1.0587132630004634,10.54638,-4.48888,-1.93768,-0.12253,0.29451,-1.22767,11.18104,0.30016,-2.57986,-0.2539,0.21179,-1.24108,86.724,20024.0,19511.485
1.0637132630004633,10.69854,-4.52767,-1.91119,-0.11773,0.3051,-1.27419,11.22249,0.35334,-2.58059,-0.26382,0.22186,-1.28673,86.748,20024.0,19505.0
1.0687132630004634,10.7806,-4.51626,-1.9204,-0.11294,0.3157,-1.32071,11.23656,0.37649,-2.58401,-0.27374,0.23192,-1.33239,86.748,20539.877,19505.0
1.0737132630004633,10.83636,-4.48601,-1.943,-0.10814,0.3263,-1.36723,11.25064,0.39965,-2.58743,-0.28366,0.24198,-1.37804,86.684,20733.0,19505.0
1.0787132630004632,10.89211,-4.45577,-1.9656,-0.10335,0.3369,-1.41374,11.26471,0.4228,-2.59084,-0.29358,0.25205,-1.42369,86.724,20733.0,19252.717
1.0837132630004633,10.94787,-4.42552,-1.9882,-0.09855,0.3475,-1.46026,11.27879,0.44596,-2.59426,-0.30349,0.26211,-1.46934,86.684,20733.0,19158.0
1.0887132630004632,11.00363,-4.39527,-2.0108,-0.09376,0.35809,-1.50678,11.29286,0.46911,-2.59768,-0.29869,0.26809,-1.502,86.66,21089.407,19158.0
1.0937132630004633,11.05939,-4.36503,-2.0334,-0.09149,0.37102,-1.5452,11.30694,0.49227,-2.6011,-0.28836,0.27254,-1.52977,86.66,21224.0,19158.0
1.0987132630004632,11.11514,-4.33478,-2.056,-0.09018,0.38481,-1.58057,11.32102,0.51542,-2.60451,-0.27802,0.27699,-1.55754,86.66,21224.0,19007.85
1.1037132630004634,11.1709,-4.30453,-2.0786,-0.08886,0.39861,-1.61593,11.38969,0.51907,-2.69693,-0.26769,0.28144,-1.5853,86.596,21890.722,18951.0
1.1087132630004632,11.21024,-4.43223,-2.18912,-0.08755,0.41241,-1.65129,11.47874,0.51544,-2.82256,-0.25735,0.28588,-1.61307,86.572,22141.0,18951.0
1.1137132630004634,11.24339,-4.61934,-2.33273,-0.08624,0.42621,-1.68665,11.56778,0.51181,-2.94818,-0.24702,0.29033,-1.64084,86.572,22141.0,18069.294
1.1187132630004633,11.27655,-4.80646,-2.47634,-0.08492,0.44001,-1.72201,11.65683,0.50817,-3.07381,-0.23668,0.29478,-1.66861,86.508,22141.0,17741.0
1.1237132630004634,11.3097,-4.99358,-2.61994,-0.08361,0.45381,-1.75738,11.74587,0.50454,-3.19943,-0.22635,0.29923,-1.69638,86.484,22651.635,17741.0
1.1287132630004633,11.34286,-5.1807,-2.76355,-0.0823,0.46761,-1.79274,11.83366,0.41687,-3.13729,-0.21219,0.2948,-1.73045,86.421,22843.0,17741.0
1.1337132630004634,11.45637,-5.28519,-2.7534,-0.08136,0.46977,-1.83509,11.92097,0.29754,-3.00446,-0.1966,0.28704,-1.7669,86.396,22843.0,17043.765
1.1387132630004633,11.60026,-5.35842,-2.6851,-0.08058,0.46754,-1.88008,12.00828,0.17822,-2.87163,-0.18101,0.27928,-1.80334,86.332,22843.0,16783.0
1.1437132630004634,11.74415,-5.43166,-2.61681,-0.07979,0.46531,-1.92508,12.09559,0.05889,-2.73879,-0.16541,0.27151,-1.83979,86.245,23247.455,16783.0
1.1487132630004633,11.88804,-5.5049,-2.54851,-0.079,0.46308,-1.97007,12.1829,-0.06043,-2.60596,-0.14982,0.26375,-1.87624,86.157,23399.0,16783.0
1.1537132630004634,12.03192,-5.57814,-2.48022,-0.07821,0.46085,-2.01506,12.27021,-0.17976,-2.47313,-0.13423,0.25599,-1.91268,86.069,23399.0,15084.56
1.1587132630004633,12.10031,-5.55028,-2.44941,-0.07742,0.45862,-2.06006,12.35752,-0.29908,-2.34029,-0.11864,0.24822,-1.94913,85.981,23399.0,14452.0
1.1637132630004634,12.14063,-5.48484,-2.43254,-0.07663,0.45639,-2.10505,12.32978,-0.30923,-2.18701,-0.13158,0.22987,-1.98392,85.893,23647.633,14452.0
1.1687132630004633,12.18095,-5.4194,-2.41566,-0.07584,0.45416,-2.15004,12.25858,-0.27815,-2.02601,-0.15529,0.20753,-2.01808,85.805,23741.0,14452.0
1.1737132630004634,12.22127,-5.35395,-2.39879,-0.07505,0.45193,-2.19504,12.18739,-0.24708,-1.86501,-0.179,0.18518,-2.05225,85.717,23741.0,11700.724
1.1787132630004633,12.26159,-5.28851,-2.38191,-0.07427,0.4497,-2.24003,12.11619,-0.216,-1.70401,-0.20271,0.16283,-2.08641,85.629,23741.0,10678.0
1.1837132630004632,12.30191,-5.22307,-2.36504,-0.13902,0.44183,-2.34832,12.04499,-0.18492,-1.54301,-0.22643,0.14049,-2.12058,85.542,24036.868,10678.0
1.1887132630004633,12.34222,-5.15762,-2.34816,-0.22836,0.43185,-2.48034,11.95457,-0.26352,-1.48143,-0.25014,0.11814,-2.15474,85.325,24148.0,10678.0
1.1937132630004632,12.38254,-5.09218,-2.33129,-0.3177,0.42187,-2.61236,11.85693,-0.38333,-1.45723,-0.27385,0.09579,-2.18891,85.19,24148.0,7178.199
1.1987132630004633,12.42286,-5.02674,-2.31441,-0.40705,0.41189,-2.74438,11.75928,-0.50315,-1.43302,-0.29756,0.07345,-2.22307,85.038,24148.0,5878.0
1.2037132630004632,12.4656,-4.94441,-2.36302,-0.44613,0.40845,-2.82743,11.66163,-0.62296,-1.40881,-0.32128,0.0511,-2.25723,84.862,24311.807,5878.0
1.2087132630004633,12.50924,-4.85575,-2.43623,-0.46634,0.40746,-2.89208,11.56399,-0.74278,-1.38461,-0.34499,0.02875,-2.2914,84.814,24373.0,5878.0
1.2137132630004632,12.55289,-4.76708,-2.50944,-0.48655,0.40647,-2.95672,11.46634,-0.86259,-1.3604,-0.3666,-0.00785,-2.36819,84.75,24373.0,3050.874
1.2187132630004633,12.59653,-4.67841,-2.58264,-0.50675,0.40549,-3.02137,11.36869,-0.9824,-1.33619,-0.38743,-0.04977,-2.46089,84.599,24373.0,2002.0
1.2237132630004632,12.64017,-4.58975,-2.65585,-0.52696,0.4045,-3.08602,11.13468,-0.77859,-1.34038,-0.40825,-0.0917,-2.5536,84.487,24517.057,2002.0
1.2287132630004634,12.79071,-4.41384,-2.64116,-0.54717,0.40351,-3.15067,10.84926,-0.45276,-1.35527,-0.42908,-0.13362,-2.6463,84.399,24571.0,1107.396
1.2337132630004632,12.98117,-4.20534,-2.59364,-0.56738,0.40252,-3.21531,10.56384,-0.12693,-1.37016,-0.44991,-0.17554,-2.73901,84.311,24571.0,775.0
1.2387132630004634,13.17162,-3.99684,-2.54612,-0.58759,0.40154,-3.27996,10.27842,0.19891,-1.38506,-0.47073,-0.21746,-2.83171,84.159,24287.574,775.0
1.2437132630004633,13.36208,-3.78834,-2.4986,-0.60779,0.40055,-3.34461,9.993,0.52474,-1.39995,-0.49156,-0.25939,-2.92441,84.111,24182.0,775.0
1.2487132630004634,13.55254,-3.57985,-2.45108,-0.628,0.39956,-3.40925,9.96318,1.05631,-1.54883,-0.51933,-0.26967,-2.95945,83.983,24182.0,1051.033
1.2537132630004633,13.743,-3.37135,-2.40356,-0.64679,0.39421,-3.42933,10.03032,1.66593,-1.74855,-0.54975,-0.26796,-2.9726,83.872,24182.0,1154.0
1.2587132630004634,13.93345,-3.16285,-2.35604,-0.66505,0.38725,-3.43288,10.09746,2.27555,-1.94826,-0.58016,-0.26624,-2.98576,83.785,23183.318,1154.0
1.2637132630004633,14.12391,-2.95436,-2.30852,-0.68332,0.38028,-3.43643,10.16461,2.88517,-2.14798,-0.61057,-0.26453,-2.99892,83.633,22772.0,593.8
1.2687132630004634,14.37161,-2.97037,-2.28162,-0.70158,0.37332,-3.43999,10.23175,3.49479,-2.34769,-0.64098,-0.26281,-3.01208,83.52,22772.0,375.0
1.2737132630004633,14.64086,-3.07095,-2.26248,-0.71984,0.36636,-3.44354,10.29889,4.10441,-2.54741,-0.67139,-0.26109,-3.02523,83.368,20785.176,375.0
1.2787132630004634,14.91011,-3.17153,-2.24334,-0.7381,0.35939,-3.44709,10.36603,4.71403,-2.74712,-0.70181,-0.25938,-3.03839,83.192,20044.0,375.0
1.2837132630004633,15.17937,-3.27211,-2.2242,-0.75637,0.35243,-3.45064,10.43318,5.32365,-2.94683,-0.73222,-0.25766,-3.05155,83.081,20044.0,372.087
1.2887132630004632,15.44862,-3.37269,-2.20506,-0.77463,0.34546,-3.4542,10.30922,5.64631,-3.13967,-0.76036,-0.23519,-3.0008,82.866,20044.0,371.0
1.2937132630004633,14.89793,-3.62256,-2.21003,-0.78208,0.35471,-3.41135,10.11368,5.86148,-3.32992,-0.78764,-0.20495,-2.92613,82.729,16212.72,371.0
1.2987132630004632,14.03221,-3.92978,-2.22427,-0.78537,0.37019,-3.35069,9.91813,6.07665,-3.52018,-0.81493,-0.1747,-2.85145,82.641,14776.0,371.0
1.3037132630004633,13.16649,-4.23701,-2.23851,-0.78866,0.38567,-3.29002,9.72259,6.29182,-3.71043,-0.84222,-0.14446,-2.77677,82.425,14776.0,332.468
1.3087132630004632,12.30077,-4.54423,-2.25275,-0.79195,0.40115,-3.22935,9.52705,6.50699,-3.90069,-0.8695,-0.11421,-2.70209,82.289,14776.0,318.0
1.3137132630004633,11.43504,-4.85145,-2.26699,-0.79524,0.41663,-3.16868,8.7581,6.25484,-3.75263,-0.89679,-0.08397,-2.62741,82.137,6848.737,318.0
1.3187132630004632,10.62292,-4.92615,-2.23314,-0.79854,0.43211,-3.10801,7.77707,5.82986,-3.47945,-0.92408,-0.05372,-2.55273,81.898,3917.0,318.0
1.3237132630004633,9.83062,-4.91484,-2.18152,-0.80183,0.44759,-3.04735,6.79604,5.40487,-3.20627,-0.95136,-0.02348,-2.47805,81.634,3917.0,176.839
1.3287132630004632,9.03832,-4.90354,-2.12989,-0.80512,0.46306,-2.98668,5.81502,4.97988,-2.93309,-0.97865,0.00677,-2.40337,81.37,3917.0,124.0
1.3337132630004633,8.24602,-4.89224,-2.07826,-0.80841,0.47854,-2.92601,4.83399,4.5549,-2.65991,-0.97315,0.01919,-2.28934,81.042,1645.108,124.0
1.3387132630004632,7.45371,-4.88093,-2.02663,-0.8117,0.49402,-2.86534,3.85296,4.12991,-2.38673,-0.95551,0.025,-2.16072,80.947,802.0,124.0
1.3437132630004633,6.66141,-4.86963,-1.975,-0.79986,0.49866,-2.69793,3.09704,4.00632,-2.13241,-0.93786,0.03081,-2.0321,80.893,802.0,303.272
1.3487132630004632,5.86911,-4.85833,-1.92337,-0.76939,0.48996,-2.39916,2.61814,4.25366,-1.90131,-0.92021,0.03662,-1.90348,80.731,802.0,412.0
1.3537132630004634,5.07681,-4.84702,-1.87175,-0.73892,0.48125,-2.10038,2.13925,4.501,-1.6702,-0.90257,0.04243,-1.77487,80.62,223.911,412.0
1.3587132630004632,4.28451,-4.83572,-1.82012,-0.70845,0.47255,-1.8016,1.66036,4.74834,-1.43909,-0.88492,0.04824,-1.64625,80.468,6.0,412.0
1.3637132630004634,3.49221,-4.82442,-1.76849,-0.67798,0.46385,-1.50283,1.18147,4.99568,-1.20799,-0.86728,0.05406,-1.51763,80.356,6.0,412.0
1.3687132630004633,2.77456,-5.80676,-1.37053,-0.55744,0.41508,-1.26673,0.70258,5.24302,-0.97688,-0.84963,0.05987,-1.38901,80.268,6.0,194.07
1.3737132630004634,2.08455,-7.15708,-0.84431,-0.40354,0.35148,-1.05385,0.22368,5.49036,-0.74578,-0.71744,0.10147,-1.14577,80.244,3.818,113.0
1.3787132630004633,1.39455,-8.50739,-0.31809,-0.24965,0.28788,-0.84097,-0.25521,5.7377,-0.51467,-0.54256,0.1564,-0.85983,80.18,3.0,113.0
1.3837132630004634,0.70454,-9.85771,0.20813,-0.09575,0.22428,-0.62808,-0.06552,5.0998,-0.46397,-0.36769,0.21133,-0.57388,80.156,3.0,92.591
1.3887132630004633,0.58957,-10.02365,0.31079,0.05815,0.16068,-0.4152,0.37496,4.12983,-0.48094,-0.19282,0.26627,-0.28794,80.156,3.0,85.0
1.3937132630004632,0.68779,-9.75052,0.25644,0.21205,0.09708,-0.20232,0.81545,3.15986,-0.49791,-0.01795,0.3212,-0.00199,80.156,2.271,85.0
1.3987132630004633,0.786,-9.47739,0.20208,0.36594,0.03348,0.01056,1.25593,2.18989,-0.51488,0.15693,0.37613,0.28395,80.156,2.0,85.0
1.4037132630004632,0.88422,-9.20426,0.14772,0.51984,-0.03012,0.22344,1.69642,1.21991,-0.53185,0.3318,0.43107,0.56989,80.156,2.0,211.12
1.4087132630004633,0.98243,-8.93113,0.09336,0.67374,-0.09372,0.43633,1.86932,1.06133,-0.53383,0.46916,0.4576,0.74097,80.156,2.0,258.0
1.4137132630004632,1.08065,-8.658,0.039,0.82764,-0.15732,0.64921,1.94294,1.20377,-0.53026,0.59261,0.47361,0.86944,80.156,4.182,258.0
1.4187132630004633,1.17887,-8.38487,-0.01535,0.93436,-0.19949,0.81421,2.01657,1.3462,-0.52668,0.71606,0.48961,0.9979,80.22,5.0,798.136
1.4237132630004632,1.27708,-8.11173,-0.06971,1.02331,-0.23359,0.96116,2.09019,1.48864,-0.52311,0.83951,0.50561,1.12637,80.244,5.0,1001.0
1.4287132630004633,1.54699,-7.59759,-0.268,1.11225,-0.26769,1.10811,2.16382,1.63108,-0.51953,0.96295,0.52162,1.25483,80.244,4.27,1001.0
1.4337132630004632,1.8805,-6.99416,-0.51962,1.2012,-0.30179,1.25507,2.23744,1.77351,-0.51596,1.0864,0.53762,1.3833,80.244,4.0,1001.0
1.4387132630004633,2.21402,-6.39073,-0.77123,1.29015,-0.33589,1.40202,2.31107,1.91595,-0.51239,1.20985,0.55363,1.51176,80.308,4.0,1050.487
1.4437132630004632,2.54754,-5.78729,-1.02285,1.37909,-0.36999,1.54897,2.38469,2.05839,-0.50881,1.3333,0.56963,1.64023,80.332,4.0,1069.0
1.4487132630004633,2.88105,-5.18386,-1.27447,1.46804,-0.40409,1.69592,2.51137,2.23863,-0.51285,1.33856,0.55106,1.73012,80.332,3.271,1069.0
1.4537132630004632,3.21457,-4.58042,-1.52608,1.55699,-0.43819,1.84288,2.65773,2.43288,-0.51972,1.3,0.51968,1.8057,80.332,3.0,1069.0
1.4587132630004633,3.63528,-4.17235,-1.65306,1.52972,-0.43312,1.93938,2.80408,2.62714,-0.52658,1.26145,0.4883,1.88128,80.332,3.0,2183.807
1.4637132630004632,4.0887,-3.83754,-1.73328,1.45886,-0.41335,2.01695,2.95043,2.82139,-0.53345,1.22289,0.45692,1.95687,80.396,3.0,2598.0
1.4687132630004633,4.54211,-3.50273,-1.81351,1.388,-0.39359,2.09453,3.09679,3.01565,-0.54032,1.18434,0.42554,2.03245,80.42,3.726,2598.0
1.4737132630004632,4.99552,-3.16792,-1.89373,1.31714,-0.37383,2.1721,3.20107,3.37561,-0.57119,1.14579,0.39416,2.10804,80.42,4.0,2598.0
1.4787132630004634,5.21171,-3.17422,-1.86977,1.24628,-0.35407,2.24968,3.28934,3.79861,-0.6112,1.10723,0.36278,2.18362,80.484,4.0,3426.309
1.4837132630004632,5.33911,-3.30817,-1.80681,1.17542,-0.3343,2.32725,3.37761,4.22161,-0.65121,1.06868,0.3314,2.25921,80.508,4.0,3736.0
1.4887132630004634,5.46652,-3.44212,-1.74386,1.10456,-0.31454,2.40483,3.46589,4.64461,-0.69122,1.03012,0.30002,2.33479,80.572,4.0,3736.0
1.4937132630004633,5.59393,-3.57608,-1.6809,1.0337,-0.29478,2.4824,3.55416,5.06761,-0.73123,0.97988,0.28267,2.46229,80.596,4.0,3736.0
1.4987132630004631,5.72134,-3.71003,-1.61794,0.96284,-0.27502,2.55998,3.64243,5.49061,-0.77124,0.92529,0.27053,2.60909,80.596,4.0,4837.523
1.5037132630004633,5.84875,-3.84398,-1.55499,0.90984,-0.28031,2.73181,3.73071,5.91361,-0.81125,0.8707,0.2584,2.75589,80.66,4.0,5251.0
1.5087132630004632,5.97615,-3.97793,-1.49203,0.86349,-0.29491,2.93869,3.90083,5.78469,-0.79265,0.81611,0.24627,2.90268,80.684,2.545,5251.0
1.5137132630004633,6.10356,-4.11189,-1.42907,0.81714,-0.30952,3.14556,4.10139,5.4505,-0.75227,0.76152,0.23414,3.04948,80.748,2.0,5251.0
1.5187132630004632,6.23097,-4.24584,-1.36612,0.77078,-0.32412,3.35243,4.30195,5.11632,-0.71188,0.70693,0.222,3.19628,80.771,2.0,6533.96
1.5237132630004633,6.35838,-4.37979,-1.30316,0.72443,-0.33872,3.5593,4.50252,4.78213,-0.67149,0.65234,0.20987,3.34308,80.835,2.0,7010.0
1.5287132630004632,6.87658,-4.44477,-1.32528,0.72188,-0.35301,3.64577,4.70308,4.44794,-0.63111,0.66015,0.19494,3.42624,80.859,2.725,7010.0
1.5337132630004633,7.54758,-4.48278,-1.38067,0.73647,-0.36717,3.68516,4.90364,4.11375,-0.59072,0.69234,0.17891,3.48453,80.923,3.0,7010.0
1.5387132630004632,8.21857,-4.52079,-1.43606,0.75105,-0.38133,3.72455,5.1042,3.77956,-0.55033,0.72454,0.16289,3.54282,80.947,3.0,8122.073
1.5437132630004633,8.88957,-4.5588,-1.49144,0.76564,-0.3955,3.76394,5.4357,3.48848,-0.52419,0.75674,0.14687,3.6011,80.947,3.0,8535.0
1.5487132630004632,9.24777,-4.58826,-1.59972,0.78022,-0.40966,3.80333,5.81572,3.21337,-0.50333,0.78893,0.13084,3.65939,80.947,3.0,9027.289
1.5537132630004633,9.48967,-4.61453,-1.72766,0.79481,-0.42382,3.84272,6.19573,2.93825,-0.48247,0.82113,0.11482,3.71768,81.011,3.0,9213.0
1.5587132630004632,9.73157,-4.6408,-1.85561,0.8094,-0.43798,3.88211,6.57574,2.66314,-0.46161,0.85333,0.09879,3.77596,81.035,3.0,9213.0
1.5637132630004633,9.97347,-4.66707,-1.98355,0.82398,-0.45215,3.9215,6.95576,2.38803,-0.44075,0.88553,0.08277,3.83425,81.035,3.0,9213.0
1.5687132630004632,10.21537,-4.69334,-2.1115,0.83857,-0.46631,3.96089,7.23853,2.3812,-0.54229,0.91483,0.06963,3.89533,81.099,3.0,10028.162
1.5737132630004633,10.45727,-4.71961,-2.23944,0.85315,-0.48047,4.00028,7.48496,2.47461,-0.68955,0.94305,0.05758,3.95745,81.123,3.0,10335.0
1.5787132630004632,10.69916,-4.74588,-2.36738,0.86765,-0.49732,4.05077,7.7314,2.56801,-0.83681,0.97128,0.04553,4.01958,81.123,3.0,10335.0
1.5837132630004633,10.94106,-4.77215,-2.49533,0.88213,-0.51519,4.10543,7.97783,2.66142,-0.98408,0.9995,0.03348,4.0817,81.187,3.0,10335.0
1.5887132630004632,11.36478,-4.89779,-2.62471,0.8966,-0.53305,4.16009,8.22427,2.75482,-1.13134,1.02773,0.02142,4.14383,81.211,3.0,10435.133
1.5937132630004633,11.85819,-5.06152,-2.75465,0.91107,-0.55092,4.21475,8.4707,2.84823,-1.2786,1.05595,0.00937,4.20595,81.211,3.0,10473.0
1.5987132630004632,12.35161,-5.22526,-2.88459,0.92555,-0.56878,4.26941,8.71714,2.94164,-1.42586,1.08417,-0.00268,4.26807,81.211,3.0,10473.0
1.6037132630004631,12.84503,-5.38899,-3.01453,0.94002,-0.58665,4.32407,8.99062,3.0038,-1.69197,1.06653,-0.00679,4.30117,81.211,3.0,10473.0
1.6087132630004632,13.33844,-5.55272,-3.14447,0.95449,-0.60451,4.37873,9.2742,3.05431,-2.00239,1.03178,-0.00794,4.32344,81.211,3.0,10310.698
1.6137132630004631,13.66771,-5.49421,-3.23228,0.91944,-0.59038,4.40418,9.55777,3.10482,-2.31281,0.99703,-0.0091,4.34571,81.211,2.283,10248.0
1.6187132630004633,13.93287,-5.34891,-3.30364,0.86504,-0.56377,4.41822,9.84135,3.15533,-2.62323,0.96228,-0.01025,4.36798,81.211,2.0,10248.0
1.6237132630004631,14.19803,-5.20361,-3.375,0.81065,-0.53715,4.43225,10.12492,3.20584,-2.93365,0.92752,-0.0114,4.39025,81.211,2.0,10248.0
1.6287132630004633,14.4632,-5.05831,-3.44636,0.75625,-0.51053,4.44629,10.33314,3.35799,-3.08864,0.89277,-0.01255,4.41252,81.211,2.0,9984.835
1.6337132630004632,14.72836,-4.91302,-3.51772,0.70186,-0.48391,4.46033,10.51315,3.54819,-3.18545,0.85802,-0.0137,4.43479,81.211,2.0,9879.0
1.6387132630004633,14.99353,-4.76772,-3.58909,0.64746,-0.4573,4.47436,10.69315,3.73839,-3.28227,0.82327,-0.01485,4.45706,81.211,2.726,9879.0
1.6437132630004632,15.25869,-4.62242,-3.66045,0.59306,-0.43068,4.4884,10.87316,3.92859,-3.37908,0.78852,-0.016,4.47933,81.211,3.0,9879.0
1.6487132630004633,15.52385,-4.47713,-3.73181,0.53867,-0.40406,4.50244,11.05317,4.1188,-3.47589,0.75377,-0.01715,4.5016,81.211,3.0,9183.434
1.6537132630004632,16.05215,-3.98909,-3.77412,0.44697,-0.36313,4.47976,11.23317,4.309,-3.5727,0.65814,-0.02696,4.48706,81.211,3.0,8920.0
1.6587132630004633,16.68043,-3.37083,-3.8054,0.3411,-0.31677,4.44312,11.41318,4.4992,-3.66951,0.53938,-0.04005,4.45852,81.211,2.272,8920.0
1.6637132630004632,17.30871,-2.75256,-3.83668,0.23523,-0.27041,4.40649,11.57065,4.61018,-3.74923,0.42061,-0.05314,4.42999,81.211,2.0,8920.0
1.6687132630004633,17.93699,-2.13429,-3.86797,0.12936,-0.22405,4.36986,11.71972,4.69159,-3.82257,0.30185,-0.06623,4.40145,81.147,2.0,8246.259
1.6737132630004632,18.1418,-1.79753,-3.79633,0.02349,-0.17768,4.33323,11.86879,4.773,-3.89591,0.18309,-0.07932,4.37291,81.123,2.728,7993.0
1.6787132630004633,18.18734,-1.56663,-3.68598,-0.08238,-0.13132,4.29659,12.01785,4.85441,-3.96925,0.06432,-0.09241,4.34438,81.123,3.0,7993.0
1.6837132630004632,18.23288,-1.33574,-3.57564,-0.18825,-0.08496,4.25996,12.16692,4.93582,-4.04259,-0.05444,-0.1055,4.31584,81.123,3.0,7635.956
1.6887132630004633,18.27842,-1.10485,-3.46529,-0.29412,-0.0386,4.22333,12.31599,5.01723,-4.11594,-0.1732,-0.11859,4.28731,81.123,3.0,7502.0
1.6937132630004632,18.32397,-0.87396,-3.35494,-0.39999,0.00777,4.1867,12.3786,4.88974,-4.02251,-0.28546,-0.13926,4.21728,81.059,3.726,7502.0
1.6987132630004633,18.36951,-0.64306,-3.2446,-0.4832,0.03435,4.11433,12.40816,4.68237,-3.86532,-0.39523,-0.16283,4.13138,81.035,4.0,7502.0
1.7037132630004632,18.41505,-0.41217,-3.13425,-0.55792,0.05352,4.02858,12.43772,4.475,-3.70813,-0.505,-0.1864,4.04548,81.035,4.0,6829.938
1.7087132630004633,18.32189,-0.28205,-2.98634,-0.63265,0.07269,3.94283,12.46728,4.26764,-3.55094,-0.61476,-0.20997,3.95959,81.035,4.725,6578.0
1.7137132630004632,18.1767,-0.18972,-2.82434,-0.70738,0.09187,3.85708,12.49683,4.06027,-3.39376,-0.72453,-0.23354,3.87369,81.035,5.0,6578.0
1.7187132630004631,18.0315,-0.0974,-2.66233,-0.78211,0.11104,3.77134,12.52639,3.8529,-3.23657,-0.8343,-0.25711,3.78779,81.035,5.0,5743.348
1.7237132630004632,17.88631,-0.00508,-2.50033,-0.85683,0.13021,3.68559,12.55595,3.64554,-3.07938,-0.94407,-0.28068,3.7019,81.035,5.0,5432.0
1.7287132630004631,17.74111,0.08724,-2.33832,-0.93156,0.14939,3.59984,12.44766,3.34419,-2.83868,-0.97157,-0.29227,3.5959,81.035,5.0,5432.0
1.7337132630004632,17.59592,0.17957,-2.17631,-1.00629,0.16856,3.51409,12.28587,3.00637,-2.56557,-0.96715,-0.29921,3.48209,81.035,3.545,5432.0
1.7387132630004631,17.45072,0.27189,-2.01431,-1.01331,0.15523,3.37205,12.12408,2.66855,-2.29246,-0.96272,-0.30615,3.36829,81.035,3.0,6081.849
1.7437132630004633,17.30553,0.36421,-1.8523,-0.99517,0.12983,3.20909,11.96229,2.33073,-2.01934,-0.9583,-0.31309,3.25449,81.035,3.0,6325.0
1.7487132630004631,17.16033,0.45653,-1.6903,-0.97704,0.10443,3.04613,11.8005,1.99291,-1.74623,-0.95387,-0.32003,3.14069,81.035,3.0,6325.0
1.7537132630004633,16.80827,1.09206,-1.5338,-0.9589,0.07902,2.88317,11.65253,1.82098,-1.59884,-0.94945,-0.32696,3.02688,81.035,3.0,6325.0
1.7587132630004632,16.37831,1.93218,-1.37939,-0.94076,0.05362,2.72021,11.50978,1.71153,-1.49879,-0.94502,-0.3339,2.91308,81.035,3.0,6325.0
1.7637132630004633,15.94834,2.77229,-1.22497,-0.92263,0.02822,2.55725,11.36702,1.60207,-1.39874,-0.9406,-0.34084,2.79928,81.035,3.0,6806.938
1.7687132630004632,15.51838,3.6124,-1.07055,-0.90449,0.00282,2.39429,11.22427,1.49262,-1.29869,-0.93617,-0.34778,2.68547,81.035,3.0,6989.0
1.7737132630004633,15.3458,4.24716,-0.93764,-0.84735,-0.01741,2.16059,11.08151,1.38317,-1.19864,-0.93174,-0.35472,2.57167,81.035,4.454,6989.0
1.7787132630004632,15.2697,4.80495,-0.8128,-0.77559,-0.03568,1.90037,10.93876,1.27372,-1.09859,-0.84282,-0.35181,2.25346,81.035,5.0,7573.953
1.7837132630004633,15.1936,5.36274,-0.68795,-0.70383,-0.05396,1.64016,10.796,1.16427,-0.99855,-0.72213,-0.3452,1.85839,81.035,5.0,7796.0
1.7887132630004632,15.11749,5.92053,-0.56311,-0.63207,-0.07224,1.37994,10.65325,1.05482,-0.8985,-0.60144,-0.33858,1.46331,81.035,4.273,7796.0
1.7937132630004633,15.04139,6.47832,-0.43827,-0.56031,-0.09052,1.11973,10.5105,0.94536,-0.79845,-0.48075,-0.33197,1.06824,80.971,4.0,7796.0
1.7987132630004632,14.96529,7.03611,-0.31342,-0.48855,-0.1088,0.85951,10.36774,0.83591,-0.6984,-0.36006,-0.32535,0.67317,80.947,4.0,8831.707
1.8037132630004633,14.88919,7.5939,-0.18858,-0.41679,-0.12708,0.59929,10.8389,0.70712,-0.54278,-0.2488,-0.3028,0.39967,80.883,4.0,9223.0
1.8087132630004632,14.81308,8.15169,-0.06373,-0.34503,-0.14536,0.33908,11.54275,0.571,-0.3661,-0.14112,-0.27421,0.17224,80.795,4.0,9223.0
1.8137132630004633,15.95996,8.21141,0.47819,-0.27326,-0.13757,0.11411,12.2466,0.43487,-0.18941,-0.03344,-0.24562,-0.05518,80.771,4.0,9223.0
1.8187132630004632,17.56486,8.08459,1.17631,-0.20149,-0.12001,-0.09765,12.95045,0.29875,-0.01273,0.07424,-0.21702,-0.2826,80.708,4.0,9223.0
1.823713263000463,19.16976,7.95777,1.87443,-0.12972,-0.10246,-0.30941,13.6543,0.16263,0.16396,0.18192,-0.18843,-0.51003,80.62,4.0,17387.779
1.8287132630004632,20.77466,7.83095,2.57255,-0.05795,-0.08491,-0.52117,13.83304,-0.04152,0.14211,0.2896,-0.15984,-0.73745,80.468,4.0,20551.0
1.8337132630004631,22.37956,7.70414,3.27067,0.01381,-0.06735,-0.73294,13.80782,-0.27209,0.04314,0.39729,-0.13125,-0.96487,80.42,4.726,20551.0
1.8387132630004632,21.92035,6.57118,3.25793,0.08558,-0.0498,-0.9447,13.7826,-0.50266,-0.05582,0.50497,-0.10266,-1.1923,80.293,5.0,20551.0
1.8437132630004631,20.67983,5.05739,2.97611,0.15735,-0.03225,-1.15646,13.75738,-0.73323,-0.15479,0.61265,-0.07407,-1.41972,80.181,5.0,23558.425
1.8487132630004632,19.43932,3.54359,2.6943,0.22912,-0.01469,-1.36823,13.73216,-0.96381,-0.25375,0.72033,-0.04547,-1.64715,80.092,5.0,24711.0
1.8537132630004631,18.1988,2.02979,2.41248,0.30089,0.00286,-1.57999,13.70694,-1.19438,-0.35272,0.82801,-0.01688,-1.87457,79.877,5.0,24711.0
1.8587132630004632,16.95828,0.51599,2.13066,0.37266,0.02041,-1.79175,13.01758,-1.44954,-0.51336,0.73275,0.00401,-1.90308,79.677,4.274,24711.0
1.8637132630004631,15.71776,-0.99781,1.84885,0.44443,0.03797,-2.00352,12.07964,-1.7139,-0.69708,0.56153,0.02201,-1.85715,79.501,4.0,24711.0
1.8687132630004633,14.47724,-2.51161,1.56703,0.35235,0.10082,-2.10757,11.14171,-1.97826,-0.8808,0.39031,0.04002,-1.81122,79.325,4.0,25606.042
1.8737132630004631,13.23673,-4.02541,1.28521,0.19894,0.18062,-2.17133,10.20377,-2.24262,-1.06452,0.21909,0.05803,-1.76529,79.15,4.0,25942.0
1.8787132630004633,11.99621,-5.53921,1.0034,0.04554,0.26042,-2.23508,9.26584,-2.50698,-1.24825,0.04787,0.07603,-1.71936,78.974,4.0,25942.0
1.8837132630004632,10.75569,-7.05301,0.72158,-0.10787,0.34023,-2.29883,8.3279,-2.77134,-1.43197,-0.12335,0.09404,-1.67343,78.862,4.0,25942.0
1.8887132630004633,9.51517,-8.56681,0.43976,-0.26127,0.42003,-2.36259,7.96829,-2.63606,-1.34178,-0.17766,0.08178,-1.65177,78.838,4.0,26020.802
1.8937132630004632,8.6171,-8.33504,-0.08862,-0.30649,0.41268,-2.32326,7.82591,-2.35066,-1.1487,-0.18806,0.05816,-1.63924,78.774,4.0,26051.0
1.8987132630004633,7.85127,-7.42924,-0.71222,-0.30994,0.37167,-2.24414,7.68354,-2.06525,-0.95562,-0.19845,0.03454,-1.6267,78.686,4.0,26051.0
1.9037132630004632,7.08543,-6.52344,-1.33582,-0.31338,0.33067,-2.16501,7.54117,-1.77985,-0.76254,-0.20885,0.01092,-1.61416,78.598,3.272,26051.0
1.9087132630004633,7.19598,-6.3616,-1.54511,-0.31682,0.28966,-2.08589,7.3988,-1.49444,-0.56946,-0.21924,-0.01271,-1.60163,78.574,3.0,26051.0
1.9137132630004632,7.63465,-6.4783,-1.59928,-0.32027,0.24866,-2.00676,7.50327,-1.0413,-0.64957,-0.22964,-0.03633,-1.58909,78.574,3.0,26034.982
1.9187132630004633,8.07332,-6.59501,-1.65345,-0.32371,0.20765,-1.92763,7.70002,-0.52546,-0.83179,-0.24003,-0.05995,-1.57655,78.574,2.272,26029.0
1.9237132630004632,8.51199,-6.71171,-1.70762,-0.32716,0.16665,-1.84851,7.89676,-0.00962,-1.01401,-0.25043,-0.08357,-1.56402,78.574,2.0,26029.0
1.928713263000463,8.95066,-6.82841,-1.76179,-0.3306,0.12565,-1.76938,8.0935,0.50622,-1.19622,-0.26083,-0.1072,-1.55148,78.638,2.0,26115.595
1.9337132630004632,9.38933,-6.94512,-1.81597,-0.33404,0.08464,-1.69026,8.29024,1.02206,-1.37844,-0.3478,-0.09405,-1.42396,78.726,2.0,26148.0
1.938713263000463,9.67254,-6.95261,-1.92537,-0.33488,0.06494,-1.52801,8.48699,1.5379,-1.56066,-0.46344,-0.06714,-1.2534,78.75,2.727,26148.0
1.9437132630004632,9.89734,-6.91908,-2.05553,-0.33474,0.05325,-1.33453,8.68373,2.05374,-1.74288,-0.57908,-0.04024,-1.08284,78.814,3.0,26092.727
1.948713263000463,10.12213,-6.88554,-2.18568,-0.3346,0.04156,-1.14105,8.72995,2.58631,-2.0585,-0.69472,-0.01333,-0.91228,78.902,3.0,26072.0
1.9537132630004632,10.34693,-6.852,-2.31584,-0.33446,0.02987,-0.94758,8.71975,3.12515,-2.42413,-0.81036,0.01358,-0.74172,78.926,3.0,26072.0
1.9587132630004631,10.57173,-6.81846,-2.446,-0.33431,0.01818,-0.7541,8.70955,3.66399,-2.78976,-0.82174,0.03029,-0.68599,78.99,3.0,26072.0
1.9637132630004632,10.79652,-6.78492,-2.57616,-0.33417,0.00649,-0.56062,8.69935,4.20283,-3.15539,-0.79396,0.04318,-0.67339,79.078,3.0,26031.976
1.9687132630004631,11.02132,-6.75138,-2.70631,-0.33403,-0.0052,-0.36714,8.68915,4.74167,-3.52102,-0.76618,0.05607,-0.66079,79.102,3.0,26017.0
1.9737132630004632,10.60606,-6.49563,-2.76126,-0.32179,9e-05,-0.31351,8.67896,5.28052,-3.88665,-0.7384,0.06896,-0.6482,79.165,636.209,26017.0
1.9787132630004631,9.95064,-6.1565,-2.78798,-0.30501,0.01176,-0.31234,8.66876,5.81936,-4.25228,-0.71062,0.08185,-0.6356,79.253,874.0,26017.0
1.9837132630004632,9.29523,-5.81737,-2.8147,-0.28824,0.02342,-0.31117,8.7189,4.79061,-4.18744,-0.68284,0.09474,-0.623,79.341,874.0,26139.939
1.9887132630004631,8.63982,-5.47825,-2.84143,-0.27146,0.03509,-0.31,8.79164,3.17496,-3.96144,-0.65506,0.10763,-0.6104,79.429,874.0,26186.0
1.9937132630004633,8.48595,-5.37804,-2.76777,-0.25468,0.04675,-0.30883,8.86438,1.55931,-3.73543,-0.62728,0.12052,-0.5978,79.517,1498.778,26186.0
1.9987132630004631,8.52059,-5.36764,-2.65637,-0.2379,0.05841,-0.30767,8.93712,-0.05634,-3.50943,-0.5995,0.13341,-0.58521,79.605,1734.0,26186.0
2.003713263000463,8.55524,-5.35723,-2.54498,-0.22113,0.07008,-0.3065,9.00985,-1.67199,-3.28343,-0.57171,0.1463,-0.57261,79.629,1734.0,26147.421
2.0087132630004634,8.58988,-5.34683,-2.43359,-0.20435,0.08174,-0.30533,9.08259,-3.28764,-3.05742,-0.54393,0.15919,-0.56001,79.693,1734.0,26133.0
2.0137132630004633,8.62452,-5.33643,-2.3222,-0.18757,0.09341,-0.30416,9.12478,-3.35416,-2.6826,-0.50055,0.13314,-0.54678,79.781,2363.142,26133.0
2.018713263000463,8.65917,-5.32602,-2.21081,-0.17956,0.08474,-0.29059,9.15547,-2.83734,-2.25175,-0.4513,0.09243,-0.53331,79.869,2599.0,25954.877
2.023713263000463,8.69381,-5.31562,-2.09941,-0.17484,0.06847,-0.27238,9.18616,-2.32053,-1.8209,-0.40204,0.05172,-0.51984,79.956,2599.0,25888.0
2.0287132630004634,8.72846,-5.30521,-1.98802,-0.17011,0.0522,-0.25417,9.21685,-1.80371,-1.39004,-0.35278,0.011,-0.50638,80.044,2599.0,25888.0
2.0337132630004633,8.75546,-5.299,-1.93133,-0.16538,0.03593,-0.23596,9.24754,-1.2869,-0.95919,-0.30353,-0.02971,-0.49291,80.131,2985.215,25888.0
2.038713263000463,8.77959,-5.29435,-1.89522,-0.16066,0.01966,-0.21774,9.27823,-0.77008,-0.52834,-0.25427,-0.07042,-0.47944,80.22,3138.0,25888.0
2.043713263000463,8.80372,-5.2897,-1.85911,-0.15593,0.00338,-0.19953,9.30892,-0.25326,-0.09749,-0.20501,-0.11113,-0.46597,80.308,3138.0,25968.63
2.048713263000463,8.82786,-5.28506,-1.823,-0.1512,-0.01289,-0.18132,9.3835,-0.14102,-0.28075,-0.19613,-0.11983,-0.45686,80.396,3138.0,25999.0
2.0537132630004633,8.85199,-5.28041,-1.78688,-0.14648,-0.02916,-0.16311,9.47465,-0.1815,-0.69582,-0.2025,-0.11645,-0.44939,80.484,3937.624,25999.0
2.058713263000463,8.87612,-5.27577,-1.75077,-0.14401,-0.03237,-0.15477,9.5658,-0.22198,-1.11089,-0.20886,-0.11307,-0.44193,80.572,4238.0,26099.422
2.063713263000463,8.90025,-5.27112,-1.71466,-0.14238,-0.03068,-0.15014,9.65695,-0.26245,-1.52597,-0.21523,-0.10969,-0.43446,80.66,4238.0,26137.0
2.068713263000463,8.92438,-5.26648,-1.67854,-0.14075,-0.029,-0.14551,9.7481,-0.30293,-1.94104,-0.22159,-0.1063,-0.427,80.747,4916.822,26137.0
2.0737132630004633,8.98271,-5.2142,-1.72288,-0.13913,-0.02731,-0.14088,9.80952,-0.34381,-2.12031,-0.22796,-0.10292,-0.41953,80.771,5172.0,26137.0
2.078713263000463,9.0539,-5.14403,-1.79745,-0.1375,-0.02562,-0.13625,9.85976,-0.38485,-2.21096,-0.23432,-0.09954,-0.41206,80.835,5172.0,25906.21
2.083713263000463,9.12508,-5.07385,-1.87203,-0.13588,-0.02394,-0.13161,9.91,-0.42588,-2.30161,-0.24069,-0.09615,-0.4046,80.923,5172.0,25820.0
2.088713263000463,9.19626,-5.00367,-1.9466,-0.13425,-0.02225,-0.12698,9.96024,-0.46692,-2.39226,-0.24705,-0.09277,-0.39713,81.011,5316.726,25820.0
2.0937132630004633,9.26744,-4.9335,-2.02117,-0.13263,-0.02057,-0.12235,10.01048,-0.50795,-2.4829,-0.23486,-0.0857,-0.40175,81.099,5371.0,25820.0
2.0987132630004632,9.28437,-4.9449,-2.07496,-0.12198,-0.01053,-0.12651,10.06071,-0.54899,-2.57355,-0.21572,-0.07726,-0.41088,81.187,5371.0,25820.0
2.103713263000463,9.28099,-4.98685,-2.12096,-0.10796,0.00263,-0.13395,10.11095,-0.59003,-2.6642,-0.19658,-0.06882,-0.42002,81.275,5371.0,25966.915
2.108713263000463,9.27761,-5.0288,-2.16696,-0.09393,0.01578,-0.1414,10.14003,-0.64434,-2.71915,-0.17743,-0.06037,-0.42916,81.299,6339.811,26022.0
2.1137132630004634,9.27423,-5.07075,-2.21296,-0.07991,0.02894,-0.14885,10.16117,-0.70363,-2.76072,-0.15829,-0.05193,-0.43829,81.427,6702.0,26111.52
2.1187132630004633,9.27086,-5.1127,-2.25897,-0.06589,0.0421,-0.15629,10.18232,-0.76292,-2.80229,-0.13915,-0.04348,-0.44743,81.539,6702.0,26145.0
2.123713263000463,9.26748,-5.15464,-2.30497,-0.05186,0.05526,-0.16374,10.20346,-0.8222,-2.84386,-0.12001,-0.03504,-0.45657,81.626,6924.982,26145.0
2.128713263000463,9.2641,-5.19659,-2.35097,-0.03784,0.06842,-0.17118,10.2246,-0.88149,-2.88542,-0.10086,-0.02659,-0.4657,81.778,7009.0,26145.0
2.1337132630004634,9.27921,-5.16465,-2.31984,-0.03109,0.07101,-0.16614,10.24575,-0.94078,-2.92699,-0.08964,-0.02009,-0.47002,81.89,7009.0,26113.014
2.1387132630004633,9.30131,-5.10481,-2.25958,-0.02709,0.06962,-0.15637,10.26689,-1.00007,-2.96856,-0.0814,-0.01432,-0.47252,82.042,7009.0,26101.0
2.143713263000463,9.32341,-5.04497,-2.19932,-0.0231,0.06822,-0.1466,10.28804,-1.05936,-3.01013,-0.07317,-0.00855,-0.47502,82.09,8018.428,26101.0
2.148713263000463,9.34551,-4.98513,-2.13906,-0.0191,0.06683,-0.13684,10.253,-0.92519,-2.91004,-0.06493,-0.00278,-0.47752,82.218,8397.0,26101.0
2.153713263000463,9.34717,-4.96229,-2.11981,-0.0151,0.06544,-0.12707,10.19685,-0.71834,-2.75672,-0.05669,0.00299,-0.48002,82.393,8397.0,25919.154
2.1587132630004633,9.34117,-4.95332,-2.11594,-0.0111,0.06404,-0.1173,10.14071,-0.5115,-2.60341,-0.04846,0.00876,-0.48252,82.505,8397.0,25851.0
2.163713263000463,9.33517,-4.94436,-2.11208,-0.00711,0.06265,-0.10754,10.08456,-0.30465,-2.45009,-0.04022,0.01453,-0.48502,82.657,8397.0,25851.0
2.168713263000463,9.32917,-4.93539,-2.10821,-0.00311,0.06126,-0.09777,10.02842,-0.09781,-2.29678,-0.03198,0.0203,-0.48752,82.769,8561.976,25851.0
2.173713263000463,9.32316,-4.92642,-2.10434,0.00089,0.05986,-0.088,10.02565,-0.10138,-2.28164,-0.02756,0.02351,-0.49379,82.921,8624.0,25851.0
2.1787132630004633,9.31716,-4.91745,-2.10048,0.00536,0.06313,-0.08825,10.04293,-0.18396,-2.31838,-0.02457,0.02577,-0.50147,83.097,8624.0,25940.557
2.183713263000463,9.31116,-4.90849,-2.09661,0.01,0.06815,-0.09224,10.06021,-0.26654,-2.35512,-0.02158,0.02803,-0.50915,83.208,8624.0,25974.0
2.188713263000463,9.30515,-4.89952,-2.09274,0.01464,0.07316,-0.09622,10.07749,-0.34912,-2.39186,-0.01859,0.03029,-0.51683,83.36,9200.946,25974.0
2.193713263000463,9.29915,-4.89055,-2.08888,0.01928,0.07817,-0.10021,10.09477,-0.4317,-2.4286,-0.0156,0.03255,-0.52451,83.472,9417.0,25974.0
2.1987132630004633,9.29315,-4.88159,-2.08501,0.02392,0.08319,-0.1042,10.08854,-0.42853,-2.43824,-0.01262,0.03481,-0.53219,83.624,9417.0,25718.414
2.203713263000463,9.26836,-4.88137,-2.07574,0.02285,0.0868,-0.10822,10.07354,-0.3933,-2.43775,-0.00963,0.03707,-0.53987,83.736,9417.0,25623.0
2.208713263000463,9.23657,-4.88441,-2.06447,0.01965,0.08989,-0.11224,10.05853,-0.35808,-2.43726,-0.00664,0.03933,-0.54755,83.824,10004.482,25623.0
2.213713263000463,9.20477,-4.88746,-2.05319,0.01645,0.09298,-0.11627,10.04353,-0.32286,-2.43676,-0.00365,0.04158,-0.55523,83.976,10225.0,25623.0
2.2187132630004633,9.17298,-4.8905,-2.04191,0.01325,0.09607,-0.1203,10.02852,-0.28764,-2.43627,-0.00066,0.04384,-0.56291,84.087,10225.0,25669.585
2.2237132630004632,9.14119,-4.89355,-2.03063,0.01005,0.09916,-0.12432,10.01352,-0.25241,-2.43578,-0.01324,0.04532,-0.57358,84.239,10225.0,25687.0
2.228713263000463,9.12258,-4.89867,-2.03577,0.00686,0.10225,-0.12835,9.99852,-0.21719,-2.43529,-0.03164,0.0465,-0.58537,84.415,11073.243,25687.0
2.233713263000463,9.10892,-4.90457,-2.04708,0.00366,0.10534,-0.13237,9.98351,-0.18197,-2.4348,-0.05003,0.04768,-0.59717,84.527,11392.0,25687.0
2.2387132630004634,9.09527,-4.91048,-2.0584,0.00046,0.10844,-0.1364,9.96851,-0.14674,-2.43431,-0.06843,0.04885,-0.60896,84.679,11392.0,25494.384
2.2437132630004633,9.08162,-4.91638,-2.06971,-0.00274,0.11153,-0.14043,9.95674,-0.08298,-2.40693,-0.07633,0.0503,-0.60535,84.727,11523.478,25422.0
2.248713263000463,9.06797,-4.92229,-2.08103,-0.00594,0.11462,-0.14445,9.94619,-0.00846,-2.36943,-0.08028,0.05184,-0.59594,84.727,11573.0,25422.0
2.253713263000463,9.05432,-4.92819,-2.09234,-0.00913,0.11771,-0.14848,9.93564,0.06605,-2.33194,-0.08423,0.05339,-0.58654,84.918,11573.0,25422.0
2.258713263000463,9.04214,-4.96758,-2.06317,-0.01079,0.11922,-0.15035,9.92508,0.14057,-2.29444,-0.08818,0.05493,-0.57713,85.054,11573.0,25480.161
2.2637132630004633,9.03051,-5.01958,-2.01875,-0.01186,0.12014,-0.1514,9.91453,0.21508,-2.25694,-0.09213,0.05647,-0.56773,85.142,11573.0,25502.0
2.268713263000463,9.01889,-5.07158,-1.97432,-0.01294,0.12105,-0.15245,9.91864,0.27551,-2.2405,-0.09607,0.05802,-0.55833,85.23,12402.696,25502.0
2.273713263000463,9.00726,-5.12359,-1.9299,-0.01401,0.12197,-0.15351,9.92828,0.33062,-2.23201,-0.10002,0.05956,-0.54892,85.318,12714.0,25502.0
2.278713263000463,9.00372,-5.13477,-1.92614,-0.01509,0.12289,-0.15456,9.93792,0.38573,-2.22352,-0.10397,0.06111,-0.53952,85.406,12714.0,25467.862
2.2837132630004633,9.00322,-5.13063,-1.93765,-0.01616,0.12381,-0.15562,9.94756,0.44084,-2.21502,-0.10792,0.06265,-0.53011,85.43,12840.601,25455.0
2.288713263000463,9.00271,-5.12649,-1.94916,-0.01724,0.12472,-0.15667,9.95721,0.49595,-2.20653,-0.11187,0.06419,-0.52071,85.622,12888.0,25455.0
2.293713263000463,9.00221,-5.12235,-1.96066,-0.01831,0.12564,-0.15773,9.96626,0.49337,-2.20225,-0.11033,0.0639,-0.51313,85.757,12888.0,25538.675
2.298713263000463,9.00171,-5.11821,-1.97217,-0.01939,0.12656,-0.15878,9.9751,0.46924,-2.19953,-0.10674,0.06291,-0.50625,85.845,12888.0,25570.0
2.3037132630004633,9.00121,-5.11407,-1.98368,-0.02079,0.12723,-0.16287,9.98394,0.44511,-2.19682,-0.10314,0.06192,-0.49936,85.869,13364.56,25570.0
2.308713263000463,9.0007,-5.10994,-1.99519,-0.02232,0.1278,-0.16811,9.99278,0.42098,-2.19411,-0.09955,0.06093,-0.49247,85.933,13543.0,25570.0
2.313713263000463,9.00672,-5.10042,-1.9877,-0.02385,0.12838,-0.17334,10.00162,0.39685,-2.19139,-0.09596,0.05995,-0.48558,85.957,13543.0,25297.868
2.318713263000463,9.01518,-5.0889,-1.9731,-0.02538,0.12896,-0.17857,10.01046,0.37272,-2.18868,-0.09237,0.05896,-0.47869,86.085,13543.0,25196.0
2.3237132630004633,9.02365,-5.07738,-1.9585,-0.0269,0.12954,-0.18381,10.0193,0.34859,-2.18597,-0.08877,0.05797,-0.4718,86.133,13736.978,25196.0
2.328713263000463,9.03211,-5.06585,-1.9439,-0.02843,0.13011,-0.18904,10.02814,0.32446,-2.18325,-0.08518,0.05699,-0.46492,86.197,13810.0,25196.0
2.333713263000463,9.04057,-5.05433,-1.9293,-0.02996,0.13069,-0.19427,10.0237,0.31908,-2.17525,-0.08245,0.05711,-0.46315,86.285,13810.0,25339.982
2.338713263000463,9.04903,-5.04281,-1.9147,-0.03014,0.13105,-0.20128,10.0143,0.32071,-2.16527,-0.08004,0.05766,-0.46331,86.373,13810.0,25394.0
2.3437132630004633,9.05749,-5.03128,-1.9001,-0.02981,0.13133,-0.20897,10.0049,0.32234,-2.15529,-0.07763,0.0582,-0.46346,86.46,14382.249,25394.0
2.3487132630004632,9.07018,-5.01102,-1.9013,-0.02948,0.13161,-0.21665,9.9955,0.32397,-2.1453,-0.07522,0.05875,-0.46362,86.484,14597.0,25394.0
2.353713263000463,9.08445,-4.98749,-1.90842,-0.02914,0.13189,-0.22433,10.00083,0.31427,-2.16993,-0.07282,0.05929,-0.46377,86.548,14597.0,25221.706
2.358713263000463,9.09872,-4.96395,-1.91554,-0.02881,0.13217,-0.23201,10.01168,0.30032,-2.20752,-0.07041,0.05983,-0.46393,86.572,14597.0,25157.0
2.363713263000463,9.11299,-4.94041,-1.92267,-0.02848,0.13245,-0.23969,10.02254,0.28637,-2.24511,-0.068,0.06038,-0.46409,86.636,14974.745,25157.0
2.3687132630004633,9.12727,-4.91687,-1.92979,-0.02815,0.13273,-0.24737,10.0334,0.27242,-2.28271,-0.06559,0.06092,-0.46424,86.66,15116.0,25157.0
2.373713263000463,9.14154,-4.89334,-1.93692,-0.02782,0.13301,-0.25505,10.04425,0.25847,-2.3203,-0.06318,0.06147,-0.4644,86.724,15116.0,24979.427
2.378713263000463,9.15581,-4.8698,-1.94404,-0.02983,0.13912,-0.27116,10.05511,0.24452,-2.35789,-0.07427,0.07318,-0.48121,86.812,15573.234,24913.0
2.383713263000463,9.17008,-4.84626,-1.95117,-0.03272,0.14742,-0.29043,10.06596,0.23057,-2.39548,-0.09045,0.08909,-0.5043,86.9,15745.0,24913.0
2.3887132630004633,9.18436,-4.82272,-1.95829,-0.03561,0.15572,-0.30971,10.07682,0.21662,-2.43308,-0.10662,0.10501,-0.52738,86.924,15745.0,24682.204
2.393713263000463,9.18851,-4.82634,-1.94289,-0.0385,0.16403,-0.32899,10.08767,0.20267,-2.47067,-0.12279,0.12092,-0.55046,86.988,15745.0,24596.0
2.398713263000463,9.18887,-4.84011,-1.91907,-0.04139,0.17233,-0.34826,10.09828,0.13491,-2.4955,-0.1288,0.12626,-0.5679,87.012,15994.491,24596.0
2.403713263000463,9.18924,-4.85388,-1.89525,-0.04428,0.18063,-0.36754,10.10878,0.0469,-2.51552,-0.13099,0.12763,-0.58321,87.012,16088.0,24596.0
2.4087132630004633,9.18961,-4.86765,-1.87143,-0.04717,0.18894,-0.38682,10.11929,-0.0411,-2.53555,-0.13318,0.12899,-0.59853,87.076,16088.0,24381.299
2.413713263000463,9.18997,-4.88142,-1.84761,-0.05006,0.19724,-0.40609,10.1298,-0.1291,-2.55558,-0.13537,0.13035,-0.61384,87.1,16088.0,24301.0
2.418713263000463,9.17983,-4.87605,-1.84485,-0.05306,0.20166,-0.43215,10.14031,-0.2171,-2.5756,-0.13756,0.13172,-0.62916,87.163,16681.747,24301.0
2.423713263000463,9.16574,-4.8635,-1.85,-0.05611,0.20463,-0.46075,10.12279,-0.233,-2.52067,-0.13976,0.13308,-0.64447,87.188,16908.0,23971.756
2.4287132630004633,9.15165,-4.85095,-1.85516,-0.05915,0.20759,-0.48935,10.09455,-0.22129,-2.43702,-0.14195,0.13444,-0.65978,87.188,16908.0,23848.0
2.433713263000463,9.13755,-4.83839,-1.86031,-0.0622,0.21055,-0.51795,10.0663,-0.20957,-2.35337,-0.14414,0.13581,-0.6751,87.251,16986.576,23848.0
2.438713263000463,9.12346,-4.82584,-1.86546,-0.06525,0.21351,-0.54655,10.03805,-0.19786,-2.26972,-0.14633,0.13717,-0.69041,87.275,17016.0,23848.0
2.443713263000463,9.10937,-4.81329,-1.87062,-0.06829,0.21648,-0.57515,10.00981,-0.18615,-2.18607,-0.14852,0.13853,-0.70573,87.275,17016.0,23665.104
2.4487132630004633,9.09527,-4.80073,-1.87577,-0.07134,0.21944,-0.60375,9.98156,-0.17443,-2.10242,-0.15071,0.13989,-0.72104,87.339,17016.0,23597.0
2.453713263000463,9.10878,-4.76768,-1.83589,-0.06969,0.22053,-0.62867,9.97614,-0.11209,-2.08712,-0.14781,0.14518,-0.73701,87.363,17279.101,23597.0
2.458713263000463,9.13263,-4.72695,-1.77913,-0.06627,0.22092,-0.65222,9.97927,-0.03076,-2.09746,-0.14299,0.15195,-0.75323,87.363,17381.0,23597.0
2.463713263000463,9.15648,-4.68621,-1.72237,-0.06286,0.22131,-0.67578,9.98239,0.05057,-2.10779,-0.13817,0.15871,-0.76945,87.363,17381.0,23476.836
2.468713263000463,9.18033,-4.64548,-1.66561,-0.05944,0.2217,-0.69933,9.98552,0.1319,-2.11812,-0.13335,0.16547,-0.78568,87.363,17381.0,23432.0
2.4737132630004632,9.20418,-4.60474,-1.60885,-0.05603,0.22209,-0.72288,9.98865,0.21323,-2.12846,-0.12854,0.17223,-0.8019,87.363,18072.716,23432.0
2.478713263000463,9.21552,-4.57601,-1.61517,-0.05261,0.22247,-0.74643,9.99178,0.29456,-2.13879,-0.12372,0.17899,-0.81812,87.363,18332.0,23432.0
2.483713263000463,9.22217,-4.55178,-1.6452,-0.04919,0.22286,-0.76998,9.99491,0.37589,-2.14912,-0.1189,0.18576,-0.83434,87.363,18332.0,22808.01
2.488713263000463,9.22881,-4.52755,-1.67523,-0.04578,0.22325,-0.79353,9.98762,0.36134,-2.18088,-0.11466,0.1902,-0.85496,87.363,18332.0,22575.0
2.4937132630004633,9.23545,-4.50333,-1.70526,-0.04236,0.22364,-0.81708,9.97645,0.31103,-2.22062,-0.11063,0.19379,-0.87722,87.363,18648.052,22575.0
2.498713263000463,9.24209,-4.4791,-1.73529,-0.03772,0.22683,-0.84526,9.96527,0.26072,-2.26036,-0.1066,0.19737,-0.89948,87.363,18768.0,22575.0
2.503713263000463,9.24873,-4.45487,-1.76532,-0.03263,0.23107,-0.87518,9.9541,0.21041,-2.3001,-0.10257,0.20095,-0.92174,87.299,18768.0,21990.576
2.508713263000463,9.25537,-4.43065,-1.79535,-0.02753,0.23531,-0.9051,9.94292,0.1601,-2.33985,-0.09853,0.20454,-0.944,87.275,18768.0,21773.0
2.5137132630004633,9.31646,-4.42783,-1.80564,-0.02243,0.23955,-0.93502,9.99834,0.19525,-2.34991,-0.0945,0.20812,-0.96626,87.275,19031.718,21773.0
2.518713263000463,9.39805,-4.43308,-1.80849,-0.01733,0.24379,-0.96494,10.07884,0.26259,-2.3488,-0.09047,0.2117,-0.98852,87.275,19131.0,20838.563
2.523713263000463,9.47964,-4.43832,-1.81134,-0.01223,0.24803,-0.99486,10.15933,0.32993,-2.34769,-0.08644,0.21529,-1.01078,87.275,19131.0,20488.0
2.528713263000463,9.56123,-4.44357,-1.81418,-0.00713,0.25227,-1.02478,10.23983,0.39727,-2.34657,-0.08241,0.21887,-1.03303,87.275,19349.227,20488.0
2.5337132630004633,9.64282,-4.44882,-1.81703,-0.00203,0.25651,-1.0547,10.32032,0.46461,-2.34546,-0.09465,0.2279,-1.06771,87.275,19431.0,20488.0
2.538713263000463,9.72441,-4.45406,-1.81988,0.00306,0.26075,-1.08462,10.40082,0.53195,-2.34435,-0.11299,0.23898,-1.10705,87.275,19431.0,20488.0
2.543713263000463,9.806,-4.45931,-1.82273,0.00403,0.2699,-1.11086,10.46896,0.60772,-2.37733,-0.13134,0.25005,-1.14639,87.275,19431.0,20360.563
2.548713263000463,9.88758,-4.46455,-1.82558,0.00345,0.28089,-1.13573,10.5325,0.68664,-2.42302,-0.14968,0.26113,-1.18573,87.275,19834.81,20313.0
2.5537132630004633,10.02582,-4.44204,-1.81645,0.00288,0.29188,-1.1606,10.59604,0.76556,-2.46871,-0.16802,0.27221,-1.22507,87.212,19988.0,20313.0
2.558713263000463,10.18566,-4.40894,-1.80274,0.0023,0.30287,-1.18547,10.65958,0.84448,-2.5144,-0.17419,0.27878,-1.24766,87.188,19988.0,19630.665
2.563713263000463,10.34551,-4.37584,-1.78904,0.00173,0.31386,-1.21035,10.72312,0.9234,-2.56009,-0.17579,0.28367,-1.26398,87.188,19988.0,19375.0
2.568713263000463,10.50536,-4.34273,-1.77533,0.00115,0.32485,-1.23522,10.78665,1.00232,-2.60578,-0.17739,0.28855,-1.28029,87.188,20227.999,19375.0
2.573713263000463,10.66521,-4.30963,-1.76163,0.00058,0.33584,-1.26009,10.85019,1.08124,-2.65147,-0.17899,0.29344,-1.29661,87.188,20318.0,19375.0
2.578713263000463,10.82506,-4.27652,-1.74792,0.0,0.34683,-1.28496,10.91373,1.16016,-2.69716,-0.18058,0.29832,-1.31292,87.124,20318.0,18772.113
2.583713263000463,10.8845,-4.36025,-1.81783,-0.00414,0.36591,-1.33033,10.96517,1.13774,-2.72948,-0.18218,0.30321,-1.32924,87.1,21010.446,18546.0
2.588713263000463,10.90627,-4.48782,-1.9191,-0.00963,0.38803,-1.38339,11.01206,1.07729,-2.75678,-0.18378,0.30809,-1.34555,87.1,21271.0,18546.0
2.593713263000463,10.92804,-4.61538,-2.02038,-0.01511,0.41015,-1.43645,11.05896,1.01685,-2.78409,-0.18538,0.31298,-1.36187,87.036,21271.0,17847.071
2.5987132630004632,10.94981,-4.74295,-2.12165,-0.0206,0.43227,-1.48952,11.10585,0.9564,-2.81139,-0.18698,0.31786,-1.37818,87.012,21271.0,17578.0
2.603713263000463,10.97158,-4.87051,-2.22293,-0.02608,0.45439,-1.54258,11.15275,0.89595,-2.8387,-0.18858,0.32275,-1.3945,87.012,21697.706,17578.0
2.608713263000463,10.98051,-5.01224,-2.24864,-0.02054,0.45672,-1.58336,11.19965,0.83551,-2.866,-0.19018,0.32763,-1.41081,86.948,21858.0,17578.0
2.613713263000463,10.98461,-5.1593,-2.24592,-0.01084,0.45161,-1.61952,11.24654,0.77506,-2.8933,-0.19177,0.33252,-1.42713,86.924,21858.0,16437.135
2.6187132630004633,10.98871,-5.30636,-2.2432,-0.00115,0.44649,-1.65568,11.29942,0.59582,-2.79743,-0.16864,0.32961,-1.46457,86.86,21858.0,16010.0
2.623713263000463,10.99282,-5.45342,-2.24048,0.00855,0.44138,-1.69184,11.35454,0.37218,-2.6555,-0.13625,0.32378,-1.50991,86.772,22426.448,16010.0
2.628713263000463,10.99692,-5.60048,-2.23776,0.01824,0.43627,-1.728,11.40966,0.14853,-2.51358,-0.10386,0.31796,-1.55526,86.685,22641.0,16010.0
2.633713263000463,11.04059,-5.58942,-2.22417,0.02793,0.43115,-1.76416,11.46477,-0.07512,-2.37166,-0.07148,0.31213,-1.6006,86.596,22641.0,14693.035
2.6387132630004633,11.09951,-5.51748,-2.20639,0.03763,0.42604,-1.80032,11.51989,-0.29876,-2.22973,-0.03909,0.30631,-1.64594,86.508,22641.0,14196.0
2.643713263000463,11.15842,-5.44554,-2.18861,0.04732,0.42093,-1.83648,11.48852,-0.29261,-2.16399,-0.04368,0.29279,-1.68863,86.484,23020.661,14196.0
2.648713263000463,11.21734,-5.3736,-2.17083,0.05702,0.41581,-1.87264,11.42473,-0.20031,-2.1268,-0.06213,0.27639,-1.73034,86.484,23164.0,14196.0
2.653713263000463,11.27625,-5.30166,-2.15305,0.06671,0.4107,-1.9088,11.36094,-0.10802,-2.0896,-0.08058,0.25999,-1.77204,86.358,23164.0,12540.11
2.6587132630004633,11.33516,-5.22972,-2.13527,0.05262,0.40728,-1.95511,11.29715,-0.01572,-2.05241,-0.09903,0.24359,-1.81374,86.247,23164.0,11886.0
2.663713263000463,11.39408,-5.15778,-2.11748,0.02889,0.40455,-2.00554,11.23336,0.07658,-2.01522,-0.11748,0.22719,-1.85544,86.157,23569.719,11886.0
2.668713263000463,11.45299,-5.08584,-2.0997,0.00515,0.40182,-2.05597,11.15487,0.10981,-1.92775,-0.13594,0.21078,-1.89714,86.069,23727.0,11886.0
2.673713263000463,11.49225,-4.9883,-2.09074,-0.01858,0.39909,-2.10641,11.07089,0.12092,-1.82144,-0.15439,0.19438,-1.93884,85.918,23727.0,9269.5
2.678713263000463,11.52414,-4.88119,-2.08508,-0.04231,0.39635,-2.15684,10.9869,0.13203,-1.71513,-0.17506,0.17066,-1.97934,85.805,23727.0,8271.0
2.683713263000463,11.55604,-4.77407,-2.07943,-0.06605,0.39362,-2.20727,10.90291,0.14314,-1.60883,-0.1966,0.14413,-2.01937,85.717,23938.626,8271.0
2.688713263000463,11.58793,-4.66695,-2.07377,-0.08978,0.39089,-2.2577,10.81892,0.15425,-1.50252,-0.21813,0.1176,-2.0594,85.565,24018.0,8271.0
2.693713263000463,11.61983,-4.55984,-2.06811,-0.11352,0.38816,-2.30813,10.73493,0.16536,-1.39621,-0.23966,0.09107,-2.09944,85.454,24018.0,5218.403
2.698713263000463,11.65172,-4.45272,-2.06245,-0.1508,0.38957,-2.37338,10.65094,0.17647,-1.2899,-0.26119,0.06454,-2.13947,85.302,24262.457,4080.0
2.703713263000463,11.68361,-4.34561,-2.05679,-0.19315,0.39252,-2.44416,10.43974,0.19171,-1.22184,-0.28272,0.03801,-2.1795,85.19,24354.0,4080.0
2.708713263000463,11.69183,-4.22541,-2.03394,-0.23549,0.39547,-2.51493,10.18081,0.2085,-1.16812,-0.30426,0.01147,-2.21953,85.038,24354.0,2909.653
2.713713263000463,11.69093,-4.10018,-2.00446,-0.27783,0.39842,-2.5857,9.92188,0.22528,-1.1144,-0.32579,-0.01506,-2.25957,84.862,24439.866,2469.0
2.718713263000463,11.69003,-3.97496,-1.97499,-0.32017,0.40137,-2.65648,9.66295,0.24207,-1.06068,-0.34732,-0.04159,-2.2996,84.751,24472.0,2469.0
2.7237132630004632,11.68913,-3.84973,-1.94552,-0.36251,0.40432,-2.72725,9.40402,0.25886,-1.00696,-0.36885,-0.06812,-2.33963,84.663,24472.0,1694.993
2.728713263000463,11.68823,-3.72451,-1.91605,-0.40485,0.40727,-2.79802,9.3583,0.38525,-1.05848,-0.40034,-0.08457,-2.38444,84.575,24472.0,1404.0
2.733713263000463,11.68733,-3.59928,-1.88658,-0.44719,0.41022,-2.8688,9.39259,0.55276,-1.1495,-0.43556,-0.09724,-2.43104,84.423,24515.666,1404.0
2.738713263000463,11.8654,-3.49069,-1.88191,-0.48219,0.41402,-2.93607,9.42689,0.72027,-1.24051,-0.47078,-0.1099,-2.47765,84.311,24532.0,1404.0
2.7437132630004633,12.11044,-3.38834,-1.88651,-0.51445,0.41814,-3.00204,9.46118,0.88778,-1.33152,-0.506,-0.12257,-2.52425,84.096,24532.0,1285.093
2.748713263000463,12.35548,-3.28598,-1.89112,-0.54671,0.42226,-3.06801,9.49547,1.0553,-1.42253,-0.54122,-0.13523,-2.57085,83.96,24125.235,1240.0
2.753713263000463,12.60052,-3.18362,-1.89572,-0.57897,0.42637,-3.13398,9.52976,1.22281,-1.51355,-0.57644,-0.1479,-2.61745,83.936,23972.0,1240.0
2.758713263000463,12.84556,-3.08126,-1.90033,-0.61123,0.43049,-3.19995,9.56405,1.39032,-1.60456,-0.61166,-0.16056,-2.66405,83.68,23972.0,1237.093
2.7637132630004633,13.0906,-2.97891,-1.90494,-0.64349,0.43461,-3.26592,9.59835,1.55783,-1.69557,-0.64688,-0.17323,-2.71066,83.392,23972.0,1236.0
2.768713263000463,13.33564,-2.87655,-1.90954,-0.67575,0.43872,-3.33189,9.63264,1.72535,-1.78658,-0.6821,-0.1859,-2.75726,83.256,22931.844,1236.0
2.773713263000463,13.73624,-2.93889,-1.96551,-0.68742,0.43495,-3.35876,9.96042,2.14515,-1.97507,-0.69838,-0.18098,-2.77252,83.105,22542.0,1236.0
2.778713263000463,14.19511,-3.06292,-2.04071,-0.69137,0.42823,-3.37098,10.39813,2.65946,-2.20006,-0.70756,-0.16947,-2.77604,82.868,22542.0,1236.0
2.783713263000463,14.65398,-3.18696,-2.11591,-0.69532,0.42151,-3.3832,10.83584,3.17377,-2.42505,-0.71674,-0.15797,-2.77956,82.729,22542.0,701.877
2.788713263000463,15.11285,-3.31099,-2.19111,-0.69927,0.41478,-3.39542,11.27356,3.68808,-2.65005,-0.72591,-0.14646,-2.78308,82.451,22542.0,498.0
2.793713263000463,15.57172,-3.43503,-2.26631,-0.70322,0.40806,-3.40764,11.0726,3.91882,-2.74779,-0.73509,-0.13496,-2.7866,82.29,19903.102,498.0
2.798713263000463,15.24039,-3.62016,-2.20976,-0.70718,0.40134,-3.41986,10.62547,4.04027,-2.79648,-0.74427,-0.12345,-2.79013,82.074,18909.0,498.0
2.803713263000463,14.61395,-3.8281,-2.104,-0.71113,0.39461,-3.43208,10.17834,4.16172,-2.84518,-0.75345,-0.11195,-2.79365,81.878,18909.0,258.052
2.808713263000463,13.98752,-4.03605,-1.99824,-0.71508,0.38789,-3.4443,9.73121,4.28317,-2.89388,-0.76263,-0.10044,-2.79717,81.573,18909.0,159.0
2.813713263000463,13.36108,-4.24399,-1.89249,-0.71903,0.38117,-3.45652,9.28409,4.40462,-2.94257,-0.77181,-0.08894,-2.80069,81.347,12597.233,159.0
2.818713263000463,12.73464,-4.45194,-1.78673,-0.7145,0.38988,-3.41462,8.83696,4.52606,-2.99127,-0.78616,-0.0509,-2.69938,81.108,10209.0,193.809
2.823713263000463,12.10821,-4.65988,-1.68097,-0.70675,0.40447,-3.35217,8.38983,4.64751,-3.03996,-0.80247,-0.00278,-2.55825,80.716,10209.0,207.0
2.828713263000463,11.48177,-4.86783,-1.57521,-0.699,0.41905,-3.28972,7.87634,4.57909,-2.95835,-0.81879,0.04534,-2.41712,80.532,4815.821,207.0
2.833713263000463,10.8734,-4.89603,-1.51194,-0.69125,0.43363,-3.22727,7.33802,4.43962,-2.82799,-0.8351,0.09346,-2.27599,80.316,2802.0,207.0
2.838713263000463,10.27178,-4.85716,-1.46451,-0.6835,0.44821,-3.16482,6.79971,4.30015,-2.69762,-0.85141,0.14158,-2.13486,80.053,2802.0,182.306
2.843713263000463,9.67015,-4.81829,-1.41709,-0.67575,0.4628,-3.10237,6.26139,4.16068,-2.56726,-0.86521,0.1666,-2.00022,79.726,2802.0,173.0
2.8487132630004632,9.06852,-4.77941,-1.36966,-0.668,0.47738,-3.03992,5.72307,4.02121,-2.43689,-0.87806,0.1829,-1.86804,79.437,956.477,173.0
2.853713263000463,8.4669,-4.74054,-1.32224,-0.66025,0.49196,-2.97747,5.18475,3.88174,-2.30653,-0.89091,0.19921,-1.73585,79.237,261.0,173.0
2.858713263000463,7.86527,-4.70167,-1.27482,-0.6525,0.50655,-2.91502,4.64643,3.74227,-2.17616,-0.90376,0.21551,-1.60367,79.126,261.0,161.366
2.863713263000463,7.26364,-4.6628,-1.22739,-0.63237,0.51005,-2.67058,4.09498,4.19903,-2.05686,-0.91661,0.23181,-1.47148,79.038,261.0,157.0
2.8687132630004633,6.66202,-4.62393,-1.17997,-0.6076,0.5094,-2.35787,3.53859,4.87942,-1.9417,-0.92946,0.24811,-1.33929,78.95,76.177,157.0
2.873713263000463,5.9123,-5.32303,-1.01073,-0.58282,0.50875,-2.04516,2.9822,5.55981,-1.82654,-0.94231,0.26442,-1.20711,78.862,7.0,157.0
2.878713263000463,5.10716,-6.29841,-0.79588,-0.55805,0.50811,-1.73245,2.42582,6.2402,-1.71139,-0.95516,0.28072,-1.07492,78.71,7.0,106.111
2.883713263000463,4.30201,-7.27378,-0.58103,-0.53328,0.50746,-1.41974,1.86943,6.92059,-1.59623,-0.968,0.29702,-0.94274,78.662,7.0,87.0
2.888713263000463,3.49686,-8.24916,-0.36619,-0.50851,0.50681,-1.10703,1.31305,7.60098,-1.48107,-0.98085,0.31333,-0.81055,78.598,3.361,87.0
2.893713263000463,2.69171,-9.22453,-0.15134,-0.48373,0.50616,-0.79432,1.28877,7.15524,-1.37915,-0.83822,0.34945,-0.60181,78.51,2.0,87.0
2.898713263000463,2.39728,-9.28579,-0.1364,-0.33292,0.45503,-0.53464,1.46338,6.2886,-1.28217,-0.63747,0.39298,-0.36445,78.486,2.0,243.837
2.903713263000463,2.29585,-9.00162,-0.197,-0.13447,0.38483,-0.29501,1.63799,5.42197,-1.18519,-0.43672,0.43651,-0.12709,78.486,2.0,303.0
2.908713263000463,2.19443,-8.71744,-0.2576,0.06398,0.31463,-0.05537,1.8126,4.55533,-1.08821,-0.23597,0.48005,0.11027,78.486,3.456,303.0
2.913713263000463,2.093,-8.43327,-0.3182,0.26243,0.24442,0.18426,1.9872,3.68869,-0.99124,-0.03522,0.52358,0.34762,78.486,4.0,303.0
2.918713263000463,1.99157,-8.14909,-0.3788,0.46088,0.17422,0.4239,2.16181,2.82206,-0.89426,0.16553,0.56711,0.58498,78.486,4.0,718.505
2.923713263000463,1.89014,-7.86492,-0.4394,0.65933,0.10402,0.66353,2.33642,1.95542,-0.79728,0.36628,0.61064,0.82234,78.55,4.0,875.0
2.928713263000463,1.78871,-7.58074,-0.50001,0.85778,0.03382,0.90317,2.33685,1.46341,-0.70898,0.47512,0.60647,0.93104,78.574,3.273,875.0
2.933713263000463,1.86238,-6.98078,-0.76783,0.93746,-0.00561,1.01893,2.27138,1.11313,-0.62397,0.54919,0.58424,0.99105,78.574,3.0,875.0
2.938713263000463,2.00182,-6.2622,-1.11348,0.97253,-0.03349,1.08817,2.2059,0.76286,-0.53895,0.62326,0.56202,1.05107,78.574,3.0,872.819
2.943713263000463,2.14126,-5.54363,-1.45913,1.0076,-0.06136,1.15741,2.14043,0.41258,-0.45393,0.69733,0.53979,1.11108,78.574,3.0,872.0
2.948713263000463,2.2807,-4.82506,-1.80478,1.04266,-0.08923,1.22664,2.07496,0.06231,-0.36892,0.7714,0.51757,1.1711,78.638,0.815,872.0
2.953713263000463,2.42013,-4.10648,-2.15043,1.07773,-0.1171,1.29588,2.1169,0.35074,-0.3519,0.84547,0.49534,1.23111,78.662,0.0,1680.431
2.958713263000463,2.56481,-3.96985,-2.26671,1.1128,-0.14498,1.36512,2.1987,0.87614,-0.36011,0.91954,0.47312,1.29113,78.662,0.0,1982.0
2.963713263000463,2.71144,-4.05072,-2.29726,1.14787,-0.17285,1.43435,2.2805,1.40155,-0.36831,0.99361,0.4509,1.35114,78.662,0.0,1982.0
2.968713263000463,2.85806,-4.1316,-2.32781,1.18294,-0.20072,1.50359,2.3623,1.92696,-0.37652,1.06768,0.42867,1.41116,78.662,2.182,1982.0
2.9737132630004632,3.00469,-4.21248,-2.35836,1.21801,-0.2286,1.57283,2.44409,2.45237,-0.38473,1.14174,0.40645,1.47118,78.726,3.0,1982.0
2.978713263000463,3.15132,-4.29336,-2.38891,1.25308,-0.25647,1.64206,2.52589,2.97777,-0.39294,1.18664,0.38462,1.59981,78.75,3.0,3077.805
2.983713263000463,3.29795,-4.37424,-2.41945,1.27957,-0.29891,1.7649,2.60769,3.50318,-0.40115,1.22064,0.36295,1.75408,78.814,3.0,3489.0
2.988713263000463,3.44458,-4.45512,-2.45,1.30284,-0.34684,1.90789,2.67527,3.72838,-0.47146,1.25464,0.34128,1.90836,78.838,3.0,3489.0
2.993713263000463,3.63617,-4.4408,-2.47621,1.3261,-0.39476,2.05087,2.73753,3.84132,-0.56499,1.28863,0.31961,2.06263,78.838,3.0,4589.343
2.998713263000463,3.84461,-4.3908,-2.5008,1.34937,-0.44268,2.19385,2.79978,3.95425,-0.65853,1.32263,0.29794,2.2169,78.902,4.452,5008.0
3.003713263000463,4.05304,-4.34079,-2.52538,1.37263,-0.49061,2.33684,2.86204,4.06719,-0.75207,1.35663,0.27627,2.37118,78.926,5.0,5008.0
3.008713263000463,4.26148,-4.29079,-2.54997,1.3959,-0.53853,2.47982,2.9243,4.18013,-0.8456,1.39063,0.2546,2.52545,78.926,5.0,6158.215
3.013713263000463,4.46992,-4.24079,-2.57456,1.41916,-0.58645,2.62281,2.98656,4.29306,-0.93914,1.41505,0.24126,2.64097,78.99,5.0,6590.0
3.018713263000463,4.67836,-4.19078,-2.59914,1.44243,-0.63438,2.76579,3.04882,4.406,-1.03267,1.43588,0.23106,2.74194,79.078,5.0,6590.0
3.023713263000463,4.88679,-4.14078,-2.62373,1.45596,-0.65475,2.86704,3.39827,4.24839,-1.06884,1.45671,0.22085,2.84291,79.102,3.544,6590.0
3.028713263000463,5.09523,-4.09078,-2.64831,1.46585,-0.6648,2.95265,3.85532,3.98943,-1.0835,1.47755,0.21064,2.94388,79.102,3.0,7718.599
3.033713263000463,5.56075,-4.03427,-2.61935,1.47574,-0.67485,3.03826,4.31237,3.73046,-1.09817,1.49838,0.20044,3.04486,79.166,3.0,8140.0
3.038713263000463,6.12229,-3.97534,-2.5704,1.48563,-0.6849,3.12386,4.76942,3.47149,-1.11284,1.51921,0.19023,3.14583,79.189,3.726,8140.0
3.043713263000463,6.68384,-3.91641,-2.52144,1.49552,-0.69495,3.20947,5.22647,3.21253,-1.12751,1.54004,0.18003,3.2468,79.253,4.0,8140.0
3.048713263000463,7.24538,-3.85747,-2.47249,1.50541,-0.705,3.29508,5.54956,3.28313,-1.21685,1.50215,0.17222,3.32625,79.277,4.0,9320.132
3.053713263000463,7.80692,-3.79854,-2.42353,1.5153,-0.71505,3.38069,5.8221,3.4781,-1.33437,1.4421,0.16532,3.39758,79.277,4.0,9763.0
3.058713263000463,8.36846,-3.7396,-2.37458,1.52519,-0.7251,3.4663,6.09463,3.67307,-1.45189,1.38206,0.15842,3.4689,79.341,4.0,9763.0
3.063713263000463,8.76674,-3.66159,-2.41427,1.47281,-0.69701,3.53665,6.36717,3.86803,-1.56941,1.32201,0.15152,3.54023,79.429,4.0,10303.815
3.068713263000463,9.1033,-3.57636,-2.48748,1.39688,-0.65451,3.60122,6.63971,4.063,-1.68693,1.26196,0.14462,3.61155,79.453,4.0,10507.0
3.073713263000463,9.43986,-3.49114,-2.56069,1.32096,-0.61201,3.6658,6.91224,4.25797,-1.80445,1.20191,0.13772,3.68288,79.453,3.274,10507.0
3.078713263000463,9.77642,-3.40591,-2.63389,1.24503,-0.56951,3.73038,7.18478,4.45294,-1.92197,1.14187,0.13082,3.7542,79.516,3.0,10507.0
3.083713263000463,10.11298,-3.32068,-2.7071,1.1691,-0.527,3.79495,7.45781,4.49779,-2.02156,1.10276,0.12591,3.80778,79.541,3.0,10734.613
3.088713263000463,10.44954,-3.23546,-2.78031,1.09318,-0.4845,3.85953,7.73103,4.48342,-2.11407,1.07191,0.12177,3.85437,79.541,3.0,10821.0
3.093713263000463,10.7861,-3.15023,-2.85351,1.01725,-0.442,3.92411,8.00426,4.46904,-2.20659,1.04106,0.11764,3.90095,79.541,5.177,10821.0
3.098713263000463,11.23541,-3.40289,-2.96575,0.97393,-0.42499,3.97347,8.27749,4.45467,-2.29911,1.01022,0.1135,3.94754,79.541,6.0,10821.0
3.103713263000463,11.72764,-3.78419,-3.09284,0.94303,-0.41768,4.01704,8.55071,4.4403,-2.39162,0.97937,0.10937,3.99412,79.541,6.0,10871.13
3.108713263000463,12.21987,-4.16549,-3.21994,0.91213,-0.41038,4.0606,8.77015,4.30062,-2.50349,0.94852,0.10523,4.04071,79.541,6.0,10890.0
3.113713263000463,12.71211,-4.54679,-3.34703,0.88123,-0.40308,4.10417,8.96934,4.11376,-2.62264,0.91767,0.1011,4.08729,79.541,4.545,10890.0
3.118713263000463,13.04151,-4.66978,-3.51226,0.85033,-0.39577,4.14774,9.16853,3.92691,-2.74179,0.88682,0.09696,4.13388,79.541,4.0,10749.936
3.123713263000463,13.30995,-4.69607,-3.69176,0.81943,-0.38847,4.19131,9.36772,3.74005,-2.86094,0.85598,0.09282,4.18046,79.605,4.0,10697.0
3.128713263000463,13.5784,-4.72236,-3.87126,0.78853,-0.38116,4.23487,9.56691,3.5532,-2.98009,0.82513,0.08869,4.22705,79.629,2.547,10697.0
3.133713263000463,13.84684,-4.74866,-4.05076,0.75763,-0.37386,4.27844,9.7661,3.36635,-3.09924,0.78172,0.0711,4.25743,79.629,2.0,10697.0
3.138713263000463,14.11529,-4.77495,-4.23026,0.70991,-0.37228,4.30256,9.96529,3.17949,-3.21838,0.73358,0.04845,4.28172,79.629,2.0,10697.0
3.143713263000463,14.38374,-4.80124,-4.40976,0.65539,-0.37302,4.31881,10.16448,2.99264,-3.33753,0.68545,0.0258,4.306,79.629,2.0,10599.505
3.148713263000463,14.65218,-4.82753,-4.58926,0.60086,-0.37376,4.33505,10.26753,3.03328,-3.38895,0.63731,0.00315,4.33028,79.629,3.453,10562.0
3.153713263000463,14.81962,-4.71174,-4.71312,0.54633,-0.3745,4.35129,10.33464,3.15899,-3.41505,0.58917,-0.0195,4.35457,79.566,4.0,10195.065
3.158713263000463,14.94896,-4.54237,-4.81598,0.4918,-0.37524,4.36754,10.40175,3.2847,-3.44115,0.54103,-0.04214,4.37885,79.605,4.0,10051.0
3.163713263000463,15.0783,-4.373,-4.91885,0.43728,-0.37598,4.38378,10.46886,3.4104,-3.46724,0.49289,-0.06479,4.40313,79.565,4.0,10051.0
3.168713263000463,15.20764,-4.20363,-5.02172,0.38275,-0.37672,4.40002,10.53597,3.53611,-3.49334,0.44476,-0.08744,4.42742,79.541,3.273,10051.0
3.173713263000463,15.33699,-4.03426,-5.12459,0.32822,-0.37746,4.41626,10.63526,3.55373,-3.55037,0.36036,-0.12495,4.42675,79.541,3.0,9679.507
3.178713263000463,15.46633,-3.86489,-5.22746,0.2737,-0.3782,4.43251,10.7466,3.53088,-3.61898,0.26239,-0.16801,4.41673,79.541,3.0,9540.0
3.183713263000463,15.59567,-3.69552,-5.33033,0.17788,-0.36782,4.42476,10.85794,3.50802,-3.68759,0.16442,-0.21108,4.40672,79.541,2.274,9540.0
3.188713263000463,15.72501,-3.52615,-5.43319,0.06653,-0.35325,4.40799,10.96927,3.48517,-3.7562,0.06645,-0.25414,4.39671,79.541,2.0,9540.0
3.193713263000463,15.91151,-3.4464,-5.34763,-0.04481,-0.33868,4.39122,11.08061,3.46232,-3.82481,-0.03152,-0.29721,4.3867,79.541,2.0,8975.61
3.198713263000463,16.11942,-3.40022,-5.19148,-0.15616,-0.32412,4.37445,11.19195,3.43947,-3.89342,-0.12949,-0.34027,4.37668,79.541,4.183,8764.0
3.2037132630004628,16.32733,-3.35403,-5.03533,-0.2675,-0.30955,4.35768,11.30329,3.41661,-3.96204,-0.22746,-0.38334,4.36667,79.541,5.0,8764.0
3.208713263000463,16.53524,-3.30785,-4.87918,-0.37885,-0.29498,4.34091,11.41463,3.39376,-4.03065,-0.32543,-0.4264,4.35666,79.477,5.0,8229.762
3.213713263000463,16.74315,-3.26167,-4.72302,-0.49019,-0.28041,4.32414,11.69426,3.26886,-3.96604,-0.39929,-0.44487,4.32542,79.453,5.0,8030.0
3.218713263000463,16.95106,-3.21549,-4.56687,-0.60154,-0.26584,4.30736,12.03686,3.10579,-3.85161,-0.46412,-0.45414,4.28625,79.517,5.0,8030.0
3.223713263000463,17.10107,-3.17635,-4.1989,-0.68019,-0.2494,4.25757,12.37945,2.94272,-3.73717,-0.52895,-0.46341,4.24708,79.477,5.0,8030.0
3.228713263000463,17.22929,-3.13988,-3.75122,-0.74654,-0.23225,4.19534,12.72205,2.77965,-3.62273,-0.59378,-0.47267,4.20791,79.517,5.0,7989.341
3.233713263000463,17.35751,-3.1034,-3.30355,-0.81288,-0.2151,4.13311,12.89508,2.4894,-3.38731,-0.65862,-0.48194,4.16874,79.541,5.0,7974.0
3.238713263000463,17.48572,-3.06692,-2.85587,-0.87923,-0.19795,4.07088,13.00395,2.15103,-3.10612,-0.72345,-0.49121,4.12957,79.541,4.273,7974.0
3.243713263000463,17.61394,-3.03044,-2.40819,-0.94558,-0.1808,4.00865,13.11283,1.81266,-2.82493,-0.78828,-0.50048,4.09039,79.541,4.0,7974.0
3.248713263000463,17.74216,-2.99396,-1.96052,-1.01192,-0.16364,3.94642,13.22171,1.47429,-2.54374,-0.85311,-0.50974,4.05122,79.541,4.0,8483.309
3.253713263000463,17.71514,-2.42984,-1.57585,-0.9956,-0.1693,3.81102,13.33059,1.13593,-2.26255,-0.91795,-0.51901,4.01205,79.541,4.0,8675.0
3.258713263000463,17.6298,-1.66751,-1.21485,-0.94822,-0.18353,3.64813,13.43946,0.79756,-1.98136,-0.89369,-0.51848,3.86091,79.541,3.273,8675.0
3.263713263000463,17.54446,-0.90519,-0.85385,-0.90084,-0.19776,3.48524,13.54834,0.45919,-1.70017,-0.83602,-0.51427,3.66779,79.605,3.0,8675.0
3.268713263000463,17.45912,-0.14286,-0.49285,-0.85346,-0.21198,3.32235,13.3813,0.30188,-1.47457,-0.77835,-0.51006,3.47467,79.629,3.0,9007.537
3.273713263000463,17.37378,0.61947,-0.13185,-0.80608,-0.22621,3.15946,13.11046,0.21269,-1.26989,-0.72069,-0.50586,3.28155,79.629,3.0,9132.0
3.278713263000463,17.1743,1.71335,-0.13458,-0.75871,-0.24043,2.99657,12.83962,0.1235,-1.06521,-0.66302,-0.50165,3.08843,79.629,4.456,9132.0
3.283713263000463,16.93212,2.93129,-0.2734,-0.71133,-0.25466,2.83368,12.56878,0.03431,-0.86053,-0.60536,-0.49744,2.89531,79.629,5.0,9132.0
3.288713263000463,16.68995,4.14923,-0.41222,-0.66395,-0.26889,2.67079,12.29794,-0.05488,-0.65585,-0.54769,-0.49323,2.70219,79.629,5.0,9716.339
3.293713263000463,16.44777,5.36717,-0.55104,-0.61657,-0.28311,2.5079,12.0271,-0.14407,-0.45117,-0.50405,-0.48316,2.42926,79.629,5.0,9935.0
3.298713263000463,16.20559,6.58511,-0.68986,-0.5705,-0.28906,2.24044,11.75626,-0.23326,-0.24649,-0.46566,-0.4709,2.12645,79.629,3.545,9935.0
3.303713263000463,15.96341,7.80305,-0.82868,-0.52492,-0.29191,1.93375,11.48542,-0.32245,-0.04182,-0.42727,-0.45864,1.82364,79.629,3.0,9935.0
3.308713263000463,15.72123,9.02099,-0.96751,-0.47935,-0.29475,1.62706,11.49567,-0.13685,-0.07735,-0.38888,-0.44638,1.52084,79.693,3.0,9953.897
3.313713263000463,15.74,9.39715,-0.67049,-0.43377,-0.29759,1.32037,11.61122,0.15168,-0.20287,-0.3505,-0.43412,1.21803,79.717,2.274,9961.0
3.318713263000463,15.85697,9.45652,-0.20946,-0.38819,-0.30043,1.01368,11.72676,0.44021,-0.32839,-0.31211,-0.42186,0.91522,79.717,2.0,9961.0
3.323713263000463,15.97395,9.51589,0.25157,-0.34261,-0.30328,0.70698,11.84231,0.72874,-0.4539,-0.27372,-0.40959,0.61241,79.717,2.0,10355.791
3.3287132630004628,16.09092,9.57526,0.7126,-0.29704,-0.30612,0.40029,11.95785,1.01726,-0.57942,-0.23533,-0.39733,0.3096,79.717,2.0,10512.0
3.333713263000463,16.20789,9.63463,1.17363,-0.25146,-0.30896,0.0936,12.5951,0.80951,-0.36422,-0.06663,-0.35895,0.0108,79.653,5.633,10512.0
3.338713263000463,16.32486,9.694,1.63466,-0.12922,-0.3011,-0.19,13.42798,0.41566,-0.02125,0.15094,-0.31077,-0.28649,79.629,7.0,10512.0
3.343713263000463,16.44184,9.75338,2.0957,0.02191,-0.28922,-0.4649,14.26087,0.02181,0.32172,0.36851,-0.26259,-0.58379,79.566,7.0,14504.645
3.348713263000463,16.55881,9.81275,2.55673,0.17304,-0.27733,-0.7398,15.09375,-0.37204,0.66468,0.58608,-0.21441,-0.88109,79.478,7.0,16073.0
3.353713263000463,16.73945,8.48112,2.60768,0.32416,-0.26544,-1.0147,15.92663,-0.76589,1.00765,0.80365,-0.16623,-1.17838,79.453,4.102,16073.0
3.358713263000463,16.94534,6.59777,2.49597,0.47529,-0.25356,-1.2896,16.75951,-1.15974,1.35061,1.02122,-0.11805,-1.47568,79.389,3.0,20985.957
3.363713263000463,17.15123,4.71442,2.38426,0.62642,-0.24167,-1.5645,17.5924,-1.5536,1.69358,1.23879,-0.06986,-1.77298,79.237,3.0,22827.0
3.368713263000463,17.35712,2.83108,2.27255,0.77755,-0.22978,-1.8394,18.42528,-1.94745,2.03655,1.45636,-0.02168,-2.07028,79.189,3.0,22827.0
3.373713263000463,17.56302,0.94773,2.16084,0.92867,-0.21789,-2.1143,17.34035,-1.92205,1.54265,1.40014,-0.00505,-2.12761,79.062,3.0,22827.0
3.378713263000463,17.76891,-0.93562,2.04914,1.0798,-0.20601,-2.38919,15.53573,-1.73932,0.7347,1.24117,-0.00025,-2.0949,78.886,3.0,22827.0
3.383713263000463,16.19821,-2.48594,1.76165,1.0192,-0.1318,-2.46357,13.7311,-1.55659,-0.07325,1.0822,0.00455,-2.06219,78.774,3.0,24455.929
3.388713263000463,13.95311,-3.90983,1.40743,0.87822,-0.03394,-2.46181,11.92648,-1.37386,-0.88119,0.92324,0.00935,-2.02948,78.75,3.0,25069.0
3.393713263000463,11.708,-5.33372,1.05321,0.73724,0.06393,-2.46006,10.12185,-1.19113,-1.68914,0.76427,0.01415,-1.99676,78.494,1.546,25069.0
3.398713263000463,9.46289,-6.75761,0.69899,0.59625,0.16179,-2.45831,9.5108,-1.05397,-1.9477,0.6053,0.01895,-1.96405,78.271,1.0,25069.0
3.403713263000463,8.82557,-7.09728,0.40186,0.45527,0.25966,-2.45656,9.34825,-0.93393,-1.99982,0.44634,0.02375,-1.93134,78.095,1.0,25587.453
3.408713263000463,8.79377,-7.0286,0.12624,0.31429,0.35752,-2.45481,9.18571,-0.81389,-2.05193,0.28737,0.02855,-1.89863,77.983,1.0,25782.0
3.413713263000463,8.76198,-6.95993,-0.14939,0.17331,0.45538,-2.45306,9.02317,-0.69385,-2.10405,0.1284,0.03335,-1.86592,77.895,3.911,25782.0
3.418713263000463,8.73018,-6.89125,-0.42502,0.03233,0.55325,-2.45131,8.86062,-0.57381,-2.15617,0.03859,0.02542,-1.81289,77.807,5.0,25782.0
3.423713263000463,8.69838,-6.82258,-0.70065,-0.10865,0.65111,-2.44956,8.69808,-0.45377,-2.20829,-0.02539,0.01274,-1.75227,77.783,5.0,26083.689
3.428713263000463,8.66659,-6.75391,-0.97627,-0.16229,0.5933,-2.32339,8.53553,-0.33373,-2.2604,-0.08938,5e-05,-1.69165,77.783,5.0,26197.0
3.4337132630004628,8.63479,-6.68523,-1.2519,-0.18306,0.47688,-2.15041,8.37299,-0.21369,-2.31252,-0.15336,-0.01264,-1.63103,77.783,3.545,26197.0
3.438713263000463,8.603,-6.61656,-1.52753,-0.20383,0.36047,-1.97742,8.21045,-0.09365,-2.36464,-0.21734,-0.02532,-1.57041,77.783,3.0,26197.0
3.443713263000463,8.5712,-6.54788,-1.80316,-0.22459,0.24406,-1.80443,8.19068,-0.04883,-1.96531,-0.26022,-0.03271,-1.51464,77.783,3.0,26002.945
3.448713263000463,8.5394,-6.47921,-2.07878,-0.24536,0.12765,-1.63144,8.22453,-0.03225,-1.39644,-0.29518,-0.03811,-1.46069,77.783,3.0,25930.0
3.4537132630004628,8.67912,-6.54692,-2.06072,-0.25796,0.08753,-1.50502,8.25838,-0.01567,-0.82757,-0.33013,-0.0435,-1.40674,77.847,3.0,25930.0
3.458713263000463,8.88721,-6.669,-1.9256,-0.26729,0.07784,-1.39715,8.29223,0.0009,-0.2587,-0.36508,-0.0489,-1.3528,77.871,3.0,25930.0
3.463713263000463,9.0953,-6.79108,-1.79048,-0.27662,0.06814,-1.28929,8.32608,0.01748,0.31017,-0.40004,-0.0543,-1.29885,77.935,3.0,26129.726
3.468713263000463,9.30338,-6.91316,-1.65536,-0.28596,0.05844,-1.18142,8.49521,0.52936,0.07436,-0.43499,-0.0597,-1.2449,78.023,3.0,26206.0
3.473713263000463,9.51147,-7.03524,-1.52024,-0.29529,0.04874,-1.07355,8.71479,1.22596,-0.46154,-0.46994,-0.0651,-1.19095,78.111,2.272,26206.0
3.478713263000463,9.63449,-6.97007,-1.64587,-0.30462,0.03904,-0.96569,8.93437,1.92256,-0.99744,-0.50489,-0.07049,-1.137,78.199,2.0,26206.0
3.483713263000463,9.72564,-6.83471,-1.86923,-0.31396,0.02934,-0.85782,9.15396,2.61916,-1.53334,-0.53985,-0.07589,-1.08305,78.223,2.0,25941.964
3.488713263000463,9.81678,-6.69935,-2.09259,-0.32329,0.01964,-0.74996,9.37354,3.31576,-2.06924,-0.5748,-0.08129,-1.02911,78.287,2.0,25843.0
3.493713263000463,9.90792,-6.564,-2.31595,-0.33262,0.00994,-0.64209,9.32361,3.22682,-2.4852,-0.58144,-0.07375,-0.97028,78.374,4.182,25843.0
3.498713263000463,9.99907,-6.42864,-2.53931,-0.3194,0.01087,-0.58033,9.17318,2.845,-2.85645,-0.57754,-0.06138,-0.90964,78.398,5.0,25843.0
3.503713263000463,10.09021,-6.29328,-2.76267,-0.29771,0.01579,-0.53589,9.02276,2.46318,-3.2277,-0.57363,-0.04901,-0.849,78.462,5.0,26002.515
3.508713263000463,10.18135,-6.15792,-2.98603,-0.27601,0.02072,-0.49146,8.87234,2.08136,-3.59895,-0.56972,-0.03664,-0.78835,78.55,5.0,26062.0
3.513713263000463,9.91972,-6.06863,-3.0446,-0.25431,0.02564,-0.44703,8.72191,1.69954,-3.9702,-0.56581,-0.02428,-0.72771,78.638,2.817,26062.0
3.518713263000463,9.52549,-5.99666,-3.04124,-0.23261,0.03056,-0.4026,8.73891,1.13182,-3.87843,-0.5619,-0.01191,-0.66707,78.726,2.0,25952.059
3.523713263000463,9.13127,-5.92469,-3.03787,-0.21091,0.03548,-0.35817,8.81839,0.4947,-3.61381,-0.55799,0.00046,-0.60643,78.814,2.0,25911.0
3.528713263000463,8.73704,-5.85271,-3.03451,-0.18922,0.04041,-0.31373,8.89788,-0.14242,-3.3492,-0.55408,0.01283,-0.54578,78.902,5.641,25911.0
3.533713263000463,8.34281,-5.78074,-3.03114,-0.16752,0.04533,-0.2693,8.97737,-0.77954,-3.08459,-0.55017,0.02519,-0.48514,78.989,7.0,25911.0
3.5387132630004627,8.2813,-5.73849,-2.93696,-0.15575,0.04155,-0.24701,9.05686,-1.41666,-2.81997,-0.49574,0.0105,-0.46685,79.078,7.0,25958.246
3.543713263000463,8.34727,-5.70764,-2.80798,-0.1478,0.03444,-0.23321,9.13634,-2.05377,-2.55536,-0.42195,-0.01456,-0.46479,79.165,7.0,25976.0
3.548713263000463,8.41324,-5.67679,-2.679,-0.13984,0.02733,-0.2194,9.21583,-2.69089,-2.29075,-0.34817,-0.03962,-0.46272,79.253,4.097,25976.0
3.553713263000463,8.4792,-5.64594,-2.55003,-0.13188,0.02022,-0.2056,9.27771,-2.55939,-2.12211,-0.27438,-0.06468,-0.46066,79.341,3.0,25976.0
3.5587132630004628,8.54517,-5.61509,-2.42105,-0.12392,0.01311,-0.19179,9.33302,-2.14165,-1.98923,-0.2006,-0.08974,-0.45859,79.429,3.0,26043.692
3.563713263000463,8.61114,-5.58424,-2.29207,-0.11596,0.00601,-0.17799,9.38834,-1.7239,-1.85634,-0.1801,-0.09879,-0.44982,79.453,3.0,26069.0
3.568713263000463,8.6771,-5.55339,-2.16309,-0.10801,-0.0011,-0.16418,9.44366,-1.30616,-1.72346,-0.17952,-0.10186,-0.43853,79.517,553.201,26069.0
3.573713263000463,8.74226,-5.51354,-2.09039,-0.10614,-0.00557,-0.15691,9.49898,-0.88841,-1.59057,-0.17895,-0.10492,-0.42724,79.605,759.0,26173.858
3.5787132630004628,8.8071,-5.47033,-2.03869,-0.10655,-0.00905,-0.15208,9.5543,-0.47067,-1.45768,-0.17838,-0.10799,-0.41595,79.629,759.0,26213.0
3.583713263000463,8.87195,-5.42712,-1.987,-0.10696,-0.01253,-0.14725,9.60961,-0.05292,-1.3248,-0.17781,-0.11105,-0.40467,79.757,759.0,26213.0
3.588713263000463,8.9368,-5.38391,-1.9353,-0.10737,-0.01601,-0.14243,9.65912,-0.03545,-1.4086,-0.17723,-0.11412,-0.39338,79.805,1749.748,26213.0
3.593713263000463,9.00165,-5.3407,-1.8836,-0.10778,-0.01949,-0.1376,9.70646,-0.16791,-1.57357,-0.17666,-0.11719,-0.38209,79.869,2120.0,26247.965
3.598713263000463,9.04427,-5.31302,-1.92529,-0.10819,-0.02297,-0.13277,9.75379,-0.30037,-1.73853,-0.17609,-0.12025,-0.3708,79.957,2120.0,26261.0
3.603713263000463,9.07862,-5.29113,-2.00178,-0.1086,-0.02645,-0.12794,9.80113,-0.43282,-1.9035,-0.17551,-0.12332,-0.35952,80.044,2120.0,26261.0
3.608713263000463,9.11296,-5.26924,-2.07826,-0.10901,-0.02993,-0.12311,9.84846,-0.56528,-2.06847,-0.17494,-0.12638,-0.34823,80.068,2683.438,26261.0
3.613713263000463,9.1473,-5.24735,-2.15475,-0.10942,-0.03341,-0.11828,9.89579,-0.69774,-2.23343,-0.17437,-0.12945,-0.33694,80.132,2894.0,26261.0
3.618713263000463,9.18164,-5.22546,-2.23124,-0.10983,-0.03689,-0.11346,9.95523,-0.6993,-2.37285,-0.16678,-0.12189,-0.32843,80.156,2894.0,26295.219
3.623713263000463,9.21599,-5.20356,-2.30773,-0.10529,-0.03276,-0.1134,10.01919,-0.65182,-2.50269,-0.15656,-0.11036,-0.32096,80.22,2894.0,26308.0
3.628713263000463,9.25033,-5.18167,-2.38421,-0.09889,-0.02579,-0.11512,10.08315,-0.60435,-2.63253,-0.14634,-0.09883,-0.3135,80.244,3828.195,26308.0
3.633713263000463,9.28358,-5.15685,-2.39843,-0.0925,-0.01882,-0.11685,10.14711,-0.55688,-2.76237,-0.13612,-0.08729,-0.30603,80.308,4177.0,26187.21
3.638713263000463,9.31642,-5.13094,-2.38938,-0.0861,-0.01185,-0.11857,10.21107,-0.50941,-2.89222,-0.1259,-0.07576,-0.29856,80.332,4177.0,26142.0
3.6437132630004627,9.34926,-5.10503,-2.38034,-0.0797,-0.00488,-0.12029,10.27503,-0.46193,-3.02206,-0.11568,-0.06423,-0.29109,80.396,4177.0,26142.0
3.648713263000463,9.3821,-5.07912,-2.37129,-0.07331,0.00208,-0.12201,10.339,-0.41446,-3.1519,-0.10546,-0.05269,-0.28362,80.42,4241.795,26142.0
3.653713263000463,9.41494,-5.05321,-2.36225,-0.06691,0.00905,-0.12374,10.33763,-0.34189,-3.12064,-0.09907,-0.04749,-0.28252,80.484,4266.0,26142.0
3.658713263000463,9.44779,-5.0273,-2.3532,-0.06306,0.01174,-0.12146,10.31185,-0.25993,-3.02918,-0.09411,-0.04464,-0.28379,80.572,4266.0,26203.841
3.6637132630004627,9.48063,-5.00139,-2.34416,-0.06016,0.01281,-0.11767,10.28606,-0.17798,-2.93771,-0.08914,-0.0418,-0.28507,80.596,4266.0,26227.0
3.668713263000463,9.51347,-4.97547,-2.33511,-0.05726,0.01389,-0.11389,10.26028,-0.09602,-2.84624,-0.08418,-0.03895,-0.28634,80.66,4588.791,26227.0
3.673713263000463,9.52836,-4.93078,-2.32651,-0.05436,0.01496,-0.1101,10.2345,-0.01407,-2.75477,-0.07922,-0.03611,-0.28761,80.747,4710.0,26114.314
3.678713263000463,9.53649,-4.87902,-2.31806,-0.05147,0.01603,-0.10631,10.22505,-0.08787,-2.67564,-0.07425,-0.03327,-0.28889,80.771,4710.0,26072.0
3.6837132630004628,9.54462,-4.82725,-2.30962,-0.04857,0.01711,-0.10253,10.22174,-0.2201,-2.60114,-0.06929,-0.03042,-0.29016,80.835,5003.739,26072.0
3.688713263000463,9.55275,-4.77549,-2.30118,-0.04567,0.01818,-0.09874,10.21843,-0.35233,-2.52664,-0.06433,-0.02758,-0.29144,80.923,5114.0,26072.0
3.693713263000463,9.56088,-4.72373,-2.29274,-0.04277,0.01925,-0.09496,10.21511,-0.48456,-2.45214,-0.06373,-0.02474,-0.30081,81.011,5114.0,26072.0
3.698713263000463,9.56901,-4.67196,-2.2843,-0.03987,0.02033,-0.09117,10.2118,-0.61679,-2.37764,-0.06487,-0.02192,-0.3134,81.099,5114.0,26084.379
3.7037132630004628,9.55928,-4.66757,-2.26821,-0.03898,0.02252,-0.09173,10.20848,-0.74901,-2.30314,-0.06601,-0.01909,-0.32599,81.187,5626.092,26089.0
3.708713263000463,9.54289,-4.68085,-2.24927,-0.03884,0.02514,-0.09391,10.20723,-0.78489,-2.30466,-0.06714,-0.01626,-0.33857,81.275,5819.0,25954.057
3.713713263000463,9.5265,-4.69413,-2.23033,-0.0387,0.02775,-0.09608,10.20676,-0.78433,-2.33492,-0.06828,-0.01343,-0.35116,81.363,5819.0,25903.0
3.718713263000463,9.5101,-4.70742,-2.21138,-0.03855,0.03037,-0.09826,10.20629,-0.78378,-2.36518,-0.06942,-0.0106,-0.36375,81.451,5819.0,25903.0
3.723713263000463,9.49371,-4.7207,-2.19244,-0.03841,0.03298,-0.10044,10.20581,-0.78323,-2.39544,-0.07056,-0.00777,-0.37633,81.539,5997.363,25903.0
3.728713263000463,9.47731,-4.73399,-2.1735,-0.03827,0.0356,-0.10262,10.20534,-0.78267,-2.4257,-0.07169,-0.00494,-0.38892,81.691,6064.0,25903.0
3.733713263000463,9.46092,-4.74727,-2.15456,-0.03813,0.03821,-0.1048,10.20487,-0.78212,-2.45596,-0.07283,-0.00211,-0.40151,81.802,6064.0,25830.908
3.738713263000463,9.43015,-4.77061,-2.17326,-0.04081,0.04164,-0.1128,10.2044,-0.78157,-2.48622,-0.0786,-0.00052,-0.41559,81.89,6064.0,25804.0
3.743713263000463,9.39402,-4.79769,-2.206,-0.04454,0.04538,-0.12298,10.20392,-0.78102,-2.51647,-0.08609,0.00062,-0.43024,81.978,6331.097,25804.0
3.7487132630004627,9.35789,-4.82478,-2.23875,-0.04827,0.04912,-0.13317,10.20345,-0.78046,-2.54673,-0.09358,0.00176,-0.44489,82.066,6431.0,25804.0
3.753713263000463,9.32175,-4.85187,-2.2715,-0.052,0.05285,-0.14335,10.20213,-0.79662,-2.55291,-0.10107,0.00289,-0.45953,82.154,6431.0,25673.669
3.758713263000463,9.29644,-4.88911,-2.2725,-0.05572,0.05659,-0.15353,10.20048,-0.81905,-2.55003,-0.10857,0.00403,-0.47418,82.242,6431.0,25625.0
3.763713263000463,9.27516,-4.93013,-2.26169,-0.05945,0.06033,-0.16371,10.19884,-0.84148,-2.54715,-0.11606,0.00517,-0.48883,82.33,6971.023,25625.0
3.7687132630004627,9.25389,-4.97115,-2.25087,-0.06318,0.06406,-0.17389,10.19719,-0.86392,-2.54427,-0.12355,0.0063,-0.50347,82.418,7173.0,25625.0
3.773713263000463,9.23261,-5.01217,-2.24005,-0.06691,0.0678,-0.18407,10.19555,-0.88635,-2.5414,-0.13104,0.00744,-0.51812,82.569,7173.0,25350.361
3.778713263000463,9.21133,-5.05319,-2.22924,-0.07064,0.07154,-0.19426,10.19721,-0.84428,-2.53854,-0.1339,0.00897,-0.52406,82.617,7173.0,25248.0
3.783713263000463,9.19005,-5.09421,-2.21842,-0.07374,0.07495,-0.2007,10.20009,-0.77817,-2.5357,-0.13503,0.01064,-0.52676,82.681,7812.64,25248.0
3.7887132630004627,9.16877,-5.13523,-2.2076,-0.07659,0.07825,-0.20572,10.20298,-0.71206,-2.53286,-0.13616,0.01231,-0.52947,82.769,8053.0,25163.825
3.793713263000463,9.16815,-5.13007,-2.20995,-0.07944,0.08155,-0.21075,10.20587,-0.64595,-2.53001,-0.13729,0.01398,-0.53217,82.921,8053.0,25132.0
3.798713263000463,9.17537,-5.10739,-2.21729,-0.0823,0.08485,-0.21577,10.20876,-0.57984,-2.52717,-0.13842,0.01565,-0.53487,82.969,8270.48,25132.0
3.803713263000463,9.18259,-5.08471,-2.22463,-0.08515,0.08814,-0.2208,10.21165,-0.51373,-2.52433,-0.13955,0.01732,-0.53757,83.097,8352.0,25132.0
3.8087132630004628,9.18981,-5.06203,-2.23197,-0.088,0.09144,-0.22582,10.21454,-0.44762,-2.52148,-0.14068,0.01899,-0.54027,83.209,8352.0,24758.439
3.813713263000463,9.19703,-5.03935,-2.23931,-0.09085,0.09474,-0.23085,10.19922,-0.33869,-2.47564,-0.14036,0.01899,-0.54065,83.232,8352.0,24619.0
3.818713263000463,9.20425,-5.01668,-2.24665,-0.09081,0.09458,-0.23222,10.17709,-0.21379,-2.41375,-0.13951,0.01836,-0.54017,83.296,9162.535,24619.0
3.823713263000463,9.21147,-4.994,-2.25399,-0.08968,0.09312,-0.23222,10.15496,-0.08888,-2.35186,-0.13865,0.01773,-0.53968,83.448,9473.0,24619.0
3.8287132630004628,9.21869,-4.97132,-2.26133,-0.08855,0.09167,-0.23222,10.13284,0.03603,-2.28997,-0.13779,0.0171,-0.5392,83.56,9473.0,24553.578
3.833713263000463,9.22577,-4.96923,-2.254,-0.08742,0.09021,-0.23223,10.13838,0.02772,-2.29961,-0.13693,0.01647,-0.53871,83.584,10380.702,24529.0
3.838713263000463,9.23279,-4.97489,-2.24116,-0.08629,0.08876,-0.23223,10.15434,-0.03074,-2.33619,-0.13607,0.01585,-0.53822,83.712,10721.0,24529.0
3.843713263000463,9.23981,-4.98055,-2.22831,-0.08516,0.0873,-0.23224,10.1703,-0.08921,-2.37276,-0.13522,0.01522,-0.53774,83.824,10721.0,24529.0
3.848713263000463,9.24683,-4.98622,-2.21546,-0.08403,0.08585,-0.23224,10.18626,-0.14768,-2.40933,-0.13436,0.01459,-0.53725,83.912,10721.0,24350.622
3.8537132630004627,9.25384,-4.99188,-2.20262,-0.0829,0.08439,-0.23224,10.20221,-0.20614,-2.4459,-0.1335,0.01396,-0.53677,84.0,10721.0,24284.0
3.858713263000463,9.26086,-4.99755,-2.18977,-0.08177,0.08294,-0.23225,10.21817,-0.26461,-2.48247,-0.13131,0.01524,-0.54442,84.087,11431.52,24284.0
3.863713263000463,9.26245,-4.99124,-2.20115,-0.08115,0.0845,-0.23959,10.23413,-0.32308,-2.51904,-0.12862,0.01722,-0.5551,84.175,11697.0,24284.0
3.868713263000463,9.262,-4.98046,-2.22159,-0.08073,0.08719,-0.24967,10.25009,-0.38154,-2.55561,-0.12593,0.01921,-0.56579,84.263,11697.0,24133.346
3.8737132630004627,9.26155,-4.96967,-2.24203,-0.0803,0.08989,-0.25976,10.26046,-0.40335,-2.56504,-0.12324,0.0212,-0.57648,84.35,11862.798,24077.0
3.878713263000463,9.2611,-4.95889,-2.26248,-0.07987,0.09258,-0.26984,10.26874,-0.41146,-2.56432,-0.12056,0.02318,-0.58716,84.439,11927.0,24077.0
3.883713263000463,9.26065,-4.94811,-2.28292,-0.07945,0.09527,-0.27992,10.27703,-0.41957,-2.5636,-0.11787,0.02517,-0.59785,84.591,11927.0,23699.281
3.888713263000463,9.2602,-4.93733,-2.30336,-0.07902,0.09796,-0.29001,10.28531,-0.42767,-2.56288,-0.11518,0.02716,-0.60853,84.703,11927.0,23558.0
3.8937132630004627,9.27091,-4.92028,-2.29677,-0.07836,0.10131,-0.3016,10.29359,-0.43578,-2.56216,-0.11249,0.02914,-0.61922,84.79,12519.46,23558.0
3.898713263000463,9.28581,-4.90089,-2.28003,-0.07761,0.1049,-0.31375,10.30067,-0.41494,-2.56912,-0.10949,0.03302,-0.63226,84.878,12742.0,23558.0
3.903713263000463,9.30072,-4.8815,-2.26328,-0.07685,0.10849,-0.32591,10.3073,-0.38323,-2.57898,-0.10637,0.0376,-0.64617,84.902,12742.0,23297.055
3.908713263000463,9.31562,-4.86211,-2.24654,-0.0761,0.11208,-0.33806,10.31393,-0.35152,-2.58883,-0.10325,0.04219,-0.66009,85.03,13093.273,23198.0
3.9137132630004627,9.30856,-4.8488,-2.2351,-0.07535,0.11567,-0.35021,10.32056,-0.3198,-2.59868,-0.10013,0.04678,-0.67401,85.142,13225.0,22885.745
3.918713263000463,9.29327,-4.83778,-2.22564,-0.0746,0.11926,-0.36237,10.32719,-0.28809,-2.60854,-0.09701,0.05137,-0.68792,85.23,13225.0,22769.0
3.923713263000463,9.27797,-4.82676,-2.21619,-0.07385,0.12286,-0.37452,10.33382,-0.25638,-2.61839,-0.09389,0.05595,-0.70184,85.318,13632.682,22769.0
3.928713263000463,9.26268,-4.81574,-2.20673,-0.07309,0.12645,-0.38668,10.34045,-0.22467,-2.62824,-0.09077,0.06054,-0.71576,85.406,13785.0,22769.0
3.9337132630004628,9.24738,-4.80471,-2.19728,-0.07234,0.13004,-0.39883,10.30635,-0.18473,-2.52627,-0.09121,0.06014,-0.72567,85.494,13785.0,22766.088
3.938713263000463,9.23209,-4.79369,-2.18783,-0.07159,0.13363,-0.41099,10.25706,-0.14173,-2.38258,-0.09299,0.05789,-0.7341,85.582,13785.0,22765.0
3.943713263000463,9.2168,-4.78267,-2.17837,-0.07279,0.12989,-0.42508,10.20777,-0.09872,-2.2389,-0.09477,0.05563,-0.74253,85.669,14475.774,22765.0
3.948713263000463,9.2015,-4.77164,-2.16892,-0.07472,0.12341,-0.43991,10.15847,-0.05572,-2.09521,-0.09655,0.05337,-0.75095,85.693,14734.0,22765.0
3.9537132630004628,9.18621,-4.76062,-2.15947,-0.07666,0.11692,-0.45473,10.10918,-0.01272,-1.95152,-0.09832,0.05112,-0.75938,85.821,14734.0,22681.302
3.9587132630004627,9.18128,-4.75511,-2.12913,-0.07859,0.11044,-0.46955,10.1085,-0.01467,-1.95066,-0.1001,0.04886,-0.7678,85.869,14734.0,22650.0
3.963713263000463,9.18024,-4.75167,-2.09097,-0.08052,0.10395,-0.48437,10.12603,-0.03346,-2.00329,-0.10188,0.04661,-0.77623,85.869,14734.0,22650.0
3.968713263000463,9.1792,-4.74822,-2.0528,-0.08245,0.09747,-0.49919,10.14357,-0.05225,-2.05592,-0.10365,0.04435,-0.78466,85.997,15408.054,22650.0
3.973713263000463,9.17816,-4.74478,-2.01464,-0.08438,0.09098,-0.51402,10.1611,-0.07103,-2.10856,-0.10543,0.0421,-0.79308,86.109,15660.0,22650.0
3.9787132630004627,9.17712,-4.74133,-1.97648,-0.08632,0.0845,-0.52884,10.17863,-0.08982,-2.16119,-0.10721,0.03984,-0.80151,86.197,15660.0,22305.051
3.983713263000463,9.17607,-4.73789,-1.93832,-0.08589,0.08827,-0.55528,10.19617,-0.10861,-2.21382,-0.10899,0.03758,-0.80993,86.221,15660.0,22176.0
3.988713263000463,9.17503,-4.73444,-1.90016,-0.08458,0.09587,-0.58607,10.2137,-0.1274,-2.26646,-0.10321,0.04786,-0.83173,86.285,16136.135,22176.0
3.993713263000463,9.17399,-4.731,-1.86199,-0.08326,0.10347,-0.61685,10.23123,-0.14619,-2.31909,-0.0946,0.06284,-0.85855,86.309,16314.0,22176.0
3.9987132630004627,9.1871,-4.66421,-1.95389,-0.08195,0.11107,-0.64764,10.24876,-0.16498,-2.37173,-0.08599,0.07782,-0.88536,86.372,16314.0,21389.744
4.003713263000463,9.20588,-4.572,-2.09797,-0.08064,0.11867,-0.67842,10.2663,-0.18377,-2.42436,-0.07737,0.0928,-0.91217,86.396,16314.0,21090.0
4.0087132630004625,9.22466,-4.4798,-2.24204,-0.07933,0.12628,-0.70921,10.24895,-0.06453,-2.57157,-0.08276,0.10145,-0.92766,86.396,16531.671,21090.0
4.013713263000463,9.24344,-4.38759,-2.38612,-0.07802,0.13388,-0.73999,10.2185,0.10653,-2.75429,-0.0934,0.10772,-0.9389,86.46,16613.0,21090.0
4.018713263000463,9.26331,-4.34705,-2.41611,-0.08111,0.1439,-0.77748,10.18805,0.2776,-2.93702,-0.10404,0.11399,-0.95014,86.484,16613.0,20712.222
4.023713263000463,9.28359,-4.32585,-2.40341,-0.08585,0.15482,-0.81747,10.15761,0.44866,-3.11974,-0.11469,0.12026,-0.96138,86.484,16613.0,20571.0
4.028713263000463,9.30387,-4.30464,-2.39071,-0.09059,0.16575,-0.85747,10.12716,0.61972,-3.30246,-0.12533,0.12653,-0.97262,86.484,17216.569,20571.0
4.033713263000463,9.32415,-4.28343,-2.37802,-0.09533,0.17667,-0.89746,10.1312,0.59553,-3.24232,-0.13597,0.13281,-0.98385,86.484,17446.0,20571.0
4.038713263000463,9.34443,-4.26223,-2.36532,-0.10006,0.1876,-0.93745,10.14815,0.49822,-3.09125,-0.14661,0.13908,-0.99509,86.484,17446.0,19309.061
4.043713263000463,9.36471,-4.24102,-2.35263,-0.1048,0.19852,-0.97745,10.1651,0.4009,-2.94017,-0.15725,0.14535,-1.00633,86.42,17446.0,18837.0
4.0487132630004625,9.38499,-4.21981,-2.33993,-0.10954,0.20945,-1.01744,10.18205,0.30359,-2.78909,-0.1679,0.15162,-1.01757,86.396,17550.134,18837.0
4.053713263000463,9.45787,-4.2179,-2.28633,-0.10964,0.21538,-1.04951,10.199,0.20628,-2.63802,-0.17854,0.15789,-1.02881,86.396,17589.0,17791.099
4.058713263000463,9.55036,-4.22317,-2.21748,-0.10801,0.21945,-1.07862,10.2502,0.21831,-2.56326,-0.18292,0.15957,-1.05352,86.396,17589.0,17400.0
4.063713263000463,9.64285,-4.22845,-2.14863,-0.10638,0.22352,-1.10773,10.31422,0.27125,-2.51706,-0.18495,0.15953,-1.08327,86.396,18075.607,17400.0
4.068713263000463,9.73535,-4.23372,-2.07978,-0.10474,0.2276,-1.13685,10.37824,0.3242,-2.47087,-0.18698,0.15949,-1.11302,86.396,18258.0,16945.164
4.073713263000463,9.87408,-4.21882,-2.07708,-0.10311,0.23167,-1.16596,10.44226,0.37714,-2.42468,-0.18902,0.15945,-1.14277,86.396,18258.0,16774.0
4.078713263000463,10.03024,-4.19631,-2.0993,-0.10148,0.23574,-1.19507,10.50628,0.43009,-2.37849,-0.19105,0.1594,-1.17252,86.396,18415.215,16774.0
4.083713263000463,10.1864,-4.1738,-2.12152,-0.09985,0.23981,-1.22418,10.5703,0.48303,-2.33229,-0.19309,0.15936,-1.20227,86.396,18474.0,16774.0
4.088713263000463,10.34256,-4.15129,-2.14374,-0.09821,0.24388,-1.2533,10.63431,0.53598,-2.2861,-0.19512,0.15932,-1.23202,86.396,18474.0,16217.008
4.0937132630004625,10.49872,-4.12879,-2.16597,-0.09658,0.24795,-1.28241,10.71138,0.6982,-2.33384,-0.19923,0.16008,-1.25394,86.333,18474.0,16008.0
4.098713263000463,10.65487,-4.10628,-2.18819,-0.10004,0.25258,-1.30677,10.79333,0.90124,-2.41668,-0.20412,0.16114,-1.27293,86.309,18765.018,16008.0
4.103713263000463,10.81103,-4.08377,-2.21041,-0.1054,0.25741,-1.32934,10.87527,1.10429,-2.49952,-0.209,0.16219,-1.29193,86.309,18874.0,16008.0
4.108713263000463,10.96719,-4.06126,-2.23263,-0.11077,0.26225,-1.35191,10.95722,1.30734,-2.58235,-0.21389,0.16325,-1.31092,86.309,18874.0,15830.248
4.113713263000463,10.98862,-4.09308,-2.25845,-0.11614,0.26709,-1.37448,11.03916,1.51038,-2.66519,-0.21877,0.16431,-1.32992,86.309,18874.0,15763.0
4.118713263000463,10.95964,-4.14523,-2.2856,-0.12151,0.27192,-1.39705,11.07028,1.48166,-2.68159,-0.22366,0.16537,-1.34891,86.245,19329.278,15763.0
4.123713263000463,10.93065,-4.19738,-2.31275,-0.12687,0.27676,-1.41962,11.08242,1.36631,-2.67316,-0.22854,0.16643,-1.36791,86.221,19499.0,15763.0
4.128713263000463,10.90167,-4.24954,-2.33991,-0.13224,0.28159,-1.44219,11.09455,1.25095,-2.66473,-0.23343,0.16748,-1.3869,86.221,19499.0,14706.546
4.1337132630004625,10.87268,-4.30169,-2.36706,-0.13761,0.28643,-1.46476,11.10668,1.1356,-2.6563,-0.23831,0.16854,-1.40589,86.157,19499.0,14311.0
4.138713263000463,10.8437,-4.35384,-2.39421,-0.14297,0.29126,-1.48734,11.11881,1.02025,-2.64787,-0.22086,0.16774,-1.43654,86.133,20411.796,14311.0
4.143713263000463,10.81471,-4.40599,-2.42137,-0.13745,0.28774,-1.5187,11.13095,0.9049,-2.63944,-0.19501,0.16624,-1.47156,86.069,20754.0,14311.0
4.148713263000463,10.78573,-4.45814,-2.44852,-0.12785,0.28109,-1.55337,11.14308,0.78955,-2.63101,-0.16915,0.16473,-1.50659,85.981,20754.0,13574.151
4.153713263000463,10.76271,-4.50483,-2.47059,-0.11825,0.27444,-1.58803,11.14467,0.70297,-2.62172,-0.1433,0.16323,-1.54161,85.957,21278.111,13298.0
4.158713263000463,10.74191,-4.54948,-2.49076,-0.10865,0.26779,-1.62269,11.14231,0.62716,-2.61211,-0.11744,0.16173,-1.57664,85.893,21474.0,13298.0
4.163713263000463,10.72112,-4.59412,-2.51093,-0.09904,0.26113,-1.65735,11.13995,0.55135,-2.6025,-0.11085,0.15985,-1.59887,85.869,21474.0,10939.568
4.168713263000463,10.70033,-4.63877,-2.5311,-0.08944,0.25448,-1.69201,11.13759,0.47554,-2.59289,-0.11147,0.15784,-1.61632,85.805,21474.0,10054.0
4.1737132630004625,10.67954,-4.68341,-2.55127,-0.07984,0.24783,-1.72667,11.13523,0.39974,-2.58327,-0.1121,0.15582,-1.63378,85.717,21755.491,10054.0
4.178713263000462,10.65875,-4.72806,-2.57144,-0.07024,0.24118,-1.76134,11.13288,0.32393,-2.57366,-0.11272,0.15381,-1.65123,85.629,21861.0,10054.0
4.183713263000463,10.74284,-4.71508,-2.56703,-0.07478,0.24709,-1.79731,11.13052,0.24812,-2.56405,-0.11334,0.15179,-1.66868,85.542,21861.0,9196.474
4.188713263000463,10.86621,-4.68053,-2.55341,-0.0846,0.25771,-1.83378,11.11283,0.30024,-2.58381,-0.11396,0.14978,-1.68613,85.454,21861.0,8875.0
4.193713263000463,10.98957,-4.64599,-2.53979,-0.09443,0.26832,-1.87025,11.0894,0.40032,-2.61458,-0.11458,0.14777,-1.70358,85.43,12456.124,8875.0
4.198713263000463,11.11293,-4.61144,-2.52617,-0.10426,0.27894,-1.90672,11.06597,0.50041,-2.64535,-0.11521,0.14575,-1.72103,85.302,8875.0,6586.929
4.203713263000463,11.19982,-4.56861,-2.55368,-0.11409,0.28955,-1.94319,11.04254,0.6005,-2.67612,-0.11583,0.14374,-1.73848,85.19,8875.0,5725.0
4.208713263000463,11.27307,-4.52268,-2.59658,-0.12391,0.30017,-1.97966,11.01911,0.70059,-2.70689,-0.11645,0.14172,-1.75593,85.102,19066.492,5725.0
4.213713263000463,11.34632,-4.47676,-2.63948,-0.13374,0.31078,-2.01613,10.99568,0.80068,-2.73766,-0.11707,0.13971,-1.77338,84.95,22877.0,5725.0
4.2187132630004625,11.41957,-4.43083,-2.68239,-0.14357,0.3214,-2.0526,10.98464,0.77358,-2.70309,-0.13366,0.12712,-1.80712,84.838,22877.0,4193.664
4.223713263000463,11.49281,-4.3849,-2.72529,-0.16586,0.32762,-2.10537,10.97825,0.6986,-2.64391,-0.15627,0.11054,-1.84699,84.751,23381.786,3619.0
4.228713263000463,11.56606,-4.33897,-2.76819,-0.19283,0.3322,-2.16427,10.97186,0.62362,-2.58473,-0.17887,0.09396,-1.88686,84.599,23571.0,3619.0
4.233713263000463,11.61514,-4.2765,-2.77386,-0.21979,0.33678,-2.22316,10.96547,0.54863,-2.52556,-0.20148,0.07738,-1.92673,84.487,23571.0,2430.855
4.238713263000463,11.65512,-4.2078,-2.7655,-0.24676,0.34136,-2.28205,10.95909,0.47365,-2.46638,-0.22408,0.0608,-1.9666,84.399,23571.0,1983.0
4.243713263000463,11.69509,-4.13909,-2.75714,-0.27372,0.34594,-2.34095,10.9527,0.39867,-2.40721,-0.24668,0.04422,-2.00647,84.247,23567.364,1983.0
4.248713263000463,11.73507,-4.07039,-2.74878,-0.30069,0.35052,-2.39984,10.94631,0.32368,-2.34803,-0.26929,0.02764,-2.04634,84.199,23566.0,1983.0
4.253713263000463,11.77504,-4.00169,-2.74042,-0.32765,0.3551,-2.45873,10.8105,0.18137,-2.18239,-0.28939,0.00321,-2.103,84.071,23566.0,1448.164
4.2587132630004625,11.81502,-3.93298,-2.73206,-0.35462,0.35968,-2.51763,10.62589,0.01368,-1.97661,-0.30855,-0.02417,-2.16598,83.96,23566.0,1247.0
4.263713263000463,11.855,-3.86428,-2.7237,-0.37974,0.34235,-2.61746,10.44129,-0.15402,-1.77083,-0.32772,-0.05155,-2.22897,83.872,24014.347,1247.0
4.268713263000463,11.89497,-3.79558,-2.71534,-0.40416,0.31673,-2.7328,10.25668,-0.32171,-1.56505,-0.34688,-0.07894,-2.29195,83.72,24183.0,1247.0
4.273713263000463,11.93495,-3.72687,-2.70698,-0.42858,0.29111,-2.84814,10.07207,-0.48941,-1.35927,-0.36604,-0.10632,-2.35494,83.608,24183.0,1154.812
4.278713263000463,12.13953,-3.69641,-2.62494,-0.453,0.26548,-2.96348,10.18819,-0.5006,-1.22907,-0.3852,-0.1337,-2.41792,83.456,24183.0,1120.0
4.283713263000463,12.40635,-3.68041,-2.51503,-0.47741,0.23986,-3.07882,10.41801,-0.45262,-1.12745,-0.40436,-0.16109,-2.48091,83.28,24217.885,1120.0
4.288713263000463,12.67316,-3.6644,-2.40512,-0.48365,0.21461,-3.15155,10.64782,-0.40465,-1.02583,-0.42352,-0.18847,-2.54389,83.168,24231.0,1120.0
4.293713263000463,12.93997,-3.6484,-2.29522,-0.48304,0.1895,-3.20824,10.87764,-0.35667,-0.92421,-0.44269,-0.21585,-2.60688,82.955,24231.0,780.361
4.2987132630004625,13.20679,-3.63239,-2.18531,-0.48242,0.16439,-3.26493,11.10745,-0.30869,-0.82259,-0.41523,-0.23878,-2.68511,82.753,24231.0,648.0
4.303713263000462,13.4736,-3.61639,-2.0754,-0.48181,0.13928,-3.32162,11.33726,-0.26071,-0.72097,-0.36933,-0.25994,-2.76938,82.513,23637.845,648.0
4.308713263000463,13.74041,-3.60038,-1.96549,-0.4812,0.11417,-3.3783,11.56708,-0.21273,-0.61935,-0.32343,-0.2811,-2.85365,82.314,23415.0,648.0
4.313713263000463,14.04278,-3.49709,-1.93333,-0.48059,0.08907,-3.43499,11.58692,0.2239,-0.75192,-0.27753,-0.30226,-2.93792,82.202,23415.0,511.299
4.318713263000463,14.35856,-3.36088,-1.93049,-0.47998,0.06396,-3.49168,11.52757,0.80712,-0.97281,-0.23163,-0.32342,-3.02219,82.05,22138.945,460.0
4.323713263000463,14.67435,-3.22466,-1.92765,-0.47936,0.03885,-3.54837,11.46822,1.39033,-1.19371,-0.23866,-0.31019,-3.01837,81.81,21660.0,399.701
4.328713263000463,14.99013,-3.08845,-1.92482,-0.47875,0.01374,-3.60506,11.40887,1.97355,-1.4146,-0.26558,-0.28404,-2.98147,81.547,21660.0,377.0
4.333713263000463,15.30591,-2.95223,-1.92198,-0.47814,-0.01137,-3.66175,11.34952,2.55677,-1.6355,-0.2925,-0.2579,-2.94457,81.475,19921.862,377.0
4.338713263000463,15.62169,-2.81602,-1.91914,-0.47753,-0.03648,-3.71843,11.29017,3.13999,-1.85639,-0.31941,-0.23176,-2.90766,81.156,19260.0,377.0
4.3437132630004625,15.43744,-2.99319,-1.80048,-0.47067,-0.01592,-3.68343,11.23082,3.72321,-2.07729,-0.34633,-0.20561,-2.87076,80.907,19260.0,241.912
4.348713263000463,15.06364,-3.28915,-1.63792,-0.46144,0.02195,-3.61368,11.17147,4.30643,-2.29819,-0.37325,-0.17947,-2.83386,80.731,12866.417,191.0
4.353713263000463,14.68983,-3.58512,-1.47535,-0.4522,0.05982,-3.54392,10.88349,4.59916,-2.48919,-0.40017,-0.15332,-2.79695,80.556,10479.0,191.0
4.358713263000463,14.31603,-3.88108,-1.31279,-0.44297,0.09769,-3.47417,10.51035,4.7837,-2.66906,-0.42708,-0.12718,-2.76005,80.316,10479.0,291.309
4.363713263000463,13.94223,-4.17705,-1.15023,-0.43374,0.13555,-3.40441,10.13722,4.96825,-2.84893,-0.454,-0.10104,-2.72315,79.989,10479.0,329.0
4.368713263000463,13.56843,-4.47301,-0.98767,-0.42451,0.17342,-3.33465,9.76409,5.15279,-3.0288,-0.48092,-0.07489,-2.68624,79.829,5170.272,329.0
4.373713263000463,12.39834,-4.72055,-1.03646,-0.41747,0.21476,-3.2368,9.39095,5.33733,-3.20867,-0.50783,-0.04875,-2.64934,79.613,3172.0,329.0
4.378713263000463,10.9299,-4.94993,-1.16444,-0.41125,0.25739,-3.12842,8.84736,5.1745,-3.20311,-0.51074,-0.02417,-2.55219,79.349,3172.0,266.501
4.3837132630004625,9.46146,-5.17932,-1.29242,-0.40503,0.30002,-3.02004,8.2399,4.88148,-3.12805,-0.50464,-0.00019,-2.43245,79.15,922.434,243.0
4.388713263000462,7.99302,-5.40871,-1.4204,-0.39881,0.34266,-2.91166,7.63243,4.58846,-3.05299,-0.49855,0.02379,-2.31272,78.985,77.0,243.0
4.393713263000463,7.16869,-5.74713,-1.34445,-0.39259,0.38529,-2.80328,7.02496,4.29544,-2.97793,-0.49245,0.04778,-2.19299,78.926,77.0,262.858
4.398713263000463,6.72415,-6.14984,-1.14827,-0.38637,0.42792,-2.6949,6.41749,4.00242,-2.90287,-0.48635,0.07176,-2.07325,78.862,77.0,271.0
4.403713263000463,6.27961,-6.55255,-0.95208,-0.38016,0.47055,-2.58652,5.81002,3.70941,-2.82781,-0.48026,0.09574,-1.95352,78.838,26.031,271.0
4.408713263000463,5.83507,-6.95525,-0.75589,-0.37394,0.51319,-2.47814,5.20255,3.41639,-2.75275,-0.47416,0.11973,-1.83379,78.71,7.0,271.0
4.413713263000463,5.39053,-7.35796,-0.5597,-0.36772,0.55582,-2.36977,4.71384,4.24223,-2.69919,-0.481,0.16684,-1.62974,78.598,7.0,108.056
4.418713263000463,4.94599,-7.76067,-0.36351,-0.3615,0.59845,-2.26139,4.26965,5.48753,-2.65369,-0.49268,0.22261,-1.3941,78.574,7.0,47.0
4.4237132630004625,4.50145,-8.16338,-0.16732,-0.29848,0.58564,-1.85219,3.82546,6.73283,-2.6082,-0.50436,0.27839,-1.15845,78.51,3.362,47.0
4.428713263000462,4.05691,-8.56609,0.02887,-0.21415,0.55203,-1.33015,3.38127,7.97813,-2.5627,-0.51604,0.33417,-0.9228,78.486,2.0,47.0
4.433713263000463,3.61237,-8.96879,0.22506,-0.12982,0.51842,-0.80812,2.93708,9.22344,-2.5172,-0.52772,0.38995,-0.68715,78.486,2.0,311.952
4.438713263000463,3.38084,-8.77575,0.1867,-0.0455,0.4848,-0.28608,2.80868,8.69248,-2.4595,-0.5394,0.44572,-0.45151,78.55,2.0,411.0
4.443713263000463,3.22903,-8.35974,0.06055,0.03883,0.45119,0.23595,2.79847,7.49676,-2.39722,-0.55108,0.5015,-0.21586,78.574,2.728,411.0
4.448713263000463,3.07723,-7.94374,-0.06559,0.0819,0.44439,0.42217,2.78825,6.30104,-2.33495,-0.56276,0.55728,0.01979,78.574,3.0,411.0
4.453713263000463,2.92542,-7.52773,-0.19173,0.10954,0.44761,0.4828,2.77804,5.10531,-2.27267,-0.57444,0.61306,0.25544,78.638,3.0,846.057
4.458713263000463,2.77361,-7.11172,-0.31787,0.13718,0.45083,0.54343,2.76782,3.90959,-2.2104,-0.51392,0.63096,0.38403,78.662,3.0,1010.0
4.463713263000463,2.6218,-6.69572,-0.44401,0.16483,0.45406,0.60406,2.7576,2.71387,-2.14812,-0.4261,0.63456,0.47216,78.662,3.0,1010.0
4.4687132630004625,2.46999,-6.27971,-0.57015,0.19247,0.45728,0.66468,2.74739,1.51815,-2.08585,-0.33829,0.63815,0.56029,78.662,3.0,1010.0
4.473713263000463,2.51111,-5.99459,-0.74219,0.22011,0.4605,0.72531,2.85925,1.31091,-1.92681,-0.25047,0.64175,0.64842,78.662,3.0,1220.569
4.478713263000463,2.62459,-5.75857,-0.93144,0.24775,0.46372,0.78594,3.01691,1.47446,-1.73147,-0.16266,0.64534,0.73655,78.662,3.728,1299.0
4.483713263000463,2.73808,-5.52254,-1.1207,0.27539,0.46695,0.84657,3.17457,1.63802,-1.53613,-0.07484,0.64894,0.82468,78.726,4.0,1299.0
4.488713263000463,2.85156,-5.28652,-1.30996,0.30304,0.47017,0.9072,3.33223,1.80157,-1.3408,0.01298,0.65253,0.91281,78.75,4.0,1299.0
4.493713263000463,2.96504,-5.05049,-1.49921,0.33068,0.47339,0.96783,3.22363,2.01574,-1.25919,0.10041,0.64201,1.05197,78.75,4.0,1369.563
4.498713263000463,3.07853,-4.81447,-1.68847,0.35832,0.47661,1.02846,3.01499,2.24892,-1.2203,0.1877,0.62618,1.21032,78.75,4.0,1396.0
4.503713263000463,3.19201,-4.57844,-1.87773,0.38596,0.47983,1.08908,2.80635,2.48211,-1.18142,0.27499,0.61036,1.36866,78.814,4.0,1396.0
4.5087132630004625,3.1256,-4.57288,-1.98539,0.45189,0.43651,1.24278,2.59771,2.7153,-1.14254,0.36228,0.59453,1.52701,78.838,4.0,2884.796
4.513713263000462,2.99148,-4.65407,-2.06234,0.53223,0.37567,1.43151,2.38907,2.94849,-1.10366,0.44958,0.57871,1.68535,78.838,4.0,3445.0
4.518713263000463,2.85735,-4.73527,-2.13929,0.61257,0.31483,1.62024,2.18043,3.18167,-1.06478,0.53687,0.56288,1.8437,78.838,4.0,3445.0
4.523713263000463,2.72322,-4.81646,-2.21624,0.69291,0.25399,1.80897,1.97179,3.41486,-1.02589,0.62416,0.54706,2.00204,78.901,2.567,3445.0
4.528713263000463,2.5891,-4.89766,-2.29319,0.77325,0.19315,1.9977,1.95418,3.47596,-1.02144,0.69658,0.53565,2.1284,78.926,2.0,3940.83
4.533713263000463,2.45497,-4.97885,-2.37014,0.85359,0.13231,2.18643,2.01361,3.46765,-1.03087,0.763,0.52602,2.24186,78.926,2.0,4131.0
4.538713263000463,2.66634,-4.96879,-2.48851,0.92001,0.07451,2.32321,2.07305,3.45934,-1.0403,0.82942,0.51639,2.35533,78.99,3.455,4131.0
4.543713263000463,3.00816,-4.92426,-2.62251,0.98118,0.01786,2.44036,2.13248,3.45103,-1.04973,0.89584,0.50676,2.46879,79.078,4.0,4131.0
4.5487132630004625,3.34997,-4.87974,-2.7565,1.04234,-0.03879,2.55752,2.19191,3.44272,-1.05916,0.96226,0.49713,2.58225,79.102,4.0,5362.269
4.553713263000462,3.69178,-4.83521,-2.8905,1.10351,-0.09544,2.67467,2.25134,3.43441,-1.06859,1.02869,0.4875,2.69571,79.102,4.0,5825.0
4.558713263000463,4.08067,-4.78426,-2.91727,1.16468,-0.15209,2.79183,2.31078,3.4261,-1.07802,1.09511,0.47787,2.80918,79.166,2.544,5825.0
4.563713263000463,4.48719,-4.7309,-2.90385,1.22585,-0.20874,2.90899,2.37021,3.41779,-1.08745,1.16153,0.46824,2.92264,79.189,2.0,5825.0
4.568713263000463,4.89371,-4.67753,-2.89044,1.28701,-0.26539,3.02614,2.42964,3.40948,-1.09688,1.22795,0.45861,3.0361,79.253,2.0,6956.293
4.573713263000463,5.30024,-4.62417,-2.87703,1.34818,-0.32204,3.1433,2.74675,3.40274,-1.09314,1.25481,0.44947,3.12374,79.277,2.0,7381.0
4.578713263000463,5.70676,-4.57081,-2.86362,1.40935,-0.37869,3.26045,3.16057,3.39659,-1.08445,1.26682,0.44053,3.20168,79.34,4.154,7381.0
4.583713263000463,6.11328,-4.51745,-2.85021,1.42338,-0.3949,3.35183,3.57439,3.39044,-1.07576,1.27884,0.43158,3.27962,79.365,5.0,7381.0
4.588713263000463,6.5198,-4.46408,-2.8368,1.41857,-0.39493,3.43289,3.98821,3.38428,-1.06707,1.29085,0.42263,3.35756,79.429,5.0,9180.082
4.5937132630004625,6.92632,-4.41072,-2.82339,1.41376,-0.39496,3.51396,4.40203,3.37813,-1.05838,1.30287,0.41368,3.4355,79.453,5.0,9853.0
4.598713263000462,7.37495,-4.32258,-2.83898,1.40895,-0.39499,3.59503,4.72419,3.48988,-1.14194,1.31488,0.40474,3.51345,79.517,2.821,9853.0
4.603713263000463,7.83943,-4.22136,-2.86548,1.40413,-0.39502,3.67609,5.01186,3.64598,-1.2602,1.32689,0.39579,3.59139,79.541,2.0,9853.0
4.608713263000463,8.3039,-4.12014,-2.89197,1.39932,-0.39505,3.75716,5.29953,3.80209,-1.37846,1.33891,0.38684,3.66933,79.541,2.0,10342.957
4.613713263000463,8.76838,-4.01892,-2.91847,1.39451,-0.39508,3.83822,5.5872,3.95819,-1.49672,1.35092,0.37789,3.74727,79.605,2.0,10528.0
4.618713263000463,9.23285,-3.9177,-2.94496,1.3897,-0.39511,3.91929,5.87488,4.11429,-1.61498,1.29915,0.37011,3.83381,79.629,4.908,10528.0
4.623713263000463,9.69733,-3.81648,-2.97146,1.34133,-0.3762,4.00016,6.16255,4.27039,-1.73324,1.22336,0.36275,3.92359,79.629,6.0,10528.0
4.628713263000463,10.1618,-3.71526,-2.99795,1.27661,-0.35019,4.08096,6.45022,4.4265,-1.85151,1.14756,0.3554,4.01337,79.692,6.0,11358.542
4.6337132630004625,10.54296,-3.82582,-3.02008,1.21189,-0.32417,4.16176,6.75975,4.56517,-2.00213,1.07176,0.34805,4.10315,79.717,6.0,11679.0
4.638713263000462,10.89161,-4.01902,-3.04051,1.14717,-0.29816,4.24256,7.07781,4.69704,-2.16538,0.99597,0.34069,4.19293,79.717,3.091,11679.0
4.643713263000463,11.24027,-4.21222,-3.06093,1.08245,-0.27214,4.32336,7.39588,4.82892,-2.32863,0.92017,0.33334,4.28271,79.781,2.0,11679.0
4.648713263000463,11.58892,-4.40542,-3.08135,1.01774,-0.24613,4.40416,7.71394,4.96079,-2.49189,0.84438,0.32599,4.37249,79.805,2.0,11855.745
4.653713263000463,11.93757,-4.59862,-3.10178,0.95302,-0.22012,4.48496,7.9255,4.81873,-2.54322,0.80694,0.31521,4.43,79.805,2.0,11922.0
4.658713263000463,12.28622,-4.79182,-3.1222,0.8883,-0.1941,4.56576,8.09717,4.57406,-2.55264,0.78387,0.30316,4.47542,79.805,2.722,11922.0
4.663713263000463,12.63838,-4.82342,-3.22995,0.84122,-0.18365,4.61267,8.26884,4.3294,-2.56206,0.76081,0.2911,4.52085,79.869,3.0,11922.0
4.668713263000463,12.99184,-4.79444,-3.37045,0.80076,-0.17904,4.64687,8.44052,4.08473,-2.57148,0.73774,0.27905,4.56627,79.893,3.0,11923.455
4.6737132630004625,13.34531,-4.76546,-3.51094,0.7603,-0.17444,4.68107,8.61219,3.84007,-2.5809,0.71467,0.267,4.6117,79.893,3.0,11924.0
4.678713263000462,13.69877,-4.73648,-3.65143,0.71984,-0.16983,4.71527,8.78386,3.5954,-2.59031,0.69161,0.25494,4.65712,79.829,3.0,11924.0
4.683713263000463,14.05224,-4.7075,-3.79193,0.67938,-0.16522,4.74947,8.95553,3.35074,-2.59973,0.66854,0.24289,4.70255,79.869,4.454,11924.0
4.688713263000463,14.4057,-4.67852,-3.93242,0.63892,-0.16061,4.78367,9.1272,3.10607,-2.60915,0.64547,0.23083,4.74797,79.829,5.0,11924.0
4.693713263000463,14.77426,-4.417,-4.1247,0.58846,-0.15989,4.77119,9.42324,3.0611,-2.69354,0.61172,0.20412,4.74659,79.805,5.0,11060.892
4.698713263000463,15.14853,-4.06748,-4.33659,0.53422,-0.16065,4.74104,9.76635,3.09171,-2.80631,0.57392,0.17185,4.72751,79.805,4.274,10734.0
4.703713263000463,15.5228,-3.71795,-4.54847,0.47998,-0.16141,4.71088,10.10945,3.12231,-2.91907,0.53612,0.13959,4.70842,79.805,4.0,10734.0
4.708713263000463,15.89706,-3.36843,-4.76035,0.42573,-0.16216,4.68073,10.45256,3.15292,-3.03183,0.49832,0.10732,4.68933,79.741,4.0,9521.549
4.713713263000463,16.27133,-3.01891,-4.97224,0.37149,-0.16292,4.65058,10.75057,3.3696,-3.19229,0.46051,0.07505,4.67025,79.717,4.0,9065.0
4.7187132630004625,16.6456,-2.66939,-5.18412,0.31724,-0.16368,4.62043,11.0316,3.65641,-3.37072,0.42271,0.04279,4.65116,79.717,2.546,9065.0
4.723713263000462,17.02117,-2.35866,-5.15701,0.263,-0.16444,4.59028,11.31263,3.94321,-3.54914,0.38491,0.01052,4.63207,79.717,2.0,8212.584
4.728713263000463,17.39723,-2.0625,-5.04018,0.20876,-0.16519,4.56012,11.59366,4.23001,-3.72757,0.34711,-0.02175,4.61299,79.717,2.0,7893.0
4.733713263000463,17.77329,-1.76634,-4.92334,0.15451,-0.16595,4.52997,11.87468,4.51682,-3.906,0.30931,-0.05401,4.5939,79.717,4.896,7893.0
4.738713263000463,18.14935,-1.47018,-4.80651,0.10027,-0.16671,4.49982,12.15571,4.80362,-4.08442,0.13737,-0.0819,4.51618,79.653,6.0,7893.0
4.743713263000463,18.52541,-1.17402,-4.68968,-0.05199,-0.1287,4.41802,12.43674,5.09043,-4.26285,-0.086,-0.10812,4.41598,79.629,6.0,7216.745
4.748713263000463,18.90147,-0.87786,-4.57284,-0.24094,-0.07618,4.31688,12.64211,5.1384,-4.26356,-0.30937,-0.13433,4.31579,79.629,6.0,6962.0
4.753713263000463,19.27753,-0.5817,-4.45601,-0.4299,-0.02366,4.21575,12.81891,5.09618,-4.19715,-0.53273,-0.16054,4.21559,79.629,4.55,6962.0
4.7587132630004625,19.45544,-0.3436,-4.17479,-0.61885,0.02885,4.11462,12.99571,5.05397,-4.13075,-0.7561,-0.18675,4.11539,79.629,4.0,6962.0
4.763713263000462,19.55907,-0.12728,-3.83194,-0.8078,0.08137,4.01348,13.17251,5.01175,-4.06435,-0.83118,-0.19212,4.01007,79.629,4.0,6895.176
4.768713263000463,19.6627,0.08905,-3.48908,-0.86683,0.10815,3.9023,13.34932,4.96954,-3.99794,-0.8502,-0.18961,3.9028,79.629,4.0,6870.0
4.773713263000463,19.76632,0.30538,-3.14623,-0.87697,0.12524,3.78733,13.52612,4.92732,-3.93154,-0.86922,-0.1871,3.79553,79.565,2.547,6870.0
4.778713263000463,19.86995,0.5217,-2.80338,-0.88712,0.14234,3.67236,13.70292,4.88511,-3.86514,-0.88824,-0.18459,3.68827,79.541,2.0,6870.0
4.783713263000463,19.97358,0.73803,-2.46053,-0.89727,0.15943,3.5574,13.87972,4.84289,-3.79873,-0.90726,-0.18208,3.581,79.541,2.0,6898.368
4.788713263000463,20.07721,0.95436,-2.11768,-0.90741,0.17652,3.44243,13.81344,4.53884,-3.61316,-0.92628,-0.17957,3.47373,79.541,2.0,6909.0
4.793713263000463,19.80415,1.40635,-1.91999,-0.91756,0.19362,3.32746,13.65614,4.13675,-3.38296,-0.9453,-0.17706,3.36646,79.541,3.452,6983.764
4.7987132630004625,19.38876,1.94739,-1.77715,-0.9277,0.21071,3.21249,13.49884,3.73466,-3.15277,-0.96432,-0.17455,3.2592,79.541,4.0,7012.0
4.803713263000462,18.97337,2.48843,-1.6343,-0.93785,0.22781,3.09752,13.34154,3.33257,-2.92257,-0.98333,-0.17204,3.15193,79.477,2.548,7012.0
4.808713263000462,18.55797,3.02947,-1.49146,-0.948,0.2449,2.98256,13.18424,2.93048,-2.69238,-1.00235,-0.16953,3.04466,79.453,2.0,7012.0
4.813713263000463,18.14258,3.57051,-1.34862,-0.95814,0.26199,2.86759,13.02694,2.52839,-2.46218,-1.02137,-0.16702,2.9374,79.389,2.0,7405.589
4.818713263000463,17.72719,4.11155,-1.20578,-0.96829,0.27909,2.75262,12.75129,2.28301,-2.10025,-0.95517,-0.1819,2.72971,79.365,2.0,7553.0
4.823713263000463,17.56213,4.803,-1.2743,-0.89223,0.23102,2.48709,12.43132,2.09634,-1.68898,-0.85705,-0.2033,2.4844,79.301,2.0,7553.0
4.828713263000463,17.49094,5.55086,-1.42206,-0.78384,0.15851,2.16511,12.11135,1.90966,-1.27771,-0.75892,-0.2247,2.23909,79.277,2.726,7553.0
4.833713263000463,17.41974,6.29871,-1.56982,-0.67546,0.08601,1.84312,11.79138,1.72299,-0.86644,-0.6608,-0.2461,1.99378,79.213,3.0,8684.588
4.838713263000463,17.34855,7.04656,-1.71758,-0.56707,0.0135,1.52114,12.16258,1.49616,-0.54375,-0.56268,-0.2675,1.74847,79.126,3.0,9108.0
4.8437132630004625,17.27736,7.79442,-1.86534,-0.45868,-0.059,1.19915,12.79201,1.25433,-0.25417,-0.46455,-0.28889,1.50316,79.102,5.179,9108.0
4.848713263000462,17.20616,8.54227,-2.0131,-0.3503,-0.1315,0.87717,13.42145,1.01249,0.03542,-0.36643,-0.31029,1.25785,78.974,6.0,9108.0
4.853713263000463,17.13497,9.29012,-2.16087,-0.24191,-0.20401,0.55519,14.05089,0.77066,0.32501,-0.2683,-0.33169,1.01254,78.862,6.0,12616.108
4.858713263000463,17.85897,10.12065,-1.41172,-0.10106,-0.25233,0.2549,14.68033,0.52883,0.61459,-0.07894,-0.31844,0.69444,78.838,6.0,13938.0
4.863713263000463,18.88266,10.98233,-0.32453,0.05204,-0.29154,-0.03721,15.30977,0.28699,0.90418,0.1448,-0.29213,0.34891,78.774,6.0,13938.0
4.868713263000463,19.90635,11.84401,0.76265,0.20513,-0.33075,-0.32931,15.93921,0.04516,1.19376,0.36854,-0.26582,0.00338,78.622,6.0,13938.0
4.873713263000463,20.93005,12.70569,1.84984,0.35823,-0.36997,-0.62142,15.63836,-0.30479,1.0482,0.59229,-0.23951,-0.34216,78.446,6.0,19446.435
4.878713263000463,20.11802,10.97742,2.00276,0.51132,-0.40918,-0.91353,14.98784,-0.69539,0.73908,0.81603,-0.2132,-0.68769,78.398,6.0,21516.0
4.8837132630004625,18.61642,8.27625,1.80474,0.66441,-0.44839,-1.20563,14.33732,-1.08598,0.42996,1.03977,-0.1869,-1.03322,78.335,5.275,21516.0
4.888713263000462,17.11482,5.57508,1.60671,0.81751,-0.4876,-1.49774,13.6868,-1.47657,0.12084,1.26352,-0.16059,-1.37875,78.247,5.0,21516.0
4.893713263000463,15.61322,2.87391,1.40868,0.9706,-0.52681,-1.78985,13.03628,-1.86717,-0.18828,1.48726,-0.13428,-1.72429,78.095,5.0,23579.416
4.898713263000463,14.11162,0.17274,1.21066,1.12369,-0.56602,-2.08195,12.38576,-2.25776,-0.49741,1.42953,-0.12251,-1.82326,77.983,5.0,24355.0
4.903713263000463,12.61002,-2.52843,1.01263,1.03912,-0.49405,-2.17311,11.73523,-2.64836,-0.80653,1.26616,-0.11619,-1.82969,77.895,2.82,24355.0
4.908713263000463,11.10842,-5.2296,0.81461,0.86515,-0.38026,-2.18868,11.08471,-3.03895,-1.11565,1.1028,-0.10988,-1.83613,77.743,2.0,24355.0
4.913713263000463,9.60682,-7.93078,0.61658,0.69118,-0.26647,-2.20426,10.29265,-2.62498,-1.04676,0.93943,-0.10357,-1.84256,77.631,2.0,25151.059
4.918713263000463,9.11955,-8.23148,0.68648,0.51722,-0.15269,-2.21983,9.4476,-1.90981,-0.83636,0.77606,-0.09725,-1.849,77.48,2.0,25449.0
4.9237132630004625,9.01188,-7.63383,0.85664,0.34325,-0.0389,-2.23541,8.60255,-1.19464,-0.62595,0.6127,-0.09094,-1.85543,77.368,2.0,25449.0
4.928713263000462,8.9042,-7.03619,1.02681,0.16929,0.07489,-2.25099,7.7575,-0.47947,-0.41555,0.44933,-0.08462,-1.86187,77.28,2.0,25449.0
4.933713263000462,8.79653,-6.43855,1.19697,-0.00468,0.18867,-2.26656,7.57172,-0.30361,-0.33606,0.34194,-0.09042,-1.84181,77.128,2.0,25764.648
4.938713263000463,8.68885,-5.84091,1.36714,-0.06727,0.21013,-2.22195,7.63409,-0.33075,-0.30584,0.25563,-0.10077,-1.81179,77.08,2.0,25883.0
4.943713263000463,8.58118,-5.24327,1.5373,-0.08817,0.19701,-2.15481,7.69646,-0.35788,-0.27563,0.16932,-0.11112,-1.78176,77.016,2.0,25883.0
4.948713263000463,8.4735,-4.64563,1.70746,-0.10907,0.18389,-2.08766,7.75884,-0.38501,-0.24541,0.08301,-0.12147,-1.75174,76.928,2.0,25883.0
4.953713263000463,8.66805,-4.85755,1.24642,-0.12997,0.17077,-2.02052,7.82121,-0.41214,-0.2152,-0.0033,-0.13182,-1.72172,76.968,2.0,25995.742
4.958713263000463,8.97679,-5.37536,0.54688,-0.15087,0.15765,-1.95338,7.88358,-0.43928,-0.18498,-0.08961,-0.14218,-1.69169,77.056,1.273,26038.0
4.963713263000463,9.28553,-5.89318,-0.15266,-0.17177,0.14453,-1.88623,7.94595,-0.46641,-0.15477,-0.17593,-0.15253,-1.66167,77.144,1.0,26038.0
4.9687132630004625,9.59427,-6.41099,-0.8522,-0.19267,0.13141,-1.81909,8.00832,-0.49354,-0.12455,-0.26224,-0.16288,-1.63164,77.296,1.0,25913.627
4.973713263000462,9.90301,-6.9288,-1.55174,-0.21357,0.11829,-1.75195,8.17994,0.27478,-0.45817,-0.34604,-0.14752,-1.52117,77.408,1.0,25867.0
4.978713263000463,10.21175,-7.44661,-2.25127,-0.23447,0.10517,-1.6848,8.39256,1.34151,-0.92828,-0.42889,-0.12253,-1.38051,77.496,540.893,25867.0
4.983713263000463,10.25459,-7.35258,-2.44504,-0.25589,0.09037,-1.56821,8.60517,2.40823,-1.39839,-0.51174,-0.09753,-1.23986,77.583,744.0,25867.0
4.988713263000463,10.19744,-7.02847,-2.4486,-0.27752,0.07494,-1.43302,8.81779,3.47496,-1.8685,-0.59459,-0.07253,-1.0992,77.671,744.0,25974.454
4.993713263000463,10.14029,-6.70435,-2.45217,-0.29914,0.0595,-1.29783,9.0304,4.54169,-2.33861,-0.67745,-0.04753,-0.95854,77.759,744.0,26015.0
4.998713263000463,10.08313,-6.38024,-2.45573,-0.32077,0.04407,-1.16264,9.24302,5.60842,-2.80872,-0.7603,-0.02253,-0.81788,77.847,744.0,26015.0
5.003713263000463,10.02598,-6.05612,-2.4593,-0.34239,0.02864,-1.02745,9.45563,6.67515,-3.27882,-0.84315,0.00247,-0.67723,77.935,2449.332,26015.0
5.0087132630004625,9.8403,-6.01625,-2.43643,-0.36401,0.01321,-0.89226,9.66825,7.74188,-3.74893,-0.92601,0.02746,-0.53657,78.023,3094.0,26020.804
5.013713263000462,9.60592,-6.08406,-2.40354,-0.38564,-0.00223,-0.75707,9.64455,5.92051,-3.63162,-0.88148,0.0202,-0.53754,78.175,3094.0,26023.0
5.018713263000462,9.37155,-6.15188,-2.37065,-0.40726,-0.01766,-0.62188,9.53148,3.00689,-3.29214,-0.78879,0.00072,-0.59206,78.35,3094.0,26023.0
5.023713263000463,9.13717,-6.21969,-2.33777,-0.42889,-0.03309,-0.48668,9.41841,0.09328,-2.95267,-0.6961,-0.01875,-0.64659,78.462,4276.46,26023.0
5.028713263000463,8.9028,-6.2875,-2.30488,-0.45051,-0.04853,-0.35149,9.30535,-2.82034,-2.61319,-0.60341,-0.03822,-0.70111,78.55,4720.0,26023.0
5.033713263000463,8.66843,-6.35532,-2.27199,-0.39642,-0.02672,-0.34395,9.19228,-5.73395,-2.27372,-0.51072,-0.05769,-0.75564,78.638,4720.0,25914.663
5.038713263000463,8.43405,-6.42313,-2.23911,-0.31385,0.00909,-0.38441,9.15337,-5.80104,-2.0193,-0.41802,-0.07716,-0.81016,78.79,4720.0,25874.0
5.043713263000463,8.19968,-6.49094,-2.20622,-0.23127,0.0449,-0.42488,9.14226,-4.80064,-1.79678,-0.32533,-0.09663,-0.86469,78.902,5978.233,25874.0
5.0487132630004625,7.9653,-6.55875,-2.17333,-0.1487,0.08072,-0.46535,9.13115,-3.80023,-1.57426,-0.23264,-0.1161,-0.91921,79.054,6451.0,25874.0
5.053713263000462,8.0247,-6.42122,-2.08181,-0.13264,0.07956,-0.45214,9.12005,-2.79982,-1.35174,-0.13995,-0.13557,-0.97374,79.165,6451.0,25768.593
5.058713263000462,8.19402,-6.20686,-1.96835,-0.14146,0.06457,-0.41884,9.10894,-1.79941,-1.12922,-0.13659,-0.14263,-0.94415,79.253,6451.0,25729.0
5.063713263000463,8.36333,-5.9925,-1.85489,-0.15028,0.04958,-0.38554,9.09784,-0.79901,-0.90669,-0.16684,-0.14502,-0.88292,79.341,7676.559,25729.0
5.068713263000463,8.53264,-5.77814,-1.74142,-0.1591,0.03459,-0.35224,9.08673,0.2014,-0.68417,-0.19708,-0.1474,-0.8217,79.493,8136.0,25729.0
5.073713263000463,8.70196,-5.56378,-1.62796,-0.16792,0.0196,-0.31894,9.17989,0.53775,-0.84334,-0.22733,-0.14979,-0.76047,79.605,8136.0,25785.737
5.078713263000463,8.78065,-5.47267,-1.63869,-0.17675,0.00461,-0.28564,9.31202,0.62592,-1.14515,-0.25758,-0.15218,-0.69924,79.693,8136.0,25807.0
5.083713263000463,8.82536,-5.4278,-1.696,-0.18557,-0.01038,-0.25234,9.44414,0.71408,-1.44697,-0.28783,-0.15457,-0.63801,79.717,8287.255,25807.0
5.088713263000463,8.87007,-5.38293,-1.75332,-0.19439,-0.02537,-0.21904,9.57627,0.80225,-1.74878,-0.31807,-0.15695,-0.57679,79.845,8344.0,25807.0
5.0937132630004625,8.91477,-5.33806,-1.81063,-0.20321,-0.04036,-0.18574,9.70839,0.89041,-2.0506,-0.34832,-0.15934,-0.51556,79.956,8344.0,25720.454
5.098713263000462,8.95948,-5.29319,-1.86795,-0.21203,-0.05535,-0.15244,9.77977,0.71918,-2.14157,-0.32743,-0.15806,-0.50548,80.108,8344.0,25688.0
5.103713263000463,9.00418,-5.24832,-1.92526,-0.20088,-0.05624,-0.13531,9.82837,0.45068,-2.15348,-0.28737,-0.15541,-0.51457,80.284,8626.439,25688.0
5.108713263000463,9.04889,-5.20345,-1.98258,-0.18226,-0.05187,-0.12421,9.87697,0.18217,-2.16539,-0.2473,-0.15276,-0.52366,80.46,8732.0,25688.0
5.113713263000463,9.12209,-5.11458,-2.0005,-0.16363,-0.04749,-0.11312,9.92557,-0.08634,-2.17729,-0.20724,-0.15011,-0.53276,80.571,8732.0,25435.892
5.118713263000463,9.20599,-5.00922,-2.00365,-0.14501,-0.04312,-0.10202,9.97417,-0.35484,-2.1892,-0.16718,-0.14746,-0.54185,80.723,8732.0,25339.0
5.123713263000463,9.28988,-4.90386,-2.0068,-0.12639,-0.03875,-0.09093,10.02277,-0.62335,-2.20111,-0.12711,-0.14481,-0.55095,80.898,8668.611,25339.0
5.128713263000463,9.37377,-4.79849,-2.00994,-0.10777,-0.03437,-0.07983,10.07137,-0.89186,-2.21301,-0.08705,-0.14216,-0.56004,81.075,8644.0,25339.0
5.1337132630004625,9.45767,-4.69313,-2.01309,-0.08915,-0.03,-0.06874,10.10901,-0.8085,-2.35639,-0.06757,-0.13244,-0.57027,81.246,8644.0,25315.947
5.138713263000462,9.54156,-4.58776,-2.01624,-0.07053,-0.02562,-0.05764,10.14254,-0.59291,-2.54918,-0.05583,-0.12005,-0.58091,81.425,8644.0,25306.0
5.143713263000462,9.57961,-4.55187,-2.02391,-0.0524,-0.01495,-0.04829,10.17606,-0.37732,-2.74197,-0.0441,-0.10767,-0.59156,81.602,9198.425,25306.0
5.148713263000463,9.60043,-4.54207,-2.03328,-0.03446,-0.00192,-0.03959,10.20959,-0.16173,-2.93475,-0.03236,-0.09529,-0.60221,81.842,9407.0,25183.143
5.153713263000463,9.62126,-4.53228,-2.04264,-0.01651,0.01111,-0.0309,10.21345,-0.12394,-2.95382,-0.02062,-0.08291,-0.61285,81.978,9632.226,25137.0
5.158713263000463,9.64209,-4.52248,-2.05201,0.00143,0.02415,-0.0222,10.20618,-0.15288,-2.9077,-0.00888,-0.07052,-0.6235,82.194,9717.0,25137.0
5.163713263000463,9.66292,-4.51268,-2.06138,0.01937,0.03718,-0.01351,10.19892,-0.18182,-2.86157,0.00286,-0.05814,-0.63415,82.393,9717.0,24881.035
5.168713263000463,9.68374,-4.50289,-2.07074,0.03731,0.05021,-0.00481,10.19165,-0.21075,-2.81545,0.01459,-0.04576,-0.6448,82.631,9717.0,24785.0
5.1737132630004625,9.67444,-4.5019,-2.04963,0.04226,0.05519,-0.00542,10.18438,-0.23969,-2.76933,0.02633,-0.03337,-0.65544,82.83,9843.747,24785.0
5.178713263000462,9.65334,-4.50437,-2.01657,0.04211,0.05701,-0.00968,10.17711,-0.26863,-2.72321,0.03807,-0.02099,-0.66609,83.071,9896.0,24785.0
5.183713263000462,9.63223,-4.50684,-1.98351,0.04196,0.05884,-0.01394,10.16984,-0.29757,-2.67708,0.04137,-0.01463,-0.68826,83.272,9896.0,25083.236
5.188713263000463,9.61112,-4.50931,-1.95045,0.04181,0.06066,-0.01819,10.16257,-0.3265,-2.63096,0.04151,-0.01053,-0.71472,83.32,9896.0,25195.0
5.193713263000463,9.59001,-4.51178,-1.9174,0.04166,0.06248,-0.02245,10.1553,-0.35544,-2.58484,0.04165,-0.00643,-0.74119,83.704,10064.872,25195.0
5.198713263000463,9.56427,-4.52797,-1.9124,0.04151,0.0643,-0.02671,10.14803,-0.38438,-2.53871,0.04179,-0.00232,-0.76766,84.039,10128.0,25195.0
5.203713263000463,9.53679,-4.5493,-1.9179,0.04137,0.06612,-0.03097,10.14076,-0.41331,-2.49259,0.04193,0.00178,-0.79413,84.238,10128.0,24970.271
5.208713263000463,9.50931,-4.57062,-1.9234,0.04122,0.06795,-0.03523,10.13512,-0.39539,-2.44929,0.03528,0.00748,-0.80743,84.415,10128.0,24883.0
5.213713263000463,9.48183,-4.59194,-1.92889,0.04107,0.06977,-0.03948,10.13012,-0.35903,-2.4071,0.02596,0.01381,-0.81554,84.463,10897.004,24883.0
5.2187132630004625,9.45435,-4.61326,-1.93439,0.04092,0.07159,-0.04374,10.12512,-0.32268,-2.3649,0.01664,0.02014,-0.82366,84.846,11185.0,24883.0
5.223713263000462,9.42687,-4.63458,-1.93989,0.04062,0.07827,-0.05464,10.12012,-0.28633,-2.32271,0.00732,0.02647,-0.83177,85.118,11185.0,25202.879
5.228713263000463,9.3994,-4.6559,-1.94539,0.04027,0.08677,-0.06804,10.11512,-0.24998,-2.28052,-0.002,0.0328,-0.83989,85.358,11185.0,25323.0
5.233713263000463,9.37192,-4.67722,-1.95088,0.03991,0.09528,-0.08143,10.0823,-0.13453,-2.33045,-0.01132,0.03913,-0.848,85.494,11185.727,25323.0
5.238713263000463,9.33872,-4.70366,-1.94113,0.03956,0.10379,-0.09483,10.0391,0.0105,-2.41481,-0.02064,0.04546,-0.85611,85.708,11186.0,25323.0
5.243713263000463,9.30338,-4.73202,-1.92565,0.0392,0.1123,-0.10823,9.99589,0.15552,-2.49918,-0.02996,0.05178,-0.86423,85.909,11186.0,24894.969
5.248713263000463,9.26804,-4.76038,-1.91017,0.03885,0.1208,-0.12162,9.95268,0.30054,-2.58354,-0.03929,0.05811,-0.87234,86.146,11186.0,24733.0
5.253713263000463,9.2327,-4.78874,-1.89469,0.03849,0.12931,-0.13502,9.91615,0.45042,-2.54173,-0.0501,0.05969,-0.86008,86.284,11544.186,24733.0
5.2587132630004625,9.19735,-4.8171,-1.87921,0.03814,0.13782,-0.14842,9.88233,0.60226,-2.44906,-0.06153,0.05934,-0.83961,86.437,11681.0,24733.0
5.263713263000462,9.16201,-4.84546,-1.86373,0.03407,0.1396,-0.15274,9.8485,0.75409,-2.3564,-0.07295,0.059,-0.81913,86.612,11681.0,24966.73
5.268713263000462,9.12667,-4.87382,-1.84825,0.02862,0.13887,-0.15367,9.81467,0.90593,-2.26373,-0.08437,0.05866,-0.79866,86.788,11681.0,25055.0
5.273713263000463,9.09133,-4.90218,-1.83277,0.02317,0.13813,-0.1546,9.78084,1.05776,-2.17106,-0.0958,0.05831,-0.77819,86.962,12418.614,25055.0
5.278713263000463,9.07706,-4.90896,-1.81864,0.01772,0.1374,-0.15553,9.74701,1.2096,-2.07839,-0.10722,0.05797,-0.75771,87.075,12709.0,24845.265
5.283713263000463,9.07126,-4.90707,-1.80505,0.01227,0.13667,-0.15646,9.71318,1.36143,-1.98572,-0.11864,0.05763,-0.73724,87.227,12709.0,24765.0
5.288713263000463,9.06547,-4.90519,-1.79146,0.00681,0.13593,-0.15739,9.71371,1.38345,-1.93025,-0.12121,0.05614,-0.72104,87.403,13051.274,24765.0
5.293713263000463,9.05967,-4.9033,-1.77786,0.00136,0.1352,-0.15832,9.72715,1.35668,-1.88875,-0.12046,0.05422,-0.70644,87.515,13180.0,24765.0
5.2987132630004625,9.05388,-4.90141,-1.76427,-0.00409,0.13447,-0.15926,9.7406,1.3299,-1.84726,-0.1197,0.0523,-0.69185,87.667,13180.0,24765.0
5.303713263000462,9.04808,-4.89952,-1.75068,-0.00954,0.13373,-0.16019,9.75404,1.30313,-1.80577,-0.11894,0.05038,-0.67726,87.779,13180.0,24911.951
5.308713263000462,9.03985,-4.91949,-1.7339,-0.01256,0.13032,-0.1632,9.76748,1.27635,-1.76427,-0.11818,0.04846,-0.66267,87.867,13749.76,24967.0
5.313713263000463,9.03071,-4.94762,-1.71592,-0.01466,0.1259,-0.16699,9.77888,1.28195,-1.76204,-0.11742,0.04654,-0.64807,87.955,13963.0,24967.0
5.318713263000463,9.02157,-4.97575,-1.69794,-0.01676,0.12148,-0.17078,9.78952,1.29966,-1.77449,-0.11666,0.04463,-0.63348,88.106,13963.0,24961.911
5.323713263000463,9.01243,-5.00388,-1.67997,-0.01886,0.11706,-0.17457,9.80016,1.31737,-1.78695,-0.1159,0.04271,-0.61889,88.217,14219.106,24960.0
5.328713263000463,9.00329,-5.03201,-1.66199,-0.02096,0.11264,-0.17836,9.81079,1.33508,-1.79941,-0.11515,0.04079,-0.60429,88.306,14321.0,24960.0
5.333713263000463,9.01525,-5.0188,-1.65438,-0.0231,0.10972,-0.17996,9.82143,1.35279,-1.81187,-0.11439,0.03887,-0.5897,88.394,14321.0,24827.681
5.338713263000463,9.0351,-4.99013,-1.65065,-0.02526,0.10734,-0.18075,9.83206,1.3705,-1.82433,-0.11306,0.03729,-0.57113,88.482,14321.0,24778.0
5.3437132630004625,9.05495,-4.96145,-1.64691,-0.02742,0.10497,-0.18153,9.8427,1.38821,-1.83679,-0.11153,0.03584,-0.55105,88.57,14715.689,24778.0
5.348713263000462,9.0748,-4.93278,-1.64318,-0.02957,0.1026,-0.18232,9.85334,1.40592,-1.84925,-0.11,0.03439,-0.53098,88.594,14864.0,24778.0
5.353713263000462,9.09466,-4.9041,-1.63945,-0.03173,0.10023,-0.18311,9.86783,1.42526,-1.86577,-0.10846,0.03294,-0.51091,88.657,14864.0,24767.154
5.358713263000463,9.11044,-4.89066,-1.64339,-0.03389,0.09786,-0.1839,9.88376,1.44521,-1.88382,-0.10693,0.03149,-0.49084,88.744,14864.0,24763.0
5.363713263000463,9.12465,-4.88311,-1.6503,-0.03604,0.09549,-0.18468,9.8997,1.46515,-1.90187,-0.1054,0.03004,-0.47077,88.833,15167.703,24763.0
5.368713263000463,9.13885,-4.87556,-1.65721,-0.0382,0.09312,-0.18547,9.91563,1.4851,-1.91992,-0.10386,0.02859,-0.45069,88.857,15285.0,24763.0
5.373713263000463,9.15306,-4.86801,-1.66412,-0.04035,0.09075,-0.18626,9.93157,1.50505,-1.93797,-0.10233,0.02714,-0.43062,88.921,15285.0,24644.398
5.378713263000463,9.16727,-4.86045,-1.67103,-0.04251,0.08838,-0.18704,9.95031,1.46036,-1.97221,-0.10265,0.02853,-0.42266,88.945,15285.0,24600.0
5.3837132630004625,9.18148,-4.8529,-1.67794,-0.04517,0.08945,-0.19676,9.9701,1.39144,-2.01251,-0.10366,0.03097,-0.41924,88.945,15631.747,24600.0
5.388713263000462,9.19568,-4.84535,-1.68485,-0.04803,0.09186,-0.20995,9.98989,1.32253,-2.05281,-0.10467,0.03341,-0.41582,89.009,15763.0,24600.0
5.393713263000462,9.20989,-4.8378,-1.69176,-0.05089,0.09427,-0.22315,10.00969,1.25362,-2.09311,-0.10569,0.03586,-0.4124,89.033,15763.0,24483.668
5.398713263000463,9.21688,-4.83137,-1.68987,-0.05375,0.09669,-0.23634,10.02948,1.1847,-2.13341,-0.1067,0.0383,-0.40897,89.033,16142.283,24440.0
5.403713263000463,9.22116,-4.82537,-1.6847,-0.05661,0.0991,-0.24953,10.04927,1.11579,-2.17371,-0.10771,0.04074,-0.40555,89.097,16285.0,24440.0
5.408713263000463,9.22545,-4.81937,-1.67952,-0.05946,0.10151,-0.26273,10.06906,1.04688,-2.21401,-0.10873,0.04319,-0.40213,89.121,16285.0,24095.364
5.413713263000463,9.22974,-4.81336,-1.67434,-0.06232,0.10393,-0.27592,10.08885,0.97796,-2.25431,-0.10974,0.04563,-0.39871,89.121,16285.0,23965.0
5.418713263000463,9.23402,-4.80736,-1.66917,-0.06518,0.10634,-0.28912,10.12059,0.8073,-2.30347,-0.11399,0.0509,-0.41027,89.121,16554.015,23965.0
5.4237132630004625,9.23831,-4.80136,-1.66399,-0.06842,0.1139,-0.31589,10.15686,0.5981,-2.35598,-0.11947,0.05724,-0.4275,89.185,16655.0,23965.0
5.428713263000462,9.2426,-4.79535,-1.65881,-0.07179,0.12339,-0.34774,10.19313,0.3889,-2.40849,-0.12494,0.06358,-0.44473,89.209,16655.0,23965.727
5.433713263000462,9.24689,-4.78935,-1.65364,-0.07517,0.13287,-0.37959,10.22939,0.1797,-2.461,-0.13042,0.06992,-0.46196,89.209,16655.0,23966.0
5.438713263000463,9.25117,-4.78335,-1.64846,-0.07855,0.14236,-0.41144,10.23616,0.08795,-2.44071,-0.13589,0.07626,-0.47919,89.209,17120.27,23966.0
5.443713263000463,9.25546,-4.77735,-1.64328,-0.08193,0.15185,-0.4433,10.23083,0.04439,-2.39056,-0.14137,0.0826,-0.49642,89.209,17298.0,23966.0
5.448713263000463,9.25975,-4.77134,-1.6381,-0.0853,0.16133,-0.47515,10.22549,0.00083,-2.3404,-0.14685,0.08894,-0.51365,89.209,17298.0,23508.167
5.453713263000463,9.26403,-4.76534,-1.63293,-0.08868,0.17082,-0.507,10.22015,-0.04272,-2.29024,-0.15232,0.09528,-0.53088,89.209,17298.0,23336.0
5.458713263000463,9.26832,-4.75934,-1.62775,-0.09206,0.18031,-0.53885,10.21482,-0.08628,-2.24009,-0.1578,0.10162,-0.54812,89.209,17583.661,23336.0
5.463713263000463,9.2676,-4.7487,-1.61499,-0.08914,0.184,-0.57682,10.20948,-0.12984,-2.18993,-0.15722,0.1097,-0.57943,89.209,17692.0,23336.0
5.4687132630004625,9.26497,-4.73629,-1.59934,-0.08383,0.18549,-0.61712,10.20414,-0.1734,-2.13977,-0.15435,0.11844,-0.61609,89.209,17692.0,23313.76
5.473713263000462,9.26234,-4.72389,-1.58369,-0.07851,0.18699,-0.65742,10.20521,-0.1929,-2.14837,-0.15147,0.12719,-0.65276,89.209,17692.0,23305.0
5.478713263000462,9.25971,-4.71149,-1.56805,-0.0732,0.18848,-0.69771,10.20884,-0.20277,-2.18053,-0.1486,0.13593,-0.68942,89.209,18003.976,23305.0
5.483713263000463,9.25708,-4.69908,-1.5524,-0.06789,0.18997,-0.73801,10.21247,-0.21263,-2.21268,-0.14572,0.14467,-0.72608,89.209,18121.0,22796.299
5.488713263000463,9.25445,-4.68668,-1.53675,-0.06258,0.19146,-0.7783,10.2161,-0.22249,-2.24484,-0.14285,0.15342,-0.76275,89.209,18121.0,22605.0
5.493713263000463,9.25182,-4.67428,-1.5211,-0.05727,0.19296,-0.8186,10.21973,-0.23236,-2.27699,-0.13997,0.16216,-0.79941,89.209,18188.553,22605.0
5.498713263000463,9.27201,-4.6482,-1.54849,-0.05272,0.20103,-0.85253,10.22336,-0.24222,-2.30915,-0.1366,0.17254,-0.83451,89.209,18214.0,22605.0
5.503713263000463,9.30081,-4.61695,-1.59212,-0.04846,0.2116,-0.88405,10.227,-0.25209,-2.34131,-0.13303,0.18354,-0.86903,89.145,18214.0,22605.0
5.5087132630004625,9.32962,-4.5857,-1.63576,-0.04421,0.22216,-0.91558,10.22339,-0.21031,-2.40705,-0.12947,0.19454,-0.90354,89.185,18214.0,22366.194
5.513713263000462,9.35843,-4.55446,-1.6794,-0.03995,0.23273,-0.9471,10.21705,-0.14908,-2.48544,-0.12591,0.20554,-0.93805,89.145,18388.345,22277.0
5.518713263000462,9.45526,-4.56382,-1.73395,-0.0357,0.24329,-0.97863,10.21071,-0.08785,-2.56383,-0.12235,0.21653,-0.97256,89.121,18453.0,22277.0
5.523713263000463,9.57728,-4.58821,-1.79254,-0.03144,0.25385,-1.01015,10.20438,-0.02662,-2.64223,-0.11879,0.22753,-1.00708,89.121,18453.0,21592.436
5.528713263000463,9.6993,-4.6126,-1.85113,-0.02719,0.26442,-1.04167,10.19804,0.03461,-2.72062,-0.11522,0.23853,-1.04159,89.121,18453.0,21335.0
5.533713263000463,9.82132,-4.637,-1.90972,-0.02293,0.27498,-1.0732,10.1917,0.09584,-2.79902,-0.11166,0.24953,-1.0761,89.121,18765.175,21335.0
5.538713263000463,9.94333,-4.66139,-1.96831,-0.01868,0.28554,-1.10472,10.31893,0.22146,-2.81044,-0.12895,0.25808,-1.11174,89.121,18882.0,21335.0
5.543713263000463,10.06535,-4.68578,-2.0269,-0.01442,0.29611,-1.13625,10.4961,0.37115,-2.79682,-0.15404,0.26572,-1.14781,89.121,18882.0,20513.136
5.5487132630004625,10.18737,-4.71018,-2.08549,-0.01691,0.31055,-1.17029,10.67327,0.52084,-2.78319,-0.17913,0.27336,-1.18388,89.121,18882.0,20202.0
5.553713263000462,10.30939,-4.73457,-2.14408,-0.02197,0.32646,-1.20528,10.85045,0.67053,-2.76957,-0.20422,0.281,-1.21995,89.057,19066.832,20202.0
5.558713263000462,10.40703,-4.74797,-2.10617,-0.02702,0.34238,-1.24028,11.02762,0.82023,-2.75595,-0.22931,0.28864,-1.25601,89.033,19136.0,20202.0
5.563713263000462,10.49555,-4.75725,-2.03216,-0.03207,0.35829,-1.27527,11.20479,0.96992,-2.74233,-0.2544,0.29628,-1.29208,89.033,19136.0,19619.713
5.568713263000463,10.58407,-4.76653,-1.95816,-0.03713,0.37421,-1.31027,11.38196,1.11961,-2.7287,-0.27949,0.30392,-1.32815,89.033,19136.0,19401.0
5.573713263000463,10.67259,-4.77581,-1.88415,-0.04218,0.39012,-1.34526,11.45473,1.066,-2.70883,-0.27635,0.30928,-1.35543,89.033,19319.089,19401.0
5.578713263000463,10.76111,-4.78509,-1.81015,-0.04724,0.40603,-1.38026,11.48824,0.93592,-2.6866,-0.26259,0.31378,-1.37942,89.033,19388.0,19401.0
5.583713263000463,10.84962,-4.79437,-1.73614,-0.0443,0.41453,-1.41504,11.52174,0.80584,-2.66437,-0.24883,0.31829,-1.4034,88.969,19388.0,18886.234
5.588713263000463,10.93814,-4.80365,-1.66214,-0.03834,0.42022,-1.44975,11.55525,0.67576,-2.64214,-0.23507,0.32279,-1.42739,88.945,19388.0,18693.0
5.5937132630004625,11.02666,-4.81293,-1.58813,-0.03239,0.42592,-1.48445,11.58875,0.54568,-2.61991,-0.22131,0.32729,-1.45137,88.881,20088.898,18693.0
5.598713263000462,11.04334,-4.95773,-1.70147,-0.02644,0.43161,-1.51915,11.65364,0.44457,-2.63952,-0.20755,0.3318,-1.47535,88.857,20352.0,17135.145
5.603713263000462,11.03301,-5.15349,-1.88527,-0.02049,0.4373,-1.55386,11.73034,0.35436,-2.67486,-0.19379,0.3363,-1.49934,88.794,20352.0,16549.0
5.608713263000463,11.02267,-5.34925,-2.06906,-0.01453,0.443,-1.58856,11.80704,0.26415,-2.7102,-0.18003,0.3408,-1.52332,88.77,20352.0,16549.0
5.613713263000463,11.01234,-5.54501,-2.25285,-0.00858,0.44869,-1.62327,11.88373,0.17393,-2.74554,-0.16627,0.3453,-1.54731,88.707,20905.524,16549.0
5.618713263000463,11.002,-5.74077,-2.43664,-0.00263,0.45439,-1.65797,11.96043,0.08372,-2.78088,-0.16088,0.34132,-1.57402,88.618,21131.0,16549.0
5.623713263000463,10.99167,-5.93653,-2.62043,0.00333,0.46008,-1.69267,12.03712,-0.0065,-2.81622,-0.15901,0.33376,-1.60187,88.53,21131.0,15532.197
5.628713263000463,11.12626,-6.00392,-2.63863,-0.00425,0.46839,-1.75956,12.11382,-0.09671,-2.85156,-0.15713,0.32619,-1.62973,88.442,21935.632,15150.0
5.6337132630004625,11.31526,-6.02311,-2.59467,-0.0169,0.47768,-1.83854,12.13884,-0.09433,-2.7614,-0.15526,0.31863,-1.65759,88.418,22236.0,13214.844
5.638713263000462,11.50425,-6.0423,-2.55071,-0.02956,0.48698,-1.91751,12.14462,-0.05747,-2.6245,-0.15339,0.31107,-1.68545,88.354,22236.0,12488.0
5.643713263000462,11.69325,-6.06149,-2.50674,-0.04221,0.49627,-1.99649,12.15039,-0.02061,-2.48759,-0.15152,0.30351,-1.7133,88.266,22280.235,12488.0
5.648713263000463,11.88225,-6.08068,-2.46278,-0.05487,0.50556,-2.07546,12.15616,0.01626,-2.35068,-0.14964,0.29595,-1.74116,88.114,22297.0,12488.0
5.653713263000463,11.99268,-5.89621,-2.37917,-0.08158,0.50618,-2.13816,12.16194,0.05312,-2.21377,-0.14777,0.28839,-1.76902,88.066,22297.0,11042.825
5.658713263000463,12.07385,-5.63591,-2.28081,-0.11353,0.50357,-2.19479,12.16771,0.08998,-2.07687,-0.1459,0.28083,-1.79688,88.003,22297.0,10456.0
5.663713263000463,12.15503,-5.37561,-2.18244,-0.14547,0.50095,-2.25142,12.05471,0.13366,-1.93523,-0.16907,0.25566,-1.83752,87.851,22797.792,10456.0
5.668713263000463,12.2362,-5.11532,-2.08407,-0.17742,0.49834,-2.30806,11.89675,0.17992,-1.7918,-0.20172,0.22383,-1.88301,87.675,22986.0,10456.0
5.6737132630004625,12.24217,-4.98439,-2.03855,-0.20937,0.49572,-2.36469,11.7388,0.22618,-1.64838,-0.23437,0.192,-1.92849,87.563,23125.574,5833.416
5.678713263000462,12.22006,-4.90178,-2.01278,-0.24131,0.49311,-2.42133,11.58085,0.27244,-1.50495,-0.26702,0.16017,-1.97397,87.412,23179.0,4064.0
5.683713263000462,12.19794,-4.81918,-1.987,-0.27326,0.4905,-2.47796,11.4229,0.3187,-1.36152,-0.29967,0.12834,-2.01946,87.299,23179.0,3018.577
5.688713263000462,12.17583,-4.73657,-1.96123,-0.30521,0.48788,-2.53459,11.26495,0.36496,-1.21809,-0.33233,0.09651,-2.06494,87.211,23179.0,2627.0
5.693713263000463,12.15371,-4.65396,-1.93545,-0.33716,0.48527,-2.59123,11.10699,0.41122,-1.07467,-0.36498,0.06468,-2.11042,87.06,23306.289,2627.0
5.698713263000463,12.1316,-4.57136,-1.90968,-0.3691,0.48265,-2.64786,10.9249,0.35496,-1.05005,-0.39269,0.03469,-2.18348,86.948,23354.0,2627.0
5.703713263000463,12.10948,-4.48875,-1.8839,-0.39548,0.48203,-2.70771,10.73375,0.2602,-1.07005,-0.41856,0.0054,-2.26688,86.796,23354.0,1662.971
5.708713263000463,12.08737,-4.40615,-1.85813,-0.41976,0.48214,-2.76877,10.54259,0.16544,-1.09005,-0.44443,-0.02389,-2.35029,86.684,23354.0,1301.0
5.713713263000463,12.06525,-4.32354,-1.83235,-0.44405,0.48226,-2.82983,10.35143,0.07068,-1.11006,-0.47029,-0.05318,-2.4337,86.596,23524.166,1301.0
5.7187132630004625,12.20154,-4.16934,-1.86533,-0.46833,0.48238,-2.89089,10.16027,-0.02408,-1.13006,-0.49616,-0.08247,-2.5171,86.508,23588.0,1301.0
5.723713263000462,12.39721,-3.98831,-1.92035,-0.49262,0.48249,-2.95194,9.96912,-0.11885,-1.15006,-0.52202,-0.11176,-2.60051,86.421,23588.0,1088.928
5.728713263000462,12.59288,-3.80728,-1.97536,-0.5169,0.48261,-3.013,9.77796,-0.21361,-1.17007,-0.54789,-0.14105,-2.68392,86.269,23588.0,1008.0
5.733713263000463,12.78855,-3.62625,-2.03037,-0.54119,0.48273,-3.07406,9.78245,0.25226,-1.28967,-0.57912,-0.14864,-2.72131,86.157,23181.417,1008.0
5.738713263000463,12.98422,-3.44521,-2.08538,-0.56547,0.48284,-3.13512,9.86205,0.93333,-1.4475,-0.61241,-0.14789,-2.74104,86.005,23024.0,1008.0
5.743713263000463,13.17989,-3.26418,-2.14039,-0.58948,0.47946,-3.17411,9.94164,1.61439,-1.60533,-0.6457,-0.14715,-2.76077,85.893,23024.0,636.911
5.748713263000463,13.37556,-3.08315,-2.1954,-0.61338,0.47476,-3.20484,10.02123,2.29546,-1.76316,-0.67899,-0.1464,-2.7805,85.679,23024.0,498.0
5.753713263000463,13.55696,-3.09033,-2.16816,-0.63729,0.47006,-3.23556,10.10083,2.97652,-1.92099,-0.71228,-0.14566,-2.80024,85.542,21577.483,498.0
5.7587132630004625,13.73277,-3.1712,-2.10871,-0.66119,0.46536,-3.26629,10.12399,3.49522,-2.0713,-0.74557,-0.14491,-2.81997,85.39,21025.0,516.184
5.763713263000462,13.90858,-3.25206,-2.04926,-0.6851,0.46066,-3.29702,10.1258,3.95249,-2.21877,-0.77885,-0.14416,-2.8397,85.214,21025.0,523.0
5.768713263000462,14.08438,-3.33293,-1.98981,-0.709,0.45596,-3.32774,10.12761,4.40976,-2.36623,-0.8015,-0.13195,-2.81104,85.038,18572.381,523.0
5.773713263000462,14.26019,-3.41379,-1.93037,-0.7329,0.45126,-3.35847,10.12942,4.86703,-2.5137,-0.82017,-0.11543,-2.76427,84.799,17652.0,523.0
5.778713263000463,14.436,-3.49466,-1.87092,-0.75681,0.44656,-3.38919,10.13123,5.32429,-2.66117,-0.83883,-0.09892,-2.7175,84.663,17652.0,252.012
5.783713263000463,14.10596,-3.6481,-1.78857,-0.76587,0.45462,-3.3518,10.13304,5.78156,-2.80863,-0.85749,-0.08241,-2.67073,84.447,17652.0,151.0
5.788713263000463,13.5882,-3.82846,-1.69773,-0.76942,0.46741,-3.28913,9.78359,5.75314,-2.75357,-0.87616,-0.0659,-2.62397,84.184,13140.693,151.0
5.793713263000463,13.07044,-4.00883,-1.60689,-0.77297,0.4802,-3.22646,9.30063,5.54014,-2.62155,-0.89482,-0.04939,-2.5772,83.984,11428.0,145.202
5.7987132630004625,12.55268,-4.1892,-1.51605,-0.77652,0.49298,-3.16379,8.81767,5.32714,-2.48952,-0.91349,-0.03288,-2.53043,83.745,11428.0,143.0
5.803713263000462,12.03493,-4.36956,-1.42521,-0.78007,0.50577,-3.10111,8.33472,5.11414,-2.3575,-0.93215,-0.01637,-2.48366,83.609,6687.828,143.0
5.808713263000462,11.51717,-4.54993,-1.33437,-0.78362,0.51856,-3.03844,7.85176,4.90114,-2.22547,-0.95082,0.00014,-2.43689,83.33,4840.0,143.0
5.813713263000462,10.59429,-4.71775,-1.23906,-0.76186,0.51874,-2.94679,7.3688,4.68814,-2.09345,-0.96948,0.01666,-2.39013,83.105,4840.0,176.432
5.818713263000463,9.51818,-4.88082,-1.14207,-0.73054,0.51416,-2.84418,6.88585,4.47514,-1.96142,-0.98815,0.03317,-2.34336,82.865,4840.0,189.0
5.823713263000463,8.44206,-5.04388,-1.04509,-0.69921,0.50957,-2.74157,6.30918,4.25351,-1.80038,-0.9552,0.04891,-2.24023,82.538,1335.693,189.0
5.828713263000463,7.36595,-5.20695,-0.9481,-0.66789,0.50498,-2.63896,5.69745,4.02866,-1.62848,-0.90294,0.06437,-2.11601,82.314,2.0,205.655
5.833713263000463,6.28983,-5.37002,-0.85111,-0.63656,0.50039,-2.53635,5.08572,3.8038,-1.45657,-0.85068,0.07983,-1.99179,82.138,2.0,212.0
5.838713263000463,5.57992,-5.84544,-0.74726,-0.60524,0.4958,-2.43374,4.47399,3.57895,-1.28467,-0.79842,0.09529,-1.86757,82.026,4.908,212.0
5.8437132630004625,5.00876,-6.43921,-0.64082,-0.57391,0.49122,-2.33113,3.86226,3.35409,-1.11277,-0.74617,0.11075,-1.74335,81.874,6.0,230.898
5.848713263000462,4.4376,-7.03297,-0.53437,-0.54259,0.48663,-2.22852,3.25053,3.12924,-0.94087,-0.69391,0.12621,-1.61913,81.762,6.0,238.0
5.853713263000462,3.86643,-7.62674,-0.42793,-0.51126,0.48204,-2.12591,2.6388,2.90439,-0.76896,-0.64165,0.14167,-1.49492,81.61,6.0,238.0
5.858713263000463,3.29527,-8.2205,-0.32148,-0.47994,0.47745,-2.0233,2.42588,3.10696,-0.60747,-0.55026,0.16268,-1.32694,81.499,3.824,238.0
5.863713263000463,2.72411,-8.81427,-0.21504,-0.44861,0.47286,-1.92069,2.36164,3.46889,-0.44987,-0.44429,0.18576,-1.14265,81.475,3.0,238.0
5.868713263000463,2.15294,-9.40804,-0.10859,-0.21967,0.33881,-1.51317,2.2974,3.83081,-0.29226,-0.33831,0.20883,-0.95836,81.411,3.0,121.014
5.873713263000463,1.58178,-10.0018,-0.00215,0.08371,0.156,-0.99081,2.23316,4.19273,-0.13465,-0.23234,0.23191,-0.77407,81.323,3.0,77.0
5.878713263000463,1.40477,-9.8281,-0.0643,0.38709,-0.02681,-0.46844,2.16892,4.55465,0.02295,-0.12636,0.25499,-0.58978,81.235,2.275,77.0
5.8837132630004625,1.37599,-9.36575,-0.18986,0.69047,-0.20962,0.05392,2.10755,4.30406,0.04049,-0.02039,0.27807,-0.40549,81.147,2.0,165.068
5.888713263000462,1.34722,-8.9034,-0.31542,0.80766,-0.2797,0.27214,2.04728,3.82095,0.00485,0.08558,0.30114,-0.2212,81.123,2.0,199.0
5.893713263000462,1.31845,-8.44105,-0.44097,0.85271,-0.3061,0.37251,1.98701,3.33783,-0.03078,0.19156,0.32422,-0.03692,81.123,3.455,199.0
5.898713263000462,1.28967,-7.9787,-0.56653,0.89776,-0.3325,0.47287,1.92674,2.85471,-0.06642,0.29753,0.3473,0.14737,81.187,4.0,199.0
5.903713263000463,1.2609,-7.51635,-0.69209,0.9428,-0.35889,0.57323,1.86647,2.3716,-0.10206,0.40351,0.37038,0.33166,81.211,4.0,404.553
5.908713263000463,1.23213,-7.05399,-0.81765,0.98785,-0.38529,0.6736,1.8062,1.88848,-0.13769,0.57725,0.36046,0.53744,81.211,4.0,482.0
5.913713263000463,1.32808,-6.68595,-0.93284,1.0329,-0.41169,0.77396,1.74593,1.40536,-0.17333,0.77662,0.33807,0.75133,81.211,4.0,482.0
5.918713263000463,1.47185,-6.35406,-1.04406,1.07794,-0.43808,0.87433,1.68566,0.92225,-0.20897,0.97598,0.31568,0.96522,81.273,3.291,482.0
5.9237132630004625,1.61561,-6.02217,-1.15528,1.12299,-0.46448,0.97469,1.62539,0.43913,-0.24461,1.17535,0.29329,1.17912,81.299,3.0,798.548
5.928713263000462,1.75938,-5.69027,-1.2665,1.16804,-0.49088,1.07505,1.68174,0.71239,-0.27968,1.23344,0.27846,1.29482,81.299,3.0,920.0
5.933713263000462,1.90314,-5.35838,-1.37772,1.21308,-0.51727,1.17542,1.78167,1.26831,-0.31454,1.23874,0.26644,1.37384,81.299,1.549,920.0
5.938713263000462,2.0469,-5.02649,-1.48894,1.25813,-0.54367,1.27578,1.8816,1.82423,-0.34941,1.24404,0.25443,1.45285,81.363,1.0,920.0
5.943713263000463,2.19067,-4.6946,-1.60016,1.30318,-0.57007,1.37615,1.98153,2.38015,-0.38427,1.24934,0.24242,1.53186,81.387,1.0,1323.437
5.948713263000463,2.49448,-4.48226,-1.68269,1.2962,-0.57683,1.5236,2.08146,2.93606,-0.41913,1.25464,0.23041,1.61087,81.387,1.0,1475.0
5.953713263000463,2.85841,-4.31484,-1.75443,1.26968,-0.57623,1.68875,2.26734,3.18449,-0.53578,1.25993,0.2184,1.68988,81.387,3.187,1475.0
5.958713263000463,3.22235,-4.14742,-1.82617,1.24317,-0.57562,1.85389,2.48546,3.31757,-0.6831,1.26523,0.20639,1.76889,81.387,4.0,1475.0
5.963713263000463,3.58628,-3.98,-1.89792,1.21665,-0.57501,2.01904,2.70359,3.45064,-0.83043,1.27053,0.19437,1.84791,81.45,4.0,2508.538
5.9687132630004625,3.95022,-3.81258,-1.96966,1.19013,-0.5744,2.18419,2.92171,3.58371,-0.97775,1.27583,0.18236,1.92692,81.475,4.0,2910.0
5.973713263000462,4.40014,-3.73861,-1.94816,1.15671,-0.56299,2.29075,3.13983,3.71679,-1.12508,1.28113,0.17035,2.00593,81.475,3.274,2910.0
5.978713263000462,4.88258,-3.69997,-1.89141,1.12068,-0.54749,2.37516,3.35795,3.84986,-1.2724,1.28642,0.15834,2.08494,81.475,3.0,2910.0
5.983713263000462,5.36501,-3.66134,-1.83467,1.08464,-0.53199,2.45957,3.57008,4.10152,-1.33593,1.23411,0.15181,2.21496,81.475,3.0,3527.428
5.988713263000463,5.84744,-3.6227,-1.77792,1.04861,-0.5165,2.54398,3.77994,4.39819,-1.36765,1.15993,0.14737,2.36433,81.475,3.727,3759.0
5.993713263000463,6.32988,-3.58406,-1.72117,1.01258,-0.501,2.62839,3.9898,4.69487,-1.39936,1.08575,0.14292,2.51371,81.538,4.0,3759.0
5.998713263000463,6.67865,-3.54263,-1.69463,0.97654,-0.4855,2.7128,4.19966,4.99154,-1.43108,1.01157,0.13847,2.66308,81.562,4.0,3834.6
6.003713263000463,6.97718,-3.50014,-1.67944,0.94051,-0.47,2.79721,4.40951,5.28821,-1.4628,0.93739,0.13403,2.81246,81.562,4.0,3863.0
6.0087132630004625,7.27571,-3.45766,-1.66425,0.90448,-0.45451,2.88162,4.61937,5.58489,-1.49451,0.86321,0.12958,2.96183,81.626,4.0,3863.0
6.013713263000462,7.57425,-3.41517,-1.64907,0.86844,-0.43901,2.96603,4.8568,5.55815,-1.50759,0.81451,0.12525,3.05969,81.65,4.0,3996.885
6.018713263000462,7.87278,-3.37269,-1.63388,0.83241,-0.42351,3.05044,5.10457,5.40994,-1.51366,0.77539,0.12096,3.13819,81.714,4.0,4047.0
6.023713263000462,8.17131,-3.33021,-1.61869,0.79638,-0.40801,3.13485,5.35235,5.26172,-1.51973,0.73627,0.11668,3.21668,81.738,2.548,4047.0
6.028713263000463,8.46984,-3.28772,-1.6035,0.7604,-0.39137,3.20985,5.60013,5.1135,-1.5258,0.69714,0.11239,3.29518,81.738,2.0,4047.0
6.033713263000463,8.76838,-3.24524,-1.58831,0.72445,-0.37429,3.28132,5.8479,4.96528,-1.53188,0.65802,0.10811,3.37368,81.738,2.0,5004.545
6.038713263000463,9.03469,-3.22977,-1.64834,0.6885,-0.35721,3.3528,6.10406,4.78633,-1.55485,0.61889,0.10382,3.45218,81.738,2.0,5364.0
6.043713263000463,9.28889,-3.22446,-1.73665,0.65255,-0.34013,3.42427,6.36337,4.59582,-1.58417,0.57977,0.09954,3.53068,81.738,3.454,5364.0
6.0487132630004625,9.54309,-3.21916,-1.82496,0.6166,-0.32305,3.49575,6.62268,4.40532,-1.61349,0.57369,0.08783,3.57058,81.802,4.0,5364.0
6.053713263000462,9.79728,-3.21385,-1.91327,0.58064,-0.30597,3.56722,6.88199,4.21482,-1.64282,0.57997,0.07334,3.59606,81.826,4.0,5550.907
6.058713263000462,10.05148,-3.20854,-2.00158,0.54469,-0.28889,3.6387,7.1413,4.02431,-1.67214,0.58625,0.05885,3.62153,81.826,4.0,5622.0
6.063713263000462,10.30568,-3.20323,-2.08989,0.52974,-0.28777,3.667,7.40061,3.83381,-1.70147,0.59253,0.04436,3.64701,81.826,4.0,5622.0
6.068713263000463,10.55988,-3.19792,-2.1782,0.52272,-0.29267,3.679,7.65992,3.6433,-1.73079,0.59881,0.02987,3.67248,81.826,4.0,5622.0
6.073713263000463,10.81408,-3.19261,-2.26651,0.5157,-0.29758,3.69101,7.85523,3.55221,-1.81578,0.60509,0.01538,3.69795,81.826,4.0,5652.525
6.078713263000463,11.10339,-3.23215,-2.45445,0.50867,-0.30248,3.70301,8.02666,3.49819,-1.92153,0.61137,0.00089,3.72343,81.826,3.273,5664.0
6.083713263000463,11.40595,-3.2886,-2.67996,0.50165,-0.30738,3.71502,8.19809,3.44418,-2.02727,0.61765,-0.01359,3.7489,81.826,3.0,5586.967
6.088713263000463,11.70851,-3.34505,-2.90547,0.49463,-0.31229,3.72702,8.36952,3.39017,-2.13302,0.60947,-0.02471,3.76727,81.826,3.0,5558.0
6.0937132630004625,12.01107,-3.40149,-3.13097,0.48761,-0.31719,3.73903,8.54096,3.33615,-2.23877,0.59584,-0.03455,3.78297,81.826,3.0,5558.0
6.098713263000462,12.31363,-3.45794,-3.35648,0.48059,-0.3221,3.75103,8.71239,3.28214,-2.34452,0.58222,-0.04439,3.79867,81.826,3.0,5558.0
6.103713263000462,12.61618,-3.51439,-3.58199,0.47357,-0.327,3.76304,8.88382,3.22812,-2.45026,0.56859,-0.05423,3.81436,81.826,3.0,5558.0
6.108713263000462,12.89261,-3.57405,-3.71596,0.45168,-0.34136,3.7867,9.05525,3.17411,-2.55601,0.55496,-0.06407,3.83006,81.826,3.0,5600.893
6.113713263000463,13.15922,-3.63492,-3.81551,0.4242,-0.35928,3.81474,9.23505,3.29024,-2.69493,0.54133,-0.07392,3.84576,81.826,3.0,5617.0
6.118713263000463,13.42582,-3.69579,-3.91506,0.39672,-0.3772,3.84278,9.418,3.47023,-2.84629,0.52771,-0.08376,3.86146,81.826,3.0,5612.632
6.123713263000463,13.69243,-3.75666,-4.01461,0.36924,-0.39512,3.87082,9.60094,3.65021,-2.99766,0.51408,-0.0936,3.87716,81.826,3.0,5611.0
6.128713263000463,13.95903,-3.81753,-4.11416,0.34176,-0.41304,3.89886,9.78388,3.8302,-3.14903,0.50045,-0.10344,3.89285,81.826,4.456,5611.0
6.1337132630004625,14.22563,-3.8784,-4.21371,0.31428,-0.43096,3.9269,9.96683,4.01019,-3.30039,0.48682,-0.11328,3.90855,81.826,5.0,5611.0
6.138713263000462,14.39715,-3.73249,-4.2747,0.22876,-0.41912,3.92532,10.14977,4.19018,-3.45176,0.4732,-0.12313,3.92425,81.826,5.0,5649.594
6.143713263000462,14.53315,-3.50935,-4.3213,0.12156,-0.39617,3.91267,10.21097,4.29086,-3.58443,0.41427,-0.14349,3.92189,81.826,5.0,5664.0
6.148713263000462,14.66916,-3.28621,-4.3679,0.01436,-0.37321,3.90003,10.22674,4.36194,-3.71013,0.33842,-0.16777,3.9128,81.826,2.088,5664.0
6.153713263000463,14.80516,-3.06308,-4.41449,-0.09284,-0.35025,3.88738,10.24251,4.43303,-3.83582,0.26258,-0.19206,3.90371,81.826,1.0,5664.0
6.158713263000463,14.94117,-2.83994,-4.46109,-0.20004,-0.3273,3.87474,10.25828,4.50411,-3.96152,0.18674,-0.21634,3.89461,81.826,1.0,5422.403
6.163713263000463,15.07717,-2.6168,-4.50768,-0.30724,-0.30434,3.86209,10.27242,4.51248,-3.97914,0.1109,-0.24063,3.88552,81.826,1.0,5332.0
6.168713263000463,15.21317,-2.39367,-4.55428,-0.41444,-0.28139,3.84945,10.28596,4.49735,-3.95628,0.03506,-0.26491,3.87643,81.826,3.183,5332.0
6.1737132630004625,15.22092,-2.31873,-4.36167,-0.49431,-0.25836,3.83578,10.29949,4.48222,-3.93342,-0.04078,-0.2892,3.86734,81.826,4.0,5332.0
6.178713263000462,15.18071,-2.29918,-4.07966,-0.56396,-0.2353,3.82174,10.31302,4.46709,-3.91056,-0.11662,-0.31348,3.85824,81.826,4.0,5122.988
6.183713263000462,15.14051,-2.27964,-3.79764,-0.63361,-0.21225,3.8077,10.32656,4.45196,-3.8877,-0.19246,-0.33777,3.84915,81.826,4.0,5042.0
6.188713263000462,15.10031,-2.2601,-3.51562,-0.70326,-0.18919,3.79365,10.34009,4.43683,-3.86484,-0.35592,-0.37283,3.82209,81.826,3.273,5042.0
6.193713263000462,15.0592,-2.32014,-3.29657,-0.77291,-0.16613,3.77961,10.35363,4.4217,-3.84198,-0.55221,-0.41192,3.78829,81.826,3.0,5042.0
6.198713263000463,15.01775,-2.41001,-3.10112,-0.84256,-0.14308,3.76556,10.36716,4.40658,-3.81912,-0.7485,-0.45101,3.7545,81.826,3.0,5026.723
6.203713263000463,14.9763,-2.49988,-2.90567,-0.91221,-0.12002,3.75152,10.38069,4.39145,-3.79627,-0.94478,-0.4901,3.72071,81.826,3.727,5021.0
6.208713263000463,14.93485,-2.58975,-2.71022,-0.98186,-0.09697,3.73748,10.4786,4.00923,-3.64455,-0.99147,-0.50247,3.67664,81.826,4.0,5021.0
6.213713263000463,14.8934,-2.67962,-2.51478,-1.05151,-0.07391,3.72343,10.60823,3.48898,-3.44438,-0.98189,-0.50479,3.62872,81.826,4.0,5001.364
6.2187132630004625,14.85195,-2.76949,-2.31933,-1.12117,-0.05085,3.70939,10.73786,2.96873,-3.2442,-0.97231,-0.50711,3.5808,81.89,4.0,4994.0
6.223713263000462,14.8105,-2.85935,-2.12388,-1.13072,-0.04904,3.66537,10.86749,2.44848,-3.04403,-0.96273,-0.50943,3.53287,81.914,4.0,4994.0
6.228713263000462,14.76904,-2.94922,-1.92843,-1.11762,-0.05522,3.61006,10.99713,1.92822,-2.84386,-0.95316,-0.51175,3.48495,81.914,4.0,4994.0
6.233713263000462,14.72759,-3.03909,-1.73298,-1.10452,-0.06141,3.55475,11.04066,1.56896,-2.59376,-0.94358,-0.51407,3.43702,81.914,4.0,5084.198
6.238713263000463,14.62312,-3.02374,-1.62183,-1.09142,-0.06759,3.49943,11.05191,1.27006,-2.32494,-0.934,-0.51639,3.3891,81.914,2.544,5118.0
6.243713263000463,14.49503,-2.96897,-1.54225,-1.07832,-0.07378,3.44412,11.06315,0.97117,-2.05612,-0.92443,-0.51871,3.34118,81.914,2.0,5118.0
6.248713263000463,14.36693,-2.91419,-1.46267,-1.06522,-0.07996,3.38881,11.0744,0.67227,-1.7873,-0.91485,-0.52103,3.29325,81.914,2.0,5156.565
6.253713263000463,14.23884,-2.85942,-1.38309,-1.05212,-0.08614,3.33349,11.08564,0.37338,-1.51848,-0.90527,-0.52334,3.24533,81.914,1.272,5171.0
6.2587132630004625,14.11075,-2.80465,-1.30351,-1.03902,-0.09233,3.27818,11.03287,0.25612,-1.40119,-0.86552,-0.53443,3.16377,81.978,1.0,5171.0
6.263713263000462,13.98266,-2.74987,-1.22394,-1.02592,-0.09851,3.22287,10.95616,0.2068,-1.34057,-0.81448,-0.54879,3.06963,81.938,1.0,5171.0
6.268713263000462,13.84803,-2.44658,-1.26544,-0.98127,-0.13904,3.09964,10.87944,0.15747,-1.27996,-0.76345,-0.56315,2.97549,81.978,1.0,5814.746
6.273713263000462,13.71095,-2.05037,-1.35221,-0.92482,-0.19241,2.95103,10.80273,0.10814,-1.21935,-0.71241,-0.57751,2.88135,82.002,1.0,6055.0
6.278713263000463,13.57387,-1.65416,-1.43898,-0.86838,-0.24577,2.80241,10.72601,0.05882,-1.15873,-0.66137,-0.59188,2.78721,82.002,1.0,6400.386
6.283713263000463,13.4368,-1.25795,-1.52576,-0.81194,-0.29914,2.6538,10.64929,0.00949,-1.09812,-0.61033,-0.60624,2.69307,82.002,1.0,6530.0
6.288713263000463,13.29972,-0.86174,-1.61253,-0.75549,-0.35251,2.50518,10.57258,-0.03983,-1.03751,-0.5593,-0.6206,2.59893,82.002,0.272,6530.0
6.293713263000463,13.16264,-0.46553,-1.6993,-0.69905,-0.40587,2.35657,10.49586,-0.08916,-0.97689,-0.50826,-0.63496,2.50479,82.002,0.0,6530.0
6.2987132630004625,13.18005,0.32588,-1.48456,-0.65015,-0.42635,2.20048,10.41915,-0.13848,-0.91628,-0.45722,-0.64932,2.41065,82.002,0.0,6684.186
6.303713263000462,13.25528,1.26518,-1.15699,-0.60407,-0.43452,2.04161,10.42618,-0.12356,-0.92341,-0.39984,-0.63348,2.19856,82.002,0.0,6742.0
6.308713263000462,13.33051,2.20448,-0.82942,-0.558,-0.44269,1.88273,10.46464,-0.08452,-0.95596,-0.34009,-0.60629,1.94221,82.002,1.453,6742.0
6.313713263000462,13.40574,3.14379,-0.50185,-0.51192,-0.45086,1.72386,10.5031,-0.04548,-0.98851,-0.28033,-0.5791,1.68586,82.002,2.0,6725.288
6.318713263000462,13.6913,3.80887,-0.20293,-0.46585,-0.45903,1.56498,10.54156,-0.00645,-1.02107,-0.22057,-0.55192,1.42951,82.066,2.0,6719.0
6.323713263000463,14.05611,4.37065,0.08519,-0.41977,-0.46719,1.40611,10.58002,0.03259,-1.05362,-0.16082,-0.52473,1.17316,82.09,2.725,6719.0
6.328713263000463,14.42091,4.93242,0.37331,-0.37369,-0.47536,1.24723,10.61849,0.07163,-1.08617,-0.10106,-0.49755,0.91681,82.09,3.0,6719.0
6.333713263000463,14.78572,5.49419,0.66144,-0.32762,-0.48353,1.08836,11.00197,-0.06185,-0.92732,0.11618,-0.43032,0.55902,82.09,3.0,6985.187
6.338713263000463,15.15052,6.05597,0.94956,-0.28154,-0.4917,0.92948,11.51549,-0.26035,-0.69633,0.39278,-0.348,0.16301,81.962,3.0,7085.0
6.3437132630004625,15.51533,6.61774,1.23768,-0.23547,-0.49987,0.7706,12.02901,-0.45885,-0.46533,0.66938,-0.26568,-0.233,81.914,3.0,7085.0
6.348713263000462,15.88013,7.17952,1.52581,-0.05063,-0.51102,0.43702,12.54253,-0.65735,-0.23434,0.94598,-0.18336,-0.62901,81.85,3.0,7085.0
6.353713263000462,16.24494,7.74129,1.81393,0.18656,-0.52328,0.03751,13.05605,-0.85584,-0.00335,1.22258,-0.10104,-1.02502,81.762,3.0,13069.674
6.358713263000462,16.24405,6.81898,1.96917,0.42375,-0.53555,-0.362,13.45569,-1.50958,0.12572,1.49918,-0.01872,-1.42103,81.674,3.0,15316.0
6.363713263000463,16.10574,5.33897,2.07448,0.66094,-0.54782,-0.7615,13.81253,-2.3344,0.2165,1.77578,0.0636,-1.81704,81.523,3.726,15316.0
6.368713263000463,15.96743,3.85895,2.17979,0.89813,-0.56008,-1.16101,14.16937,-3.15922,0.30727,1.75674,0.08081,-1.93462,81.347,4.0,20792.7
6.373713263000463,15.82912,2.37893,2.2851,1.13533,-0.57235,-1.56052,14.52621,-3.98403,0.39804,1.62654,0.07354,-1.94753,81.171,4.0,22852.0
6.378713263000463,15.69081,0.89891,2.3904,1.37252,-0.58462,-1.96003,14.88305,-4.80885,0.48882,1.49635,0.06627,-1.96043,81.059,4.0,22852.0
6.3837132630004625,15.5525,-0.5811,2.49571,1.60971,-0.59689,-2.35954,15.23989,-5.63367,0.57959,1.36615,0.059,-1.97334,80.907,5.453,22852.0
6.388713263000462,15.41419,-2.06112,2.60102,1.54123,-0.50158,-2.49232,15.59673,-6.45848,0.67037,1.23595,0.05173,-1.98625,80.731,6.0,24437.29
6.393713263000462,15.27588,-3.54114,2.70633,1.3577,-0.3658,-2.52471,14.55229,-5.85096,0.24896,1.10576,0.04446,-1.99915,80.556,6.0,25030.0
6.398713263000462,14.34296,-4.22305,2.54086,1.17416,-0.23001,-2.5571,12.98525,-4.70926,-0.36345,0.97556,0.03719,-2.01206,80.38,5.272,25030.0
6.403713263000462,13.11284,-4.60645,2.27412,0.99063,-0.09422,-2.58949,11.41821,-3.56755,-0.97587,0.84537,0.02992,-2.02497,80.141,5.0,25254.307
6.408713263000463,11.88272,-4.98986,2.00738,0.8071,0.04157,-2.62188,9.85117,-2.42585,-1.58828,0.71517,0.02265,-2.03787,79.94,5.0,25339.0
6.413713263000463,10.6526,-5.37327,1.74064,0.62357,0.17736,-2.65426,8.28413,-1.28415,-2.2007,0.58498,0.01538,-2.05078,79.701,5.0,25339.0
6.418713263000463,9.42247,-5.75667,1.4739,0.44003,0.31315,-2.68665,7.73463,-0.81827,-2.17842,0.44032,0.01821,-2.02551,79.437,5.0,25339.0
6.4237132630004625,8.19235,-6.14008,1.20716,0.2565,0.44894,-2.71904,7.56538,-0.60494,-1.91896,0.29026,0.02482,-1.98596,79.238,5.0,25759.505
6.428713263000462,7.90757,-6.17363,0.89954,0.10678,0.4781,-2.69358,7.39614,-0.39161,-1.6595,0.1402,0.03144,-1.94642,78.998,3.547,25918.0
6.433713263000462,7.98018,-6.07493,0.57646,-0.03015,0.46696,-2.64624,7.22689,-0.17828,-1.40004,-0.00986,0.03805,-1.90688,78.862,3.0,26102.364
6.438713263000462,8.05279,-5.97622,0.25339,-0.16708,0.45581,-2.59889,7.05765,0.03505,-1.14058,-0.15992,0.04466,-1.86734,78.646,3.0,26172.0
6.443713263000462,8.12541,-5.87752,-0.06968,-0.30401,0.44467,-2.55155,6.8884,0.24838,-0.88112,-0.30998,0.05127,-1.8278,78.51,3.0,26172.0
6.448713263000463,8.19802,-5.77881,-0.39276,-0.44094,0.43352,-2.50421,6.71916,0.46171,-0.62166,-0.46004,0.05789,-1.78825,78.422,2.273,26172.0
6.453713263000463,8.27063,-5.68011,-0.71583,-0.57787,0.42238,-2.45687,6.54991,0.67504,-0.3622,-0.6101,0.0645,-1.74871,78.398,2.0,26172.0
6.458713263000463,8.86465,-6.06453,-1.10596,-0.60128,0.3932,-2.31375,6.93333,0.64875,-0.51556,-0.68256,0.06613,-1.70711,78.462,2.0,26120.396
6.463713263000463,9.65451,-6.63042,-1.52127,-0.58205,0.35725,-2.13465,7.52433,0.53245,-0.82399,-0.72586,0.06589,-1.66475,78.486,2.0,26101.0
6.4687132630004625,10.44437,-7.19631,-1.93658,-0.56282,0.32131,-1.95554,8.11533,0.41615,-1.13241,-0.76916,0.06565,-1.62238,78.742,2.727,26101.0
6.473713263000462,11.23423,-7.7622,-2.3519,-0.54359,0.28536,-1.77644,8.70633,0.29985,-1.44083,-0.81246,0.0654,-1.58001,78.838,3.0,26101.0
6.478713263000462,12.02409,-8.32809,-2.76721,-0.52436,0.24941,-1.59734,9.29733,0.18356,-1.74925,-0.85577,0.06516,-1.53764,79.029,3.0,26111.171
6.483713263000462,11.96533,-8.15569,-2.92204,-0.50513,0.21347,-1.41823,9.36852,0.88667,-2.16722,-0.89907,0.06492,-1.49527,79.165,3.0,26115.0
6.488713263000463,11.5864,-7.70476,-2.97861,-0.48589,0.17752,-1.23913,9.24361,1.89891,-2.62651,-0.94237,0.06468,-1.4529,79.253,940.791,26115.0
6.493713263000463,11.20748,-7.25384,-3.03518,-0.46666,0.14157,-1.06003,9.1187,2.91116,-3.0858,-0.98568,0.06444,-1.41053,79.341,1301.0,26115.0
6.498713263000463,10.82856,-6.80291,-3.09174,-0.44743,0.10563,-0.88092,8.99378,3.92341,-3.5451,-1.02898,0.0642,-1.36816,79.493,1301.0,26178.108
6.503713263000463,10.44963,-6.35198,-3.14831,-0.4282,0.06968,-0.70182,8.86887,4.93566,-4.00439,-1.07228,0.06396,-1.32579,79.605,1301.0,26202.0
6.5087132630004625,10.07071,-5.90105,-3.20487,-0.41516,0.08676,-0.64706,8.74396,5.9479,-4.46368,-1.03543,0.1003,-1.28655,79.757,2441.596,26202.0
6.513713263000462,9.69179,-5.45012,-3.26144,-0.40445,0.12369,-0.63884,8.61905,6.96015,-4.92298,-0.96859,0.15034,-1.24847,79.932,2871.0,26202.0
6.518713263000462,9.47627,-5.39581,-3.24978,-0.39373,0.16062,-0.63062,8.64768,6.00338,-4.83581,-0.90174,0.20038,-1.2104,80.108,2871.0,25931.425
6.523713263000462,9.32205,-5.49031,-3.21253,-0.38301,0.19755,-0.6224,8.73392,4.30786,-4.54363,-0.83489,0.25041,-1.17232,80.284,3854.883,25830.0
6.528713263000462,9.16784,-5.58481,-3.17528,-0.37229,0.23448,-0.61417,8.82016,2.61234,-4.25144,-0.76815,0.24053,-1.13852,80.46,4224.0,25830.0
6.533713263000463,9.01363,-5.6793,-3.13803,-0.36157,0.27141,-0.60595,8.9064,0.91682,-3.95925,-0.70145,0.20817,-1.10633,80.7,4224.0,25547.681
6.538713263000463,8.85942,-5.7738,-3.10078,-0.35085,0.30834,-0.59773,8.99263,-0.7787,-3.66707,-0.63475,0.1758,-1.07414,80.771,4224.0,25442.0
6.543713263000463,8.7052,-5.8683,-3.06353,-0.34013,0.34527,-0.58951,9.07887,-2.47422,-3.37488,-0.56804,0.14344,-1.04195,81.027,5374.251,25442.0
6.5487132630004625,8.55099,-5.9628,-3.02628,-0.31353,0.32769,-0.55017,9.16511,-4.16974,-3.0827,-0.50134,0.11107,-1.00976,81.251,5805.0,25442.0
6.553713263000462,8.39678,-6.05729,-2.98903,-0.28099,0.28965,-0.49917,9.25135,-5.86527,-2.79051,-0.43464,0.07871,-0.97757,81.427,5805.0,25111.974
6.558713263000462,8.43213,-5.99843,-2.81553,-0.24844,0.25162,-0.44816,9.2478,-4.67757,-2.21559,-0.36794,0.04634,-0.94538,81.602,5805.0,24988.0
6.563713263000462,8.5387,-5.88194,-2.59084,-0.21589,0.21358,-0.39715,9.2105,-2.4065,-1.53443,-0.30124,0.01398,-0.91319,81.778,6194.871,24988.0
6.568713263000462,8.64528,-5.76545,-2.36616,-0.18334,0.17555,-0.34615,9.17321,-0.13544,-0.85327,-0.23453,-0.01839,-0.88099,81.954,6341.0,24988.0
6.573713263000463,8.75185,-5.64896,-2.14147,-0.15079,0.13751,-0.29514,9.13592,2.13563,-0.17212,-0.16783,-0.05075,-0.8488,82.13,6341.0,25036.717
6.578713263000463,8.85843,-5.53247,-1.91678,-0.11825,0.09948,-0.24414,9.19553,2.54388,-0.14105,-0.13358,-0.06739,-0.82189,82.37,7733.696,25055.0
6.583713263000463,8.965,-5.41598,-1.6921,-0.0857,0.06144,-0.19313,9.29154,2.25253,-0.35414,-0.1115,-0.07813,-0.79696,82.569,8255.0,25055.0
6.588713263000463,9.04491,-5.35474,-1.67684,-0.0693,0.04229,-0.16308,9.38755,1.96118,-0.56723,-0.08943,-0.08886,-0.77203,82.681,8255.0,25378.216
6.5937132630004625,9.1148,-5.31428,-1.74038,-0.05898,0.03024,-0.14093,9.48355,1.66983,-0.78032,-0.06736,-0.0996,-0.7471,82.897,8255.0,25500.0
6.598713263000462,9.18468,-5.27382,-1.80392,-0.04866,0.01819,-0.11877,9.57956,1.37847,-0.99341,-0.04529,-0.11034,-0.72217,83.096,8255.0,25500.0
6.603713263000462,9.25456,-5.23336,-1.86746,-0.03834,0.00615,-0.09661,9.67557,1.08712,-1.2065,-0.02322,-0.12107,-0.69724,83.336,8811.992,25500.0
6.608713263000462,9.32445,-5.19289,-1.931,-0.02802,-0.0059,-0.07445,9.77158,0.79577,-1.41958,-0.00115,-0.13181,-0.67231,83.536,9022.0,25500.0
6.613713263000463,9.35962,-5.14953,-1.98356,-0.0177,-0.01795,-0.05229,9.86759,0.50442,-1.63267,0.02093,-0.14254,-0.64738,83.712,9022.0,25297.166
6.618713263000463,9.38167,-5.10506,-2.03197,-0.00739,-0.02999,-0.03013,9.9175,0.29854,-1.90069,0.03568,-0.13906,-0.64266,83.888,9022.0,25221.0
6.623713263000463,9.40372,-5.06059,-2.08038,0.00293,-0.04204,-0.00797,9.95015,0.12467,-2.18928,0.04769,-0.13026,-0.64551,84.127,9523.19,25221.0
6.628713263000463,9.42577,-5.01612,-2.12879,0.01325,-0.05409,0.01419,9.9828,-0.0492,-2.47787,0.05971,-0.12146,-0.64837,84.389,9712.0,25221.0
6.6337132630004625,9.44782,-4.97166,-2.17719,0.02519,-0.04918,0.02029,10.01545,-0.22307,-2.76645,0.07172,-0.11266,-0.65122,84.59,9712.0,25271.785
6.638713263000462,9.46987,-4.92719,-2.2256,0.03776,-0.03766,0.02014,10.02958,-0.15791,-2.93534,0.08374,-0.10385,-0.65407,84.703,9712.0,25291.0
6.643713263000462,9.49192,-4.88272,-2.27401,0.05033,-0.02615,0.02,10.03678,-0.00329,-3.05942,0.09575,-0.09505,-0.65692,84.854,10425.366,25291.0
6.648713263000462,9.51397,-4.83825,-2.32242,0.0629,-0.01464,0.01985,10.04398,0.15134,-3.18351,0.10777,-0.08625,-0.65978,85.029,10694.0,25291.0
6.653713263000462,9.53602,-4.79379,-2.37082,0.07548,-0.00313,0.01971,10.05117,0.30596,-3.30759,0.11978,-0.07745,-0.66263,85.205,10694.0,25211.31
6.658713263000463,9.54377,-4.77527,-2.37375,0.07564,0.0057,0.01447,10.05837,0.46058,-3.43167,0.1318,-0.06864,-0.66548,85.381,11549.56,25181.0
6.663713263000463,9.54618,-4.76644,-2.35969,0.07118,0.01352,0.00733,10.06556,0.61521,-3.55576,0.12684,-0.05576,-0.65108,85.557,11875.0,25181.0
6.668713263000463,9.5486,-4.75761,-2.34563,0.06672,0.02134,0.0002,10.07276,0.76983,-3.67984,0.11538,-0.04131,-0.63006,85.668,11875.0,25181.0
6.6737132630004625,9.55101,-4.74878,-2.33157,0.06225,0.02916,-0.00694,10.02859,0.91538,-3.62615,0.10392,-0.02687,-0.60904,85.82,11875.0,25235.153
6.678713263000462,9.55342,-4.73995,-2.31752,0.05779,0.03699,-0.01407,9.9633,1.0572,-3.49935,0.09245,-0.01242,-0.58803,85.933,12320.555,25256.0
6.683713263000462,9.53712,-4.71908,-2.30929,0.05332,0.04481,-0.02121,9.898,1.19901,-3.37256,0.08099,0.00202,-0.56701,86.021,12487.0,25256.0
6.688713263000462,9.51384,-4.69371,-2.30323,0.04886,0.05263,-0.02835,9.83271,1.34083,-3.24576,0.06953,0.01647,-0.546,86.173,12487.0,24850.749
6.693713263000462,9.49056,-4.66835,-2.29718,0.0444,0.06045,-0.03548,9.76741,1.48265,-3.11896,0.05807,0.03092,-0.52498,86.221,12487.0,24699.0
6.698713263000463,9.46727,-4.64298,-2.29112,0.03993,0.06827,-0.04262,9.70212,1.62447,-2.99216,0.04661,0.04536,-0.50396,86.285,12487.0,24699.0
6.703713263000463,9.44399,-4.61761,-2.28506,0.03184,0.06975,-0.05257,9.68149,1.64851,-2.88361,0.02906,0.04965,-0.47893,86.372,12566.218,24699.0
6.708713263000463,9.42071,-4.59225,-2.27901,0.02238,0.06885,-0.06359,9.67762,1.62837,-2.78191,0.00923,0.05013,-0.45239,86.461,12596.0,24699.0
6.713713263000463,9.39743,-4.56688,-2.27295,0.01292,0.06794,-0.0746,9.67375,1.60823,-2.68021,-0.01061,0.0506,-0.42585,86.484,12596.0,24715.755
6.7187132630004625,9.37263,-4.58675,-2.23021,0.00346,0.06704,-0.08561,9.66987,1.5881,-2.57851,-0.03045,0.05108,-0.39932,86.484,13222.454,24722.0
6.723713263000462,9.34727,-4.6235,-2.17377,-0.006,0.06614,-0.09663,9.666,1.56796,-2.47681,-0.05028,0.05156,-0.37278,86.548,13462.0,24722.0
6.728713263000462,9.32191,-4.66025,-2.11733,-0.01546,0.06524,-0.10764,9.66213,1.54782,-2.37511,-0.07012,0.05203,-0.34624,86.572,13462.0,23998.734
6.733713263000462,9.29655,-4.697,-2.06089,-0.02492,0.06433,-0.11865,9.65826,1.52769,-2.2734,-0.08995,0.05251,-0.3197,86.572,13462.0,23725.0
6.738713263000462,9.27119,-4.73375,-2.00445,-0.03438,0.06343,-0.12967,9.66136,1.36022,-2.30257,-0.10226,0.05204,-0.30924,86.572,13387.277,23725.0
6.743713263000463,9.24583,-4.7705,-1.94801,-0.04384,0.06253,-0.14068,9.6671,1.13713,-2.38116,-0.11172,0.05121,-0.30486,86.572,13357.0,23725.0
6.748713263000463,9.22676,-4.7899,-1.96247,-0.05328,0.06679,-0.1556,9.67284,0.91403,-2.45976,-0.12118,0.05038,-0.30047,86.572,13357.0,23785.331
6.753713263000463,9.21007,-4.80274,-2.00371,-0.06271,0.073,-0.17199,9.67857,0.69093,-2.53835,-0.13064,0.04955,-0.29608,86.572,13357.0,23808.0
6.7587132630004625,9.19339,-4.81557,-2.04494,-0.07214,0.07921,-0.18838,9.66677,0.61927,-2.53997,-0.14011,0.04872,-0.2917,86.572,14236.059,23808.0
6.763713263000462,9.1767,-4.82841,-2.08618,-0.08158,0.08543,-0.20477,9.6484,0.60423,-2.51281,-0.14957,0.04789,-0.28731,86.636,14567.0,23808.0
6.768713263000462,9.16001,-4.84125,-2.12741,-0.09101,0.09164,-0.22116,9.63003,0.5892,-2.48566,-0.15903,0.04706,-0.28293,86.66,14567.0,23577.76
6.773713263000462,9.14332,-4.85409,-2.16865,-0.10044,0.09785,-0.23756,9.61166,0.57416,-2.4585,-0.16849,0.04623,-0.27854,86.66,14567.0,23491.0
6.778713263000462,9.12664,-4.86693,-2.20988,-0.10987,0.10406,-0.25395,9.59329,0.55912,-2.43135,-0.17795,0.0454,-0.27416,86.66,14835.963,23491.0
6.783713263000463,9.10661,-4.8648,-2.17791,-0.11139,0.1049,-0.25769,9.57492,0.54408,-2.40419,-0.17905,0.04372,-0.27408,86.66,14937.0,23491.0
6.788713263000463,9.08531,-4.85703,-2.1183,-0.10991,0.10372,-0.25666,9.55656,0.52904,-2.37704,-0.17698,0.04172,-0.27563,86.66,14937.0,23376.539
6.793713263000463,9.06402,-4.84925,-2.05869,-0.10843,0.10253,-0.25562,9.53819,0.514,-2.34988,-0.17491,0.03972,-0.27717,86.66,14937.0,23333.0
6.7987132630004625,9.04273,-4.84148,-1.99907,-0.10695,0.10134,-0.25459,9.53356,0.50848,-2.32475,-0.17284,0.03772,-0.27872,86.66,15064.564,23333.0
6.803713263000462,9.03392,-4.85213,-1.9974,-0.10548,0.10015,-0.25355,9.53423,0.50662,-2.30041,-0.17077,0.03572,-0.28027,86.66,15113.0,23333.0
6.808713263000462,9.02981,-4.86975,-2.0176,-0.104,0.09897,-0.25252,9.5349,0.50476,-2.27606,-0.16871,0.03372,-0.28181,86.724,15113.0,23115.304
6.813713263000462,9.0257,-4.88736,-2.0378,-0.10252,0.09778,-0.25149,9.53557,0.5029,-2.25171,-0.16664,0.03172,-0.28336,86.748,15113.0,23034.0
6.818713263000462,9.02159,-4.90498,-2.058,-0.10104,0.09659,-0.25045,9.53624,0.50104,-2.22737,-0.16457,0.02971,-0.28491,86.748,15759.945,23034.0
6.823713263000463,9.01749,-4.92259,-2.0782,-0.09957,0.09541,-0.24942,9.53691,0.49918,-2.20302,-0.15748,0.02847,-0.28602,86.748,16003.0,23176.972
6.828713263000463,9.01338,-4.94021,-2.09839,-0.09663,0.09372,-0.24893,9.53758,0.49732,-2.17868,-0.1485,0.02751,-0.28696,86.748,16003.0,23231.0
6.833713263000463,9.00927,-4.95782,-2.11859,-0.09314,0.09183,-0.24864,9.53825,0.49546,-2.15433,-0.13952,0.02656,-0.2879,86.812,16377.21,23231.0
6.838713263000463,9.01376,-4.96057,-2.12488,-0.08965,0.08995,-0.24836,9.56976,0.47673,-2.19156,-0.13055,0.0256,-0.28884,86.836,16519.0,23093.647
6.8437132630004625,9.02152,-4.95765,-2.12588,-0.08616,0.08807,-0.24807,9.61302,0.45159,-2.25225,-0.12157,0.02464,-0.28979,86.836,16519.0,23042.0
6.848713263000462,9.02928,-4.95473,-2.12687,-0.08267,0.08619,-0.24779,9.65627,0.42644,-2.31294,-0.11259,0.02368,-0.29073,86.836,16519.0,23042.0
6.853713263000462,9.03704,-4.95181,-2.12787,-0.07918,0.08431,-0.24751,9.69953,0.40129,-2.37363,-0.10362,0.02273,-0.29167,86.836,16714.463,23042.0
6.858713263000462,9.0448,-4.94889,-2.12886,-0.07569,0.08242,-0.24722,9.74279,0.37614,-2.43432,-0.09464,0.02177,-0.29261,86.836,16788.0,23042.0
6.863713263000462,9.05256,-4.94597,-2.12986,-0.07219,0.08054,-0.24694,9.76573,0.35662,-2.45375,-0.0962,0.02252,-0.29899,86.9,16788.0,23288.789
6.868713263000463,9.06033,-4.94305,-2.13085,-0.07445,0.08102,-0.25644,9.78107,0.3392,-2.45774,-0.10171,0.02392,-0.30741,86.924,16788.0,23381.0
6.873713263000463,9.06809,-4.94013,-2.13185,-0.07885,0.08239,-0.2696,9.79641,0.32178,-2.46173,-0.10722,0.02531,-0.31583,86.924,17165.162,23381.0
6.878713263000463,9.07585,-4.93721,-2.13284,-0.08325,0.08376,-0.28276,9.81176,0.30436,-2.46572,-0.11273,0.0267,-0.32424,86.924,17310.0,23381.0
6.8837132630004625,9.10378,-4.91004,-2.12406,-0.08765,0.08512,-0.29592,9.8271,0.28694,-2.46971,-0.11823,0.0281,-0.33266,86.924,17310.0,23084.057
6.888713263000462,9.13927,-4.87377,-2.11162,-0.09206,0.08649,-0.30908,9.84244,0.26952,-2.4737,-0.12374,0.02949,-0.34108,86.924,17310.0,22973.0
6.893713263000462,9.17476,-4.8375,-2.09918,-0.09646,0.08786,-0.32224,9.85778,0.2521,-2.47769,-0.12925,0.03089,-0.34949,86.924,17530.915,22973.0
6.898713263000462,9.21025,-4.80124,-2.08674,-0.10086,0.08922,-0.3354,9.88615,0.16488,-2.50307,-0.1322,0.0345,-0.36617,86.924,17614.0,22973.0
6.903713263000462,9.22422,-4.78547,-2.08781,-0.10294,0.0931,-0.35778,9.91943,0.05138,-2.53649,-0.13418,0.03896,-0.38597,86.924,17614.0,22836.365
6.908713263000463,9.23016,-4.77734,-2.09393,-0.10415,0.09791,-0.3836,9.95271,-0.06213,-2.56992,-0.13617,0.04342,-0.40576,86.924,17614.0,22785.0
6.913713263000463,9.23609,-4.76922,-2.10006,-0.10537,0.10273,-0.40941,9.98599,-0.17563,-2.60335,-0.13815,0.04788,-0.42555,86.924,17942.393,22785.0
6.918713263000463,9.24203,-4.7611,-2.10618,-0.10658,0.10754,-0.43523,10.01927,-0.28914,-2.63678,-0.14013,0.05234,-0.44535,86.924,18069.0,22471.838
6.9237132630004625,9.24796,-4.75297,-2.1123,-0.10779,0.11235,-0.46105,10.02921,-0.31202,-2.64287,-0.14212,0.05679,-0.46514,86.924,18069.0,22353.0
6.928713263000462,9.2539,-4.74485,-2.11842,-0.10901,0.11717,-0.48687,10.03037,-0.30084,-2.63869,-0.1441,0.06125,-0.48493,86.924,18069.0,22353.0
6.933713263000462,9.25984,-4.73673,-2.12454,-0.11022,0.12198,-0.51269,10.03153,-0.28966,-2.63451,-0.14609,0.06571,-0.50473,86.924,18206.501,22353.0
6.938713263000462,9.26577,-4.7286,-2.13066,-0.11144,0.12679,-0.53851,10.03269,-0.27848,-2.63033,-0.14807,0.07017,-0.52452,86.924,18259.0,22353.0
6.943713263000462,9.26671,-4.70209,-2.11122,-0.114,0.12869,-0.56224,10.03385,-0.26729,-2.62615,-0.15006,0.07463,-0.54431,86.924,18259.0,21860.975
6.948713263000462,9.26577,-4.66865,-2.08214,-0.11707,0.12948,-0.58518,10.03501,-0.25611,-2.62197,-0.153,0.07754,-0.57088,86.924,18259.0,21676.0
6.953713263000463,9.26482,-4.6352,-2.05306,-0.12013,0.13027,-0.60812,10.03618,-0.24493,-2.61778,-0.15631,0.07987,-0.59999,86.924,18472.112,21676.0
6.958713263000463,9.26387,-4.60175,-2.02398,-0.1232,0.13107,-0.63106,10.01811,-0.22751,-2.57359,-0.15962,0.0822,-0.62911,86.924,18552.0,21676.0
6.963713263000463,9.26293,-4.56831,-1.99489,-0.12627,0.13186,-0.65399,9.99282,-0.20775,-2.51437,-0.16293,0.08453,-0.65822,86.988,18552.0,21169.66
6.9687132630004625,9.2648,-4.54479,-1.98391,-0.12934,0.13265,-0.67693,9.96754,-0.188,-2.45515,-0.16623,0.08686,-0.68733,86.948,18552.0,20978.0
6.973713263000462,9.26773,-4.52503,-1.97977,-0.1324,0.13345,-0.69987,9.94225,-0.16824,-2.39593,-0.16954,0.08919,-0.71644,86.924,18670.481,20978.0
6.978713263000462,9.27066,-4.50527,-1.97563,-0.13547,0.13424,-0.72281,9.91697,-0.14848,-2.33671,-0.17285,0.09152,-0.74555,86.924,18715.0,20978.0
6.983713263000462,9.2736,-4.48552,-1.9715,-0.13854,0.13503,-0.74575,9.89168,-0.12873,-2.27749,-0.17498,0.09688,-0.76721,86.924,18715.0,20601.942
6.988713263000462,9.27653,-4.46576,-1.96736,-0.13744,0.14076,-0.76851,9.86639,-0.10897,-2.21827,-0.17665,0.10344,-0.78592,86.924,18979.286,20459.0
6.993713263000463,9.27947,-4.446,-1.96323,-0.13477,0.14834,-0.79121,9.85171,-0.05356,-2.28203,-0.17832,0.11001,-0.80463,86.924,19078.0,20459.0
6.998713263000463,9.29723,-4.40225,-2.00674,-0.1321,0.15591,-0.81391,9.84098,0.01517,-2.3917,-0.17998,0.11657,-0.82334,86.924,19078.0,19933.143
7.003713263000463,9.32055,-4.34949,-2.06812,-0.12944,0.16349,-0.83661,9.83026,0.08389,-2.50137,-0.18165,0.12313,-0.84205,86.924,19078.0,19735.0
7.0087132630004625,9.34388,-4.29673,-2.12951,-0.12677,0.17106,-0.85931,9.81953,0.15261,-2.61104,-0.18332,0.1297,-0.86076,86.924,18984.2,19735.0
7.013713263000462,9.3672,-4.24398,-2.19089,-0.12411,0.17864,-0.88201,9.80881,0.22133,-2.72071,-0.18499,0.13626,-0.87946,86.924,18949.0,19735.0
7.018713263000462,9.39053,-4.19122,-2.25228,-0.12144,0.18621,-0.90471,9.79808,0.29005,-2.83039,-0.18665,0.14282,-0.89817,86.924,18949.0,19735.0
7.023713263000462,9.41385,-4.13846,-2.31366,-0.11877,0.19379,-0.92741,9.78735,0.35878,-2.94006,-0.18832,0.14938,-0.91688,86.924,18949.0,19099.565
7.028713263000462,9.43718,-4.08571,-2.37505,-0.11611,0.20136,-0.95011,9.77663,0.4275,-3.04973,-0.18999,0.15595,-0.93559,86.924,18949.0,18862.0
7.033713263000463,9.52998,-4.10444,-2.37388,-0.11487,0.20932,-0.97275,9.85054,0.55009,-3.01109,-0.20074,0.16138,-0.96869,86.924,19350.028,18862.0
7.038713263000463,9.64892,-4.15008,-2.34917,-0.11417,0.21743,-0.99537,9.95629,0.69295,-2.91667,-0.21491,0.16639,-1.00721,86.924,19501.0,18377.294
7.043713263000463,9.76786,-4.19571,-2.32447,-0.11346,0.22554,-1.01798,10.06204,0.83581,-2.82225,-0.22909,0.1714,-1.04573,86.924,19501.0,18187.0
7.0487132630004625,9.8868,-4.24134,-2.29977,-0.11276,0.23364,-1.04059,10.1678,0.97867,-2.72783,-0.24326,0.1764,-1.08425,86.924,19417.485,18187.0
7.053713263000462,10.00573,-4.28697,-2.27506,-0.11205,0.24175,-1.06321,10.23311,1.01484,-2.62453,-0.24599,0.17814,-1.10849,86.924,19386.0,18187.0
7.058713263000462,10.12467,-4.3326,-2.25036,-0.11135,0.24986,-1.08582,10.28316,1.0107,-2.51788,-0.24439,0.17864,-1.12732,86.924,19386.0,18011.436
7.063713263000462,10.24361,-4.37824,-2.22566,-0.11065,0.25796,-1.10843,10.3332,1.00656,-2.41123,-0.2428,0.17914,-1.14616,86.924,19386.0,17946.0
7.068713263000462,10.30676,-4.30626,-2.17733,-0.10916,0.26071,-1.12965,10.38324,1.00243,-2.30458,-0.24121,0.17965,-1.165,86.924,20120.672,17946.0
7.073713263000462,10.34908,-4.19037,-2.12019,-0.10737,0.26146,-1.15034,10.43328,0.99829,-2.19793,-0.23961,0.18015,-1.18383,86.924,20396.0,17946.0
7.078713263000463,10.39139,-4.07448,-2.06305,-0.10559,0.2622,-1.17104,10.47183,1.04956,-2.21828,-0.23802,0.18065,-1.20267,86.924,20396.0,17699.539
7.083713263000463,10.43371,-3.95859,-2.00591,-0.1038,0.26295,-1.19173,10.50602,1.12178,-2.28668,-0.23642,0.18115,-1.22151,86.924,20396.0,17607.0
7.088713263000463,10.47603,-3.84271,-1.94876,-0.10202,0.2637,-1.21243,10.54022,1.19401,-2.35508,-0.23483,0.18165,-1.24035,86.86,20812.56,17607.0
7.0937132630004625,10.52237,-3.82787,-1.97279,-0.10023,0.26444,-1.23312,10.57442,1.26624,-2.42348,-0.23324,0.18215,-1.25918,86.836,20969.0,17607.0
7.098713263000462,10.57022,-3.85118,-2.02745,-0.09845,0.26519,-1.25381,10.60862,1.33847,-2.49189,-0.23164,0.18266,-1.27802,86.836,20969.0,17195.5
7.103713263000462,10.61808,-3.87449,-2.08212,-0.09666,0.26594,-1.27451,10.64281,1.4107,-2.56029,-0.23199,0.18609,-1.29755,86.836,20969.0,17041.0
7.108713263000462,10.66593,-3.8978,-2.13678,-0.09488,0.26668,-1.2952,10.67701,1.48293,-2.62869,-0.23305,0.19062,-1.31734,86.772,20969.0,17041.0
7.113713263000462,10.71379,-3.92111,-2.19145,-0.09309,0.26743,-1.3159,10.71121,1.55516,-2.69709,-0.23412,0.19515,-1.33713,86.748,21669.799,17041.0
7.118713263000463,10.76165,-3.94442,-2.24611,-0.09838,0.28576,-1.368,10.77102,1.47549,-2.75188,-0.23519,0.19969,-1.35692,86.748,21937.0,16320.871
7.123713263000463,10.8095,-3.96773,-2.30078,-0.10636,0.31081,-1.43213,10.84064,1.33769,-2.80147,-0.23626,0.20422,-1.37671,86.684,21937.0,16050.0
7.128713263000463,10.85736,-3.99103,-2.35544,-0.11435,0.33586,-1.49625,10.91026,1.19989,-2.85106,-0.23733,0.20875,-1.3965,86.596,22216.196,16050.0
7.1337132630004625,10.90521,-4.01434,-2.41011,-0.12234,0.36091,-1.56038,10.97988,1.06209,-2.90065,-0.2384,0.21328,-1.41629,86.572,22321.0,16050.0
7.138713263000462,10.9134,-4.1998,-2.4605,-0.11804,0.36316,-1.60695,11.0495,0.92429,-2.95024,-0.23947,0.21781,-1.43608,86.508,22321.0,15224.993
7.143713263000462,10.90673,-4.44602,-2.50929,-0.10913,0.35687,-1.64695,11.11912,0.7865,-2.99983,-0.24053,0.22235,-1.45587,86.484,22321.0,14916.0
7.148713263000462,10.90005,-4.69223,-2.55808,-0.10022,0.35059,-1.68695,11.16971,0.678,-2.93493,-0.22136,0.21995,-1.48585,86.484,22987.15,14916.0
7.153713263000462,10.89338,-4.93845,-2.60688,-0.09132,0.3443,-1.72695,11.21317,0.58046,-2.82717,-0.19461,0.21495,-1.51963,86.421,23238.0,14916.0
7.158713263000462,10.9321,-4.97461,-2.60562,-0.08241,0.33801,-1.76695,11.25663,0.48293,-2.71942,-0.16786,0.20996,-1.55342,86.333,23238.0,12954.789
7.163713263000463,10.988,-4.93126,-2.58541,-0.0735,0.33172,-1.80695,11.30009,0.3854,-2.61167,-0.14111,0.20497,-1.5872,86.245,23118.603,12221.0
7.168713263000463,11.0439,-4.88792,-2.5652,-0.06459,0.32543,-1.84695,11.34355,0.28786,-2.50392,-0.11436,0.19997,-1.62099,86.157,23074.0,12221.0
7.1737132630004625,11.09981,-4.84457,-2.54499,-0.05568,0.31914,-1.88695,11.38701,0.19033,-2.39617,-0.08761,0.19498,-1.65477,86.069,23074.0,10311.915
7.178713263000462,11.15571,-4.80122,-2.52478,-0.06409,0.31871,-1.92437,11.3037,0.28177,-2.38324,-0.0901,0.18929,-1.67977,85.981,23074.0,9574.0
7.183713263000462,11.21161,-4.75787,-2.50458,-0.0792,0.32054,-1.96079,11.17128,0.44642,-2.40704,-0.10393,0.18333,-1.70138,85.894,23525.28,9574.0
7.188713263000462,11.26751,-4.71452,-2.48437,-0.09432,0.32237,-1.9972,11.03886,0.61107,-2.43085,-0.11776,0.17738,-1.72298,85.806,23703.0,9574.0
7.193713263000462,11.32342,-4.67117,-2.46416,-0.10943,0.32421,-2.03362,10.90644,0.77572,-2.45465,-0.13158,0.17142,-1.74458,85.717,23703.0,7920.216
7.198713263000462,11.34885,-4.61797,-2.45801,-0.12455,0.32604,-2.07004,10.77401,0.94037,-2.47845,-0.14541,0.16547,-1.76619,85.629,23703.0,7301.0
7.203713263000463,11.36289,-4.56108,-2.45711,-0.13966,0.32787,-2.10646,10.75309,0.8447,-2.44775,-0.15923,0.15951,-1.78779,85.478,24143.565,7301.0
7.208713263000463,11.37693,-4.50418,-2.45621,-0.15478,0.32971,-2.14288,10.77386,0.65169,-2.39667,-0.17306,0.15355,-1.80939,85.302,24309.0,7301.0
7.213713263000463,11.39097,-4.44729,-2.45532,-0.16989,0.33154,-2.1793,10.79463,0.45868,-2.34559,-0.18688,0.1476,-1.83099,85.254,24309.0,4584.078
7.2187132630004625,11.40501,-4.3904,-2.45442,-0.185,0.33338,-2.21571,10.8154,0.26567,-2.29451,-0.20071,0.14164,-1.8526,85.062,24309.0,3568.0
7.223713263000462,11.41905,-4.3335,-2.45353,-0.20012,0.33521,-2.25213,10.83617,0.07266,-2.24343,-0.21454,0.13569,-1.8742,84.927,24353.838,3568.0
7.228713263000462,11.50967,-4.26701,-2.49842,-0.22981,0.34433,-2.33285,10.85694,-0.12035,-2.19235,-0.23155,0.1095,-1.93334,84.839,24371.0,3568.0
7.233713263000462,11.6299,-4.19682,-2.56101,-0.26515,0.35627,-2.4307,10.87771,-0.31336,-2.14127,-0.2498,0.07548,-2.00699,84.751,24371.0,2415.457
7.238713263000462,11.75013,-4.12662,-2.6236,-0.30048,0.36821,-2.52854,10.78004,-0.29968,-2.05136,-0.26805,0.04147,-2.08064,84.663,6635.82,1983.0
7.243713263000463,11.87036,-4.05642,-2.68619,-0.33581,0.38015,-2.62639,10.63798,-0.20853,-1.94688,-0.2863,0.00746,-2.15429,84.511,3.0,1983.0
7.248713263000463,11.99058,-3.98623,-2.74878,-0.37114,0.39209,-2.72423,10.49592,-0.11738,-1.84241,-0.30455,-0.02655,-2.22795,84.399,3.0,1533.068
7.253713263000463,12.11081,-3.91603,-2.81137,-0.40647,0.40403,-2.82207,10.35386,-0.02623,-1.73793,-0.3228,-0.06056,-2.3016,84.311,17858.048,1364.0
7.2587132630004625,12.35506,-3.7381,-2.7154,-0.42734,0.39417,-2.8892,10.2118,0.06492,-1.63346,-0.34105,-0.09457,-2.37525,84.095,24554.0,1364.0
7.263713263000462,12.6458,-3.5198,-2.55999,-0.44279,0.37613,-2.94482,10.06974,0.15607,-1.52898,-0.35864,-0.11757,-2.43397,83.96,24554.0,1203.28
7.268713263000462,12.93654,-3.30149,-2.40459,-0.45824,0.35809,-3.00044,9.92768,0.24722,-1.42451,-0.37599,-0.13646,-2.48711,83.872,24554.0,1143.0
7.273713263000462,13.22727,-3.08318,-2.24918,-0.47369,0.34006,-3.05605,9.78561,0.33837,-1.32003,-0.39334,-0.15536,-2.54025,83.72,24554.0,1143.0
7.278713263000462,13.51801,-2.86488,-2.09378,-0.48914,0.32202,-3.11167,10.00752,0.61104,-1.34303,-0.41069,-0.17425,-2.59339,83.48,24434.571,1143.0
7.283713263000462,13.76889,-2.81828,-2.0395,-0.50459,0.30399,-3.16729,10.36561,0.95163,-1.41372,-0.42804,-0.19314,-2.64653,83.28,24390.0,676.816
7.288713263000463,14.0049,-2.8357,-2.02293,-0.52004,0.28595,-3.22291,10.7237,1.29222,-1.48441,-0.44539,-0.21203,-2.69967,83.105,23611.043,502.0
7.293713263000463,14.24091,-2.85313,-2.00636,-0.53549,0.26792,-3.27852,11.08179,1.63281,-1.55511,-0.46274,-0.23092,-2.75281,83.057,23318.0,502.0
7.2987132630004625,14.47692,-2.87055,-1.98979,-0.55094,0.24988,-3.33414,11.43987,1.9734,-1.6258,-0.48009,-0.24981,-2.80595,82.736,23318.0,450.997
7.303713263000462,14.71293,-2.88797,-1.97323,-0.56639,0.23185,-3.38976,11.46395,2.4513,-1.83177,-0.4869,-0.2276,-2.81392,82.426,23318.0,432.0
7.308713263000462,14.94894,-2.90539,-1.95666,-0.58184,0.21381,-3.44537,11.36338,2.98044,-2.08823,-0.48979,-0.19005,-2.80503,82.162,22290.754,432.0
7.313713263000462,15.18496,-2.92282,-1.94009,-0.5673,0.2186,-3.46291,11.26281,3.50957,-2.34468,-0.49267,-0.1525,-2.79613,82.026,21905.0,432.0
7.318713263000462,15.42097,-2.94024,-1.92352,-0.5415,0.23194,-3.46616,11.16224,4.03871,-2.60114,-0.49556,-0.11495,-2.78724,81.874,21905.0,393.556
7.323713263000462,15.27064,-3.07998,-1.77943,-0.5157,0.24529,-3.46941,11.06168,4.56785,-2.8576,-0.49844,-0.0774,-2.77835,81.571,18836.514,379.0
7.328713263000463,14.97592,-3.26543,-1.58769,-0.48991,0.25863,-3.47266,10.96111,5.09698,-3.11406,-0.50133,-0.03986,-2.76946,81.283,17683.0,379.0
7.333713263000463,14.68121,-3.45087,-1.39595,-0.46411,0.27198,-3.47591,10.86054,5.62612,-3.37051,-0.50421,-0.00231,-2.76056,81.019,17683.0,338.97
7.338713263000463,14.38649,-3.63632,-1.20421,-0.43831,0.28532,-3.47916,10.33555,5.55429,-3.38372,-0.49153,0.0336,-2.70765,80.82,17683.0,324.0
7.3437132630004625,14.09178,-3.82177,-1.01247,-0.40301,0.30316,-3.43313,9.65205,5.25801,-3.30608,-0.47304,0.06889,-2.6383,80.644,12192.769,324.0
7.348713263000462,13.79707,-4.00722,-0.82073,-0.36403,0.32275,-3.36801,8.96854,4.96172,-3.22843,-0.45454,0.10418,-2.56894,80.404,10105.0,324.0
7.353713263000462,13.50235,-4.19267,-0.62899,-0.32504,0.34233,-3.3029,8.28503,4.66543,-3.15078,-0.43605,0.13947,-2.49958,80.141,10105.0,359.552
7.358713263000462,12.66904,-4.38047,-0.61638,-0.28606,0.36191,-3.23778,7.60153,4.36914,-3.07314,-0.41756,0.17476,-2.43023,79.877,10105.0,373.0
7.363713263000462,11.63122,-4.56915,-0.67178,-0.24707,0.38149,-3.17267,6.92082,4.0434,-2.94731,-0.39906,0.21005,-2.36087,79.613,4488.755,373.0
7.368713263000462,10.5934,-4.75783,-0.72718,-0.20809,0.40107,-3.10755,6.24118,3.70655,-2.80331,-0.38057,0.24533,-2.29152,79.541,2372.0,373.0
7.373713263000463,9.55559,-4.94651,-0.78258,-0.16911,0.42065,-3.04244,5.56154,3.3697,-2.65932,-0.36208,0.28062,-2.22216,79.029,2372.0,517.204
7.378713263000463,8.51777,-5.1352,-0.83799,-0.13012,0.44024,-2.97732,4.88189,3.03285,-2.51533,-0.34358,0.31591,-2.15281,78.71,2372.0,571.0
7.3837132630004625,7.47996,-5.32388,-0.89339,-0.09114,0.45982,-2.91221,4.20225,2.696,-2.37134,-0.32509,0.3512,-2.08345,78.662,814.512,571.0
7.388713263000462,6.54784,-5.73036,-0.82165,0.01128,0.43645,-2.6522,3.52261,2.35915,-2.22734,-0.27376,0.38604,-1.93659,78.535,231.0,571.0
7.393713263000462,5.65518,-6.21813,-0.70246,0.13739,0.39704,-2.31945,2.84296,2.0223,-2.08335,-0.21017,0.4207,-1.76081,78.358,231.0,461.91
7.398713263000462,4.76252,-6.7059,-0.58327,0.26349,0.35764,-1.9867,2.56676,2.52328,-1.92724,-0.14658,0.45536,-1.58502,78.247,64.924,421.0
7.403713263000462,3.86986,-7.19367,-0.46408,0.38959,0.31823,-1.65395,2.43989,3.3344,-1.76665,-0.08298,0.49002,-1.40924,78.16,3.0,421.0
7.408713263000462,2.97719,-7.68144,-0.34488,0.5157,0.27883,-1.32121,2.31303,4.14553,-1.60606,-0.01939,0.52468,-1.23345,78.008,3.0,238.973
7.413713263000463,2.08453,-8.16921,-0.22569,0.6418,0.23942,-0.98846,2.18617,4.95666,-1.44547,0.0442,0.55934,-1.05767,77.895,3.0,169.0
7.418713263000463,1.90964,-8.26189,-0.11862,0.74328,0.22433,-0.77923,2.05931,5.76779,-1.28487,0.10779,0.594,-0.88188,77.871,3.0,169.0
7.4237132630004625,2.00423,-8.20622,-0.0161,0.83552,0.21838,-0.61638,1.93245,6.57892,-1.12428,0.17138,0.62867,-0.7061,77.807,3.0,169.0
7.428713263000462,2.09882,-8.15056,0.08642,0.92776,0.21242,-0.45352,1.95377,6.26994,-1.12447,0.29111,0.67296,-0.51562,77.783,3.0,270.201
7.433713263000462,2.19341,-8.0949,0.18894,1.02,0.20646,-0.29067,2.03055,5.54171,-1.18484,0.43186,0.72087,-0.31966,77.783,3.0,310.0
7.438713263000462,2.33874,-7.6094,0.101,1.11224,0.2005,-0.12782,2.10733,4.81348,-1.24521,0.57261,0.76877,-0.12369,77.783,2.272,310.0
7.443713263000462,2.50306,-6.96296,-0.05826,1.20448,0.19454,0.03503,2.18411,4.08525,-1.30558,0.71336,0.81667,0.07228,77.783,2.0,310.0
7.448713263000462,2.66738,-6.31651,-0.21751,1.29672,0.18858,0.19789,2.26089,3.35702,-1.36595,0.85411,0.86458,0.26825,77.783,2.0,728.704
7.453713263000463,2.8317,-5.67007,-0.37677,1.38896,0.18263,0.36074,2.33767,2.62879,-1.42632,0.99486,0.91248,0.46422,77.783,2.0,884.0
7.458713263000463,2.99602,-5.02363,-0.53603,1.4812,0.17667,0.52359,2.41445,1.90056,-1.48669,1.13561,0.96038,0.66019,77.783,1.273,884.0
7.463713263000463,3.16034,-4.37719,-0.69529,1.57344,0.17071,0.68644,2.47015,2.09995,-1.57049,1.09043,0.96962,0.79308,77.783,1.0,899.263
7.4687132630004625,3.32466,-3.73074,-0.85455,1.51618,0.21338,0.81117,2.51792,2.64874,-1.6631,0.9752,0.9643,0.9022,77.783,1.0,905.0
7.473713263000462,3.48898,-3.0843,-1.01381,1.40276,0.27433,0.92157,2.56569,3.19754,-1.75572,0.85998,0.95898,1.01133,77.847,1.0,905.0
7.478713263000462,3.65331,-2.43786,-1.17306,1.28934,0.33527,1.03197,2.61346,3.74633,-1.84833,0.74475,0.95366,1.12045,77.871,3.185,905.0
7.483713263000462,3.87679,-2.30886,-1.23646,1.17592,0.39622,1.14237,2.66123,4.29512,-1.94094,0.62953,0.94833,1.22958,77.871,4.0,1512.517
7.488713263000462,4.12233,-2.37276,-1.26411,1.0625,0.45716,1.25277,2.70901,4.84392,-2.03356,0.5143,0.94301,1.3387,77.871,4.0,1741.0
7.493713263000462,4.36787,-2.43667,-1.29177,0.94908,0.5181,1.36317,2.75678,5.39271,-2.12617,0.39908,0.93769,1.44783,77.871,3.277,1741.0
7.498713263000463,4.61342,-2.50058,-1.31942,0.83566,0.57905,1.47358,2.88601,5.71962,-2.01823,0.3381,0.92626,1.55349,77.871,3.0,1741.0
7.503713263000463,4.85896,-2.56448,-1.34707,0.72225,0.63999,1.58398,3.04695,5.96015,-1.83222,0.29825,0.91245,1.6578,77.935,3.0,2814.557
7.5087132630004625,5.03106,-2.64256,-1.46253,0.66365,0.64566,1.71346,3.20789,6.20068,-1.6462,0.25839,0.89864,1.76212,77.959,3.0,3217.0
7.513713263000462,5.17594,-2.7259,-1.61053,0.62538,0.63085,1.85002,3.36883,6.44121,-1.46019,0.21853,0.88483,1.86643,77.959,3.0,3217.0
7.518713263000462,5.32082,-2.80923,-1.75852,0.5871,0.61603,1.98657,3.47096,6.31267,-1.3977,0.17867,0.87103,1.97075,78.023,3.0,3838.198
7.523713263000462,5.46571,-2.89256,-1.90652,0.54883,0.60122,2.12313,3.55111,6.04619,-1.38138,0.13882,0.85722,2.07506,78.047,3.0,4070.0
7.528713263000462,5.61059,-2.9759,-2.05452,0.51055,0.5864,2.25968,3.63125,5.7797,-1.36507,0.09896,0.84341,2.17938,78.111,3.0,4070.0
7.533713263000462,5.75547,-3.05923,-2.20251,0.47228,0.57159,2.39624,3.7114,5.51321,-1.34875,0.0591,0.8296,2.28369,78.135,2.271,4070.0
7.538713263000463,5.90035,-3.14256,-2.35051,0.43401,0.55677,2.53279,3.79155,5.24672,-1.33244,0.01924,0.81579,2.38801,78.199,2.0,4070.0
7.543713263000463,6.04524,-3.22589,-2.49851,0.39573,0.54196,2.66935,3.87169,4.98024,-1.31612,-0.02061,0.80198,2.49232,78.223,2.0,4817.728
7.5487132630004625,6.19761,-3.18939,-2.67529,0.41721,0.48076,2.75336,3.95184,4.71375,-1.2998,0.02346,0.75897,2.57052,78.286,2.0,5096.0
7.553713263000462,6.35276,-3.10834,-2.86278,0.46089,0.40233,2.81784,4.03198,4.44726,-1.28349,0.09872,0.7051,2.63902,78.311,2.0,5096.0
7.558713263000462,6.50792,-3.02729,-3.05026,0.50457,0.32391,2.88233,4.26454,4.00479,-1.15588,0.17399,0.65123,2.70752,78.375,2.0,7226.8
7.563713263000462,6.66308,-2.94624,-3.23775,0.54826,0.24548,2.94681,4.55421,3.49637,-0.98658,0.24925,0.59737,2.77601,78.398,2.0,8018.0
7.568713263000462,6.81823,-2.8652,-3.42524,0.59194,0.16705,3.0113,4.84388,2.98796,-0.81727,0.32452,0.5435,2.84451,78.398,3.458,8018.0
7.573713263000462,6.97339,-2.78415,-3.61272,0.63562,0.08862,3.07578,5.13354,2.47955,-0.64797,0.39979,0.48963,2.913,78.462,4.0,8018.0
7.578713263000462,7.12855,-2.7031,-3.80021,0.67931,0.01019,3.14027,5.42321,1.97114,-0.47866,0.47505,0.43576,2.9815,78.486,4.0,8692.376
7.583713263000463,7.53614,-2.81541,-3.90546,0.72246,-0.05522,3.18484,5.62195,1.91203,-0.49985,0.55218,0.38897,3.03507,78.486,4.0,8943.0
7.588713263000463,8.03737,-2.99944,-3.9802,0.76541,-0.11579,3.22202,5.78696,2.01959,-0.59169,0.63,0.3448,3.08311,78.55,1.815,8943.0
7.5937132630004625,8.5386,-3.18347,-4.05495,0.80837,-0.17636,3.25921,5.95197,2.12715,-0.68354,0.70783,0.30063,3.13115,78.574,1.0,8943.0
7.598713263000462,9.03983,-3.3675,-4.12969,0.85132,-0.23693,3.29639,6.11698,2.23471,-0.77538,0.78565,0.25646,3.17919,78.574,3.186,10020.578
7.603713263000462,9.28502,-3.42003,-4.18867,0.89427,-0.29751,3.33358,6.282,2.34227,-0.86722,0.86347,0.2123,3.22722,78.638,4.0,10422.0
7.608713263000462,9.43497,-3.42365,-4.24178,0.93723,-0.35808,3.37076,6.44701,2.44982,-0.95907,0.94129,0.16813,3.27526,78.662,4.0,10456.189
7.613713263000462,9.58493,-3.42727,-4.29488,0.98018,-0.41865,3.40795,6.61202,2.55738,-1.05091,1.01911,0.12396,3.3233,78.662,4.0,10469.0
7.618713263000462,9.73488,-3.43089,-4.34799,1.02314,-0.47922,3.44513,6.77703,2.66494,-1.14275,1.09693,0.07979,3.37133,78.662,4.728,10469.0
7.623713263000463,9.88483,-3.43451,-4.4011,1.06609,-0.53979,3.48232,6.98349,2.79668,-1.33268,1.12709,0.05314,3.41873,78.662,5.0,10469.0
7.628713263000463,10.03479,-3.43814,-4.45421,1.07634,-0.57464,3.53448,7.20544,2.93745,-1.55929,1.13943,0.03305,3.46589,78.726,5.0,10774.034
7.6337132630004625,10.18474,-3.44176,-4.50731,1.07433,-0.59985,3.59226,7.4274,3.07823,-1.7859,1.15176,0.01296,3.51305,78.75,5.0,10890.0
7.638713263000462,10.33469,-3.44538,-4.56042,1.07233,-0.62506,3.65004,7.64936,3.21901,-2.01251,1.16409,-0.00714,3.56021,78.75,4.271,10890.0
7.643713263000462,10.55217,-3.52006,-4.52674,1.07032,-0.65027,3.70781,7.87132,3.35978,-2.23912,1.17642,-0.02723,3.60737,78.75,4.0,10890.0
7.648713263000462,10.79478,-3.62118,-4.46076,1.06832,-0.67548,3.76559,8.00877,3.42758,-2.36361,1.18876,-0.04732,3.65453,78.75,4.0,10839.885
7.653713263000462,11.03739,-3.72229,-4.39478,1.06631,-0.70069,3.82336,8.11461,3.46808,-2.44989,1.20109,-0.06741,3.70169,78.814,4.0,10821.0
7.658713263000462,11.28,-3.82341,-4.3288,1.06431,-0.7259,3.88114,8.22045,3.50857,-2.53617,1.21342,-0.08751,3.74885,78.838,4.0,10821.0
7.663713263000463,11.52261,-3.92453,-4.26282,1.02921,-0.71428,3.91878,8.32628,3.54907,-2.62245,1.22575,-0.1076,3.79601,78.838,4.0,10821.0
7.668713263000463,11.76521,-4.02565,-4.19684,0.98183,-0.68899,3.94896,8.43212,3.58956,-2.70873,1.17589,-0.11506,3.86048,78.838,4.0,10657.231
7.6737132630004625,12.00782,-4.12677,-4.13086,0.93446,-0.66371,3.97914,8.53796,3.63006,-2.79501,1.10263,-0.11777,3.93147,78.838,4.0,10596.0
7.678713263000462,12.31795,-4.10984,-4.01874,0.88709,-0.63842,4.00932,8.6438,3.67056,-2.88129,1.02937,-0.12048,4.00246,78.838,4.73,10596.0
7.683713263000462,12.65305,-4.04927,-3.88955,0.83972,-0.61314,4.0395,8.74963,3.71105,-2.96757,0.95611,-0.12319,4.07344,78.838,5.0,10596.0
7.688713263000462,12.98815,-3.98869,-3.76036,0.79234,-0.58786,4.06967,8.85547,3.75155,-3.05385,0.88285,-0.1259,4.14443,78.838,5.0,9813.279
7.693713263000462,13.32325,-3.92811,-3.63118,0.74497,-0.56257,4.09985,9.1266,3.82367,-3.12933,0.80921,-0.11904,4.17756,78.774,5.0,9507.0
7.698713263000462,13.65835,-3.86753,-3.50199,0.6976,-0.53729,4.13003,9.46343,3.90837,-3.20053,0.73542,-0.10838,4.19565,78.75,3.544,9507.0
7.703713263000462,13.99346,-3.80696,-3.3728,0.65022,-0.512,4.16021,9.80026,3.99307,-3.27173,0.66162,-0.09772,4.21373,78.75,3.0,9507.0
7.708713263000463,14.31931,-3.72568,-3.23938,0.56851,-0.46104,4.18777,10.13709,4.07777,-3.34293,0.58783,-0.08706,4.23182,78.75,3.0,8909.839
7.713713263000463,14.64171,-3.63665,-3.10436,0.47394,-0.40046,4.21436,10.38019,4.19606,-3.41701,0.51403,-0.0764,4.24991,78.75,3.0,8686.0
7.7187132630004625,14.96411,-3.54761,-2.96935,0.37936,-0.33989,4.24095,10.58814,4.32694,-3.49218,0.44024,-0.06574,4.26799,78.75,4.454,8686.0
7.723713263000462,15.28651,-3.45858,-2.83434,0.28478,-0.27931,4.26753,10.7961,4.45782,-3.56734,0.36645,-0.05508,4.28608,78.75,5.0,8686.0
7.728713263000462,15.6089,-3.36954,-2.69933,0.19021,-0.21873,4.29412,11.00405,4.5887,-3.64251,0.29265,-0.04442,4.30416,78.75,5.0,8686.0
7.733713263000462,15.9313,-3.28051,-2.56432,0.09563,-0.15815,4.32071,11.21201,4.71958,-3.71768,0.21886,-0.03376,4.32225,78.75,5.0,8474.509
7.738713263000462,16.37662,-3.21,-2.46154,0.03436,-0.12249,4.31884,11.41996,4.85046,-3.79284,0.14506,-0.0231,4.34034,78.75,3.544,8396.0
7.743713263000462,16.86761,-3.14636,-2.37075,-0.01455,-0.0961,4.30641,11.58457,4.7898,-3.79114,0.06315,-0.01312,4.33281,78.75,3.0,8396.0
7.748713263000463,17.35859,-3.08273,-2.27995,-0.06346,-0.0697,4.29398,11.73294,4.65742,-3.76065,-0.0218,-0.00341,4.31569,78.75,3.0,8519.132
7.753713263000463,17.84957,-3.01909,-2.18915,-0.11237,-0.0433,4.28154,11.88132,4.52505,-3.73016,-0.10675,0.00631,4.29858,78.75,3.0,8565.0
7.7587132630004625,17.91812,-2.78145,-2.28422,-0.16127,-0.01691,4.26911,12.02969,4.39268,-3.69968,-0.1917,0.01602,4.28146,78.75,4.458,8565.0
7.763713263000462,17.82957,-2.47911,-2.44842,-0.21018,0.00949,4.25668,12.17807,4.26031,-3.66919,-0.27666,0.02574,4.26435,78.75,5.0,8570.086
7.768713263000462,17.74101,-2.17676,-2.61261,-0.25909,0.03589,4.24425,12.32645,4.12794,-3.6387,-0.36161,0.03545,4.24723,78.75,5.0,8572.0
7.773713263000462,17.65245,-1.87442,-2.7768,-0.308,0.06229,4.23181,12.47482,3.99557,-3.60822,-0.44656,0.04517,4.23012,78.75,5.0,8572.0
7.778713263000462,17.5639,-1.57207,-2.94099,-0.3569,0.08868,4.21938,12.6232,3.8632,-3.57773,-0.53151,0.05488,4.213,78.75,5.0,8572.0
7.783713263000462,17.47534,-1.26973,-3.10519,-0.40581,0.11508,4.20695,12.50222,3.43476,-3.27559,-0.56137,0.01934,4.13405,78.75,5.0,8572.0
7.788713263000463,17.38679,-0.96738,-3.26938,-0.44922,0.10091,4.11417,12.28057,2.89568,-2.87191,-0.57065,-0.03311,4.03198,78.75,5.0,8736.768
7.793713263000463,17.29823,-0.66504,-3.43357,-0.49056,0.07157,3.99133,12.05893,2.35659,-2.46824,-0.57992,-0.08556,3.92992,78.75,5.0,8798.0
7.7987132630004625,17.20968,-0.36269,-3.59776,-0.53191,0.04222,3.86849,11.83728,1.81751,-2.06457,-0.5892,-0.13801,3.82786,78.75,5.0,8798.0
7.803713263000462,17.04161,0.08139,-3.6129,-0.57325,0.01288,3.74565,11.69508,1.66033,-1.8941,-0.59847,-0.19046,3.72579,78.75,5.0,8798.0
7.808713263000462,16.84376,0.57855,-3.57222,-0.6146,-0.01647,3.62281,11.58262,1.64616,-1.81095,-0.60774,-0.24292,3.62373,78.75,5.0,8973.132
7.813713263000462,16.64592,1.07571,-3.53154,-0.65594,-0.04581,3.49998,11.47016,1.63199,-1.72779,-0.61702,-0.29537,3.52166,78.75,5.0,9038.0
7.818713263000462,16.44807,1.57286,-3.49087,-0.69729,-0.07516,3.37714,11.3577,1.61782,-1.64464,-0.62629,-0.34782,3.4196,78.75,7.185,9038.0
7.823713263000462,16.25022,2.07002,-3.45019,-0.73864,-0.1045,3.2543,11.24524,1.60365,-1.56149,-0.63557,-0.40027,3.31754,78.75,8.0,9038.0
7.828713263000462,16.05238,2.56718,-3.40951,-0.71317,-0.13058,3.0518,11.13278,1.58948,-1.47834,-0.5909,-0.40707,3.02019,78.814,8.0,9339.221
7.833713263000463,15.85453,3.06433,-3.36883,-0.66272,-0.15544,2.81949,11.02032,1.57531,-1.39519,-0.52605,-0.39679,2.64978,78.838,8.0,9451.0
7.838713263000463,15.65669,3.56149,-3.32816,-0.61226,-0.1803,2.58717,10.90786,1.56114,-1.31203,-0.4612,-0.38652,2.27937,78.838,5.087,9451.0
7.8437132630004625,15.80303,4.58954,-2.75734,-0.5618,-0.20517,2.35486,11.15385,1.47991,-1.26145,-0.39635,-0.37624,1.90896,78.838,4.0,10338.065
7.848713263000462,16.0782,5.81629,-1.98809,-0.51134,-0.23003,2.12255,11.534,1.37359,-1.22305,-0.3315,-0.36596,1.53855,78.838,4.0,10668.0
7.853713263000462,16.35337,7.04303,-1.21884,-0.46088,-0.25489,1.89024,11.91416,1.26726,-1.18465,-0.2531,-0.33979,1.20641,78.838,3.274,10668.0
7.858713263000462,16.62853,8.26978,-0.4496,-0.41042,-0.27975,1.65793,12.29431,1.16093,-1.14626,-0.16951,-0.30752,0.88898,78.774,3.0,10668.0
7.863713263000462,16.9037,9.49653,0.31965,-0.35996,-0.30461,1.42562,12.67447,1.0546,-1.10786,-0.08592,-0.27525,0.57154,78.686,3.0,12582.253
7.868713263000462,17.70302,10.33263,0.70695,-0.2776,-0.27034,0.97835,13.05462,0.94827,-1.06946,-0.00233,-0.24297,0.25411,78.598,3.0,13292.0
7.873713263000463,18.69625,11.0242,0.95296,-0.18344,-0.21419,0.45154,13.54372,0.89951,-0.97357,0.08127,-0.2107,-0.06332,78.51,5.185,13292.0
7.878713263000463,19.68949,11.71578,1.19896,-0.08928,-0.15804,-0.07526,14.07314,0.87207,-0.8564,0.16486,-0.17843,-0.38076,78.486,6.0,19794.018
7.8837132630004625,20.68272,12.40735,1.44496,0.00488,-0.10188,-0.60206,14.60256,0.84463,-0.73923,0.24845,-0.14616,-0.69819,78.423,6.0,22230.0
7.888713263000462,21.67595,13.09892,1.69097,0.09904,-0.04573,-1.12887,15.13197,0.81718,-0.62206,0.33204,-0.11388,-1.01562,78.398,3.826,22230.0
7.893713263000462,22.66919,13.79049,1.93697,0.19321,0.01042,-1.65567,15.66139,0.78974,-0.50489,0.41564,-0.08161,-1.33306,78.272,3.0,22230.0
7.898713263000462,23.66242,14.48207,2.18297,0.28737,0.06657,-2.18247,16.19081,0.7623,-0.38772,0.49923,-0.04934,-1.65049,78.159,3.0,23639.876
7.903713263000462,21.89191,11.18511,1.81158,0.2525,0.13493,-2.32025,16.72023,0.73486,-0.27055,0.58282,-0.01707,-1.96793,78.071,3.0,24170.0
7.908713263000462,19.10096,6.41548,1.21224,0.16998,0.2078,-2.31438,16.25072,0.53057,-0.48262,0.50186,-0.0034,-2.01676,77.919,4.456,24170.0
7.913713263000462,16.31001,1.64586,0.6129,0.08747,0.28066,-2.30852,15.41209,0.26095,-0.81635,0.36009,0.00339,-1.96636,77.807,5.0,24933.736
7.918713263000463,13.51906,-3.12376,0.01356,0.00496,0.35353,-2.30265,14.57346,-0.00867,-1.15008,0.21832,0.01019,-1.91595,77.591,5.0,25219.0
7.9237132630004625,10.72811,-7.89338,-0.58578,-0.07755,0.4264,-2.29679,13.73484,-0.2783,-1.48381,0.07656,0.01698,-1.86554,77.455,5.0,25219.0
7.928713263000462,9.61747,-8.92672,-0.9004,-0.16006,0.49927,-2.29092,12.89621,-0.54792,-1.81754,-0.06521,0.02377,-1.81513,77.304,2.085,25219.0
7.933713263000462,9.12941,-8.57571,-1.10953,-0.24257,0.57213,-2.28506,12.05758,-0.81754,-2.15127,-0.20698,0.03057,-1.76473,77.128,1.0,25219.0
7.938713263000462,8.64135,-8.2247,-1.31865,-0.32508,0.645,-2.27919,11.21896,-1.08717,-2.485,-0.34875,0.03736,-1.71432,77.016,1.0,25620.11
7.943713263000462,8.15329,-7.87369,-1.52778,-0.4076,0.71787,-2.27333,10.27018,-1.69925,-2.31889,-0.36549,0.02778,-1.701,76.928,3.918,25769.0
7.948713263000462,7.66523,-7.52268,-1.7369,-0.41228,0.68229,-2.22451,9.28063,-2.43809,-1.96778,-0.33596,0.01215,-1.70142,76.904,5.0,25769.0
7.953713263000462,7.17717,-7.17167,-1.94602,-0.38807,0.60647,-2.15974,8.29108,-3.17693,-1.61667,-0.30643,-0.00349,-1.70183,76.84,5.0,25967.386
7.958713263000463,6.68911,-6.82066,-2.15515,-0.36387,0.53064,-2.09498,7.30153,-3.91577,-1.26556,-0.2769,-0.01913,-1.70224,76.816,5.0,26041.0
7.963713263000463,6.84557,-6.71717,-2.15683,-0.33967,0.45482,-2.03022,7.17422,-3.60137,-1.07464,-0.24737,-0.03477,-1.70266,76.816,3.544,26041.0
7.9687132630004625,7.24099,-6.70545,-2.08161,-0.31547,0.379,-1.96545,7.36658,-2.89649,-0.94312,-0.21783,-0.0504,-1.70307,76.816,3.0,26041.0
7.973713263000462,7.63641,-6.69372,-2.00638,-0.29127,0.30317,-1.90069,7.55895,-2.19161,-0.8116,-0.1883,-0.06604,-1.70349,76.816,3.0,25892.56
7.978713263000462,8.03183,-6.682,-1.93116,-0.26707,0.22735,-1.83593,7.75131,-1.48673,-0.68008,-0.15877,-0.08168,-1.7039,76.88,3.0,25834.0
7.983713263000462,8.42725,-6.67028,-1.85593,-0.24286,0.15153,-1.77116,7.94367,-0.78185,-0.54856,-0.12924,-0.09732,-1.70431,76.968,3.0,25834.0
7.988713263000462,8.82267,-6.65856,-1.78071,-0.24934,0.1136,-1.639,8.13603,-0.07697,-0.41704,-0.22068,-0.09995,-1.57944,76.992,3.729,25834.0
7.993713263000462,9.21809,-6.64684,-1.70548,-0.26717,0.08968,-1.4819,8.3284,0.62791,-0.28552,-0.35686,-0.09777,-1.40823,77.056,4.0,25834.0
7.998713263000463,9.61351,-6.63512,-1.63026,-0.285,0.06577,-1.32481,8.52076,1.33279,-0.154,-0.49305,-0.09559,-1.23702,77.144,4.0,25965.372
8.003713263000462,9.90015,-6.62778,-1.70132,-0.30283,0.04186,-1.16772,8.65382,2.05687,-0.43024,-0.62923,-0.09342,-1.06581,77.232,4.0,26014.0
8.008713263000462,10.14662,-6.62206,-1.82637,-0.32066,0.01794,-1.01062,8.765,2.78803,-0.857,-0.76541,-0.09124,-0.8946,77.32,4.0,26014.0
8.013713263000461,10.39309,-6.61635,-1.95143,-0.33848,-0.00597,-0.85353,8.87617,3.5192,-1.28375,-0.78054,-0.08433,-0.82965,77.408,4.0,25931.639
8.018713263000462,10.63956,-6.61063,-2.07648,-0.35631,-0.02988,-0.69643,8.98735,4.25036,-1.71051,-0.75042,-0.07566,-0.80443,77.496,4.0,25901.0
8.023713263000463,10.88604,-6.60491,-2.20154,-0.37414,-0.0538,-0.53934,9.09852,4.98153,-2.13727,-0.72029,-0.06699,-0.77921,77.584,4.73,25901.0
8.028713263000462,10.45242,-6.44672,-2.3521,-0.36407,-0.05441,-0.48064,9.2097,5.7127,-2.56402,-0.69017,-0.05832,-0.75399,77.671,5.0,25901.0
8.033713263000463,9.76708,-6.23209,-2.51209,-0.34367,-0.04641,-0.45836,9.32087,6.44386,-2.99078,-0.66004,-0.04965,-0.72877,77.759,5.0,26100.009
8.038713263000462,9.08174,-6.01746,-2.67208,-0.32327,-0.0384,-0.43608,9.30782,5.43902,-3.16042,-0.62992,-0.04097,-0.70355,77.783,1382.071,26174.0
8.043713263000463,8.3964,-5.80283,-2.83208,-0.30287,-0.03039,-0.4138,9.24866,3.78969,-3.23461,-0.59979,-0.0323,-0.67833,77.911,1893.0,26174.0
8.048713263000462,8.2479,-5.71817,-2.81105,-0.28247,-0.02239,-0.39152,9.1895,2.14037,-3.3088,-0.56967,-0.02363,-0.65311,78.023,1893.0,25906.813
8.053713263000462,8.29974,-5.68202,-2.72248,-0.26207,-0.01438,-0.36924,9.13034,0.49104,-3.38299,-0.53954,-0.01496,-0.62789,78.111,1893.0,25807.0
8.058713263000461,8.35159,-5.64586,-2.63391,-0.24168,-0.00637,-0.34696,9.07118,-1.15828,-3.45718,-0.50942,-0.00628,-0.60267,78.199,2488.539,25807.0
8.063713263000462,8.40343,-5.60971,-2.54533,-0.22128,0.00163,-0.32468,9.01202,-2.80761,-3.53136,-0.47929,0.00239,-0.57744,78.287,2709.0,25807.0
8.068713263000463,8.45527,-5.57356,-2.45676,-0.20088,0.00964,-0.3024,9.02303,-2.87289,-3.1833,-0.43975,-0.02273,-0.5477,78.374,2709.0,25873.077
8.073713263000462,8.50712,-5.53741,-2.36819,-0.18997,-0.00316,-0.26682,9.06026,-2.34624,-2.67744,-0.39669,-0.06046,-0.51627,78.462,2709.0,25898.0
8.078713263000463,8.55896,-5.50125,-2.27961,-0.18265,-0.02385,-0.22621,9.09749,-1.81959,-2.17158,-0.35363,-0.0982,-0.48484,78.55,3375.794,25898.0
8.083713263000462,8.61081,-5.4651,-2.19104,-0.17533,-0.04453,-0.1856,9.13472,-1.29294,-1.66572,-0.31057,-0.13594,-0.45341,78.638,3629.0,25898.0
8.088713263000463,8.66265,-5.42895,-2.10246,-0.16801,-0.06522,-0.14499,9.17195,-0.76629,-1.15986,-0.26751,-0.17368,-0.42198,78.726,3629.0,25527.55
8.093713263000462,8.7145,-5.3928,-2.01389,-0.16069,-0.0859,-0.10438,9.20918,-0.23963,-0.654,-0.22444,-0.21142,-0.39055,78.75,3629.0,25389.0
8.098713263000462,8.78254,-5.36025,-1.97553,-0.16012,-0.09469,-0.08703,9.33922,-0.03369,-0.81147,-0.21369,-0.21981,-0.36007,78.814,4316.501,25389.0
8.103713263000463,8.85658,-5.32905,-1.95575,-0.16206,-0.09908,-0.07827,9.50358,0.05358,-1.21437,-0.2149,-0.21735,-0.32995,78.902,4573.0,25389.0
8.108713263000462,8.93062,-5.29784,-1.93597,-0.16399,-0.10347,-0.06952,9.66795,0.14086,-1.61727,-0.2161,-0.21488,-0.29983,78.926,4573.0,25971.172
8.113713263000463,9.00465,-5.26663,-1.91619,-0.16593,-0.10786,-0.06077,9.83232,0.22813,-2.02017,-0.21731,-0.21241,-0.2697,78.99,4573.0,26188.0
8.118713263000462,9.05523,-5.22335,-1.93849,-0.16786,-0.11225,-0.05201,9.89878,0.21311,-2.14996,-0.21851,-0.20995,-0.23958,79.078,4685.003,26188.0
8.123713263000463,9.09708,-5.17559,-1.97642,-0.1698,-0.11664,-0.04326,9.9289,0.16009,-2.17835,-0.21971,-0.20748,-0.20946,79.102,4727.0,26188.0
8.128713263000462,9.13894,-5.12783,-2.01435,-0.17173,-0.12103,-0.03451,9.95901,0.10708,-2.20673,-0.22092,-0.20502,-0.17934,79.166,4727.0,25958.679
8.133713263000462,9.1808,-5.08007,-2.05228,-0.17367,-0.12542,-0.02576,9.98912,0.05407,-2.23512,-0.20443,-0.19884,-0.17479,79.189,4727.0,25873.0
8.138713263000461,9.22266,-5.03231,-2.0902,-0.17561,-0.12981,-0.017,10.01923,0.00106,-2.26351,-0.18138,-0.19129,-0.17972,79.254,4727.0,25873.0
8.143713263000462,9.26452,-4.98455,-2.12813,-0.17754,-0.1342,-0.00825,10.04934,-0.05195,-2.29189,-0.15834,-0.18375,-0.18465,79.277,5303.787,25873.0
8.148713263000463,9.30638,-4.93679,-2.16606,-0.17948,-0.13859,0.0005,10.07945,-0.10496,-2.32028,-0.13529,-0.1762,-0.18958,79.341,5519.0,25873.0
8.153713263000462,9.34824,-4.88902,-2.20399,-0.16689,-0.13278,0.00013,10.10957,-0.15798,-2.34866,-0.11224,-0.16865,-0.19451,79.429,5519.0,26117.813
8.158713263000463,9.3901,-4.84126,-2.24192,-0.14893,-0.12319,-0.00361,10.17059,-0.28556,-2.47849,-0.0892,-0.1611,-0.19944,79.517,5767.275,26210.0
8.163713263000462,9.4338,-4.83154,-2.24574,-0.13098,-0.11361,-0.00735,10.24334,-0.44141,-2.64677,-0.06615,-0.15356,-0.20438,79.541,5861.0,26210.0
8.168713263000463,9.4782,-4.83617,-2.2367,-0.11302,-0.10403,-0.01109,10.31609,-0.59727,-2.81506,-0.0431,-0.14601,-0.20931,79.605,5861.0,25988.713
8.173713263000462,9.52261,-4.84079,-2.22767,-0.09506,-0.09444,-0.01484,10.38884,-0.75312,-2.98334,-0.02006,-0.13846,-0.21424,79.629,5861.0,25904.0
8.178713263000462,9.56701,-4.84541,-2.21864,-0.0771,-0.08486,-0.01858,10.46159,-0.90897,-3.15162,0.00299,-0.13091,-0.21917,79.693,5877.748,25904.0
8.183713263000461,9.61141,-4.85003,-2.2096,-0.05914,-0.07528,-0.02232,10.46567,-0.9313,-3.18189,0.00814,-0.12032,-0.2228,79.717,5884.0,25904.0
8.188713263000462,9.65581,-4.85465,-2.20057,-0.04119,-0.06569,-0.02606,10.44403,-0.90361,-3.16046,0.00658,-0.10859,-0.22594,79.781,5884.0,26057.065
8.193713263000463,9.64206,-4.855,-2.22385,-0.03566,-0.05747,-0.03044,10.4224,-0.87592,-3.13903,0.00503,-0.09686,-0.22908,79.868,5884.0,26114.0
8.198713263000462,9.60674,-4.85376,-2.25911,-0.03475,-0.04976,-0.03504,10.40076,-0.84822,-3.1176,0.00347,-0.08513,-0.23222,79.893,5902.831,26114.0
8.203713263000463,9.57143,-4.85253,-2.29438,-0.03384,-0.04204,-0.03964,10.37912,-0.82053,-3.09616,0.00192,-0.0734,-0.23536,79.957,5910.0,26114.0
8.208713263000462,9.53611,-4.8513,-2.32964,-0.03292,-0.03433,-0.04425,10.35748,-0.79283,-3.07473,0.00036,-0.06167,-0.23851,80.045,5910.0,25949.817
8.213713263000463,9.5008,-4.85006,-2.3649,-0.03201,-0.02661,-0.04885,10.33584,-0.76514,-3.0533,-0.00119,-0.04994,-0.24165,80.132,5910.0,25889.0
8.218713263000462,9.46548,-4.84883,-2.40016,-0.0311,-0.0189,-0.05346,10.3142,-0.73745,-3.03186,-0.00275,-0.03821,-0.24479,80.156,6030.174,25889.0
8.223713263000462,9.435,-4.86603,-2.39273,-0.03795,-0.00936,-0.06889,10.31802,-0.8475,-3.01162,-0.01797,-0.02899,-0.25655,80.22,6075.0,25889.0
8.228713263000461,9.40632,-4.89012,-2.36937,-0.04771,0.00085,-0.08836,10.33133,-1.00893,-2.99181,-0.03829,-0.02069,-0.27152,80.244,6075.0,7028.746
8.233713263000462,9.37764,-4.9142,-2.34602,-0.05746,0.01107,-0.10782,10.34464,-1.17036,-2.97201,-0.05862,-0.0124,-0.2865,80.308,6075.0,3.0
8.238713263000463,9.34897,-4.93828,-2.32266,-0.06722,0.02128,-0.12729,10.35795,-1.33179,-2.9522,-0.07894,-0.0041,-0.30147,80.396,6360.532,3.0
8.243713263000462,9.32186,-4.96672,-2.31638,-0.07697,0.0315,-0.14676,10.36146,-1.38439,-2.92819,-0.09926,0.00419,-0.31645,80.42,6468.0,18626.922
8.248713263000463,9.29534,-4.99681,-2.31654,-0.08673,0.04171,-0.16623,10.36127,-1.39592,-2.9026,-0.11958,0.01248,-0.33142,80.484,6468.0,25581.0
8.253713263000462,9.26882,-5.02689,-2.3167,-0.09648,0.05193,-0.1857,10.36108,-1.40744,-2.87701,-0.1399,0.02078,-0.34639,80.508,6468.0,25581.0
8.258713263000462,9.2423,-5.05698,-2.31686,-0.10366,0.05808,-0.20405,10.36089,-1.41896,-2.85141,-0.16022,0.02907,-0.36137,80.572,6466.543,25581.0
8.263713263000461,9.21578,-5.08707,-2.31702,-0.10987,0.06271,-0.22198,10.3607,-1.43049,-2.82582,-0.18054,0.03737,-0.37634,80.66,6466.0,25581.0
8.268713263000462,9.18926,-5.11715,-2.31718,-0.11608,0.06733,-0.23991,10.36051,-1.44201,-2.80022,-0.1912,0.04042,-0.39252,80.684,6466.0,25619.603
8.273713263000463,9.16274,-5.14724,-2.31734,-0.12229,0.07196,-0.25785,10.36032,-1.45353,-2.77463,-0.19826,0.04154,-0.40915,80.748,6466.0,25634.0
8.278713263000462,9.16322,-5.15583,-2.31132,-0.1285,0.07659,-0.27578,10.36013,-1.46506,-2.74904,-0.20533,0.04265,-0.42578,80.771,6914.945,25288.545
8.283713263000463,9.17379,-5.15639,-2.30298,-0.13471,0.08122,-0.29371,10.3689,-1.442,-2.70011,-0.21239,0.04377,-0.44241,80.836,7082.0,25160.0
8.288713263000462,9.18436,-5.15695,-2.29465,-0.14092,0.08585,-0.31164,10.38099,-1.40608,-2.64252,-0.21946,0.04488,-0.45904,80.923,7082.0,25160.0
8.293713263000463,9.19492,-5.15751,-2.28632,-0.14713,0.09047,-0.32957,10.39309,-1.37017,-2.58493,-0.22652,0.046,-0.47567,80.947,7490.064,25160.0
8.298713263000462,9.20549,-5.15808,-2.27798,-0.14676,0.09181,-0.33238,10.40518,-1.33426,-2.52734,-0.23359,0.04711,-0.4923,81.011,7643.0,25160.0
8.303713263000462,9.21605,-5.15864,-2.26965,-0.14392,0.09191,-0.32952,10.41728,-1.29834,-2.46975,-0.24065,0.04823,-0.50893,81.099,7643.0,24868.083
8.308713263000461,9.22662,-5.1592,-2.26131,-0.14107,0.09201,-0.32666,10.42937,-1.26243,-2.41216,-0.23571,0.04979,-0.51116,81.123,7643.0,24760.0
8.313713263000462,9.23719,-5.15976,-2.25298,-0.13823,0.09211,-0.3238,10.44147,-1.22652,-2.35457,-0.22632,0.05151,-0.50805,81.187,8563.64,24760.0
8.318713263000463,9.23071,-5.1587,-2.24986,-0.13539,0.09221,-0.32095,10.45356,-1.19061,-2.29698,-0.21693,0.05323,-0.50495,81.211,8908.0,24335.851
8.323713263000462,9.21785,-5.15703,-2.2487,-0.13255,0.09231,-0.31809,10.44358,-1.00706,-2.30275,-0.20755,0.05495,-0.50185,81.275,8908.0,24178.0
8.328713263000463,9.20499,-5.15537,-2.24754,-0.12971,0.09241,-0.31523,10.4254,-0.76868,-2.33204,-0.19816,0.05667,-0.49874,81.299,9611.463,24178.0
8.333713263000462,9.19213,-5.1537,-2.24638,-0.12687,0.09251,-0.31237,10.40721,-0.53031,-2.36134,-0.18877,0.05839,-0.49564,81.363,9874.0,24178.0
8.338713263000463,9.17927,-5.15203,-2.24522,-0.12403,0.09261,-0.30952,10.38903,-0.29194,-2.39064,-0.17938,0.06012,-0.49254,81.451,9874.0,23787.783
8.343713263000462,9.16641,-5.15037,-2.24406,-0.12118,0.09271,-0.30666,10.39488,-0.24526,-2.40863,-0.17124,0.06214,-0.49066,81.475,9874.0,23643.0
8.348713263000462,9.1689,-5.13106,-2.24984,-0.11774,0.09426,-0.30585,10.40963,-0.26952,-2.42242,-0.16357,0.06428,-0.48924,81.539,10348.568,23643.0
8.353713263000461,9.17715,-5.10514,-2.25823,-0.11408,0.09636,-0.30581,10.42438,-0.29379,-2.43622,-0.15589,0.06641,-0.48781,81.562,10526.0,23643.0
8.358713263000462,9.1854,-5.07921,-2.26662,-0.11041,0.09845,-0.30577,10.43912,-0.31806,-2.45002,-0.14821,0.06855,-0.48639,81.626,10526.0,23412.473
8.363713263000463,9.19366,-5.05329,-2.27501,-0.10674,0.10055,-0.30573,10.45387,-0.34233,-2.46382,-0.14054,0.07069,-0.48497,81.65,10526.0,23326.0
8.368713263000462,9.20191,-5.02737,-2.2834,-0.10308,0.10265,-0.3057,10.46862,-0.36659,-2.47761,-0.13286,0.07282,-0.48354,81.714,10671.581,23326.0
8.373713263000463,9.21017,-5.00144,-2.29179,-0.09941,0.10474,-0.30566,10.48336,-0.39086,-2.49141,-0.12519,0.07496,-0.48212,81.738,10726.0,23326.0
8.378713263000462,9.21842,-4.97552,-2.30018,-0.09575,0.10684,-0.30562,10.50404,-0.38976,-2.51968,-0.1247,0.07834,-0.48648,81.802,10726.0,23281.529
8.383713263000462,9.23596,-4.93672,-2.30635,-0.09463,0.1116,-0.31024,10.52693,-0.37915,-2.55337,-0.12691,0.0822,-0.49301,81.89,10726.0,23265.0
8.388713263000461,9.25693,-4.89315,-2.31171,-0.09446,0.11735,-0.31659,10.54983,-0.36854,-2.58707,-0.12912,0.08605,-0.49955,81.914,11676.841,23265.0
8.393713263000462,9.27791,-4.84959,-2.31706,-0.09429,0.12309,-0.32294,10.57272,-0.35793,-2.62076,-0.13133,0.0899,-0.50608,81.978,12037.0,23265.0
8.398713263000463,9.29888,-4.80602,-2.32242,-0.09412,0.12884,-0.3293,10.59562,-0.34732,-2.65445,-0.13355,0.09375,-0.51261,82.002,12037.0,23212.445
8.403713263000462,9.31986,-4.76245,-2.32777,-0.09395,0.13459,-0.33565,10.58942,-0.35504,-2.65355,-0.13576,0.0976,-0.51914,82.066,12037.0,23193.0
8.408713263000463,9.30953,-4.7485,-2.32778,-0.09377,0.14033,-0.342,10.57246,-0.36954,-2.63986,-0.13797,0.10146,-0.52567,82.09,12431.295,23193.0
8.413713263000462,9.28748,-4.74564,-2.32579,-0.0936,0.14608,-0.34835,10.55551,-0.38403,-2.62617,-0.14018,0.10531,-0.5322,82.154,12578.0,23193.0
8.418713263000463,9.26542,-4.74279,-2.3238,-0.09343,0.15183,-0.3547,10.53855,-0.39853,-2.61248,-0.14239,0.10916,-0.53874,82.178,12578.0,22981.434
8.423713263000462,9.24337,-4.73993,-2.32181,-0.09326,0.15757,-0.36106,10.52159,-0.41302,-2.5988,-0.14875,0.11011,-0.55056,82.242,12578.0,22902.0
8.428713263000462,9.22132,-4.73707,-2.31982,-0.09309,0.16332,-0.36741,10.50464,-0.42752,-2.58511,-0.15668,0.10998,-0.56438,82.266,12864.711,22902.0
8.433713263000461,9.19927,-4.73421,-2.31783,-0.09569,0.16587,-0.37791,10.48768,-0.44201,-2.57142,-0.16461,0.10984,-0.5782,82.33,12971.0,22902.0
8.438713263000462,9.17722,-4.73135,-2.31583,-0.09932,0.16724,-0.38995,10.49221,-0.44509,-2.50455,-0.17255,0.10971,-0.59202,82.354,12971.0,22579.762
8.443713263000463,9.17942,-4.72115,-2.2781,-0.10295,0.16861,-0.40199,10.5047,-0.44393,-2.41799,-0.18048,0.10957,-0.60583,82.417,13244.589,22460.0
8.448713263000462,9.19065,-4.70821,-2.22707,-0.10658,0.16998,-0.41403,10.51719,-0.44277,-2.33143,-0.18841,0.10943,-0.61965,82.505,13352.0,22200.634
8.453713263000463,9.20188,-4.69526,-2.17604,-0.11021,0.17135,-0.42607,10.52968,-0.44161,-2.24487,-0.18485,0.10744,-0.62884,82.529,13352.0,22102.0
8.458713263000462,9.2131,-4.68232,-2.125,-0.11384,0.17272,-0.43811,10.54217,-0.44045,-2.15831,-0.17701,0.10476,-0.63631,82.593,13352.0,22102.0
8.463713263000463,9.22433,-4.66938,-2.07397,-0.11746,0.17409,-0.45015,10.55466,-0.43929,-2.07175,-0.16918,0.10207,-0.64378,82.617,13655.446,22102.0
8.468713263000462,9.23556,-4.65644,-2.02294,-0.12109,0.17546,-0.46219,10.56715,-0.43814,-1.98519,-0.16134,0.09939,-0.65124,82.681,13769.0,22102.0
8.473713263000462,9.24679,-4.6435,-1.9719,-0.11914,0.16984,-0.4723,10.57964,-0.43698,-1.89864,-0.1535,0.09671,-0.65871,82.705,13769.0,22604.487
8.478713263000461,9.25802,-4.63056,-1.92087,-0.11512,0.16162,-0.48168,10.56726,-0.38441,-1.8721,-0.14567,0.09402,-0.66618,82.705,14249.377,22791.0
8.483713263000462,9.25749,-4.60013,-1.92711,-0.11111,0.1534,-0.49106,10.54566,-0.31276,-1.86785,-0.13783,0.09134,-0.67365,82.769,14430.0,22791.0
8.488713263000463,9.25252,-4.56309,-1.95498,-0.10709,0.14519,-0.50044,10.52405,-0.24111,-1.86359,-0.13,0.08866,-0.68111,82.857,14430.0,22019.238
8.493713263000462,9.24755,-4.52605,-1.98285,-0.10307,0.13697,-0.50982,10.50244,-0.16946,-1.85934,-0.12216,0.08597,-0.68858,82.881,14430.0,21731.0
8.498713263000463,9.24258,-4.48902,-2.01072,-0.09905,0.12876,-0.5192,10.48083,-0.09781,-1.85509,-0.11432,0.08329,-0.69605,82.945,14590.768,21731.0
8.503713263000462,9.23761,-4.45198,-2.03859,-0.09503,0.12054,-0.52859,10.45922,-0.02616,-1.85084,-0.10649,0.08061,-0.70352,82.969,14651.0,21731.0
8.508713263000462,9.23264,-4.41494,-2.06646,-0.09101,0.11232,-0.53797,10.46192,0.04633,-2.03991,-0.10915,0.08487,-0.71301,83.033,14651.0,22073.546
8.513713263000461,9.24223,-4.37634,-2.10545,-0.09252,0.1217,-0.55403,10.47361,0.11913,-2.30055,-0.11569,0.0917,-0.72327,83.057,14651.0,22201.0
8.518713263000462,9.25725,-4.33716,-2.14859,-0.09608,0.13764,-0.57257,10.4853,0.19193,-2.56118,-0.12224,0.09853,-0.73352,83.121,14867.083,22201.0
8.523713263000463,9.27227,-4.29798,-2.19173,-0.09964,0.15357,-0.59112,10.49698,0.26473,-2.82182,-0.12878,0.10536,-0.74377,83.145,14948.0,21722.5
8.528713263000462,9.28729,-4.25881,-2.23487,-0.10321,0.16951,-0.60967,10.50297,0.27009,-2.87391,-0.13533,0.11219,-0.75402,83.209,14948.0,21544.0
8.533713263000463,9.30231,-4.21963,-2.278,-0.10677,0.18544,-0.62822,10.50683,0.25034,-2.84832,-0.14187,0.11902,-0.76427,83.232,15447.145,21544.0
8.538713263000462,9.31734,-4.18045,-2.32114,-0.11034,0.20137,-0.64676,10.51069,0.23058,-2.82274,-0.14842,0.12585,-0.77453,83.232,15632.0,21544.0
8.543713263000463,9.33445,-4.14705,-2.30083,-0.11262,0.20859,-0.67728,10.51455,0.21083,-2.79715,-0.15496,0.13268,-0.78478,83.232,15632.0,21242.1
8.548713263000462,9.35235,-4.11581,-2.25679,-0.11442,0.21254,-0.71226,10.51841,0.19108,-2.77157,-0.16151,0.13951,-0.79503,83.232,15632.0,21130.0
8.553713263000462,9.37026,-4.08457,-2.21275,-0.11622,0.21648,-0.74725,10.52228,0.17133,-2.74598,-0.16714,0.14678,-0.81961,83.296,16177.008,21130.0
8.558713263000461,9.38816,-4.05334,-2.16871,-0.11802,0.22043,-0.78223,10.52614,0.15157,-2.7204,-0.17244,0.15422,-0.8495,83.32,16380.0,21130.0
8.563713263000462,9.40359,-4.04573,-2.15392,-0.11982,0.22438,-0.81722,10.53,0.13182,-2.69481,-0.17773,0.16166,-0.87939,83.32,16380.0,20945.939
8.568713263000463,9.41807,-4.04719,-2.15034,-0.12162,0.22833,-0.8522,10.53386,0.11207,-2.66923,-0.18303,0.16909,-0.90927,83.32,16380.0,20877.0
8.573713263000462,9.43255,-4.04864,-2.14676,-0.12342,0.23228,-0.88719,10.53772,0.09232,-2.64364,-0.18833,0.17653,-0.93916,83.32,16621.197,20877.0
8.578713263000463,9.44703,-4.05009,-2.14317,-0.12292,0.23255,-0.91354,10.5674,-0.00023,-2.53496,-0.18836,0.17758,-0.96204,83.32,16711.0,20877.0
8.583713263000462,9.46151,-4.05154,-2.13959,-0.12156,0.23145,-0.93667,10.60671,-0.11992,-2.3953,-0.18643,0.17625,-0.98229,83.32,16711.0,19969.25
8.588713263000463,9.47599,-4.05299,-2.136,-0.12019,0.23035,-0.95981,10.64602,-0.23961,-2.25564,-0.1845,0.17491,-1.00255,83.32,16711.0,19625.0
8.593713263000462,9.49047,-4.05444,-2.13242,-0.11883,0.22925,-0.98294,10.68533,-0.3593,-2.11598,-0.18258,0.17358,-1.02281,83.32,17321.735,19625.0
8.598713263000462,9.50495,-4.05589,-2.12884,-0.11747,0.22815,-1.00607,10.71714,-0.28077,-2.08177,-0.18065,0.17224,-1.04307,83.32,17550.0,18985.893
8.603713263000461,9.58629,-4.03726,-2.12305,-0.11611,0.22705,-1.02921,10.74614,-0.12804,-2.08703,-0.17872,0.17091,-1.06333,83.32,17550.0,18747.0
8.608713263000462,9.69262,-4.01111,-2.11645,-0.11474,0.22595,-1.05234,10.77515,0.02469,-2.0923,-0.17679,0.16957,-1.08358,83.32,17474.357,18747.0
8.613713263000463,9.79895,-3.98497,-2.10984,-0.11338,0.22485,-1.07548,10.80416,0.17742,-2.09756,-0.17486,0.16824,-1.10384,83.32,17446.0,18747.0
8.618713263000462,9.90528,-3.95883,-2.10324,-0.11202,0.22375,-1.09861,10.83317,0.33015,-2.10283,-0.17293,0.16691,-1.1241,83.32,17446.0,18247.813
8.623713263000463,10.0116,-3.93268,-2.09663,-0.11066,0.22265,-1.12174,10.9295,0.37047,-2.17051,-0.17523,0.17053,-1.15135,83.32,17446.0,18062.0
8.628713263000462,10.11793,-3.90654,-2.09003,-0.10929,0.22155,-1.14488,11.05084,0.36903,-2.26138,-0.17909,0.176,-1.1812,83.32,18211.691,18062.0
8.633713263000462,10.22426,-3.8804,-2.08343,-0.10878,0.2281,-1.17336,11.17219,0.36759,-2.35225,-0.18296,0.18147,-1.21105,83.32,18498.0,18062.0
8.638713263000461,10.33059,-3.85425,-2.07682,-0.10858,0.23752,-1.20386,11.29353,0.36616,-2.44312,-0.18682,0.18694,-1.2409,83.256,18498.0,17877.716
8.643713263000462,10.4367,-3.89486,-2.13994,-0.10838,0.24694,-1.23435,11.41487,0.36472,-2.53399,-0.19069,0.19241,-1.27075,83.232,18498.0,17809.0
8.648713263000461,10.54275,-3.96026,-2.22895,-0.10819,0.25636,-1.26485,11.53622,0.36328,-2.62486,-0.19455,0.19788,-1.30059,83.232,18771.667,17809.0
8.653713263000462,10.64879,-4.02567,-2.31797,-0.10799,0.26578,-1.29534,11.65756,0.36185,-2.71573,-0.19842,0.20335,-1.33044,83.232,18876.0,17809.0
8.658713263000463,10.75483,-4.09107,-2.40698,-0.10779,0.2752,-1.32584,11.7789,0.36041,-2.8066,-0.20228,0.20882,-1.36029,83.232,18876.0,16977.123
8.663713263000462,10.86087,-4.15647,-2.496,-0.1076,0.28463,-1.35633,11.81272,0.37216,-2.82905,-0.20165,0.20878,-1.38465,83.232,19215.094,16668.0
8.668713263000463,10.96691,-4.22187,-2.58501,-0.1074,0.29405,-1.38683,11.81407,0.38879,-2.82613,-0.19935,0.2067,-1.40697,83.169,19342.0,16668.0
8.673713263000462,10.99226,-4.30098,-2.61389,-0.1098,0.30158,-1.42415,11.81543,0.40543,-2.8232,-0.19706,0.20462,-1.4293,83.145,19342.0,16018.081
8.678713263000462,10.98736,-4.38522,-2.62022,-0.11318,0.3084,-1.46403,11.81678,0.42207,-2.82028,-0.19476,0.20254,-1.45162,83.145,19342.0,15777.0
8.683713263000461,10.98246,-4.46947,-2.62656,-0.11656,0.31522,-1.50391,11.81813,0.4387,-2.81736,-0.19246,0.20046,-1.47394,83.145,19855.411,15777.0
8.688713263000462,10.97756,-4.55372,-2.6329,-0.11994,0.32204,-1.54379,11.81949,0.45534,-2.81443,-0.19016,0.19838,-1.49627,83.081,20051.0,15777.0
8.693713263000463,10.97267,-4.63796,-2.63924,-0.12331,0.32886,-1.58367,11.82084,0.47198,-2.81151,-0.18787,0.1963,-1.51859,82.993,20051.0,14054.831
8.698713263000462,10.96777,-4.72221,-2.64557,-0.12669,0.33568,-1.62355,11.87561,0.31558,-2.62345,-0.17473,0.19052,-1.54052,82.969,20051.0,13406.0
8.703713263000463,11.02646,-4.75314,-2.59066,-0.1242,0.33412,-1.65884,11.95049,0.09401,-2.36567,-0.15752,0.18334,-1.5623,82.905,20636.834,13406.0
8.708713263000462,11.10873,-4.76431,-2.51305,-0.11953,0.32945,-1.69242,12.02537,-0.12755,-2.10789,-0.1403,0.17617,-1.58409,82.817,20856.0,13406.0
8.713713263000463,11.19099,-4.77547,-2.43543,-0.11487,0.32478,-1.72599,12.10025,-0.34911,-1.85012,-0.12308,0.16899,-1.60587,82.793,20856.0,11518.525
8.718713263000462,11.27325,-4.78664,-2.35782,-0.1102,0.3201,-1.75957,12.08169,-0.31485,-1.80173,-0.10587,0.16182,-1.62765,82.729,20856.0,10820.0
8.723713263000462,11.35552,-4.7978,-2.2802,-0.10553,0.31543,-1.79315,12.02856,-0.18596,-1.83078,-0.08865,0.15465,-1.64943,82.641,21386.836,10820.0
8.728713263000461,11.40049,-4.71488,-2.25961,-0.10087,0.31076,-1.82673,11.97543,-0.05708,-1.85983,-0.07143,0.14747,-1.67122,82.553,21585.0,10820.0
8.733713263000462,11.43154,-4.59685,-2.2603,-0.0962,0.30608,-1.86031,11.92231,0.0718,-1.88888,-0.05422,0.1403,-1.693,82.529,21585.0,8610.578
8.738713263000463,11.4626,-4.47882,-2.26098,-0.09154,0.30141,-1.89389,11.86918,0.20069,-1.91793,-0.037,0.13313,-1.71478,82.465,21606.086,7787.0
8.743713263000462,11.49365,-4.36079,-2.26167,-0.08687,0.29674,-1.92747,11.81605,0.32957,-1.94699,-0.01978,0.12595,-1.73656,82.378,21614.0,7787.0
8.748713263000463,11.5247,-4.24276,-2.26235,-0.0822,0.29207,-1.96105,11.76292,0.45845,-1.97604,-0.03003,0.11371,-1.77158,82.289,21614.0,5534.129
8.753713263000462,11.55576,-4.12473,-2.26304,-0.09653,0.29101,-2.00612,11.7098,0.58733,-2.00509,-0.05058,0.09957,-1.81155,82.201,21614.0,4697.0
8.758713263000462,11.58681,-4.0067,-2.26372,-0.1179,0.2913,-2.05545,11.51631,0.58135,-1.98985,-0.07113,0.08543,-1.85153,82.114,22085.32,4697.0
8.763713263000461,11.57162,-3.90571,-2.27386,-0.13926,0.29159,-2.10478,11.27093,0.52548,-1.95822,-0.09169,0.07129,-1.89151,82.026,22261.0,4697.0
8.768713263000462,11.53913,-3.81108,-2.28753,-0.16062,0.29187,-2.15411,11.02554,0.46962,-1.92659,-0.11224,0.05715,-1.93149,81.938,22261.0,2922.774
8.773713263000461,11.50665,-3.71646,-2.3012,-0.18199,0.29216,-2.20344,10.78015,0.41375,-1.89497,-0.13279,0.04301,-1.97146,81.786,22817.95,2262.0
8.778713263000462,11.47417,-3.62184,-2.31487,-0.20335,0.29245,-2.25277,10.53476,0.35789,-1.86334,-0.15334,0.02887,-2.01144,81.738,23024.0,2262.0
8.783713263000463,11.44168,-3.52722,-2.32854,-0.22471,0.29273,-2.3021,10.40879,0.23263,-1.79041,-0.18328,0.00367,-2.07674,81.61,23024.0,1340.07
8.788713263000462,11.4092,-3.4326,-2.34221,-0.25028,0.29131,-2.35674,10.32741,0.08145,-1.70206,-0.21672,-0.02565,-2.1515,81.499,23024.0,996.0
8.793713263000463,11.37671,-3.33797,-2.35588,-0.27742,0.28925,-2.41337,10.24603,-0.06973,-1.6137,-0.25017,-0.05498,-2.22626,81.475,23715.154,996.0
8.798713263000462,11.34423,-3.24335,-2.36955,-0.30455,0.28719,-2.47,10.16465,-0.2209,-1.52535,-0.28361,-0.0843,-2.30101,81.41,23972.0,996.0
8.803713263000462,11.4157,-3.181,-2.37923,-0.33169,0.28514,-2.52663,10.08327,-0.37208,-1.43699,-0.31705,-0.11363,-2.37577,81.323,23972.0,849.264
8.808713263000461,11.52563,-3.13059,-2.38743,-0.35883,0.28308,-2.58326,10.00189,-0.52325,-1.34864,-0.3505,-0.14295,-2.45053,81.235,23742.106,795.0
8.813713263000462,11.63556,-3.08018,-2.39564,-0.38596,0.28102,-2.63988,9.92052,-0.67443,-1.26028,-0.38394,-0.17227,-2.52529,81.147,23657.0,795.0
8.818713263000463,11.74549,-3.02977,-2.40384,-0.4131,0.27896,-2.69651,10.0731,-0.56439,-1.23352,-0.38342,-0.1937,-2.5821,81.123,23657.0,908.813
8.823713263000462,11.85542,-2.97936,-2.41204,-0.44023,0.2769,-2.75314,10.31247,-0.35745,-1.22961,-0.37029,-0.21221,-2.63225,81.123,23657.0,951.0
8.828713263000463,11.96535,-2.92894,-2.42025,-0.46737,0.27484,-2.80977,10.55184,-0.15052,-1.22569,-0.35717,-0.23071,-2.6824,80.995,23560.775,951.0
8.833713263000462,12.35114,-2.87953,-2.48897,-0.48299,0.2434,-2.88841,10.7912,0.05642,-1.22178,-0.34404,-0.24921,-2.73255,80.883,23525.0,951.0
8.838713263000463,12.83911,-2.83048,-2.58011,-0.49434,0.20107,-2.9752,11.03057,0.26335,-1.21786,-0.33092,-0.26771,-2.7827,80.796,23525.0,657.935
8.843713263000462,13.32707,-2.78143,-2.67124,-0.50569,0.15874,-3.062,11.16131,0.77567,-1.41994,-0.31779,-0.28621,-2.83286,80.708,23525.0,546.0
8.848713263000462,13.81504,-2.73238,-2.76238,-0.51704,0.11641,-3.1488,11.25036,1.40516,-1.70104,-0.30467,-0.30471,-2.88301,80.62,23525.0,546.0
8.853713263000461,14.303,-2.68333,-2.85352,-0.52839,0.07407,-3.23559,11.33941,2.03464,-1.98215,-0.29154,-0.32322,-2.93316,80.532,21955.211,546.0
8.858713263000462,14.79097,-2.63428,-2.94466,-0.53974,0.03174,-3.32239,11.42847,2.66413,-2.26326,-0.27842,-0.34172,-2.98331,80.444,21365.0,546.0
8.863713263000463,15.06205,-2.75885,-2.75651,-0.54444,0.04002,-3.33054,11.51752,3.29362,-2.54437,-0.26529,-0.36022,-3.03346,80.356,21365.0,420.786
8.868713263000462,15.25008,-2.94991,-2.46142,-0.54658,0.06767,-3.30857,11.60657,3.92311,-2.82548,-0.29576,-0.3411,-3.01945,80.268,21365.0,374.0
8.873713263000463,15.43811,-3.14096,-2.16632,-0.54873,0.09532,-3.2866,11.69562,4.5526,-3.10658,-0.34237,-0.30805,-2.98169,80.18,18357.44,374.0
8.878713263000462,15.62615,-3.33202,-1.87123,-0.55087,0.12298,-3.26463,11.31197,4.765,-3.25276,-0.38898,-0.275,-2.94392,80.092,17228.0,374.0
8.883713263000462,15.17583,-3.4696,-1.81575,-0.55302,0.15063,-3.24266,10.75101,4.82097,-3.34833,-0.43559,-0.24196,-2.90616,80.004,17228.0,202.603
8.888713263000461,14.48812,-3.58729,-1.8494,-0.55516,0.17828,-3.22069,10.19006,4.87693,-3.4439,-0.4822,-0.20891,-2.86839,79.853,13119.598,139.0
8.893713263000462,13.80041,-3.70498,-1.88304,-0.55731,0.20593,-3.19873,9.6291,4.93289,-3.53947,-0.52881,-0.17586,-2.83062,79.741,11579.0,139.0
8.898713263000461,13.11269,-3.82267,-1.91668,-0.55945,0.23359,-3.17676,9.06814,4.98886,-3.63504,-0.57542,-0.14281,-2.79286,79.653,11579.0,191.457
8.903713263000462,12.42498,-3.94036,-1.95032,-0.5616,0.26124,-3.15479,8.58773,4.94815,-3.58923,-0.59637,-0.11697,-2.71155,79.501,6243.226,211.0
8.908713263000463,11.73727,-4.05805,-1.98396,-0.56374,0.28889,-3.13282,8.1372,4.87159,-3.49097,-0.60779,-0.09381,-2.61409,79.325,4265.0,211.0
8.913713263000462,11.04955,-4.17574,-2.0176,-0.5664,0.30899,-3.07237,7.68667,4.79502,-3.39271,-0.61921,-0.07064,-2.51663,79.213,4265.0,356.585
8.918713263000463,10.36184,-4.29343,-2.05125,-0.56926,0.32623,-2.99734,7.23614,4.71845,-3.29444,-0.63063,-0.04748,-2.41917,79.125,1316.979,411.0
8.923713263000462,9.73772,-4.40345,-2.02823,-0.57211,0.34347,-2.92231,6.78561,4.64189,-3.19618,-0.64205,-0.02431,-2.32171,78.973,225.0,411.0
8.928713263000462,9.13713,-4.51063,-1.98426,-0.57496,0.36071,-2.84728,6.33508,4.56532,-3.09792,-0.65347,-0.00115,-2.22424,78.734,225.0,411.0
8.933713263000461,8.53654,-4.61782,-1.94028,-0.57782,0.37795,-2.77225,5.88455,4.48875,-2.99966,-0.6649,0.02202,-2.12678,78.662,225.0,285.13
8.938713263000462,7.93594,-4.72501,-1.89631,-0.58067,0.39519,-2.69722,5.43403,4.41219,-2.9014,-0.67632,0.04518,-2.02932,78.662,225.0,238.0
8.943713263000463,7.33535,-4.83219,-1.85233,-0.58352,0.41243,-2.62219,4.89455,4.96052,-2.86923,-0.69663,0.08207,-1.85415,78.662,68.191,238.0
8.948713263000462,6.73475,-4.93938,-1.80836,-0.58638,0.42968,-2.54716,4.32201,5.74112,-2.86163,-0.72024,0.12407,-1.6501,78.662,10.0,238.0
8.953713263000463,6.13416,-5.04657,-1.76439,-0.56181,0.4357,-2.25694,3.74947,6.52172,-2.85404,-0.74385,0.16607,-1.44604,78.598,10.0,112.683
8.958713263000462,5.53356,-5.15375,-1.72041,-0.5269,0.43749,-1.88557,3.17693,7.30231,-2.84644,-0.76746,0.20806,-1.24199,78.574,10.0,66.0
8.963713263000463,4.97027,-5.90927,-1.46196,-0.492,0.43927,-1.5142,2.6044,8.08291,-2.83884,-0.79107,0.25006,-1.03794,78.574,4.189,66.0
8.968713263000462,4.42083,-6.90553,-1.12386,-0.45709,0.44106,-1.14283,2.43358,7.63361,-2.73286,-0.81468,0.29205,-0.83388,78.574,2.0,26.897
8.973713263000462,3.87138,-7.90179,-0.78577,-0.42218,0.44285,-0.77146,2.41486,6.71869,-2.58962,-0.83829,0.33405,-0.62983,78.574,2.0,12.0
8.978713263000461,3.32194,-8.89806,-0.44767,-0.38728,0.44464,-0.40009,2.39614,5.80377,-2.44638,-0.8619,0.37604,-0.42577,78.574,2.0,12.0
8.983713263000462,2.77249,-9.89432,-0.10957,-0.35237,0.44643,-0.02872,2.37742,4.88884,-2.30314,-0.88551,0.41804,-0.22172,78.638,2.0,12.0
8.988713263000463,2.53861,-9.67893,-0.13816,-0.25102,0.43523,0.18199,2.35869,3.97392,-2.1599,-0.90912,0.46003,-0.01767,78.662,2.0,185.298
8.993713263000462,2.42175,-9.01427,-0.30272,-0.12503,0.4192,0.33313,2.33997,3.059,-2.01666,-0.80368,0.48875,0.1367,78.662,2.0,251.0
8.998713263000463,2.30489,-8.3496,-0.46727,0.00096,0.40318,0.48426,2.32125,2.14407,-1.87342,-0.6489,0.51238,0.27206,78.726,2.728,251.0
9.003713263000462,2.18802,-7.68493,-0.63183,0.12694,0.38715,0.6354,2.33788,1.75436,-1.7409,-0.49412,0.53602,0.40743,78.75,3.0,251.0
9.008713263000462,2.07116,-7.02027,-0.79638,0.25293,0.37113,0.78654,2.36765,1.55973,-1.61235,-0.33934,0.55966,0.54279,78.75,3.0,659.693
9.013713263000461,1.95429,-6.3556,-0.96094,0.37892,0.3551,0.93767,2.39741,1.3651,-1.4838,-0.18456,0.58329,0.67816,78.813,3.0,815.0
9.018713263000462,1.83743,-5.69094,-1.1255,0.50491,0.33908,1.08881,2.42718,1.17046,-1.35525,-0.02979,0.60693,0.81352,78.838,3.0,815.0
9.023713263000461,1.89835,-5.39349,-1.29669,0.60058,0.29132,1.204,2.45694,0.97583,-1.2267,0.12499,0.63057,0.94889,78.838,3.0,815.0
9.028713263000462,2.02497,-5.23178,-1.47033,0.68505,0.23183,1.30591,2.48671,0.7812,-1.09815,0.23942,0.62436,1.05538,78.838,3.0,865.941
9.033713263000463,2.1516,-5.07007,-1.64397,0.76951,0.17234,1.40781,2.51647,0.58656,-0.96961,0.3389,0.6071,1.15118,78.838,3.0,885.0
9.038713263000462,2.27822,-4.90835,-1.81762,0.85398,0.11286,1.50972,2.53321,0.7172,-0.911,0.43838,0.58984,1.24698,78.902,3.728,885.0
9.043713263000463,2.40485,-4.74664,-1.99126,0.93844,0.05337,1.61163,2.54499,0.97179,-0.87904,0.53786,0.57258,1.34278,78.926,4.0,1261.328
9.048713263000462,2.53148,-4.58493,-2.16491,1.02291,-0.00612,1.71353,2.55676,1.22639,-0.84709,0.63734,0.55532,1.43858,78.926,4.0,1401.0
9.053713263000462,2.6581,-4.42322,-2.33855,1.10737,-0.0656,1.81544,2.56854,1.48098,-0.81513,0.73682,0.53806,1.53438,78.926,4.0,1401.0
9.058713263000461,2.81719,-4.41065,-2.46386,1.16272,-0.11577,1.91661,2.58031,1.73557,-0.78318,0.8363,0.5208,1.63018,78.926,3.272,1401.0
9.063713263000462,2.98868,-4.45505,-2.57071,1.20695,-0.16238,2.01749,2.59209,1.99016,-0.75122,0.93578,0.50354,1.72598,78.99,3.0,1401.0
9.068713263000463,3.16016,-4.49946,-2.67756,1.25117,-0.20899,2.11838,2.6807,2.22079,-0.77654,1.00995,0.487,1.83965,79.014,3.0,2282.293
9.073713263000462,3.33165,-4.54387,-2.78441,1.2954,-0.25559,2.21926,2.79822,2.44239,-0.82341,1.07459,0.47074,1.96006,79.076,3.0,2612.0
9.078713263000463,3.50313,-4.58827,-2.89126,1.33962,-0.3022,2.32014,2.91574,2.664,-0.87028,1.13924,0.45447,2.08046,79.102,3.0,2612.0
9.083713263000462,3.76433,-4.5645,-2.93711,1.38385,-0.34881,2.42103,3.03325,2.88561,-0.91714,1.20388,0.43821,2.20086,79.102,3.0,3703.877
9.088713263000463,4.05875,-4.51548,-2.96038,1.42807,-0.39542,2.52191,3.15077,3.10721,-0.96401,1.26853,0.42195,2.32127,79.165,3.0,4112.0
9.093713263000462,4.35317,-4.46646,-2.98365,1.4723,-0.44203,2.62279,3.26829,3.32882,-1.01087,1.33317,0.40569,2.44167,79.189,3.0,4112.0
9.098713263000462,4.64759,-4.41744,-3.00692,1.51652,-0.48863,2.72368,3.38581,3.55042,-1.05774,1.39782,0.38942,2.56207,79.189,3.0,4112.0
9.103713263000461,4.94201,-4.36842,-3.0302,1.56075,-0.53524,2.82456,3.50333,3.77203,-1.10461,1.46246,0.37316,2.68247,79.254,3.0,4681.903
9.108713263000462,5.23643,-4.3194,-3.05347,1.57721,-0.56027,2.89755,3.73866,3.71766,-1.18064,1.49455,0.35921,2.75993,79.277,3.0,4893.0
9.113713263000463,5.53085,-4.27038,-3.07674,1.58338,-0.57729,2.96021,4.01765,3.56101,-1.26748,1.51457,0.34612,2.82146,79.341,3.0,4893.0
9.118713263000462,5.82527,-4.22136,-3.10001,1.58955,-0.59432,3.02286,4.29665,3.40437,-1.35432,1.5346,0.33303,2.883,79.365,3.0,6005.038
9.123713263000463,6.26631,-3.96864,-3.16035,1.59572,-0.61135,3.08552,4.57564,3.24772,-1.44116,1.55462,0.31994,2.94453,79.365,3.0,6417.0
9.128713263000462,6.76169,-3.64043,-3.23444,1.6019,-0.62837,3.14818,4.91335,3.30129,-1.51055,1.57464,0.30685,3.00607,79.365,3.0,6417.0
9.133713263000462,7.25707,-3.31222,-3.30853,1.60807,-0.6454,3.21083,5.27309,3.43374,-1.57338,1.59467,0.29377,3.0676,79.365,3.0,6417.0
9.138713263000461,7.75245,-2.98401,-3.38261,1.61424,-0.66243,3.27349,5.63283,3.5662,-1.63622,1.61469,0.28068,3.12914,79.429,3.0,7444.679
9.143713263000462,8.24782,-2.6558,-3.4567,1.62041,-0.67946,3.33615,5.99257,3.69866,-1.69906,1.63471,0.26759,3.19068,79.453,3.0,7825.0
9.148713263000461,8.68711,-2.65471,-3.45641,1.58086,-0.65754,3.40159,6.35231,3.83112,-1.7619,1.65474,0.2545,3.25221,79.453,2.272,7825.0
9.153713263000462,9.1056,-2.77489,-3.42856,1.52435,-0.62119,3.46805,6.71204,3.96357,-1.82474,1.62381,0.24804,3.30984,79.517,2.0,7825.0
9.158713263000463,9.52409,-2.89507,-3.4007,1.46785,-0.58483,3.53452,7.07178,4.09603,-1.88758,1.57384,0.24406,3.366,79.541,2.0,8042.98
9.163713263000462,9.94258,-3.01525,-3.37284,1.41135,-0.54848,3.60099,7.33945,4.20703,-2.07453,1.52388,0.24008,3.42216,79.541,2.0,8124.0
9.168713263000463,10.36107,-3.13543,-3.34499,1.35485,-0.51213,3.66746,7.57289,4.31005,-2.30761,1.47391,0.2361,3.47833,79.605,3.447,8124.0
9.173713263000462,10.77956,-3.25562,-3.31713,1.29834,-0.47577,3.73393,7.80634,4.41307,-2.54069,1.42394,0.23212,3.53449,79.629,4.0,8124.0
9.178713263000462,11.19806,-3.3758,-3.28927,1.24184,-0.43942,3.8004,8.03979,4.51608,-2.77378,1.37398,0.22814,3.59065,79.629,4.0,8225.836
9.183713263000461,11.58027,-3.62383,-3.35625,1.19928,-0.41359,3.85138,8.27324,4.6191,-3.00686,1.32401,0.22416,3.64682,79.629,4.0,8265.0
9.188713263000462,11.94895,-3.91956,-3.45861,1.16191,-0.39168,3.89658,8.50668,4.72212,-3.23994,1.27404,0.22018,3.70298,79.629,4.0,8265.0
9.193713263000461,12.31762,-4.21528,-3.56096,1.12455,-0.36977,3.94178,8.69175,4.66251,-3.345,1.20368,0.2268,3.77751,79.693,4.0,8296.241
9.198713263000462,12.6863,-4.51101,-3.66331,1.08718,-0.34786,3.98698,8.8579,4.53927,-3.39996,1.12535,0.23756,3.85922,79.717,4.0,8308.0
9.203713263000463,12.92917,-4.50537,-3.76092,1.04981,-0.32596,4.03218,9.02404,4.41603,-3.45492,1.04701,0.24833,3.94093,79.717,2.547,8308.0
9.208713263000462,13.12515,-4.38745,-3.85677,1.01245,-0.30405,4.07738,9.19019,4.29279,-3.50988,0.96868,0.25909,4.02265,79.717,2.0,8259.311
9.213713263000463,13.32114,-4.26954,-3.95261,0.97508,-0.28214,4.12258,9.35633,4.16955,-3.56485,0.89034,0.26986,4.10436,79.717,2.0,8241.0
9.218713263000462,13.51712,-4.15162,-4.04845,0.93772,-0.26023,4.16778,9.52247,4.04631,-3.61981,0.81201,0.28062,4.18607,79.717,4.915,8241.0
9.223713263000462,13.71311,-4.0337,-4.1443,0.90035,-0.23833,4.21298,9.60941,3.9915,-3.59836,0.74694,0.26138,4.21546,79.717,6.0,8241.0
9.228713263000461,13.9091,-3.91579,-4.24014,0.86298,-0.21642,4.25818,9.66689,3.96214,-3.54849,0.68681,0.23097,4.22539,79.717,6.0,8067.934
9.233713263000462,14.10508,-3.79787,-4.33598,0.78925,-0.20092,4.26981,9.72437,3.93278,-3.49863,0.62668,0.20057,4.23532,79.717,6.0,8003.0
9.238713263000463,14.30107,-3.67995,-4.43182,0.70189,-0.18783,4.26885,9.78185,3.90341,-3.44877,0.56655,0.17017,4.24524,79.653,3.082,8003.0
9.243713263000462,14.5019,-3.56087,-4.50704,0.61452,-0.17474,4.26789,9.83933,3.87405,-3.39891,0.50641,0.13977,4.25517,79.693,2.0,8003.0
9.248713263000463,14.70453,-3.44136,-4.57461,0.52715,-0.16164,4.26693,9.89682,3.84469,-3.34904,0.44628,0.10936,4.2651,79.653,2.0,7787.999
9.253713263000462,14.90716,-3.32186,-4.64218,0.43979,-0.14855,4.26598,9.9543,3.81532,-3.29918,0.38615,0.07896,4.27503,79.629,2.0,7708.0
9.258713263000462,15.10978,-3.20235,-4.70976,0.35242,-0.13546,4.26502,10.01178,3.78596,-3.24932,0.32602,0.04856,4.28496,79.629,2.728,7708.0
9.263713263000461,15.31241,-3.08284,-4.77733,0.26506,-0.12236,4.26406,10.28983,3.94578,-3.32928,0.25831,0.02754,4.28367,79.629,3.0,6996.992
9.268713263000462,15.51504,-2.96333,-4.84491,0.18476,-0.11702,4.26287,10.65073,4.17667,-3.45801,0.18775,0.01004,4.27817,79.629,3.0,6730.0
9.273713263000461,15.71767,-2.84382,-4.91248,0.10713,-0.11459,4.2616,11.01164,4.40755,-3.58674,0.11719,-0.00745,4.27267,79.629,1.542,6730.0
9.278713263000462,15.92029,-2.72431,-4.98006,0.02949,-0.11215,4.26033,11.37254,4.63844,-3.71546,0.04664,-0.02495,4.26717,79.629,1.0,6730.0
9.283713263000463,16.21412,-2.64254,-4.74532,-0.04815,-0.10972,4.25906,11.58559,4.56778,-3.68515,-0.02392,-0.04244,4.26166,79.629,1.0,6529.729
9.288713263000462,16.54202,-2.57487,-4.39763,-0.12578,-0.10729,4.25779,11.74339,4.38446,-3.59543,-0.09448,-0.05993,4.25616,79.629,1.0,6454.0
9.293713263000463,16.86992,-2.50719,-4.04994,-0.20342,-0.10486,4.25651,11.9012,4.20114,-3.5057,-0.16503,-0.07743,4.25066,79.693,1.0,6454.0
9.298713263000462,17.19782,-2.43952,-3.70225,-0.28106,-0.10243,4.25524,12.05901,4.01782,-3.41597,-0.23559,-0.09492,4.24516,79.717,1.0,6471.492
9.303713263000462,17.52572,-2.37185,-3.35456,-0.35869,-0.09999,4.25397,12.21682,3.8345,-3.32624,-0.30615,-0.11242,4.23966,79.717,1.0,6478.0
9.308713263000461,17.69005,-2.0692,-3.06788,-0.39809,-0.07648,4.15712,12.37462,3.65118,-3.23651,-0.3767,-0.12991,4.23416,79.717,3.185,6478.0
9.313713263000462,17.79232,-1.67738,-2.80435,-0.42298,-0.04497,4.024,12.53243,3.46786,-3.14678,-0.41058,-0.13618,4.15381,79.717,4.0,6478.0
9.318713263000461,17.89458,-1.28556,-2.54082,-0.44786,-0.01346,3.89087,12.69024,3.28454,-3.05705,-0.43086,-0.1383,4.04574,79.653,4.0,6502.757
9.323713263000462,17.99684,-0.89374,-2.27729,-0.47275,0.01805,3.75775,12.80973,3.07802,-2.94191,-0.45114,-0.14041,3.93767,79.629,4.726,6512.0
9.328713263000463,18.09911,-0.50192,-2.01375,-0.49764,0.04956,3.62463,12.9149,2.86283,-2.81726,-0.47142,-0.14252,3.8296,79.629,5.0,6512.0
9.333713263000462,18.20137,-0.1101,-1.75022,-0.52252,0.08106,3.49151,13.02007,2.64765,-2.69262,-0.4917,-0.14464,3.72153,79.629,5.0,7066.183
9.338713263000463,18.30364,0.28172,-1.48669,-0.54741,0.11257,3.35838,13.12524,2.43246,-2.56797,-0.51198,-0.14675,3.61346,79.629,5.0,7273.0
9.343713263000462,18.32738,1.0178,-1.43239,-0.53412,0.11797,3.10369,13.23041,2.21727,-2.44332,-0.53226,-0.14887,3.50539,79.629,4.272,7273.0
9.348713263000462,18.32112,1.88541,-1.45802,-0.50625,0.1134,2.80256,13.33558,2.00208,-2.31868,-0.55254,-0.15098,3.39732,79.629,4.0,7273.0
9.353713263000461,18.31487,2.75302,-1.48365,-0.47838,0.10882,2.50142,13.44075,1.78689,-2.19403,-0.53625,-0.15636,3.21386,79.565,4.0,8030.398
9.358713263000462,18.30861,3.62062,-1.50928,-0.4505,0.10425,2.20029,13.54592,1.57171,-2.06939,-0.50637,-0.16295,3.0024,79.541,4.0,8313.0
9.363713263000463,18.30235,4.48823,-1.53491,-0.42263,0.09967,1.89915,13.58199,1.58899,-1.90976,-0.47649,-0.16955,2.79094,79.541,4.0,8313.0
9.368713263000462,18.28873,5.48851,-1.47696,-0.39476,0.0951,1.59802,13.59179,1.69469,-1.73683,-0.4466,-0.17614,2.57947,79.477,4.0,8313.0
9.373713263000463,18.27237,6.53814,-1.38791,-0.32716,0.07849,1.31404,13.60159,1.80039,-1.5639,-0.41672,-0.18273,2.36801,79.453,4.0,9536.76
9.378713263000462,18.25601,7.58778,-1.29886,-0.24414,0.05721,1.03673,13.61139,1.9061,-1.39097,-0.38684,-0.18933,2.15655,79.39,3.277,9999.0
9.383713263000462,18.23965,8.63741,-1.20981,-0.16113,0.03592,0.75942,13.62119,2.0118,-1.21804,-0.35696,-0.19592,1.94508,79.365,3.0,9999.0
9.388713263000461,18.22329,9.68705,-1.12077,-0.07811,0.01464,0.48211,13.63099,2.1175,-1.04511,-0.32708,-0.20251,1.73362,79.237,3.0,9999.0
9.393713263000462,18.20693,10.73669,-1.03172,0.00491,-0.00664,0.20479,13.66656,2.32342,-0.8753,-0.18832,-0.17998,1.27309,79.189,3.0,13589.064
9.398713263000461,18.19057,11.78632,-0.94267,0.08793,-0.02792,-0.07252,13.71179,2.56686,-0.70667,-0.0088,-0.14655,0.71931,79.125,4.456,14938.0
9.403713263000462,18.34281,11.8332,-0.67756,0.17095,-0.04921,-0.34983,13.75702,2.8103,-0.53804,0.17072,-0.11312,0.16553,78.973,5.0,14938.0
9.408713263000463,18.55779,11.50695,-0.34694,0.25397,-0.07049,-0.62714,13.80224,3.05374,-0.3694,0.35024,-0.07969,-0.38826,78.926,5.0,19198.16
9.413713263000462,18.77277,11.18069,-0.01632,0.33699,-0.09177,-0.90445,13.84747,3.29718,-0.20077,0.52976,-0.04626,-0.94204,78.798,5.0,20785.0
9.418713263000463,18.98775,10.85443,0.31431,0.42,-0.11305,-1.18176,13.70782,2.74882,-0.31341,0.54155,-0.03029,-1.13843,78.686,2.813,20785.0
9.423713263000462,19.20273,10.52818,0.64493,0.50302,-0.13434,-1.45908,13.49846,1.9019,-0.53212,0.4901,-0.02092,-1.20006,78.534,2.0,20785.0
9.428713263000462,19.41771,10.20192,0.97556,0.47254,-0.08592,-1.58534,13.2891,1.05497,-0.75082,0.43865,-0.01155,-1.26168,78.422,2.0,23347.148
9.433713263000461,19.63269,9.87566,1.30618,0.40001,-0.01169,-1.65565,13.07974,0.20804,-0.96953,0.3872,-0.00218,-1.32331,78.398,2.0,24305.0
9.438713263000462,19.84767,9.54941,1.63681,0.32748,0.06254,-1.72596,12.87038,-0.63889,-1.18823,0.33575,0.0072,-1.38493,78.27,1.271,24305.0
9.443713263000461,18.12043,7.01158,1.53733,0.25495,0.13677,-1.79627,12.30944,-1.11422,-1.11701,0.2843,0.01657,-1.44656,78.159,1.0,25149.408
9.448713263000462,15.6715,3.65198,1.27803,0.18241,0.21101,-1.86658,11.61787,-1.45146,-0.93807,0.23284,0.02594,-1.50819,77.943,1.0,25463.0
9.453713263000463,13.22257,0.29239,1.01874,0.10988,0.28524,-1.93689,10.9263,-1.78871,-0.75912,0.18139,0.03531,-1.56981,77.807,1.728,25463.0
9.458713263000462,10.77364,-3.0672,0.75944,0.03735,0.35947,-2.0072,10.23473,-2.12596,-0.58017,0.12994,0.04469,-1.63144,77.719,2.0,25463.0
9.463713263000463,8.32471,-6.4268,0.50015,-0.03518,0.4337,-2.07751,9.54316,-2.4632,-0.40122,0.07849,0.05406,-1.69307,77.568,2.0,25813.863
9.468713263000462,7.72632,-7.21282,0.25314,-0.08352,0.42587,-2.09662,8.85159,-2.80045,-0.22227,0.02704,0.06343,-1.75469,77.456,2.0,25948.0
9.473713263000462,7.84283,-7.00464,0.01088,-0.12251,0.38634,-2.09596,8.16002,-3.1377,-0.04333,-0.0189,0.04853,-1.77283,77.305,3.446,25948.0
9.478713263000461,7.95934,-6.79645,-0.23138,-0.16151,0.34681,-2.09529,7.46845,-3.47495,0.13562,-0.06274,0.0244,-1.77441,77.256,4.0,25948.0
9.483713263000462,8.07585,-6.58827,-0.47364,-0.2005,0.30728,-2.09463,6.77688,-3.81219,0.31457,-0.10658,0.00026,-1.77598,77.256,4.0,26098.815
9.488713263000463,8.19236,-6.38008,-0.7159,-0.2395,0.26775,-2.09397,6.95591,-3.02548,0.18355,-0.15042,-0.02388,-1.77756,77.32,4.0,26155.0
9.493713263000462,8.30886,-6.17189,-0.95816,-0.27849,0.22821,-2.0933,7.45884,-1.8206,-0.0628,-0.19425,-0.04802,-1.77914,77.471,4.727,26155.0
9.498713263000463,8.42537,-5.96371,-1.20042,-0.31749,0.18868,-2.09264,7.96177,-0.61571,-0.30914,-0.23809,-0.07215,-1.78072,77.584,5.0,26155.0
9.503713263000462,8.90393,-6.02647,-1.45478,-0.34102,0.14735,-1.90701,8.4647,0.58917,-0.55549,-0.28193,-0.09629,-1.7823,77.735,5.0,26058.235
9.508713263000462,9.51749,-6.19027,-1.71367,-0.35877,0.10535,-1.6524,8.67417,1.62027,-0.8471,-0.35246,-0.10081,-1.66721,77.847,5.0,26022.0
9.513713263000461,10.13106,-6.35407,-1.97255,-0.37653,0.06335,-1.39779,8.77356,2.58618,-1.15568,-0.43299,-0.09796,-1.50836,77.935,1620.021,26022.0
9.518713263000462,10.74463,-6.51787,-2.23143,-0.39428,0.02135,-1.14318,8.87296,3.55209,-1.46427,-0.51352,-0.09511,-1.34951,78.023,2226.0,26022.0
9.523713263000461,11.3582,-6.68167,-2.49032,-0.41204,-0.02065,-0.88856,8.97236,4.518,-1.77286,-0.59406,-0.09227,-1.19066,78.111,2226.0,26103.393
9.528713263000462,11.97177,-6.84547,-2.7492,-0.42979,-0.06265,-0.63395,9.07176,5.48391,-2.08144,-0.67459,-0.08942,-1.03182,78.263,2226.0,26134.0
9.533713263000463,12.58534,-7.00927,-3.00808,-0.44755,-0.10465,-0.37934,9.17115,6.44983,-2.39003,-0.75513,-0.08658,-0.87297,78.375,3524.815,26134.0
9.538713263000462,12.07595,-6.94934,-2.95664,-0.43483,-0.09568,-0.32352,9.27055,7.41574,-2.69861,-0.83566,-0.08373,-0.71412,78.462,4010.0,26134.0
9.543713263000463,11.148,-6.80603,-2.78953,-0.41075,-0.06771,-0.3418,9.36995,8.38165,-3.0072,-0.91619,-0.08089,-0.55527,78.55,4010.0,26075.226
9.548713263000462,10.22005,-6.66272,-2.62243,-0.38666,-0.03974,-0.36008,9.42109,6.32747,-3.08715,-0.8888,-0.0784,-0.55178,78.702,4010.0,26053.0
9.553713263000462,9.2921,-6.5194,-2.45532,-0.36258,-0.01177,-0.37835,9.45391,3.12613,-3.08024,-0.82041,-0.07604,-0.60731,78.878,4912.587,26053.0
9.558713263000461,8.36415,-6.37609,-2.28821,-0.3385,0.0162,-0.39663,9.48673,-0.07522,-3.07334,-0.75203,-0.07368,-0.66283,78.99,5251.0,26053.0
9.563713263000462,8.16049,-6.27434,-2.24593,-0.31442,0.04417,-0.41491,9.51954,-3.27657,-3.06644,-0.68364,-0.07132,-0.71836,79.078,5251.0,26031.93
9.568713263000461,8.22795,-6.18814,-2.25038,-0.29033,0.07214,-0.43318,9.55236,-6.47792,-3.05954,-0.61525,-0.06896,-0.77388,79.229,6059.931,26024.0
9.573713263000462,8.2954,-6.10195,-2.25482,-0.26625,0.10012,-0.45146,9.54011,-6.41049,-2.85733,-0.54686,-0.06661,-0.82941,79.341,6363.0,26024.0
9.578713263000463,8.36285,-6.01576,-2.25926,-0.24217,0.12809,-0.46974,9.51102,-5.1214,-2.58214,-0.47848,-0.06425,-0.88493,79.493,6363.0,25947.088
9.583713263000462,8.43031,-5.92956,-2.26371,-0.21809,0.15606,-0.48801,9.48193,-3.8323,-2.30695,-0.41009,-0.06189,-0.94046,79.605,6363.0,25918.0
9.588713263000463,8.49776,-5.84337,-2.26815,-0.194,0.18403,-0.50629,9.45284,-2.5432,-2.03175,-0.3417,-0.05953,-0.99598,79.693,6363.0,25918.0
9.593713263000462,8.56521,-5.75718,-2.27259,-0.18378,0.17184,-0.4801,9.42375,-1.25411,-1.75656,-0.31216,-0.06548,-0.96467,79.781,7516.463,25918.0
9.598713263000462,8.63267,-5.67098,-2.27704,-0.17874,0.14459,-0.43724,9.39466,0.03499,-1.48136,-0.29717,-0.07454,-0.9008,79.932,7949.0,25918.0
9.603713263000461,8.70012,-5.58479,-2.28148,-0.1737,0.11735,-0.39438,9.36557,1.32408,-1.20617,-0.28219,-0.08359,-0.83693,80.044,7949.0,25696.19
9.608713263000462,8.76787,-5.52774,-2.21741,-0.16867,0.0901,-0.35152,9.40916,1.55013,-1.21398,-0.26721,-0.09265,-0.77306,80.132,8455.338,25613.0
9.613713263000461,8.83572,-5.48161,-2.12769,-0.16363,0.06286,-0.30865,9.47996,1.37813,-1.32775,-0.25223,-0.10171,-0.70919,80.22,8648.0,25613.0
9.618713263000462,8.90357,-5.43548,-2.03796,-0.1586,0.03561,-0.26579,9.55077,1.20613,-1.44152,-0.23724,-0.11077,-0.64532,80.372,8648.0,25594.859
9.623713263000463,8.97142,-5.38934,-1.94824,-0.15356,0.00837,-0.22293,9.62157,1.03413,-1.55528,-0.22226,-0.11982,-0.58145,80.484,8648.0,25588.0
9.628713263000462,9.03927,-5.34321,-1.85852,-0.14853,-0.01888,-0.18007,9.69237,0.86214,-1.66905,-0.19528,-0.12211,-0.55783,80.635,9538.525,25588.0
9.633713263000462,9.08069,-5.29501,-1.85481,-0.1324,-0.02745,-0.15339,9.76317,0.69014,-1.78282,-0.1637,-0.12179,-0.54964,80.747,9876.0,25588.0
9.638713263000461,9.11213,-5.24603,-1.88356,-0.11209,-0.02898,-0.1328,9.83398,0.51814,-1.89659,-0.13213,-0.12147,-0.54146,80.899,9876.0,25793.975
9.643713263000462,9.14357,-5.19704,-1.9123,-0.09178,-0.03051,-0.11222,9.86994,0.36796,-1.98225,-0.10055,-0.12115,-0.53328,81.075,11000.002,25871.0
9.648713263000461,9.17501,-5.14806,-1.94105,-0.07147,-0.03204,-0.09163,9.8929,0.22592,-2.05741,-0.06897,-0.12084,-0.5251,81.123,11423.0,25871.0
9.653713263000462,9.20646,-5.09908,-1.9698,-0.05116,-0.03357,-0.07105,9.91586,0.08388,-2.13257,-0.03739,-0.12052,-0.51691,81.315,11423.0,25378.174
9.658713263000463,9.2379,-5.05009,-1.99854,-0.03085,-0.0351,-0.05047,9.93882,-0.05816,-2.20773,-0.00581,-0.1202,-0.50873,81.387,11423.0,25195.0
9.663713263000462,9.26934,-5.00111,-2.02729,-0.01054,-0.03663,-0.02988,9.96178,-0.2002,-2.28289,0.02577,-0.11989,-0.50055,81.643,12215.321,25195.0
9.668713263000463,9.31482,-4.9399,-2.07749,3e-05,-0.03002,-0.02452,9.98789,-0.24064,-2.40819,0.04081,-0.10867,-0.5022,81.802,12511.0,25195.0
9.673713263000462,9.36554,-4.87411,-2.1357,0.00697,-0.02035,-0.02484,10.01517,-0.24312,-2.55224,0.04967,-0.09338,-0.50754,82.018,12511.0,25423.768
9.678713263000462,9.41627,-4.80833,-2.19392,0.0139,-0.01069,-0.02516,10.04246,-0.2456,-2.69629,0.05852,-0.07809,-0.51287,82.154,12511.0,25510.0
9.683713263000461,9.46699,-4.74255,-2.25213,0.02084,-0.00103,-0.02549,10.06975,-0.24808,-2.84033,0.06738,-0.0628,-0.5182,82.306,12730.069,25510.0
9.688713263000462,9.48805,-4.71015,-2.25222,0.02777,0.00863,-0.02581,10.09703,-0.25056,-2.98438,0.07624,-0.0475,-0.52354,82.481,12812.0,25510.0
9.693713263000461,9.49802,-4.69024,-2.2306,0.03471,0.01829,-0.02613,10.12432,-0.25304,-3.12842,0.0851,-0.03221,-0.52887,82.593,12812.0,25232.32
9.698713263000462,9.50799,-4.67032,-2.20898,0.04164,0.02795,-0.02645,10.1516,-0.25552,-3.27247,0.09396,-0.01692,-0.5342,82.744,12812.0,25128.0
9.703713263000463,9.51796,-4.6504,-2.18736,0.04858,0.03761,-0.02678,10.14857,-0.17416,-3.23891,0.08798,-0.00915,-0.53526,82.857,13357.507,25128.0
9.708713263000462,9.52794,-4.63048,-2.16573,0.05552,0.04727,-0.0271,10.13382,-0.0604,-3.13671,0.07627,-0.00429,-0.53466,82.945,13564.0,25128.0
9.713713263000463,9.53791,-4.61056,-2.14411,0.05263,0.05257,-0.03407,10.11907,0.05336,-3.03452,0.06456,0.00057,-0.53406,83.097,13564.0,25266.18
9.718713263000462,9.54788,-4.59064,-2.12249,0.04607,0.05625,-0.04353,10.10432,0.16712,-2.93232,0.05284,0.00544,-0.53346,83.208,13564.0,25318.0
9.723713263000462,9.55785,-4.57072,-2.10087,0.03952,0.05993,-0.05299,10.08957,0.28089,-2.83012,0.04113,0.0103,-0.53286,83.36,13939.899,25318.0
9.728713263000461,9.54361,-4.57154,-2.10098,0.03296,0.0636,-0.06245,10.0787,0.27761,-2.76975,0.02942,0.01516,-0.53226,83.472,14081.0,25318.0
9.733713263000462,9.52029,-4.58014,-2.10925,0.02641,0.06728,-0.0719,10.06927,0.23044,-2.72507,0.01771,0.02003,-0.53166,83.56,14081.0,25107.136
9.738713263000461,9.49696,-4.58873,-2.11752,0.01985,0.07096,-0.08136,10.05984,0.18328,-2.68039,0.006,0.02489,-0.53106,83.711,14081.0,25028.0
9.743713263000462,9.47364,-4.59733,-2.12579,0.0133,0.07464,-0.09082,10.05041,0.13612,-2.63571,-0.00571,0.02975,-0.53046,83.823,14728.188,25028.0
9.748713263000463,9.45032,-4.60593,-2.13406,0.00674,0.07831,-0.10028,10.04099,0.08895,-2.59103,-0.01742,0.03462,-0.52986,83.911,14974.0,25028.0
9.753713263000462,9.427,-4.61452,-2.14233,-0.00063,0.08376,-0.11729,10.03156,0.04179,-2.54634,-0.03764,0.04123,-0.53604,83.999,14974.0,24926.237
9.758713263000462,9.40367,-4.62312,-2.15059,-0.0083,0.08989,-0.13716,10.02213,-0.00537,-2.50166,-0.06107,0.04851,-0.54477,84.087,14974.0,24888.0
9.763713263000461,9.37029,-4.66297,-2.13309,-0.01598,0.09601,-0.15703,10.0127,-0.05254,-2.45698,-0.08451,0.05579,-0.55351,84.175,15179.855,24888.0
9.768713263000462,9.33308,-4.71468,-2.10581,-0.02366,0.10213,-0.1769,10.01353,-0.08445,-2.44734,-0.10794,0.06307,-0.56225,84.263,15257.0,24888.0
9.773713263000461,9.29588,-4.76639,-2.07854,-0.03133,0.10825,-0.19676,10.01818,-0.11067,-2.45078,-0.13137,0.07035,-0.57098,84.351,15257.0,24445.555
9.778713263000462,9.25867,-4.81809,-2.05126,-0.03901,0.11437,-0.21663,10.02282,-0.13688,-2.45421,-0.1401,0.07125,-0.57146,84.439,15257.0,24278.0
9.783713263000463,9.22147,-4.8698,-2.02398,-0.04668,0.12049,-0.2365,10.02747,-0.1631,-2.45765,-0.14328,0.06973,-0.56883,84.527,15257.0,24278.0
9.788713263000462,9.18426,-4.9215,-1.99671,-0.05436,0.12661,-0.25637,10.03212,-0.18932,-2.46109,-0.14646,0.06822,-0.5662,84.551,15411.895,24278.0
9.793713263000463,9.14676,-4.93269,-1.9939,-0.05962,0.12895,-0.26947,10.03677,-0.21554,-2.46452,-0.14965,0.06671,-0.56357,84.615,15470.0,24278.0
9.798713263000462,9.10914,-4.92866,-2.00028,-0.06397,0.12988,-0.28004,10.00647,-0.14768,-2.42146,-0.15283,0.06519,-0.56093,84.703,15470.0,24400.956
9.803713263000462,9.07151,-4.92463,-2.00666,-0.06832,0.13081,-0.29061,9.96298,-0.04429,-2.36084,-0.15602,0.06368,-0.5583,84.727,15763.602,24447.0
9.808713263000461,9.03389,-4.92061,-2.01304,-0.07267,0.13173,-0.30118,9.91949,0.05911,-2.30022,-0.1592,0.06217,-0.55567,84.727,15874.0,24447.0
9.813713263000462,9.0294,-4.90914,-1.99739,-0.07702,0.13266,-0.31175,9.876,0.1625,-2.2396,-0.16238,0.06065,-0.55303,84.791,15874.0,24011.952
9.818713263000461,9.03737,-4.89486,-1.97345,-0.08136,0.13359,-0.32232,9.83251,0.2659,-2.17898,-0.16557,0.05914,-0.5504,84.878,15874.0,23849.0
9.823713263000462,9.04533,-4.88059,-1.94952,-0.08571,0.13451,-0.33289,9.78901,0.3693,-2.11836,-0.16875,0.05763,-0.54777,84.902,15874.0,23849.0
9.828713263000463,9.0533,-4.86632,-1.92559,-0.09006,0.13544,-0.34346,9.74552,0.47269,-2.05774,-0.17193,0.05611,-0.54513,84.966,15943.056,23849.0
9.833713263000462,9.06126,-4.85205,-1.90165,-0.09441,0.13637,-0.35402,9.7295,0.5798,-2.03018,-0.17214,0.05525,-0.5377,84.99,15969.0,23920.944
9.838713263000463,9.06923,-4.83777,-1.87772,-0.09491,0.13332,-0.34852,9.72381,0.68831,-2.01505,-0.17123,0.05464,-0.52847,85.054,15969.0,23948.0
9.843713263000462,9.07719,-4.8235,-1.85379,-0.09396,0.12879,-0.33696,9.71812,0.79682,-1.99993,-0.17032,0.05403,-0.51923,85.078,16407.926,23948.0
9.848713263000462,9.08516,-4.80923,-1.82985,-0.09301,0.12425,-0.32541,9.71243,0.90532,-1.9848,-0.16941,0.05342,-0.50999,85.142,16572.0,23948.0
9.853713263000461,9.09312,-4.79496,-1.80592,-0.09206,0.11971,-0.31386,9.71504,0.89531,-1.9841,-0.1685,0.0528,-0.50076,85.166,16572.0,23786.511
9.858713263000462,9.0994,-4.78222,-1.81748,-0.09226,0.11799,-0.31343,9.72079,0.84049,-1.98884,-0.16759,0.05219,-0.49152,85.23,16572.0,23725.0
9.863713263000461,9.10504,-4.77007,-1.84259,-0.09288,0.11733,-0.31726,9.72653,0.78568,-1.99359,-0.16668,0.05158,-0.48228,85.254,16988.097,23725.0
9.868713263000462,9.11068,-4.75791,-1.8677,-0.09351,0.11668,-0.32109,9.73228,0.73086,-1.99833,-0.16577,0.05096,-0.47305,85.254,17144.0,23725.0
9.873713263000463,9.11632,-4.74576,-1.89282,-0.09414,0.11603,-0.32491,9.73802,0.67604,-2.00308,-0.16486,0.05035,-0.46381,85.318,17144.0,23725.0
9.878713263000462,9.12196,-4.73361,-1.91793,-0.09477,0.11538,-0.32874,9.74377,0.62122,-2.00782,-0.1615,0.04683,-0.46642,85.342,17144.0,23685.702
9.883713263000462,9.12981,-4.71301,-1.91952,-0.0954,0.11473,-0.33257,9.74952,0.5664,-2.01257,-0.15722,0.04222,-0.47348,85.406,17453.847,23671.0
9.888713263000461,9.13849,-4.68924,-1.91232,-0.09602,0.11408,-0.33639,9.75526,0.51158,-2.01732,-0.15294,0.03762,-0.48054,85.494,17570.0,23671.0
9.893713263000462,9.14716,-4.66548,-1.90512,-0.09665,0.11343,-0.34022,9.76101,0.45676,-2.02206,-0.14865,0.03301,-0.4876,85.518,17570.0,23556.287
9.898713263000461,9.15583,-4.64172,-1.89793,-0.09728,0.11277,-0.34405,9.76676,0.40194,-2.02681,-0.14437,0.0284,-0.49467,85.581,17570.0,23513.0
9.903713263000462,9.1645,-4.61796,-1.89073,-0.09791,0.11212,-0.34788,9.78052,0.4085,-2.03124,-0.14144,0.02795,-0.49819,85.605,17638.435,23513.0
9.908713263000463,9.17318,-4.5942,-1.88353,-0.09678,0.11098,-0.35088,9.79729,0.43804,-2.03556,-0.13902,0.02905,-0.50038,85.669,17664.0,23513.0
9.913713263000462,9.18185,-4.57044,-1.87634,-0.095,0.10965,-0.35359,9.81405,0.46759,-2.03987,-0.13659,0.03016,-0.50258,85.693,17664.0,23548.341
9.918713263000463,9.19052,-4.54668,-1.86914,-0.09322,0.10832,-0.35629,9.83082,0.49713,-2.04419,-0.13417,0.03126,-0.50478,85.757,17664.0,23562.0
9.923713263000462,9.21543,-4.51506,-1.87132,-0.09144,0.10699,-0.35899,9.84758,0.52667,-2.04851,-0.13175,0.03237,-0.50697,85.781,17882.268,23562.0
9.928713263000462,9.24641,-4.4805,-1.877,-0.08966,0.10566,-0.36169,9.87436,0.65678,-2.11264,-0.12932,0.03347,-0.50917,85.845,17964.0,23562.0
9.933713263000461,9.2774,-4.44593,-1.88268,-0.08788,0.10433,-0.3644,9.90489,0.82457,-2.19917,-0.1269,0.03458,-0.51136,85.869,17964.0,23562.0
9.938713263000462,9.30838,-4.41137,-1.88837,-0.0861,0.103,-0.3671,9.93542,0.99236,-2.28571,-0.12447,0.03568,-0.51356,85.933,17964.0,23391.101
9.943713263000461,9.33937,-4.3768,-1.89405,-0.08432,0.10167,-0.3698,9.94725,0.97332,-2.30127,-0.12783,0.03737,-0.52326,85.957,17964.0,23327.0
9.948713263000462,9.37035,-4.34224,-1.89973,-0.08254,0.10034,-0.3725,9.95207,0.88435,-2.29026,-0.13335,0.03928,-0.53578,85.957,18276.514,23327.0
9.953713263000463,9.37563,-4.33166,-1.89288,-0.08574,0.10132,-0.38421,9.95689,0.79537,-2.27925,-0.13887,0.04118,-0.54829,86.021,18394.0,23327.0
9.958713263000462,9.37123,-4.33012,-1.88131,-0.09082,0.10317,-0.3993,9.96172,0.7064,-2.26825,-0.14439,0.04309,-0.56081,86.045,18394.0,23286.245
9.963713263000463,9.36682,-4.32858,-1.86973,-0.0959,0.10501,-0.4144,9.96654,0.61743,-2.25724,-0.14991,0.045,-0.57332,86.109,18394.0,23271.0
9.968713263000462,9.36242,-4.32703,-1.85816,-0.10098,0.10686,-0.4295,9.97137,0.52845,-2.24623,-0.15543,0.0469,-0.58584,86.133,18439.146,23271.0
9.973713263000462,9.35801,-4.32549,-1.84659,-0.10606,0.1087,-0.44459,9.97619,0.43948,-2.23523,-0.16094,0.04881,-0.59835,86.197,18456.0,23271.0
9.978713263000461,9.35361,-4.32395,-1.83501,-0.11114,0.11055,-0.45969,9.98102,0.3505,-2.22422,-0.16646,0.05071,-0.61087,86.285,18456.0,23007.186
9.983713263000462,9.3492,-4.32241,-1.82344,-0.11622,0.11239,-0.47479,9.98584,0.26153,-2.21321,-0.17198,0.05262,-0.62338,86.309,18456.0,22908.0
9.988713263000461,9.348,-4.32199,-1.82028,-0.11761,0.1129,-0.47891,9.98716,0.23723,-2.21021,-0.17349,0.05314,-0.6268,86.309,18606.263,22908.0
9.993713263000462,9.348,-4.32199,-1.82028,-0.11761,0.1129,-0.47891,9.98716,0.23723,-2.21021,-0.17349,0.05314,-0.6268,86.309,18663.0,22908.0
