subject,mode,trial,n_samples,duration_s,foot_quality,shank_quality,foot_saturated_pct,shank_saturated_pct
AB06,treadmill,treadmill_01_01,28612,143.05,ok,rejected: accelerometer not explained (rel 1.02): saturated/damped/corrupt,0.03,0.0
AB06,treadmill,treadmill_02_01,28646,143.22,ok,rejected: accelerometer not explained (rel 1.01): saturated/damped/corrupt,0.05,0.0
AB06,treadmill,treadmill_03_01,29112,145.56,rejected: poor gyro fit (1.33),rejected: accelerometer not explained (rel 1.04): saturated/damped/corrupt,0.05,0.0
AB06,treadmill,treadmill_04_01,28713,143.56,ok,rejected: accelerometer not explained (rel 1.04): saturated/damped/corrupt,0.12,0.0
AB06,treadmill,treadmill_05_01,28744,143.71,ok,rejected: accelerometer not explained (rel 1.06): saturated/damped/corrupt,0.11,0.0
AB06,treadmill,treadmill_06_01,28778,143.88,ok,rejected: accelerometer not explained (rel 1.07): saturated/damped/corrupt,0.13,0.0
AB06,treadmill,treadmill_07_01,28813,144.06,not checked,not checked,0.23,0.0
AB06,treadmill,treadmill_08_01,28845,144.22,not checked,not checked,0.19,0.0
AB06,levelground,levelground_ccw_fast_01_01,3068,15.33,ok,ok,0.13,0.0
AB06,levelground,levelground_ccw_fast_02_01,3313,16.56,not checked,not checked,0.09,0.0
AB06,levelground,levelground_ccw_fast_03_01,3167,15.83,not checked,not checked,0.09,0.0
AB06,levelground,levelground_ccw_fast_04_01,3100,15.5,not checked,not checked,0.13,0.0
AB06,levelground,levelground_ccw_fast_05_01,3150,15.75,not checked,not checked,0.06,0.0
AB06,levelground,levelground_ccw_normal_01_01,3954,19.77,ok,rejected: accelerometer not explained (rel 0.97): saturated/damped/corrupt,0.0,0.0
AB06,levelground,levelground_ccw_normal_02_01,3627,18.13,not checked,not checked,0.0,0.0
AB06,levelground,levelground_ccw_normal_03_01,3673,18.36,not checked,not checked,0.0,0.0
AB06,levelground,levelground_ccw_normal_04_01,3445,17.22,not checked,not checked,0.0,0.0
AB06,levelground,levelground_ccw_normal_05_01,3500,17.49,not checked,not checked,0.0,0.0
AB06,levelground,levelground_ccw_slow_01_01,6216,31.07,ok,rejected: accelerometer not explained (rel 0.94): saturated/damped/corrupt,0.0,0.0
AB06,levelground,levelground_ccw_slow_02_01,5812,29.05,not checked,not checked,0.0,0.0
AB06,levelground,levelground_ccw_slow_03_01,4544,22.71,not checked,not checked,0.0,0.0
AB06,levelground,levelground_ccw_slow_04_01,4287,21.43,not checked,not checked,0.0,0.0
AB06,levelground,levelground_ccw_slow_05_01,4421,22.1,not checked,not checked,0.0,0.0
AB06,levelground,levelground_cw_fast_01_01,3223,16.11,ok,ok,0.12,0.0
AB06,levelground,levelground_cw_fast_02_01,3095,15.47,not checked,not checked,0.06,0.0
AB06,levelground,levelground_cw_fast_03_01,3362,16.8,not checked,not checked,0.06,0.0
AB06,levelground,levelground_cw_fast_04_01,3359,16.79,not checked,not checked,0.0,0.0
AB06,levelground,levelground_cw_fast_05_01,3271,16.35,not checked,not checked,0.03,0.0
AB06,levelground,levelground_cw_normal_01_01,4084,20.41,ok,ok,0.0,0.0
AB06,levelground,levelground_cw_normal_02_01,3984,19.91,not checked,not checked,0.03,0.0
AB06,levelground,levelground_cw_normal_03_01,3978,19.88,not checked,not checked,0.75,0.0
AB06,levelground,levelground_cw_normal_04_01,3868,19.34,not checked,not checked,0.0,0.0
AB06,levelground,levelground_cw_normal_05_01,3897,19.48,not checked,not checked,0.0,0.0
AB06,levelground,levelground_cw_slow_01_01,6659,33.29,ok,rejected: poor gyro fit (0.43),0.0,0.0
AB06,levelground,levelground_cw_slow_02_01,4874,24.37,not checked,not checked,0.0,0.0
AB06,levelground,levelground_cw_slow_03_01,5912,29.55,not checked,not checked,0.0,0.0
AB06,levelground,levelground_cw_slow_04_01,5149,25.74,not checked,not checked,0.0,0.0
AB06,levelground,levelground_cw_slow_05_01,5408,27.03,not checked,not checked,0.0,0.0
AB06,ramp,ramp_1_l_01_01,3226,16.12,ok,rejected: accelerometer not explained (rel 1.00): saturated/damped/corrupt,0.03,0.0
AB06,ramp,ramp_1_l_02_01,3277,16.38,not checked,not checked,0.03,0.0
AB06,ramp,ramp_1_l_03_01,3269,16.34,not checked,not checked,0.0,0.03
AB06,ramp,ramp_1_l_04_01,3196,15.98,not checked,not checked,0.0,0.0
AB06,ramp,ramp_1_l_05_01,3098,15.48,not checked,not checked,0.0,0.03
AB06,ramp,ramp_1_r_01_01,3564,17.81,not checked,not checked,0.0,0.0
AB06,ramp,ramp_1_r_02_01,3686,18.43,not checked,not checked,0.03,0.0
AB06,ramp,ramp_1_r_03_01,3464,17.32,not checked,not checked,0.0,0.0
AB06,ramp,ramp_1_r_04_01,3280,16.4,not checked,not checked,0.0,0.0
AB06,ramp,ramp_1_r_05_01,3181,15.9,not checked,not checked,0.0,0.0
AB06,ramp,ramp_2_l_01_01,3308,16.54,ok,ok,0.0,0.0
AB06,ramp,ramp_2_l_01_02,3294,16.47,not checked,not checked,0.03,0.0
AB06,ramp,ramp_2_l_02_01,3185,15.92,not checked,not checked,0.06,0.03
AB06,ramp,ramp_2_l_02_02,3529,17.64,not checked,not checked,0.03,0.03
AB06,ramp,ramp_2_l_03_01,3209,16.04,not checked,not checked,0.0,0.0
AB06,ramp,ramp_2_l_03_02,3128,15.64,not checked,not checked,0.03,0.03
AB06,ramp,ramp_2_r_01_01,3250,16.25,not checked,not checked,0.0,0.0
AB06,ramp,ramp_2_r_02_01,3159,15.79,not checked,not checked,0.0,0.0
AB06,ramp,ramp_2_r_02_02,3298,16.48,not checked,not checked,0.0,0.0
AB06,ramp,ramp_2_r_03_01,3084,15.42,not checked,not checked,0.06,0.0
AB06,ramp,ramp_2_r_03_02,3256,16.27,ok,ok,0.06,0.0
AB06,ramp,ramp_3_l_01_01,3232,16.16,not checked,not checked,0.06,0.0
AB06,ramp,ramp_3_l_01_02,3120,15.6,not checked,not checked,0.13,0.0
AB06,ramp,ramp_3_l_01_03,3131,15.65,not checked,not checked,0.1,0.0
AB06,ramp,ramp_3_l_01_04,3115,15.57,not checked,not checked,0.06,0.0
AB06,ramp,ramp_3_l_01_05,3047,15.23,not checked,not checked,0.1,0.0
AB06,ramp,ramp_3_l_02_01,2994,14.97,not checked,not checked,0.03,0.0
AB06,ramp,ramp_3_r_01_01,3223,16.11,not checked,not checked,0.03,0.0
AB06,ramp,ramp_3_r_01_02,3170,15.84,not checked,not checked,0.06,0.0
AB06,ramp,ramp_3_r_01_03,3323,16.61,not checked,not checked,0.06,0.0
AB06,ramp,ramp_3_r_01_04,3124,15.62,ok,ok,0.0,0.0
AB06,ramp,ramp_3_r_01_05,3152,15.76,not checked,not checked,0.03,0.0
AB06,ramp,ramp_4_l_01_01,3294,16.46,not checked,not checked,0.0,0.0
AB06,ramp,ramp_4_l_01_02,3274,16.37,not checked,not checked,0.09,0.0
AB06,ramp,ramp_4_l_01_03,3275,16.37,not checked,not checked,0.06,0.0
AB06,ramp,ramp_4_l_01_04,3359,16.79,not checked,not checked,0.06,0.0
AB06,ramp,ramp_4_l_01_05,3383,16.91,not checked,not checked,0.09,0.03
AB06,ramp,ramp_4_l_01_06,3091,15.45,not checked,not checked,0.0,0.0
AB06,ramp,ramp_4_r_01_01,3135,15.67,not checked,not checked,0.0,0.0
AB06,ramp,ramp_4_r_01_02,3248,16.23,not checked,not checked,0.06,0.0
AB06,ramp,ramp_4_r_01_03,3243,16.21,ok,rejected: accelerometer not explained (rel 0.75): saturated/damped/corrupt,0.03,0.0
AB06,ramp,ramp_4_r_01_04,3366,16.83,not checked,not checked,0.03,0.0
AB06,ramp,ramp_4_r_01_05,3383,16.91,not checked,not checked,0.03,0.0
AB06,ramp,ramp_5_l_01_01,3529,17.64,not checked,not checked,0.0,0.0
AB06,ramp,ramp_5_l_01_02,3770,18.84,not checked,not checked,0.0,0.0
AB06,ramp,ramp_5_l_01_03,3856,19.27,not checked,not checked,0.0,0.0
AB06,ramp,ramp_5_l_01_04,3714,18.56,not checked,not checked,0.0,0.0
AB06,ramp,ramp_5_l_01_05,3823,19.11,not checked,not checked,0.0,0.0
AB06,ramp,ramp_5_r_01_01,3317,16.58,not checked,not checked,0.0,0.0
AB06,ramp,ramp_5_r_01_02,3555,17.77,not checked,not checked,0.0,0.03
AB06,ramp,ramp_5_r_01_03,3694,18.47,ok,ok,0.0,0.0
AB06,ramp,ramp_5_r_01_04,3720,18.6,not checked,not checked,0.0,0.0
AB06,ramp,ramp_5_r_01_05,3728,18.63,not checked,not checked,0.0,0.0
AB06,ramp,ramp_6_l_01_01,3987,19.93,not checked,not checked,0.0,0.0
AB06,ramp,ramp_6_l_01_02,4172,20.85,not checked,not checked,0.0,0.0
AB06,ramp,ramp_6_l_01_03,4286,21.43,not checked,not checked,0.02,0.0
AB06,ramp,ramp_6_l_01_04,4240,21.19,not checked,not checked,0.02,0.0
AB06,ramp,ramp_6_l_01_05,4198,20.99,not checked,not checked,0.0,0.0
AB06,ramp,ramp_6_r_01_01,3842,19.2,not checked,not checked,0.0,0.0
AB06,ramp,ramp_6_r_01_02,4087,20.43,not checked,not checked,0.02,0.0
AB06,ramp,ramp_6_r_01_03,4172,20.86,not checked,not checked,0.0,0.0
AB06,ramp,ramp_6_r_01_04,4108,20.54,not checked,not checked,0.0,0.0
AB06,ramp,ramp_6_r_01_05,4191,20.95,not checked,not checked,0.0,0.0
AB06,stair,stair_1_l_01_01,3045,15.22,ok,rejected: accelerometer not explained (rel 1.03): saturated/damped/corrupt,0.0,0.0
AB06,stair,stair_1_l_01_02,2907,14.53,not checked,not checked,0.0,0.0
AB06,stair,stair_1_l_01_03,3150,15.74,not checked,not checked,0.0,0.0
AB06,stair,stair_1_l_01_04,3086,15.42,not checked,not checked,0.0,0.0
AB06,stair,stair_1_l_01_05,2988,14.94,not checked,not checked,0.0,0.0
AB06,stair,stair_1_l_01_06,2930,14.65,not checked,not checked,0.0,0.0
AB06,stair,stair_1_r_01_01,3238,16.19,not checked,not checked,0.0,0.0
AB06,stair,stair_1_r_01_02,3705,18.52,ok,rejected: accelerometer not explained (rel 0.95): saturated/damped/corrupt,0.0,0.0
AB06,stair,stair_1_r_01_03,3187,15.93,not checked,not checked,0.0,0.0
AB06,stair,stair_1_r_01_04,3286,16.42,not checked,not checked,0.0,0.0
AB06,stair,stair_1_r_01_05,3395,16.97,not checked,not checked,0.0,0.0
AB06,stair,stair_2_l_01_01,2698,13.48,not checked,not checked,0.0,0.0
AB06,stair,stair_2_l_01_02,2750,13.74,not checked,not checked,0.0,0.0
AB06,stair,stair_2_l_01_03,2914,14.57,not checked,not checked,0.0,0.0
AB06,stair,stair_2_l_02_01,2765,13.82,ok,rejected: accelerometer not explained (rel 1.11): saturated/damped/corrupt,0.0,0.0
AB06,stair,stair_2_l_02_02,2885,14.42,not checked,not checked,0.0,0.0
AB06,stair,stair_2_l_02_03,2991,14.95,not checked,not checked,0.0,0.0
AB06,stair,stair_2_r_01_01,2769,13.84,not checked,not checked,0.0,0.0
AB06,stair,stair_2_r_01_02,2748,13.73,not checked,not checked,0.0,0.0
AB06,stair,stair_2_r_01_03,2940,14.69,not checked,not checked,0.0,0.0
AB06,stair,stair_2_r_01_04,2852,14.25,not checked,not checked,0.0,0.0
AB06,stair,stair_2_r_01_05,2743,13.71,ok,rejected: accelerometer not explained (rel 1.10): saturated/damped/corrupt,0.0,0.0
AB06,stair,stair_3_l_01_01,3024,15.12,not checked,not checked,0.0,0.0
AB06,stair,stair_3_l_01_02,3151,15.75,not checked,not checked,0.0,0.0
AB06,stair,stair_3_l_01_03,3001,15.0,not checked,not checked,0.0,0.0
AB06,stair,stair_3_l_01_04,3152,15.75,not checked,not checked,0.0,0.0
AB06,stair,stair_3_l_01_05,2951,14.75,not checked,not checked,0.0,0.0
AB06,stair,stair_3_r_01_01,3086,15.43,not checked,not checked,0.0,0.0
AB06,stair,stair_3_r_01_02,3041,15.2,ok,rejected: accelerometer not explained (rel 1.08): saturated/damped/corrupt,0.0,0.0
AB06,stair,stair_3_r_01_03,3163,15.81,not checked,not checked,0.0,0.0
AB06,stair,stair_3_r_01_04,3030,15.14,not checked,not checked,0.0,0.0
AB06,stair,stair_3_r_01_05,3118,15.59,not checked,not checked,0.0,0.0
AB06,stair,stair_4_l_01_01,2864,14.31,not checked,not checked,0.0,0.0
AB06,stair,stair_4_l_01_02,2945,14.72,not checked,not checked,0.0,0.0
AB06,stair,stair_4_l_01_03,2986,14.92,not checked,not checked,0.0,0.0
AB06,stair,stair_4_l_01_04,2848,14.23,ok,rejected: accelerometer not explained (rel 1.07): saturated/damped/corrupt,0.0,0.0
AB06,stair,stair_4_l_01_05,3062,15.31,not checked,not checked,0.0,0.0
AB06,stair,stair_4_r_01_01,2990,14.94,not checked,not checked,0.0,0.0
AB06,stair,stair_4_r_01_02,3190,15.95,not checked,not checked,0.0,0.0
AB06,stair,stair_4_r_01_03,3139,15.69,not checked,not checked,0.0,0.0
AB06,stair,stair_4_r_01_04,3148,15.73,not checked,not checked,0.0,0.0
AB06,stair,stair_4_r_01_05,3082,15.41,not checked,not checked,0.0,0.0
AB07,treadmill,treadmill_01_01,28612,143.06,ok,ok,0.21,0.05
AB07,treadmill,treadmill_02_01,28647,143.23,ok,ok,0.23,0.03
AB07,treadmill,treadmill_03_01,28679,143.39,ok,ok,0.24,0.02
AB07,treadmill,treadmill_04_01,28713,143.56,ok,ok,0.29,0.06
AB07,treadmill,treadmill_04_2_01,28713,143.56,ok,ok,0.34,0.05
AB07,treadmill,treadmill_05_01,28746,143.73,ok,ok,0.32,0.04
AB07,treadmill,treadmill_06_01,28778,143.88,not checked,not checked,0.34,0.05
AB07,treadmill,treadmill_07_01,28812,144.05,not checked,not checked,0.35,0.03
AB07,treadmill,treadmill_08_01,28845,144.22,not checked,not checked,0.41,0.06
AB07,levelground,levelground_ccw_fast_01_01,4656,23.27,rejected: poor gyro fit (1.13),rejected: poor gyro fit (1.12),0.21,0.09
AB07,levelground,levelground_ccw_fast_01_02,3507,17.53,not checked,not checked,0.37,0.14
AB07,levelground,levelground_ccw_fast_01_03,3447,17.23,not checked,not checked,0.26,0.12
AB07,levelground,levelground_ccw_fast_01_04,3021,15.1,not checked,not checked,0.33,0.2
AB07,levelground,levelground_ccw_fast_01_05,3394,16.97,not checked,not checked,0.24,0.12
AB07,levelground,levelground_ccw_normal_01_01,4775,23.87,ok,ok,0.1,0.08
AB07,levelground,levelground_ccw_normal_01_02,4401,22.0,not checked,not checked,0.02,0.07
AB07,levelground,levelground_ccw_normal_01_03,4255,21.27,not checked,not checked,0.05,0.09
AB07,levelground,levelground_ccw_normal_02_01,5851,29.25,not checked,not checked,0.14,0.09
AB07,levelground,levelground_ccw_normal_02_02,4510,22.55,not checked,not checked,0.04,0.07
AB07,levelground,levelground_ccw_slow_01_01,5578,27.89,ok,ok,0.0,0.02
AB07,levelground,levelground_ccw_slow_01_02,6171,30.85,not checked,not checked,0.02,0.03
AB07,levelground,levelground_ccw_slow_01_03,5471,27.35,not checked,not checked,0.02,0.02
AB07,levelground,levelground_ccw_slow_01_04,5188,25.94,not checked,not checked,0.04,0.0
AB07,levelground,levelground_ccw_slow_01_05,5297,26.48,not checked,not checked,0.0,0.02
AB07,levelground,levelground_cw_fast_01_01,4843,24.21,ok,rejected: poor gyro fit (0.52),0.04,0.17
AB07,levelground,levelground_cw_fast_01_02,4277,21.38,not checked,not checked,0.07,0.02
AB07,levelground,levelground_cw_fast_01_03,4137,20.68,not checked,not checked,0.05,0.02
AB07,levelground,levelground_cw_fast_01_04,4426,22.12,not checked,not checked,0.11,0.05
AB07,levelground,levelground_cw_fast_01_05,4047,20.23,not checked,not checked,0.07,0.02
AB07,levelground,levelground_cw_normal_01_01,5414,27.07,ok,ok,0.0,0.0
AB07,levelground,levelground_cw_normal_01_02,4614,23.07,not checked,not checked,0.0,0.0
AB07,levelground,levelground_cw_normal_01_03,5221,26.1,not checked,not checked,0.0,0.0
AB07,levelground,levelground_cw_normal_01_04,4986,24.92,not checked,not checked,0.0,0.04
AB07,levelground,levelground_cw_normal_01_05,5009,25.04,not checked,not checked,0.0,0.0
AB07,levelground,levelground_cw_slow_01_01,6253,31.26,ok,ok,0.0,0.0
AB07,levelground,levelground_cw_slow_01_02,5304,26.52,not checked,not checked,0.0,0.04
AB07,levelground,levelground_cw_slow_01_03,5803,29.01,not checked,not checked,0.0,0.0
AB07,levelground,levelground_cw_slow_01_04,5285,26.42,not checked,not checked,0.0,0.0
AB07,levelground,levelground_cw_slow_01_05,5249,26.24,not checked,not checked,0.0,0.0
AB07,levelground,levelground_cw_slow_02_01,7387,36.93,not checked,not checked,0.0,0.0
AB07,ramp,ramp_1_l_01_01,4115,20.57,ok,ok,0.02,0.0
AB07,ramp,ramp_1_l_01_02,3795,18.97,not checked,not checked,0.03,0.03
AB07,ramp,ramp_1_l_01_03,3718,18.58,not checked,not checked,0.05,0.03
AB07,ramp,ramp_1_l_01_04,3734,18.67,not checked,not checked,0.08,0.0
AB07,ramp,ramp_1_l_01_05,3671,18.35,not checked,not checked,0.05,0.0
AB07,ramp,ramp_1_r_01_01,3832,19.15,not checked,not checked,0.08,0.03
AB07,ramp,ramp_1_r_01_02,4328,21.63,not checked,not checked,0.05,0.0
AB07,ramp,ramp_1_r_01_03,3743,18.71,not checked,not checked,0.0,0.0
AB07,ramp,ramp_1_r_01_04,3655,18.27,not checked,not checked,0.0,0.05
AB07,ramp,ramp_1_r_01_05,3537,17.68,not checked,not checked,0.06,0.0
AB07,ramp,ramp_1_r_02_01,4975,24.87,not checked,not checked,0.0,0.0
AB07,ramp,ramp_1_r_02_02,3781,18.9,ok,rejected: poor gyro fit (0.39),0.11,0.0
AB07,ramp,ramp_1_r_02_03,3672,18.36,not checked,not checked,0.05,0.0
AB07,ramp,ramp_1_r_02_04,3705,18.52,not checked,not checked,0.0,0.05
AB07,ramp,ramp_2_l_01_01,3554,17.77,not checked,not checked,0.06,0.0
AB07,ramp,ramp_2_l_01_02,3590,17.95,not checked,not checked,0.03,0.0
AB07,ramp,ramp_2_l_01_03,3353,16.76,not checked,not checked,0.03,0.0
AB07,ramp,ramp_2_l_01_04,4571,22.85,not checked,not checked,0.0,0.0
AB07,ramp,ramp_2_l_02_01,3525,17.62,not checked,not checked,0.03,0.0
AB07,ramp,ramp_2_l_02_02,3550,17.74,not checked,not checked,0.0,0.0
AB07,ramp,ramp_2_r_02_01,3471,17.35,not checked,not checked,0.06,0.03
AB07,ramp,ramp_2_r_02_02,3618,18.08,not checked,not checked,0.06,0.0
AB07,ramp,ramp_2_r_02_03,3458,17.28,ok,ok,0.06,0.03
AB07,ramp,ramp_2_r_02_04,3361,16.8,not checked,not checked,0.06,0.0
AB07,ramp,ramp_2_r_02_05,3238,16.18,not checked,not checked,0.0,0.0
AB07,ramp,ramp_3_l_01_01,3486,17.43,not checked,not checked,0.09,0.0
AB07,ramp,ramp_3_l_01_02,3377,16.88,not checked,not checked,0.03,0.0
AB07,ramp,ramp_3_l_01_03,3487,17.43,not checked,not checked,0.09,0.0
AB07,ramp,ramp_3_l_01_04,3439,17.19,not checked,not checked,0.09,0.0
AB07,ramp,ramp_3_l_01_05,3509,17.54,not checked,not checked,0.06,0.0
AB07,ramp,ramp_3_r_01_01,3363,16.81,not checked,not checked,0.06,0.0
AB07,ramp,ramp_3_r_01_02,3626,18.12,not checked,not checked,0.03,0.0
AB07,ramp,ramp_3_r_01_03,3547,17.73,not checked,not checked,0.0,0.0
AB07,ramp,ramp_3_r_01_04,3715,18.57,ok,ok,0.03,0.0
AB07,ramp,ramp_3_r_01_05,3552,17.75,not checked,not checked,0.06,0.03
AB07,ramp,ramp_4_l_01_01,3711,18.55,not checked,not checked,0.03,0.0
AB07,ramp,ramp_4_l_01_02,3506,17.53,not checked,not checked,0.11,0.0
AB07,ramp,ramp_4_l_01_03,3722,18.6,not checked,not checked,0.08,0.0
AB07,ramp,ramp_4_l_01_04,3744,18.72,not checked,not checked,0.03,0.0
AB07,ramp,ramp_4_l_01_05,3405,17.02,not checked,not checked,0.09,0.0
AB07,ramp,ramp_4_r_01_01,4819,24.09,not checked,not checked,0.04,0.06
AB07,ramp,ramp_4_r_01_02,3629,18.14,not checked,not checked,0.14,0.0
AB07,ramp,ramp_4_r_01_03,3575,17.87,not checked,not checked,0.14,0.0
AB07,ramp,ramp_4_r_01_04,3524,17.62,not checked,not checked,0.09,0.0
AB07,ramp,ramp_4_r_01_05,3466,17.33,ok,ok,0.03,0.06
AB07,ramp,ramp_4_r_02_01,3433,17.16,not checked,not checked,0.06,0.03
AB07,ramp,ramp_4_r_02_02,3389,16.94,not checked,not checked,0.0,0.0
AB07,ramp,ramp_5_l_01_01,3821,19.1,not checked,not checked,0.03,0.0
AB07,ramp,ramp_5_l_01_02,3874,19.37,not checked,not checked,0.0,0.0
AB07,ramp,ramp_5_l_01_03,3906,19.53,not checked,not checked,0.0,0.0
AB07,ramp,ramp_5_l_01_04,3993,19.96,not checked,not checked,0.03,0.03
AB07,ramp,ramp_5_l_01_05,3782,18.91,not checked,not checked,0.03,0.0
AB07,ramp,ramp_5_l_02_01,3793,18.96,not checked,not checked,0.0,0.0
AB07,ramp,ramp_5_r_01_01,3847,19.23,not checked,not checked,0.0,0.0
AB07,ramp,ramp_5_r_01_02,4019,20.09,not checked,not checked,0.0,0.0
AB07,ramp,ramp_5_r_01_03,3783,18.91,ok,ok,0.03,0.05
AB07,ramp,ramp_5_r_01_04,3938,19.69,not checked,not checked,0.0,0.0
AB07,ramp,ramp_5_r_01_05,3765,18.82,not checked,not checked,0.0,0.03
AB07,ramp,ramp_6_l_01_01,4292,21.45,not checked,not checked,0.02,0.0
AB07,ramp,ramp_6_l_01_02,4953,24.76,not checked,not checked,0.1,0.02
AB07,ramp,ramp_6_l_01_03,4140,20.7,not checked,not checked,0.07,0.02
AB07,ramp,ramp_6_l_01_04,4147,20.73,not checked,not checked,0.02,0.0
AB07,ramp,ramp_6_l_01_05,3957,19.78,not checked,not checked,0.05,0.0
AB07,ramp,ramp_6_l_02_01,4350,21.75,not checked,not checked,0.07,0.0
AB07,ramp,ramp_6_l_02_02,4079,20.39,not checked,not checked,0.0,0.0
AB07,ramp,ramp_6_r_01_01,5093,25.46,not checked,not checked,0.02,0.0
AB07,ramp,ramp_6_r_01_02,4309,21.54,not checked,not checked,0.02,0.07
AB07,ramp,ramp_6_r_01_03,4305,21.52,not checked,not checked,0.02,0.0
AB07,ramp,ramp_6_r_01_04,4263,21.31,not checked,not checked,0.02,0.05
AB07,ramp,ramp_6_r_01_05,4255,21.27,not checked,not checked,0.02,0.0
AB07,stair,stair_1_l_01_01,2931,14.65,rejected: poor gyro fit (0.39),ok,0.03,0.0
AB07,stair,stair_1_l_01_02,2939,14.69,not checked,not checked,0.07,0.0
AB07,stair,stair_1_l_01_03,3229,16.14,not checked,not checked,0.0,0.0
AB07,stair,stair_1_l_01_04,2731,13.65,not checked,not checked,0.04,0.0
AB07,stair,stair_1_l_01_05,2961,14.8,not checked,not checked,0.0,0.0
AB07,stair,stair_1_r_01_01,3061,15.3,not checked,not checked,0.07,0.0
AB07,stair,stair_1_r_01_02,3423,17.11,not checked,not checked,0.0,0.03
AB07,stair,stair_1_r_01_03,2952,14.75,rejected: poor gyro fit (0.51),ok,0.03,0.0
AB07,stair,stair_1_r_01_04,3075,15.37,not checked,not checked,0.0,0.0
AB07,stair,stair_1_r_01_05,2902,14.5,not checked,not checked,0.03,0.0
AB07,stair,stair_2_l_01_01,3149,15.74,not checked,not checked,0.0,0.0
AB07,stair,stair_2_l_01_02,3161,15.8,not checked,not checked,0.0,0.0
AB07,stair,stair_2_l_01_03,3080,15.4,not checked,not checked,0.03,0.0
AB07,stair,stair_2_l_01_04,3057,15.28,not checked,not checked,0.03,0.0
AB07,stair,stair_2_l_01_05,2935,14.67,ok,ok,0.03,0.0
AB07,stair,stair_2_r_01_01,3065,15.32,not checked,not checked,0.0,0.0
AB07,stair,stair_2_r_01_02,3514,17.57,not checked,not checked,0.06,0.0
AB07,stair,stair_2_r_01_03,3477,17.38,not checked,not checked,0.06,0.0
AB07,stair,stair_2_r_01_04,3150,15.75,not checked,not checked,0.0,0.0
AB07,stair,stair_2_r_02_01,3503,17.51,not checked,not checked,0.03,0.0
AB07,stair,stair_2_r_02_02,3047,15.23,not checked,not checked,0.03,0.0
AB07,stair,stair_2_r_02_03,2828,14.14,ok,ok,0.07,0.0
AB07,stair,stair_3_l_01_01,2959,14.79,not checked,not checked,0.07,0.0
AB07,stair,stair_3_l_01_02,3191,15.95,not checked,not checked,0.03,0.0
AB07,stair,stair_3_l_01_03,3404,17.02,not checked,not checked,0.0,0.0
AB07,stair,stair_3_l_01_04,3120,15.59,not checked,not checked,0.06,0.0
AB07,stair,stair_3_l_01_05,2949,14.74,not checked,not checked,0.0,0.0
AB07,stair,stair_3_r_01_01,3010,15.04,not checked,not checked,0.0,0.0
AB07,stair,stair_3_r_01_02,3221,16.1,ok,ok,0.03,0.0
AB07,stair,stair_3_r_01_03,3221,16.1,not checked,not checked,0.0,0.0
AB07,stair,stair_3_r_01_04,3031,15.15,not checked,not checked,0.03,0.0
AB07,stair,stair_3_r_01_05,2786,13.92,not checked,not checked,0.04,0.0
AB07,stair,stair_3_r_02_01,2924,14.62,not checked,not checked,0.03,0.0
AB07,stair,stair_4_l_01_01,3047,15.23,not checked,not checked,0.0,0.0
AB07,stair,stair_4_l_01_02,3302,16.5,not checked,not checked,0.0,0.0
AB07,stair,stair_4_l_01_03,3278,16.39,rejected: poor gyro fit (0.32),ok,0.09,0.0
AB07,stair,stair_4_l_01_04,3311,16.55,not checked,not checked,0.06,0.0
AB07,stair,stair_4_l_01_05,3150,15.75,not checked,not checked,0.0,0.0
AB07,stair,stair_4_r_01_01,3205,16.02,not checked,not checked,0.03,0.0
AB07,stair,stair_4_r_01_02,3035,15.17,not checked,not checked,0.07,0.0
AB07,stair,stair_4_r_01_03,2907,14.53,not checked,not checked,0.03,0.0
AB07,stair,stair_4_r_01_04,3150,15.74,not checked,not checked,0.03,0.0
AB07,stair,stair_4_r_01_05,2797,13.98,not checked,not checked,0.04,0.0
AB08,treadmill,treadmill_01_01,28580,142.9,ok,ok,0.13,0.01
AB08,treadmill,treadmill_02_01,28611,143.05,ok,ok,0.14,0.01
AB08,treadmill,treadmill_03_01,28645,143.22,ok,ok,0.19,0.0
AB08,treadmill,treadmill_04_01,28678,143.38,ok,ok,0.22,0.0
AB08,treadmill,treadmill_05_01,28712,143.56,ok,ok,0.25,0.01
AB08,treadmill,treadmill_06_01,28744,143.72,ok,ok,0.32,0.02
AB08,treadmill,treadmill_07_01,28777,143.88,not checked,not checked,0.39,0.03
AB08,levelground,levelground_ccw_fast_01_01,3435,17.17,ok,ok,0.35,0.06
AB08,levelground,levelground_ccw_fast_01_02,2798,13.98,not checked,not checked,0.61,0.11
AB08,levelground,levelground_ccw_fast_01_03,2707,13.53,not checked,not checked,0.41,0.04
AB08,levelground,levelground_ccw_fast_01_04,2867,14.33,not checked,not checked,0.52,0.07
AB08,levelground,levelground_ccw_fast_01_05,2965,14.82,not checked,not checked,0.57,0.07
AB08,levelground,levelground_ccw_normal_01_01,4275,21.37,not checked,not checked,0.12,0.0
AB08,levelground,levelground_ccw_normal_01_02,3350,16.74,ok,ok,0.09,0.0
AB08,levelground,levelground_ccw_normal_01_03,3399,16.99,not checked,not checked,0.06,0.0
AB08,levelground,levelground_ccw_normal_01_04,3473,17.36,not checked,not checked,0.26,0.09
AB08,levelground,levelground_ccw_normal_01_05,3360,16.8,not checked,not checked,0.15,0.0
AB08,levelground,levelground_ccw_slow_01_01,5421,27.1,not checked,not checked,0.0,0.0
AB08,levelground,levelground_ccw_slow_01_02,4829,24.14,not checked,not checked,0.0,0.0
AB08,levelground,levelground_ccw_slow_01_03,4663,23.31,ok,ok,0.0,0.0
AB08,levelground,levelground_ccw_slow_01_04,4773,23.86,not checked,not checked,0.0,0.0
AB08,levelground,levelground_ccw_slow_01_05,4982,24.91,not checked,not checked,0.02,0.0
AB08,levelground,levelground_ccw_slow_02_01,6370,31.84,not checked,not checked,0.6,0.0
AB08,levelground,levelground_ccw_slow_02_02,4687,23.43,not checked,not checked,0.0,0.0
AB08,levelground,levelground_ccw_slow_02_03,4526,22.63,not checked,not checked,0.0,0.0
AB08,levelground,levelground_ccw_slow_02_04,4664,23.32,ok,ok,0.0,0.0
AB08,levelground,levelground_ccw_slow_02_05,4621,23.1,not checked,not checked,0.0,0.0
AB08,levelground,levelground_cw_fast_01_01,3354,16.77,not checked,not checked,0.39,0.06
AB08,levelground,levelground_cw_fast_01_02,3326,16.62,not checked,not checked,0.48,0.06
AB08,levelground,levelground_cw_fast_01_03,3491,17.45,not checked,not checked,0.32,0.03
AB08,levelground,levelground_cw_fast_01_04,3189,15.94,not checked,not checked,0.34,0.09
AB08,levelground,levelground_cw_fast_02_01,4584,22.91,rejected: poor gyro fit (0.62),rejected: poor gyro fit (0.85),10.32,0.02
AB08,levelground,levelground_cw_fast_02_02,3548,17.73,not checked,not checked,0.37,0.03
AB08,levelground,levelground_cw_normal_01_01,5120,25.59,not checked,not checked,0.02,0.0
AB08,levelground,levelground_cw_normal_01_02,3888,19.43,not checked,not checked,0.0,0.0
AB08,levelground,levelground_cw_normal_01_03,3893,19.46,not checked,not checked,0.0,0.0
AB08,levelground,levelground_cw_normal_01_04,3992,19.95,not checked,not checked,0.0,0.0
AB08,levelground,levelground_cw_normal_01_05,4081,20.4,ok,ok,0.0,0.0
AB08,levelground,levelground_cw_slow_01_01,6179,30.89,not checked,not checked,0.11,4.35
AB08,levelground,levelground_cw_slow_01_02,5550,27.74,not checked,not checked,0.0,0.0
AB08,levelground,levelground_cw_slow_01_03,5602,28.0,not checked,not checked,0.0,0.0
AB08,levelground,levelground_cw_slow_01_04,5530,27.64,not checked,not checked,0.0,0.0
AB08,levelground,levelground_cw_slow_01_05,6238,31.18,not checked,not checked,0.0,0.0
AB08,ramp,ramp_1_l_01_01,2990,14.95,ok,ok,0.13,0.03
AB08,ramp,ramp_1_l_01_02,2989,14.94,not checked,not checked,0.23,0.03
AB08,ramp,ramp_1_l_01_03,3182,15.91,not checked,not checked,0.22,0.0
AB08,ramp,ramp_1_l_01_04,2955,14.77,not checked,not checked,0.2,0.03
AB08,ramp,ramp_1_l_01_05,3077,15.38,not checked,not checked,0.16,0.0
AB08,ramp,ramp_1_r_01_01,3145,15.72,not checked,not checked,0.1,0.0
AB08,ramp,ramp_1_r_01_02,3033,15.16,not checked,not checked,0.03,0.0
AB08,ramp,ramp_1_r_01_03,3114,15.56,not checked,not checked,0.03,0.03
AB08,ramp,ramp_1_r_01_04,3078,15.38,not checked,not checked,0.1,0.0
AB08,ramp,ramp_1_r_01_05,3059,15.29,not checked,not checked,0.1,0.03
AB08,ramp,ramp_2_l_01_01,2968,14.83,ok,ok,0.17,0.03
AB08,ramp,ramp_2_l_01_02,3051,15.25,not checked,not checked,0.2,0.03
AB08,ramp,ramp_2_l_01_03,2989,14.94,not checked,not checked,0.1,0.0
AB08,ramp,ramp_2_l_01_04,2982,14.91,not checked,not checked,0.27,0.03
AB08,ramp,ramp_2_l_01_05,3047,15.23,not checked,not checked,0.13,0.0
AB08,ramp,ramp_2_r_01_01,3102,15.5,not checked,not checked,0.23,0.03
AB08,ramp,ramp_2_r_01_02,3027,15.13,not checked,not checked,0.2,0.07
AB08,ramp,ramp_2_r_01_03,2974,14.87,not checked,not checked,0.07,0.03
AB08,ramp,ramp_2_r_01_04,2958,14.79,not checked,not checked,0.14,0.0
AB08,ramp,ramp_2_r_01_05,2991,14.95,not checked,not checked,0.17,0.0
AB08,ramp,ramp_3_l_01_01,2926,14.63,ok,ok,0.17,0.0
AB08,ramp,ramp_3_l_01_02,2911,14.55,not checked,not checked,0.17,0.0
AB08,ramp,ramp_3_l_01_03,2931,14.65,not checked,not checked,0.24,0.03
AB08,ramp,ramp_3_l_01_04,3028,15.14,not checked,not checked,0.17,0.0
AB08,ramp,ramp_3_l_01_05,2940,14.7,not checked,not checked,0.27,0.07
AB08,ramp,ramp_3_r_01_01,2952,14.76,not checked,not checked,0.07,0.03
AB08,ramp,ramp_3_r_01_02,2974,14.87,not checked,not checked,0.17,0.07
AB08,ramp,ramp_3_r_01_03,2982,14.9,not checked,not checked,0.17,0.03
AB08,ramp,ramp_3_r_01_04,2975,14.87,not checked,not checked,0.2,0.07
AB08,ramp,ramp_3_r_01_05,2909,14.54,not checked,not checked,0.24,0.03
AB08,ramp,ramp_4_l_01_01,2839,14.19,ok,ok,0.28,0.0
AB08,ramp,ramp_4_l_01_02,2915,14.57,not checked,not checked,0.41,0.14
AB08,ramp,ramp_4_l_01_03,2942,14.7,not checked,not checked,0.34,0.07
AB08,ramp,ramp_4_l_01_04,2992,14.95,not checked,not checked,0.3,0.1
AB08,ramp,ramp_4_l_01_05,3067,15.33,not checked,not checked,0.46,0.07
AB08,ramp,ramp_4_r_01_01,3408,17.03,not checked,not checked,0.29,0.06
AB08,ramp,ramp_4_r_01_02,3004,15.01,not checked,not checked,0.2,0.0
AB08,ramp,ramp_4_r_01_03,3010,15.04,not checked,not checked,0.27,0.1
AB08,ramp,ramp_4_r_01_04,2897,14.48,not checked,not checked,0.31,0.03
AB08,ramp,ramp_4_r_01_05,2959,14.79,not checked,not checked,0.24,0.07
AB08,ramp,ramp_5_l_01_01,2840,14.2,ok,ok,0.32,0.0
AB08,ramp,ramp_5_l_01_02,2869,14.34,not checked,not checked,0.31,0.03
AB08,ramp,ramp_5_l_01_03,2844,14.22,not checked,not checked,0.35,0.0
AB08,ramp,ramp_5_l_01_04,2886,14.43,not checked,not checked,0.35,0.1
AB08,ramp,ramp_5_l_01_05,2888,14.44,not checked,not checked,0.31,0.03
AB08,ramp,ramp_5_r_01_01,3117,15.58,not checked,not checked,0.06,0.03
AB08,ramp,ramp_5_r_01_02,2986,14.92,not checked,not checked,0.3,0.03
AB08,ramp,ramp_5_r_01_03,2998,14.98,not checked,not checked,0.23,0.07
AB08,ramp,ramp_5_r_01_04,2983,14.91,not checked,not checked,0.2,0.07
AB08,ramp,ramp_5_r_01_05,2962,14.8,not checked,not checked,0.3,0.0
AB08,ramp,ramp_6_l_01_01,2975,14.87,ok,ok,0.3,0.13
AB08,ramp,ramp_6_l_01_02,3255,16.27,not checked,not checked,0.15,0.03
AB08,ramp,ramp_6_l_01_03,3350,16.75,not checked,not checked,0.18,0.03
AB08,ramp,ramp_6_l_01_04,3233,16.16,not checked,not checked,0.28,0.06
AB08,ramp,ramp_6_l_01_05,3265,16.32,not checked,not checked,0.18,0.06
AB08,ramp,ramp_6_r_01_01,3234,16.16,not checked,not checked,0.06,0.03
AB08,ramp,ramp_6_r_01_02,3275,16.37,not checked,not checked,0.12,0.06
AB08,ramp,ramp_6_r_01_03,3447,17.23,not checked,not checked,0.09,0.03
AB08,ramp,ramp_6_r_01_04,3142,15.7,not checked,not checked,0.25,0.0
AB08,ramp,ramp_6_r_01_05,3232,16.16,not checked,not checked,0.15,0.0
AB08,stair,stair_1_l_01_01,2434,12.17,ok,ok,0.08,0.0
AB08,stair,stair_1_l_01_02,2649,13.24,not checked,not checked,0.04,0.0
AB08,stair,stair_1_l_01_03,2579,12.89,not checked,not checked,0.0,0.0
AB08,stair,stair_1_l_01_04,2547,12.73,not checked,not checked,0.08,0.0
AB08,stair,stair_1_l_01_05,2583,12.91,not checked,not checked,0.04,0.0
AB08,stair,stair_2_l_01_01,2924,14.62,ok,ok,0.03,0.0
AB08,stair,stair_2_l_01_02,2878,14.38,not checked,not checked,0.03,0.0
AB08,stair,stair_2_l_01_03,2893,14.46,not checked,not checked,0.1,0.0
AB08,stair,stair_2_l_01_04,2797,13.98,not checked,not checked,0.07,0.0
AB08,stair,stair_2_l_01_05,2646,13.22,not checked,not checked,0.15,0.0
AB08,stair,stair_2_r_01_01,2493,12.46,ok,ok,0.08,0.0
AB08,stair,stair_2_r_01_02,2672,13.36,not checked,not checked,0.0,0.0
AB08,stair,stair_2_r_01_03,2568,12.84,not checked,not checked,0.12,0.0
AB08,stair,stair_2_r_01_04,4351,21.75,not checked,not checked,0.07,0.0
AB08,stair,stair_2_r_01_05,2554,12.77,not checked,not checked,0.04,0.0
AB08,stair,stair_3_l_01_01,2657,13.28,ok,rejected: poor gyro fit (0.40),0.04,0.04
AB08,stair,stair_3_l_01_02,2629,13.14,not checked,not checked,0.08,0.0
AB08,stair,stair_3_l_01_03,2678,13.39,not checked,not checked,0.15,0.0
AB08,stair,stair_3_l_01_04,2721,13.6,not checked,not checked,0.15,0.0
AB08,stair,stair_3_l_01_05,2567,12.83,not checked,not checked,0.04,0.0
AB08,stair,stair_3_r_01_01,2750,13.75,ok,ok,0.11,0.0
AB08,stair,stair_3_r_01_02,2766,13.83,not checked,not checked,0.07,0.0
AB08,stair,stair_3_r_01_03,2677,13.38,not checked,not checked,0.0,0.0
AB08,stair,stair_3_r_01_04,2676,13.38,not checked,not checked,0.07,0.0
AB08,stair,stair_3_r_01_05,2567,12.83,not checked,not checked,0.08,0.0
AB08,stair,stair_4_l_01_01,2669,13.34,ok,rejected: poor gyro fit (0.40),0.11,0.0
AB08,stair,stair_4_l_01_02,2621,13.1,not checked,not checked,0.08,0.0
AB08,stair,stair_4_l_01_03,2537,12.68,not checked,not checked,0.08,0.0
AB08,stair,stair_4_l_01_04,2609,13.04,not checked,not checked,0.19,0.04
AB08,stair,stair_4_l_01_05,2537,12.68,not checked,not checked,0.24,0.04
AB08,stair,stair_4_r_01_01,2632,13.15,not checked,not checked,0.0,0.0
AB08,stair,stair_4_r_01_02,2679,13.39,not checked,not checked,0.11,0.0
AB08,stair,stair_4_r_01_03,2681,13.4,not checked,not checked,0.11,0.0
AB08,stair,stair_4_r_01_04,2551,12.75,not checked,not checked,0.12,0.0
AB08,stair,stair_4_r_01_05,2617,13.08,not checked,not checked,0.04,0.0
AB09,treadmill,treadmill_01_01,28581,142.9,ok,ok,0.17,0.03
AB09,treadmill,treadmill_02_01,28610,143.04,ok,ok,0.3,0.03
AB09,treadmill,treadmill_03_01,28644,143.22,ok,ok,0.38,0.03
AB09,treadmill,treadmill_04_01,28677,143.38,ok,ok,0.4,0.04
AB09,treadmill,treadmill_05_01,28710,143.54,ok,ok,0.39,0.06
AB09,treadmill,treadmill_06_01,28744,143.72,ok,ok,0.52,0.1
AB09,treadmill,treadmill_07_01,28778,143.88,not checked,not checked,0.64,0.07
AB09,levelground,levelground_ccw_fast_01_01,4612,23.05,rejected: accelerometer not explained (rel 0.78): saturated/damped/corrupt,rejected: accelerometer not explained (rel 0.79): saturated/damped/corrupt,0.02,0.02
AB09,levelground,levelground_ccw_fast_01_02,3244,16.21,not checked,not checked,0.0,0.0
AB09,levelground,levelground_ccw_fast_01_03,3394,16.96,not checked,not checked,0.06,0.03
AB09,levelground,levelground_ccw_fast_01_04,3479,17.39,not checked,not checked,0.0,0.0
AB09,levelground,levelground_ccw_fast_01_05,3350,16.75,not checked,not checked,0.0,0.09
AB09,levelground,levelground_ccw_normal_01_01,4938,24.68,rejected: accelerometer not explained (rel 0.92): saturated/damped/corrupt,rejected: accelerometer not explained (rel 0.81): saturated/damped/corrupt,3.62,0.02
AB09,levelground,levelground_ccw_normal_01_02,4353,21.76,not checked,not checked,0.0,0.0
AB09,levelground,levelground_ccw_normal_01_03,4015,20.07,not checked,not checked,0.0,0.0
AB09,levelground,levelground_ccw_normal_01_04,3783,18.91,not checked,not checked,0.0,0.0
AB09,levelground,levelground_ccw_slow_01_01,6594,32.97,not checked,not checked,0.0,0.0
AB09,levelground,levelground_ccw_slow_01_02,6008,30.04,ok,ok,0.02,0.0
AB09,levelground,levelground_ccw_slow_01_03,5776,28.88,not checked,not checked,0.0,0.0
AB09,levelground,levelground_ccw_slow_01_04,4839,24.19,not checked,not checked,0.0,0.0
AB09,levelground,levelground_ccw_slow_01_05,5215,26.07,not checked,not checked,0.06,0.0
AB09,levelground,levelground_ccw_slow_02_01,6260,31.3,not checked,not checked,6.25,7.19
AB09,levelground,levelground_ccw_slow_02_02,5064,25.31,ok,rejected: accelerometer not explained (rel 0.70): saturated/damped/corrupt,0.0,0.02
AB09,levelground,levelground_cw_fast_01_01,4657,23.28,not checked,not checked,0.02,4.36
AB09,levelground,levelground_cw_fast_01_02,3324,16.61,not checked,not checked,0.03,0.03
AB09,levelground,levelground_cw_fast_01_03,3151,15.75,not checked,not checked,0.0,0.0
AB09,levelground,levelground_cw_fast_01_04,3180,15.9,not checked,not checked,0.0,0.0
AB09,levelground,levelground_cw_fast_01_05,3652,18.25,ok,ok,0.0,0.03
AB09,levelground,levelground_cw_normal_01_01,4454,22.26,not checked,not checked,0.0,0.0
AB09,levelground,levelground_cw_normal_01_02,3863,19.31,not checked,not checked,0.08,0.08
AB09,levelground,levelground_cw_normal_01_03,4837,24.18,not checked,not checked,0.0,0.04
AB09,levelground,levelground_cw_normal_01_04,4100,20.5,not checked,not checked,0.0,0.02
AB09,levelground,levelground_cw_normal_02_01,6121,30.6,ok,ok,0.1,0.0
AB09,levelground,levelground_cw_slow_01_01,9837,49.18,not checked,not checked,3.95,3.26
AB09,levelground,levelground_cw_slow_01_02,7050,35.25,not checked,not checked,0.01,0.0
AB09,levelground,levelground_cw_slow_01_03,5999,29.99,not checked,not checked,0.0,0.0
AB09,levelground,levelground_cw_slow_01_04,6009,30.04,not checked,not checked,0.0,0.0
AB09,levelground,levelground_cw_slow_02_01,6725,33.62,not checked,not checked,0.0,0.0
AB09,levelground,levelground_cw_slow_02_02,5748,28.73,not checked,not checked,0.0,0.0
AB09,ramp,Ramp_2_R_01_01,3563,17.81,ok,ok,0.0,0.0
AB09,ramp,Ramp_2_R_01_02,3461,17.3,not checked,not checked,0.0,0.0
AB09,ramp,Ramp_2_R_01_03,3516,17.57,not checked,not checked,0.0,0.0
AB09,ramp,Ramp_2_R_01_04,3543,17.71,not checked,not checked,0.0,0.0
AB09,ramp,Ramp_2_R_01_05,3635,18.17,not checked,not checked,0.0,0.0
AB09,ramp,ramp_1_l_01_01,3703,18.51,not checked,not checked,0.0,0.0
AB09,ramp,ramp_1_l_01_02,3723,18.61,not checked,not checked,0.0,0.0
AB09,ramp,ramp_1_l_01_03,3742,18.7,not checked,not checked,0.0,0.0
AB09,ramp,ramp_1_l_01_04,3615,18.07,not checked,not checked,0.06,0.0
AB09,ramp,ramp_1_l_01_05,3573,17.86,not checked,not checked,0.0,0.0
AB09,ramp,ramp_1_r_01_01,4122,20.61,ok,ok,0.0,0.0
AB09,ramp,ramp_1_r_01_02,4624,23.12,not checked,not checked,0.0,0.0
AB09,ramp,ramp_1_r_01_03,3940,19.69,not checked,not checked,0.0,0.0
AB09,ramp,ramp_1_r_01_04,3987,19.93,not checked,not checked,0.03,0.0
AB09,ramp,ramp_1_r_01_05,3950,19.74,not checked,not checked,0.03,0.0
AB09,ramp,ramp_1_r_02_01,3827,19.13,not checked,not checked,0.0,0.0
AB09,ramp,ramp_2_l_01_01,3680,18.4,not checked,not checked,0.03,0.0
AB09,ramp,ramp_2_l_01_02,3642,18.2,not checked,not checked,0.0,0.03
AB09,ramp,ramp_2_l_01_03,3750,18.74,not checked,not checked,0.03,0.03
AB09,ramp,ramp_2_l_01_04,3914,19.56,not checked,not checked,0.0,0.0
AB09,ramp,ramp_2_l_01_05,3922,19.61,ok,ok,0.03,0.0
AB09,ramp,ramp_3_l_01_01,3525,17.62,not checked,not checked,0.03,0.0
AB09,ramp,ramp_3_l_01_02,3637,18.18,not checked,not checked,0.03,0.0
AB09,ramp,ramp_3_l_01_03,3633,18.16,not checked,not checked,0.0,0.0
AB09,ramp,ramp_3_l_01_04,3719,18.59,not checked,not checked,0.0,0.0
AB09,ramp,ramp_3_l_01_05,3974,19.86,not checked,not checked,0.0,0.0
AB09,ramp,ramp_3_r_01_01,3524,17.61,not checked,not checked,0.0,0.0
AB09,ramp,ramp_3_r_01_02,3591,17.95,not checked,not checked,0.0,0.0
AB09,ramp,ramp_3_r_01_03,3388,16.94,not checked,not checked,0.03,0.0
AB09,ramp,ramp_3_r_01_04,3411,17.05,not checked,not checked,0.0,0.0
AB09,ramp,ramp_3_r_02_01,3489,17.44,ok,ok,0.0,0.0
AB09,ramp,ramp_4_l_01_01,3497,17.48,not checked,not checked,0.0,0.0
AB09,ramp,ramp_4_l_01_02,3479,17.39,not checked,not checked,0.03,0.0
AB09,ramp,ramp_4_l_01_03,3446,17.22,not checked,not checked,0.0,0.0
AB09,ramp,ramp_4_l_01_04,3359,16.79,not checked,not checked,0.03,0.03
AB09,ramp,ramp_4_l_01_05,3501,17.5,not checked,not checked,0.0,0.0
AB09,ramp,ramp_4_r_01_01,3671,18.35,not checked,not checked,0.03,0.0
AB09,ramp,ramp_4_r_01_02,3566,17.83,not checked,not checked,0.0,0.0
AB09,ramp,ramp_4_r_01_03,3494,17.46,not checked,not checked,0.0,0.0
AB09,ramp,ramp_4_r_01_04,3543,17.71,not checked,not checked,0.0,0.0
AB09,ramp,ramp_4_r_01_05,3621,18.1,ok,ok,0.0,0.0
AB09,ramp,ramp_5_l_01_01,3516,17.57,not checked,not checked,0.06,0.0
AB09,ramp,ramp_5_l_01_02,3401,17.0,not checked,not checked,0.03,0.0
AB09,ramp,ramp_5_l_01_03,3356,16.77,not checked,not checked,0.06,0.0
AB09,ramp,ramp_5_l_01_04,3501,17.5,not checked,not checked,0.03,0.0
AB09,ramp,ramp_5_l_01_05,3644,18.21,not checked,not checked,0.0,0.0
AB09,ramp,ramp_5_r_01_01,3756,18.77,not checked,not checked,0.0,0.0
AB09,ramp,ramp_5_r_01_02,3488,17.44,not checked,not checked,0.06,0.03
AB09,ramp,ramp_5_r_01_03,3486,17.43,not checked,not checked,0.03,0.0
AB09,ramp,ramp_5_r_01_04,3653,18.26,not checked,not checked,0.0,0.0
AB09,ramp,ramp_5_r_01_05,3555,17.77,ok,ok,0.0,0.0
AB09,ramp,ramp_6_l_01_01,4116,20.58,not checked,not checked,0.02,0.0
AB09,ramp,ramp_6_l_01_02,4938,24.68,not checked,not checked,0.0,0.0
AB09,ramp,ramp_6_l_01_03,3749,18.74,not checked,not checked,0.05,0.0
AB09,ramp,ramp_6_l_01_04,3987,19.93,not checked,not checked,0.03,0.0
AB09,ramp,ramp_6_l_01_05,4235,21.17,not checked,not checked,0.05,0.0
AB09,ramp,ramp_6_l_02_01,3385,16.92,not checked,not checked,0.03,0.0
AB09,ramp,ramp_6_r_01_01,3896,19.48,not checked,not checked,0.03,0.0
AB09,ramp,ramp_6_r_01_02,3782,18.91,not checked,not checked,0.0,0.0
AB09,ramp,ramp_6_r_01_03,4092,20.45,not checked,not checked,0.02,0.0
AB09,ramp,ramp_6_r_01_04,3977,19.88,not checked,not checked,0.0,0.0
AB09,ramp,ramp_6_r_01_05,3794,18.96,not checked,not checked,0.0,0.0
AB09,ramp,ramp_6_r_02_01,3804,19.02,not checked,not checked,0.03,0.0
AB09,stair,stair_1_l_01_01,2443,12.21,ok,ok,0.12,0.08
AB09,stair,stair_1_l_01_02,2362,11.8,not checked,not checked,0.13,0.0
AB09,stair,stair_1_l_01_03,2382,11.91,not checked,not checked,0.08,0.0
AB09,stair,stair_1_l_01_04,2374,11.86,not checked,not checked,0.13,0.0
AB09,stair,stair_1_l_01_05,2337,11.68,not checked,not checked,0.04,0.0
AB09,stair,stair_1_l_01_06,2340,11.69,not checked,not checked,0.04,0.0
AB09,stair,stair_1_r_01_01,2679,13.39,ok,ok,0.04,0.0
AB09,stair,stair_1_r_01_02,2621,13.1,not checked,not checked,0.08,0.0
AB09,stair,stair_1_r_01_03,2561,12.8,not checked,not checked,0.04,0.0
AB09,stair,stair_1_r_01_04,2660,13.29,not checked,not checked,0.04,0.0
AB09,stair,stair_1_r_01_05,2358,11.78,not checked,not checked,0.0,0.0
AB09,stair,stair_2_l_01_01,2324,11.62,not checked,not checked,0.13,0.0
AB09,stair,stair_2_l_01_02,2333,11.66,ok,ok,0.09,0.0
AB09,stair,stair_2_l_01_03,2325,11.62,not checked,not checked,0.13,0.0
AB09,stair,stair_2_l_01_04,2262,11.3,not checked,not checked,0.09,0.0
AB09,stair,stair_2_l_01_05,2417,12.08,not checked,not checked,0.17,0.0
AB09,stair,stair_2_r_01_01,2349,11.74,not checked,not checked,0.09,0.0
AB09,stair,stair_2_r_01_02,2323,11.61,not checked,not checked,0.17,0.0
AB09,stair,stair_2_r_01_03,2305,11.52,ok,ok,0.13,0.04
AB09,stair,stair_2_r_01_04,2300,11.5,not checked,not checked,0.04,0.0
AB09,stair,stair_2_r_01_05,2281,11.4,not checked,not checked,0.13,0.0
AB09,stair,stair_3_l_01_01,2247,11.23,not checked,not checked,0.04,0.0
AB09,stair,stair_3_l_01_02,2268,11.34,not checked,not checked,0.04,0.0
AB09,stair,stair_3_l_01_03,2390,11.95,not checked,not checked,0.17,0.0
AB09,stair,stair_3_l_01_04,2249,11.24,ok,ok,0.18,0.0
AB09,stair,stair_3_l_01_05,2207,11.03,not checked,not checked,0.14,0.0
AB09,stair,stair_3_r_01_01,2267,11.33,not checked,not checked,0.22,0.0
AB09,stair,stair_3_r_01_02,2318,11.59,not checked,not checked,0.13,0.0
AB09,stair,stair_3_r_01_03,2362,11.8,not checked,not checked,0.17,0.0
AB09,stair,stair_3_r_01_04,2294,11.47,not checked,not checked,0.0,0.0
AB09,stair,stair_3_r_01_05,2313,11.56,ok,ok,0.22,0.0
AB09,stair,stair_4_l_01_01,2400,12.0,not checked,not checked,0.04,0.0
AB09,stair,stair_4_l_01_02,2367,11.83,not checked,not checked,0.08,0.0
AB09,stair,stair_4_l_01_03,2484,12.42,not checked,not checked,0.04,0.0
AB09,stair,stair_4_l_01_04,2396,11.98,not checked,not checked,0.13,0.0
AB09,stair,stair_4_l_01_05,2328,11.64,not checked,not checked,0.09,0.0
AB09,stair,stair_4_r_01_01,2087,10.43,not checked,not checked,0.14,0.0
AB09,stair,stair_4_r_01_02,2386,11.93,not checked,not checked,0.04,0.0
AB09,stair,stair_4_r_01_03,2203,11.01,not checked,not checked,0.14,0.0
AB09,stair,stair_4_r_01_04,2293,11.46,not checked,not checked,0.09,0.0
AB09,stair,stair_4_r_01_05,2195,10.97,not checked,not checked,0.05,0.0
AB10,treadmill,treadmill_01_01,28588,142.94,rejected: poor gyro fit (1.14),rejected: poor gyro fit (1.10),0.13,0.02
AB10,treadmill,treadmill_02_01,28619,143.09,ok,ok,0.26,0.04
AB10,treadmill,treadmill_03_01,28652,143.25,ok,ok,0.19,0.03
AB10,treadmill,treadmill_04_01,28685,143.42,ok,ok,0.26,0.02
AB10,treadmill,treadmill_05_01,28719,143.59,ok,ok,0.26,0.02
AB10,treadmill,treadmill_06_01,28753,143.76,ok,ok,0.39,0.03
AB10,treadmill,treadmill_07_01,28784,143.91,not checked,not checked,0.71,0.04
AB10,levelground,levelground_ccw_fast_01_01,4765,23.82,rejected: accelerometer not explained (rel 0.85): saturated/damped/corrupt,rejected: accelerometer not explained (rel 0.91): saturated/damped/corrupt,3.67,5.67
AB10,levelground,levelground_ccw_fast_01_02,3052,15.26,not checked,not checked,0.59,0.07
AB10,levelground,levelground_ccw_fast_01_03,3899,19.49,not checked,not checked,0.31,0.05
AB10,levelground,levelground_ccw_fast_02_01,3857,19.28,not checked,not checked,4.23,0.05
AB10,levelground,levelground_ccw_fast_02_02,2937,14.68,not checked,not checked,0.54,0.14
AB10,levelground,levelground_ccw_normal_01_01,5233,26.16,rejected: accelerometer not explained (rel 0.87): saturated/damped/corrupt,rejected: accelerometer not explained (rel 0.89): saturated/damped/corrupt,14.41,0.02
AB10,levelground,levelground_ccw_normal_01_02,3399,16.99,not checked,not checked,0.21,0.06
AB10,levelground,levelground_ccw_normal_01_03,3707,18.53,not checked,not checked,0.19,0.0
AB10,levelground,levelground_ccw_normal_01_04,3353,16.76,not checked,not checked,0.15,0.06
AB10,levelground,levelground_ccw_normal_01_05,3375,16.87,not checked,not checked,0.24,0.03
AB10,levelground,levelground_ccw_slow_01_01,5133,25.66,ok,rejected: accelerometer not explained (rel 0.99): saturated/damped/corrupt,0.06,10.07
AB10,levelground,levelground_ccw_slow_01_02,4060,20.29,not checked,not checked,0.0,0.0
AB10,levelground,levelground_ccw_slow_01_03,4205,21.02,not checked,not checked,0.02,0.0
AB10,levelground,levelground_ccw_slow_01_04,3985,19.92,not checked,not checked,0.03,0.03
AB10,levelground,levelground_ccw_slow_02_01,4857,24.28,not checked,not checked,0.0,0.02
AB10,levelground,levelground_cw_fast_01_01,5152,25.75,ok,rejected: accelerometer not explained (rel 0.90): saturated/damped/corrupt,0.41,0.1
AB10,levelground,levelground_cw_fast_01_02,2997,14.98,not checked,not checked,0.43,0.03
AB10,levelground,levelground_cw_fast_01_03,4036,20.17,not checked,not checked,0.37,0.15
AB10,levelground,levelground_cw_fast_01_04,3502,17.51,not checked,not checked,0.43,0.03
AB10,levelground,levelground_cw_fast_01_05,3362,16.8,not checked,not checked,0.51,0.18
AB10,levelground,levelground_cw_fast_02_01,4329,21.64,rejected: accelerometer not explained (rel 0.88): saturated/damped/corrupt,rejected: accelerometer not explained (rel 0.98): saturated/damped/corrupt,3.37,8.78
AB10,levelground,levelground_cw_normal_01_01,4808,24.04,not checked,not checked,4.41,0.04
AB10,levelground,levelground_cw_normal_01_02,3709,18.54,not checked,not checked,0.16,0.13
AB10,levelground,levelground_cw_normal_01_03,3635,18.17,not checked,not checked,0.11,0.08
AB10,levelground,levelground_cw_normal_01_04,3694,18.47,not checked,not checked,0.08,0.0
AB10,levelground,levelground_cw_normal_01_05,3895,19.47,ok,ok,0.08,0.03
AB10,levelground,levelground_cw_slow_01_01,6314,31.57,not checked,not checked,0.0,0.43
AB10,levelground,levelground_cw_slow_01_02,4897,24.48,not checked,not checked,0.0,0.0
AB10,levelground,levelground_cw_slow_01_03,4421,22.1,not checked,not checked,0.0,0.0
AB10,levelground,levelground_cw_slow_01_04,4716,23.57,not checked,not checked,0.04,0.02
AB10,levelground,levelground_cw_slow_01_05,4074,20.37,not checked,not checked,0.02,0.02
AB10,levelground,levelground_cw_slow_02_01,5078,25.39,not checked,not checked,0.02,0.02
AB10,ramp,ramp_1_l_01_01,3036,15.18,rejected: poor gyro fit (1.16),rejected: poor gyro fit (1.02),0.3,0.16
AB10,ramp,ramp_1_l_01_02,2993,14.96,not checked,not checked,0.27,0.13
AB10,ramp,ramp_1_l_01_03,3155,15.77,not checked,not checked,0.25,0.1
AB10,ramp,ramp_1_l_01_04,3187,15.93,not checked,not checked,0.13,0.16
AB10,ramp,ramp_1_l_01_05,3278,16.38,not checked,not checked,0.15,0.03
AB10,ramp,ramp_1_r_01_01,3136,15.68,not checked,not checked,0.19,0.03
AB10,ramp,ramp_1_r_01_02,3069,15.34,not checked,not checked,0.1,0.1
AB10,ramp,ramp_1_r_01_03,3243,16.21,not checked,not checked,0.22,0.03
AB10,ramp,ramp_1_r_01_04,3364,16.81,not checked,not checked,0.18,0.09
AB10,ramp,ramp_1_r_01_05,3295,16.47,not checked,not checked,0.15,0.06
AB10,ramp,ramp_2_l_01_01,3037,15.18,ok,ok,0.3,0.1
AB10,ramp,ramp_2_l_01_02,3120,15.59,not checked,not checked,0.26,0.0
AB10,ramp,ramp_2_l_01_03,3218,16.09,not checked,not checked,0.31,0.16
AB10,ramp,ramp_2_l_01_04,3097,15.48,not checked,not checked,0.23,0.06
AB10,ramp,ramp_2_l_01_05,3094,15.46,not checked,not checked,0.26,0.03
AB10,ramp,ramp_2_r_01_01,2968,14.83,not checked,not checked,0.37,0.07
AB10,ramp,ramp_2_r_01_02,2866,14.33,not checked,not checked,0.31,0.1
AB10,ramp,ramp_2_r_01_03,3031,15.15,not checked,not checked,0.3,0.0
AB10,ramp,ramp_2_r_01_04,3064,15.31,not checked,not checked,0.46,0.07
AB10,ramp,ramp_2_r_01_05,3305,16.52,not checked,not checked,0.24,0.03
AB10,ramp,ramp_3_l_01_01,2887,14.43,ok,ok,0.14,0.17
AB10,ramp,ramp_3_l_01_02,3049,15.24,not checked,not checked,0.2,0.13
AB10,ramp,ramp_3_l_01_03,3055,15.27,not checked,not checked,0.29,0.1
AB10,ramp,ramp_3_l_01_04,3152,15.75,not checked,not checked,0.29,0.03
AB10,ramp,ramp_3_l_01_05,3084,15.41,not checked,not checked,0.42,0.1
AB10,ramp,ramp_3_r_01_01,2913,14.56,not checked,not checked,0.14,0.17
AB10,ramp,ramp_3_r_01_02,2911,14.55,not checked,not checked,0.24,0.17
AB10,ramp,ramp_3_r_01_03,3005,15.02,not checked,not checked,0.07,0.1
AB10,ramp,ramp_3_r_01_04,2954,14.77,not checked,not checked,0.17,0.14
AB10,ramp,ramp_3_r_01_05,2997,14.98,not checked,not checked,0.23,0.07
AB10,ramp,ramp_4_l_01_01,2952,14.76,rejected: poor gyro fit (1.44),ok,0.85,0.0
AB10,ramp,ramp_4_l_01_02,3004,15.02,not checked,not checked,0.2,0.0
AB10,ramp,ramp_4_l_01_03,3014,15.06,not checked,not checked,0.0,0.0
AB10,ramp,ramp_4_l_01_04,3115,15.57,not checked,not checked,0.13,0.0
AB10,ramp,ramp_4_l_01_05,3214,16.06,not checked,not checked,0.0,0.0
AB10,ramp,ramp_4_r_01_01,3130,15.65,not checked,not checked,0.29,0.19
AB10,ramp,ramp_4_r_01_02,3056,15.27,not checked,not checked,0.46,0.2
AB10,ramp,ramp_4_r_01_03,3076,15.38,not checked,not checked,0.42,0.1
AB10,ramp,ramp_4_r_01_04,3104,15.52,not checked,not checked,0.0,0.0
AB10,ramp,ramp_4_r_01_05,3130,15.64,not checked,not checked,0.0,0.0
AB10,ramp,ramp_5_l_01_01,2939,14.69,rejected: poor gyro fit (1.01),ok,29.7,0.03
AB10,ramp,ramp_5_l_01_02,3020,15.09,not checked,not checked,0.0,0.0
AB10,ramp,ramp_5_l_01_03,3294,16.47,not checked,not checked,0.0,0.0
AB10,ramp,ramp_5_l_01_04,3038,15.19,not checked,not checked,0.0,0.0
AB10,ramp,ramp_5_l_01_05,3152,15.76,not checked,not checked,0.0,0.0
AB10,ramp,ramp_5_l_02_01,3086,15.43,not checked,not checked,3.63,0.19
AB10,ramp,ramp_5_r_01_01,2774,13.86,not checked,not checked,76.06,0.14
AB10,ramp,ramp_5_r_01_02,2920,14.59,not checked,not checked,0.0,0.0
AB10,ramp,ramp_5_r_01_03,2987,14.93,not checked,not checked,0.0,0.0
AB10,ramp,ramp_5_r_01_04,3266,16.33,not checked,not checked,0.0,0.0
AB10,ramp,ramp_5_r_01_05,3140,15.69,ok,rejected: gyro matches mocap implausibly well (0.082): not a raw recording?,0.0,0.0
AB10,ramp,ramp_6_l_01_01,3106,15.52,not checked,not checked,26.01,0.1
AB10,ramp,ramp_6_l_01_02,3125,15.62,not checked,not checked,0.0,0.0
AB10,ramp,ramp_6_l_01_03,3092,15.45,not checked,not checked,0.0,0.0
AB10,ramp,ramp_6_l_01_04,3048,15.23,not checked,not checked,0.0,0.0
AB10,ramp,ramp_6_l_01_05,3732,18.66,not checked,not checked,0.0,0.0
AB10,ramp,ramp_6_l_02_01,3471,17.35,not checked,not checked,0.0,0.0
AB10,ramp,ramp_6_r_01_01,3175,15.87,not checked,not checked,7.91,0.66
AB10,ramp,ramp_6_r_01_02,3048,15.23,not checked,not checked,0.0,0.0
AB10,ramp,ramp_6_r_01_03,3426,17.12,not checked,not checked,0.0,0.0
AB10,ramp,ramp_6_r_01_04,3433,17.16,not checked,not checked,0.0,0.0
AB10,ramp,ramp_6_r_01_05,3213,16.06,not checked,not checked,0.72,0.65
AB10,stair,stair_1_l_01_01,2557,12.78,ok,ok,0.04,0.04
AB10,stair,stair_1_l_01_02,2276,11.38,not checked,not checked,0.0,0.04
AB10,stair,stair_1_l_01_03,2347,11.73,not checked,not checked,0.13,0.04
AB10,stair,stair_1_l_01_04,2482,12.4,not checked,not checked,0.04,0.08
AB10,stair,stair_1_l_01_05,2561,12.8,not checked,not checked,0.0,0.12
AB10,stair,stair_1_r_01_01,2433,12.16,not checked,not checked,0.0,0.08
AB10,stair,stair_1_r_01_02,3077,15.38,not checked,not checked,0.03,0.03
AB10,stair,stair_1_r_01_03,2564,12.81,ok,ok,0.0,0.04
AB10,stair,stair_1_r_01_04,2385,11.92,not checked,not checked,0.13,0.0
AB10,stair,stair_1_r_02_01,2480,12.39,not checked,not checked,0.0,0.0
AB10,stair,stair_1_r_02_02,2482,12.4,not checked,not checked,0.0,0.0
AB10,stair,stair_1_r_02_03,2602,13.01,not checked,not checked,0.04,0.12
AB10,stair,stair_2_l_01_01,2461,12.3,not checked,not checked,0.16,0.04
AB10,stair,stair_2_l_01_02,2737,13.68,not checked,not checked,0.04,0.0
AB10,stair,stair_2_l_01_03,2502,12.5,ok,ok,0.0,0.04
AB10,stair,stair_2_l_01_04,2646,13.22,not checked,not checked,0.15,0.0
AB10,stair,stair_2_l_01_05,2605,13.02,not checked,not checked,0.04,0.04
AB10,stair,stair_2_r_01_01,2368,11.84,not checked,not checked,0.0,0.0
AB10,stair,stair_2_r_01_02,2437,12.18,not checked,not checked,0.04,0.0
AB10,stair,stair_2_r_01_03,3056,15.27,not checked,not checked,0.03,0.13
AB10,stair,stair_2_r_01_04,2630,13.15,not checked,not checked,0.04,0.0
AB10,stair,stair_2_r_01_05,2644,13.22,rejected: poor gyro fit (1.12),rejected: poor gyro fit (1.05),0.08,0.04
AB10,stair,stair_3_l_01_01,2439,12.19,not checked,not checked,0.12,0.08
AB10,stair,stair_3_l_01_02,2469,12.34,not checked,not checked,0.08,0.08
AB10,stair,stair_3_l_01_03,2538,12.68,not checked,not checked,0.04,0.04
AB10,stair,stair_3_l_01_04,3619,18.09,not checked,not checked,0.06,0.03
AB10,stair,stair_3_l_01_05,2792,13.95,not checked,not checked,0.0,0.04
AB10,stair,stair_3_l_02_01,2640,13.2,not checked,not checked,0.0,0.0
AB10,stair,stair_3_r_01_01,2380,11.9,ok,ok,0.08,0.08
AB10,stair,stair_3_r_01_02,2563,12.81,not checked,not checked,0.0,0.0
AB10,stair,stair_3_r_01_03,2842,14.2,not checked,not checked,0.11,0.0
AB10,stair,stair_3_r_01_04,2629,13.14,not checked,not checked,0.0,0.0
AB10,stair,stair_3_r_01_05,2645,13.22,not checked,not checked,0.04,0.04
AB10,stair,stair_3_r_01_06,2812,14.06,not checked,not checked,0.07,0.04
AB10,stair,stair_4_l_01_01,2747,13.73,not checked,not checked,0.07,0.04
AB10,stair,stair_4_l_01_02,2880,14.4,ok,ok,0.03,0.0
AB10,stair,stair_4_l_01_03,3005,15.02,not checked,not checked,0.03,0.0
AB10,stair,stair_4_l_02_01,2523,12.61,not checked,not checked,0.0,0.0
AB10,stair,stair_4_l_02_02,2999,14.99,not checked,not checked,0.0,0.0
AB10,stair,stair_4_l_02_03,2792,13.95,not checked,not checked,0.0,0.0
AB10,stair,stair_4_r_01_01,2759,13.79,not checked,not checked,0.04,0.04
AB10,stair,stair_4_r_01_02,3067,15.33,not checked,not checked,0.03,0.03
AB10,stair,stair_4_r_01_03,3043,15.21,not checked,not checked,0.0,0.0
AB10,stair,stair_4_r_01_04,2763,13.81,not checked,not checked,0.0,0.0
AB10,stair,stair_4_r_01_05,2916,14.58,not checked,not checked,0.07,0.0
AB11,treadmill,treadmill_01_01,28585,142.92,ok,ok,0.08,0.04
AB11,treadmill,treadmill_02_01,28618,143.09,ok,ok,0.12,0.0
AB11,treadmill,treadmill_03_01,28652,143.25,ok,ok,0.07,0.0
AB11,treadmill,treadmill_04_01,28685,143.42,ok,rejected: poor gyro fit (0.80),0.53,0.08
AB11,treadmill,treadmill_05_01,28717,143.58,ok,ok,0.0,0.0
AB11,treadmill,treadmill_06_01,28751,143.75,ok,ok,0.0,0.0
AB11,treadmill,treadmill_07_01,28786,143.93,not checked,not checked,0.0,0.0
AB11,levelground,levelground_ccw_fast_01_01,3836,19.18,rejected: gyro matches mocap implausibly well (0.051): not a raw recording?,rejected: gyro matches mocap implausibly well (0.028): not a raw recording?,0.0,0.0
AB11,levelground,levelground_ccw_fast_01_02,2517,12.58,not checked,not checked,0.0,0.0
AB11,levelground,levelground_ccw_fast_01_03,2897,14.48,not checked,not checked,0.0,0.0
AB11,levelground,levelground_ccw_fast_01_04,2484,12.42,not checked,not checked,0.0,0.0
AB11,levelground,levelground_ccw_fast_01_05,2502,12.51,not checked,not checked,0.0,0.0
AB11,levelground,levelground_ccw_fast_01_06,3024,15.12,rejected: gyro matches mocap implausibly well (0.046): not a raw recording?,rejected: gyro matches mocap implausibly well (0.027): not a raw recording?,0.0,0.0
AB11,levelground,levelground_ccw_normal_01_01,3924,19.61,not checked,not checked,0.0,0.0
AB11,levelground,levelground_ccw_normal_01_02,3254,16.26,not checked,not checked,0.0,0.0
AB11,levelground,levelground_ccw_normal_01_03,3275,16.37,not checked,not checked,0.0,0.0
AB11,levelground,levelground_ccw_normal_01_04,3242,16.21,not checked,not checked,0.0,0.0
AB11,levelground,levelground_ccw_normal_01_05,3359,16.79,rejected: gyro matches mocap implausibly well (0.043): not a raw recording?,rejected: gyro matches mocap implausibly well (0.026): not a raw recording?,0.0,0.0
AB11,levelground,levelground_ccw_normal_01_06,3448,17.23,not checked,not checked,0.0,0.0
AB11,levelground,levelground_ccw_normal_01_07,3223,16.11,not checked,not checked,0.0,0.0
AB11,levelground,levelground_ccw_slow_01_01,5103,25.51,not checked,not checked,0.0,0.0
AB11,levelground,levelground_ccw_slow_01_02,4149,20.74,not checked,not checked,0.0,0.0
AB11,levelground,levelground_ccw_slow_01_03,4414,22.06,rejected: gyro matches mocap implausibly well (0.037): not a raw recording?,rejected: gyro matches mocap implausibly well (0.023): not a raw recording?,0.0,0.0
AB11,levelground,levelground_ccw_slow_01_04,4312,21.56,not checked,not checked,0.0,0.0
AB11,levelground,levelground_cw_fast_01_01,4137,20.68,not checked,not checked,0.0,0.0
AB11,levelground,levelground_cw_fast_01_02,3182,15.91,not checked,not checked,0.0,0.0
AB11,levelground,levelground_cw_fast_01_03,3585,17.92,not checked,not checked,0.0,0.0
AB11,levelground,levelground_cw_fast_01_04,3158,15.79,rejected: gyro matches mocap implausibly well (0.053): not a raw recording?,rejected: gyro matches mocap implausibly well (0.038): not a raw recording?,0.0,0.0
AB11,levelground,levelground_cw_fast_02_01,4244,21.21,not checked,not checked,0.0,0.0
AB11,levelground,levelground_cw_normal_01_01,3925,19.62,not checked,not checked,0.0,0.0
AB11,levelground,levelground_cw_normal_01_02,3835,19.17,not checked,not checked,0.0,0.0
AB11,levelground,levelground_cw_normal_01_03,3913,19.56,not checked,not checked,0.0,0.0
AB11,levelground,levelground_cw_normal_01_04,4171,20.85,ok,ok,0.72,0.72
AB11,levelground,levelground_cw_normal_02_01,5192,25.95,not checked,not checked,0.02,0.0
AB11,levelground,levelground_cw_slow_01_01,4978,24.89,not checked,not checked,0.0,0.0
AB11,levelground,levelground_cw_slow_01_02,4741,23.7,not checked,not checked,0.0,0.0
AB11,levelground,levelground_cw_slow_01_03,4627,23.13,not checked,not checked,0.0,0.0
AB11,levelground,levelground_cw_slow_01_04,4847,24.23,not checked,not checked,0.0,0.0
AB11,levelground,levelground_cw_slow_02_01,5405,27.02,not checked,not checked,0.0,0.0
AB11,ramp,ramp_1_l_01_01,3829,19.14,ok,ok,0.03,0.0
AB11,ramp,ramp_1_l_01_02,3606,18.03,not checked,not checked,0.0,0.0
AB11,ramp,ramp_1_l_01_03,3694,18.46,not checked,not checked,0.05,0.0
AB11,ramp,ramp_1_l_01_04,3679,18.39,not checked,not checked,0.03,0.0
AB11,ramp,ramp_1_l_01_05,3700,18.5,not checked,not checked,0.05,0.0
AB11,ramp,ramp_1_r_01_01,3760,18.8,not checked,not checked,0.0,0.0
AB11,ramp,ramp_1_r_01_02,3511,17.55,not checked,not checked,0.0,0.0
AB11,ramp,ramp_1_r_01_03,3498,17.48,not checked,not checked,0.03,0.03
AB11,ramp,ramp_1_r_01_04,3606,18.02,not checked,not checked,0.0,0.0
AB11,ramp,ramp_1_r_01_05,3578,17.89,not checked,not checked,0.0,0.0
AB11,ramp,ramp_2_l_01_01,3380,16.89,ok,ok,0.03,0.0
AB11,ramp,ramp_2_l_01_02,3458,17.28,not checked,not checked,0.06,0.0
AB11,ramp,ramp_2_l_01_03,3494,17.46,not checked,not checked,0.0,0.0
AB11,ramp,ramp_2_l_01_04,3369,16.84,not checked,not checked,0.03,0.0
AB11,ramp,ramp_2_l_01_05,3468,17.34,not checked,not checked,0.03,0.03
AB11,ramp,ramp_2_r_01_01,3573,17.86,not checked,not checked,0.0,0.0
AB11,ramp,ramp_2_r_01_02,3567,17.83,not checked,not checked,0.0,0.0
AB11,ramp,ramp_2_r_01_03,3516,17.57,not checked,not checked,0.0,0.0
AB11,ramp,ramp_2_r_01_04,3411,17.05,not checked,not checked,0.03,0.0
AB11,ramp,ramp_2_r_01_05,3426,17.12,not checked,not checked,0.0,0.0
AB11,ramp,ramp_3_l_01_01,3915,19.57,ok,ok,0.03,0.0
AB11,ramp,ramp_3_l_01_02,3605,18.02,not checked,not checked,0.03,0.0
AB11,ramp,ramp_3_l_01_03,3671,18.35,not checked,not checked,0.0,0.0
AB11,ramp,ramp_3_l_01_04,3653,18.26,not checked,not checked,0.0,0.0
AB11,ramp,ramp_3_l_01_05,3596,17.98,not checked,not checked,0.03,0.0
AB11,ramp,ramp_3_r_01_01,4435,22.17,not checked,not checked,0.02,0.02
AB11,ramp,ramp_3_r_01_02,3563,17.81,not checked,not checked,0.03,0.0
AB11,ramp,ramp_3_r_01_03,3645,18.22,not checked,not checked,0.03,0.0
AB11,ramp,ramp_3_r_01_04,3674,18.36,not checked,not checked,0.0,0.0
AB11,ramp,ramp_3_r_01_05,3625,18.12,not checked,not checked,0.0,0.0
AB11,ramp,ramp_3_r_02_01,3630,18.14,ok,ok,0.0,0.0
AB11,ramp,ramp_4_l_01_01,3529,17.64,not checked,not checked,0.09,0.0
AB11,ramp,ramp_4_l_01_02,3626,18.12,not checked,not checked,0.03,0.0
AB11,ramp,ramp_4_l_01_03,3758,18.78,not checked,not checked,0.05,0.0
AB11,ramp,ramp_4_l_01_04,3726,18.62,not checked,not checked,0.0,0.0
AB11,ramp,ramp_4_l_01_05,3692,18.45,not checked,not checked,0.03,0.0
AB11,ramp,ramp_4_r_01_01,3745,18.72,not checked,not checked,0.0,0.0
AB11,ramp,ramp_4_r_01_02,3569,17.84,not checked,not checked,0.0,0.0
AB11,ramp,ramp_4_r_01_03,4440,22.19,not checked,not checked,0.02,0.0
AB11,ramp,ramp_4_r_01_04,3799,18.99,not checked,not checked,0.0,0.0
AB11,ramp,ramp_4_r_01_05,3801,19.0,rejected: accelerometer not explained (rel 1.02): saturated/damped/corrupt,rejected: accelerometer not explained (rel 1.14): saturated/damped/corrupt,0.03,0.0
AB11,ramp,ramp_4_r_02_01,3670,18.34,not checked,not checked,0.03,0.0
AB11,ramp,ramp_4_r_02_02,3598,17.98,not checked,not checked,0.0,0.0
AB11,ramp,ramp_5_l_01_01,3417,17.08,not checked,not checked,0.0,0.0
AB11,ramp,ramp_5_l_01_02,3463,17.31,not checked,not checked,0.03,0.0
AB11,ramp,ramp_5_l_01_03,3499,17.49,not checked,not checked,0.0,0.0
AB11,ramp,ramp_5_l_01_04,3538,17.69,not checked,not checked,0.03,0.0
AB11,ramp,ramp_5_l_01_05,3703,18.51,not checked,not checked,0.05,0.0
AB11,ramp,ramp_5_r_01_01,3524,17.61,not checked,not checked,0.03,0.0
AB11,ramp,ramp_5_r_01_02,3524,17.61,not checked,not checked,0.0,0.0
AB11,ramp,ramp_5_r_01_03,3442,17.21,ok,rejected: poor gyro fit (0.40),0.0,0.0
AB11,ramp,ramp_5_r_01_04,3372,16.85,not checked,not checked,0.03,0.0
AB11,ramp,ramp_5_r_01_05,3436,17.17,not checked,not checked,0.03,0.0
AB11,ramp,ramp_5_r_02_01,3439,17.19,not checked,not checked,0.0,0.0
AB11,ramp,ramp_6_l_01_01,3886,19.43,not checked,not checked,0.03,0.0
AB11,ramp,ramp_6_l_01_02,3885,19.42,not checked,not checked,0.03,0.0
AB11,ramp,ramp_6_l_01_03,4043,20.21,not checked,not checked,0.02,0.0
AB11,ramp,ramp_6_l_01_04,3905,19.52,not checked,not checked,0.0,0.0
AB11,ramp,ramp_6_l_02_01,3952,19.76,not checked,not checked,0.05,0.0
AB11,ramp,ramp_6_l_02_02,4039,20.19,not checked,not checked,0.02,0.0
AB11,ramp,ramp_6_r_01_01,3784,18.91,not checked,not checked,0.0,0.0
AB11,ramp,ramp_6_r_01_02,3949,19.74,not checked,not checked,0.03,0.0
AB11,ramp,ramp_6_r_01_03,3960,19.79,not checked,not checked,0.0,0.0
AB11,ramp,ramp_6_r_01_04,3846,19.22,not checked,not checked,0.05,0.0
AB11,stair,stair_1_l_01_01,3235,16.17,ok,ok,0.0,0.0
AB11,stair,stair_1_l_01_02,3217,16.08,not checked,not checked,0.0,0.03
AB11,stair,stair_1_l_01_03,3283,16.41,not checked,not checked,0.0,0.0
AB11,stair,stair_1_l_02_01,3310,16.54,not checked,not checked,0.03,0.0
AB11,stair,stair_1_l_02_02,3431,17.15,not checked,not checked,0.0,0.0
AB11,stair,stair_1_l_02_03,3542,17.71,not checked,not checked,0.0,0.0
AB11,stair,stair_1_l_02_04,3385,16.92,not checked,not checked,0.0,0.0
AB11,stair,stair_1_l_02_05,3414,17.06,ok,ok,0.0,0.0
AB11,stair,stair_1_r_01_01,3119,15.59,not checked,not checked,0.0,0.0
AB11,stair,stair_1_r_01_02,3544,17.72,not checked,not checked,0.0,0.0
AB11,stair,stair_1_r_01_03,3585,17.92,not checked,not checked,0.0,0.03
AB11,stair,stair_1_r_01_04,3406,17.03,not checked,not checked,0.0,0.0
AB11,stair,stair_1_r_01_05,3319,16.59,not checked,not checked,0.0,0.0
AB11,stair,stair_2_l_01_01,3289,16.44,not checked,not checked,0.0,0.0
AB11,stair,stair_2_l_01_02,3244,16.21,ok,ok,0.0,0.0
AB11,stair,stair_2_l_01_03,3334,16.66,not checked,not checked,0.0,0.0
AB11,stair,stair_2_l_01_04,3534,17.67,not checked,not checked,0.0,0.0
AB11,stair,stair_2_l_01_05,3451,17.25,not checked,not checked,0.0,0.0
AB11,stair,stair_2_r_01_01,3478,17.39,not checked,not checked,0.0,0.0
AB11,stair,stair_2_r_01_02,3268,16.34,not checked,not checked,0.0,0.0
AB11,stair,stair_2_r_01_03,3387,16.93,not checked,not checked,0.0,0.0
AB11,stair,stair_2_r_01_04,3438,17.18,ok,ok,0.03,0.0
AB11,stair,stair_2_r_01_05,3887,19.43,not checked,not checked,0.0,0.0
AB11,stair,stair_3_l_01_01,3356,16.78,not checked,not checked,0.0,0.0
AB11,stair,stair_3_l_01_02,3466,17.32,not checked,not checked,0.0,0.0
AB11,stair,stair_3_l_01_03,3606,18.02,not checked,not checked,0.0,0.0
AB11,stair,stair_3_l_01_04,3911,19.55,not checked,not checked,0.0,0.0
AB11,stair,stair_3_l_01_05,3573,17.86,not checked,not checked,0.0,0.0
AB11,stair,stair_3_r_01_01,3292,16.45,ok,ok,0.0,0.0
AB11,stair,stair_3_r_01_02,3420,17.1,not checked,not checked,0.0,0.0
AB11,stair,stair_3_r_01_03,3464,17.31,not checked,not checked,0.0,0.0
AB11,stair,stair_3_r_01_04,3321,16.6,not checked,not checked,0.0,0.0
AB11,stair,stair_3_r_01_05,3224,16.11,not checked,not checked,0.0,0.0
AB11,stair,stair_4_l_01_01,3463,17.31,not checked,not checked,0.0,0.0
AB11,stair,stair_4_l_01_02,3642,18.2,not checked,not checked,0.0,0.0
AB11,stair,stair_4_l_01_03,3617,18.08,ok,ok,0.0,0.0
AB11,stair,stair_4_l_01_04,3565,17.82,not checked,not checked,0.03,0.0
AB11,stair,stair_4_l_01_05,3585,17.92,not checked,not checked,0.0,0.0
AB11,stair,stair_4_r_01_01,3303,16.51,not checked,not checked,0.0,0.0
AB11,stair,stair_4_r_01_02,3205,16.02,not checked,not checked,0.0,0.0
AB11,stair,stair_4_r_01_03,3359,16.79,not checked,not checked,0.0,0.0
AB11,stair,stair_4_r_01_04,3438,17.19,not checked,not checked,0.0,0.0
AB11,stair,stair_4_r_01_05,3318,16.58,not checked,not checked,0.0,0.0
AB11,stair,stair_4_r_02_01,3459,17.29,not checked,not checked,0.03,0.0
AB12,treadmill,treadmill_01_01,28591,142.95,ok,ok,0.13,0.02
AB12,treadmill,treadmill_02_01,28621,143.1,ok,ok,0.15,0.01
AB12,treadmill,treadmill_03_01,28652,143.26,ok,ok,0.21,0.01
AB12,treadmill,treadmill_04_01,28652,143.25,ok,ok,0.19,0.0
AB12,treadmill,treadmill_05_01,28720,143.59,ok,ok,0.32,0.02
AB12,treadmill,treadmill_06_01,28755,143.77,ok,ok,0.29,0.02
AB12,treadmill,treadmill_07_01,28787,143.93,not checked,not checked,0.35,0.01
AB12,levelground,levelground_ccw_fast_01_01,3577,17.88,rejected: poor gyro fit (0.60),rejected: poor gyro fit (0.79),0.42,0.0
AB12,levelground,levelground_ccw_fast_01_02,2544,12.72,not checked,not checked,0.31,0.0
AB12,levelground,levelground_ccw_fast_01_03,2577,12.88,not checked,not checked,0.54,0.04
AB12,levelground,levelground_ccw_fast_01_04,5494,27.46,not checked,not checked,0.33,0.04
AB12,levelground,levelground_ccw_fast_01_05,2640,13.2,not checked,not checked,0.42,0.11
AB12,levelground,levelground_ccw_fast_01_06,2487,12.43,ok,ok,0.72,0.0
AB12,levelground,levelground_ccw_normal_01_01,3881,19.4,not checked,not checked,2.16,6.31
AB12,levelground,levelground_ccw_normal_01_02,2972,14.85,not checked,not checked,0.27,0.03
AB12,levelground,levelground_ccw_normal_01_03,3106,15.52,not checked,not checked,0.35,0.03
AB12,levelground,levelground_ccw_normal_01_04,3056,15.27,not checked,not checked,0.1,0.03
AB12,levelground,levelground_ccw_normal_01_05,3134,15.66,ok,ok,0.03,0.0
AB12,levelground,levelground_ccw_slow_01_01,4255,21.27,not checked,not checked,0.14,0.0
AB12,levelground,levelground_ccw_slow_01_02,3495,17.47,not checked,not checked,0.03,0.0
AB12,levelground,levelground_ccw_slow_01_03,3186,15.93,not checked,not checked,0.13,0.03
AB12,levelground,levelground_ccw_slow_01_04,3226,16.12,not checked,not checked,0.06,0.0
AB12,levelground,levelground_ccw_slow_01_05,3380,16.89,ok,ok,0.06,0.0
AB12,levelground,levelground_cw_fast_01_01,3569,17.84,not checked,not checked,0.17,0.06
AB12,levelground,levelground_cw_fast_01_02,2970,14.85,not checked,not checked,0.37,0.03
AB12,levelground,levelground_cw_fast_01_03,2893,14.46,not checked,not checked,0.35,0.03
AB12,levelground,levelground_cw_fast_01_04,2841,14.2,not checked,not checked,0.32,0.0
AB12,levelground,levelground_cw_fast_01_05,3300,16.5,rejected: poor gyro fit (0.38),rejected: orientation 179 deg from the other trials,0.3,0.0
AB12,levelground,levelground_cw_normal_01_01,4201,21.0,not checked,not checked,6.24,7.36
AB12,levelground,levelground_cw_normal_01_02,3260,16.29,not checked,not checked,0.0,0.0
AB12,levelground,levelground_cw_normal_01_03,3481,17.4,not checked,not checked,0.14,0.03
AB12,levelground,levelground_cw_normal_01_04,3990,19.95,not checked,not checked,0.1,0.03
AB12,levelground,levelground_cw_normal_01_05,4262,21.31,rejected: gyro matches mocap implausibly well (0.119): not a raw recording?,rejected: gyro matches mocap implausibly well (0.103): not a raw recording?,0.09,0.0
AB12,levelground,levelground_cw_normal_02_01,4240,21.2,not checked,not checked,0.38,0.0
AB12,levelground,levelground_cw_normal_02_02,3683,18.41,not checked,not checked,0.08,0.05
AB12,levelground,levelground_cw_slow_01_01,6519,32.59,not checked,not checked,1.56,8.68
AB12,levelground,levelground_cw_slow_01_02,4696,23.48,not checked,not checked,0.02,0.0
AB12,levelground,levelground_cw_slow_01_03,4245,21.22,not checked,not checked,0.0,0.0
AB12,levelground,levelground_cw_slow_01_04,4324,21.61,not checked,not checked,0.05,0.0
AB12,levelground,levelground_cw_slow_01_05,4165,20.82,not checked,not checked,0.02,0.02
AB12,levelground,levelground_cw_slow_02_01,5041,25.2,not checked,not checked,0.02,0.02
AB12,ramp,ramp_1_l_01_01,3185,15.92,ok,ok,0.06,0.0
AB12,ramp,ramp_1_l_01_02,3157,15.78,not checked,not checked,0.19,0.0
AB12,ramp,ramp_1_l_01_03,3251,16.25,not checked,not checked,0.0,0.0
AB12,ramp,ramp_1_l_01_04,3277,16.38,not checked,not checked,0.06,0.03
AB12,ramp,ramp_1_l_01_05,3100,15.5,not checked,not checked,0.0,0.0
AB12,ramp,ramp_1_r_01_01,3501,17.5,not checked,not checked,0.17,0.03
AB12,ramp,ramp_1_r_01_02,3222,16.11,not checked,not checked,0.06,0.0
AB12,ramp,ramp_1_r_01_03,3693,18.46,not checked,not checked,0.08,0.03
AB12,ramp,ramp_1_r_01_04,3235,16.17,not checked,not checked,0.09,0.0
AB12,ramp,ramp_1_r_01_05,3242,16.2,not checked,not checked,0.06,0.0
AB12,ramp,ramp_2_l_01_01,3146,15.73,ok,ok,0.1,0.0
AB12,ramp,ramp_2_l_01_02,3123,15.61,not checked,not checked,0.16,0.06
AB12,ramp,ramp_2_l_01_03,3247,16.23,not checked,not checked,0.03,0.0
AB12,ramp,ramp_2_l_01_04,3111,15.55,not checked,not checked,0.13,0.0
AB12,ramp,ramp_2_l_01_05,3048,15.23,not checked,not checked,0.2,0.0
AB12,ramp,ramp_2_l_01_06,3092,15.45,not checked,not checked,0.16,0.0
AB12,ramp,ramp_2_r_01_01,3161,15.8,not checked,not checked,0.13,0.0
AB12,ramp,ramp_2_r_01_02,3150,15.75,not checked,not checked,0.06,0.0
AB12,ramp,ramp_2_r_01_03,3163,15.81,not checked,not checked,0.13,0.0
AB12,ramp,ramp_2_r_01_04,3113,15.56,not checked,not checked,0.13,0.03
AB12,ramp,ramp_2_r_01_05,3106,15.53,ok,ok,0.03,0.0
AB12,ramp,ramp_3_l_01_01,2994,14.96,not checked,not checked,0.13,0.0
AB12,ramp,ramp_3_l_01_02,2941,14.7,not checked,not checked,0.17,0.0
AB12,ramp,ramp_3_l_01_03,2877,14.38,not checked,not checked,0.14,0.0
AB12,ramp,ramp_3_l_01_04,2883,14.41,not checked,not checked,0.1,0.0
AB12,ramp,ramp_3_l_02_01,2897,14.48,not checked,not checked,0.17,0.0
AB12,ramp,ramp_3_l_02_02,2983,14.91,not checked,not checked,0.13,0.03
AB12,ramp,ramp_3_r_01_01,3024,15.11,not checked,not checked,0.1,0.0
AB12,ramp,ramp_3_r_01_02,2887,14.43,not checked,not checked,0.14,0.03
AB12,ramp,ramp_3_r_01_03,2911,14.55,not checked,not checked,0.17,0.03
AB12,ramp,ramp_3_r_01_04,2993,14.96,ok,ok,0.1,0.0
AB12,ramp,ramp_3_r_01_05,2879,14.39,not checked,not checked,0.07,0.0
AB12,ramp,ramp_4_l_01_01,3104,15.51,not checked,not checked,0.06,0.0
AB12,ramp,ramp_4_l_01_02,3111,15.55,not checked,not checked,0.13,0.0
AB12,ramp,ramp_4_l_01_03,3153,15.76,not checked,not checked,0.1,0.06
AB12,ramp,ramp_4_l_01_04,3117,15.58,not checked,not checked,0.06,0.0
AB12,ramp,ramp_4_l_01_05,3084,15.42,not checked,not checked,0.06,0.03
AB12,ramp,ramp_4_r_01_01,2971,14.85,not checked,not checked,0.07,0.0
AB12,ramp,ramp_4_r_01_02,2901,14.5,not checked,not checked,0.1,0.0
AB12,ramp,ramp_4_r_01_03,3077,15.38,not checked,not checked,0.16,0.0
AB12,ramp,ramp_4_r_01_04,3082,15.41,ok,ok,0.03,0.0
AB12,ramp,ramp_4_r_01_05,3013,15.06,not checked,not checked,0.1,0.0
AB12,ramp,ramp_5_l_01_01,3033,15.16,not checked,not checked,0.1,0.0
AB12,ramp,ramp_5_l_01_02,3035,15.17,not checked,not checked,0.07,0.0
AB12,ramp,ramp_5_l_01_03,3042,15.21,not checked,not checked,0.16,0.0
AB12,ramp,ramp_5_l_01_04,3039,15.19,not checked,not checked,0.07,0.0
AB12,ramp,ramp_5_l_01_05,3068,15.34,not checked,not checked,0.03,0.0
AB12,ramp,ramp_5_r_01_01,3276,16.38,not checked,not checked,0.0,0.0
AB12,ramp,ramp_5_r_01_02,3122,15.6,not checked,not checked,0.06,0.0
AB12,ramp,ramp_5_r_01_03,3232,16.16,not checked,not checked,0.09,0.0
AB12,ramp,ramp_5_r_01_04,3164,15.82,ok,ok,0.0,0.0
AB12,ramp,ramp_5_r_02_01,3182,15.9,not checked,not checked,0.13,0.06
AB12,ramp,ramp_5_r_02_02,3024,15.11,not checked,not checked,0.0,0.0
AB12,ramp,ramp_6_l_01_01,3242,16.2,not checked,not checked,0.19,0.09
AB12,ramp,ramp_6_l_01_02,3156,15.78,not checked,not checked,0.22,0.03
AB12,ramp,ramp_6_l_01_03,3065,15.32,not checked,not checked,0.16,0.1
AB12,ramp,ramp_6_l_01_04,3113,15.56,not checked,not checked,0.16,0.06
AB12,ramp,ramp_6_l_01_05,3116,15.58,not checked,not checked,0.1,0.0
AB12,ramp,ramp_6_r_01_01,3399,16.99,not checked,not checked,0.09,0.03
AB12,ramp,ramp_6_r_01_02,3347,16.73,not checked,not checked,0.09,0.03
AB12,ramp,ramp_6_r_01_03,3277,16.38,not checked,not checked,0.15,0.0
AB12,ramp,ramp_6_r_01_04,3244,16.22,not checked,not checked,0.15,0.0
AB12,ramp,ramp_6_r_01_05,3133,15.66,not checked,not checked,0.29,0.06
AB12,stair,stair_1_l_01_01,2535,12.67,ok,ok,0.04,0.0
AB12,stair,stair_1_l_01_02,2286,11.43,not checked,not checked,0.04,0.0
AB12,stair,stair_1_l_01_03,2260,11.29,not checked,not checked,0.0,0.0
AB12,stair,stair_1_l_01_04,2347,11.73,not checked,not checked,0.0,0.0
AB12,stair,stair_1_l_01_05,2358,11.78,not checked,not checked,0.08,0.04
AB12,stair,stair_1_r_01_01,2692,13.46,not checked,not checked,0.0,0.0
AB12,stair,stair_1_r_01_02,2512,12.55,not checked,not checked,0.04,0.0
AB12,stair,stair_1_r_01_03,2526,12.62,ok,ok,0.0,0.0
AB12,stair,stair_1_r_01_04,2493,12.46,not checked,not checked,0.0,0.0
AB12,stair,stair_1_r_01_05,2430,12.15,not checked,not checked,0.04,0.0
AB12,stair,stair_2_l_01_01,2413,12.06,not checked,not checked,0.04,0.0
AB12,stair,stair_2_l_01_02,2388,11.93,not checked,not checked,0.04,0.0
AB12,stair,stair_2_l_01_03,2336,11.67,not checked,not checked,0.04,0.0
AB12,stair,stair_2_l_01_04,2332,11.66,not checked,not checked,0.09,0.0
AB12,stair,stair_2_l_01_05,2288,11.44,ok,ok,0.09,0.0
AB12,stair,stair_2_r_01_01,2374,11.86,not checked,not checked,0.0,0.0
AB12,stair,stair_2_r_01_02,2142,10.71,not checked,not checked,0.0,0.0
AB12,stair,stair_2_r_01_03,2242,11.2,not checked,not checked,0.0,0.0
AB12,stair,stair_2_r_02_01,2356,11.78,not checked,not checked,0.04,0.0
AB12,stair,stair_2_r_02_02,2416,12.07,not checked,not checked,0.0,0.0
AB12,stair,stair_2_r_02_03,2400,12.0,not checked,not checked,0.04,0.0
AB12,stair,stair_2_r_02_04,2297,11.48,ok,ok,0.09,0.0
AB12,stair,stair_3_l_01_01,2398,11.99,not checked,not checked,0.13,0.0
AB12,stair,stair_3_l_01_02,2359,11.79,not checked,not checked,0.04,0.0
AB12,stair,stair_3_l_01_03,2328,11.63,not checked,not checked,0.13,0.0
AB12,stair,stair_3_l_01_04,2348,11.73,not checked,not checked,0.13,0.0
AB12,stair,stair_3_l_01_05,2383,11.91,not checked,not checked,0.04,0.0
AB12,stair,stair_3_r_01_01,2293,11.46,not checked,not checked,0.04,0.0
AB12,stair,stair_3_r_01_02,2346,11.73,ok,ok,0.04,0.0
AB12,stair,stair_3_r_01_03,2365,11.82,not checked,not checked,0.08,0.0
AB12,stair,stair_3_r_01_04,2440,12.2,not checked,not checked,0.04,0.0
AB12,stair,stair_3_r_01_05,2422,12.11,not checked,not checked,0.04,0.0
AB12,stair,stair_4_l_01_01,2379,11.89,not checked,not checked,0.0,0.0
AB12,stair,stair_4_l_01_02,2348,11.73,not checked,not checked,0.0,0.0
AB12,stair,stair_4_l_01_03,2706,13.52,not checked,not checked,0.07,0.0
AB12,stair,stair_4_l_01_04,2434,12.16,rejected: poor gyro fit (1.13),rejected: poor gyro fit (1.15),0.08,0.0
AB12,stair,stair_4_l_01_05,2327,11.63,not checked,not checked,0.09,0.0
AB12,stair,stair_4_r_01_01,2508,12.54,not checked,not checked,0.12,0.0
AB12,stair,stair_4_r_01_02,2462,12.31,not checked,not checked,0.08,0.04
AB12,stair,stair_4_r_01_03,2496,12.48,not checked,not checked,0.0,0.0
AB12,stair,stair_4_r_02_01,2473,12.36,not checked,not checked,0.04,0.0
AB12,stair,stair_4_r_02_02,2396,11.98,not checked,not checked,0.04,0.0
AB12,stair,stair_4_r_02_03,2376,11.88,not checked,not checked,0.08,0.0
AB13,treadmill,treadmill_01_01,28633,143.16,rejected: poor gyro fit (1.27),rejected: poor gyro fit (1.32),0.07,0.0
AB13,treadmill,treadmill_02_01,28630,143.14,ok,ok,0.08,0.01
AB13,treadmill,treadmill_03_01,28664,143.31,ok,ok,0.1,0.0
AB13,treadmill,treadmill_04_01,28693,143.46,ok,ok,0.15,0.0
AB13,treadmill,treadmill_05_01,28648,143.23,ok,ok,0.25,0.0
AB13,treadmill,treadmill_06_01,28757,143.78,ok,ok,0.33,0.01
AB13,treadmill,treadmill_07_01,28792,143.96,not checked,not checked,0.26,0.01
AB13,levelground,levelground_ccw_fast_01_01,4047,20.23,ok,ok,0.1,0.0
AB13,levelground,levelground_ccw_fast_01_02,2990,14.95,not checked,not checked,0.0,0.0
AB13,levelground,levelground_ccw_fast_01_03,3381,16.9,not checked,not checked,0.09,0.0
AB13,levelground,levelground_ccw_fast_01_04,3082,15.4,not checked,not checked,0.19,0.0
AB13,levelground,levelground_ccw_fast_02_01,4445,22.22,not checked,not checked,1.64,0.0
AB13,levelground,levelground_ccw_fast_02_02,3102,15.5,ok,ok,0.06,0.0
AB13,levelground,levelground_ccw_fast_02_03,3189,15.94,not checked,not checked,0.13,0.03
AB13,levelground,levelground_ccw_normal_01_01,4577,22.88,not checked,not checked,0.0,2.16
AB13,levelground,levelground_ccw_normal_01_02,3573,17.86,not checked,not checked,0.0,0.0
AB13,levelground,levelground_ccw_normal_01_03,3494,17.47,not checked,not checked,0.0,0.0
AB13,levelground,levelground_ccw_normal_01_04,3648,18.23,ok,ok,0.03,0.0
AB13,levelground,levelground_ccw_normal_01_05,3646,18.23,not checked,not checked,0.05,0.03
AB13,levelground,levelground_ccw_slow_01_01,5313,26.56,not checked,not checked,2.56,0.0
AB13,levelground,levelground_ccw_slow_01_02,4468,22.34,not checked,not checked,0.0,0.0
AB13,levelground,levelground_ccw_slow_01_03,4156,20.77,not checked,not checked,0.0,0.0
AB13,levelground,levelground_ccw_slow_01_04,4094,20.47,ok,ok,0.0,0.0
AB13,levelground,levelground_ccw_slow_01_05,4831,24.15,not checked,not checked,0.0,0.0
AB13,levelground,levelground_cw_fast_01_01,4249,21.24,not checked,not checked,2.57,0.0
AB13,levelground,levelground_cw_fast_01_02,3135,15.67,not checked,not checked,0.1,0.0
AB13,levelground,levelground_cw_fast_01_03,3054,15.27,not checked,not checked,0.2,0.03
AB13,levelground,levelground_cw_fast_01_04,2968,14.83,ok,ok,0.0,0.0
AB13,levelground,levelground_cw_fast_01_05,3829,19.14,not checked,not checked,0.13,0.03
AB13,levelground,levelground_cw_normal_01_01,3975,19.87,not checked,not checked,0.0,0.0
AB13,levelground,levelground_cw_normal_01_02,4097,20.48,not checked,not checked,0.02,0.0
AB13,levelground,levelground_cw_normal_01_03,4099,20.49,not checked,not checked,0.0,0.0
AB13,levelground,levelground_cw_normal_01_04,4338,21.69,ok,ok,0.02,0.0
AB13,levelground,levelground_cw_slow_01_01,4508,22.54,not checked,not checked,0.0,0.0
AB13,levelground,levelground_cw_slow_01_02,4640,23.19,not checked,not checked,0.0,0.0
AB13,levelground,levelground_cw_slow_01_03,4577,22.88,not checked,not checked,0.0,0.0
AB13,levelground,levelground_cw_slow_01_04,4887,24.43,not checked,not checked,0.0,0.0
AB13,ramp,ramp_1_l_01_01,3044,15.21,ok,ok,0.0,0.0
AB13,ramp,ramp_1_l_01_02,2960,14.79,not checked,not checked,0.03,0.0
AB13,ramp,ramp_1_l_01_03,2856,14.28,not checked,not checked,0.07,0.0
AB13,ramp,ramp_1_l_01_04,2920,14.59,not checked,not checked,0.1,0.03
AB13,ramp,ramp_1_l_01_05,2798,13.98,not checked,not checked,0.0,0.0
AB13,ramp,ramp_1_r_01_01,3410,17.05,not checked,not checked,0.0,0.03
AB13,ramp,ramp_1_r_01_02,3511,17.55,not checked,not checked,0.0,0.0
AB13,ramp,ramp_1_r_01_03,3135,15.67,not checked,not checked,0.0,0.0
AB13,ramp,ramp_1_r_01_04,3033,15.16,not checked,not checked,0.0,0.0
AB13,ramp,ramp_1_r_01_05,3162,15.81,not checked,not checked,0.03,0.0
AB13,ramp,ramp_1_r_02_01,2864,14.32,not checked,not checked,0.03,0.0
AB13,ramp,ramp_2_l_01_01,3005,15.02,ok,ok,0.1,0.0
AB13,ramp,ramp_2_l_01_02,2984,14.92,not checked,not checked,0.03,0.03
AB13,ramp,ramp_2_l_01_03,2842,14.2,not checked,not checked,0.0,0.0
AB13,ramp,ramp_2_l_01_04,2826,14.12,not checked,not checked,0.04,0.0
AB13,ramp,ramp_2_l_01_05,2855,14.27,not checked,not checked,0.04,0.0
AB13,ramp,ramp_2_l_01_06,2952,14.75,not checked,not checked,0.03,0.0
AB13,ramp,ramp_2_l_02_01,2866,14.33,not checked,not checked,0.0,0.0
AB13,ramp,ramp_2_l_02_02,2975,14.87,not checked,not checked,0.07,0.03
AB13,ramp,ramp_2_r_01_01,3063,15.31,not checked,not checked,0.07,0.0
AB13,ramp,ramp_2_r_01_02,2969,14.84,not checked,not checked,0.03,0.0
AB13,ramp,ramp_2_r_01_03,2918,14.58,not checked,not checked,0.1,0.0
AB13,ramp,ramp_2_r_01_04,3194,15.97,ok,ok,0.0,0.0
AB13,ramp,ramp_2_r_01_05,3035,15.17,not checked,not checked,0.07,0.0
AB13,ramp,ramp_2_r_01_06,2995,14.97,not checked,not checked,0.0,0.0
AB13,ramp,ramp_2_r_01_07,2946,14.72,not checked,not checked,0.0,0.0
AB13,ramp,ramp_3_l_01_01,2858,14.28,not checked,not checked,0.0,0.0
AB13,ramp,ramp_3_l_01_02,2937,14.68,not checked,not checked,0.0,0.0
AB13,ramp,ramp_3_l_01_03,2963,14.81,not checked,not checked,0.0,0.0
AB13,ramp,ramp_3_l_01_04,2982,14.91,not checked,not checked,0.0,0.0
AB13,ramp,ramp_3_l_01_05,3051,15.25,not checked,not checked,0.0,0.0
AB13,ramp,ramp_3_r_01_01,3094,15.47,not checked,not checked,0.03,0.0
AB13,ramp,ramp_3_r_01_02,3071,15.35,not checked,not checked,0.03,0.0
AB13,ramp,ramp_3_r_01_03,3083,15.41,ok,ok,0.0,0.0
AB13,ramp,ramp_3_r_01_04,2855,14.27,not checked,not checked,0.14,0.0
AB13,ramp,ramp_3_r_01_05,2965,14.82,not checked,not checked,0.0,0.0
AB13,ramp,ramp_4_l_01_01,2883,14.41,not checked,not checked,0.03,0.0
AB13,ramp,ramp_4_l_01_02,2909,14.54,not checked,not checked,0.03,0.03
AB13,ramp,ramp_4_l_01_03,2898,14.48,not checked,not checked,0.07,0.0
AB13,ramp,ramp_4_l_01_04,3149,15.74,not checked,not checked,0.13,0.0
AB13,ramp,ramp_4_l_01_05,3014,15.06,not checked,not checked,0.03,0.0
AB13,ramp,ramp_4_r_01_01,2964,14.81,not checked,not checked,0.03,0.0
AB13,ramp,ramp_4_r_01_02,2954,14.76,not checked,not checked,0.03,0.0
AB13,ramp,ramp_4_r_01_03,2888,14.43,not checked,not checked,0.1,0.0
AB13,ramp,ramp_4_r_01_04,3018,15.08,ok,ok,0.03,0.0
AB13,ramp,ramp_4_r_01_05,3070,15.34,not checked,not checked,0.03,0.0
AB13,ramp,ramp_5_l_01_01,3152,15.75,not checked,not checked,0.03,0.03
AB13,ramp,ramp_5_l_01_02,3103,15.51,not checked,not checked,0.0,0.0
AB13,ramp,ramp_5_l_01_03,2953,14.76,not checked,not checked,0.07,0.0
AB13,ramp,ramp_5_l_01_04,2892,14.45,not checked,not checked,0.0,0.0
AB13,ramp,ramp_5_l_01_05,2959,14.79,not checked,not checked,0.03,0.0
AB13,ramp,ramp_5_r_01_01,3092,15.46,not checked,not checked,0.23,0.03
AB13,ramp,ramp_5_r_01_02,3027,15.13,not checked,not checked,0.13,0.0
AB13,ramp,ramp_5_r_01_03,2938,14.69,not checked,not checked,0.03,0.03
AB13,ramp,ramp_5_r_01_04,2978,14.89,not checked,not checked,0.0,0.03
AB13,ramp,ramp_5_r_01_05,2918,14.58,ok,ok,0.0,0.0
AB13,ramp,ramp_6_l_01_01,5547,27.73,not checked,not checked,0.04,0.05
AB13,ramp,ramp_6_l_01_02,3678,18.39,not checked,not checked,0.05,0.03
AB13,ramp,ramp_6_l_01_03,3656,18.27,not checked,not checked,0.0,0.0
AB13,ramp,ramp_6_l_01_04,3703,18.51,not checked,not checked,0.0,0.03
AB13,ramp,ramp_6_l_01_05,3636,18.17,not checked,not checked,0.08,0.08
AB13,ramp,ramp_6_r_01_01,3425,17.12,not checked,not checked,0.0,0.0
AB13,ramp,ramp_6_r_01_02,3736,18.67,not checked,not checked,0.11,0.0
AB13,ramp,ramp_6_r_01_03,3820,19.1,not checked,not checked,0.05,0.03
AB13,ramp,ramp_6_r_01_04,3784,18.91,not checked,not checked,0.0,0.03
AB13,ramp,ramp_6_r_01_05,3710,18.55,not checked,not checked,0.0,0.03
AB13,stair,stair_1_l_01_01,2670,13.35,ok,ok,0.0,0.0
AB13,stair,stair_1_l_01_02,2524,12.62,not checked,not checked,0.08,0.0
AB13,stair,stair_1_l_01_03,2416,12.08,not checked,not checked,0.04,0.0
AB13,stair,stair_1_l_01_04,2431,12.15,not checked,not checked,0.08,0.0
AB13,stair,stair_1_l_01_05,2364,11.81,not checked,not checked,0.08,0.0
AB13,stair,stair_1_r_01_01,3064,15.31,not checked,not checked,0.03,0.03
AB13,stair,stair_1_r_01_02,2475,12.37,ok,ok,0.12,0.0
AB13,stair,stair_1_r_01_03,2613,13.06,not checked,not checked,0.0,0.04
AB13,stair,stair_1_r_01_04,2647,13.23,not checked,not checked,0.08,0.0
AB13,stair,stair_2_l_01_01,2941,14.7,not checked,not checked,0.1,0.0
AB13,stair,stair_2_l_01_02,2445,12.22,not checked,not checked,0.0,0.04
AB13,stair,stair_2_l_01_03,2629,13.14,not checked,not checked,0.08,0.04
AB13,stair,stair_2_l_01_04,2554,12.77,ok,ok,0.08,0.04
AB13,stair,stair_2_l_01_05,2501,12.5,not checked,not checked,0.04,0.04
AB13,stair,stair_2_r_01_01,2273,11.36,not checked,not checked,0.09,0.0
AB13,stair,stair_2_r_01_02,2368,11.84,not checked,not checked,0.04,0.0
AB13,stair,stair_2_r_01_03,3495,17.47,not checked,not checked,0.03,0.03
AB13,stair,stair_2_r_01_04,2446,12.23,not checked,not checked,0.04,0.0
AB13,stair,stair_2_r_01_05,2371,11.85,ok,ok,0.0,0.0
AB13,stair,stair_3_l_01_01,2497,12.48,not checked,not checked,0.12,0.04
AB13,stair,stair_3_l_01_02,2562,12.8,not checked,not checked,0.04,0.0
AB13,stair,stair_3_l_01_03,2591,12.95,not checked,not checked,0.04,0.0
AB13,stair,stair_3_l_01_04,2540,12.69,not checked,not checked,0.04,0.04
AB13,stair,stair_3_l_01_05,2480,12.4,not checked,not checked,0.04,0.0
AB13,stair,stair_3_r_01_01,2475,12.37,ok,ok,0.12,0.04
AB13,stair,stair_3_r_01_02,2825,14.12,not checked,not checked,0.07,0.0
AB13,stair,stair_3_r_01_03,2446,12.22,not checked,not checked,0.0,0.08
AB13,stair,stair_3_r_01_04,2487,12.43,not checked,not checked,0.04,0.04
AB13,stair,stair_3_r_01_05,2410,12.05,not checked,not checked,0.12,0.04
AB13,stair,stair_4_l_01_01,2687,13.43,not checked,not checked,0.07,0.0
AB13,stair,stair_4_l_01_02,2656,13.28,ok,ok,0.04,0.0
AB13,stair,stair_4_l_01_03,2694,13.47,not checked,not checked,0.11,0.04
AB13,stair,stair_4_l_01_04,2618,13.08,not checked,not checked,0.04,0.04
AB13,stair,stair_4_l_01_05,2586,12.92,not checked,not checked,0.0,0.0
AB13,stair,stair_4_r_01_01,2592,12.95,not checked,not checked,0.04,0.0
AB13,stair,stair_4_r_01_02,2674,13.36,not checked,not checked,0.04,0.0
AB13,stair,stair_4_r_01_03,2691,13.45,not checked,not checked,0.0,0.07
AB13,stair,stair_4_r_01_04,2661,13.3,not checked,not checked,0.04,0.04
AB13,stair,stair_4_r_01_05,2625,13.12,not checked,not checked,0.11,0.04
AB14,treadmill,treadmill_01_01,28588,142.94,ok,ok,0.21,0.0
AB14,treadmill,treadmill_02_01,28619,143.09,ok,ok,0.25,0.0
AB14,treadmill,treadmill_03_01,28650,143.25,ok,ok,0.29,0.01
AB14,treadmill,treadmill_04_01,28683,143.41,ok,ok,0.27,0.01
AB14,treadmill,treadmill_05_01,28717,143.58,ok,ok,0.37,0.02
AB14,treadmill,treadmill_06_01,28752,143.75,ok,ok,0.45,0.02
AB14,treadmill,treadmill_07_01,28783,143.91,not checked,not checked,0.47,0.04
AB14,levelground,levelground_ccw_fast_01_01,3017,15.08,rejected: accelerometer not explained (rel 0.74): saturated/damped/corrupt,ok,2.09,0.13
AB14,levelground,levelground_ccw_fast_01_02,2306,11.52,not checked,not checked,0.82,0.13
AB14,levelground,levelground_ccw_fast_01_03,2260,11.29,not checked,not checked,0.8,0.13
AB14,levelground,levelground_ccw_fast_01_04,2226,11.12,not checked,not checked,0.58,0.22
AB14,levelground,levelground_ccw_fast_02_01,7407,37.03,not checked,not checked,0.26,1.59
AB14,levelground,levelground_ccw_normal_01_01,3250,16.25,rejected: poor gyro fit (0.37),rejected: poor gyro fit (0.45),6.18,0.06
AB14,levelground,levelground_ccw_normal_01_02,2543,12.71,not checked,not checked,0.59,0.08
AB14,levelground,levelground_ccw_normal_01_03,2519,12.59,not checked,not checked,0.4,0.04
AB14,levelground,levelground_ccw_normal_01_04,2676,13.38,not checked,not checked,0.6,0.04
AB14,levelground,levelground_ccw_normal_01_05,2728,13.64,not checked,not checked,0.51,0.11
AB14,levelground,levelground_ccw_slow_01_01,3860,19.3,rejected: accelerometer not explained (rel 0.95): saturated/damped/corrupt,rejected: accelerometer not explained (rel 0.94): saturated/damped/corrupt,7.62,0.05
AB14,levelground,levelground_ccw_slow_01_02,2746,13.72,not checked,not checked,0.22,0.04
AB14,levelground,levelground_ccw_slow_01_03,2674,13.37,not checked,not checked,0.3,0.0
AB14,levelground,levelground_ccw_slow_01_04,2778,13.89,not checked,not checked,0.36,0.11
AB14,levelground,levelground_cw_fast_01_01,3633,18.16,not checked,not checked,0.44,0.03
AB14,levelground,levelground_cw_fast_01_02,2586,12.92,ok,ok,0.46,0.08
AB14,levelground,levelground_cw_fast_01_03,2338,11.69,not checked,not checked,0.73,0.21
AB14,levelground,levelground_cw_fast_01_04,2455,12.27,not checked,not checked,0.9,0.12
AB14,levelground,levelground_cw_fast_02_01,2932,14.65,not checked,not checked,0.51,0.07
AB14,levelground,levelground_cw_fast_02_02,2109,10.54,not checked,not checked,0.66,0.05
AB14,levelground,levelground_cw_normal_01_01,3582,17.91,ok,rejected: accelerometer not explained (rel 0.73): saturated/damped/corrupt,0.11,0.0
AB14,levelground,levelground_cw_normal_01_02,2766,13.82,not checked,not checked,0.11,0.0
AB14,levelground,levelground_cw_normal_01_03,2551,12.75,not checked,not checked,0.27,0.0
AB14,levelground,levelground_cw_normal_01_04,3491,17.45,not checked,not checked,0.06,0.03
AB14,levelground,levelground_cw_normal_01_05,2920,14.59,not checked,not checked,0.14,0.03
AB14,levelground,levelground_cw_slow_01_01,6931,34.65,ok,ok,0.06,0.01
AB14,levelground,levelground_cw_slow_01_02,5319,26.59,not checked,not checked,0.08,0.0
AB14,levelground,levelground_cw_slow_01_03,4295,21.47,not checked,not checked,0.05,0.05
AB14,levelground,levelground_cw_slow_01_04,3722,18.61,not checked,not checked,0.0,0.0
AB14,levelground,levelground_cw_slow_01_05,3220,16.09,not checked,not checked,0.06,0.0
AB14,levelground,levelground_cw_slow_02_01,4189,20.94,not checked,not checked,0.1,0.02
AB14,levelground,levelground_cw_slow_02_02,3323,16.61,not checked,not checked,0.03,0.0
AB14,ramp,ramp_1_l_01_01,2813,14.06,ok,ok,0.18,0.0
AB14,ramp,ramp_1_l_01_02,2786,13.93,not checked,not checked,0.18,0.0
AB14,ramp,ramp_1_l_01_03,2820,14.09,not checked,not checked,0.28,0.0
AB14,ramp,ramp_1_l_01_04,2706,13.52,not checked,not checked,0.37,0.0
AB14,ramp,ramp_1_l_01_05,2717,13.58,not checked,not checked,0.33,0.0
AB14,ramp,ramp_1_r_01_01,3353,16.76,not checked,not checked,0.03,0.0
AB14,ramp,ramp_1_r_01_02,3001,15.0,not checked,not checked,0.1,0.03
AB14,ramp,ramp_1_r_01_03,2942,14.7,not checked,not checked,0.1,0.0
AB14,ramp,ramp_1_r_01_04,2907,14.53,not checked,not checked,0.24,0.0
AB14,ramp,ramp_1_r_01_05,2741,13.7,not checked,not checked,0.18,0.0
AB14,ramp,ramp_2_l_01_01,2573,12.86,ok,ok,0.27,0.0
AB14,ramp,ramp_2_l_01_02,2682,13.41,not checked,not checked,0.26,0.0
AB14,ramp,ramp_2_l_01_03,2686,13.43,not checked,not checked,0.26,0.04
AB14,ramp,ramp_2_l_01_04,2708,13.53,not checked,not checked,0.3,0.07
AB14,ramp,ramp_2_l_01_05,2636,13.17,not checked,not checked,0.46,0.0
AB14,ramp,ramp_2_r_01_01,2803,14.01,not checked,not checked,0.18,0.0
AB14,ramp,ramp_2_r_01_02,2739,13.69,not checked,not checked,0.26,0.0
AB14,ramp,ramp_2_r_01_03,2657,13.28,not checked,not checked,0.26,0.0
AB14,ramp,ramp_2_r_01_04,2678,13.39,not checked,not checked,0.37,0.0
AB14,ramp,ramp_2_r_01_05,2691,13.45,not checked,not checked,0.3,0.07
AB14,ramp,ramp_3_l_01_01,2605,13.02,ok,ok,0.23,0.0
AB14,ramp,ramp_3_l_01_02,2618,13.09,not checked,not checked,0.31,0.0
AB14,ramp,ramp_3_l_01_03,2682,13.41,not checked,not checked,0.26,0.07
AB14,ramp,ramp_3_l_01_04,2635,13.17,not checked,not checked,0.27,0.0
AB14,ramp,ramp_3_l_01_05,2606,13.02,not checked,not checked,0.31,0.0
AB14,ramp,ramp_3_r_01_01,2639,13.19,not checked,not checked,0.19,0.0
AB14,ramp,ramp_3_r_01_02,2759,13.79,not checked,not checked,0.29,0.0
AB14,ramp,ramp_3_r_01_03,2725,13.62,not checked,not checked,0.48,0.04
AB14,ramp,ramp_3_r_01_04,2733,13.66,not checked,not checked,0.4,0.0
AB14,ramp,ramp_3_r_01_05,2663,13.31,not checked,not checked,0.23,0.04
AB14,ramp,ramp_4_l_01_01,2671,13.35,ok,ok,0.15,0.0
AB14,ramp,ramp_4_l_01_02,2679,13.39,not checked,not checked,0.3,0.04
AB14,ramp,ramp_4_l_01_03,2582,12.9,not checked,not checked,0.46,0.0
AB14,ramp,ramp_4_l_01_04,2644,13.22,not checked,not checked,0.23,0.0
AB14,ramp,ramp_4_l_01_05,2574,12.86,not checked,not checked,0.27,0.04
AB14,ramp,ramp_4_r_01_01,2665,13.32,not checked,not checked,0.15,0.0
AB14,ramp,ramp_4_r_01_02,2671,13.35,not checked,not checked,0.41,0.0
AB14,ramp,ramp_4_r_01_03,2673,13.36,not checked,not checked,0.26,0.04
AB14,ramp,ramp_4_r_01_04,2630,13.14,not checked,not checked,0.3,0.0
AB14,ramp,ramp_4_r_01_05,2583,12.91,not checked,not checked,0.23,0.04
AB14,ramp,ramp_5_l_01_01,2724,13.61,ok,ok,0.11,0.0
AB14,ramp,ramp_5_l_01_02,2609,13.04,not checked,not checked,0.34,0.04
AB14,ramp,ramp_5_l_01_03,2567,12.83,not checked,not checked,0.39,0.0
AB14,ramp,ramp_5_l_01_04,2579,12.89,not checked,not checked,0.19,0.0
AB14,ramp,ramp_5_l_01_05,2563,12.81,not checked,not checked,0.23,0.0
AB14,ramp,ramp_5_r_01_01,2632,13.15,not checked,not checked,0.19,0.04
AB14,ramp,ramp_5_r_01_02,2600,13.0,not checked,not checked,0.38,0.0
AB14,ramp,ramp_5_r_01_03,2575,12.87,not checked,not checked,0.39,0.0
AB14,ramp,ramp_5_r_01_04,2638,13.18,not checked,not checked,0.3,0.0
AB14,ramp,ramp_5_r_01_05,2573,12.86,not checked,not checked,0.35,0.0
AB14,ramp,ramp_5_r_02_01,2742,13.71,ok,ok,0.04,0.0
AB14,ramp,ramp_5_r_02_02,2605,13.02,not checked,not checked,0.27,0.0
AB14,ramp,ramp_5_r_02_03,2623,13.11,not checked,not checked,0.0,0.0
AB14,ramp,ramp_6_l_01_01,2745,13.72,not checked,not checked,0.22,0.04
AB14,ramp,ramp_6_l_01_02,2861,14.3,not checked,not checked,0.24,0.03
AB14,ramp,ramp_6_l_01_03,2840,14.2,not checked,not checked,0.32,0.04
AB14,ramp,ramp_6_l_01_04,2788,13.93,not checked,not checked,0.18,0.04
AB14,ramp,ramp_6_l_01_05,2840,14.19,not checked,not checked,0.21,0.0
AB14,ramp,ramp_6_l_01_06,2803,14.01,not checked,not checked,0.29,0.07
AB14,ramp,ramp_6_r_01_01,2923,14.61,not checked,not checked,0.31,0.0
AB14,ramp,ramp_6_r_01_02,2925,14.62,not checked,not checked,0.24,0.0
AB14,ramp,ramp_6_r_01_03,2899,14.49,not checked,not checked,0.31,0.0
AB14,ramp,ramp_6_r_01_04,2898,14.49,not checked,not checked,0.14,0.0
AB14,ramp,ramp_6_r_01_05,2894,14.47,not checked,not checked,0.31,0.0
AB14,stair,stair_1_l_01_01,2001,10.0,ok,ok,0.05,0.0
AB14,stair,stair_1_l_01_02,2075,10.37,not checked,not checked,0.05,0.0
AB14,stair,stair_1_l_01_03,2054,10.26,not checked,not checked,0.05,0.0
AB14,stair,stair_1_l_01_04,2178,10.89,not checked,not checked,0.05,0.0
AB14,stair,stair_1_l_01_05,2066,10.32,not checked,not checked,0.0,0.0
AB14,stair,stair_1_r_01_01,2190,10.95,not checked,not checked,0.09,0.0
AB14,stair,stair_1_r_01_02,2126,10.62,ok,ok,0.05,0.0
AB14,stair,stair_1_r_01_03,2102,10.51,not checked,not checked,0.1,0.0
AB14,stair,stair_1_r_01_04,2109,10.54,not checked,not checked,0.09,0.0
AB14,stair,stair_1_r_01_05,2055,10.27,not checked,not checked,0.05,0.0
AB14,stair,stair_2_l_01_01,2055,10.27,not checked,not checked,0.05,0.0
AB14,stair,stair_2_l_01_02,2085,10.42,not checked,not checked,0.0,0.0
AB14,stair,stair_2_l_01_03,2073,10.36,ok,ok,0.1,0.0
AB14,stair,stair_2_l_01_04,2096,10.48,not checked,not checked,0.0,0.0
AB14,stair,stair_2_l_01_05,2112,10.55,not checked,not checked,0.05,0.0
AB14,stair,stair_2_r_01_01,2061,10.3,not checked,not checked,0.1,0.0
AB14,stair,stair_2_r_01_02,2075,10.37,not checked,not checked,0.05,0.0
AB14,stair,stair_2_r_01_03,2113,10.56,not checked,not checked,0.05,0.0
AB14,stair,stair_2_r_01_04,2154,10.77,ok,ok,0.05,0.0
AB14,stair,stair_2_r_01_05,2080,10.4,not checked,not checked,0.14,0.0
AB14,stair,stair_3_l_01_01,2074,10.37,not checked,not checked,0.0,0.0
AB14,stair,stair_3_l_01_02,2110,10.55,not checked,not checked,0.05,0.0
AB14,stair,stair_3_l_01_03,2159,10.79,not checked,not checked,0.0,0.0
AB14,stair,stair_3_l_01_04,2137,10.68,not checked,not checked,0.05,0.0
AB14,stair,stair_3_l_01_05,2215,11.07,ok,ok,0.0,0.0
AB14,stair,stair_3_r_01_01,2023,10.11,not checked,not checked,0.1,0.0
AB14,stair,stair_3_r_01_02,2128,10.64,not checked,not checked,0.05,0.0
AB14,stair,stair_3_r_01_03,2188,10.93,not checked,not checked,0.05,0.0
AB14,stair,stair_3_r_01_04,2163,10.81,not checked,not checked,0.05,0.0
AB14,stair,stair_3_r_01_05,2089,10.44,not checked,not checked,0.19,0.0
AB14,stair,stair_4_l_01_01,2034,10.17,ok,ok,0.05,0.0
AB14,stair,stair_4_l_01_02,2171,10.85,not checked,not checked,0.09,0.0
AB14,stair,stair_4_l_01_03,2138,10.69,not checked,not checked,0.19,0.0
AB14,stair,stair_4_l_01_04,2230,11.15,not checked,not checked,0.04,0.0
AB14,stair,stair_4_l_01_05,2147,10.73,not checked,not checked,0.05,0.0
AB14,stair,stair_4_r_01_01,2112,10.55,not checked,not checked,0.09,0.0
AB14,stair,stair_4_r_01_02,2110,10.55,not checked,not checked,0.09,0.0
AB14,stair,stair_4_r_01_03,2143,10.71,not checked,not checked,0.05,0.0
AB14,stair,stair_4_r_01_04,2152,10.76,not checked,not checked,0.19,0.0
AB14,stair,stair_4_r_01_05,2166,10.82,not checked,not checked,0.0,0.0
AB15,treadmill,treadmill_01_01,28584,142.91,ok,ok,0.16,0.0
AB15,treadmill,treadmill_02_01,28618,143.09,ok,ok,0.21,0.0
AB15,treadmill,treadmill_03_01,28651,143.25,ok,ok,0.27,0.0
AB15,treadmill,treadmill_04_01,28683,143.41,ok,ok,0.2,0.0
AB15,treadmill,treadmill_05_01,28719,143.59,ok,ok,0.25,0.0
AB15,treadmill,treadmill_06_01,28751,143.75,ok,ok,0.25,0.0
AB15,treadmill,treadmill_07_01,28784,143.91,not checked,not checked,0.3,0.0
AB15,levelground,levelground_ccw_fast_01_01,4221,21.1,rejected: poor gyro fit (0.58),rejected: accelerometer not explained (rel 0.92): saturated/damped/corrupt,0.33,0.0
AB15,levelground,levelground_ccw_fast_01_02,2679,13.39,not checked,not checked,0.37,0.0
AB15,levelground,levelground_ccw_fast_01_03,2682,13.41,not checked,not checked,0.52,0.0
AB15,levelground,levelground_ccw_fast_01_04,2880,14.39,not checked,not checked,0.62,0.0
AB15,levelground,levelground_ccw_fast_01_05,2904,14.52,ok,ok,0.52,0.0
AB15,levelground,levelground_ccw_normal_01_01,4353,21.76,not checked,not checked,0.18,0.02
AB15,levelground,levelground_ccw_normal_01_02,3075,15.37,not checked,not checked,0.07,0.0
AB15,levelground,levelground_ccw_normal_01_03,3319,16.59,not checked,not checked,0.12,0.0
AB15,levelground,levelground_ccw_normal_01_04,3369,16.84,ok,ok,0.09,0.0
AB15,levelground,levelground_ccw_slow_01_01,5571,27.85,not checked,not checked,0.02,0.0
AB15,levelground,levelground_ccw_slow_01_02,4208,21.04,not checked,not checked,0.02,0.0
AB15,levelground,levelground_ccw_slow_01_03,4414,22.06,not checked,not checked,0.02,0.0
AB15,levelground,levelground_ccw_slow_01_04,4421,22.1,ok,ok,0.0,0.0
AB15,levelground,levelground_ccw_slow_01_05,4432,22.16,not checked,not checked,0.0,0.0
AB15,levelground,levelground_cw_fast_01_01,4699,23.49,not checked,not checked,0.15,0.02
AB15,levelground,levelground_cw_fast_01_02,3190,15.95,not checked,not checked,0.22,0.0
AB15,levelground,levelground_cw_fast_01_03,3251,16.25,ok,ok,0.09,0.18
AB15,levelground,levelground_cw_fast_01_04,3293,16.46,not checked,not checked,0.18,0.03
AB15,levelground,levelground_cw_fast_01_05,3178,15.89,not checked,not checked,0.13,0.0
AB15,levelground,levelground_cw_fast_01_06,3132,15.66,not checked,not checked,0.26,0.0
AB15,levelground,levelground_cw_normal_01_01,3480,17.39,ok,ok,0.03,0.0
AB15,levelground,levelground_cw_normal_01_02,3325,16.62,not checked,not checked,0.0,0.0
AB15,levelground,levelground_cw_normal_01_03,3639,18.19,not checked,not checked,0.0,0.0
AB15,levelground,levelground_cw_slow_01_01,5925,29.62,not checked,not checked,0.02,6.58
AB15,levelground,levelground_cw_slow_01_02,5037,25.18,not checked,not checked,0.0,0.0
AB15,ramp,ramp_1_l_01_01,2983,14.91,rejected: gyro matches mocap implausibly well (0.044): not a raw recording?,rejected: gyro matches mocap implausibly well (0.022): not a raw recording?,0.07,0.0
AB15,ramp,ramp_1_l_01_02,3017,15.08,not checked,not checked,0.1,0.0
AB15,ramp,ramp_1_l_01_03,3921,19.6,not checked,not checked,0.2,0.0
AB15,ramp,ramp_1_l_01_04,2978,14.88,not checked,not checked,0.17,0.0
AB15,ramp,ramp_1_l_01_05,3007,15.03,not checked,not checked,0.07,0.0
AB15,ramp,ramp_1_r_01_01,3307,16.53,not checked,not checked,0.03,0.0
AB15,ramp,ramp_1_r_01_02,3116,15.58,not checked,not checked,0.16,0.0
AB15,ramp,ramp_1_r_01_03,3683,18.41,not checked,not checked,0.05,0.0
AB15,ramp,ramp_1_r_01_04,3289,16.44,not checked,not checked,0.03,0.0
AB15,ramp,ramp_1_r_01_05,3212,16.06,not checked,not checked,0.09,0.0
AB15,ramp,ramp_1_r_01_06,3170,15.84,rejected: gyro matches mocap implausibly well (0.044): not a raw recording?,rejected: gyro matches mocap implausibly well (0.023): not a raw recording?,0.13,0.0
AB15,ramp,ramp_2_l_01_01,3239,16.19,not checked,not checked,0.03,0.0
AB15,ramp,ramp_2_l_01_02,3066,15.32,not checked,not checked,0.16,0.03
AB15,ramp,ramp_2_l_01_03,2912,14.55,not checked,not checked,0.17,0.0
AB15,ramp,ramp_2_l_01_04,3075,15.37,not checked,not checked,0.1,1.56
AB15,ramp,ramp_2_l_01_05,2987,14.93,not checked,not checked,0.0,0.0
AB15,ramp,ramp_2_r_01_01,2862,14.3,not checked,not checked,0.17,0.0
AB15,ramp,ramp_2_r_01_02,2880,14.39,not checked,not checked,0.24,0.0
AB15,ramp,ramp_2_r_01_03,2961,14.8,not checked,not checked,0.14,0.0
AB15,ramp,ramp_2_r_01_04,3029,15.14,not checked,not checked,0.17,0.0
AB15,ramp,ramp_2_r_01_05,3022,15.11,rejected: gyro matches mocap implausibly well (0.039): not a raw recording?,rejected: gyro matches mocap implausibly well (0.022): not a raw recording?,0.26,0.0
AB15,ramp,ramp_3_l_01_01,3081,15.4,not checked,not checked,0.1,0.0
AB15,ramp,ramp_3_l_01_02,3146,15.73,not checked,not checked,0.16,0.0
AB15,ramp,ramp_3_l_01_03,3080,15.39,not checked,not checked,0.06,0.0
AB15,ramp,ramp_3_l_01_04,3071,15.35,not checked,not checked,0.13,0.0
AB15,ramp,ramp_3_l_01_05,3050,15.25,not checked,not checked,0.3,0.1
AB15,ramp,ramp_3_l_01_06,3048,15.23,not checked,not checked,0.16,0.1
AB15,ramp,ramp_3_r_01_01,3234,16.16,not checked,not checked,0.03,0.0
AB15,ramp,ramp_3_r_01_02,3042,15.2,not checked,not checked,0.2,0.0
AB15,ramp,ramp_3_r_01_03,3221,16.1,not checked,not checked,0.06,0.0
AB15,ramp,ramp_3_r_01_04,2976,14.88,ok,ok,0.07,0.0
AB15,ramp,ramp_3_r_01_05,3096,15.48,not checked,not checked,0.19,0.0
AB15,ramp,ramp_3_r_01_06,3003,15.01,not checked,not checked,0.1,0.0
AB15,ramp,ramp_4_l_01_01,2950,14.75,not checked,not checked,0.31,0.03
AB15,ramp,ramp_4_l_01_02,2983,14.91,not checked,not checked,0.2,0.07
AB15,ramp,ramp_4_l_01_03,2903,14.51,not checked,not checked,0.14,0.0
AB15,ramp,ramp_4_l_01_04,2968,14.83,not checked,not checked,0.2,0.13
AB15,ramp,ramp_4_l_01_05,3007,15.03,not checked,not checked,0.23,0.03
AB15,ramp,ramp_4_r_01_01,2954,14.77,not checked,not checked,0.34,0.03
AB15,ramp,ramp_4_r_01_02,2929,14.64,not checked,not checked,0.17,0.03
AB15,ramp,ramp_4_r_01_03,3071,15.35,ok,ok,0.29,0.0
AB15,ramp,ramp_4_r_01_04,2953,14.76,not checked,not checked,0.37,0.0
AB15,ramp,ramp_4_r_01_05,2995,14.97,not checked,not checked,0.2,0.03
AB15,ramp,ramp_5_l_01_01,2841,14.2,not checked,not checked,0.21,0.0
AB15,ramp,ramp_5_l_01_02,3161,15.8,not checked,not checked,0.19,0.03
AB15,ramp,ramp_5_l_01_03,2890,14.45,not checked,not checked,0.31,0.03
AB15,ramp,ramp_5_l_01_04,2972,14.85,not checked,not checked,0.34,0.07
AB15,ramp,ramp_5_l_01_05,2914,14.57,not checked,not checked,0.41,0.1
AB15,ramp,ramp_5_r_01_01,2911,14.55,not checked,not checked,0.31,0.0
AB15,ramp,ramp_5_r_01_02,2917,14.58,not checked,not checked,0.21,0.0
AB15,ramp,ramp_5_r_01_03,3013,15.06,ok,ok,0.17,0.03
AB15,ramp,ramp_5_r_01_04,2979,14.89,not checked,not checked,0.34,0.07
AB15,ramp,ramp_5_r_01_05,2874,14.36,not checked,not checked,0.38,0.03
AB15,ramp,ramp_6_l_01_01,2839,14.19,not checked,not checked,0.32,0.18
AB15,ramp,ramp_6_l_01_02,2904,14.51,not checked,not checked,0.38,0.1
AB15,ramp,ramp_6_l_01_03,2940,14.7,not checked,not checked,0.37,0.14
AB15,ramp,ramp_6_l_01_04,2820,14.09,not checked,not checked,0.6,0.14
AB15,ramp,ramp_6_l_01_05,2881,14.4,not checked,not checked,0.52,0.21
AB15,ramp,ramp_6_r_01_01,2830,14.14,not checked,not checked,0.32,0.11
AB15,ramp,ramp_6_r_01_02,2775,13.87,not checked,not checked,0.29,0.07
AB15,ramp,ramp_6_r_01_03,2798,13.98,not checked,not checked,0.36,0.07
AB15,ramp,ramp_6_r_01_04,2842,14.2,not checked,not checked,0.28,0.14
AB15,ramp,ramp_6_r_01_05,3032,15.16,not checked,not checked,0.49,0.0
AB15,stair,stair_1_l_01_01,2576,12.88,ok,ok,0.04,0.0
AB15,stair,stair_1_l_01_02,2371,11.85,not checked,not checked,0.0,0.0
AB15,stair,stair_1_l_01_03,2305,11.52,not checked,not checked,0.0,0.0
AB15,stair,stair_1_l_01_04,2580,12.9,not checked,not checked,0.0,0.0
AB15,stair,stair_1_l_01_05,2411,12.05,not checked,not checked,0.0,0.0
AB15,stair,stair_1_r_01_01,2331,11.65,not checked,not checked,0.0,0.0
AB15,stair,stair_1_r_01_02,2280,11.39,rejected: poor gyro fit (0.38),ok,0.04,0.0
AB15,stair,stair_1_r_01_03,2281,11.4,not checked,not checked,0.09,0.0
AB15,stair,stair_1_r_01_04,2421,12.1,not checked,not checked,0.0,0.0
AB15,stair,stair_1_r_01_05,2249,11.24,not checked,not checked,0.0,0.0
AB15,stair,stair_2_l_01_01,2338,11.69,not checked,not checked,0.0,0.0
AB15,stair,stair_2_l_01_02,2251,11.25,not checked,not checked,0.0,0.0
AB15,stair,stair_2_l_01_03,2701,13.5,ok,ok,0.0,0.0
AB15,stair,stair_2_l_01_04,2680,13.39,not checked,not checked,0.0,0.0
AB15,stair,stair_2_l_01_05,2470,12.35,not checked,not checked,0.04,0.0
AB15,stair,stair_2_r_01_01,2367,11.83,not checked,not checked,0.0,0.0
AB15,stair,stair_2_r_01_02,2440,12.2,not checked,not checked,0.04,0.0
AB15,stair,stair_2_r_01_03,2400,11.99,not checked,not checked,0.0,0.0
AB15,stair,stair_2_r_01_04,2505,12.52,rejected: poor gyro fit (0.38),rejected: poor gyro fit (0.35),0.0,0.0
AB15,stair,stair_2_r_01_05,2405,12.02,not checked,not checked,0.0,0.0
AB15,stair,stair_3_l_01_01,2229,11.14,not checked,not checked,0.0,0.0
AB15,stair,stair_3_l_01_02,2492,12.46,not checked,not checked,0.12,0.0
AB15,stair,stair_3_l_01_03,2501,12.5,not checked,not checked,0.0,0.0
AB15,stair,stair_3_l_01_04,2457,12.28,not checked,not checked,0.0,0.0
AB15,stair,stair_3_l_01_05,2297,11.48,rejected: poor gyro fit (0.37),ok,0.04,0.0
AB15,stair,stair_3_r_01_01,2233,11.16,not checked,not checked,0.0,0.0
AB15,stair,stair_3_r_01_02,2267,11.33,not checked,not checked,0.0,0.0
AB15,stair,stair_3_r_01_03,2451,12.25,not checked,not checked,0.04,0.0
AB15,stair,stair_3_r_02_01,2269,11.34,not checked,not checked,0.0,0.0
AB15,stair,stair_3_r_02_02,2198,10.99,not checked,not checked,0.05,0.0
AB15,stair,stair_3_r_02_03,2229,11.14,rejected: poor gyro fit (0.37),ok,0.0,0.0
AB15,stair,stair_4_l_01_01,2562,12.8,not checked,not checked,0.0,0.0
AB15,stair,stair_4_l_01_02,2507,12.53,not checked,not checked,0.04,0.0
AB15,stair,stair_4_l_01_03,2662,13.3,not checked,not checked,0.08,0.0
AB15,stair,stair_4_l_01_04,2558,12.78,not checked,not checked,0.16,0.0
AB15,stair,stair_4_l_01_05,2554,12.77,not checked,not checked,0.04,0.0
AB15,stair,stair_4_r_01_01,2278,11.38,not checked,not checked,0.04,0.0
AB15,stair,stair_4_r_01_02,2312,11.55,not checked,not checked,0.0,0.0
AB15,stair,stair_4_r_01_03,2308,11.54,not checked,not checked,0.04,0.0
AB15,stair,stair_4_r_01_04,2275,11.37,not checked,not checked,0.09,0.0
AB15,stair,stair_4_r_01_05,2192,10.95,not checked,not checked,0.05,0.0
AB16,treadmill,treadmill_01_01,28591,142.95,rejected: accelerometer not explained (rel 1.05): saturated/damped/corrupt,rejected: gyro matches mocap implausibly well (0.090): not a raw recording?,0.0,0.0
AB16,treadmill,treadmill_02_01,28630,143.15,ok,ok,0.1,0.01
AB16,treadmill,treadmill_03_01,28652,143.25,ok,ok,0.14,0.04
AB16,treadmill,treadmill_04_01,28688,143.44,ok,ok,0.13,0.03
AB16,treadmill,treadmill_05_01,28719,143.59,ok,ok,0.12,0.06
AB16,treadmill,treadmill_06_01,28753,143.76,ok,ok,0.19,0.08
AB16,treadmill,treadmill_07_01,28785,143.92,not checked,not checked,0.16,0.04
AB16,levelground,levelground_ccw_fast_01_01,4221,21.1,ok,rejected: gyro matches mocap implausibly well (0.087): not a raw recording?,0.02,0.0
AB16,levelground,levelground_ccw_fast_01_02,3610,18.04,not checked,not checked,0.08,0.0
AB16,levelground,levelground_ccw_fast_01_03,3595,17.97,not checked,not checked,0.03,0.0
AB16,levelground,levelground_ccw_fast_01_04,3399,16.99,not checked,not checked,0.03,0.0
AB16,levelground,levelground_ccw_fast_01_05,3511,17.55,not checked,not checked,0.06,0.0
AB16,levelground,levelground_ccw_normal_01_01,4985,24.92,ok,rejected: gyro matches mocap implausibly well (0.092): not a raw recording?,0.0,0.0
AB16,levelground,levelground_ccw_normal_01_02,4069,20.34,not checked,not checked,0.0,0.0
AB16,levelground,levelground_ccw_normal_01_03,4168,20.83,not checked,not checked,0.0,0.0
AB16,levelground,levelground_ccw_normal_01_04,3884,19.42,not checked,not checked,0.0,0.0
AB16,levelground,levelground_ccw_normal_01_05,3624,18.11,not checked,not checked,0.0,0.0
AB16,levelground,levelground_ccw_normal_01_06,4048,20.24,ok,rejected: gyro matches mocap implausibly well (0.091): not a raw recording?,0.0,0.0
AB16,levelground,levelground_ccw_slow_01_01,6093,30.46,not checked,not checked,0.0,0.0
AB16,levelground,levelground_ccw_slow_01_02,5167,25.83,not checked,not checked,0.0,0.0
AB16,levelground,levelground_ccw_slow_02_01,6131,30.65,not checked,not checked,0.0,0.0
AB16,levelground,levelground_ccw_slow_02_02,4607,23.03,not checked,not checked,0.0,0.0
AB16,levelground,levelground_ccw_slow_02_03,4971,24.85,ok,rejected: gyro matches mocap implausibly well (0.102): not a raw recording?,0.0,0.0
AB16,levelground,levelground_cw_fast_01_01,4511,22.55,not checked,not checked,0.02,0.0
AB16,levelground,levelground_cw_fast_01_02,3697,18.48,not checked,not checked,0.03,0.0
AB16,levelground,levelground_cw_fast_01_03,3705,18.52,not checked,not checked,0.0,0.0
AB16,levelground,levelground_cw_fast_01_04,3818,19.09,not checked,not checked,0.03,0.0
AB16,levelground,levelground_cw_fast_01_05,3761,18.8,ok,rejected: gyro matches mocap implausibly well (0.083): not a raw recording?,0.03,0.0
AB16,levelground,levelground_cw_normal_01_01,4713,23.56,not checked,not checked,0.0,0.0
AB16,levelground,levelground_cw_normal_01_02,4766,23.83,not checked,not checked,0.0,0.0
AB16,levelground,levelground_cw_normal_01_03,4752,23.76,not checked,not checked,0.0,0.0
AB16,levelground,levelground_cw_normal_01_04,4695,23.47,not checked,not checked,0.0,0.0
AB16,levelground,levelground_cw_normal_01_05,4985,24.92,ok,rejected: gyro matches mocap implausibly well (0.104): not a raw recording?,0.0,0.0
AB16,levelground,levelground_cw_slow_01_01,7654,38.27,not checked,not checked,0.0,0.0
AB16,levelground,levelground_cw_slow_01_02,6602,33.0,not checked,not checked,0.0,0.0
AB16,levelground,levelground_cw_slow_01_03,6761,33.8,not checked,not checked,0.0,0.0
AB16,levelground,levelground_cw_slow_01_04,5860,29.3,not checked,not checked,0.0,0.0
AB16,levelground,levelground_cw_slow_01_05,5860,29.29,not checked,not checked,0.0,0.0
AB16,ramp,ramp_1_l_01_01,3546,17.73,ok,ok,0.03,0.0
AB16,ramp,ramp_1_l_01_02,3545,17.72,not checked,not checked,0.0,0.0
AB16,ramp,ramp_1_l_01_03,3662,18.3,not checked,not checked,0.05,0.0
AB16,ramp,ramp_1_l_01_04,3511,17.55,not checked,not checked,0.0,0.0
AB16,ramp,ramp_1_l_01_05,3351,16.75,not checked,not checked,0.03,0.0
AB16,ramp,ramp_1_r_01_01,4487,22.43,not checked,not checked,0.02,0.0
AB16,ramp,ramp_1_r_01_02,3651,18.25,not checked,not checked,0.03,0.0
AB16,ramp,ramp_1_r_01_03,3465,17.32,not checked,not checked,0.0,0.0
AB16,ramp,ramp_1_r_01_04,3561,17.8,not checked,not checked,0.03,0.0
AB16,ramp,ramp_1_r_01_05,3553,17.76,not checked,not checked,0.06,0.06
AB16,ramp,ramp_2_l_01_01,3637,18.18,ok,ok,0.03,0.0
AB16,ramp,ramp_2_l_01_02,3658,18.29,not checked,not checked,0.0,0.0
AB16,ramp,ramp_2_l_01_03,3631,18.15,not checked,not checked,0.03,0.0
AB16,ramp,ramp_2_l_01_04,3564,17.81,not checked,not checked,0.0,0.0
AB16,ramp,ramp_2_l_01_05,3602,18.0,not checked,not checked,0.06,0.0
AB16,ramp,ramp_2_r_01_01,3313,16.56,not checked,not checked,0.09,0.0
AB16,ramp,ramp_2_r_01_02,3385,16.92,not checked,not checked,0.06,0.03
AB16,ramp,ramp_2_r_01_03,3456,17.28,not checked,not checked,0.0,0.0
AB16,ramp,ramp_2_r_01_04,3506,17.52,not checked,not checked,0.09,0.0
AB16,ramp,ramp_2_r_01_05,3420,17.09,not checked,not checked,0.03,0.0
AB16,ramp,ramp_3_l_01_01,3570,17.84,ok,ok,0.0,0.0
AB16,ramp,ramp_3_l_01_02,3754,18.77,not checked,not checked,0.0,0.0
AB16,ramp,ramp_3_l_01_03,3718,18.59,not checked,not checked,0.0,0.0
AB16,ramp,ramp_3_l_01_04,3728,18.63,not checked,not checked,0.0,0.0
AB16,ramp,ramp_3_l_01_05,3748,18.73,not checked,not checked,0.0,0.0
AB16,ramp,ramp_3_r_01_01,3426,17.12,not checked,not checked,0.0,0.0
AB16,ramp,ramp_3_r_01_02,3470,17.34,not checked,not checked,0.03,0.0
AB16,ramp,ramp_3_r_01_03,3424,17.12,not checked,not checked,0.0,0.0
AB16,ramp,ramp_3_r_01_04,3582,17.91,not checked,not checked,0.0,0.0
AB16,ramp,ramp_3_r_01_05,3693,18.46,not checked,not checked,0.0,0.0
AB16,ramp,ramp_3_r_01_06,3628,18.14,ok,ok,0.0,0.0
AB16,ramp,ramp_4_l_01_01,3506,17.52,not checked,not checked,0.03,0.0
AB16,ramp,ramp_4_l_01_02,3582,17.9,not checked,not checked,0.03,0.0
AB16,ramp,ramp_4_l_01_03,3807,19.03,not checked,not checked,0.0,0.0
AB16,ramp,ramp_4_l_01_04,3589,17.94,not checked,not checked,0.0,0.0
AB16,ramp,ramp_4_l_01_05,3563,17.81,not checked,not checked,0.0,0.0
AB16,ramp,ramp_4_r_01_01,3621,18.1,not checked,not checked,0.0,0.0
AB16,ramp,ramp_4_r_01_02,3542,17.7,not checked,not checked,0.06,0.0
AB16,ramp,ramp_4_r_01_03,3646,18.22,not checked,not checked,0.03,0.0
AB16,ramp,ramp_4_r_01_04,3570,17.85,not checked,not checked,0.0,0.0
AB16,ramp,ramp_4_r_01_05,3708,18.54,ok,ok,0.05,0.03
AB16,ramp,ramp_5_l_01_01,3626,18.12,not checked,not checked,0.03,0.0
AB16,ramp,ramp_5_l_01_02,3672,18.36,not checked,not checked,0.11,0.0
AB16,ramp,ramp_5_l_01_03,3615,18.07,not checked,not checked,0.06,0.0
AB16,ramp,ramp_5_l_01_04,3811,19.05,not checked,not checked,0.05,0.0
AB16,ramp,ramp_5_l_01_05,3509,17.54,not checked,not checked,0.0,0.0
AB16,ramp,ramp_5_r_01_01,3571,17.85,not checked,not checked,0.0,0.0
AB16,ramp,ramp_5_r_01_02,3656,18.28,not checked,not checked,0.03,0.0
AB16,ramp,ramp_5_r_01_03,3603,18.01,not checked,not checked,0.03,0.0
AB16,ramp,ramp_5_r_01_04,3559,17.79,not checked,not checked,0.0,0.0
AB16,ramp,ramp_5_r_01_05,3489,17.44,ok,rejected: accelerometer not explained (rel 0.77): saturated/damped/corrupt,0.06,0.0
AB16,ramp,ramp_6_l_01_01,3988,19.94,not checked,not checked,0.05,0.0
AB16,ramp,ramp_6_l_01_02,3962,19.8,not checked,not checked,0.03,0.0
AB16,ramp,ramp_6_l_01_03,3989,19.94,not checked,not checked,0.08,0.0
AB16,ramp,ramp_6_l_01_04,4001,20.0,not checked,not checked,0.02,0.0
AB16,ramp,ramp_6_l_01_05,4010,20.05,not checked,not checked,0.07,0.0
AB16,ramp,ramp_6_r_01_01,4352,21.75,not checked,not checked,0.09,0.0
AB16,ramp,ramp_6_r_01_02,4013,20.06,not checked,not checked,0.05,0.0
AB16,ramp,ramp_6_r_01_03,3937,19.68,not checked,not checked,0.1,0.0
AB16,ramp,ramp_6_r_01_04,4003,20.01,not checked,not checked,0.02,0.0
AB16,ramp,ramp_6_r_01_05,4002,20.01,not checked,not checked,0.07,0.0
AB16,ramp,ramp_6_r_01_06,4005,20.02,not checked,not checked,0.05,0.0
AB16,stair,stair_1_l_01_01,2941,14.7,ok,ok,0.03,0.0
AB16,stair,stair_1_l_01_02,2986,14.92,not checked,not checked,0.0,0.0
AB16,stair,stair_1_l_01_03,3075,15.37,not checked,not checked,0.03,0.0
AB16,stair,stair_1_l_01_04,3044,15.21,not checked,not checked,0.03,0.0
AB16,stair,stair_1_l_01_05,3099,15.49,not checked,not checked,0.0,0.0
AB16,stair,stair_1_r_01_01,3118,15.59,not checked,not checked,0.0,0.0
AB16,stair,stair_1_r_01_02,3395,16.97,ok,ok,0.03,0.0
AB16,stair,stair_1_r_01_03,3076,15.38,not checked,not checked,0.0,0.0
AB16,stair,stair_1_r_01_04,3167,15.83,not checked,not checked,0.06,0.0
AB16,stair,stair_1_r_01_05,3015,15.07,not checked,not checked,0.0,0.0
AB16,stair,stair_2_l_01_01,2830,14.14,not checked,not checked,0.07,0.0
AB16,stair,stair_2_l_01_02,3050,15.24,not checked,not checked,0.07,0.0
AB16,stair,stair_2_l_01_03,2919,14.59,ok,ok,0.0,0.0
AB16,stair,stair_2_l_01_04,2985,14.92,not checked,not checked,0.0,0.0
AB16,stair,stair_2_l_01_05,2918,14.58,not checked,not checked,0.1,0.0
AB16,stair,stair_2_r_01_01,2981,14.9,not checked,not checked,0.03,0.0
AB16,stair,stair_2_r_01_02,2893,14.46,not checked,not checked,0.0,0.0
AB16,stair,stair_2_r_01_03,2799,13.99,not checked,not checked,0.0,0.0
AB16,stair,stair_2_r_01_04,2808,14.03,ok,ok,0.0,0.0
AB16,stair,stair_2_r_01_05,2817,14.08,not checked,not checked,0.04,0.0
AB16,stair,stair_3_l_01_01,2890,14.45,not checked,not checked,0.07,0.0
AB16,stair,stair_3_l_01_02,2777,13.88,not checked,not checked,0.11,0.0
AB16,stair,stair_3_l_01_03,2845,14.22,not checked,not checked,0.0,0.0
AB16,stair,stair_3_l_01_04,2769,13.84,not checked,not checked,0.04,0.0
AB16,stair,stair_3_l_01_05,2750,13.74,ok,ok,0.11,0.0
AB16,stair,stair_3_r_01_01,2831,14.15,not checked,not checked,0.07,0.0
AB16,stair,stair_3_r_01_02,2979,14.89,not checked,not checked,0.03,0.0
AB16,stair,stair_3_r_01_03,2793,13.96,not checked,not checked,0.04,0.0
AB16,stair,stair_3_r_01_04,2743,13.71,not checked,not checked,0.04,0.0
AB16,stair,stair_3_r_01_05,2831,14.15,not checked,not checked,0.04,0.0
AB16,stair,stair_4_l_01_01,2687,13.43,ok,ok,0.07,0.0
AB16,stair,stair_4_l_01_02,2657,13.28,not checked,not checked,0.08,0.0
AB16,stair,stair_4_l_01_03,2764,13.82,not checked,not checked,0.04,0.0
AB16,stair,stair_4_l_01_04,2789,13.94,not checked,not checked,0.04,0.0
AB16,stair,stair_4_l_01_05,2684,13.42,not checked,not checked,0.11,0.0
AB16,stair,stair_4_r_01_01,2692,13.46,not checked,not checked,0.0,0.0
AB16,stair,stair_4_r_01_02,2708,13.54,not checked,not checked,0.11,0.0
AB16,stair,stair_4_r_01_03,2784,13.91,not checked,not checked,0.07,0.0
AB16,stair,stair_4_r_01_04,2854,14.27,not checked,not checked,0.04,0.0
AB16,stair,stair_4_r_01_05,2790,13.95,not checked,not checked,0.07,0.0
AB17,treadmill,treadmill_01_01,28587,142.93,ok,ok,0.07,0.0
AB17,treadmill,treadmill_02_01,28616,143.07,ok,ok,0.04,0.01
AB17,treadmill,treadmill_03_01,28650,143.25,ok,ok,0.07,0.0
AB17,treadmill,treadmill_04_01,28684,143.42,ok,ok,0.06,0.0
AB17,treadmill,treadmill_05_01,28718,143.58,ok,ok,0.11,0.0
AB17,treadmill,treadmill_06_01,28751,143.75,ok,ok,0.17,0.01
AB17,treadmill,treadmill_07_01,28782,143.91,not checked,not checked,0.19,0.01
AB17,levelground,levelground_ccw_fast_01_01,2694,13.46,ok,ok,0.3,0.0
AB17,levelground,levelground_ccw_fast_01_02,2648,13.24,not checked,not checked,0.08,0.0
AB17,levelground,levelground_ccw_normal_01_01,4152,20.75,not checked,not checked,1.59,5.03
AB17,levelground,levelground_ccw_normal_01_02,3011,15.05,ok,ok,0.0,0.0
AB17,levelground,levelground_ccw_normal_01_03,3059,15.29,not checked,not checked,0.1,0.0
AB17,levelground,levelground_ccw_normal_01_04,3997,19.98,not checked,not checked,0.0,0.0
AB17,levelground,levelground_ccw_slow_01_01,4729,23.64,rejected: accelerometer not explained (rel 0.86): saturated/damped/corrupt,rejected: accelerometer not explained (rel 0.76): saturated/damped/corrupt,0.0,0.0
AB17,levelground,levelground_ccw_slow_01_02,3296,16.47,not checked,not checked,0.0,0.0
AB17,levelground,levelground_ccw_slow_02_01,3629,18.14,not checked,not checked,0.0,0.0
AB17,levelground,levelground_ccw_slow_02_02,4013,20.06,ok,ok,0.0,0.0
AB17,levelground,levelground_cw_fast_01_01,2592,12.95,not checked,not checked,0.23,0.0
AB17,levelground,levelground_cw_fast_01_02,2844,14.21,not checked,not checked,0.14,0.0
AB17,levelground,levelground_cw_fast_01_03,2960,14.79,ok,ok,0.17,0.0
AB17,levelground,levelground_cw_normal_01_01,4587,22.93,not checked,not checked,0.04,0.46
AB17,levelground,levelground_cw_normal_01_02,3272,16.36,not checked,not checked,0.0,0.0
AB17,levelground,levelground_cw_normal_01_03,3354,16.77,ok,ok,0.09,0.0
AB17,levelground,levelground_cw_normal_01_04,3374,16.87,not checked,not checked,0.0,0.0
AB17,levelground,levelground_cw_slow_01_01,4978,24.89,not checked,not checked,2.81,0.0
AB17,levelground,levelground_cw_slow_01_02,3961,19.8,not checked,not checked,0.0,0.0
AB17,levelground,levelground_cw_slow_02_01,4171,20.85,not checked,not checked,0.0,0.0
AB17,levelground,levelground_cw_slow_02_02,3639,18.19,not checked,not checked,0.0,0.0
AB17,levelground,levelground_cw_slow_02_03,3711,18.55,not checked,not checked,0.0,0.0
AB17,ramp,ramp_1_l_01_01,3003,15.01,ok,ok,0.07,0.0
AB17,ramp,ramp_1_l_01_02,3012,15.05,not checked,not checked,0.07,0.0
AB17,ramp,ramp_1_l_01_03,3157,15.78,not checked,not checked,0.0,0.03
AB17,ramp,ramp_1_l_01_04,2884,14.42,not checked,not checked,0.0,0.0
AB17,ramp,ramp_1_l_01_05,3015,15.07,not checked,not checked,0.03,0.0
AB17,ramp,ramp_1_r_01_01,3168,15.84,not checked,not checked,0.0,0.0
AB17,ramp,ramp_1_r_01_02,3335,16.67,not checked,not checked,0.0,0.0
AB17,ramp,ramp_1_r_01_03,3377,16.88,not checked,not checked,0.0,0.0
AB17,ramp,ramp_1_r_01_04,3194,15.96,not checked,not checked,0.03,0.03
AB17,ramp,ramp_1_r_01_05,2968,14.83,not checked,not checked,0.0,0.0
AB17,ramp,ramp_2_l_01_01,2855,14.27,ok,ok,0.11,0.0
AB17,ramp,ramp_2_l_01_02,2829,14.14,not checked,not checked,0.0,0.11
AB17,ramp,ramp_2_l_01_03,2891,14.45,not checked,not checked,0.03,0.0
AB17,ramp,ramp_2_l_01_04,2835,14.17,not checked,not checked,0.14,0.11
AB17,ramp,ramp_2_l_01_05,2818,14.08,not checked,not checked,0.14,0.0
AB17,ramp,ramp_2_r_01_01,2843,14.21,not checked,not checked,0.0,0.0
AB17,ramp,ramp_2_r_01_02,2888,14.44,not checked,not checked,0.0,0.0
AB17,ramp,ramp_2_r_01_03,3004,15.02,not checked,not checked,0.0,0.0
AB17,ramp,ramp_2_r_01_04,2822,14.1,not checked,not checked,0.0,0.04
AB17,ramp,ramp_2_r_01_05,2692,13.46,not checked,not checked,0.0,0.04
AB17,ramp,ramp_3_l_01_01,2787,13.93,ok,ok,0.04,0.0
AB17,ramp,ramp_3_l_01_02,2835,14.17,not checked,not checked,0.0,0.0
AB17,ramp,ramp_3_l_01_03,2855,14.27,not checked,not checked,0.11,0.04
AB17,ramp,ramp_3_l_01_04,2852,14.26,not checked,not checked,0.0,0.0
AB17,ramp,ramp_3_l_01_05,2777,13.88,not checked,not checked,0.07,0.0
AB17,ramp,ramp_3_r_01_01,2721,13.6,not checked,not checked,0.0,0.0
AB17,ramp,ramp_3_r_01_02,2735,13.67,not checked,not checked,0.0,0.04
AB17,ramp,ramp_3_r_01_03,2681,13.4,not checked,not checked,0.0,0.0
AB17,ramp,ramp_3_r_01_04,2770,13.84,not checked,not checked,0.04,0.04
AB17,ramp,ramp_3_r_01_05,2714,13.57,not checked,not checked,0.07,0.0
AB17,ramp,ramp_4_l_01_01,2882,14.41,ok,ok,0.03,0.03
AB17,ramp,ramp_4_l_01_02,2719,13.59,not checked,not checked,0.07,0.07
AB17,ramp,ramp_4_l_01_03,2722,13.6,not checked,not checked,0.04,0.0
AB17,ramp,ramp_4_l_01_04,2800,13.99,not checked,not checked,0.11,0.0
AB17,ramp,ramp_4_l_01_05,2661,13.3,not checked,not checked,0.04,0.04
AB17,ramp,ramp_4_r_01_01,2878,14.39,not checked,not checked,0.0,0.0
AB17,ramp,ramp_4_r_01_02,2790,13.95,not checked,not checked,0.04,0.0
AB17,ramp,ramp_4_r_01_03,2800,13.99,not checked,not checked,0.11,0.0
AB17,ramp,ramp_4_r_01_04,2805,14.02,not checked,not checked,0.0,0.0
AB17,ramp,ramp_4_r_01_05,2645,13.22,not checked,not checked,0.08,0.0
AB17,ramp,ramp_5_l_01_01,2759,13.79,ok,ok,0.04,0.04
AB17,ramp,ramp_5_l_01_02,2739,13.69,not checked,not checked,0.15,0.04
AB17,ramp,ramp_5_l_01_03,2740,13.7,not checked,not checked,0.18,0.0
AB17,ramp,ramp_5_l_01_04,2747,13.73,not checked,not checked,0.18,0.04
AB17,ramp,ramp_5_l_01_05,2764,13.81,not checked,not checked,0.07,0.07
AB17,ramp,ramp_5_r_01_01,2805,14.02,not checked,not checked,0.07,0.0
AB17,ramp,ramp_5_r_01_02,2623,13.11,not checked,not checked,0.04,0.0
AB17,ramp,ramp_5_r_01_03,2748,13.73,not checked,not checked,0.22,0.04
AB17,ramp,ramp_5_r_01_04,2810,14.05,not checked,not checked,0.11,0.0
AB17,ramp,ramp_5_r_01_05,2623,13.11,not checked,not checked,0.23,0.08
AB17,ramp,ramp_6_l_01_01,2838,14.18,ok,ok,0.28,0.04
AB17,ramp,ramp_6_l_01_02,2722,13.61,not checked,not checked,0.26,0.04
AB17,ramp,ramp_6_l_01_03,2782,13.91,not checked,not checked,0.25,0.11
AB17,ramp,ramp_6_l_01_04,2863,14.31,not checked,not checked,0.17,0.03
AB17,ramp,ramp_6_l_01_05,2785,13.92,not checked,not checked,0.18,0.04
AB17,ramp,ramp_6_r_01_01,2874,14.37,not checked,not checked,0.07,0.14
AB17,ramp,ramp_6_r_01_02,2862,14.3,not checked,not checked,0.24,0.03
AB17,ramp,ramp_6_r_01_03,2802,14.01,not checked,not checked,0.39,0.11
AB17,ramp,ramp_6_r_01_04,3002,15.01,not checked,not checked,0.23,0.1
AB17,ramp,ramp_6_r_01_05,2669,13.34,not checked,not checked,0.34,0.07
AB17,ramp,ramp_6_r_01_06,2817,14.08,not checked,not checked,0.14,0.07
AB17,stair,stair_1_l_01_01,2572,12.86,ok,ok,0.0,0.0
AB17,stair,stair_1_l_01_02,2848,14.23,not checked,not checked,0.0,0.0
AB17,stair,stair_1_l_01_03,3199,15.99,not checked,not checked,0.03,0.03
AB17,stair,stair_1_l_01_04,2491,12.45,not checked,not checked,0.08,0.0
AB17,stair,stair_1_l_01_05,2381,11.9,not checked,not checked,0.0,0.0
AB17,stair,stair_1_l_01_06,2335,11.67,not checked,not checked,0.04,0.0
AB17,stair,stair_1_r_01_01,2946,14.73,not checked,not checked,0.03,0.0
AB17,stair,stair_1_r_01_02,2613,13.06,ok,ok,0.04,0.04
AB17,stair,stair_1_r_01_03,2787,13.93,not checked,not checked,0.0,0.0
AB17,stair,stair_1_r_01_04,2763,13.81,not checked,not checked,0.0,0.0
AB17,stair,stair_1_r_01_05,2673,13.36,not checked,not checked,0.0,0.0
AB17,stair,stair_2_l_01_01,2465,12.32,not checked,not checked,0.0,0.0
AB17,stair,stair_2_l_01_02,2291,11.45,not checked,not checked,0.09,0.0
AB17,stair,stair_2_l_01_03,2373,11.86,not checked,not checked,0.21,0.0
AB17,stair,stair_2_l_01_04,2382,11.91,ok,ok,0.0,0.04
AB17,stair,stair_2_l_01_05,2362,11.81,not checked,not checked,0.04,0.0
AB17,stair,stair_2_r_01_01,2275,11.37,not checked,not checked,0.04,0.0
AB17,stair,stair_2_r_01_02,2851,14.25,not checked,not checked,0.0,0.0
AB17,stair,stair_2_r_01_03,2508,12.53,not checked,not checked,0.08,0.0
AB17,stair,stair_2_r_01_04,2423,12.11,not checked,not checked,0.04,0.0
AB17,stair,stair_2_r_01_05,2352,11.76,not checked,not checked,0.0,0.0
AB17,stair,stair_3_l_01_01,2511,12.55,ok,ok,0.0,0.0
AB17,stair,stair_3_l_01_02,2527,12.63,not checked,not checked,0.0,0.0
AB17,stair,stair_3_l_01_03,2377,11.88,not checked,not checked,0.13,0.04
AB17,stair,stair_3_l_01_04,2394,11.97,not checked,not checked,0.08,0.0
AB17,stair,stair_3_l_01_05,2462,12.31,not checked,not checked,0.08,0.0
AB17,stair,stair_3_r_01_01,2294,11.46,not checked,not checked,0.09,0.0
AB17,stair,stair_3_r_01_02,2584,12.91,not checked,not checked,0.08,0.0
AB17,stair,stair_3_r_01_03,2404,12.02,ok,ok,0.04,0.0
AB17,stair,stair_3_r_01_04,2436,12.18,not checked,not checked,0.0,0.0
AB17,stair,stair_3_r_01_05,2389,11.94,not checked,not checked,0.04,0.0
AB17,stair,stair_3_r_01_06,2449,12.24,not checked,not checked,0.0,0.0
AB17,stair,stair_4_l_01_01,2193,10.96,not checked,not checked,0.09,0.0
AB17,stair,stair_4_l_01_02,2235,11.17,not checked,not checked,0.04,0.0
AB17,stair,stair_4_l_01_03,2294,11.46,not checked,not checked,0.09,0.0
AB17,stair,stair_4_l_01_04,2243,11.21,ok,ok,0.04,0.0
AB17,stair,stair_4_l_01_05,2253,11.26,not checked,not checked,0.04,0.0
AB17,stair,stair_4_l_01_06,2253,11.26,not checked,not checked,0.0,0.0
AB17,stair,stair_4_r_01_01,2524,12.61,not checked,not checked,0.08,0.0
AB17,stair,stair_4_r_01_02,2257,11.28,not checked,not checked,0.0,0.0
AB17,stair,stair_4_r_01_03,2244,11.22,not checked,not checked,0.0,0.04
AB17,stair,stair_4_r_01_04,2135,10.67,not checked,not checked,0.19,0.05
AB17,stair,stair_4_r_01_05,2207,11.03,not checked,not checked,0.09,0.05
AB18,treadmill,treadmill_01_01,28585,142.92,ok,ok,0.14,0.03
AB18,treadmill,treadmill_02_01,28619,143.09,ok,ok,0.14,0.03
AB18,treadmill,treadmill_03_01,28650,143.25,ok,ok,0.29,0.06
AB18,treadmill,treadmill_04_01,28684,143.41,ok,ok,0.28,0.05
AB18,treadmill,treadmill_05_01,28716,143.57,ok,ok,0.32,0.02
AB18,treadmill,treadmill_06_01,28751,143.75,ok,ok,0.37,0.05
AB18,treadmill,treadmill_07_01,28785,143.92,not checked,not checked,0.4,0.03
AB18,levelground,levelground_ccw_fast_01_01,4106,20.52,rejected: accelerometer not explained (rel 0.85): saturated/damped/corrupt,rejected: accelerometer not explained (rel 0.94): saturated/damped/corrupt,0.19,0.07
AB18,levelground,levelground_ccw_fast_01_02,2808,14.04,not checked,not checked,0.25,0.11
AB18,levelground,levelground_ccw_fast_01_03,2812,14.05,not checked,not checked,0.28,0.14
AB18,levelground,levelground_ccw_fast_01_04,2661,13.3,not checked,not checked,0.38,0.11
AB18,levelground,levelground_ccw_fast_01_05,3555,17.77,not checked,not checked,0.31,0.06
AB18,levelground,levelground_ccw_normal_01_01,4058,20.29,ok,ok,4.83,0.05
AB18,levelground,levelground_ccw_normal_01_02,3023,15.11,not checked,not checked,0.2,0.07
AB18,levelground,levelground_ccw_normal_01_03,2839,14.19,not checked,not checked,0.39,0.04
AB18,levelground,levelground_ccw_normal_01_04,2878,14.38,not checked,not checked,0.17,0.1
AB18,levelground,levelground_ccw_normal_01_05,3951,19.75,not checked,not checked,0.1,0.13
AB18,levelground,levelground_ccw_slow_01_01,4759,23.79,rejected: accelerometer not explained (rel 0.92): saturated/damped/corrupt,rejected: accelerometer not explained (rel 0.92): saturated/damped/corrupt,0.11,0.02
AB18,levelground,levelground_ccw_slow_01_02,3582,17.9,not checked,not checked,0.11,0.03
AB18,levelground,levelground_ccw_slow_01_03,3434,17.16,not checked,not checked,0.09,0.03
AB18,levelground,levelground_ccw_slow_01_04,3516,17.58,not checked,not checked,0.23,0.09
AB18,levelground,levelground_ccw_slow_01_05,4543,22.71,not checked,not checked,0.11,0.02
AB18,levelground,levelground_cw_fast_01_01,4535,22.67,rejected: poor gyro fit (0.41),rejected: poor gyro fit (0.57),16.41,6.66
AB18,levelground,levelground_cw_fast_01_02,2889,14.44,not checked,not checked,0.07,0.0
AB18,levelground,levelground_cw_fast_02_01,3975,19.87,not checked,not checked,0.08,0.03
AB18,levelground,levelground_cw_fast_02_02,2864,14.31,not checked,not checked,0.17,0.14
AB18,levelground,levelground_cw_fast_02_03,2932,14.65,not checked,not checked,0.17,0.07
AB18,levelground,levelground_cw_fast_02_04,3085,15.42,rejected: poor gyro fit (1.20),rejected: poor gyro fit (1.14),0.1,0.06
AB18,levelground,levelground_cw_fast_02_05,3690,18.44,not checked,not checked,0.19,0.08
AB18,levelground,levelground_cw_normal_01_01,4242,21.2,not checked,not checked,3.47,4.15
AB18,levelground,levelground_cw_normal_01_02,2966,14.82,not checked,not checked,0.1,0.03
AB18,levelground,levelground_cw_normal_01_03,3443,17.21,not checked,not checked,0.09,0.0
AB18,levelground,levelground_cw_normal_01_04,3166,15.82,ok,ok,0.16,0.06
AB18,levelground,levelground_cw_normal_01_05,4176,20.88,not checked,not checked,0.14,0.07
AB18,levelground,levelground_cw_slow_01_01,4996,24.98,not checked,not checked,2.28,8.63
AB18,levelground,levelground_cw_slow_01_02,4705,23.52,not checked,not checked,0.02,0.04
AB18,levelground,levelground_cw_slow_01_03,3796,18.98,not checked,not checked,0.03,0.03
AB18,levelground,levelground_cw_slow_01_04,3803,19.01,not checked,not checked,0.03,0.0
AB18,levelground,levelground_cw_slow_01_05,6021,30.1,not checked,not checked,0.03,0.03
AB18,ramp,ramp_1_l_01_01,2854,14.26,ok,ok,0.18,0.0
AB18,ramp,ramp_1_l_01_02,2939,14.69,not checked,not checked,0.14,0.0
AB18,ramp,ramp_1_l_01_03,3137,15.68,not checked,not checked,0.1,0.03
AB18,ramp,ramp_1_l_01_04,3023,15.11,not checked,not checked,0.2,0.03
AB18,ramp,ramp_1_l_01_05,2988,14.94,not checked,not checked,0.17,0.07
AB18,ramp,ramp_1_r_01_01,3647,18.23,not checked,not checked,0.19,0.0
AB18,ramp,ramp_1_r_01_02,3195,15.97,not checked,not checked,0.09,0.0
AB18,ramp,ramp_1_r_01_03,3084,15.41,not checked,not checked,0.13,0.0
AB18,ramp,ramp_1_r_01_04,3012,15.05,not checked,not checked,0.1,0.0
AB18,ramp,ramp_1_r_01_05,2934,14.66,not checked,not checked,0.1,0.0
AB18,ramp,ramp_2_l_01_01,3265,16.32,ok,ok,0.25,0.03
AB18,ramp,ramp_2_l_01_02,3009,15.04,not checked,not checked,0.17,0.03
AB18,ramp,ramp_2_l_01_03,3048,15.23,not checked,not checked,0.0,0.0
AB18,ramp,ramp_2_l_02_01,3158,15.79,not checked,not checked,0.13,0.0
AB18,ramp,ramp_2_l_02_02,3209,16.04,not checked,not checked,0.25,0.03
AB18,ramp,ramp_2_l_02_03,3127,15.63,not checked,not checked,0.26,0.03
AB18,ramp,ramp_2_r_01_01,2942,14.71,not checked,not checked,0.24,0.0
AB18,ramp,ramp_2_r_01_02,3052,15.26,not checked,not checked,0.23,0.0
AB18,ramp,ramp_2_r_01_03,2962,14.8,not checked,not checked,0.14,0.0
AB18,ramp,ramp_2_r_01_04,3009,15.04,not checked,not checked,0.1,0.0
AB18,ramp,ramp_2_r_01_05,3042,15.2,ok,ok,0.23,0.0
AB18,ramp,ramp_3_l_01_01,2949,14.74,not checked,not checked,0.2,0.0
AB18,ramp,ramp_3_l_01_02,2941,14.7,not checked,not checked,0.31,0.0
AB18,ramp,ramp_3_l_01_03,3177,15.88,not checked,not checked,0.19,0.0
AB18,ramp,ramp_3_l_01_04,3071,15.35,not checked,not checked,0.26,0.03
AB18,ramp,ramp_3_l_01_05,3023,15.11,not checked,not checked,0.3,0.0
AB18,ramp,ramp_3_r_01_01,3127,15.63,not checked,not checked,0.22,0.0
AB18,ramp,ramp_3_r_01_02,3010,15.05,not checked,not checked,0.13,0.0
AB18,ramp,ramp_3_r_01_03,2887,14.43,not checked,not checked,0.24,0.03
AB18,ramp,ramp_3_r_01_04,2979,14.89,not checked,not checked,0.23,0.0
AB18,ramp,ramp_3_r_01_05,3093,15.46,ok,ok,0.23,0.0
AB18,ramp,ramp_4_l_01_01,2934,14.66,not checked,not checked,0.2,0.14
AB18,ramp,ramp_4_l_01_02,3038,15.19,not checked,not checked,0.3,0.1
AB18,ramp,ramp_4_l_01_03,2982,14.91,not checked,not checked,0.3,0.03
AB18,ramp,ramp_4_l_01_04,3011,15.05,not checked,not checked,0.27,0.07
AB18,ramp,ramp_4_l_02_01,3183,15.91,not checked,not checked,0.28,0.06
AB18,ramp,ramp_4_l_02_02,2907,14.53,not checked,not checked,0.38,0.1
AB18,ramp,ramp_4_r_01_01,3169,15.84,not checked,not checked,0.28,0.06
AB18,ramp,ramp_4_r_01_02,3075,15.37,not checked,not checked,0.23,0.0
AB18,ramp,ramp_4_r_01_03,3085,15.42,not checked,not checked,0.16,0.0
AB18,ramp,ramp_4_r_01_04,3101,15.5,ok,ok,0.13,0.03
AB18,ramp,ramp_4_r_01_05,3255,16.27,not checked,not checked,0.03,0.0
AB18,ramp,ramp_4_r_02_01,3156,15.77,not checked,not checked,0.06,0.0
AB18,ramp,ramp_5_l_01_01,3248,16.23,not checked,not checked,0.22,0.03
AB18,ramp,ramp_5_l_01_02,3188,15.93,not checked,not checked,0.22,0.06
AB18,ramp,ramp_5_l_01_03,2963,14.81,not checked,not checked,0.13,0.0
AB18,ramp,ramp_5_l_01_04,3057,15.28,not checked,not checked,0.13,0.0
AB18,ramp,ramp_5_l_01_05,3018,15.08,not checked,not checked,0.33,0.1
AB18,ramp,ramp_5_r_01_01,3312,16.55,not checked,not checked,0.06,0.0
AB18,ramp,ramp_5_r_01_02,3302,16.51,not checked,not checked,0.24,0.03
AB18,ramp,ramp_5_r_01_03,3178,15.89,ok,ok,0.03,0.0
AB18,ramp,ramp_5_r_02_01,3101,15.5,not checked,not checked,0.1,0.0
AB18,ramp,ramp_5_r_02_02,3165,15.82,not checked,not checked,0.06,0.03
AB18,ramp,ramp_5_r_03_01,3192,15.95,not checked,not checked,0.03,0.0
AB18,ramp,ramp_5_r_03_02,3181,15.9,not checked,not checked,0.09,0.03
AB18,ramp,ramp_6_l_01_01,3358,16.79,not checked,not checked,0.24,0.03
AB18,ramp,ramp_6_l_01_02,3243,16.21,not checked,not checked,0.19,0.0
AB18,ramp,ramp_6_l_01_03,3234,16.16,not checked,not checked,0.37,0.15
AB18,ramp,ramp_6_l_01_04,3293,16.46,not checked,not checked,0.27,0.03
AB18,ramp,ramp_6_l_01_05,3426,17.12,not checked,not checked,0.26,0.03
AB18,ramp,ramp_6_r_01_01,3561,17.8,not checked,not checked,0.14,0.06
AB18,ramp,ramp_6_r_01_02,3495,17.47,not checked,not checked,0.17,0.03
AB18,ramp,ramp_6_r_01_03,3654,18.26,not checked,not checked,0.19,0.03
AB18,ramp,ramp_6_r_01_04,3436,17.18,not checked,not checked,0.15,0.03
AB18,ramp,ramp_6_r_01_05,3371,16.85,not checked,not checked,0.12,0.03
AB18,stair,stair_1_l_01_01,2768,13.83,ok,ok,0.18,0.11
AB18,stair,stair_1_l_01_02,2442,12.21,not checked,not checked,0.04,0.04
AB18,stair,stair_1_l_01_03,2358,11.79,not checked,not checked,0.04,0.0
AB18,stair,stair_1_l_01_04,2314,11.56,not checked,not checked,0.26,0.0
AB18,stair,stair_1_l_01_05,2420,12.09,not checked,not checked,0.08,0.0
AB18,stair,stair_1_r_01_01,2409,12.04,not checked,not checked,0.04,0.0
AB18,stair,stair_1_r_01_02,2504,12.52,not checked,not checked,0.12,0.0
AB18,stair,stair_1_r_01_03,2479,12.39,ok,ok,0.08,0.0
AB18,stair,stair_1_r_01_04,2406,12.03,not checked,not checked,0.0,0.0
AB18,stair,stair_1_r_01_05,2371,11.85,not checked,not checked,0.17,0.0
AB18,stair,stair_2_l_01_01,2198,10.99,not checked,not checked,0.09,0.0
AB18,stair,stair_2_l_01_02,2388,11.94,not checked,not checked,0.13,0.0
AB18,stair,stair_2_l_01_03,2276,11.38,not checked,not checked,0.26,0.0
AB18,stair,stair_2_l_01_04,2412,12.05,not checked,not checked,0.17,0.0
AB18,stair,stair_2_l_01_05,2385,11.92,ok,ok,0.17,0.0
AB18,stair,stair_2_r_01_01,2150,10.75,not checked,not checked,0.14,0.05
AB18,stair,stair_2_r_01_02,2317,11.58,not checked,not checked,0.22,0.13
AB18,stair,stair_2_r_01_03,2149,10.74,not checked,not checked,0.19,0.0
AB18,stair,stair_2_r_01_04,2304,11.52,not checked,not checked,0.22,0.0
AB18,stair,stair_2_r_01_05,2220,11.09,not checked,not checked,0.5,0.0
AB18,stair,stair_3_l_01_01,2465,12.32,not checked,not checked,0.16,0.0
AB18,stair,stair_3_l_01_02,2410,12.05,ok,ok,0.29,0.0
AB18,stair,stair_3_l_01_03,2297,11.48,not checked,not checked,0.26,0.04
AB18,stair,stair_3_l_02_01,2311,11.55,not checked,not checked,0.13,0.0
AB18,stair,stair_3_l_02_02,2398,11.99,not checked,not checked,0.21,0.0
AB18,stair,stair_3_l_02_03,2566,12.83,not checked,not checked,0.19,0.0
AB18,stair,stair_3_l_03_01,2378,11.88,not checked,not checked,0.08,0.0
AB18,stair,stair_3_l_03_02,2421,12.1,not checked,not checked,0.17,0.0
AB18,stair,stair_3_r_01_01,2417,12.08,ok,ok,0.17,0.0
AB18,stair,stair_3_r_01_02,2360,11.8,not checked,not checked,0.21,0.0
AB18,stair,stair_3_r_01_03,2660,13.3,not checked,not checked,0.0,0.0
AB18,stair,stair_3_r_01_04,2515,12.57,not checked,not checked,0.08,0.0
AB18,stair,stair_3_r_01_05,2335,11.67,not checked,not checked,0.21,0.0
AB18,stair,stair_4_l_01_01,2272,11.35,not checked,not checked,0.22,0.0
AB18,stair,stair_4_l_01_02,2336,11.68,not checked,not checked,0.13,0.04
AB18,stair,stair_4_l_01_03,2500,12.49,ok,ok,0.12,0.0
AB18,stair,stair_4_l_01_04,2404,12.02,not checked,not checked,0.21,0.0
AB18,stair,stair_4_l_01_05,2458,12.28,not checked,not checked,0.16,0.04
AB18,stair,stair_4_l_01_06,2336,11.68,not checked,not checked,0.39,0.0
AB18,stair,stair_4_r_01_01,2472,12.36,not checked,not checked,0.12,0.0
AB18,stair,stair_4_r_01_02,2462,12.31,not checked,not checked,0.04,0.0
AB18,stair,stair_4_r_01_03,2496,12.48,not checked,not checked,0.16,0.0
AB18,stair,stair_4_r_01_04,2324,11.62,not checked,not checked,0.13,0.0
AB18,stair,stair_4_r_02_01,2225,11.12,not checked,not checked,0.18,0.0
AB18,stair,stair_4_r_02_02,2491,12.45,not checked,not checked,0.24,0.0
AB19,treadmill,treadmill_01_01,30559,152.79,ok,rejected: accelerometer not explained (rel 0.65): saturated/damped/corrupt,0.03,0.0
AB19,treadmill,treadmill_02_01,30716,153.57,rejected: accelerometer not explained (rel 0.69): saturated/damped/corrupt,rejected: accelerometer not explained (rel 0.78): saturated/damped/corrupt,0.93,0.0
AB19,treadmill,treadmill_03_01,31017,155.08,ok,rejected: accelerometer not explained (rel 0.91): saturated/damped/corrupt,2.18,1.21
AB19,treadmill,treadmill_04_01,30428,152.13,ok,ok,0.61,0.0
AB19,treadmill,treadmill_05_01,30665,153.32,ok,rejected: accelerometer not explained (rel 0.72): saturated/damped/corrupt,0.1,0.0
AB19,treadmill,treadmill_06_01,30898,154.49,ok,ok,0.05,0.0
AB19,treadmill,treadmill_07_01,32058,160.28,not checked,not checked,0.86,0.0
AB19,levelground,levelground_ccw_fast_01_01,4163,20.81,rejected: accelerometer not explained (rel 0.77): saturated/damped/corrupt,rejected: accelerometer not explained (rel 0.83): saturated/damped/corrupt,2.28,0.0
AB19,levelground,levelground_ccw_fast_01_02,3325,16.62,not checked,not checked,0.0,0.0
AB19,levelground,levelground_ccw_fast_01_03,3411,17.05,not checked,not checked,0.0,0.0
AB19,levelground,levelground_ccw_fast_01_04,3335,16.67,not checked,not checked,0.0,0.0
AB19,levelground,levelground_ccw_fast_01_05,3773,18.86,not checked,not checked,0.03,0.0
AB19,levelground,levelground_ccw_normal_01_01,4099,20.49,ok,ok,0.0,0.0
AB19,levelground,levelground_ccw_normal_01_02,3561,17.8,not checked,not checked,0.0,0.0
AB19,levelground,levelground_ccw_normal_01_03,3673,18.36,not checked,not checked,0.05,0.0
AB19,levelground,levelground_ccw_normal_01_04,3628,18.14,not checked,not checked,0.0,0.0
AB19,levelground,levelground_ccw_normal_01_05,4131,20.65,not checked,not checked,0.0,0.0
AB19,levelground,levelground_ccw_slow_01_01,5245,26.22,ok,ok,0.0,0.0
AB19,levelground,levelground_ccw_slow_01_02,4163,20.81,not checked,not checked,0.0,0.0
AB19,levelground,levelground_ccw_slow_01_03,4420,22.09,not checked,not checked,0.0,0.0
AB19,levelground,levelground_ccw_slow_01_04,4594,22.96,not checked,not checked,0.0,0.0
AB19,levelground,levelground_ccw_slow_01_05,5205,26.02,not checked,not checked,0.0,0.0
AB19,levelground,levelground_cw_fast_01_01,4215,21.07,rejected: accelerometer not explained (rel 0.77): saturated/damped/corrupt,rejected: accelerometer not explained (rel 0.92): saturated/damped/corrupt,0.0,0.0
AB19,levelground,levelground_cw_fast_01_02,3477,17.38,not checked,not checked,0.03,0.0
AB19,levelground,levelground_cw_fast_01_03,3020,15.09,not checked,not checked,0.0,0.0
AB19,levelground,levelground_cw_fast_01_04,3204,16.01,not checked,not checked,0.0,0.0
AB19,levelground,levelground_cw_fast_01_05,4140,20.7,not checked,not checked,0.02,0.0
AB19,levelground,levelground_cw_normal_01_01,5155,25.77,rejected: poor gyro fit (0.83),rejected: poor gyro fit (0.61),0.5,10.24
AB19,levelground,levelground_cw_normal_01_02,4141,20.7,not checked,not checked,0.02,0.0
AB19,levelground,levelground_cw_normal_01_03,4065,20.32,not checked,not checked,0.0,0.0
AB19,levelground,levelground_cw_normal_01_04,4038,20.19,not checked,not checked,0.0,0.0
AB19,levelground,levelground_cw_normal_01_05,4640,23.2,not checked,not checked,0.0,0.0
AB19,levelground,levelground_cw_slow_01_01,6127,30.63,rejected: accelerometer not explained (rel 0.87): saturated/damped/corrupt,rejected: accelerometer not explained (rel 0.98): saturated/damped/corrupt,0.0,0.0
AB19,levelground,levelground_cw_slow_01_02,5064,25.32,not checked,not checked,0.0,0.0
AB19,levelground,levelground_cw_slow_01_03,4942,24.7,not checked,not checked,0.0,0.0
AB19,levelground,levelground_cw_slow_01_04,5187,25.93,not checked,not checked,0.0,0.0
AB19,levelground,levelground_cw_slow_01_05,6347,31.73,not checked,not checked,0.0,0.0
AB19,ramp,ramp_1_l_01_01,3346,16.72,ok,ok,0.03,0.0
AB19,ramp,ramp_1_l_01_02,3078,15.39,not checked,not checked,0.0,0.0
AB19,ramp,ramp_1_l_01_03,3012,15.05,not checked,not checked,0.07,0.0
AB19,ramp,ramp_1_l_01_04,3153,15.76,not checked,not checked,0.03,0.0
AB19,ramp,ramp_1_l_01_05,3109,15.54,not checked,not checked,0.03,0.0
AB19,ramp,ramp_1_r_01_01,5264,26.31,not checked,not checked,0.0,0.0
AB19,ramp,ramp_1_r_01_02,3832,19.16,not checked,not checked,0.0,0.0
AB19,ramp,ramp_1_r_01_03,3661,18.3,not checked,not checked,0.0,0.0
AB19,ramp,ramp_1_r_01_04,3698,18.48,not checked,not checked,0.0,0.0
AB19,ramp,ramp_1_r_01_05,3462,17.3,not checked,not checked,0.0,0.0
AB19,ramp,ramp_2_l_01_01,3375,16.87,ok,ok,0.0,0.0
AB19,ramp,ramp_2_l_01_02,3271,16.35,not checked,not checked,0.0,0.0
AB19,ramp,ramp_2_l_01_03,3351,16.75,not checked,not checked,0.03,0.0
AB19,ramp,ramp_2_l_01_04,3438,17.19,not checked,not checked,0.03,0.0
AB19,ramp,ramp_2_l_01_05,3340,16.69,not checked,not checked,0.0,0.0
AB19,ramp,ramp_2_r_01_01,3478,17.39,not checked,not checked,0.0,0.0
AB19,ramp,ramp_2_r_01_02,3572,17.85,not checked,not checked,0.0,0.0
AB19,ramp,ramp_2_r_01_03,3530,17.65,not checked,not checked,0.0,0.0
AB19,ramp,ramp_2_r_01_04,3493,17.46,not checked,not checked,0.0,0.0
AB19,ramp,ramp_2_r_01_05,3451,17.25,not checked,not checked,0.0,0.0
AB19,ramp,ramp_3_l_01_01,3242,16.2,ok,ok,0.06,0.0
AB19,ramp,ramp_3_l_01_02,3117,15.58,not checked,not checked,0.06,0.0
AB19,ramp,ramp_3_l_01_03,3399,16.99,not checked,not checked,0.06,0.0
AB19,ramp,ramp_3_l_02_01,3342,16.7,not checked,not checked,0.0,0.0
AB19,ramp,ramp_3_l_02_02,3390,16.95,not checked,not checked,0.0,0.0
AB19,ramp,ramp_3_r_01_01,3327,16.63,not checked,not checked,0.03,0.0
AB19,ramp,ramp_3_r_01_02,3436,17.18,not checked,not checked,0.0,0.0
AB19,ramp,ramp_3_r_01_03,3201,16.0,not checked,not checked,0.03,0.0
AB19,ramp,ramp_3_r_01_04,3328,16.63,not checked,not checked,0.03,0.0
AB19,ramp,ramp_3_r_01_05,3411,17.05,not checked,not checked,0.15,0.0
AB19,ramp,ramp_3_r_01_06,3267,16.33,rejected: poor gyro fit (0.52),ok,0.0,0.0
AB19,ramp,ramp_3_r_02_01,3238,16.19,not checked,not checked,0.06,0.0
AB19,ramp,ramp_4_l_01_01,3231,16.15,not checked,not checked,0.19,0.0
AB19,ramp,ramp_4_l_01_02,3127,15.63,not checked,not checked,0.13,0.0
AB19,ramp,ramp_4_l_01_03,3202,16.0,not checked,not checked,0.22,0.0
AB19,ramp,ramp_4_l_01_04,3145,15.72,not checked,not checked,0.16,0.0
AB19,ramp,ramp_4_l_01_05,3113,15.56,not checked,not checked,0.1,0.0
AB19,ramp,ramp_4_r_01_01,3315,16.57,not checked,not checked,0.06,0.0
AB19,ramp,ramp_4_r_01_02,3314,16.57,not checked,not checked,0.0,0.0
AB19,ramp,ramp_4_r_01_03,3430,17.15,not checked,not checked,0.03,0.0
AB19,ramp,ramp_4_r_01_04,3436,17.17,ok,ok,0.09,0.0
AB19,ramp,ramp_4_r_01_05,3303,16.51,not checked,not checked,0.15,0.0
AB19,ramp,ramp_5_l_01_01,3374,16.87,not checked,not checked,0.09,0.0
AB19,ramp,ramp_5_l_01_02,3339,16.69,not checked,not checked,0.03,0.0
AB19,ramp,ramp_5_l_01_03,3504,17.52,not checked,not checked,0.0,0.0
AB19,ramp,ramp_5_l_01_04,3529,17.64,not checked,not checked,0.0,0.0
AB19,ramp,ramp_5_l_01_05,3562,17.81,not checked,not checked,0.0,0.0
AB19,ramp,ramp_5_l_01_06,3763,18.81,not checked,not checked,0.0,0.0
AB19,ramp,ramp_5_l_02_01,3201,16.0,not checked,not checked,0.16,0.0
AB19,ramp,ramp_5_r_01_01,3547,17.73,not checked,not checked,0.0,0.0
AB19,ramp,ramp_5_r_01_02,3731,18.65,ok,ok,0.0,0.0
AB19,ramp,ramp_5_r_01_03,3584,17.92,not checked,not checked,0.03,0.0
AB19,ramp,ramp_5_r_01_04,3747,18.73,not checked,not checked,0.0,0.03
AB19,ramp,ramp_5_r_01_05,3603,18.01,not checked,not checked,0.0,0.03
AB19,ramp,ramp_6_l_01_01,3826,19.12,not checked,not checked,0.05,0.0
AB19,ramp,ramp_6_l_01_02,3692,18.46,not checked,not checked,0.03,0.03
AB19,ramp,ramp_6_l_02_01,3739,18.69,not checked,not checked,0.03,0.0
AB19,ramp,ramp_6_l_02_02,3857,19.28,not checked,not checked,0.05,0.03
AB19,ramp,ramp_6_l_02_03,3716,18.57,not checked,not checked,0.08,0.0
AB19,ramp,ramp_6_r_01_01,4570,22.85,not checked,not checked,0.07,0.02
AB19,ramp,ramp_6_r_01_02,3718,18.59,not checked,not checked,0.0,0.0
AB19,ramp,ramp_6_r_01_03,3873,19.36,not checked,not checked,0.0,0.0
AB19,ramp,ramp_6_r_01_04,4072,20.36,not checked,not checked,0.05,0.0
AB19,ramp,ramp_6_r_01_05,3956,19.78,not checked,not checked,0.05,0.0
AB19,ramp,ramp_6_r_01_06,3889,19.44,not checked,not checked,0.0,0.0
AB19,stair,stair_1_l_01_01,2614,13.07,ok,ok,0.0,0.0
AB19,stair,stair_1_l_01_02,2809,14.04,not checked,not checked,0.0,0.0
AB19,stair,stair_1_l_01_03,2686,13.42,not checked,not checked,0.0,0.0
AB19,stair,stair_1_l_01_04,2759,13.79,not checked,not checked,0.0,0.0
AB19,stair,stair_1_l_01_05,2711,13.55,not checked,not checked,0.0,0.0
AB19,stair,stair_1_r_01_01,3248,16.23,not checked,not checked,0.0,0.0
AB19,stair,stair_1_r_01_02,2822,14.11,ok,ok,0.0,0.0
AB19,stair,stair_1_r_01_03,2506,12.52,not checked,not checked,0.0,0.0
AB19,stair,stair_1_r_01_04,2651,13.25,not checked,not checked,0.0,0.0
AB19,stair,stair_1_r_01_05,2818,14.09,not checked,not checked,0.0,0.0
AB19,stair,stair_2_l_01_01,2518,12.59,not checked,not checked,0.04,0.0
AB19,stair,stair_2_l_01_02,2497,12.48,not checked,not checked,0.0,0.0
AB19,stair,stair_2_l_01_03,2533,12.66,ok,ok,0.04,0.0
AB19,stair,stair_2_l_01_04,2615,13.07,not checked,not checked,0.04,0.0
AB19,stair,stair_2_l_01_05,2527,12.63,not checked,not checked,0.0,0.0
AB19,stair,stair_2_r_01_01,2801,14.0,not checked,not checked,0.0,0.0
AB19,stair,stair_2_r_01_02,2744,13.72,not checked,not checked,0.0,0.0
AB19,stair,stair_2_r_01_03,2716,13.58,not checked,not checked,0.0,0.0
AB19,stair,stair_2_r_01_04,3474,17.37,ok,ok,0.03,0.03
AB19,stair,stair_2_r_01_05,2633,13.16,not checked,not checked,0.04,0.0
AB19,stair,stair_2_r_01_06,2619,13.09,not checked,not checked,0.04,0.0
AB19,stair,stair_3_l_01_01,2406,12.03,not checked,not checked,0.04,0.0
AB19,stair,stair_3_l_01_02,2484,12.42,not checked,not checked,0.08,0.0
AB19,stair,stair_3_l_01_03,2458,12.29,not checked,not checked,0.04,0.0
AB19,stair,stair_3_l_01_04,2483,12.41,ok,ok,0.0,0.0
AB19,stair,stair_3_l_01_05,2443,12.21,not checked,not checked,0.0,0.0
AB19,stair,stair_3_r_01_01,2765,13.82,not checked,not checked,0.04,0.04
AB19,stair,stair_3_r_01_02,2656,13.28,not checked,not checked,0.04,0.0
AB19,stair,stair_3_r_01_03,2684,13.41,not checked,not checked,0.0,0.0
AB19,stair,stair_3_r_01_04,2765,13.82,not checked,not checked,0.0,0.0
AB19,stair,stair_3_r_01_05,2711,13.55,ok,ok,0.0,0.0
AB19,stair,stair_4_l_01_01,2532,12.66,not checked,not checked,0.0,0.0
AB19,stair,stair_4_l_01_02,2712,13.55,not checked,not checked,0.0,0.07
AB19,stair,stair_4_l_01_03,2654,13.27,not checked,not checked,0.0,0.0
AB19,stair,stair_4_l_01_04,2686,13.42,not checked,not checked,0.04,0.0
AB19,stair,stair_4_l_01_05,2582,12.91,not checked,not checked,0.04,0.0
AB19,stair,stair_4_r_01_01,2779,13.89,not checked,not checked,0.0,0.0
AB19,stair,stair_4_r_01_02,2759,13.79,not checked,not checked,0.0,0.0
AB19,stair,stair_4_r_01_03,2803,14.01,not checked,not checked,0.04,0.0
AB19,stair,stair_4_r_01_04,2716,13.58,not checked,not checked,0.07,0.0
AB19,stair,stair_4_r_01_05,2700,13.5,not checked,not checked,0.0,0.0
AB20,treadmill,treadmill_01_01,28584,142.91,ok,ok,0.09,0.0
AB20,treadmill,treadmill_02_01,28618,143.08,ok,ok,0.16,0.0
AB20,treadmill,treadmill_03_01,28650,143.24,ok,ok,0.18,0.0
AB20,treadmill,treadmill_04_01,28698,143.48,ok,ok,0.21,0.0
AB20,treadmill,treadmill_05_01,28719,143.59,ok,ok,0.22,0.0
AB20,treadmill,treadmill_06_01,28753,143.76,ok,ok,0.41,0.0
AB20,treadmill,treadmill_07_01,28784,143.92,not checked,not checked,0.39,0.0
AB20,levelground,levelground_ccw_fast_01_01,3471,17.35,ok,ok,0.29,0.0
AB20,levelground,levelground_ccw_fast_01_02,2990,14.95,not checked,not checked,0.4,0.0
AB20,levelground,levelground_ccw_fast_01_03,3331,16.65,not checked,not checked,0.15,0.0
AB20,levelground,levelground_ccw_fast_01_04,3321,16.6,not checked,not checked,0.15,0.0
AB20,levelground,levelground_ccw_fast_01_05,3063,15.31,ok,ok,0.46,0.0
AB20,levelground,levelground_ccw_normal_01_01,4003,20.01,not checked,not checked,0.1,0.0
AB20,levelground,levelground_ccw_normal_01_02,4079,20.39,not checked,not checked,0.07,0.0
AB20,levelground,levelground_ccw_normal_01_03,3159,15.79,not checked,not checked,0.03,0.0
AB20,levelground,levelground_ccw_normal_01_04,3248,16.24,ok,ok,0.12,0.0
AB20,levelground,levelground_ccw_slow_01_01,5826,29.12,not checked,not checked,0.02,0.0
AB20,levelground,levelground_ccw_slow_01_02,4504,22.52,not checked,not checked,0.02,0.0
AB20,levelground,levelground_ccw_slow_01_03,4722,23.6,not checked,not checked,0.0,0.0
AB20,levelground,levelground_ccw_slow_01_04,5097,25.48,ok,ok,0.08,0.0
AB20,levelground,levelground_ccw_slow_01_05,4606,23.02,not checked,not checked,0.02,0.0
AB20,levelground,levelground_cw_fast_01_01,4008,20.04,not checked,not checked,9.91,1.77
AB20,levelground,levelground_cw_fast_02_01,3845,19.22,not checked,not checked,1.72,6.42
AB20,levelground,levelground_cw_fast_02_02,3031,15.15,ok,ok,0.2,0.0
AB20,levelground,levelground_cw_fast_02_03,2871,14.35,not checked,not checked,0.21,0.0
AB20,levelground,levelground_cw_normal_01_01,4328,21.64,not checked,not checked,0.09,0.0
AB20,levelground,levelground_cw_normal_01_02,3433,17.16,not checked,not checked,0.09,0.0
AB20,levelground,levelground_cw_normal_01_03,3496,17.47,ok,ok,0.0,0.0
AB20,levelground,levelground_cw_normal_01_04,3485,17.42,not checked,not checked,0.14,0.0
AB20,levelground,levelground_cw_normal_01_05,3570,17.84,not checked,not checked,0.06,0.0
AB20,levelground,levelground_cw_slow_01_01,6062,30.3,not checked,not checked,0.0,0.0
AB20,levelground,levelground_cw_slow_01_02,4715,23.57,not checked,not checked,0.0,0.0
AB20,levelground,levelground_cw_slow_01_03,4609,23.04,not checked,not checked,0.0,0.0
AB20,levelground,levelground_cw_slow_01_04,4823,24.11,not checked,not checked,0.04,0.0
AB20,levelground,levelground_cw_slow_01_05,4766,23.83,not checked,not checked,0.04,0.0
AB20,ramp,ramp_1_l_01_01,3138,15.69,ok,ok,0.03,0.0
AB20,ramp,ramp_1_l_01_02,2947,14.73,not checked,not checked,0.0,0.0
AB20,ramp,ramp_1_l_01_03,3115,15.57,not checked,not checked,0.0,0.0
AB20,ramp,ramp_1_l_01_04,2998,14.98,not checked,not checked,0.07,0.0
AB20,ramp,ramp_1_l_01_05,2960,14.8,not checked,not checked,0.03,0.0
AB20,ramp,ramp_1_r_01_01,3780,18.89,not checked,not checked,0.0,0.0
AB20,ramp,ramp_1_r_01_02,3234,16.16,not checked,not checked,0.03,0.0
AB20,ramp,ramp_1_r_01_03,3191,15.95,not checked,not checked,0.06,0.0
AB20,ramp,ramp_1_r_01_04,3172,15.86,not checked,not checked,0.0,0.0
AB20,ramp,ramp_1_r_01_05,3287,16.43,not checked,not checked,0.06,0.0
AB20,ramp,ramp_2_l_01_01,3034,15.16,ok,ok,0.07,0.0
AB20,ramp,ramp_2_l_01_02,3064,15.31,not checked,not checked,0.03,0.0
AB20,ramp,ramp_2_l_01_03,3128,15.63,not checked,not checked,0.03,0.0
AB20,ramp,ramp_2_l_01_04,3064,15.31,not checked,not checked,0.03,0.0
AB20,ramp,ramp_2_l_01_05,3091,15.45,not checked,not checked,0.03,0.0
AB20,ramp,ramp_2_l_01_06,3138,15.69,not checked,not checked,0.06,0.0
AB20,ramp,ramp_2_r_01_01,3075,15.37,not checked,not checked,0.1,0.0
AB20,ramp,ramp_2_r_01_02,2895,14.47,not checked,not checked,0.1,0.0
AB20,ramp,ramp_2_r_01_03,3134,15.66,not checked,not checked,0.0,0.0
AB20,ramp,ramp_2_r_02_01,2933,14.66,not checked,not checked,0.03,0.0
AB20,ramp,ramp_2_r_02_02,3010,15.05,ok,ok,0.03,0.0
AB20,ramp,ramp_2_r_03_01,3297,16.48,not checked,not checked,0.03,0.0
AB20,ramp,ramp_3_l_01_01,2885,14.42,not checked,not checked,0.0,0.0
AB20,ramp,ramp_3_l_01_02,2880,14.4,not checked,not checked,0.1,0.0
AB20,ramp,ramp_3_l_01_03,2923,14.61,not checked,not checked,0.07,0.0
AB20,ramp,ramp_3_l_01_04,3008,15.03,not checked,not checked,0.03,0.0
AB20,ramp,ramp_3_l_01_05,2912,14.56,not checked,not checked,0.07,0.0
AB20,ramp,ramp_3_r_01_01,2970,14.85,not checked,not checked,0.07,0.0
AB20,ramp,ramp_3_r_01_02,2968,14.83,not checked,not checked,0.13,0.0
AB20,ramp,ramp_3_r_01_03,2978,14.88,not checked,not checked,0.07,0.0
AB20,ramp,ramp_3_r_01_04,3033,15.16,ok,ok,0.07,0.0
AB20,ramp,ramp_3_r_01_05,2871,14.35,not checked,not checked,0.0,0.0
AB20,ramp,ramp_4_l_01_01,3101,15.5,not checked,not checked,0.06,0.0
AB20,ramp,ramp_4_l_01_02,3043,15.21,not checked,not checked,0.07,0.0
AB20,ramp,ramp_4_l_01_03,3183,15.91,not checked,not checked,0.13,0.0
AB20,ramp,ramp_4_l_01_04,2972,14.85,not checked,not checked,0.1,0.03
AB20,ramp,ramp_4_l_01_05,3033,15.16,not checked,not checked,0.1,0.0
AB20,ramp,ramp_4_r_01_01,3154,15.77,not checked,not checked,0.1,0.0
AB20,ramp,ramp_4_r_01_02,3200,16.0,not checked,not checked,0.03,0.0
AB20,ramp,ramp_4_r_01_03,3381,16.9,not checked,not checked,0.03,0.0
AB20,ramp,ramp_4_r_01_04,3198,15.98,ok,ok,0.06,0.0
AB20,ramp,ramp_4_r_01_05,2980,14.9,not checked,not checked,0.03,0.0
AB20,ramp,ramp_5_l_01_01,2982,14.9,not checked,not checked,0.1,0.0
AB20,ramp,ramp_5_l_01_02,3319,16.59,not checked,not checked,0.12,0.0
AB20,ramp,ramp_5_l_01_03,3241,16.2,not checked,not checked,0.09,0.03
AB20,ramp,ramp_5_l_01_04,3234,16.17,not checked,not checked,0.0,0.0
AB20,ramp,ramp_5_l_01_05,3188,15.94,not checked,not checked,0.09,0.0
AB20,ramp,ramp_5_r_01_01,3120,15.59,not checked,not checked,0.06,0.0
AB20,ramp,ramp_5_r_01_02,3141,15.7,not checked,not checked,0.06,0.0
AB20,ramp,ramp_5_r_01_03,3147,15.73,not checked,not checked,0.06,0.03
AB20,ramp,ramp_5_r_01_04,3002,15.0,ok,ok,0.03,0.0
AB20,ramp,ramp_5_r_01_05,3208,16.03,not checked,not checked,0.12,0.0
AB20,ramp,ramp_6_l_01_01,3217,16.08,not checked,not checked,0.12,0.0
AB20,ramp,ramp_6_l_01_02,3364,16.82,not checked,not checked,0.12,0.0
AB20,ramp,ramp_6_l_01_03,3150,15.74,not checked,not checked,0.16,0.0
AB20,ramp,ramp_6_l_01_04,3417,17.08,not checked,not checked,0.0,0.03
AB20,ramp,ramp_6_l_01_05,3400,16.99,not checked,not checked,0.06,0.0
AB20,ramp,ramp_6_r_01_01,3428,17.14,not checked,not checked,0.06,0.03
AB20,ramp,ramp_6_r_01_02,3425,17.12,not checked,not checked,0.0,0.06
AB20,ramp,ramp_6_r_01_03,3586,17.92,not checked,not checked,0.06,0.03
AB20,ramp,ramp_6_r_01_04,3447,17.23,not checked,not checked,0.06,0.0
AB20,ramp,ramp_6_r_01_05,3348,16.73,not checked,not checked,0.03,0.06
AB20,stair,stair_1_l_01_01,2959,14.79,ok,ok,0.07,0.0
AB20,stair,stair_1_l_01_02,2733,13.66,not checked,not checked,0.04,0.0
AB20,stair,stair_1_l_01_03,2829,14.14,not checked,not checked,0.04,0.0
AB20,stair,stair_1_l_01_04,2604,13.01,not checked,not checked,0.0,0.0
AB20,stair,stair_1_l_01_05,2592,12.95,not checked,not checked,0.0,0.0
AB20,stair,stair_1_l_02_01,2804,14.01,not checked,not checked,0.0,0.0
AB20,stair,stair_1_r_01_01,3134,15.66,not checked,not checked,0.03,0.0
AB20,stair,stair_1_r_01_02,2792,13.96,ok,ok,0.04,0.0
AB20,stair,stair_1_r_01_03,2823,14.11,not checked,not checked,0.07,0.0
AB20,stair,stair_1_r_01_04,2529,12.64,not checked,not checked,0.08,0.0
AB20,stair,stair_1_r_01_05,2550,12.75,not checked,not checked,0.04,0.0
AB20,stair,stair_2_l_01_01,2926,14.62,not checked,not checked,0.0,0.0
AB20,stair,stair_2_l_01_02,2977,14.88,not checked,not checked,0.0,0.0
AB20,stair,stair_2_l_01_03,2679,13.39,not checked,not checked,0.0,0.0
AB20,stair,stair_2_l_02_01,2804,14.02,rejected: accelerometer not explained (rel 0.84): saturated/damped/corrupt,ok,0.0,0.0
AB20,stair,stair_2_l_02_02,2722,13.6,not checked,not checked,0.0,0.0
AB20,stair,stair_2_r_01_01,2691,13.45,not checked,not checked,0.0,0.0
AB20,stair,stair_2_r_01_02,2430,12.15,not checked,not checked,0.0,0.0
AB20,stair,stair_2_r_01_03,2440,12.2,not checked,not checked,0.04,0.0
AB20,stair,stair_2_r_02_01,2702,13.51,not checked,not checked,0.0,0.0
AB20,stair,stair_2_r_02_02,2897,14.48,not checked,not checked,0.03,0.0
AB20,stair,stair_2_r_02_03,2877,14.38,ok,ok,0.0,0.0
AB20,stair,stair_3_l_01_01,2790,13.94,not checked,not checked,0.0,0.0
AB20,stair,stair_3_l_01_02,2729,13.64,not checked,not checked,0.0,0.0
AB20,stair,stair_3_l_01_03,2663,13.31,not checked,not checked,0.0,0.0
AB20,stair,stair_3_l_02_01,2735,13.67,not checked,not checked,0.0,0.0
AB20,stair,stair_3_l_02_02,2810,14.04,not checked,not checked,0.0,0.0
AB20,stair,stair_3_l_03_01,2691,13.45,not checked,not checked,0.0,0.0
AB20,stair,stair_3_r_01_01,2726,13.62,ok,ok,0.0,0.0
AB20,stair,stair_3_r_01_02,2661,13.3,not checked,not checked,0.04,0.0
AB20,stair,stair_3_r_01_03,2665,13.32,not checked,not checked,0.0,0.0
AB20,stair,stair_3_r_01_04,2704,13.51,not checked,not checked,0.0,0.0
AB20,stair,stair_3_r_01_05,2812,14.05,not checked,not checked,0.04,0.0
AB20,stair,stair_3_r_01_06,2655,13.27,not checked,not checked,0.0,0.0
AB20,stair,stair_4_l_01_01,2768,13.83,not checked,not checked,0.0,0.0
AB20,stair,stair_4_l_01_02,2725,13.62,ok,ok,0.0,0.0
AB20,stair,stair_4_l_01_03,2785,13.92,not checked,not checked,0.0,0.0
AB20,stair,stair_4_l_01_04,2744,13.71,not checked,not checked,0.04,0.0
AB20,stair,stair_4_l_01_05,2651,13.25,not checked,not checked,0.08,0.0
AB20,stair,stair_4_r_01_01,2809,14.04,not checked,not checked,0.04,0.0
AB20,stair,stair_4_r_01_02,3017,15.08,not checked,not checked,0.0,0.0
AB20,stair,stair_4_r_01_03,2879,14.39,not checked,not checked,0.0,0.0
AB20,stair,stair_4_r_01_04,2892,14.46,not checked,not checked,0.03,0.0
AB20,stair,stair_4_r_01_05,2785,13.92,not checked,not checked,0.04,0.0
AB21,treadmill,treadmill_01_01,28598,142.99,ok,ok,0.17,0.0
AB21,treadmill,treadmill_02_01,29196,145.97,ok,ok,0.19,0.0
AB21,treadmill,treadmill_03_01,29228,146.14,ok,ok,0.29,0.0
AB21,treadmill,treadmill_04_01,29249,146.24,ok,ok,0.34,0.0
AB21,treadmill,treadmill_05_01,29295,146.47,ok,ok,0.35,0.0
AB21,treadmill,treadmill_06_01,29314,146.56,ok,ok,0.1,0.0
AB21,treadmill,treadmill_07_01,28785,143.92,not checked,not checked,0.45,0.0
AB21,levelground,levelground_ccw_fast_01_01,3311,16.55,rejected: accelerometer not explained (rel 0.67): saturated/damped/corrupt,rejected: accelerometer not explained (rel 0.66): saturated/damped/corrupt,0.33,0.03
AB21,levelground,levelground_ccw_fast_01_02,2408,12.04,not checked,not checked,0.66,0.0
AB21,levelground,levelground_ccw_fast_01_03,2465,12.32,not checked,not checked,0.93,0.0
AB21,levelground,levelground_ccw_fast_01_04,2422,12.11,not checked,not checked,0.41,0.0
AB21,levelground,levelground_ccw_fast_01_05,2766,13.82,not checked,not checked,0.43,0.0
AB21,levelground,levelground_ccw_fast_02_01,3072,15.36,ok,ok,0.46,0.0
AB21,levelground,levelground_ccw_normal_01_01,3450,17.25,not checked,not checked,0.12,0.0
AB21,levelground,levelground_ccw_normal_01_02,2737,13.68,not checked,not checked,0.11,0.0
AB21,levelground,levelground_ccw_normal_01_03,2836,14.18,not checked,not checked,0.14,0.0
AB21,levelground,levelground_ccw_normal_01_04,2736,13.68,not checked,not checked,0.26,0.0
AB21,levelground,levelground_ccw_normal_01_05,2766,13.83,ok,ok,0.18,0.0
AB21,levelground,levelground_ccw_slow_01_01,3680,18.39,not checked,not checked,3.26,0.0
AB21,levelground,levelground_ccw_slow_01_02,3435,17.17,not checked,not checked,0.0,0.0
AB21,levelground,levelground_ccw_slow_01_03,3461,17.3,not checked,not checked,0.06,0.0
AB21,levelground,levelground_ccw_slow_01_04,3645,18.22,not checked,not checked,0.0,0.0
AB21,levelground,levelground_ccw_slow_01_05,3680,18.39,ok,ok,0.0,0.0
AB21,levelground,levelground_ccw_slow_01_06,3606,18.02,not checked,not checked,0.0,0.0
AB21,levelground,levelground_cw_fast_01_01,2798,13.98,not checked,not checked,0.61,0.0
AB21,levelground,levelground_cw_fast_01_02,2672,13.35,not checked,not checked,0.37,0.0
AB21,levelground,levelground_cw_fast_01_03,2548,12.73,not checked,not checked,0.47,0.0
AB21,levelground,levelground_cw_normal_01_01,3645,18.22,ok,ok,0.05,0.0
AB21,levelground,levelground_cw_normal_01_02,2987,14.93,not checked,not checked,0.13,0.0
AB21,levelground,levelground_cw_normal_01_03,3112,15.55,not checked,not checked,0.16,0.0
AB21,levelground,levelground_cw_normal_01_04,2864,14.31,not checked,not checked,0.1,0.0
AB21,levelground,levelground_cw_normal_01_05,2979,14.89,not checked,not checked,0.1,0.0
AB21,levelground,levelground_cw_slow_01_01,4548,22.73,ok,rejected: accelerometer not explained (rel 0.93): saturated/damped/corrupt,0.04,2.81
AB21,levelground,levelground_cw_slow_01_02,3833,19.16,not checked,not checked,0.03,0.0
AB21,levelground,levelground_cw_slow_01_03,3427,17.13,not checked,not checked,0.03,0.0
AB21,levelground,levelground_cw_slow_01_04,3418,17.08,not checked,not checked,0.0,0.0
AB21,levelground,levelground_cw_slow_01_05,3602,18.0,not checked,not checked,0.0,0.0
AB21,ramp,ramp_1_l_01_01,2941,14.7,ok,ok,0.03,0.0
AB21,ramp,ramp_1_l_01_02,3099,15.49,not checked,not checked,0.03,0.0
AB21,ramp,ramp_1_l_01_03,3118,15.59,not checked,not checked,0.1,0.0
AB21,ramp,ramp_1_l_01_04,3083,15.41,not checked,not checked,0.16,0.0
AB21,ramp,ramp_1_l_01_05,3044,15.22,not checked,not checked,0.07,0.0
AB21,ramp,ramp_1_r_01_01,2989,14.94,not checked,not checked,0.03,0.0
AB21,ramp,ramp_1_r_01_02,2827,14.13,not checked,not checked,0.21,0.0
AB21,ramp,ramp_1_r_01_03,3009,15.04,not checked,not checked,0.2,0.0
AB21,ramp,ramp_1_r_01_04,3019,15.09,not checked,not checked,0.07,0.03
AB21,ramp,ramp_1_r_01_05,2941,14.7,not checked,not checked,0.27,0.0
AB21,ramp,ramp_2_l_01_01,2930,14.65,ok,ok,0.03,0.0
AB21,ramp,ramp_2_l_01_02,2944,14.72,not checked,not checked,0.1,0.0
AB21,ramp,ramp_2_l_01_03,3003,15.01,not checked,not checked,0.13,0.0
AB21,ramp,ramp_2_l_01_04,3014,15.06,not checked,not checked,0.17,0.0
AB21,ramp,ramp_2_l_01_05,3078,15.39,not checked,not checked,0.03,0.0
AB21,ramp,ramp_2_r_01_01,2983,14.91,not checked,not checked,0.1,0.0
AB21,ramp,ramp_2_r_01_02,3006,15.03,not checked,not checked,0.03,0.0
AB21,ramp,ramp_2_r_01_03,2921,14.6,not checked,not checked,0.24,0.0
AB21,ramp,ramp_2_r_01_04,2975,14.87,not checked,not checked,0.03,0.03
AB21,ramp,ramp_2_r_01_05,3002,15.0,not checked,not checked,0.13,0.0
AB21,ramp,ramp_3_l_01_01,2953,14.76,ok,ok,0.03,0.0
AB21,ramp,ramp_3_l_01_02,3047,15.23,not checked,not checked,0.07,0.0
AB21,ramp,ramp_3_l_01_03,3000,15.0,not checked,not checked,0.0,0.0
AB21,ramp,ramp_3_l_01_04,3010,15.04,not checked,not checked,0.1,0.0
AB21,ramp,ramp_3_l_01_05,3066,15.32,not checked,not checked,0.0,0.0
AB21,ramp,ramp_3_l_02_01,2881,14.4,not checked,not checked,0.1,0.0
AB21,ramp,ramp_3_r_01_01,2912,14.56,not checked,not checked,0.14,0.0
AB21,ramp,ramp_3_r_01_02,2958,14.78,not checked,not checked,0.1,0.0
AB21,ramp,ramp_3_r_01_03,2985,14.92,not checked,not checked,0.1,0.0
AB21,ramp,ramp_3_r_01_04,2989,14.94,not checked,not checked,0.13,0.0
AB21,ramp,ramp_3_r_01_05,2987,14.93,ok,ok,0.07,0.0
AB21,ramp,ramp_4_l_01_01,2857,14.28,not checked,not checked,0.28,0.0
AB21,ramp,ramp_4_l_01_02,2983,14.91,not checked,not checked,0.13,0.0
AB21,ramp,ramp_4_l_01_03,3012,15.05,not checked,not checked,0.2,0.0
AB21,ramp,ramp_4_l_01_04,2958,14.79,not checked,not checked,0.0,0.0
AB21,ramp,ramp_4_l_01_05,2891,14.45,not checked,not checked,0.03,0.0
AB21,ramp,ramp_4_r_01_01,2899,14.49,not checked,not checked,0.03,0.0
AB21,ramp,ramp_4_r_01_02,2920,14.59,not checked,not checked,0.1,0.0
AB21,ramp,ramp_4_r_01_03,4104,20.52,not checked,not checked,0.07,0.0
AB21,ramp,ramp_4_r_01_04,2921,14.6,not checked,not checked,0.1,0.0
AB21,ramp,ramp_4_r_01_05,2997,14.98,ok,ok,0.07,0.0
AB21,ramp,ramp_4_r_01_06,2935,14.67,not checked,not checked,0.1,0.0
AB21,ramp,ramp_5_l_01_01,2905,14.52,not checked,not checked,0.21,0.0
AB21,ramp,ramp_5_l_01_02,3027,15.13,not checked,not checked,0.26,0.0
AB21,ramp,ramp_5_l_01_03,2987,14.93,not checked,not checked,0.17,0.0
AB21,ramp,ramp_5_l_01_04,2973,14.86,not checked,not checked,0.07,0.0
AB21,ramp,ramp_5_l_01_05,3021,15.1,not checked,not checked,0.0,0.0
AB21,ramp,ramp_5_l_02_01,2856,14.28,not checked,not checked,0.04,0.0
AB21,ramp,ramp_5_r_01_01,2896,14.48,not checked,not checked,0.14,0.0
AB21,ramp,ramp_5_r_01_02,2915,14.57,not checked,not checked,0.07,0.0
AB21,ramp,ramp_5_r_01_03,2977,14.88,ok,ok,0.13,0.0
AB21,ramp,ramp_5_r_01_04,2937,14.68,not checked,not checked,0.07,0.0
AB21,ramp,ramp_5_r_01_05,2939,14.69,not checked,not checked,0.27,0.0
AB21,ramp,ramp_6_l_01_01,2887,14.43,not checked,not checked,0.14,0.03
AB21,ramp,ramp_6_l_01_02,2967,14.83,not checked,not checked,0.4,0.03
AB21,ramp,ramp_6_l_01_03,2951,14.75,not checked,not checked,0.3,0.0
AB21,ramp,ramp_6_l_01_04,2926,14.63,not checked,not checked,0.24,0.0
AB21,ramp,ramp_6_l_01_05,3607,18.03,not checked,not checked,0.3,0.0
AB21,ramp,ramp_6_l_01_06,2936,14.67,not checked,not checked,0.17,0.07
AB21,ramp,ramp_6_l_01_07,2992,14.95,not checked,not checked,0.17,0.03
AB21,ramp,ramp_6_r_01_01,2983,14.91,not checked,not checked,0.07,0.03
AB21,ramp,ramp_6_r_01_02,2977,14.88,not checked,not checked,0.1,0.0
AB21,ramp,ramp_6_r_01_03,3079,15.39,not checked,not checked,0.19,0.0
AB21,ramp,ramp_6_r_01_04,3002,15.0,not checked,not checked,0.17,0.07
AB21,ramp,ramp_6_r_01_05,2970,14.84,not checked,not checked,0.13,0.03
AB21,stair,stair_1_l_01_01,2307,11.53,ok,ok,0.09,0.0
AB21,stair,stair_1_l_01_02,2376,11.88,not checked,not checked,0.13,0.0
AB21,stair,stair_1_l_01_03,2476,12.38,not checked,not checked,0.04,0.0
AB21,stair,stair_1_l_01_04,2420,12.1,not checked,not checked,0.04,0.0
AB21,stair,stair_1_l_01_05,2394,11.97,not checked,not checked,0.04,0.0
AB21,stair,stair_1_r_01_01,2449,12.24,not checked,not checked,0.04,0.0
AB21,stair,stair_1_r_01_02,2268,11.34,ok,ok,0.04,0.09
AB21,stair,stair_1_r_01_03,2336,11.68,not checked,not checked,0.09,0.0
AB21,stair,stair_1_r_01_04,2366,11.82,not checked,not checked,0.04,0.0
AB21,stair,stair_1_r_01_05,2290,11.45,not checked,not checked,0.04,0.0
AB21,stair,stair_2_l_01_01,2242,11.21,not checked,not checked,0.09,0.0
AB21,stair,stair_2_l_01_02,2252,11.26,not checked,not checked,0.09,0.0
AB21,stair,stair_2_l_01_03,2255,11.27,ok,ok,0.04,0.0
AB21,stair,stair_2_l_01_04,2210,11.04,not checked,not checked,0.09,0.0
AB21,stair,stair_2_l_01_05,2266,11.33,not checked,not checked,0.04,0.0
AB21,stair,stair_2_r_01_01,2314,11.56,not checked,not checked,0.04,0.0
AB21,stair,stair_2_r_01_02,2272,11.36,not checked,not checked,0.0,0.0
AB21,stair,stair_2_r_01_03,2218,11.08,not checked,not checked,0.0,0.0
AB21,stair,stair_2_r_01_04,2194,10.96,ok,ok,0.09,0.0
AB21,stair,stair_2_r_01_05,2210,11.05,not checked,not checked,0.23,0.0
AB21,stair,stair_3_l_01_01,2389,11.94,not checked,not checked,0.08,0.0
AB21,stair,stair_3_l_01_02,2359,11.79,not checked,not checked,0.04,0.0
AB21,stair,stair_3_l_01_03,2448,12.23,not checked,not checked,0.08,0.0
AB21,stair,stair_3_l_02_01,2385,11.92,not checked,not checked,0.04,0.0
AB21,stair,stair_3_l_03_01,2622,13.11,ok,ok,0.08,0.0
AB21,stair,stair_3_l_03_02,2332,11.66,not checked,not checked,0.17,0.0
AB21,stair,stair_3_r_01_01,2324,11.62,not checked,not checked,0.09,0.0
AB21,stair,stair_3_r_01_02,2268,11.34,not checked,not checked,0.26,0.0
AB21,stair,stair_3_r_01_03,2352,11.75,not checked,not checked,0.09,0.0
AB21,stair,stair_3_r_01_04,2384,11.92,not checked,not checked,0.04,0.0
AB21,stair,stair_3_r_01_05,2316,11.58,ok,ok,0.13,0.0
AB21,stair,stair_4_l_01_01,2573,12.86,not checked,not checked,0.08,0.0
AB21,stair,stair_4_l_01_02,2548,12.73,not checked,not checked,0.04,0.0
AB21,stair,stair_4_l_01_03,2566,12.83,not checked,not checked,0.04,0.0
AB21,stair,stair_4_l_01_04,2524,12.61,not checked,not checked,0.04,0.0
AB21,stair,stair_4_l_01_05,2517,12.58,not checked,not checked,0.08,0.0
AB21,stair,stair_4_r_01_01,2566,12.82,not checked,not checked,0.12,0.0
AB21,stair,stair_4_r_01_02,2514,12.57,not checked,not checked,0.12,0.04
AB21,stair,stair_4_r_01_03,2468,12.34,not checked,not checked,0.04,0.0
AB21,stair,stair_4_r_01_04,2543,12.71,not checked,not checked,0.0,0.0
AB21,stair,stair_4_r_01_05,2544,12.72,not checked,not checked,0.08,0.04
AB23,treadmill,treadmill_01_01,28585,142.92,ok,ok,0.02,0.0
AB23,treadmill,treadmill_02_01,28619,143.09,ok,ok,0.14,0.0
AB23,treadmill,treadmill_03_01,28650,143.25,ok,ok,0.06,0.0
AB23,treadmill,treadmill_04_01,28685,143.42,ok,ok,0.09,0.0
AB23,treadmill,treadmill_05_01,28717,143.58,ok,ok,0.16,0.0
AB23,treadmill,treadmill_06_01,28760,143.79,ok,ok,0.19,0.0
AB23,treadmill,treadmill_07_01,28784,143.91,not checked,not checked,0.27,0.0
AB23,levelground,levelground_ccw_fast_01_01,3378,16.89,ok,ok,0.44,0.0
AB23,levelground,levelground_ccw_fast_01_02,2731,13.65,not checked,not checked,0.66,0.0
AB23,levelground,levelground_ccw_fast_01_03,2633,13.16,not checked,not checked,0.61,0.0
AB23,levelground,levelground_ccw_fast_01_04,2796,13.98,not checked,not checked,0.29,0.0
AB23,levelground,levelground_ccw_fast_01_05,3021,15.1,not checked,not checked,0.46,0.0
AB23,levelground,levelground_ccw_fast_01_06,3099,15.49,ok,ok,0.26,0.0
AB23,levelground,levelground_ccw_normal_01_01,3585,17.92,not checked,not checked,0.17,0.0
AB23,levelground,levelground_ccw_normal_01_02,3143,15.71,not checked,not checked,0.16,0.0
AB23,levelground,levelground_ccw_normal_01_03,3143,15.71,not checked,not checked,0.06,0.0
AB23,levelground,levelground_ccw_normal_01_04,3263,16.31,not checked,not checked,0.06,0.0
AB23,levelground,levelground_ccw_normal_01_05,3222,16.11,ok,ok,0.03,0.0
AB23,levelground,levelground_ccw_slow_01_01,5037,25.18,not checked,not checked,0.02,0.0
AB23,levelground,levelground_ccw_slow_01_02,4388,21.94,not checked,not checked,0.0,0.0
AB23,levelground,levelground_ccw_slow_01_03,4554,22.77,not checked,not checked,0.04,0.0
AB23,levelground,levelground_ccw_slow_01_04,4107,20.53,not checked,not checked,0.0,0.0
AB23,levelground,levelground_ccw_slow_01_05,4101,20.5,ok,ok,0.02,0.0
AB23,levelground,levelground_cw_fast_01_01,3458,17.29,not checked,not checked,0.32,0.03
AB23,levelground,levelground_cw_fast_01_02,2655,13.27,not checked,not checked,0.41,0.04
AB23,levelground,levelground_cw_fast_01_03,2758,13.78,not checked,not checked,0.36,0.04
AB23,levelground,levelground_cw_fast_01_04,2729,13.64,not checked,not checked,0.51,0.15
AB23,levelground,levelground_cw_fast_01_05,2809,14.04,ok,ok,0.46,0.04
AB23,levelground,levelground_cw_fast_01_06,3815,19.07,not checked,not checked,0.24,0.0
AB23,levelground,levelground_cw_normal_01_01,5712,28.55,not checked,not checked,0.04,0.0
AB23,levelground,levelground_cw_normal_01_02,3211,16.05,not checked,not checked,0.03,0.0
AB23,levelground,levelground_cw_normal_01_03,3577,17.88,not checked,not checked,0.11,0.0
AB23,levelground,levelground_cw_normal_01_04,3317,16.58,ok,ok,0.03,0.0
AB23,levelground,levelground_cw_normal_02_01,4626,23.12,not checked,not checked,0.11,0.0
AB23,levelground,levelground_cw_normal_02_02,3219,16.09,not checked,not checked,0.12,0.0
AB23,levelground,levelground_cw_slow_01_01,5822,29.11,not checked,not checked,0.0,0.0
AB23,levelground,levelground_cw_slow_01_02,3986,19.93,not checked,not checked,0.0,0.0
AB23,levelground,levelground_cw_slow_01_03,4242,21.2,not checked,not checked,0.0,0.0
AB23,levelground,levelground_cw_slow_01_04,3996,19.97,not checked,not checked,0.0,0.0
AB23,levelground,levelground_cw_slow_01_05,4730,23.65,not checked,not checked,0.02,0.0
AB23,ramp,ramp_1_l_01_01,3278,16.39,ok,ok,0.03,0.0
AB23,ramp,ramp_1_l_01_02,3244,16.22,not checked,not checked,0.12,0.0
AB23,ramp,ramp_1_l_01_03,3261,16.3,not checked,not checked,0.06,0.0
AB23,ramp,ramp_1_l_02_01,3157,15.78,not checked,not checked,0.0,0.0
AB23,ramp,ramp_1_l_02_02,3162,15.8,not checked,not checked,0.06,0.0
AB23,ramp,ramp_1_r_01_01,3441,17.2,not checked,not checked,0.0,0.0
AB23,ramp,ramp_1_r_01_02,3419,17.09,not checked,not checked,0.0,0.0
AB23,ramp,ramp_1_r_01_03,3473,17.36,not checked,not checked,0.03,0.0
AB23,ramp,ramp_1_r_01_04,3370,16.84,not checked,not checked,0.0,0.0
AB23,ramp,ramp_1_r_01_05,3177,15.88,not checked,not checked,0.03,0.0
AB23,ramp,ramp_2_l_01_01,3084,15.41,ok,ok,0.03,0.0
AB23,ramp,ramp_2_l_01_02,3124,15.62,not checked,not checked,0.1,0.03
AB23,ramp,ramp_2_l_01_03,3078,15.38,not checked,not checked,0.1,0.0
AB23,ramp,ramp_2_l_01_04,3052,15.26,not checked,not checked,0.07,0.0
AB23,ramp,ramp_2_l_01_05,3128,15.64,not checked,not checked,0.13,0.0
AB23,ramp,ramp_2_r_01_01,2852,14.25,not checked,not checked,0.04,0.0
AB23,ramp,ramp_2_r_01_02,2977,14.88,not checked,not checked,0.07,0.0
AB23,ramp,ramp_2_r_01_03,2975,14.87,not checked,not checked,0.07,0.0
AB23,ramp,ramp_2_r_01_04,2992,14.96,not checked,not checked,0.0,0.0
AB23,ramp,ramp_2_r_01_05,3010,15.05,not checked,not checked,0.03,0.0
AB23,ramp,ramp_3_l_01_01,3013,15.06,ok,ok,0.07,0.03
AB23,ramp,ramp_3_l_01_02,3172,15.86,not checked,not checked,0.06,0.0
AB23,ramp,ramp_3_l_01_03,3097,15.48,not checked,not checked,0.13,0.0
AB23,ramp,ramp_3_l_01_04,3169,15.84,not checked,not checked,0.09,0.0
AB23,ramp,ramp_3_l_01_05,3128,15.64,not checked,not checked,0.19,0.0
AB23,ramp,ramp_3_r_01_01,2930,14.64,not checked,not checked,0.14,0.0
AB23,ramp,ramp_3_r_01_02,3234,16.17,not checked,not checked,0.0,0.0
AB23,ramp,ramp_3_r_01_03,3198,15.98,not checked,not checked,0.0,0.0
AB23,ramp,ramp_3_r_01_04,3197,15.98,not checked,not checked,0.06,0.0
AB23,ramp,ramp_3_r_01_05,3215,16.07,not checked,not checked,0.06,0.0
AB23,ramp,ramp_3_r_01_06,3218,16.08,ok,ok,0.0,0.0
AB23,ramp,ramp_4_l_01_01,3060,15.3,not checked,not checked,0.1,0.0
AB23,ramp,ramp_4_l_01_02,3061,15.3,not checked,not checked,0.23,0.07
AB23,ramp,ramp_4_l_01_03,3174,15.87,not checked,not checked,0.09,0.0
AB23,ramp,ramp_4_l_01_04,3090,15.45,not checked,not checked,0.1,0.0
AB23,ramp,ramp_4_l_01_05,3185,15.92,not checked,not checked,0.06,0.0
AB23,ramp,ramp_4_r_01_01,2928,14.63,not checked,not checked,0.27,0.03
AB23,ramp,ramp_4_r_01_02,2955,14.77,not checked,not checked,0.14,0.0
AB23,ramp,ramp_4_r_01_03,3172,15.86,not checked,not checked,0.09,0.0
AB23,ramp,ramp_4_r_01_04,3046,15.22,not checked,not checked,0.07,0.0
AB23,ramp,ramp_4_r_01_05,3143,15.71,ok,ok,0.13,0.0
AB23,ramp,ramp_5_l_01_01,2988,14.93,not checked,not checked,0.37,0.0
AB23,ramp,ramp_5_l_01_02,3209,16.04,not checked,not checked,0.09,0.0
AB23,ramp,ramp_5_l_01_03,3227,16.13,not checked,not checked,0.0,0.0
AB23,ramp,ramp_5_l_01_04,3243,16.21,not checked,not checked,0.09,0.0
AB23,ramp,ramp_5_l_02_01,3065,15.32,not checked,not checked,0.13,0.0
AB23,ramp,ramp_5_l_02_02,3061,15.3,not checked,not checked,0.13,0.03
AB23,ramp,ramp_5_r_01_01,2979,14.89,not checked,not checked,0.17,0.07
AB23,ramp,ramp_5_r_01_02,3006,15.02,not checked,not checked,0.07,0.0
AB23,ramp,ramp_5_r_01_03,3142,15.7,not checked,not checked,0.13,0.0
AB23,ramp,ramp_5_r_01_04,3178,15.89,ok,ok,0.03,0.0
AB23,ramp,ramp_5_r_01_05,3120,15.6,not checked,not checked,0.03,0.03
AB23,ramp,ramp_6_l_01_01,3747,18.73,not checked,not checked,0.27,0.0
AB23,ramp,ramp_6_l_01_02,3674,18.36,not checked,not checked,0.14,0.0
AB23,ramp,ramp_6_l_01_03,3692,18.45,not checked,not checked,0.16,0.0
AB23,ramp,ramp_6_l_01_04,3594,17.97,not checked,not checked,0.14,0.0
AB23,ramp,ramp_6_l_01_05,3745,18.72,not checked,not checked,0.11,0.0
AB23,ramp,ramp_6_r_01_01,3751,18.75,not checked,not checked,0.19,0.0
AB23,ramp,ramp_6_r_01_02,4069,20.34,not checked,not checked,0.05,0.0
AB23,ramp,ramp_6_r_01_03,4005,20.02,not checked,not checked,0.0,0.0
AB23,ramp,ramp_6_r_01_04,4020,20.09,not checked,not checked,0.02,0.02
AB23,ramp,ramp_6_r_01_05,3940,19.69,not checked,not checked,0.08,0.03
AB23,ramp,ramp_6_r_01_06,3806,19.03,not checked,not checked,0.16,0.0
AB23,stair,stair_1_l_01_01,3152,15.75,ok,ok,0.0,0.0
AB23,stair,stair_1_l_01_02,3087,15.43,not checked,not checked,0.0,0.0
AB23,stair,stair_1_l_01_03,2963,14.81,not checked,not checked,0.03,0.0
AB23,stair,stair_1_l_01_04,2885,14.42,not checked,not checked,0.03,0.0
AB23,stair,stair_1_l_01_05,2879,14.39,not checked,not checked,0.03,0.0
AB23,stair,stair_1_r_01_01,2971,14.85,not checked,not checked,0.07,0.03
AB23,stair,stair_1_r_01_02,3126,15.62,not checked,not checked,0.0,0.0
AB23,stair,stair_1_r_01_03,3112,15.55,ok,ok,0.03,0.0
AB23,stair,stair_1_r_01_04,2806,14.03,not checked,not checked,0.04,0.07
AB23,stair,stair_1_r_01_05,2856,14.28,not checked,not checked,0.0,0.04
AB23,stair,stair_2_l_01_01,2595,12.97,not checked,not checked,0.15,0.0
AB23,stair,stair_2_l_01_02,2654,13.27,not checked,not checked,0.04,0.0
AB23,stair,stair_2_l_01_03,2693,13.46,not checked,not checked,0.0,0.0
AB23,stair,stair_2_l_01_04,2843,14.21,not checked,not checked,0.0,0.0
AB23,stair,stair_2_l_01_05,2716,13.58,ok,ok,0.04,0.0
AB23,stair,stair_2_r_01_01,2721,13.6,not checked,not checked,0.0,0.0
AB23,stair,stair_2_r_01_02,2811,14.05,not checked,not checked,0.04,0.04
AB23,stair,stair_2_r_01_03,2834,14.16,not checked,not checked,0.07,0.04
AB23,stair,stair_2_r_02_01,2689,13.44,not checked,not checked,0.07,0.07
AB23,stair,stair_2_r_02_02,2607,13.03,not checked,not checked,0.0,0.0
AB23,stair,stair_3_l_01_01,2821,14.1,not checked,not checked,0.07,0.0
AB23,stair,stair_3_l_01_02,2802,14.0,ok,ok,0.0,0.0
AB23,stair,stair_3_l_01_03,2775,13.87,not checked,not checked,0.04,0.0
AB23,stair,stair_3_l_01_04,2861,14.3,not checked,not checked,0.03,0.0
AB23,stair,stair_3_l_01_05,2677,13.38,not checked,not checked,0.07,0.0
AB23,stair,stair_3_r_01_01,2682,13.41,not checked,not checked,0.15,0.0
AB23,stair,stair_3_r_01_02,2714,13.56,not checked,not checked,0.07,0.0
AB23,stair,stair_3_r_01_03,2818,14.09,not checked,not checked,0.07,0.0
AB23,stair,stair_3_r_01_04,2621,13.1,ok,ok,0.08,0.0
AB23,stair,stair_3_r_01_05,2714,13.56,not checked,not checked,0.11,0.0
AB23,stair,stair_4_l_01_01,2754,13.76,not checked,not checked,0.04,0.0
AB23,stair,stair_4_l_01_02,2807,14.03,not checked,not checked,0.07,0.04
AB23,stair,stair_4_l_01_03,2790,13.95,not checked,not checked,0.07,0.04
AB23,stair,stair_4_l_01_04,2795,13.97,not checked,not checked,0.18,0.0
AB23,stair,stair_4_l_01_05,2703,13.51,not checked,not checked,0.11,0.07
AB23,stair,stair_4_r_01_01,2423,12.11,rejected: poor gyro fit (0.58),ok,0.17,0.04
AB23,stair,stair_4_r_01_02,2551,12.75,not checked,not checked,0.12,0.0
AB23,stair,stair_4_r_01_03,2483,12.41,not checked,not checked,0.2,0.0
AB23,stair,stair_4_r_01_04,2410,12.04,not checked,not checked,0.12,0.08
AB23,stair,stair_4_r_02_01,2678,13.38,not checked,not checked,0.07,0.0
AB23,stair,stair_4_r_02_02,2840,14.2,not checked,not checked,0.04,0.0
AB23,stair,stair_4_r_02_03,2717,13.58,not checked,not checked,0.07,0.0
AB24,treadmill,treadmill_01_01,28603,143.01,ok,ok,0.02,0.0
AB24,treadmill,treadmill_02_01,28621,143.1,ok,ok,0.03,0.0
AB24,treadmill,treadmill_03_01,28662,143.3,ok,ok,0.08,0.0
AB24,treadmill,treadmill_04_01,28687,143.43,ok,ok,0.13,0.0
AB24,treadmill,treadmill_05_01,28720,143.59,ok,ok,0.18,0.0
AB24,treadmill,treadmill_06_01,28754,143.77,ok,ok,0.26,0.02
AB24,treadmill,treadmill_07_01,28787,143.93,not checked,not checked,0.28,0.0
AB24,levelground,levelground_ccw_fast_01_01,4209,21.04,rejected: accelerometer not explained (rel 0.91): saturated/damped/corrupt,rejected: accelerometer not explained (rel 0.88): saturated/damped/corrupt,0.21,0.0
AB24,levelground,levelground_ccw_fast_01_02,3130,15.65,not checked,not checked,0.29,0.0
AB24,levelground,levelground_ccw_fast_01_03,3081,15.4,not checked,not checked,0.16,0.0
AB24,levelground,levelground_ccw_fast_01_04,3007,15.03,not checked,not checked,0.23,0.0
AB24,levelground,levelground_ccw_fast_01_05,3112,15.56,not checked,not checked,0.22,0.0
AB24,levelground,levelground_ccw_normal_01_01,4590,22.95,rejected: accelerometer not explained (rel 0.88): saturated/damped/corrupt,rejected: accelerometer not explained (rel 0.98): saturated/damped/corrupt,0.07,0.0
AB24,levelground,levelground_ccw_normal_01_02,3467,17.33,not checked,not checked,0.09,0.0
AB24,levelground,levelground_ccw_normal_01_03,3272,16.36,not checked,not checked,0.09,0.0
AB24,levelground,levelground_ccw_normal_01_04,3691,18.45,not checked,not checked,0.05,0.0
AB24,levelground,levelground_ccw_normal_01_05,3434,17.17,not checked,not checked,0.0,0.0
AB24,levelground,levelground_ccw_normal_01_06,3438,17.18,ok,ok,0.0,0.0
AB24,levelground,levelground_ccw_slow_01_01,5149,25.74,not checked,not checked,0.02,0.0
AB24,levelground,levelground_ccw_slow_01_02,4226,21.12,not checked,not checked,0.0,0.0
AB24,levelground,levelground_ccw_slow_01_03,4181,20.9,not checked,not checked,0.0,0.0
AB24,levelground,levelground_ccw_slow_01_04,4142,20.7,not checked,not checked,0.0,0.0
AB24,levelground,levelground_ccw_slow_01_05,4204,21.02,ok,ok,0.0,0.0
AB24,levelground,levelground_ccw_slow_01_06,4028,20.13,not checked,not checked,0.0,0.0
AB24,levelground,levelground_cw_fast_01_01,4776,23.88,not checked,not checked,0.0,17.65
AB24,levelground,levelground_cw_fast_01_02,3360,16.8,not checked,not checked,0.03,0.0
AB24,levelground,levelground_cw_fast_01_03,4141,20.7,not checked,not checked,0.17,0.0
AB24,levelground,levelground_cw_fast_01_04,3386,16.92,ok,ok,0.09,0.0
AB24,levelground,levelground_cw_fast_01_05,3352,16.75,not checked,not checked,0.09,0.0
AB24,levelground,levelground_cw_normal_01_01,4542,22.7,not checked,not checked,0.04,0.0
AB24,levelground,levelground_cw_normal_01_02,4331,21.65,not checked,not checked,0.0,0.0
AB24,levelground,levelground_cw_normal_02_01,4370,21.84,not checked,not checked,0.02,0.0
AB24,levelground,levelground_cw_normal_02_02,3755,18.77,ok,ok,0.03,0.0
AB24,levelground,levelground_cw_normal_02_03,3739,18.69,not checked,not checked,0.0,0.0
AB24,levelground,levelground_cw_slow_01_01,5396,26.98,not checked,not checked,0.0,0.0
AB24,levelground,levelground_cw_slow_01_02,4711,23.55,not checked,not checked,0.0,0.0
AB24,levelground,levelground_cw_slow_01_03,4665,23.32,not checked,not checked,0.0,0.0
AB24,levelground,levelground_cw_slow_01_04,4842,24.2,not checked,not checked,0.0,0.0
AB24,levelground,levelground_cw_slow_01_05,4865,24.32,not checked,not checked,0.0,0.0
AB24,ramp,ramp_1_l_01_01,3355,16.77,ok,ok,0.03,0.0
AB24,ramp,ramp_1_l_01_02,3434,17.16,not checked,not checked,0.03,0.0
AB24,ramp,ramp_1_l_01_03,3398,16.99,not checked,not checked,0.03,0.0
AB24,ramp,ramp_1_l_01_04,3400,17.0,not checked,not checked,0.06,0.0
AB24,ramp,ramp_1_l_01_05,3382,16.91,not checked,not checked,0.06,0.0
AB24,ramp,ramp_1_r_01_01,3071,15.35,not checked,not checked,0.07,0.0
AB24,ramp,ramp_1_r_01_02,3354,16.77,not checked,not checked,0.0,0.0
AB24,ramp,ramp_1_r_01_03,3345,16.72,not checked,not checked,0.0,0.0
AB24,ramp,ramp_1_r_01_04,3361,16.8,not checked,not checked,0.0,0.0
AB24,ramp,ramp_1_r_01_05,3379,16.89,not checked,not checked,0.0,0.0
AB24,ramp,ramp_2_l_01_01,3280,16.39,ok,ok,0.06,0.0
AB24,ramp,ramp_2_l_01_02,3501,17.5,not checked,not checked,0.06,0.0
AB24,ramp,ramp_2_l_01_03,3505,17.52,not checked,not checked,0.03,0.0
AB24,ramp,ramp_2_l_01_04,3467,17.33,not checked,not checked,0.03,0.0
AB24,ramp,ramp_2_l_01_05,3397,16.98,not checked,not checked,0.09,0.0
AB24,ramp,ramp_2_r_01_01,3306,16.52,not checked,not checked,0.0,0.0
AB24,ramp,ramp_2_r_01_02,3414,17.06,not checked,not checked,0.03,0.0
AB24,ramp,ramp_2_r_01_03,3403,17.01,not checked,not checked,0.03,0.0
AB24,ramp,ramp_2_r_01_04,3406,17.03,not checked,not checked,0.0,0.0
AB24,ramp,ramp_2_r_01_05,3319,16.59,not checked,not checked,0.0,0.0
AB24,ramp,ramp_3_l_01_01,3289,16.44,ok,ok,0.09,0.0
AB24,ramp,ramp_3_l_01_02,3440,17.19,not checked,not checked,0.15,0.03
AB24,ramp,ramp_3_l_02_01,3212,16.05,not checked,not checked,0.03,0.0
AB24,ramp,ramp_3_l_02_02,3416,17.07,not checked,not checked,0.0,0.0
AB24,ramp,ramp_3_l_02_03,3409,17.04,not checked,not checked,0.0,0.0
AB24,ramp,ramp_3_r_01_01,3350,16.75,not checked,not checked,0.03,0.0
AB24,ramp,ramp_3_r_01_02,3395,16.97,not checked,not checked,0.0,0.0
AB24,ramp,ramp_3_r_01_03,3416,17.08,not checked,not checked,0.03,0.0
AB24,ramp,ramp_3_r_01_04,3419,17.09,not checked,not checked,0.0,0.0
AB24,ramp,ramp_3_r_01_05,3353,16.76,not checked,not checked,0.06,0.0
AB24,ramp,ramp_4_l_01_01,3226,16.12,ok,ok,0.06,0.0
AB24,ramp,ramp_4_l_01_02,3414,17.07,not checked,not checked,0.06,0.0
AB24,ramp,ramp_4_l_01_03,3443,17.21,not checked,not checked,0.09,0.0
AB24,ramp,ramp_4_l_01_04,3352,16.75,not checked,not checked,0.03,0.0
AB24,ramp,ramp_4_l_01_05,3438,17.19,not checked,not checked,0.03,0.0
AB24,ramp,ramp_4_l_01_06,3330,16.65,not checked,not checked,0.0,0.0
AB24,ramp,ramp_4_r_01_01,3346,16.73,not checked,not checked,0.0,0.0
AB24,ramp,ramp_4_r_01_02,3417,17.08,not checked,not checked,0.0,0.0
AB24,ramp,ramp_4_r_01_03,3402,17.0,not checked,not checked,0.0,0.0
AB24,ramp,ramp_4_r_01_04,3390,16.94,not checked,not checked,0.03,0.0
AB24,ramp,ramp_4_r_01_05,3299,16.49,ok,ok,0.03,0.0
AB24,ramp,ramp_5_l_01_01,3215,16.07,not checked,not checked,0.03,0.0
AB24,ramp,ramp_5_l_01_02,3230,16.14,not checked,not checked,0.0,0.0
AB24,ramp,ramp_5_l_01_03,3371,16.85,not checked,not checked,0.03,0.0
AB24,ramp,ramp_5_l_01_04,3375,16.87,not checked,not checked,0.09,0.0
AB24,ramp,ramp_5_l_01_05,3339,16.69,not checked,not checked,0.06,0.0
AB24,ramp,ramp_5_r_01_01,3338,16.69,not checked,not checked,0.06,0.0
AB24,ramp,ramp_5_r_01_02,3384,16.92,not checked,not checked,0.03,0.0
AB24,ramp,ramp_5_r_01_03,3416,17.08,not checked,not checked,0.0,0.0
AB24,ramp,ramp_5_r_02_01,3267,16.33,not checked,not checked,0.0,0.0
AB24,ramp,ramp_5_r_02_02,3411,17.05,ok,ok,0.0,0.0
AB24,ramp,ramp_5_r_02_03,3309,16.54,not checked,not checked,0.0,0.0
AB24,ramp,ramp_6_l_01_01,3906,19.53,not checked,not checked,0.05,0.0
AB24,ramp,ramp_6_l_01_02,3975,19.87,not checked,not checked,0.03,0.0
AB24,ramp,ramp_6_l_01_03,3828,19.14,not checked,not checked,0.03,0.0
AB24,ramp,ramp_6_l_01_04,3863,19.31,not checked,not checked,0.08,0.0
AB24,ramp,ramp_6_r_01_01,3698,18.48,not checked,not checked,0.03,0.0
AB24,ramp,ramp_6_r_01_02,3869,19.34,not checked,not checked,0.0,0.0
AB24,ramp,ramp_6_r_01_03,3840,19.2,not checked,not checked,0.05,0.0
AB24,ramp,ramp_6_r_01_04,3804,19.02,not checked,not checked,0.0,0.0
AB24,ramp,ramp_6_r_01_05,3892,19.45,not checked,not checked,0.03,0.0
AB24,ramp,ramp_6_r_02_01,3767,18.83,not checked,not checked,0.03,0.0
AB24,stair,stair_1_l_01_01,2721,13.6,ok,ok,0.04,0.0
AB24,stair,stair_1_l_01_02,2763,13.81,not checked,not checked,0.0,0.0
AB24,stair,stair_1_l_01_03,2805,14.02,not checked,not checked,0.0,0.0
AB24,stair,stair_1_l_01_04,2761,13.8,not checked,not checked,0.04,0.0
AB24,stair,stair_1_l_01_05,2790,13.94,not checked,not checked,0.04,0.0
AB24,stair,stair_1_r_01_01,2767,13.83,not checked,not checked,0.04,0.0
AB24,stair,stair_1_r_01_02,2803,14.01,ok,ok,0.0,0.0
AB24,stair,stair_1_r_01_03,2817,14.08,not checked,not checked,0.0,0.0
AB24,stair,stair_1_r_01_04,2837,14.18,not checked,not checked,0.07,0.0
AB24,stair,stair_1_r_01_05,2749,13.74,not checked,not checked,0.0,0.0
AB24,stair,stair_2_l_01_01,2638,13.19,not checked,not checked,0.0,0.0
AB24,stair,stair_2_l_01_02,2723,13.61,not checked,not checked,0.0,0.0
AB24,stair,stair_2_l_01_03,2731,13.65,ok,ok,0.0,0.0
AB24,stair,stair_2_l_01_04,2731,13.65,not checked,not checked,0.0,0.0
AB24,stair,stair_2_l_01_05,2806,14.02,not checked,not checked,0.0,0.0
AB24,stair,stair_2_r_01_01,2782,13.9,not checked,not checked,0.04,0.0
AB24,stair,stair_2_r_01_02,2747,13.73,not checked,not checked,0.0,0.0
AB24,stair,stair_2_r_01_03,2752,13.75,not checked,not checked,0.04,0.0
AB24,stair,stair_2_r_01_04,2719,13.59,ok,ok,0.0,0.0
AB24,stair,stair_2_r_01_05,2768,13.83,not checked,not checked,0.0,0.0
AB24,stair,stair_3_l_01_01,2544,12.71,not checked,not checked,0.0,0.0
AB24,stair,stair_3_l_01_02,2822,14.11,not checked,not checked,0.0,0.0
AB24,stair,stair_3_l_01_03,2817,14.08,not checked,not checked,0.04,0.0
AB24,stair,stair_3_l_01_04,2860,14.3,not checked,not checked,0.03,0.0
AB24,stair,stair_3_l_01_05,2744,13.72,ok,ok,0.04,0.0
AB24,stair,stair_3_r_01_01,2696,13.47,not checked,not checked,0.0,0.0
AB24,stair,stair_3_r_01_02,2856,14.27,not checked,not checked,0.0,0.0
AB24,stair,stair_3_r_01_03,2830,14.15,not checked,not checked,0.04,0.0
AB24,stair,stair_3_r_01_04,2872,14.36,not checked,not checked,0.0,0.0
AB24,stair,stair_3_r_01_05,2752,13.76,not checked,not checked,0.0,0.0
AB24,stair,stair_4_l_01_01,2754,13.76,ok,ok,0.0,0.0
AB24,stair,stair_4_l_01_02,2842,14.2,not checked,not checked,0.0,0.0
AB24,stair,stair_4_l_01_03,2786,13.93,not checked,not checked,0.04,0.0
AB24,stair,stair_4_l_01_04,2783,13.91,not checked,not checked,0.0,0.0
AB24,stair,stair_4_l_01_05,2864,14.32,not checked,not checked,0.0,0.0
AB24,stair,stair_4_r_01_01,2813,14.06,not checked,not checked,0.0,0.0
AB24,stair,stair_4_r_01_02,2979,14.89,not checked,not checked,0.0,0.0
AB24,stair,stair_4_r_01_03,2884,14.42,not checked,not checked,0.03,0.0
AB24,stair,stair_4_r_01_04,2872,14.36,not checked,not checked,0.07,0.0
AB24,stair,stair_4_r_01_05,2828,14.14,not checked,not checked,0.0,0.0
AB25,treadmill,Treadmill_01_01,28591,142.95,ok,ok,0.09,0.0
AB25,treadmill,Treadmill_02_01,29197,145.98,ok,ok,0.1,0.0
AB25,treadmill,Treadmill_03_01,29231,146.15,ok,ok,0.13,0.0
AB25,treadmill,Treadmill_04_01,29262,146.31,ok,ok,0.05,0.0
AB25,treadmill,Treadmill_05_01,29298,146.49,rejected: gyro matches mocap implausibly well (0.109): not a raw recording?,rejected: gyro matches mocap implausibly well (0.096): not a raw recording?,0.18,0.0
AB25,treadmill,Treadmill_06_01,29331,146.65,rejected: gyro matches mocap implausibly well (0.110): not a raw recording?,rejected: gyro matches mocap implausibly well (0.098): not a raw recording?,0.22,0.0
AB25,treadmill,Treadmill_07_01,29363,146.81,not checked,not checked,0.25,0.0
AB25,levelground,LevelGround_ccw_fast_01_01,4617,23.08,rejected: accelerometer not explained (rel 0.71): saturated/damped/corrupt,rejected: accelerometer not explained (rel 0.81): saturated/damped/corrupt,0.0,0.0
AB25,levelground,LevelGround_ccw_fast_01_02,3592,17.96,not checked,not checked,0.0,0.0
AB25,levelground,LevelGround_ccw_fast_01_03,3791,18.95,not checked,not checked,0.0,0.0
AB25,levelground,LevelGround_ccw_fast_01_04,3969,19.84,not checked,not checked,0.0,0.0
AB25,levelground,LevelGround_ccw_fast_01_05,3820,19.09,not checked,not checked,0.0,0.0
AB25,levelground,LevelGround_ccw_normal_01_01,5420,27.09,rejected: accelerometer not explained (rel 0.94): saturated/damped/corrupt,rejected: accelerometer not explained (rel 0.96): saturated/damped/corrupt,8.41,0.0
AB25,levelground,LevelGround_ccw_normal_01_02,4502,22.51,not checked,not checked,0.0,0.0
AB25,levelground,LevelGround_ccw_normal_01_03,4247,21.23,not checked,not checked,0.0,0.0
AB25,levelground,LevelGround_ccw_normal_01_04,4254,21.27,not checked,not checked,0.0,0.0
AB25,levelground,LevelGround_ccw_normal_01_05,4508,22.53,not checked,not checked,0.0,0.0
AB25,levelground,LevelGround_ccw_slow_01_01,6101,30.5,rejected: poor gyro fit (0.55),rejected: poor gyro fit (0.74),10.47,2.72
AB25,levelground,LevelGround_ccw_slow_01_02,4902,24.5,not checked,not checked,0.0,0.0
AB25,levelground,LevelGround_ccw_slow_01_03,4884,24.42,not checked,not checked,0.0,0.0
AB25,levelground,LevelGround_ccw_slow_01_04,5077,25.38,not checked,not checked,0.0,0.0
AB25,levelground,LevelGround_ccw_slow_01_05,5526,27.62,not checked,not checked,0.0,0.0
AB25,levelground,LevelGround_cw_fast_01_01,5621,28.1,rejected: accelerometer not explained (rel 0.85): saturated/damped/corrupt,rejected: accelerometer not explained (rel 0.97): saturated/damped/corrupt,0.0,6.35
AB25,levelground,LevelGround_cw_fast_01_02,4645,23.22,not checked,not checked,0.0,0.0
AB25,levelground,LevelGround_cw_fast_01_03,4188,20.93,not checked,not checked,0.0,0.0
AB25,levelground,LevelGround_cw_fast_01_04,3969,19.84,not checked,not checked,0.0,0.0
AB25,levelground,LevelGround_cw_fast_01_05,4076,20.38,not checked,not checked,0.0,0.0
AB25,levelground,LevelGround_cw_fast_02_01,5582,27.91,rejected: accelerometer not explained (rel 0.80): saturated/damped/corrupt,rejected: accelerometer not explained (rel 0.98): saturated/damped/corrupt,0.0,0.63
AB25,levelground,LevelGround_cw_fast_02_02,4501,22.5,not checked,not checked,0.0,0.0
AB25,levelground,LevelGround_cw_slow_01_01,7314,36.56,not checked,not checked,6.44,0.0
AB25,levelground,LevelGround_cw_slow_01_02,6390,31.95,not checked,not checked,0.0,0.0
AB25,levelground,LevelGround_cw_slow_01_03,6061,30.3,not checked,not checked,0.0,0.0
AB25,levelground,LevelGround_cw_slow_01_04,6555,32.77,ok,ok,0.0,0.0
AB25,levelground,LevelGround_cw_slow_01_05,6054,30.26,not checked,not checked,0.0,0.0
AB25,levelground,levelground_cw_normal_01_01,5950,29.75,not checked,not checked,0.0,0.0
AB25,levelground,levelground_cw_normal_01_02,5915,29.57,not checked,not checked,0.0,0.0
AB25,levelground,levelground_cw_normal_01_03,4702,23.51,not checked,not checked,0.0,0.0
AB25,levelground,levelground_cw_normal_01_04,4924,24.62,not checked,not checked,0.0,0.0
AB25,levelground,levelground_cw_normal_01_05,4775,23.87,not checked,not checked,0.0,0.0
AB25,levelground,levelground_cw_normal_01_06,5182,25.91,not checked,not checked,0.0,0.0
AB25,ramp,Ramp_1_L_01_01,4057,20.28,rejected: gyro matches mocap implausibly well (0.062): not a raw recording?,rejected: gyro matches mocap implausibly well (0.067): not a raw recording?,0.0,0.0
AB25,ramp,Ramp_1_L_01_02,3984,19.92,not checked,not checked,0.0,0.0
AB25,ramp,Ramp_1_L_01_03,3899,19.49,not checked,not checked,0.0,0.0
AB25,ramp,Ramp_1_L_01_04,3789,18.94,not checked,not checked,0.0,0.0
AB25,ramp,Ramp_1_L_01_05,3793,18.96,not checked,not checked,0.05,0.0
AB25,ramp,Ramp_1_R_01_01,4747,23.73,not checked,not checked,0.0,0.0
AB25,ramp,Ramp_1_R_01_02,4340,21.7,not checked,not checked,0.0,0.0
AB25,ramp,Ramp_1_R_01_03,4222,21.1,not checked,not checked,0.0,0.0
AB25,ramp,Ramp_1_R_01_04,4283,21.41,not checked,not checked,0.0,0.0
AB25,ramp,Ramp_1_R_01_05,4098,20.49,not checked,not checked,0.0,0.0
AB25,ramp,Ramp_2_L_01_01,3617,18.08,rejected: gyro matches mocap implausibly well (0.057): not a raw recording?,rejected: gyro matches mocap implausibly well (0.052): not a raw recording?,0.0,0.0
AB25,ramp,Ramp_2_L_01_02,3585,17.92,not checked,not checked,0.0,0.0
AB25,ramp,Ramp_2_L_01_03,3674,18.36,not checked,not checked,0.0,0.0
AB25,ramp,Ramp_2_L_01_04,3478,17.39,not checked,not checked,0.09,0.0
AB25,ramp,Ramp_2_L_01_05,3594,17.97,not checked,not checked,0.03,0.0
AB25,ramp,Ramp_2_R_01_01,3508,17.54,not checked,not checked,0.0,0.0
AB25,ramp,Ramp_2_R_01_02,3536,17.68,not checked,not checked,0.06,0.0
AB25,ramp,Ramp_2_R_01_03,3546,17.73,not checked,not checked,0.0,0.0
AB25,ramp,Ramp_2_R_01_04,3540,17.69,not checked,not checked,0.06,0.0
AB25,ramp,Ramp_2_R_01_05,3469,17.34,not checked,not checked,0.0,0.0
AB25,ramp,Ramp_3_L_01_01,3367,16.83,rejected: gyro matches mocap implausibly well (0.051): not a raw recording?,rejected: gyro matches mocap implausibly well (0.043): not a raw recording?,0.03,0.0
AB25,ramp,Ramp_3_L_01_02,3479,17.39,not checked,not checked,0.06,0.0
AB25,ramp,Ramp_3_L_01_03,3326,16.62,not checked,not checked,0.06,0.0
AB25,ramp,Ramp_3_L_01_04,3356,16.78,not checked,not checked,0.06,0.0
AB25,ramp,Ramp_3_L_01_05,3442,17.2,not checked,not checked,0.06,0.0
AB25,ramp,Ramp_3_R_01_01,3624,18.12,not checked,not checked,0.03,0.0
AB25,ramp,Ramp_3_R_01_02,3494,17.46,not checked,not checked,0.0,0.0
AB25,ramp,Ramp_3_R_01_03,3273,16.36,not checked,not checked,0.12,0.0
AB25,ramp,Ramp_3_R_01_04,3505,17.52,not checked,not checked,0.0,0.0
AB25,ramp,Ramp_3_R_01_05,3324,16.62,not checked,not checked,0.0,0.0
AB25,ramp,Ramp_4_L_01_01,3439,17.19,ok,ok,0.03,0.0
AB25,ramp,Ramp_4_L_01_02,3342,16.7,not checked,not checked,0.0,0.03
AB25,ramp,Ramp_4_L_01_03,3419,17.09,not checked,not checked,0.03,0.0
AB25,ramp,Ramp_4_L_01_04,3434,17.17,not checked,not checked,0.06,0.03
AB25,ramp,Ramp_4_L_01_05,3492,17.46,not checked,not checked,0.03,0.0
AB25,ramp,Ramp_4_R_01_01,3222,16.11,not checked,not checked,0.06,0.03
AB25,ramp,Ramp_4_R_01_02,3152,15.75,not checked,not checked,0.06,0.0
AB25,ramp,Ramp_4_R_01_03,3259,16.29,not checked,not checked,0.06,0.0
AB25,ramp,Ramp_4_R_01_04,3373,16.86,not checked,not checked,0.06,0.0
AB25,ramp,Ramp_4_R_01_05,3278,16.38,not checked,not checked,0.09,0.0
AB25,ramp,Ramp_5_L_01_01,3271,16.35,rejected: gyro matches mocap implausibly well (0.053): not a raw recording?,rejected: gyro matches mocap implausibly well (0.041): not a raw recording?,0.06,0.0
AB25,ramp,Ramp_5_L_01_02,3340,16.69,not checked,not checked,0.03,0.0
AB25,ramp,Ramp_5_L_01_03,3492,17.45,not checked,not checked,0.03,0.0
AB25,ramp,Ramp_5_L_01_04,3355,16.77,not checked,not checked,0.15,0.0
AB25,ramp,Ramp_5_L_01_05,3221,16.1,not checked,not checked,0.03,0.06
AB25,ramp,Ramp_5_R_01_01,3116,15.57,not checked,not checked,0.0,0.0
AB25,ramp,Ramp_5_R_01_02,3259,16.29,not checked,not checked,0.03,0.0
AB25,ramp,Ramp_5_R_01_03,3320,16.59,not checked,not checked,0.0,0.0
AB25,ramp,Ramp_5_R_01_04,3460,17.29,not checked,not checked,0.09,0.03
AB25,ramp,Ramp_5_R_01_05,3528,17.64,not checked,not checked,0.03,0.0
AB25,ramp,Ramp_6_L_01_01,3835,19.17,ok,ok,0.03,0.0
AB25,ramp,Ramp_6_L_01_02,4060,20.3,not checked,not checked,0.02,0.0
AB25,ramp,Ramp_6_L_01_03,3924,19.62,not checked,not checked,0.03,0.0
AB25,ramp,Ramp_6_L_01_04,3914,19.56,not checked,not checked,0.08,0.0
AB25,ramp,Ramp_6_L_01_05,3914,19.56,not checked,not checked,0.1,0.0
AB25,ramp,Ramp_6_R_01_01,4156,20.77,not checked,not checked,0.0,0.0
AB25,ramp,Ramp_6_R_01_02,4362,21.8,not checked,not checked,0.05,0.0
AB25,ramp,Ramp_6_R_01_03,4286,21.43,not checked,not checked,0.02,0.0
AB25,ramp,Ramp_6_R_01_04,4696,23.47,not checked,not checked,0.04,0.0
AB25,ramp,Ramp_6_R_02_01,4309,21.54,not checked,not checked,0.0,0.0
AB25,ramp,Ramp_6_R_02_02,4339,21.69,not checked,not checked,0.0,0.0
AB25,stair,Stair_1_L_01_01,2643,13.21,ok,ok,0.0,0.0
AB25,stair,Stair_1_L_01_02,2695,13.47,not checked,not checked,0.0,0.0
AB25,stair,Stair_1_L_01_03,2642,13.2,not checked,not checked,0.0,0.0
AB25,stair,Stair_1_L_01_04,2740,13.7,not checked,not checked,0.0,0.0
AB25,stair,Stair_1_L_01_05,2635,13.17,not checked,not checked,0.0,0.0
AB25,stair,Stair_1_R_01_01,2881,14.4,not checked,not checked,0.0,0.0
AB25,stair,Stair_1_R_01_02,2765,13.82,ok,ok,0.0,0.0
AB25,stair,Stair_1_R_01_03,2862,14.3,not checked,not checked,0.0,0.0
AB25,stair,Stair_1_R_01_04,2792,13.95,not checked,not checked,0.0,0.0
AB25,stair,Stair_1_R_01_05,2690,13.45,not checked,not checked,0.0,0.0
AB25,stair,Stair_2_L_01_01,2542,12.7,not checked,not checked,0.04,0.0
AB25,stair,Stair_2_L_01_02,2555,12.77,not checked,not checked,0.04,0.0
AB25,stair,Stair_2_L_01_03,2768,13.84,ok,ok,0.0,0.0
AB25,stair,Stair_2_L_01_04,2771,13.85,not checked,not checked,0.0,0.0
AB25,stair,Stair_2_L_01_05,2830,14.15,not checked,not checked,0.0,0.0
AB25,stair,Stair_2_R_01_01,2682,13.4,not checked,not checked,0.0,0.0
AB25,stair,Stair_2_R_01_02,2748,13.73,not checked,not checked,0.04,0.0
AB25,stair,Stair_2_R_01_03,2750,13.75,not checked,not checked,0.0,0.0
AB25,stair,Stair_2_R_01_04,2777,13.88,ok,ok,0.0,0.0
AB25,stair,Stair_2_R_01_05,2713,13.56,not checked,not checked,0.0,0.0
AB25,stair,Stair_3_L_01_01,2750,13.75,not checked,not checked,0.0,0.0
AB25,stair,Stair_3_L_01_02,2754,13.77,not checked,not checked,0.0,0.0
AB25,stair,Stair_3_L_01_03,2733,13.66,not checked,not checked,0.0,0.0
AB25,stair,Stair_3_L_01_04,2762,13.81,not checked,not checked,0.0,0.0
AB25,stair,Stair_3_L_01_05,2688,13.44,rejected: poor gyro fit (0.35),rejected: poor gyro fit (0.37),0.0,0.0
AB25,stair,Stair_3_R_01_01,2600,12.99,not checked,not checked,0.0,0.0
AB25,stair,Stair_3_R_01_02,2760,13.8,not checked,not checked,0.0,0.0
AB25,stair,Stair_3_R_01_03,2467,12.33,not checked,not checked,0.0,0.0
AB25,stair,Stair_3_R_01_04,2756,13.77,not checked,not checked,0.07,0.0
AB25,stair,Stair_3_R_01_05,2637,13.18,not checked,not checked,0.0,0.0
AB25,stair,Stair_4_L_01_01,2705,13.52,ok,ok,0.04,0.0
AB25,stair,Stair_4_L_01_02,2756,13.78,not checked,not checked,0.04,0.0
AB25,stair,Stair_4_L_01_03,2761,13.8,not checked,not checked,0.0,0.0
AB25,stair,Stair_4_L_01_04,2856,14.27,not checked,not checked,0.0,0.0
AB25,stair,Stair_4_L_01_05,2734,13.67,not checked,not checked,0.0,0.0
AB25,stair,Stair_4_R_01_01,2594,12.96,not checked,not checked,0.0,0.0
AB25,stair,Stair_4_R_01_02,2609,13.04,not checked,not checked,0.0,0.0
AB25,stair,Stair_4_R_01_03,2908,14.53,not checked,not checked,0.0,0.0
AB25,stair,Stair_4_R_01_04,2646,13.22,not checked,not checked,0.04,0.0
AB25,stair,Stair_4_R_01_05,2629,13.14,not checked,not checked,0.04,0.0
AB27,treadmill,Treadmill_01_01,28591,142.95,ok,ok,0.1,0.0
AB27,treadmill,Treadmill_02_01,28624,143.12,ok,ok,0.12,0.0
AB27,treadmill,Treadmill_03_01,28655,143.27,ok,ok,0.13,0.0
AB27,treadmill,Treadmill_04_01,28691,143.45,ok,ok,0.17,0.0
AB27,treadmill,Treadmill_05_01,28724,143.62,ok,ok,0.17,0.01
AB27,treadmill,Treadmill_06_01,28757,143.78,ok,ok,0.26,0.01
AB27,treadmill,Treadmill_07_01,28793,143.96,not checked,not checked,0.29,0.03
AB27,levelground,LevelGround_ccw_fast_01_01,4458,22.29,rejected: poor gyro fit (0.59),rejected: poor gyro fit (0.41),0.27,0.0
AB27,levelground,LevelGround_ccw_fast_01_02,3447,17.23,not checked,not checked,0.03,0.0
AB27,levelground,LevelGround_ccw_fast_01_03,3596,17.98,not checked,not checked,0.03,0.0
AB27,levelground,LevelGround_ccw_fast_01_04,3581,17.9,not checked,not checked,0.08,0.0
AB27,levelground,LevelGround_ccw_fast_01_05,3918,19.59,not checked,not checked,0.1,0.0
AB27,levelground,LevelGround_ccw_slow_01_01,6724,33.62,rejected: accelerometer not explained (rel 0.88): saturated/damped/corrupt,rejected: accelerometer not explained (rel 1.01): saturated/damped/corrupt,0.0,9.06
AB27,levelground,LevelGround_ccw_slow_01_02,4947,24.73,not checked,not checked,0.0,0.0
AB27,levelground,LevelGround_ccw_slow_01_03,5198,25.98,not checked,not checked,0.0,0.0
AB27,levelground,LevelGround_ccw_slow_01_04,4501,22.5,not checked,not checked,0.0,0.0
AB27,levelground,LevelGround_cw_normal_01_01,5505,27.52,not checked,not checked,1.91,0.0
AB27,levelground,LevelGround_cw_normal_01_02,4341,21.7,ok,ok,0.0,0.0
AB27,levelground,LevelGround_cw_normal_01_03,4410,22.05,not checked,not checked,0.0,0.0
AB27,levelground,LevelGround_cw_normal_01_04,4263,21.31,not checked,not checked,0.0,0.0
AB27,levelground,LevelGround_cw_normal_01_05,4836,24.18,not checked,not checked,0.0,0.02
AB27,levelground,LevelGround_cw_slow_01_01,6688,33.44,not checked,not checked,0.0,0.0
AB27,levelground,LevelGround_cw_slow_01_02,5478,27.38,ok,ok,0.0,0.0
AB27,levelground,LevelGround_cw_slow_01_03,5292,26.45,not checked,not checked,0.0,0.0
AB27,levelground,LevelGround_cw_slow_01_04,5157,25.78,not checked,not checked,0.0,0.0
AB27,levelground,LevelGround_cw_slow_01_05,5099,25.49,not checked,not checked,0.0,0.0
AB27,levelground,levelground_ccw_normal_01_01,6442,32.2,not checked,not checked,18.61,0.0
AB27,levelground,levelground_ccw_normal_01_02,3790,18.94,ok,ok,0.0,0.0
AB27,levelground,levelground_ccw_normal_01_03,3904,19.51,not checked,not checked,0.0,0.03
AB27,levelground,levelground_ccw_normal_01_04,3879,19.39,not checked,not checked,0.0,0.0
AB27,levelground,levelground_ccw_normal_01_05,4183,20.91,not checked,not checked,0.0,0.0
AB27,levelground,levelground_ccw_slow_02_01,8814,44.06,not checked,not checked,0.0,13.46
AB27,levelground,levelground_ccw_slow_02_02,4531,22.65,ok,ok,0.0,0.0
AB27,levelground,levelground_cw_fast_01_01,4515,22.57,not checked,not checked,4.96,0.0
AB27,levelground,levelground_cw_fast_01_02,3593,17.96,not checked,not checked,0.0,0.0
AB27,levelground,levelground_cw_fast_01_03,3548,17.73,not checked,not checked,0.0,0.0
AB27,levelground,levelground_cw_fast_01_04,3553,17.76,not checked,not checked,0.0,0.0
AB27,levelground,levelground_cw_fast_01_05,3999,19.99,not checked,not checked,0.03,0.0
AB27,ramp,ramp_1_l_01_01,3640,18.2,ok,ok,0.0,0.0
AB27,ramp,ramp_1_l_01_02,3584,17.91,not checked,not checked,0.0,0.0
AB27,ramp,ramp_1_l_01_03,3434,17.16,not checked,not checked,0.0,0.0
AB27,ramp,ramp_1_l_01_04,3579,17.89,not checked,not checked,0.03,0.0
AB27,ramp,ramp_1_l_01_05,3699,18.49,not checked,not checked,0.0,0.0
AB27,ramp,ramp_1_r_01_01,4060,20.29,not checked,not checked,0.02,0.0
AB27,ramp,ramp_1_r_01_02,3709,18.54,not checked,not checked,0.0,0.0
AB27,ramp,ramp_1_r_01_03,3653,18.26,not checked,not checked,0.0,0.0
AB27,ramp,ramp_1_r_01_04,3602,18.01,not checked,not checked,0.0,0.0
AB27,ramp,ramp_1_r_01_05,3748,18.73,not checked,not checked,0.0,0.0
AB27,ramp,ramp_1_r_01_06,3714,18.56,ok,ok,0.0,0.0
AB27,ramp,ramp_2_l_01_01,3656,18.27,not checked,not checked,0.0,0.0
AB27,ramp,ramp_2_l_01_02,3570,17.85,not checked,not checked,0.0,0.03
AB27,ramp,ramp_2_l_01_03,3493,17.46,not checked,not checked,0.03,0.0
AB27,ramp,ramp_2_l_01_04,3474,17.36,not checked,not checked,0.03,0.0
AB27,ramp,ramp_2_l_01_05,3512,17.55,not checked,not checked,0.0,0.0
AB27,ramp,ramp_2_r_01_01,3621,18.1,not checked,not checked,0.0,0.0
AB27,ramp,ramp_2_r_01_02,3541,17.7,not checked,not checked,0.0,0.0
AB27,ramp,ramp_2_r_01_03,3637,18.18,not checked,not checked,0.03,0.0
AB27,ramp,ramp_2_r_01_04,3576,17.88,not checked,not checked,0.0,0.0
AB27,ramp,ramp_2_r_01_05,3676,18.38,ok,ok,0.0,0.0
AB27,ramp,ramp_3_l_01_01,3337,16.68,not checked,not checked,0.0,0.0
AB27,ramp,ramp_3_l_01_02,3396,16.98,not checked,not checked,0.06,0.0
AB27,ramp,ramp_3_l_01_03,3418,17.09,not checked,not checked,0.0,0.0
AB27,ramp,ramp_3_l_01_04,3363,16.81,not checked,not checked,0.06,0.0
AB27,ramp,ramp_3_l_01_05,3400,16.99,not checked,not checked,0.09,0.0
AB27,ramp,ramp_3_r_01_01,3733,18.66,not checked,not checked,0.03,0.0
AB27,ramp,ramp_3_r_01_02,3592,17.95,not checked,not checked,0.0,0.0
AB27,ramp,ramp_3_r_01_03,3595,17.97,not checked,not checked,0.0,0.0
AB27,ramp,ramp_3_r_01_04,3612,18.05,not checked,not checked,0.0,0.0
AB27,ramp,ramp_3_r_01_05,3651,18.25,ok,ok,0.0,0.0
AB27,ramp,ramp_4_l_01_01,3688,18.43,not checked,not checked,0.08,0.0
AB27,ramp,ramp_4_l_01_02,3371,16.85,not checked,not checked,0.18,0.0
AB27,ramp,ramp_4_l_01_03,3320,16.59,not checked,not checked,0.0,0.03
AB27,ramp,ramp_4_l_01_04,3241,16.2,not checked,not checked,0.03,0.03
AB27,ramp,ramp_4_l_01_05,3484,17.41,not checked,not checked,0.03,0.0
AB27,ramp,ramp_4_r_01_01,3295,16.47,not checked,not checked,0.09,0.0
AB27,ramp,ramp_4_r_01_02,3233,16.16,not checked,not checked,0.0,0.0
AB27,ramp,ramp_4_r_01_03,3288,16.44,not checked,not checked,0.06,0.0
AB27,ramp,ramp_4_r_01_04,3445,17.22,not checked,not checked,0.0,0.0
AB27,ramp,ramp_4_r_01_05,3467,17.33,ok,ok,0.03,0.0
AB27,ramp,ramp_5_l_01_01,3302,16.5,not checked,not checked,0.03,0.0
AB27,ramp,ramp_5_l_01_02,3406,17.02,not checked,not checked,0.06,0.0
AB27,ramp,ramp_5_l_01_03,3409,17.04,not checked,not checked,0.0,0.0
AB27,ramp,ramp_5_l_01_04,3698,18.48,not checked,not checked,0.0,0.0
AB27,ramp,ramp_5_l_01_05,3650,18.24,not checked,not checked,0.03,0.0
AB27,ramp,ramp_5_r_01_01,3428,17.13,not checked,not checked,0.03,0.0
AB27,ramp,ramp_5_r_01_02,3223,16.11,not checked,not checked,0.09,0.0
AB27,ramp,ramp_5_r_01_03,3385,16.92,not checked,not checked,0.09,0.0
AB27,ramp,ramp_5_r_01_04,3430,17.14,not checked,not checked,0.0,0.0
AB27,ramp,ramp_5_r_01_05,3402,17.0,ok,ok,0.0,0.0
AB27,ramp,ramp_6_l_01_01,3613,18.06,not checked,not checked,0.03,0.0
AB27,ramp,ramp_6_l_01_02,3608,18.03,not checked,not checked,0.08,0.0
AB27,ramp,ramp_6_l_01_03,3762,18.8,not checked,not checked,0.05,0.0
AB27,ramp,ramp_6_l_01_04,3599,17.99,not checked,not checked,0.06,0.0
AB27,ramp,ramp_6_l_01_05,4160,20.8,not checked,not checked,0.1,0.02
AB27,ramp,ramp_6_l_01_06,4016,20.08,not checked,not checked,0.02,0.02
AB27,ramp,ramp_6_r_01_01,3584,17.91,not checked,not checked,0.03,0.0
AB27,ramp,ramp_6_r_01_02,4004,20.02,not checked,not checked,0.1,0.0
AB27,ramp,ramp_6_r_01_03,3631,18.15,not checked,not checked,0.03,0.0
AB27,ramp,ramp_6_r_01_04,3717,18.58,not checked,not checked,0.03,0.03
AB27,ramp,ramp_6_r_01_05,3743,18.71,not checked,not checked,0.0,0.0
AB27,stair,stair_1_l_01_01,2889,14.44,ok,ok,0.0,0.0
AB27,stair,stair_1_l_01_02,2787,13.93,not checked,not checked,0.0,0.0
AB27,stair,stair_1_l_01_03,2815,14.07,not checked,not checked,0.04,0.0
AB27,stair,stair_1_l_01_04,2862,14.31,not checked,not checked,0.03,0.0
AB27,stair,stair_1_l_01_05,2904,14.52,not checked,not checked,0.0,0.0
AB27,stair,stair_1_r_01_01,3055,15.27,not checked,not checked,0.0,0.0
AB27,stair,stair_1_r_01_02,2820,14.09,not checked,not checked,0.04,0.0
AB27,stair,stair_1_r_01_03,2818,14.09,ok,ok,0.04,0.0
AB27,stair,stair_1_r_01_04,2909,14.54,not checked,not checked,0.0,0.0
AB27,stair,stair_1_r_01_05,2778,13.89,not checked,not checked,0.0,0.0
AB27,stair,stair_1_r_02_01,2828,14.13,not checked,not checked,0.0,0.0
AB27,stair,stair_2_l_01_01,3037,15.18,not checked,not checked,0.03,0.0
AB27,stair,stair_2_l_01_02,3008,15.04,not checked,not checked,0.03,0.0
AB27,stair,stair_2_l_01_03,2940,14.7,not checked,not checked,0.0,0.0
AB27,stair,stair_2_l_01_04,2903,14.51,ok,ok,0.0,0.0
AB27,stair,stair_2_l_01_05,3010,15.04,not checked,not checked,0.03,0.0
AB27,stair,stair_2_l_02_01,3042,15.21,not checked,not checked,0.03,0.0
AB27,stair,stair_2_r_01_01,2699,13.49,not checked,not checked,0.0,0.0
AB27,stair,stair_2_r_01_02,2768,13.83,not checked,not checked,0.0,0.0
AB27,stair,stair_2_r_01_03,2845,14.22,not checked,not checked,0.04,0.0
AB27,stair,stair_2_r_02_01,2910,14.54,not checked,not checked,0.0,0.0
AB27,stair,stair_2_r_02_02,2980,14.9,ok,ok,0.0,0.0
AB27,stair,stair_3_l_01_01,3280,16.39,not checked,not checked,0.06,0.0
AB27,stair,stair_3_l_01_02,3176,15.88,not checked,not checked,0.0,0.0
AB27,stair,stair_3_l_01_03,3189,15.94,not checked,not checked,0.0,0.0
AB27,stair,stair_3_l_01_04,3786,18.93,not checked,not checked,0.0,0.0
AB27,stair,stair_3_l_01_05,3483,17.41,not checked,not checked,0.06,0.0
AB27,stair,stair_3_l_01_06,3366,16.82,not checked,not checked,0.0,0.0
AB27,stair,stair_3_r_01_01,3102,15.5,ok,ok,0.0,0.0
AB27,stair,stair_3_r_01_02,2926,14.62,not checked,not checked,0.0,0.0
AB27,stair,stair_3_r_01_03,3093,15.46,not checked,not checked,0.03,0.0
AB27,stair,stair_3_r_01_04,3053,15.26,not checked,not checked,0.0,0.0
AB27,stair,stair_3_r_01_05,3228,16.14,not checked,not checked,0.0,0.0
AB27,stair,stair_4_l_01_01,3485,17.42,not checked,not checked,0.0,0.0
AB27,stair,stair_4_l_01_02,3434,17.16,not checked,not checked,0.06,0.0
AB27,stair,stair_4_l_01_03,3218,16.09,ok,ok,0.03,0.0
AB27,stair,stair_4_l_01_04,3275,16.37,not checked,not checked,0.03,0.0
AB27,stair,stair_4_l_01_05,3696,18.47,not checked,not checked,0.0,0.0
AB27,stair,stair_4_r_01_01,3213,16.06,not checked,not checked,0.03,0.0
AB27,stair,stair_4_r_01_02,3349,16.74,not checked,not checked,0.0,0.0
AB27,stair,stair_4_r_02_01,3343,16.71,not checked,not checked,0.0,0.0
AB27,stair,stair_4_r_02_02,3246,16.23,not checked,not checked,0.0,0.0
AB27,stair,stair_4_r_02_03,3391,16.95,not checked,not checked,0.0,0.0
AB28,treadmill,Treadmill_01_01,28596,142.97,ok,ok,0.1,0.0
AB28,treadmill,Treadmill_02_01,28626,143.12,ok,ok,0.14,0.0
AB28,treadmill,Treadmill_03_01,28657,143.28,ok,ok,0.2,0.0
AB28,treadmill,Treadmill_04_01,28689,143.44,ok,ok,0.21,0.0
AB28,treadmill,Treadmill_05_01,28725,143.62,ok,ok,0.26,0.0
AB28,treadmill,Treadmill_06_01,28757,143.78,ok,ok,0.32,0.0
AB28,treadmill,Treadmill_07_01,28789,143.94,not checked,not checked,0.27,0.0
AB28,levelground,LevelGround_ccw_fast_01_01,3019,15.09,ok,ok,0.46,0.0
AB28,levelground,LevelGround_ccw_fast_01_02,3074,15.37,not checked,not checked,0.26,0.0
AB28,levelground,LevelGround_ccw_fast_01_03,3678,18.39,not checked,not checked,0.16,0.0
AB28,levelground,LevelGround_ccw_fast_01_04,3046,15.22,not checked,not checked,0.3,0.0
AB28,levelground,LevelGround_ccw_fast_01_05,3182,15.91,not checked,not checked,0.19,0.0
AB28,levelground,LevelGround_ccw_normal_01_01,4408,22.04,ok,ok,0.14,0.0
AB28,levelground,LevelGround_ccw_normal_01_02,4087,20.43,not checked,not checked,0.07,0.0
AB28,levelground,LevelGround_ccw_normal_01_03,4052,20.26,not checked,not checked,0.02,0.0
AB28,levelground,LevelGround_ccw_normal_01_04,3864,19.31,not checked,not checked,0.03,0.0
AB28,levelground,LevelGround_ccw_normal_01_05,3841,19.2,not checked,not checked,0.08,0.0
AB28,levelground,LevelGround_ccw_slow_01_01,6387,31.93,rejected: accelerometer not explained (rel 0.98): saturated/damped/corrupt,rejected: accelerometer not explained (rel 0.98): saturated/damped/corrupt,1.85,0.0
AB28,levelground,LevelGround_ccw_slow_01_02,4853,24.26,not checked,not checked,0.0,0.0
AB28,levelground,LevelGround_ccw_slow_01_03,5003,25.01,not checked,not checked,0.0,0.0
AB28,levelground,LevelGround_ccw_slow_01_04,4876,24.38,not checked,not checked,0.0,0.0
AB28,levelground,LevelGround_ccw_slow_01_05,4928,24.64,not checked,not checked,0.0,0.0
AB28,levelground,LevelGround_cw_normal_01_01,5674,28.36,rejected: accelerometer not explained (rel 0.90): saturated/damped/corrupt,rejected: accelerometer not explained (rel 0.95): saturated/damped/corrupt,0.07,0.0
AB28,levelground,LevelGround_cw_normal_01_02,4804,24.02,not checked,not checked,0.04,0.0
AB28,levelground,LevelGround_cw_normal_01_03,4639,23.19,not checked,not checked,0.02,0.0
AB28,levelground,LevelGround_cw_normal_01_04,3843,19.21,not checked,not checked,0.03,0.0
AB28,levelground,LevelGround_cw_normal_01_05,3993,19.96,not checked,not checked,0.03,0.0
AB28,levelground,LevelGround_cw_slow_01_01,8495,42.47,rejected: accelerometer not explained (rel 0.74): saturated/damped/corrupt,rejected: accelerometer not explained (rel 0.93): saturated/damped/corrupt,0.0,0.0
AB28,levelground,LevelGround_cw_slow_01_02,6205,31.02,not checked,not checked,0.0,0.0
AB28,levelground,LevelGround_cw_slow_01_03,6235,31.17,not checked,not checked,0.0,0.0
AB28,levelground,LevelGround_cw_slow_01_04,5938,29.69,not checked,not checked,0.0,0.0
AB28,levelground,LevelGround_cw_slow_01_05,5908,29.53,not checked,not checked,0.0,0.0
AB28,levelground,levelground_cw_fast_01_01,4883,24.41,ok,rejected: accelerometer not explained (rel 0.74): saturated/damped/corrupt,0.18,0.0
AB28,levelground,levelground_cw_fast_01_02,3309,16.54,not checked,not checked,0.21,0.0
AB28,levelground,levelground_cw_fast_01_03,3173,15.86,not checked,not checked,0.19,0.0
AB28,levelground,levelground_cw_fast_01_04,4883,24.41,not checked,not checked,0.14,0.0
AB28,levelground,levelground_cw_fast_01_05,3445,17.22,not checked,not checked,0.23,0.0
AB28,ramp,Ramp_1_L_01_01,3833,19.16,ok,ok,0.03,0.0
AB28,ramp,Ramp_1_L_01_02,3865,19.32,not checked,not checked,0.0,0.0
AB28,ramp,Ramp_1_L_01_03,3923,19.61,not checked,not checked,0.03,0.0
AB28,ramp,Ramp_1_L_01_04,4211,21.05,not checked,not checked,0.02,0.0
AB28,ramp,Ramp_1_L_01_05,3775,18.87,not checked,not checked,0.03,0.0
AB28,ramp,Ramp_1_R_01_01,3660,18.3,not checked,not checked,0.0,0.0
AB28,ramp,Ramp_1_R_01_02,3765,18.82,not checked,not checked,0.0,0.0
AB28,ramp,Ramp_1_R_01_03,3947,19.73,not checked,not checked,0.0,0.0
AB28,ramp,Ramp_1_R_01_04,5018,25.09,not checked,not checked,0.0,0.0
AB28,ramp,Ramp_1_R_01_05,3927,19.63,not checked,not checked,0.0,0.0
AB28,ramp,Ramp_2_L_01_01,3683,18.41,ok,ok,0.08,0.0
AB28,ramp,Ramp_2_L_01_02,3669,18.34,not checked,not checked,0.0,0.0
AB28,ramp,Ramp_2_L_01_03,3655,18.27,not checked,not checked,0.03,0.0
AB28,ramp,Ramp_2_L_01_04,3684,18.41,not checked,not checked,0.03,0.0
AB28,ramp,Ramp_2_L_01_05,3591,17.95,not checked,not checked,0.06,0.0
AB28,ramp,Ramp_2_R_01_01,3849,19.24,not checked,not checked,0.0,0.0
AB28,ramp,Ramp_2_R_01_02,3566,17.82,not checked,not checked,0.0,0.0
AB28,ramp,Ramp_2_R_01_03,3597,17.98,not checked,not checked,0.03,0.0
AB28,ramp,Ramp_2_R_01_04,3578,17.88,not checked,not checked,0.03,0.0
AB28,ramp,Ramp_2_R_01_05,3667,18.33,not checked,not checked,0.08,0.0
AB28,ramp,Ramp_2_R_01_06,3531,17.65,ok,ok,0.03,0.0
AB28,ramp,Ramp_3_L_01_01,3603,18.01,not checked,not checked,0.03,0.0
AB28,ramp,Ramp_3_L_01_02,3558,17.78,not checked,not checked,0.03,0.0
AB28,ramp,Ramp_3_L_01_03,3563,17.81,not checked,not checked,0.03,0.0
AB28,ramp,Ramp_3_L_01_04,3613,18.06,not checked,not checked,0.03,0.0
AB28,ramp,Ramp_3_L_01_05,3677,18.38,not checked,not checked,0.05,0.0
AB28,ramp,Ramp_3_R_01_01,3599,17.99,not checked,not checked,0.03,0.0
AB28,ramp,Ramp_3_R_01_02,3621,18.1,not checked,not checked,0.0,0.0
AB28,ramp,Ramp_3_R_01_03,4040,20.2,not checked,not checked,0.05,0.0
AB28,ramp,Ramp_3_R_01_04,3635,18.17,not checked,not checked,0.0,0.0
AB28,ramp,Ramp_3_R_01_05,3565,17.82,ok,ok,0.03,0.0
AB28,ramp,Ramp_3_R_01_06,3654,18.27,not checked,not checked,0.03,0.0
AB28,ramp,Ramp_4_L_01_01,3601,18.0,not checked,not checked,0.03,0.0
AB28,ramp,Ramp_4_L_01_02,3545,17.72,not checked,not checked,0.0,0.0
AB28,ramp,Ramp_4_L_01_03,3627,18.13,not checked,not checked,0.06,0.0
AB28,ramp,Ramp_4_L_01_04,3566,17.82,not checked,not checked,0.0,0.0
AB28,ramp,Ramp_4_L_01_05,3611,18.05,not checked,not checked,0.0,0.0
AB28,ramp,Ramp_4_R_01_01,3559,17.79,not checked,not checked,0.0,0.0
AB28,ramp,Ramp_4_R_01_02,3527,17.63,not checked,not checked,0.06,0.0
AB28,ramp,Ramp_4_R_01_03,3627,18.13,not checked,not checked,0.06,0.0
AB28,ramp,Ramp_4_R_01_04,3632,18.16,ok,ok,0.06,0.0
AB28,ramp,Ramp_4_R_01_05,3573,17.86,not checked,not checked,0.03,0.0
AB28,ramp,Ramp_5_L_01_01,3470,17.34,not checked,not checked,0.0,0.0
AB28,ramp,Ramp_5_L_01_02,3409,17.04,not checked,not checked,0.09,0.0
AB28,ramp,Ramp_5_L_01_03,3485,17.42,not checked,not checked,0.09,0.0
AB28,ramp,Ramp_5_L_01_04,3581,17.9,not checked,not checked,0.11,0.03
AB28,ramp,Ramp_5_L_01_05,3505,17.52,not checked,not checked,0.06,0.0
AB28,ramp,Ramp_5_L_01_06,3508,17.54,not checked,not checked,0.06,0.03
AB28,ramp,Ramp_5_R_01_01,3412,17.05,not checked,not checked,0.06,0.03
AB28,ramp,Ramp_5_R_01_02,3408,17.04,not checked,not checked,0.0,0.0
AB28,ramp,Ramp_5_R_01_03,3458,17.28,ok,ok,0.06,0.0
AB28,ramp,Ramp_5_R_01_04,3518,17.59,not checked,not checked,0.06,0.0
AB28,ramp,Ramp_5_R_01_05,3414,17.06,not checked,not checked,0.06,0.03
AB28,ramp,Ramp_6_L_01_01,3458,17.29,not checked,not checked,0.12,0.06
AB28,ramp,Ramp_6_L_01_02,3301,16.5,not checked,not checked,0.27,0.06
AB28,ramp,Ramp_6_L_01_03,3308,16.53,not checked,not checked,0.21,0.03
AB28,ramp,Ramp_6_L_01_04,3251,16.25,not checked,not checked,0.12,0.03
AB28,ramp,Ramp_6_L_01_05,3197,15.98,not checked,not checked,0.22,0.06
AB28,ramp,Ramp_6_R_01_01,3814,19.06,not checked,not checked,0.03,0.0
AB28,ramp,Ramp_6_R_01_02,3437,17.18,not checked,not checked,0.0,0.03
AB28,ramp,Ramp_6_R_01_03,3438,17.18,not checked,not checked,0.15,0.0
AB28,ramp,Ramp_6_R_01_04,3443,17.21,not checked,not checked,0.15,0.0
AB28,ramp,Ramp_6_R_01_05,3343,16.71,not checked,not checked,0.15,0.0
AB28,ramp,Ramp_6_R_01_06,3335,16.67,not checked,not checked,0.15,0.0
AB28,stair,Stair_1_L_01_01,2577,12.88,ok,ok,0.0,0.0
AB28,stair,Stair_1_L_01_02,2417,12.08,not checked,not checked,0.04,0.0
AB28,stair,Stair_1_L_01_03,2412,12.05,not checked,not checked,0.08,0.0
AB28,stair,Stair_1_L_01_04,2483,12.41,not checked,not checked,0.0,0.0
AB28,stair,Stair_1_L_01_05,2384,11.91,not checked,not checked,0.0,0.0
AB28,stair,Stair_1_R_01_01,2621,13.1,not checked,not checked,0.04,0.0
AB28,stair,Stair_1_R_01_02,2661,13.3,ok,ok,0.0,0.0
AB28,stair,Stair_1_R_01_03,2526,12.62,not checked,not checked,0.0,0.0
AB28,stair,Stair_1_R_01_04,2565,12.82,not checked,not checked,0.0,0.0
AB28,stair,Stair_1_R_01_05,2455,12.27,not checked,not checked,0.0,0.0
AB28,stair,Stair_2_L_01_01,2259,11.29,not checked,not checked,0.0,0.0
AB28,stair,Stair_2_L_01_02,2525,12.62,not checked,not checked,0.12,0.0
AB28,stair,Stair_2_L_01_03,2543,12.71,ok,ok,0.04,0.0
AB28,stair,Stair_2_L_01_04,2488,12.44,not checked,not checked,0.04,0.0
AB28,stair,Stair_2_L_01_05,2216,11.08,not checked,not checked,0.18,0.0
AB28,stair,Stair_2_R_01_01,2301,11.5,not checked,not checked,0.04,0.0
AB28,stair,Stair_2_R_01_02,2341,11.7,not checked,not checked,0.09,0.0
AB28,stair,Stair_2_R_01_03,2407,12.03,not checked,not checked,0.0,0.0
AB28,stair,Stair_2_R_01_04,2356,11.77,ok,ok,0.17,0.0
AB28,stair,Stair_2_R_01_05,2443,12.21,not checked,not checked,0.08,0.0
AB28,stair,Stair_2_R_01_06,2406,12.03,not checked,not checked,0.12,0.0
AB28,stair,Stair_3_L_01_01,2187,10.93,not checked,not checked,0.09,0.0
AB28,stair,Stair_3_L_01_02,2317,11.58,not checked,not checked,0.13,0.0
AB28,stair,Stair_3_L_01_03,2321,11.6,not checked,not checked,0.09,0.0
AB28,stair,Stair_3_L_01_04,2279,11.39,ok,ok,0.13,0.0
AB28,stair,Stair_3_L_01_05,2279,11.39,not checked,not checked,0.13,0.0
AB28,stair,Stair_3_R_01_01,2379,11.89,not checked,not checked,0.08,0.0
AB28,stair,Stair_3_R_01_02,2312,11.55,not checked,not checked,0.04,0.0
AB28,stair,Stair_3_R_01_03,2296,11.48,not checked,not checked,0.13,0.0
AB28,stair,Stair_3_R_01_04,2375,11.87,not checked,not checked,0.13,0.0
AB28,stair,Stair_3_R_01_05,2395,11.97,ok,ok,0.13,0.0
AB28,stair,Stair_4_L_01_01,2358,11.79,not checked,not checked,0.13,0.0
AB28,stair,Stair_4_L_01_02,2487,12.43,not checked,not checked,0.16,0.0
AB28,stair,Stair_4_L_01_03,2500,12.49,not checked,not checked,0.08,0.0
AB28,stair,Stair_4_L_01_04,2466,12.33,not checked,not checked,0.12,0.0
AB28,stair,Stair_4_L_01_05,2329,11.64,not checked,not checked,0.13,0.0
AB28,stair,Stair_4_R_01_01,2494,12.47,not checked,not checked,0.04,0.0
AB28,stair,Stair_4_R_01_02,2473,12.36,not checked,not checked,0.0,0.0
AB28,stair,Stair_4_R_01_03,2469,12.34,not checked,not checked,0.0,0.0
AB28,stair,Stair_4_R_01_04,2483,12.41,not checked,not checked,0.0,0.0
AB28,stair,Stair_4_R_01_05,2683,13.41,not checked,not checked,0.07,0.0
AB30,treadmill,treadmill_01_01,28595,142.97,ok,ok,0.12,0.0
AB30,treadmill,treadmill_02_01,28623,143.11,ok,ok,0.14,0.01
AB30,treadmill,treadmill_03_01,28655,143.27,ok,ok,0.19,0.0
AB30,treadmill,treadmill_04_01,28703,143.51,ok,ok,0.21,0.0
AB30,treadmill,treadmill_05_01,28724,143.62,ok,ok,0.29,0.01
AB30,treadmill,treadmill_06_01,28756,143.78,ok,ok,0.39,0.0
AB30,treadmill,treadmill_07_01,28789,143.94,not checked,not checked,0.35,0.04
AB30,levelground,levelground_ccw_fast_01_01,4291,21.45,rejected: accelerometer not explained (rel 0.81): saturated/damped/corrupt,rejected: accelerometer not explained (rel 0.96): saturated/damped/corrupt,0.09,0.02
AB30,levelground,levelground_ccw_fast_01_02,4302,21.5,not checked,not checked,0.33,0.0
AB30,levelground,levelground_ccw_fast_02_01,3179,15.89,not checked,not checked,0.38,0.0
AB30,levelground,levelground_ccw_fast_02_02,3117,15.58,not checked,not checked,0.1,0.0
AB30,levelground,levelground_ccw_fast_02_03,4010,20.05,not checked,not checked,0.22,0.0
AB30,levelground,levelground_ccw_fast_02_04,2941,14.7,rejected: gyro matches mocap implausibly well (0.044): not a raw recording?,rejected: gyro matches mocap implausibly well (0.038): not a raw recording?,0.34,0.1
AB30,levelground,levelground_ccw_normal_01_01,4784,23.91,not checked,not checked,0.15,0.0
AB30,levelground,levelground_ccw_normal_01_02,3360,16.79,not checked,not checked,0.09,0.03
AB30,levelground,levelground_ccw_normal_01_03,3259,16.29,not checked,not checked,0.21,0.0
AB30,levelground,levelground_ccw_normal_01_04,3056,15.28,not checked,not checked,0.33,0.03
AB30,levelground,levelground_ccw_normal_01_05,3144,15.71,ok,ok,0.13,0.0
AB30,levelground,levelground_ccw_normal_01_06,3180,15.89,not checked,not checked,0.13,0.0
AB30,levelground,levelground_ccw_slow_01_01,5058,25.29,not checked,not checked,8.74,8.15
AB30,levelground,levelground_ccw_slow_01_02,4134,20.67,not checked,not checked,0.07,0.0
AB30,levelground,levelground_ccw_slow_01_03,3930,19.64,not checked,not checked,0.05,0.0
AB30,levelground,levelground_ccw_slow_01_04,3793,18.96,ok,ok,0.05,0.0
AB30,levelground,levelground_ccw_slow_01_05,3944,19.72,not checked,not checked,0.1,0.0
AB30,levelground,levelground_cw_fast_01_01,6182,30.91,not checked,not checked,11.92,10.98
AB30,levelground,levelground_cw_fast_01_02,4417,22.08,not checked,not checked,0.2,0.0
AB30,levelground,levelground_cw_fast_01_03,3313,16.56,not checked,not checked,0.27,0.06
AB30,levelground,levelground_cw_fast_01_04,3579,17.89,rejected: poor gyro fit (0.50),rejected: poor gyro fit (0.35),0.28,0.03
AB30,levelground,levelground_cw_fast_01_05,4704,23.52,not checked,not checked,0.28,0.0
AB30,levelground,levelground_cw_fast_01_06,4007,20.03,not checked,not checked,0.27,0.0
AB30,levelground,levelground_cw_fast_01_07,3665,18.32,not checked,not checked,0.22,0.0
AB30,levelground,levelground_cw_normal_01_01,3972,19.85,not checked,not checked,0.03,0.0
AB30,levelground,levelground_cw_normal_01_02,3659,18.29,ok,ok,0.05,0.0
AB30,levelground,levelground_cw_normal_01_03,4174,20.87,not checked,not checked,0.07,0.0
AB30,levelground,levelground_cw_normal_01_04,4646,23.22,not checked,not checked,0.04,0.0
AB30,levelground,levelground_cw_normal_01_05,4197,20.98,not checked,not checked,0.02,0.0
AB30,levelground,levelground_cw_slow_01_01,6340,31.7,not checked,not checked,0.0,0.0
AB30,levelground,levelground_cw_slow_01_02,5265,26.32,not checked,not checked,0.02,0.0
AB30,levelground,levelground_cw_slow_01_03,4551,22.75,not checked,not checked,0.04,0.0
AB30,levelground,levelground_cw_slow_01_04,4673,23.36,not checked,not checked,0.02,0.0
AB30,levelground,levelground_cw_slow_01_05,4950,24.74,not checked,not checked,0.02,0.0
AB30,ramp,ramp_1_l_01_01,4039,20.19,ok,ok,0.07,0.0
AB30,ramp,ramp_1_l_01_02,3434,17.16,not checked,not checked,0.09,0.0
AB30,ramp,ramp_1_l_01_03,3565,17.82,not checked,not checked,0.06,0.0
AB30,ramp,ramp_1_l_01_04,3605,18.02,not checked,not checked,0.0,0.0
AB30,ramp,ramp_1_l_01_05,3474,17.36,not checked,not checked,0.12,0.03
AB30,ramp,ramp_1_r_01_01,3503,17.51,not checked,not checked,0.06,0.0
AB30,ramp,ramp_1_r_01_02,3456,17.28,not checked,not checked,0.06,0.0
AB30,ramp,ramp_1_r_01_03,3800,19.0,not checked,not checked,0.03,0.0
AB30,ramp,ramp_1_r_01_04,3643,18.21,not checked,not checked,0.05,0.0
AB30,ramp,ramp_1_r_01_05,3477,17.38,not checked,not checked,0.0,0.0
AB30,ramp,ramp_2_l_01_01,3444,17.22,ok,ok,0.09,0.0
AB30,ramp,ramp_2_l_01_02,3519,17.59,not checked,not checked,0.06,0.0
AB30,ramp,ramp_2_l_01_03,3699,18.49,not checked,not checked,0.05,0.0
AB30,ramp,ramp_2_l_01_04,3540,17.7,not checked,not checked,0.06,0.0
AB30,ramp,ramp_2_l_01_05,3803,19.01,not checked,not checked,0.11,0.0
AB30,ramp,ramp_2_r_01_01,3719,18.59,not checked,not checked,0.03,0.0
AB30,ramp,ramp_2_r_01_02,3253,16.26,not checked,not checked,0.03,0.03
AB30,ramp,ramp_2_r_01_03,3284,16.41,not checked,not checked,0.06,0.0
AB30,ramp,ramp_2_r_01_04,3401,17.0,not checked,not checked,0.09,0.0
AB30,ramp,ramp_2_r_01_05,3458,17.28,not checked,not checked,0.06,0.0
AB30,ramp,ramp_2_r_01_06,3769,18.84,ok,ok,0.03,0.0
AB30,ramp,ramp_2_r_01_07,3509,17.54,not checked,not checked,0.03,0.0
AB30,ramp,ramp_2_r_02_01,3313,16.56,not checked,not checked,0.06,0.0
AB30,ramp,ramp_3_l_01_01,3513,17.56,not checked,not checked,0.17,0.0
AB30,ramp,ramp_3_l_01_02,3653,18.26,not checked,not checked,0.11,0.0
AB30,ramp,ramp_3_l_01_03,3550,17.75,not checked,not checked,0.17,0.0
AB30,ramp,ramp_3_l_01_04,3943,19.71,not checked,not checked,0.1,0.0
AB30,ramp,ramp_3_l_01_05,3621,18.1,not checked,not checked,0.06,0.0
AB30,ramp,ramp_3_r_01_01,3343,16.71,not checked,not checked,0.09,0.0
AB30,ramp,ramp_3_r_01_02,3813,19.06,not checked,not checked,0.1,0.0
AB30,ramp,ramp_3_r_01_03,3772,18.86,ok,ok,0.05,0.0
AB30,ramp,ramp_3_r_01_04,3446,17.22,not checked,not checked,0.09,0.0
AB30,ramp,ramp_3_r_01_05,3309,16.54,not checked,not checked,0.06,0.0
AB30,ramp,ramp_4_l_01_01,3814,19.07,not checked,not checked,0.16,0.0
AB30,ramp,ramp_4_l_01_02,3780,18.89,not checked,not checked,0.16,0.0
AB30,ramp,ramp_4_l_01_03,3729,18.64,not checked,not checked,0.11,0.0
AB30,ramp,ramp_4_l_01_04,3809,19.04,not checked,not checked,0.11,0.0
AB30,ramp,ramp_4_l_01_05,3798,18.98,not checked,not checked,0.18,0.0
AB30,ramp,ramp_4_r_01_01,3603,18.01,not checked,not checked,0.08,0.0
AB30,ramp,ramp_4_r_01_02,3571,17.85,not checked,not checked,0.08,0.0
AB30,ramp,ramp_4_r_01_03,3666,18.33,ok,ok,0.14,0.0
AB30,ramp,ramp_4_r_01_04,3989,19.94,not checked,not checked,0.03,0.0
AB30,ramp,ramp_4_r_01_05,3837,19.18,not checked,not checked,0.08,0.0
AB30,ramp,ramp_5_l_01_01,3688,18.43,not checked,not checked,0.11,0.0
AB30,ramp,ramp_5_l_01_02,3806,19.03,not checked,not checked,0.11,0.0
AB30,ramp,ramp_5_l_01_03,3951,19.75,not checked,not checked,0.13,0.03
AB30,ramp,ramp_5_l_01_04,3764,18.81,not checked,not checked,0.13,0.0
AB30,ramp,ramp_5_l_01_05,3628,18.14,not checked,not checked,0.03,0.03
AB30,ramp,ramp_5_r_01_01,3751,18.75,not checked,not checked,0.03,0.0
AB30,ramp,ramp_5_r_01_02,3767,18.83,not checked,not checked,0.13,0.03
AB30,ramp,ramp_5_r_01_03,3845,19.22,ok,ok,0.05,0.03
AB30,ramp,ramp_5_r_01_04,3672,18.35,not checked,not checked,0.08,0.03
AB30,ramp,ramp_5_r_01_05,3740,18.7,not checked,not checked,0.13,0.0
AB30,ramp,ramp_6_l_01_01,4012,20.05,not checked,not checked,0.07,0.0
AB30,ramp,ramp_6_l_01_02,4203,21.01,not checked,not checked,0.0,0.0
AB30,ramp,ramp_6_l_01_03,4375,21.87,not checked,not checked,0.05,0.0
AB30,ramp,ramp_6_l_01_04,4381,21.9,not checked,not checked,0.0,0.0
AB30,ramp,ramp_6_l_01_05,4563,22.81,not checked,not checked,0.02,0.0
AB30,ramp,ramp_6_l_01_06,4536,22.68,not checked,not checked,0.02,0.02
AB30,ramp,ramp_6_r_01_01,4494,22.46,not checked,not checked,0.0,0.0
AB30,ramp,ramp_6_r_01_02,4028,20.13,not checked,not checked,0.02,0.0
AB30,ramp,ramp_6_r_01_03,3976,19.88,not checked,not checked,0.08,0.0
AB30,ramp,ramp_6_r_01_04,4102,20.5,not checked,not checked,0.02,0.0
AB30,ramp,ramp_6_r_01_05,4149,20.74,not checked,not checked,0.05,0.02
AB30,stair,stair_1_l_01_01,2698,13.49,rejected: poor gyro fit (0.32),ok,0.0,0.0
AB30,stair,stair_1_l_01_02,2821,14.1,not checked,not checked,0.04,0.04
AB30,stair,stair_1_l_01_03,2875,14.37,not checked,not checked,0.14,0.0
AB30,stair,stair_1_l_01_04,3084,15.41,not checked,not checked,0.03,0.0
AB30,stair,stair_1_l_01_05,2801,14.0,not checked,not checked,0.07,0.0
AB30,stair,stair_1_r_01_01,3111,15.55,not checked,not checked,0.0,0.0
AB30,stair,stair_1_r_01_02,3017,15.08,not checked,not checked,0.07,0.0
AB30,stair,stair_1_r_01_03,3091,15.45,rejected: poor gyro fit (0.39),rejected: poor gyro fit (0.36),0.03,0.0
AB30,stair,stair_1_r_01_04,3144,15.72,not checked,not checked,0.03,0.0
AB30,stair,stair_1_r_01_05,2947,14.73,not checked,not checked,0.1,0.0
AB30,stair,stair_2_l_01_01,3088,15.44,not checked,not checked,0.1,0.0
AB30,stair,stair_2_l_01_02,2958,14.79,not checked,not checked,0.03,0.0
AB30,stair,stair_2_l_01_03,2960,14.8,not checked,not checked,0.17,0.14
AB30,stair,stair_2_l_01_04,2860,14.3,not checked,not checked,0.49,0.28
AB30,stair,stair_2_l_01_05,2779,13.89,rejected: poor gyro fit (0.78),rejected: poor gyro fit (0.60),0.65,0.65
AB30,stair,stair_2_l_01_06,3076,15.38,not checked,not checked,0.1,0.0
AB30,stair,stair_2_l_02_01,2741,13.7,not checked,not checked,0.0,0.0
AB30,stair,stair_2_l_02_02,2758,13.79,not checked,not checked,0.07,0.0
AB30,stair,stair_2_r_01_01,2964,14.82,not checked,not checked,0.03,0.03
AB30,stair,stair_2_r_01_02,2790,13.95,not checked,not checked,1.15,0.72
AB30,stair,stair_2_r_01_03,2846,14.23,not checked,not checked,1.37,1.05
AB30,stair,stair_2_r_01_04,3053,15.26,rejected: poor gyro fit (0.81),rejected: poor gyro fit (0.90),0.07,0.0
AB30,stair,stair_2_r_01_05,2750,13.75,not checked,not checked,0.07,0.11
AB30,stair,stair_3_l_01_01,2791,13.95,not checked,not checked,0.04,0.0
AB30,stair,stair_3_l_01_02,3184,15.91,not checked,not checked,0.13,0.03
AB30,stair,stair_3_l_01_03,3085,15.42,not checked,not checked,0.1,0.0
AB30,stair,stair_3_l_01_04,3152,15.75,not checked,not checked,0.06,0.0
AB30,stair,stair_3_l_01_05,2989,14.94,not checked,not checked,0.07,0.0
AB30,stair,stair_3_r_01_01,3069,15.34,ok,ok,0.0,0.0
AB30,stair,stair_3_r_01_02,3061,15.3,not checked,not checked,0.13,0.0
AB30,stair,stair_3_r_01_03,3168,15.83,not checked,not checked,0.06,0.0
AB30,stair,stair_3_r_01_04,3065,15.32,not checked,not checked,0.03,0.03
AB30,stair,stair_3_r_01_05,2933,14.66,not checked,not checked,0.03,0.03
AB30,stair,stair_4_l_01_01,3026,15.12,not checked,not checked,0.03,0.0
AB30,stair,stair_4_l_01_02,3072,15.36,not checked,not checked,0.03,0.03
AB30,stair,stair_4_l_01_03,3200,16.0,rejected: poor gyro fit (0.54),rejected: poor gyro fit (0.50),0.03,0.0
AB30,stair,stair_4_l_01_04,3180,15.89,not checked,not checked,0.06,0.0
AB30,stair,stair_4_l_01_05,3070,15.34,not checked,not checked,0.07,0.0
AB30,stair,stair_4_r_01_01,3375,16.87,not checked,not checked,0.0,0.0
AB30,stair,stair_4_r_01_02,3010,15.05,not checked,not checked,0.0,0.03
AB30,stair,stair_4_r_01_03,3074,15.37,not checked,not checked,0.03,0.03
AB30,stair,stair_4_r_01_04,3091,15.45,not checked,not checked,0.03,0.03
AB30,stair,stair_4_r_01_05,3158,15.78,not checked,not checked,0.06,0.0
